序号,代码,名称,上榜日,解读,收盘价,涨跌幅,龙虎榜净买额,龙虎榜买入额,龙虎榜卖出额,龙虎榜成交额,市场总成交额,净买额占总成交比,成交额占总成交比,换手率,流通市值,上榜原因,上榜后1日,上榜后2日,上榜后5日,上榜后10日
1,000009,中国宝安,2026-07-31,2家机构买入，成功率38.69%,7.87,10.0699,362524375.65,519859161.01,157334785.36,677193946.37,1495614588.0,24.239157504794,45.278640085717,5.6024,20273281059.55,连续三个交易日内，涨幅偏离值累计达到20%的证券,0.1270648,0.50825921,2.92249047,0.38119441
2,000017,深中华A,2026-08-25,1家机构买入，成功率32.47%,8.6,9.9744,-416771.400000006,112254739.0,112671510.4,224926249.4,566604911.0,-0.073555910284,39.697193764704,13.1245,4185965919.98,连续三个交易日内，涨幅偏离值累计达到20%的证券,,,,
3,000017,深中华A,2026-08-21,主力做T，成功率19.29%,7.11,10.0619,4599091.67,104887598.01,100288506.34,205176104.35,403808386.0,1.138929212332,50.810263348518,9.4301,3524173953.35,连续三个交易日内，涨幅偏离值累计达到20%的证券,9.9859353,20.95639944,,
4,000020,深华发A,2026-08-19,主力做T，成功率27.90%,13.74,10.008,-4353707.0,55691673.0,60045380.0,115737053.0,341669053.0,-1.27424680748,33.87402282524,10.565,2745222020.7,连续三个交易日内，涨幅偏离值累计达到20%的证券,-9.97088792,-14.55604076,,
5,000065,北方国际,2026-08-24,2家机构买入，成功率38.77%,9.98,10.0331,26892149.93,184880118.7,157987968.77,342868087.47,825797033.0,3.256508422209,41.519656013344,7.8008,10628885358.54,日涨幅偏离值达到7%的前5只证券,0.0,,,
6,000417,合百集团,2026-07-27,1家机构卖出，成功率21.52%,5.94,-6.6038,-12641290.79,35025191.86,47666482.65,82691674.51,429673891.0,-2.942066310005,19.24521741769,9.3224,4627423058.94,日跌幅偏离值达到7%的前5只证券,-4.71380471,-3.36700337,-3.1986532,1.34680135
7,000428,华天酒店,2026-07-30,1家机构卖出，成功率39.49%,3.83,-5.198,-16539271.52,34254492.69,50793764.21,85048256.9,452627130.0,-3.654061019277,18.789915862975,10.6638,3902486580.0,日振幅值达到15%的前5只证券,9.92167102,4.17754569,3.39425587,19.58224543
8,000428,华天酒店,2026-07-28,2家机构买入，成功率27.50%,3.67,9.8802,9600268.16,51423461.0,41823192.84,93246653.84,230028582.0,4.173510994386,40.536985895083,3.0943,3739458420.0,连续三个交易日内，涨幅偏离值累计达到20%的证券,10.08174387,4.35967302,8.99182561,17.4386921
9,000505,京粮控股,2026-08-21,2家机构卖出，成功率33.97%,6.74,-10.0134,-7155484.55,42734081.93,49889566.48,92623648.41,425335840.0,-1.682314039184,21.776591507078,9.8111,4390893964.64,日跌幅偏离值达到7%的前5只证券,-1.18694362,3.56083086,,
10,000505,京粮控股,2026-08-20,2家机构买入，成功率37.16%,7.49,0.2677,-64321659.31,65337722.0,129659381.31,194997103.31,933785509.0,-6.888269167818,20.882429790416,20.7314,4866478716.64,日振幅值达到15%的前5只证券,-10.01335113,-11.08144192,,
11,000505,京粮控股,2026-08-19,1家机构买入，成功率40.90%,7.47,10.0147,24555197.62,129697185.46,105141987.84,234839173.3,1006727140.0,2.439111517347,23.326993379755,10.7362,4853181359.92,连续三个交易日内，涨幅偏离值累计达到20%的证券,0.26773762,-9.77242303,,
12,000505,京粮控股,2026-08-19,普通席位买入，成功率39.38%,7.47,10.0147,47792367.54,106639067.38,58846699.84,165485767.22,498300327.0,9.591076896885,33.210045880624,10.7362,4853181359.92,日涨幅偏离值达到7%的前5只证券,0.26773762,-9.77242303,,
13,000506,招金黄金,2026-08-25,1家机构卖出，成功率32.41%,20.61,-7.744,15959371.8,247536647.28,231577275.48,479113922.76,2121703577.0,0.752196111323,22.581567376035,10.8348,19140650466.21,日跌幅偏离值达到7%的前5只证券,,,,
14,000506,招金黄金,2026-08-24,2家机构买入，成功率23.20%,22.34,7.559,41229203.4,706984235.43,665755032.03,1372739267.46,7910902300.0,0.521169417046,17.352499315533,13.8923,20747313508.74,连续三个交易日内，涨幅偏离值累计达到20%的证券,-7.74395703,,,
15,000506,招金黄金,2026-08-10,2家机构买入，成功率29.31%,19.94,9.9835,45652673.12,660723302.97,615070629.85,1275793932.82,5921971568.0,0.770903281041,21.543398480903,13.0841,18518416802.34,连续三个交易日内，涨幅偏离值累计达到20%的证券,-5.26579739,-4.41323972,-10.98294885,12.03610832
16,000506,招金黄金,2026-08-10,2家机构买入，成功率24.92%,19.94,9.9835,-56080276.24,293806432.46,349886708.7,643693141.16,2294767519.0,-2.443832578929,28.050472905443,13.0841,18518416802.34,日涨幅偏离值达到7%的前5只证券,-5.26579739,-4.41323972,-10.98294885,12.03610832
17,000506,招金黄金,2026-07-31,3家机构买入，成功率38.85%,14.52,10.0,154069524.34,388436118.33,234366593.99,622802712.32,1804359167.0,8.538739246475,34.516559879566,13.7261,13484825073.72,日涨幅偏离值达到7%的前5只证券,1.30853994,2.0661157,24.86225895,21.48760331
18,000523,红棉股份,2026-08-21,主力做T，成功率35.71%,3.18,-9.915,-65540853.43,46821422.0,112362275.43,159183697.43,477337484.0,-13.730506324536,33.348249983653,10.9305,4214009289.72,日跌幅偏离值达到7%的前5只证券,-3.4591195,2.20125786,,
19,000523,红棉股份,2026-08-20,普通席位买入，成功率31.35%,3.53,9.9688,63636077.28,141817854.37,78181777.09,219999631.46,646299417.0,9.846222293591,34.039893224908,15.0114,4677815343.62,日振幅值达到15%的前5只证券,-9.91501416,-13.03116147,,
20,000523,红棉股份,2026-08-20,主力做T，成功率23.13%,3.53,9.9688,84185544.29,208123177.37,123937633.08,332060810.45,1161463576.0,7.248229391741,28.589860010384,15.0114,4677815343.62,连续三个交易日内，涨幅偏离值累计达到20%的证券,-9.91501416,-13.03116147,,
21,000526,学大教育,2026-08-19,2家机构买入，成功率28.16%,39.09,9.9887,-377709.409999996,114522406.59,114900116.0,229422522.59,472999395.0,-0.079854100025,48.503766604184,7.6951,4748399466.81,连续三个交易日内，涨幅偏离值累计达到20%的证券,-3.9396265,-8.92811461,,
22,000533,顺钠股份,2026-08-05,3家机构买入，成功率29.19%,12.7,0.7937,24933090.26,365555650.66,340622560.4,706178211.06,2593626688.0,0.961321472183,27.227442342697,30.0086,8698260480.0,日换手率达到20%的前5只证券,-4.56692913,-4.48818898,-0.15748031,-14.96062992
23,000533,顺钠股份,2026-08-03,2家机构买入，成功率36.10%,11.45,9.9904,43789908.22,294493804.94,250703896.72,545197701.66,1260901211.0,3.472905556596,43.238732495753,16.8783,7842132480.0,日涨幅偏离值达到7%的前5只证券,10.04366812,10.91703057,10.48034934,5.76419214
24,000533,顺钠股份,2026-07-29,4家机构买入，成功率26.35%,12.13,4.9308,-40277925.13,289345137.48,329623062.61,618968200.09,2612630926.0,-1.541661500259,23.691375384492,32.386,8307866112.0,日振幅值达到15%的前5只证券,-9.97526793,-14.1797197,4.69909316,4.5342127
25,000533,顺钠股份,2026-07-29,4家机构买入，成功率26.35%,12.13,4.9308,-40277925.13,289345137.48,329623062.61,618968200.09,2612630926.0,-1.541661500259,23.691375384492,32.386,8307866112.0,日换手率达到20%的前5只证券,-9.97526793,-14.1797197,4.69909316,4.5342127
26,000533,顺钠股份,2026-07-28,2家机构买入，成功率20.90%,11.56,9.9905,-95269280.18,237076444.46,332345724.64,569422169.1,2148432210.0,-4.434362868726,26.504078948807,28.0763,7917471744.0,日换手率达到20%的前5只证券,4.93079585,-5.53633218,8.99653979,11.33217993
27,000533,顺钠股份,2026-07-28,2家机构买入，成功率20.90%,11.56,9.9905,-95269280.18,237076444.46,332345724.64,569422169.1,2148432210.0,-4.434362868726,26.504078948807,28.0763,7917471744.0,日涨幅偏离值达到7%的前5只证券,4.93079585,-5.53633218,8.99653979,11.33217993
28,000533,顺钠股份,2026-07-28,2家机构买入，成功率27.36%,11.56,9.9905,-123062962.94,315226318.46,438289281.4,753515599.86,2823859286.0,-4.357970793733,26.683893336886,28.0763,7917471744.0,连续三个交易日内，涨幅偏离值累计达到20%的证券,4.93079585,-5.53633218,8.99653979,11.33217993
29,000534,万泽股份,2026-08-24,3家机构卖出，成功率18.55%,24.33,-9.9889,-92112371.95,58112732.0,150225103.95,208337835.95,411152025.0,-22.403482495313,50.671728042687,3.282,12226750537.53,日跌幅偏离值达到7%的前5只证券,-0.73982737,,,
30,000551,创元科技,2026-08-18,2家机构卖出，成功率23.90%,14.0,-9.7357,-45919463.19,76565606.77,122485069.96,199050676.73,869926694.0,-5.278543986144,22.88131610432,12.6101,6781067678.0,日跌幅偏离值达到7%的前5只证券,-8.5,-10.0,-11.35714286,
31,000560,我爱我家,2026-08-19,普通席位买入，成功率48.17%,2.38,10.1852,-44307333.27,158828569.42,203135902.69,361964472.11,1011651400.0,-4.379703647917,35.779565185201,18.3295,5565478141.72,日涨幅偏离值达到7%的前5只证券,-2.10084034,-6.30252101,,
32,000566,海南海药,2026-08-10,1家机构买入，成功率22.79%,6.05,1.0017,-39027053.13,162754273.44,201781326.57,364535600.01,1952044418.0,-1.999291244099,18.674554566924,24.1565,7845250579.65,日换手率达到20%的前5只证券,-3.14049587,-3.30578512,-9.75206612,-25.2892562
33,000566,海南海药,2026-07-31,主力做T，成功率39.30%,5.86,-1.5126,-116853207.57,214014132.76,330867340.33,544881473.09,1910800480.0,-6.115406019262,28.51587482802,25.551,7598870809.38,日换手率达到20%的前5只证券,-3.24232082,0.0,2.21843003,-6.99658703
34,000566,海南海药,2026-07-30,主力做T，成功率32.21%,5.95,9.9815,6044288.05000001,243286924.05,237242636.0,480529560.05,2127007156.0,0.284168674889,22.591816802049,28.1892,7715577016.35,日换手率达到20%的前5只证券,-1.51260504,-4.70588235,-1.68067227,-4.3697479
35,000566,海南海药,2026-07-30,主力做T，成功率32.21%,5.95,9.9815,6044288.05000001,243286924.05,237242636.0,480529560.05,2127007156.0,0.284168674889,22.591816802049,28.1892,7715577016.35,日涨幅偏离值达到7%的前5只证券,-1.51260504,-4.70588235,-1.68067227,-4.3697479
36,000566,海南海药,2026-07-28,普通席位买入，成功率49.12%,5.83,10.0,236247314.24,290083971.28,53836657.04,343920628.32,905876557.0,26.079415833696,37.965507072947,6.2242,7559968740.39,连续三个交易日内，涨幅偏离值累计达到20%的证券,-7.20411664,2.05831904,0.51457976,0.51457976
37,000571,新大洲A,2026-08-12,2家机构卖出，成功率30.08%,6.69,-9.3496,-19183913.07,75227100.0,94411013.07,169638113.07,619881081.0,-3.094773119878,27.366234955314,11.2834,5445607483.5,日跌幅偏离值达到7%的前5只证券,-4.48430493,-3.58744395,-13.30343797,
38,000582,北部湾港,2026-08-14,1家机构卖出，成功率20.43%,11.34,-10.0,-66961716.6,69867845.0,136829561.6,206697406.6,1119251478.0,-5.982723089154,18.467467826743,4.4418,24458658848.82,日跌幅偏离值达到7%的前5只证券,-3.2627866,-1.49911817,-3.79188713,
39,000593,德龙汇能,2026-08-14,3家机构卖出，成功率36.67%,25.02,-10.0,-113342926.85,96437307.19,209780234.04,306217541.23,942271104.0,-12.028696026956,32.497817234349,10.3992,8969245135.38,日跌幅偏离值达到7%的前5只证券,4.15667466,7.71382894,-3.47721823,
40,000593,德龙汇能,2026-08-13,3家机构买入，成功率18.02%,27.8,10.0119,-25424905.53,165057663.25,190482568.78,355540232.03,978570811.0,-2.598167168303,36.33260138494,10.2495,9965827928.2,日涨幅偏离值达到7%的前5只证券,-10.0,-6.25899281,-11.65467626,
41,000593,德龙汇能,2026-08-13,3家机构买入，成功率33.96%,27.8,10.0119,64984436.43,304837837.17,239853400.74,544691237.91,1416230013.0,4.588551000437,38.460647840401,10.2495,9965827928.2,连续三个交易日内，涨幅偏离值累计达到20%的证券,-10.0,-6.25899281,-11.65467626,
42,000593,德龙汇能,2026-08-04,买一主买，成功率43.47%,20.47,9.9946,19873176.57,53539322.57,33666146.0,87205468.57,215287498.0,9.230994254018,40.506517740292,0.3819,7338147398.93,连续三个交易日内，涨幅偏离值累计达到20%的证券,10.01465559,10.99169516,12.21299463,31.65608207
43,000595,新能股份,2026-08-04,2家机构买入，成功率44.37%,6.56,10.0671,59441293.2,157202917.2,97761624.0,254964541.2,804168174.0,7.39164954817,31.705375746442,4.3316,7469585760.96,连续三个交易日内，涨幅偏离值累计达到20%的证券,1.67682927,-4.57317073,-3.35365854,-12.19512195
44,000603,盛达资源,2026-08-25,3家机构卖出，成功率27.30%,36.27,-9.0065,129853272.68,616176074.54,486322801.86,1102498876.4,3512665059.0,3.696716609723,31.386393461433,14.2644,24181802340.93,日跌幅偏离值达到7%的前5只证券,,,,
45,000603,盛达资源,2026-08-24,3家机构买入，成功率22.87%,39.86,8.8774,-210585944.21,1147648482.45,1358234426.66,2505882909.11,8180122139.0,-2.574361857093,30.633807986348,18.6932,26575314069.74,连续三个交易日内，涨幅偏离值累计达到20%的证券,-9.00652283,,,
46,000603,盛达资源,2026-08-21,3家机构买入，成功率38.28%,36.61,10.006,89422956.96,610148938.8,520725981.84,1130874920.64,3354818490.0,2.665508051376,33.708974837563,14.2676,24408485902.99,日涨幅偏离值达到7%的前5只证券,8.87735591,-0.928708,,
47,000603,盛达资源,2026-08-07,3家机构买入，成功率15.83%,34.43,10.0,-28864029.08,550792447.15,579656476.23,1130448923.38,3615996169.0,-0.798231738392,31.262448037732,16.9158,22955044240.37,日涨幅偏离值达到7%的前5只证券,7.81295382,0.34853326,-6.79639849,6.33168748
48,000603,盛达资源,2026-08-07,4家机构买入，成功率40.14%,34.43,10.0,113039557.06,1309617360.05,1196577802.99,2506195163.04,8868652928.0,1.274596694421,28.259028551309,16.9158,22955044240.37,连续三个交易日内，涨幅偏离值累计达到20%的证券,7.81295382,0.34853326,-6.79639849,6.33168748
49,000620,盈新发展,2026-08-24,买一主买，成功率42.44%,3.47,10.1587,372709471.19,515341280.27,142631809.08,657973089.35,1456230546.0,25.594125340508,45.183305017007,9.1243,16210968388.05,日涨幅偏离值达到7%的前5只证券,0.0,,,
50,000620,盈新发展,2026-08-19,2家机构买入，成功率28.47%,3.54,3.8123,-128041483.78,312085618.68,440127102.46,752212721.14,3054811071.0,-4.191469809558,24.623870467176,19.2305,16537990805.1,日振幅值达到15%的前5只证券,-8.1920904,-11.01694915,,
51,000620,盈新发展,2026-08-18,1家机构买入，成功率41.17%,3.41,10.0,190727581.75,674922744.29,484195162.54,1159117906.83,4873770762.0,3.913347407249,23.782774435504,7.651,15930663459.15,连续三个交易日内，涨幅偏离值累计达到20%的证券,3.81231672,-4.69208211,1.75953079,
52,000620,盈新发展,2026-08-18,普通席位买入，成功率37.65%,3.41,10.0,252986879.78,350907729.78,97920850.0,448828579.78,1213375828.0,20.849836789398,36.990070959284,7.651,15930663459.15,日涨幅偏离值达到7%的前5只证券,3.81231672,-4.69208211,1.75953079,
53,000620,盈新发展,2026-08-14,1家机构买入，成功率45.10%,3.03,10.1818,205079680.0,322382314.4,117302634.4,439684948.8,1582394875.0,12.960082419377,27.786044794919,11.6219,14155398909.45,日涨幅偏离值达到7%的前5只证券,2.31023102,12.54125413,3.96039604,
54,000628,高新发展,2026-08-24,3家机构买入，成功率24.15%,47.76,5.3142,172278914.8,577615211.43,405336296.63,982951508.06,2668685347.0,6.455572403606,36.832798934688,14.7526,9181314819.6,连续三个交易日内，涨幅偏离值累计达到20%的证券,0.20938023,,,
55,000636,风华高科,2026-08-10,1家机构买入，成功率34.00%,61.7,5.8501,420037061.81,1237023652.52,816986590.71,2054010243.23,12572541667.0,3.340908091102,16.337271314211,18.6024,71387687353.7,日振幅值达到15%的前5只证券,6.726094,7.79578606,2.82009724,-15.86709887
56,000636,风华高科,2026-08-04,2家机构买入，成功率11.01%,54.33,4.5612,57114184.49,1354419848.57,1297305664.08,2651725512.65,10422946837.0,0.547965804519,25.441226498794,17.3137,62860503305.13,日振幅值达到15%的前5只证券,6.3868949,7.27038469,21.20375483,14.74323578
57,000636,风华高科,2026-07-29,主力做T，成功率33.03%,47.51,10.0023,-51671393.6099999,1195392399.23,1247063792.84,2442456192.07,8086973434.0,-0.63894600411,30.202352116074,14.9206,54969676275.11,日涨幅偏离值达到7%的前5只证券,6.29341191,3.87286887,21.65859819,39.99158072
58,000636,风华高科,2026-07-27,1家机构买入，成功率31.98%,44.24,9.995,122750817.05,760458770.17,637707953.12,1398166723.29,5540606803.0,2.215476055502,25.234902475537,11.0883,51186244546.64,日涨幅偏离值达到7%的前5只证券,-2.37341772,7.3915009,17.45027125,39.46654611
59,000657,中钨高新,2026-08-06,4家机构买入，成功率2.65%,62.5,8.8281,-761688071.07,2685115694.06,3446803765.13,6131919459.19,19260767113.0,-3.954609214686,31.836320034477,11.7996,90840750437.5,连续三个交易日内，涨幅偏离值累计达到20%的证券,7.216,16.48,6.72,3.12
60,000657,中钨高新,2026-08-05,2家机构买入，成功率23.18%,57.43,9.9981,-217646842.46,842941045.44,1060587887.9,1903528933.34,4590736258.0,-4.741000794387,41.464567475921,5.7036,83471748762.01,日涨幅偏离值达到7%的前5只证券,8.8281386,16.68117709,22.63625283,15.2011144
61,000670,盈方微,2026-07-27,主力做T，成功率16.03%,6.93,9.306,13239938.0,86586815.0,73346877.0,159933692.0,1029205624.0,1.286423013172,15.539527599783,12.2855,5755019033.61,连续三个交易日内，涨幅偏离值累计达到20%的证券,-3.8961039,-3.17460317,-3.17460317,-0.14430014
62,000672,上峰材料,2026-07-27,1家机构卖出，成功率37.44%,14.02,-10.0128,-64225658.69,89468688.36,153694347.05,243163035.41,618430440.0,-10.385268016561,39.31938334245,4.4852,13590924209.0,日跌幅偏离值达到7%的前5只证券,-7.98858773,-5.84878745,-8.34522111,0.2853067
63,000683,博源化工,2026-07-31,3家机构卖出，成功率26.26%,5.98,-5.2298,-129927326.14,174807564.6,304734890.74,479542455.34,1015747634.0,-12.791299904716,47.210787334209,5.033,19964623322.54,日跌幅偏离值达到7%的前5只证券,2.17391304,-0.66889632,1.50501672,-2.17391304
64,000688,国城矿业,2026-08-25,3家机构卖出，成功率40.13%,30.97,-8.6431,48103856.9,201142164.09,153038307.19,354180471.28,991615461.0,4.85105958831,35.717522084904,2.6494,36701413064.42,日跌幅偏离值达到7%的前5只证券,,,,
65,000692,惠天热电,2026-08-14,3家机构卖出，成功率18.46%,4.58,-6.1475,-22617111.87,41394941.2,64012053.07,105406994.27,496391035.0,-4.556309497008,21.23466920993,19.1359,2440375030.08,日振幅值达到15%的前5只证券,1.09170306,-5.24017467,-8.51528384,
66,000692,惠天热电,2026-08-13,1家机构买入，成功率32.65%,4.88,9.9099,22805212.92,71812093.92,49006881.0,120818974.92,437543051.0,5.212107212737,27.613048508911,8.546,2600224922.88,连续三个交易日内，涨幅偏离值累计达到20%的证券,-6.14754098,-5.12295082,-15.36885246,
67,000703,恒逸石化,2026-08-20,4家机构买入，成功率27.30%,20.1,5.3459,-237419966.75,1306830794.08,1544250760.83,2851081554.91,8506315408.0,-2.791102320597,33.517232998774,4.5918,76428036929.7,连续三个交易日内，涨幅偏离值累计达到20%的证券,3.48258706,-5.37313433,,
68,000711,ST京蓝,2026-08-17,西藏自治区资金卖出，成功率8.89%,5.85,-6.25,-32448703.0,58793674.0,91242377.0,150036051.0,898133187.0,-3.612905465434,16.705323127092,6.371,13788536931.0,日跌幅偏离值达到7%的前5只证券,0.51282051,4.78632479,12.82051282,
69,000721,西安饮食,2026-07-30,2家机构买入，成功率18.38%,6.81,10.0162,19094046.0,100498076.0,81404030.0,181902106.0,465579437.0,4.101136021607,39.070047245235,5.6875,3489173697.48,连续三个交易日内，涨幅偏离值累计达到20%的证券,-2.34948605,-3.3773862,-2.79001468,-2.49632893
70,000723,美锦能源,2026-08-19,主力做T，成功率37.79%,3.89,9.887,48442589.52,126260782.8,77818193.28,204078976.08,713626179.0,6.788230441305,28.597462100672,4.2342,17097234803.38,日涨幅偏离值达到7%的前5只证券,-7.19794344,-8.99742931,,
71,000779,甘咨询,2026-08-14,主力做T，成功率21.02%,9.66,-9.972,-6348772.23,84007196.03,90355968.26,174363164.29,943156152.0,-0.673141156588,18.487200016695,20.5528,4489771824.72,日跌幅偏离值达到7%的前5只证券,10.04140787,13.76811594,0.72463768,
72,000779,甘咨询,2026-08-14,2家机构卖出，成功率29.50%,9.66,-9.972,-55098780.16,263776185.57,318874965.73,582651151.3,3732630455.0,-1.476138096826,15.609666114135,20.5528,4489771824.72,连续三个交易日内，跌幅偏离值累计达到20%的证券,10.04140787,13.76811594,0.72463768,
73,000779,甘咨询,2026-08-13,2家机构卖出，成功率28.39%,10.73,-9.9832,-40625402.5,84826138.64,125451541.14,210277679.78,1285041787.0,-3.161407116172,16.36348964736,24.9874,4987086095.16,日跌幅偏离值达到7%的前5只证券,-9.97204101,-0.93196645,-10.9972041,
74,000779,甘咨询,2026-08-12,2家机构卖出，成功率29.23%,11.92,-6.3629,-8494654.53999999,124629289.92,133123944.46,257753234.38,1504432516.0,-0.564641780183,17.132920994377,26.7404,5540173928.64,日跌幅偏离值达到7%的前5只证券,-9.98322148,-18.95973154,-15.01677852,
75,000779,甘咨询,2026-08-12,2家机构卖出，成功率29.23%,11.92,-6.3629,-8494654.53999999,124629289.92,133123944.46,257753234.38,1504432516.0,-0.564641780183,17.132920994377,26.7404,5540173928.64,日换手率达到20%的前5只证券,-9.98322148,-18.95973154,-15.01677852,
76,000779,甘咨询,2026-08-11,1家机构买入，成功率21.13%,12.73,10.0259,-109966293.59,107876911.82,217843205.41,325720117.23,1460861327.0,-7.527497070227,22.296443283833,28.9024,5916645479.16,日涨幅偏离值达到7%的前5只证券,-6.36292223,-15.71091909,-13.66849961,-21.36684996
77,000779,甘咨询,2026-08-11,1家机构买入，成功率21.13%,12.73,10.0259,-109966293.59,107876911.82,217843205.41,325720117.23,1460861327.0,-7.527497070227,22.296443283833,28.9024,5916645479.16,日振幅值达到15%的前5只证券,-6.36292223,-15.71091909,-13.66849961,-21.36684996
78,000779,甘咨询,2026-08-10,主力做T，成功率60.00%,11.57,-9.9611,-5521204.0,4013633.0,9534837.0,13548470.0,30486950.0,-18.110056925996,44.440227703985,0.5669,5377501036.44,日跌幅偏离值达到7%的前5只证券,10.02592913,3.02506482,-8.12445981,-21.34831461
79,000779,甘咨询,2026-08-10,主力做T，成功率68.38%,11.57,-9.9611,-13906352.0,7867688.0,21774040.0,29641728.0,80351736.0,-17.306846985857,36.889965886985,0.5669,5377501036.44,连续三个交易日内，跌幅偏离值累计达到20%的证券,10.02592913,3.02506482,-8.12445981,-21.34831461
80,000779,甘咨询,2026-08-07,主力做T，成功率63.59%,12.85,-10.014,-11975946.7,7497790.0,19473736.7,26971526.7,49864786.0,-24.016841664577,54.089326082739,0.8127,5972419042.2,日跌幅偏离值达到7%的前5只证券,-9.96108949,-0.93385214,-24.82490272,-24.28015564
81,000779,甘咨询,2026-07-28,3家机构买入，成功率36.43%,11.67,9.9906,8417210.06,166038554.12,157621344.06,323659898.18,913367922.0,0.921557442215,35.435873144229,17.528,5423979005.64,日涨幅偏离值达到7%的前5只证券,4.54155955,2.48500428,16.79520137,9.08311911
82,000779,甘咨询,2026-07-28,4家机构买入,11.67,9.9906,-247296916.9,409095311.48,656392228.38,1065487539.86,3099369849.0,-7.978941815537,34.377553882567,17.528,5423979005.64,连续三个交易日内，涨幅偏离值累计达到20%的证券,4.54155955,2.48500428,16.79520137,9.08311911
83,000779,甘咨询,2026-07-27,3家机构买入，成功率18.56%,10.61,6.2062,-135568836.16,159376855.16,294945691.32,454322546.48,1064930153.0,-12.730303088714,42.662191994483,21.8727,4931312532.12,日换手率达到20%的前5只证券,9.99057493,14.98586239,24.97643732,9.04806786
84,000786,北新建材,2026-07-31,1家机构卖出，成功率36.33%,19.28,-5.5365,-38794020.86,170947813.4,209741834.26,380689647.66,717110207.0,-5.409771117649,53.086630749909,2.1771,32573711193.76,日跌幅偏离值达到7%的前5只证券,0.93360996,-2.3340249,-5.65352697,-5.13485477
85,000802,北京文化,2026-08-20,北京资金卖出，成功率15.29%,4.13,-5.2752,-42766005.2,52519271.0,95285276.2,147804547.2,905777445.0,-4.721469433366,16.317976122711,30.9477,2955196740.65,日换手率达到20%的前5只证券,-3.38983051,-7.26392252,,
86,000802,北京文化,2026-08-18,3家机构卖出，成功率16.60%,4.84,-9.1932,-77425661.9,156053869.0,233479530.9,389533399.9,1671735856.0,-4.63145308645,23.301133280233,46.8625,3463232984.2,日换手率达到20%的前5只证券,-9.91735537,-14.66942149,-19.4214876,
87,000802,北京文化,2026-08-18,3家机构卖出，成功率23.47%,4.84,-9.1932,-127162138.92,301658630.58,428820769.5,730479400.08,3762783325.0,-3.379470140498,19.413273021242,46.8625,3463232984.2,连续三个交易日内，跌幅偏离值累计达到20%的证券,-9.91735537,-14.66942149,-19.4214876,
88,000802,北京文化,2026-08-17,主力做T，成功率30.01%,5.33,-9.9662,-27466556.0,18754671.0,46221227.0,64975898.0,107602040.0,-25.526055082227,60.385377451952,2.8213,3813849546.65,日跌幅偏离值达到7%的前5只证券,-9.19324578,-18.1988743,-28.14258912,
89,000802,北京文化,2026-08-14,1家机构卖出，成功率39.65%,5.92,-5.4313,-33011070.1,246520688.58,279531758.68,526052447.26,1983445428.0,-1.664329637407,26.522153815467,45.4672,4236020509.6,日换手率达到20%的前5只证券,-9.96621622,-18.24324324,-32.60135135,
90,000802,北京文化,2026-08-13,普通席位买入，成功率33.52%,6.26,10.0176,-88492818.0,155707278.0,244200096.0,399907374.0,851181588.0,-10.396467598404,46.982615653101,19.0072,4479305471.3,日涨幅偏离值达到7%的前5只证券,-5.4313099,-14.85623003,-34.02555911,
91,000802,北京文化,2026-08-13,普通席位买入，成功率35.74%,6.26,10.0176,-127394219.0,210653113.0,338047332.0,548700445.0,1513846791.0,-8.415264989652,36.245440969462,19.0072,4479305471.3,连续三个交易日内，涨幅偏离值累计达到20%的证券,-5.4313099,-14.85623003,-34.02555911,
92,000802,北京文化,2026-08-11,买一主买，成功率37.21%,5.17,10.0,-99510401.8,163665775.0,263176176.8,426841951.8,734046243.0,-13.556421376575,58.14919099041,6.8676,3699362505.85,连续三个交易日内，涨幅偏离值累计达到20%的证券,10.05802708,21.08317215,-6.38297872,-24.56479691
93,000815,美利云,2026-08-05,4家机构买入，成功率28.96%,18.85,2.613,-36011175.09,616132200.23,652143375.32,1268275575.55,4156226350.0,-0.866439218114,30.515074703523,31.4729,13105708209.75,日换手率达到20%的前5只证券,-2.86472149,-4.35013263,-0.63660477,-14.69496021
94,000815,美利云,2026-08-04,主力做T，成功率29.12%,18.37,10.0,185042636.64,583865916.46,398823279.82,982689196.28,3139867074.0,5.893327082929,31.29715918286,5.3099,12771981952.95,连续三个交易日内，涨幅偏离值累计达到20%的证券,2.61295591,-0.32661949,2.77626565,-2.72182907
95,000815,美利云,2026-08-03,3家机构买入，成功率27.37%,16.7,10.0132,18001352.47,198456083.51,180454731.04,378910814.55,1525701341.0,1.179873936415,24.835189192509,13.3289,11610892684.5,日涨幅偏离值达到7%的前5只证券,10.0,12.8742515,9.10179641,12.93413174
96,000815,美利云,2026-07-27,4家机构买入，成功率23.91%,16.6,2.5324,-278499890.3,317027926.14,595527816.44,912555742.58,2372112993.0,-11.740582810424,38.4701633216,21.1871,11541366381.0,日换手率达到20%的前5只证券,-4.69879518,-9.63855422,0.60240964,9.75903614
97,000820,神雾节能,2026-08-11,3家机构买入，成功率37.35%,4.13,6.9948,-2166121.0,32075083.0,34241204.0,66316287.0,351707500.0,-0.615887065246,18.855522557807,29.3863,1226473202.01,日换手率达到20%的前5只证券,-2.90556901,-9.44309927,-18.40193705,-13.07506053
98,000820,神雾节能,2026-08-06,3家机构卖出，成功率8.58%,3.76,-8.7379,-16479004.73,22202372.95,38681377.68,60883750.63,294974379.0,-5.586588498251,20.640352167671,25.9246,1116595457.52,日跌幅偏离值达到7%的前5只证券,0.0,2.65957447,-0.53191489,-9.57446809
99,000820,神雾节能,2026-08-06,3家机构卖出，成功率8.58%,3.76,-8.7379,-16479004.73,22202372.95,38681377.68,60883750.63,294974379.0,-5.586588498251,20.640352167671,25.9246,1116595457.52,日换手率达到20%的前5只证券,0.0,2.65957447,-0.53191489,-9.57446809
100,000820,神雾节能,2026-08-05,3家机构卖出，成功率16.50%,4.12,-3.2864,-20052622.14,39106135.0,59158757.14,98264892.14,389252839.0,-5.151567344124,25.244489518033,31.6069,1223503533.24,日换手率达到20%的前5只证券,-8.73786408,-8.73786408,-2.66990291,-19.90291262
101,000820,神雾节能,2026-08-04,3家机构买入，成功率52.70%,4.26,10.0775,8307344.68,55061905.0,46754560.32,101816465.32,376590318.0,2.205936871696,27.036400155142,32.3048,1265078896.02,日振幅值达到15%的前5只证券,-3.28638498,-11.7370892,-3.05164319,-20.89201878
102,000820,神雾节能,2026-08-04,3家机构买入，成功率52.70%,4.26,10.0775,8307344.68,55061905.0,46754560.32,101816465.32,376590318.0,2.205936871696,27.036400155142,32.3048,1265078896.02,日换手率达到20%的前5只证券,-3.28638498,-11.7370892,-3.05164319,-20.89201878
103,000820,神雾节能,2026-08-03,买一主买，成功率37.33%,3.87,9.9432,-3042357.08,37309094.92,40351452.0,77660546.92,259758885.0,-1.171223490584,29.897166720592,22.7156,1149261813.99,日换手率达到20%的前5只证券,10.07751938,6.45994832,-0.25839793,-10.07751938
104,000820,神雾节能,2026-07-31,1家机构买入，成功率59.81%,3.52,10.0,-3139584.0,9766720.0,12906304.0,22673024.0,29739827.0,-10.556833434169,76.237914901119,2.6391,1045323407.04,连续三个交易日内，涨幅偏离值累计达到20%的证券,9.94318182,21.02272727,6.81818182,-1.13636364
105,000826,*ST启环,2026-07-31,买一主买，成功率64.61%,1.73,10.1911,2594571.59,33270067.5,30675495.91,63945563.41,256994878.0,1.009581050872,24.88203808093,4.6437,2465518380.09,连续三个交易日内，涨幅偏离值累计达到20%的证券,5.78034682,4.62427746,1.73410405,7.51445087
106,000831,中国稀土,2026-08-14,3家机构买入，成功率41.97%,60.95,9.9982,521659068.47,1124041297.05,602382228.58,1726423525.63,5416567455.0,9.6308053542,31.873018105523,8.5363,64681408186.65,日涨幅偏离值达到7%的前5只证券,3.01886792,2.5266612,-7.57998359,
107,000831,中国稀土,2026-08-07,1家机构买入，成功率46.83%,57.19,10.0019,631735592.39,810284872.52,178549280.13,988834152.65,3390463975.0,18.632718030576,29.165157333666,5.7301,60691217952.33,日涨幅偏离值达到7%的前5只证券,2.0458122,-2.36055254,6.57457597,-1.5037594
108,000859,国风新材,2026-08-11,普通席位买入，成功率47.07%,10.48,9.9685,-999.089999973774,152244909.33,152245908.42,304490817.75,1280296177.0,-7.803585e-05,23.78284206577,13.988,9389249680.08,日涨幅偏离值达到7%的前5只证券,-2.67175573,-6.87022901,-10.97328244,-17.17557252
109,000859,国风新材,2026-08-11,主力做T，成功率45.54%,10.48,9.9685,70761700.02,236550667.44,165788967.42,402339634.86,1937703473.0,3.651833265822,20.763736065203,13.988,9389249680.08,连续三个交易日内，涨幅偏离值累计达到20%的证券,-2.67175573,-6.87022901,-10.97328244,-17.17557252
110,000887,中鼎股份,2026-08-13,普通席位买入，成功率47.18%,23.69,9.9814,351670164.46,531929475.46,180259311.0,712188786.46,1823019822.0,19.290528836609,39.066431306198,5.8574,31137439703.52,日涨幅偏离值达到7%的前5只证券,-7.893626,-11.56606163,-6.50063318,
111,000887,中鼎股份,2026-08-13,普通席位买入，成功率45.83%,23.69,9.9814,487497491.51,720525968.32,233028476.81,953554445.13,3007980920.0,16.206801322064,31.700814283423,5.8574,31137439703.52,连续三个交易日内，涨幅偏离值累计达到20%的证券,-7.893626,-11.56606163,-6.50063318,
112,000909,*ST数源,2026-07-28,1家机构买入，成功率36.97%,4.44,9.901,5116793.08,18860428.84,13743635.76,32604064.6,60411522.0,8.469895991033,53.969944011674,2.462,1943434930.8,连续三个交易日内，涨幅偏离值累计达到20%的证券,-1.35135135,-4.5045045,-0.9009009,0.9009009
113,000931,中关村,2026-08-21,普通席位买入，成功率39.44%,5.09,9.9352,67603189.68,126255593.48,58652403.8,184907997.28,409908991.0,16.492243684404,45.109524635921,8.3523,3822740317.88,连续三个交易日内，涨幅偏离值累计达到20%的证券,10.01964637,2.5540275,,
114,000936,华西股份,2026-08-13,普通席位买入，成功率46.63%,6.34,10.0694,51870679.54,91777288.0,39906608.46,131683896.46,329570049.0,15.738893657779,39.956269345337,2.9228,5616525716.58,连续三个交易日内，涨幅偏离值累计达到20%的证券,9.93690852,4.57413249,-12.93375394,
115,000938,紫光股份,2026-07-30,1家机构卖出，成功率39.06%,33.6,-9.992,548139087.15,1457736336.53,909597249.38,2367333585.91,8755283400.0,6.26066641258,27.038914421777,8.879,96098441846.4,日跌幅偏离值达到7%的前5只证券,3.83928571,-1.48809524,12.91666667,17.85714286
116,000938,紫光股份,2026-07-29,4家机构卖出，成功率21.64%,37.33,-10.0048,-445702871.44,1319138795.24,1764841666.68,3083980461.92,13273184921.0,-3.357919550528,23.234668094172,12.2173,106766512920.42,日跌幅偏离值达到7%的前5只证券,-9.99196357,-6.53629788,-1.04473614,-0.8840075
117,000948,南天信息,2026-07-30,2家机构买入，成功率22.47%,15.38,6.3624,11143284.99,184531213.56,173387928.57,357919142.13,1680738240.0,0.662999432321,21.295353054501,14.3896,5984258968.18,连续三个交易日内，涨幅偏离值累计达到20%的证券,2.60078023,-1.23537061,-2.40572172,-5.98179454
118,000962,东方钽业,2026-08-06,3家机构买入，成功率5.83%,53.86,4.3192,-275500613.11,720225681.63,995726294.74,1715951976.37,4903805204.0,-5.618098632574,34.992254075882,10.1661,27093867434.2,连续三个交易日内，涨幅偏离值累计达到20%的证券,2.45079837,6.66542889,-1.67099889,-3.82473078
119,000967,盈峰环境,2026-08-04,2家机构买入，成功率10.93%,9.09,5.2083,235358509.64,919726603.31,684368093.67,1604094696.98,4276223455.0,5.503887065696,37.511947489657,10.5361,30521207137.68,连续三个交易日内，涨幅偏离值累计达到20%的证券,4.18041804,3.08030803,2.64026403,-0.220022
120,000967,盈峰环境,2026-08-03,上海资金买入，成功率31.87%,8.64,10.0637,5088674.72,180772902.82,175684228.1,356457130.92,724759931.0,0.702118660586,49.182786695751,2.544,29010256289.28,日涨幅偏离值达到7%的前5只证券,5.20833333,9.60648148,4.28240741,6.59722222
121,001223,欧克科技,2026-08-04,4家机构买入，成功率31.14%,39.46,9.0959,23761567.39,100457865.12,76696297.73,177154162.85,396598070.0,5.99134720701,44.668437960376,8.4132,2755681208.0,连续三个交易日内，涨幅偏离值累计达到20%的证券,-2.55955398,-5.14445008,0.12671059,6.28484541
122,001229,魅视科技,2026-08-05,4家机构买入，成功率18.42%,42.32,9.9792,41226959.61,246699534.01,205472574.4,452172108.41,884925526.0,4.658805560322,51.097193506655,16.0625,3121151037.92,连续三个交易日内，涨幅偏离值累计达到20%的证券,-5.48204159,-4.0879017,-2.22117202,9.45179584
123,001232,嘉立创,2026-08-04,1家机构买入，成功率43.42%,208.01,146.2823,647404234.29,841089681.1,193685446.81,1034775127.91,6883459442.0,9.405216079865,15.032777292131,75.226,9195404257.49,无价格涨跌幅限制的证券,-3.89404356,-14.99927888,-18.71063891,-18.98947166
124,001248,华润新能源,2026-07-28,4家机构买入，成功率1.98%,14.27,2.1475,-286457538.82,290181670.54,576639209.36,866820879.9,4704072938.0,-6.089564141448,18.427028902926,30.9749,15160502097.57,日换手率达到20%的前5只证券,-2.3125438,-8.40925018,-6.65732306,-8.05886475
125,001257,盛龙股份,2026-08-24,1家机构买入，成功率31.57%,25.97,3.0556,22159920.06,153414616.27,131254696.21,284669312.48,1043215363.0,2.124194183287,27.287684075258,28.3682,3556539248.36,日换手率达到20%的前5只证券,-1.65575664,,,
126,001258,立新能源,2026-08-12,2家机构卖出，成功率13.53%,15.46,-2.9504,-146216300.09,283301134.24,429517434.33,712818568.57,3244938818.0,-4.505980183014,21.967088088562,22.6433,14429152075.14,日振幅值达到15%的前5只证券,-1.22897801,-11.06080207,-22.25097025,
127,001258,立新能源,2026-08-11,1家机构买入，成功率40.01%,15.93,10.0138,212210442.77,700573638.83,488363196.06,1188936834.89,6148815165.0,3.451241207866,19.336031462738,26.1105,14867813231.37,连续三个交易日内，涨幅偏离值累计达到20%的证券,-2.95040804,-4.14312618,-16.19585687,-22.84996861
128,001258,立新能源,2026-08-11,2家机构买入，成功率36.44%,15.93,10.0138,20712602.26,443300628.83,422588026.57,865888655.4,3628988251.0,0.570754183464,23.860332288521,26.1105,14867813231.37,日涨幅偏离值达到7%的前5只证券,-2.95040804,-4.14312618,-16.19585687,-22.84996861
129,001258,立新能源,2026-08-11,2家机构买入，成功率36.44%,15.93,10.0138,20712602.26,443300628.83,422588026.57,865888655.4,3628988251.0,0.570754183464,23.860332288521,26.1105,14867813231.37,日振幅值达到15%的前5只证券,-2.95040804,-4.14312618,-16.19585687,-22.84996861
130,001258,立新能源,2026-08-10,1家机构买入，成功率47.04%,14.48,10.0304,165534878.62,316911642.6,151376763.98,468288406.58,2519826914.0,6.56929560123,18.584149727833,18.8937,13514496898.32,日涨幅偏离值达到7%的前5只证券,10.01381215,6.7679558,-0.55248619,-13.19060773
131,001258,立新能源,2026-08-06,主力做T，成功率27.55%,12.19,-9.9039,-38418773.23,119589450.77,158008224.0,277597674.77,1882717389.0,-2.040602240913,14.74452174245,15.8491,11377190413.71,日跌幅偏离值达到7%的前5只证券,7.95734208,18.78589007,25.26661198,0.98441345
132,001258,立新能源,2026-07-31,西藏自治区资金卖出，成功率30.28%,12.34,-0.081,33971227.36,134531131.5,100559904.14,235091035.64,1987968320.0,1.708841484959,11.825693260545,17.697,11517188655.06,日振幅值达到15%的前5只证券,3.16045381,8.58995138,6.64505673,11.42625608
133,001258,立新能源,2026-07-29,主力做T，成功率24.12%,11.61,-10.0,-23009550.35,125682601.61,148692151.96,274374753.57,2145923995.0,-1.072244422618,12.785856079213,19.3927,10835863880.49,日跌幅偏离值达到7%的前5只证券,6.37381568,6.28768303,16.5374677,33.16106804
134,001258,立新能源,2026-07-28,2家机构卖出，成功率28.26%,12.9,-9.9791,-161308739.88,124961123.13,286269863.01,411230986.14,2811246220.0,-5.737979787484,14.628067197188,20.6468,12039848756.1,日振幅值达到15%的前5只证券,-10.0,-4.26356589,3.87596899,23.48837209
135,001260,坤泰股份,2026-08-19,主力做T，成功率34.73%,17.74,-9.9949,-24806003.51,55918935.0,80724938.51,136643873.51,626858530.0,-3.957193261772,21.798199588989,5.8136,2040100000.0,连续三个交易日内，跌幅偏离值累计达到20%的证券,-3.04396843,-0.3945885,,
136,001260,坤泰股份,2026-08-18,1家机构卖出，成功率39.71%,19.71,-10.0,-24052099.83,12576527.0,36628626.83,49205153.83,187521027.0,-12.82634817801,26.239806072521,8.1024,2266650000.0,日跌幅偏离值达到7%的前5只证券,-9.99492643,-12.73465246,-8.42212075,
137,001260,坤泰股份,2026-08-13,普通席位买入，成功率52.49%,21.03,9.9895,4215808.52999999,54137231.48,49921422.95,104058654.43,107588776.0,3.918446409317,96.718875610222,1.6606,2418450000.0,连续三个交易日内，涨幅偏离值累计达到20%的证券,9.98573466,4.13694722,-18.21207798,
138,001267,汇绿生态,2026-08-07,1家机构买入，成功率40.27%,42.69,9.9974,252748739.07,792565409.95,539816670.88,1332382080.83,2972378050.0,8.503250085231,44.825458216192,11.8479,25979279461.02,日涨幅偏离值达到7%的前5只证券,0.65589131,-7.37877723,-2.85781213,-12.22768798
139,001267,汇绿生态,2026-08-06,4家机构买入，成功率23.84%,38.81,10.0057,-77811112.88,813362458.32,891173571.2,1704536029.52,4562805115.0,-1.705335005964,37.357195553157,12.2078,23618080015.98,连续三个交易日内，涨幅偏离值累计达到20%的证券,9.99742334,10.71888688,7.16310229,-4.6379799
140,001267,汇绿生态,2026-08-06,3家机构买入，成功率26.96%,38.81,10.0057,41017917.01,602040886.21,561022969.2,1163063855.41,2778782038.0,1.476111348392,41.855166742301,12.2078,23618080015.98,日涨幅偏离值达到7%的前5只证券,9.99742334,10.71888688,7.16310229,-4.6379799
141,001267,汇绿生态,2026-08-05,1家机构买入，成功率17.12%,35.28,10.0094,-21124944.29,214241571.71,235366516.0,449608087.71,1031135878.0,-2.048706163825,43.603185312693,5.023,21469875366.24,日振幅值达到15%的前5只证券,10.00566893,21.00340136,17.29024943,3.82653061
142,001270,铖昌科技,2026-08-19,3家机构卖出，成功率13.90%,109.48,-8.4233,-185370899.87,168556611.12,353927510.99,522484122.11,2140728279.0,-8.659244692026,24.406839823411,9.1027,22421860466.88,日振幅值达到15%的前5只证券,-8.51297041,-5.09682134,,
143,001277,速达股份,2026-08-21,主力做T，成功率28.67%,35.43,-2.316,-26804679.33,35105635.04,61910314.37,97015949.41,529328787.0,-5.063899789376,18.328107556712,30.2347,1613818395.27,日换手率达到20%的前5只证券,-9.9915326,-5.84250635,,
144,001277,速达股份,2026-08-21,主力做T，成功率28.67%,35.43,-2.316,-26804679.33,35105635.04,61910314.37,97015949.41,529328787.0,-5.063899789376,18.328107556712,30.2347,1613818395.27,日振幅值达到15%的前5只证券,-9.9915326,-5.84250635,,
145,001277,速达股份,2026-08-20,上海资金买入，成功率37.11%,36.27,10.0091,477343.950000003,61683131.95,61205788.0,122888919.95,305002334.0,0.156505015467,40.29114083763,13.5623,1652079966.03,连续三个交易日内，涨幅偏离值累计达到20%的证券,-2.31596361,-12.07609595,,
146,001301,尚太科技,2026-08-19,1家机构买入，成功率43.25%,62.33,10.0071,15713564.1,250725504.74,235011940.64,485737445.38,1006984586.0,1.560457262054,48.23683024876,6.2421,16211346497.38,日涨幅偏离值达到7%的前5只证券,2.96807316,1.39579657,,
147,001309,德明利,2026-08-03,主力做T，成功率39.53%,349.0,-9.5621,-436118879.2,1266284183.57,1702403062.77,2968687246.34,9775395314.0,-4.461393787067,30.368973846903,16.4908,57595139846.0,日跌幅偏离值达到7%的前5只证券,4.3495702,10.67048711,14.84240688,24.75644699
148,001309,德明利,2026-07-31,3家机构卖出，成功率28.80%,385.9,-1.0614,-33335917.6800003,2409033710.95,2442369628.63,4851403339.58,17354796700.0,-0.192084748996,27.954250478659,25.6064,63684711938.6,日换手率达到20%的前5只证券,-9.56206271,-5.62840114,4.7317958,5.25783882
149,001309,德明利,2026-07-30,3家机构买入，成功率3.33%,390.04,10.0006,-705911602.65,1248793126.94,1954704729.59,3203497856.53,11365746076.0,-6.210869026369,28.185548358277,18.5656,64368205250.16,日涨幅偏离值达到7%的前5只证券,-1.0614296,-10.52199774,-0.45892729,1.6639319
150,001311,多利科技,2026-08-14,3家机构买入，成功率41.14%,18.19,0.3863,-53905022.79,69375767.48,123280790.27,192656557.75,286179202.0,-18.836107730149,67.320251228459,8.4968,3308246022.91,日振幅值达到15%的前5只证券,3.35349093,1.04452996,-2.25398571,
151,001317,三羊马,2026-08-24,4家机构卖出，成功率26.50%,47.97,-10.0,5165427.38,65688932.0,60523504.62,126212436.62,492405881.0,1.049018214305,25.631789036248,11.395,4101555740.49,日跌幅偏离值达到7%的前5只证券,5.62851782,,,
152,001323,慕思股份,2026-07-30,4家机构买入，成功率25.95%,17.77,3.4945,-11316894.29,84586976.4,95903870.69,180490847.09,330031575.0,-3.429033809871,54.688963348431,3.133,5530877653.03,连续三个交易日内，涨幅偏离值累计达到20%的证券,-0.11254924,-2.58863253,-4.61451885,0.33764772
153,001331,胜通能源,2026-08-04,4家机构买入，成功率23.37%,47.09,9.9977,37796186.49,353969301.56,316173115.07,670142416.63,1462578658.0,2.584215644284,45.819239393687,5.9572,13459930123.5,连续三个交易日内，涨幅偏离值累计达到20%的证券,6.6043746,11.46740285,18.64514759,6.45572308
154,001339,智微智能,2026-08-06,4家机构买入，成功率7.95%,83.54,8.4794,-61530536.66,729141080.89,790671617.55,1519812698.44,3563240664.0,-1.726813944443,42.65254137322,11.0539,13525098598.88,连续三个交易日内，涨幅偏离值累计达到20%的证券,1.32870481,-1.36461575,0.43093129,-5.72180991
155,001358,兴欣新材,2026-07-30,2家机构卖出，成功率31.34%,24.28,-10.0074,-16780849.18,25506989.6,42287838.78,67794828.38,302572509.0,-5.546058772973,22.406142780143,22.8164,1237704758.24,日振幅值达到15%的前5只证券,0.08237232,0.86490939,5.18945634,4.61285008
156,001358,兴欣新材,2026-07-28,4家机构买入，成功率34.91%,24.53,10.0,11800329.34,36485594.0,24685264.66,61170858.66,112502371.0,10.488960574884,54.372950646525,5.8459,1250448835.24,连续三个交易日内，涨幅偏离值累计达到20%的证券,9.98777008,-1.01916021,3.3836119,5.82959641
157,001360,南矿集团,2026-08-13,4家机构卖出，成功率18.79%,15.8,-5.7279,-11775786.0,16145402.0,27921188.0,44066590.0,128569422.0,-9.159087609494,34.274549355911,6.292,1982652793.2,日振幅值达到15%的前5只证券,1.07594937,7.59493671,14.62025316,
158,001366,播恩集团,2026-08-20,3家机构卖出，成功率6.67%,11.92,-5.0955,-18777525.17,33308658.0,52086183.17,85394841.17,259888504.0,-7.22522346352,32.858260313815,12.9777,1915305600.0,日振幅值达到15%的前5只证券,3.18791946,1.67785235,,
159,001400,江顺科技,2026-08-19,2家机构买入，成功率25.23%,85.94,9.9962,4063612.3,132746238.33,128682626.03,261428864.36,516813285.0,0.786282477239,50.58478021903,19.4403,2768471160.0,日涨幅偏离值达到7%的前5只证券,-4.29369327,-6.5278101,,
160,002015,协鑫能科,2026-07-31,4家机构买入，成功率38.92%,15.08,9.9927,184457143.23,299539501.66,115082358.43,414621860.09,1445177977.0,12.763628159689,28.690020654114,6.0751,24479735179.12,日涨幅偏离值达到7%的前5只证券,3.84615385,6.76392573,4.77453581,2.3872679
161,002017,东信和平,2026-08-24,2家机构买入，成功率43.22%,15.98,9.9794,62091193.13,214129156.95,152037963.82,366167120.77,1154951458.0,5.376086821651,31.704113470196,7.448,9271154776.22,连续三个交易日内，涨幅偏离值累计达到20%的证券,6.07008761,,,
162,002025,航天电器,2026-08-18,2家机构买入，成功率39.10%,71.68,10.0061,139035657.75,435104565.55,296068907.8,731173473.35,1964882072.0,7.076030655035,37.212079227012,6.4211,32533494712.32,日涨幅偏离值达到7%的前5只证券,-10.00279018,-15.20647321,-15.35993304,
163,002031,巨轮智能,2026-08-12,主力做T，成功率33.90%,6.42,9.9315,257901978.01,502272256.33,244370278.32,746642534.65,2158390632.0,11.948809181544,34.592558157934,9.6402,14120072051.4,连续三个交易日内，涨幅偏离值累计达到20%的证券,-2.3364486,-7.47663551,-12.30529595,
164,002038,双鹭药业,2026-08-24,1家机构卖出，成功率21.64%,6.37,-10.0282,-121333987.59,78968690.51,200302678.1,279271368.61,842515132.0,-14.401401586933,33.147341573208,15.0092,5428480786.82,日跌幅偏离值达到7%的前5只证券,0.0,,,
165,002038,双鹭药业,2026-08-21,买一主买，成功率28.77%,7.08,9.9379,103997929.5,216110858.5,112112929.0,328223787.5,676415854.0,15.374850971485,48.523964297856,6.8736,6033539084.88,连续三个交易日内，涨幅偏离值累计达到20%的证券,-10.02824859,-10.02824859,,
166,002041,登海种业,2026-08-25,主力做T，成功率43.80%,11.21,10.0098,167260145.73,277075608.9,109815463.17,386891072.07,1381569450.0,12.106531867073,28.003736769802,9.6397,9864800000.0,连续三个交易日内，涨幅偏离值累计达到20%的证券,,,,
167,002041,登海种业,2026-08-19,主力做T，成功率19.98%,9.9,1.0204,-3759603.47,158726396.11,162485999.58,321212395.69,1744304572.0,-0.215535952284,18.414925973719,10.6232,8712000000.0,连续三个交易日内，涨幅偏离值累计达到20%的证券,2.82828283,-6.46464646,,
168,002043,兔宝宝,2026-08-04,4家机构卖出，成功率41.14%,12.88,-4.3091,2535161.8,40128773.3,37593611.5,77722384.8,184766221.0,1.372091601094,42.06525650595,1.7684,10382639767.36,日跌幅偏离值达到7%的前5只证券,-0.46583851,-1.78571429,-1.55279503,-3.80434783
169,002047,宝鹰股份,2026-08-18,主力做T，成功率33.64%,3.41,-6.3187,-44169455.28,122562985.2,166732440.48,289295425.68,1183947414.0,-3.730694012057,24.434820521514,6.9988,5170101975.17,连续三个交易日内，跌幅偏离值累计达到20%的证券,-8.79765396,-7.91788856,-3.22580645,
170,002047,宝鹰股份,2026-08-14,普通席位卖出，成功率39.71%,3.78,-10.0,-68166526.04,55494036.0,123660562.04,179154598.04,343204578.0,-19.861776447516,52.200526893904,5.9525,5731080781.86,日跌幅偏离值达到7%的前5只证券,-3.7037037,-9.78835979,-15.07936508,
171,002047,宝鹰股份,2026-08-13,普通席位买入，成功率34.56%,4.2,7.1429,28599748.24,143897151.66,115297403.42,259194555.08,958524985.0,2.983724857209,27.040980583307,15.6702,6367867535.4,日振幅值达到15%的前5只证券,-10.0,-13.33333333,-25.23809524,
172,002047,宝鹰股份,2026-08-12,主力做T，成功率26.36%,3.92,10.1124,5509393.2,50557284.78,45047891.58,95605176.36,233104679.0,2.363484604271,41.013838405191,2.5292,5943343033.04,连续三个交易日内，涨幅偏离值累计达到20%的证券,7.14285714,-3.57142857,-20.66326531,
173,002080,中材科技,2026-08-06,4家机构买入，成功率2.65%,51.52,5.5521,-269364254.1,1552709489.55,1822073743.65,3374783233.2,8290254534.0,-3.24916747725,40.707836163043,4.6163,86456927047.68,连续三个交易日内，涨幅偏离值累计达到20%的证券,9.7826087,10.32608696,8.22981366,4.01785714
174,002080,中材科技,2026-08-05,4家机构买入，成功率36.86%,48.81,10.0068,-65978681.4500001,632717062.89,698695744.34,1331412807.23,2649229278.0,-2.490485893309,50.256609282045,3.3658,81909212135.04,日涨幅偏离值达到7%的前5只证券,5.55214095,15.87789387,16.77934849,10.81745544
175,002081,金螳螂,2026-08-25,普通席位买入，成功率46.20%,5.5,10.0,267802870.64,395307284.18,127504413.54,522811697.72,1145819008.0,23.372179093751,45.627773153507,8.2804,14589028146.0,日涨幅偏离值达到7%的前5只证券,,,,
176,002081,金螳螂,2026-08-18,2家机构买入，成功率38.47%,6.27,7.732,109911613.01,1094092963.26,984181350.25,2078274313.51,10001064933.0,1.09899909406,20.780530147869,27.8554,16631492086.44,连续三个交易日内，涨幅偏离值累计达到20%的证券,-10.04784689,-11.48325359,-12.28070175,
177,002081,金螳螂,2026-08-17,买一主买，成功率49.69%,5.82,10.0189,113176950.97,349534489.45,236357538.48,585892027.93,2782545561.0,4.067388960536,21.055972493023,18.2041,15437844329.04,日涨幅偏离值达到7%的前5只证券,7.73195876,-3.09278351,-14.08934708,
178,002081,金螳螂,2026-08-14,主力做T，成功率46.50%,5.29,9.9792,54746002.3900001,345970774.66,291224772.27,637195546.93,2648471270.0,2.06707933781,24.058994112857,19.6567,14031992525.88,日涨幅偏离值达到7%的前5只证券,10.01890359,18.52551985,-2.64650284,
179,002081,金螳螂,2026-08-13,普通席位买入，成功率22.81%,4.81,10.0686,97005219.31,142006379.93,45001160.62,187007540.55,415159997.0,23.365743330517,45.044691661369,1.0287,12758768251.32,连续三个交易日内，涨幅偏离值累计达到20%的证券,9.97920998,20.997921,15.38461538,
180,002083,孚日股份,2026-07-27,1家机构买入，成功率35.02%,12.0,4.1667,-124021839.0,326144813.36,450166652.36,776311465.72,2710713277.0,-4.575247410056,28.638641803502,23.6707,11355699744.0,日换手率达到20%的前5只证券,-10.0,-1.0,-8.25,1.0
181,002084,海鸥住工,2026-08-25,普通席位买入，成功率51.42%,4.35,10.1266,14104835.0,19907670.0,5802835.0,25710505.0,30411805.0,46.379473365688,84.541200366108,0.3964,2804159822.7,连续三个交易日内，涨幅偏离值累计达到20%的证券,,,,
182,002104,恒宝股份,2026-08-24,4家机构买入，成功率40.05%,11.51,7.1695,62441870.6,434432486.95,371990616.35,806423103.3,2973020947.0,2.100283573952,27.124703043675,19.5205,6902565208.82,连续三个交易日内，涨幅偏离值累计达到20%的证券,-1.56385752,,,
183,002131,利欧股份,2026-08-04,4家机构买入，成功率20.74%,5.43,5.848,-71969641.1400001,1101787263.61,1173756904.75,2275544168.36,8079914261.0,-0.890722832139,28.162974195699,25.5408,31791555605.22,日换手率达到20%的前5只证券,4.4198895,0.92081031,-2.39410681,-6.81399632
184,002131,利欧股份,2026-08-03,3家机构买入，成功率38.45%,5.13,10.0858,275115940.56,995566019.02,720450078.46,1716016097.48,7001012618.0,3.9296592589,24.510969928379,24.002,30035116069.02,日涨幅偏离值达到7%的前5只证券,5.84795322,10.52631579,5.26315789,3.7037037
185,002131,利欧股份,2026-08-03,4家机构买入，成功率12.81%,5.13,10.0858,64505137.73,1743772902.75,1679267765.02,3423040667.77,14736752240.0,0.437716103789,23.227917603709,24.002,30035116069.02,连续三个交易日内，涨幅偏离值累计达到20%的证券,5.84795322,10.52631579,5.26315789,3.7037037
186,002131,利欧股份,2026-08-03,3家机构买入，成功率38.45%,5.13,10.0858,275115940.56,995566019.02,720450078.46,1716016097.48,7001012618.0,3.9296592589,24.510969928379,24.002,30035116069.02,日换手率达到20%的前5只证券,5.84795322,10.52631579,5.26315789,3.7037037
187,002131,利欧股份,2026-07-31,2家机构买入，成功率41.32%,4.66,9.9057,116340513.71,538289932.87,421949419.16,960239352.03,3761789425.0,3.092690753417,25.526132474308,14.2354,27283360795.64,日涨幅偏离值达到7%的前5只证券,10.08583691,16.52360515,17.16738197,14.3776824
188,002132,恒星科技,2026-08-25,2家机构卖出，成功率20.55%,4.81,-7.5,-127150787.42,124737248.48,251888035.9,376625284.38,1091336186.0,-11.650927464069,34.510473418866,16.0966,6730086636.91,日跌幅偏离值达到7%的前5只证券,,,,
189,002141,贤丰控股,2026-08-11,4家机构买入，成功率18.03%,6.88,2.381,-164716884.24,253932090.0,418648974.24,672581064.24,2769995497.0,-5.946467581568,24.280944318084,37.7373,7106598290.24,日振幅值达到15%的前5只证券,1.45348837,-3.34302326,4.36046512,-10.90116279
190,002141,贤丰控股,2026-08-11,4家机构买入，成功率18.03%,6.88,2.381,-164716884.24,253932090.0,418648974.24,672581064.24,2769995497.0,-5.946467581568,24.280944318084,37.7373,7106598290.24,日换手率达到20%的前5只证券,1.45348837,-3.34302326,4.36046512,-10.90116279
191,002141,贤丰控股,2026-08-07,2家机构买入，成功率50.21%,6.11,6.6318,209841160.5,343704007.5,133862847.0,477566854.5,2006589114.0,10.457604849739,23.799932490813,32.1452,6311237725.78,日换手率达到20%的前5只证券,9.98363339,12.60229133,6.05564648,5.56464812
192,002141,贤丰控股,2026-07-31,2家机构卖出，成功率29.72%,5.6,-1.2346,-54539130.33,149125216.9,203664347.23,352789564.13,1633142713.0,-3.339520171499,21.601882145495,27.1919,5784440468.8,日换手率达到20%的前5只证券,-8.92857143,-2.14285714,9.10714286,15.71428571
193,002141,贤丰控股,2026-07-30,3家机构卖出，成功率19.95%,5.67,-10.0,-300889170.59,125222248.23,426111418.82,551333667.05,1929020329.0,-15.598030050102,28.581019015793,31.9527,5856745974.66,日换手率达到20%的前5只证券,-1.2345679,-10.05291005,1.05820106,17.28395062
194,002141,贤丰控股,2026-07-29,普通席位买入，成功率51.99%,6.3,9.9476,211220046.0,374721868.0,163501822.0,538223690.0,1646373496.0,12.829412433641,32.691469542462,26.1211,6507495527.4,日换手率达到20%的前5只证券,-10.0,-11.11111111,-10.63492063,10.79365079
195,002141,贤丰控股,2026-07-29,2家机构买入，成功率46.64%,6.3,9.9476,149245534.16,731952946.0,582707411.84,1314660357.84,4655801663.0,3.205581873173,28.237035273382,26.1211,6507495527.4,连续三个交易日内，涨幅偏离值累计达到20%的证券,-10.0,-11.11111111,-10.63492063,10.79365079
196,002141,贤丰控股,2026-07-28,4家机构买入，成功率24.60%,5.73,0.0,-227937593.84,187039512.0,414977105.84,602016617.84,1995090428.0,-11.424925439019,30.174903823457,32.1843,5918722122.54,日换手率达到20%的前5只证券,9.94764398,-1.04712042,-4.36300175,20.06980803
197,002141,贤丰控股,2026-07-27,普通席位买入，成功率43.42%,5.73,9.9808,208703855.0,294507889.0,85804034.0,380311923.0,1014337739.0,20.575381056585,37.493618582597,17.854,5918722122.54,日振幅值达到15%的前5只证券,0.0,9.94764398,-10.9947644,17.27748691
198,002156,通富微电,2026-08-17,3家机构买入，成功率44.62%,69.26,10.0064,1020979966.24,1958377606.34,937397640.1,2895775246.44,9941401425.0,10.269980283389,29.128440977727,9.7284,105098740895.72,日涨幅偏离值达到7%的前5只证券,2.02136876,-8.18654346,-11.5795553,
199,002156,通富微电,2026-08-03,4家机构卖出，成功率38.46%,51.34,-9.5011,222902801.95,1725578132.54,1502675330.59,3228253463.13,8527861653.0,2.613818223371,37.855368608077,10.6436,77905997077.48,日跌幅偏离值达到7%的前5只证券,8.29762369,12.97234125,23.10089599,34.90455785
200,002156,通富微电,2026-07-30,4家机构卖出，成功率20.00%,55.89,-10.0,-3199929796.58,4083610020.43,7283539817.01,11367149837.44,35246469819.0,-9.078724232561,32.250463367859,10.6114,84810404687.58,连续三个交易日内，跌幅偏离值累计达到20%的证券,1.50295223,-8.14099123,9.07139023,11.32581857
201,002156,通富微电,2026-07-30,3家机构卖出，成功率15.57%,55.89,-10.0,-477471270.21,1102675006.96,1580146277.17,2682821284.13,9191320254.0,-5.194806154232,29.188638954915,10.6114,84810404687.58,日跌幅偏离值达到7%的前5只证券,1.50295223,-8.14099123,9.07139023,11.32581857
202,002156,通富微电,2026-07-29,3家机构卖出，成功率18.81%,62.1,-10.0,-1029374049.25,1834606964.29,2863981013.54,4698587977.83,12485172165.0,-8.244772564176,37.633345505653,13.0596,94233782986.2,日跌幅偏离值达到7%的前5只证券,-10.0,-8.647343,-6.60225443,1.22383253
203,002172,澳洋健康,2026-08-25,4家机构买入，成功率16.12%,4.62,4.0541,-138260461.83,93883439.0,232143900.83,326027339.83,1121455557.0,-12.32866170817,29.071802069638,31.1906,3534950172.6,日换手率达到20%的前5只证券,,,,
204,002172,澳洋健康,2026-08-20,2家机构买入，成功率47.81%,4.44,9.901,129055377.2,183026147.2,53970770.0,236996917.2,829644048.0,15.555511729532,28.566096239866,26.3591,3397224841.2,日换手率达到20%的前5只证券,-9.00900901,0.0,,
205,002172,澳洋健康,2026-08-20,2家机构买入，成功率47.81%,4.44,9.901,129055377.2,183026147.2,53970770.0,236996917.2,829644048.0,15.555511729532,28.566096239866,26.3591,3397224841.2,日涨幅偏离值达到7%的前5只证券,-9.00900901,0.0,,
206,002172,澳洋健康,2026-08-20,2家机构买入，成功率47.81%,4.44,9.901,129055377.2,183026147.2,53970770.0,236996917.2,829644048.0,15.555511729532,28.566096239866,26.3591,3397224841.2,日振幅值达到15%的前5只证券,-9.00900901,0.0,,
207,002172,澳洋健康,2026-08-19,1家机构卖出，成功率33.88%,4.04,-10.0223,-145624726.15,64349429.0,209974155.15,274323584.15,1010261921.0,-14.414551624974,27.15370919637,29.9223,3091168549.2,日振幅值达到15%的前5只证券,9.9009901,0.0,,
208,002172,澳洋健康,2026-08-19,1家机构卖出，成功率33.88%,4.04,-10.0223,-145624726.15,64349429.0,209974155.15,274323584.15,1010261921.0,-14.414551624974,27.15370919637,29.9223,3091168549.2,日换手率达到20%的前5只证券,9.9009901,0.0,,
209,002172,澳洋健康,2026-08-18,2家机构卖出，成功率41.01%,4.49,-10.02,62258836.48,168042909.22,105784072.74,273826981.96,858458199.0,7.252401637322,31.897532375947,24.0635,3435481877.7,日跌幅偏离值达到7%的前5只证券,-10.02227171,-1.11358575,2.89532294,
210,002172,澳洋健康,2026-08-17,1家机构买入，成功率34.74%,4.99,9.9119,-2009005.14,123171290.0,125180295.14,248351585.14,980026101.0,-0.204995064718,25.341323551137,26.8557,3818052242.7,日换手率达到20%的前5只证券,-10.02004008,-19.03807615,-11.02204409,
211,002172,澳洋健康,2026-08-13,普通席位买入，成功率48.25%,4.13,10.1333,51791684.0,79112578.0,27320894.0,106433472.0,291896206.0,17.743185055307,36.462780197972,3.049,3160031214.9,连续三个交易日内，涨幅偏离值累计达到20%的证券,9.92736077,20.82324455,7.50605327,
212,002173,创新医疗,2026-08-12,1家机构买入，成功率38.93%,22.42,5.5556,143354078.35,358483292.96,215129214.61,573612507.57,2506672525.0,5.718899334487,22.883424214737,26.5758,9435793995.02,日换手率达到20%的前5只证券,-1.51650312,-5.04014273,-17.26137377,
213,002173,创新医疗,2026-07-29,2家机构卖出，成功率55.16%,20.48,-10.0176,-75001106.39,366360041.0,441361147.39,807721188.39,2546171274.0,-2.945642626475,31.722971531333,28.0489,8619315834.88,日换手率达到20%的前5只证券,-6.98242188,-4.58984375,3.80859375,9.47265625
214,002173,创新医疗,2026-07-29,2家机构卖出，成功率55.16%,20.48,-10.0176,-75001106.39,366360041.0,441361147.39,807721188.39,2546171274.0,-2.945642626475,31.722971531333,28.0489,8619315834.88,日振幅值达到15%的前5只证券,-6.98242188,-4.58984375,3.80859375,9.47265625
215,002173,创新医疗,2026-07-29,2家机构卖出，成功率55.16%,20.48,-10.0176,-75001106.39,366360041.0,441361147.39,807721188.39,2546171274.0,-2.945642626475,31.722971531333,28.0489,8619315834.88,日跌幅偏离值达到7%的前5只证券,-6.98242188,-4.58984375,3.80859375,9.47265625
216,002173,创新医疗,2026-07-28,买一主买，成功率37.29%,22.76,10.0048,141923353.09,204332505.09,62409152.0,266741657.09,843545809.0,16.824617178556,31.621478554462,8.8146,9578888105.56,日涨幅偏离值达到7%的前5只证券,-10.01757469,-16.30052724,-8.08435852,-6.67838313
217,002173,创新医疗,2026-07-27,3家机构买入，成功率29.47%,20.69,9.9947,171443843.91,602667019.99,431223176.08,1033890196.07,3758958753.0,4.560939748891,27.504696486623,10.0446,8707697491.39,连续三个交易日内，涨幅偏离值累计达到20%的证券,10.00483325,-1.01498308,-8.07153214,5.94490092
218,002185,华天科技,2026-07-30,4家机构卖出，成功率6.77%,14.91,-10.0181,-203073738.51,597416902.2,800490640.71,1397907542.91,6187454592.0,-3.282023899982,22.59261093758,12.0147,49591055592.12,日跌幅偏离值达到7%的前5只证券,3.75586854,-0.93896714,15.76123407,19.9195171
219,002194,武汉凡谷,2026-08-10,主力做T，成功率26.32%,10.0,-9.9099,-40982635.92,63286871.8,104269507.72,167556379.52,948596040.0,-4.32034651125,17.663617857819,18.1702,5146471500.0,日跌幅偏离值达到7%的前5只证券,10.0,10.3,5.6,-0.7
220,002195,岩山科技,2026-07-28,1家机构买入，成功率55.76%,6.83,9.9839,281306696.94,429649254.94,148342558.0,577991812.94,1570675638.0,17.909916607493,36.798929005863,4.2187,38356142374.71,日涨幅偏离值达到7%的前5只证券,-2.04978038,-3.36749634,2.92825769,0.29282577
221,002199,东晶电子,2026-08-03,1家机构卖出，成功率33.82%,12.3,-10.0219,-18896641.6,32814407.97,51711049.57,84525457.54,257367121.0,-7.34229047074,32.84236821377,8.9515,2840095743.9,日跌幅偏离值达到7%的前5只证券,10.0,11.78861789,13.82113821,4.47154472
222,002199,东晶电子,2026-07-29,1家机构买入，成功率34.93%,13.39,10.0247,13637698.05,59890057.99,46252359.94,106142417.93,352736183.0,3.866260028674,30.091162473684,8.7867,3091779025.27,连续三个交易日内，涨幅偏离值累计达到20%的证券,6.34802091,2.09111277,2.68857356,-1.19492158
223,002199,东晶电子,2026-07-29,2家机构买入，成功率53.95%,13.39,10.0247,3621425.99,42130309.99,38508884.0,80639193.99,256238725.0,1.413301596002,31.470338447087,8.7867,3091779025.27,日振幅值达到15%的前5只证券,6.34802091,2.09111277,2.68857356,-1.19492158
224,002202,金风科技,2026-08-11,2家机构卖出，成功率21.41%,19.92,-8.1181,-170042667.67,427470937.33,597513605.0,1024984542.33,4545158380.0,-3.74118245072,22.55112928166,6.7386,67001021213.52,日跌幅偏离值达到7%的前5只证券,2.61044177,5.07028112,10.49196787,-7.32931727
225,002211,ST宏达,2026-07-27,普通席位买入，成功率39.39%,3.78,9.8837,3077766.0,7064040.0,3986274.0,11050314.0,7967313.0,38.629911991659,138.695617958024,0.1773,1634758444.62,连续三个交易日内，涨幅偏离值累计达到20%的证券,10.05291005,4.76190476,-1.05820106,1.05820106
226,002212,天融信,2026-08-07,1家机构卖出，成功率27.57%,6.8,-7.6087,-124955304.36,77757891.54,202713195.9,280471087.44,1195380840.0,-10.453179453671,23.46290638555,14.5935,7934538744.4,日跌幅偏离值达到7%的前5只证券,-4.11764706,5.44117647,-2.35294118,-8.38235294
227,002212,天融信,2026-08-07,1家机构卖出，成功率27.57%,6.8,-7.6087,-124955304.36,77757891.54,202713195.9,280471087.44,1195380840.0,-10.453179453671,23.46290638555,14.5935,7934538744.4,日振幅值达到15%的前5只证券,-4.11764706,5.44117647,-2.35294118,-8.38235294
228,002212,天融信,2026-07-29,主力做T，成功率26.30%,6.6,10.0,127657126.18,271209381.58,143552255.4,414761636.98,918410127.0,13.899795138039,45.160830089584,6.4442,7701169957.8,连续三个交易日内，涨幅偏离值累计达到20%的证券,-4.6969697,-0.45454545,1.36363636,4.54545455
229,002218,拓日新能,2026-07-27,3家机构买入，成功率25.61%,4.24,0.9524,-22836869.92,98540233.47,121377103.39,219917336.86,954319178.0,-2.393001256441,23.044421817121,16.5956,5883754079.76,日振幅值达到15%的前5只证券,-4.95283019,-4.24528302,-2.12264151,1.41509434
230,002222,福晶科技,2026-07-29,1家机构卖出，成功率25.95%,52.56,-10.0,-179931644.16,304360811.84,484292456.0,788653267.84,2160551586.0,-8.328042029912,36.502403967132,8.6835,24606054087.84,日跌幅偏离值达到7%的前5只证券,-10.00761035,-6.71613394,10.74961948,24.6194825
231,002229,鸿博股份,2026-08-14,主力做T，成功率38.17%,12.56,-7.9853,-52027127.29,176678242.35,228705369.64,405383611.99,1971491459.0,-2.638972999477,20.562280913742,31.6583,6194143620.56,日换手率达到20%的前5只证券,10.03184713,0.15923567,-12.5,
232,002229,鸿博股份,2026-08-13,主力做T，成功率13.12%,13.65,5.732,-63058894.81,232181596.27,295240491.08,527422087.35,3084161645.0,-2.044604079434,17.100987174426,44.9192,6731692708.65,日换手率达到20%的前5只证券,-7.98534799,1.24542125,-20.73260073,
233,002229,鸿博股份,2026-08-12,普通席位买入，成功率45.76%,12.91,9.9659,165058515.18,252250621.45,87192106.27,339442727.72,1173899982.0,14.06069662756,28.915813350783,5.2469,6366751125.91,连续三个交易日内，涨幅偏离值累计达到20%的证券,5.7319907,-2.71107668,-12.31603408,
234,002229,鸿博股份,2026-08-11,1家机构买入，成功率34.03%,11.74,10.0281,99509339.59,181467846.23,81958506.64,263426352.87,840333599.0,11.841647139709,31.347830573891,14.8415,5789748893.74,日涨幅偏离值达到7%的前5只证券,9.96592845,16.26916525,7.15502555,-7.06984668
235,002235,安妮股份,2026-08-17,2家机构卖出，成功率21.44%,9.55,-8.4372,-33745447.09,85872662.31,119618109.4,205490771.71,823855486.0,-4.096039616589,24.942574905667,15.672,5286672784.1,日跌幅偏离值达到7%的前5只证券,-3.87434555,-8.58638743,-15.39267016,
236,002244,滨江集团,2026-08-04,4家机构卖出，成功率13.05%,8.52,-5.5432,-61186544.5,45406058.8,106592603.3,151998662.1,444448603.0,-13.766843699585,34.199378977461,1.8715,23494320376.8,日跌幅偏离值达到7%的前5只证券,1.29107981,0.46948357,1.64319249,6.80751174
237,002248,华东数控,2026-08-20,3家机构卖出，成功率29.64%,10.08,-10.0,-43699186.8,38373966.94,82073153.74,120447120.68,646182283.0,-6.762671764555,18.639805492779,20.7235,3099555648.0,日跌幅偏离值达到7%的前5只证券,-1.09126984,-4.96031746,,
238,002248,华东数控,2026-08-18,3家机构买入，成功率19.63%,12.44,5.4237,4299778.2,118111736.0,113811957.8,231923693.8,1190147253.0,0.361281193496,19.486974676066,31.6062,3825245264.0,日换手率达到20%的前5只证券,-9.96784566,-18.97106109,-20.81993569,
239,002248,华东数控,2026-08-17,4家机构买入，成功率26.45%,11.8,0.1698,-142712251.2,101101377.0,243813628.2,344915005.2,1054798112.0,-13.529816708659,32.699622920827,28.9645,3628448080.0,日换手率达到20%的前5只证券,5.42372881,-5.08474576,-18.81355932,
240,002248,华东数控,2026-08-14,4家机构买入，成功率38.80%,11.78,0.3407,9923616.94999999,108503841.74,98580224.79,207084066.53,995610485.0,0.996736886514,20.799707280102,28.0183,3622298168.0,日振幅值达到15%的前5只证券,0.16977929,5.60271647,-15.36502547,
241,002248,华东数控,2026-08-13,主力做T，成功率40.83%,11.74,-3.5333,-32183920.93,101857751.0,134041671.93,235899422.93,1213003089.0,-2.653243113876,19.447553354912,32.7923,3609998344.0,日换手率达到20%的前5只证券,0.3407155,0.51107325,-14.13969336,
242,002248,华东数控,2026-08-11,普通席位买入，成功率43.28%,11.06,10.0498,153609641.2,211576508.2,57966867.0,269543375.2,581446601.0,26.418529394757,46.357373959436,7.0777,3400901336.0,连续三个交易日内，涨幅偏离值累计达到20%的证券,10.03616637,6.1482821,12.47739602,-10.9403255
243,002258,利尔化学,2026-07-30,浙江资金买入，成功率43.89%,16.18,9.9932,70839140.38,143421665.78,72582525.4,216004191.18,593390689.0,11.938026951414,36.401681924605,4.6127,12930222649.1,日涨幅偏离值达到7%的前5只证券,-1.73053152,-9.20889988,-11.61928307,-15.2657602
244,002265,建设工业,2026-07-27,2家机构买入，成功率36.43%,19.81,2.4302,-24449039.91,53678575.45,78127615.36,131806190.81,859939752.0,-2.843110793883,15.32737502871,4.2388,20464530462.67,日振幅值达到15%的前5只证券,-6.9661787,-6.86521959,-3.43260979,3.73548713
245,002279,久其软件,2026-07-30,2家机构买入，成功率14.85%,6.8,1.949,-8125544.98000002,208762565.1,216888110.08,425650675.18,1844326199.0,-0.440569839782,23.078925810998,13.2771,5409395138.0,连续三个交易日内，涨幅偏离值累计达到20%的证券,1.47058824,1.47058824,2.64705882,3.08823529
246,002281,光迅科技,2026-08-07,2家机构买入，成功率33.65%,193.04,10.0006,69192622.3899999,1990807466.34,1921614843.95,3912422310.29,13289069179.0,0.520673204857,29.440905586319,8.9,151793230454.08,日涨幅偏离值达到7%的前5只证券,-7.63572317,-4.64670535,-0.78740157,-7.49067551
247,002281,光迅科技,2026-08-04,3家机构买入，成功率29.34%,172.32,10.0032,424554487.06,1515355454.81,1090800967.75,2606156422.56,6587355813.0,6.444990966211,39.563012786053,4.9946,135500463488.64,日涨幅偏离值达到7%的前5只证券,-0.44684308,1.83960074,6.81870938,14.69359331
248,002281,光迅科技,2026-07-30,4家机构卖出，成功率39.06%,152.33,-10.0024,-43803044.5400001,1038521065.13,1082324109.67,2120845174.8,6146684424.0,-0.712628817724,34.50388906447,5.0596,118811329954.16,日跌幅偏离值达到7%的前5只证券,6.11829581,2.83594827,15.20383378,21.34838837
249,002303,美盈森,2026-08-06,3家机构买入，成功率21.25%,5.59,6.8834,13424344.38,319752439.58,306328095.2,626080534.78,1946685072.0,0.689600211821,32.161367228073,13.8075,5966562104.75,连续三个交易日内，涨幅偏离值累计达到20%的证券,-4.47227191,-2.14669052,-5.90339893,-17.5313059
250,002309,中利集团,2026-07-28,1家机构买入，成功率43.30%,3.37,10.1307,187049017.66,319996918.56,132947900.9,452944819.46,1368003323.0,13.673140592218,33.109920995419,6.7865,8108665877.96,连续三个交易日内，涨幅偏离值累计达到20%的证券,-2.67062315,-5.34124629,-2.07715134,1.18694362
251,002310,东方新能,2026-07-28,2家机构买入，成功率32.13%,2.65,9.9585,66754398.92,163256599.0,96502200.08,259758799.08,1064370618.0,6.271725073117,24.404920117778,9.3117,11657375047.8,日涨幅偏离值达到7%的前5只证券,-1.13207547,-6.03773585,-3.77358491,-3.77358491
252,002310,东方新能,2026-07-28,1家机构买入，成功率29.48%,2.65,9.9585,124525543.44,235888022.52,111362479.08,347250501.6,1446582352.0,8.608258165727,24.004889947669,9.3117,11657375047.8,连续三个交易日内，涨幅偏离值累计达到20%的证券,-1.13207547,-6.03773585,-3.77358491,-3.77358491
253,002322,理工能科,2026-08-14,主力做T，成功率21.22%,13.05,10.0337,28099339.94,84350002.0,56250662.06,140600664.06,386515493.0,7.269912965688,36.376462679078,7.1463,4585521123.45,连续三个交易日内，涨幅偏离值累计达到20%的证券,-0.45977011,-2.83524904,-9.96168582,
254,002329,皇氏集团,2026-08-18,5家机构卖出，成功率6.67%,4.23,-2.9817,-22246444.28,107220099.0,129466543.28,236686642.28,826365792.0,-2.692081944263,28.641873196029,29.4885,2756238068.52,日换手率达到20%的前5只证券,-9.92907801,-17.0212766,-7.56501182,
255,002329,皇氏集团,2026-08-17,5家机构买入，成功率40.37%,4.36,2.1077,28058803.18,144631273.83,116572470.65,261203744.48,912973206.0,3.0733435544,28.610231139686,32.7331,2840945148.64,日换手率达到20%的前5只证券,-2.98165138,-12.6146789,-16.74311927,
256,002329,皇氏集团,2026-08-14,1家机构卖出，成功率36.82%,4.27,-7.5758,11107819.43,104905074.75,93797255.32,198702330.07,1026690820.0,1.081905011092,19.353667744882,37.0593,2782301785.48,日换手率达到20%的前5只证券,2.10772834,-0.93676815,-13.34894614,
257,002329,皇氏集团,2026-08-13,2家机构买入，成功率36.70%,4.62,10.0,-6074948.59999999,110071027.98,116145976.58,226217004.56,1234268534.0,-0.492190186548,18.328021684785,24.2684,3010359308.88,连续三个交易日内，涨幅偏离值累计达到20%的证券,-7.57575758,-5.62770563,-24.02597403,
258,002329,皇氏集团,2026-08-11,2家机构买入，成功率25.19%,3.82,10.0865,6328123.55,88943086.09,82614962.54,171558048.63,496567474.0,1.27437334931,34.548788958739,7.9389,2489084969.68,连续三个交易日内，涨幅偏离值累计达到20%的证券,9.94764398,20.94240838,10.73298429,2.35602094
259,002333,罗普斯金,2026-08-20,2家机构卖出，成功率24.55%,5.71,-9.9369,-53657066.0,22150761.0,75807827.0,97958588.0,285006917.0,-18.826583777263,34.370600205468,7.1885,3805730491.23,日振幅值达到15%的前5只证券,-8.75656743,-7.70577933,,
260,002346,柘中股份,2026-08-20,2家机构卖出，成功率21.49%,23.67,-10.0,-8024657.34999999,116737667.01,124762324.36,241499991.37,520509146.0,-1.54169382261,46.396877600687,4.8088,10452090096.72,日跌幅偏离值达到7%的前5只证券,-2.53485425,-9.92817913,,
261,002346,柘中股份,2026-08-19,4家机构买入，成功率21.49%,26.3,0.7663,-102131766.24,363755750.05,465887516.29,829643266.34,1636501184.0,-6.240861127296,50.696160470361,3.9207,11613433440.8,连续三个交易日内，涨幅偏离值累计达到20%的证券,-10.0,-12.28136882,,
262,002350,北京科锐,2026-08-11,3家机构卖出，成功率17.37%,15.01,-10.012,-117741864.6,64696638.0,182438502.6,247135140.6,527997615.0,-22.299696296924,46.806109266232,6.5135,7963556565.71,日跌幅偏离值达到7%的前5只证券,1.6655563,0.19986676,0.33311126,-4.33044637
263,002353,杰瑞股份,2026-08-17,4家机构买入，成功率24.22%,166.09,10.0007,-139461765.53,803808606.03,943270371.56,1747078977.59,3390936161.0,-4.11278062778,51.522025029064,3.0499,114779893531.85,日涨幅偏离值达到7%的前5只证券,-2.13137456,-9.38647721,-14.21518454,
264,002353,杰瑞股份,2026-07-27,4家机构买入，成功率18.84%,151.02,10.0007,-357493612.99,2673665004.39,3031158617.38,5704823621.77,10847710269.0,-3.295567489589,52.590117917077,4.4401,104365461624.3,连续三个交易日内，涨幅偏离值累计达到20%的证券,-9.99867567,-7.49569593,-13.4220633,-3.42338763
265,002353,杰瑞股份,2026-07-27,2家机构买入，成功率6.54%,151.02,10.0007,-630853812.61,960940929.58,1591794742.19,2552735671.77,4389262047.0,-14.372662325804,58.158652740152,4.4401,104365461624.3,日涨幅偏离值达到7%的前5只证券,-9.99867567,-7.49569593,-13.4220633,-3.42338763
266,002354,天娱数科,2026-08-13,3家机构卖出，成功率41.28%,8.35,-2.1102,242207177.46,621892915.32,379685737.86,1001578653.18,4160136805.0,5.822096455311,24.07561818583,29.7957,13585398054.65,日换手率达到20%的前5只证券,-2.51497006,-1.31736527,-12.69461078,
267,002354,天娱数科,2026-08-12,2家机构买入，成功率10.15%,8.53,2.524,-33710852.88,394853887.63,428564740.51,823418628.14,4066143520.0,-0.829062051405,20.250604143456,29.1215,13878256934.87,日换手率达到20%的前5只证券,-2.1101993,-4.57209848,-13.48182884,
268,002354,天娱数科,2026-08-10,1家机构买入，成功率16.28%,8.37,4.2341,-294184501.37,447142487.19,741326988.56,1188469475.75,3619402276.0,-8.127985753911,32.836070298973,27.011,13617937930.23,日换手率达到20%的前5只证券,-0.59737157,1.91158901,-1.55316607,-16.96535245
269,002354,天娱数科,2026-08-06,3家机构买入，成功率15.81%,8.1,2.2727,-95246886.21,400552692.07,495799578.28,896352270.35,3535214191.0,-2.694232401886,25.354963572842,27.1299,13178649609.9,日换手率达到20%的前5只证券,-0.86419753,3.33333333,3.08641975,-10.0
270,002354,天娱数科,2026-08-05,3家机构买入，成功率21.25%,7.92,0.5076,39236137.47,608304843.2,569068705.73,1177373548.93,4360854155.0,0.89973514535,26.998691244468,33.8004,12885790729.68,日换手率达到20%的前5只证券,2.27272727,1.38888889,7.7020202,-6.81818182
271,002354,天娱数科,2026-08-04,3家机构买入，成功率25.84%,7.88,10.0559,-100509455.55,487600946.77,588110402.32,1075711349.09,3737448765.0,-2.689253067259,28.781969111221,30.6672,12820710978.52,日涨幅偏离值达到7%的前5只证券,0.50761421,2.79187817,5.58375635,0.50761421
272,002354,天娱数科,2026-08-04,3家机构买入，成功率25.84%,7.88,10.0559,-100509455.55,487600946.77,588110402.32,1075711349.09,3737448765.0,-2.689253067259,28.781969111221,30.6672,12820710978.52,日换手率达到20%的前5只证券,0.50761421,2.79187817,5.58375635,0.50761421
273,002354,天娱数科,2026-08-04,3家机构买入，成功率15.55%,7.88,10.0559,166733306.97,812830648.03,646097341.06,1458927989.09,5770079219.0,2.889619026737,25.284366708276,30.6672,12820710978.52,连续三个交易日内，涨幅偏离值累计达到20%的证券,0.50761421,2.79187817,5.58375635,0.50761421
274,002354,天娱数科,2026-08-03,2家机构买入，成功率40.68%,7.16,9.9846,-4527357.84,127722221.56,132249579.4,259971800.96,899277931.0,-0.503443672299,28.908949280109,7.7326,11649275457.64,日涨幅偏离值达到7%的前5只证券,10.05586592,10.61452514,16.89944134,15.08379888
275,002361,神剑股份,2026-08-19,3家机构卖出，成功率20.35%,11.27,-7.0132,-264832665.9,287378259.01,552210924.91,839589183.92,2971295964.0,-8.913035561206,28.25666625245,29.9358,9517774029.68,日换手率达到20%的前5只证券,-9.05057675,-7.18722272,,
276,002361,神剑股份,2026-08-19,3家机构卖出，成功率20.35%,11.27,-7.0132,-264832665.9,287378259.01,552210924.91,839589183.92,2971295964.0,-8.913035561206,28.25666625245,29.9358,9517774029.68,日振幅值达到15%的前5只证券,-9.05057675,-7.18722272,,
277,002361,神剑股份,2026-08-04,2家机构买入，成功率22.89%,11.1,10.0099,-97248132.51,629605517.27,726853649.78,1356459167.05,3656136089.0,-2.659860851531,37.100893785959,27.4445,9374205122.4,连续三个交易日内，涨幅偏离值累计达到20%的证券,2.79279279,5.40540541,6.66666667,9.18918919
278,002365,永安药业,2026-08-21,2家机构买入，成功率40.82%,16.59,5.2665,35237272.23,210482137.53,175244865.3,385727002.83,1490578867.0,2.363999182473,25.877664803227,37.6181,4069335667.53,日换手率达到20%的前5只证券,-8.92103677,-5.24412297,,
279,002365,永安药业,2026-08-20,主力做T，成功率44.02%,15.76,9.9791,49576538.53,162419348.0,112842809.47,275262157.47,1141291963.0,4.343896227893,24.118469803857,29.8079,3865746239.92,日换手率达到20%的前5只证券,5.26649746,-4.12436548,,
280,002365,永安药业,2026-08-20,主力做T，成功率44.02%,15.76,9.9791,49576538.53,162419348.0,112842809.47,275262157.47,1141291963.0,4.343896227893,24.118469803857,29.8079,3865746239.92,日涨幅偏离值达到7%的前5只证券,5.26649746,-4.12436548,,
281,002365,永安药业,2026-08-19,主力做T，成功率27.12%,14.33,-7.8457,-111759646.37,115605641.0,227365287.37,342970928.37,846971783.0,-13.195203029568,40.493784474754,23.8264,3514983732.11,日换手率达到20%的前5只证券,9.9790649,15.77110956,,
282,002379,宏桥控股,2026-08-12,1家机构买入，成功率34.33%,21.34,10.0,431153969.88,574419855.88,143265886.0,717685741.88,1486559692.0,29.003475084134,48.27829960292,6.2668,24250215889.02,日涨幅偏离值达到7%的前5只证券,-5.3420806,-9.60637301,-13.07403936,
283,002379,宏桥控股,2026-08-03,4家机构卖出，成功率38.81%,18.69,-10.0144,7086711.78,193904563.06,186817851.28,380722414.34,1390919826.0,0.50949822179,27.371988465711,6.4533,21238825443.57,日跌幅偏离值达到7%的前5只证券,2.99625468,0.80256822,5.72498662,5.08293205
284,002384,东山精密,2026-08-05,3家机构买入，成功率38.76%,188.83,5.4386,502613549.89,4806544850.63,4303931300.74,9110476151.37,24440703484.0,2.056461059801,37.275834377411,9.7457,261779130954.09,日振幅值达到15%的前5只证券,-0.6090134,3.41047503,6.01599322,4.3796007
285,002384,东山精密,2026-08-04,主力做T，成功率48.40%,179.09,9.9994,1586739494.63,3406800952.15,1820061457.52,5226862409.67,15329027515.0,10.351207818482,34.097808256625,6.2624,248276357372.07,日涨幅偏离值达到7%的前5只证券,5.43860629,4.79647105,8.25283377,19.39248423
286,002384,东山精密,2026-07-30,3家机构卖出，成功率26.08%,161.8,-10.0011,-236415756.24,2452219490.68,2688635246.92,5140854737.6,17487070725.0,-1.351946017477,29.398032514677,7.6483,224306854781.4,日跌幅偏离值达到7%的前5只证券,5.98269468,0.62422744,15.99505562,24.91347342
287,002385,大北农,2026-08-18,1家机构买入，成功率36.76%,3.38,10.0977,39558888.74,148373337.4,108814448.66,257187786.06,1049420951.0,3.769592050007,24.507590191993,8.991,12051770489.98,日涨幅偏离值达到7%的前5只证券,-4.43786982,0.88757396,-3.55029586,
288,002388,新亚制程,2026-07-29,4家机构卖出，成功率40.23%,4.94,-6.4394,36733166.0,121554214.0,84821048.0,206375262.0,743075618.0,4.943395410937,27.773117163427,29.5503,2500274518.3,日换手率达到20%的前5只证券,-9.91902834,-5.87044534,-0.60728745,23.68421053
289,002388,新亚制程,2026-07-27,4家机构买入，成功率24.83%,4.8,10.0917,24718589.0,126922629.0,102204040.0,229126669.0,534425431.0,4.625264361718,42.87345917863,13.2838,2429416536.0,连续三个交易日内，涨幅偏离值累计达到20%的证券,10.0,2.91666667,-2.08333333,19.58333333
290,002396,星网锐捷,2026-08-21,1家机构买入，成功率39.35%,33.17,10.0166,402753375.14,638176380.36,235423005.22,873599385.58,2406313239.0,16.7373627262,36.304474888026,9.801,25123459066.02,日涨幅偏离值达到7%的前5只证券,-3.2861019,-7.02441966,,
291,002396,星网锐捷,2026-08-13,2家机构买入，成功率31.62%,32.38,9.9864,63429693.8399999,625804122.55,562374428.71,1188178551.26,3500496315.0,1.812020014653,33.943145323951,14.6724,24525101132.28,日涨幅偏离值达到7%的前5只证券,0.89561458,4.72513897,-6.88696726,
292,002396,星网锐捷,2026-08-05,1家机构买入，成功率32.26%,28.7,10.0038,161557335.24,537359853.57,375802518.33,913162371.9,2722637810.0,5.933853362596,33.5396198696,12.8078,21737813542.2,日涨幅偏离值达到7%的前5只证券,1.11498258,3.1358885,2.57839721,2.71777003
293,002396,星网锐捷,2026-07-29,4家机构卖出，成功率39.69%,26.32,-7.095,630783213.07,2293328466.55,1662545253.48,3955873720.03,11601654259.0,5.437010955405,34.097497061346,18.0654,19935165589.92,连续三个交易日内，跌幅偏离值累计达到20%的证券,-7.18085106,-0.98784195,9.04255319,11.85410334
294,002400,省广集团,2026-08-14,1家机构卖出，成功率16.22%,7.16,-9.9371,-199800029.33,177747477.03,377547506.36,555294983.39,1821172899.0,-10.970953358668,30.491063407264,14.4274,12359338664.88,日跌幅偏离值达到7%的前5只证券,-2.23463687,-5.72625698,-10.19553073,
295,002407,多氟多,2026-08-07,4家机构买入，成功率26.63%,36.54,1.2469,-14751680.09,1004862878.12,1019614558.21,2024477436.33,10877556451.0,-0.135615753009,18.611509353683,27.5493,39496754535.84,日换手率达到20%的前5只证券,5.39135194,2.02517789,7.17022441,-1.06732348
296,002407,多氟多,2026-08-06,2家机构买入，成功率28.45%,36.09,9.997,-38280588.48,898104266.91,936384855.39,1834489122.3,7607945021.0,-0.503165945263,24.112807298637,20.686,39010341302.64,日涨幅偏离值达到7%的前5只证券,1.24688279,6.70545858,7.98004988,-0.22166805
297,002407,多氟多,2026-07-28,3家机构买入，成功率36.95%,34.2,1.8767,-314510542.24,800625915.96,1115136458.2,1915762374.16,9474285975.0,-3.319622640375,20.220651764314,25.5114,36967405723.2,日换手率达到20%的前5只证券,-6.4619883,-10.64327485,-8.30409357,9.00584795
298,002407,多氟多,2026-07-27,3家机构买入，成功率39.05%,33.57,9.9934,247560536.62,816748510.59,569187973.97,1385936484.56,6656065210.0,3.719322584882,20.822159050933,19.5008,36286427196.72,日涨幅偏离值达到7%的前5只证券,1.8766756,-4.70658326,-10.60470658,14.71551981
299,002409,雅克科技,2026-08-03,4家机构卖出，成功率38.46%,120.91,-9.6338,490122501.43,988991541.79,498869040.36,1487860582.15,4764342414.0,10.287306386497,31.229085839379,12.0737,38512585339.77,日跌幅偏离值达到7%的前5只证券,7.08791663,16.30138119,28.3930196,31.51104127
300,002409,雅克科技,2026-07-31,4家机构卖出，成功率5.17%,133.8,-2.3072,-228094246.68,2814953071.48,3043047318.16,5858000389.64,20267521200.0,-1.125417580321,28.90338848956,15.1151,42618343548.6,连续三个交易日内，跌幅偏离值累计达到20%的证券,-9.63378176,-3.22869955,11.19581465,13.01943199
301,002409,雅克科技,2026-07-27,1家机构买入，成功率28.22%,169.35,10.0032,178607866.93,1069465409.54,890857542.61,1960322952.15,8579165121.0,2.081879348525,22.849810261275,16.4515,53941827204.45,日涨幅偏离值达到7%的前5只证券,-1.72423974,-10.13876587,-28.60348391,-8.3318571
302,002412,汉森制药,2026-08-25,3家机构买入，成功率37.62%,12.33,9.9911,-102295843.37,98383197.86,200679041.23,299062239.09,1236227036.0,-8.274842758737,24.191530388921,21.2659,6138428850.0,日涨幅偏离值达到7%的前5只证券,,,,
303,002412,汉森制药,2026-08-24,1家机构买入，成功率37.00%,11.21,10.0098,84384276.42,143830884.42,59446608.0,203277492.42,633477153.0,13.320808180749,32.089159247074,7.3328,5580842450.0,连续三个交易日内，涨幅偏离值累计达到20%的证券,9.99107939,,,
304,002412,汉森制药,2026-08-20,买一主买，成功率31.35%,9.26,9.9762,80924230.02,115269627.02,34345397.0,149615024.02,302421473.0,26.758757973512,49.472354768935,0.8734,4610044700.0,连续三个交易日内，涨幅偏离值累计达到20%的证券,10.04319654,21.05831533,,
305,002421,达实智能,2026-08-13,3家机构卖出，成功率11.80%,3.57,-7.9897,-174253491.39,182026507.75,356279999.14,538306506.89,1960940751.0,-8.886219091583,27.451441692743,26.2707,7269230969.07,日跌幅偏离值达到7%的前5只证券,-4.48179272,-3.64145658,-13.16526611,
306,002421,达实智能,2026-08-05,2家机构买入，成功率21.06%,3.53,1.4368,-66710882.26,295119635.87,361830518.13,656950154.0,2480565407.0,-2.689341795695,26.483887590552,34.2292,7187783003.03,日换手率达到20%的前5只证券,-2.54957507,-3.39943343,9.91501416,-13.03116147
307,002421,达实智能,2026-08-04,2家机构买入，成功率25.12%,3.48,10.1266,102590327.06,431998856.33,329408529.27,761407385.6,2023229445.0,5.070622479993,37.633269300309,16.4807,7085973045.48,连续三个交易日内，涨幅偏离值累计达到20%的证券,1.43678161,-1.14942529,1.43678161,-4.59770115
308,002425,凯撒文化,2026-08-07,2家机构卖出，成功率34.79%,3.48,-8.9005,-46978396.09,54747369.95,101725766.04,156473135.99,716963500.0,-6.552411118558,21.82442146497,22.2992,3202247012.04,日跌幅偏离值达到7%的前5只证券,-4.88505747,-0.28735632,-6.6091954,-12.06896552
309,002425,凯撒文化,2026-08-06,主力做T，成功率40.22%,3.82,10.0865,-645481.640000001,128874479.3,129519960.94,258394440.24,610160073.0,-0.105788901726,42.348631395945,11.9629,3515110225.86,连续三个交易日内，涨幅偏离值累计达到20%的证券,-8.90052356,-13.35078534,-12.82722513,-19.37172775
310,002428,云南锗业,2026-08-07,3家机构买入，成功率38.78%,100.08,10.0022,-75641946.0699999,2064391612.29,2140033558.36,4204425170.65,11740853253.0,-0.644262767279,35.810218218814,18.2697,65355805350.0,日涨幅偏离值达到7%的前5只证券,2.4980016,0.19984013,1.50879297,0.79936051
311,002428,云南锗业,2026-08-06,2家机构买入，成功率42.50%,90.98,9.9988,1153853827.89,2370099930.67,1216246102.78,3586346033.45,12527546124.0,9.210533463369,28.62768173393,11.9683,59413181162.5,连续三个交易日内，涨幅偏离值累计达到20%的证券,10.00219829,12.75005496,10.14508683,13.82721477
312,002428,云南锗业,2026-08-06,2家机构买入，成功率44.74%,90.98,9.9988,479146325.25,1382725102.56,903578777.31,2286303879.87,7063060985.0,6.78383389677,32.369873129023,11.9683,59413181162.5,日涨幅偏离值达到7%的前5只证券,10.00219829,12.75005496,10.14508683,13.82721477
313,002428,云南锗业,2026-08-05,买一主买，成功率47.29%,82.71,10.0013,726249356.0,947704670.0,221455314.0,1169159984.0,2573391860.0,28.221483377195,45.432644836298,4.7655,54012576543.75,日涨幅偏离值达到7%的前5只证券,9.99879096,21.00108814,28.13444565,26.58686979
314,002432,九安医疗,2026-07-31,3家机构买入，成功率31.16%,68.46,9.9936,113549539.31,562032958.73,448483419.42,1010516378.15,3216973827.0,3.529700439493,31.412017395627,10.9114,29935810490.04,日涨幅偏离值达到7%的前5只证券,-5.5652936,-1.6944201,6.07654105,6.93835817
315,002436,兴森科技,2026-08-17,4家机构买入，成功率40.91%,38.3,9.9943,344968772.87,1108134843.96,763166071.09,1871300915.05,5719406783.0,6.03154813005,32.718444168233,10.1677,58136663694.8,日涨幅偏离值达到7%的前5只证券,-1.93211488,-11.74934726,-13.21148825,
316,002437,誉衡药业,2026-08-25,2家机构买入，成功率45.79%,4.3,9.1371,55695778.41,410360113.99,354664335.58,765024449.57,3342669553.0,1.666206531244,22.886631102479,37.6362,9030661559.3,日换手率达到20%的前5只证券,,,,
317,002437,誉衡药业,2026-08-24,3家机构卖出，成功率23.32%,3.94,-9.4253,-81194875.58,205403564.76,286598440.34,492002005.1,2316942508.0,-3.504397510929,21.234968213549,26.9923,8274606172.94,日换手率达到20%的前5只证券,9.13705584,,,
318,002437,誉衡药业,2026-08-21,主力做T，成功率40.28%,4.35,-8.0338,-183332481.99,366312073.21,549644555.2,915956628.41,2994888034.0,-6.121513723007,30.58400240715,31.8376,9135669251.85,日换手率达到20%的前5只证券,-9.42528736,-1.14942529,,
319,002437,誉衡药业,2026-08-20,买一主买，成功率38.64%,4.73,10.0,430870388.01,612126102.8,181255714.79,793381817.59,2222111537.0,19.390133250994,35.703960146893,22.9569,9933727715.23,日涨幅偏离值达到7%的前5只证券,-8.03382664,-16.70190275,,
320,002437,誉衡药业,2026-08-19,3家机构卖出，成功率24.17%,4.3,-9.6639,-135509110.79,391845482.74,527354593.53,919200076.27,3387760605.0,-3.999961230732,27.132970225622,35.1525,9030661559.3,日换手率达到20%的前5只证券,10.0,1.1627907,,
321,002437,誉衡药业,2026-08-19,3家机构卖出，成功率24.17%,4.3,-9.6639,-135509110.79,391845482.74,527354593.53,919200076.27,3387760605.0,-3.999961230732,27.132970225622,35.1525,9030661559.3,日振幅值达到15%的前5只证券,10.0,1.1627907,,
322,002437,誉衡药业,2026-08-18,2家机构卖出，成功率24.24%,4.76,-4.4177,-86256685.03,446664378.63,532921063.66,979585442.29,3925831406.0,-2.197157139712,24.952305409572,38.739,9996732330.76,日换手率达到20%的前5只证券,-9.66386555,-0.6302521,-9.66386555,
323,002437,誉衡药业,2026-08-17,1家机构买入，成功率47.11%,4.98,9.9338,88257028.53,439889148.83,351632120.3,791521269.13,2964663734.0,2.976965904019,26.698517611036,29.8589,10458766177.98,日换手率达到20%的前5只证券,-4.41767068,-13.65461847,-20.88353414,
324,002437,誉衡药业,2026-08-17,1家机构买入，成功率47.11%,4.98,9.9338,88257028.53,439889148.83,351632120.3,791521269.13,2964663734.0,2.976965904019,26.698517611036,29.8589,10458766177.98,日涨幅偏离值达到7%的前5只证券,-4.41767068,-13.65461847,-20.88353414,
325,002437,誉衡药业,2026-08-14,2家机构买入，成功率36.56%,4.53,6.5882,-89425705.16,511149867.16,600575572.32,1111725439.48,4194545608.0,-2.131952147318,26.504073226899,44.2706,9513696945.03,日换手率达到20%的前5只证券,9.93377483,5.07726269,-3.97350993,
326,002437,誉衡药业,2026-08-13,1家机构买入，成功率46.74%,4.25,10.1036,-87415006.92,285915676.15,373330683.07,659246359.22,1954086347.0,-4.473446480715,33.736808009129,22.8974,8925653866.75,日涨幅偏离值达到7%的前5只证券,6.58823529,17.17647059,11.29411765,
327,002437,誉衡药业,2026-08-13,2家机构买入，成功率44.82%,4.25,10.1036,-88396123.0,415866411.0,504262534.0,920128945.0,3995105797.0,-2.212610316012,23.031403716291,22.8974,8925653866.75,连续三个交易日内，涨幅偏离值累计达到20%的证券,6.58823529,17.17647059,11.29411765,
328,002437,誉衡药业,2026-08-13,1家机构买入，成功率46.74%,4.25,10.1036,-87415006.92,285915676.15,373330683.07,659246359.22,1954086347.0,-4.473446480715,33.736808009129,22.8974,8925653866.75,日振幅值达到15%的前5只证券,6.58823529,17.17647059,11.29411765,
329,002437,誉衡药业,2026-08-12,1家机构买入，成功率36.77%,3.86,9.9715,27056080.43,229740738.0,202684657.57,432425395.57,2041019450.0,1.325616001847,21.186735656537,25.629,8106593864.86,日换手率达到20%的前5只证券,10.10362694,17.35751295,11.39896373,
330,002437,誉衡药业,2026-08-12,1家机构买入，成功率36.77%,3.86,9.9715,27056080.43,229740738.0,202684657.57,432425395.57,2041019450.0,1.325616001847,21.186735656537,25.629,8106593864.86,日涨幅偏离值达到7%的前5只证券,10.10362694,17.35751295,11.39896373,
331,002437,誉衡药业,2026-08-11,1家机构买入，成功率38.75%,3.51,2.3324,44674366.17,495803711.22,451129345.05,946933056.27,4394298154.0,1.016643946413,21.549130784584,28.09,7371540017.01,连续三个交易日内，涨幅偏离值累计达到20%的证券,9.97150997,21.08262108,35.61253561,22.50712251
332,002445,中南文化,2026-08-25,普通席位买入，成功率43.33%,3.71,10.089,2398216.9,17410862.0,15012645.1,32423507.1,37105790.0,6.463187820553,87.381260714298,0.2385,8778803167.33,连续三个交易日内，涨幅偏离值累计达到20%的证券,,,,
333,002463,沪电股份,2026-08-04,4家机构买入，成功率20.74%,111.77,9.999,-117800651.02,1205108529.2,1322909180.22,2528017709.42,7322469100.0,-1.608755863784,34.52411577155,3.487,214917138532.72,日涨幅偏离值达到7%的前5只证券,3.42667979,4.85819093,8.25802988,10.57528854
334,002484,江海股份,2026-07-27,2家机构买入，成功率44.06%,69.95,10.0016,352505043.2,1076844735.73,724339692.53,1801184428.26,2725087235.0,12.935550784304,66.096395195217,4.9516,57391877549.25,日涨幅偏离值达到7%的前5只证券,-9.99285204,-12.22301644,-22.91636883,-5.48963545
335,002487,大金重工,2026-08-24,3家机构卖出，成功率16.36%,35.26,-10.0051,-90043260.73,200671179.27,290714440.0,491385619.27,1332183268.0,-6.759074587777,36.885737200987,5.8099,22246248579.16,日跌幅偏离值达到7%的前5只证券,-0.28360749,,,
336,002490,山东墨龙,2026-07-27,西藏自治区资金卖出，成功率25.91%,7.3,-7.8283,15361529.42,61410508.42,46048979.0,107459487.42,587846163.0,2.613188685558,18.280205636045,15.081,3954570600.0,日跌幅偏离值达到7%的前5只证券,2.19178082,1.23287671,1.36986301,8.49315068
337,002491,通鼎互联,2026-08-25,2家机构买入，成功率5.87%,21.4,2.8352,-455416165.97,592448684.34,1047864850.31,1640313534.65,6021230751.0,-7.563506279748,27.242163645324,24.2818,25176432234.4,日换手率达到20%的前5只证券,,,,
338,002491,通鼎互联,2026-08-21,2家机构买入，成功率46.37%,21.2,10.0156,107468920.49,871358898.96,763889978.47,1635248877.43,7263185994.0,1.479638833134,22.514209036928,30.4578,24941138475.2,日换手率达到20%的前5只证券,-1.83962264,0.94339623,,
339,002491,通鼎互联,2026-08-21,2家机构买入，成功率46.37%,21.2,10.0156,107468920.49,871358898.96,763889978.47,1635248877.43,7263185994.0,1.479638833134,22.514209036928,30.4578,24941138475.2,日涨幅偏离值达到7%的前5只证券,-1.83962264,0.94339623,,
340,002491,通鼎互联,2026-08-20,1家机构买入，成功率47.35%,19.27,9.9886,345615788.81,638214828.87,292599040.06,930813868.93,4235345286.0,8.160274203674,21.977284166342,19.103,22670553698.92,日涨幅偏离值达到7%的前5只证券,10.01556824,7.99169694,,
341,002491,通鼎互联,2026-08-12,1家机构买入，成功率33.97%,18.84,9.9825,179092880.53,360764932.71,181672052.18,542436984.89,1472346436.0,12.163773154948,36.841667940846,6.928,22164672116.64,日涨幅偏离值达到7%的前5只证券,0.53078556,4.29936306,-7.00636943,
342,002498,汉缆股份,2026-07-29,2家机构买入，成功率40.92%,7.19,9.9388,128933605.47,280036081.73,151102476.26,431138557.99,1745934063.0,7.38479237002,24.693862564843,7.7672,23919663240.0,日振幅值达到15%的前5只证券,-3.19888734,-5.0069541,0.83449235,-1.11265647
343,002498,汉缆股份,2026-07-29,2家机构买入，成功率40.92%,7.19,9.9388,128933605.47,280036081.73,151102476.26,431138557.99,1745934063.0,7.38479237002,24.693862564843,7.7672,23919663240.0,日涨幅偏离值达到7%的前5只证券,-3.19888734,-5.0069541,0.83449235,-1.11265647
344,002514,*ST宝馨,2026-07-29,西藏自治区资金买入，成功率36.73%,1.95,10.1695,123173.689999998,41476949.29,41353775.6,82830724.89,336269424.0,0.036629464712,24.632249909822,11.9949,1080363597.3,连续三个交易日内，涨幅偏离值累计达到20%的证券,-9.74358974,-6.66666667,7.17948718,1.53846154
345,002515,金字火腿,2026-08-18,1家机构买入，成功率44.26%,8.71,9.9747,124415787.95,315724393.91,191308605.96,507032999.87,1235081869.0,10.073485092185,41.052582229268,13.0919,9597130258.04,日涨幅偏离值达到7%的前5只证券,-7.11825488,-7.23306544,-4.13318025,
346,002515,金字火腿,2026-08-18,3家机构买入，成功率38.02%,8.71,9.9747,144456286.34,571251868.95,426795582.61,998047451.56,2921476820.0,4.944632295251,34.162429245631,13.0919,9597130258.04,连续三个交易日内，涨幅偏离值累计达到20%的证券,-7.11825488,-7.23306544,-4.13318025,
347,002517,恺英网络,2026-07-29,4家机构买入，成功率39.69%,16.69,10.0198,169311659.82,385096109.26,215784449.44,600880558.7,1709110485.0,9.906419819313,35.157502336661,5.628,31528856572.37,日涨幅偏离值达到7%的前5只证券,-1.13840623,2.99580587,10.12582385,6.77052127
348,002536,飞龙股份,2026-08-25,2家机构买入，成功率21.55%,51.56,5.6557,-112707584.06,1706735705.63,1819443289.69,3526178995.32,9557498771.0,-1.17925815907,36.894370376687,13.9166,28116836813.64,连续三个交易日内，涨幅偏离值累计达到20%的证券,,,,
349,002536,飞龙股份,2026-07-31,4家机构卖出，成功率11.09%,34.6,-6.0548,-106509183.86,362181054.25,468690238.11,830871292.36,2402335419.0,-4.433568394223,34.585981865341,11.9455,18868164347.4,日跌幅偏离值达到7%的前5只证券,-8.8150289,0.31791908,14.47976879,23.12138728
350,002536,飞龙股份,2026-07-30,4家机构卖出，成功率10.38%,36.83,-9.9951,19284536.9699999,783540358.18,764255821.21,1547796179.39,4549385737.0,0.423893204156,34.022091527694,5.1118,20084233899.27,连续三个交易日内，跌幅偏离值累计达到20%的证券,-6.05484659,-14.33613902,2.7694814,13.08715721
351,002541,鸿路钢构,2026-08-04,4家机构卖出，成功率41.62%,19.2,-6.7055,-55188649.5,79643416.92,134832066.42,214475483.34,374432537.0,-14.739277185198,57.280140518344,3.8857,9526657324.8,日跌幅偏离值达到7%的前5只证券,0.72916667,-1.61458333,5.41666667,4.0625
352,002552,宝鼎科技,2026-08-20,普通席位买入，成功率43.28%,57.04,10.0096,270221487.0,428283794.0,158062307.0,586346101.0,2128262366.0,12.696812729338,27.550461370137,10.4504,21019427604.56,日涨幅偏离值达到7%的前5只证券,-3.33099579,1.4200561,,
353,002552,宝鼎科技,2026-08-12,2家机构买入，成功率26.07%,60.07,9.9982,26482652.02,274132303.0,247649650.98,521781953.98,2053271666.0,1.289778282072,25.41222199771,9.8847,22135992570.23,日涨幅偏离值达到7%的前5只证券,-2.34726153,0.9655402,-13.68403529,
354,002552,宝鼎科技,2026-08-11,2家机构买入，成功率21.93%,54.61,4.2972,-106328242.28,888994127.0,995322369.28,1884316496.28,4496469273.0,-2.364705190325,41.906580071497,15.0291,20123964612.29,连续三个交易日内，涨幅偏离值累计达到20%的证券,9.99816883,7.41622413,5.47518769,1.81285479
355,002552,宝鼎科技,2026-08-06,4家机构买入，成功率10.60%,43.27,9.9898,-174958547.0,387074954.0,562033501.0,949108455.0,1945923100.0,-8.991030889145,48.774201560175,4.811,15945137315.03,连续三个交易日内，涨幅偏离值累计达到20%的证券,10.00693321,21.00762653,35.56736769,31.82343425
356,002558,巨人网络,2026-07-29,3家机构买入，成功率41.39%,26.98,9.9878,338747010.56,632342704.1,293595693.54,925938397.64,2753014269.0,12.304586081315,33.633621447823,5.5627,51277161977.58,日涨幅偏离值达到7%的前5只证券,2.59451446,8.52483321,11.45292809,6.63454411
357,002579,中京电子,2026-08-07,3家机构买入，成功率40.39%,15.15,8.7581,136233941.17,481558286.68,345324345.51,826882632.19,2630112254.0,5.17977667922,31.439062379655,31.0883,8839089593.55,日换手率达到20%的前5只证券,-2.17821782,-3.76237624,-1.84818482,-1.91419142
358,002579,中京电子,2026-08-06,4家机构买入，成功率39.80%,13.93,7.319,89832852.72,468222054.76,378389202.04,846611256.8,3300861523.0,2.721497163515,25.648190658739,28.6889,8127294920.01,连续三个交易日内，涨幅偏离值累计达到20%的证券,8.75807609,6.3890883,5.24048816,9.76310122
359,002579,中京电子,2026-08-06,4家机构买入，成功率26.49%,13.93,7.319,-7672343.14999998,321422476.13,329094819.28,650517295.41,2294047597.0,-0.33444568282,28.356747970735,28.6889,8127294920.01,日换手率达到20%的前5只证券,8.75807609,6.3890883,5.24048816,9.76310122
360,002580,圣阳股份,2026-08-25,2家机构买入，成功率37.77%,21.23,0.8551,-249652050.92,238958666.26,488610717.18,727569383.44,2338854258.0,-10.674117468674,31.10794017846,24.5924,9603152724.0,日换手率达到20%的前5只证券,,,,
361,002580,圣阳股份,2026-08-24,普通席位买入，成功率47.36%,21.05,9.9791,363486150.86,448093937.21,84607786.35,532701723.56,1205842670.0,30.143745938266,44.176718639423,12.8277,9521731740.0,日涨幅偏离值达到7%的前5只证券,0.85510689,,,
362,002580,圣阳股份,2026-08-11,1家机构卖出，成功率22.51%,20.97,-0.0953,-36248775.12,285774472.12,322023247.24,607797719.36,2965166295.0,-1.222487088873,20.497930263975,30.524,9485544636.0,日换手率达到20%的前5只证券,1.23986648,5.38865045,-4.43490701,1.23986648
363,002580,圣阳股份,2026-08-10,1家机构买入，成功率46.27%,20.99,10.0105,123629150.83,255249116.96,131619966.13,386869083.09,1848851436.0,6.686808275816,20.924833415874,20.3328,9494591412.0,日涨幅偏离值达到7%的前5只证券,-0.09528347,1.14340162,4.66888995,0.2858504
364,002580,圣阳股份,2026-07-31,2家机构买入，成功率8.52%,19.47,0.5682,-108455608.88,155309907.06,263765515.94,419075423.0,2269640750.0,-4.778536377618,18.46439455231,26.2345,8807036436.0,日振幅值达到15%的前5只证券,-3.74935799,-0.87313816,-2.00308166,14.4324602
365,002580,圣阳股份,2026-07-31,2家机构买入，成功率8.52%,19.47,0.5682,-108455608.88,155309907.06,263765515.94,419075423.0,2269640750.0,-4.778536377618,18.46439455231,26.2345,8807036436.0,日换手率达到20%的前5只证券,-3.74935799,-0.87313816,-2.00308166,14.4324602
366,002580,圣阳股份,2026-07-30,1家机构买入，成功率23.45%,19.36,4.0301,-55168576.39,274802028.0,329970604.39,604772632.39,2614184589.0,-2.110355046164,23.134274256484,30.5597,8757279168.0,日换手率达到20%的前5只证券,0.56818182,-3.20247934,-1.29132231,14.15289256
367,002580,圣阳股份,2026-07-29,1家机构买入，成功率24.88%,18.61,9.9882,14891974.46,267436109.62,252544135.16,519980244.78,2022325528.0,0.736378701342,25.711995303458,25.4751,8418025068.0,日涨幅偏离值达到7%的前5只证券,4.03009135,4.62117141,9.56475013,14.07845244
368,002580,圣阳股份,2026-07-29,2家机构买入，成功率23.88%,18.61,9.9882,-100637924.27,482958213.68,583596137.95,1066554351.63,4194056594.0,-2.399536630335,25.430137331857,25.4751,8418025068.0,连续三个交易日内，涨幅偏离值累计达到20%的证券,4.03009135,4.62117141,9.56475013,14.07845244
369,002581,*ST未名,2026-08-20,主力做T，成功率23.33%,5.72,10.0,-21469905.0,50598561.0,72068466.0,122667027.0,307325432.0,-6.986048912477,39.914375520995,6.9788,2292525440.92,连续三个交易日内，涨幅偏离值累计达到20%的证券,1.22377622,-8.91608392,,
370,002581,*ST未名,2026-08-17,1家机构买入，成功率18.21%,4.83,10.0228,-3800048.8,43708285.0,47508333.8,91216618.8,245914837.0,-1.545270243292,37.092767525857,4.4295,1935821307.63,连续三个交易日内，涨幅偏离值累计达到20%的证券,0.41407867,7.66045549,7.86749482,
371,002585,双星新材,2026-07-30,主力做T，成功率33.93%,8.66,10.0381,83630835.6,199734677.94,116103842.34,315838520.28,1088433865.0,7.683593674293,29.017704284679,14.4614,7677884884.08,日涨幅偏离值达到7%的前5只证券,5.08083141,0.46189376,6.35103926,30.48498845
372,002589,瑞康医药,2026-08-13,主力做T，成功率43.26%,3.71,4.507,74257099.96,214104601.77,139847501.81,353952103.58,1399641842.0,5.305435843065,25.288762664756,28.8067,5066344643.08,日振幅值达到15%的前5只证券,-4.85175202,-3.50404313,-8.89487871,
373,002607,中公教育,2026-08-06,主力做T，成功率19.66%,2.17,-7.6596,-101824403.92,133883013.0,235707416.92,369590429.92,1237157999.0,-8.230509280327,29.874149479593,10.0998,12029265260.04,日跌幅偏离值达到7%的前5只证券,-0.92165899,1.84331797,-1.38248848,-6.4516129
374,002612,朗姿股份,2026-07-31,2家机构卖出，成功率25.85%,14.79,-5.1923,-2635770.06,92151613.58,94787383.64,186938997.22,457219137.0,-0.57647850816,40.886083300577,12.1048,3763451967.33,日跌幅偏离值达到7%的前5只证券,-0.20283976,0.87897228,5.07099391,8.65449628
375,002612,朗姿股份,2026-07-29,4家机构买入，成功率39.69%,14.22,6.3575,89092593.99,206011659.65,116919065.66,322930725.31,826615683.0,10.777994637927,39.066610028254,10.8242,3618410207.94,连续三个交易日内，涨幅偏离值累计达到20%的证券,9.70464135,4.00843882,4.78199719,14.62728551
376,002628,成都路桥,2026-08-17,4家机构卖出，成功率22.12%,5.18,-6.8345,-51342497.0,59197454.0,110539951.0,169737405.0,400631781.0,-12.815382961343,42.367433900607,10.0311,3912645447.62,日跌幅偏离值达到7%的前5只证券,-3.86100386,-7.14285714,-7.52895753,
377,002631,德尔未来,2026-08-11,1家机构卖出，成功率45.61%,8.38,-8.5153,19189606.6,70918578.57,51728971.97,122647550.54,395081264.0,4.857128988025,31.043626138647,5.7684,6650136309.76,日跌幅偏离值达到7%的前5只证券,5.96658711,4.77326969,8.11455847,5.13126492
378,002631,德尔未来,2026-08-10,江苏资金买入，成功率27.21%,9.16,5.53,5700355.67999998,144641270.7,138940915.02,283582185.72,1002209747.0,0.56877871095,28.295692250936,7.0488,7269122744.32,连续三个交易日内，涨幅偏离值累计达到20%的证券,-8.51528384,-3.05676856,0.0,-4.69432314
379,002636,金安国纪,2026-08-25,3家机构买入，成功率21.25%,64.06,5.9368,55712501.5,565719204.23,510006702.73,1075725906.96,3462995761.0,1.6087949667,31.063448563084,7.5621,46399645613.02,日振幅值达到15%的前5只证券,,,,
380,002636,金安国纪,2026-08-06,3家机构买入，成功率2.82%,59.99,6.7818,-391882455.14,1667792273.97,2059674729.11,3727467003.08,10041384195.0,-3.902673650662,37.121047563702,11.3117,43451681865.83,连续三个交易日内，涨幅偏离值累计达到20%的证券,9.01816969,11.31855309,9.3182197,2.86714452
381,002636,金安国纪,2026-08-05,2家机构买入，成功率32.59%,56.18,10.0059,37262301.81,541829159.01,504566857.2,1046396016.21,2847505239.0,1.30859467086,36.747817067317,7.323,40692040127.06,日涨幅偏离值达到7%的前5只证券,6.78177287,16.41153435,21.8761125,10.0747597
382,002645,华宏科技,2026-08-14,2家机构买入，成功率42.78%,21.48,9.9846,49128019.99,234415472.62,185287452.63,419702925.25,1049041068.0,4.683136007598,40.008245439825,7.3951,14610985700.76,日涨幅偏离值达到7%的前5只证券,-1.81564246,-3.53817505,-9.45065177,
383,002647,仁东控股,2026-07-28,3家机构买入，成功率32.31%,9.57,7.287,-47168514.63,200269094.87,247437609.5,447706704.37,1019701040.0,-4.625719968865,43.905682823468,6.2027,9716341157.49,连续三个交易日内，涨幅偏离值累计达到20%的证券,-3.86624869,-5.64263323,2.50783699,12.33019854
384,002667,*ST威领,2026-08-20,普通席位买入，成功率62.05%,17.46,10.0189,28917363.0,36509163.0,7591800.0,44100963.0,47310732.0,61.122205845388,93.215558364221,0.274,4131228060.0,连续三个交易日内，涨幅偏离值累计达到20%的证券,10.02290951,11.39747995,,
385,002667,*ST威领,2026-08-13,2家机构卖出，成功率37.78%,13.6,-9.6346,3980531.0,72514806.0,68534275.0,141049081.0,319885503.0,1.244361173817,44.093614645613,9.487,3217909600.0,日跌幅偏离值达到7%的前5只证券,1.02941176,2.79411765,28.38235294,
386,002667,*ST威领,2026-08-12,2家机构买入，成功率29.54%,15.05,3.4364,-4216328.0,48738369.0,52954697.0,101693066.0,373015548.0,-1.130335725309,27.26242017129,10.8357,3560995550.0,日振幅值达到15%的前5只证券,-9.6345515,-8.70431894,5.44850498,
387,002667,*ST威领,2026-08-11,2家机构卖出，成功率3.27%,14.55,-8.7774,-66863216.0,60361796.0,127225012.0,187586808.0,521053722.0,-12.832307529318,36.001433264879,14.5035,3442690050.0,日跌幅偏离值达到7%的前5只证券,3.43642612,-6.52920962,-0.82474227,41.78694158
388,002667,*ST威领,2026-08-10,3家机构买入，成功率5.27%,15.95,10.0,-31890095.28,155458015.0,187348110.28,342806125.28,1071641647.0,-2.975817090468,31.988876714494,10.2801,3773945450.0,连续三个交易日内，涨幅偏离值累计达到20%的证券,-8.77742947,-5.64263323,-12.35109718,21.94357367
389,002667,*ST威领,2026-07-31,1家机构卖出，成功率30.31%,11.17,-4.6928,-10681365.82,72211709.18,82893075.0,155104784.18,492768216.0,-2.167624751999,31.476215215147,17.1549,2642944870.0,日振幅值达到15%的前5只证券,9.13160251,6.62488809,29.81199642,23.0080573
390,002667,*ST威领,2026-07-29,3家机构买入，成功率20.28%,10.65,10.0207,9667074.89999999,126757438.3,117090363.4,243847801.7,561779889.0,1.720794049286,43.406288917544,8.579,2519907150.0,连续三个交易日内，涨幅偏离值累计达到20%的证券,10.04694836,4.88262911,15.02347418,41.31455399
391,002674,兴业科技,2026-08-06,5家机构买入，成功率34.44%,28.65,6.3869,61399977.06,404936904.24,343536927.18,748473831.42,2840327723.0,2.161721570465,26.351671511675,14.4917,8381948629.8,连续三个交易日内，涨幅偏离值累计达到20%的证券,-1.11692845,3.03664921,-0.66317627,-0.83769634
392,002674,兴业科技,2026-07-27,2家机构买入，成功率46.62%,23.63,5.397,41271544.55,93770150.55,52498606.0,146268756.55,596474520.0,6.919246869087,24.522213715013,9.0445,6913279096.76,日振幅值达到15%的前5只证券,4.10495133,-6.3055438,-5.84003386,24.9259416
393,002702,海欣食品,2026-07-31,4家机构买入，成功率12.93%,5.02,1.6194,-36108708.96,78698745.0,114807453.96,193506198.96,511479487.0,-7.059659258632,37.832641167093,23.2732,2302893625.0,日振幅值达到15%的前5只证券,-5.77689243,-3.187251,-5.17928287,-0.99601594
394,002702,海欣食品,2026-07-30,3家机构买入，成功率2.78%,4.94,10.0223,-15845317.2,94225686.8,110071004.0,204296690.8,432014720.0,-3.667772524047,47.289289309401,7.8472,2266194125.0,连续三个交易日内，涨幅偏离值累计达到20%的证券,1.6194332,-4.25101215,-3.6437247,4.4534413
395,002703,浙江世宝,2026-08-25,2家机构买入，成功率40.83%,15.87,9.9792,80055329.32,213933223.04,133877893.72,347811116.76,1159846924.0,6.902232325962,29.9876741976,12.8892,9300582934.38,日涨幅偏离值达到7%的前5只证券,,,,
396,002703,浙江世宝,2026-08-07,西藏自治区资金卖出，成功率7.89%,15.09,-7.7064,-43334211.85,69861440.0,113195651.85,183057091.85,1286025315.0,-3.369623548196,14.234330359974,14.3963,8843465436.66,日跌幅偏离值达到7%的前5只证券,-1.45791915,3.31345262,-3.11464546,-9.54274354
397,002703,浙江世宝,2026-07-30,2家机构买入，成功率22.70%,14.61,10.0151,-67852582.62,254549042.28,322401624.9,576950667.18,1417084354.0,-4.788182328629,40.713925430864,8.3664,8562162361.14,连续三个交易日内，涨幅偏离值累计达到20%的证券,-0.27378508,0.88980151,11.90965092,-0.75290897
398,002703,浙江世宝,2026-07-30,普通席位买入，成功率38.84%,14.61,10.0151,7700439.31999999,178649885.2,170949445.88,349599331.08,703339421.0,1.094839716086,49.705635805675,8.3664,8562162361.14,日涨幅偏离值达到7%的前5只证券,-0.27378508,0.88980151,11.90965092,-0.75290897
399,002716,湖南白银,2026-08-24,2家机构买入，成功率13.90%,11.46,9.9808,-197517128.01,710303026.01,907820154.02,1618123180.03,6608849620.0,-2.988676386466,24.484188218373,25.3295,26615571224.04,日涨幅偏离值达到7%的前5只证券,-6.02094241,,,
400,002716,湖南白银,2026-08-24,2家机构买入，成功率27.49%,11.46,9.9808,96248853.53,1363785609.11,1267536755.58,2631322364.69,10921835298.0,0.881251647767,24.092309514792,25.3295,26615571224.04,连续三个交易日内，涨幅偏离值累计达到20%的证券,-6.02094241,,,
401,002716,湖南白银,2026-08-21,3家机构买入，成功率41.74%,10.42,10.0317,408964206.29,756332919.63,347368713.34,1103701632.97,4312985678.0,9.482160081729,25.590199350762,18.2922,24200196523.08,日涨幅偏离值达到7%的前5只证券,9.98080614,3.35892514,,
402,002721,金一文化,2026-08-10,主力做T，成功率29.14%,2.77,-10.0649,-38696660.55,76894621.0,115591281.55,192485902.55,1067996630.0,-3.623294256088,18.023081453918,14.2336,7366478763.55,日跌幅偏离值达到7%的前5只证券,10.10830325,8.66425993,-2.88808664,2.88808664
403,002721,金一文化,2026-08-07,主力做T，成功率28.01%,3.08,4.7619,-4911749.59,201125233.0,206036982.59,407162215.59,1748047463.0,-0.280984909962,23.292400475856,18.4871,8190886134.2,连续三个交易日内，涨幅偏离值累计达到20%的证券,-10.06493506,-0.97402597,-12.98701299,-11.36363636
404,002724,海洋王,2026-08-18,3家机构卖出，成功率26.40%,6.47,-9.8886,-15768480.2,41588547.0,57357027.2,98945574.2,481205105.0,-3.276873008236,20.56203751205,12.7775,3665114529.83,日跌幅偏离值达到7%的前5只证券,-10.04636785,-8.80989181,3.70942813,
405,002724,海洋王,2026-08-14,普通席位买入，成功率34.60%,6.78,10.0649,35705037.08,72391422.08,36686385.0,109077807.08,266150905.0,13.415335589409,40.983443990168,3.482,3840722799.42,连续三个交易日内，涨幅偏离值累计达到20%的证券,5.89970501,-4.57227139,-9.14454277,
406,002726,ST龙大,2026-08-20,西藏自治区资金买入，成功率30.23%,2.95,10.0746,3667154.84,108655443.51,104988288.67,213643732.18,1082534443.0,0.338756412206,19.735513596033,10.3585,4012931034.75,连续三个交易日内，涨幅偏离值累计达到20%的证券,-6.10169492,-1.69491525,,
407,002726,ST龙大,2026-08-04,西藏自治区资金卖出，成功率14.14%,2.07,-6.3348,-1571241.71,22120777.0,23692018.71,45812795.71,220463100.0,-0.71270054263,20.780255611937,7.6046,2815853302.35,日跌幅偏离值达到7%的前5只证券,-1.44927536,1.44927536,5.79710145,23.1884058
408,002726,ST龙大,2026-07-30,西藏自治区资金买入，成功率18.83%,2.19,5.2885,7056599.97,68126680.89,61070080.92,129196761.81,722418422.0,0.976802328831,17.883924035647,10.9491,2979091174.95,连续三个交易日内，涨幅偏离值累计达到20%的证券,-0.91324201,0.91324201,-4.10958904,-3.19634703
409,002731,*ST萃华,2026-08-25,西藏自治区资金卖出，成功率18.10%,1.15,-10.1563,-1112039.91,6226909.0,7338948.91,13565857.91,73957383.0,-1.503622579506,18.342804138973,26.5108,264104860.0,日换手率达到20%的前5只证券,,,,
410,002731,*ST萃华,2026-08-25,西藏自治区资金卖出，成功率18.10%,1.15,-10.1563,-1112039.91,6226909.0,7338948.91,13565857.91,73957383.0,-1.503622579506,18.342804138973,26.5108,264104860.0,日跌幅偏离值达到7%的前5只证券,,,,
411,002731,*ST萃华,2026-08-24,西藏自治区资金买入，成功率30.34%,1.28,10.3448,-2128230.55,7617544.25,9745774.8,17363319.05,78007932.0,-2.728223265808,22.258401940459,29.808,293960192.0,日振幅值达到15%的前5只证券,-10.15625,,,
412,002731,*ST萃华,2026-08-24,西藏自治区资金买入，成功率30.34%,1.28,10.3448,-2128230.55,7617544.25,9745774.8,17363319.05,78007932.0,-2.728223265808,22.258401940459,29.808,293960192.0,日换手率达到20%的前5只证券,-10.15625,,,
413,002731,*ST萃华,2026-08-21,西藏自治区资金卖出，成功率23.91%,1.16,-10.0775,891450.16,12726155.85,11834705.69,24560861.54,122632334.0,0.726929131105,20.028047040188,16.5244,266401424.0,连续三个交易日内，跌幅偏离值累计达到20%的证券,10.34482759,-0.86206897,,
414,002731,*ST萃华,2026-08-21,西藏自治区资金卖出，成功率10.20%,1.16,-10.0775,-20838.2800000003,5429055.0,5449893.28,10878948.28,44523129.0,-0.046803269375,24.4343749515,16.5244,266401424.0,日跌幅偏离值达到7%的前5只证券,10.34482759,-0.86206897,,
415,002731,*ST萃华,2026-08-07,主力做T，成功率30.52%,1.71,-9.0426,-2696424.9,8599963.0,11296387.9,19896350.9,95002800.0,-2.83825834607,20.942909998442,24.073,392712444.0,日跌幅偏离值达到7%的前5只证券,-4.09356725,-2.33918129,-7.60233918,-32.16374269
416,002731,*ST萃华,2026-08-05,西藏自治区资金买入，成功率30.77%,1.99,2.5773,1157301.3,11775215.6,10617914.3,22393129.9,107774432.0,1.073818046195,20.777775845759,24.8611,457016236.0,日振幅值达到15%的前5只证券,-5.52763819,-14.07035176,-18.59296482,-28.14070352
417,002739,儒意电影,2026-08-17,2家机构卖出，成功率21.56%,8.79,-8.342,-195222744.09,126254387.62,321477131.71,447731519.33,2108485917.0,-9.258906711967,21.234740802397,11.3131,18458230417.92,日跌幅偏离值达到7%的前5只证券,0.22753129,-3.75426621,-6.59840728,
418,002739,儒意电影,2026-08-17,1家机构卖出，成功率18.51%,8.79,-8.342,-276782220.26,673608985.8,950391206.06,1624000191.86,7224255349.0,-3.831290657497,22.47982820935,11.3131,18458230417.92,连续三个交易日内，跌幅偏离值累计达到20%的证券,0.22753129,-3.75426621,-6.59840728,
419,002739,儒意电影,2026-08-10,1家机构买入，成功率31.73%,9.93,9.9668,93217516.98,324418752.46,231201235.48,555619987.94,1866411406.0,4.994478531385,29.769427370291,9.3188,20852130608.64,日涨幅偏离值达到7%的前5只证券,1.91339376,8.55991944,-11.48036254,-17.32124874
420,002747,埃斯顿,2026-08-18,2家机构买入，成功率13.38%,40.04,10.0,-162514228.33,557613727.14,720127955.47,1277741682.61,4528055935.0,-3.589050812598,28.21832815124,15.5303,31328703526.12,日涨幅偏离值达到7%的前5只证券,-9.99000999,-18.15684316,-20.87912088,
421,002749,国光股份,2026-07-31,3家机构卖出，成功率38.92%,8.91,-4.9093,176180.690000001,21136180.42,20959999.73,42096180.15,101953767.0,0.172804492844,41.289479916912,2.1056,4849863552.27,日跌幅偏离值达到7%的前5只证券,-0.56116723,-2.24466891,-3.36700337,-3.14253648
422,002759,ST天际,2026-08-06,主力做T，成功率29.06%,16.68,10.0264,20344139.03,121531445.59,101187306.56,222718752.15,971997626.0,2.093023530697,22.913507830934,12.0971,8357472233.28,日涨幅偏离值达到7%的前5只证券,-0.53956835,8.09352518,16.78657074,5.63549161
423,002759,ST天际,2026-07-28,1家机构买入，成功率33.24%,15.91,6.4926,13302222.27,237340067.6,224037845.33,461377912.93,2456462774.0,0.541519391655,18.782206586372,12.4518,7971665661.36,连续三个交易日内，涨幅偏离值累计达到20%的证券,-6.41106223,-8.17096166,-5.2796983,18.10182275
424,002762,金发拉比,2026-08-10,普通席位卖出，成功率53.00%,9.37,-9.9904,-9097877.0,11091490.0,20189367.0,31280857.0,65829742.0,-13.820313924366,47.517818009981,1.9508,3317214250.0,日跌幅偏离值达到7%的前5只证券,10.03201708,13.44717182,12.27321238,3.62860192
425,002774,快意电梯,2026-07-30,4家机构卖出，成功率31.14%,13.47,-10.02,-2484349.5,49764538.0,52248887.5,102013425.5,217386880.0,-1.142824028755,46.927130790966,5.3671,3795467964.45,日振幅值达到15%的前5只证券,10.02227171,4.38010393,19.74758723,18.41128434
426,002774,快意电梯,2026-07-27,3家机构卖出，成功率43.33%,15.88,-9.9773,-17023918.0,24098083.0,41122001.0,65220084.0,214455073.0,-7.938221167657,30.412003356992,4.7799,4474538327.8,日跌幅偏离值达到7%的前5只证券,-2.95969773,-5.73047859,-11.46095718,7.05289673
427,002792,通宇通讯,2026-08-13,1家机构买入，成功率42.90%,38.63,4.0959,130271243.66,500963397.83,370692154.17,871655552.0,3884067063.0,3.353990586336,22.44182548503,30.4803,13050833717.27,日换手率达到20%的前5只证券,-5.92803521,-6.03158167,-17.86176547,
428,002792,通宇通讯,2026-08-12,1家机构买入，成功率27.10%,37.11,9.9881,40447921.26,448683882.18,408235960.92,856919843.1,3280191852.0,1.233096205496,26.124076937071,27.1921,12537313985.19,日涨幅偏离值达到7%的前5只证券,4.09593102,-2.07491242,-15.54836971,
429,002792,通宇通讯,2026-08-12,1家机构买入，成功率27.10%,37.11,9.9881,40447921.26,448683882.18,408235960.92,856919843.1,3280191852.0,1.233096205496,26.124076937071,27.1921,12537313985.19,日换手率达到20%的前5只证券,4.09593102,-2.07491242,-15.54836971,
430,002792,通宇通讯,2026-08-10,2家机构卖出，成功率39.65%,34.1,-8.3087,75689224.97,661947648.47,586258423.5,1248206071.97,3164961869.0,2.391473518571,39.438265724332,27.1623,11520409778.9,日跌幅偏离值达到7%的前5只证券,-1.05571848,8.82697947,6.4516129,-11.14369501
431,002792,通宇通讯,2026-08-10,2家机构卖出，成功率39.65%,34.1,-8.3087,75689224.97,661947648.47,586258423.5,1248206071.97,3164961869.0,2.391473518571,39.438265724332,27.1623,11520409778.9,日换手率达到20%的前5只证券,-1.05571848,8.82697947,6.4516129,-11.14369501
432,002792,通宇通讯,2026-08-07,3家机构买入，成功率19.51%,37.19,9.997,62107204.59,689926115.2,627818910.61,1317745025.81,3370058220.0,1.842911918299,39.101550768165,2.4511,12564341339.51,连续三个交易日内，涨幅偏离值累计达到20%的证券,-8.30868513,-9.27668728,-2.28556063,-15.05781124
433,002792,通宇通讯,2026-08-04,3家机构买入，成功率40.81%,28.75,9.9847,119496286.37,340053807.44,220557521.07,560611328.51,1455829372.0,8.208124431906,38.508038049805,5.4179,9712955458.75,连续三个交易日内，涨幅偏离值累计达到20%的证券,6.92173913,17.6,17.35652174,21.11304348
434,002820,桂发祥,2026-08-20,3家机构卖出，成功率38.02%,9.94,-9.9638,-22583427.87,35659475.0,58242902.87,93902377.87,381602937.0,-5.918043516002,24.607351979055,18.9895,1996630852.3,日跌幅偏离值达到7%的前5只证券,-5.43259557,-6.13682093,,
435,002820,桂发祥,2026-08-18,1家机构买入，成功率40.99%,12.27,10.0448,28799383.9,61534775.9,32735392.0,94270167.9,238459312.0,12.077273753101,39.533020165721,2.0495,2464653979.65,连续三个交易日内，涨幅偏离值累计达到20%的证券,-10.02444988,-18.98940505,-20.45639772,
436,002821,凯莱英,2026-08-25,3家机构买入，成功率21.36%,172.23,10.0019,-45603661.85,450271996.86,495875658.71,946147655.57,2807272408.0,-1.624482957908,33.703450113132,5.3689,54604463663.34,日涨幅偏离值达到7%的前5只证券,,,,
437,002827,高争民爆,2026-08-13,西藏自治区资金卖出，成功率29.27%,55.1,-9.9967,-10014337.0,66764376.0,76778713.0,143543089.0,1257910581.0,-0.796108813397,11.411231542856,7.8651,15207538012.5,日跌幅偏离值达到7%的前5只证券,2.97640653,3.04900181,4.86388385,
438,002827,高争民爆,2026-08-07,3家机构买入，成功率34.83%,54.16,9.9919,205196331.72,742585794.14,537389462.42,1279975256.56,4065646580.0,5.04707744961,31.482698541889,8.1468,14948099070.0,连续三个交易日内，涨幅偏离值累计达到20%的证券,10.00738552,8.21639586,4.76366322,1.55096012
439,002827,高争民爆,2026-08-06,主力做T，成功率4.74%,49.24,10.0089,0.0,6813591239.36,6813591239.36,6813591239.36,6813591239.36,0.0,100.0,6.3856,13590184605.0,严重异常期间日收盘价格涨幅偏离值累计达到100%的证券,9.99187652,20.99918765,11.90089358,17.34362307
440,002827,高争民爆,2026-08-04,2家机构买入，成功率41.34%,41.87,10.0105,240260326.32,535210175.08,294949848.76,830160023.84,3479161119.0,6.905697037367,23.86092495994,21.2025,11556072896.25,连续三个交易日内，涨幅偏离值累计达到20%的证券,6.90231669,17.60210174,39.98089324,39.7181753
441,002827,高争民爆,2026-07-30,普通席位买入，成功率38.70%,31.45,10.0035,66127641.24,82423122.24,16295481.0,98718603.24,117282302.0,56.38330772191,84.171781723725,0.6022,8680164618.75,连续三个交易日内，涨幅偏离值累计达到20%的证券,10.01589825,21.01748808,56.56597774,75.19872814
442,002828,贝肯能源,2026-08-03,5家机构卖出，成功率3.33%,11.79,-5.1488,-33229470.2,75799862.4,109029332.6,184829195.0,535736136.0,-6.202581451403,34.500042573197,21.657,2369643804.0,日换手率达到20%的前5只证券,2.37489398,5.17387617,9.16030534,3.47752332
443,002828,贝肯能源,2026-08-03,5家机构卖出，成功率3.33%,11.79,-5.1488,-33229470.2,75799862.4,109029332.6,184829195.0,535736136.0,-6.202581451403,34.500042573197,21.657,2369643804.0,日振幅值达到15%的前5只证券,2.37489398,5.17387617,9.16030534,3.47752332
444,002837,英维克,2026-08-25,1家机构买入，成功率29.81%,60.23,10.0091,368664164.52,1011305223.46,642641058.94,1653946282.4,5646530144.0,6.529039164198,29.291374352397,8.5133,68255050801.39,日涨幅偏离值达到7%的前5只证券,,,,
445,002842,翔鹭钨业,2026-08-10,2家机构买入，成功率30.76%,42.22,10.0052,196163545.52,512467670.64,316304125.12,828771795.76,2534627469.0,7.739344259431,32.697972617135,24.1462,11334480796.98,日涨幅偏离值达到7%的前5只证券,-4.68972051,-1.11321649,-4.23969683,-7.81620085
446,002842,翔鹭钨业,2026-08-07,3家机构买入，成功率40.39%,38.38,3.7858,123141519.3,385251110.33,262109591.03,647360701.36,2607972181.0,4.72173438801,24.822377557409,25.9433,10303585338.42,日换手率达到20%的前5只证券,10.00521105,4.8462741,3.49140177,2.84002084
447,002842,翔鹭钨业,2026-08-06,3家机构买入,36.98,7.0023,-211599855.11,543249370.14,754849225.25,1298098595.39,5087633576.0,-4.159101711023,25.514781597353,27.3944,9927738035.82,连续三个交易日内，涨幅偏离值累计达到20%的证券,3.78583018,14.16982153,7.62574365,1.08166577
448,002842,翔鹭钨业,2026-08-06,西藏自治区资金买入，成功率34.23%,36.98,7.0023,-64803958.76,259559181.79,324363140.55,583922322.34,2664112295.0,-2.432478498809,21.918082185796,27.3944,9927738035.82,日换手率达到20%的前5只证券,3.78583018,14.16982153,7.62574365,1.08166577
449,002851,麦格米特,2026-08-05,3家机构买入，成功率8.62%,116.5,9.0824,-14004947.71,978482338.31,992487286.02,1970969624.33,4367554675.0,-0.320658783968,45.127531788254,8.377,53769363749.5,日振幅值达到15%的前5只证券,4.12017167,6.78111588,7.86266094,1.74248927
450,002851,麦格米特,2026-07-31,2家机构买入，成功率45.62%,106.45,10.0031,356912849.1,889779138.13,532866289.03,1422645427.16,3106508818.0,11.489194784574,45.795634601672,6.3529,49130890739.35,日涨幅偏离值达到7%的前5只证券,-7.13010803,0.32879286,16.8623767,23.43823391
451,002851,麦格米特,2026-07-30,4家机构卖出，成功率31.27%,96.77,-9.9981,107459638.44,2181462897.14,2074003258.7,4255466155.84,10080478414.0,1.066017246669,42.214922556948,8.0707,44663187382.31,连续三个交易日内，跌幅偏离值累计达到20%的证券,10.00310013,2.15976026,25.34876511,36.26123799
452,002859,洁美科技,2026-08-11,买一主买，成功率41.31%,81.32,9.9959,26828236.64,285619766.0,258791529.36,544411295.36,1521094494.0,1.763745562542,35.790761028157,4.519,34830592064.0,日涨幅偏离值达到7%的前5只证券,-1.62321692,-8.03000492,-5.52139695,-21.71667486
453,002860,星帅尔,2026-08-24,2家机构卖出，成功率32.27%,15.66,-10.0,-27257271.0,48384904.0,75642175.0,124027079.0,315409867.0,-8.641857421664,39.322510795136,5.7352,5417395187.4,日跌幅偏离值达到7%的前5只证券,-0.89399745,,,
454,002879,长缆科技,2026-08-04,4家机构买入，成功率22.17%,18.76,4.9217,-49243394.02,83604493.69,132847887.71,216452381.4,815313685.0,-6.039809575869,26.548356219484,31.9016,2572728033.96,日换手率达到20%的前5只证券,1.3326226,-4.05117271,-4.05117271,-9.43496802
455,002879,长缆科技,2026-07-31,3家机构买入，成功率33.80%,16.25,0.6815,23534769.7,84735931.8,61201162.1,145937093.9,543703972.0,4.328599920546,26.841277867288,24.9953,2228509091.25,日换手率达到20%的前5只证券,10.03076923,15.44615385,10.76923077,6.33846154
456,002879,长缆科技,2026-07-30,2家机构卖出，成功率40.02%,16.14,-9.9833,1709070.55,72662574.45,70953503.9,143616078.35,674579169.0,0.253353591178,21.28972920449,28.3237,2213423798.94,日振幅值达到15%的前5只证券,0.68153656,10.78066914,11.52416357,8.11648079
457,002879,长缆科技,2026-07-30,2家机构卖出，成功率40.02%,16.14,-9.9833,1709070.55,72662574.45,70953503.9,143616078.35,674579169.0,0.253353591178,21.28972920449,28.3237,2213423798.94,日换手率达到20%的前5只证券,0.68153656,10.78066914,11.52416357,8.11648079
458,002879,长缆科技,2026-07-29,2家机构卖出，成功率25.76%,17.93,-5.1323,11406703.82,80022902.0,68616198.18,148639100.18,718429864.0,1.587726845943,20.689437846086,29.216,2458902646.53,日换手率达到20%的前5只证券,-9.98326827,-9.36977133,6.02342443,0.66926938
459,002879,长缆科技,2026-07-28,2家机构卖出，成功率24.03%,18.9,-4.8338,-5462832.44000001,97423751.24,102886583.68,200310334.92,999562198.0,-0.546522512649,20.039806959567,38.4633,2591927496.9,日换手率达到20%的前5只证券,-5.13227513,-14.6031746,-0.74074074,-4.76190476
460,002879,长缆科技,2026-07-28,2家机构卖出，成功率24.03%,18.9,-4.8338,-5462832.44000001,97423751.24,102886583.68,200310334.92,999562198.0,-0.546522512649,20.039806959567,38.4633,2591927496.9,日振幅值达到15%的前5只证券,-5.13227513,-14.6031746,-0.74074074,-4.76190476
461,002879,长缆科技,2026-07-27,2家机构买入，成功率41.12%,19.86,10.0277,1162682.35000001,89031913.4,87869231.05,176901144.45,962946805.0,0.120742116175,18.370811713737,37.5351,2723580957.06,日振幅值达到15%的前5只证券,-4.83383686,-9.71802618,-9.96978852,-7.70392749
462,002879,长缆科技,2026-07-27,2家机构买入，成功率41.12%,19.86,10.0277,1162682.35000001,89031913.4,87869231.05,176901144.45,962946805.0,0.120742116175,18.370811713737,37.5351,2723580957.06,日换手率达到20%的前5只证券,-4.83383686,-9.71802618,-9.96978852,-7.70392749
463,002879,长缆科技,2026-07-27,2家机构买入，成功率28.57%,19.86,10.0277,15513076.96,124969184.4,109456107.44,234425291.84,1331835023.0,1.164789684315,17.601676468302,37.5351,2723580957.06,连续三个交易日内，涨幅偏离值累计达到20%的证券,-4.83383686,-9.71802618,-9.96978852,-7.70392749
464,002882,金龙羽,2026-08-03,1家机构买入，成功率19.76%,23.98,6.1062,-21487673.07,107056693.0,128544366.07,235601059.07,646135970.0,-3.32556521656,36.463077433996,11.4909,5922821111.24,日振幅值达到15%的前5只证券,-3.71142619,-4.33694746,-2.08507089,-7.13094245
465,002882,金龙羽,2026-07-30,主力做T，成功率32.57%,21.62,10.0254,21607566.9,118412505.0,96804938.1,215217443.1,474386456.0,4.554844816227,45.367535345486,6.2852,5339924621.56,连续三个交易日内，涨幅偏离值累计达到20%的证券,4.53283996,10.91581869,1.61887142,0.46253469
466,002896,中大力德,2026-08-20,1家机构卖出，成功率31.27%,68.76,-10.0,-873069.189999998,79857167.08,80730236.27,160587403.35,1124886220.0,-0.07761399993,14.27587968408,8.2187,13512898789.2,日跌幅偏离值达到7%的前5只证券,-0.20360675,-6.41361257,,
467,002896,中大力德,2026-08-04,4家机构买入，成功率38.92%,76.11,6.0619,168303676.61,463659255.8,295355579.19,759014834.99,2905843723.0,5.791903923733,26.120290949659,12.5139,14957340413.7,连续三个交易日内，涨幅偏离值累计达到20%的证券,3.6920247,3.28471948,9.0526869,11.53593483
468,002900,哈三联,2026-08-21,主力做T，成功率39.59%,13.77,-10.0,8378490.0,53195673.0,44817183.0,98012856.0,262288328.0,3.194381566228,37.368363566678,11.8142,2218655448.0,日跌幅偏离值达到7%的前5只证券,2.75962237,2.32389252,,
469,002900,哈三联,2026-08-20,2家机构卖出，成功率33.75%,15.3,-2.1113,-121166805.43,100505266.0,221672071.43,322177337.43,1062160479.0,-11.407579911472,30.332265585076,40.0985,2465172720.0,日换手率达到20%的前5只证券,-10.0,-7.51633987,,
470,002900,哈三联,2026-08-11,2家机构卖出，成功率16.28%,14.58,-1.6858,-46493012.0,83134926.0,129627938.0,212762864.0,935714692.0,-4.968716682285,22.738006127193,38.8337,2349164592.0,日换手率达到20%的前5只证券,0.20576132,-2.4691358,-2.53772291,-3.36076818
471,002900,哈三联,2026-08-10,2家机构买入，成功率44.87%,14.83,10.0148,-32774556.0,117148689.5,149923245.5,267071935.0,882898547.0,-3.712154257289,30.249447788479,37.1589,2389445192.0,日换手率达到20%的前5只证券,-1.68577208,-1.48347943,0.60687795,-4.58530007
472,002903,宇环数控,2026-08-24,4家机构卖出，成功率24.46%,32.68,-3.1417,42020054.52,192445345.48,150425290.96,342870636.44,949800095.0,4.424094579607,36.099242171586,27.2204,3515255213.32,日换手率达到20%的前5只证券,-5.01835985,,,
473,002903,宇环数控,2026-08-21,3家机构买入，成功率18.89%,33.74,10.0098,7715409.06,128295749.47,120580340.41,248876089.88,857018771.0,0.90026138529,29.039747821346,24.6634,3629275119.26,日换手率达到20%的前5只证券,-3.14167161,-8.00237107,,
474,002903,宇环数控,2026-07-30,5家机构卖出，成功率7.78%,23.1,-8.5149,-98749833.5,72185116.11,170934949.61,243120065.72,676705060.0,-14.592743476752,35.927035290678,25.8973,2484773421.9,日换手率达到20%的前5只证券,2.64069264,1.42857143,18.57142857,22.03463203
475,002903,宇环数控,2026-07-30,5家机构卖出，成功率7.78%,23.1,-8.5149,-98749833.5,72185116.11,170934949.61,243120065.72,676705060.0,-14.592743476752,35.927035290678,25.8973,2484773421.9,日振幅值达到15%的前5只证券,2.64069264,1.42857143,18.57142857,22.03463203
476,002907,华森制药,2026-08-18,主力做T，成功率25.80%,15.82,-5.7772,-41341524.99,79118507.66,120460032.65,199578540.31,907505767.0,-4.555510994345,21.991985898862,15.7806,5363702198.82,日振幅值达到15%的前5只证券,2.08596713,-4.23514539,-0.505689,
477,002907,华森制药,2026-08-17,买一主买，成功率29.26%,16.79,10.0262,71174179.0,123645296.0,52471117.0,176116413.0,477189016.0,14.915301193773,36.907055086113,5.5681,5692576480.29,连续三个交易日内，涨幅偏离值累计达到20%的证券,-5.77724836,-3.81179273,-14.77069684,
478,002913,奥士康,2026-08-07,4家机构买入，成功率15.98%,55.42,10.004,-39650924.93,309185983.66,348836908.59,658022892.25,1412833693.0,-2.806482116505,46.57468855041,2.2209,16927425168.08,连续三个交易日内，涨幅偏离值累计达到20%的证券,-0.16239625,0.07217611,2.39985565,8.93179358
479,002916,深南电路,2026-08-04,4家机构买入，成功率12.96%,332.54,9.9997,-24123229.24,792998630.22,817121859.46,1610120489.68,3422051786.0,-0.704934663429,47.051318634837,1.5808,221081404310.0,日涨幅偏离值达到7%的前5只证券,5.0039093,6.45035184,14.48246827,14.82829133
480,002943,宇晶股份,2026-08-07,3家机构买入，成功率11.42%,35.96,10.0031,-94213025.48,209970330.61,304183356.09,514153686.7,1280670301.0,-7.356540196679,40.147232765414,8.3898,6791125831.2,连续三个交易日内，涨幅偏离值累计达到20%的证券,-2.14126808,-2.66963293,-2.91991101,-5.56173526
481,002946,新乳业,2026-07-30,4家机构买入，成功率23.35%,17.8,5.0767,7372958.16000003,199688205.36,192315247.2,392003452.56,762890849.0,0.966449940993,51.383950020352,2.1253,15142722995.0,连续三个交易日内，涨幅偏离值累计达到20%的证券,2.47191011,-0.39325843,-5.61797753,-7.35955056
482,002951,金时科技,2026-08-18,广东资金卖出，成功率34.42%,16.79,-10.0214,-23298711.76,48529525.0,71828236.76,120357761.76,323345188.0,-7.205522959569,37.222685299402,4.6109,6734836600.26,日跌幅偏离值达到7%的前5只证券,-5.89636689,-4.28826683,-1.84633711,
483,002953,日丰股份,2026-08-19,浙江资金买入，成功率11.44%,11.73,10.0375,25764712.0,94061407.0,68296695.0,162358102.0,337727659.0,7.628842741601,48.073676429327,8.3306,3299517248.64,连续三个交易日内，涨幅偏离值累计达到20%的证券,-4.85933504,-7.75788576,,
484,002963,豪尔赛,2026-08-07,3家机构卖出，成功率38.51%,18.5,-4.3928,11245586.64,66988165.0,55742578.36,122730743.36,362061012.0,3.105992158029,33.897807080095,12.8735,2762796234.5,日振幅值达到15%的前5只证券,-1.2972973,8.59459459,-3.62162162,-5.62162162
485,002963,豪尔赛,2026-08-04,4家机构买入，成功率40.00%,15.99,9.9725,467032.82,55520225.0,55053192.18,110573417.18,176279483.0,0.264938841465,62.726197795804,4.0691,2387951988.63,连续三个交易日内，涨幅偏离值累计达到20%的证券,10.00625391,21.01313321,25.64102564,13.75859912
486,002965,祥鑫科技,2026-07-30,4家机构卖出，成功率34.08%,29.54,-9.9939,65453150.38,510930716.95,445477566.57,956408283.52,1736433099.0,3.769402369587,55.078901920885,6.2092,7028828716.84,连续三个交易日内，跌幅偏离值累计达到20%的证券,-1.69262018,-7.81990521,6.29654705,7.24441435
487,002969,嘉美包装,2026-07-29,3家机构买入，成功率12.47%,13.14,4.203,-314850818.76,314475528.31,629326347.07,943801875.38,2014674706.0,-15.627873711936,46.846365448934,14.8527,14358521396.16,日振幅值达到15%的前5只证券,-9.9695586,-5.55555556,1.44596651,12.86149163
488,002969,嘉美包装,2026-07-28,2家机构买入，成功率8.89%,12.61,10.0349,-5583480.62,146984224.0,152567704.62,299551928.62,616214429.0,-0.906093781196,48.611638177009,3.0096,13779372511.84,连续三个交易日内，涨幅偏离值累计达到20%的证券,4.20301348,-6.18556701,2.77557494,12.1332276
489,002971,和远气体,2026-08-06,3家机构买入，成功率10.22%,41.25,10.0,-61654028.28,288502167.2,350156195.48,638658362.68,1615328724.0,-3.816810000588,39.537361850318,14.1365,6641437522.5,连续三个交易日内，涨幅偏离值累计达到20%的证券,10.01212121,7.58787879,8.26666667,2.71515152
490,002975,博杰股份,2026-08-06,3家机构买入，成功率26.58%,93.07,9.9988,-44807333.6,336127673.55,380935007.15,717062680.7,1433678553.0,-3.125340300742,50.015582586454,11.4568,12783540409.73,日涨幅偏离值达到7%的前5只证券,5.23262061,8.50972386,3.59944128,2.82583002
491,002975,博杰股份,2026-08-06,2家机构买入，成功率25.70%,93.07,9.9988,62319978.61,518686798.15,456366819.54,975053617.69,2227286580.0,2.798022453402,43.777645249854,11.4568,12783540409.73,连续三个交易日内，涨幅偏离值累计达到20%的证券,5.23262061,8.50972386,3.59944128,2.82583002
492,002980,华盛昌,2026-08-06,4家机构买入，成功率10.60%,79.03,3.7956,-89585861.6,465575905.8,555161767.4,1020737673.2,2158410740.0,-4.15054743473,47.291169112696,10.7705,8004697305.57,连续三个交易日内，涨幅偏离值累计达到20%的证券,4.75768695,6.94672909,14.14652664,23.99088954
493,002980,华盛昌,2026-07-30,4家机构卖出，成功率36.46%,63.53,-10.0014,-36667750.32,526910598.04,563578348.36,1090488946.4,2012172961.0,-1.822296146042,54.194592986582,7.7254,6434751611.07,连续三个交易日内，跌幅偏离值累计达到20%的证券,4.29718243,-0.9444357,24.39792224,41.99590745
494,002990,盛视科技,2026-08-11,1家机构卖出，成功率24.94%,52.17,-8.0867,-52449021.0,194209107.0,246658128.0,440867235.0,1027794967.0,-5.103062642259,42.894473037442,14.052,7200428431.71,日跌幅偏离值达到7%的前5只证券,2.53018976,2.45351735,6.78550891,-8.81732797
495,003001,中岩大地,2026-08-04,2家机构卖出，成功率45.18%,20.91,-1.1815,-29324677.19,71025388.21,100350065.4,171375453.61,661975760.0,-4.429871750893,25.888478697468,27.689,2391405229.62,日换手率达到20%的前5只证券,-0.76518412,-4.25633668,-8.1300813,-16.06886657
496,003001,中岩大地,2026-07-27,3家机构卖出，成功率20.00%,19.62,-3.7764,-26931221.1,63341344.22,90272565.32,153613909.54,563922853.0,-4.775692447421,27.24023485177,25.7588,2243872338.84,日换手率达到20%的前5只证券,-9.98980632,-0.96839959,7.84913354,1.58002039
497,003013,地铁设计,2026-07-27,4家机构买入，成功率32.13%,17.43,6.4753,-1445033.17999999,127002855.95,128447889.13,255450745.08,519544652.0,-0.278134550021,49.168198363054,2.9029,7015163582.28,连续三个交易日内，涨幅偏离值累计达到20%的证券,-2.86861733,-1.89328744,-0.8605852,5.27825588
498,003031,中瓷电子,2026-08-21,3家机构买入，成功率20.31%,142.04,9.9977,27329978.43,501406450.98,474076472.55,975482923.53,2202510037.0,1.240856022033,44.289601733606,4.7384,48315857099.84,日涨幅偏离值达到7%的前5只证券,-5.23796114,-9.88453957,,
499,003031,中瓷电子,2026-08-14,3家机构买入，成功率42.33%,130.08,10.0042,242340563.21,446184227.31,203843664.1,650027891.41,1631796074.0,14.851154937268,39.835117988524,3.8439,44247583015.68,日涨幅偏离值达到7%的前5只证券,10.00153752,10.40129151,9.19434194,
500,003032,传智教育,2026-08-24,主力做T，成功率44.79%,9.99,-7.1561,8109360.66,66451514.0,58342153.34,124793667.34,813534413.0,0.99680610069,15.339691271302,28.4786,2841971263.92,日换手率达到20%的前5只证券,1.9019019,,,
501,003032,传智教育,2026-08-21,西藏自治区资金卖出，成功率20.71%,10.76,-9.9582,9137670.32,47096237.42,37958567.1,85054804.52,514787973.0,1.775035703874,16.522298301635,16.3716,3061022102.08,日跌幅偏离值达到7%的前5只证券,-7.15613383,-5.39033457,,
502,003032,传智教育,2026-08-21,西藏自治区资金卖出，成功率29.53%,10.76,-9.9582,14963898.06,115291037.16,100327139.1,215618176.26,1435727958.0,1.042251631071,15.018038414489,16.3716,3061022102.08,连续三个交易日内，跌幅偏离值累计达到20%的证券,-7.15613383,-5.39033457,,
503,003032,传智教育,2026-08-20,主力做T，成功率30.02%,11.95,-10.0151,10912714.0,77858877.0,66946163.0,144805040.0,920939985.0,1.1849538708,15.723613086471,26.9044,3399555215.6,日跌幅偏离值达到7%的前5只证券,-9.958159,-16.40167364,,
504,003032,传智教育,2026-08-20,主力做T，成功率30.02%,11.95,-10.0151,10912714.0,77858877.0,66946163.0,144805040.0,920939985.0,1.1849538708,15.723613086471,26.9044,3399555215.6,日换手率达到20%的前5只证券,-9.958159,-16.40167364,,
505,003032,传智教育,2026-08-19,西藏自治区资金买入，成功率31.23%,13.28,1.0654,-25327913.12,64388291.88,89716205.0,154104496.88,1040169612.0,-2.434979144536,14.815323876237,28.9012,3777915754.24,日换手率达到20%的前5只证券,-10.01506024,-18.97590361,,
506,003032,传智教育,2026-08-18,西藏自治区资金买入，成功率35.19%,13.14,5.036,4170062.37000001,73834981.0,69664918.63,143499899.63,1160691623.0,0.359273926628,12.363309666964,31.7268,3738088329.12,日换手率达到20%的前5只证券,1.06544901,-9.05631659,-22.52663623,
507,003032,传智教育,2026-08-17,西藏自治区资金买入，成功率20.24%,12.51,2.0392,139887.75,55872095.0,55732207.25,111604302.25,946953909.0,0.014772392687,11.785610808435,26.9093,3558864916.08,日换手率达到20%的前5只证券,5.03597122,6.15507594,-20.14388489,
508,003032,传智教育,2026-08-14,西藏自治区资金买入，成功率27.15%,12.26,5.5077,-6397865.0,59763147.0,66161012.0,125924159.0,1025348064.0,-0.623970066812,12.281113450271,30.3108,3487744514.08,日换手率达到20%的前5只证券,2.03915171,7.17781403,-12.23491028,
509,003032,传智教育,2026-08-13,主力做T，成功率29.47%,11.62,-9.9923,-26594408.6,72540400.38,99134808.98,171675209.36,1118386497.0,-2.377926474554,15.350257698972,32.8849,3305676284.96,日跌幅偏离值达到7%的前5只证券,5.50774527,7.65920826,2.83993115,
510,003032,传智教育,2026-08-13,主力做T，成功率29.47%,11.62,-9.9923,-26594408.6,72540400.38,99134808.98,171675209.36,1118386497.0,-2.377926474554,15.350257698972,32.8849,3305676284.96,日换手率达到20%的前5只证券,5.50774527,7.65920826,2.83993115,
511,003032,传智教育,2026-08-11,西藏自治区资金卖出，成功率29.63%,11.74,-2.4106,11876339.9,68665249.9,56788910.0,125454159.9,1175518031.0,1.010306910384,10.672244626761,34.2839,3339814077.92,日换手率达到20%的前5只证券,9.96592845,-1.02214651,11.92504259,-13.2879046
512,003032,传智教育,2026-08-10,主力做T，成功率30.16%,12.03,4.6087,-25398776.38,63632166.0,89030942.38,152663108.38,1150710942.0,-2.20722472108,13.266851196762,35.2665,3422313744.24,日换手率达到20%的前5只证券,-2.41064007,7.31504572,3.99002494,-16.95760599
513,003032,传智教育,2026-08-07,主力做T，成功率32.25%,11.5,5.0228,-70104422.48,62751587.9,132856010.38,195607598.28,1239027553.0,-5.658019655032,15.787187121577,38.499,3271538492.0,日换手率达到20%的前5只证券,4.60869565,2.08695652,6.60869565,-6.43478261
514,003032,传智教育,2026-08-06,2家机构卖出，成功率38.73%,10.95,-6.6496,-77259453.75,78344445.0,155603898.75,233948343.75,1228161670.0,-6.290658277098,19.048660242751,38.5777,3115073607.6,日换手率达到20%的前5只证券,5.02283105,9.8630137,6.11872146,9.13242009
515,003032,传智教育,2026-08-05,主力做T，成功率7.89%,11.73,10.0375,0.0,1960859563.4,1960859563.4,1960859563.4,1960859563.4,0.0,100.0,18.7864,3336969261.84,严重异常期间日收盘价格涨幅偏离值累计达到100%的证券,-6.64961637,-1.96078431,10.05967604,13.21398124
516,003032,传智教育,2026-08-04,浙江资金买入，成功率44.32%,10.66,10.0103,59982795.02,186958083.0,126975287.98,313933370.98,754142897.0,7.953770466925,41.627836346246,10.4,3032573941.28,连续三个交易日内，涨幅偏离值累计达到20%的证券,10.03752345,2.72045028,10.13133208,23.26454034
517,003032,传智教育,2026-07-30,1家机构买入，成功率17.19%,8.01,10.0275,15785246.28,69853222.28,54067976.0,123921198.28,274587189.0,5.748719136347,45.129999957864,8.7976,2278697680.08,连续三个交易日内，涨幅偏离值累计达到20%的证券,9.98751561,20.97378277,36.70411985,45.06866417
518,003032,传智教育,2026-07-28,3家机构买入，成功率38.25%,6.62,9.9668,25949786.0,63574280.0,37624494.0,101198774.0,306103047.0,8.477467393521,33.060361532435,12.3148,1883268244.96,连续三个交易日内，涨幅偏离值累计达到20%的证券,9.96978852,20.99697885,61.02719033,77.34138973
519,003033,征和工业,2026-07-27,3家机构卖出，成功率37.29%,64.43,-6.4877,-1503686.0,46993704.0,48497390.0,95491094.0,171413891.0,-0.877225288585,55.707908759857,3.2717,5202312854.06,日跌幅偏离值达到7%的前5只证券,-3.36799628,-5.01319261,-10.36784107,-1.39686481
520,003036,泰坦股份,2026-08-06,3家机构买入，成功率5.30%,52.25,10.0,-41665830.14,266151376.78,307817206.92,573968583.7,1179494211.0,-3.532516713641,48.66226373535,3.5765,11317396763.75,连续三个交易日内，涨幅偏离值累计达到20%的证券,2.69856459,6.02870813,5.35885167,1.62679426
521,003040,楚天龙,2026-08-24,2家机构买入，成功率21.50%,14.07,10.0078,58001845.2,171700510.7,113698665.5,285399176.2,1098141338.0,5.281819670466,25.989293574886,11.153,6427883130.06,连续三个交易日内，涨幅偏离值累计达到20%的证券,10.02132196,,,
522,003040,楚天龙,2026-08-24,2家机构买入，成功率43.79%,14.07,10.0078,5905657.29000001,108382990.59,102477333.3,210860323.89,700507535.0,0.843054070789,30.1010786258,11.153,6427883130.06,日涨幅偏离值达到7%的前5只证券,10.02132196,,,
523,110102,江农转债,2026-08-05,,157.3,57.3,105193060.0,134431850.0,29238790.0,163670640.0,168422810.0,62.457727667648,97.178428503835,,,向不特定对象发行的可转债上市首日交易公开信息,,,,
524,110103,申能转债,2026-08-13,,157.3,57.3,148137260.0,165671510.0,17534250.0,183205760.0,194648690.0,76.104935512281,94.121239654888,,,向不特定对象发行的可转债上市首日交易公开信息,,,,
525,111026,派克转债,2026-08-25,,155.721,55.721,36554610.0,72052570.0,35497960.0,107550530.0,257450680.0,14.19868457912,41.775197486369,,,向不特定对象发行的可转债上市首日交易公开信息,,,,
526,113707,科博转债,2026-08-04,,216.209,14.5417,124191820.0,1437977120.0,1313785300.0,2751762420.0,6981390200.0,1.778898134071,39.415679988779,,,连续3个交易日内日收盘价格涨幅偏离值达到30%的可转债,,,,
527,113707,科博转债,2026-08-03,,188.76,20.0,124408360.0,484112200.0,359703840.0,843816040.0,2021943660.0,6.152909324882,41.732915545233,,,"非上市首日,当日收盘价涨幅达15%的前五只可转债",,,,
528,113707,科博转债,2026-07-31,,157.3,57.3,44948480.0,53625150.0,8676670.0,62301820.0,61273820.0,73.356745180895,101.677714887043,,,向不特定对象发行的可转债上市首日交易公开信息,,,,
529,113708,曙26转债,2026-08-06,,146.723,46.723,256051420.0,542728420.0,286677000.0,829405420.0,2884211640.0,8.877691791023,28.756746158891,,,向不特定对象发行的可转债上市首日交易公开信息,,,,
530,113709,振26转债,2026-08-17,,157.3,57.3,27419480.0,40034430.0,12614950.0,52649380.0,69463760.0,39.473072001861,75.794025546558,,,向不特定对象发行的可转债上市首日交易公开信息,,,,
531,118053,正帆转债,2026-08-06,,154.211,4.8427,-14682200.0,2656024120.0,2670706320.0,5326730440.0,13000366410.0,-0.112936816832,40.973694679118,,,连续3个交易日内日收盘价格涨幅偏离值达到30%的可转债,,,,
532,118053,正帆转债,2026-08-05,,147.088,19.9006,2531380.0,1105396060.0,1102864680.0,2208260740.0,5171016870.0,0.048953234221,42.704574274576,,,"非上市首日,当日收盘价涨幅达15%的前五只可转债",,,,
533,118053,正帆转债,2026-08-03,,115.132,-17.767,5460830.0,502288320.0,496827490.0,999115810.0,2291430140.0,0.238315360555,43.602281062778,,,"非上市首日,当日收盘价跌幅达15%的前五只可转债",,,,
534,118073,赛斯转债,2026-08-13,,188.76,20.0,-11497640.0,57083810.0,68581450.0,125665260.0,291207760.0,-3.94826016999,43.153128886401,,,"非上市首日,当日收盘价涨幅达15%的前五只可转债",,,,
535,118073,赛斯转债,2026-08-12,,157.3,57.3,27091590.0,29626590.0,2535000.0,32161590.0,29626580.0,91.443528075127,108.556539431821,,,向不特定对象发行的可转债上市首日交易公开信息,,,,
536,118074,特宝转债,2026-08-13,,157.3,57.3,28977030.0,37637980.0,8660950.0,46298930.0,46159960.0,62.775249371967,100.301061786015,,,向不特定对象发行的可转债上市首日交易公开信息,,,,
537,118075,奥普转债,2026-08-19,,157.3,57.3,41525240.0,47726390.0,6201150.0,53927540.0,51223480.0,81.066807643682,105.278946295722,,,向不特定对象发行的可转债上市首日交易公开信息,,,,
538,123112,万讯转债,2026-08-25,,177.8,19.8937,5189006.51999998,959312849.76,954123843.24,1913436693.0,3442489186.0,0.150734141478,55.582939832654,,,日涨幅达到15%的前5只可转债,,,,
539,123213,天源转债,2026-08-17,,301.02,20.0,10387536.26,696036355.65,685648819.39,1381685175.04,2543051042.0,0.408467470312,54.331790916527,,,日涨幅达到15%的前5只可转债,,,,
540,123213,天源转债,2026-07-27,,255.5,-16.2295,-1221337.26999998,371268256.86,372489594.13,743757850.99,1300313378.0,-0.093926378876,57.198354148595,,,日跌幅达到15%的前5只可转债,,,,
541,123261,普联转债,2026-07-31,,201.598,20.0002,5415293.38,883063385.89,877648092.51,1760711478.4,2787681084.0,0.194257994972,63.160434258627,,,日涨幅达到15%的前5只可转债,,,,
542,123261,普联转债,2026-07-31,,201.598,20.0002,271973.049999952,1308581441.55,1308309468.5,2616890910.05,5527801899.0,0.004920094008,47.340533504347,,,连续三个交易日内，涨幅偏离值累计达到30%的可转债,,,,
543,123273,三江转债,2026-07-31,,335.0,19.8676,52696694.09,914446385.47,861749691.38,1776196076.85,3394825098.0,1.552265361802,52.320694750855,,,日涨幅达到15%的前5只可转债,,,,
544,123276,久吾转02,2026-08-05,,188.76,20.0,51758935.8,62555441.52,10796505.72,73351947.24,62968826.0,82.197714469061,116.489304151867,,,日涨幅达到15%的前5只可转债,,,,
545,123276,久吾转02,2026-08-04,,157.3,57.3,39325193.7,44394555.4,5069361.7,49463917.1,46062052.0,85.37438518805,107.385396334492,,,上市首日可转债,,,,
546,123277,玉禾转债,2026-08-14,,157.3,57.3,121456647.0,137786896.0,16330249.0,154117145.0,197385505.0,61.532708290814,78.079261696547,,,上市首日可转债,,,,
547,123278,合金转债,2026-08-18,,157.3,57.3,34004500.4,39712021.7,5707521.3,45419543.0,39876095.0,85.275402217795,113.90168219832,,,上市首日可转债,,,,
548,123279,天脉转债,2026-08-18,,157.3,57.3,37481415.4,43999670.0,6518254.6,50517924.6,48648613.0,77.045188112557,103.842476660126,,,上市首日可转债,,,,
549,123280,三鑫转债,2026-08-19,,157.3,57.3,47584971.2,54856674.6,7271703.4,62128378.0,54962066.0,86.57784297992,113.038651057986,,,上市首日可转债,,,,
550,123281,中仑转债,2026-08-24,,157.3,57.3,38708573.8,44879649.1,6171075.3,51050724.4,66786833.0,57.958390990032,76.438306933943,,,上市首日可转债,,,,
551,127115,炬申转债,2026-08-14,,188.76,20.0,33721218.96,52777862.28,19056643.32,71834505.6,52777862.0,63.892733964858,136.107267096193,,,日涨幅达到15%的前5只可转债,,,,
552,127115,炬申转债,2026-08-13,,157.3,57.3,13282730.5,14951319.5,1668589.0,16619908.5,14951320.0,88.839851598387,111.16014171324,,,上市首日可转债,,,,
553,200056,*ST皇庭B,2026-08-05,买一主买，成功率50.00%,0.55,7.8431,36187.63,121784.96,85597.33,207382.29,135300.0,26.746215816704,153.275898004435,0.1213,2022581661.32,日涨幅偏离值达到7%的前5只证券,-5.45454545,-3.63636364,-9.09090909,-7.27272727
554,200512,闽灿坤B,2026-07-29,广东资金买入，成功率33.33%,2.01,9.8361,788914.4,2420280.12,1631365.72,4051645.84,3885145.0,20.305919084101,104.285575956625,1.2115,372637276.8,日涨幅偏离值达到7%的前5只证券,3.9800995,3.9800995,7.46268657,18.4079602
555,200521,虹美菱B,2026-08-24,普通席位买入，成功率47.78%,2.87,9.9617,6891649.17,10731479.62,3839830.45,14571310.07,18376602.0,37.502304125649,79.29273360766,5.0112,4635444259.42,日涨幅偏离值达到7%的前5只证券,-1.39372822,,,
556,200521,虹美菱B,2026-08-24,普通席位买入，成功率47.78%,2.87,9.9617,5759456.2,10231114.15,4471657.95,14702772.1,22697203.0,25.375180369141,64.777902810316,5.0112,4635444259.42,连续三个交易日内，涨幅偏离值累计达到20%的证券,-1.39372822,,,
557,200521,虹美菱B,2026-08-21,广东资金买入，成功率63.33%,2.61,10.1266,716863.02,2153208.6,1436345.58,3589554.18,4320601.0,16.591743139438,83.079973827715,1.3017,4596914902.58,日涨幅偏离值达到7%的前5只证券,9.96168582,8.42911877,,
558,300009,安科生物,2026-08-20,1家机构买入，成功率35.13%,10.15,19.9764,317947588.46,462794031.95,144846443.49,607640475.44,1966375313.0,16.169221936321,30.901551266577,16.3077,12493427716.7,日涨幅达到15%的前5只证券,-11.62561576,-16.3546798,,
559,300016,北陆药业,2026-08-21,1家机构买入，成功率45.61%,10.44,20.0,164534014.02,265126262.2,100592248.18,365718510.38,1230292514.0,13.373568655235,29.726142865891,22.6524,5869309671.72,日涨幅达到15%的前5只证券,-6.70498084,-6.99233716,,
560,300017,网宿科技,2026-08-14,2家机构买入，成功率46.32%,17.33,20.0139,971840548.6,1378737145.86,406896597.26,1785633743.12,7662499152.0,12.683075447341,23.303542456562,20.3042,41010918219.99,日涨幅达到15%的前5只证券,1.38488171,-2.76976342,-10.32890941,
561,300058,蓝色光标,2026-07-31,2家机构买入，成功率42.11%,14.35,19.9833,803737976.94,1384055977.64,580318000.7,1964373978.34,8552639403.0,9.397543133387,22.968043966065,18.1673,49908299546.7,日涨幅达到15%的前5只证券,2.57839721,9.54703833,10.66202091,5.22648084
562,300067,安诺其,2026-07-29,2家机构买入，成功率25.71%,5.89,4.8043,8740200.16,215429775.2,206689575.04,422119350.24,1870442650.0,0.467279772518,22.567885213695,20.2976,5520483075.2,连续三个交易日内，涨幅偏离值累计达到30%的证券,-8.65874363,-3.73514431,-2.37691002,3.73514431
563,300067,安诺其,2026-07-28,1家机构买入，成功率32.14%,5.62,20.0855,63616838.45,158020577.7,94403739.25,252424316.95,824878211.0,7.712270442067,30.601404375076,16.5217,5267421881.6,日涨幅达到15%的前5只证券,4.80427046,-4.27046263,2.4911032,-0.53380783
564,300069,金利华电,2026-08-19,1家机构买入，成功率30.81%,34.66,20.0139,26945177.96,129133794.0,102188616.04,231322410.04,615058698.0,4.380911618292,37.609810379432,16.5054,4055220000.0,日涨幅达到15%的前5只证券,-11.39642239,-22.10040392,,
565,300097,智云股份,2026-08-25,2家机构买入，成功率43.09%,10.54,20.0456,72210337.0,142662279.0,70451942.0,213114221.0,453799962.0,15.912371759961,46.962150472811,17.7012,2780772584.64,日涨幅达到15%的前5只证券,,,,
566,300097,智云股份,2026-08-24,3家机构卖出，成功率31.80%,8.78,-17.1698,-32784645.8,80487614.0,113272259.8,193759873.8,441267698.0,-7.429650062444,43.90982496072,18.0324,2316431052.48,日跌幅达到15%的前5只证券,20.04555809,,,
567,300109,新开源,2026-08-20,普通席位买入，成功率44.95%,15.98,19.97,119285682.11,261592604.1,142306921.99,403899526.09,1362583744.0,8.754374374072,29.64218000314,16.6759,8323629928.64,日涨幅达到15%的前5只证券,2.62828536,-0.18773467,,
568,300120,经纬辉开,2026-08-14,2家机构买入，成功率35.27%,9.26,19.9482,86877651.89,179957463.34,93079811.45,273037274.79,903252374.0,9.618314259753,30.228237716207,20.4898,4884159238.52,日涨幅达到15%的前5只证券,3.13174946,-1.07991361,-2.80777538,
569,300120,经纬辉开,2026-08-14,3家机构买入，成功率45.14%,9.26,19.9482,109294225.89,235809991.34,126515765.45,362325756.79,1383966275.0,7.897174076008,26.18024465878,20.4898,4884159238.52,连续三个交易日内，涨幅偏离值累计达到30%的证券,3.13174946,-1.07991361,-2.80777538,
570,300139,晓程科技,2026-08-24,西藏自治区资金买入，成功率20.85%,58.33,8.6624,-107276391.56,323026928.82,430303320.38,753330249.2,4590248658.0,-2.337049679717,16.411534653729,34.439,13629342594.25,日换手率达到30%的前5只证券,-5.67460998,,,
571,300139,晓程科技,2026-08-10,2家机构买入，成功率19.75%,52.49,9.3542,4342737.51000005,317586199.91,313243462.4,630829662.31,3698027873.0,0.117433877168,17.058542660422,32.0752,12264772720.25,日换手率达到30%的前5只证券,-5.69632311,-0.45722995,-10.44008383,11.12592875
572,300139,晓程科技,2026-08-06,4家机构买入，成功率29.14%,46.04,2.9747,159954760.38,522204108.53,362249348.15,884453456.68,3638127731.0,4.396622994213,24.310676316933,33.187,10757670719.0,日换手率达到30%的前5只证券,4.25716768,14.00955691,3.30147698,7.40660295
573,300142,沃森生物,2026-08-21,3家机构买入，成功率40.03%,16.1,6.4815,506112365.36,1217288510.42,711176145.06,1928464655.48,8179433603.0,6.187621171891,23.576995047343,32.2905,25391922685.5,日换手率达到30%的前5只证券,-7.45341615,-10.43478261,,
574,300164,通源石油,2026-08-11,3家机构买入，成功率28.82%,11.66,8.972,52766654.48,323128291.46,270361636.98,593489928.44,2545183736.0,2.073196277882,23.318156565495,38.3561,6800235514.38,日换手率达到30%的前5只证券,-4.80274443,-6.77530017,-6.94682676,-15.52315609
575,300164,通源石油,2026-07-31,2家机构卖出，成功率26.23%,11.93,-0.0838,95572688.02,326548537.0,230975848.98,557524385.98,2269502021.0,4.211174395777,24.565934765475,34.0083,6957702374.49,日换手率达到30%的前5只证券,-7.7954736,-5.61609388,-9.55574183,-10.3101425
576,300164,通源石油,2026-07-30,2家机构买入，成功率31.27%,11.94,10.5556,52660350.37,223997547.94,171337197.57,395334745.51,2205472651.0,2.387712690344,17.9251710662,32.7607,6963534480.42,日换手率达到30%的前5只证券,-0.08375209,-7.87269682,-9.79899497,-8.96147404
577,300164,通源石油,2026-07-28,3家机构买入，成功率22.63%,10.81,3.0505,-61821250.47,183234545.0,245055795.47,428290340.47,2156853383.0,-2.866270417696,19.857183795882,35.4817,6304506510.33,日换手率达到30%的前5只证券,-0.09250694,10.453284,4.16281221,7.86308973
578,300164,通源石油,2026-07-27,1家机构卖出，成功率40.77%,10.49,-12.1441,85404607.39,272247815.42,186843208.03,459091023.45,2082843800.0,4.100384646703,22.041548360468,34.5569,6117879120.57,日换手率达到30%的前5只证券,3.05052431,2.95519542,4.86177312,2.00190658
579,300169,天晟新材,2026-07-30,2家机构买入，成功率15.08%,5.47,1.6729,-9487952.39,81567378.85,91055331.24,172622710.09,612192210.0,-1.549832264282,28.197469237644,19.4322,1650494727.54,连续三个交易日内，涨幅偏离值累计达到30%的证券,0.73126143,-0.73126143,0.0,2.55941499
580,300169,天晟新材,2026-07-29,1家机构买入，成功率33.82%,5.38,20.0893,2309816.44000001,46042231.38,43732414.94,89774646.32,268990489.0,0.858698182448,33.374654491966,17.4178,1623338507.16,日涨幅达到15%的前5只证券,1.67286245,2.41635688,2.9739777,8.36431227
581,300189,神农种业,2026-08-25,西藏自治区资金买入，成功率24.14%,6.23,6.6781,45732334.79,188859867.41,143127532.62,331987400.03,2044769213.0,2.236552394238,16.235934985686,36.7696,5521340141.52,日换手率达到30%的前5只证券,,,,
582,300189,神农种业,2026-08-24,西藏自治区资金买入，成功率27.03%,5.84,4.4723,-99804591.02,108740193.98,208544785.0,317284978.98,1665111320.0,-5.99386898769,19.054880906101,32.5371,5175702476.16,日换手率达到30%的前5只证券,6.67808219,,,
583,300189,神农种业,2026-08-21,4家机构卖出，成功率9.78%,5.59,-11.8297,-37531622.81,142969012.8,180500635.61,323469648.41,1509844224.0,-2.485794376228,21.424041187046,30.1327,4954139870.16,日换手率达到30%的前5只证券,4.47227191,11.4490161,,
584,300189,神农种业,2026-08-20,4家机构买入，成功率26.87%,6.34,1.6026,32469645.2,255419383.84,222949738.64,478369122.48,2200992682.0,1.475227312909,21.734244115947,41.0459,5618827688.16,日换手率达到30%的前5只证券,-11.829653,-7.88643533,,
585,300189,神农种业,2026-08-19,2家机构买入，成功率22.73%,6.24,0.1605,-120201756.03,254473072.53,374674828.56,629147901.09,2841380824.0,-4.23039935424,22.142329383511,50.173,5530202645.76,日换手率达到30%的前5只证券,1.6025641,-10.41666667,,
586,300189,神农种业,2026-08-18,1家机构买入，成功率29.85%,6.23,20.0385,57229222.29,271644453.32,214415231.03,486059684.35,2291043063.0,2.497954892871,21.215650294828,44.116,5521340141.52,日换手率达到30%的前5只证券,0.16051364,1.76565008,0.0,
587,300189,神农种业,2026-08-18,1家机构买入，成功率29.85%,6.23,20.0385,57229222.29,271644453.32,214415231.03,486059684.35,2291043063.0,2.497954892871,21.215650294828,44.116,5521340141.52,日涨幅达到15%的前5只证券,0.16051364,1.76565008,0.0,
588,300189,神农种业,2026-08-18,2家机构买入，成功率42.25%,6.23,20.0385,159863348.3,494291716.5,334428368.2,828720084.7,3819859205.0,4.185058655846,21.695042676318,44.116,5521340141.52,连续三个交易日内，涨幅偏离值累计达到30%的证券,0.16051364,1.76565008,0.0,
589,300189,神农种业,2026-08-17,3家机构买入，成功率39.43%,5.19,11.1349,118814349.38,249428408.38,130614059.0,380042467.38,1528816143.0,7.771657169112,24.858611620508,33.2543,4599639700.56,日换手率达到30%的前5只证券,20.03853565,20.23121387,12.52408478,
590,300197,节能铁汉,2026-08-12,1家机构买入，成功率23.67%,2.3,19.7917,-80588.549999997,111234649.8,111315238.35,222549888.15,612238066.0,-0.013162943384,36.350220691766,9.9704,6820013084.0,日涨幅达到15%的前5只证券,-0.86956522,-5.2173913,-13.04347826,
591,300209,行云科技,2026-08-04,2家机构买入，成功率40.60%,33.64,20.0143,472162453.35,1015873452.7,543710999.35,1559584452.05,5505893656.0,8.575582509398,28.325727838032,23.0631,24991455429.64,日涨幅达到15%的前5只证券,9.89892985,3.06183115,3.80499405,8.41260404
592,300214,日科化学,2026-08-21,4家机构买入，成功率43.99%,12.9,20.0,75048757.0,148356808.0,73308051.0,221664859.0,790411158.0,9.494901006952,28.044247194193,14.1696,5997243720.6,日涨幅达到15%的前5只证券,-4.88372093,-7.51937984,,
593,300214,日科化学,2026-07-27,4家机构买入，成功率42.92%,14.23,19.9831,60814942.62,229030941.62,168215999.0,397246940.62,1031061504.0,5.898284669156,38.52795774829,16.5188,6615564197.22,日涨幅达到15%的前5只证券,-1.61630358,-5.13000703,-8.85453268,-11.59522136
594,300243,瑞丰高材,2026-08-19,4家机构卖出，成功率38.94%,18.81,-2.9412,-59274898.14,210964263.67,270239161.81,481203425.48,1491545174.0,-3.974059865786,32.262075186735,34.2034,4206835000.17,日换手率达到30%的前5只证券,-9.6225412,-10.89845827,,
595,300243,瑞丰高材,2026-08-18,5家机构买入，成功率40.40%,19.38,15.3571,101600768.54,366300997.05,264700228.51,631001225.56,2683220744.0,3.786522922767,23.516560349013,36.9594,4334314848.66,连续三个交易日内，涨幅偏离值累计达到30%的证券,-2.94117647,-12.28070175,-17.44066047,
596,300243,瑞丰高材,2026-08-18,3家机构买入，成功率42.39%,19.38,15.3571,119931169.87,264677188.05,144746018.18,409423206.23,1630138965.0,7.357113255065,25.115846870761,36.9594,4334314848.66,日换手率达到30%的前5只证券,-2.94117647,-12.28070175,-17.44066047,
597,300246,宝莱特,2026-08-20,5家机构卖出，成功率10.00%,15.71,-15.4467,-53653490.13,71232545.97,124886036.1,196118582.07,574447814.0,-9.340011193776,34.140365284774,16.7225,3322507790.03,日跌幅达到15%的前5只证券,-4.07383832,-5.79248886,,
598,300246,宝莱特,2026-08-10,普通席位卖出，成功率44.00%,15.41,-19.9896,-11554726.2,4545950.0,16100676.2,20646626.2,38745363.0,-29.822216919222,53.28799268186,1.1889,3259060792.13,日跌幅达到15%的前5只证券,4.02336145,18.88384166,22.77741726,-3.95846853
599,300248,新开普,2026-08-05,1家机构买入，成功率31.79%,10.07,20.0238,108519364.51,146166148.87,37646784.36,183812933.23,344396239.0,31.510031824128,53.372514683588,8.7282,4101927062.19,日涨幅达到15%的前5只证券,-1.19165839,-4.0714995,-7.54716981,-14.69712016
600,300290,ST荣科,2026-07-30,1家机构买入，成功率11.45%,5.04,9.0909,-16611690.41,93031592.51,109643282.92,202674875.43,973565492.0,-1.706273542612,20.817795730788,11.5009,3223293917.76,连续三个交易日内，涨幅偏离值累计达到30%的证券,2.18253968,15.07936508,31.74603175,21.03174603
601,300290,ST荣科,2026-07-28,1家机构买入，成功率28.23%,4.88,19.9017,-1316912.55,33047955.5,34364868.05,67412823.55,325412276.0,-0.404690494836,20.716127977299,10.8667,3120967126.72,日涨幅达到15%的前5只证券,-5.32786885,3.27868852,25.0,24.79508197
602,300305,裕兴股份,2026-08-03,1家机构买入，成功率44.27%,6.06,20.0,12440657.2,39519224.08,27078566.88,66597790.96,193770646.0,6.4203002141,34.369390996405,10.6314,1948143935.82,日涨幅达到15%的前5只证券,2.97029703,3.13531353,1.81518152,6.76567657
603,300308,中际旭创,2026-07-28,3家机构卖出，成功率40.86%,908.0,-15.687,2838898384.3,10601818014.59,7762919630.29,18364737644.88,51600162917.0,5.501723684219,35.590464461169,4.8746,1007823956424.0,日跌幅达到15%的前5只证券,4.73568282,-4.84581498,12.55396476,-2.31718062
604,300311,任子行,2026-08-06,2家机构买入，成功率37.52%,7.16,19.933,91629301.39,172676556.27,81047254.88,253723811.15,1107074685.0,8.276704601009,22.918400591013,31.4224,3847849105.88,日涨幅达到15%的前5只证券,-6.56424581,-8.24022346,-15.08379888,-14.66480447
605,300313,天山生物,2026-08-25,4家机构买入，成功率21.11%,16.63,8.2682,3105271.72,151174404.35,148069132.63,299243536.98,1634372365.0,0.189997811178,18.309385510199,30.4491,3281976881.07,连续三个交易日内，涨幅偏离值累计达到30%的证券,,,,
606,300313,天山生物,2026-08-25,主力做T，成功率8.55%,16.63,8.2682,0.0,4506723012.29,4506723012.29,4506723012.29,4506723012.29,0.0,100.0,30.4491,3281976881.07,严重异常期间日收盘价格涨幅偏离值累计达到100%的证券,,,,
607,300313,天山生物,2026-08-24,2家机构买入，成功率35.34%,15.36,20.0,13394656.56,99835160.42,86440503.86,186275664.28,639508500.0,2.094523616183,29.127941892876,23.4943,3031338839.04,日涨幅达到15%的前5只证券,8.26822917,,,
608,300313,天山生物,2026-08-18,1家机构买入，成功率47.08%,12.88,20.0373,29836757.44,99199811.96,69363054.52,168562866.48,440817980.0,6.768498290383,38.238654984082,7.6372,2541903922.32,连续三个交易日内，涨幅偏离值累计达到30%的证券,12.18944099,9.7826087,29.11490683,
609,300333,兆日科技,2026-08-17,2家机构买入，成功率41.73%,12.15,7.7128,-38769683.42,136660179.84,175429863.26,312090043.1,1923578843.0,-2.015497496299,16.224447686962,23.3048,4067577814.05,连续三个交易日内，涨幅偏离值累计达到30%的证券,-2.79835391,-7.0781893,-12.18106996,
610,300333,兆日科技,2026-07-29,3家机构买入，成功率40.20%,8.87,20.0271,74825777.88,118463763.16,43637985.28,162101748.44,414544174.0,18.050133754865,39.103612740677,9.6684,2969499194.29,连续三个交易日内，涨幅偏离值累计达到30%的证券,19.95490417,27.17023675,27.28297632,
611,300333,兆日科技,2026-07-29,2家机构买入，成功率44.93%,8.87,20.0271,80033905.8,104469684.16,24435778.36,128905462.52,266610194.0,30.019071888902,48.349787600395,9.6684,2969499194.29,日涨幅达到15%的前5只证券,19.95490417,27.17023675,27.28297632,
612,300345,华民股份,2026-08-18,4家机构买入，成功率29.25%,9.37,5.2809,10943506.46,420274285.06,409330778.6,829605063.66,2723789191.0,0.401775089503,30.4577559233,26.8671,4504568478.37,连续三个交易日内，涨幅偏离值累计达到30%的证券,-13.87406617,-9.60512273,2.98826041,
613,300359,全通教育,2026-07-29,2家机构买入，成功率46.33%,4.43,20.0542,63905126.54,106271871.12,42366744.58,148638615.7,296911167.0,21.523315268233,50.061645441581,7.408,2805526517.71,连续三个交易日内，涨幅偏离值累计达到30%的证券,3.83747178,-0.45146727,1.58013544,2.25733634
614,300359,全通教育,2026-07-29,2家机构买入，成功率46.33%,4.43,20.0542,66388476.0,92156219.0,25767743.0,117923962.0,198626138.0,33.423836695652,59.369810633886,7.408,2805526517.71,日涨幅达到15%的前5只证券,3.83747178,-0.45146727,1.58013544,2.25733634
615,300363,博腾股份,2026-08-20,3家机构买入，成功率39.68%,24.48,20.0,130358196.91,339038328.09,208680131.18,547718459.27,1283285642.0,10.158159075702,42.68094657526,10.9334,12212004304.8,日涨幅达到15%的前5只证券,-10.58006536,-16.42156863,,
616,300363,博腾股份,2026-08-07,2家机构买入，成功率42.29%,20.44,20.0235,71472559.8,233526709.92,162054150.12,395580860.04,1383423818.0,5.166353135609,28.594336377112,14.6678,10196624509.4,日涨幅达到15%的前5只证券,5.91976517,6.60469667,6.99608611,7.09393346
617,300364,中文在线,2026-07-31,3家机构买入，成功率41.20%,24.83,20.0097,285775757.75,437601642.03,151825884.28,589427526.31,2053546629.0,13.916204955578,28.702904428181,13.1971,16414757012.29,日涨幅达到15%的前5只证券,-1.97341925,3.26218284,8.57833266,-0.68465566
618,300400,劲拓股份,2026-08-07,3家机构买入，成功率12.84%,30.7,17.7599,-122544086.28,446291729.53,568835815.81,1015127545.34,2030471305.0,-6.035253292092,49.994675760266,14.4365,7444980250.0,连续三个交易日内，涨幅偏离值累计达到30%的证券,0.6514658,-1.9218241,-1.98697068,-7.68729642
619,300404,博济医药,2026-08-20,3家机构买入，成功率6.10%,15.74,2.5407,-59672336.72,138480240.22,198152576.94,336632817.16,1430174646.0,-4.172381106524,23.53788176161,31.7559,4494015732.88,日换手率达到30%的前5只证券,-8.3227446,-10.10165184,,
620,300404,博济医药,2026-08-17,5家机构买入，成功率32.30%,17.6,1.4994,-85178708.61,246318597.9,331497306.51,577815904.41,2062407439.0,-4.13006213027,28.016573906956,42.4346,5025074771.2,日换手率达到30%的前5只证券,-5.45454545,-12.78409091,-19.60227273,
621,300404,博济医药,2026-08-14,4家机构买入，成功率33.96%,17.34,20.0,36966832.34,166166490.06,129199657.72,295366147.78,1320038764.0,2.800435362063,22.375566220872,27.5316,4950840712.08,日涨幅达到15%的前5只证券,1.4994233,-4.03690888,-16.78200692,
622,300404,博济医药,2026-08-14,5家机构买入，成功率40.43%,17.34,20.0,82328833.54,282568118.91,200239285.37,482807404.28,2142964263.0,3.841820181581,22.529885944253,27.5316,4950840712.08,连续三个交易日内，涨幅偏离值累计达到30%的证券,1.4994233,-4.03690888,-16.78200692,
623,300404,博济医药,2026-08-13,3家机构买入，成功率38.14%,14.45,20.0166,62985173.34,161160529.83,98175356.49,259335886.32,822925499.0,7.653812333746,31.513896049538,21.4299,4125700593.4,日涨幅达到15%的前5只证券,20.0,21.79930796,8.92733564,
624,300407,凯发电气,2026-07-27,4家机构买入，成功率25.94%,12.28,12.9715,-19436727.09,187967238.76,207403965.85,395371204.61,918769336.0,-2.11551760909,43.032694836259,13.7589,3140886005.28,连续三个交易日内，涨幅偏离值累计达到30%的证券,-0.40716612,3.90879479,-0.08143322,4.07166124
625,300414,中光防雷,2026-07-27,2家机构买入，成功率35.10%,12.15,7.8083,-13764858.0,118804532.92,132569390.92,251373923.84,686023572.0,-2.0064701217,36.642170050682,13.3541,3835406100.6,连续三个交易日内，涨幅偏离值累计达到30%的证券,-7.16049383,-5.8436214,-8.06584362,-2.4691358
626,300418,昆仑万维,2026-07-31,3家机构买入，成功率36.75%,43.2,20.0,944034789.43,1389730872.84,445696083.41,1835426956.25,6065935310.0,15.562889170178,30.257938181837,12.5765,50736572510.4,日涨幅达到15%的前5只证券,-3.7037037,1.15740741,3.88888889,0.97222222
627,300420,五洋自控,2026-08-05,4家机构买入，成功率21.75%,7.89,19.7269,-29047629.26,462005000.68,491052629.94,953057630.62,2687586285.0,-1.080807318527,35.461470983805,20.1397,8807433901.29,连续三个交易日内，涨幅偏离值累计达到30%的证券,2.66159696,4.43599493,2.15462611,-7.09759189
628,300426,华智数媒,2026-08-11,3家机构买入，成功率36.29%,7.8,20.0,33719025.5,137987848.3,104268822.8,242256671.1,805987564.0,4.183566472497,30.057122705184,14.2557,3120000000.0,连续三个交易日内，涨幅偏离值累计达到30%的证券,-5.76923077,-10.64102564,-17.05128205,-18.46153846
629,300426,华智数媒,2026-08-11,1家机构买入，成功率45.61%,7.8,20.0,76327543.5,118934108.3,42606564.8,161540673.1,421059209.0,18.127508404643,38.365310542347,14.2557,3120000000.0,日涨幅达到15%的前5只证券,-5.76923077,-10.64102564,-17.05128205,-18.46153846
630,300444,双杰电气,2026-07-27,4家机构买入，成功率18.59%,10.69,8.5279,-98973467.96,350921455.11,449894923.07,800816378.18,4070819482.0,-2.431291006581,19.672117167587,23.8258,6707351762.31,连续三个交易日内，涨幅偏离值累计达到30%的证券,-6.64172123,-1.2160898,1.30963517,6.82881197
631,300458,全志科技,2026-07-30,4家机构卖出，成功率33.87%,31.82,-19.9295,45233129.8199999,757298553.4,712065423.58,1469363976.98,5267680643.0,0.858691573873,27.893945676691,18.4729,25906299616.3,日跌幅达到15%的前5只证券,5.40540541,1.09993715,7.8566939,7.38529227
632,300476,胜宏科技,2026-08-07,3家机构买入，成功率13.79%,280.2,12.0128,-23180809.0599995,6236113090.35,6259293899.41,12495406989.76,54150384251.0,-0.042808207884,23.075380096734,8.3854,242427623589.0,连续三个交易日内，涨幅偏离值累计达到30%的证券,2.06995004,-2.0235546,-3.87937188,-9.44325482
633,300489,光智科技,2026-08-06,3家机构买入，成功率15.57%,202.0,10.7153,-960164751.38,2092266184.97,3052430936.35,5144697121.32,9407987991.0,-10.205845843963,54.684350429035,13.6924,28006993162.0,连续三个交易日内，涨幅偏离值累计达到30%的证券,18.81188119,17.32673267,20.11386139,13.18316832
634,300489,光智科技,2026-08-04,1家机构买入，成功率21.52%,169.2,20.0,-28585598.37,682716382.11,711301980.48,1394018362.59,2284126304.0,-1.25148939093,61.030703956641,10.37,23459322985.2,日涨幅达到15%的前5只证券,7.83096927,19.38534279,31.20567376,47.36406619
635,300489,光智科技,2026-07-30,3家机构卖出，成功率12.97%,125.61,-16.0754,-129026056.0,415949076.0,544975132.0,960924208.0,1497476862.0,-8.616230358823,64.169552958342,8.1451,17415635698.41,日跌幅达到15%的前5只证券,11.85415174,12.25220922,60.81522172,93.1613725
636,300502,新易盛,2026-07-28,2家机构卖出，成功率40.07%,406.9,-17.1283,1927535181.89,6213416314.82,4285881132.93,10499297447.75,33425318704.0,5.766692006618,31.411211186129,6.1618,510351540176.4,日跌幅达到15%的前5只证券,3.514377,-8.79823052,10.10076186,2.06438928
637,300503,昊志机电,2026-08-19,1家机构卖出，成功率30.10%,69.55,-15.1829,48150975.39,246295656.8,198144681.41,444440338.21,2327408215.0,2.06886677978,19.095934067157,13.211,16776401011.5,日跌幅达到15%的前5只证券,0.92020129,0.14378145,,
638,300506,名家汇,2026-08-07,3家机构卖出，成功率37.19%,5.65,-13.4763,-267389649.11,71021973.18,338411622.29,409433595.47,926886053.0,-28.848168363798,44.173023657526,19.5118,4299630298.45,日振幅值达到30%的前5只证券,-9.55752212,-6.54867257,-9.55752212,-7.96460177
639,300518,新迅达,2026-08-06,5家机构买入，成功率26.49%,23.87,12.9139,-2755461.32000002,223074993.14,225830454.46,448905447.6,879480222.0,-0.31330566067,51.042131064546,9.3297,4759021598.87,连续三个交易日内，涨幅偏离值累计达到30%的证券,3.68663594,5.06912442,2.1365731,-3.72852953
640,300530,领湃科技,2026-07-29,2家机构买入，成功率25.19%,20.38,20.0236,5554149.51000001,108953746.28,103399596.77,212353343.05,714725709.0,0.777102242169,29.711166168503,8.0239,3504368594.52,连续三个交易日内，涨幅偏离值累计达到30%的证券,-5.78999019,2.45338567,-2.64965653,2.99313052
641,300530,领湃科技,2026-07-29,2家机构买入，成功率40.83%,20.38,20.0236,30684290.83,63122783.0,32438492.17,95561275.17,259932397.0,11.804719682557,36.763895640912,8.0239,3504368594.52,日涨幅达到15%的前5只证券,-5.78999019,2.45338567,-2.64965653,2.99313052
642,300534,陇神戎发,2026-08-17,5家机构买入，成功率16.15%,20.23,7.037,-39228470.98,283885218.02,323113689.0,606998907.02,1829929621.0,-2.143714737978,33.170614872516,30.7247,6110666598.12,日换手率达到30%的前5只证券,-4.34997528,-9.09540287,-17.44933267,
643,300534,陇神戎发,2026-08-14,3家机构卖出，成功率30.01%,18.9,-0.1057,-68756118.2000001,294273106.96,363029225.16,657302332.12,1881674683.0,-3.653985400408,34.931773173036,33.538,5708927271.6,日换手率达到30%的前5只证券,7.03703704,2.38095238,-2.91005291,
644,300534,陇神戎发,2026-08-13,4家机构买入，成功率41.94%,18.92,19.9746,266451910.0,386947981.0,120496071.0,507444052.0,1730725301.0,15.39539000476,29.319733854171,34.1063,5714968464.48,日换手率达到30%的前5只证券,-0.10570825,6.92389006,-1.84989429,
645,300534,陇神戎发,2026-08-13,4家机构买入，成功率41.94%,18.92,19.9746,266451910.0,386947981.0,120496071.0,507444052.0,1730725301.0,15.39539000476,29.319733854171,34.1063,5714968464.48,日涨幅达到15%的前5只证券,-0.10570825,6.92389006,-1.84989429,
646,300534,陇神戎发,2026-08-11,3家机构卖出，成功率18.08%,15.7,-1.1335,-59356878.98,141532258.0,200889136.98,342421394.98,1527971180.0,-3.884685768746,22.410199842905,30.9529,4742336410.8,日换手率达到30%的前5只证券,0.44585987,20.50955414,23.24840764,6.81528662
647,300534,陇神戎发,2026-08-10,4家机构卖出，成功率37.05%,15.88,-3.3475,17480034.58,199518302.0,182038267.42,381556569.42,1588522788.0,1.100395582112,24.01958425163,32.4883,4796707146.72,日换手率达到30%的前5只证券,-1.13350126,-0.69269521,27.3929471,5.16372796
648,300534,陇神戎发,2026-08-07,3家机构买入，成功率27.08%,16.43,10.2685,-13885675.82,197121069.68,211006745.5,408127815.18,1775081946.0,-0.782255481291,22.992054879477,36.9377,4962839950.92,日换手率达到30%的前5只证券,-3.347535,-4.44309191,15.03347535,11.68594035
649,300534,陇神戎发,2026-08-06,4家机构买入，成功率39.15%,14.9,9.4783,51804497.38,161641024.0,109836526.62,271477550.62,1629078682.0,3.179987434149,16.664483650766,38.9185,4500688695.6,日换手率达到30%的前5只证券,10.26845638,6.57718121,26.97986577,24.63087248
650,300534,陇神戎发,2026-08-05,4家机构买入，成功率15.18%,13.61,3.2625,-3469209.0,106593064.0,110062273.0,216655337.0,1232180185.0,-0.281550461713,17.583088872672,31.2172,4111031754.84,日换手率达到30%的前5只证券,9.47832476,20.72005878,15.87068332,35.12123439
651,300534,陇神戎发,2026-07-30,西藏自治区资金买入，成功率11.67%,13.37,1.2112,-140529141.0,112577002.0,253106143.0,365683145.0,1479282963.0,-9.49981474234,24.720297207939,34.5829,4038537440.28,日换手率达到30%的前5只证券,2.69259536,-5.23560209,11.44353029,41.51084518
652,300534,陇神戎发,2026-07-28,4家机构买入，成功率29.54%,14.25,6.1848,-1010625.47999999,210049884.52,211060510.0,421110394.52,1628057417.0,-0.06207554288,25.865819603339,36.81,4304349927.0,日换手率达到30%的前5只证券,-7.29824561,-6.1754386,-7.50877193,10.1754386
653,300534,陇神戎发,2026-07-27,4家机构买入，成功率43.62%,13.42,20.0358,129126443.16,214233935.08,85107491.92,299341427.0,977501262.0,13.209849253371,30.623124351526,26.2883,4053640422.48,日涨幅达到15%的前5只证券,6.18479881,-1.56482861,-5.58867362,18.33084948
654,300540,蜀道装备,2026-08-06,3家机构买入，成功率25.18%,33.61,19.9929,12787112.18,179107631.2,166320519.02,345428150.22,741169096.0,1.725262460215,46.605849067943,11.687,6948101393.66,日涨幅达到15%的前5只证券,4.46295745,1.51740553,-3.60011901,-13.03183576
655,300542,新晨科技,2026-08-25,主力做T，成功率34.53%,13.95,16.7364,42787874.1,129228806.08,86440931.98,215669738.06,654005633.0,6.542432043548,32.976740134592,19.0946,3453768676.8,日涨幅达到15%的前5只证券,,,,
656,300552,万集科技,2026-08-05,普通席位买入，成功率36.06%,24.88,20.0193,8292677.58,76886019.58,68593342.0,145479361.58,527675696.0,1.571548138916,27.569843121977,15.8145,3432388222.88,日涨幅达到15%的前5只证券,-5.14469453,-9.24437299,-9.36495177,-18.32797428
657,300558,贝达药业,2026-08-18,4家机构卖出，成功率29.98%,55.72,-20.0,-181701012.45,165543763.85,347244776.3,512788540.15,1781121820.0,-10.201492700258,28.790200332844,7.502,23523834050.64,日跌幅达到15%的前5只证券,-8.16582915,-0.03589375,-11.73725772,
658,300570,太辰光,2026-08-18,4家机构买入，成功率35.46%,199.27,2.8225,89069180.6899998,1929842035.07,1840772854.38,3770614889.45,13663623921.0,0.651870844843,27.596009018185,14.8494,38298258857.46,连续三个交易日内，涨幅偏离值累计达到30%的证券,-9.53480203,7.09088172,1.72128268,
659,300570,太辰光,2026-08-17,3家机构买入，成功率36.03%,193.8,20.0,175611097.06,711645923.52,536034826.46,1247680749.98,4508005583.0,3.895538588555,27.677000993191,12.703,37246964252.4,日涨幅达到15%的前5只证券,2.82249742,-6.98142415,4.69556244,
660,300592,华凯易佰,2026-07-28,4家机构卖出，成功率21.98%,15.03,-19.9681,-111412194.7,129155024.6,240567219.3,369722243.9,794767453.0,-14.018213035707,46.519550153245,14.6308,5168608443.72,日跌幅达到15%的前5只证券,-13.50632069,-18.56287425,1.13107119,11.11111111
661,300598,诚迈科技,2026-08-19,主力做T，成功率3.11%,35.55,2.7457,-40269464.28,303521679.51,343791143.79,647312823.3,2206964534.0,-1.824653892694,29.33045879658,18.3809,7711540661.25,连续三个交易日内，涨幅偏离值累计达到30%的证券,2.67229255,-7.36990155,,
662,300598,诚迈科技,2026-08-18,买一主买，成功率44.97%,34.6,20.0139,182658636.24,264112726.44,81454090.2,345566816.64,768504946.0,23.768049534453,44.966114849182,10.8544,7505465735.0,日涨幅达到15%的前5只证券,2.74566474,5.49132948,-6.50289017,
663,300601,康泰生物,2026-08-20,1家机构买入，成功率43.76%,14.47,19.9834,140063059.13,262210764.43,122147705.3,384358469.73,1447691315.0,9.674925702652,26.549753096364,11.3582,13028747368.24,日涨幅达到15%的前5只证券,-9.95162405,-12.78507256,,
664,300605,恒锋信息,2026-07-31,3家机构买入，成功率36.83%,11.0,7.3171,-46955388.91,32877036.34,79832425.25,112709461.59,476288566.0,-9.8586009117,23.664112396517,36.2189,1390212450.0,日换手率达到30%的前5只证券,-2.54545455,1.90909091,-4.81818182,-3.0
665,300613,富瀚微,2026-08-03,买一主买，成功率42.03%,67.48,20.0071,374759516.83,500446184.83,125686668.0,626132852.83,755530001.0,49.60220194221,82.873327598013,5.0965,14824688217.92,日涨幅达到15%的前5只证券,4.179016,5.00889152,9.8844102,16.19739182
666,300615,欣天科技,2026-08-21,1家机构卖出，成功率40.59%,16.15,-2.2989,29619061.66,98544816.3,68925754.64,167470570.94,918089575.0,3.226162508163,18.241201675773,33.5964,2472359297.45,日换手率达到30%的前5只证券,4.0247678,-0.74303406,,
667,300615,欣天科技,2026-08-12,西藏自治区资金买入，成功率17.87%,19.0,13.7044,-13876011.2,47875341.32,61751352.52,109626693.84,879268892.0,-1.578130572598,12.467937264406,31.9365,2908657997.0,日换手率达到30%的前5只证券,-8.94736842,-7.26315789,-17.94736842,
668,300615,欣天科技,2026-08-07,1家机构卖出，成功率31.63%,17.19,-4.606,-28868349.53,74410622.65,103278972.18,177689594.83,923017252.0,-3.127606712382,19.250950558614,35.1432,2631570050.97,日换手率达到30%的前5只证券,0.63990692,-2.79232112,2.50145433,-6.05002909
669,300615,欣天科技,2026-08-06,1家机构买入，成功率46.01%,18.02,19.9734,18923161.3,104417127.3,85493966.0,189911093.3,845209467.0,2.23887237884,22.469115729864,28.4439,2758632479.26,连续三个交易日内，涨幅偏离值累计达到30%的证券,-4.60599334,-3.99556049,-3.99556049,-8.26859046
670,300615,欣天科技,2026-08-06,1家机构买入，成功率46.01%,18.02,19.9734,21308337.3,104417127.3,83108790.0,187525917.3,783836575.0,2.718466830921,23.924109091235,28.4439,2758632479.26,日涨幅达到15%的前5只证券,-4.60599334,-3.99556049,-3.99556049,-8.26859046
671,300615,欣天科技,2026-08-06,主力做T，成功率7.89%,18.02,19.9734,0.0,868986451.25,868986451.25,868986451.25,868986451.25,0.0,100.0,28.4439,2758632479.26,严重异常期间日收盘价格涨幅偏离值累计达到100%的证券,-4.60599334,-3.99556049,-3.99556049,-8.26859046
672,300615,欣天科技,2026-08-04,买一主买，成功率52.74%,12.52,20.0384,15548373.8,19360126.8,3811753.0,23171879.8,23776984.0,65.392540113582,97.455084294964,0.551,1916652532.76,连续三个交易日内，涨幅偏离值累计达到30%的证券,19.96805112,43.92971246,33.46645367,43.05111821
673,300620,光库科技,2026-08-04,4家机构买入，成功率15.55%,254.33,20.0009,136776993.63,852433252.71,715656259.08,1568089511.79,4294898615.0,3.184638472077,36.510512874819,7.2003,62904975561.86,日涨幅达到15%的前5只证券,2.61471317,8.39067353,10.48637597,27.34636103
674,300642,透景生命,2026-08-25,2家机构买入，成功率33.76%,16.2,20.0,25761568.0,54072241.0,28310673.0,82382914.0,178732721.0,14.413459301613,46.092799090772,8.1832,2230830250.2,日涨幅达到15%的前5只证券,,,,
675,300663,科蓝软件,2026-07-30,3家机构买入，成功率32.64%,9.32,2.193,21575140.35,331877247.55,310302107.2,642179354.75,2964984152.0,0.727664609453,21.658778658794,24.7246,4290816225.24,连续三个交易日内，涨幅偏离值累计达到30%的证券,13.94849785,11.26609442,5.25751073,0.0
676,300663,科蓝软件,2026-07-28,买一主买，成功率47.39%,8.96,19.9465,90653054.71,140738881.16,50085826.45,190824707.61,589802603.0,15.37006690864,32.353995496015,14.9126,4125076542.72,日涨幅达到15%的前5只证券,1.78571429,4.01785714,17.74553571,9.04017857
677,300679,电连技术,2026-08-17,2家机构买入，成功率26.12%,51.17,20.0047,-16605697.36,320044016.7,336649714.06,656693730.76,1774712442.0,-0.935683830632,37.002824526318,10.3589,18394170112.71,日涨幅达到15%的前5只证券,8.16884893,-4.27985148,-1.89564198,
678,300684,中石科技,2026-08-18,买一主买，成功率45.06%,97.0,20.0049,510801655.62,892926993.75,382125338.13,1275052331.88,4847927868.0,10.536494550418,26.300975728131,24.5012,19882980169.0,日涨幅达到15%的前5只证券,-10.73195876,-6.5257732,-11.32989691,
679,300684,中石科技,2026-08-18,主力做T，成功率6.09%,97.0,20.0049,0.0,10913048451.79,10913048451.79,10913048451.79,10913048451.79,0.0,100.0,24.5012,19882980169.0,严重异常期间日收盘价格涨幅偏离值累计达到100%的证券,-10.73195876,-6.5257732,-11.32989691,
680,300684,中石科技,2026-08-17,普通席位买入，成功率43.13%,80.83,19.997,77990003.0,175169994.0,97179991.0,272349985.0,580073681.0,13.444844259362,46.950929497524,1.7721,16568466876.91,连续三个交易日内，涨幅偏离值累计达到30%的证券,20.00494866,7.12606705,4.16924409,
681,300686,智动力,2026-08-05,2家机构买入，成功率41.47%,15.06,20.0,63515221.6,106537972.6,43022751.0,149560723.6,219063962.0,28.99391621521,68.27262788208,5.7822,3899151769.2,日涨幅达到15%的前5只证券,1.12881806,3.65205843,6.1752988,-7.63612218
682,300716,*ST泉为,2026-08-21,1家机构买入，成功率38.89%,19.03,17.6143,10034458.99,21894912.99,11860454.0,33755366.99,105549785.0,9.506849293914,31.98051705174,3.6566,3045180600.0,日涨幅达到15%的前5只证券,4.57172885,-0.15764582,,
683,300718,长盛轴承,2026-08-19,西藏自治区资金卖出，成功率25.36%,60.56,-16.0638,2006357.07000001,81348570.81,79342213.74,160690784.55,1148919420.0,0.174629920521,13.986253670427,9.099,11909565421.84,日跌幅达到15%的前5只证券,-5.79590489,-4.83817701,,
684,300720,海川智能,2026-08-04,1家机构买入，成功率29.82%,59.75,20.004,92720801.17,592956016.88,500235215.71,1093191232.59,1960296462.0,4.729937688884,55.766627843355,7.7291,11002676954.75,连续三个交易日内，涨幅偏离值累计达到30%的证券,8.25104603,21.67364017,33.92468619,46.89539749
685,300753,爱朋医疗,2026-07-29,4家机构卖出，成功率32.08%,23.58,-9.2379,2633058.18000001,96972207.78,94339149.6,191311357.38,784400397.0,0.335677823478,24.389502875277,37.3314,2088396961.74,日换手率达到30%的前5只证券,-5.42832909,-2.6293469,0.50890585,7.29431722
686,300753,爱朋医疗,2026-07-28,3家机构买入，成功率43.78%,25.98,18.576,45322502.26,156581361.14,111258858.88,267840220.02,1291850418.0,3.508339791395,20.733067566341,44.3134,2300956448.94,连续三个交易日内，涨幅偏离值累计达到30%的证券,-9.23787529,-14.16474211,-9.04541955,-8.08314088
687,300753,爱朋医疗,2026-07-28,4家机构买入，成功率42.64%,25.98,18.576,-1363206.02,103165949.86,104529155.88,207695105.74,973074477.0,-0.14009267042,21.344214718315,44.3134,2300956448.94,日换手率达到30%的前5只证券,-9.23787529,-14.16474211,-9.04541955,-8.08314088
688,300765,石药创新,2026-08-20,1家机构买入，成功率45.59%,51.78,20.0,38368692.1,554699433.61,516330741.51,1071030175.12,3228159926.0,1.188562307306,33.177729718215,4.5937,72729822640.32,日涨幅达到15%的前5只证券,-5.36886829,-12.63035921,,
689,300795,米奥会展,2026-08-05,3家机构买入，成功率12.41%,16.54,6.1617,-48176520.12,90975004.74,139151524.86,230126529.6,861731210.0,-5.590666737021,26.705140411475,31.5229,2881141568.24,日换手率达到30%的前5只证券,-5.07859734,-6.1668682,1.99516324,-8.70616687
690,300795,米奥会展,2026-07-31,4家机构买入，成功率40.73%,16.44,20.0,52112241.87,138361589.25,86249347.38,224610936.63,894860784.0,5.823502694694,25.10009832211,33.6169,2863722332.64,日换手率达到30%的前5只证券,-13.62530414,-5.23114355,-5.59610706,4.01459854
691,300795,米奥会展,2026-07-27,3家机构买入，成功率44.12%,13.28,19.9639,98942611.79,137136988.04,38194376.25,175331364.29,458205072.0,21.593521729938,38.264823984751,22.165,2313274487.68,日涨幅达到15%的前5只证券,1.95783133,7.07831325,6.92771084,21.53614458
692,300802,矩子科技,2026-07-28,2家机构卖出，成功率44.16%,22.57,-0.6602,119355571.43,254808548.24,135452976.81,390261525.05,1175197286.0,10.156215713895,33.208171061927,10.2263,4567258316.15,连续三个交易日内，涨幅偏离值累计达到30%的证券,-2.21533008,-9.61453257,-8.86132034,-0.39875942
693,300825,阿尔特,2026-07-28,3家机构买入，成功率23.95%,11.99,7.1492,-59489758.54,279424145.31,338913903.85,618338049.16,1501350693.0,-3.962415897723,41.185450677379,12.1722,5809009921.0,连续三个交易日内，涨幅偏离值累计达到30%的证券,-1.66805671,-8.42368641,-8.67389491,-8.09007506
694,300839,博汇股份,2026-08-24,4家机构买入，成功率26.65%,14.12,13.2318,-3985122.98,99403520.13,103388643.11,202792163.24,764508416.0,-0.521266070667,26.525824830161,15.1076,4020604045.48,连续三个交易日内，涨幅偏离值累计达到30%的证券,-8.14447592,,,
695,300839,博汇股份,2026-08-21,3家机构买入，成功率28.15%,12.47,20.0192,30115318.37,64074350.43,33959032.06,98033382.49,225948952.0,13.32837267154,43.38740304934,6.7045,3550774252.63,日涨幅达到15%的前5只证券,13.23175621,4.0096231,,
696,300862,蓝盾光电,2026-08-17,1家机构买入，成功率23.27%,54.77,15.8173,385178842.89,771829138.59,386650295.7,1158479434.29,5747576344.0,6.701587240196,20.155964270042,28.9098,8296067053.39,连续三个交易日内，涨幅偏离值累计达到30%的证券,3.1586635,0.60251963,,
697,300862,蓝盾光电,2026-08-14,买一主买，成功率24.32%,47.29,19.9949,373823224.21,692549215.61,318725991.4,1011275207.01,3494569129.0,10.697262249237,28.938480530199,51.6853,7163063921.03,日涨幅达到15%的前5只证券,15.81729753,19.47557623,,
698,300862,蓝盾光电,2026-08-14,买一主买，成功率24.32%,47.29,19.9949,373823224.21,692549215.61,318725991.4,1011275207.01,3494569129.0,10.697262249237,28.938480530199,51.6853,7163063921.03,日换手率达到30%的前5只证券,15.81729753,19.47557623,,
699,300862,蓝盾光电,2026-08-13,普通席位买入，成功率49.67%,39.41,20.0061,12702013.0,121490683.0,108788670.0,230279353.0,478351375.0,2.655372946299,48.140209276079,6.8709,5969472385.87,连续三个交易日内，涨幅偏离值累计达到30%的证券,19.99492515,38.97487947,35.49860442,
700,300862,蓝盾光电,2026-08-13,主力做T，成功率9.33%,39.41,20.0061,0.0,515521348.33,515521348.33,515521348.33,515521348.33,0.0,100.0,6.8709,5969472385.87,严重异常期间日收盘价格涨幅偏离值累计达到100%的证券,19.99492515,38.97487947,35.49860442,
701,300862,蓝盾光电,2026-08-12,买一主买，成功率31.11%,32.84,19.9854,45506388.0,58901824.0,13395436.0,72297260.0,68193574.0,66.731196696041,106.017701902528,1.3709,4974307869.88,日涨幅达到15%的前5只证券,20.00609013,44.00121803,67.78319123,
702,300862,蓝盾光电,2026-08-11,买一主买，成功率40.00%,27.37,19.9912,13792290.4,17084901.4,3292611.0,20377512.4,17084901.0,80.727950369745,119.272054312753,0.4121,4145761461.59,日涨幅达到15%的前5只证券,19.98538546,43.98976982,106.43039825,
703,300862,蓝盾光电,2026-08-11,普通席位买入，成功率43.33%,27.37,19.9912,20611140.18,31172506.18,10561366.0,41733872.18,37169973.0,55.451049641602,112.278457076092,0.4121,4145761461.59,连续三个交易日内，涨幅偏离值累计达到30%的证券,19.98538546,43.98976982,106.43039825,
704,300862,蓝盾光电,2026-08-10,普通席位买入，成功率26.67%,22.81,19.9895,10308705.78,20085071.78,9776366.0,29861437.78,20085072.0,51.325211978329,148.674785830989,0.5813,3455053669.67,日涨幅达到15%的前5只证券,19.99123192,43.97194213,140.11398509,
705,300864,南大环境,2026-08-24,4家机构买入，成功率41.12%,25.69,6.5975,34548041.42,139474304.56,104926263.14,244400567.7,600623388.0,5.75203065852,40.691150658289,7.2667,4087386075.92,连续三个交易日内，涨幅偏离值累计达到30%的证券,-0.62281043,,,
706,300894,火星人,2026-07-30,1家机构买入，成功率40.62%,11.8,20.0407,34510983.25,58717512.8,24206529.55,82924042.35,219274376.0,15.738721450061,37.817479571804,6.6965,3470134689.8,日涨幅达到15%的前5只证券,-2.28813559,-4.66101695,2.79661017,-1.27118644
707,300894,火星人,2026-07-30,1家机构买入，成功率27.63%,11.8,20.0407,39794202.99,89253148.54,49458945.55,138712094.09,356951004.0,11.148365614346,38.860261642519,6.6965,3470134689.8,连续三个交易日内，涨幅偏离值累计达到30%的证券,-2.28813559,-4.66101695,2.79661017,-1.27118644
708,300897,山科智能,2026-07-28,1家机构买入，成功率2.02%,16.02,7.2289,-2193230.72,38019758.02,40212988.74,78232746.76,267394367.0,-0.820223232302,29.257440101571,10.1071,1930124411.46,连续三个交易日内，涨幅偏离值累计达到30%的证券,-4.68164794,-8.55181024,-4.43196005,-1.24843945
709,300901,中胤时尚,2026-07-28,4家机构买入，成功率39.94%,15.23,17.1538,-17182560.37,70746171.55,87928731.92,158674903.47,281536709.0,-6.103133204558,56.360289226085,5.9163,3655200000.0,连续三个交易日内，涨幅偏离值累计达到30%的证券,-3.47997374,-2.10111622,0.59093894,6.36900854
710,300903,科翔股份,2026-08-06,1家机构买入，成功率24.06%,64.32,20.0,-33911914.42,625604559.95,659516474.37,1285121034.32,2525332886.0,-1.342869077103,50.889173520231,12.2078,22600745134.08,日涨幅达到15%的前5只证券,12.45335821,8.79975124,20.3358209,22.54353234
711,300903,科翔股份,2026-08-06,2家机构买入，成功率6.67%,64.32,20.0,-216233995.66,888921630.35,1105155626.01,1994077256.36,4222235689.0,-5.121315141723,47.227994911679,12.2078,22600745134.08,连续三个交易日内，涨幅偏离值累计达到30%的证券,12.45335821,8.79975124,20.3358209,22.54353234
712,300903,科翔股份,2026-07-30,2家机构卖出，成功率41.27%,45.27,-15.9488,-71603196.02,402928220.91,474531416.93,877459637.84,1617808394.0,-4.425937971737,54.23755007665,10.0718,14970227787.81,日跌幅达到15%的前5只证券,3.3355423,-2.89374862,42.08084824,70.97415507
713,300911,亿田智能,2026-08-19,3家机构买入，成功率44.31%,26.66,19.982,41966582.64,111613619.04,69647036.4,181260655.44,820474754.0,5.114914558358,22.092167316095,19.3528,4568039597.86,日涨幅达到15%的前5只证券,-7.50187547,-8.51462866,,
714,300922,天秦装备,2026-08-25,3家机构买入，成功率37.11%,20.53,19.9883,30277695.27,81844424.59,51566729.32,133411153.91,331482028.0,9.134038262249,40.24687393007,13.6829,2591422017.77,日涨幅达到15%的前5只证券,,,,
715,300937,药易购,2026-08-14,2家机构卖出，成功率26.60%,30.7,-3.1546,-47477203.38,90984783.78,138461987.16,229446770.94,582431719.0,-8.151548384335,39.394621456048,29.5351,1991330387.4,日换手率达到30%的前5只证券,-2.11726384,-2.83387622,-14.91856678,
716,300937,药易购,2026-08-13,2家机构买入，成功率43.35%,31.7,19.9849,82173240.03,130100763.78,47927523.75,178028287.53,553077433.0,14.857456682743,32.188673214226,29.4273,2056194569.4,日涨幅达到15%的前5只证券,-3.15457413,-5.20504732,-12.46056782,
717,300970,华绿生物,2026-08-20,1家机构卖出，成功率39.82%,21.74,-3.5064,9918801.03,96788919.6,86870118.57,183659038.17,820987948.0,1.208154279751,22.370491383876,32.6531,2662728526.62,日换手率达到30%的前5只证券,-11.77552898,-18.03127875,,
718,300970,华绿生物,2026-08-19,1家机构买入，成功率15.37%,22.53,4.0166,5253831.22999999,151128123.22,145874291.99,297002415.21,1118885312.0,0.46955940646,26.544491381258,31.4181,2759488210.89,连续三个交易日内，涨幅偏离值累计达到30%的证券,-3.50643586,-14.86906347,,
719,300970,华绿生物,2026-08-18,普通席位买入，成功率45.33%,21.66,20.0,80277582.1,105524224.8,25246642.7,130770867.5,230669295.0,34.802023433591,56.691926638957,9.0871,2652930077.58,日涨幅达到15%的前5只证券,4.0166205,0.36934441,-12.37303786,
720,300981,中红医疗,2026-07-30,2家机构买入，成功率26.08%,14.18,10.3502,495441.459999993,84336584.58,83841143.12,168177727.7,713122682.0,0.069474926616,23.583281242483,11.702,5572702834.22,连续三个交易日内，涨幅偏离值累计达到30%的证券,4.30183357,3.59661495,1.97461213,10.36671368
721,300986,志特新材,2026-08-07,1家机构买入，成功率41.05%,14.8,20.0324,115270474.9,225471133.66,110200658.76,335671792.42,1096398357.0,10.513557792572,30.6158605836,14.1767,8514691200.4,日涨幅达到15%的前5只证券,-2.02702703,-5.40540541,-12.22972973,-19.59459459
722,300996,普联软件,2026-08-13,1家机构卖出，成功率47.48%,17.7,-10.5157,-44321135.81,141965374.1,186286509.91,328251884.01,2084862401.0,-2.125854242886,15.744534692196,32.8688,5896618780.8,日换手率达到30%的前5只证券,-2.59887006,-3.16384181,-18.07909605,
723,300996,普联软件,2026-08-05,3家机构买入，成功率49.35%,19.2,6.3712,34215212.23,260286800.48,226071588.25,486358388.73,2117675067.0,1.615696985963,22.966620153818,34.0489,6396332236.8,日换手率达到30%的前5只证券,5.78125,2.39583333,3.02083333,-23.4375
724,300996,普联软件,2026-08-04,5家机构买入，成功率38.88%,18.05,5.6173,-9182206.75999999,201698706.62,210880913.38,412579620.0,1863459294.0,-0.492750595066,22.140522271049,31.5377,6013218587.2,日换手率达到30%的前5只证券,6.37119114,12.52077562,14.57063712,-10.3601108
725,300996,普联软件,2026-08-03,3家机构卖出，成功率21.47%,17.09,-8.217,-84924110.37,122209553.23,207133663.6,329343216.83,1803719440.0,-4.708277157006,18.259115554579,30.4762,5693401975.36,日换手率达到30%的前5只证券,5.61732007,12.3464014,14.10181393,0.29256875
726,300996,普联软件,2026-07-31,1家机构买入，成功率45.19%,18.62,19.9742,79118784.55,185887968.43,106769183.88,292657152.31,1192361577.0,6.63546914595,24.54432933392,20.6494,6203109700.48,日涨幅达到15%的前5只证券,-8.216971,-3.06122449,5.58539205,-7.41138561
727,300996,普联软件,2026-07-31,3家机构买入，成功率41.26%,18.62,19.9742,45861856.58,220552204.63,174690348.05,395242552.68,1897105863.0,2.417464279377,20.83397454979,20.6494,6203109700.48,连续三个交易日内，涨幅偏离值累计达到30%的证券,-8.216971,-3.06122449,5.58539205,-7.41138561
728,300996,普联软件,2026-07-30,1家机构买入，成功率46.18%,15.52,20.0309,47415985.2,113727086.84,66311101.64,180038188.48,704744286.0,6.728112046019,25.546597830805,14.034,5170368558.08,日涨幅达到15%的前5只证券,19.9742268,10.11597938,30.86340206,14.04639175
729,300997,欢乐家,2026-07-29,主力做T，成功率19.17%,18.0,20.0,29531034.33,89733679.1,60202644.77,149936323.87,351587111.0,8.399350660497,42.6455689583,5.1599,7102644246.0,日涨幅达到15%的前5只证券,-2.16666667,1.38888889,-0.11111111,2.94444444
730,300997,欢乐家,2026-07-29,1家机构买入，成功率14.19%,18.0,20.0,3886132.92,126133768.39,122247635.47,248381403.86,592827153.0,0.655525459712,41.897777894124,5.1599,7102644246.0,连续三个交易日内，涨幅偏离值累计达到30%的证券,-2.16666667,1.38888889,-0.11111111,2.94444444
731,301018,申菱环境,2026-07-28,2家机构卖出，成功率4.00%,78.68,-15.5159,-230097688.0,268347839.7,498445527.7,766793367.4,1743142070.0,-13.200168360345,43.989149283741,7.44,22252505693.32,日跌幅达到15%的前5只证券,-1.43619725,-13.89171327,-0.86426029,16.2938485
732,301026,浩通科技,2026-08-05,2家机构买入，成功率40.75%,21.49,19.9888,21476942.57,96513143.61,75036201.04,171549344.65,558422974.0,3.845999102823,30.7203235965,16.9289,3439104872.0,日涨幅达到15%的前5只证券,4.42066077,6.18892508,4.14146114,-1.34946487
733,301045,天禄科技,2026-08-05,4家机构买入，成功率10.52%,63.36,20.0,-22027053.05,63628097.95,85655151.0,149283248.95,260219115.0,-8.464809762342,57.368287087595,4.8337,5746931118.72,日涨幅达到15%的前5只证券,4.45075758,7.00757576,8.6489899,3.69318182
734,301047,义翘神州,2026-08-11,3家机构买入，成功率39.32%,118.98,4.7267,176092998.14,909556108.17,733463110.03,1643019218.2,5461361084.0,3.224342712953,30.084427543411,12.3399,14227702286.58,连续三个交易日内，涨幅偏离值累计达到30%的证券,-2.25247941,0.85728694,1.95831232,-5.61438897
735,301047,义翘神州,2026-08-07,1家机构买入，成功率39.05%,107.88,20.0,136325722.6,296010449.82,159684727.22,455695177.04,1370944800.0,9.943924992458,33.23949855895,11.6011,12900357393.48,日涨幅达到15%的前5只证券,5.31145717,10.28921023,20.64330738,10.12235818
736,301047,义翘神州,2026-08-04,1家机构买入，成功率39.73%,83.58,20.0,91334799.69,157847039.26,66512239.57,224359278.83,822845925.0,11.099866562504,27.266256295794,8.5755,9994548303.18,日涨幅达到15%的前5只证券,8.39913855,7.56161761,42.35463029,45.14237856
737,301051,信濠光电,2026-08-10,3家机构买入，成功率27.94%,20.72,19.9768,19599385.49,142484499.33,122885113.84,265369613.17,758942955.0,2.582458320599,34.965686343317,11.9497,4679345043.52,连续三个交易日内，涨幅偏离值累计达到30%的证券,6.32239382,9.31467181,7.28764479,-12.30694981
738,301051,信濠光电,2026-08-10,2家机构买入，成功率42.75%,20.72,19.9768,38822087.22,116548783.1,77726695.88,194275478.98,524792428.0,7.397608111068,37.019489728613,11.9497,4679345043.52,日涨幅达到15%的前5只证券,6.32239382,9.31467181,7.28764479,-12.30694981
739,301060,兰卫医学,2026-08-13,2家机构买入，成功率40.25%,11.96,19.9599,51060951.12,110648487.6,59587536.48,170236024.08,426154367.0,11.981796990479,39.947032639466,10.6515,4307590227.72,日涨幅达到15%的前5只证券,5.01672241,9.36454849,1.6722408,
740,301080,百普赛斯,2026-08-10,2家机构买入，成功率43.00%,77.7,20.0,-44607176.05,389215959.84,433823135.89,823039095.73,2264869005.0,-1.969525652544,36.339368586573,23.3062,9855262561.2,日涨幅达到15%的前5只证券,5.92020592,5.79150579,23.3976834,19.21492921
741,301080,百普赛斯,2026-08-10,3家机构买入，成功率42.72%,77.7,20.0,-56594374.14,553654542.5,610248916.64,1163903459.14,3180319289.0,-1.779518626817,36.597063168018,23.3062,9855262561.2,连续三个交易日内，涨幅偏离值累计达到30%的证券,5.92020592,5.79150579,23.3976834,19.21492921
742,301080,百普赛斯,2026-08-07,3家机构买入，成功率27.54%,64.75,19.9963,-27232169.02,194622309.43,221854478.45,416476787.88,915450283.0,-2.974729433777,45.494200571458,11.7374,8212718801.0,日涨幅达到15%的前5只证券,20.0,27.1042471,39.32046332,52.77220077
743,301082,久盛电气,2026-08-05,4家机构买入，成功率13.16%,12.13,7.5355,-15354023.04,130293188.99,145647212.03,275940401.02,1402628071.0,-1.09466104076,19.673098430382,18.3007,3307946244.76,连续三个交易日内，涨幅偏离值累计达到30%的证券,-5.52349547,-8.57378401,-8.73866447,-22.01154163
744,301082,久盛电气,2026-08-03,2家机构买入，成功率39.44%,10.62,20.0,22333590.98,74178815.46,51845224.48,126024039.94,283779755.0,7.870043788007,44.409101678166,10.4472,2896157388.24,日涨幅达到15%的前5只证券,6.21468927,14.21845574,4.42561205,-2.25988701
745,301093,华兰股份,2026-08-07,4家机构买入，成功率5.33%,84.23,18.0022,-56659062.82,430935835.76,487594898.58,918530734.34,2026476802.0,-2.79593937439,45.326486512625,6.0811,17139458751.91,连续三个交易日内，涨幅偏离值累计达到30%的证券,-3.76350469,-6.44663422,-4.3096284,-2.65938502
746,301106,骏成科技,2026-08-19,1家机构买入，成功率4.83%,25.42,20.0189,-44456947.79,51869483.87,96326431.66,148195915.53,641384948.0,-6.931398675418,23.105611691093,15.9144,3634062747.98,连续三个交易日内，涨幅偏离值累计达到30%的证券,-11.32966168,-8.14319434,,
747,301106,骏成科技,2026-08-19,2家机构买入，成功率40.87%,25.42,20.0189,-66590980.37,22229500.81,88820481.18,111049981.99,525340142.0,-12.675783753452,21.138681991296,15.9144,3634062747.98,日涨幅达到15%的前5只证券,-11.32966168,-8.14319434,,
748,301117,ST佳缘,2026-08-25,普通席位卖出，成功率42.20%,14.18,-19.9774,8320455.32,13191654.0,4871198.68,18062852.68,28188422.0,29.517279541224,64.078977815786,1.7159,1642823687.3,日跌幅达到15%的前5只证券,,,,
749,301122,采纳股份,2026-07-27,5家机构买入，成功率31.88%,33.2,15.8409,-9129933.40000001,143862665.14,152992598.54,296855263.68,725816029.0,-1.257885336671,40.899518861411,15.0973,2511232495.6,连续三个交易日内，涨幅偏离值累计达到30%的证券,-1.23493976,-6.68674699,-10.3313253,-4.15662651
750,301127,武汉天源,2026-08-17,3家机构买入，成功率41.90%,18.14,19.9735,191715427.88,338177965.26,146462537.38,484640502.64,1426388485.0,13.440618029106,33.976753720078,12.4225,11871222027.62,日涨幅达到15%的前5只证券,7.00110254,2.31532525,2.09481808,
751,301127,武汉天源,2026-07-29,4家机构卖出，成功率5.27%,13.12,-5.8824,-151743662.2,317658121.36,469401783.56,787059904.92,2025988063.0,-7.489859637934,38.848200504921,6.2997,8586021664.96,连续三个交易日内，跌幅偏离值累计达到30%的证券,-8.84146341,-9.07012195,14.17682927,12.5
752,301127,武汉天源,2026-07-27,4家机构卖出，成功率21.25%,15.24,-20.0,-67111226.04,187979597.96,255090824.0,443070421.96,843400622.0,-7.957217992187,52.53380308273,8.2872,9973397116.92,日跌幅达到15%的前5只证券,-8.53018373,-13.91076115,-10.76115486,-3.2808399
753,301129,瑞纳智能,2026-08-18,1家机构买入，成功率37.47%,26.46,20.0,41519053.7,62042170.7,20523117.0,82565287.7,278797249.0,14.892203509512,29.614814348473,16.4243,1785322350.0,日涨幅达到15%的前5只证券,-8.31443689,-9.37263794,-9.56160242,
754,301129,瑞纳智能,2026-08-12,2家机构买入，成功率28.51%,24.88,17.2479,-6471621.14,23814107.81,30285728.95,54099836.76,189314525.0,-3.418449345078,28.57669624663,11.6588,1678715800.0,日涨幅达到15%的前5只证券,-6.99356913,-11.414791,-2.49196141,
755,301130,西点药业,2026-08-25,1家机构买入，成功率30.27%,38.72,17.0142,43938282.99,112841473.71,68903190.72,181744664.43,803862250.0,5.46589704766,22.608931372259,36.6851,2285152179.2,日换手率达到30%的前5只证券,,,,
756,301130,西点药业,2026-08-25,1家机构买入，成功率30.27%,38.72,17.0142,43938282.99,112841473.71,68903190.72,181744664.43,803862250.0,5.46589704766,22.608931372259,36.6851,2285152179.2,日涨幅达到15%的前5只证券,,,,
757,301130,西点药业,2026-08-20,3家机构买入，成功率27.51%,33.45,0.2097,-60414202.12,46646240.03,107060442.15,153706682.18,673529004.0,-8.969799631673,22.821093266534,31.9417,1974130692.0,日换手率达到30%的前5只证券,-6.18834081,-1.07623318,,
758,301130,西点药业,2026-08-19,1家机构买入，成功率46.24%,33.38,19.9856,46643136.34,102059571.5,55416435.16,157476006.66,531752815.0,8.771582401496,29.614513025192,28.1632,1969999476.8,日涨幅达到15%的前5只证券,0.20970641,-5.99161174,,
759,301139,*ST元道,2026-08-04,3家机构买入，成功率15.15%,4.06,7.124,-432397.860000001,12728508.78,13160906.64,25889415.42,124706868.0,-0.346731392532,20.760216205574,40.9098,309238620.88,日换手率达到30%的前5只证券,-1.97044335,-8.37438424,-7.8817734,-5.17241379
760,301139,*ST元道,2026-08-03,4家机构买入，成功率27.15%,3.79,19.9367,2313920.0,10442887.0,8128967.0,18571854.0,92995473.0,2.488207141008,19.97070760638,34.2062,288673490.92,日换手率达到30%的前5只证券,7.12401055,5.01319261,-3.6939314,3.95778364
761,301139,*ST元道,2026-07-30,3家机构卖出，成功率15.39%,3.23,-13.6364,-1782013.16,9997522.0,11779535.16,21777057.16,92508809.0,-1.926317265635,23.540522676062,35.1938,246019888.04,日换手率达到30%的前5只证券,-2.16718266,17.3374613,15.17027864,25.69659443
762,301139,*ST元道,2026-07-29,2家机构买入，成功率10.99%,3.74,19.8718,-2511123.03,12059157.85,14570280.88,26629438.73,114741477.0,-2.188505059944,23.208206331526,43.6538,284865133.52,日换手率达到30%的前5只证券,-13.63636364,-15.50802139,6.4171123,-0.26737968
763,301139,*ST元道,2026-07-28,3家机构买入，成功率37.18%,3.12,20.0,555464.000000001,8751213.63,8195749.63,16946963.26,71432726.0,0.777604371419,23.724368659821,32.2933,237641501.76,日涨幅达到15%的前5只证券,19.87179487,3.52564103,30.12820513,19.87179487
764,301139,*ST元道,2026-07-28,2家机构买入，成功率37.60%,3.12,20.0,5771340.0,16309090.63,10537750.63,26846841.26,111591456.0,5.171847565104,24.058151244124,32.2933,237641501.76,连续三个交易日内，涨幅偏离值累计达到30%的证券,19.87179487,3.52564103,30.12820513,19.87179487
765,301152,天力锂能,2026-08-25,4家机构买入，成功率30.89%,23.98,2.8302,-25291123.7,70980541.72,96271665.42,167252207.14,641165159.0,-3.94455677215,26.085666819585,36.8344,1702081383.86,日换手率达到30%的前5只证券,,,,
766,301152,天力锂能,2026-08-24,2家机构买入，成功率42.36%,23.32,20.0206,25084521.64,76231972.64,51147451.0,127379423.64,324645243.0,7.726748560428,39.236497803851,20.0225,1655235107.24,日涨幅达到15%的前5只证券,2.83018868,,,
767,301171,易点天下,2026-08-04,4家机构买入，成功率38.92%,37.6,16.2647,337287762.47,1328258532.46,990970769.99,2319229302.45,10175002208.0,3.314866725088,22.793403431662,25.7684,18870863253.6,连续三个交易日内，涨幅偏离值累计达到30%的证券,3.75,2.18085106,1.11702128,0.26595745
768,301171,易点天下,2026-07-31,2家机构买入，成功率41.97%,30.49,19.9921,271660512.62,441320808.52,169660295.9,610981104.42,2076622378.0,13.08184460969,29.421868457781,14.3274,15302463313.89,日涨幅达到15%的前5只证券,6.06756314,23.31912102,28.33715972,19.38340439
769,301182,凯旺科技,2026-08-04,3家机构买入，成功率26.29%,64.4,5.6084,8097094.59,250663518.37,242566423.78,493229942.15,866265446.0,0.934712867446,56.937506214464,9.7698,5627542480.0,连续三个交易日内，涨幅偏离值累计达到30%的证券,7.4378882,6.36645963,13.18322981,13.55590062
770,301182,凯旺科技,2026-08-03,买一主买，成功率39.85%,60.98,19.9921,21257428.0,40795198.0,19537770.0,60332968.0,104412293.0,20.35912380547,57.783395294269,2.0231,5328688516.0,日涨幅达到15%的前5只证券,5.6083962,13.46343063,12.4959003,21.89242375
771,301211,亨迪药业,2026-08-19,普通席位买入，成功率41.13%,14.54,19.967,91622863.24,163042626.13,71419762.89,234462389.02,804175800.0,11.393387271788,29.155613613342,13.6943,6071851656.0,日涨幅达到15%的前5只证券,-7.29023384,-14.23658872,,
772,301216,万凯新材,2026-08-24,3家机构买入，成功率32.10%,19.13,15.8692,31663729.11,136681670.6,105017941.49,241699612.09,951227662.0,3.328722489359,25.409228699449,9.4259,10418404144.88,日涨幅达到15%的前5只证券,-4.86147412,,,
773,301217,铜冠铜箔,2026-08-07,3家机构买入，成功率13.51%,115.81,16.9798,-150760121.4,2261927114.2,2412687235.6,4674614349.8,17691903630.0,-0.85214188678,26.422336722846,9.5702,96008290150.64,连续三个交易日内，涨幅偏离值累计达到30%的证券,4.47284345,4.47284345,6.25161903,-0.87211812
774,301227,森鹰窗业,2026-08-06,4家机构买入，成功率34.44%,25.12,9.1699,21971915.72,126478244.32,104506328.6,230984572.92,471712809.0,4.657901015361,48.967203881886,8.0317,1856579937.44,连续三个交易日内，涨幅偏离值累计达到30%的证券,3.02547771,0.67675159,1.75159236,14.96815287
775,301230,泓博医药,2026-08-11,4家机构买入，成功率40.30%,37.97,8.1766,48855995.24,553866969.52,505010974.28,1058877943.8,3611522994.0,1.352780954771,29.31942965777,24.9388,6179538484.43,连续三个交易日内，涨幅偏离值累计达到30%的证券,4.29286279,2.87068738,-2.65999473,-10.29760337
776,301234,五洲医疗,2026-08-10,3家机构买入，成功率42.48%,91.89,9.89,16163602.66,137588857.53,121425254.87,259014112.4,1242596226.0,1.300792833729,20.8445919101,19.2212,3704823409.14,连续三个交易日内，涨幅偏离值累计达到30%的证券,-4.99510284,-4.69039068,2.35063663,19.70834694
777,301234,五洲医疗,2026-07-27,主力做T，成功率3.02%,70.5,20.0,0.0,824271973.3,824271973.3,824271973.3,824271973.3,0.0,100.0,26.4127,2842420833.0,严重异常期间日收盘价格涨幅偏离值累计达到100%的证券,10.28368794,-3.70212766,-6.24113475,30.34042553
778,301234,五洲医疗,2026-07-27,1家机构买入，成功率22.11%,70.5,20.0,34679179.9,152516824.9,117837645.0,270354469.9,781028869.0,4.440191813191,34.61516989073,26.4127,2842420833.0,连续三个交易日内，涨幅偏离值累计达到30%的证券,10.28368794,-3.70212766,-6.24113475,30.34042553
779,301234,五洲医疗,2026-07-27,1家机构买入，成功率22.11%,70.5,20.0,35307804.9,152516824.9,117209020.0,269725844.9,729659044.0,4.838945695299,36.96601133337,26.4127,2842420833.0,日涨幅达到15%的前5只证券,10.28368794,-3.70212766,-6.24113475,30.34042553
780,301251,威尔高,2026-08-06,3家机构买入，成功率22.61%,39.83,20.006,-10588935.07,210175326.58,220764261.65,430939588.23,956526973.0,-1.107018972689,45.052528615939,17.7608,3010738866.24,连续三个交易日内，涨幅偏离值累计达到30%的证券,16.94702486,7.68265127,9.41501381,21.5666583
781,301251,威尔高,2026-08-06,3家机构买入，成功率23.08%,39.83,20.006,-756664.489999995,109672799.03,110429463.52,220102262.55,498119237.0,-0.151904289936,44.186661787166,17.7608,3010738866.24,日涨幅达到15%的前5只证券,16.94702486,7.68265127,9.41501381,21.5666583
782,301282,金禄电子,2026-08-18,2家机构买入，成功率30.07%,39.06,11.0606,117238332.25,631399109.34,514160777.09,1145559886.43,3080096033.0,3.806320679418,37.192343165815,28.3695,6897131797.5,连续三个交易日内，涨幅偏离值累计达到30%的证券,-3.58422939,-6.01638505,-12.95442908,
783,301282,金禄电子,2026-08-17,1家机构买入，成功率46.91%,35.17,19.9932,212171297.79,382705202.86,170533905.07,553239107.93,1125432242.0,18.85242752713,49.15792237717,19.5522,6210243863.75,日涨幅达到15%的前5只证券,11.06056298,7.07989764,-4.80523173,
784,301295,美硕科技,2026-08-19,3家机构卖出，成功率18.80%,39.26,-15.2418,-15034058.94,29733018.6,44767077.54,74500096.14,197505159.0,-7.611982905216,37.720582346915,16.3037,1154244000.0,日跌幅达到15%的前5只证券,-2.54712175,-2.01222618,,
785,301315,威士顿,2026-08-12,1家机构买入，成功率39.50%,46.16,19.9896,52247891.19,97322357.49,45074466.3,142396823.79,261712727.0,19.963832782958,54.409590783867,6.6811,4062080000.0,日涨幅达到15%的前5只证券,-3.42287695,-5.17764298,-14.3847487,
786,301357,北方长龙,2026-08-10,3家机构买入，成功率26.89%,113.23,19.9979,-73985907.3,129810394.11,203796301.41,333606695.52,1204444783.0,-6.142739654342,27.697965089696,12.2511,10779496000.0,日涨幅达到15%的前5只证券,-6.13794931,-5.67870706,-8.01907622,-24.04839707
787,301366,一博科技,2026-08-07,普通席位买入，成功率46.24%,53.33,20.0045,161508083.67,270105156.28,108597072.61,378702228.89,1022173809.0,15.800452158719,37.048711829203,17.2615,6239415878.8,日涨幅达到15%的前5只证券,1.16257266,-0.11250703,3.5439715,5.71910744
788,301395,仁信新材,2026-08-04,4家机构买入，成功率31.48%,12.07,5.8772,14711263.71,90645137.69,75933873.98,166579011.67,352484254.0,4.173594577079,47.258568228129,10.2822,1536866316.66,连续三个交易日内，涨幅偏离值累计达到30%的证券,-0.74565037,0.41425021,4.22535211,11.18475559
789,301396,宏景科技,2026-08-04,2家机构买入，成功率27.36%,176.65,19.9986,165858902.05,825615043.34,659756141.29,1485371184.63,3557850503.0,4.661772660491,41.749117434179,14.9852,24997175336.75,日涨幅达到15%的前5只证券,12.59552788,12.99179168,8.89329182,20.86611945
790,301419,阿莱德,2026-08-14,4家机构买入，成功率28.76%,37.62,20.0,42980988.88,109340567.14,66359578.26,175700145.4,437866172.0,9.816010376796,40.126448818248,10.8867,4217324265.0,日涨幅达到15%的前5只证券,10.44657097,4.17331207,7.36310473,
791,301421,波长光电,2026-07-29,1家机构卖出，成功率28.45%,75.3,-8.3049,-231586411.63,108523125.29,340109536.92,448632662.21,1187244329.0,-19.506213335638,37.787728376675,34.4872,3487028920.5,日换手率达到30%的前5只证券,-11.44754316,-10.49136786,-3.2934927,8.44621514
792,301421,波长光电,2026-07-28,买一主买，成功率41.08%,82.12,20.0058,230473721.76,309793347.64,79319625.88,389112973.52,370496452.0,62.206728435823,105.024750282899,9.7426,3802852788.2,日涨幅达到15%的前5只证券,-8.30491963,-18.80175353,-16.9751583,-4.67608378
793,301449,天溯计量,2026-07-30,2家机构买入，成功率33.52%,39.08,19.9877,-5372388.57,42391829.39,47764217.96,90156047.35,180993302.0,-2.968280323434,49.811814223932,23.8903,802839159.32,日涨幅达到15%的前5只证券,2.91709314,0.30706244,-1.99590583,1.07471853
794,301449,天溯计量,2026-07-30,2家机构买入，成功率33.34%,39.08,19.9877,-6085391.24,51367540.55,57452931.79,108820472.34,224371951.0,-2.71218894023,48.500033919124,23.8903,802839159.32,连续三个交易日内，涨幅偏离值累计达到30%的证券,2.91709314,0.30706244,-1.99590583,1.07471853
795,301516,中远通,2026-08-19,3家机构买入，成功率27.12%,23.31,3.6,-1537640.63000003,151932810.45,153470451.08,305403261.53,747939436.0,-0.205583574818,40.832619170785,44.2696,1635789483.09,日换手率达到30%的前5只证券,0.81510082,3.9039039,,
796,301516,中远通,2026-08-18,3家机构买入，成功率28.21%,22.5,16.4596,-6212939.31999999,131962576.35,138175515.67,270138092.02,663548112.0,-0.936320849633,40.711153740725,44.6748,1578947377.5,日换手率达到30%的前5只证券,3.6,4.44444444,4.31111111,
797,301516,中远通,2026-08-18,3家机构买入，成功率21.94%,22.5,16.4596,14775691.45,230198832.06,215423140.61,445621972.67,1011115504.0,1.46132577253,44.072311314297,44.6748,1578947377.5,连续三个交易日内，涨幅偏离值累计达到30%的证券,3.6,4.44444444,4.31111111,
798,301520,万邦医药,2026-08-25,西藏自治区资金买入，成功率31.70%,82.33,6.7834,-50280360.11,45029624.13,95309984.24,140339608.37,1017688522.0,-4.940643332715,13.79003549084,39.0724,2692062812.19,日换手率达到30%的前5只证券,,,,
799,301520,万邦医药,2026-08-24,西藏自治区资金买入，成功率19.77%,77.1,8.3626,-17366143.1,41464256.75,58830399.85,100294656.6,873505798.0,-1.988097061263,11.481853564068,35.6059,2521049955.3,日换手率达到30%的前5只证券,6.78339818,,,
800,301520,万邦医药,2026-08-21,西藏自治区资金卖出，成功率35.78%,71.15,-3.8514,60391968.15,94132159.74,33740191.59,127872351.33,793862468.0,7.607359030607,16.107620209348,34.7736,2326494219.45,日换手率达到30%的前5只证券,8.3626142,15.7132818,,
801,301520,万邦医药,2026-08-20,主力做T，成功率33.64%,74.0,-4.0954,-31519927.19,50125078.26,81645005.45,131770083.71,1090272476.0,-2.891013749667,12.085977277299,41.743,2419684782.0,日换手率达到30%的前5只证券,-3.85135135,4.18918919,,
802,301520,万邦医药,2026-08-19,西藏自治区资金买入，成功率21.30%,77.16,4.4679,-23443658.99,47237968.6,70681627.59,117919596.19,1085819308.0,-2.159075531009,10.859964942712,42.5766,2523011861.88,日换手率达到30%的前5只证券,-4.09538621,-7.78900985,,
803,301520,万邦医药,2026-08-18,西藏自治区资金卖出，成功率23.44%,73.86,-13.1672,-15536892.68,70981155.94,86518048.62,157499204.56,1058579249.0,-1.467711812288,14.878357450213,41.1098,2415106999.98,日换手率达到30%的前5只证券,4.46791227,0.18954779,11.46764148,
804,301520,万邦医药,2026-08-17,3家机构卖出，成功率31.90%,85.06,-0.8509,-74363550.32,44569251.9,118932802.22,163502054.12,1027524435.0,-7.237156391322,15.912230264383,37.3881,2781329561.58,日换手率达到30%的前5只证券,-13.16717611,-9.28756172,-9.35810016,
805,301520,万邦医药,2026-08-14,3家机构卖出，成功率39.79%,85.79,-3.2589,-97187137.2,54188129.76,151375266.96,205563396.72,1161248700.0,-8.369192335802,17.701926961899,42.0549,2805199424.97,日换手率达到30%的前5只证券,-0.85091503,-13.90604966,-17.06492598,
806,301520,万邦医药,2026-08-13,3家机构买入，成功率27.58%,88.68,20.0,60101041.44,274907136.74,214806095.3,489713232.04,1276425647.0,4.708542293964,38.365981848687,49.2848,2899697925.24,日换手率达到30%的前5只证券,-3.25890843,-4.08209292,-16.55390167,
807,301520,万邦医药,2026-08-13,3家机构买入，成功率27.58%,88.68,20.0,60101041.44,274907136.74,214806095.3,489713232.04,1276425647.0,4.708542293964,38.365981848687,49.2848,2899697925.24,日涨幅达到15%的前5只证券,-3.25890843,-4.08209292,-16.55390167,
808,301520,万邦医药,2026-08-13,主力做T，成功率3.73%,88.68,20.0,0.0,7936555759.29,7936555759.29,7936555759.29,7936555759.29,0.0,100.0,49.2848,2899697925.24,严重异常期间日收盘价格涨幅偏离值累计达到100%的证券,-3.25890843,-4.08209292,-16.55390167,
809,301520,万邦医药,2026-08-12,3家机构买入，成功率29.27%,73.9,4.9865,-106144416.73,203336483.69,309480900.42,512817384.11,1469959031.0,-7.220909868338,34.886508623382,60.0178,2416414937.7,日换手率达到30%的前5只证券,20.0,16.08930988,4.41136671,
810,301520,万邦医药,2026-08-11,1家机构买入，成功率45.90%,70.39,19.9966,186850048.47,300280304.27,113430255.8,413710560.07,1404170947.0,13.30678781449,29.462976780277,64.833,2301643402.77,日换手率达到30%的前5只证券,4.98650376,25.98380452,4.92967751,16.96263674
811,301520,万邦医药,2026-08-11,2家机构买入，成功率43.12%,70.39,19.9966,131398154.4,365427827.18,234029672.78,599457499.96,3217928332.0,4.083315128349,18.628677773797,64.833,2301643402.77,连续三个交易日内，涨幅偏离值累计达到30%的证券,4.98650376,25.98380452,4.92967751,16.96263674
812,301520,万邦医药,2026-08-11,1家机构买入，成功率45.90%,70.39,19.9966,186850048.47,300280304.27,113430255.8,413710560.07,1404170947.0,13.30678781449,29.462976780277,64.833,2301643402.77,日涨幅达到15%的前5只证券,4.98650376,25.98380452,4.92967751,16.96263674
813,301520,万邦医药,2026-08-10,西藏自治区资金买入，成功率30.75%,58.66,4.1363,-8171578.80000001,75711322.49,83882901.29,159594223.78,959419790.0,-0.851720892687,16.634451930578,50.1154,1918090666.38,日换手率达到30%的前5只证券,19.99659052,25.98022503,45.00511422,31.43539039
814,301520,万邦医药,2026-08-07,西藏自治区资金买入,56.33,12.2112,-47065850.88,59927258.95,106993109.83,166920368.78,854337595.0,-5.509045973799,19.537987062363,48.9209,1841903294.19,日换手率达到30%的前5只证券,4.13633943,24.96005681,52.2989526,26.30924907
815,301520,万邦医药,2026-08-06,西藏自治区资金买入，成功率33.43%,50.2,1.9289,16485809.28,88593500.46,72107691.18,160701191.64,757040417.0,2.177665671449,21.227557740817,45.7954,1641461838.6,日换手率达到30%的前5只证券,12.21115538,16.85258964,76.65338645,47.41035857
816,301520,万邦医药,2026-08-05,1家机构买入，成功率33.15%,49.25,7.1817,22788300.22,60943649.16,38155348.94,99098998.1,628049312.0,3.628425313839,15.77885624688,40.0486,1610398317.75,日换手率达到30%的前5只证券,1.92893401,14.37563452,50.05076142,56.67005076
817,301520,万邦医药,2026-08-04,普通席位买入，成功率31.49%,45.95,9.8494,13409575.66,42916886.67,29507311.01,72424197.68,587153020.0,2.283829803004,12.334807999455,40.2438,1502493455.85,日换手率达到30%的前5只证券,7.18171926,9.2491839,53.1882481,60.73993471
818,301520,万邦医药,2026-08-03,西藏自治区资金卖出，成功率29.82%,41.83,-8.887,30854322.3,56586304.77,25731982.47,82318287.24,509050155.0,6.061155663532,16.170958093511,36.0369,1367775870.69,日换手率达到30%的前5只证券,9.84939039,17.73846522,40.23428162,103.34688023
819,301520,万邦医药,2026-07-31,西藏自治区资金买入，成功率21.97%,45.91,2.113,4766692.91,38022107.49,33255414.58,71277522.07,613695064.0,0.776720099219,11.614485149257,41.9881,1501185518.13,日换手率达到30%的前5只证券,-8.88695273,0.08712699,22.69658027,86.86560662
820,301520,万邦医药,2026-07-30,1家机构卖出，成功率17.24%,44.96,-13.2046,-29675663.78,36347133.59,66022797.37,102369930.96,763570110.0,-3.886436018298,13.406749376295,47.1465,1470121997.28,日换手率达到30%的前5只证券,2.11298932,-6.96174377,11.65480427,97.24199288
821,301520,万邦医药,2026-07-29,西藏自治区资金卖出，成功率19.64%,51.8,-15.1098,-17353052.16,34789097.53,52142149.69,86931247.22,728017611.0,-2.383603349398,11.940816527857,40.0706,1693779347.4,日跌幅达到15%的前5只证券,-13.2046332,-11.37065637,-4.92277992,42.66409266
822,301520,万邦医药,2026-07-29,西藏自治区资金卖出，成功率19.64%,51.8,-15.1098,-17353052.16,34789097.53,52142149.69,86931247.22,728017611.0,-2.383603349398,11.940816527857,40.0706,1693779347.4,日换手率达到30%的前5只证券,-13.2046332,-11.37065637,-4.92277992,42.66409266
823,301520,万邦医药,2026-07-28,西藏自治区资金卖出，成功率23.29%,61.02,-0.0164,-23847397.42,52326022.8,76173420.22,128499443.02,1027497250.0,-2.320920802464,12.506061988974,51.9842,1995258991.86,日换手率达到30%的前5只证券,-15.10980007,-26.31923959,-24.69682071,15.35562111
824,301520,万邦医药,2026-07-27,1家机构买入，成功率30.40%,61.03,13.8832,-4988510.77,72364514.58,77353025.35,149717539.93,952432843.0,-0.52376509343,15.71948521414,50.0689,1995585976.29,日换手率达到30%的前5只证券,-0.01638538,-15.12370965,-31.45993774,-3.88333606
825,301526,国际复材,2026-07-27,3家机构买入，成功率26.56%,30.84,20.0,720425872.57,1865102122.98,1144676250.41,3009778373.39,6471469116.0,11.132338880963,46.508425203617,16.0606,43311477745.32,日涨幅达到15%的前5只证券,-6.38780804,-2.07522698,-9.59792477,23.60570687
826,301529,福赛科技,2026-08-19,2家机构卖出，成功率28.53%,88.01,-16.181,-23124622.25,125593537.88,148718160.13,274311698.01,551342224.0,-4.194241116204,49.753435537707,9.3652,5594502978.74,日跌幅达到15%的前5只证券,12.65765254,21.92932621,,
827,301529,福赛科技,2026-08-13,3家机构买入，成功率14.21%,106.32,7.3831,-17485432.01,354279434.32,371764866.33,726044300.65,1828452121.0,-0.956296957912,39.708138502031,9.8934,6758408779.68,连续三个交易日内，涨幅偏离值累计达到30%的证券,-3.00037622,0.45146727,-6.74379233,
828,301529,福赛科技,2026-08-11,主力做T，成功率39.84%,96.16,20.005,4043778.72,150226305.19,146182526.47,296408831.66,557583952.0,0.725232264217,53.159498331473,9.8721,6112571371.84,日涨幅达到15%的前5只证券,2.96381032,10.56572379,9.19301165,21.68261231
829,301536,星宸科技,2026-07-30,4家机构卖出，成功率30.16%,104.0,-17.3488,281970789.97,918659452.86,636688662.89,1555348115.75,3736709261.0,7.545965454496,41.623471539067,18.1399,19468099248.0,日跌幅达到15%的前5只证券,8.72115385,0.29807692,14.42307692,17.59615385
830,301550,斯菱智驱,2026-08-11,2家机构买入，成功率36.74%,87.42,20.0,58792735.34,272465097.23,213672361.89,486137459.12,1173063680.0,5.011896314103,41.441693866099,7.0918,17939993035.56,日涨幅达到15%的前5只证券,1.45275681,4.20956303,1.63578129,-1.85312286
831,301552,科力装备,2026-08-10,4家机构买入，成功率41.62%,26.79,15.5239,13401574.42,27866611.98,14465037.56,42331649.54,166601838.0,8.044073571385,25.408873064174,21.1534,828882600.0,日涨幅达到15%的前5只证券,-2.68756999,-3.58342665,-5.15117581,-3.50877193
832,301566,达利凯普,2026-08-11,1家机构买入，成功率33.41%,28.19,13.2129,129362473.79,279431793.42,150069319.63,429501113.05,1857185545.0,6.965511557974,23.126451431109,31.5413,5950536159.06,日换手率达到30%的前5只证券,1.77367861,-3.29904221,-2.58957077,-11.9900674
833,301583,托伦斯,2026-08-17,4家机构卖出，成功率24.22%,160.32,-0.9453,-49903906.27,186568075.62,236471981.89,423040057.51,1687210506.0,-2.95777593208,25.073341826974,34.7805,4942885719.36,日换手率达到30%的前5只证券,0.499002,-14.23403194,-22.21806387,
834,301583,托伦斯,2026-08-14,4家机构买入，成功率24.26%,161.85,4.352,55410156.88,261498822.45,206088665.57,467587488.02,1813042712.0,3.056196994878,25.790208080878,35.9985,4990057720.05,日换手率达到30%的前5只证券,-0.94531974,-0.45103491,-19.6107507,
835,301583,托伦斯,2026-08-13,5家机构卖出，成功率10.82%,155.1,-5.4268,-65500074.74,189000805.02,254500879.76,443501684.78,1743527739.0,-3.756755529314,25.437030616695,34.9043,4781945952.3,日换手率达到30%的前5只证券,4.35203095,3.3655706,-15.62862669,
836,301583,托伦斯,2026-08-12,4家机构卖出，成功率21.82%,164.0,-1.389,39692969.8,274061793.74,234368823.94,508430617.68,1903377384.0,2.085396733914,26.712023687679,37.4349,5056345172.0,日换手率达到30%的前5只证券,-5.42682927,-1.31097561,-16.15853659,
837,301583,托伦斯,2026-08-11,4家机构买入，成功率31.40%,166.31,1.8557,-10697339.94,257739325.24,268436665.18,526175990.42,2395088450.0,-0.446636529853,21.968958616956,46.1742,5127565643.63,日换手率达到30%的前5只证券,-1.3889724,-6.74042451,-3.12067825,-25.99963923
838,301583,托伦斯,2026-08-10,3家机构买入，成功率37.65%,163.28,9.7312,148749886.52,283544125.51,134794238.99,418338364.5,2339774459.0,6.357445519923,17.879431194355,48.6068,5034146583.44,日换手率达到30%的前5只证券,1.85570799,0.44096031,-1.81283684,-23.62812347
839,301583,托伦斯,2026-08-07,3家机构卖出，成功率26.62%,148.8,-1.0573,-79661414.79,106671522.02,186332936.81,293004458.83,1605767696.0,-4.960955123735,18.247001702667,34.7071,4587708302.4,日换手率达到30%的前5只证券,9.7311828,11.76747312,8.77016129,-12.56048387
840,301583,托伦斯,2026-08-06,3家机构卖出，成功率25.02%,150.39,-4.9488,-41327930.55,170401175.14,211729105.69,382130280.83,1732054409.0,-2.386064221496,22.062256176503,37.1431,4636730185.47,日换手率达到30%的前5只证券,-1.05725115,8.57104861,3.13185717,-12.98623579
841,301583,托伦斯,2026-08-05,3家机构买入，成功率21.05%,158.22,2.7803,-27438090.62,184021874.84,211459965.46,395481840.3,2370260897.0,-1.157597910624,16.685160726423,49.6303,4878139836.06,日换手率达到30%的前5只证券,-4.94880546,-5.95373531,3.6531412,-13.09568955
842,301583,托伦斯,2026-08-04,4家机构卖出，成功率18.81%,153.94,-0.5556,-79930149.54,206759081.07,286689230.61,493448311.68,2072367376.0,-3.856948843418,23.810851174102,45.3974,4746181559.62,日换手率达到30%的前5只证券,2.78030401,-2.30609328,8.03559829,4.66415487
843,301583,托伦斯,2026-08-03,4家机构买入，成功率38.58%,154.8,3.4759,74832088.43,290822866.9,215990778.47,506813645.37,1960409097.0,3.817166965024,25.852443051074,41.9097,4772696540.4,日换手率达到30%的前5只证券,-0.55555556,2.20930233,5.47803618,3.56589147
844,301583,托伦斯,2026-07-31,4家机构卖出，成功率27.74%,149.6,-5.3584,-126955766.16,242237753.35,369193519.51,611431272.86,2826999993.0,-4.490830083989,21.628272881994,56.2628,4612373400.8,日换手率达到30%的前5只证券,3.47593583,2.90106952,-0.53475936,8.18850267
845,301583,托伦斯,2026-07-30,2家机构卖出，成功率27.93%,158.07,-18.4449,-12887334.31,339805022.55,352692356.86,692497379.41,3040384349.0,-0.423871880351,22.776639395535,55.4727,4873515130.11,日跌幅达到15%的前5只证券,-5.35838553,-2.06870374,-4.85860695,-1.87891441
846,301583,托伦斯,2026-07-30,2家机构卖出，成功率27.93%,158.07,-18.4449,-12887334.31,339805022.55,352692356.86,692497379.41,3040384349.0,-0.423871880351,22.776639395535,55.4727,4873515130.11,日换手率达到30%的前5只证券,-5.35838553,-2.06870374,-4.85860695,-1.87891441
847,301583,托伦斯,2026-07-29,2家机构买入，成功率24.62%,193.82,10.691,-62616792.25,350142293.04,412759085.29,762901378.33,3354100321.0,-1.866872969123,22.745335718001,57.7508,5975736714.86,日换手率达到30%的前5只证券,-18.44494892,-22.81498297,-18.36755753,-15.38540914
848,301583,托伦斯,2026-07-28,4家机构买入，成功率5.31%,175.1,0.0571,-174978012.29,339826008.09,514804020.38,854630028.47,2853632522.0,-6.131764021506,29.948846667581,54.1279,5398573412.3,日换手率达到30%的前5只证券,10.6910337,-9.72587093,-12.08452313,-5.01998858
849,301583,托伦斯,2026-07-27,4家机构买入，成功率31.47%,175.0,0.5747,-131792617.44,302619203.41,434411820.85,737031024.26,2392430284.0,-5.508733872891,30.806792122182,46.3377,5395490275.0,日换手率达到30%的前5只证券,0.05714286,10.75428571,-11.54285714,-6.69714286
850,301591,肯特股份,2026-08-25,2家机构买入，成功率16.67%,39.82,6.0735,-22672839.42,59109484.29,81782323.71,140891808.0,580159255.0,-3.90803718541,24.285022911511,33.2227,1779744865.36,日换手率达到30%的前5只证券,,,,
851,301591,肯特股份,2026-08-24,4家机构卖出，成功率29.15%,37.54,-0.6353,-10396398.64,71868962.94,82265361.58,154134324.52,527810155.0,-1.969723117586,29.202606857763,31.5525,1677840839.92,日换手率达到30%的前5只证券,6.07352158,,,
852,301591,肯特股份,2026-08-21,4家机构买入，成功率43.61%,37.78,20.0127,27771834.74,75793460.45,48021625.71,123815086.16,381200707.0,7.285357616086,32.480287650673,24.9034,1688567579.44,日涨幅达到15%的前5只证券,-0.63525675,5.39968237,,
853,301591,肯特股份,2026-08-13,3家机构买入，成功率40.86%,34.81,10.543,42925179.19,105128982.66,62203803.47,167332786.13,538687242.0,7.968478895218,31.063068341611,34.8984,1555824177.88,日换手率达到30%的前5只证券,-4.19419707,4.22292445,-9.5662166,
854,301596,瑞迪智驱,2026-08-03,普通席位买入，成功率36.85%,49.82,19.9904,29708729.81,54840806.9,25132077.09,79972883.99,181440751.0,16.373791249354,44.076583429706,8.596,2184196383.56,日涨幅达到15%的前5只证券,-0.28101164,1.26455239,-1.84664793,8.37013248
855,301598,博科测试,2026-08-24,2家机构买入，成功率40.79%,55.46,17.0783,13149072.39,41593787.34,28444714.95,70038502.29,195738071.0,6.717687735872,35.781747481306,19.6273,999893775.08,日涨幅达到15%的前5只证券,-4.25531915,,,
856,301602,超研股份,2026-08-13,1家机构买入，成功率2.00%,20.4,10.9902,-5166240.76000001,111009279.3,116175520.06,227184799.36,795028767.0,-0.649818091425,28.575670314078,14.1223,4253387576.4,连续三个交易日内，涨幅偏离值累计达到30%的证券,-7.35294118,-7.59803922,-11.8627451,
857,301602,超研股份,2026-08-12,1家机构买入，成功率43.64%,18.38,19.9739,64757825.48,92316361.16,27558535.68,119874896.84,226785824.0,28.554617893577,52.858196656948,6.1028,3832218806.58,日涨幅达到15%的前5只证券,10.99020675,2.82916213,-1.3601741,
858,301626,苏州天脉,2026-08-17,3家机构买入，成功率41.36%,307.08,20.0,116822170.39,335406540.39,218584370.0,553990910.39,1234891879.0,9.460113259843,44.861491099821,8.1994,16158241905.84,日涨幅达到15%的前5只证券,-4.27250228,-16.00234467,-17.94320698,
859,301655,绿控传动,2026-08-20,西藏自治区资金买入，成功率32.15%,32.49,282.2353,90806152.11,111697713.4,20891561.29,132589274.69,1325174224.0,6.852393478942,10.005422101389,78.9802,1461016428.12,无价格涨跌幅限制的证券,-18.12865497,-16.92828563,,
860,301667,纳百川,2026-07-30,1家机构买入，成功率38.09%,65.82,20.0,22877387.74,71916931.02,49039543.28,120956474.3,253699353.0,9.017519149921,47.677092144575,17.3035,1561894777.8,日涨幅达到15%的前5只证券,1.04831358,6.95837132,4.43634154,5.19598906
861,301668,昊创瑞通,2026-07-30,主力做T，成功率30.43%,37.26,20.0,19038253.89,47478839.12,28440585.23,75919424.35,200747935.0,9.483661134547,37.81828408347,23.3218,906482629.98,日涨幅达到15%的前5只证券,4.26731079,5.0187869,-1.01986044,-2.52281267
862,301677,欣兴工具,2026-08-10,1家机构买入，成功率30.95%,63.6,1.5812,-4117798.51,31293299.55,35411098.06,66704397.61,433768215.0,-0.949308494169,15.377889689313,31.6888,1363585144.8,日换手率达到30%的前5只证券,-1.91823899,-2.53144654,-3.17610063,-14.96855346
863,301677,欣兴工具,2026-08-07,西藏自治区资金卖出，成功率29.73%,62.61,-2.431,6213530.99,31322320.42,25108789.43,56431109.85,426190957.0,1.45792182775,13.240804133252,31.8311,1342359526.98,日换手率达到30%的前5只证券,1.58121706,-0.36735346,-4.87142629,-12.10669222
864,301677,欣兴工具,2026-08-06,西藏自治区资金卖出，成功率27.72%,64.17,-7.8282,-15565502.91,40894598.69,56460101.6,97354700.29,656230020.0,-2.371958373681,14.835453624935,46.7688,1375805955.06,日换手率达到30%的前5只证券,-2.43104254,-0.88826554,-4.51924575,-13.58890447
865,301677,欣兴工具,2026-07-30,西藏自治区资金买入，成功率32.80%,82.4,145.3842,97268747.37,132907389.15,35638641.78,168546030.93,1650201840.0,5.894354557864,10.213661556092,78.0959,1766657483.2,无价格涨跌幅限制的证券,6.82038835,-13.56796117,-22.12378641,-25.64320388
866,301707,展芯股份,2026-08-07,3家机构买入，成功率41.78%,116.52,396.887,315953679.86,356784643.52,40830963.66,397615607.18,2501530168.0,12.630416530719,15.894895542991,79.3911,3152164757.28,无价格涨跌幅限制的证券,-7.14040508,-16.06591143,-23.91005836,-31.3250944
867,301717,超纯应材,2026-08-19,2家机构卖出，成功率39.66%,383.0,-19.0275,-141643363.32,365591464.53,507234827.85,872826292.38,2895478972.0,-4.891880227407,30.14445281145,40.9014,6674298178.0,日换手率达到30%的前5只证券,1.64229765,0.55874674,,
868,301717,超纯应材,2026-08-19,2家机构卖出，成功率39.66%,383.0,-19.0275,-141643363.32,365591464.53,507234827.85,872826292.38,2895478972.0,-4.891880227407,30.14445281145,40.9014,6674298178.0,日跌幅达到15%的前5只证券,1.64229765,0.55874674,,
869,301717,超纯应材,2026-08-18,3家机构卖出，成功率33.97%,473.0,-9.0385,27991732.27,597346116.0,569354383.73,1166700499.73,3745342549.0,0.747374423135,31.150702091095,45.2014,8242671118.0,日换手率达到30%的前5只证券,-19.02748414,-17.69767442,-20.54968288,
870,301717,超纯应材,2026-08-11,3家机构买入，成功率44.94%,503.0,662.2367,1079526943.26,1242581445.13,163054501.87,1405635947.0,7040170350.0,15.333818495741,19.965936577089,85.7269,8765462098.0,无价格涨跌幅限制的证券,-0.19880716,1.58648111,-5.96421471,-25.28827038
871,600053,*ST九鼎,2026-08-25,普通席位买入，成功率30.97%,7.76,10.0709,908574.0,7302019.0,6393445.0,13695464.0,31431482.0,2.890649572298,43.572441159472,0.9705,3364276608.0,有价格涨跌幅限制的日收盘价格涨幅偏离值达到7%的前五只证券,,,,
872,600103,青山纸业,2026-08-25,普通席位买入，成功率49.29%,3.15,10.1399,56991752.4,112966820.2,55975067.8,168941888.0,513461546.0,11.099517158389,32.902539501955,7.5094,6968836498.05,有价格涨跌幅限制的日收盘价格涨幅偏离值达到7%的前五只证券,,,,
873,600105,永鼎股份,2026-08-06,上海资金买入，成功率42.51%,38.38,5.0068,236417150.92,3083076495.7,2846659344.78,5929735840.48,23478943643.0,1.006932656404,25.255547824648,13.5019,56111360500.76,非S证券连续三个交易日内收盘价格涨幅偏离值累计达到20%的证券,1.6154247,-1.84992183,6.20114643,1.22459614
874,600110,诺德股份,2026-08-21,买一主买，成功率46.62%,10.74,10.041,187953007.6,458191165.77,270238158.17,728429323.94,2285226619.0,8.224698856442,31.875583711639,12.6951,18635843209.68,有价格涨跌幅限制的日收盘价格涨幅偏离值达到7%的前五只证券,3.0726257,4.74860335,,
875,600127,金健米业,2026-08-25,普通席位买入，成功率45.81%,9.31,10.0473,103631801.02,296596396.93,192964595.91,489560992.84,2715416625.0,3.816423603873,18.028945846938,46.1672,5975001759.58,有价格涨跌幅限制的日收盘价格涨幅偏离值达到7%的前五只证券,,,,
876,600127,金健米业,2026-08-25,普通席位买入，成功率45.81%,9.31,10.0473,103631801.02,296596396.93,192964595.91,489560992.84,2715416625.0,3.816423603873,18.028945846938,46.1672,5975001759.58,有价格涨跌幅限制的日换手率达到20%的前五只证券,,,,
877,600127,金健米业,2026-08-24,普通席位买入，成功率38.68%,8.46,3.1707,-95640645.13,154094143.62,249734788.75,403828932.37,2229005553.0,-4.290731577644,18.116999835487,41.6524,5429486024.28,有价格涨跌幅限制的日换手率达到20%的前五只证券,10.04728132,,,
878,600127,金健米业,2026-08-21,卖一主卖，成功率44.22%,8.2,-4.6512,68251517.46,264489944.16,196238426.7,460728370.86,2334481868.0,2.923625940109,19.735787078728,42.4106,5262622387.6,有价格涨跌幅限制的日价格振幅达到15%的前五只证券,3.17073171,13.53658537,,
879,600127,金健米业,2026-08-21,卖一主卖，成功率44.22%,8.2,-4.6512,68251517.46,264489944.16,196238426.7,460728370.86,2334481868.0,2.923625940109,19.735787078728,42.4106,5262622387.6,有价格涨跌幅限制的日换手率达到20%的前五只证券,3.17073171,13.53658537,,
880,600127,金健米业,2026-08-20,买一主买，成功率34.38%,8.6,9.9744,53334302.26,191554679.36,138220377.1,329775056.46,2357097467.0,2.262710940328,13.990726352089,43.4074,5519335674.8,有价格涨跌幅限制的日换手率达到20%的前五只证券,-4.65116279,-1.62790698,,
881,600127,金健米业,2026-08-19,普通席位买入，成功率41.26%,7.82,9.9859,2502074.90000001,75733436.9,73231362.0,148964798.9,612277616.0,0.408650395607,24.32961699191,4.5608,5018744764.76,非S证券连续三个交易日内收盘价格涨幅偏离值累计达到20%的证券,9.97442455,4.85933504,,
882,600127,金健米业,2026-08-18,普通席位买入，成功率33.12%,7.11,10.0619,-16259926.1,55275039.9,71534966.0,126810005.9,383381063.0,-4.241191772166,33.07675264597,8.5382,4563078679.98,有价格涨跌幅限制的日收盘价格涨幅偏离值达到7%的前五只证券,9.9859353,20.95639944,30.94233474,
883,600127,金健米业,2026-08-17,普通席位买入，成功率48.44%,6.46,10.0511,73492793.0,97501103.0,24008310.0,121509413.0,246088299.0,29.864399607232,49.376347227302,5.943,4145919588.28,有价格涨跌幅限制的日收盘价格涨幅偏离值达到7%的前五只证券,10.0619195,21.05263158,30.95975232,
884,600162,香江控股,2026-08-17,卖一主卖，成功率44.29%,4.4,-6.383,-59381693.42,122585529.08,181967222.5,304552751.58,1053677153.0,-5.635662997051,28.903801388583,7.2502,14381127736.8,有价格涨跌幅限制的日收盘价格跌幅偏离值达到7%的前五只证券,-2.27272727,-7.95454545,-7.72727273,
885,600162,香江控股,2026-08-11,上海资金买入，成功率44.40%,4.29,10.0,51534656.07,292203285.05,240668628.98,532871914.03,1939249558.0,2.65745354214,27.478253731282,2.9399,14021599543.38,非S证券连续三个交易日内收盘价格涨幅偏离值累计达到20%的证券,10.02331002,6.52680653,0.23310023,0.6993007
886,600162,香江控股,2026-08-05,上海资金买入，成功率36.61%,3.38,4.321,-2581387.56999999,117232486.95,119813874.52,237046361.47,881936025.0,-0.292695558048,26.877954267715,8.2135,11047320852.36,有价格涨跌幅限制的日价格振幅达到15%的前五只证券,3.84615385,10.0591716,39.64497041,19.82248521
887,600162,香江控股,2026-07-31,买一主买，成功率47.34%,3.18,10.0346,35949258.7,155320892.68,119371633.98,274692526.66,1168535702.0,3.076436487004,23.507414124348,8.4187,10393633227.96,非S证券连续三个交易日内收盘价格涨幅偏离值累计达到20%的证券,-2.51572327,1.88679245,16.98113208,47.79874214
888,600162,香江控股,2026-07-31,普通席位买入，成功率60.06%,3.18,10.0346,-10180291.9,107784078.08,117964369.98,225748448.06,836513381.0,-1.216990921033,26.986830478448,8.4187,10393633227.96,有价格涨跌幅限制的日收盘价格涨幅偏离值达到7%的前五只证券,-2.51572327,1.88679245,16.98113208,47.79874214
889,600165,宁科生物,2026-08-19,买一主买，成功率55.86%,3.05,3.7415,-10433647.8,16785956.0,27219603.8,44005559.8,163194926.0,-6.393365318233,26.965029415192,6.8697,2235386620.3,非S证券连续三个交易日内收盘价格涨幅偏离值累计达到20%的证券,5.90163934,8.52459016,,
890,600165,宁科生物,2026-08-18,买一主买，成功率50.79%,2.94,10.1124,2525460.0,3875508.0,1350048.0,5225556.0,3880212.0,65.085619033187,134.671919987877,0.1801,2154766119.24,有价格涨跌幅限制的日收盘价格涨幅偏离值达到7%的前五只证券,3.7414966,9.86394558,,
891,600172,黄河旋风,2026-08-19,买一主买，成功率42.78%,14.42,0.6983,77261629.84,432737441.09,355475811.25,788213252.34,4652065944.0,1.660802550309,16.943294910869,25.3057,18503723927.36,有价格涨跌幅限制的日价格振幅达到15%的前五只证券,-6.7961165,-6.10263523,,
892,600172,黄河旋风,2026-08-06,买一主买，成功率43.01%,11.74,4.6346,32912748.12,697477704.22,664564956.1,1362042660.32,5704704568.0,0.576940448496,23.875779088724,18.1511,15064751657.92,非S证券连续三个交易日内收盘价格涨幅偏离值累计达到20%的证券,3.74787053,5.36626917,2.89608177,14.48040886
893,600183,生益科技,2026-08-06,1家机构买入，成功率41.91%,127.25,3.6322,-151790817.84,6117700934.37,6269491752.21,12387192686.58,26832737175.0,-0.565692634523,46.164476645793,3.1537,306895042053.25,非S证券连续三个交易日内收盘价格涨幅偏离值累计达到20%的证券,10.00392927,8.89587426,11.3870334,-0.76227898
894,600186,莲花控股,2026-08-17,普通席位买入，成功率47.36%,13.13,9.2346,-80024350.4499999,1009626347.14,1089650697.59,2099277044.73,6482966136.0,-1.234378658954,32.381428511136,28.1155,23491385760.83,有价格涨跌幅限制的日换手率达到20%的前五只证券,-1.75171363,-11.57654227,-13.70906321,
895,600186,莲花控股,2026-08-04,普通席位买入，成功率42.79%,9.2,10.0478,84106967.16,323152387.54,239045420.38,562197807.92,1680773578.0,5.004062906562,33.448753316849,10.5799,16460072277.2,有价格涨跌幅限制的日收盘价格涨幅偏离值达到7%的前五只证券,4.13043478,5.2173913,15.32608696,40.2173913
896,600192,长城电工,2026-08-03,上海资金买入，成功率38.37%,7.22,10.061,9947497.32,31317293.0,21369795.68,52687088.68,160589334.0,6.194369870168,32.808585332324,5.2319,3189420560.0,有价格涨跌幅限制的日收盘价格涨幅偏离值达到7%的前五只证券,6.64819945,7.89473684,9.27977839,-0.83102493
897,600199,金种子酒,2026-07-30,买一主买，成功率40.47%,8.08,7.4468,-11725416.64,111117805.42,122843222.06,233961027.48,1444848488.0,-0.811532609639,16.192772420301,12.919,5314998337.92,非S证券连续三个交易日内收盘价格涨幅偏离值累计达到20%的证券,-2.84653465,-2.22772277,0.61881188,-2.35148515
898,600206,有研新材,2026-08-06,普通席位买入，成功率43.79%,43.79,9.9975,753233211.53,1738099570.84,984866359.31,2722965930.15,11235332309.0,6.704147156614,24.235740032084,12.1682,37070570408.28,非S证券连续三个交易日内收盘价格涨幅偏离值累计达到20%的证券,10.00228363,18.81708153,14.66088148,29.48161681
899,600206,有研新材,2026-07-30,卖一主卖，成功率41.44%,35.87,-10.01,-214365631.29,1701931719.63,1916297350.92,3618229070.55,13688478182.0,-1.566029681604,26.432661267692,11.1822,30365868018.84,非S证券连续三个交易日内收盘价格跌幅偏离值累计达到20%的证券,-1.3381656,-7.58293839,22.07973237,39.97769724
900,600227,赤天化,2026-08-21,买一主买，成功率35.56%,3.95,5.615,125879920.78,195458280.48,69578359.7,265036640.18,1082423915.0,11.629447486847,24.485475284422,22.4964,5046519221.85,有价格涨跌幅限制的日换手率达到20%的前五只证券,0.0,-3.5443038,,
901,600227,赤天化,2026-07-30,卖一主卖，成功率36.55%,3.27,-3.2544,-34676111.98,110408743.56,145084855.54,255493599.1,1006553784.0,-3.44503319457,25.3830051768,23.0877,4177751355.81,有价格涨跌幅限制的日换手率达到20%的前五只证券,0.0,-0.3058104,-1.83486239,7.03363914
902,600227,赤天化,2026-07-29,普通席位买入，成功率44.59%,3.38,10.0977,54596786.55,71356462.55,16759676.0,88116138.55,374301112.0,14.586327638268,23.541511292652,8.7502,4318287334.14,有价格涨跌幅限制的日收盘价格涨幅偏离值达到7%的前五只证券,-3.25443787,-3.25443787,-4.43786982,8.28402367
903,600228,返利科技,2026-07-31,普通席位买入，成功率35.08%,7.74,5.5935,-4157975.53,77040671.0,81198646.53,158239317.53,659891510.0,-0.630099867477,23.979595908121,20.9075,3220127749.98,有价格涨跌幅限制的日换手率达到20%的前五只证券,-8.01033592,1.1627907,2.58397933,8.01033592
904,600228,返利科技,2026-07-30,普通席位买入，成功率27.21%,7.33,10.0601,28219340.0,55225518.0,27006178.0,82231696.0,171806560.0,16.425065492261,47.862954709064,5.8076,3049552507.41,有价格涨跌幅限制的日收盘价格涨幅偏离值达到7%的前五只证券,5.59345157,-2.86493861,6.00272851,11.86903138
905,600228,返利科技,2026-07-30,普通席位买入，成功率33.10%,7.33,10.0601,35930566.92,90719022.0,54788455.08,145507477.08,402127159.0,8.935125647656,36.184444105154,5.8076,3049552507.41,非S证券连续三个交易日内收盘价格涨幅偏离值累计达到20%的证券,5.59345157,-2.86493861,6.00272851,11.86903138
906,600228,返利科技,2026-07-29,普通席位买入，成功率41.43%,6.66,10.0826,6771738.92,45664030.0,38892291.08,84556321.08,230320599.0,2.940136031862,36.712444065848,8.6023,2770807598.82,有价格涨跌幅限制的日收盘价格涨幅偏离值达到7%的前五只证券,10.06006006,16.21621622,16.06606607,25.07507508
907,600246,万通发展,2026-07-30,1家机构卖出，成功率41.14%,10.5,-10.0257,-50961005.6300001,330142381.78,381103387.41,711245769.19,1468089825.0,-3.471245748195,48.447019867466,7.1497,19849330998.0,有价格涨跌幅限制的日收盘价格跌幅偏离值达到7%的前五只证券,1.9047619,-1.33333333,17.23809524,19.33333333
908,600246,万通发展,2026-07-30,上海资金卖出，成功率41.58%,10.5,-10.0257,306219867.44,1162596686.0,856376818.56,2018973504.56,4964842395.0,6.167766125837,40.665409774,7.1497,19849330998.0,非S证券连续三个交易日内收盘价格跌幅偏离值累计达到20%的证券,1.9047619,-1.33333333,17.23809524,19.33333333
909,600266,城建发展,2026-08-12,普通席位买入，成功率44.67%,4.6,10.0478,18744063.16,94796082.6,76052019.44,170848102.04,473982116.0,3.954592911265,36.045263370232,5.183,9548420132.2,有价格涨跌幅限制的日收盘价格涨幅偏离值达到7%的前五只证券,-4.34782609,-5.43478261,-9.56521739,
910,600272,开开实业,2026-08-25,买一主买，成功率33.25%,19.18,5.6749,-19629409.04,70317264.96,89946674.0,160263938.96,1060646325.0,-1.850702593063,15.110026328522,35.277,3103920000.0,有价格涨跌幅限制的日价格振幅达到15%的前五只证券,,,,
911,600272,开开实业,2026-08-25,买一主买，成功率33.25%,19.18,5.6749,-19629409.04,70317264.96,89946674.0,160263938.96,1060646325.0,-1.850702593063,15.110026328522,35.277,3103920000.0,有价格涨跌幅限制的日换手率达到20%的前五只证券,,,,
912,600272,开开实业,2026-08-24,普通席位买入，成功率48.15%,18.15,10.0,15872161.32,81017065.15,65144903.83,146161968.98,884506560.0,1.794465076664,16.524690215978,31.8588,2938800000.0,有价格涨跌幅限制的日换手率达到20%的前五只证券,5.67493113,,,
913,600272,开开实业,2026-08-20,普通席位卖出，成功率35.63%,18.33,-6.0,-27629454.54,65099411.4,92728865.94,157828277.34,970183580.0,-2.847858396037,16.267877605185,31.0841,2967840000.0,有价格涨跌幅限制的日换手率达到20%的前五只证券,-9.98363339,-0.98199673,,
914,600272,开开实业,2026-08-19,普通席位卖出，成功率36.59%,19.5,-6.8323,-7944917.50999999,86380491.79,94325409.3,180705901.09,964128501.0,-0.824051721504,18.742926995994,30.6723,3154960000.0,有价格涨跌幅限制的日换手率达到20%的前五只证券,-6.0,-15.38461538,,
915,600272,开开实业,2026-08-18,普通席位买入，成功率40.06%,20.93,9.9842,2518232.59999999,100054153.6,97535921.0,197590074.6,1131763209.0,0.222505253747,17.458605565963,35.8778,3384400000.0,有价格涨跌幅限制的日价格振幅达到15%的前五只证券,-6.83229814,-12.42236025,-8.36120401,
916,600272,开开实业,2026-08-18,普通席位买入，成功率41.41%,20.93,9.9842,7360593.16999999,234726477.0,227365883.83,462092360.83,3070380970.0,0.239728986139,15.050000809183,35.8778,3384400000.0,非S证券连续三个交易日内收盘价格涨幅偏离值累计达到20%的证券,-6.83229814,-12.42236025,-8.36120401,
917,600272,开开实业,2026-08-18,普通席位买入，成功率40.06%,20.93,9.9842,2518232.59999999,100054153.6,97535921.0,197590074.6,1131763209.0,0.222505253747,17.458605565963,35.8778,3384400000.0,有价格涨跌幅限制的日换手率达到20%的前五只证券,-6.83229814,-12.42236025,-8.36120401,
918,600272,开开实业,2026-08-17,普通席位买入，成功率44.21%,19.03,8.125,-60919207.53,96617692.96,157536900.49,254154593.45,1173179817.0,-5.192657310265,21.663737286234,39.9894,3080080000.0,有价格涨跌幅限制的日换手率达到20%的前五只证券,9.98423542,2.46978455,-4.62427746,
919,600272,开开实业,2026-08-14,买一主买，成功率45.65%,17.6,10.0,91129451.72,148824289.6,57694837.88,206519127.48,765437944.0,11.905531001479,26.980518681995,28.1521,2851360000.0,有价格涨跌幅限制的日换手率达到20%的前五只证券,8.125,18.92045455,-6.25,
920,600272,开开实业,2026-08-14,买一主买，成功率45.65%,17.6,10.0,91129451.72,148824289.6,57694837.88,206519127.48,765437944.0,11.905531001479,26.980518681995,28.1521,2851360000.0,有价格涨跌幅限制的日价格振幅达到15%的前五只证券,8.125,18.92045455,-6.25,
921,600272,开开实业,2026-08-13,普通席位卖出，成功率30.80%,16.0,-7.3538,-34087986.82,68726348.5,102814335.32,171540683.82,843876031.0,-4.039454323594,20.327711360248,32.7605,2594400000.0,有价格涨跌幅限制的日换手率达到20%的前五只证券,10.0,18.9375,14.5625,
922,600272,开开实业,2026-08-12,普通席位买入，成功率49.97%,17.27,10.0,51740459.52,147761720.31,96021260.79,243782981.1,1786993411.0,2.895391734603,13.642074984685,39.4317,2798320000.0,非S证券连续三个交易日内收盘价格涨幅偏离值累计达到20%的证券,-7.3537927,1.91082803,12.91256514,
923,600272,开开实业,2026-08-12,普通席位买入，成功率46.02%,17.27,10.0,32181989.69,104899368.78,72717379.09,177616747.87,1034953793.0,3.109509806879,17.161804620779,39.4317,2798320000.0,有价格涨跌幅限制的日换手率达到20%的前五只证券,-7.3537927,1.91082803,12.91256514,
924,600272,开开实业,2026-08-11,普通席位买入，成功率35.25%,15.7,10.021,-10593069.15,61900379.35,72493448.5,134393827.85,752039618.0,-1.408578603634,17.870578176109,30.2747,2547040000.0,有价格涨跌幅限制的日换手率达到20%的前五只证券,10.0,1.91082803,33.31210191,22.1656051
925,600272,开开实业,2026-08-11,普通席位买入，成功率35.25%,15.7,10.021,-10593069.15,61900379.35,72493448.5,134393827.85,752039618.0,-1.408578603634,17.870578176109,30.2747,2547040000.0,有价格涨跌幅限制的日收盘价格涨幅偏离值达到7%的前五只证券,10.0,1.91082803,33.31210191,22.1656051
926,600272,开开实业,2026-08-10,买一主买，成功率55.30%,14.27,10.0231,-1139762.78,43867679.0,45007441.78,88875120.78,432153455.0,-0.26374029105,20.565639300512,3.6902,2319040000.0,非S证券连续三个交易日内收盘价格涨幅偏离值累计达到20%的证券,10.02102313,21.02312544,33.35669236,27.1899089
927,600285,羚锐制药,2026-08-12,2家机构卖出，成功率36.17%,20.47,-9.2239,-106233037.22,82681947.64,188914984.86,271596932.5,901765449.0,-11.780561934127,30.118356475199,7.7381,11596060248.42,有价格涨跌幅限制的日收盘价格跌幅偏离值达到7%的前五只证券,-3.90815828,-3.76160234,-2.44259893,
928,600288,大恒科技,2026-08-18,卖一主卖，成功率34.85%,11.98,-9.3797,-107792436.59,99020687.05,206813123.64,305833810.69,1046094719.0,-10.304271174702,29.235766621818,19.587,5232864000.0,有价格涨跌幅限制的日收盘价格跌幅偏离值达到7%的前五只证券,-5.92654424,-6.01001669,-6.76260445,
929,600303,曙光股份,2026-07-28,普通席位买入，成功率43.05%,2.71,10.1626,10423377.92,24658992.6,14235614.68,38894607.28,67513856.0,15.438872162775,57.609814613463,3.7993,1836058091.81,有价格涨跌幅限制的日收盘价格涨幅偏离值达到7%的前五只证券,-2.58302583,-1.84501845,2.21402214,7.74907749
930,600313,农发种业,2026-08-20,卖一主卖，成功率36.04%,6.92,-2.9453,-39504425.42,108285819.84,147790245.26,256076065.1,1384917168.0,-2.852475681058,18.490352420846,19.0361,7488814747.96,有价格涨跌幅限制的日价格振幅达到15%的前五只证券,-6.06936416,-3.9017341,,
931,600313,农发种业,2026-08-19,买一主买，成功率43.74%,7.13,5.1622,74726072.7,272704973.59,197978900.89,470683874.48,2643044282.0,2.827272823574,17.808399113307,21.1144,7716076467.19,非S证券连续三个交易日内收盘价格涨幅偏离值累计达到20%的证券,-2.94530154,-8.83590463,,
932,600313,农发种业,2026-08-18,买一主买，成功率43.68%,6.78,10.0649,-30703385.34,71198698.16,101902083.5,173100781.66,627830917.0,-4.890390789723,27.571242029166,8.7553,7337306935.14,有价格涨跌幅限制的日收盘价格涨幅偏离值达到7%的前五只证券,5.16224189,2.06489676,3.39233038,
933,600327,大东方,2026-08-20,普通席位买入，成功率39.43%,4.24,10.1299,15735246.61,40276747.41,24541500.8,64818248.21,215283196.0,7.309091885648,30.108363966317,5.8729,3751465156.32,有价格涨跌幅限制的日收盘价格涨幅偏离值达到7%的前五只证券,-3.77358491,-5.4245283,,
934,600327,大东方,2026-08-10,上海资金买入，成功率41.02%,3.94,10.0559,9425442.92,32082767.92,22657325.0,54740092.92,153080942.0,6.157162868778,35.75892087207,4.5059,3486031300.92,有价格涨跌幅限制的日收盘价格涨幅偏离值达到7%的前五只证券,-0.76142132,2.28426396,2.28426396,1.77664975
935,600330,天通股份,2026-08-06,买一主买，成功率42.64%,21.65,10.0102,112412474.72,1141641421.06,1029228946.34,2170870367.4,7604531573.0,1.478230100577,28.547062321468,13.0474,26703855106.4,非S证券连续三个交易日内收盘价格涨幅偏离值累计达到20%的证券,6.2817552,8.45265589,11.82448037,28.8221709
936,600353,旭光电子,2026-08-18,上海资金买入，成功率44.34%,37.54,9.9912,439824950.4,1153355150.74,713530200.34,1866885351.08,5605771403.0,7.845930894803,33.302916171018,7.8504,31113570908.86,非S证券连续三个交易日内收盘价格涨幅偏离值累计达到20%的证券,-9.9893447,-7.29888119,-5.94033031,
937,600353,旭光电子,2026-08-06,上海资金买入，成功率42.99%,26.48,4.3752,-40448308.02,672271039.88,712719347.9,1384990387.78,3600414137.0,-1.123434873903,38.46752998626,7.0501,21946919490.32,非S证券连续三个交易日内收盘价格涨幅偏离值累计达到20%的证券,5.85347432,3.09667674,6.53323263,31.41993958
938,600353,旭光电子,2026-07-30,卖一主卖，成功率42.01%,21.56,-10.0167,-13399654.4699999,738878471.33,752278125.8,1491156597.13,3058522116.0,-0.438108797707,48.754154476416,4.7281,17869168588.04,非S证券连续三个交易日内收盘价格跌幅偏离值累计达到20%的证券,2.55102041,-2.36549165,22.82003711,30.84415584
939,600353,旭光电子,2026-07-30,1家机构卖出，成功率42.01%,21.56,-10.0167,16722592.28,207493730.64,190771138.36,398264869.0,875508630.0,1.91004311174,45.489542347515,4.7281,17869168588.04,有价格涨跌幅限制的日收盘价格跌幅偏离值达到7%的前五只证券,2.55102041,-2.36549165,22.82003711,30.84415584
940,600354,敦煌种业,2026-08-19,普通席位卖出，成功率26.93%,6.85,-2.0029,6282517.65,72990616.55,66708098.9,139698715.45,1126330150.0,0.557786511353,12.40299884097,29.5615,3615444248.0,有价格涨跌幅限制的日换手率达到20%的前五只证券,-0.1459854,-6.13138686,,
941,600354,敦煌种业,2026-08-18,普通席位买入，成功率52.91%,6.99,10.0787,-1090170.94000001,55202041.8,56292212.74,111494254.54,830720661.0,-0.131231952109,13.421389376037,23.3716,3689336539.2,有价格涨跌幅限制的日收盘价格涨幅偏离值达到7%的前五只证券,-2.00286123,-2.14592275,1.43061516,
942,600363,联创光电,2026-08-10,卖一主卖，成功率36.75%,20.52,-10.0,-168826423.3,85434160.6,254260583.9,339694744.5,846270168.0,-19.949471183533,40.140224404082,8.9624,9252230994.0,有价格涨跌幅限制的日收盘价格跌幅偏离值达到7%的前五只证券,0.14619883,5.84795322,3.07017544,-16.95906433
943,600363,联创光电,2026-08-07,普通席位买入，成功率34.30%,22.8,2.7953,-1698823.23999995,425136947.35,426835770.59,851972717.94,2893437660.0,-0.058712971891,29.444999963815,29.9754,10280256660.0,有价格涨跌幅限制的日换手率达到20%的前五只证券,-10.0,-9.86842105,-10.70175439,-20.13157895
944,600363,联创光电,2026-08-06,普通席位卖出，成功率35.15%,22.18,-9.9838,-26850693.6,14772310.0,41623003.6,56395313.6,213181862.0,-12.595205496423,26.454086229906,0.8078,10000705821.0,非S证券连续三个交易日内收盘价格跌幅偏离值累计达到20%的证券,2.79531109,-7.48422002,-6.5374211,-17.22272317
945,600363,联创光电,2026-08-06,普通席位卖出，成功率43.32%,22.18,-9.9838,-11362814.0,11271876.0,22634690.0,33906566.0,80786214.0,-14.06528841666,41.970732778739,0.8078,10000705821.0,有价格涨跌幅限制的日收盘价格跌幅偏离值达到7%的前五只证券,2.79531109,-7.48422002,-6.5374211,-17.22272317
946,600363,联创光电,2026-08-05,普通席位卖出，成功率34.62%,24.64,-10.0073,-24167281.6,10570560.0,34737841.6,45308401.6,132395648.0,-18.253833842031,34.221972009231,1.1917,11109891408.0,有价格涨跌幅限制的日收盘价格跌幅偏离值达到7%的前五只证券,-9.98376623,-7.46753247,-11.85064935,-25.5275974
947,600367,红星发展,2026-08-25,上海资金买入，成功率43.15%,38.27,0.3145,-11673863.03,486617411.02,498291274.05,984908685.07,3381717669.0,-0.345205134569,29.12450953841,27.2756,12321913675.14,有价格涨跌幅限制的日换手率达到20%的前五只证券,,,,
948,600367,红星发展,2026-08-20,卖一主卖，成功率38.15%,35.89,-10.005,-158432847.63,170389963.08,328822810.71,499212773.79,2358218630.0,-6.71832736857,21.169062420222,20.1256,11555617501.98,有价格涨跌幅限制的日收盘价格跌幅偏离值达到7%的前五只证券,-3.37141265,6.29701867,,
949,600367,红星发展,2026-08-06,买一主买，成功率42.72%,31.49,5.2473,-189477045.38,458838209.19,648315254.57,1107153463.76,3217549380.0,-5.888862081116,34.409835965284,18.0451,10138935501.18,非S证券连续三个交易日内收盘价格涨幅偏离值累计达到20%的证券,4.66814862,5.1127342,4.82692918,13.97268974
950,600371,万向德农,2026-08-21,普通席位卖出，成功率46.22%,7.74,-10.0,659386.699999999,16658830.0,15999443.3,32658273.3,231340606.0,0.285028517648,14.116965397765,10.1434,2264553720.0,有价格涨跌幅限制的日收盘价格跌幅偏离值达到7%的前五只证券,1.80878553,12.01550388,,
951,600371,万向德农,2026-08-20,1家机构卖出，成功率35.27%,8.6,-3.9106,-14575309.13,25133395.87,39708705.0,64842100.87,442906780.0,-3.290829986843,14.640123790835,18.1377,2516170800.0,有价格涨跌幅限制的日价格振幅达到15%的前五只证券,-10.0,-8.37209302,,
952,600371,万向德农,2026-08-19,普通席位买入，成功率43.78%,8.95,9.9509,-24289029.0,38996189.0,63285218.0,102281407.0,555626368.0,-4.371468022194,18.408306893024,18.174,2618573100.0,非S证券连续三个交易日内收盘价格涨幅偏离值累计达到20%的证券,-3.91061453,-13.51955307,,
953,600376,首开股份,2026-08-20,普通席位卖出，成功率37.83%,3.51,-10.0,-541311.009999998,36281708.99,36823020.0,73104728.99,526093870.0,-0.102892476204,13.89575761261,5.7392,9054273999.42,有价格涨跌幅限制的日收盘价格跌幅偏离值达到7%的前五只证券,0.56980057,-6.26780627,,
954,600378,昊华科技,2026-08-06,1家机构买入，成功率41.94%,48.26,9.5076,-350173680.86,1703280881.14,2053454562.0,3756735443.14,8906867863.0,-3.931501917915,42.177963128272,8.2366,51762004418.38,非S证券连续三个交易日内收盘价格涨幅偏离值累计达到20%的证券,1.71985081,1.18110236,1.20182346,-7.708247
955,600379,宝光股份,2026-08-12,普通席位买入，成功率44.89%,14.8,10.0372,23371680.32,94357151.08,70985470.76,165342621.84,415051332.0,5.631033686214,39.836668164216,8.7365,4886983147.2,有价格涨跌幅限制的日收盘价格涨幅偏离值达到7%的前五只证券,-2.56756757,-2.02702703,-2.43243243,
956,600396,华电辽能,2026-08-13,普通席位买入，成功率36.31%,18.73,9.0221,-52356889.48,508961445.0,561318334.48,1070279779.48,6432438907.0,-0.813950823894,16.638786546659,24.5515,27583798682.41,有价格涨跌幅限制的日换手率达到20%的前五只证券,-9.28990924,-9.66364122,-21.67645489,
957,600396,华电辽能,2026-08-05,买一主买，成功率42.93%,17.53,7.0861,141137883.75,1756686782.0,1615548898.25,3372235680.25,13458098105.0,1.048720871618,25.057297501771,20.2389,25816550502.01,非S证券连续三个交易日内收盘价格涨幅偏离值累计达到20%的证券,-1.02681118,1.14090131,-1.9965773,-16.82829435
958,600396,华电辽能,2026-08-04,普通席位买入，成功率40.22%,16.37,5.5448,-166274056.25,578166673.0,744440729.25,1322607402.25,4943838523.0,-3.363258235002,26.752641618388,20.7347,24108210594.29,有价格涨跌幅限制的日换手率达到20%的前五只证券,7.08613317,5.98656078,2.62675626,-4.76481368
959,600396,华电辽能,2026-07-30,卖一主卖，成功率34.75%,14.54,-10.0248,-176614027.0,338180987.0,514795014.0,852976001.0,4110500901.0,-4.296654623212,20.751144970981,18.2922,21413157119.18,有价格涨跌幅限制的日收盘价格跌幅偏离值达到7%的前五只证券,-3.0261348,6.67125172,19.32599725,28.8170564
960,600396,华电辽能,2026-07-29,普通席位卖出，成功率32.84%,16.16,-2.5332,-19173261.0,520426052.0,539599313.0,1060025365.0,5223489561.0,-0.367058472619,20.293433204394,21.0188,23798942162.72,有价格涨跌幅限制的日换手率达到20%的前五只证券,-10.02475248,-12.74752475,8.47772277,6.31188119
961,600396,华电辽能,2026-07-28,普通席位买入，成功率32.65%,16.58,5.7398,4426737.25,566430749.0,562004011.75,1128434760.75,5526767564.0,0.080096316676,20.417626536356,23.5342,24417479025.86,有价格涨跌幅限制的日价格振幅达到15%的前五只证券,-2.5331725,-12.3039807,-1.26658625,1.32689988
962,600396,华电辽能,2026-07-28,普通席位买入，成功率32.65%,16.58,5.7398,4426737.25,566430749.0,562004011.75,1128434760.75,5526767564.0,0.080096316676,20.417626536356,23.5342,24417479025.86,有价格涨跌幅限制的日换手率达到20%的前五只证券,-2.5331725,-12.3039807,-1.26658625,1.32689988
963,600397,江钨装备,2026-08-10,卖一主卖，成功率43.37%,17.89,-2.8246,-94277310.57,431732725.0,526010035.57,957742760.57,3768916180.0,-2.501443546829,25.411622727306,21.4667,17710382288.98,有价格涨跌幅限制的日价格振幅达到15%的前五只证券,-4.75125769,4.75125769,4.35997764,1.90050307
964,600397,江钨装备,2026-08-07,买一主买，成功率39.09%,18.41,8.9994,-18370822.25,556872210.04,575243032.29,1132115242.33,3880172397.0,-0.473453763658,29.176931499366,21.7718,18225161427.62,有价格涨跌幅限制的日换手率达到20%的前五只证券,-2.82455187,-7.44160782,-1.90114068,-1.46659424
965,600397,江钨装备,2026-08-06,买一主买，成功率45.83%,16.89,10.0326,149668179.8,221157105.8,71488926.0,292646031.8,407628793.0,36.716783105162,71.792286714153,2.4525,16720422406.98,有价格涨跌幅限制的日收盘价格涨幅偏离值达到7%的前五只证券,8.99940793,5.92066311,3.6116045,-2.36826525
966,600397,江钨装备,2026-08-05,1家机构买入，成功率34.94%,15.35,10.0358,-238798405.52,297746454.0,536544859.52,834291313.52,2159133226.0,-11.059919908805,38.640103513464,14.8031,15195884188.7,有价格涨跌幅限制的日收盘价格涨幅偏离值达到7%的前五只证券,10.03257329,19.93485342,22.08469055,10.48859935
967,600397,江钨装备,2026-08-05,买一主买，成功率40.44%,15.35,10.0358,-257019400.08,566765285.16,823784685.24,1390549970.4,4042528052.0,-6.357887855666,34.398028968829,14.8031,15195884188.7,非S证券连续三个交易日内收盘价格涨幅偏离值累计达到20%的证券,10.03257329,19.93485342,22.08469055,10.48859935
968,600410,华胜天成,2026-08-04,买一主买，成功率44.20%,15.62,10.0,103385578.98,540482041.08,437096462.1,977578503.18,3182511011.0,3.248553693064,30.717207255564,4.7317,17127246948.46,非S证券连续三个交易日内收盘价格涨幅偏离值累计达到20%的证券,3.39308579,2.24071703,0.19206146,-3.52112676
969,600418,江淮汽车,2026-07-30,2家机构买入，成功率40.92%,24.39,10.0135,-392845366.49,809267466.24,1202112832.73,2011380298.97,5957091944.0,-6.594582896873,33.764466250951,3.515,53267998802.49,非S证券连续三个交易日内收盘价格涨幅偏离值累计达到20%的证券,7.70807708,4.79704797,-0.57400574,0.90200902
970,600429,三元股份,2026-07-29,普通席位买入，成功率44.88%,4.69,10.0939,17864783.4,58639983.0,40775199.6,99415182.6,164007011.0,10.892694947047,60.616422428429,2.4216,7023544327.94,有价格涨跌幅限制的日收盘价格涨幅偏离值达到7%的前五只证券,-3.19829424,-2.77185501,-3.19829424,-0.63965885
971,600439,ST瑞贝卡,2026-08-03,普通席位卖出，成功率22.86%,1.94,-10.1852,362469.6,2553816.0,2191346.4,4745162.4,6199464.0,5.846789335336,76.541494555013,0.2823,2196051753.6,有价格涨跌幅限制的日收盘价格跌幅偏离值达到7%的前五只证券,-2.06185567,-4.63917526,-4.12371134,-3.60824742
972,600449,宁夏建材,2026-08-11,1家机构卖出，成功率48.27%,12.58,-9.8208,-39039609.27,69740203.0,108779812.27,178520015.27,815336323.0,-4.7881601946,21.895260916764,13.5271,6015517508.36,有价格涨跌幅限制的日收盘价格跌幅偏离值达到7%的前五只证券,0.55643879,-4.29252782,-5.24642289,-0.31796502
973,600449,宁夏建材,2026-08-10,普通席位卖出，成功率20.57%,13.95,-10.0,-26789580.0,8484390.0,35273970.0,43758360.0,48354885.0,-55.402013674523,90.494186885151,0.7249,6670625535.9,有价格涨跌幅限制的日收盘价格跌幅偏离值达到7%的前五只证券,-9.82078853,-9.31899642,-12.68817204,-5.3046595
974,600468,百利电气,2026-08-03,买一主买，成功率42.49%,6.22,10.0885,54929767.86,88387637.86,33457870.0,121845507.86,304162735.0,18.059335197653,40.05931491246,4.6084,6765713696.62,有价格涨跌幅限制的日收盘价格涨幅偏离值达到7%的前五只证券,8.03858521,8.36012862,6.59163987,-0.32154341
975,600475,华光环能,2026-07-31,普通席位买入，成功率41.42%,16.0,7.5269,67431923.26,193923159.11,126491235.85,320414394.96,1046384000.0,6.444280805135,30.621109932874,3.6432,15086171664.0,非S证券连续三个交易日内收盘价格涨幅偏离值累计达到20%的证券,-4.125,-2.8125,-8.6875,-6.3125
976,600487,亨通光电,2026-08-25,1家机构买入，成功率42.50%,64.6,6.9005,1849593215.8,2663983257.26,814390041.46,3478373298.72,16273223193.0,11.365868911548,21.374826962468,10.6023,158505548202.2,有价格涨跌幅限制的日价格振幅达到15%的前五只证券,,,,
977,600487,亨通光电,2026-08-05,上海资金买入，成功率42.19%,54.41,8.2355,1079942810.84,2462098296.53,1382155485.69,3844253782.22,18223584577.0,5.926072372188,21.094937529864,14.1669,133502892843.37,有价格涨跌幅限制的日价格振幅达到15%的前五只证券,3.19794155,9.39165595,8.98731851,8.2705385
978,600491,ST龙元,2026-08-17,西藏自治区资金买入，成功率33.43%,1.64,10.0671,-203330.0,18613715.0,18817045.0,37430760.0,216071678.0,-0.094103031865,17.323306944467,9.0608,2508803046.2,有价格涨跌幅限制的日收盘价格涨幅偏离值达到7%的前五只证券,-6.09756098,-4.87804878,8.53658537,
979,600491,ST龙元,2026-08-13,西藏自治区资金买入，成功率29.81%,1.5,10.2941,-2203096.0,21824662.0,24027758.0,45852420.0,249308950.0,-0.883681071217,18.391806631892,11.762,2294636932.5,有价格涨跌幅限制的日收盘价格涨幅偏离值达到7%的前五只证券,-0.66666667,9.33333333,14.0,
980,600491,ST龙元,2026-08-13,西藏自治区资金买入，成功率30.51%,1.5,10.2941,-1383467.0,33290418.0,34673885.0,67964303.0,451034772.0,-0.30673178342,15.068528463699,11.762,2294636932.5,非S证券连续三个交易日内收盘价格涨幅偏离值累计达到20%的证券,-0.66666667,9.33333333,14.0,
981,600491,ST龙元,2026-08-13,西藏自治区资金买入，成功率29.81%,1.5,10.2941,-2203096.0,21824662.0,24027758.0,45852420.0,249308950.0,-0.883681071217,18.391806631892,11.762,2294636932.5,有价格涨跌幅限制的日价格振幅达到15%的前五只证券,-0.66666667,9.33333333,14.0,
982,600499,科达制造,2026-08-05,5家机构卖出，成功率40.66%,14.52,-7.3389,-109423777.55,207808503.41,317232280.96,525040784.37,1403789142.0,-7.794887015161,37.401684388438,5.1275,27847274797.32,有价格涨跌幅限制的日收盘价格跌幅偏离值达到7%的前五只证券,-0.82644628,-1.79063361,-0.68870523,-3.44352617
983,600508,上海能源,2026-08-25,普通席位买入，成功率40.93%,10.87,10.0202,-29369720.92,100361864.8,129731585.72,230093450.52,769968705.0,-3.814404498427,29.883480851342,3.863,10998322524.0,非S证券连续三个交易日内收盘价格涨幅偏离值累计达到20%的证券,,,,
984,600508,上海能源,2026-08-24,买一主买，成功率46.67%,9.88,10.0223,-3354114.59999999,74183554.0,77537668.6,151721222.6,346728218.0,-0.967361300833,43.757967977097,3.5399,9996635376.0,有价格涨跌幅限制的日收盘价格涨幅偏离值达到7%的前五只证券,10.02024291,,,
985,600530,ST交昂,2026-08-06,普通席位卖出，成功率29.74%,3.94,-7.0755,6968308.0,23359419.0,16391111.0,39750530.0,320379419.0,2.175017365894,12.407329448338,5.7828,3053184800.0,非S证券连续三个交易日内收盘价格跌幅偏离值累计达到20%的证券,-1.77664975,-2.28426396,-2.79187817,-6.09137056
986,600530,ST交昂,2026-08-06,1家机构卖出，成功率28.78%,3.94,-7.0755,-1607827.0,11641281.0,13249108.0,24890389.0,177136046.0,-0.907679174458,14.051566331113,5.7828,3053184800.0,有价格涨跌幅限制的日收盘价格跌幅偏离值达到7%的前五只证券,-1.77664975,-2.28426396,-2.79187817,-6.09137056
987,600530,ST交昂,2026-08-05,普通席位卖出，成功率30.45%,4.24,-5.5679,6875448.0,18455300.0,11579852.0,30035152.0,138316047.0,4.970824534915,21.714871594039,4.4124,3285660800.0,有价格涨跌幅限制的日收盘价格跌幅偏离值达到7%的前五只证券,-7.0754717,-8.72641509,-8.01886792,-12.97169811
988,600530,ST交昂,2026-08-04,卖一主卖，成功率39.66%,4.49,-10.02,-1996703.0,1913638.0,3910341.0,5823979.0,4927326.0,-40.523054492437,118.197557864042,0.1416,3479390800.0,有价格涨跌幅限制的日收盘价格跌幅偏离值达到7%的前五只证券,-5.56792873,-12.24944321,-14.69933185,-16.25835189
989,600539,狮头股份,2026-08-20,买一主买，成功率45.08%,15.36,10.0287,53424817.0,88705454.0,35280637.0,123986091.0,432387996.0,12.355758599737,28.674730137513,12.4865,3532800000.0,有价格涨跌幅限制的日收盘价格涨幅偏离值达到7%的前五只证券,-1.62760417,-3.25520833,,
990,600539,狮头股份,2026-07-30,买一主买，成功率29.39%,14.76,2.5,3828417.98,41525897.98,37697480.0,79223377.98,510098589.0,0.750525106824,15.530993358619,16.103,3394800000.0,有价格涨跌幅限制的日价格振幅达到15%的前五只证券,-2.84552846,-9.41734417,-1.15176152,-3.11653117
991,600539,狮头股份,2026-07-29,西藏自治区资金卖出，成功率34.73%,14.4,-10.0,-10946414.01,24288327.99,35234742.0,59523069.99,397669019.0,-2.752644407031,14.967992764355,11.831,3312000000.0,有价格涨跌幅限制的日收盘价格跌幅偏离值达到7%的前五只证券,2.5,-0.41666667,-0.48611111,3.88888889
992,600539,狮头股份,2026-07-29,普通席位卖出，成功率34.20%,14.4,-10.0,27644591.79,144418889.29,116774297.5,261193186.79,2000008045.0,1.382224029504,13.059606807232,11.831,3312000000.0,非S证券连续三个交易日内收盘价格跌幅偏离值累计达到20%的证券,2.5,-0.41666667,-0.48611111,3.88888889
993,600539,狮头股份,2026-07-28,卖一主卖，成功率36.74%,16.0,-10.0112,-26105191.02,41355763.0,67460954.02,108816717.02,563625898.0,-4.631652149526,19.306550214625,14.7834,3680000000.0,有价格涨跌幅限制的日收盘价格跌幅偏离值达到7%的前五只证券,-10.0,-7.75,-12.1875,-6.0625
994,600539,狮头股份,2026-07-27,普通席位卖出，成功率33.76%,17.78,-3.9438,8888374.81999999,101643648.3,92755273.48,194398921.78,1038713128.0,0.85571026113,18.715361974322,24.6883,4089400000.0,有价格涨跌幅限制的日价格振幅达到15%的前五只证券,-10.01124859,-19.01012373,-24.80314961,-15.63554556
995,600539,狮头股份,2026-07-27,普通席位卖出，成功率33.76%,17.78,-3.9438,8888374.81999999,101643648.3,92755273.48,194398921.78,1038713128.0,0.85571026113,18.715361974322,24.6883,4089400000.0,有价格涨跌幅限制的日换手率达到20%的前五只证券,-10.01124859,-19.01012373,-24.80314961,-15.63554556
996,600540,新赛股份,2026-08-03,普通席位买入，成功率39.90%,3.83,10.0575,12922351.2,25822263.0,12899911.8,38722174.8,79493163.0,16.255927821113,48.711327287354,3.6989,2226673756.8,有价格涨跌幅限制的日收盘价格涨幅偏离值达到7%的前五只证券,0.52219321,1.56657963,5.22193211,5.48302872
997,600547,山东黄金,2026-08-21,1家机构买入，成功率43.83%,37.05,4.9575,855648751.87,3371674861.76,2516026109.89,5887700971.65,17302349779.0,4.945274848787,34.028331682417,4.1323,133915126006.35,非S证券连续三个交易日内收盘价格涨幅偏离值累计达到20%的证券,-1.48448043,-5.61403509,,
998,600549,厦门钨业,2026-08-06,1家机构买入，成功率42.08%,57.47,6.9806,-1139109410.0,1959421886.72,3098531296.72,5057953183.44,17101465231.0,-6.660887793024,29.576139325602,9.3091,89304470890.6,非S证券连续三个交易日内收盘价格涨幅偏离值累计达到20%的证券,0.97442144,4.31529494,-4.80250566,-7.27336001
999,600580,卧龙电驱,2026-08-04,买一主买，成功率41.43%,35.67,3.3613,194857457.02,1442447625.94,1247590168.92,2690037794.86,9413116048.0,2.070063260947,28.57754840313,6.7568,55560751667.37,非S证券连续三个交易日内收盘价格涨幅偏离值累计达到20%的证券,3.33613681,1.56994673,2.74740678,6.16764788
1000,600584,长电科技,2026-08-06,买一主买，成功率43.50%,75.87,10.0043,149546897.73,4810358598.49,4660811700.76,9471170299.25,38455206594.0,0.388885955831,24.629097430796,13.1835,135762883425.9,非S证券连续三个交易日内收盘价格涨幅偏离值累计达到20%的证券,2.47792276,3.49281666,2.57018584,4.75813892
1001,600584,长电科技,2026-07-30,普通席位卖出，成功率41.56%,64.51,-10.0028,317259084.55,3458448974.27,3141189889.72,6599638863.99,33592555203.0,0.944432725146,19.646135353826,8.93,115435133910.7,非S证券连续三个交易日内收盘价格跌幅偏离值累计达到20%的证券,1.86017672,-5.4410169,17.60967292,20.63246008
1002,600588,用友网络,2026-07-31,买一主买，成功率32.78%,11.08,10.0298,184968087.74,276596655.06,91628567.32,368225222.38,1036206371.0,17.850506705676,35.535896389504,2.8419,37860331291.72,有价格涨跌幅限制的日收盘价格涨幅偏离值达到7%的前五只证券,1.08303249,2.70758123,5.77617329,5.14440433
1003,600589,大位科技,2026-08-04,买一主买，成功率41.50%,8.38,5.6747,155983256.63,473919727.07,317936470.44,791856197.51,3166236213.0,4.926456718218,25.009384778646,8.4058,12389577678.2,非S证券连续三个交易日内收盘价格涨幅偏离值累计达到20%的证券,-0.71599045,-1.90930788,-2.86396181,-1.07398568
1004,600601,方正科技,2026-08-06,2家机构买入，成功率42.20%,11.7,9.9624,619953004.11,1578170959.99,958217955.88,2536388915.87,9156394719.0,6.770710777939,27.700738049299,8.4217,48792431457.9,非S证券连续三个交易日内收盘价格涨幅偏离值累计达到20%的证券,10.0,12.99145299,7.52136752,5.2991453
1005,600604,市北高新,2026-08-12,普通席位买入，成功率37.96%,5.01,10.1099,21027041.98,46078042.0,25051000.02,71129042.02,184122214.0,11.420154865181,38.63142880739,2.6422,7129611368.04,有价格涨跌幅限制的日收盘价格涨幅偏离值达到7%的前五只证券,-4.59081836,-2.59481038,-11.37724551,
1006,600610,中毅达,2026-08-24,买一主买，成功率50.37%,8.66,10.0381,68249264.28,127514555.28,59265291.0,186779846.28,696790718.0,9.79480100939,26.805731111935,11.9984,6218293905.3,有价格涨跌幅限制的日收盘价格涨幅偏离值达到7%的前五只证券,0.92378753,,,
1007,600611,大众交通,2026-08-11,普通席位买入，成功率44.67%,5.02,10.0877,80081050.73,152586690.61,72505639.88,225092330.49,982363335.0,8.151876996712,22.913348093351,12.7592,7998399769.28,有价格涨跌幅限制的日收盘价格涨幅偏离值达到7%的前五只证券,4.58167331,-2.98804781,-6.97211155,-8.36653386
1008,600611,大众交通,2026-08-05,买一主买，成功率38.05%,4.69,10.0939,95460639.51,112968400.51,17507761.0,130476161.51,218270293.0,43.735058123553,59.777333743718,2.9785,7482505369.16,有价格涨跌幅限制的日收盘价格涨幅偏离值达到7%的前五只证券,4.26439232,-2.98507463,11.94029851,-2.77185501
1009,600613,神奇制药,2026-08-25,普通席位买入，成功率37.96%,10.27,3.7374,-29806227.12,151832103.48,181638330.6,333470434.08,1702994162.0,-1.750224856026,19.581419685454,36.0801,4949170724.31,有价格涨跌幅限制的日换手率达到20%的前五只证券,,,,
1010,600613,神奇制药,2026-08-24,普通席位买入，成功率45.00%,9.9,10.0,4832892.54000002,292872648.6,288039756.06,580912404.66,2954612335.0,0.163571121759,19.661205559138,20.357,4772260345.65,非S证券连续三个交易日内收盘价格涨幅偏离值累计达到20%的证券,3.73737374,,,
1011,600613,神奇制药,2026-08-21,普通席位买入，成功率45.98%,9.0,5.1402,-23297333.4,150780226.6,174077560.0,324857786.6,1501931621.0,-1.551158060344,21.629332657881,36.7859,4340489103.9,有价格涨跌幅限制的日价格振幅达到15%的前五只证券,10.0,14.11111111,,
1012,600613,神奇制药,2026-08-21,普通席位买入，成功率45.98%,9.0,5.1402,-23297333.4,150780226.6,174077560.0,324857786.6,1501931621.0,-1.551158060344,21.629332657881,36.7859,4340489103.9,有价格涨跌幅限制的日换手率达到20%的前五只证券,10.0,14.11111111,,
1013,600613,神奇制药,2026-08-20,普通席位买入，成功率39.51%,8.56,10.0257,134023116.52,204367462.08,70344345.56,274711807.64,514941963.0,26.026839168281,53.348110540372,12.551,4130354836.68,有价格涨跌幅限制的日收盘价格涨幅偏离值达到7%的前五只证券,5.14018692,15.65420561,,
1014,600613,神奇制药,2026-08-19,西藏自治区资金买入，成功率34.60%,7.78,0.2577,-6981850.31,74718285.0,81700135.31,156418420.31,1322600726.0,-0.527887984087,11.82657904499,33.9111,3754787952.69,有价格涨跌幅限制的日换手率达到20%的前五只证券,10.02570694,15.68123393,,
1015,600613,神奇制药,2026-08-19,买一主买，成功率38.70%,7.78,0.2577,24282301.1,160246533.0,135964231.9,296210764.9,2157261978.0,1.125607429586,13.730866622635,33.9111,3754787952.69,非S证券连续三个交易日内收盘价格涨幅偏离值累计达到20%的证券,10.02570694,15.68123393,,
1016,600613,神奇制药,2026-08-18,买一主买，成功率34.75%,7.76,10.0709,29596986.0,117459719.0,87862733.0,205322452.0,560836347.0,5.27729455452,36.610047315639,15.0847,3745968076.23,有价格涨跌幅限制的日收盘价格涨幅偏离值达到7%的前五只证券,0.25773196,10.30927835,32.34536082,
1017,600613,神奇制药,2026-08-14,买一主买，成功率37.51%,6.41,9.9485,34898304.4,62983027.0,28084722.6,91067749.6,212012654.0,16.460481835202,42.953921797517,2.6066,3098557596.03,非S证券连续三个交易日内收盘价格涨幅偏离值累计达到20%的证券,9.98439938,21.06084243,40.40561622,
1018,600617,国新能源,2026-07-27,买一主买，成功率32.18%,3.73,10.0295,16614438.48,63374488.96,46760050.48,110134539.44,357878115.0,4.642485188009,30.774315283291,3.0644,6656884327.284,非S证券连续三个交易日内收盘价格涨幅偏离值累计达到20%的证券,-1.8766756,-8.31099196,-10.18766756,-5.09383378
1019,600617,国新能源,2026-07-27,普通席位买入，成功率59.37%,3.73,10.0295,-12061258.83,23997986.0,36059244.83,60057230.83,199782970.0,-6.037180661595,30.061236365642,3.0644,6656884327.284,有价格涨跌幅限制的日收盘价格涨幅偏离值达到7%的前五只证券,-1.8766756,-8.31099196,-10.18766756,-5.09383378
1020,600629,华建集团,2026-08-05,买一主买，成功率43.91%,15.57,10.0353,18305672.28,140916476.7,122610804.42,263527281.12,587931371.0,3.11357297517,44.822796353216,3.4215,17902461950.46,有价格涨跌幅限制的日收盘价格涨幅偏离值达到7%的前五只证券,0.12845215,2.24791265,5.45921644,5.90879897
1021,600641,先导基电,2026-08-07,买一主买，成功率42.85%,31.28,9.9859,-40372300.47,1184799331.09,1225171631.56,2409970962.65,7359999217.0,-0.548536749525,32.744174171697,8.5784,29110103897.6,非S证券连续三个交易日内收盘价格涨幅偏离值累计达到20%的证券,10.00639386,3.80434783,9.33503836,4.0601023
1022,600641,先导基电,2026-08-03,普通席位卖出，成功率40.03%,23.41,-9.9962,-241005777.81,260586119.35,501591897.16,762178016.51,1949251147.0,-12.364018776181,39.101068001578,8.7575,21786046427.2,有价格涨跌幅限制的日收盘价格跌幅偏离值达到7%的前五只证券,4.27167877,13.5412217,46.98846647,54.03673644
1023,600644,乐山电力,2026-08-03,上海资金买入，成功率43.65%,10.29,10.0535,45395796.99,83968708.35,38572911.36,122541619.71,591947670.0,7.668886844339,20.701427832295,10.3627,5950921217.22,有价格涨跌幅限制的日收盘价格涨幅偏离值达到7%的前五只证券,1.36054422,0.09718173,1.65208941,-9.62099125
1024,600649,城投控股,2026-08-20,1家机构买入，成功率48.76%,4.16,10.0529,80452792.4,138417999.85,57965207.45,196383207.3,530918507.0,15.153510630964,36.989331641438,5.2198,10365891194.88,有价格涨跌幅限制的日收盘价格涨幅偏离值达到7%的前五只证券,-6.73076923,-8.41346154,,
1025,600664,哈药股份,2026-08-21,普通席位卖出，成功率31.44%,8.17,-10.022,149273537.66,349180829.03,199907291.37,549088120.4,3679904452.0,4.0564514543,14.921260254504,17.8145,20576225686.92,有价格涨跌幅限制的日收盘价格跌幅偏离值达到7%的前五只证券,0.6119951,0.48959608,,
1026,600664,哈药股份,2026-08-20,2家机构买入，成功率23.11%,9.08,0.2208,0.0,85682178600.0,85682178600.0,85682178600.0,85682178600.0,0.0,100.0,19.3711,22868069674.08,有价格涨跌幅限制的连续30个交易日内收盘价格涨幅偏离值累计达到200%的证券,-10.02202643,-9.47136564,,
1027,600664,哈药股份,2026-08-11,普通席位买入，成功率46.18%,8.27,9.9734,304122952.46,966978543.99,662855591.53,1629834135.52,5494869237.0,5.534671333253,29.661017673458,26.9505,20828076674.52,有价格涨跌幅限制的日换手率达到20%的前五只证券,6.52962515,7.13422007,10.27811366,-0.72551391
1028,600664,哈药股份,2026-08-11,买一主买，成功率46.18%,8.27,9.9734,318378167.34,995423700.99,677045533.65,1672469234.64,6484941284.0,4.909499614523,25.790044371973,26.9505,20828076674.52,非S证券连续三个交易日内收盘价格涨幅偏离值累计达到20%的证券,6.52962515,7.13422007,10.27811366,-0.72551391
1029,600664,哈药股份,2026-08-06,普通席位卖出，成功率32.95%,6.22,-8.1241,-72951200.47,249017947.51,321969147.98,570987095.49,3483927267.0,-2.093935805176,16.389179558897,21.1351,15665131428.72,有价格涨跌幅限制的日收盘价格跌幅偏离值达到7%的前五只证券,9.96784566,20.90032154,42.4437299,45.9807074
1030,600664,哈药股份,2026-07-27,普通席位买入，成功率42.70%,5.64,4.4444,-69903808.24,262081097.44,331984905.68,594066003.12,2852255955.0,-2.450825218454,20.827934536471,20.4866,14204395700.64,有价格涨跌幅限制的日换手率达到20%的前五只证券,1.77304965,-4.96453901,6.20567376,33.33333333
1031,600667,太极实业,2026-08-13,买一主买，成功率42.66%,23.78,4.7116,-393474841.69,2176920367.12,2570395208.81,4747315575.93,29490438939.0,-1.334245456651,16.097812534258,24.5227,49736872992.84,非S证券连续三个交易日内收盘价格涨幅偏离值累计达到20%的证券,-3.49032801,0.33641716,-10.80740118,
1032,600667,太极实业,2026-08-12,买一主买，成功率40.99%,22.71,7.1226,-319867838.46,821619064.89,1141486903.35,1963105968.24,11007104934.0,-2.906012438129,17.834898277168,24.1064,47498922862.38,有价格涨跌幅限制的日换手率达到20%的前五只证券,4.7115808,1.05680317,-7.001321,
1033,600667,太极实业,2026-08-11,普通席位买入，成功率48.55%,21.2,10.0156,283556485.07,910385168.75,626828683.68,1537213852.43,6466750500.0,4.384837254352,23.771040067651,15.2932,44340694173.6,有价格涨跌幅限制的日收盘价格涨幅偏离值达到7%的前五只证券,7.12264151,12.16981132,8.49056604,-5.94339623
1034,600667,太极实业,2026-08-05,普通席位买入，成功率41.70%,18.45,7.5802,-243240189.12,758618011.88,1001858201.0,1760476212.88,8569320928.0,-2.838500170127,20.543940735464,22.4688,38588953184.1,有价格涨跌幅限制的日换手率达到20%的前五只证券,3.90243902,5.85365854,23.08943089,14.47154472
1035,600673,东阳光,2026-08-04,2家机构买入，成功率41.61%,32.15,9.9897,404036676.69,985343671.08,581306994.39,1566650665.47,4897207081.0,8.250349025623,31.990696728922,2.0948,96500087353.05,非S证券连续三个交易日内收盘价格涨幅偏离值累计达到20%的证券,1.27527216,0.0622084,1.71073095,14.15241058
1036,600683,京投发展,2026-08-19,卖一主卖，成功率43.47%,9.68,-10.0372,29838720.18,85011704.66,55172984.48,140184689.14,521903593.0,5.717285832136,26.86026519461,7.0352,7170727138.96,有价格涨跌幅限制的日收盘价格跌幅偏离值达到7%的前五只证券,10.02066116,3.40909091,,
1037,600683,京投发展,2026-08-14,1家机构卖出，成功率31.48%,11.64,-9.9768,-93543588.91,82582686.54,176126275.45,258708961.99,1161751143.0,-8.051947224123,22.268879488419,12.787,8622651229.08,有价格涨跌幅限制的日价格振幅达到15%的前五只证券,0.60137457,-7.56013746,-14.00343643,
1038,600683,京投发展,2026-08-13,买一主买，成功率36.67%,12.93,10.0426,10492077.0,21752194.0,11260117.0,33012311.0,51775928.0,20.264391977677,63.759960033937,0.2544,9578254329.21,非S证券连续三个交易日内收盘价格涨幅偏离值累计达到20%的证券,-9.97679814,-9.4354215,-17.63341067,
1039,600683,京投发展,2026-08-13,买一主买，成功率36.67%,12.93,10.0426,12442539.0,21024180.0,8581641.0,29605821.0,24367878.0,51.061233152924,121.495277512469,0.2544,9578254329.21,有价格涨跌幅限制的日收盘价格涨幅偏离值达到7%的前五只证券,-9.97679814,-9.4354215,-17.63341067,
1040,600683,京投发展,2026-08-11,买一主买，成功率46.43%,10.68,9.9897,-13149484.0,38110819.0,51260303.0,89371122.0,168063579.0,-7.824112801977,53.176971793514,1.3082,7911504735.96,非S证券连续三个交易日内收盘价格涨幅偏离值累计达到20%的证券,10.01872659,21.06741573,0.74906367,-4.58801498
1041,600693,东百集团,2026-07-31,买一主买，成功率41.03%,9.44,2.7203,46512700.13,196651529.25,150138829.12,346790358.37,1376048847.0,3.380163446334,25.201893023351,17.6895,8202914262.08,有价格涨跌幅限制的日价格振幅达到15%的前五只证券,-0.52966102,2.33050847,1.80084746,0.63559322
1042,600693,东百集团,2026-07-30,卖一主卖，成功率31.76%,9.19,-2.9567,31379318.0,176760871.0,145381553.0,322142424.0,1779082435.0,1.763792243837,18.10722300791,21.0792,7985676066.58,有价格涨跌幅限制的日换手率达到20%的前五只证券,2.7203482,2.17627856,3.91730141,14.03699674
1043,600693,东百集团,2026-07-29,买一主买，成功率46.11%,9.47,9.9884,-114816827.32,170043596.74,284860424.06,454904020.8,1407754417.0,-8.156026785175,32.314160432146,13.745,8228982845.54,非S证券连续三个交易日内收盘价格涨幅偏离值累计达到20%的证券,-2.95670539,-0.31678986,3.37909187,7.39176346
1044,600698,湖南天雁,2026-08-10,买一主买，成功率44.37%,7.22,10.061,15078248.32,64282873.0,49204624.68,113487497.68,335146001.0,4.499008872256,33.862107064199,5.7448,6042781570.02,有价格涨跌幅限制的日收盘价格涨幅偏离值达到7%的前五只证券,1.80055402,1.2465374,-1.2465374,-8.31024931
1045,600712,南宁百货,2026-07-30,买一主买，成功率51.38%,5.25,10.0629,19011879.0,48846841.0,29834962.0,78681803.0,103381080.0,18.390095170219,76.108513279219,3.7206,2827903947.75,有价格涨跌幅限制的日收盘价格涨幅偏离值达到7%的前五只证券,-0.76190476,-4.38095238,3.80952381,4.38095238
1046,600721,百花医药,2026-08-25,西藏自治区资金买入，成功率35.28%,14.96,5.4264,-10979472.0,96144103.0,107123575.0,203267678.0,1958696436.0,-0.560549955481,10.377701938086,34.9651,5752832619.6,有价格涨跌幅限制的日换手率达到20%的前五只证券,,,,
1047,600721,百花医药,2026-08-24,西藏自治区资金买入，成功率40.32%,14.19,7.0943,-18831430.0,107464314.0,126295744.0,233760058.0,1701462171.0,-1.106779235,13.73877491867,32.038,5456730940.65,有价格涨跌幅限制的日换手率达到20%的前五只证券,5.42635659,,,
1048,600721,百花医药,2026-08-21,普通席位卖出，成功率44.15%,13.25,-3.0015,5505836.62,89250410.0,83744573.38,172994983.38,1409860145.0,0.3905236019,12.270364829697,28.3479,5095256163.75,有价格涨跌幅限制的日换手率达到20%的前五只证券,7.09433962,12.90566038,,
1049,600721,百花医药,2026-08-20,普通席位卖出，成功率37.95%,13.66,-0.4373,-24740886.0,110175565.88,134916451.88,245092017.76,1707351942.0,-1.449079442345,14.355096435062,31.7871,5252920694.1,有价格涨跌幅限制的日换手率达到20%的前五只证券,-3.00146413,3.87994143,,
1050,600721,百花医药,2026-08-19,普通席位买入，成功率42.00%,13.72,1.6296,-7208236.06,108498819.94,115707056.0,224205875.94,1692323403.0,-0.4259372675,13.248406040036,31.8938,5275993552.2,有价格涨跌幅限制的日换手率达到20%的前五只证券,-0.43731778,-3.42565598,,
1051,600721,百花医药,2026-08-18,西藏自治区资金卖出，成功率31.29%,13.5,-3.709,-95563003.94,58351312.0,153914315.94,212265627.94,1462202808.0,-6.535550569125,14.516839030718,27.5557,5191393072.5,有价格涨跌幅限制的日换手率达到20%的前五只证券,1.62962963,1.18518519,10.81481481,
1052,600721,百花医药,2026-08-17,西藏自治区资金买入，成功率35.31%,14.02,1.5206,-2110856.15000001,79805225.85,81916082.0,161721307.85,1617744114.0,-0.130481460679,9.996717432038,30.3967,5391357842.7,有价格涨跌幅限制的日换手率达到20%的前五只证券,-3.70898716,-2.13980029,1.2125535,
1053,600721,百花医药,2026-08-14,西藏自治区资金卖出，成功率22.19%,13.81,-4.7586,-8900356.48999999,75980961.08,84881317.57,160862278.65,1664573064.0,-0.534693050278,9.663876109075,31.2327,5310602839.35,有价格涨跌幅限制的日换手率达到20%的前五只证券,1.52063722,-2.24475018,-4.05503259,
1054,600721,百花医药,2026-08-13,西藏自治区资金买入，成功率37.09%,14.5,3.35,-126201788.05,202707205.27,328908993.32,531616198.59,2571709395.0,-4.907311389668,20.671705738743,48.101,5575940707.5,有价格涨跌幅限制的日价格振幅达到15%的前五只证券,-4.75862069,-3.31034483,-5.79310345,
1055,600721,百花医药,2026-08-13,西藏自治区资金买入，成功率37.09%,14.5,3.35,-126201788.05,202707205.27,328908993.32,531616198.59,2571709395.0,-4.907311389668,20.671705738743,48.101,5575940707.5,有价格涨跌幅限制的日换手率达到20%的前五只证券,-4.75862069,-3.31034483,-5.79310345,
1056,600721,百花医药,2026-08-12,2家机构买入，成功率18.26%,14.03,10.0392,0.0,5205247000.0,5205247100.0,5205247000.0,5205247000.0,-1.921138e-06,100.0,34.4291,5395203319.05,有价格涨跌幅限制的连续10个交易日内收盘价格涨幅偏离值累计达到100%的证券,3.34996436,-1.56806842,-2.20955096,
1057,600721,百花医药,2026-08-12,普通席位买入，成功率51.06%,14.03,10.0392,149643072.72,320841224.51,171198151.79,492039376.3,1840794640.0,8.129264909202,26.729726695641,34.4291,5395203319.05,有价格涨跌幅限制的日换手率达到20%的前五只证券,3.34996436,-1.56806842,-2.20955096,
1058,600721,百花医药,2026-08-12,普通席位买入，成功率50.67%,14.03,10.0392,104370013.57,327626659.86,223256646.29,550883306.15,2692491930.0,3.876335241978,20.459979842911,34.4291,5395203319.05,非S证券连续三个交易日内收盘价格涨幅偏离值累计达到20%的证券,3.34996436,-1.56806842,-2.20955096,
1059,600721,百花医药,2026-08-12,普通席位买入，成功率51.06%,14.03,10.0392,149643072.72,320841224.51,171198151.79,492039376.3,1840794640.0,8.129264909202,26.729726695641,34.4291,5395203319.05,有价格涨跌幅限制的日收盘价格涨幅偏离值达到7%的前五只证券,3.34996436,-1.56806842,-2.20955096,
1060,600721,百花医药,2026-08-10,浙江资金买入，成功率38.12%,11.59,9.962,-58832335.88,141201057.12,200033393.0,341234450.12,1876263215.0,-3.135612072425,18.18691787975,1.3311,4456907089.65,非S证券连续三个交易日内收盘价格涨幅偏离值累计达到20%的证券,10.00862813,21.05263158,20.9663503,22.43313201
1061,600721,百花医药,2026-08-07,普通席位买入，成功率39.41%,10.54,10.0209,-63890335.98,39747302.94,103637638.92,143384941.86,628410380.0,-10.166976551215,22.817086799235,15.6205,4053132072.9,有价格涨跌幅限制的日收盘价格涨幅偏离值达到7%的前五只证券,9.96204934,20.96774194,31.02466793,25.71157495
1062,600721,百花医药,2026-08-06,浙江资金买入，成功率40.99%,9.58,9.9885,-41800891.86,136538272.12,178339163.98,314877436.1,1188527589.0,-3.517031682468,26.493069156681,32.7208,3683966343.3,有价格涨跌幅限制的日换手率达到20%的前五只证券,10.02087683,20.98121086,51.35699374,42.58872651
1063,600721,百花医药,2026-08-05,普通席位买入，成功率39.72%,8.71,9.9747,69501084.47,139171166.51,69670082.04,208841248.55,545248093.0,12.746690059492,38.302059416831,10.8226,3349409900.85,非S证券连续三个交易日内收盘价格涨幅偏离值累计达到20%的证券,9.98851894,21.01033295,61.07921929,57.52009185
1064,600722,金牛化工,2026-08-19,卖一主卖，成功率35.50%,12.84,-1.3825,-194945257.7,172502453.31,367447711.01,539950164.32,2206092961.0,-8.83667466178,24.475403977321,25.2125,8735304639.84,有价格涨跌幅限制的日价格振幅达到15%的前五只证券,3.1152648,10.20249221,,
1065,600722,金牛化工,2026-07-31,卖一主卖，成功率41.29%,10.74,-1.2868,16059269.65,210088456.64,194029186.99,404117643.63,1279566551.0,1.25505544338,31.582385716021,17.7508,7306633320.24,有价格涨跌幅限制的日价格振幅达到15%的前五只证券,0.65176909,3.81750466,5.95903166,5.02793296
1066,600722,金牛化工,2026-07-28,普通席位卖出，成功率51.48%,9.26,-10.0097,-3563044.28,10830496.0,14393540.28,25224036.28,123573774.0,-2.883333708008,20.412127479412,1.9616,6299760199.76,有价格涨跌幅限制的日收盘价格跌幅偏离值达到7%的前五只证券,10.04319654,17.49460043,20.41036717,30.99352052
1067,600722,金牛化工,2026-07-27,普通席位卖出，成功率26.80%,10.29,-9.9738,-3813371.1,13246317.0,17059688.1,30306005.1,152277594.0,-2.504223372481,19.901815036558,2.1752,7000489466.04,有价格涨跌幅限制的日收盘价格跌幅偏离值达到7%的前五只证券,-10.00971817,-0.9718173,5.05344995,21.67152575
1068,600730,*ST高科,2026-08-11,普通席位卖出，成功率42.34%,10.18,-9.9912,4227675.7,32531390.7,28303715.0,60835105.7,209353657.0,2.019394244448,29.058535003284,3.3486,5972158100.36,有价格涨跌幅限制的日收盘价格跌幅偏离值达到7%的前五只证券,3.6345776,-1.86640472,6.8762279,-7.76031434
1069,600733,北汽蓝谷,2026-08-06,1家机构卖出，成功率31.54%,5.57,-6.5436,-7417480.31999999,141524943.81,148942424.13,290467367.94,1054947672.0,-0.703113577751,27.533817614795,3.0753,33670348000.17,有价格涨跌幅限制的日收盘价格跌幅偏离值达到7%的前五只证券,-1.2567325,-1.97486535,-3.05206463,-6.46319569
1070,600733,北汽蓝谷,2026-07-29,1家机构买入，成功率42.77%,5.74,9.9617,100769810.09,369674524.49,268904714.4,638579238.89,1835774258.0,5.489226665581,34.78528125706,2.3662,31888729526.08,非S证券连续三个交易日内收盘价格涨幅偏离值累计达到20%的证券,3.83275261,4.87804878,3.83275261,-2.96167247
1071,600744,华银电力,2026-08-07,买一主买，成功率44.43%,7.88,10.0559,130730919.85,281522249.5,150791329.65,432313579.15,1491023167.0,8.767866438523,28.994424011522,9.9939,16005259279.12,有价格涨跌幅限制的日收盘价格涨幅偏离值达到7%的前五只证券,-1.9035533,-5.07614213,-10.78680203,-18.90862944
1072,600769,祥龙电业,2026-08-24,普通席位卖出，成功率42.73%,14.18,-7.6221,-46770575.0,37555418.0,84325993.0,121881411.0,288125717.0,-16.232697131995,42.30146904936,5.225,5317176696.0,有价格涨跌幅限制的日价格振幅达到15%的前五只证券,3.59661495,,,
1073,600775,南京熊猫,2026-07-28,普通席位买入，成功率45.87%,10.35,9.9894,20431497.93,79376390.6,58944892.67,138321283.27,916041753.0,2.230411208123,15.09988849493,8.4407,6953528775.15,非S证券连续三个交易日内收盘价格涨幅偏离值累计达到20%的证券,-6.95652174,-7.7294686,-3.67149758,-3.38164251
1074,600775,南京熊猫,2026-07-27,浙江资金买入，成功率43.18%,9.41,10.0585,29458307.35,48243444.0,18785136.65,67028580.65,342460172.0,8.601965938976,19.572664540389,5.5524,6322000557.89,有价格涨跌幅限制的日收盘价格涨幅偏离值达到7%的前五只证券,9.98937301,2.33793836,3.61317747,7.54516472
1075,600783,鲁信创投,2026-08-19,普通席位买入，成功率44.98%,20.19,10.0272,140775239.37,222389276.37,81614037.0,304003313.37,896876313.0,15.696170957968,33.895790195766,5.9692,15028614145.86,有价格涨跌幅限制的日收盘价格涨幅偏离值达到7%的前五只证券,-7.7761268,-15.30460624,,
1076,600785,新华百货,2026-08-25,普通席位买入，成功率38.71%,11.78,9.9907,-18180516.62,62703140.12,80883656.74,143586796.86,783600366.0,-2.320126101115,18.323982873178,22.5993,3721111069.76,有价格涨跌幅限制的日价格振幅达到15%的前五只证券,,,,
1077,600785,新华百货,2026-08-24,普通席位买入，成功率45.63%,10.71,9.9589,-8863483.0,50368807.0,59232290.0,109601097.0,219300977.0,-4.041697908168,49.977477756517,5.0154,3383115412.32,非S证券连续三个交易日内收盘价格涨幅偏离值累计达到20%的证券,9.99066293,,,
1078,600785,新华百货,2026-08-21,普通席位买入，成功率43.30%,9.74,10.0565,23191563.36,47289492.16,24097928.8,71387420.96,49663325.0,46.697564772395,143.742733616809,1.6142,3076708134.08,有价格涨跌幅限制的日收盘价格涨幅偏离值达到7%的前五只证券,9.95893224,20.94455852,,
1079,600800,渤海化学,2026-08-14,卖一主卖，成功率57.21%,3.59,-4.0107,-32806455.93,30025922.0,62832377.93,92858299.93,513465273.0,-6.389225845464,18.084630998989,12.3449,3983931475.44,有价格涨跌幅限制的日价格振幅达到15%的前五只证券,-1.94986072,-4.45682451,-6.1281337,
1080,600815,厦工股份,2026-08-10,普通席位买入，成功率44.86%,3.61,10.061,34949876.81,129730436.81,94780560.0,224510996.81,477831267.0,7.314271631789,46.985413537202,7.7268,6404481072.8,有价格涨跌幅限制的日收盘价格涨幅偏离值达到7%的前五只证券,-0.27700831,1.93905817,12.74238227,6.92520776
1081,600815,厦工股份,2026-08-04,1家机构买入，成功率42.68%,3.49,9.0625,-539109.899999976,182840103.52,183379213.42,366219316.94,1004431266.0,-0.053673149995,36.460366113295,10.9413,6191589735.2,非S证券连续三个交易日内收盘价格涨幅偏离值累计达到20%的证券,-3.72492837,-6.01719198,3.15186246,14.04011461
1082,600818,ST中路,2026-08-04,普通席位买入，成功率44.21%,7.12,7.3906,-17075583.43,38460601.62,55536185.05,93996786.67,198528197.0,-8.601087245053,47.346819288345,9.1227,1713546509.2,非S证券连续三个交易日内收盘价格涨幅偏离值累计达到20%的证券,0.28089888,4.21348315,2.66853933,-0.14044944
1083,600829,人民同泰,2026-08-17,普通席位卖出，成功率46.39%,11.54,-2.4514,-37328205.5,90723428.0,128051633.5,218775061.5,721430344.0,-5.174193989822,30.325181539633,10.7401,6691914409.38,有价格涨跌幅限制的日价格振幅达到15%的前五只证券,3.11958406,-7.19237435,-20.10398614,
1084,600829,人民同泰,2026-08-14,普通席位买入，成功率41.23%,11.83,10.0465,68557502.0,126306098.0,57748596.0,184054694.0,565271892.0,12.128234743361,32.56038317221,8.7878,6860082102.51,有价格涨跌幅限制的日收盘价格涨幅偏离值达到7%的前五只证券,-2.45139476,0.59171598,-18.68131868,
1085,600833,第一医药,2026-08-11,普通席位买入，成功率45.75%,12.11,9.9909,-6709218.43000001,71998791.16,78708009.59,150706800.75,590770769.0,-1.135672037626,25.510199329107,17.0487,2701575662.17,非S证券连续三个交易日内收盘价格涨幅偏离值累计达到20%的证券,3.13790256,-1.89925681,-6.77126342,-9.99174236
1086,600881,亚泰集团,2026-08-14,卖一主卖，成功率41.73%,2.18,-3.9648,-13812450.85,149142464.12,162954914.97,312097379.09,1722312761.0,-0.801971114815,18.120830673564,23.1411,7046089153.84,有价格涨跌幅限制的日价格振幅达到15%的前五只证券,1.37614679,-6.88073394,-10.09174312,
1087,600881,亚泰集团,2026-08-13,普通席位买入，成功率47.55%,2.27,10.1942,28989232.3,106238707.3,77249475.0,183488182.3,639190457.0,4.535304302893,28.706339447117,8.8919,7336982742.76,有价格涨跌幅限制的日收盘价格涨幅偏离值达到7%的前五只证券,-3.96475771,-2.64317181,-12.33480176,
1088,600881,亚泰集团,2026-08-12,普通席位买入，成功率39.85%,2.06,10.1604,10891077.73,96376900.8,85485823.07,181862723.87,755997415.0,1.440623673297,24.055998110787,11.9022,6658231035.28,有价格涨跌幅限制的日收盘价格涨幅偏离值达到7%的前五只证券,10.19417476,5.82524272,-8.73786408,
1089,600881,亚泰集团,2026-08-12,买一主买，成功率36.89%,2.06,10.1604,24528368.92,135421745.8,110893376.88,246315122.68,1062694639.0,2.308129543505,23.178353747205,11.9022,6658231035.28,非S证券连续三个交易日内收盘价格涨幅偏离值累计达到20%的证券,10.19417476,5.82524272,-8.73786408,
1090,600892,大晟文化,2026-08-10,普通席位卖出，成功率38.68%,3.82,-7.2816,-21348992.0,41467875.0,62816867.0,104284742.0,477031200.0,-4.475386934859,21.861199435173,22.1582,2136600627.52,有价格涨跌幅限制的日收盘价格跌幅偏离值达到7%的前五只证券,2.61780105,6.02094241,2.87958115,-1.04712042
1091,600892,大晟文化,2026-08-07,普通席位卖出，成功率37.55%,4.12,-10.0437,4120746.0,27283357.0,23162611.0,50445968.0,139280930.0,2.958585931326,36.218862122762,5.8931,2304396488.32,有价格涨跌幅限制的日收盘价格跌幅偏离值达到7%的前五只证券,-7.2815534,-4.85436893,-8.49514563,-7.03883495
1092,600892,大晟文化,2026-08-06,普通席位买入，成功率41.88%,4.58,10.0962,-38838317.0,66054006.0,104892323.0,170946329.0,656784579.0,-5.913402695772,26.027762293122,25.9887,2561683474.88,有价格涨跌幅限制的日收盘价格涨幅偏离值达到7%的前五只证券,-10.04366812,-16.59388646,-15.72052402,-18.12227074
1093,600892,大晟文化,2026-08-06,普通席位买入，成功率41.88%,4.58,10.0962,-38838317.0,66054006.0,104892323.0,170946329.0,656784579.0,-5.913402695772,26.027762293122,25.9887,2561683474.88,有价格涨跌幅限制的日换手率达到20%的前五只证券,-10.04366812,-16.59388646,-15.72052402,-18.12227074
1094,600892,大晟文化,2026-08-05,买一主买，成功率38.93%,4.16,10.0529,268376.0,49702192.0,49433816.0,99136008.0,245783060.0,0.109192228301,40.33476025565,5.4179,2326769269.76,非S证券连续三个交易日内收盘价格涨幅偏离值累计达到20%的证券,10.09615385,-0.96153846,-2.64423077,-11.29807692
1095,600892,大晟文化,2026-08-05,普通席位买入，成功率29.63%,4.16,10.0529,-15378793.0,22469450.0,37848243.0,60317693.0,125220819.0,-12.281338776422,48.169061248513,5.4179,2326769269.76,有价格涨跌幅限制的日收盘价格涨幅偏离值达到7%的前五只证券,10.09615385,-0.96153846,-2.64423077,-11.29807692
1096,600909,华安证券,2026-07-27,普通席位卖出，成功率42.13%,8.16,-9.434,-9646166.63999999,200258713.53,209904880.17,410163593.7,2515224078.0,-0.383511223687,16.307238678557,6.1059,40997547708.48,有价格涨跌幅限制的日收盘价格跌幅偏离值达到7%的前五只证券,-9.06862745,-5.39215686,-6.12745098,0.98039216
1097,600936,北投科技,2026-08-17,卖一主卖，成功率23.97%,5.01,-6.5299,7033907.22,57882931.29,50849024.07,108731955.36,577550340.0,1.217886430471,18.826403142625,6.8534,8371841457.39,有价格涨跌幅限制的日收盘价格跌幅偏离值达到7%的前五只证券,-1.99600798,-5.78842315,-7.58483034,
1098,600936,北投科技,2026-08-14,卖一主卖，成功率37.33%,5.36,-10.0671,-33927896.56,54268334.1,88196230.66,142464564.76,752032254.0,-4.511494870006,18.943943428256,8.1596,8956700641.04,有价格涨跌幅限制的日收盘价格跌幅偏离值达到7%的前五只证券,-6.52985075,-8.39552239,-7.8358209,
1099,600962,国投中鲁,2026-08-07,普通席位卖出，成功率42.55%,28.19,-7.6041,-83750254.0,112034971.0,195785225.0,307820196.0,760383389.0,-11.014214041438,40.482235731744,9.9844,7391699900.0,有价格涨跌幅限制的日收盘价格跌幅偏离值达到7%的前五只证券,-0.14189429,2.19936148,-8.69102519,-9.79070592
1100,600984,建设机械,2026-08-10,普通席位买入，成功率46.86%,4.49,10.049,8828010.90000001,75836936.4,67008925.5,142845861.9,335609941.0,2.630437845105,42.563060401122,6.0732,5644127223.25,有价格涨跌幅限制的日收盘价格涨幅偏离值达到7%的前五只证券,10.02227171,,,
1101,600988,赤峰黄金,2026-08-11,4家机构卖出，成功率42.64%,40.3,-7.8436,-391915865.56,1111746575.22,1503662440.78,2615409016.0,5167809411.0,-7.58379101067,50.609626013547,7.3334,67055628533.4,有价格涨跌幅限制的日价格振幅达到15%的前五只证券,1.68734491,-4.06947891,4.73945409,18.2630273
1102,601003,柳钢股份,2026-07-30,普通席位买入，成功率52.75%,4.19,9.9738,38388862.16,81600202.0,43211339.84,124811541.84,265414185.0,14.463756773211,47.025196426483,1.4781,10738103508.0,非S证券连续三个交易日内收盘价格涨幅偏离值累计达到20%的证券,-1.67064439,-4.77326969,-6.44391408,-11.93317422
1103,601003,柳钢股份,2026-07-29,买一主买，成功率48.61%,3.81,10.1156,30082588.0,43384263.0,13301675.0,56685938.0,109973506.0,27.354395703271,51.545085777296,1.1729,9764242092.0,有价格涨跌幅限制的日收盘价格涨幅偏离值达到7%的前五只证券,9.97375328,8.13648294,4.19947507,0.0
1104,601011,宝泰隆,2026-08-21,普通席位卖出，成功率50.51%,2.88,-10.0,-10342380.0,19052407.0,29394787.0,48447194.0,182243574.0,-5.675031373123,26.58375982025,3.3029,5517113872.32,有价格涨跌幅限制的日收盘价格跌幅偏离值达到7%的前五只证券,4.16666667,2.08333333,,
1105,601011,宝泰隆,2026-08-20,买一主买，成功率42.74%,3.2,5.2632,-48741136.95,208966292.03,257707428.98,466673721.01,1477030358.0,-3.299941445753,31.595404825796,15.6704,6130126524.8,非S证券连续三个交易日内收盘价格涨幅偏离值累计达到20%的证券,-10.0,-6.25,,
1106,601011,宝泰隆,2026-08-19,买一主买，成功率50.92%,3.04,10.1449,134882343.0,134882343.0,,134882343.0,220941870.0,61.048792155149,61.048792155149,3.8014,5823620198.56,单只标的证券的当日融资买入数量达到当日该证券总交易量的50％以上,5.26315789,-5.26315789,,
1107,601011,宝泰隆,2026-08-19,买一主买，成功率32.43%,3.04,10.1449,135091494.4,159762768.56,24671274.16,184434042.72,220941870.0,61.143455697193,83.476274877188,3.8014,5823620198.56,有价格涨跌幅限制的日收盘价格涨幅偏离值达到7%的前五只证券,5.26315789,-5.26315789,,
1108,601015,陕西黑猫,2026-08-19,普通席位买入，成功率47.33%,3.71,10.089,46006645.56,119421508.1,73414862.54,192836370.64,565578257.0,8.13444381756,34.095435645434,7.6814,7577666240.69,有价格涨跌幅限制的日收盘价格涨幅偏离值达到7%的前五只证券,-2.96495957,-4.04312668,,
1109,601069,西部黄金,2026-08-25,1家机构卖出，成功率40.82%,31.38,-7.9225,3928115.96000001,168720748.83,164792632.87,333513381.7,1482538328.0,0.26495881326,22.496105186698,5.259,27839973341.34,有价格涨跌幅限制的日收盘价格跌幅偏离值达到7%的前五只证券,,,,
1110,601101,昊华能源,2026-08-06,普通席位买入，成功率38.33%,12.72,10.0346,-21419911.57,62336870.83,83756782.4,146093653.23,385607354.0,-5.554850380265,37.886635644921,2.1479,18316773618.72,有价格涨跌幅限制的日收盘价格涨幅偏离值达到7%的前五只证券,6.13207547,5.2672956,-1.17924528,0.23584906
1111,601133,柏诚股份,2026-07-30,卖一主卖，成功率41.36%,23.54,-10.0153,25095883.22,313634187.76,288538304.54,602172492.3,1349177200.0,1.860088001784,44.632572526426,2.6797,12344063953.76,非S证券连续三个交易日内收盘价格跌幅偏离值累计达到20%的证券,1.65675446,-6.96686491,7.90144435,11.1299915
1112,601208,东材科技,2026-08-06,1家机构买入，成功率42.43%,41.76,6.1785,-186916479.28,1309130371.74,1496046851.02,2805177222.76,8286932628.0,-2.255556882995,33.85060973323,9.5563,42185239699.68,非S证券连续三个交易日内收盘价格涨幅偏离值累计达到20%的证券,10.00957854,8.66858238,12.35632184,9.48275862
1113,601208,东材科技,2026-07-30,卖一主卖，成功率41.43%,33.26,-9.1257,-57899957.26,1635021109.67,1692921066.93,3327942176.6,7868488840.0,-0.735845960226,42.294552922058,7.6447,33598684684.18,非S证券连续三个交易日内收盘价格跌幅偏离值累计达到20%的证券,3.21707757,-2.28502706,25.55622369,41.07035478
1114,601208,东材科技,2026-07-28,1家机构卖出，成功率42.22%,38.94,-10.0069,-226981656.45,310401014.31,537382670.76,847783685.07,2157374853.0,-10.521196913664,39.297004129398,5.2752,39336523800.42,有价格涨跌幅限制的日收盘价格跌幅偏离值达到7%的前五只证券,-6.00924499,-14.5865434,-8.1920904,22.41910632
1115,601212,白银有色,2026-08-24,买一主买，成功率42.85%,6.7,10.0164,180406907.5,456427725.95,276020818.45,732448544.4,3473797043.0,5.19336349438,21.084955031439,2.9519,49611989223.7,非S证券连续三个交易日内收盘价格涨幅偏离值累计达到20%的证券,-1.79104478,,,
1116,601218,吉鑫科技,2026-07-27,普通席位买入，成功率44.84%,4.47,10.0985,13752640.12,20816139.0,7063498.88,27879637.88,89904462.0,15.296949466201,31.010293882855,2.1133,4331579798.64,有价格涨跌幅限制的日收盘价格涨幅偏离值达到7%的前五只证券,4.02684564,2.23713647,4.69798658,4.69798658
1117,601231,环旭电子,2026-08-06,2家机构买入，成功率41.95%,27.52,6.0092,272077406.81,861772404.13,589694997.32,1451467401.45,3454421306.0,7.876207987064,42.017671640947,3.0891,65743509858.56,非S证券连续三个交易日内收盘价格涨幅偏离值累计达到20%的证券,0.32703488,0.58139535,-1.09011628,-0.90843023
1118,601579,会稽山,2026-08-14,买一主买，成功率45.73%,18.68,7.0487,1511685.09999999,250517289.06,249005603.96,499522893.02,1645691802.0,0.091857120401,30.353368256008,11.9852,8956376480.12,非S证券连续三个交易日内收盘价格涨幅偏离值累计达到20%的证券,-0.64239829,0.42826552,-0.10706638,
1119,601606,长城军工,2026-07-28,普通席位卖出，成功率39.90%,33.55,-4.8497,-95461580.39,326337212.86,421798793.25,748136006.11,3232335438.0,-2.953331491148,23.145370289072,12.7105,24297862820.0,有价格涨跌幅限制的日价格振幅达到15%的前五只证券,-0.6557377,6.25931446,-0.1490313,6.16989568
1120,601609,金田股份,2026-08-14,买一主买，成功率43.22%,10.95,10.0503,85686672.19,150083971.3,64397299.11,214481270.41,636052606.0,13.471632909244,33.720681023356,3.4249,18928588213.35,有价格涨跌幅限制的日收盘价格涨幅偏离值达到7%的前五只证券,6.94063927,9.13242009,20.82191781,
1121,601616,广电电气,2026-07-30,普通席位买入，成功率45.60%,3.8,10.1449,-11850549.8,27032205.0,38882754.8,65914959.8,203887724.0,-5.81229196516,32.32904782438,6.349,3243966212.2,有价格涨跌幅限制的日收盘价格涨幅偏离值达到7%的前五只证券,-3.68421053,2.63157895,-2.10526316,-2.10526316
1122,601619,嘉泽新能,2026-08-13,1家机构卖出，成功率45.29%,4.47,-9.697,-204609991.21,72790502.64,277400493.85,350190996.49,771089391.0,-26.535184324693,45.415097208879,6.75,11018043942.36,有价格涨跌幅限制的日收盘价格跌幅偏离值达到7%的前五只证券,-3.3557047,-1.78970917,-8.27740492,
1123,601678,滨化股份,2026-07-27,买一主买，成功率41.88%,7.06,7.9511,264327961.67,873369284.91,609041323.24,1482410608.15,7347257633.0,3.597641118269,20.176379843981,22.1327,14425954108.56,非S证券连续三个交易日内收盘价格涨幅偏离值累计达到20%的证券,-7.93201133,-6.94050992,-12.88951841,5.2407932
1124,601678,滨化股份,2026-07-27,上海资金买入，成功率42.44%,7.06,7.9511,24977434.62,412193146.61,387215711.99,799408858.6,3070229026.0,0.813536528008,26.037434075122,22.1327,14425954108.56,有价格涨跌幅限制的日换手率达到20%的前五只证券,-7.93201133,-6.94050992,-12.88951841,5.2407932
1125,601700,风范股份,2026-08-24,普通席位买入，成功率37.70%,7.71,9.9857,175316660.16,294145470.9,118828810.74,412974281.64,1221491321.0,14.352673420264,33.809022998371,14.5429,8779818783.0,有价格涨跌幅限制的日价格振幅达到15%的前五只证券,-2.59403372,,,
1126,601700,风范股份,2026-08-17,普通席位买入，成功率49.43%,7.22,10.061,108786620.86,257840532.92,149053912.06,406894444.98,1289058728.0,8.439229221836,31.565237187549,16.3232,8221827706.0,有价格涨跌幅限制的日收盘价格涨幅偏离值达到7%的前五只证券,1.2465374,-5.5401662,6.7867036,
1127,601700,风范股份,2026-08-10,买一主买，成功率38.43%,7.08,9.9379,135524277.7,299081318.0,163557040.3,462638358.3,1880022839.0,7.20865060193,24.608124364387,23.8234,8062401684.0,有价格涨跌幅限制的日换手率达到20%的前五只证券,-2.54237288,7.20338983,1.97740113,8.89830508
1128,601700,风范股份,2026-08-07,普通席位卖出，成功率36.29%,6.44,-10.0559,-14791431.0,71736964.0,86528395.0,158265359.0,643757044.0,-2.297672877969,24.584641127438,8.6247,7333597012.0,有价格涨跌幅限制的日收盘价格跌幅偏离值达到7%的前五只证券,9.9378882,7.14285714,1.86335404,8.85093168
1129,601700,风范股份,2026-08-04,普通席位买入，成功率45.39%,5.92,10.0372,50873235.26,80586877.14,29713641.88,110300519.02,542099641.0,9.384480529475,20.346908700499,5.3565,6741443216.0,非S证券连续三个交易日内收盘价格涨幅偏离值累计达到20%的证券,9.96621622,20.94594595,16.55405405,23.47972973
1130,601700,风范股份,2026-08-04,普通席位买入，成功率36.97%,5.92,10.0372,37908535.7,59742967.14,21834431.44,81577398.58,351291921.0,10.79117777377,23.222110644554,5.3565,6741443216.0,有价格涨跌幅限制的日收盘价格涨幅偏离值达到7%的前五只证券,9.96621622,20.94594595,16.55405405,23.47972973
1131,601858,中国科传,2026-08-04,买一主买，成功率43.53%,23.94,10.0184,74924120.17,179660751.55,104736631.38,284397382.93,1117700830.0,6.703414559511,25.444857451703,2.7924,18924570000.0,非S证券连续三个交易日内收盘价格涨幅偏离值累计达到20%的证券,5.93149541,9.77443609,2.67335004,-1.42021721
1132,601865,福莱特,2026-08-07,1家机构买入，成功率41.39%,11.75,10.0187,85921984.13,148214921.6,62292937.47,210507859.07,561153802.0,15.311663901014,37.513397988169,2.5822,22337050130.25,有价格涨跌幅限制的日收盘价格涨幅偏离值达到7%的前五只证券,-4.85106383,-5.36170213,-8.5106383,-10.12765957
1133,601869,长飞光纤,2026-08-25,4家机构买入，成功率40.83%,394.5,4.0376,141065912.19,855679964.6,714614052.41,1570294017.01,8066645578.0,1.748755549329,19.46650564756,5.1443,160300464873.0,有价格涨跌幅限制的日价格振幅达到15%的前五只证券,,,,
1134,601869,长飞光纤,2026-08-06,买一主买，成功率42.79%,328.25,5.0736,-308270326.87,1782290871.38,2090561198.25,3872852069.63,14643196167.0,-2.105212027172,26.448133491224,4.6733,133380551570.5,非S证券连续三个交易日内收盘价格涨幅偏离值累计达到20%的证券,3.18050267,4.5209444,2.82102056,9.06321401
1135,601869,长飞光纤,2026-08-05,买一主买，成功率45.38%,312.4,10.0,183265413.38,756384821.74,573119408.36,1329504230.1,4609200477.0,3.976078157036,28.844573733216,3.8672,126940089293.6,有价格涨跌幅限制的日价格振幅达到15%的前五只证券,5.07362356,8.41549296,10.68822023,10.51216389
1136,601869,长飞光纤,2026-07-30,上海资金卖出，成功率41.17%,262.66,-6.759,-136005.900000095,2078970482.05,2079106487.95,4158076970.0,11752742807.0,-0.001157226889,35.379630425703,3.5473,106728821555.24,非S证券连续三个交易日内收盘价格跌幅偏离值累计达到20%的证券,3.36556765,-0.13705932,24.97144598,28.49691617
1137,601872,招商轮船,2026-08-11,3家机构卖出，成功率42.51%,16.48,-9.3509,-4770006.73000002,525991472.84,530761479.57,1056752952.41,2849496171.0,-0.167398250208,37.085607033441,2.055,133068394512.96,有价格涨跌幅限制的日收盘价格跌幅偏离值达到7%的前五只证券,3.27669903,3.94417476,9.10194175,14.25970874
1138,601886,江河集团,2026-08-17,1家机构买入，成功率44.27%,12.75,8.5106,-12148244.94,230234369.18,242382614.12,472616983.3,1599366444.0,-0.759566076028,29.550262547587,4.1021,14445776265.0,非S证券连续三个交易日内收盘价格涨幅偏离值累计达到20%的证券,-0.15686275,-0.23529412,3.76470588,
1139,601886,江河集团,2026-08-12,1家机构买入，成功率44.04%,10.48,9.9685,-30215463.68,103447126.4,133662590.08,237109716.48,639376882.0,-4.72576731043,37.084499479917,2.5124,11873861588.8,非S证券连续三个交易日内收盘价格涨幅偏离值累计达到20%的证券,10.01908397,12.11832061,21.3740458,
1140,603009,北特科技,2026-08-13,买一主买，成功率43.90%,48.5,4.729,-19487662.06,398923749.02,418411411.08,817335160.1,2249139749.0,-0.866449586722,36.339901087222,5.3972,16799906027.5,非S证券连续三个交易日内收盘价格涨幅偏离值累计达到20%的证券,-1.05154639,-0.10309278,-7.21649485,
1141,603011,合锻智能,2026-08-10,1家机构买入，成功率42.82%,23.95,5.5996,-66989943.76,421682046.31,488671990.07,910354036.38,2654998952.0,-2.523162719501,34.288301157115,22.7389,11841225766.15,有价格涨跌幅限制的日换手率达到20%的前五只证券,0.41753653,4.42588727,11.39874739,-5.26096033
1142,603011,合锻智能,2026-08-04,1家机构买入，成功率41.38%,19.44,4.5161,-119073612.4,266245690.15,385319302.55,651564992.7,1912158215.0,-6.227184103592,34.074847342065,20.268,9611416655.28,有价格涨跌幅限制的日换手率达到20%的前五只证券,4.37242798,6.06995885,23.71399177,30.86419753
1143,603021,*ST华鹏,2026-08-18,卖一主卖，成功率35.46%,5.24,-9.1854,-1997616.8,21198709.2,23196326.0,44395035.2,91909327.0,-2.173464723553,48.303079403465,5.331,1676527886.8,有价格涨跌幅限制的日收盘价格跌幅偏离值达到7%的前五只证券,0.0,0.19083969,4.00763359,
1144,603039,泛微网络,2026-08-06,普通席位买入，成功率43.47%,49.1,9.991,67581870.8000001,858448644.82,790866774.02,1649315418.84,6432737836.0,1.050592648464,25.639400530359,12.7276,15105082068.6,非S证券连续三个交易日内收盘价格涨幅偏离值累计达到20%的证券,-7.16904277,-7.63747454,-5.58044807,-12.52545825
1145,603039,泛微网络,2026-07-31,买一主买，成功率41.29%,37.42,9.9941,91096273.0,283850994.06,192754721.06,476605715.12,1618427555.0,5.628690188731,29.448690097222,7.7521,11511856843.32,非S证券连续三个交易日内收盘价格涨幅偏离值累计达到20%的证券,6.06627472,10.84981293,21.80652058,19.98931053
1146,603061,金海通,2026-08-06,2家机构买入，成功率42.19%,307.73,5.0775,65878155.92,644933433.0,579055277.08,1223988710.08,2825213606.0,2.331793807735,43.323758156926,6.1634,26772510000.0,非S证券连续三个交易日内收盘价格涨幅偏离值累计达到20%的证券,2.91489293,3.98401196,9.83004582,14.95791766
1147,603065,宿迁联盛,2026-08-05,买一主买，成功率44.65%,15.51,6.6713,-5210369.75,259251346.25,264461716.0,523713062.25,2236425395.0,-0.232977579384,23.417417071943,11.6958,6498187041.72,非S证券连续三个交易日内收盘价格涨幅偏离值累计达到20%的证券,1.67633785,4.06189555,8.96196003,5.09348807
1148,603065,宿迁联盛,2026-07-31,普通席位卖出，成功率34.15%,12.76,-1.9216,-12802868.18,148166479.78,160969347.96,309135827.74,1468410246.0,-0.871886328421,21.052415602663,11.4967,5346026218.72,非S证券连续三个交易日内收盘价格跌幅偏离值累计达到20%的证券,8.07210031,13.94984326,26.48902821,25.78369906
1149,603065,宿迁联盛,2026-07-29,普通席位卖出，成功率41.79%,14.45,-10.0249,-10225.8999999985,28425366.0,28435591.9,56860957.9,206812771.0,-0.004944520568,27.493929714814,3.3589,6054081415.4,有价格涨跌幅限制的日收盘价格跌幅偏离值达到7%的前五只证券,-9.96539792,-11.69550173,7.33564014,16.9550173
1150,603065,宿迁联盛,2026-07-28,普通席位买入，成功率39.32%,16.06,3.2797,9915691.12000001,172868433.65,162952742.53,335821176.18,2103742720.0,0.471335730635,15.96303449977,11.5033,6728619206.32,非S证券连续三个交易日内收盘价格涨幅偏离值累计达到20%的证券,-10.0249066,-18.99128269,-9.46450809,5.91531756
1151,603065,宿迁联盛,2026-07-27,买一主买，成功率42.93%,15.55,5.7823,29193606.02,78708125.8,49514519.78,128222645.58,668017006.0,4.370189045756,19.194518167701,10.8313,6514945744.6,有价格涨跌幅限制的日价格振幅达到15%的前五只证券,3.27974277,-7.07395498,-11.31832797,14.14790997
1152,603078,江化微,2026-08-06,上海资金买入，成功率41.97%,34.19,10.0064,-17611698.49,291652053.6,309263752.09,600915805.69,1931670214.0,-0.911734226803,31.108612709084,8.4811,13184937509.12,非S证券连续三个交易日内收盘价格涨幅偏离值累计达到20%的证券,6.37613337,6.05440187,6.5808716,3.18806669
1153,603082,北自科技,2026-07-28,普通席位买入，成功率44.87%,38.49,3.218,-32603367.31,63796925.15,96400292.46,160197217.61,387730784.0,-8.408764187782,41.316610447418,24.8808,1561035081.0,有价格涨跌幅限制的日换手率达到20%的前五只证券,-4.41673162,-3.16965446,-6.20940504,7.63834762
1154,603082,北自科技,2026-07-27,普通席位买入，成功率30.74%,37.29,10.0,22777982.22,126346864.88,103568882.66,229915747.54,563762549.0,4.040350367438,40.782373349884,10.7231,1512366801.0,非S证券连续三个交易日内收盘价格涨幅偏离值累计达到20%的证券,3.21802092,-1.34084205,-4.18342719,7.34781443
1155,603083,剑桥科技,2026-08-14,买一主买，成功率47.05%,185.9,10.0,24274943.5799999,2211441289.02,2187166345.44,4398607634.46,16930336658.0,0.143381340078,25.980627103369,14.4352,51231878540.7,非S证券连续三个交易日内收盘价格涨幅偏离值累计达到20%的证券,2.31845078,0.08068854,-2.65196342,
1156,603083,剑桥科技,2026-07-30,卖一主卖，成功率41.30%,130.13,-10.0007,61593008.8699999,1634628135.09,1573035126.22,3207663261.31,9750657952.0,0.631680540669,32.896890416016,8.939,35862314978.49,非S证券连续三个交易日内收盘价格跌幅偏离值累计达到20%的证券,0.09221548,3.87305003,17.4210405,29.87012987
1157,603089,正裕工业,2026-08-24,普通席位买入，成功率51.67%,10.53,10.0313,25667265.79,33135394.35,7468128.56,40603522.91,111102288.0,23.102373724293,36.546072669539,4.4949,2527550312.04,有价格涨跌幅限制的日收盘价格涨幅偏离值达到7%的前五只证券,5.31813865,,,
1158,603089,正裕工业,2026-08-18,北京资金买入，成功率40.43%,11.8,9.972,13405581.59,38583397.0,25177815.41,63761212.41,183903009.0,7.289484638068,34.671108839769,2.0031,2832392562.4,非S证券连续三个交易日内收盘价格涨幅偏离值累计达到20%的证券,-10.0,-15.25423729,-6.01694915,
1159,603089,正裕工业,2026-08-17,买一主买，成功率44.55%,10.73,10.0513,7772479.72,19260266.0,11487786.28,30748052.28,68333942.0,11.37425925172,44.996748877739,2.6791,2575556965.64,有价格涨跌幅限制的日收盘价格涨幅偏离值达到7%的前五只证券,9.97204101,-1.02516309,-1.8639329,
1160,603089,正裕工业,2026-08-14,普通席位买入，成功率41.59%,9.75,10.0451,5528692.59,18605138.0,13076445.41,31681583.41,58832130.0,9.397403408648,53.850818268861,2.5763,2340324363.0,有价格涨跌幅限制的日收盘价格涨幅偏离值达到7%的前五只证券,10.05128205,21.02564103,-1.84615385,
1161,603097,江苏华辰,2026-07-27,普通席位买入，成功率40.67%,16.89,10.0326,-6772096.31,35750136.57,42522232.88,78272369.45,145447062.0,-4.656055761374,53.815022712525,3.9184,3794790611.52,有价格涨跌幅限制的日收盘价格涨幅偏离值达到7%的前五只证券,2.84191829,4.97335702,11.13084665,27.11663706
1162,603102,百合股份,2026-08-18,2家机构卖出，成功率48.29%,41.6,-4.1695,-21265587.05,35116378.67,56381965.72,91498344.39,400652735.0,-5.307735400833,22.837319303461,13.9971,2662400000.0,有价格涨跌幅限制的日价格振幅达到15%的前五只证券,10.0,6.08173077,-3.65384615,
1163,603102,百合股份,2026-08-10,买一主买，成功率41.47%,39.75,5.9717,-8231048.0,31292912.0,39523960.0,70816872.0,220306490.0,-3.736180445705,32.144705314855,9.2489,2544000000.0,有价格涨跌幅限制的日价格振幅达到15%的前五只证券,-3.82389937,5.78616352,9.20754717,-4.98113208
1164,603106,恒银科技,2026-08-07,卖一主卖，成功率33.19%,9.04,-9.9602,-79178061.6,34956277.0,114134338.6,149090615.6,649054661.0,-12.198982051529,22.970425228947,13.6892,4705500800.0,有价格涨跌幅限制的日收盘价格跌幅偏离值达到7%的前五只证券,-6.0840708,3.31858407,-4.6460177,-18.5840708
1165,603106,恒银科技,2026-08-06,普通席位买入，成功率45.84%,10.04,9.9671,62795431.61,170237353.63,107441922.02,277679275.65,1163964192.0,5.394962494688,23.856341763648,23.4331,5226020800.0,有价格涨跌幅限制的日价格振幅达到15%的前五只证券,-9.96015936,-15.43824701,-10.75697211,-28.187251
1166,603106,恒银科技,2026-08-06,普通席位买入，成功率45.84%,10.04,9.9671,62795431.61,170237353.63,107441922.02,277679275.65,1163964192.0,5.394962494688,23.856341763648,23.4331,5226020800.0,有价格涨跌幅限制的日换手率达到20%的前五只证券,-9.96015936,-15.43824701,-10.75697211,-28.187251
1167,603106,恒银科技,2026-08-03,普通席位买入，成功率30.38%,8.22,10.0402,31826992.92,56584533.23,24757540.31,81342073.54,160610532.0,19.816255212952,50.645541439337,1.6746,4278674400.0,非S证券连续三个交易日内收盘价格涨幅偏离值累计达到20%的证券,9.9756691,11.07055961,3.28467153,0.60827251
1168,603113,金能科技,2026-08-25,上海资金买入，成功率44.30%,5.48,10.0402,20833620.0,46023335.0,25189715.0,71213050.0,188585335.0,11.04731712039,37.76171142894,4.1936,4649728575.68,有价格涨跌幅限制的日收盘价格涨幅偏离值达到7%的前五只证券,,,,
1169,603113,金能科技,2026-08-20,2家机构买入，成功率43.63%,5.55,7.767,21897095.6,102366025.22,80468929.62,182834954.84,608106919.0,3.600862762096,30.066251365905,9.3304,4709122918.8,非S证券连续三个交易日内收盘价格涨幅偏离值累计达到20%的证券,-8.28828829,-10.27027027,,
1170,603113,金能科技,2026-08-19,2家机构买入，成功率44.70%,5.15,10.0427,35663703.94,59457350.86,23793646.92,83250997.78,187294643.0,19.041497059796,44.449214588588,4.4652,4369726672.4,有价格涨跌幅限制的日收盘价格涨幅偏离值达到7%的前五只证券,7.76699029,-1.16504854,,
1171,603115,海星股份,2026-08-06,3家机构买入，成功率41.27%,79.93,3.0291,-165780081.0,442651862.0,608431943.0,1051083805.0,2069734102.0,-8.009728439987,50.783518713072,5.2519,19549487218.0,非S证券连续三个交易日内收盘价格涨幅偏离值累计达到20%的证券,-0.13762042,-2.16439384,-2.81496309,-3.2153134
1172,603118,共进股份,2026-08-24,普通席位卖出，成功率42.86%,16.01,-10.0056,67800318.43,227211095.78,159410777.35,386621873.13,1849921612.0,3.665037371865,20.89936517429,14.3032,12604295260.06,有价格涨跌幅限制的日收盘价格跌幅偏离值达到7%的前五只证券,1.49906309,,,
1173,603118,共进股份,2026-08-18,普通席位卖出，成功率43.98%,19.01,-1.6046,29774052.8,741300137.31,711526084.51,1452826221.82,4393371028.0,0.67770403661,33.068598407938,29.0759,14966124478.06,有价格涨跌幅限制的日换手率达到20%的前五只证券,-9.99473961,-10.57338243,-14.51867438,
1174,603118,共进股份,2026-08-14,买一主买，成功率46.14%,17.56,10.0251,228506279.9,465881719.73,237375439.83,703257159.56,3674103882.0,6.219374498894,19.14091659208,14.306,13824573689.36,非S证券连续三个交易日内收盘价格涨幅偏离值累计达到20%的证券,10.02277904,8.25740319,1.30979499,
1175,603118,共进股份,2026-08-14,普通席位买入，成功率48.44%,17.56,10.0251,78943527.8,256326720.16,177383192.36,433709912.52,1949605839.0,4.04920452231,22.246030651122,14.306,13824573689.36,有价格涨跌幅限制的日收盘价格涨幅偏离值达到7%的前五只证券,10.02277904,8.25740319,1.30979499,
1176,603118,共进股份,2026-08-03,上海资金卖出，成功率37.66%,13.18,-9.1661,97582298.78,606831598.73,509249299.95,1116080898.68,5622208862.0,1.735657660098,19.851288453965,17.2559,10376303031.08,非S证券连续三个交易日内收盘价格跌幅偏离值累计达到20%的证券,3.41426404,9.25644917,11.38088012,46.58573596
1177,603118,共进股份,2026-07-31,上海资金卖出，成功率33.44%,14.51,-3.1375,-135353627.32,147243349.41,282596976.73,429840326.14,2468692958.0,-5.482805258604,17.411656024175,20.9621,11423380651.06,有价格涨跌幅限制的日换手率达到20%的前五只证券,-9.16609235,-6.06478291,1.30944176,21.01998622
1178,603118,共进股份,2026-07-29,上海资金卖出，成功率39.47%,16.64,-3.8706,65984467.95,380005610.45,314021142.5,694026752.95,3218130418.0,2.050397571861,21.566147508134,24.6689,13100279395.84,有价格涨跌幅限制的日换手率达到20%的前五只证券,-9.97596154,-12.80048077,-13.46153846,-12.80048077
1179,603118,共进股份,2026-07-28,普通席位买入，成功率45.29%,17.31,6.8519,-94533673.87,301707441.48,396241115.35,697948556.83,3662996256.0,-2.580774515266,19.05403413085,27.3922,13627754587.86,有价格涨跌幅限制的日价格振幅达到15%的前五只证券,-3.87059503,-13.4604275,-21.25938764,-15.13575968
1180,603118,共进股份,2026-07-28,普通席位买入，成功率45.29%,17.31,6.8519,-94533673.87,301707441.48,396241115.35,697948556.83,3662996256.0,-2.580774515266,19.05403413085,27.3922,13627754587.86,有价格涨跌幅限制的日换手率达到20%的前五只证券,-3.87059503,-13.4604275,-21.25938764,-15.13575968
1181,603119,浙江荣泰,2026-08-04,2家机构买入，成功率40.24%,52.09,6.7856,22612056.4,523043883.73,500431827.33,1023475711.06,2455062741.0,0.921037822064,41.688372927004,3.1129,24631275733.12,非S证券连续三个交易日内收盘价格涨幅偏离值累计达到20%的证券,3.11000192,2.89882895,8.38932617,6.64234978
1182,603122,合富中国,2026-08-06,买一主买，成功率27.19%,12.39,10.0355,16669990.0,84910241.0,68240251.0,153150492.0,312219967.0,5.339181270236,49.052113313432,6.6112,4931872122.87,有价格涨跌幅限制的日收盘价格涨幅偏离值达到7%的前五只证券,0.0,1.85633575,0.88781275,1.1299435
1183,603123,翠微股份,2026-08-06,买一主买，成功率30.47%,10.07,10.0546,-5709247.97,45154255.78,50863503.75,96017759.53,419857707.0,-1.359805447135,22.869119210905,6.5809,6568418806.43,有价格涨跌幅限制的日收盘价格涨幅偏离值达到7%的前五只证券,-5.06454816,-2.08540218,-7.64647468,-8.34160874
1184,603124,江南新材,2026-08-06,普通席位买入，成功率42.51%,128.78,8.492,-121498178.09,390474353.38,511972531.47,902446884.85,2340063596.0,-5.192088723472,38.565058077593,10.9319,9994462551.8,非S证券连续三个交易日内收盘价格涨幅偏离值累计达到20%的证券,10.00155304,9.57446809,7.92824973,0.86970026
1185,603124,江南新材,2026-07-30,普通席位卖出，成功率41.53%,99.42,-9.9701,61774290.8799999,544013327.81,482239036.93,1026252364.74,2037158112.0,3.032375863028,50.376667313882,8.1944,7715867890.2,非S证券连续三个交易日内收盘价格跌幅偏离值累计达到20%的证券,7.33252867,0.74431704,29.53128143,39.8008449
1186,603137,恒尚节能,2026-08-19,普通席位卖出，成功率38.32%,24.09,-10.0112,-21415843.31,42076476.74,63492320.05,105568796.79,422725694.0,-5.066132391281,24.973357022864,9.4353,4406864016.06,有价格涨跌幅限制的日收盘价格跌幅偏离值达到7%的前五只证券,-0.87173101,-2.90577003,,
1187,603137,恒尚节能,2026-08-14,普通席位卖出，成功率37.12%,26.08,-10.0069,-19048500.99,66592886.74,85641387.73,152234274.47,913042631.0,-2.086266330099,16.67329315207,18.5714,4770901350.72,有价格涨跌幅限制的日收盘价格跌幅偏离值达到7%的前五只证券,0.53680982,2.64570552,-10.31441718,
1188,603137,恒尚节能,2026-08-11,买一主买，成功率44.93%,30.34,10.0073,21123808.79,255917768.82,234793960.03,490711728.85,2645858520.0,0.798372574736,18.546408477276,18.6405,5550197353.56,非S证券连续三个交易日内收盘价格涨幅偏离值累计达到20%的证券,2.83454186,-4.48253131,-11.76664469,-28.24653922
1189,603137,恒尚节能,2026-07-31,普通席位卖出，成功率46.03%,25.0,-4.6166,4969321.7,127358992.29,122389670.59,249748662.88,1308790211.0,0.379688177542,19.082406086242,25.8402,4573333350.0,有价格涨跌幅限制的日换手率达到20%的前五只证券,2.04,4.08,10.0,4.32
1190,603137,恒尚节能,2026-07-31,普通席位卖出，成功率46.03%,25.0,-4.6166,4969321.7,127358992.29,122389670.59,249748662.88,1308790211.0,0.379688177542,19.082406086242,25.8402,4573333350.0,有价格涨跌幅限制的日价格振幅达到15%的前五只证券,2.04,4.08,10.0,4.32
1191,603137,恒尚节能,2026-07-27,普通席位买入，成功率29.73%,28.32,6.8276,-10055901.32,52117400.33,62173301.65,114290701.98,791917228.0,-1.269817218827,14.432152495109,16.6928,5180672018.88,有价格涨跌幅限制的日价格振幅达到15%的前五只证券,-9.99293785,-15.85451977,-9.92231638,-2.61299435
1192,603156,养元饮品,2026-08-25,广东资金卖出，成功率27.74%,42.96,-9.9937,-53619604.95,64035460.87,117655065.82,181690526.69,947448646.0,-5.659367943199,19.176820554557,1.7417,54141524235.36,有价格涨跌幅限制的日收盘价格跌幅偏离值达到7%的前五只证券,,,,
1193,603156,养元饮品,2026-08-24,卖一主卖，成功率21.66%,47.73,-9.9943,-169195265.08,102071880.24,271267145.32,373339025.56,1163559797.0,-14.541174894168,32.085933745956,1.841,60153048225.18,有价格涨跌幅限制的日收盘价格跌幅偏离值达到7%的前五只证券,-9.99371464,,,
1194,603156,养元饮品,2026-08-24,卖一主卖，成功率21.66%,47.73,-9.9943,-169195265.08,102071880.24,271267145.32,373339025.56,1163559797.0,-14.541174894168,32.085933745956,1.841,60153048225.18,有价格涨跌幅限制的日价格振幅达到15%的前五只证券,-9.99371464,,,
1195,603158,腾龙股份,2026-08-11,1家机构卖出，成功率44.38%,9.99,-9.8375,-36699163.0,31489347.0,68188510.0,99677857.0,513080834.0,-7.152705883377,19.427320296279,10.2859,4902793778.52,有价格涨跌幅限制的日收盘价格跌幅偏离值达到7%的前五只证券,2.002002,3.4034034,3.7037037,5.80580581
1196,603163,圣晖集成,2026-07-30,卖一主卖，成功率37.44%,69.95,-9.9974,-76068399.24,32383711.0,108452110.24,140835821.24,265104812.0,-28.693707468426,53.124581246756,3.6076,6995000000.0,有价格涨跌幅限制的日价格振幅达到15%的前五只证券,4.68906362,-4.21729807,15.13938528,21.95854182
1197,603171,税友股份,2026-07-31,2家机构买入，成功率43.01%,45.62,10.0072,-34374760.15,202891774.01,237266534.16,440158308.17,1323929364.0,-2.596419498254,33.246358917529,5.4998,18516701800.0,非S证券连续三个交易日内收盘价格涨幅偏离值累计达到20%的证券,1.00832968,5.80885577,4.25252082,0.52608505
1198,603186,华正新材,2026-08-19,2家机构卖出，成功率45.08%,175.0,-4.9946,-843304201.82,1447186176.89,2290490378.71,3737676555.6,7285102453.0,-11.575735650399,51.305751425099,25.8008,27438340650.0,有价格涨跌幅限制的日价格振幅达到15%的前五只证券,-6.28571429,-1.50285714,,
1199,603186,华正新材,2026-08-06,2家机构买入，成功率41.57%,130.0,8.9599,-82597220.7000002,1032416249.18,1115013469.88,2147429719.06,5933505907.0,-1.392047500999,36.191583066035,15.2319,20382767340.0,非S证券连续三个交易日内收盘价格涨幅偏离值累计达到20%的证券,10.0,16.92307692,17.16923077,26.15384615
1200,603186,华正新材,2026-07-30,1家机构卖出，成功率41.40%,101.81,-9.4378,-300833599.8,958931331.8,1259764931.6,2218696263.4,4764392995.0,-6.314206240243,46.568288252636,9.1763,15962842637.58,非S证券连续三个交易日内收盘价格跌幅偏离值累计达到20%的证券,6.07013064,-3.15293193,27.68883214,49.61202239
1201,603187,海容冷链,2026-08-17,3家机构卖出，成功率44.90%,11.49,-7.189,-98664958.9,77825518.1,176490477.0,254315995.1,362895291.0,-27.188272029686,70.079717595454,8.359,4393338127.59,有价格涨跌幅限制的日收盘价格跌幅偏离值达到7%的前五只证券,-2.17580505,-3.39425587,-4.6127067,
1202,603188,亚邦股份,2026-08-11,买一主买，成功率44.00%,4.88,9.9099,-9362542.0,43403979.0,52766521.0,96170500.0,233652173.0,-4.007042553805,41.159685683728,3.8674,2782429600.0,非S证券连续三个交易日内收盘价格涨幅偏离值累计达到20%的证券,0.6147541,-2.86885246,-3.89344262,-2.45901639
1203,603191,望变电气,2026-08-13,普通席位买入，成功率47.67%,16.94,10.0,41500367.81,186187166.25,144686798.44,330873964.69,799242251.0,5.19246420695,41.398457636094,11.9034,5589600984.66,非S证券连续三个交易日内收盘价格涨幅偏离值累计达到20%的证券,-5.01770956,-5.9622196,-13.16410862,
1204,603211,晋拓股份,2026-08-20,1家机构卖出，成功率43.27%,23.25,-9.9884,-386920.640000001,40478244.6,40865165.24,81343409.84,208780606.0,-0.185324033402,38.961190600242,3.2576,6319536000.0,有价格涨跌幅限制的日收盘价格跌幅偏离值达到7%的前五只证券,-0.77419355,-5.33333333,,
1205,603211,晋拓股份,2026-07-30,卖一主卖，成功率40.48%,20.21,-10.0178,-3011406.0,61316401.0,64327807.0,125644208.0,233448213.0,-1.289967467003,53.821019396709,4.1245,5493239680.0,有价格涨跌幅限制的日收盘价格跌幅偏离值达到7%的前五只证券,7.37258783,14.15141019,29.14398812,32.7065809
1206,603221,爱丽家居,2026-08-20,普通席位买入，成功率44.63%,28.6,5.9259,28122610.71,72012439.0,43889828.29,115902267.29,822283946.0,3.42006077667,14.095163581121,12.803,6928922000.0,有价格涨跌幅限制的日价格振幅达到15%的前五只证券,-8.18181818,-3.32167832,,
1207,603221,爱丽家居,2026-07-31,2家机构买入，成功率15.61%,22.54,10.0049,0.0,578867900.0,578867900.0,578867900.0,578867900.0,0.0,100.0,8.2514,5460765800.0,连续10个交易日内4次出现同正向异常波动的证券,9.98225377,10.11535049,19.91882417,
1208,603221,爱丽家居,2026-07-31,普通席位买入，成功率37.42%,22.54,10.0049,-13184539.5,55417129.0,68601668.5,124018797.5,518451217.0,-2.543062696678,23.921015793469,8.2514,5460765800.0,非S证券连续三个交易日内收盘价格涨幅偏离值累计达到20%的证券,9.98225377,10.11535049,19.91882417,
1209,603221,爱丽家居,2026-07-30,2家机构买入，成功率15.63%,20.49,9.9839,0.0,131204100.0,131204300.0,131204100.0,131204200.0,-0.000152434145,99.999923782928,1.367,4964112300.0,有价格涨跌幅限制的连续10个交易日内收盘价格涨幅偏离值累计达到100%的证券,10.00488043,20.98584675,46.5739546,31.52569526
1210,603221,爱丽家居,2026-07-29,普通席位买入，成功率69.73%,18.63,9.9764,19071076.26,27622859.26,8551783.0,36174642.26,34371545.0,55.485071328624,105.245901108024,0.4639,4513490100.0,非S证券连续三个交易日内收盘价格涨幅偏离值累计达到20%的证券,9.98389694,20.98765432,46.53784219,48.57980698
1211,603221,爱丽家居,2026-07-27,普通席位买入，成功率51.67%,15.4,10.0,18536525.0,22211805.0,3675280.0,25887085.0,22211805.0,83.453483406684,116.546516593316,0.2251,3730958000.0,非S证券连续三个交易日内收盘价格涨幅偏离值累计达到20%的证券,10.0,20.97402597,60.97402597,85.91859185
1212,603222,济民健康,2026-08-04,普通席位买入，成功率42.54%,8.67,10.0254,5353227.0,31527393.0,26174166.0,57701559.0,273312182.0,1.958649248938,21.111960168684,3.6133,4552535632.05,非S证券连续三个交易日内收盘价格涨幅偏离值累计达到20%的证券,-1.38408304,-0.92272203,2.19146482,1.61476355
1213,603222,济民健康,2026-08-04,普通席位买入，成功率44.86%,8.67,10.0254,-1512931.0,17286264.0,18799195.0,36085459.0,158377664.0,-0.955267909495,22.784436951918,3.6133,4552535632.05,有价格涨跌幅限制的日收盘价格涨幅偏离值达到7%的前五只证券,-1.38408304,-0.92272203,2.19146482,1.61476355
1214,603222,济民健康,2026-08-03,普通席位买入，成功率37.26%,7.88,10.0559,12300510.0,24998760.0,12698250.0,37697010.0,114934518.0,10.702189571979,32.798684551842,2.8445,4137714046.2,有价格涨跌幅限制的日收盘价格涨幅偏离值达到7%的前五只证券,10.02538071,8.50253807,12.05583756,13.70558376
1215,603226,菲林格尔,2026-08-25,上海资金卖出，成功率42.80%,36.14,-10.01,-6124651.88,35562102.0,41686753.88,77248855.88,154932295.0,-3.953115055838,49.85975059622,1.188,12847472567.8,有价格涨跌幅限制的日收盘价格跌幅偏离值达到7%的前五只证券,,,,
1216,603226,菲林格尔,2026-08-17,普通席位卖出，成功率47.21%,48.92,-8.5607,-108359069.92,54786170.0,163145239.92,217931409.92,375614555.0,-28.84847471366,58.019958763313,2.1392,17390657388.4,有价格涨跌幅限制的日收盘价格跌幅偏离值达到7%的前五只证券,-0.14309076,-10.03679477,-17.90678659,
1217,603228,景旺电子,2026-08-10,普通席位买入，成功率43.20%,96.0,1.1058,-538193278.48,2306048803.21,2844242081.69,5150290884.9,17191405448.0,-3.130594994737,29.958521427922,10.7356,94263697728.0,非S证券连续三个交易日内收盘价格涨幅偏离值累计达到20%的证券,-7.0,2.30208333,0.96875,-4.54166667
1218,603228,景旺电子,2026-07-28,1家机构卖出，成功率42.15%,73.85,-10.0049,-262212955.26,635547608.29,897760563.55,1533308171.84,4099754219.0,-6.395821340821,37.400002291211,5.5095,72512399112.3,有价格涨跌幅限制的日收盘价格跌幅偏离值达到7%的前五只证券,1.99052133,-8.20582261,8.32769127,20.89370345
1219,603232,格尔软件,2026-08-13,普通席位卖出，成功率60.74%,16.44,-8.6667,-6667697.0,39620732.0,46288429.0,85909161.0,504164792.0,-1.322523330824,17.039896947028,12.8031,3802571917.8,有价格涨跌幅限制的日收盘价格跌幅偏离值达到7%的前五只证券,-3.28467153,-3.58880779,-11.00973236,
1220,603232,格尔软件,2026-07-28,普通席位买入，成功率47.69%,15.13,10.0364,22689474.0,54028329.0,31338855.0,85367184.0,268262171.0,8.457947654498,31.822296703921,7.8225,3499568924.35,有价格涨跌幅限制的日收盘价格涨幅偏离值达到7%的前五只证券,-1.78453404,-1.45406477,2.64375413,8.12954395
1221,603236,移远通信,2026-08-13,买一主买，成功率42.16%,59.43,9.9944,347112801.0,347112801.0,,347112801.0,528639715.0,65.661506532857,65.661506532857,2.1944,24090851339.94,单只标的证券的当日融资买入数量达到当日该证券总交易量的50％以上,2.12014134,1.46390712,0.75719334,
1222,603256,宏和科技,2026-08-06,1家机构买入，成功率42.34%,148.74,7.6968,-478945914.47,1878598354.48,2357544268.95,4236142623.43,10834058895.0,-4.420743131561,39.100236250193,3.5983,130850668350.0,非S证券连续三个交易日内收盘价格涨幅偏离值累计达到20%的证券,6.7634799,5.91636413,1.97660347,-7.62404195
1223,603256,宏和科技,2026-08-03,3家机构卖出，成功率40.68%,115.32,-9.9977,-115456067.32,744675505.68,860131573.0,1604807078.68,2951465628.0,-3.911821510801,54.373226083187,2.8212,101450175300.0,有价格涨跌幅限制的日收盘价格跌幅偏离值达到7%的前五只证券,8.87096774,19.76240028,36.61116892,39.55081512
1224,603256,宏和科技,2026-07-30,2家机构卖出，成功率40.95%,125.16,-10.0022,-504886330.72,1579497619.65,2084383950.37,3663881570.02,9727672481.0,-5.19020692469,37.664524347178,2.5417,110106693900.0,非S证券连续三个交易日内收盘价格跌幅偏离值累计达到20%的证券,2.37296261,-7.86193672,18.83988495,21.18887824
1225,603256,宏和科技,2026-07-29,2家机构卖出，成功率41.93%,139.07,-6.4384,-450943051.11,583782529.78,1034725580.89,1618508110.67,3656295779.0,-12.333330735987,44.266334249158,2.9143,122343703425.0,有价格涨跌幅限制的日价格振幅达到15%的前五只证券,-10.00215719,-7.86654203,-0.69029985,11.08794132
1226,603261,立航科技,2026-08-03,普通席位买入，成功率40.27%,49.93,10.0022,4130478.55,42093581.55,37963103.0,80056684.55,196912970.0,2.09761629719,40.655871753902,2.5615,3869825748.46,非S证券连续三个交易日内收盘价格涨幅偏离值累计达到20%的证券,-0.16022431,2.46344883,-1.36190667,9.25295414
1227,603269,海鸥股份,2026-08-10,上海资金买入，成功率42.48%,15.53,9.9858,14119510.22,251767183.3,237647673.08,489414856.38,1163000053.0,1.21405929291,42.082100952406,4.4937,6708113459.7,非S证券连续三个交易日内收盘价格涨幅偏离值累计达到20%的证券,2.76883451,13.07147457,13.97295557,17.38570509
1228,603272,*ST联翔,2026-08-04,买一主买，成功率39.71%,17.16,4.89,3628085.03999999,75968328.08,72340243.04,148308571.12,312193378.0,1.162127481128,47.505354556239,6.9904,1778239320.0,非S证券连续三个交易日内收盘价格涨幅偏离值累计达到20%的证券,-1.10722611,0.52447552,-6.58508159,-17.19114219
1229,603281,江瀚新材,2026-08-18,3家机构卖出，成功率47.39%,19.63,-9.9954,-52117673.62,33032976.6,85150650.22,118183626.82,270456671.0,-19.270248882121,43.697804303744,2.6279,10180841031.79,有价格涨跌幅限制的日收盘价格跌幅偏离值达到7%的前五只证券,-2.69994906,-2.34335201,-4.53387672,
1230,603284,林平发展,2026-08-17,2家机构买入，成功率42.88%,46.19,4.055,25138213.63,59549158.89,34410945.26,93960104.15,189321645.0,13.278045217703,49.629879430849,22.1136,870852403.0,有价格涨跌幅限制的日换手率达到20%的前五只证券,-6.77635852,-9.2444252,-8.22688894,
1231,603284,林平发展,2026-08-14,1家机构买入，成功率44.75%,44.39,2.1164,-282360.0,44668905.85,44951265.85,89620171.7,205441353.0,-0.137440683619,43.623238647577,24.4094,836915743.0,有价格涨跌幅限制的日换手率达到20%的前五只证券,4.05496733,-2.99617031,-5.83464744,
1232,603284,林平发展,2026-08-12,2家机构买入，成功率42.18%,44.73,0.6526,4744362.7,43930087.73,39185725.03,83115812.76,208907569.0,2.271034373101,39.785926933073,25.0089,843326001.0,有价格涨跌幅限制的日换手率达到20%的前五只证券,-2.81690141,-0.76011625,-6.28213727,
1233,603284,林平发展,2026-08-11,普通席位买入，成功率43.31%,44.44,10.0,26839833.65,47523618.73,20683785.08,68207403.81,204675005.0,13.113390982939,33.32473538232,25.1602,837858428.0,有价格涨跌幅限制的日换手率达到20%的前五只证券,0.65256526,-2.18271827,-3.10531053,-2.07020702
1234,603297,永新光学,2026-07-28,买一主买，成功率14.01%,101.66,9.9978,99230326.0,99230326.0,,99230326.0,191526118.0,51.810336384513,51.810336384513,1.7014,11256720306.0,单只标的证券的当日融资买入数量达到当日该证券总交易量的50％以上,-8.45957112,-15.01082038,-8.58744836,0.02951013
1235,603306,华懋科技,2026-08-11,普通席位卖出，成功率43.52%,70.8,-9.2308,-166458293.25,254595402.16,421053695.41,675649097.57,1579372244.0,-10.539522514871,42.779598041993,6.62,23328295347.6,有价格涨跌幅限制的日收盘价格跌幅偏离值达到7%的前五只证券,1.05932203,1.69491525,9.03954802,3.22033898
1236,603312,西典新能,2026-08-17,卖一主卖，成功率45.58%,31.27,-6.3212,-8046350.8,16486774.0,24533124.8,41019898.8,92910562.0,-8.660318726734,44.14987695371,5.8355,1592252765.0,有价格涨跌幅限制的日收盘价格跌幅偏离值达到7%的前五只证券,0.63959066,-2.94211705,1.98273105,
1237,603319,美湖股份,2026-08-19,1家机构卖出，成功率41.36%,25.79,-10.014,-37970437.32,85568797.2,123539234.52,209108031.72,427509278.0,-8.88178088149,48.913097909421,4.724,8746670195.62,有价格涨跌幅限制的日收盘价格跌幅偏离值达到7%的前五只证券,-4.57541683,1.66731291,,
1238,603328,依顿电子,2026-08-07,普通席位买入，成功率37.96%,10.85,10.0406,62642412.1,75356951.1,12714539.0,88071490.1,148161205.0,42.279901881198,59.443016881511,1.3789,10833102329.35,有价格涨跌幅限制的日收盘价格涨幅偏离值达到7%的前五只证券,5.25345622,1.75115207,-0.55299539,2.02764977
1239,603330,天洋新材,2026-08-24,普通席位买入，成功率46.24%,10.97,10.0301,211984899.68,377537548.98,165552649.3,543090198.28,2361297951.0,8.977473579318,22.999647208858,28.749,4461644133.1,非S证券连续三个交易日内收盘价格涨幅偏离值累计达到20%的证券,-0.27347311,,,
1240,603330,天洋新材,2026-08-24,普通席位买入，成功率44.11%,10.97,10.0301,33923039.65,187037059.47,153114019.82,340151079.29,1233974099.0,2.749088467699,27.565495869456,28.749,4461644133.1,有价格涨跌幅限制的日换手率达到20%的前五只证券,-0.27347311,,,
1241,603330,天洋新材,2026-08-24,普通席位买入，成功率44.11%,10.97,10.0301,33923039.65,187037059.47,153114019.82,340151079.29,1233974099.0,2.749088467699,27.565495869456,28.749,4461644133.1,有价格涨跌幅限制的日收盘价格涨幅偏离值达到7%的前五只证券,-0.27347311,,,
1242,603330,天洋新材,2026-08-21,买一主买，成功率47.42%,9.97,10.0442,207716140.59,266016788.41,58300647.82,324317436.23,1127323852.0,18.425596178196,28.768790410548,28.8385,4054930903.1,有价格涨跌幅限制的日价格振幅达到15%的前五只证券,10.03009027,9.72918756,,
1243,603330,天洋新材,2026-08-21,买一主买，成功率47.42%,9.97,10.0442,207716140.59,266016788.41,58300647.82,324317436.23,1127323852.0,18.425596178196,28.768790410548,28.8385,4054930903.1,有价格涨跌幅限制的日换手率达到20%的前五只证券,10.03009027,9.72918756,,
1244,603330,天洋新材,2026-08-21,买一主买，成功率47.42%,9.97,10.0442,207716140.59,266016788.41,58300647.82,324317436.23,1127323852.0,18.425596178196,28.768790410548,28.8385,4054930903.1,有价格涨跌幅限制的日收盘价格涨幅偏离值达到7%的前五只证券,10.03009027,9.72918756,,
1245,603330,天洋新材,2026-08-20,普通席位卖出，成功率31.24%,9.06,-10.0298,-26475847.27,49267726.1,75743573.37,125011299.47,919480224.0,-2.879436292259,13.595866034635,24.7593,3684821863.8,有价格涨跌幅限制的日收盘价格跌幅偏离值达到7%的前五只证券,10.04415011,21.0816777,,
1246,603330,天洋新材,2026-08-20,普通席位卖出，成功率38.12%,9.06,-10.0298,-29161486.22,206168658.24,235330144.46,441498802.7,3428972781.0,-0.850443794176,12.875541186747,24.7593,3684821863.8,非S证券连续三个交易日内收盘价格跌幅偏离值累计达到20%的证券,10.04415011,21.0816777,,
1247,603330,天洋新材,2026-08-18,普通席位卖出，成功率41.58%,11.19,-4.766,-22446313.48,152585479.52,175031793.0,327617272.52,1894324215.0,-1.184924592225,17.294677960921,40.0024,4551121043.7,有价格涨跌幅限制的日价格振幅达到15%的前五只证券,-10.00893655,-19.03485255,-2.23413762,
1248,603330,天洋新材,2026-08-18,普通席位卖出，成功率41.58%,11.19,-4.766,-22446313.48,152585479.52,175031793.0,327617272.52,1894324215.0,-1.184924592225,17.294677960921,40.0024,4551121043.7,有价格涨跌幅限制的日换手率达到20%的前五只证券,-10.00893655,-19.03485255,-2.23413762,
1249,603330,天洋新材,2026-08-13,普通席位买入，成功率43.80%,9.71,9.966,23704270.08,110474738.28,86770468.2,197245206.48,859760320.0,2.757078865887,22.941882975013,16.6175,3949185463.3,非S证券连续三个交易日内收盘价格涨幅偏离值累计达到20%的证券,9.98970134,21.0092688,-6.69412976,
1250,603333,福华尚纬,2026-08-24,1家机构卖出，成功率50.13%,9.51,-3.4518,-19002286.0,91374213.0,110376499.0,201750712.0,635694370.0,-2.989217286917,31.73706131769,10.407,5910727342.86,有价格涨跌幅限制的日价格振幅达到15%的前五只证券,2.52365931,,,
1251,603333,福华尚纬,2026-08-21,普通席位买入，成功率66.69%,9.85,10.0559,7571026.0,45703991.0,38132965.0,83836956.0,182185418.0,4.155670680515,46.017379942011,2.9935,6122046722.1,有价格涨跌幅限制的日收盘价格涨幅偏离值达到7%的前五只证券,-3.45177665,-1.01522843,,
1252,603336,宏辉果蔬,2026-08-03,买一主买，成功率40.29%,9.96,1.9447,39810638.36,194595979.54,154785341.18,349381320.72,1135065542.0,3.507342694049,30.78071774643,7.6443,6062840692.2,非S证券连续三个交易日内收盘价格涨幅偏离值累计达到20%的证券,0.70281124,-1.20481928,1.40562249,-7.8313253
1253,603337,杰克科技,2026-08-13,1家机构卖出，成功率45.96%,39.57,-9.4508,-150194955.32,129808634.48,280003589.8,409812224.28,602524727.0,-24.927600244363,68.01583502149,3.1498,18480368829.87,有价格涨跌幅限制的日收盘价格跌幅偏离值达到7%的前五只证券,-1.46575689,0.90978014,-5.23123578,
1254,603341,龙旗科技,2026-08-14,普通席位卖出，成功率61.10%,39.8,-2.6895,-342584258.38,160844151.74,503428410.12,664272561.86,1651635711.0,-20.742119832985,40.219072367829,15.5912,10642612773.8,有价格涨跌幅限制的日价格振幅达到15%的前五只证券,1.25628141,-3.91959799,-6.30653266,
1255,603358,华达科技,2026-07-30,普通席位卖出，成功率36.31%,35.41,-5.3967,-148837832.4,83995189.86,232833022.26,316828212.12,646939795.0,-23.006442570131,48.973368861936,3.6887,16351298468.63,有价格涨跌幅限制的日价格振幅达到15%的前五只证券,6.01524993,1.6944366,18.69528382,20.47444225
1256,603358,华达科技,2026-07-28,1家机构买入，成功率46.72%,37.46,10.0147,62570738.6,133525414.0,70954675.4,204480089.4,422703118.0,14.802525918439,48.374398175128,0.8982,17297928286.78,非S证券连续三个交易日内收盘价格涨幅偏离值累计达到20%的证券,-0.08008542,-5.472504,5.73945542,6.86065136
1257,603378,*ST亚士,2026-08-25,普通席位买入，成功率38.12%,6.75,8.6957,3330469.61,64319117.63,60988648.02,125307765.65,359691447.0,0.925924049009,34.837571672923,4.368,2893027333.5,非S证券连续三个交易日内收盘价格涨幅偏离值累计达到20%的证券,,,,
1258,603378,*ST亚士,2026-07-27,普通席位买入，成功率46.39%,5.06,10.0,11547467.36,29076466.56,17528999.2,46605465.76,138393015.0,8.343966897462,33.676169104344,2.3844,2168699008.52,非S证券连续三个交易日内收盘价格涨幅偏离值累计达到20%的证券,1.97628458,1.18577075,4.34782609,9.68379447
1259,603382,海阳科技,2026-08-24,卖一主卖，成功率41.04%,18.31,-9.9803,-30627996.47,29918962.55,60546959.02,90465921.57,566696184.0,-5.40465902802,15.963742852731,7.2132,2114546572.66,非S证券连续三个交易日内收盘价格跌幅偏离值累计达到20%的证券,3.87766248,,,
1260,603389,亚振家居,2026-07-29,普通席位卖出，成功率42.65%,44.4,-4.7006,-30427408.0,62370665.4,92798073.4,155168738.8,354876465.0,-8.574084505717,43.72471947386,2.9013,11666188800.0,有价格涨跌幅限制的日价格振幅达到15%的前五只证券,-9.86486486,-6.73423423,1.26126126,1.8018018
1261,603389,亚振家居,2026-07-28,普通席位买入，成功率44.28%,46.59,10.0118,-2670520.73,57002295.0,59672815.73,116675110.73,217597818.0,-1.227273671467,53.619614296868,1.1074,12241615680.0,非S证券连续三个交易日内收盘价格涨幅偏离值累计达到20%的证券,-4.70057952,-14.10173857,-6.56793303,-1.69564284
1262,603395,红四方,2026-08-24,1家机构卖出，成功率57.82%,25.95,-5.9101,2022979.39,41302182.77,39279203.38,80581386.15,456140416.0,0.44349926449,17.665916749197,26.8357,1686750000.0,有价格涨跌幅限制的日换手率达到20%的前五只证券,10.01926782,,,
1263,603395,红四方,2026-08-20,买一主买，成功率40.88%,30.64,5.6552,-7815146.0,79098762.61,86913908.61,166012671.22,811465751.0,-0.963090061456,20.458370672504,43.7177,1991600000.0,有价格涨跌幅限制的日价格振幅达到15%的前五只证券,-9.98694517,-15.30678851,,
1264,603395,红四方,2026-08-20,买一主买，成功率40.88%,30.64,5.6552,-7815146.0,79098762.61,86913908.61,166012671.22,811465751.0,-0.963090061456,20.458370672504,43.7177,1991600000.0,有价格涨跌幅限制的日换手率达到20%的前五只证券,-9.98694517,-15.30678851,,
1265,603395,红四方,2026-08-19,普通席位买入，成功率49.71%,29.0,10.0152,-17078868.2,69095182.8,86174051.0,155269233.8,468712529.0,-3.643783159891,33.126751301329,18.1107,1885000000.0,非S证券连续三个交易日内收盘价格涨幅偏离值累计达到20%的证券,5.65517241,-4.89655172,,
1266,603399,永杉锂业,2026-08-12,普通席位买入，成功率44.49%,16.81,6.9338,106993240.93,286888875.39,179895634.46,466784509.85,2076480079.0,5.152625445919,22.479604527427,24.1683,8611605809.69,有价格涨跌幅限制的日换手率达到20%的前五只证券,1.2492564,-0.4759072,-16.71624033,
1267,603399,永杉锂业,2026-07-29,买一主买，成功率44.63%,15.81,10.0209,143043596.75,227293916.17,84250319.42,311544235.59,1239924353.0,11.536477721718,25.126067960212,16.398,8099315160.69,有价格涨跌幅限制的日价格振幅达到15%的前五只证券,1.01201771,-1.58127767,-0.37950664,6.32511069
1268,603400,华之杰,2026-08-05,卖一主卖，成功率33.81%,44.97,-0.1332,-13323870.34,37407471.61,50731341.95,88138813.56,433694295.0,-3.072180218557,20.322797550288,26.5435,1629266472.75,有价格涨跌幅限制的日换手率达到20%的前五只证券,-0.95619302,-3.13542362,2.84634201,4.66977985
1269,603400,华之杰,2026-08-04,买一主买，成功率48.51%,45.03,9.9902,-12086954.87,51275621.43,63362576.3,114638197.73,401016015.0,-3.014082834073,28.58693753914,25.393,1631440277.25,有价格涨跌幅限制的日换手率达到20%的前五只证券,-0.1332445,-1.08816345,5.15212081,6.90650677
1270,603400,华之杰,2026-07-31,普通席位卖出，成功率40.82%,42.95,-5.1876,-9370069.34,28015919.52,37385988.86,65401908.38,340725522.0,-2.750034480834,19.19489564389,21.7875,1556081721.25,有价格涨跌幅限制的日换手率达到20%的前五只证券,-4.6798603,4.84284051,1.42025611,0.06984866
1271,603400,华之杰,2026-07-30,1家机构卖出，成功率24.84%,45.3,-3.9033,7772467.08,66219041.6,58446574.52,124665616.12,506935051.0,1.533227395633,24.592029269643,29.6927,1641222397.5,有价格涨跌幅限制的日换手率达到20%的前五只证券,-5.18763797,-9.62472406,-1.67770419,-1.52317881
1272,603400,华之杰,2026-07-30,1家机构卖出，成功率24.84%,45.3,-3.9033,7772467.08,66219041.6,58446574.52,124665616.12,506935051.0,1.533227395633,24.592029269643,29.6927,1641222397.5,有价格涨跌幅限制的日价格振幅达到15%的前五只证券,-5.18763797,-9.62472406,-1.67770419,-1.52317881
1273,603400,华之杰,2026-07-29,买一主买，成功率20.28%,47.14,10.0117,-4924401.23,37718592.84,42642994.07,80361586.91,385986150.0,-1.275797390658,20.8198109984,23.5822,1707885735.5,有价格涨跌幅限制的日换手率达到20%的前五只证券,-3.90326686,-8.88841748,-4.60330929,-1.88799321
1274,603400,华之杰,2026-07-29,普通席位买入，成功率31.65%,47.14,10.0117,3657971.47,66729353.85,63071382.38,129800736.23,702561915.0,0.520661793915,18.475344800038,23.5822,1707885735.5,非S证券连续三个交易日内收盘价格涨幅偏离值累计达到20%的证券,-3.90326686,-8.88841748,-4.60330929,-1.88799321
1275,603400,华之杰,2026-07-28,1家机构买入，成功率45.81%,42.85,10.0128,10873335.17,42374748.48,31501413.31,73876161.79,316575765.0,3.434670739878,23.336013036247,21.8774,1552458713.75,有价格涨跌幅限制的日价格振幅达到15%的前五只证券,10.01166861,5.7176196,5.08751459,10.50175029
1276,603400,华之杰,2026-07-27,普通席位卖出，成功率31.47%,38.95,-2.381,-43990059.5,48383945.4,92374004.9,140757950.3,318884256.0,-13.794992594429,44.140765074335,23.7188,1411161421.25,有价格涨跌幅限制的日换手率达到20%的前五只证券,10.01283697,21.02695764,5.10911425,15.45571245
1277,603407,长裕集团,2026-08-20,上海资金卖出，成功率37.98%,60.28,-9.9761,-47568468.14,43412684.76,90981152.9,134393837.66,624612431.0,-7.615677463198,21.516356542062,28.27,2164774877.76,有价格涨跌幅限制的日换手率达到20%的前五只证券,-1.11147976,-5.2919708,,
1278,603407,长裕集团,2026-08-20,上海资金卖出，成功率37.98%,60.28,-9.9761,-47568468.14,43412684.76,90981152.9,134393837.66,624612431.0,-7.615677463198,21.516356542062,28.27,2164774877.76,有价格涨跌幅限制的日收盘价格跌幅偏离值达到7%的前五只证券,-1.11147976,-5.2919708,,
1279,603407,长裕集团,2026-08-19,上海资金卖出，成功率43.02%,66.96,-1.3844,-58141982.64,98611079.06,156753061.7,255364140.76,896536812.0,-6.485175160883,28.483397150233,36.4701,2404666984.32,有价格涨跌幅限制的日换手率达到20%的前五只证券,-9.97610514,-10.97670251,,
1280,603407,长裕集团,2026-08-18,上海资金买入，成功率44.94%,67.9,3.4273,-23930828.49,113735794.02,137666622.51,251402416.53,971446865.0,-2.463421248469,25.879173178453,40.3661,2438424256.8,有价格涨跌幅限制的日换手率达到20%的前五只证券,-1.38438881,-11.22238586,-17.83505155,
1281,603407,长裕集团,2026-08-17,普通席位买入，成功率49.05%,65.65,4.8387,47435043.44,114811269.1,67376225.66,182187494.76,512740907.0,9.251269557863,35.532077170508,22.488,2357622274.8,有价格涨跌幅限制的日换手率达到20%的前五只证券,3.4272658,1.99543031,-13.03884235,
1282,603407,长裕集团,2026-08-11,1家机构卖出，成功率44.19%,64.67,-2.5026,-37755076.63,74455810.36,112210886.99,186666697.35,810659041.0,-4.657331223177,23.026536177248,33.6427,2322428522.64,有价格涨跌幅限制的日换手率达到20%的前五只证券,-0.94325035,-3.37096026,4.99458791,-13.73125097
1283,603407,长裕集团,2026-08-10,1家机构买入，成功率41.64%,66.33,3.2374,-86618509.36,88539931.82,175158441.18,263698373.0,748484270.0,-11.572522340383,35.230983945728,31.9302,2382042429.36,有价格涨跌幅限制的日换手率达到20%的前五只证券,-2.50263832,-3.42228253,-1.02517714,-13.93034826
1284,603407,长裕集团,2026-08-06,普通席位买入，成功率42.32%,63.51,1.4051,851032.689999998,76942571.35,76091538.66,153034110.01,545671609.0,0.15596059534,28.045092961763,23.8935,2280770611.92,有价格涨跌幅限制的日换手率达到20%的前五只证券,1.16517084,4.44024563,-1.60604629,-5.08581326
1285,603407,长裕集团,2026-08-05,普通席位买入，成功率41.86%,62.63,7.6302,32143596.08,94178097.1,62034501.02,156212598.12,558051786.0,5.759966527551,27.99249138502,25.351,2249168058.96,有价格涨跌幅限制的日换手率达到20%的前五只证券,1.40507744,2.58661983,2.28325084,6.91361967
1286,603407,长裕集团,2026-08-04,普通席位买入，成功率41.24%,58.19,5.474,26330868.26,80276934.87,53946066.61,134223001.48,446954976.0,5.891167941712,30.030541930917,21.86,2089718814.48,有价格涨跌幅限制的日换手率达到20%的前五只证券,7.63017701,9.14246434,11.13593401,16.68671593
1287,603407,长裕集团,2026-08-03,上海资金卖出，成功率37.49%,55.17,-5.8211,-2854937.24,61509447.76,64364385.0,125873832.76,429576781.0,-0.664593005552,29.301824103943,21.2414,1981264598.64,有价格涨跌幅限制的日换手率达到20%的前五只证券,5.47398949,13.52184158,20.22838499,18.99583107
1288,603407,长裕集团,2026-07-31,普通席位买入，成功率38.76%,58.58,0.7048,-36146717.09,72770940.23,108917657.32,181688597.55,648859229.0,-5.570810350607,28.001235002855,30.1654,2103724491.36,有价格涨跌幅限制的日换手率达到20%的前五只证券,-5.82109935,-0.66575623,9.67907136,6.89655172
1289,603407,长裕集团,2026-07-30,普通席位卖出，成功率39.65%,58.17,-7.3874,-89808910.7,58789927.54,148598838.24,207388765.78,596914206.0,-15.045530797771,34.74347966515,27.7634,2089000574.64,有价格涨跌幅限制的日换手率达到20%的前五只证券,0.70483067,-5.15729758,9.17998969,7.42650851
1290,603429,*ST集友,2026-07-29,普通席位卖出，成功率29.06%,7.78,-4.6569,-3619170.0,10620756.9,14239926.9,24860683.8,65857811.0,-5.49543014723,37.749028433393,1.5271,4080496917.7,有价格涨跌幅限制的日价格振幅达到15%的前五只证券,-7.19794344,-5.39845758,-0.1285347,-2.44215938
1291,603435,嘉德利,2026-08-05,普通席位买入，成功率41.67%,53.21,6.7616,19355610.12,90659556.21,71303946.09,161963502.3,516806601.0,3.745232758743,31.339286686085,27.3497,1898934109.82,有价格涨跌幅限制的日换手率达到20%的前五只证券,0.82691223,2.96936666,1.97331329,-2.55591054
1292,603459,红板科技,2026-08-10,1家机构卖出，成功率42.65%,102.66,-2.7657,58185816.1800001,607746542.6,549560726.42,1157307269.02,2625814327.0,2.215915100383,44.07422326552,32.3845,8115463742.28,有价格涨跌幅限制的日换手率达到20%的前五只证券,-3.26319891,-2.81511786,-2.91252679,-15.9945451
1293,603459,红板科技,2026-08-07,1家机构买入，成功率46.18%,105.58,10.0021,263798858.52,519841758.52,256042900.0,775884658.52,1981697461.0,13.311762451716,39.152528263748,24.1245,8346295167.64,有价格涨跌幅限制的日换手率达到20%的前五只证券,-2.76567532,-5.93862474,-7.81397992,-17.36124266
1294,603459,红板科技,2026-08-06,1家机构买入，成功率41.34%,95.98,4.8389,-45136074.65,357721368.26,402857442.91,760578811.17,2071532894.0,-2.178873180374,36.715748679297,27.7248,7587397330.84,有价格涨跌幅限制的日换手率达到20%的前五只证券,10.00208377,6.95978329,0.05209419,-9.35611586
1295,603459,红板科技,2026-08-05,普通席位买入，成功率41.95%,91.55,4.4614,-52436426.94,318396205.25,370832632.19,689228837.44,1999012551.0,-2.623116443855,34.478464734762,28.0664,7237197599.9,有价格涨跌幅限制的日换手率达到20%的前五只证券,4.83888585,15.32495904,8.97870016,-5.40688149
1296,603459,红板科技,2026-08-04,普通席位买入，成功率43.86%,87.64,10.0038,203981202.71,339848028.52,135866825.81,475714854.33,1421204171.0,14.35270222761,33.472661003751,21.1296,6928104835.12,有价格涨跌幅限制的日换手率达到20%的前五只证券,4.46143314,9.51620265,13.31583752,8.1811958
1297,603459,红板科技,2026-07-30,2家机构卖出，成功率39.15%,85.1,-10.0042,-200038075.34,117262636.61,317300711.95,434563348.56,1557944615.0,-12.839870776793,27.893375950338,22.613,6727313115.8,有价格涨跌幅限制的日换手率达到20%的前五只证券,0.34077556,-6.38072855,12.78495887,12.84371328
1298,603459,红板科技,2026-07-29,2家机构买入，成功率41.01%,94.56,6.7871,-143681605.24,310685653.66,454367258.9,765052912.56,2096780034.0,-6.852488239594,36.48703727403,29.5247,7475143692.48,有价格涨跌幅限制的日换手率达到20%的前五只证券,-10.00423012,-9.69754653,-3.18316413,5.50972927
1299,603459,红板科技,2026-07-28,2家机构卖出，成功率41.01%,88.55,-4.2703,-32748140.42,363594460.17,396342600.59,759937060.76,2142489490.0,-1.528508801226,35.469815105604,29.1667,7000042025.9,有价格涨跌幅限制的日换手率达到20%的前五只证券,6.78712592,-3.8961039,-1.02766798,12.15132693
1300,603459,红板科技,2026-07-27,1家机构买入，成功率45.29%,92.5,10.0012,-51761794.19,263999665.08,315761459.27,579761124.35,1702935814.0,-3.039562252697,34.044801899386,23.983,7312296865.0,有价格涨跌幅限制的日换手率达到20%的前五只证券,-4.27027027,2.22702703,-13.87027027,10.98378378
1301,603466,风语筑,2026-08-14,卖一主卖，成功率42.57%,12.57,-8.3819,-73579080.09,236122745.56,309701825.65,545824571.21,1971468895.0,-3.732195840199,27.686187319227,25.1042,7476994144.44,有价格涨跌幅限制的日换手率达到20%的前五只证券,-0.15910899,-2.46618934,-10.02386635,
1302,603466,风语筑,2026-08-13,买一主买，成功率45.87%,13.72,10.0241,146686676.13,392021608.92,245334932.79,637356541.71,2567227903.0,5.713815900746,24.826644372523,24.0119,8161046910.24,非S证券连续三个交易日内收盘价格涨幅偏离值累计达到20%的证券,-8.3819242,-8.52769679,-16.10787172,
1303,603468,津富士达,2026-08-13,西藏自治区资金卖出，成功率7.98%,26.78,-4.4936,8462142.6,30038881.43,21576738.83,51615620.26,323668407.0,2.614448125609,15.947067784098,29.7609,1070894011.72,有价格涨跌幅限制的日换手率达到20%的前五只证券,-3.17401046,-3.39805825,-9.67139656,
1304,603468,津富士达,2026-08-06,普通席位买入，成功率37.56%,37.49,114.7194,9119808.93000001,103743072.51,94623263.58,198366336.09,1230281207.0,0.741278406767,16.123658149157,77.459,1499171639.26,无价格涨跌幅限制的证券,-17.9781275,-22.37930115,-28.56761803,-35.47612697
1305,603538,美诺华,2026-08-21,卖一主卖，成功率30.65%,28.51,-10.0063,-110474992.39,59534700.75,170009693.14,229544393.89,1236127843.0,-8.937181782257,18.56963219378,12.8094,9605587803.01,有价格涨跌幅限制的日收盘价格跌幅偏离值达到7%的前五只证券,-7.40091196,-5.43668888,,
1306,603538,美诺华,2026-08-14,卖一主卖，成功率44.28%,30.21,-7.2459,-63570054.32,266401793.48,329971847.8,596373641.28,2496789944.0,-2.546071385491,23.885615316304,24.3849,10178351719.71,有价格涨跌幅限制的日换手率达到20%的前五只证券,3.07845084,1.78748759,-5.62727574,
1307,603538,美诺华,2026-08-13,卖一主卖，成功率43.17%,32.57,-2.2802,-71039530.68,388342134.4,459381665.08,847723799.48,3808565750.0,-1.865256774942,22.258347502075,33.7202,10973482804.07,有价格涨跌幅限制的日换手率达到20%的前五只证券,-7.24593184,-4.39054344,-2.73257599,
1308,603538,美诺华,2026-08-11,1家机构买入，成功率41.14%,30.3,3.7671,115632919.77,372250188.0,256617268.23,628867456.23,2648016927.0,4.366774192074,23.748619195666,25.9782,10208674515.3,有价格涨跌幅限制的日换手率达到20%的前五只证券,10.0,7.49174917,1.48514851,-11.02310231
1309,603538,美诺华,2026-08-10,普通席位买入，成功率40.78%,29.2,0.0,-32114191.77,250389143.93,282503335.7,532892479.63,2503298398.0,-1.282875097737,21.287613176909,25.1082,9838062569.2,有价格涨跌幅限制的日换手率达到20%的前五只证券,3.76712329,14.14383562,6.64383562,-9.5890411
1310,603538,美诺华,2026-08-07,买一主买，成功率36.38%,29.2,6.6083,-21785690.76,254230737.75,276016428.51,530247166.26,2146817966.0,-1.014789847347,24.699214123309,22.5283,9838062569.2,有价格涨跌幅限制的日换手率达到20%的前五只证券,0.0,3.76712329,3.45890411,-2.3630137
1311,603556,海兴电力,2026-08-07,5家机构卖出，成功率42.38%,24.92,-7.9424,-59236363.67,71696909.38,130933273.05,202630182.43,561912724.0,-10.541915343779,36.060792677476,4.5612,12117703116.4,有价格涨跌幅限制的日收盘价格跌幅偏离值达到7%的前五只证券,2.76886035,1.28410915,3.89245586,3.33065811
1312,603556,海兴电力,2026-07-30,3家机构买入，成功率41.02%,26.99,9.9837,35770680.45,139648713.69,103878033.24,243526746.93,882875641.0,4.051610304876,27.583357793649,5.1873,13124269948.3,非S证券连续三个交易日内收盘价格涨幅偏离值累计达到20%的证券,0.0,-1.33382734,0.29640608,-4.00148203
1313,603559,中通国脉,2026-08-04,普通席位买入，成功率41.20%,9.2,10.0478,12023746.0,26260314.0,14236568.0,40496882.0,148089451.0,8.11924544173,27.3462300836,4.1905,3691748206.8,有价格涨跌幅限制的日收盘价格涨幅偏离值达到7%的前五只证券,-1.41304348,2.60869565,-2.93478261,3.58695652
1314,603565,中谷物流,2026-08-25,4家机构卖出，成功率40.26%,12.53,-7.3225,-64212208.84,179164446.61,243376655.45,422541102.06,1025902442.0,-6.259095037811,41.187259602995,3.8114,26313790680.59,有价格涨跌幅限制的日收盘价格跌幅偏离值达到7%的前五只证券,,,,
1315,603567,珍宝岛,2026-08-04,普通席位买入，成功率48.06%,6.67,10.066,32516971.56,85083225.37,52566253.81,137649479.18,437165004.0,7.438146068984,31.486847739532,7.1595,6265819957.64,有价格涨跌幅限制的日收盘价格涨幅偏离值达到7%的前五只证券,-1.04947526,-3.44827586,3.74812594,-6.44677661
1316,603567,珍宝岛,2026-07-27,买一主买，成功率47.40%,6.44,10.0855,103507283.64,147877933.64,44370650.0,192248583.64,578892580.0,17.880222897312,33.209716324227,10.1981,6049757200.48,有价格涨跌幅限制的日收盘价格涨幅偏离值达到7%的前五只证券,6.83229814,-0.93167702,-5.90062112,9.62732919
1317,603567,珍宝岛,2026-07-27,买一主买，成功率47.40%,6.44,10.0855,103507283.64,147877933.64,44370650.0,192248583.64,578892580.0,17.880222897312,33.209716324227,10.1981,6049757200.48,有价格涨跌幅限制的日价格振幅达到15%的前五只证券,6.83229814,-0.93167702,-5.90062112,9.62732919
1318,603580,艾艾精工,2026-08-19,买一主买，成功率45.64%,67.99,6.2012,96045992.62,362176105.8,266130113.18,628306218.98,2261199025.0,4.247569168309,27.786418268954,14.4038,8884470868.0,非S证券连续三个交易日内收盘价格涨幅偏离值累计达到20%的证券,10.0014708,18.81158994,,
1319,603580,艾艾精工,2026-07-30,卖一主卖，成功率57.67%,56.2,-3.0533,12695298.8,124632896.6,111937597.8,236570494.4,1007990386.0,1.259466258441,23.469518924559,13.2258,7343833840.0,有价格涨跌幅限制的日价格振幅达到15%的前五只证券,-5.87188612,-12.98932384,-4.44839858,-4.46619217
1320,603580,艾艾精工,2026-07-29,普通席位买入，成功率41.15%,57.97,10.0,11576327.96,223117921.0,211541593.04,434659514.04,1744652748.0,0.663531924807,24.913812478631,13.5344,7575125404.0,非S证券连续三个交易日内收盘价格涨幅偏离值累计达到20%的证券,-3.05330343,-8.74590305,-3.01880283,-2.7945489
1321,603580,艾艾精工,2026-07-28,普通席位买入，成功率40.87%,52.7,9.9979,62234979.04,127364621.0,65129641.96,192494262.96,767960138.0,8.103933519529,25.065658155294,11.6515,6886477640.0,有价格涨跌幅限制的日价格振幅达到15%的前五只证券,10.0,6.64136622,2.0683112,7.9316888
1322,603580,艾艾精工,2026-07-27,1家机构买入，成功率41.36%,47.91,3.4773,-32729371.28,63360044.0,96089415.28,159449459.28,679149481.0,-4.819170476551,23.477815082067,11.6948,6260553012.0,有价格涨跌幅限制的日价格振幅达到15%的前五只证券,9.99791275,20.99770403,2.06637445,23.58589021
1323,603598,引力传媒,2026-08-04,买一主买，成功率41.93%,18.83,5.7271,-7725989.34,165358326.44,173084315.78,338442642.22,1701673947.0,-0.454022896315,19.888806713922,14.2105,5072856607.0,非S证券连续三个交易日内收盘价格涨幅偏离值累计达到20%的证券,-2.81465746,-4.03611259,-4.67339352,-5.04514073
1324,603608,天创时尚,2026-08-19,上海资金卖出，成功率43.36%,18.32,-10.0196,-39803546.5,53857757.8,93661304.3,147519062.1,330618875.0,-12.039102879411,44.619068436429,4.1118,7786543810.88,有价格涨跌幅限制的日收盘价格跌幅偏离值达到7%的前五只证券,-2.45633188,1.14628821,,
1325,603618,杭电股份,2026-08-14,买一主买，成功率49.18%,29.87,10.0184,395941795.91,653458598.24,257516802.33,910975400.57,3281343145.0,12.066455058604,27.762271737965,16.3744,20651389649.92,有价格涨跌幅限制的日收盘价格涨幅偏离值达到7%的前五只证券,2.77870773,-1.23870104,-4.48610646,
1326,603618,杭电股份,2026-08-05,1家机构买入，成功率41.66%,26.22,9.9832,232139932.6,584879870.85,352739938.25,937619809.1,2637274107.0,8.802267916856,35.552611183317,15.2703,18127868651.52,有价格涨跌幅限制的日价格振幅达到15%的前五只证券,1.10602593,5.45385202,7.97101449,1.25858124
1327,603619,中曼石油,2026-07-27,卖一主卖，成功率35.63%,20.43,-10.0,-53180743.69,64860624.0,118041367.69,182901991.69,817811648.0,-6.502810741331,22.364806387546,8.6491,9445574758.23,有价格涨跌幅限制的日收盘价格跌幅偏离值达到7%的前五只证券,2.83896231,4.35633872,3.67107195,12.48164464
1328,603626,科森科技,2026-08-21,买一主买，成功率43.18%,18.65,10.0295,55768519.49,232980608.55,177212089.06,410192697.61,1614628428.0,3.453953771833,25.404773661646,7.8675,10348506218.5,非S证券连续三个交易日内收盘价格涨幅偏离值累计达到20%的证券,4.45040214,7.50670241,,
1329,603629,利通电子,2026-08-06,上海资金买入，成功率42.97%,122.52,8.7617,1108311759.78,2272655089.73,1164343329.95,3436998419.68,13753688673.0,8.058287388428,24.989648241982,21.284,44195830968.0,非S证券连续三个交易日内收盘价格涨幅偏离值累计达到20%的证券,3.98302318,2.68527587,2.02415932,6.57035586
1330,603629,利通电子,2026-07-30,卖一主卖，成功率41.36%,87.28,-9.9742,-530792609.22,1383907621.47,1914700230.69,3298607852.16,10106507280.0,-5.251988590266,32.638455212788,10.1847,31483938352.0,非S证券连续三个交易日内收盘价格跌幅偏离值累计达到20%的证券,10.00229148,6.66819432,40.37580202,43.2172319
1331,603650,彤程新材,2026-08-06,1家机构买入，成功率42.14%,62.16,6.9327,27730563.72,542179507.77,514448944.05,1056628451.82,3789544943.0,0.731765004429,27.882726493897,4.5798,38202720958.08,非S证券连续三个交易日内收盘价格涨幅偏离值累计达到20%的证券,3.7966538,5.5019305,1.68918919,5.14800515
1332,603655,朗博科技,2026-08-11,普通席位买入，成功率37.70%,33.79,9.9935,-11322013.59,94217962.9,105539976.49,199757939.39,390884147.0,-2.896513884458,51.104129170529,5.2574,3581740000.0,非S证券连续三个交易日内收盘价格涨幅偏离值累计达到20%的证券,-1.56851139,-2.8706718,-0.11837822,-3.22580645
1333,603657,春光科技,2026-08-24,上海资金卖出，成功率50.60%,25.17,-10.0107,-2669191.0,15734959.0,18404150.0,34139109.0,100062316.0,-2.667528702814,34.117848121764,2.821,3402733558.5,有价格涨跌幅限制的日收盘价格跌幅偏离值达到7%的前五只证券,-2.66189909,,,
1334,603657,春光科技,2026-08-05,普通席位买入，成功率40.34%,26.14,10.0168,943259.0,47560755.0,46617496.0,94178251.0,230732632.0,0.408810401816,40.817048799582,1.8192,3533867907.0,非S证券连续三个交易日内收盘价格涨幅偏离值累计达到20%的证券,7.76587605,9.0283091,4.05508799,0.53557766
1335,603660,苏州科达,2026-08-03,普通席位买入，成功率37.18%,9.97,6.8596,31160997.24,120114764.13,88953766.89,209068531.02,1112068495.0,2.802075355979,18.799968883212,7.4462,5697782179.12,非S证券连续三个交易日内收盘价格涨幅偏离值累计达到20%的证券,2.90872618,4.91474423,22.86860582,27.08124373
1336,603663,三祥新材,2026-08-06,买一主买，成功率50.29%,39.31,5.5019,-333086754.3,456312086.38,789398840.68,1245710927.06,2899668710.0,-11.487062406519,42.960456922681,7.383,23317391900.37,非S证券连续三个交易日内收盘价格涨幅偏离值累计达到20%的证券,2.06054439,3.51055711,1.39913508,3.68862885
1337,603679,华体科技,2026-08-04,买一主买，成功率42.48%,21.58,2.3234,30270925.11,216535436.42,186264511.31,402799947.73,898305604.0,3.369780281366,44.83996826207,9.4609,3834468562.86,非S证券连续三个交易日内收盘价格涨幅偏离值累计达到20%的证券,0.69508804,4.86561631,4.30954588,5.32900834
1338,603682,锦和商管,2026-08-14,普通席位卖出，成功率43.99%,11.84,-10.0304,-6529197.0,86473594.0,93002791.0,179476385.0,507966579.0,-1.285359562996,35.332321538422,8.5032,5594400000.0,有价格涨跌幅限制的日收盘价格跌幅偏离值达到7%的前五只证券,1.43581081,1.43581081,-3.5472973,
1339,603682,锦和商管,2026-08-03,普通席位买入，成功率40.40%,10.56,10.0,61648945.52,122123810.52,60474865.0,182598675.52,627998809.0,9.81672968746,29.076277359628,7.6278,4989600000.0,非S证券连续三个交易日内收盘价格涨幅偏离值累计达到20%的证券,-3.59848485,4.26136364,9.65909091,13.73106061
1340,603690,至纯科技,2026-07-29,卖一主卖，成功率41.76%,24.77,-4.7308,-3529598.81999999,313058290.39,316587889.21,629646179.6,2060278327.0,-0.171316601924,30.561219391986,22.1328,9486024472.5,有价格涨跌幅限制的日换手率达到20%的前五只证券,-10.01211143,-12.39402503,-6.49979814,10.21396851
1341,603690,至纯科技,2026-07-28,普通席位买入，成功率41.66%,26.0,4.5016,-67051059.66,330070297.52,397121357.18,727191654.7,2463589687.0,-2.721681293513,29.51756368105,24.2021,9957070500.0,有价格涨跌幅限制的日换手率达到20%的前五只证券,-4.73076923,-14.26923077,-16.0,-4.53846154
1342,603690,至纯科技,2026-07-27,买一主买，成功率46.48%,24.88,9.9912,91452395.04,217605796.99,126153401.95,343759198.94,1294848706.0,7.06278614762,26.548213497616,9.309,9528150540.0,非S证券连续三个交易日内收盘价格涨幅偏离值累计达到20%的证券,4.50160772,-0.44212219,-14.79099678,0.80385852
1343,603696,安记食品,2026-08-14,普通席位卖出，成功率33.73%,14.73,-10.0183,-33158215.39,31344591.0,64502806.39,95847397.39,545260247.0,-6.081172352548,17.578284482932,15.4749,3464496000.0,有价格涨跌幅限制的日收盘价格跌幅偏离值达到7%的前五只证券,-1.22199593,-1.90088255,-10.72640869,
1344,603696,安记食品,2026-08-13,普通席位买入，成功率42.24%,16.37,6.2297,-46295343.57,62474471.19,108769814.76,171244285.95,809778418.0,-5.717038456562,21.147054816914,21.9636,3850224000.0,有价格涨跌幅限制的日价格振幅达到15%的前五只证券,-10.01832621,-11.11789859,-18.63164325,
1345,603696,安记食品,2026-07-31,普通席位买入，成功率43.76%,13.44,9.9836,9775162.13,67933659.2,58158497.07,126092156.27,458067219.0,2.134001675854,27.526998449108,15.5733,3161088000.0,有价格涨跌幅限制的日价格振幅达到15%的前五只证券,-1.71130952,-0.74404762,-1.86011905,9.59821429
1346,603696,安记食品,2026-07-31,普通席位买入，成功率40.59%,13.44,9.9836,-43288603.04,94808179.2,138096782.24,232904961.44,844843124.0,-5.123862858118,27.567835355905,15.5733,3161088000.0,非S证券连续三个交易日内收盘价格涨幅偏离值累计达到20%的证券,-1.71130952,-0.74404762,-1.86011905,9.59821429
1347,603703,盛洋科技,2026-08-17,普通席位买入，成功率37.67%,10.73,10.0513,-12142225.27,41129127.0,53271352.27,94400479.27,258410604.0,-4.698810761651,36.531194079791,6.0283,4452758147.6,有价格涨跌幅限制的日收盘价格涨幅偏离值达到7%的前五只证券,-5.03261883,-12.58154706,-10.34482759,
1348,603716,塞力医疗,2026-07-28,普通席位买入，成功率45.37%,16.43,9.9732,75174804.67,115705860.19,40531055.52,156236915.71,605894866.0,12.40723579097,25.786142857002,10.7889,3709742351.1,非S证券连续三个交易日内收盘价格涨幅偏离值累计达到20%的证券,-3.77358491,-6.4516129,1.27814973,7.97321972
1349,603725,天安新材,2026-07-30,上海资金卖出，成功率41.34%,8.88,-9.5723,-46099781.4,173399230.4,219499011.8,392898242.2,793941287.0,-5.8064471712,49.487065181433,9.46,2707136198.4,非S证券连续三个交易日内收盘价格跌幅偏离值累计达到20%的证券,5.40540541,7.09459459,17.90540541,25.22522523
1350,603738,泰晶科技,2026-08-07,买一主买，成功率43.00%,36.63,0.4387,-164077146.26,422329813.98,586406960.24,1008736774.22,3133544260.0,-5.236152185704,32.191559796893,22.2316,14135058831.96,有价格涨跌幅限制的日换手率达到20%的前五只证券,-1.06470106,0.3003003,4.55910456,2.56620257
1351,603738,泰晶科技,2026-08-06,买一主买，成功率44.08%,36.47,10.0151,-187786324.2,691286459.2,879072783.4,1570359242.6,4591924099.0,-4.089491031459,34.19828395992,15.841,14073316833.24,非S证券连续三个交易日内收盘价格涨幅偏离值累计达到20%的证券,0.43871675,-0.63065533,-0.9322731,-0.38387716
1352,603758,秦安股份,2026-08-20,普通席位卖出，成功率27.90%,10.69,-7.526,-4566338.87,87137734.66,91704073.53,178841808.19,1107683555.0,-0.412242183193,16.145568595175,7.0794,4630010563.81,非S证券连续三个交易日内收盘价格跌幅偏离值累计达到20%的证券,10.00935454,3.08699719,,
1353,603758,秦安股份,2026-08-18,普通席位卖出，成功率25.43%,12.84,-9.7046,-13787977.01,44428278.8,58216255.81,102644534.61,588648744.0,-2.342309764616,17.437314808914,10.263,5561210069.16,有价格涨跌幅限制的日收盘价格跌幅偏离值达到7%的前五只证券,-9.96884735,-16.74454829,-5.60747664,
1354,603758,秦安股份,2026-08-12,买一主买，成功率25.22%,13.95,10.0158,19443409.1,35567000.1,16123591.0,51690591.1,92993286.0,20.908400957033,55.585293652275,0.601,6041968883.55,非S证券连续三个交易日内收盘价格涨幅偏离值累计达到20%的证券,10.03584229,-0.93189964,-17.13261649,
1355,603758,秦安股份,2026-08-10,买一主买，成功率41.44%,11.53,10.0191,2002607.7,79102464.91,77099857.21,156202322.12,286582905.0,0.698788261638,54.50510808382,2.5284,4993828044.97,非S证券连续三个交易日内收盘价格涨幅偏离值累计达到20%的证券,9.97398092,20.98872507,23.33044232,-4.42324371
1356,603773,沃格光电,2026-08-06,上海资金买入，成功率42.82%,86.43,10.0038,302862170.7,571346350.7,268484180.0,839830530.7,2676601110.0,11.315177654544,31.376753434134,5.9708,19418974250.19,非S证券连续三个交易日内收盘价格涨幅偏离值累计达到20%的证券,9.99652898,10.64445216,8.52713178,19.4492653
1357,603773,沃格光电,2026-07-30,卖一主卖，成功率41.63%,66.92,-10.0054,-71412802.7,792195405.8,863608208.5,1655803614.3,3718421779.0,-1.920513780962,44.529741721373,7.0681,15035494120.36,非S证券连续三个交易日内收盘价格跌幅偏离值累计达到20%的证券,2.80932457,-2.95875672,29.15421399,40.16736402
1358,603778,国晟科技,2026-08-04,买一主买，成功率41.44%,10.38,4.4266,80339999.78,432581824.0,352241824.22,784823648.22,2350551300.0,3.417921565039,33.388918089982,17.6433,6672857133.96,非S证券连续三个交易日内收盘价格涨幅偏离值累计达到20%的证券,2.50481696,4.14258189,4.33526012,0.0
1359,603779,威龙股份,2026-07-31,普通席位买入，成功率40.72%,7.33,10.0601,31804112.2,67755409.2,35951297.0,103706706.2,298789959.0,10.644304215056,34.708899371013,12.6627,2434166586.82,有价格涨跌幅限制的日收盘价格涨幅偏离值达到7%的前五只证券,-0.68212824,2.72851296,5.04774898,6.95770805
1360,603790,雅运股份,2026-08-19,卖一主卖，成功率48.03%,24.0,-10.0112,-14181347.0,29454721.0,43636068.0,73090789.0,167634794.0,-8.459667985156,43.60120429414,3.5306,4592640000.0,有价格涨跌幅限制的日收盘价格跌幅偏离值达到7%的前五只证券,1.95833333,1.20833333,,
1361,603797,联泰环保,2026-08-11,普通席位买入，成功率49.17%,5.05,10.0218,17361673.9,38873763.9,21512090.0,60385853.9,157247620.0,11.04097721797,38.401760166545,5.4925,2911856209.5,有价格涨跌幅限制的日收盘价格涨幅偏离值达到7%的前五只证券,-3.96039604,-7.72277228,-1.18811881,-6.13861386
1362,603797,联泰环保,2026-08-11,普通席位买入，成功率46.16%,5.05,10.0218,28453686.58,62060442.38,33606755.8,95667198.18,278768725.0,10.206914918451,34.317765803894,5.4925,2911856209.5,非S证券连续三个交易日内收盘价格涨幅偏离值累计达到20%的证券,-3.96039604,-7.72277228,-1.18811881,-6.13861386
1363,603797,联泰环保,2026-08-10,买一主买，成功率45.36%,4.59,10.0719,10803236.32,30858618.12,20055381.8,50913999.92,121521105.0,8.890008299381,41.897248975806,4.6756,2646617822.1,有价格涨跌幅限制的日收盘价格涨幅偏离值达到7%的前五只证券,10.02178649,5.66448802,5.66448802,3.26797386
1364,603800,洪田股份,2026-08-06,买一主买，成功率40.73%,60.38,8.3049,-93574614.85,344244185.27,437818800.12,782062985.39,1463818050.0,-6.392503142723,53.426242789533,4.1438,12559040000.0,非S证券连续三个交易日内收盘价格涨幅偏离值累计达到20%的证券,3.34547864,4.09075853,5.9953627,12.43789334
1365,603801,志邦家居,2026-08-21,3家机构卖出，成功率31.24%,6.95,-3.8728,-29096664.08,33618161.92,62714826.0,96332987.92,546822233.0,-5.321046278672,17.616874754981,16.7069,3018742806.85,有价格涨跌幅限制的日价格振幅达到15%的前五只证券,0.0,-3.5971223,,
1366,603801,志邦家居,2026-08-20,普通席位买入，成功率37.07%,7.23,10.0457,11967697.0,46356522.0,34388825.0,80745347.0,235582474.0,5.080045555511,34.274768249526,4.7561,3140361222.09,非S证券连续三个交易日内收盘价格涨幅偏离值累计达到20%的证券,-3.87275242,-3.87275242,,
1367,603801,志邦家居,2026-08-20,普通席位买入，成功率30.60%,7.23,10.0457,-2620431.0,25685995.0,28306426.0,53992421.0,147231727.0,-1.779800490963,36.671729728471,4.7561,3140361222.09,有价格涨跌幅限制的日收盘价格涨幅偏离值达到7%的前五只证券,-3.87275242,-3.87275242,,
1368,603801,志邦家居,2026-08-19,买一主买，成功率40.39%,6.57,10.0503,24647074.72,37371689.72,12724615.0,50096304.72,88350747.0,27.896849270556,56.70161987425,3.1225,2853689243.31,有价格涨跌幅限制的日收盘价格涨幅偏离值达到7%的前五只证券,10.0456621,5.78386606,,
1369,603803,瑞斯康达,2026-07-30,卖一主卖，成功率41.61%,8.78,-10.041,-8370489.17,64654900.4,73025389.57,137680289.97,357679670.0,-2.340219439925,38.49262385251,9.2423,3730477630.46,有价格涨跌幅限制的日收盘价格跌幅偏离值达到7%的前五只证券,4.66970387,7.97266515,20.38724374,22.43735763
1370,603813,原尚股份,2026-08-25,普通席位买入，成功率60.42%,28.75,0.948,-4457801.0,3488620.0,7946421.0,11435041.0,19671283.0,-22.661465446865,58.130631337061,0.6571,3019181250.0,有价格涨跌幅限制的日价格振幅达到15%的前五只证券,,,,
1371,603823,百合花,2026-08-25,卖一主卖，成功率42.84%,66.95,-4.3298,-12687326.5,541313827.6,554001154.1,1095314981.7,3636639479.0,-0.348875014234,30.118877277359,6.4066,27875817782.8,非S证券连续三个交易日内收盘价格跌幅偏离值累计达到20%的证券,,,,
1372,603823,百合花,2026-08-24,普通席位卖出，成功率43.23%,69.98,-9.9936,-1708488.19999999,153757857.0,155466345.2,309224202.2,1029684340.0,-0.165923490688,30.030970675926,3.4037,29137411925.92,有价格涨跌幅限制的日收盘价格跌幅偏离值达到7%的前五只证券,-4.32980852,,,
1373,603823,百合花,2026-08-21,普通席位卖出，成功率43.24%,77.75,-10.0012,-24290010.46,127699540.8,151989551.26,279689092.06,802521779.0,-3.02671043897,34.851277482901,2.3522,32372588986.0,有价格涨跌幅限制的日收盘价格跌幅偏离值达到7%的前五只证券,-9.99356913,-13.89067524,,
1374,603823,百合花,2026-08-21,普通席位卖出，成功率43.24%,77.75,-10.0012,-24290010.46,127699540.8,151989551.26,279689092.06,802521779.0,-3.02671043897,34.851277482901,2.3522,32372588986.0,有价格涨跌幅限制的日价格振幅达到15%的前五只证券,-9.99356913,-13.89067524,,
1375,603823,百合花,2026-08-05,买一主买，成功率42.18%,60.73,9.9982,236018805.41,667519644.81,431500839.4,1099020484.21,3695396844.0,6.386832466808,29.740256070046,2.9921,25286010663.92,非S证券连续三个交易日内收盘价格涨幅偏离值累计达到20%的证券,9.9950601,8.51309073,27.94335584,37.11509962
1376,603823,百合花,2026-08-03,买一主买，成功率40.86%,51.48,10.0,240501100.18,380458426.3,139957326.12,520415752.42,1542552113.0,15.591116705436,33.737320641173,7.6796,21434609401.92,有价格涨跌幅限制的日价格振幅达到15%的前五只证券,7.24553225,17.96814297,32.82828283,51.68997669
1377,603823,百合花,2026-07-31,普通席位卖出，成功率34.36%,46.8,-6.043,30455465.77,170793169.79,140337704.02,311130873.81,1617089857.0,1.883350244154,19.240172242945,8.0932,19486008547.2,有价格涨跌幅限制的日价格振幅达到15%的前五只证券,10.0,17.97008547,40.81196581,51.68803419
1378,603823,百合花,2026-07-29,卖一主卖，成功率41.83%,55.34,-10.0016,-99504098.33,193996895.48,293500993.81,487497889.29,1934371703.0,-5.144000926796,25.201872449537,0.2207,23041788739.36,非S证券连续三个交易日内收盘价格跌幅偏离值累计达到20%的证券,-9.99277196,-15.43187568,9.73979039,40.40477051
1379,603823,百合花,2026-07-29,卖一主卖，成功率19.61%,55.34,-10.0016,-32556522.0,17487440.0,50043962.0,67531402.0,50862994.0,-64.008268958764,132.771189206833,0.2207,23041788739.36,有价格涨跌幅限制的日收盘价格跌幅偏离值达到7%的前五只证券,-9.99277196,-15.43187568,9.73979039,40.40477051
1380,603823,百合花,2026-07-27,卖一主卖，成功率33.79%,68.32,-9.9987,-116325003.89,117440429.92,233765433.81,351205863.73,1286833351.0,-9.039632350188,27.292256876703,4.3278,28446241537.28,有价格涨跌幅限制的日收盘价格跌幅偏离值达到7%的前五只证券,-9.9970726,-18.99882904,-24.64871194,0.08782201
1381,603828,*ST利达,2026-08-20,普通席位买入，成功率31.99%,4.98,9.9338,359322.120000001,15925349.32,15566027.2,31491376.52,73982708.0,0.485683924952,42.565860822505,0.9175,2967779332.5,非S证券连续三个交易日内收盘价格涨幅偏离值累计达到20%的证券,4.21686747,-1.00401606,,
1382,603838,*ST四通,2026-08-21,普通席位买入，成功率41.80%,11.72,10.0469,9251718.0,37070378.0,27818660.0,64889038.0,166966333.0,5.541067970871,38.863546221621,1.7945,3750587520.0,非S证券连续三个交易日内收盘价格涨幅偏离值累计达到20%的证券,1.19453925,-0.51194539,,
1383,603838,*ST四通,2026-08-21,普通席位买入，成功率41.61%,11.72,10.0469,3581171.0,18573619.0,14992448.0,33566067.0,65202096.0,5.492416992239,51.480042911504,1.7945,3750587520.0,有价格涨跌幅限制的日收盘价格涨幅偏离值达到7%的前五只证券,1.19453925,-0.51194539,,
1384,603887,城地香江,2026-08-19,普通席位卖出，成功率38.90%,9.3,-9.971,-96693986.21,160648651.94,257342638.15,417991290.09,2635428073.0,-3.669004940815,15.860470424988,8.9694,5598873615.3,非S证券连续三个交易日内收盘价格跌幅偏离值累计达到20%的证券,-2.15053763,-3.22580645,,
1385,603887,城地香江,2026-08-18,卖一主卖，成功率43.66%,10.33,-10.0174,-79189980.47,54544898.25,133734878.72,188279776.97,913251157.0,-8.671216002631,20.616429065198,14.053,6218963918.93,有价格涨跌幅限制的日收盘价格跌幅偏离值达到7%的前五只证券,-9.97095837,-11.9070668,-10.16456922,
1386,603887,城地香江,2026-08-13,买一主买，成功率48.59%,12.49,10.0441,55210796.0,96001887.0,40791091.0,136792978.0,228054748.0,24.20944816286,59.982517005083,3.0329,7519347468.29,有价格涨跌幅限制的日收盘价格涨幅偏离值达到7%的前五只证券,-4.56365092,-8.08646918,-27.14171337,
1387,603887,城地香江,2026-08-12,买一主买，成功率42.34%,11.35,9.9806,10082387.97,94010585.0,83928197.03,177938782.03,441525410.0,2.28353515826,40.300915417303,1.1882,6833033928.35,非S证券连续三个交易日内收盘价格涨幅偏离值累计达到20%的证券,10.04405286,5.02202643,-18.06167401,
1388,603887,城地香江,2026-08-11,普通席位买入，成功率34.96%,10.32,10.0213,410665.329999998,68756604.56,68345939.23,137102543.79,360338565.0,0.113966522012,38.04825714117,6.0281,6212943624.72,有价格涨跌幅限制的日收盘价格涨幅偏离值达到7%的前五只证券,9.98062016,21.02713178,0.09689922,-10.07751938
1389,603890,春秋电子,2026-08-14,买一主买，成功率42.17%,22.09,8.0196,-139220058.26,222424517.78,361644576.04,584069093.82,3029331519.0,-4.595735309484,19.280461387495,20.9301,9870511435.67,非S证券连续三个交易日内收盘价格涨幅偏离值累计达到20%的证券,-4.52693526,-8.23902218,-18.19827976,
1390,603897,长城科技,2026-08-12,买一主买，成功率46.18%,32.05,9.9863,-46045423.66,158889555.2,204934978.86,363824534.06,1346299705.0,-3.420146605469,27.024037271107,16.5874,6616263576.05,非S证券连续三个交易日内收盘价格涨幅偏离值累计达到20%的证券,8.20592824,-0.15600624,-9.85959438,
1391,603903,中持股份,2026-07-27,上海资金卖出，成功率31.98%,11.76,-8.4825,-52077024.0,39198409.0,91275433.0,130473842.0,317154544.0,-16.420078155967,41.138884644201,10.5195,3002557084.8,有价格涨跌幅限制的日收盘价格跌幅偏离值达到7%的前五只证券,-4.67687075,-6.80272109,-6.03741497,11.2244898
1392,603912,佳力图,2026-08-25,普通席位买入，成功率42.32%,9.08,10.0606,40669581.6,64522767.6,23853186.0,88375953.6,361157863.0,11.260887763089,24.470172922692,7.6178,4924322713.2,有价格涨跌幅限制的日收盘价格涨幅偏离值达到7%的前五只证券,,,,
1393,603918,金桥信息,2026-08-13,普通席位卖出，成功率40.25%,11.11,-8.4089,-35653556.48,38818430.72,74471987.2,113290417.92,553100409.0,-6.446127303442,20.482794096072,13.1591,4056344613.86,有价格涨跌幅限制的日收盘价格跌幅偏离值达到7%的前五只证券,1.71017102,-1.71017102,-9.36093609,
1394,603918,金桥信息,2026-07-28,普通席位买入，成功率49.54%,10.42,10.0317,5498648.0,30299231.0,24800583.0,55099814.0,168829636.0,3.256921077529,32.636339984764,4.5458,3804420420.92,有价格涨跌幅限制的日收盘价格涨幅偏离值达到7%的前五只证券,0.28790787,6.81381958,6.90978887,8.25335893
1395,603919,金徽酒,2026-07-30,1家机构买入，成功率35.55%,16.89,10.0326,-8109078.81,77193376.99,85302455.8,162495832.79,377800005.0,-2.146394574558,43.01107216502,4.5576,8567621349.33,有价格涨跌幅限制的日收盘价格涨幅偏离值达到7%的前五只证券,-1.53937241,-2.01302546,-0.05920663,0.88809947
1396,603928,兴业股份,2026-08-05,买一主买，成功率41.04%,11.94,10.0461,36746694.0,79760911.2,43014217.2,122775128.4,399335629.0,9.201957283907,30.744847061969,10.0324,4068005760.0,有价格涨跌幅限制的日收盘价格涨幅偏离值达到7%的前五只证券,4.85762144,6.11390285,11.47403685,5.94639866
1397,603928,兴业股份,2026-07-28,普通席位买入，成功率43.71%,12.28,10.0358,45969978.52,80039737.52,34069759.0,114109496.52,347808532.0,13.21703589491,32.808136092533,8.572,4183845120.0,有价格涨跌幅限制的日收盘价格涨幅偏离值达到7%的前五只证券,-6.27035831,-14.16938111,-11.64495114,5.21172638
1398,603931,格林达,2026-08-06,1家机构买入，成功率42.17%,36.4,5.0808,-17274627.2,236359386.69,253634013.89,489993400.58,1094515853.0,-1.578289355303,44.768049657477,6.4837,7263925032.0,非S证券连续三个交易日内收盘价格涨幅偏离值累计达到20%的证券,1.23626374,-0.35714286,1.81318681,-2.66483516
1399,603936,博敏电子,2026-08-18,普通席位买入，成功率46.81%,19.12,10.0115,113273829.56,537736487.06,424462657.5,962199144.56,3411091271.0,3.320750474284,28.207956578011,15.5917,12053209836.48,非S证券连续三个交易日内收盘价格涨幅偏离值累计达到20%的证券,-6.32845188,-8.26359833,-9.98953975,
1400,603936,博敏电子,2026-08-07,1家机构买入，成功率44.95%,15.93,10.0138,32845205.25,205203132.09,172357926.84,377561058.93,663102985.0,4.953258542487,56.938525006037,6.8904,10042240203.72,有价格涨跌幅限制的日收盘价格涨幅偏离值达到7%的前五只证券,-3.57815443,-4.58254865,-0.81607031,10.48336472
1401,603950,长源东谷,2026-07-30,普通席位卖出，成功率41.28%,48.12,-8.8291,-64110606.28,366900373.0,431010979.28,797911352.28,1545859416.0,-4.147246872286,51.616035974645,2.9308,15584566656.0,非S证券连续三个交易日内收盘价格跌幅偏离值累计达到20%的证券,5.15378221,0.37406484,19.67996675,22.92186201
1402,603950,长源东谷,2026-07-29,普通席位卖出，成功率41.57%,52.78,-9.6078,-45088161.0,199089524.0,244177685.0,443267209.0,679516091.0,-6.635333820226,65.232775922594,3.8953,17093795264.0,有价格涨跌幅限制的日收盘价格跌幅偏离值达到7%的前五只证券,-8.82910193,-4.13035241,9.15119363,9.35960591
1403,603956,威派格,2026-08-13,买一主买，成功率47.22%,7.99,10.0551,32172724.45,77024978.3,44852253.85,121877232.15,281289345.0,11.437590872843,43.328065679132,6.3099,4553551225.14,有价格涨跌幅限制的日收盘价格涨幅偏离值达到7%的前五只证券,-8.26032541,-8.13516896,-17.64705882,
1404,603958,哈森股份,2026-08-24,普通席位买入，成功率60.03%,22.61,10.0243,-57145920.58,63297301.0,120443221.58,183740522.58,965030063.0,-5.921672574878,19.039875504894,19.9138,4959729600.0,有价格涨跌幅限制的日收盘价格涨幅偏离值达到7%的前五只证券,-1.54798762,,,
1405,603958,哈森股份,2026-08-21,普通席位买入，成功率51.06%,20.55,10.0107,41881028.75,92727378.0,50846349.25,143573727.25,612937611.0,6.832837143355,23.423872947813,6.994,4507848000.0,非S证券连续三个交易日内收盘价格涨幅偏离值累计达到20%的证券,10.0243309,8.32116788,,
1406,603958,哈森股份,2026-08-19,1家机构卖出，成功率31.04%,16.98,-8.0173,-72749325.21,45956060.0,118705385.21,164661445.21,580712511.0,-12.5275973622,28.355071070615,14.0648,3724732800.0,有价格涨跌幅限制的日价格振幅达到15%的前五只证券,10.01177856,21.02473498,,
1407,603958,哈森股份,2026-08-18,买一主买，成功率41.00%,18.46,10.0119,13257140.5,42937726.0,29680585.5,72618311.5,146817777.0,9.02965619756,49.461525016824,0.5013,4049385600.0,非S证券连续三个交易日内收盘价格涨幅偏离值累计达到20%的证券,-8.01733478,1.19176598,20.58504875,
1408,603983,丸美生物,2026-07-29,普通席位卖出，成功率43.70%,29.26,-9.9969,7344478.0,28155830.0,20811352.0,48967182.0,198003218.0,3.709272038195,24.730498066956,1.6216,11733260000.0,有价格涨跌幅限制的日收盘价格跌幅偏离值达到7%的前五只证券,-4.06698565,-2.01640465,-1.74299385,-1.60628845
1409,603986,兆易创新,2026-08-03,2家机构卖出，成功率44.44%,340.74,-10.0,-217425087.52,2353750000.51,2571175088.03,4924925088.54,23032720718.0,-0.943983518847,21.382298465032,9.8282,227781941591.16,有价格涨跌幅限制的日收盘价格跌幅偏离值达到7%的前五只证券,4.48435757,13.11850678,18.28080061,30.3046311
1410,603986,兆易创新,2026-07-29,卖一主卖，成功率41.70%,364.03,-6.8095,-51674291.3400002,8625794738.57,8677469029.91,17303263768.48,76953332241.0,-0.067150167296,22.485398961399,13.5213,243351118734.02,非S证券连续三个交易日内收盘价格跌幅偏离值累计达到20%的证券,1.94214763,4.00241738,5.8813834,13.49888745
1411,603990,麦迪科技,2026-08-13,普通席位卖出，成功率40.76%,22.26,-9.9879,150445943.68,409968947.6,259523003.92,669491951.52,1419665341.0,10.597282284431,47.158434610259,20.5426,6794763294.06,有价格涨跌幅限制的日收盘价格跌幅偏离值达到7%的前五只证券,5.03144654,4.80682839,0.0,
1412,603990,麦迪科技,2026-08-06,普通席位买入，成功率44.38%,20.7,8.2636,129373019.62,411792225.44,282419205.82,694211431.26,1752798288.0,7.380941692248,39.605893958975,9.11,6318580421.7,非S证券连续三个交易日内收盘价格涨幅偏离值累计达到20%的证券,7.77777778,13.71980676,7.53623188,7.53623188
1413,605068,明新旭腾,2026-08-04,普通席位买入，成功率41.22%,21.47,9.9898,24776764.38,66471404.15,41694639.77,108166043.92,394080925.0,6.287227523129,27.447673068672,12.1158,3482401687.65,有价格涨跌幅限制的日价格振幅达到15%的前五只证券,2.23567769,-1.53702841,-4.70423847,-14.39217513
1414,605068,明新旭腾,2026-08-03,普通席位卖出，成功率44.85%,19.52,-10.0046,-2045913.0,12159422.0,14205335.0,26364757.0,119220433.0,-1.71607580053,22.114293948253,3.7351,3166114622.4,有价格涨跌幅限制的日收盘价格跌幅偏离值达到7%的前五只证券,9.9897541,12.44877049,8.0942623,-2.81762295
1415,605068,明新旭腾,2026-07-30,买一主买，成功率18.14%,20.59,9.9893,13205527.0,67398924.0,54193397.0,121592321.0,227336991.0,5.80878938439,53.485497659288,3.6692,3339667012.05,非S证券连续三个交易日内收盘价格涨幅偏离值累计达到20%的证券,5.34239922,-5.19669743,2.67119961,-7.13938805
1416,605068,明新旭腾,2026-07-28,普通席位买入，成功率31.19%,17.02,10.0194,9094907.0,25664274.0,16569367.0,42233641.0,82345367.0,11.044831459674,51.288424034834,3.0881,2760618384.9,有价格涨跌幅限制的日收盘价格涨幅偏离值达到7%的前五只证券,9.98824912,20.97532315,26.14571093,20.21151586
1417,605068,明新旭腾,2026-07-28,普通席位买入，成功率34.32%,17.02,10.0194,19548803.0,40588361.0,21039558.0,61627919.0,122782191.0,15.921529694807,50.192880985484,3.0881,2760618384.9,非S证券连续三个交易日内收盘价格涨幅偏离值累计达到20%的证券,9.98824912,20.97532315,26.14571093,20.21151586
1418,605069,正和生态,2026-07-31,买一主买，成功率48.35%,9.96,10.0552,9421171.6,34032576.0,24611404.4,58643980.4,119636136.0,7.874854467048,49.018617919924,5.7434,2108509868.88,有价格涨跌幅限制的日收盘价格涨幅偏离值达到7%的前五只证券,3.71485944,5.62248996,9.63855422,7.73092369
1419,605111,新洁能,2026-07-28,2家机构卖出，成功率42.10%,50.63,-10.0071,30999511.91,305189082.39,274189570.48,579378652.87,1189398446.0,2.606318514561,48.711905990669,5.4146,21028287867.21,有价格涨跌幅限制的日收盘价格跌幅偏离值达到7%的前五只证券,5.0365396,-5.47106459,-2.2713806,11.19889394
1420,605167,利柏特,2026-08-05,买一主买，成功率32.64%,15.87,0.1894,-90634021.83,41099004.0,131733025.83,172832029.83,531424190.0,-17.054929665509,32.522424285955,6.7504,8092233516.78,有价格涨跌幅限制的日价格振幅达到15%的前五只证券,-6.30119723,-5.2299937,-5.35601764,-7.18336484
1421,605167,利柏特,2026-08-04,买一主买，成功率46.77%,15.84,10.0,19493367.88,31682971.88,12189604.0,43872575.88,84416653.0,23.091851177753,51.971470463298,0.4463,8076936288.96,非S证券连续三个交易日内收盘价格涨幅偏离值累计达到20%的证券,0.18939394,-6.12373737,-4.48232323,-8.27020202
1422,605179,一鸣食品,2026-08-24,卖一主卖，成功率29.66%,28.4,-9.9842,-1174846.2,62258019.0,63432865.2,125690884.2,686808867.0,-0.171058682619,18.300707844531,5.8989,11388400000.0,有价格涨跌幅限制的日收盘价格跌幅偏离值达到7%的前五只证券,5.42253521,,,
1423,605179,一鸣食品,2026-08-20,买一主买，成功率30.70%,35.05,0.8633,-5622721.90000001,112429097.0,118051818.9,230480915.9,1317679029.0,-0.426714076513,17.491430828562,9.8697,14055050000.0,有价格涨跌幅限制的日价格振幅达到15%的前五只证券,-9.98573466,-18.97289586,,
1424,605179,一鸣食品,2026-08-18,2家机构买入，成功率22.28%,38.61,10.0,0.0,13844802900.0,13844803000.0,13844802900.0,13844803000.0,-7.22293e-07,99.999999277707,10.5281,15482610000.0,有价格涨跌幅限制的连续30个交易日内收盘价格涨幅偏离值累计达到200%的证券,-9.99741,-9.22040922,-22.45532246,
1425,605179,一鸣食品,2026-08-13,普通席位买入，成功率43.10%,33.43,10.0033,29955938.97,202128639.72,172172700.75,374301340.47,1681856072.0,1.781123811289,22.255253984064,6.4788,13405430000.0,非S证券连续三个交易日内收盘价格涨幅偏离值累计达到20%的证券,-4.54681424,4.99551301,4.84594675,
1426,605179,一鸣食品,2026-08-11,买一主买，成功率43.08%,27.63,9.992,-12197892.0,184057119.0,196255011.0,380312130.0,1856366724.0,-0.657084176435,20.486907305714,10.3738,11079630000.0,非S证券连续三个交易日内收盘价格涨幅偏离值累计达到20%的证券,9.98914224,20.99167571,39.73941368,8.36047774
1427,605179,一鸣食品,2026-08-06,普通席位卖出，成功率36.82%,21.66,-7.1979,-13769693.48,85372551.0,99142244.48,184514795.48,880285347.0,-1.564230681213,20.960793691367,9.9547,8685660000.0,有价格涨跌幅限制的日收盘价格跌幅偏离值达到7%的前五只证券,5.4478301,15.97414589,54.33979686,61.81902124
1428,605179,一鸣食品,2026-08-04,普通席位买入，成功率39.21%,21.69,1.7832,-881020.099999994,89352109.0,90233129.1,179585238.1,898904750.0,-0.098010395428,19.9782277377,10.2927,8697690000.0,有价格涨跌幅限制的日价格振幅达到15%的前五只证券,7.60719225,-0.13831259,27.38589212,78.00829876
1429,605179,一鸣食品,2026-08-03,买一主买，成功率35.22%,21.31,10.0155,17986687.01,81825515.01,63838828.0,145664343.01,770646579.0,2.333973510054,18.901575245947,9.6216,8545310000.0,有价格涨跌幅限制的日价格振幅达到15%的前五只证券,1.78320038,9.52604411,17.87893008,64.7114031
1430,605179,一鸣食品,2026-07-31,买一主买，成功率65.60%,19.37,9.9943,-24213774.0,34653491.0,58867265.0,93520756.0,446395333.0,-5.424289236465,20.95020917255,5.2931,7767370000.0,非S证券连续三个交易日内收盘价格涨幅偏离值累计达到20%的证券,10.01548787,11.97728446,17.91430046,64.73928756
1431,605179,一鸣食品,2026-07-29,普通席位买入，成功率43.28%,16.01,10.0344,38315836.0,57777197.0,19461361.0,77238558.0,213359042.0,17.958383971372,36.201211477131,1.3904,6420010000.0,非S证券连续三个交易日内收盘价格涨幅偏离值累计达到20%的证券,9.9937539,20.9868832,45.78388507,89.81886321
1432,605180,华生科技,2026-08-18,1家机构卖出，成功率58.21%,13.1,-6.1605,-43409329.65,17230412.0,60639741.65,77870153.65,218301786.0,-19.885008934375,35.670873370683,9.0064,2213900000.0,有价格涨跌幅限制的日价格振幅达到15%的前五只证券,-8.09160305,-4.35114504,-0.38167939,
1433,605208,永茂泰,2026-07-31,普通席位买入，成功率39.36%,11.96,10.0276,35795871.37,58923490.19,23127618.82,82051109.01,201962149.0,17.724049554454,40.626973626627,5.2506,3946082400.0,有价格涨跌幅限制的日收盘价格涨幅偏离值达到7%的前五只证券,2.17391304,6.60535117,13.87959866,15.63545151
1434,605286,同力天启,2026-08-18,卖一主卖，成功率39.36%,27.52,-8.7231,-548807.739999995,112487885.0,113036692.74,225524577.74,1328552882.0,-0.041308686123,16.975205187203,7.2157,4623360000.0,非S证券连续三个交易日内收盘价格跌幅偏离值累计达到20%的证券,-9.66569767,-8.13953488,-1.92587209,
1435,605286,同力天启,2026-08-14,普通席位卖出，成功率32.73%,30.68,-10.0029,-27357258.22,37846148.0,65203406.22,103049554.22,588974830.0,-4.644894285211,17.496427516266,11.0802,5154240000.0,有价格涨跌幅限制的日收盘价格跌幅偏离值达到7%的前五只证券,-1.72750978,-10.29986962,-18.77444589,
1436,605286,同力天启,2026-08-13,买一主买，成功率33.21%,34.09,10.0032,13014761.09,37661766.09,24647005.0,62308771.09,157675400.0,8.254148135981,39.517116233731,1.3558,5727120000.0,非S证券连续三个交易日内收盘价格涨幅偏离值累计达到20%的证券,-10.00293341,-11.55764154,-25.84335582,
1437,605286,同力天启,2026-08-11,普通席位买入，成功率46.53%,28.17,9.9961,-35514716.13,54073576.87,89588293.0,143661869.87,370740330.0,-9.579404574086,38.749997840807,5.3884,4732560000.0,非S证券连续三个交易日内收盘价格涨幅偏离值累计达到20%的证券,10.01064963,21.01526447,-2.30741924,-4.18885339
1438,605287,德才股份,2026-08-07,普通席位买入，成功率41.41%,40.93,9.9973,-1170714.2,79830470.0,81001184.2,160831654.2,367718328.0,-0.318372545194,43.737731288716,6.8999,5730200000.0,有价格涨跌幅限制的日价格振幅达到15%的前五只证券,-4.51991204,-4.95968727,-4.544344,-4.05570486
1439,605288,凯迪股份,2026-08-11,买一主买，成功率47.44%,63.39,9.9948,19184794.0,49758498.0,30573704.0,80332202.0,218278837.0,8.78912232797,36.802560937229,3.7597,6229872657.03,有价格涨跌幅限制的日价格振幅达到15%的前五只证券,1.90881843,3.40747752,-2.50828206,-11.67376558
1440,605289,罗曼股份,2026-07-30,卖一主卖，成功率40.35%,77.95,-9.9885,45018581.14,449693616.0,404675034.86,854368650.86,1611584138.0,2.793436599337,53.014213202687,4.3996,11879461827.8,非S证券连续三个交易日内收盘价格跌幅偏离值累计达到20%的证券,10.00641437,5.06735087,21.86016677,37.07504811
1441,605303,园林股份,2026-08-04,普通席位买入，成功率39.15%,21.08,10.0209,5485938.0,58666887.0,53180949.0,111847836.0,266323505.0,2.059877516256,41.996982579514,2.3365,3398884560.64,非S证券连续三个交易日内收盘价格涨幅偏离值累计达到20%的证券,0.61669829,0.33206831,1.61290323,5.45540797
1442,605336,*ST帅电,2026-08-10,浙江资金买入，成功率31.81%,12.95,10.0255,-12061603.4,16869867.4,28931470.8,45801338.2,111783831.0,-10.790114538121,40.97313340424,1.9295,2375191227.5,非S证券连续三个交易日内收盘价格涨幅偏离值累计达到20%的证券,-5.48262548,-11.11969112,-15.28957529,-16.91119691
1443,605376,博迁新材,2026-08-06,3家机构买入，成功率41.33%,163.82,3.9137,-477471624.9,1399686759.72,1877158384.62,3276845144.34,8391173955.0,-5.690164778618,39.051092992625,8.26,42855312000.0,非S证券连续三个交易日内收盘价格涨幅偏离值累计达到20%的证券,0.09156391,6.20803321,2.23415944,-9.64473202
1444,605388,均瑶健康,2026-07-30,买一主买，成功率38.09%,6.12,10.0719,12706435.0,24788148.0,12081713.0,36869861.0,89647630.0,14.17375450974,41.127535663798,2.468,3674962080.0,有价格涨跌幅限制的日收盘价格涨幅偏离值达到7%的前五只证券,1.47058824,-3.43137255,-3.92156863,5.88235294
1445,605388,均瑶健康,2026-07-30,买一主买，成功率44.12%,6.12,10.0719,26406250.8,42087265.8,15681015.0,57768280.8,138998054.0,18.997568699775,41.56049609155,2.468,3674962080.0,非S证券连续三个交易日内收盘价格涨幅偏离值累计达到20%的证券,1.47058824,-3.43137255,-3.92156863,5.88235294
1446,605388,均瑶健康,2026-07-29,买一主买，成功率44.21%,5.56,10.099,17980662.8,25008573.8,7027911.0,32036484.8,49350424.0,36.434667309039,64.916331417943,1.5088,3338691040.0,有价格涨跌幅限制的日收盘价格涨幅偏离值达到7%的前五只证券,10.07194245,11.69064748,7.37410072,14.20863309
1447,605598,上海港湾,2026-08-19,卖一主卖，成功率44.56%,26.03,-9.9931,551208.710000001,50168362.0,49617153.29,99785515.29,194699022.0,0.283108104159,51.251164112165,2.9707,6325727538.27,有价格涨跌幅限制的日价格振幅达到15%的前五只证券,0.76834422,1.65194007,,
1448,688003,天准科技,2026-08-17,1家机构买入，成功率42.98%,94.8,20.0,33119857.91,245482692.97,212362835.06,457845528.03,1100106400.0,3.010604966029,41.618295105819,6.2662,18465363556.8,有价格涨跌幅限制的日收盘价格涨幅达到15%的前五只证券,-4.85232068,-14.01898734,-12.72151899,
1449,688017,绿的谐波,2026-08-19,卖一主卖，成功率34.20%,313.53,-17.6654,-196178936.56,504021450.23,700200386.79,1204221837.02,5211157100.0,-3.76459455732,23.108530675846,8.4914,57479494091.25,有价格涨跌幅限制的日收盘价格跌幅达到15%的前五只证券,-1.12588907,0.26153797,,
1450,688020,方邦股份,2026-08-07,2家机构买入，成功率35.63%,146.16,20.0,-27981706.24,136274234.38,164255940.62,300530175.0,862235800.0,-3.245249877122,34.854754928988,7.6836,12044022480.0,有价格涨跌幅限制的日收盘价格涨幅达到15%的前五只证券,-2.64094143,-6.47235906,-0.80733443,-11.13847838
1451,688046,药康生物,2026-08-10,1家机构买入，成功率41.69%,37.39,12.2486,-148346153.06,306634953.06,454981106.12,761616059.18,1852790900.0,-8.006632214137,41.106422704257,8.6246,15336862018.0,有价格涨跌幅限制的连续3个交易日内收盘价格涨幅偏离值累计达到30%的证券,5.69671035,3.2361594,7.46188821,-9.38753677
1452,688059,华锐精密,2026-08-05,买一主买，成功率44.72%,88.29,17.7828,-14990852.06,188747505.39,203738357.45,392485862.84,808797200.0,-1.853474772168,48.527104549818,7.4992,11566872193.68,有价格涨跌幅限制的日收盘价格涨幅达到15%的前五只证券,5.82172386,7.64525994,9.04972251,2.1633254
1453,688066,*ST航图,2026-08-03,普通席位买入，成功率40.17%,9.68,19.9504,10622762.87,39955382.7,29332619.83,69288002.53,188595500.0,5.63256433478,36.738947922936,5.3791,2549028756.56,有价格涨跌幅限制的连续3个交易日内收盘价格涨幅偏离值累计达到30%的证券,2.99586777,7.43801653,-5.16528926,-0.30991736
1454,688066,*ST航图,2026-08-03,普通席位买入，成功率38.59%,9.68,19.9504,1587390.69,24441828.24,22854437.55,47296265.79,130039600.0,1.220697918173,36.370663851627,5.3791,2549028756.56,有价格涨跌幅限制的日收盘价格涨幅达到15%的前五只证券,2.99586777,7.43801653,-5.16528926,-0.30991736
1455,688073,毕得医药,2026-08-10,3家机构买入，成功率41.38%,73.92,20.0,34630006.05,145451941.84,110821935.79,256273877.63,760585400.0,4.553072679281,33.6942935836,11.6166,6718067516.16,有价格涨跌幅限制的日收盘价格涨幅达到15%的前五只证券,2.01569264,7.68398268,10.71428571,-10.57900433
1456,688073,毕得医药,2026-08-10,2家机构买入，成功率41.41%,73.92,20.0,72576533.38,211471491.28,138894957.9,350366449.18,1083707500.0,6.697059250766,32.330351979662,11.6166,6718067516.16,有价格涨跌幅限制的连续3个交易日内收盘价格涨幅偏离值累计达到30%的证券,2.01569264,7.68398268,10.71428571,-10.57900433
1457,688073,毕得医药,2026-08-07,2家机构买入，成功率42.75%,61.6,20.0078,45072931.25,98701659.34,53628728.09,152330387.43,323122100.0,13.949194824495,47.14328962024,6.1221,5598389596.8,有价格涨跌幅限制的日收盘价格涨幅达到15%的前五只证券,20.0,22.41883117,35.29220779,16.23376623
1458,688077,大地熊,2026-08-18,3家机构买入，成功率41.75%,32.26,15.8348,30240551.44,67142437.06,36901885.62,104044322.68,329172800.0,9.186831791691,31.607812881259,9.3011,3693076539.04,有价格涨跌幅限制的日收盘价格涨幅达到15%的前五只证券,-7.78053317,-9.67141971,-9.42343459,
1459,688089,ST嘉必优,2026-07-28,2家机构卖出，成功率36.97%,7.95,-20.0201,902086.5,3660975.0,2758888.5,6419863.5,9504800.0,9.490851990573,67.543383343153,0.7103,1338057504.0,有价格涨跌幅限制的日收盘价格跌幅达到15%的前五只证券,-10.18867925,-12.20125786,-6.66666667,-1.25786164
1460,688095,福昕软件,2026-07-31,普通席位买入，成功率41.35%,67.03,19.9964,21084821.06,109814967.75,88730146.69,198545114.44,457974200.0,4.603932068662,43.352903818599,7.962,6123828893.72,有价格涨跌幅限制的日收盘价格涨幅达到15%的前五只证券,3.71475459,4.40101447,3.74459197,-3.40146203
1461,688095,福昕软件,2026-07-31,买一主买，成功率40.52%,67.03,19.9964,16812068.09,154196914.86,137384846.77,291581761.63,826916700.0,2.033102982441,35.261322165824,7.962,6123828893.72,有价格涨跌幅限制的连续3个交易日内收盘价格涨幅偏离值累计达到30%的证券,3.71475459,4.40101447,3.74459197,-3.40146203
1462,688112,鼎阳科技,2026-08-18,1家机构买入，成功率37.13%,69.83,20.0034,-26245786.89,166288287.75,192534074.64,358822362.39,649338400.0,-4.041927427979,55.259686226781,3.1674,11144650339.89,有价格涨跌幅限制的连续3个交易日内收盘价格涨幅偏离值累计达到30%的证券,-2.84977803,0.95947301,-1.26020335,
1463,688112,鼎阳科技,2026-08-18,1家机构买入，成功率39.86%,69.83,20.0034,10899523.35,117633464.7,106733941.35,224367406.05,331862600.0,3.284348206155,67.608524145234,3.1674,11144650339.89,有价格涨跌幅限制的日收盘价格涨幅达到15%的前五只证券,-2.84977803,0.95947301,-1.26020335,
1464,688114,华大智造,2026-08-21,普通席位买入，成功率53.10%,74.79,8.2188,159685659.47,608727174.92,449041515.45,1057768690.37,2889853600.0,5.525735264582,36.60284695287,7.6493,31085537898.96,有价格涨跌幅限制的连续3个交易日内收盘价格涨幅偏离值累计达到30%的证券,-5.65583634,-7.50100281,,
1465,688114,华大智造,2026-08-20,1家机构买入，成功率56.93%,69.11,20.0035,92436459.32,162393208.52,69956749.2,232349957.72,467601100.0,19.768229655576,49.689779968439,1.6624,28724716194.64,有价格涨跌幅限制的日收盘价格涨幅达到15%的前五只证券,8.21878165,2.09810447,,
1466,688130,晶华微,2026-08-10,普通席位买入，成功率44.30%,25.76,17.3576,-1141259.29,32749033.15,33890292.44,66639325.59,219109900.0,-0.520861581334,30.41365341776,14.663,1552944021.44,有价格涨跌幅限制的日收盘价格涨幅达到15%的前五只证券,-3.95962733,-3.37732919,-0.34937888,-8.92857143
1467,688137,近岸蛋白,2026-08-21,2家机构买入，成功率20.89%,80.99,20.003,0.0,4787305600.0,4787305600.0,4787305600.0,4787305600.0,0.0,100.0,15.1225,5662614518.47,连续10个交易日内3次出现同正向异常波动的证券,-6.79096185,3.12384245,,
1468,688137,近岸蛋白,2026-08-21,普通席位买入，成功率33.72%,80.99,20.003,72470340.03,136122570.98,63652230.95,199774801.93,794653600.0,9.119739724328,25.13985992513,15.1225,5662614518.47,有价格涨跌幅限制的日收盘价格涨幅达到15%的前五只证券,-6.79096185,3.12384245,,
1469,688137,近岸蛋白,2026-08-21,普通席位买入，成功率32.72%,80.99,20.003,72658113.69,139863645.76,67205532.07,207069177.83,950646300.0,7.643022824577,21.78193696541,15.1225,5662614518.47,有价格涨跌幅限制的连续3个交易日内收盘价格涨幅偏离值累计达到30%的证券,-6.79096185,3.12384245,,
1470,688137,近岸蛋白,2026-08-20,买一主买，成功率24.63%,67.49,20.0036,38739057.53,51624113.35,12885055.82,64509169.17,155992700.0,24.833891284656,41.353966672799,3.3058,4718728902.97,有价格涨跌幅限制的日收盘价格涨幅达到15%的前五只证券,20.0029634,11.85360794,,
1471,688137,近岸蛋白,2026-08-14,1家机构买入，成功率44.27%,69.58,8.7188,-36288310.04,153906145.5,190194455.54,344100601.04,1064133300.0,-3.410128227356,32.33623090641,13.6759,4864856379.74,有价格涨跌幅限制的连续3个交易日内收盘价格涨幅偏离值累计达到30%的证券,-1.65277379,-13.78269618,16.39839034,
1472,688137,近岸蛋白,2026-08-13,买一主买，成功率44.13%,64.0,20.0075,32073423.04,101922113.97,69848690.93,171770804.9,425013700.0,7.546444512259,40.415357175545,10.4162,4474716992.0,有价格涨跌幅限制的日收盘价格涨幅达到15%的前五只证券,8.71875,6.921875,5.453125,
1473,688137,近岸蛋白,2026-08-10,1家机构买入，成功率28.63%,54.9,17.5086,45643725.82,123390697.18,77746971.36,201137668.54,606379500.0,7.52725410737,33.17026194652,11.3916,3838468169.7,有价格涨跌幅限制的连续3个交易日内收盘价格涨幅偏离值累计达到30%的证券,2.9143898,-2.85974499,24.64480874,37.50455373
1474,688137,近岸蛋白,2026-08-10,1家机构买入，成功率36.55%,54.9,17.5086,15222118.49,87235457.89,72013339.4,159248797.29,435152500.0,3.498111234567,36.596089253767,11.3916,3838468169.7,有价格涨跌幅限制的日收盘价格涨幅达到15%的前五只证券,2.9143898,-2.85974499,24.64480874,37.50455373
1475,688137,近岸蛋白,2026-08-07,1家机构买入，成功率32.63%,46.72,20.0103,23063080.7,49555618.74,26492538.04,76048156.78,171227000.0,13.469301395224,44.413647835914,5.6155,3266543404.16,有价格涨跌幅限制的日收盘价格涨幅达到15%的前五只证券,17.50856164,20.93321918,48.92979452,73.35188356
1476,688141,杰华特,2026-08-19,2家机构卖出，成功率42.81%,120.0,-16.4229,-163437850.65,620433336.88,783871187.53,1404304524.41,3173529500.0,-5.150034075625,44.250558389642,5.5372,54038593080.0,有价格涨跌幅限制的日收盘价格跌幅达到15%的前五只证券,1.50833333,3.625,,
1477,688143,长盈通,2026-08-14,买一主买，成功率44.08%,140.0,14.8765,-99582685.3800001,1106979896.09,1206562581.47,2313542477.56,7723040100.0,-1.289423388854,29.956370128908,16.7098,17132419640.0,有价格涨跌幅限制的连续3个交易日内收盘价格涨幅偏离值累计达到30%的证券,10.0,4.14285714,13.42857143,
1478,688146,中船特气,2026-07-27,1家机构买入，成功率41.91%,284.94,15.9849,648353388.29,1882188006.8,1233834618.51,3116022625.31,12255737500.0,5.290202962408,25.42501114527,16.6454,41307991719.48,有价格涨跌幅限制的连续3个交易日内收盘价格涨幅偏离值累计达到30%的证券,-3.20769285,5.69593599,-12.96764231,14.16438548
1479,688146,中船特气,2026-07-27,1家机构买入，成功率41.34%,284.94,15.9849,-76979002.83,966396698.51,1043375701.34,2009772399.85,6544430200.0,-1.17625217899,30.709662085631,16.6454,41307991719.48,有价格涨跌幅限制的日收盘价格涨幅达到15%的前五只证券,-3.20769285,5.69593599,-12.96764231,14.16438548
1480,688147,微导纳米,2026-07-30,1家机构卖出，成功率40.37%,81.1,-15.1851,-170757234.12,411172276.23,581929510.35,993101786.58,1605953100.0,-10.632765933202,61.83877888962,4.055,37667960572.9,有价格涨跌幅限制的日收盘价格跌幅达到15%的前五只证券,6.44882861,-1.91122072,20.77681874,42.14549938
1481,688152,麒麟信安,2026-08-19,上海资金买入，成功率45.35%,37.93,8.4334,-44087088.14,48034133.8,92121221.94,140155355.74,714732800.0,-6.168331457574,19.609475840482,12.9801,3864994022.68,有价格涨跌幅限制的连续3个交易日内收盘价格涨幅偏离值累计达到30%的证券,-6.30108094,-12.73398365,,
1482,688152,麒麟信安,2026-08-18,上海资金买入，成功率41.80%,34.98,20.0,-1703176.47,39464501.34,41167677.81,80632179.15,225672000.0,-0.754713243114,35.729811031054,6.7923,3564394698.48,有价格涨跌幅限制的日收盘价格涨幅达到15%的前五只证券,8.43339051,1.60091481,-9.94854202,
1483,688158,优刻得,2026-08-04,上海资金买入，成功率40.90%,35.2,11.9949,51945778.49,633496165.25,581550386.76,1215046552.01,4261042900.0,1.219086024457,28.515238652256,13.1319,14427561561.6,有价格涨跌幅限制的连续3个交易日内收盘价格涨幅偏离值累计达到30%的证券,0.42613636,0.11363636,-0.39772727,-0.56818182
1484,688167,炬光科技,2026-08-14,2家机构买入，成功率42.60%,270.95,5.8978,-45452949.0,1666148371.54,1711601320.54,3377749692.08,10896216500.0,-0.417144327116,30.999289451343,11.1447,35261154192.45,有价格涨跌幅限制的连续3个交易日内收盘价格涨幅偏离值累计达到30%的证券,7.47370364,6.47720982,3.73500646,
1485,688167,炬光科技,2026-08-12,普通席位买入，成功率47.58%,245.52,20.0,30768516.59,396154711.0,365386194.41,761540905.41,2001940300.0,1.536934772231,38.04014062807,6.6196,31951720159.92,有价格涨跌幅限制的日收盘价格涨幅达到15%的前五只证券,4.21146953,10.35760834,8.70804822,
1486,688169,石头科技,2026-08-25,买一主买，成功率36.93%,135.0,20.0,102358590.48,568312968.06,465954377.58,1034267345.64,2557389000.0,4.002464641867,40.442316192022,7.4729,35039400930.0,有价格涨跌幅限制的日收盘价格涨幅达到15%的前五只证券,,,,
1487,688171,纬德信息,2026-07-27,1家机构买入，成功率42.85%,28.2,20.0,16517180.17,37096879.78,20579699.61,57676579.39,117538900.0,14.052522330905,49.070205174627,3.8088,3295191432.0,有价格涨跌幅限制的日收盘价格涨幅达到15%的前五只证券,-5.42553191,-10.07092199,-7.62411348,1.17021277
1488,688185,康希诺,2026-08-21,普通席位买入，成功率43.32%,77.32,20.0062,201512763.89,415146254.91,213633491.02,628779745.93,1891019100.0,10.656305052128,33.250840561579,22.3771,8843312705.32,有价格涨跌幅限制的日收盘价格涨幅达到15%的前五只证券,-2.35385411,-7.72115882,,
1489,688185,康希诺,2026-08-21,普通席位买入，成功率45.98%,77.32,20.0062,197783978.04,423260731.22,225476753.18,648737484.4,2103606000.0,9.402139851284,30.839305668457,22.3771,8843312705.32,有价格涨跌幅限制的连续3个交易日内收盘价格涨幅偏离值累计达到30%的证券,-2.35385411,-7.72115882,,
1490,688185,康希诺,2026-08-20,普通席位买入，成功率48.60%,64.43,20.0037,90485492.0,164878109.61,74392617.61,239270727.22,212586900.0,42.564001827018,112.551962148185,2.8849,7369046011.43,有价格涨跌幅限制的日收盘价格涨幅达到15%的前五只证券,20.00620829,17.18143722,,
1491,688203,海正生材,2026-08-10,1家机构买入，成功率41.49%,12.17,17.3578,23144293.25,43094404.65,19950111.4,63044516.05,150210400.0,15.407916662228,41.970806315675,6.4701,2466592087.56,有价格涨跌幅限制的日收盘价格涨幅达到15%的前五只证券,-4.51930978,-7.72391126,-1.72555464,-5.99835661
1492,688218,江苏北人,2026-08-19,普通席位卖出，成功率35.60%,39.08,-17.291,-56505472.98,78631535.88,135137008.86,213768544.74,387169800.0,-14.594493935219,55.213124768512,8.118,4551856209.04,有价格涨跌幅限制的日收盘价格跌幅达到15%的前五只证券,2.55885363,5.73183214,,
1493,688237,超卓航科,2026-07-30,普通席位卖出，成功率45.71%,54.95,-19.0722,-34869490.56,83386598.28,118256088.84,201642687.12,383710500.0,-9.08744758353,52.550734764881,7.2856,4928023262.4,有价格涨跌幅限制的日收盘价格跌幅达到15%的前五只证券,-4.82256597,-7.18835305,10.4822566,3.76706096
1494,688237,超卓航科,2026-07-27,普通席位买入，成功率42.18%,71.2,8.7853,8616839.12000001,268802862.3,260186023.18,528988885.48,1213141800.0,0.710291172887,43.604868406974,7.9765,6385354982.4,有价格涨跌幅限制的连续3个交易日内收盘价格涨幅偏离值累计达到30%的证券,-4.1994382,-4.63483146,-28.37078652,-16.12359551
1495,688258,卓易信息,2026-07-31,普通席位买入，成功率41.19%,101.52,16.4354,20146443.21,189860278.02,169713834.81,359574112.83,799003900.0,2.52144491535,45.002798212875,6.571,12298359900.24,有价格涨跌幅限制的日收盘价格涨幅达到15%的前五只证券,-6.88534279,-1.20173365,12.35224586,5.64420804
1496,688260,昀冢科技,2026-07-30,1家机构买入，成功率42.53%,102.81,16.1564,67960539.78,367360721.38,299400181.6,666760902.98,2155669000.0,3.152642626489,30.930578997982,11.5079,12337200000.0,有价格涨跌幅限制的连续3个交易日内收盘价格涨幅偏离值累计达到30%的证券,-2.65538372,-5.95272833,3.90039879,15.08608112
1497,688260,昀冢科技,2026-07-30,1家机构买入，成功率39.06%,102.81,16.1564,-72735826.91,168184944.71,240920771.62,409105716.33,1317946500.0,-5.518875531746,31.041147446425,11.5079,12337200000.0,有价格涨跌幅限制的日收盘价格涨幅达到15%的前五只证券,-2.65538372,-5.95272833,3.90039879,15.08608112
1498,688260,昀冢科技,2026-07-29,2家机构买入，成功率43.16%,88.51,19.9973,169162873.0,264559801.32,95396928.32,359956729.64,837722400.0,20.193189653279,42.968497635971,8.4458,10621200000.0,有价格涨跌幅限制的日收盘价格涨幅达到15%的前五只证券,16.15636651,13.07196927,20.47226302,44.91017964
1499,688265,南模生物,2026-08-13,1家机构买入，成功率39.99%,52.42,20.0092,26750501.42,71206216.47,44455715.05,115661931.52,288832100.0,9.261609571789,40.044694312024,7.6259,4086847351.46,有价格涨跌幅限制的日收盘价格涨幅达到15%的前五只证券,-5.22701259,-8.06943915,-14.44105303,
1500,688265,南模生物,2026-08-07,上海资金买入，成功率47.04%,42.9,20.0,13095762.42,40547671.98,27451909.56,67999581.54,157960600.0,8.290524611834,43.048444700767,4.9605,3344634707.7,有价格涨跌幅限制的日收盘价格涨幅达到15%的前五只证券,8.50815851,7.66899767,15.8041958,-1.3986014
1501,688276,百克生物,2026-08-20,买一主买，成功率41.68%,18.71,20.0128,42003594.51,73085956.21,31082361.7,104168317.91,121420800.0,34.593409457029,85.79116420745,1.5688,7739533658.58,有价格涨跌幅限制的日收盘价格涨幅达到15%的前五只证券,-7.21539284,-13.30839123,,
1502,688277,天智航,2026-07-30,1家机构卖出，成功率33.34%,17.4,-8.8528,-23062109.65,66010035.52,89072145.17,155082180.69,603447500.0,-3.821725941362,25.699365842099,6.4864,8116140546.6,有价格涨跌幅限制的日价格振幅达到30%的前五只证券,0.74712644,-7.47126437,-0.34482759,-3.67816092
1503,688286,敏芯股份,2026-08-14,上海资金买入，成功率46.22%,53.56,20.009,110192385.9,181133063.03,70940677.13,252073740.16,615181900.0,17.91216319921,40.975480611507,15.5684,4194472184.76,有价格涨跌幅限制的日收盘价格涨幅达到15%的前五只证券,-1.17625093,-5.24645258,-8.51381628,
1504,688300,联瑞新材,2026-08-12,1家机构买入，成功率42.44%,165.0,15.0146,95105345.29,490530369.45,395425024.16,885955393.61,2516595400.0,3.779127359527,35.204522491379,6.8823,39842416350.0,有价格涨跌幅限制的日收盘价格涨幅达到15%的前五只证券,-1.68484848,-0.21212121,-15.0,
1505,688313,仕佳光子,2026-08-04,1家机构买入，成功率41.05%,113.7,17.4951,289601326.71,2435498923.81,2145897597.1,4581396520.91,10670402300.0,2.714061931011,42.935555681064,9.3961,51390845493.6,有价格涨跌幅限制的连续3个交易日内收盘价格涨幅偏离值累计达到30%的证券,0.8003518,4.44151275,14.77572559,42.74406332
1506,688313,仕佳光子,2026-08-04,3家机构买入，成功率40.17%,113.7,17.4951,47902488.46,1227917480.67,1180014992.21,2407932472.88,4610696700.0,1.038942519468,52.224915876163,9.3961,51390845493.6,有价格涨跌幅限制的日收盘价格涨幅达到15%的前五只证券,0.8003518,4.44151275,14.77572559,42.74406332
1507,688316,青云科技,2026-08-04,普通席位买入，成功率40.46%,55.58,19.9914,5865222.33,80777078.35,74911856.02,155688934.37,432742900.0,1.355359574935,35.977235991625,5.8213,2662178009.82,有价格涨跌幅限制的连续3个交易日内收盘价格涨幅偏离值累计达到30%的证券,2.89672544,-1.34940626,-4.91183879,-5.70349046
1508,688316,青云科技,2026-08-04,买一主买，成功率46.37%,55.58,19.9914,22509729.63,46965139.03,24455409.4,71420548.43,150554800.0,14.951186963152,47.43824071368,5.8213,2662178009.82,有价格涨跌幅限制的日收盘价格涨幅达到15%的前五只证券,2.89672544,-1.34940626,-4.91183879,-5.70349046
1509,688322,奥比中光,2026-08-04,买一主买，成功率41.39%,106.18,5.9363,147340493.26,1182960366.97,1035619873.71,2218580240.68,6087405900.0,2.420415127238,36.445413319325,5.0797,34005609434.56,有价格涨跌幅限制的连续3个交易日内收盘价格涨幅偏离值累计达到30%的证券,2.67470333,2.61819552,7.72273498,8.41024675
1510,688322,奥比中光,2026-07-31,2家机构买入，成功率40.24%,93.86,17.3543,46151820.49,439067060.9,392915240.41,831982301.31,2208200400.0,2.090019569329,37.676938257506,7.4196,30059959517.12,有价格涨跌幅限制的日收盘价格涨幅达到15%的前五只证券,6.7867036,13.12593224,19.19880673,17.17451524
1511,688328,深科达,2026-08-21,上海资金买入，成功率41.96%,91.16,19.9947,114026733.61,231819733.89,117793000.28,349612734.17,1103203300.0,10.335967415072,31.690689664362,13.5324,8610635852.2,有价格涨跌幅限制的日收盘价格涨幅达到15%的前五只证券,-2.25976305,-2.87406757,,
1512,688356,键凯科技,2026-08-24,普通席位买入，成功率49.08%,124.0,15.5208,149289878.22,453633760.71,304343882.49,757977643.2,1890200800.0,7.898096235067,40.100376806528,24.9554,7520686800.0,有价格涨跌幅限制的日收盘价格涨幅达到15%的前五只证券,7.58870968,,,
1513,688356,键凯科技,2026-08-21,普通席位买入，成功率24.69%,107.34,20.0,-79065033.9,127421668.12,206486702.02,333908370.14,402923000.0,-19.622864393445,82.871508983106,5.3919,6510246138.0,有价格涨跌幅限制的连续3个交易日内收盘价格涨幅偏离值累计达到30%的证券,15.52077511,24.28731135,,
1514,688356,键凯科技,2026-08-21,普通席位买入，成功率31.36%,107.34,20.0,-87929707.8,118494558.12,206424265.92,324918824.04,351028200.0,-25.04918630469,92.562028931009,5.3919,6510246138.0,有价格涨跌幅限制的日收盘价格涨幅达到15%的前五只证券,15.52077511,24.28731135,,
1515,688369,致远互联,2026-07-31,1家机构买入，成功率40.31%,22.0,16.1563,1778758.72999999,161257185.81,159478427.08,320735612.89,589360900.0,0.301811458819,54.420918131827,17.3652,2534797562.0,有价格涨跌幅限制的连续3个交易日内收盘价格涨幅偏离值累计达到30%的证券,-4.22727273,-3.45454545,-0.22727273,-5.0
1516,688378,奥来德,2026-08-17,买一主买，成功率43.55%,50.36,19.9905,61584867.0,185786111.71,124201244.71,309987356.42,736527000.0,8.361521980864,42.087711166054,6.5017,12134774355.56,有价格涨跌幅限制的日收盘价格涨幅达到15%的前五只证券,-0.43685465,-9.45194599,-13.28435266,
1517,688380,中微半导,2026-08-17,买一主买，成功率42.05%,47.05,16.8073,58431069.5,203629762.92,145198693.42,348828456.34,1317129800.0,4.436242312641,26.483984823667,7.3872,18837173250.0,有价格涨跌幅限制的日收盘价格涨幅达到15%的前五只证券,-0.63761955,-8.43783209,-11.81721573,
1518,688419,耐科装备,2026-08-24,普通席位买入，成功率42.66%,56.78,16.281,62009975.72,131381905.48,69371929.76,200753835.24,596790200.0,10.390582104063,33.638929600386,9.4335,6504243765.82,有价格涨跌幅限制的日收盘价格涨幅达到15%的前五只证券,-1.6555125,,,
1519,688419,耐科装备,2026-08-07,普通席位买入，成功率43.55%,49.67,20.0048,25135974.49,87445506.19,62309531.7,149755037.89,354893400.0,7.082682994386,42.197188758653,6.8316,5689781399.23,有价格涨跌幅限制的日收盘价格涨幅达到15%的前五只证券,-3.16086169,-5.95933159,1.46970002,-1.69116167
1520,688432,有研硅,2026-08-06,普通席位买入，成功率42.48%,37.85,14.8013,-76043275.99,867158171.71,943201447.7,1810359619.41,7386942600.0,-1.02942827781,24.507563107503,7.5466,47323925325.3,有价格涨跌幅限制的连续3个交易日内收盘价格涨幅偏离值累计达到30%的证券,2.85336856,10.27741083,4.01585205,18.83751651
1521,688432,有研硅,2026-08-05,普通席位买入，成功率41.98%,32.97,17.624,2273176.30000001,350260358.14,347987181.84,698247539.98,2642902400.0,0.086010603343,26.419724768497,6.7143,41222452258.26,有价格涨跌幅限制的日收盘价格涨幅达到15%的前五只证券,14.80133455,18.07703973,23.44555657,45.67788899
1522,688432,有研硅,2026-07-30,普通席位卖出，成功率40.87%,28.88,-19.9335,131881683.99,385359118.43,253477434.44,638836552.87,2259965200.0,5.835562600256,28.267539379367,5.6741,36108717659.04,有价格涨跌幅限制的日收盘价格跌幅达到15%的前五只证券,1.03878116,-7.61772853,31.05955679,36.32271468
1523,688433,华曙高科,2026-08-20,普通席位买入，成功率40.12%,103.25,20.0023,97908712.18,231759259.53,133850547.35,365609806.88,1071039400.0,9.141466894682,34.135981074086,2.6376,42908381727.75,有价格涨跌幅限制的日收盘价格涨幅达到15%的前五只证券,1.55932203,2.66343826,,
1524,688485,九州一轨,2026-08-18,普通席位买入，成功率38.70%,89.99,12.319,261337034.87,719651899.94,458314865.07,1177966765.01,3674566900.0,7.112049990708,32.057295378402,9.6932,13524782659.38,有价格涨跌幅限制的连续3个交易日内收盘价格涨幅偏离值累计达到30%的证券,-4.43382598,-6.00066674,-4.82275808,
1525,688485,九州一轨,2026-08-14,普通席位买入，成功率41.17%,72.1,20.0067,119816725.86,287273683.88,167456958.02,454730641.9,1278614800.0,9.370822694998,35.564318659537,12.253,10836057670.2,有价格涨跌幅限制的日收盘价格涨幅达到15%的前五只证券,11.12343967,24.81276006,15.28432732,
1526,688496,*ST清越,2026-08-13,普通席位买入，成功率40.04%,1.04,19.5402,-461594.51,2189172.26,2650766.77,4839939.03,18183900.0,-2.538479149137,26.616617062346,7.7952,247463424.0,有价格涨跌幅限制的日收盘价格涨幅达到15%的前五只证券,-11.53846154,-17.30769231,-13.46153846,
1527,688496,*ST清越,2026-07-29,普通席位卖出，成功率35.80%,1.04,-2.8037,-584429.56,3406102.87,3990532.43,7396635.3,35597300.0,-1.641780584483,20.778641357631,13.232,247463424.0,有价格涨跌幅限制的日价格振幅达到30%的前五只证券,-13.46153846,-15.38461538,-14.42307692,-16.34615385
1528,688496,*ST清越,2026-07-28,普通席位买入，成功率32.06%,1.07,20.2247,-714161.45,2228488.54,2942649.99,5171138.53,15551300.0,-4.592294213346,33.252130239916,6.1882,254601792.0,有价格涨跌幅限制的日收盘价格涨幅达到15%的前五只证券,-2.80373832,-15.88785047,-14.01869159,-17.75700935
1529,688496,*ST清越,2026-07-28,普通席位买入，成功率30.49%,1.07,20.2247,-814594.84,2351673.94,3166268.78,5517942.72,22476500.0,-3.624206793762,24.549830801059,6.1882,254601792.0,有价格涨跌幅限制的连续3个交易日内收盘价格涨幅偏离值累计达到30%的证券,-2.80373832,-15.88785047,-14.01869159,-17.75700935
1530,688496,*ST清越,2026-07-27,西藏自治区资金买入，成功率27.59%,0.89,20.2703,-189077.65,1580331.23,1769408.88,3349740.11,6925200.0,-2.730284323918,48.370301363138,3.3241,211771584.0,有价格涨跌幅限制的日收盘价格涨幅达到15%的前五只证券,20.2247191,16.85393258,4.49438202,-3.37078652
1531,688498,源杰科技,2026-07-30,4家机构卖出，成功率41.54%,1016.8,-17.1987,125150850.27,2814349540.27,2689198690.0,5503548230.27,11039757800.0,1.133637644387,49.852074021678,8.4067,124956732019.2,有价格涨跌幅限制的日收盘价格跌幅达到15%的前五只证券,7.40558615,12.80586153,31.09756098,47.58851298
1532,688498,源杰科技,2026-07-28,2家机构卖出，成功率42.24%,1226.0,-16.7691,-150784001.78,1719320552.57,1870104554.35,3589425106.92,8329078900.0,-1.810332253906,43.095102712018,5.2273,150665768544.0,有价格涨跌幅限制的日收盘价格跌幅达到15%的前五只证券,0.16313214,-17.06362153,7.2593801,10.19575856
1533,688503,聚和材料,2026-08-18,买一主买，成功率45.52%,102.12,6.7308,165156075.81,1193760352.65,1028604276.84,2222364629.49,7753876600.0,2.129980709391,28.661336053375,15.865,24716475623.16,有价格涨跌幅限制的连续3个交易日内收盘价格涨幅偏离值累计达到30%的证券,-7.66745006,-7.43243243,-15.71680376,
1534,688503,聚和材料,2026-08-17,买一主买，成功率49.54%,95.68,20.005,61879059.37,421536730.32,359657670.95,781194401.27,2540248400.0,2.43594521583,30.752677622787,11.9314,23157778962.24,有价格涨跌幅限制的日收盘价格涨幅达到15%的前五只证券,6.73076923,-1.4527592,-7.19063545,
1535,688530,欧莱新材,2026-08-06,上海资金买入，成功率42.32%,58.5,14.1463,-9962492.79999995,418059945.6,428022438.4,846082384.0,2548263500.0,-0.390952222955,33.202311456409,28.0002,4082057694.0,有价格涨跌幅限制的连续3个交易日内收盘价格涨幅偏离值累计达到30%的证券,5.21367521,6.83760684,8.27350427,10.64957265
1536,688549,中巨芯,2026-08-06,买一主买，成功率42.80%,27.85,19.9914,64158577.68,611606894.05,547448316.37,1159055210.42,4944339600.0,1.297616726812,23.442063130534,32.1986,16412534150.0,有价格涨跌幅限制的日收盘价格涨幅达到15%的前五只证券,3.30341113,4.73967684,-1.61579892,-5.92459605
1537,688549,中巨芯,2026-08-06,买一主买，成功率42.80%,27.85,19.9914,64158577.68,611606894.05,547448316.37,1159055210.42,4944339600.0,1.297616726812,23.442063130534,32.1986,16412534150.0,有价格涨跌幅限制的日换手率达到30%的前五只证券,3.30341113,4.73967684,-1.61579892,-5.92459605
1538,688549,中巨芯,2026-08-06,买一主买，成功率43.21%,27.85,19.9914,151036546.8,904444509.19,753407962.39,1657852471.58,7144294900.0,2.114086119261,23.205263707409,32.1986,16412534150.0,有价格涨跌幅限制的连续3个交易日内收盘价格涨幅偏离值累计达到30%的证券,3.30341113,4.73967684,-1.61579892,-5.92459605
1539,688549,中巨芯,2026-08-05,买一主买，成功率42.98%,23.21,20.0103,122075579.28,353785977.64,231710398.36,585496376.0,2199955300.0,5.549002712919,26.614012384706,17.3382,13678093990.0,有价格涨跌幅限制的日收盘价格涨幅达到15%的前五只证券,19.99138302,23.95519173,24.17061611,17.14778113
1540,688585,上纬新材,2026-08-19,1家机构卖出，成功率41.78%,152.5,-19.2994,-150062033.87,255948043.5,406010077.37,661958120.87,1854754100.0,-8.090670017659,35.689804964982,2.8331,61512663520.0,有价格涨跌幅限制的日收盘价格跌幅达到15%的前五只证券,-6.95081967,-5.66557377,,
1541,688596,正帆科技,2026-08-06,1家机构买入，成功率42.08%,61.0,6.2348,10125751.6899998,1355155356.08,1345029604.39,2700184960.47,7227069600.0,0.140108678212,37.362099853999,15.0171,18891126539.0,有价格涨跌幅限制的连续3个交易日内收盘价格涨幅偏离值累计达到30%的证券,8.16393443,15.57377049,17.80327869,8.52459016
1542,688596,正帆科技,2026-08-05,1家机构买入，成功率41.12%,57.42,20.0,135529741.22,515831098.92,380301357.7,896132456.62,2466440400.0,5.494953018934,36.333027006045,15.3207,16697694600.18,有价格涨跌幅限制的日收盘价格涨幅达到15%的前五只证券,6.23476141,14.90769767,31.22605364,13.51445489
1543,688600,皖仪科技,2026-08-05,上海资金买入，成功率41.05%,27.44,19.9825,38573513.16,72850135.49,34276622.33,107126757.82,166824900.0,23.122155721358,64.215088886611,4.7851,3696400965.6,有价格涨跌幅限制的日收盘价格涨幅达到15%的前五只证券,-0.80174927,4.62827988,0.36443149,-2.73323615
1544,688607,康众医疗,2026-07-31,普通席位买入，成功率32.52%,38.68,17.0348,13130021.75,46135563.78,33005542.03,79141105.81,131260600.0,10.003018232432,60.293115992156,4.3737,3068446764.36,有价格涨跌幅限制的日收盘价格涨幅达到15%的前五只证券,-9.04860393,-5.66184074,24.09513961,18.87280248
1545,688617,惠泰医疗,2026-08-20,3家机构买入，成功率42.19%,266.22,16.5128,348488106.26,845932250.86,497444144.6,1343376395.46,2085712000.0,16.708352172304,64.408527901264,3.4535,37677893507.64,有价格涨跌幅限制的连续3个交易日内收盘价格涨幅偏离值累计达到30%的证券,-1.02171137,-2.87356322,,
1546,688622,*ST禾信,2026-07-28,上海资金买入，成功率41.87%,109.19,3.9806,-38392417.1,60275813.2,98668230.3,158944043.5,311276500.0,-12.333863012466,51.062011909026,1.1798,7694130237.99,有价格涨跌幅限制的连续3个交易日内收盘价格涨幅偏离值累计达到30%的证券,0.49455078,-3.42522209,5.43090027,3.21458009
1547,688635,长进光子,2026-08-14,普通席位买入，成功率43.46%,355.55,13.9949,1343936.95000005,701471459.23,700127522.28,1401598981.51,4894780900.0,0.02745652926,28.634560159986,32.4989,6313329619.35,有价格涨跌幅限制的连续3个交易日内收盘价格涨幅偏离值累计达到30%的证券,0.68907327,-1.53283645,-9.61608775,
1548,688635,长进光子,2026-08-14,上海资金买入，成功率43.93%,355.55,13.9949,-46595510.95,240857720.07,287453231.02,528310951.09,1904547500.0,-2.446539713502,27.739447353768,32.4989,6313329619.35,有价格涨跌幅限制的日换手率达到30%的前五只证券,0.68907327,-1.53283645,-9.61608775,
1549,688635,长进光子,2026-08-13,普通席位买入，成功率42.84%,311.9,3.9597,-27240640.07,266253865.96,293494506.03,559748371.99,1733253000.0,-1.571648228504,32.294672040954,30.548,5538257652.3,有价格涨跌幅限制的日换手率达到30%的前五只证券,13.99487015,14.78037833,7.87752485,
1550,688635,长进光子,2026-08-12,买一主买，成功率39.04%,300.02,19.9984,100220785.74,251041939.77,150821154.03,401863093.8,1256980400.0,7.973138303509,31.970513923686,25.3856,5327310230.34,有价格涨跌幅限制的日收盘价格涨幅达到15%的前五只证券,3.95973602,18.50876608,5.08299447,
1551,688661,和林微纳,2026-08-04,1家机构买入，成功率41.08%,93.79,19.9974,65161754.35,205300290.98,140138536.63,345438827.61,597115700.0,10.912751808402,57.851238480248,4.4648,14245559200.54,有价格涨跌幅限制的日收盘价格涨幅达到15%的前五只证券,3.33724278,10.88602196,8.40174859,14.08465721
1552,688661,和林微纳,2026-08-04,1家机构买入，成功率40.82%,93.79,19.9974,168279443.76,616434183.57,448154739.81,1064588923.38,1949232300.0,8.633113855132,54.615805585614,4.4648,14245559200.54,有价格涨跌幅限制的连续3个交易日内收盘价格涨幅偏离值累计达到30%的证券,3.33724278,10.88602196,8.40174859,14.08465721
1553,688661,和林微纳,2026-07-31,1家机构买入，成功率40.01%,81.28,18.7436,-10371230.17,279456067.52,289827297.69,569283365.21,755207300.0,-1.373295805006,75.381072880254,6.1162,12345442497.28,有价格涨跌幅限制的日收盘价格涨幅达到15%的前五只证券,-3.83858268,15.39124016,33.57529528,28.78937008
1554,688662,富信科技,2026-08-14,买一主买，成功率35.84%,98.4,20.0,181256178.07,380921449.0,199665270.93,580586719.93,1687193500.0,10.743058106258,34.41138908667,15.5199,11287035369.6,有价格涨跌幅限制的日收盘价格涨幅达到15%的前五只证券,9.66463415,7.4796748,-6.68699187,
1555,688663,新风光,2026-07-30,上海资金卖出，成功率40.57%,46.0,-16.9675,4660401.37000001,140697403.83,136037002.46,276734406.29,554968500.0,0.839759620591,49.864885356556,5.7033,9073407264.0,有价格涨跌幅限制的日收盘价格跌幅达到15%的前五只证券,7.26086957,8.7173913,16.95652174,18.30434783
1556,688663,新风光,2026-07-27,1家机构买入，成功率42.97%,56.3,15.677,35264335.95,146632756.01,111368420.06,258001176.07,526693500.0,6.695418863153,48.985069318304,4.9819,11105061499.2,有价格涨跌幅限制的日收盘价格涨幅达到15%的前五只证券,-5.86145648,-1.59857904,-11.1722913,-7.24689165
1557,688668,鼎通科技,2026-08-04,3家机构买入，成功率40.03%,218.8,18.5009,154775111.56,683003682.33,528228570.77,1211232253.1,1801037900.0,8.593662107832,67.251902533534,6.2109,30472408592.8,有价格涨跌幅限制的日收盘价格涨幅达到15%的前五只证券,3.87568556,6.03290676,11.50365631,25.36563071
1558,688677,海泰新光,2026-08-17,买一主买，成功率46.54%,89.76,20.0,-95405652.92,322355209.42,417760862.34,740116071.76,1305941500.0,-7.305507399834,56.672988166775,13.0556,10760159520.0,有价格涨跌幅限制的日收盘价格涨幅达到15%的前五只证券,7.55347594,-3.93270945,-6.1385918,
1559,688685,迈信林,2026-07-31,普通席位买入，成功率43.37%,46.71,8.527,40275994.87,343486859.26,303210864.39,646697723.65,1438495500.0,2.799869368378,44.956534354817,8.3028,6859441365.57,有价格涨跌幅限制的连续3个交易日内收盘价格涨幅偏离值累计达到30%的证券,-10.70434596,-3.4467994,-7.94262471,-5.75893813
1560,688693,锴威特,2026-08-06,买一主买，成功率23.33%,77.82,20.0,12458203.8,18312524.58,5854320.78,24166845.36,35331100.0,35.26129613853,68.401055613893,1.167,3027541497.48,有价格涨跌幅限制的日收盘价格涨幅达到15%的前五只证券,19.99485993,9.48342328,11.89925469,-0.71960935
1561,688693,锴威特,2026-08-06,普通席位买入，成功率41.59%,77.82,20.0,20341038.69,95254421.33,74913382.64,170167803.97,389468300.0,5.222771324393,43.6923374688,1.167,3027541497.48,有价格涨跌幅限制的连续3个交易日内收盘价格涨幅偏离值累计达到30%的证券,19.99485993,9.48342328,11.89925469,-0.71960935
1562,688709,成都华微,2026-07-27,普通席位买入，成功率44.01%,27.0,15.8798,43713743.75,91731489.09,48017745.34,139749234.43,463612200.0,9.428945948791,30.143562751369,7.9196,5987148777.0,有价格涨跌幅限制的日收盘价格涨幅达到15%的前五只证券,-6.66666667,-7.40740741,-8.33333333,0.03703704
1563,688717,艾罗能源,2026-08-25,3家机构卖出，成功率44.28%,49.16,-16.0376,21459262.04,167012608.2,145553346.16,312565954.36,771665900.0,2.780900651435,40.505347503369,15.8549,4869190241.28,有价格涨跌幅限制的日收盘价格跌幅达到15%的前五只证券,,,,
1564,688759,必贝特,2026-07-28,5家机构卖出，成功率18.62%,23.2,-17.2611,-196949292.85,39714144.73,236663437.58,276377582.31,460202200.0,-42.796251919265,60.05568472076,26.6958,1670400000.0,有价格涨跌幅限制的日收盘价格跌幅达到15%的前五只证券,-4.18103448,-8.96551724,-4.31034483,15.43103448
1565,688759,必贝特,2026-07-28,4家机构卖出，成功率19.53%,23.2,-17.2611,-190214076.93,84100192.68,274314269.61,358414462.29,898384500.0,-21.172902797188,39.895441460755,26.6958,1670400000.0,有价格涨跌幅限制的连续3个交易日内收盘价格跌幅偏离值累计达到30%的证券,-4.18103448,-8.96551724,-4.31034483,15.43103448
1566,688765,禾元生物,2026-07-28,5家机构卖出，成功率41.75%,36.89,-19.9783,-311148209.55,70186128.72,381334338.27,451520466.99,647365500.0,-48.063761437704,69.747378720367,23.2714,2655004508.94,有价格涨跌幅限制的日收盘价格跌幅达到15%的前五只证券,-6.15342911,-11.19544592,-6.39739767,6.77690431
1567,688783,西安奕材,2026-07-28,5家机构卖出，成功率41.33%,28.43,-19.9831,-612229868.85,259167797.79,871397666.64,1130565464.43,1982024300.0,-30.889120221685,57.040948712385,24.2112,7644827000.0,有价格涨跌幅限制的日收盘价格跌幅达到15%的前五只证券,-6.50721069,-13.85860007,-8.33626451,9.25079142
1568,688796,百奥赛图,2026-07-29,5家机构卖出，成功率31.97%,112.34,-19.1799,-64205359.65,85080372.34,149285731.99,234366104.33,683262000.0,-9.396887233594,34.301059378394,14.0375,4337166325.32,有价格涨跌幅限制的日收盘价格跌幅达到15%的前五只证券,-3.86327221,-5.31422468,3.45380096,19.6902261
1569,688806,泰诺麦博,2026-07-30,普通席位卖出，成功率45.40%,23.47,-13.1384,-18741323.25,41386733.65,60128056.9,101514790.55,464483300.0,-4.034875581103,21.855423122855,36.5657,1197572240.2,有价格涨跌幅限制的日换手率达到30%的前五只证券,6.1780997,1.57648061,11.41883255,18.78994461
1570,688806,泰诺麦博,2026-07-29,普通席位买入，成功率44.96%,27.02,3.5646,9021175.82,52948352.83,43927177.01,96875529.84,423812200.0,2.128578606279,22.858126745761,30.2281,1378713333.2,有价格涨跌幅限制的日换手率达到30%的前五只证券,-13.13841599,-7.77202073,-1.18430792,5.03330866
1571,688806,泰诺麦博,2026-07-28,普通席位卖出，成功率41.31%,26.09,-8.4882,9530753.75,53995118.96,44464365.21,98459484.17,520180300.0,1.832201978814,18.927953282737,37.5425,1331259469.4,有价格涨跌幅限制的日换手率达到30%的前五只证券,3.56458413,-10.04216175,-0.72824837,7.3974703
1572,688808,联讯仪器,2026-08-04,2家机构买入，成功率40.11%,1948.8,20.0,150355455.21,1119602229.46,969246774.25,2088849003.71,4126816400.0,3.643376410203,50.616475298247,11.555,37604325427.2,有价格涨跌幅限制的日收盘价格涨幅达到15%的前五只证券,6.68103448,7.50256568,5.8102422,21.71592775
1573,688813,泰金新能,2026-08-10,普通席位卖出，成功率42.08%,118.2,-8.365,-43645450.07,129770488.81,173415938.88,303186427.69,1215236400.0,-3.591519318381,24.948761219628,33.8769,3555098563.2,有价格涨跌幅限制的日换手率达到30%的前五只证券,-3.18950931,-1.11675127,6.59052453,-6.85279188
1574,688813,泰金新能,2026-08-07,普通席位买入，成功率46.95%,128.99,17.6916,-25838539.18,154029319.49,179867858.67,333897178.16,1170355800.0,-2.207750769467,28.529544447936,32.0229,3879629134.24,有价格涨跌幅限制的日换手率达到30%的前五只证券,-8.36498953,-11.28769672,-10.41941236,-11.92340492
1575,688828,国仪公司,2026-08-25,2家机构买入，成功率39.98%,102.96,6.1443,79184630.15,249341147.0,170156516.85,419497663.85,830807700.0,9.531041918605,50.49275107224,32.0508,2680978837.68,有价格涨跌幅限制的日换手率达到30%的前五只证券,,,,
1576,688828,国仪公司,2026-08-21,1家机构买入，成功率40.80%,89.59,10.3869,129100484.64,261375147.5,132274662.86,393649810.36,1024157500.0,12.605530364226,38.436452436271,42.6228,2332836966.47,有价格涨跌幅限制的日换手率达到30%的前五只证券,8.27101239,14.92354057,,
1577,688828,国仪公司,2026-08-19,普通席位卖出，成功率24.50%,79.42,-18.208,-72331378.24,60154449.69,132485827.93,192640277.62,663949900.0,-10.894101835093,29.014279182812,30.4319,2068020000.86,有价格涨跌幅限制的日换手率达到30%的前五只证券,2.19088391,12.80533871,,
1578,688828,国仪公司,2026-08-19,普通席位卖出，成功率24.50%,79.42,-18.208,-72331378.24,60154449.69,132485827.93,192640277.62,663949900.0,-10.894101835093,29.014279182812,30.4319,2068020000.86,有价格涨跌幅限制的日收盘价格跌幅达到15%的前五只证券,2.19088391,12.80533871,,
1579,688828,国仪公司,2026-08-18,普通席位卖出，成功率48.43%,97.1,-7.4798,-91627435.17,98310842.56,189938277.73,288249120.29,824680200.0,-11.110662675059,34.95283629824,31.6508,2528390104.3,有价格涨跌幅限制的日换手率达到30%的前五只证券,-18.20803296,-16.41606591,6.03501545,
1580,900915,ST中路B,2026-08-10,上海资金买入，成功率20.00%,0.284,10.0775,122155.24,228387.34,106232.1,334619.44,355855.0,34.327251268073,94.032524483287,1.5368,1882162437.1,有价格涨跌幅限制的日收盘价格涨幅偏离值达到7%的前五只证券,-4.22535211,-3.16901408,-5.63380282,-7.74647887
1581,900915,ST中路B,2026-08-10,普通席位买入，成功率25.76%,0.284,10.0775,307551.89,511171.79,203619.9,714791.69,904519.0,34.001705879036,79.024508053452,1.5368,1882162437.1,非S证券连续三个交易日内收盘价格涨幅偏离值累计达到20%的证券,-4.22535211,-3.16901408,-5.63380282,-7.74647887
1582,900915,ST中路B,2026-08-06,普通席位买入，成功率41.17%,0.255,9.9138,131335.55,256453.85,125118.3,381572.15,416892.0,31.503494909953,91.527817756158,2.0007,1786937642.2,有价格涨跌幅限制的日收盘价格涨幅偏离值达到7%的前五只证券,1.17647059,11.37254902,8.62745098,0.39215686
1583,900915,ST中路B,2026-08-03,普通席位买入，成功率58.67%,0.221,9.9502,37477.47,88504.17,51026.7,139530.87,165218.0,22.68364827077,84.452583858902,0.9064,1596112233.3,有价格涨跌幅限制的日收盘价格涨幅偏离值达到7%的前五只证券,4.52488688,4.97737557,28.50678733,21.26696833
1584,900916,凤凰B股,2026-08-03,江苏资金买入，成功率42.22%,0.488,9.9099,501420.0,668511.2,167091.2,835602.4,962287.0,52.107115652607,86.835050250081,1.3007,3414688987.8,有价格涨跌幅限制的日收盘价格涨幅偏离值达到7%的前五只证券,-5.53278689,0.0,3.07377049,4.50819672
1585,900916,凤凰B股,2026-07-31,普通席位买入，成功率63.33%,0.444,9.901,535615.6,922745.6,387130.0,1309875.6,1430913.0,37.431737638836,91.541246742464,0.6121,3346153620.66,非S证券连续三个交易日内收盘价格涨幅偏离值累计达到20%的证券,9.90990991,3.82882883,13.51351351,14.86486486
1586,900916,凤凰B股,2026-07-31,普通席位买入，成功率56.67%,0.444,9.901,182040.0,317104.8,135064.8,452169.6,411988.0,44.185752983097,109.753099604843,0.6121,3346153620.66,有价格涨跌幅限制的日收盘价格涨幅偏离值达到7%的前五只证券,9.90990991,3.82882883,13.51351351,14.86486486
1587,900916,凤凰B股,2026-07-30,买一主买，成功率63.33%,0.404,10.0817,387880.4,744370.0,356489.6,1100859.6,1018925.0,38.067610471821,108.041278798734,1.6636,3281661596.17,有价格涨跌幅限制的日收盘价格涨幅偏离值达到7%的前五只证券,9.9009901,20.79207921,21.03960396,23.76237624
1588,920038,森合高科,2026-08-11,主力做T，成功率20.92%,41.61,-9.6613,-18845301.28,30406824.22,49252125.5,79658949.72,351558200.0,-5.360506817932,22.658822840713,23.89,1421650630.41,当日换手率达到20%的前5只股票,1.20163422,-1.89858207,-8.5075703,-9.10838741
1589,920038,森合高科,2026-08-10,普通席位买入，成功率50.81%,46.06,0.6776,-6687410.6,54726331.86,61413742.46,116140074.32,361261000.0,-1.851129958673,32.148522624917,22.8948,1573689690.86,当日换手率达到20%的前5只股票,-9.66131133,-8.57577073,-15.37125488,-14.6765089
1590,920038,森合高科,2026-08-06,主力做T，成功率40.36%,47.69,-1.2834,46532137.42,123141380.73,76609243.31,199750624.04,753777800.0,6.173190218656,26.499934601417,44.0849,1629380402.89,当日换手率达到20%的前5只股票,-4.06793877,-3.41790732,-14.40553575,-24.00922625
1591,920045,蘅东光,2026-08-05,5家机构买入，成功率39.47%,323.81,10.1057,85403613.36,191892646.73,106489033.37,298381680.1,826002200.0,10.339392965297,36.123593871784,9.5197,9124495951.69,当日价格振幅达到30%的前5只股票,4.52425805,5.30866866,15.37630092,6.23513789
1592,920045,蘅东光,2026-08-04,4家机构买入，成功率40.37%,294.09,20.8258,60513826.13,178245242.29,117731416.16,295976658.45,736389900.0,8.217633909699,40.192927476327,9.3411,8287029475.41,当日收盘价涨幅达到20%的前5只股票,10.10574994,15.0872182,19.5042334,28.32806284
1593,920059,双英集团,2026-08-25,1家机构买入，成功率23.19%,15.05,0.6016,4156223.64,17578209.04,13421985.4,31000194.44,109281800.0,3.803216674689,28.367207018918,22.3162,486390806.3,当日换手率达到20%的前5只股票,,,,
1594,920059,双英集团,2026-08-24,2家机构卖出，成功率30.81%,14.96,-4.2254,-11204445.04,15990394.54,27194839.58,43185234.12,136895800.0,-8.18465215149,31.546062129006,27.8606,483482156.96,当日换手率达到20%的前5只股票,0.60160428,,,
1595,920059,双英集团,2026-08-21,2家机构卖出，成功率35.01%,15.62,-9.8673,14430242.21,36197415.77,21767173.56,57964589.33,215257400.0,6.703714813056,26.928035612248,42.3031,504812252.12,当日换手率达到20%的前5只股票,-4.22535211,-3.64916773,,
1596,920059,双英集团,2026-08-20,浙江资金卖出，成功率30.73%,17.33,-29.9798,-12817558.05,24150616.08,36968174.13,61118790.21,330126500.0,-3.882620162271,18.513748581226,56.6217,560076589.58,当日收盘价跌幅达到-20%的前5只股票,-9.86728217,-13.67570687,,
1597,920059,双英集团,2026-08-20,浙江资金卖出，成功率30.73%,17.33,-29.9798,-12817558.05,24150616.08,36968174.13,61118790.21,330126500.0,-3.882620162271,18.513748581226,56.6217,560076589.58,当日换手率达到20%的前5只股票,-9.86728217,-13.67570687,,
1598,920065,千岸科技,2026-08-04,主力做T，成功率31.93%,41.25,4.9618,-8393528.04,20131422.91,28524950.95,48656373.86,217256200.0,-3.86342393911,22.395850548799,33.767,649687500.0,当日换手率达到20%的前5只股票,-1.6,-3.80606061,-10.90909091,-13.64848485
1599,920065,千岸科技,2026-08-03,主力做T，成功率41.67%,39.3,-1.0325,16511804.78,30136638.93,13624834.15,43761473.08,176900300.0,9.333960869484,24.737930393561,29.1081,618975000.0,当日换手率达到20%的前5只股票,4.96183206,3.28244275,-2.84987277,-10.3307888
1600,920065,千岸科技,2026-07-31,西藏自治区资金卖出，成功率36.95%,39.71,-2.2643,7244170.1,27477774.55,20233604.45,47711379.0,293198700.0,2.470737455521,16.27271164572,44.7439,625432500.0,当日换手率达到20%的前5只股票,-1.03248552,3.87811634,-2.82044825,-10.22412491
1601,920065,千岸科技,2026-07-30,主力做T，成功率25.02%,40.63,-29.9845,-15293320.76,26125670.25,41418991.01,67544661.26,441225200.0,-3.466103196282,15.308432351552,62.7542,639922500.0,当日换手率达到20%的前5只股票,-2.2643367,-3.27344327,-2.33817376,-13.04454836
1602,920065,千岸科技,2026-07-30,主力做T，成功率25.02%,40.63,-29.9845,-15293320.76,26125670.25,41418991.01,67544661.26,441225200.0,-3.466103196282,15.308432351552,62.7542,639922500.0,当日收盘价跌幅达到-20%的前5只股票,-2.2643367,-3.27344327,-2.33817376,-13.04454836
1603,920079,乔路铭,2026-07-28,普通席位买入，成功率43.04%,17.19,6.3738,10550695.0,38857049.98,28306354.98,67163404.96,347397900.0,3.037063551622,19.333278917345,45.3307,773550000.0,当日换手率达到20%的前5只股票,-6.63176265,-14.13612565,-14.01977894,-15.64863293
1604,920079,乔路铭,2026-07-27,普通席位买入，成功率31.43%,16.16,6.1761,20934272.19,44466280.38,23532008.19,67998288.57,288423600.0,7.258168953581,23.575840732173,41.6503,727200000.0,当日换手率达到20%的前5只股票,6.37376238,-0.68069307,-8.10643564,-8.41584158
1605,920083,金戈新材,2026-08-24,1家机构买入，成功率38.70%,44.5,8.4308,25622168.06,48601306.23,22979138.17,71580444.4,337097300.0,7.600822688286,21.234357083252,20.5547,1692033379.0,当日换手率达到20%的前5只股票,-3.61797753,,,
1606,920083,金戈新材,2026-08-20,1家机构买入，成功率18.33%,44.2,5.188,-23348835.47,24828538.42,48177373.89,73005912.31,339660600.0,-6.874166585703,21.493783002798,20.7334,1680626412.4,当日换手率达到20%的前5只股票,-7.14932127,0.67873303,,
1607,920083,金戈新材,2026-08-19,1家机构买入，成功率15.06%,42.02,7.8819,-14592236.43,52752082.2,67344318.63,120096400.83,434976400.0,-3.354719113497,27.609865921462,27.2609,1597735788.44,当日换手率达到20%的前5只股票,5.18800571,-2.33222275,,
1608,920083,金戈新材,2026-08-17,主力做T，成功率33.00%,41.87,2.3967,-72923008.85,39929935.94,112852944.79,152782880.73,518083000.0,-14.075545588255,29.490039381721,31.3946,1592032305.14,当日换手率达到20%的前5只股票,-6.97396704,0.35825173,6.28134703,
1609,920083,金戈新材,2026-08-14,2家机构买入，成功率42.62%,40.89,29.9746,5428734.08,50948553.51,45519819.43,96468372.94,327160800.0,1.659347354573,29.486531681057,23.3341,1554769547.58,当日收盘价涨幅达到20%的前5只股票,2.396674,-4.74443629,0.36683786,
1610,920087,秋乐种业,2026-08-18,普通席位买入，成功率18.75%,15.61,29.975,15639020.73,73371420.84,57732400.11,131103820.95,685188200.0,2.282441631365,19.133986976133,19.8888,2560760011.25,北交所股票连续3个交易日内日收盘价涨跌幅偏离值累计达到+40%(-40%),3.77962844,7.81550288,4.22805894,
1611,920087,秋乐种业,2026-08-18,普通席位买入，成功率25.42%,15.61,29.975,46031949.26,70107733.36,24075784.1,94183517.46,468511100.0,9.825156599278,20.102729147719,19.8888,2560760011.25,当日收盘价涨幅达到20%的前5只股票,3.77962844,7.81550288,4.22805894,
1612,920087,秋乐种业,2026-08-18,普通席位买入，成功率25.42%,15.61,29.975,46031949.26,70107733.36,24075784.1,94183517.46,468511100.0,9.825156599278,20.102729147719,19.8888,2560760011.25,当日价格振幅达到30%的前5只股票,3.77962844,7.81550288,4.22805894,
1613,920088,科力股份,2026-08-21,1家机构买入，成功率16.34%,46.2,0.8734,-9505557.51,31379803.94,40885361.45,72265165.39,315531500.0,-3.012554217249,22.902678620043,20.4674,1504559826.0,当日换手率达到20%的前5只股票,-4.32900433,-4.56709957,,
1614,920088,科力股份,2026-08-19,1家机构买入，成功率26.04%,47.07,2.4151,-9099505.41,28707564.24,37807069.65,66514633.89,384835100.0,-2.364520650533,17.283931192867,24.5675,1532892446.1,当日换手率达到20%的前5只股票,-2.6981092,-1.84831103,,
1615,920088,科力股份,2026-08-11,西藏自治区资金买入，成功率22.07%,48.2,8.4608,-25288977.17,32153068.71,57442045.88,89595114.59,377867600.0,-6.692549763462,23.710716290574,24.4522,1569692286.0,当日换手率达到20%的前5只股票,-4.35684647,-6.53526971,-4.6473029,-8.52697095
1616,920088,科力股份,2026-07-27,西藏自治区资金卖出，成功率35.09%,44.68,-15.6981,27978935.0,56752796.08,28773861.08,85526657.16,403316100.0,6.937222441653,21.205862389327,27.6777,1455059156.4,当日换手率达到20%的前5只股票,6.42345568,3.31244405,4.67770815,-0.53715309
1617,920092,汉鑫科技,2026-08-05,普通席位买入，成功率32.56%,37.44,23.0365,2796576.66,42503084.73,39706508.07,82209592.8,381574000.0,0.732905454774,21.544862280973,33.623,1210674329.28,当日收盘价涨幅达到20%的前5只股票,-13.19444444,-14.87713675,-18.8034188,-24.9465812
1618,920092,汉鑫科技,2026-08-05,主力做T，成功率2.56%,37.44,23.0365,8947855.06,57553026.92,48605171.86,106158198.78,578515900.0,1.546691294051,18.350091809058,33.623,1210674329.28,北交所股票连续3个交易日内日收盘价涨跌幅偏离值累计达到+40%(-40%),-13.19444444,-14.87713675,-18.8034188,-24.9465812
1619,920092,汉鑫科技,2026-08-05,普通席位买入，成功率32.56%,37.44,23.0365,2796576.66,42503084.73,39706508.07,82209592.8,381574000.0,0.732905454774,21.544862280973,33.623,1210674329.28,当日换手率达到20%的前5只股票,-13.19444444,-14.87713675,-18.8034188,-24.9465812
1620,920092,汉鑫科技,2026-08-04,普通席位买入，成功率28.85%,30.43,29.9872,16533630.53,34775502.06,18241871.53,53017373.59,196941900.0,8.395181792194,26.920311822929,22.0118,983996256.41,当日收盘价涨幅达到20%的前5只股票,23.03647716,6.80249754,2.10318764,-5.81662833
1621,920093,信胜科技,2026-08-25,普通席位买入，成功率78.89%,19.58,0.9799,8381651.47,21528926.92,13147275.45,34676202.37,138062900.0,6.070893389897,25.116234969713,28.0909,493416000.0,当日换手率达到20%的前5只股票,,,,
1622,920093,信胜科技,2026-08-24,主力做T，成功率24.09%,19.39,-16.3864,-19993119.23,21006120.42,40999239.65,62005360.07,246812100.0,-8.100542570644,25.122496048614,49.2432,488628000.0,当日换手率达到20%的前5只股票,0.97988654,,,
1623,920107,恒兴股份,2026-08-19,普通席位卖出，成功率31.62%,22.14,-8.0183,-28942.6600000002,14691777.98,14720720.64,29412498.62,149510200.0,-0.019358318028,19.672569911618,35.066,417848220.0,当日换手率达到20%的前5只股票,-2.39385727,-4.01987353,,
1624,920107,恒兴股份,2026-08-18,西藏自治区资金卖出，成功率33.46%,24.07,-19.9002,-18847400.12,22701944.24,41549344.36,64251288.6,292350700.0,-6.446846243228,21.977470414813,62.1118,454273110.0,当日换手率达到20%的前5只股票,-8.01828002,-10.22019111,-12.71292065,
1625,920117,龙鑫智能,2026-08-20,2家机构卖出，成功率11.44%,29.39,-6.3118,-4444329.31,18673783.09,23118112.4,41791895.49,140218700.0,-3.16956961518,29.804794574475,23.0176,594089548.17,当日换手率达到20%的前5只股票,1.66723375,2.51786322,,
1626,920117,龙鑫智能,2026-08-18,主力做T，成功率27.59%,32.47,-5.583,-22669766.96,17529523.02,40199289.98,57728813.0,209856900.0,-10.802488247944,27.508656136634,31.3919,656348677.41,当日换手率达到20%的前5只股票,-3.38774253,-9.48567909,-8.62334463,
1627,920117,龙鑫智能,2026-08-17,1家机构卖出，成功率31.04%,34.39,-0.7504,-313940.830000006,41773175.19,42087116.02,83860291.21,237117300.0,-0.132398956128,35.366584897011,34.4257,695159563.17,当日换手率达到20%的前5只股票,-5.58301832,-8.78162256,-12.3873219,
1628,920117,龙鑫智能,2026-08-14,1家机构买入，成功率38.75%,34.65,9.8953,32862035.58,63816680.79,30954645.21,94771326.0,330120500.0,9.954557678181,28.708100829849,48.1314,700415203.95,当日换手率达到20%的前5只股票,-0.75036075,-6.29148629,-13.76623377,
1629,920117,龙鑫智能,2026-08-13,主力做T，成功率52.75%,31.53,-5.0015,-27702012.59,21270817.12,48972829.71,70243646.83,245993600.0,-11.261273703869,28.555070875828,36.7952,637347514.59,当日换手率达到20%的前5只股票,9.89533777,9.07072629,-6.78718681,
1630,920117,龙鑫智能,2026-08-12,西藏自治区资金卖出，成功率34.45%,33.19,-0.42,21405833.16,48262043.26,26856210.1,75118253.36,232609900.0,9.202460067263,32.293661344595,35.1119,670902759.57,当日换手率达到20%的前5只股票,-5.00150648,4.39891534,-5.48357939,
1631,920117,龙鑫智能,2026-08-11,西藏自治区资金卖出，成功率37.69%,33.33,-3.3633,22093677.04,55406086.45,33312409.41,88718495.86,376359700.0,5.87036206055,23.572793755548,53.5174,673732719.99,当日换手率达到20%的前5只股票,-0.420042,-5.40054005,-2.58025803,-10.98109811
1632,920117,龙鑫智能,2026-08-10,西藏自治区资金买入，成功率33.26%,34.49,5.6032,-29403392.88,28801456.14,58204849.02,87006305.16,358588700.0,-8.199754448481,24.263537908473,51.9246,697180963.47,当日换手率达到20%的前5只股票,-3.36329371,-3.76920847,-0.28993911,-12.64134532
1633,920117,龙鑫智能,2026-08-07,1家机构卖出，成功率41.64%,32.66,-2.157,-724142.100000002,36476426.74,37200568.84,73676995.58,306396400.0,-0.236341582342,24.046299362525,46.1306,660189337.98,当日换手率达到20%的前5只股票,5.60318432,2.05143907,6.09308022,-8.51194121
1634,920117,龙鑫智能,2026-08-06,2家机构卖出，成功率58.28%,33.38,-5.0896,219898.189999998,49126053.97,48906155.78,98032209.75,436942900.0,0.050326527791,22.43593150272,60.6747,674743420.14,当日换手率达到20%的前5只股票,-2.15698023,3.32534452,-5.54224086,-11.95326543
1635,920117,龙鑫智能,2026-08-05,2家机构买入，成功率18.42%,35.17,29.9704,8136087.68,37344695.08,29208607.4,66553302.48,300041200.0,2.711656825796,22.18138791606,47.9801,710926485.51,当日价格振幅达到30%的前5只股票,-5.08956497,-7.13676429,-5.62979812,-10.80466307
1636,920117,龙鑫智能,2026-08-05,2家机构买入，成功率18.42%,35.17,29.9704,8136087.68,37344695.08,29208607.4,66553302.48,300041200.0,2.711656825796,22.18138791606,47.9801,710926485.51,当日换手率达到20%的前5只股票,-5.08956497,-7.13676429,-5.62979812,-10.80466307
1637,920117,龙鑫智能,2026-08-05,2家机构买入，成功率18.42%,35.17,29.9704,8136087.68,37344695.08,29208607.4,66553302.48,300041200.0,2.711656825796,22.18138791606,47.9801,710926485.51,当日收盘价涨幅达到20%的前5只股票,-5.08956497,-7.13676429,-5.62979812,-10.80466307
1638,920117,龙鑫智能,2026-07-31,1家机构买入，成功率42.20%,25.95,4.6371,11069471.06,24463587.38,13394116.32,37857703.7,155929500.0,7.099022994366,24.278730900824,29.3329,524553377.85,当日换手率达到20%的前5只股票,0.77071291,4.27745665,25.85741811,33.52601156
1639,920117,龙鑫智能,2026-07-30,1家机构卖出，成功率42.63%,24.8,-10.1775,-4742268.4,17190487.92,21932756.32,39123244.24,170689600.0,-2.778299556622,22.920695953356,33.0567,501307274.4,当日换手率达到20%的前5只股票,4.63709677,5.44354839,34.59677419,27.13709677
1640,920117,龙鑫智能,2026-07-29,2家机构卖出，成功率28.58%,27.61,-3.6972,-3457054.81,24332630.41,27789685.22,52122315.63,213265700.0,-1.621008352492,24.440083721855,37.3971,558108622.83,当日换手率达到20%的前5只股票,-10.17747193,-6.01231438,27.38138356,20.21006882
1641,920117,龙鑫智能,2026-07-28,1家机构卖出，成功率37.52%,28.67,-2.3169,-2573895.63,26258528.62,28832424.25,55090952.87,231914900.0,-1.109844874133,23.754813886473,39.2135,579535466.01,当日换手率达到20%的前5只股票,-3.69724451,-13.49843042,-5.61562609,16.25392396
1642,920117,龙鑫智能,2026-07-27,1家机构买入，成功率28.88%,29.35,13.2767,-2064192.98,26016104.31,28080297.29,54096401.6,270931800.0,-0.761886563334,19.966796662481,46.8028,593280988.05,当日换手率达到20%的前5只股票,-2.31686542,-5.92844974,-10.90289608,17.51277683
1643,920130,立方控股,2026-08-03,主力做T，成功率19.24%,21.25,4.0646,-22535446.3,18843082.58,41378528.88,60221611.46,246873100.0,-9.128352299218,24.393751874951,20.588,1217521278.75,当日换手率达到20%的前5只股票,4.47058824,-0.65882353,-7.24705882,-9.55294118
1644,920130,立方控股,2026-08-03,主力做T，成功率3.64%,21.25,4.0646,-1173100.77,46976512.44,48149613.21,95126125.65,499225200.0,-0.234984285649,19.054752374279,20.588,1217521278.75,北交所股票连续3个交易日内日收盘价涨跌幅偏离值累计达到+40%(-40%),4.47058824,-0.65882353,-7.24705882,-9.55294118
1645,920130,立方控股,2026-07-31,普通席位买入，成功率34.44%,20.42,29.9809,19902703.71,35714216.65,15811512.94,51525729.59,179091100.0,11.113172966161,28.770681284553,16.4039,1169966329.98,当日收盘价涨幅达到20%的前5只股票,4.06464251,8.71694417,-1.46914789,-8.76591577
1646,920130,立方控股,2026-07-31,普通席位买入，成功率34.44%,20.42,29.9809,19902703.71,35714216.65,15811512.94,51525729.59,179091100.0,11.113172966161,28.770681284553,16.4039,1169966329.98,当日价格振幅达到30%的前5只股票,4.06464251,8.71694417,-1.46914789,-8.76591577
1647,920136,永励精密,2026-08-06,西藏自治区资金买入，成功率29.79%,22.54,5.3271,-14555503.22,11723685.25,26279188.47,38002873.72,156067000.0,-9.326445193411,24.350358320465,32.5445,473340000.0,当日换手率达到20%的前5只股票,-3.3717835,-4.1703638,-5.94498669,-10.15971606
1648,920138,杰理科技,2026-08-17,买一主买，成功率26.07%,45.6,0.7958,-1690788.83000001,36865918.48,38556707.31,75422625.79,362221300.0,-0.466783380768,20.822250317693,23.2264,1578387319.2,当日换手率达到20%的前5只股票,-1.55701754,-12.21491228,-17.21491228,
1649,920138,杰理科技,2026-08-14,1家机构卖出，成功率27.32%,45.24,-2.8976,-4050243.81,37323443.48,41373687.29,78697130.77,455951900.0,-0.888305062442,17.259963336045,28.7635,1565926366.68,当日换手率达到20%的前5只股票,0.79575597,-0.77365164,-12.5994695,
1650,920138,杰理科技,2026-08-13,主力做T，成功率23.08%,46.59,-12.5235,55341114.82,117616011.82,62274897.0,179890908.82,883910500.0,6.260940991198,20.351710814613,52.6875,1612654938.63,当日换手率达到20%的前5只股票,-2.89761751,-2.12491951,-16.14080275,
1651,920159,农大科技,2026-08-18,1家机构买入，成功率28.80%,32.24,12.6485,749989.869999999,13273709.86,12523719.99,25797429.85,101837800.0,0.736455294596,25.331880549266,22.49,464256000.0,当日换手率达到20%的前5只股票,-5.14888337,-6.14143921,-8.93300248,
1652,920161,龙辰科技,2026-08-14,1家机构买入，成功率30.06%,27.0,16.129,12609104.14,43072761.45,30463657.31,73536418.76,255672000.0,4.931750109515,28.762014909728,27.0637,996268680.0,当日换手率达到20%的前5只股票,-0.11111111,0.44444444,-1.85185185,
1653,920165,珈凯生物,2026-08-18,1家机构买入，成功率26.03%,39.25,1.9481,-2177865.66,9035224.36,11213090.02,20248314.38,85957800.0,-2.533645184032,23.556110533308,22.3631,376997859.25,当日换手率达到20%的前5只股票,-7.05732484,-6.87898089,-3.23566879,
1654,920165,珈凯生物,2026-08-14,1家机构卖出，成功率29.70%,38.45,-4.6852,2078228.57,15200165.72,13121937.15,28322102.87,91842800.0,2.262810552379,30.837586473844,24.4177,369313826.45,当日换手率达到20%的前5只股票,0.13003901,2.08062419,-2.86085826,
1655,920165,珈凯生物,2026-08-12,西藏自治区资金卖出，成功率38.33%,41.33,-10.0348,16235755.44,31899232.31,15663476.87,47562709.18,181963200.0,8.922548867024,26.138641868246,45.3432,396976344.53,当日换手率达到20%的前5只股票,-2.39535446,-6.9683039,-11.73481732,
1656,920176,维琪科技,2026-08-25,1家机构买入，成功率32.30%,60.78,13.6287,-17503854.61,32815886.93,50319741.54,83135628.47,200845200.0,-8.715097303794,41.392887890774,42.2848,483018660.0,当日换手率达到20%的前5只股票,,,,
1657,920176,维琪科技,2026-08-19,1家机构卖出，成功率32.88%,55.35,-11.9332,-11607219.13,21535365.13,33142584.26,54677949.39,128513100.0,-9.03193458877,42.546595942359,28.2108,439866450.0,当日换手率达到20%的前5只股票,0.95754291,-1.0298103,,
1658,920176,维琪科技,2026-08-13,卖一主卖，成功率32.62%,63.3,-9.2083,-34005388.3,17175659.46,51181047.76,68356707.22,177649600.0,-19.141832179752,38.478390730967,33.4922,503045100.0,当日换手率达到20%的前5只股票,-1.13744076,-2.05371248,-11.72195893,
1659,920176,维琪科技,2026-08-12,买一主买，成功率41.17%,69.72,2.094,11949602.37,22398423.43,10448821.06,32847244.49,132934100.0,8.989117442402,24.709419546979,24.2441,554064840.0,当日换手率达到20%的前5只股票,-9.20826162,-10.24096386,-20.61101549,
1660,920176,维琪科技,2026-08-11,主力做T，成功率41.29%,68.29,-11.3117,8650164.2,31151308.3,22501144.1,53652452.4,203991700.0,4.240449096703,26.301291866287,36.1224,542700630.0,当日换手率达到20%的前5只股票,2.09401084,-7.30707278,-7.96602724,-10.99721775
1661,920176,维琪科技,2026-08-10,主力做T，成功率40.83%,77.0,-4.9383,6020691.03,28197321.43,22176630.4,50373951.83,237091100.0,2.539399846726,21.246665028759,36.2636,611919000.0,当日换手率达到20%的前5只股票,-11.31168831,-9.45454545,-19.48051948,-30.53246753
1662,920176,维琪科技,2026-08-07,主力做T，成功率41.63%,81.0,-2.3979,4840109.35,20551652.25,15711542.9,36263195.15,206310200.0,2.346034927018,17.577024863531,32.2958,643707000.0,当日换手率达到20%的前5只股票,-4.9382716,-15.69135802,-22.74074074,-32.37037037
1663,920176,维琪科技,2026-08-06,主力做T，成功率22.50%,82.99,1.0717,-6667229.12,17232606.46,23899835.58,41132442.04,264222200.0,-2.523341763107,15.567367935018,40.2834,659521530.0,当日换手率达到20%的前5只股票,-2.39787926,-7.21773708,-23.72575009,-32.66658634
1664,920176,维琪科技,2026-08-05,买一主买，成功率51.93%,82.11,7.7842,11498771.81,41733793.79,30235021.98,71968815.77,316560400.0,3.632410058238,22.734623714779,51.1669,652528170.0,当日换手率达到20%的前5只股票,1.07173304,-1.35184509,-15.08951407,-32.59042748
1665,920176,维琪科技,2026-08-04,主力做T，成功率47.66%,76.18,7.5989,12240535.58,38919161.73,26678626.15,65597787.88,312631200.0,3.915327574471,20.982482836006,52.6524,605402460.0,当日换手率达到20%的前5只股票,7.78419533,8.93935416,-10.35704909,-17.49803098
1666,920176,维琪科技,2026-08-03,1家机构买入，成功率27.64%,70.8,7.2727,1265581.12,22666027.39,21400446.27,44066473.66,238432000.0,0.530793316333,18.481778309958,45.5168,562647600.0,当日换手率达到20%的前5只股票,7.59887006,15.97457627,8.75706215,-12.42937853
1667,920176,维琪科技,2026-07-31,1家机构买入，成功率15.61%,66.0,1.1339,0.0,1241789380.92,1241789380.92,1241789380.92,1241789400.0,0.0,99.999998463508,53.0039,524502000.0,北交所股票连续10个交易日内日收盘价涨跌幅偏离值累计达到+150%(-60%),7.27272727,15.42424242,22.72727273,-5.18181818
1668,920176,维琪科技,2026-07-31,买一主买，成功率21.67%,66.0,1.1339,24442353.81,44476939.43,20034585.62,64511525.05,290958100.0,8.400643876214,22.172101429725,53.0039,524502000.0,当日换手率达到20%的前5只股票,7.27272727,15.42424242,22.72727273,-5.18181818
1669,920176,维琪科技,2026-07-30,主力做T，成功率24.03%,65.26,-19.4321,-25712815.78,21407679.27,47120495.05,68528174.32,379325500.0,-6.778562416711,18.065796873661,66.0202,518621220.0,当日换手率达到20%的前5只股票,1.13392584,8.48912044,27.16825008,-3.00337113
1670,920176,维琪科技,2026-07-29,主力做T，成功率33.58%,81.0,-25.3525,-3501074.46,55533627.51,59034701.97,114568329.48,560768700.0,-0.624334856778,20.43058563718,86.9717,643707000.0,当日换手率达到20%的前5只股票,-19.43209877,-18.51851852,1.37037037,-13.92592593
1671,920176,维琪科技,2026-07-29,主力做T，成功率33.58%,81.0,-25.3525,-3501074.46,55533627.51,59034701.97,114568329.48,560768700.0,-0.624334856778,20.43058563718,86.9717,643707000.0,当日收盘价跌幅达到-20%的前5只股票,-19.43209877,-18.51851852,1.37037037,-13.92592593
1672,920176,维琪科技,2026-07-29,主力做T，成功率33.58%,81.0,-25.3525,-4106561.24,55801191.46,59907752.7,115708944.16,571505800.0,-0.718551104818,20.246328936644,86.9717,643707000.0,北交所股票连续3个交易日内日收盘价涨跌幅偏离值累计达到+40%(-40%),-19.43209877,-18.51851852,1.37037037,-13.92592593
1673,920176,维琪科技,2026-07-28,卖一主卖，成功率63.33%,108.51,-29.9981,-7594506.39,1389470.55,8983976.94,10373447.49,10737100.0,-70.731448808337,96.613121699528,1.2451,862328970.0,当日收盘价跌幅达到-20%的前5只股票,-25.35250207,-39.8580776,-29.79448899,-37.06570823
1674,920178,锐翔智能,2026-08-07,3家机构买入，成功率35.63%,110.02,20.2142,23388350.68,61514127.93,38125777.25,99639905.18,333149500.0,7.020376941883,29.908466073039,16.7955,2118458644.28,当日收盘价涨幅达到20%的前5只股票,1.99054717,-4.74459189,-7.19869115,-17.46046173
1675,920193,吉和昌,2026-08-19,1家机构卖出，成功率30.03%,33.78,-1.6594,490273.32,25417849.51,24927576.19,50345425.7,214169300.0,0.228918579834,23.507302727328,24.8656,851256000.0,当日换手率达到20%的前5只股票,-2.81231498,-3.70041445,,
1676,920193,吉和昌,2026-08-18,1家机构买入，成功率23.37%,34.35,1.8683,-10168496.44,28631874.96,38800371.4,67432246.36,230140700.0,-4.41838251122,29.300443754625,26.1087,865620000.0,当日换手率达到20%的前5只股票,-1.65938865,-4.42503639,-7.27802038,
1677,920193,吉和昌,2026-08-10,1家机构卖出，成功率36.98%,35.29,-0.982,5513534.84,42405665.74,36892130.9,79297796.64,275382700.0,2.002135515412,28.795489564159,30.6645,889308000.0,当日换手率达到20%的前5只股票,-3.59875319,-2.86200057,-4.44885237,-9.2377444
1678,920193,吉和昌,2026-08-07,1家机构买入，成功率18.32%,35.64,9.2246,-51892772.36,34890990.99,86783763.35,121674754.34,432589000.0,-11.99586035706,28.127103171833,46.4805,898128000.0,当日换手率达到20%的前5只股票,-0.98204265,-4.54545455,-7.15488215,-8.72615039
1679,920206,彩客科技,2026-08-25,主力做T，成功率21.11%,46.5,-1.9194,-25848854.68,23432377.59,49281232.27,72713609.86,311026600.0,-8.310818007206,23.378582365624,22.5399,1279917289.5,当日换手率达到20%的前5只股票,,,,
1680,920222,益坤电气,2026-08-13,1家机构买入，成功率17.53%,29.42,3.9209,-7517591.98,12290984.68,19808576.66,32099561.34,127451300.0,-5.898403531388,25.185746508666,38.8081,340171397.8,当日换手率达到20%的前5只股票,-3.60299116,-5.71040109,-12.30455472,
1681,920222,益坤电气,2026-08-12,1家机构卖出，成功率40.64%,28.31,-0.4921,888574.219999999,11911732.95,11023158.73,22934891.68,65940400.0,1.347541446518,34.781244396455,20.2843,327336922.9,当日换手率达到20%的前5只股票,3.92087602,0.17661604,-10.63228541,
1682,920222,益坤电气,2026-08-11,西藏自治区资金卖出，成功率35.24%,28.45,-6.7213,3802642.83,16684440.55,12881797.72,29566238.27,96492500.0,3.940868803275,30.640970303392,29.1377,328955685.5,当日换手率达到20%的前5只股票,-0.49209139,3.40949033,-2.46045694,-11.77504394
1683,920222,益坤电气,2026-08-10,西藏自治区资金买入，成功率33.86%,30.5,7.0551,-16692350.61,12999981.65,29692332.26,42692313.91,151076500.0,-11.048939186439,28.258739056041,43.2634,352658995.0,当日换手率达到20%的前5只股票,-6.72131148,-7.18032787,-9.04918033,-19.08196721
1684,920222,益坤电气,2026-08-07,1家机构卖出，成功率35.97%,28.49,-4.4601,7440024.76,21008171.2,13568146.44,34576317.64,107857000.0,6.898045337808,32.057555504047,33.0289,329418189.1,当日换手率达到20%的前5只股票,7.05510706,-0.14040014,-0.45630046,-12.07441207
1685,920222,益坤电气,2026-08-05,2家机构买入，成功率32.01%,31.02,6.9655,3184337.03,26723348.17,23539011.14,50262359.31,155366300.0,2.049567396533,32.35087616169,45.3124,358671541.8,当日换手率达到20%的前5只股票,-3.86847195,-8.15602837,-8.73629916,-18.43971631
1686,920222,益坤电气,2026-08-04,1家机构买入，成功率45.88%,29.0,1.7901,1921716.92,21912186.32,19990469.4,41902655.72,126226200.0,1.522439018207,33.196480382044,38.4692,335315110.0,当日换手率达到20%的前5只股票,6.96551724,2.82758621,-1.89655172,-4.31034483
1687,920222,益坤电气,2026-08-03,主力做T，成功率8.89%,28.49,13.96,-11602023.15,16378187.63,27980210.78,44358398.41,144205500.0,-8.045478951912,30.760545478501,44.1078,329418189.1,当日换手率达到20%的前5只股票,1.79010179,8.88030888,7.05510706,-2.63250263
1688,920222,益坤电气,2026-07-31,1家机构买入，成功率49.77%,25.0,7.2961,16519341.14,27014187.05,10494845.91,37509032.96,92991500.0,17.764356032541,40.335980127216,32.273,289064750.0,当日换手率达到20%的前5只股票,13.96,16.0,13.96,13.44
1689,920222,益坤电气,2026-07-30,普通席位卖出，成功率38.46%,23.3,-17.6678,9927391.72,19626096.16,9698704.44,29324800.6,113130400.0,8.775176009278,25.921238323209,38.4472,269408347.0,当日换手率达到20%的前5只股票,7.29613734,22.27467811,27.98283262,26.26609442
1690,920222,益坤电气,2026-07-29,西藏自治区资金卖出，成功率28.15%,28.3,-1.1872,-2692193.18,10006530.06,12698723.24,22705253.3,119319300.0,-2.2562931395,19.02898634169,36.7576,327221297.0,当日换手率达到20%的前5只股票,-17.66784452,-11.66077739,9.61130742,0.03533569
1691,920222,益坤电气,2026-07-28,主力做T，成功率9.40%,28.64,-9.1082,-14613006.39,18023500.01,32636506.4,50660006.41,156971200.0,-9.309355085519,32.2734402298,47.472,331152577.6,当日换手率达到20%的前5只股票,-1.18715084,-18.6452514,1.25698324,-0.66340782
1692,920222,益坤电气,2026-07-27,主力做T，成功率29.05%,31.51,-0.2848,-2219098.68,28110806.38,30329905.06,58440711.44,186726000.0,-1.188425114874,31.297575827683,54.1614,364337210.9,当日换手率达到20%的前5只股票,-9.10821961,-10.18724215,-9.58425897,-3.20533164
1693,920238,长鹰硬科,2026-08-07,主力做T，成功率25.44%,75.98,-6.6585,-28877161.06,49908983.3,78786144.36,128695127.66,487372300.0,-5.925072282524,26.405917541887,32.943,1474539377.18,当日换手率达到20%的前5只股票,-3.15872598,-6.83074493,-13.92471703,-13.14819689
1694,920238,长鹰硬科,2026-08-04,普通席位买入，成功率41.38%,77.92,0.8021,11562879.87,60822339.84,49259459.97,110081799.81,408558800.0,2.830162970422,26.943930667997,27.3715,1512188842.72,当日换手率达到20%的前5只股票,-1.06519507,4.4661191,-9.15041068,-17.13295688
1695,920238,长鹰硬科,2026-08-03,1家机构买入，成功率36.28%,77.3,5.7745,6408950.86,69894581.64,63485630.78,133380212.42,541356300.0,1.183869266877,24.638156500626,36.4942,1500156539.3,当日换手率达到20%的前5只股票,0.80206986,-0.27166882,-4.81241915,-13.9068564
1696,920238,长鹰硬科,2026-07-31,普通席位买入，成功率45.35%,73.08,19.7836,39495167.97,87824213.84,48329045.87,136153259.71,633220000.0,6.23719528284,21.501730790247,45.051,1418259248.28,当日换手率达到20%的前5只股票,5.77449371,6.62287904,3.96825397,-10.5090312
1697,920238,长鹰硬科,2026-07-30,西藏自治区资金卖出，成功率33.62%,61.01,-15.8483,12698299.57,51191611.18,38493311.61,89684922.79,472180000.0,2.689292128002,18.993799565844,36.9607,1184017470.41,当日换手率达到20%的前5只股票,19.78364203,26.70054089,33.4207507,6.83494509
1698,920238,长鹰硬科,2026-07-29,西藏自治区资金买入，成功率17.15%,72.5,2.5025,-8744230.69,63223446.58,71967677.27,135191123.85,560290800.0,-1.560659337972,24.128742404837,40.677,1407003222.5,当日换手率达到20%的前5只股票,-15.84827586,0.8,6.33103448,-2.88275862
1699,920238,长鹰硬科,2026-07-28,普通席位买入，成功率36.27%,70.73,10.3949,-7247975.6,56007914.37,63255889.97,119263804.34,652530900.0,-1.110748257286,18.277112139824,50.687,1372652936.93,当日换手率达到20%的前5只股票,2.5024742,-13.74240068,10.16541779,0.08482963
1700,920238,长鹰硬科,2026-07-28,普通席位买入，成功率36.27%,70.73,10.3949,-7247975.6,56007914.37,63255889.97,119263804.34,652530900.0,-1.110748257286,18.277112139824,50.687,1372652936.93,当日价格振幅达到30%的前5只股票,2.5024742,-13.74240068,10.16541779,0.08482963
1701,920238,长鹰硬科,2026-07-27,普通席位买入，成功率35.74%,64.07,14.3495,9080170.44,66947203.5,57867033.06,124814236.56,673711100.0,1.347784004153,18.526373776534,58.5563,1243402709.87,当日换手率达到20%的前5只股票,10.3948806,13.157484,20.64928984,14.84314032
1702,920258,聚仁新材,2026-08-06,普通席位买入，成功率17.56%,13.99,0.938,-21165322.95,16648534.65,37813857.6,54462392.25,208030800.0,-10.174129479866,26.179965779106,40.8259,503640000.0,当日换手率达到20%的前5只股票,-3.07362402,-4.93209435,-12.08005718,-14.1529664
1703,920258,聚仁新材,2026-08-05,西藏自治区资金卖出，成功率41.90%,13.86,-1.0,22893271.36,36346800.14,13453528.78,49800328.92,204278500.0,11.206892237803,24.378644311565,41.5667,498960000.0,当日换手率达到20%的前5只股票,0.93795094,-2.16450216,-6.70995671,-9.81240981
1704,920258,聚仁新材,2026-08-04,主力做T，成功率24.64%,14.0,-10.9415,-8351119.25,17874644.08,26225763.33,44100407.41,289696900.0,-2.882709221258,15.222947642864,58.6294,504000000.0,当日换手率达到20%的前5只股票,-1.0,-0.07142857,-8.57142857,-12.07142857
1705,920305,云创退,2026-07-29,西藏自治区资金卖出，成功率40.48%,0.4,-29.8246,1094227.19,2687934.9,1593707.71,4281642.61,10629200.0,10.29453947616,40.281889605991,31.266,32440350.0,退市整理期,,,,
1706,920305,云创退,2026-07-29,西藏自治区资金卖出，成功率40.48%,0.4,-29.8246,1094227.19,2687934.9,1593707.71,4281642.61,10629200.0,10.29453947616,40.281889605991,31.266,32440350.0,当日换手率达到20%的前5只股票,,,,
1707,920305,云创退,2026-07-29,1家机构卖出，成功率15.85%,0.4,-29.8246,0.0,131477445.21,131477445.21,131477445.21,131477400.0,0.0,100.000034386138,31.266,32440350.0,北交所股票连续30个交易日内日收盘价涨跌幅偏离值累计达到+300%(-75%),,,,
1708,920305,云创退,2026-07-29,西藏自治区资金卖出，成功率40.48%,0.4,-29.8246,1094227.19,2687934.9,1593707.71,4281642.61,10629200.0,10.29453947616,40.281889605991,31.266,32440350.0,当日收盘价跌幅达到-20%的前5只股票,,,,
1709,920305,云创退,2026-07-29,广东资金卖出，成功率52.13%,0.4,-29.8246,-2711981.84,4569629.25,7281611.09,11851240.34,28774900.0,-9.424817601451,41.186034842867,31.266,32440350.0,北交所股票连续3个交易日内日收盘价涨跌幅偏离值累计达到+40%(-40%),,,,
1710,920305,云创退,2026-07-29,1家机构卖出，成功率15.85%,0.4,-29.8246,0.0,131477445.21,131477445.21,131477445.21,131477400.0,0.0,100.000034386138,31.266,32440350.0,北交所股票连续10个交易日内3次出现同向异常波动情形,,,,
1711,920305,云创退,2026-07-28,广东资金卖出，成功率53.05%,0.57,-29.6296,-3926873.03,2598809.56,6525682.59,9124492.15,18145700.0,-21.640791096513,50.284597177293,37.9547,46227498.75,当日换手率达到20%的前5只股票,-29.8245614,,,
1712,920305,云创退,2026-07-28,广东资金卖出，成功率53.05%,0.57,-29.6296,-3926873.03,2598809.56,6525682.59,9124492.15,18145700.0,-21.640791096513,50.284597177293,37.9547,46227498.75,当日收盘价跌幅达到-20%的前5只股票,-29.8245614,,,
1713,920305,云创退,2026-07-28,1家机构卖出，成功率15.89%,0.57,-29.6296,0.0,52875420.17,52875420.17,52875420.17,52875400.0,0.0,100.000038146284,37.9547,46227498.75,北交所股票连续10个交易日内日收盘价涨跌幅偏离值累计达到+150%(-60%),-29.8245614,,,
1714,920305,云创退,2026-07-28,广东资金卖出，成功率53.05%,0.57,-29.6296,-3926873.03,2598809.56,6525682.59,9124492.15,18145700.0,-21.640791096513,50.284597177293,37.9547,46227498.75,退市整理期,-29.8245614,,,
1715,920305,云创退,2026-07-27,主力做T，成功率53.71%,0.81,-29.5652,1256785.98,2822688.47,1565902.49,4388590.96,13947300.0,9.010962551892,31.465523506342,20.1822,65691708.75,当日收盘价跌幅达到-20%的前5只股票,-29.62962963,-50.61728395,,
1716,920305,云创退,2026-07-27,主力做T，成功率53.71%,0.81,-29.5652,1256785.98,2822688.47,1565902.49,4388590.96,13947300.0,9.010962551892,31.465523506342,20.1822,65691708.75,退市整理期,-29.62962963,-50.61728395,,
1717,920305,云创退,2026-07-27,西藏自治区资金卖出，成功率54.92%,0.81,-29.5652,891192.56,3877524.01,2986331.45,6863855.46,34729700.0,2.566081941393,19.76364742569,20.1822,65691708.75,北交所股票连续3个交易日内日收盘价涨跌幅偏离值累计达到+40%(-40%),-29.62962963,-50.61728395,,
1718,920344,三元基因,2026-08-21,1家机构买入，成功率37.03%,26.8,8.2391,-10140479.65,56464322.7,66604802.35,123069125.05,478123400.0,-2.120891730043,25.74003385946,11.8892,3047914661.2,北交所股票连续3个交易日内日收盘价涨跌幅偏离值累计达到+40%(-40%),-8.20895522,-9.32835821,,
1719,920344,三元基因,2026-08-20,普通席位买入，成功率29.48%,24.76,29.9738,-4303666.61,27231798.71,31535465.32,58767264.03,131347300.0,-3.276555064322,44.741889654374,4.8867,2815909216.84,当日收盘价涨幅达到20%的前5只股票,8.23909532,-0.64620355,,
1720,920367,新赣江,2026-08-20,1家机构卖出，成功率26.62%,29.63,-0.4034,-4295734.37,19444426.24,23740160.61,43184586.85,291946800.0,-1.47140998634,14.791937041269,21.989,1244240086.14,当日换手率达到20%的前5只股票,-7.08741141,-11.94735066,,
1721,920367,新赣江,2026-08-17,1家机构买入，成功率33.58%,30.69,4.4233,5031879.31,41052868.28,36020988.97,77073857.25,290530600.0,1.731961903497,26.528653866409,23.2277,1288752218.82,当日换手率达到20%的前5只股票,-5.11567286,-3.06288693,-14.98859563,
1722,920367,新赣江,2026-08-14,1家机构卖出，成功率15.10%,29.39,-5.5895,-11022630.45,38690820.95,49713451.4,88404272.35,334611000.0,-3.294162609717,26.420013792135,27.3932,1234161867.42,当日换手率达到20%的前5只股票,4.42327322,-0.91867982,-6.32868323,
1723,920367,新赣江,2026-08-13,1家机构买入，成功率40.17%,31.13,29.6003,25695305.54,56409756.62,30714451.08,87124207.7,378548400.0,6.78785210557,23.015341684181,33.0907,1307228953.14,当日换手率达到20%的前5只股票,-5.58946354,-1.41342756,-4.81850305,
1724,920367,新赣江,2026-08-13,1家机构买入，成功率40.17%,31.13,29.6003,25695305.54,56409756.62,30714451.08,87124207.7,378548400.0,6.78785210557,23.015341684181,33.0907,1307228953.14,当日价格振幅达到30%的前5只股票,-5.58946354,-1.41342756,-4.81850305,
1725,920367,新赣江,2026-08-13,1家机构买入，成功率40.17%,31.13,29.6003,25695305.54,56409756.62,30714451.08,87124207.7,378548400.0,6.78785210557,23.015341684181,33.0907,1307228953.14,当日收盘价涨幅达到20%的前5只股票,-5.58946354,-1.41342756,-4.81850305,
1726,920403,康农种业,2026-08-18,买一主买，成功率38.73%,23.65,24.4737,-3659441.11,41945675.69,45605116.8,87550792.49,280501200.0,-1.304608005242,31.212270211322,19.6586,1537319483.7,当日收盘价涨幅达到20%的前5只股票,-9.89429175,-9.89429175,-11.205074,
1727,920575,*ST康乐,2026-08-03,主力做T，成功率13.90%,5.48,16.3482,-14601032.21,29404104.47,44005136.68,73409241.15,258999700.0,-5.637470703634,28.343369181509,14.3951,1029355966.4,北交所股票连续3个交易日内日收盘价涨跌幅偏离值累计达到+40%(-40%),-2.37226277,-2.18978102,-11.49635036,5.83941606
1728,920575,*ST康乐,2026-08-03,普通席位买入，成功率47.31%,5.48,16.3482,-4552181.74,18005841.59,22558023.33,40563864.92,144352400.0,-3.153519955332,28.100582269502,14.3951,1029355966.4,当日价格振幅达到30%的前5只股票,-2.37226277,-2.18978102,-11.49635036,5.83941606
1729,920575,*ST康乐,2026-07-31,江苏资金买入，成功率32.80%,4.71,23.9474,-11111890.6,17290349.39,28402239.99,45692589.38,114647200.0,-9.692247695539,39.854954486459,13.2471,884720182.8,当日收盘价涨幅达到20%的前5只股票,16.34819533,13.5881104,11.0403397,25.26539278
1730,920685,新芝生物,2026-07-30,普通席位买入，成功率30.11%,13.65,30.0,-8355997.51,25106781.12,33462778.63,58569559.75,146455400.0,-5.70548952787,39.991396527544,18.9188,795985745.1,当日收盘价涨幅达到20%的前5只股票,-3.44322344,-11.5018315,-6.95970696,-5.86080586
1731,920690,捷众科技,2026-07-28,普通席位买入，成功率31.21%,18.08,29.9784,2200557.34,11944596.25,9744038.91,21688635.16,55732300.0,3.948441639767,38.915736763062,5.622,1013000776.32,当日收盘价涨幅达到20%的前5只股票,1.05088496,-3.2079646,-1.82522124,5.91814159
1732,920826,盖世食品,2026-08-17,广东资金卖出，成功率28.06%,9.15,-3.481,-19728937.28,21381661.78,41110599.06,62492260.84,119420200.0,-16.520603114046,52.329723815569,20.4648,577860499.95,当日换手率达到20%的前5只股票,2.18579235,-2.18579235,-6.01092896,
1733,920826,盖世食品,2026-08-12,普通席位买入，成功率32.41%,9.78,22.25,13404198.52,37179451.85,23775253.33,60954705.18,166818100.0,8.035218312641,36.539623206355,28.3394,617647616.34,当日价格振幅达到30%的前5只股票,-0.30674847,-3.06748466,-8.48670757,
1734,920826,盖世食品,2026-08-12,普通席位买入，成功率32.41%,9.78,22.25,13404198.52,37179451.85,23775253.33,60954705.18,166818100.0,8.035218312641,36.539623206355,28.3394,617647616.34,当日换手率达到20%的前5只股票,-0.30674847,-3.06748466,-8.48670757,
1735,920826,盖世食品,2026-08-12,普通席位买入，成功率32.41%,9.78,22.25,13404198.52,37179451.85,23775253.33,60954705.18,166818100.0,8.035218312641,36.539623206355,28.3394,617647616.34,当日收盘价涨幅达到20%的前5只股票,-0.30674847,-3.06748466,-8.48670757,
1736,920856,浩淼科技,2026-08-18,普通席位买入，成功率53.33%,15.72,19.8171,24401504.13,38204503.03,13802998.9,52007501.93,155493200.0,15.692971866294,33.446801487139,19.9943,834103781.64,当日价格振幅达到30%的前5只股票,-10.49618321,-9.41475827,-20.48346056,
1737,920856,浩淼科技,2026-08-12,1家机构买入，成功率47.03%,14.93,29.9391,24589534.05,45348350.16,20758816.11,66107166.27,141368700.0,17.39390264606,46.762236810553,18.506,792186352.41,当日收盘价涨幅达到20%的前5只股票,-2.14333557,-8.37240455,-5.76021433,
1738,920856,浩淼科技,2026-08-12,1家机构买入，成功率47.03%,14.93,29.9391,24589534.05,45348350.16,20758816.11,66107166.27,141368700.0,17.39390264606,46.762236810553,18.506,792186352.41,当日价格振幅达到30%的前5只股票,-2.14333557,-8.37240455,-5.76021433,
1739,920953,国子软件,2026-07-31,普通席位买入，成功率30.85%,26.29,16.8444,14534985.5,32605681.44,18070695.94,50676377.38,211238400.0,6.880844344589,23.990135022799,13.6993,1574396446.37,当日价格振幅达到30%的前5只股票,-6.08596424,-4.33624952,-6.08596424,-12.78052491
1740,920976,视声智能,2026-07-31,买一主买，成功率39.33%,19.06,17.2923,1604010.9,14143092.87,12539081.97,26682174.84,79419000.0,2.019681562347,33.596714690439,9.6245,840919576.0,当日价格振幅达到30%的前5只股票,-4.98426023,-3.98740818,-4.03987408,-9.02413431
