{
  "period": "2025",
  "strategy": "A股 Momentum Rotation + Dip Buy V1",
  "universe_size": 38,
  "initial_capital": 10000000.0,
  "final_nav": 19111565.6,
  "total_return_pct": 91.12,
  "benchmark_return_pct": 21.19,
  "alpha_pct": 69.93,
  "realized_pnl": 8920597.56,
  "sharpe": 2.543,
  "calmar": 6.723,
  "max_dd_pct": -13.55,
  "max_dd_date": "2025-11-21",
  "total_trades": 107,
  "closed_trades": 56,
  "win_rate": 66.1,
  "avg_win": 328560.58,
  "avg_loss": -170323.37,
  "profit_factor": 3.757,
  "gross_profit": 12156741.52,
  "gross_loss": 3236143.97,
  "by_signal": {
    "DIP": {
      "n": 19,
      "wins": 12,
      "pnl": 2294016.294368799,
      "wr": 63.1578947368421
    },
    "MOM": {
      "n": 37,
      "wins": 25,
      "pnl": 6626581.260653919,
      "wr": 67.56756756756756
    }
  },
  "market_breath_distribution": {
    "NEUTRAL": 139,
    "BREATH_IN": 69,
    "BREATH_OUT": 35
  },
  "monthly_returns": {
    "2025-01": 9.04,
    "2025-02": 3.17,
    "2025-03": -1.16,
    "2025-04": 1.48,
    "2025-05": 3.5,
    "2025-06": 13.3,
    "2025-07": 21.62,
    "2025-08": 16.06,
    "2025-09": 8.1,
    "2025-10": -7.3,
    "2025-11": -0.11,
    "2025-12": 2.21
  }
}