{
  "summary": {
    "initial_capital": 150000.0,
    "final_nav": 179325.89,
    "total_return_pct": 19.55,
    "spy_return_pct": 18.01,
    "alpha_pct": 1.54,
    "total_realized_pnl": 25464.64,
    "sharpe_ratio": 0.749,
    "max_drawdown_pct": -16.76,
    "max_drawdown_date": "2025-12-17"
  },
  "trade_stats": {
    "total_trades": 91,
    "closed_trades": 41,
    "buys": 50,
    "sells": 41,
    "win_rate_pct": 41.5,
    "avg_win": 3342.51,
    "avg_loss": -1306.59,
    "payoff_ratio": 2.56,
    "largest_win": 13838.58,
    "largest_loss": -3533.4
  },
  "by_pod": {
    "Beta": {
      "trades": 1,
      "wins": 0,
      "pnl": -759.061111449201,
      "total_value": 11113.7332458516,
      "win_rate": 0.0
    },
    "II": {
      "trades": 17,
      "wins": 6,
      "pnl": 5941.727149982399,
      "total_value": 167991.6209106478,
      "win_rate": 35.294117647058826
    },
    "I": {
      "trades": 23,
      "wins": 11,
      "pnl": 20281.9703788292,
      "total_value": 271108.25385664176,
      "win_rate": 47.82608695652174
    }
  },
  "by_signal": {
    "Beta_Reserve_Day1": {
      "trades": 1,
      "wins": 0,
      "pnl": -759.061111449201,
      "win_rate": 0.0
    },
    "Discovery": {
      "trades": 40,
      "wins": 17,
      "pnl": 26223.6975288116,
      "win_rate": 42.5
    }
  },
  "monthly_returns": {
    "2025-01": -0.51,
    "2025-02": -5.98,
    "2025-03": -3.15,
    "2025-04": -1.79,
    "2025-05": 3.15,
    "2025-06": 13.91,
    "2025-07": 9.65,
    "2025-08": -3.53,
    "2025-09": 12.29,
    "2025-10": 10.48,
    "2025-11": -10.89,
    "2025-12": -2.22
  },
  "regime_days": {
    "NEUTRAL": 138,
    "BULL": 112
  }
}