{
  "period": "2025",
  "final_nav": 282130.75,
  "total_return_pct": 88.09,
  "realized_pnl": 123258.33,
  "sharpe": 2.383,
  "max_dd_pct": -12.08,
  "max_dd_date": "2025-04-04",
  "total_trades": 88,
  "closed": 32,
  "win_rate": 65.6,
  "avg_win": 7075.86,
  "avg_loss": -2303.16,
  "payoff": 3.07,
  "by_signal": {
    "DIP": {
      "n": 15,
      "wins": 7,
      "pnl": 35425.29978177672,
      "total_val": 334652.2101325843,
      "wr": 46.666666666666664
    },
    "MOM": {
      "n": 15,
      "wins": 12,
      "pnl": 60900.628250092115,
      "total_val": 418095.4491042965,
      "wr": 80.0
    },
    "PEAD": {
      "n": 2,
      "wins": 2,
      "pnl": 26932.4033203084,
      "total_val": 78952.6749267558,
      "wr": 100.0
    }
  },
  "monthly": {
    "2025-01": 0.0,
    "2025-02": -1.22,
    "2025-03": -5.86,
    "2025-04": -0.51,
    "2025-05": 32.54,
    "2025-06": 17.14,
    "2025-07": 10.81,
    "2025-08": -3.33,
    "2025-09": 11.54,
    "2025-10": 16.55,
    "2025-11": -0.88,
    "2025-12": -5.13
  }
}