序号,营业部名称,龙虎榜成交金额,上榜次数,买入额,买入次数,卖出额,卖出次数
1,深股通专用,1710614529332.89,4758,902179124949.949,4716,808435404382.941,4743
2,沪股通专用,1127543148460.4,7001,581615922887.56,3460,545927225572.841,3541
3,国泰海通证券股份有限公司,359323102688.98,7090,188830880546.4,3503,170492222142.58,3587
4,高盛(中国)证券有限责任公司上海浦东新区世纪大道证券营业部,287672935401.13,5580,156362644769.79,2781,131310290631.34,2799
5,中信证券股份有限公司上海分公司,245598957700.67,4252,123399305700.36,2050,122199652000.31,2238
6,瑞银证券有限责任公司上海花园石桥路证券营业部,232619847493.48,3757,120313439364.93,1775,112306408128.55,1982
7,华宝证券股份有限公司上海东大名路证券营业部,143502139989.88,628,72936950599.44,440,70565189390.44,377
8,国信证券股份有限公司浙江互联网分公司,134190433477.11,2608,75152817575.3998,2068,59037615901.71,1794
9,中国国际金融股份有限公司上海分公司,131105274868.27,2199,66299581301.4,1467,64805693566.87,1554
10,摩根大通证券(中国)有限公司上海银城中路证券营业部,130453739959.94,2812,72079890077.2901,1447,58373849882.6499,1365
11,开源证券股份有限公司西安太华路证券营业部,117270854159.94,1801,74399248752.76,1454,42871605407.18,987
12,开源证券股份有限公司西安西大街证券营业部,93537330136.8,2015,58258336069.92,1696,35278994066.88,1350
13,东方财富证券股份有限公司拉萨金融城南环路证券营业部,90106649335.43,3090,49918385276.34,2606,40188264059.09,2356
14,国泰海通证券股份有限公司武汉紫阳东路证券营业部,89488252221.67,638,58537463806.45,532,30950788415.22,491
15,东方财富证券股份有限公司拉萨东环路第二证券营业部,84279995591.9699,3317,45200625900.6,2863,39079369691.37,2650
16,东方财富证券股份有限公司拉萨团结路第一证券营业部,83591229282.3199,2925,44102717689.5999,2507,39488511592.72,2370
17,国泰海通证券股份有限公司上海长宁区江苏路证券营业部,62112194436.65,1165,37995463646.33,945,24116730790.32,834
18,华鑫证券有限责任公司上海分公司,61644047894.21,497,31060695019.81,344,30583352874.4,301
19,国泰海通证券股份有限公司北京知春路证券营业部,57113220556.99,533,34498893358.69,434,22614327198.3,415
20,国泰海通证券股份有限公司南京太平南路证券营业部,53168312009.46,586,34518708481.43,488,18649603528.03,421
21,华鑫证券有限责任公司上海陆家嘴证券营业部,53133614713.82,466,27993154791.2,332,25140459922.62,312
22,国泰海通证券股份有限公司成都天府大道证券营业部,51630203167.22,729,33224573304.97,624,18405629862.25,598
23,国泰海通证券股份有限公司成都双庆路证券营业部,48416066300.08,296,24215293438.95,202,24200772861.13,195
24,国泰海通证券股份有限公司上海松江区中山东路证券营业部,47062934133.25,524,31250310156.19,456,15812623977.06,393
25,东方证券股份有限公司上海松江区沪亭北路证券营业部,46291269829.9,299,23481536319.58,224,22809733510.32,208
26,东方财富证券股份有限公司拉萨东环路第一证券营业部,40530112455.33,1726,21671437911.6,1473,18858674543.73,1403
27,国泰海通证券股份有限公司上海静安区新闸路证券营业部,37141038978.75,449,22901629995.77,344,14239408982.98,301
28,东方财富证券股份有限公司拉萨团结路第二证券营业部,36761438532.3,1867,19854228759.96,1653,16907209772.34,1590
29,国泰海通证券股份有限公司上海分公司,34723403103.76,224,22743857879.46,162,11979545224.3,101
30,东方财富证券股份有限公司山南香曲东路证券营业部,29827803463.89,1266,16455083940.21,959,13372719523.68,883
31,东方财富证券股份有限公司昌都两江大道证券营业部,29549197578.95,1026,15998839745.62,851,13550357833.33,794
32,华泰证券股份有限公司营业总部(非营业场所),29385568073.12,1107,17352545767.22,707,12033022305.9,400
33,国金证券股份有限公司深圳分公司,28653046830.06,1567,14814297221.62,1431,13838749608.44,1414
34,国新证券股份有限公司北京分公司,26104598090.6,510,15384269461.2,411,10720328629.4,328
35,中信证券股份有限公司浙江分公司,25401479508.58,507,13698460719.78,407,11703018788.8,384
36,中国银河证券股份有限公司大连黄河路证券营业部,24379106841.38,152,15259721163.08,121,9119385678.3,110
37,国泰海通证券股份有限公司上海浦东新区海阳西路证券营业部,24003077657.65,253,16546115456.17,187,7456962201.48,130
38,国盛证券股份有限公司宁波桑田路证券营业部,22387182192.63,428,12691402151.64,345,9695780040.99,326
39,中信证券股份有限公司深圳深南中路中信大厦证券营业部,21889959633.31,641,11246132432.86,326,10643827200.45,330
40,国泰海通证券股份有限公司湛江万豪世家证券营业部,21478029149.83,162,14269526870.42,141,7208502279.41,133
41,国泰海通证券股份有限公司上海自贸试验区第二分公司,21207793288.95,165,14829998693.26,126,6377794595.69,90
42,平安证券股份有限公司杭州曙光路证券营业部,20816979615.66,654,13002182616.66,553,7814796999.0,442
43,东亚前海证券有限责任公司苏州分公司,20315056826.53,453,11787226266.67,366,8527830559.86,273
44,国泰海通证券股份有限公司宜昌沿江大道证券营业部,20159659192.57,105,11075209319.58,90,9084449872.99,84
45,广发证券股份有限公司杭州富春路证券营业部,20123574236.91,178,12184617000.08,144,7938957236.83,116
46,招商证券股份有限公司深圳益田路免税商务大厦证券营业部,19264694024.17,528,8955710224.3,445,10308983799.87,461
47,华泰证券股份有限公司苏州吴中大道证券营业部,18864238223.53,166,10406486330.15,138,8457751893.38,137
48,华泰证券股份有限公司深圳前海证券营业部,17087247562.92,366,8539474108.94,287,8547773453.98,278
49,国信证券股份有限公司深圳互联网分公司,14989615996.77,835,7465386727.9,786,7524229268.86999,790
50,开源证券股份有限公司西安高新成章路证券营业部,14965240324.53,150,10494856281.92,133,4470384042.61,111
51,国泰海通证券股份有限公司三亚迎宾路证券营业部,14706241654.47,148,8956960742.54,117,5749280911.93,97
52,浙商证券股份有限公司杭州五星路证券营业部,13167818094.87,214,8140902829.76,172,5026915265.11,126
53,中国国际金融股份有限公司北京建国门外大街证券营业部,12992201708.29,336,5323649417.92,157,7668552290.37,183
54,国联民生证券股份有限公司宁波分公司,12832412317.38,108,7908008559.12,86,4924403758.26,62
55,爱建证券有限责任公司上海浦东新区前滩大道证券营业部,12437862716.96,146,7589670509.48,109,4848192207.48,77
56,东莞证券股份有限公司南京分公司,12411587702.12,219,6766404339.59,173,5645183362.53,151
57,中国银河证券股份有限公司北京中关村大街证券营业部,11845850356.96,384,6945521182.24,315,4900329174.72,282
58,中信建投证券股份有限公司上海营口路证券营业部,11735847855.03,752,6097372665.15,618,5638475189.88,569
59,华泰证券股份有限公司岳阳岳阳大道证券营业部,11067136470.51,125,5485446119.75,101,5581690350.76,97
60,华安证券股份有限公司上海浦东南路证券营业部,10932707527.13,13,4787178725.56,6,6145528801.57,8
61,广发证券股份有限公司郑州农业路证券营业部,10299416918.86,172,6334927746.43,142,3964489172.43,125
62,华鑫证券有限责任公司上海宛平南路证券营业部,9919660070.77,434,7050371639.17,354,2869288431.6,168
63,中泰证券股份有限公司湖北分公司,9822410124.52,157,6568481330.18,139,3253928794.34,122
64,华鑫证券有限责任公司上海徐汇区瑞平路证券营业部,9557848533.71,354,5087831060.52,259,4470017473.19,210
65,华泰证券股份有限公司上海武定路证券营业部,8982679236.59,239,5453744109.77,179,3528935126.82,171
66,东吴证券股份有限公司苏州相城大道证券营业部,8772537897.21,67,6536588927.07,46,2235948970.14,45
67,中信证券股份有限公司上海徐汇区漕溪北路证券营业部,8598796830.53,139,5222868053.2,102,3375928777.33,113
68,中国银河证券股份有限公司北京学院南路证券营业部,8538621446.24,194,4940359063.98,173,3598262382.26,164
69,长江证券股份有限公司上海分公司,8522654494.32,115,6278253355.02,95,2244401139.3,79
70,国盛证券股份有限公司杭州建设三路证券营业部,8349676824.31,175,4296969194.94,130,4052707629.37,127
71,东方证券股份有限公司无锡梁清路证券营业部,8121905062.29,180,5122120415.71,151,2999784646.58,131
72,国信证券股份有限公司深圳红岭中路证券营业部,7929892285.53,673,3805427643.54,662,4124464641.99,667
73,东北证券股份有限公司佛山分公司,7815252589.12,129,5452259989.14,114,2362992599.98,86
74,东方证券股份有限公司深圳金田路证券营业部,7682382740.95,71,5239435923.05,59,2442946817.9,41
75,东亚前海证券有限责任公司上海分公司,7641208635.39,230,4240910422.61,177,3400298212.78,132
76,广发证券股份有限公司深圳后海证券营业部,7573478118.28,57,4503723462.59,45,3069754655.69,44
77,中国银河证券股份有限公司绍兴鲁迅中路证券营业部,7508261154.02,193,3738675845.65,150,3769585308.37,143
78,华林证券股份有限公司北京分公司,7420096802.67,166,4516790055.14,128,2903306747.53,127
79,中信建投证券股份有限公司杭州庆春路证券营业部,7371124239.6,146,4447315903.34,109,2923808336.26,113
80,国新证券股份有限公司北京中关村大街证券营业部,7345196315.88,355,4403109347.36,275,2942086968.52,226
81,国联民生证券股份有限公司宁波财神殿南路证券营业部,7338591213.46,84,4256240093.45,59,3082351120.01,39
82,广发证券股份有限公司深圳广电金融中心证券营业部,7220670063.43,79,5336919519.27,72,1883750544.16,54
83,中信证券股份有限公司西安朱雀大街证券营业部,7206341645.66,103,4439742619.13,82,2766599026.53,76
84,中信建投证券股份有限公司安徽分公司,7188787732.62,100,4449260667.54,83,2739527065.08,81
85,联储证券股份有限公司杭州环城北路证券营业部,7151963943.87,108,4836917991.07,79,2315045952.8,52
86,国泰海通证券股份有限公司上海徐汇区宜山路证券营业部,6900219419.44,94,4037004718.22,82,2863214701.22,75
87,中信证券股份有限公司深圳滨海大道证券营业部,6842833324.75,248,2375151423.15,99,4467681901.6,160
88,中信证券股份有限公司杭州延安路证券营业部,6686960009.2,113,4378202104.81,92,2308757904.39,62
89,长城证券股份有限公司深圳华为稼先路证券营业部,6674446888.07,37,4560215028.53,26,2114231859.54,21
90,国联民生证券股份有限公司北京分公司,6662548498.77,85,3716818701.83,65,2945729796.94,62
91,东亚前海证券有限责任公司深圳分公司,6408715801.46,230,4399849721.1,174,2008866080.36,96
92,华泰证券股份有限公司深圳益田路荣超商务中心证券营业部,6407413388.24,193,3120220834.82,147,3287192553.42,135
93,华鑫证券有限责任公司绍兴胜利东路证券营业部,6356278072.92,389,4445703013.82,306,1910575059.1,149
94,平安证券股份有限公司浙江分公司,6326803793.76,279,4163654200.23,241,2163149593.53,208
95,中泰证券股份有限公司常州惠国路证券营业部,6062078202.05,359,4137542694.02,279,1924535508.03,156
96,华泰证券股份有限公司北京东三环北路证券营业部,5985681886.38,140,2733928749.63,97,3251753136.75,104
97,华源证券股份有限公司江苏分公司,5834308036.08,203,2876843955.88,150,2957464080.2,123
98,广发证券股份有限公司上海浦东新区东方路证券营业部,5801220547.92,66,3758093581.89,53,2043126966.03,43
99,东方财富证券股份有限公司拉萨东城区江苏大道证券营业部,5689648897.79,336,3271104901.56,286,2418543996.23,251
100,华鑫证券有限责任公司上海茅台路证券营业部,5678089198.97,173,3133575421.33,138,2544513777.64,114
101,国泰海通证券股份有限公司宁波广福街证券营业部,5601045474.39,65,3078038616.44,50,2523006857.95,56
102,东方证券股份有限公司厦门仙岳路证券营业部,5428794330.26,136,3468904855.64,120,1959889474.62,100
103,中国银河证券股份有限公司厦门湖滨中路证券营业部,5351299463.94,57,3332186955.61,46,2019112508.33,40
104,平安证券股份有限公司深圳分公司,5303056336.16,132,3412027513.13,121,1891028823.03,102
105,国投证券股份有限公司西安朱雀大街证券营业部,5290237414.14,73,3788287736.35,63,1501949677.79,52
106,国泰海通证券股份有限公司深圳海岸城海德三道证券营业部,5273350424.76,88,2898909417.63,74,2374441007.13,64
107,国盛证券股份有限公司上海浦东新区世纪大道证券营业部,5247342184.49,113,3592221746.3,98,1655120438.19,78
108,中信证券股份有限公司东阳吴宁西路证券营业部,5191977730.89,157,2983176170.07,120,2208801560.82,112
109,华鑫证券有限责任公司上海徐汇区云锦路证券营业部,5181285115.96,161,3012413341.01,125,2168871774.95,92
110,国元证券股份有限公司上海虹桥路证券营业部,5166921821.68,56,3058278096.65,45,2108643725.03,48
111,东海证券股份有限公司福州长乐北路证券营业部,5137444752.35,120,3283024187.28,90,1854420565.07,65
112,国联民生证券股份有限公司慈溪影清路证券营业部,5104070781.58,47,3264708437.53,37,1839362344.05,32
113,国投证券股份有限公司西安曲江池南路证券营业部,5089346953.17,76,2459215636.76,56,2630131316.41,45
114,华泰证券股份有限公司上海普陀区江宁路证券营业部,4983524801.86,67,2527683312.61,55,2455841489.25,43
115,方正证券股份有限公司重庆金开大道证券营业部,4965563692.52,33,3472171353.78,27,1493392338.74,16
116,东吴证券股份有限公司上海西藏南路证券营业部,4891795150.43,148,2441285820.95,116,2450509329.48,127
117,浙商证券股份有限公司宁波分公司,4878522332.31,103,2983022730.94,78,1895499601.37,62
118,中国银河证券股份有限公司宜昌新世纪证券营业部,4709694863.19,170,2772484581.83,138,1937210281.36,102
119,中信证券股份有限公司上海溧阳路证券营业部,4650122480.88,66,3705444434.17,53,944678046.71,41
120,国泰海通证券股份有限公司余姚舜水南路证券营业部,4626279288.56,37,2611932906.03,29,2014346382.53,26
121,中信证券股份有限公司杭州凤起路证券营业部,4615718709.73,146,2238356014.57,115,2377362695.16,109
122,国泰海通证券股份有限公司咸宁咸宁大道证券营业部,4555346974.97,61,2955888945.48,52,1599458029.49,45
123,甬兴证券有限公司宁波和源路证券营业部,4500275946.56,171,2752002843.16,114,1748273103.4,90
124,东方证券股份有限公司杭州龙井路证券营业部,4495301574.78,66,2528644225.84,45,1966657348.94,35
125,广发证券股份有限公司深圳福华一路证券营业部,4491640105.94,58,2788609819.55,51,1703030286.39,45
126,国信证券股份有限公司深圳泰然九路证券营业部,4422813119.23,259,2427312994.07,217,1995500125.16,211
127,招商证券股份有限公司北京建国路证券营业部,4355412536.99,70,3085690070.4,57,1269722466.59,50
128,中信建投证券股份有限公司北京东城分公司,4334138515.4,314,1942643322.14,308,2391495193.26,312
129,国泰海通证券股份有限公司重庆解放碑证券营业部,4309429818.15,39,2230359063.37,33,2079070754.78,28
130,开源证券股份有限公司徐州分公司,4269407029.59,31,2816470045.86,27,1452936983.73,23
131,国泰海通证券股份有限公司深圳福田中心区华融大厦证券营业部,4186218644.86,67,1999854603.95,53,2186364040.91,49
132,长江证券股份有限公司上海浦东新区东明路证券营业部,4115044858.08,91,2552110286.83,64,1562934571.25,59
133,东莞证券股份有限公司四川分公司,3923337499.21,206,1921533141.14,175,2001804358.07,163
134,招商证券股份有限公司深圳深南大道车公庙证券营业部,3875356875.06,68,1897024065.78,54,1978332809.28,48
135,平安证券股份有限公司天津分公司,3796616980.08,39,1983460773.59,22,1813156206.49,22
136,华泰证券股份有限公司天津分公司,3788836799.62,33,1840406443.54,23,1948430356.08,22
137,国信证券股份有限公司北京分公司,3743921733.86,274,1875559980.39,223,1868361753.47,221
138,华泰证券股份有限公司上海浦东新区世纪大道证券营业部,3609705991.36,68,1734680997.37,56,1875024993.99,49
139,招商证券股份有限公司深圳招商证券大厦证券营业部,3587714552.52,95,1503471355.37,73,2084243197.15,80
140,广发证券股份有限公司台州东海大道证券营业部,3468441218.07,50,2023356594.29,37,1445084623.78,34
141,华泰证券股份有限公司深圳彩田路证券营业部,3436135347.61,48,1886414740.34,36,1549720607.27,36
142,中国中金财富证券有限公司湖南分公司,3412082615.31,46,1530806930.24,32,1881275685.07,32
143,东方证券股份有限公司上海静安区延平路证券营业部,3366911340.68,22,1683565973.73,20,1683345366.95,20
144,华泰证券股份有限公司北京西三环国际财经中心证券营业部,3333820037.86,43,1410326149.09,37,1923493888.77,35
145,联储证券股份有限公司上海松林路证券营业部,3327215941.44,91,1877111261.63,62,1450104679.81,43
146,华创证券有限责任公司北京西直门证券营业部,3292810046.85,72,1863676726.63,58,1429133320.22,59
147,东方证券股份有限公司上海浦东新区源深路证券营业部,3264981163.94,31,2420319459.9,23,844661704.04,17
148,华泰证券股份有限公司合肥创新大道证券营业部,3251516314.73,23,1218986116.97,19,2032530197.76,20
149,中泰证券股份有限公司深圳分公司,3232367810.51,60,1596780795.37,49,1635587015.14,51
150,国泰海通证券股份有限公司北京团结湖证券营业部,3187559419.52,22,2310090185.95,21,877469233.57,20
151,平安证券股份有限公司宁波海晏北路证券营业部,3174576656.95,52,1877610494.24,44,1296966162.71,33
152,中信证券股份有限公司北京安外大街证券营业部,3120345598.81,72,1304784792.76,49,1815560806.05,55
153,兴业证券股份有限公司厦门湖里大道证券营业部,3097122885.65,67,1747313027.89,49,1349809857.76,48
154,申万宏源证券有限公司深圳彩田路证券营业部,3021560631.78,29,1506489744.46,24,1515070887.32,22
155,华鑫证券有限责任公司上海莲花路证券营业部,3006066253.36,118,1998294749.11,89,1007771504.25,43
156,中国银河证券股份有限公司上海杨浦区靖宇东路证券营业部,2999910419.22,37,1889445522.56,26,1110464896.66,28
157,联储证券股份有限公司杭州西湖桃源岭证券营业部,2994789802.09,50,1857510307.71,34,1137279494.38,24
158,天风证券股份有限公司上海浦东分公司,2991745505.49,44,1945843700.54,35,1045901804.95,25
159,国泰海通证券股份有限公司上海长宁区天山路证券营业部,2935973828.35,80,1557338393.03,60,1378635435.32,55
160,广发证券股份有限公司佛山顺德诚德路证券营业部,2930946641.3,93,1522296371.74,80,1408650269.56,51
161,广发证券股份有限公司杭州向往街证券营业部,2885589595.24,54,1739225901.66,36,1146363693.58,35
162,华鑫证券有限责任公司江苏分公司,2846087270.9,47,1913905389.99,36,932181880.91,30
163,中航证券有限公司四川分公司,2729773363.22,8,1196969353.58,5,1532804009.64,8
164,中信证券股份有限公司深圳分公司,2712222372.05,77,1701311436.88,62,1010910935.17,57
165,东亚前海证券有限责任公司浙江分公司,2674959713.56,176,1706077188.05,128,968882525.51,90
166,中信证券股份有限公司北京分公司,2672203774.11,92,1481545203.81,49,1190658570.3,58
167,国泰海通证券股份有限公司无锡湖滨路证券营业部,2662848393.01,12,710122271.61,8,1952726121.4,10
168,中国银河证券股份有限公司杭州双龙街证券营业部,2659528230.63,20,1562965429.78,11,1096562800.85,14
169,东方证券股份有限公司张家港东环路证券营业部,2642408396.32,83,1879292687.91,68,763115708.41,37
170,上海证券有限责任公司崇明区堡镇中路证券营业部,2623760584.93,63,1265738275.16,52,1358022309.77,42
171,华泰证券股份有限公司天津东丽开发区二纬路证券营业部,2609247293.66,10,1352774105.05,6,1256473188.61,8
172,华泰证券股份有限公司北京月坛南街证券营业部,2604333998.53,108,1293103154.9,85,1311230843.63,95
173,国投证券股份有限公司梅州分公司,2602331518.05,28,1285230037.55,20,1317101480.5,16
174,华泰证券股份有限公司江西分公司,2601965318.66,105,1576625769.11,87,1025339549.55,66
175,招商证券股份有限公司深圳南山南油大道证券营业部,2583014715.54,48,1009460506.69,34,1573554208.85,40
176,国金证券股份有限公司上海静安区南京西路证券营业部,2581681639.72,152,1314067053.02,121,1267614586.7,109
177,上海证券有限责任公司上海分公司,2577601417.88,54,1508044981.01,48,1069556436.87,38
178,联储证券股份有限公司宁波分公司,2527456901.75,97,1655657228.24,75,871799673.51,47
179,华泰证券股份有限公司南京江宁苏源大道证券营业部,2498980789.96,28,1994624727.34,17,504356062.62,23
180,国金证券股份有限公司成都武成大街证券营业部,2484418282.09,80,663702781.74,46,1820715500.35,69
181,中国银河证券股份有限公司三亚迎宾路证券营业部,2469611381.75,60,1887649726.61,51,581961655.14,32
182,东方财富证券股份有限公司上海东方路证券营业部,2465563356.72,78,1435035283.51,59,1030528073.21,50
183,国泰海通证券股份有限公司上海浦东新区陆家嘴东路证券营业部,2441970639.73,61,1267133180.1,49,1174837459.63,39
184,光大证券股份有限公司深圳深湾一路证券营业部,2415323403.7,27,504917897.99,19,1910405505.71,23
185,中泰证券股份有限公司浙江分公司,2410300474.71,26,1149350149.77,19,1260950324.94,19
186,华源证券股份有限公司深圳分公司,2408970005.26,81,1343012897.03,61,1065957108.23,31
187,国泰海通证券股份有限公司成都龙腾东路证券营业部,2388396914.17,96,1454933063.52,72,933463850.65,63
188,国信证券股份有限公司北京朝阳门证券营业部,2350331745.76,121,1666397523.4,104,683934222.36,55
189,东方证券股份有限公司东方资财,2331379264.94,46,1144648065.12,24,1186731199.82,22
190,中信证券股份有限公司上海万源路证券营业部,2319711708.34,26,915848960.75,21,1403862747.59,18
191,华泰证券股份有限公司深圳深南大道基金大厦证券营业部,2318628097.11,36,1344425374.65,27,974202722.46,30
192,东吴证券股份有限公司苏州工业园区扬富路证券营业部,2291059946.68,29,916159334.3,24,1374900612.38,25
193,申万宏源证券有限公司上海静安区康定路证券营业部,2254003971.84,15,723651066.9,12,1530352904.94,15
194,华鑫证券有限责任公司湖州大线场路证券营业部,2226173968.66,75,1262443936.11,54,963730032.55,42
195,华鑫证券有限责任公司佛山顺德近良路证券营业部,2226084478.58,50,1309148411.6,35,916936066.98,27
196,中国中金财富证券有限公司简阳金融街证券营业部,2223304081.37,5,1149826267.93,4,1073477813.44,3
197,兴业证券股份有限公司深圳分公司,2221969763.61,52,1402728515.53,41,819241248.08,40
198,国泰海通证券股份有限公司广州东风中路证券营业部,2191913329.89,139,1304566720.7,105,887346609.19,91
199,国投证券股份有限公司深圳红荔西路证券营业部,2174399328.26,94,1324547458.98,74,849851869.28,67
200,中信证券股份有限公司总部(非营业场所),2168245699.31,48,447064246.91,16,1721181452.4,32
201,国泰海通证券股份有限公司重庆观音桥步行街证券营业部,2166243996.03,105,1256072319.03,74,910171677.0,64
202,国泰海通证券股份有限公司东莞总部一路证券营业部,2163835934.8,78,1288242187.55,57,875593747.25,34
203,中信证券股份有限公司北京总部证券营业部,2155851448.53,27,1193448682.48,27,962402766.05,27
204,中信证券股份有限公司北京建国门证券营业部,2136011094.11,34,1071441935.48,22,1064569158.63,19
205,长城证券股份有限公司西北分公司,2119833920.03,80,1058561981.18,53,1061271938.85,45
206,中国银河证券股份有限公司南京洪武路证券营业部,2106045598.41,19,1719050321.26,16,386995277.15,15
207,东吴证券股份有限公司宁波前河南路证券营业部,2098378988.27,49,887977034.46,35,1210401953.81,24
208,麦高证券有限责任公司北京第二分公司,2091059056.12,97,1194613236.86,75,896445819.26,66
209,华福证券股份有限公司南京胜太路证券营业部,2082092072.48,42,1221533412.62,26,860558659.86,24
210,华泰证券股份有限公司苏州人民路证券营业部,2082079594.18,39,836137654.46,29,1245941939.72,34
211,光大证券股份有限公司上海淮海中路证券营业部,2080321428.12,42,645946574.1,29,1434374854.02,27
212,华泰证券股份有限公司江阴福泰路证券营业部,2067525408.67,98,404230867.88,62,1663294540.79,79
213,招商证券股份有限公司上海世纪大道证券营业部,2059377311.23,90,744451104.18,56,1314926207.05,66
214,国泰海通证券股份有限公司西安雁展路证券营业部,2050472855.31,15,1300409285.45,12,750063569.86,13
215,华鑫证券有限责任公司深圳益田路证券营业部,2046316705.3,106,994033842.94,85,1052282862.36,80
216,申港证券股份有限公司四川分公司,2042947852.14,43,1257576644.84,30,785371207.3,25
217,中信证券股份有限公司上海浦东新区东方路证券营业部,2039793363.63,75,854657926.12,49,1185135437.51,60
218,广发证券股份有限公司南京汉中路证券营业部,2026520213.0,65,1714964215.68,54,311555997.32,36
219,浙商证券股份有限公司上海浦东杨高南路证券营业部,2015998541.98,26,1026167368.21,17,989831173.77,18
220,广发证券股份有限公司西安南广济街证券营业部,2010372422.0,45,1153096697.6,34,857275724.4,24
221,招商证券股份有限公司深圳红岭路证券营业部,2007019690.89,48,1146484884.46,38,860534806.43,31
222,东北证券股份有限公司青岛分公司,1998091470.68,37,1316687186.31,29,681404284.37,25
223,甬兴证券有限公司苏州分公司,1991000325.45,22,1306766383.18,14,684233942.27,10
224,招商证券股份有限公司上海长宁区娄山关路证券营业部,1957834308.11,77,681493809.57,55,1276340498.54,55
225,东方证券股份有限公司深圳深南大道证券营业部,1954430017.79,42,1147042423.95,34,807387593.84,24
226,申万宏源证券有限公司上海闵行区东川路证券营业部,1951685824.3,38,1515360158.81,30,436325665.49,17
227,光大证券股份有限公司北京总部基地证券营业部,1927938579.03,115,1051681425.63,78,876257153.4,58
228,华鑫证券有限责任公司上海源深路证券营业部,1922392703.8,80,887458266.43,67,1034934437.37,70
229,中国中金财富证券有限公司深圳分公司,1900924835.04,86,592718721.29,51,1308206113.75,72
230,中信建投证券股份有限公司客户资产管理部,1874096388.92,19,797619603.93,10,1076476784.99,9
231,招商证券股份有限公司深圳前海大道证券营业部,1868467544.65,64,431241425.0,47,1437226119.65,56
232,东方财富证券股份有限公司长春人民大街证券营业部,1866996528.57,16,688821647.59,8,1178174880.98,13
233,国信证券股份有限公司浙江分公司,1865559226.32,98,511680960.79,63,1353878265.53,79
234,中国银河证券股份有限公司桂林中山中路证券营业部,1846513402.27,44,998219947.13,33,848293455.14,29
235,广发证券股份有限公司广州马场路广发证券大厦证券营业部,1844157498.37,58,923674910.27,45,920482588.1,47
236,华鑫证券有限责任公司上海东大名路证券营业部,1841997236.59,70,945701972.04,64,896295264.55,61
237,中信证券股份有限公司北京紫竹院路证券营业部,1834367869.16,55,772179240.09,34,1062188629.07,33
238,麦高证券有限责任公司北京分公司,1831216668.88,109,1080530308.17,96,750686360.71,85
239,中泰证券股份有限公司深圳科苑南路证券营业部,1830774345.63,31,959526838.77,28,871247506.86,25
240,中国国际金融股份有限公司深圳分公司,1818702486.24,26,801792597.88,16,1016909888.36,20
241,中信建投证券股份有限公司上海黄浦区徐家汇路证券营业部,1795287285.91,25,522582529.23,19,1272704756.68,16
242,华泰证券股份有限公司南京分公司,1788586042.16,35,894927160.7,19,893658881.46,30
243,天风证券股份有限公司深圳分公司,1772954636.9,50,892907503.1,34,880047133.8,34
244,平安证券股份有限公司深圳深南东路罗湖商务中心证券营业部,1766572345.01,122,786722654.23,97,979849690.78,104
245,金融街证券股份有限公司上海浦东新区成山路证券营业部,1746133623.06,31,1264006996.84,26,482126626.22,19
246,东吴证券股份有限公司苏州西北街证券营业部,1736811483.3,141,1009730847.89,122,727080635.41,111
247,长江证券股份有限公司宜昌沿江大道证券营业部,1731899133.12,12,540018257.42,7,1191880875.7,11
248,国泰海通证券股份有限公司重庆中山三路证券营业部,1729881677.12,33,712855118.1,24,1017026559.02,22
249,中国银河证券股份有限公司广州粤海金融中心证券营业部,1729661800.52,55,1020139629.78,39,709522170.74,39
250,国泰海通证券股份有限公司成都顺城大街证券营业部,1726092268.2,19,1459718388.81,13,266373879.39,13
251,联储证券股份有限公司上海中山西路证券营业部,1700792167.37,14,941773877.18,11,759018290.19,10
252,华泰证券股份有限公司北京学院南路证券营业部,1699838148.54,17,27458284.64,11,1672379863.9,14
253,中国中金财富证券有限公司上海黄浦区中山东二路证券营业部,1699591103.98,42,386682643.28,20,1312908460.7,27
254,华泰证券股份有限公司福建分公司,1695598434.85,14,787844831.6,10,907753603.25,10
255,华鑫证券有限责任公司杭州分公司,1695411705.48,72,833360387.07,63,862051318.41,54
256,招商证券股份有限公司上海肇嘉浜路证券营业部,1693693823.07,31,72144559.84,23,1621549263.23,27
257,光大证券股份有限公司汕头华山路证券营业部,1686755615.95,33,1147925100.8,28,538830515.15,24
258,中信证券股份有限公司杭州玉皇山南基金小镇证券营业部,1686135978.91,20,490419071.83,13,1195716907.08,18
259,平安证券股份有限公司上海分公司,1676578209.86,108,497943257.81,82,1178634952.05,90
260,东兴证券股份有限公司北京复兴路证券营业部,1664426003.71,31,963461226.05,21,700964777.66,25
261,广发证券股份有限公司,1648750968.29,26,1308756169.29,17,339994799.0,9
262,华福证券股份有限公司上海浦东新区浦明路证券营业部,1639673445.41,28,1039783448.58,16,599889996.83,17
263,中国银河证券股份有限公司武汉汉阳证券营业部,1567880694.66,36,797734672.43,21,770146022.23,19
264,平安证券股份有限公司深圳香蜜湖证券营业部,1562609587.23,69,764610400.34,53,797999186.89,45
265,中国银河证券股份有限公司诸暨东旺路证券营业部,1546835223.63,31,1217364621.1,26,329470602.53,10
266,长江证券股份有限公司昆明白龙路证券营业部,1542912129.94,23,1008206196.92,20,534705933.02,16
267,华鑫证券有限责任公司南京清凉门大街证券营业部,1527108965.64,53,951550315.9,50,575558649.74,39
268,国泰海通证券股份有限公司北京中关村南大街证券营业部,1516190963.89,50,694604837.11,32,821586126.78,27
269,中泰证券股份有限公司天津南京路证券营业部,1514168620.68,31,420613103.86,20,1093555516.82,24
270,中信证券股份有限公司福州湖东路证券营业部,1513081312.69,13,646159726.82,9,866921585.87,10
271,东方证券股份有限公司拉萨金珠西路证券营业部,1512399917.67,34,910690044.65,24,601709873.02,19
272,国投证券股份有限公司深圳深南大道华侨城大厦证券营业部,1505987418.75,49,1066588614.81,38,439398803.94,28
273,中信证券股份有限公司四川分公司,1478099732.82,42,713955701.94,32,764144030.88,36
274,东北证券股份有限公司武汉香港路证券营业部,1470058072.56,83,888576554.81,68,581481517.75,49
275,中信证券股份有限公司长兴明珠路证券营业部,1466108145.05,53,769174657.88,44,696933487.17,29
276,华泰证券股份有限公司上海静安区威海路证券营业部,1459133552.05,39,610463966.15,28,848669585.9,30
277,华泰证券股份有限公司天津河东金茂广场证券营业部,1458192756.17,20,1214529145.7,13,243663610.47,14
278,国泰海通证券股份有限公司深圳红荔西路证券营业部,1450580060.74,18,691858438.16,13,758721622.58,13
279,方正证券股份有限公司长沙留芳岭证券营业部,1449009819.44,17,575063188.3,11,873946631.14,12
280,东莞证券股份有限公司常熟东南大道证券营业部,1424025201.34,77,854927029.44,56,569098171.9,30
281,国新证券股份有限公司海南分公司,1413510843.46,105,843633297.13,73,569877546.33,59
282,国泰海通证券股份有限公司河源越王大道证券营业部,1412513642.09,36,782510285.58,23,630003356.51,24
283,国盛证券股份有限公司南昌金融大街证券营业部,1409148129.72,30,807853378.89,28,601294750.83,21
284,广发证券股份有限公司广州黄埔大道证券营业部,1398698654.46,38,423169383.09,22,975529271.37,32
285,东方证券股份有限公司杭州金鸡路证券营业部,1395800273.66,46,867389987.37,37,528410286.29,22
286,招商证券股份有限公司深圳建安路证券营业部,1384472367.01,51,446068431.38,38,938403935.63,39
287,申万宏源证券有限公司苏州龙西路证券营业部,1382455225.05,25,83374170.76,11,1299081054.29,23
288,东吴证券股份有限公司扬州扬子江中路证券营业部,1381174516.67,15,875015313.0,11,506159203.67,9
289,东兴证券股份有限公司上海肇嘉浜路证券营业部,1373270482.12,14,1305473421.5,11,67797060.62,7
290,平安证券股份有限公司深圳蛇口招商路招商大厦证券营业部,1362196731.43,44,315954263.13,30,1046242468.3,33
291,中国银河证券股份有限公司北京安贞门证券营业部,1360497028.8,61,603570832.68,41,756926196.12,45
292,华泰证券股份有限公司辽宁分公司,1354733806.38,70,763468022.9,52,591265783.48,48
293,湘财证券股份有限公司杭州西溪路证券营业部,1354312789.11,21,778909610.98,16,575403178.13,15
294,国投证券股份有限公司深圳下梅林二街证券营业部,1342418238.55,18,947770922.22,13,394647316.33,11
295,中国中金财富证券有限公司上海静安区灵石路证券营业部,1340519572.21,8,1337874356.21,6,2645216.0,3
296,国泰海通证券股份有限公司顺德大良证券营业部,1335707805.64,40,735939468.51,35,599768337.13,28
297,华泰证券股份有限公司上海黄浦区来福士广场证券营业部,1332425879.53,57,523152250.26,35,809273629.27,46
298,中信建投证券股份有限公司深圳中信国际大厦证券营业部,1332373100.39,17,977790588.87,13,354582511.52,8
299,国联民生证券股份有限公司江阴大桥北路证券营业部,1331852019.44,18,116361444.99,10,1215490574.45,13
300,金融街证券股份有限公司上海第二分公司,1325263240.03,28,776605340.55,22,548657899.48,22
301,华泰证券股份有限公司深圳深南大道证券营业部,1324706334.34,69,493542246.47,58,831164087.87,55
302,华源证券股份有限公司武汉分公司,1321902837.43,35,548382034.13,22,773520803.3,21
303,华泰证券股份有限公司扬州文昌中路证券营业部,1311076169.11,15,594438851.71,11,716637317.4,12
304,国泰海通证券股份有限公司上海浦东新区福山路证券营业部,1298061136.64,91,805807642.58,66,492253494.06,50
305,东北证券股份有限公司宁波甬江大道证券营业部,1296154274.46,58,778898227.99,44,517256046.47,25
306,中国银河证券股份有限公司庄河世纪大街证券营业部,1276702448.62,32,881743384.07,26,394959064.55,18
307,方正证券股份有限公司深圳翔鸽路证券营业部,1269745375.65,13,578907951.44,12,690837424.21,13
308,华泰证券股份有限公司泰兴国庆西路证券营业部,1265580228.1,12,1198009425.2,10,67570802.9,4
309,中信证券股份有限公司深圳福田金田路证券营业部,1260368975.61,32,380065454.2,19,880303521.41,24
310,华泰证券股份有限公司镇江黄山南路证券营业部,1247222150.66,54,624098989.08,44,623123161.58,39
311,方正证券股份有限公司北京安慧东里证券营业部,1242116337.61,17,834441935.04,16,407674402.57,15
312,浙商证券股份有限公司乐清千帆东路证券营业部,1238935268.65,14,441675929.75,10,797259338.9,12
313,东吴证券股份有限公司苏州石路证券营业部,1238076063.44,17,645314660.46,15,592761402.98,10
314,国泰海通证券股份有限公司上海浦东新区崮山路证券营业部,1233675190.32,12,924521947.75,7,309153242.57,10
315,甬兴证券有限公司安徽分公司,1228757192.28,21,938197982.08,15,290559210.2,6
316,中信建投证券股份有限公司北京朝阳分公司,1226706725.0,36,543225127.04,26,683481597.96,32
317,招商证券股份有限公司深圳福中一路证券营业部,1218766157.38,15,339675957.69,12,879090199.69,11
318,西南证券股份有限公司湖南分公司,1218450383.48,13,211962003.24,9,1006488380.24,10
319,中信证券股份有限公司上海静安区山西北路证券营业部,1215838125.32,44,688977742.29,36,526860383.03,31
320,麦高证券有限责任公司成都丽都路证券营业部,1206635952.86,45,814461833.55,32,392174119.31,16
321,华鑫证券有限责任公司深圳分公司,1205699584.81,51,665867858.47,32,539831726.34,27
322,中国银河证券股份有限公司上海长宁区定西路证券营业部,1204817692.3,31,392514595.66,20,812303096.64,24
323,广发证券股份有限公司杭州学院路证券营业部,1196168703.53,15,34895804.49,8,1161272899.04,12
324,国泰海通证券股份有限公司杭州延安路证券营业部,1185772417.81,42,528448996.64,29,657323421.17,32
325,国信证券股份有限公司福州五一中路证券营业部,1185481634.86,53,424691019.51,43,760790615.35,41
326,国泰海通证券股份有限公司上海闵行区号文路证券营业部,1185113522.77,44,703390632.74,36,481722890.03,28
327,中信证券股份有限公司北京北三环中路证券营业部,1181788884.14,39,347201738.06,21,834587146.08,36
328,国泰海通证券股份有限公司上虞市民大道证券营业部,1176784968.16,39,294931243.68,31,881853724.48,34
329,兴业证券股份有限公司福州工业路证券营业部,1176071113.98,38,747727032.35,30,428344081.63,21
330,申万宏源证券有限公司上海第二分公司,1175293210.37,31,804298556.45,19,370994653.92,20
331,光大证券股份有限公司上海浦东新区世纪大道证券营业部,1173938520.92,31,512897184.3,20,661041336.62,21
332,中国中金财富证券有限公司深圳中金大厦证券营业部,1162704030.06,50,461739378.17,34,700964651.89,45
333,华泰证券股份有限公司上海分公司,1161904033.42,25,372051933.39,16,789852100.03,21
334,中国中金财富证券有限公司北京北三环东路证券营业部,1160215035.94,21,296230565.62,9,863984470.32,19
335,招商证券股份有限公司深圳科技园高新南一道证券营业部,1156683994.17,38,786596091.46,32,370087902.71,31
336,平安证券股份有限公司北京市分公司,1150168429.79,72,369427319.4,56,780741110.39,59
337,国泰海通证券股份有限公司杭州富春路证券营业部,1149393557.86,32,613956148.57,24,535437409.29,20
338,华泰证券股份有限公司南京江宁天元东路证券营业部,1137961915.93,26,575435430.08,17,562526485.85,16
339,长城证券股份有限公司长沙五一中路证券营业部,1134079572.02,38,569437315.92,32,564642256.1,26
340,国泰海通证券股份有限公司北京德外大街证券营业部,1128302088.66,26,702958129.55,17,425343959.11,13
341,中国银河证券股份有限公司北京金融街证券营业部,1124314224.39,59,425412250.24,44,698901974.15,29
342,中国银河证券股份有限公司蚌埠东海大道证券营业部,1121701556.23,23,716844106.38,20,404857449.85,12
343,东方证券股份有限公司上海分公司,1119298268.14,12,72838884.75,5,1046459383.39,11
344,国泰海通证券股份有限公司杭州新业路第一证券营业部,1119134988.76,21,533403631.55,15,585731357.21,12
345,华泰证券股份有限公司成都蜀金路证券营业部,1107863918.36,81,471576778.53,65,636287139.83,62
346,招商证券股份有限公司上海浦东新区长柳路证券营业部,1106191959.02,24,808026062.8,18,298165896.22,15
347,华泰证券股份有限公司浙江分公司,1105212278.67,18,390794151.72,13,714418126.95,15
348,中国中金财富证券有限公司广州天河路证券营业部,1104261393.37,63,451363676.36,50,652897717.01,47
349,华安证券股份有限公司北京东三环中路证券营业部,1101038195.0,21,423634051.92,19,677404143.08,17
350,华泰证券股份有限公司上海浦东新区滨江大道证券营业部,1099528586.81,26,613471660.21,16,486056926.6,14
351,国联民生证券股份有限公司上海分公司,1099137494.51,50,565886544.44,31,533250950.07,29
352,国泰海通证券股份有限公司成都天府二街第一证券营业部,1093845223.72,29,581925488.69,23,511919735.03,21
353,国金证券股份有限公司北京崇文门外大街证券营业部,1087412776.3,57,539555231.31,39,547857544.99,27
354,中信建投证券股份有限公司南昌北京东路证券营业部,1084379614.24,46,705081270.37,42,379298343.87,28
355,中国银河证券股份有限公司厦门嘉禾路证券营业部,1078901815.05,65,472848945.48,40,606052869.57,46
356,国投证券股份有限公司上海浦东新区樱花路证券营业部,1072292535.22,30,441612926.75,18,630679608.47,20
357,中信证券股份有限公司深圳科技园证券营业部,1071536448.78,14,42441094.0,8,1029095354.78,11
358,甬兴证券有限公司天津解放北路证券营业部,1069155330.81,17,353833897.3,8,715321433.51,11
359,中国中金财富证券有限公司上海分公司,1068851860.91,38,489213931.65,25,579637929.26,31
360,国海证券股份有限公司上海世纪大道证券营业部,1062767239.99,27,813923791.38,22,248843448.61,15
361,甬兴证券有限公司上海分公司,1058157154.05,43,566255364.9,35,491901789.15,25
362,华龙证券股份有限公司杭州玉古路证券营业部,1058089388.06,17,210120771.15,10,847968616.91,15
363,国泰海通证券股份有限公司上海徐汇区宛平南路证券营业部,1054399126.56,38,650864353.64,30,403534772.92,30
364,广发证券股份有限公司深圳深南东路证券营业部,1043262775.36,28,413115693.2,19,630147082.16,17
365,国金证券股份有限公司深圳湾一号证券营业部,1040289403.37,90,584293590.68,68,455995812.69,66
366,国泰海通证券股份有限公司深圳深南大道京基一百证券营业部,1039064600.41,42,587223888.24,35,451840712.17,26
367,广发证券股份有限公司普宁流沙证券营业部,1038112101.49,29,275340333.83,17,762771767.66,26
368,东莞证券股份有限公司成都高升桥路证券营业部,1038002697.81,33,601799332.89,28,436203364.92,25
369,华泰证券股份有限公司常州分公司,1029799082.22,10,426438653.71,8,603360428.51,7
370,中信建投证券股份有限公司北京鸿翼分公司,1029116012.66,51,446486781.71,38,582629230.95,40
371,上海证券有限责任公司徐汇区高安路证券营业部,1026192583.86,26,780984366.66,21,245208217.2,17
372,中信建投证券股份有限公司福州东街证券营业部,1024826908.14,49,448613719.86,36,576213188.28,37
373,国泰海通证券股份有限公司广州珠江新城证券营业部,1018781298.8,51,710391292.95,37,308390005.85,27
374,中信证券股份有限公司杭州新城路证券营业部,1015590526.61,14,845967321.9,8,169623204.71,10
375,中信建投证券股份有限公司福州长乐朝阳中路证券营业部,1014454468.98,18,377410331.81,15,637044137.17,16
376,光大证券股份有限公司昆明人民中路证券营业部,1013756177.66,39,628539813.83,31,385216363.83,28
377,国元证券股份有限公司浙江分公司,1012289044.31,8,154560020.73,5,857729023.58,6
378,五矿证券有限公司东莞汇金路证券营业部,1009629824.22,11,382072929.5,5,627556894.72,6
379,长江证券股份有限公司上海安远路证券营业部,1009046028.07,21,674487302.03,13,334558726.04,13
380,东方证券股份有限公司成都万象南路证券营业部,1008093229.99,30,844789068.91,28,163304161.08,11
381,中国中金财富证券有限公司广州番禺东兴路证券营业部,1004874801.82,136,652543704.72,101,352331097.1,79
382,招商证券股份有限公司深圳深南中路证券营业部,995428074.21,17,892341877.98,14,103086196.23,12
383,中信建投证券股份有限公司长沙芙蓉中路证券营业部,995349550.31,12,397840839.29,7,597508711.02,12
384,国投证券股份有限公司肇庆分公司,983174928.01,6,36331444.75,2,946843483.26,4
385,中信建投证券股份有限公司北京中关村东路证券营业部,981494824.04,26,560079058.12,19,421415765.92,20
386,国泰海通证券股份有限公司南宁民族大道证券营业部,976478077.63,37,472926081.38,32,503551996.25,32
387,华泰证券股份有限公司南通通州新世纪大道证券营业部,969277260.13,17,48694137.72,12,920583122.41,14
388,国新证券股份有限公司长沙韶山路证券营业部,969017430.07,88,586900307.56,58,382117122.51,41
389,国信证券股份有限公司上海分公司,967785715.45,59,239647699.67,35,728138015.78,46
390,东方证券股份有限公司上海浦东新区银城中路证券营业部,967419396.62,24,393590721.05,18,573828675.57,17
391,中信证券股份有限公司北京亚运村证券营业部,963754740.24,21,445710255.76,13,518044484.48,15
392,中信证券股份有限公司江西分公司,963316055.41,3,27340284.0,3,935975771.41,1
393,招商证券股份有限公司福州六一中路证券营业部,962736003.37,28,144634554.29,15,818101449.08,23
394,国泰海通证券股份有限公司深圳分公司华富路证券营业部,955106161.95,43,521769256.12,28,433336905.83,32
395,浙商证券股份有限公司永康望春西路证券营业部,947546632.92,40,176693851.55,27,770852781.37,29
396,国投证券股份有限公司深圳安信金融大厦证券营业部,946385628.31,15,811506830.9,12,134878797.41,11
397,中信证券股份有限公司北京京城大厦证券营业部,941809588.94,29,495044383.39,17,446765205.55,21
398,国金证券股份有限公司宁波江澄南路证券营业部,941334053.89,18,357606542.49,11,583727511.4,10
399,国泰海通证券股份有限公司济南舜华路证券营业部,941314139.24,30,471233320.71,23,470080818.53,16
400,中国中金财富证券有限公司广州分公司,940378903.85,45,174669321.54,28,765709582.31,35
401,联储证券股份有限公司陕西分公司,938437352.75,122,509898256.8,97,428539095.95,88
402,国投证券股份有限公司上海黄浦区中山南路证券营业部,932104181.64,21,693983289.21,17,238120892.43,8
403,国泰海通证券股份有限公司昆明人民中路证券营业部,931538601.78,38,529566782.56,27,401971819.22,23
404,国泰海通证券股份有限公司深圳滨海大道创投大厦证券营业部,930551264.04,33,291416339.29,18,639134924.75,22
405,国泰海通证券股份有限公司义乌丹溪北路证券营业部,927019594.1,24,550756302.69,20,376263291.41,16
406,国金证券股份有限公司重庆江北嘴证券营业部,915254537.63,43,462920970.66,34,452333566.97,31
407,华泰证券股份有限公司上海静安区广中西路证券营业部,911300848.11,33,293638051.35,24,617662796.76,27
408,国泰海通证券股份有限公司北京知春里证券营业部,904918710.07,20,292095412.66,13,612823297.41,12
409,东方证券股份有限公司汕头长平路证券营业部,903825115.02,44,392811301.06,26,511013813.96,30
410,国泰海通证券股份有限公司长沙五一大道第二证券营业部,903128779.72,62,347400042.62,47,555728737.1,50
411,广发证券股份有限公司杭州顺福商务中心证券营业部,898902133.71,20,509087152.31,14,389814981.4,14
412,信达证券股份有限公司北京中关村南大街证券营业部,898049995.85,11,28731369.15,3,869318626.7,9
413,信达证券股份有限公司上海黄浦区南京西路证券营业部,895471653.7,33,519010025.27,26,376461628.43,17
414,招商证券股份有限公司上海牡丹江路证券营业部,893036837.49,113,561426801.38,88,331610036.11,88
415,华福证券股份有限公司杭州江南大道证券营业部,891381982.2,32,302502165.01,19,588879817.19,25
416,平安证券股份有限公司江苏分公司,890801142.11,61,293774273.61,48,597026868.5,51
417,国泰海通证券股份有限公司北京金融街分公司,888996046.82,12,657957488.75,8,231038558.07,6
418,财信证券股份有限公司郴州八一南路证券营业部,884551508.13,16,78166181.19,12,806385326.94,13
419,光大证券股份有限公司南通工农路证券营业部,881382592.77,4,869381768.77,3,12000824.0,1
420,中泰证券股份有限公司上海黄浦区中山南路证券营业部,878143826.66,26,423338720.9,12,454805105.76,21
421,联储证券股份有限公司深圳彩田路证券营业部,872446185.51,15,453493473.1,13,418952712.41,10
422,方正证券股份有限公司北京阜外大街证券营业部,870999589.7,20,82090365.0,13,788909224.7,17
423,广发证券股份有限公司深圳东滨路证券营业部,867682809.03,52,445339683.32,39,422343125.71,36
424,中国银河证券股份有限公司荆门证券营业部,861973582.54,7,422096336.09,4,439877246.45,7
425,东方财富证券股份有限公司江苏分公司,859985712.64,43,525715973.92,37,334269738.72,31
426,中国中金财富证券有限公司杭州江河汇证券营业部,858919871.81,35,233064183.91,21,625855687.9,27
427,中银国际证券股份有限公司广东分公司,858826639.47,13,23238942.48,10,835587696.99,8
428,湘财证券股份有限公司上海张杨路证券营业部,850546836.01,10,416192567.89,9,434354268.12,9
429,广发证券股份有限公司武汉建设大道广发银行大厦证券营业部,849997223.05,26,413248201.3,19,436749021.75,18
430,华泰证券股份有限公司厦门厦禾路证券营业部,849024729.2,56,341187824.94,36,507836904.26,39
431,国融证券股份有限公司青岛分公司,848426998.22,21,390996979.58,13,457430018.64,12
432,国泰海通证券股份有限公司汕头中山中路证券营业部,844241308.27,21,376319969.33,14,467921338.94,16
433,中信建投证券股份有限公司北京海淀分公司,843927898.22,43,323767332.38,31,520160565.84,34
434,国金证券股份有限公司成都新都区马超西路证券营业部,842736050.06,40,597448888.3,35,245287161.76,24
435,招商证券股份有限公司北京景辉街证券营业部,840813626.6,24,96084239.66,15,744729386.94,22
436,国金证券股份有限公司福州长乐中路证券营业部,838328398.49,43,663610545.68,36,174717852.81,20
437,平安证券股份有限公司银川凤凰北街证券营业部,835410005.95,28,213223917.85,21,622186088.1,21
438,华鑫证券有限责任公司上海虬江路证券营业部,834551508.27,42,520500182.35,36,314051325.92,28
439,国信证券股份有限公司上海浦东分公司,832541844.61,55,224996372.56,33,607545472.05,49
440,广发证券股份有限公司荆州江津路证券营业部,828730607.34,9,46836513.0,7,781894094.34,6
441,东方证券股份有限公司常熟李闸路证券营业部,827982626.49,50,565594025.79,44,262388600.7,38
442,方正证券股份有限公司慈溪人和路证券营业部,827584539.86,14,419453591.84,11,408130948.02,10
443,南京证券股份有限公司南京江东中路证券营业部,823886931.43,20,458439908.25,13,365447023.18,12
444,华鑫证券有限责任公司西安分公司,822731566.45,39,393180892.51,35,429550673.94,35
445,招商证券股份有限公司上海自贸试验区分公司,822268038.76,6,150630484.82,3,671637553.94,4
446,招商证券股份有限公司北京西直门北大街证券营业部,817821448.4,34,366070897.83,18,451750550.57,25
447,广发证券股份有限公司上海漕溪北路证券营业部,817783252.22,27,567132441.22,16,250650811.0,22
448,华泰证券股份有限公司上海黄浦区黄陂南路证券营业部,816549867.5,60,296628360.35,36,519921507.15,46
449,东海证券股份有限公司浙江分公司,816459353.48,31,441154505.91,22,375304847.57,24
450,华泰证券股份有限公司深圳平安金融中心证券营业部,813890175.79,22,141695443.63,16,672194732.16,19
451,广发证券股份有限公司广州寺右新马路证券营业部,813067036.57,76,451114152.53,58,361952884.04,52
452,方正证券股份有限公司杭州南山路证券营业部,808149469.48,23,267848339.63,10,540301129.85,18
453,爱建证券有限责任公司杭州富春路证券营业部,806720606.39,28,299735981.06,19,506984625.33,14
454,国泰海通证券股份有限公司上海徐汇区建国西路证券营业部,806358802.9,44,195059926.6,18,611298876.3,31
455,方正证券股份有限公司杭州白石巷证券营业部,806226171.96,43,274476804.09,24,531749367.87,32
456,国泰海通证券股份有限公司北京方庄路证券营业部,806119907.51,39,334106208.42,27,472013699.09,33
457,山西证券股份有限公司浙江分公司,803092891.1,44,534327016.31,34,268765874.79,17
458,中信证券股份有限公司北京建外大街证券营业部,802363202.55,7,15522153.0,4,786841049.55,6
459,粤开证券股份有限公司深圳深南大道证券营业部,795916929.06,22,274299204.45,9,521617724.61,16
460,平安证券股份有限公司深圳金田路证券营业部,793824479.62,53,280912706.07,36,512911773.55,44
461,国金证券股份有限公司上海奉贤区金碧路证券营业部,791696833.69,99,333608083.06,78,458088750.63,79
462,国投证券股份有限公司海南分公司,786290898.76,7,284633805.39,3,501657093.37,5
463,英大证券有限责任公司深圳华侨城证券营业部,783935172.6,34,305153535.18,26,478781637.42,26
464,东莞证券股份有限公司北京分公司,783689411.78,23,604036068.17,18,179653343.61,14
465,中泰证券股份有限公司北京中关村大街证券营业部,782654445.73,57,393163144.2,43,389491301.53,46
466,华泰证券股份有限公司南京大光路证券营业部,780110137.85,26,297326513.76,21,482783624.09,20
467,华泰证券股份有限公司无锡解放西路证券营业部,778395271.62,49,160091001.08,23,618304270.54,41
468,中信证券股份有限公司嘉兴分公司,777490510.73,31,356734456.82,23,420756053.91,23
469,长江证券股份有限公司武汉武珞路证券营业部,775095859.07,9,60120736.0,8,714975123.07,8
470,联储证券股份有限公司上海分公司,774140990.78,18,491572002.46,10,282568988.32,12
471,华泰证券股份有限公司北京分公司,773856864.59,15,47696624.93,8,726160239.66,11
472,中信证券股份有限公司长沙金星中路证券营业部,771438352.63,8,150574232.04,4,620864120.59,7
473,华鑫证券有限责任公司上海长宁区红宝石路证券营业部,770688990.7,42,319330622.67,28,451358368.03,33
474,华鑫证券有限责任公司成都交子大道证券营业部,765397433.22,59,548573710.27,50,216823722.95,24
475,招商证券股份有限公司上海浦东新区陆家嘴东路证券营业部,762761379.02,29,200645211.99,10,562116167.03,21
476,长江证券股份有限公司安徽分公司,756931268.26,19,638833736.47,15,118097531.79,7
477,中信证券华南股份有限公司广州增城云曦街证券营业部,755597387.74,12,33902641.03,10,721694746.71,8
478,浙商证券股份有限公司台州环城东路证券营业部,752753032.85,35,190281178.92,26,562471853.93,26
479,兴业证券股份有限公司厦门分公司,751378859.71,18,32948535.0,12,718430324.71,11
480,中银国际证券股份有限公司深圳中心四路证券营业部,751039958.24,45,200160390.31,34,550879567.93,33
481,方正证券股份有限公司温州小南路证券营业部,750889037.88,8,87078385.73,8,663810652.15,7
482,财通证券股份有限公司杭州丽水路证券营业部,750094880.7,34,379066289.6,24,371028591.1,22
483,兴业证券股份有限公司深圳东海国际证券营业部,749874363.29,24,256034424.31,7,493839938.98,17
484,东北证券股份有限公司杭州市心北路证券营业部,747317185.56,30,191089172.27,13,556228013.29,27
485,申万宏源证券有限公司上海浦东新区陆家嘴环路证券营业部,740888590.79,27,397511702.57,8,343376888.22,25
486,招商证券股份有限公司上海徐汇区云锦路证券营业部,740261804.34,22,275883199.67,13,464378604.67,18
487,国元证券股份有限公司宁波分公司,735306824.96,17,198011155.03,13,537295669.93,16
488,中国银河证券股份有限公司北京阜成路证券营业部,734149373.48,24,41043478.18,18,693105895.3,17
489,平安证券股份有限公司上海巨鹿路证券营业部,733767711.3,28,110737574.03,11,623030137.27,24
490,东吴证券股份有限公司苏州相城采莲路证券营业部,732787800.88,51,410239961.78,40,322547839.1,35
491,华福证券股份有限公司江苏分公司,727096561.71,10,323046498.26,6,404050063.45,7
492,广发证券股份有限公司武汉京汉大道证券营业部,725304092.84,37,52512021.64,6,672792071.2,37
493,申万宏源证券有限公司上海浦东新区成山路证券营业部,722686187.02,10,233775758.8,4,488910428.22,9
494,长城证券股份有限公司北京崇文门外大街证券营业部,720435074.48,9,4852408.0,3,715582666.48,8
495,东吴证券股份有限公司张家港杨舍证券营业部,719454129.36,27,179709349.79,21,539744779.57,22
496,中信建投证券股份有限公司上海闵行区顾戴路证券营业部,716846210.81,7,595803595.18,6,121042615.63,4
497,中泰证券股份有限公司宁波分公司,711251829.82,66,454099853.19,52,257151976.63,44
498,国泰海通证券股份有限公司南昌站前路证券营业部,710594630.87,11,82042300.0,6,628552330.87,11
499,财通证券股份有限公司杭州上塘路证券营业部,708265432.8,52,301086089.99,32,407179342.81,36
500,中泰证券股份有限公司上海浦东新区江耀路证券营业部,707121835.71,18,136098643.61,10,571023192.1,13
501,国投证券股份有限公司广州新港东路证券营业部,705753581.55,16,359476595.12,12,346276986.43,9
502,中国银河证券股份有限公司杭州市民街证券营业部,703024667.12,24,182321757.5,13,520702909.62,20
503,招商证券股份有限公司深圳福民路证券营业部,701996072.19,27,147528996.71,16,554467075.48,20
504,国泰海通证券股份有限公司南京广州路证券营业部,701399770.76,21,157931567.4,11,543468203.36,15
505,中信建投证券股份有限公司北京大兴金星西路证券营业部,700923860.19,5,358480908.23,3,342442951.96,2
506,招商证券股份有限公司深圳福华三路证券营业部,699727610.88,20,303966398.38,13,395761212.5,14
507,国投证券股份有限公司北京远大路证券营业部,699635918.51,23,302705578.03,15,396930340.48,16
508,中信证券华南股份有限公司广州珠江西路证券营业部,695710643.04,8,31280892.0,3,664429751.04,6
509,兴业证券股份有限公司武汉新华路证券营业部,693650009.08,28,318642955.28,17,375007053.8,16
510,华泰证券股份有限公司湖南分公司,693212041.9,30,423824953.01,26,269387088.89,25
511,东方财富证券股份有限公司北京宣武门证券营业部,691614895.82,12,154232818.49,11,537382077.33,9
512,光大证券股份有限公司丹阳丹金路证券营业部,690939652.36,16,249633760.86,11,441305891.5,12
513,国投证券股份有限公司北京复兴门外大街证券营业部,688018511.66,44,297669960.42,28,390348551.24,29
514,广发证券股份有限公司广州康王中路证券营业部,686267313.53,21,232084637.09,16,454182676.44,17
515,国金证券股份有限公司上海互联网证券分公司,685402774.04,66,254106862.06,46,431295911.98,57
516,国信证券股份有限公司广州东风中路证券营业部,684051421.27,52,284746977.56,39,399304443.71,43
517,天风证券股份有限公司浙江分公司,683870507.87,34,379248552.0,22,304621955.87,17
518,平安证券股份有限公司福州长乐北路证券营业部,683057644.82,46,162695144.86,33,520362499.96,42
519,财通证券股份有限公司杭州文二西路证券营业部,681936518.91,36,86321156.09,24,595615362.82,29
520,国盛证券股份有限公司深圳梅园路证券营业部,681456464.2,20,330192528.0,14,351263936.2,9
521,东亚前海证券有限责任公司四川分公司,680242421.73,47,508174745.7,35,172067676.03,13
522,信达证券股份有限公司温州瓯江路证券营业部,679224528.59,44,249452576.39,21,429771952.2,35
523,财通证券股份有限公司温岭中华路证券营业部,677323550.66,44,332123858.91,29,345199691.75,30
524,广发证券股份有限公司北京朝阳门证券营业部,673257381.9,29,113197739.89,17,560059642.01,23
525,湘财证券股份有限公司绍兴平江路证券营业部,672753556.45,36,342188697.5,29,330564858.95,23
526,国泰海通证券股份有限公司上海浦东新区商城路证券营业部,668788398.83,22,371953260.46,10,296835138.37,20
527,长江证券股份有限公司上海徐汇区天钥桥路证券营业部,667966323.03,19,408045238.81,11,259921084.22,15
528,光大证券股份有限公司佛山绿景路证券营业部,667113645.69,19,345190659.38,10,321922986.31,16
529,方正证券股份有限公司台州解放路证券营业部,666299206.55,25,165805370.73,18,500493835.82,23
530,国泰海通证券股份有限公司广州黄埔大道证券营业部,664183849.31,8,15125103.0,6,649058746.31,7
531,国信证券股份有限公司厦门湖滨北路证券营业部,663080050.73,56,428346643.48,46,234733407.25,34
532,中信证券股份有限公司北京三里河东路证券营业部,661637997.09,24,120126367.86,14,541511629.23,17
533,世纪证券有限责任公司深圳罗湖分公司,656101524.89,40,441193886.05,32,214907638.84,12
534,国泰海通证券股份有限公司郑州黄河路证券营业部,654220755.78,51,235920213.49,41,418300542.29,45
535,国泰海通证券股份有限公司深圳滨河大道证券营业部,651094774.87,15,303276510.66,8,347818264.21,13
536,中信证券股份有限公司北京中关村证券营业部,647511830.31,30,355977213.39,21,291534616.92,20
537,世纪证券有限责任公司广东分公司,647187068.88,12,88088164.52,8,559098904.36,6
538,爱建证券有限责任公司上海锦康路证券营业部,646371966.94,31,392629330.43,25,253742636.51,14
539,民生证券股份有限公司郑州桐柏路证券营业部,646045112.51,38,293715007.89,30,352330104.62,27
540,华鑫证券有限责任公司武汉文治街证券营业部,642932961.48,20,283429568.7,19,359503392.78,16
541,申港证券股份有限公司浙江分公司,642035185.62,27,331366495.42,17,310668690.2,11
542,金融街证券股份有限公司上海第一分公司,640797094.3,38,407472940.21,30,233324154.09,25
543,光大证券股份有限公司福州五一北路证券营业部,640415720.04,10,61713451.33,6,578702268.71,7
544,信达证券股份有限公司沈阳北陵大街证券营业部,638969753.08,10,77950240.56,5,561019512.52,8
545,广发证券股份有限公司天津环湖中路证券营业部,633863806.21,12,360348844.97,8,273514961.24,8
546,中信建投证券股份有限公司上海宝山区华灵路证券营业部,632754074.74,18,42233014.3,12,590521060.44,15
547,中信建投证券股份有限公司北京亦庄荣华中路证券营业部,630583628.12,10,17517766.0,4,613065862.12,10
548,华泰证券股份有限公司常州东横街证券营业部,628834923.78,23,445747389.42,19,183087534.36,13
549,中国银河证券股份有限公司青田临江东路证券营业部,627334321.45,60,275021247.74,39,352313073.71,33
550,东吴证券股份有限公司吴江体育路证券营业部,621888365.42,28,219214345.26,13,402674020.16,21
551,中航证券有限公司北京慧忠路证券营业部,621552467.93,7,42365930.19,1,579186537.74,6
552,申万宏源证券有限公司上海黄浦区中山南一路证券营业部,620879794.75,20,228681142.4,13,392198652.35,14
553,国元证券股份有限公司深圳深南大道中国凤凰大厦证券营业部,618247777.65,8,136092675.21,6,482155102.44,3
554,中国中金财富证券有限公司上海黄浦区湖滨路证券营业部,617536944.32,21,64965178.47,5,552571765.85,20
555,开源证券股份有限公司铜川正阳路证券营业部,617261736.3,2,617037509.3,2,224227.0,2
556,方正证券股份有限公司长沙芙蓉中路证券营业部,616748877.45,14,169340855.52,11,447408021.93,12
557,中国中金财富证券有限公司宁波狮子街证券营业部,616004796.39,20,171208304.73,10,444796491.66,10
558,华西证券股份有限公司成都高升桥路证券营业部,614551985.16,23,129655118.55,15,484896866.61,19
559,中信建投证券股份有限公司深圳深南中路证券营业部,612401838.18,17,47667316.5,13,564734521.68,17
560,开源证券股份有限公司西安永城路证券营业部,611333103.99,19,249957945.25,8,361375158.74,14
561,中泰证券股份有限公司济南纬二路证券营业部,609172970.92,14,29320316.18,8,579852654.74,10
562,中国银河证券股份有限公司南京王府大街证券营业部,608931421.16,38,311906081.48,29,297025339.68,28
563,兴业证券股份有限公司成都航空路证券营业部,608247158.53,13,552333698.39,11,55913460.14,10
564,中国中金财富证券有限公司佛山南海桂城灯湖东路证券营业部,607901493.28,11,270604336.59,8,337297156.69,8
565,华鑫证券有限责任公司北京光华路证券营业部,607052753.45,17,300740664.86,13,306312088.59,12
566,中信证券股份有限公司台州分公司,605897382.58,12,53490479.4,10,552406903.18,10
567,申万宏源证券有限公司安徽分公司,604118244.4,6,49419909.0,3,554698335.4,6
568,华泰证券股份有限公司南通姚港路证券营业部,602727748.67,20,40623241.44,12,562104507.23,18
569,国泰海通证券股份有限公司海口国贸大道证券营业部,602309132.58,11,197194558.34,8,405114574.24,10
570,国泰海通证券股份有限公司襄阳檀溪路证券营业部,596987836.15,15,182896296.3,13,414091539.85,12
571,长城证券股份有限公司四川分公司,596272112.79,12,107370126.0,4,488901986.79,8
572,光大证券股份有限公司深圳金田路证券营业部,595888144.01,23,359293773.68,16,236594370.33,13
573,中国银河证券股份有限公司温州三友路证券营业部,587435982.5,16,101547451.39,13,485888531.11,13
574,广发证券股份有限公司成都天府大道北段证券营业部,586815163.52,16,418496227.03,15,168318936.49,13
575,中国银河证券股份有限公司兰溪三江路证券营业部,586727798.01,20,127489265.08,12,459238532.93,15
576,国泰海通证券股份有限公司杭州环城西路证券营业部,586437616.42,15,80266193.66,9,506171422.76,13
577,国泰海通证券股份有限公司南京胜利路证券营业部,585767368.79,25,395114325.98,21,190653042.81,18
578,国盛证券股份有限公司南昌桃花路证券营业部,583959061.37,26,151441366.47,16,432517694.9,14
579,中国银河证券股份有限公司汕头金砂路证券营业部,583372897.7,21,102266935.05,15,481105962.65,16
580,申万宏源证券有限公司上海嘉定区塔城路证券营业部,581513272.18,26,62666197.12,14,518847075.06,23
581,开源证券股份有限公司浙江分公司,580944820.68,34,227077329.54,22,353867491.14,18
582,中国中金财富证券有限公司南昌红谷中大道证券营业部,580370395.97,24,234398615.94,18,345971780.03,12
583,西南证券股份有限公司宁波杭州湾新区滨海二路证券营业部,579304644.19,2,267131877.29,2,312172766.9,2
584,中泰证券股份有限公司北京大望路证券营业部,578169773.12,22,301442285.74,15,276727487.38,16
585,江海证券有限公司北京东三环北路证券营业部,576391115.87,13,291585283.08,8,284805832.79,11
586,平安证券股份有限公司广州体育东路证券营业部,576023746.98,33,245841375.48,27,330182371.5,28
587,华泰证券股份有限公司南通分公司,575829898.45,8,560232282.18,8,15597616.27,4
588,中信证券股份有限公司陕西分公司,575765032.09,13,292266229.9,8,283498802.19,8
589,国投证券股份有限公司河源分公司,575695487.86,9,263295833.15,7,312399654.71,9
590,中信建投证券股份有限公司武汉中北路证券营业部,573818025.36,27,179910833.14,18,393907192.22,23
591,东方财富证券股份有限公司拉萨江苏东路证券营业部,573185648.61,26,107354412.71,22,465831235.9,25
592,华泰证券股份有限公司张家港杨舍东街证券营业部,572215099.29,28,85763016.45,23,486452082.84,25
593,国泰海通证券股份有限公司北京金融街证券营业部,570713609.2,19,236981929.93,11,333731679.27,15
594,申万宏源证券有限公司上海浦东新区杨高南路证券营业部,569342860.45,24,194044710.99,17,375298149.46,11
595,招商证券股份有限公司成都人民南路证券营业部,564885947.62,16,28916208.16,10,535969739.46,13
596,广发证券股份有限公司成都新光路证券营业部,564715375.57,35,428728090.67,28,135987284.9,25
597,中信证券股份有限公司武汉建设大道证券营业部,563851190.6,16,52455233.08,11,511395957.52,12
598,长城证券股份有限公司深圳分公司,562053470.61,19,361457523.13,11,200595947.48,11
599,爱建证券有限责任公司上海江宁路证券营业部,561621369.05,19,296758723.77,14,264862645.28,6
600,华泰证券股份有限公司宜昌西陵一路证券营业部,559775107.09,20,41672707.83,13,518102399.26,15
601,华泰证券股份有限公司南京宁双路证券营业部,557978866.76,19,194675509.9,14,363303356.86,15
602,中泰证券股份有限公司龙口港城大道证券营业部,556649344.74,23,261488975.98,16,295160368.76,18
603,国泰海通证券股份有限公司重庆朝天门证券营业部,555956066.23,9,248039771.18,6,307916295.05,6
604,广发证券股份有限公司昆明东风东路证券营业部,554276414.93,15,16621711.7,10,537654703.23,13
605,国泰海通证券股份有限公司宁波解放北路证券营业部,553284768.62,22,107808919.26,12,445475849.36,14
606,华金证券股份有限公司上海分公司,552601175.21,36,373419239.1,30,179181936.11,10
607,中银国际证券股份有限公司苏州分公司,551886219.06,8,504798802.79,6,47087416.27,8
608,国信证券股份有限公司成都二环路证券营业部,550631964.07,42,213056250.47,26,337575713.6,27
609,中银国际证券股份有限公司北京宣外大街证券营业部,550311862.56,21,36722854.55,11,513589008.01,16
610,中信证券(山东)有限责任公司淄博分公司,549697584.43,27,305274859.29,17,244422725.14,20
611,中信建投证券股份有限公司南昌榕门路证券营业部,546943600.64,26,195492170.64,15,351451430.0,18
612,中银国际证券股份有限公司南京洪武北路证券营业部,546781964.24,19,214668938.15,10,332113026.09,14
613,国联民生证券股份有限公司宜兴人民南路证券营业部,546029229.36,17,179572754.0,8,366456475.36,12
614,方正证券股份有限公司上海浦东新区成山路证券营业部,543725651.14,19,336901761.75,13,206823889.39,13
615,中信证券股份有限公司北京首体南路证券营业部,542787165.89,16,159845526.22,8,382941639.67,14
616,国融证券股份有限公司杭州市心北路证券营业部,542556478.65,20,202900086.64,12,339656392.01,11
617,长城证券股份有限公司武汉云林街证券营业部,542539246.45,20,316459489.02,15,226079757.43,11
618,中信建投证券股份有限公司长沙金星中路证券营业部,542497839.21,19,347320526.21,17,195177313.0,12
619,财通证券股份有限公司绍兴柯桥湖西路证券营业部,540246763.52,10,16616582.73,4,523630180.79,10
620,华泰证券股份有限公司吴江盛泽广州路证券营业部,539433411.1,14,117794310.7,11,421639100.4,10
621,中信建投证券股份有限公司南昌桃苑大街证券营业部,538156227.85,27,277457167.21,18,260699060.64,15
622,广发证券股份有限公司上海浦东新区海阳西路证券营业部,538141285.4,11,274083939.6,7,264057345.8,9
623,西南证券股份有限公司山西分公司,535955062.38,6,424452271.48,4,111502790.9,4
624,中信证券(山东)有限责任公司青岛香港东路证券营业部,535202971.89,13,163929749.05,7,371273222.84,13
625,国泰海通证券股份有限公司深圳人民南路证券营业部,534042276.6,34,291707912.44,26,242334364.16,29
626,东莞证券股份有限公司武汉营业部,533750555.61,18,414714678.03,17,119035877.58,13
627,国泰海通证券股份有限公司深圳福华三路证券营业部,532709286.63,10,189623381.16,6,343085905.47,9
628,东兴证券股份有限公司福州五四路证券营业部,530270587.27,15,177220498.27,8,353050089.0,12
629,华鑫证券有限责任公司西安雁展路证券营业部,530264964.76,20,318291315.07,15,211973649.69,10
630,国信证券股份有限公司北京国贸证券营业部,529336230.6,32,230362394.76,23,298973835.84,23
631,五矿证券有限公司深圳滨海大道证券营业部,528697334.73,17,267507428.94,13,261189905.79,11
632,湘财证券股份有限公司北京朝外大街证券营业部,528149073.18,15,5529435.0,2,522619638.18,14
633,中信建投证券股份有限公司广州中山三路证券营业部,523052585.17,20,119748935.82,12,403303649.35,17
634,国泰海通证券股份有限公司福州五一北路证券营业部,522955465.47,16,205817024.84,11,317138440.63,13
635,浙商证券股份有限公司杭州杭大路证券营业部,522208810.23,31,157678945.0,18,364529865.23,25
636,申万宏源证券有限公司上海闵行区莘松路证券营业部,521442235.39,27,226962995.39,17,294479240.0,24
637,西南证券股份有限公司浙江分公司,517972745.92,24,134500346.04,13,383472399.88,20
638,联储证券股份有限公司浙江分公司,517919671.61,28,312832626.27,18,205087045.34,13
639,湘财证券股份有限公司武汉友谊大道证券营业部,516134176.93,19,312994398.17,14,203139778.76,13
640,国投证券股份有限公司连云港郁州北路证券营业部,514747776.18,25,230789056.65,16,283958719.53,17
641,中国中金财富证券有限公司北京建国门外大街证券营业部,512603307.46,19,201857805.75,14,310745501.71,11
642,华泰证券股份有限公司常州和平北路证券营业部,512528025.35,45,149250763.24,28,363277262.11,35
643,东北证券股份有限公司杭州教工路证券营业部,512282918.84,18,183645168.41,7,328637750.43,14
644,兴业证券股份有限公司重庆分公司,511076023.59,7,24718341.3,4,486357682.29,5
645,中国中金财富证券有限公司无锡分公司,509748119.42,25,226239869.67,18,283508249.75,18
646,华泰证券股份有限公司郑州经三路证券营业部,507951530.87,41,156561606.7,22,351389924.17,30
647,招商证券股份有限公司南京庐山路证券营业部,504790791.73,27,99964276.91,19,404826514.82,25
648,红塔证券股份有限公司深圳深南中路证券营业部,504530589.74,4,4188281.47,2,500342308.27,3
649,华鑫证券有限责任公司西安解放路证券营业部,503652623.92,16,162173415.92,15,341479208.0,8
650,中国银河证券股份有限公司江苏分公司,501870228.86,17,369792282.19,14,132077946.67,10
651,华泰证券股份有限公司杭州学院路证券营业部,500462439.53,36,248472482.57,23,251989956.96,25
652,国金证券股份有限公司杭州利一路证券营业部,499546110.1,27,234487942.97,11,265058167.13,20
653,中信证券股份有限公司桐乡振兴东路证券营业部,498745822.3,13,98535634.24,9,400210188.06,9
654,东方财富证券股份有限公司杭州城星路证券营业部,498452578.57,17,270093372.8,11,228359205.77,12
655,国泰海通证券股份有限公司天台环城东路证券营业部,498368308.86,13,110522013.06,11,387846295.8,12
656,中国银河证券股份有限公司深圳南山海岸城证券营业部,497544748.84,11,368291083.38,10,129253665.46,7
657,东吴证券股份有限公司昆山前进中路证券营业部,496969262.87,24,221648555.89,18,275320706.98,20
658,华泰证券股份有限公司成都天府大道国创中心证券营业部,496318620.28,10,98948925.38,6,397369694.9,7
659,长城证券股份有限公司成都天晖中街证券营业部,494935991.87,8,339011716.79,4,155924275.08,6
660,平安证券股份有限公司金华李渔路证券营业部,494401273.52,47,358716078.34,34,135685195.18,33
661,财通证券股份有限公司杭州东湖南路证券营业部,489779413.61,24,340149355.79,19,149630057.82,16
662,中国中金财富证券有限公司北京科学院南路证券营业部,489682520.15,10,93280785.16,6,396401734.99,9
663,东亚前海证券有限责任公司北京分公司,488405896.88,13,236474193.13,8,251931703.75,8
664,国泰海通证券股份有限公司广州东风西路证券营业部,486373091.0,23,135541769.28,11,350831321.72,21
665,国盛证券股份有限公司佛山分公司,486147857.53,10,257748085.0,6,228399772.53,7
666,平安证券股份有限公司芜湖黄山中路证券营业部,485999458.35,40,159521985.52,27,326477472.83,29
667,国金证券股份有限公司成都双楠路证券营业部,485570175.5,34,263060213.16,25,222509962.34,24
668,国泰海通证券股份有限公司上海黄浦区福州路证券营业部,484355122.3,23,187926415.3,14,296428707.0,18
669,招商证券股份有限公司北京分公司,483518386.68,14,143343453.88,4,340174932.8,10
670,国金证券股份有限公司海南分公司,481792754.39,16,238002911.4,8,243789842.99,8
671,华福证券股份有限公司佛山分公司,480591751.45,7,161828961.36,5,318762790.09,4
672,财通证券股份有限公司新昌江滨西路证券营业部,480590870.17,20,191065962.58,16,289524907.59,18
673,湘财证券股份有限公司上海陆家嘴证券营业部,479820988.17,45,150780088.59,30,329040899.58,38
674,中信证券华南股份有限公司东莞分公司,478577211.81,12,74995668.81,10,403581543.0,9
675,东吴证券股份有限公司苏州工业园区融安街证券营业部,478325820.02,3,9502627.0,2,468823193.02,2
676,中信证券股份有限公司杭州文三路证券营业部,478292177.24,26,319648763.39,20,158643413.85,15
677,中国银河证券股份有限公司成都益州大道证券营业部,478121901.63,26,239104938.61,22,239016963.02,16
678,中信建投证券股份有限公司厦门杏东路证券营业部,477448797.51,52,250347314.29,47,227101483.22,45
679,东海证券股份有限公司常州劳动西路证券营业部,477242980.09,25,226326646.26,20,250916333.83,18
680,德邦证券股份有限公司宜昌沿江大道证券营业部,477057507.38,34,297379093.74,27,179678413.64,12
681,招商证券股份有限公司北京安外大街证券营业部,476968755.88,14,369782548.71,9,107186207.17,11
682,银泰证券有限责任公司淄博华光路证券营业部,476608896.39,37,252961117.02,23,223647779.37,20
683,万联证券股份有限公司内江兰桂大道证券营业部,475827809.96,26,171451170.62,19,304376639.34,14
684,国泰海通证券股份有限公司南京双龙大道证券营业部,475182555.74,15,216966821.1,13,258215734.64,11
685,华福证券股份有限公司福清清宏路证券营业部,473536366.58,13,113463103.0,10,360073263.58,12
686,方正证券股份有限公司杭州平澜路证券营业部,472475607.84,25,153397670.84,12,319077937.0,19
687,财通证券股份有限公司杭州秋涛路证券营业部,472381192.28,10,21170721.81,7,451210470.47,9
688,五矿证券有限公司深圳深南大道证券营业部,470698054.28,8,64344068.66,5,406353985.62,5
689,民生证券股份有限公司上海自贸试验区分公司,468508397.18,16,324371680.96,11,144136716.22,6
690,长城国瑞证券有限公司北京远大路证券营业部,468447739.04,10,7900670.8,3,460547068.24,9
691,华鑫证券有限责任公司上海嘉定棋盘路证券营业部,467546031.26,22,315120672.6,21,152425358.66,17
692,中山证券有限责任公司中山分公司,466231593.28,11,209561403.68,10,256670189.6,7
693,东海证券股份有限公司厦门嘉禾路证券营业部,464963734.29,53,282801747.34,47,182161986.95,31
694,国投证券股份有限公司上海虹桥路证券营业部,463684210.0,32,78819592.86,20,384864617.14,20
695,国投证券股份有限公司上海虹口区杨树浦路证券营业部,463394601.8,19,216950812.61,14,246443789.19,9
696,中国银河证券股份有限公司南昌高新大道证券营业部,462466139.77,8,14744911.0,6,447721228.77,8
697,信达证券股份有限公司北京西单北大街证券营业部,461199434.06,8,1698641.0,4,459500793.06,8
698,东北证券股份有限公司北京三里河东路证券营业部,460681898.95,26,81749371.44,21,378932527.51,25
699,长江证券股份有限公司深圳红荔路证券营业部,460568334.58,4,39321032.79,4,421247301.79,3
700,光大证券股份有限公司呼和浩特敕勒川大街证券营业部,458440937.4,12,142614755.86,6,315826181.54,8
701,中信建投证券股份有限公司福清福和路证券营业部,458009973.82,19,341302118.9,15,116707854.92,10
702,华福证券股份有限公司深圳分公司,456206654.55,26,206345417.95,16,249861236.6,12
703,湘财证券股份有限公司北京北四环东路证券营业部,455254266.75,16,202226878.77,13,253027387.98,14
704,国投证券股份有限公司北京阜成门证券营业部,454508823.4,10,11233395.0,5,443275428.4,10
705,广发证券股份有限公司九江长虹大道证券营业部,454339449.06,57,111229133.96,27,343110315.1,44
706,华鑫证券有限责任公司上海世纪大道证券营业部,453912426.98,11,202025322.0,8,251887104.98,9
707,广发证券股份有限公司邯郸陵园路证券营业部,453605973.63,17,272245392.85,11,181360580.78,12
708,中信建投证券股份有限公司总部,452985859.76,9,31874478.7,2,421111381.06,7
709,东莞证券股份有限公司湛江观海北路证券营业部,451497567.77,15,312641705.3,13,138855862.47,9
710,国信证券股份有限公司南京江东中路证券营业部,451372497.76,24,236186811.38,19,215185686.38,19
711,中国中金财富证券有限公司深圳龙岗龙平西路证券营业部,450587538.16,6,79935649.0,3,370651889.16,5
712,光大证券股份有限公司佛山顺德北滘怡和路证券营业部,449330462.67,7,199560549.0,4,249769913.67,7
713,国金证券股份有限公司上海浦东新区云鹃北路证券营业部,449190799.73,42,119498769.91,34,329692029.82,31
714,五矿证券有限公司杭州民心路证券营业部,448663383.74,15,23792621.0,4,424870762.74,12
715,华泰证券股份有限公司北京苏州街证券营业部,447643706.07,14,39288336.8,9,408355369.27,14
716,中信证券股份有限公司海宁海昌南路证券营业部,446234281.66,18,303161158.56,14,143073123.1,11
717,华鑫证券有限责任公司苏州分公司,445964767.96,18,214769533.29,17,231195234.67,15
718,国联民生证券股份有限公司无锡梁清路证券营业部,445359974.59,19,38729301.35,11,406630673.24,16
719,中信证券股份有限公司深圳深南大道证券营业部,443491431.78,23,61455963.49,10,382035468.29,20
720,国泰海通证券股份有限公司上海浦东新区锦康路证券营业部,443275183.45,54,319406162.33,47,123869021.12,18
721,国泰海通证券股份有限公司广州天河北路证券营业部,442957691.73,23,213938150.99,19,229019540.74,16
722,东方证券股份有限公司广州平月路证券营业部,442301913.0,11,61186244.0,3,381115669.0,10
723,国信证券股份有限公司北京丰台科技园证券营业部,442207753.49,29,337917380.93,26,104290372.56,16
724,申万宏源证券有限公司广州珠江西路证券营业部,441874558.6,4,2651246.0,4,439223312.6,2
725,兴业证券股份有限公司浙江分公司,441130162.09,15,84486372.86,2,356643789.23,13
726,东吴证券股份有限公司上海浦东新区银城中路证券营业部,440780812.88,13,243673978.42,7,197106834.46,8
727,国泰海通证券股份有限公司深圳金田路证券营业部,440334297.03,40,276395189.58,35,163939107.45,14
728,国泰海通证券股份有限公司临海巾山中路证券营业部,439008771.45,26,82611936.15,16,356396835.3,24
729,中信证券股份有限公司深圳深业上城证券营业部,438763577.17,12,197218087.56,9,241545489.61,7
730,中信证券股份有限公司江苏分公司,435966469.54,7,105381678.74,6,330584790.8,6
731,中信建投证券股份有限公司惠州惠沙堤二路证券营业部,435067485.92,1,435067485.92,1,0.0,0
732,国泰海通证券股份有限公司上海普陀区铜川路证券营业部,434383130.15,19,22521997.07,7,411861133.08,15
733,国泰海通证券股份有限公司沈阳青年大街证券营业部,434181497.23,17,221643478.14,14,212538019.09,15
734,光大证券股份有限公司长沙滨江路证券营业部,432333927.76,3,8812332.77,2,423521594.99,2
735,西部证券股份有限公司北京新街口北大街证券营业部,431676583.35,17,11789668.0,6,419886915.35,16
736,中泰证券股份有限公司上海周家嘴路证券营业部,431602501.03,17,73062864.7,5,358539636.33,13
737,广发证券股份有限公司上海玉兰路证券营业部,430806251.71,23,209528026.85,12,221278224.86,17
738,中信证券股份有限公司苏州分公司,429786421.18,35,109775552.1,23,320010869.08,30
739,中信建投证券股份有限公司西安南大街证券营业部,429539595.93,11,5949414.3,5,423590181.63,9
740,平安证券股份有限公司呼和浩特如意和大街证券营业部,428592445.13,3,201127510.95,3,227464934.18,3
741,中国银河证券股份有限公司深圳滨河大道证券营业部,427204135.21,9,109447360.96,3,317756774.25,9
742,中信证券股份有限公司绍兴群贤路证券营业部,426699139.67,20,98483992.34,14,328215147.33,15
743,国信证券股份有限公司杭州市心中路证券营业部,425495207.37,30,227080382.59,22,198414824.78,23
744,平安证券股份有限公司上海临港新片区分公司,425203901.24,11,27044647.12,4,398159254.12,8
745,申万宏源证券有限公司深圳市深圳湾一号证券营业部,424034010.35,15,161478863.04,12,262555147.31,11
746,中国银河证券股份有限公司无锡梁溪路证券营业部,423976909.8,18,180868126.39,12,243108783.41,12
747,方正证券股份有限公司杭州滨江通和路证券营业部,423428712.07,22,255171734.27,16,168256977.8,13
748,华鑫证券有限责任公司西安科技路证券营业部,422724571.41,25,155289165.76,19,267435405.65,16
749,国投证券股份有限公司上海四平路证券营业部,422683271.52,41,233664916.47,27,189018355.05,20
750,渤海证券股份有限公司山东分公司,422297343.58,18,256866683.38,12,165430660.2,8
751,中邮证券有限责任公司江苏分公司,421508561.77,21,220919594.84,19,200588966.93,12
752,长江证券股份有限公司北京百万庄大街证券营业部,421133139.96,14,147195497.21,7,273937642.75,11
753,中泰证券股份有限公司西南分公司,420256022.25,4,28364711.0,3,391891311.25,2
754,广发证券股份有限公司北京善缘街证券营业部,420053806.94,9,211153352.07,9,208900454.87,6
755,国投证券股份有限公司佛山南海罗村证券营业部,419496093.51,12,117394476.0,9,302101617.51,9
756,东兴证券股份有限公司北京北四环中路证券营业部,417418045.73,9,58413472.47,8,359004573.26,6
757,兴业证券股份有限公司上海天钥桥路证券营业部,416891497.01,13,60678389.7,6,356213107.31,9
758,中信证券股份有限公司北京复外大街证券营业部,416553554.69,41,81175203.74,30,335378350.95,27
759,华西证券股份有限公司北京紫竹院路证券营业部,416369728.8,24,128802282.91,12,287567445.89,16
760,中国银河证券股份有限公司总部,416068735.71,36,137680227.39,15,278388508.32,21
761,华金证券股份有限公司北京分公司,415877000.48,10,241580198.08,7,174296802.4,4
762,长江证券股份有限公司天津分公司,415285395.06,9,33198936.0,3,382086459.06,8
763,国泰海通证券股份有限公司上海普陀区大渡河路证券营业部,414507584.8,34,214924964.54,26,199582620.26,15
764,中泰证券股份有限公司上海申长路证券营业部,414437837.95,9,13557802.0,2,400880035.95,7
765,浙商证券股份有限公司杭州分公司,413202398.83,13,140804413.19,10,272397985.64,10
766,财达证券股份有限公司湖南分公司,412820786.67,13,264963705.61,10,147857081.06,8
767,申万宏源证券有限公司北京丽泽路证券营业部,412157690.0,2,96624.0,1,412061066.0,1
768,华泰证券股份有限公司昆山黑龙江北路证券营业部,412111232.96,7,36154568.2,4,375956664.76,5
769,华泰证券股份有限公司常熟金沙江路证券营业部,411785851.78,15,256243176.8,12,155542674.98,11
770,联储证券股份有限公司烟台分公司,410637985.84,19,122123337.55,16,288514648.29,12
771,东方财富证券股份有限公司上海分公司,408301679.64,14,100191218.69,7,308110460.95,11
772,国泰海通证券股份有限公司合肥长江西路证券营业部,405842412.77,20,90121464.78,15,315720947.99,16
773,中信建投证券股份有限公司武汉珞喻东路证券营业部,405032106.3,12,188379921.07,7,216652185.23,8
774,光大证券股份有限公司宁波北仑新碶证券营业部,404837798.09,16,124280044.18,12,280557753.91,12
775,华泰证券股份有限公司绍兴府山证券营业部,404532417.51,23,80793140.26,15,323739277.25,18
776,广发证券股份有限公司上海民生路证券营业部,403494098.52,14,109856777.24,7,293637321.28,9
777,中信证券股份有限公司杭州环城北路证券营业部,403146924.38,32,129891209.48,18,273255714.9,24
778,华泰证券股份有限公司上海长宁区凯旋路证券营业部,402860497.69,35,86794187.87,17,316066309.82,29
779,中信证券股份有限公司温岭万昌中路证券营业部,402619142.99,39,112951262.48,27,289667880.51,29
780,招商证券股份有限公司北京车公庄西路证券营业部,402356985.56,40,124065883.81,26,278291101.75,33
781,西南证券股份有限公司四川分公司,401328657.21,14,158731660.02,12,242596997.19,10
782,广发证券股份有限公司杭州申花路证券营业部,400349517.17,5,42010729.0,3,358338788.17,4
783,国泰海通证券股份有限公司新余劳动南路证券营业部,400075265.4,26,31136078.17,16,368939187.23,17
784,申万宏源证券有限公司上海杨浦区平凉路证券营业部,399975382.8,15,199269814.1,11,200705568.7,10
785,华西证券股份有限公司合肥长江西路证券营业部,397787460.09,28,201683639.23,20,196103820.86,17
786,国投证券股份有限公司成都交子大道证券营业部,397058329.16,12,176318458.94,8,220739870.22,9
787,中航证券有限公司南昌九洲大街证券营业部,395204726.59,15,168822632.69,11,226382093.9,8
788,中信证券股份有限公司北京呼家楼证券营业部,394964540.29,7,56698863.0,7,338265677.29,7
789,中国银河证券股份有限公司宁德证券营业部,394058731.69,7,51887958.0,4,342170773.69,6
790,华泰证券股份有限公司上海徐汇区龙启路证券营业部,391884436.12,45,276680674.98,35,115203761.14,26
791,中信证券股份有限公司湖北分公司,391426149.6,13,3824879.0,3,387601270.6,11
792,财达证券股份有限公司秦皇岛迎宾路证券营业部,391208311.17,8,101691544.15,5,289516767.02,5
793,申万宏源证券有限公司桐乡和平路证券营业部,391029421.93,17,37816747.0,8,353212674.93,16
794,广发证券股份有限公司海口龙昆北路证券营业部,390765804.02,9,72484833.0,5,318280971.02,8
795,中信建投证券股份有限公司广州珠江新城证券营业部,390098564.53,37,236079718.7,33,154018845.83,31
796,国泰海通证券股份有限公司上海杨浦区周家嘴路证券营业部,387906316.09,16,81662622.96,4,306243693.13,13
797,天府证券有限责任公司上海浦东新区崂山路证券营业部,387472697.86,15,199348723.65,8,188123974.21,11
798,东莞证券股份有限公司苏州聚茂街证券营业部,386611093.65,20,193463030.77,15,193148062.88,14
799,东方证券股份有限公司昆明北京路证券营业部,386555338.57,27,211612084.76,20,174943253.81,10
800,国泰海通证券股份有限公司揭阳黄岐山大道证券营业部,386382461.76,42,76319029.75,23,310063432.01,31
801,广发证券股份有限公司上海西藏南路证券营业部,385374369.36,19,73318843.05,9,312055526.31,18
802,长江证券股份有限公司北京新源里证券营业部,385060710.22,6,354007683.32,5,31053026.9,5
803,江海证券有限公司哈尔滨世茂大道证券营业部,384848991.67,26,224198002.0,20,160650989.67,8
804,广发证券股份有限公司厦门环岛东路证券营业部,384471772.13,21,182256972.97,16,202214799.16,11
805,国泰海通证券股份有限公司深圳前海分公司,383471670.07,11,206762989.22,8,176708680.85,8
806,华泰证券股份有限公司武汉新华路证券营业部,383450578.56,30,188048854.67,22,195401723.89,20
807,国泰海通证券股份有限公司连云港苍梧路证券营业部,382606000.97,26,300288450.2,20,82317550.77,10
808,中国中金财富证券有限公司安徽分公司,382167667.97,19,69961190.5,11,312206477.47,14
809,中银国际证券股份有限公司上海虹口区东长治路证券营业部,381791855.57,27,81273895.03,12,300517960.54,19
810,华泰证券股份有限公司深圳后海中心路证券营业部,380438390.66,13,52228411.06,8,328209979.6,9
811,华福证券股份有限公司福州湖东路证券营业部,380304087.0,5,25514913.0,2,354789174.0,3
812,广发证券股份有限公司深圳高新南一道证券营业部,378146452.97,6,22429475.0,6,355716977.97,5
813,中天证券股份有限公司上海普陀区志丹路证券营业部,377864041.4,4,67902739.14,1,309961302.26,3
814,申万宏源证券有限公司武汉青年路证券营业部,377506955.34,9,56594818.48,2,320912136.86,8
815,华泰证券股份有限公司长沙湘江中路证券营业部,376790345.74,15,207823494.56,6,168966851.18,13
816,中信证券华南股份有限公司广州番禺清河东路证券营业部,376461333.69,14,4322342.99,10,372138990.7,9
817,东方证券股份有限公司上海浦东新区张杨路证券营业部,374483806.27,10,372106814.99,8,2376991.28,3
818,中信建投证券股份有限公司南京王府大街证券营业部,374360095.69,15,110593485.79,10,263766609.9,13
819,国信证券股份有限公司福建分公司,373367669.67,45,160334824.1,32,213032845.57,36
820,国泰海通证券股份有限公司深圳益田路证券营业部,373173131.52,13,44200114.88,8,328973016.64,10
821,长江证券股份有限公司上海黄浦区福州路证券营业部,372985627.69,13,155227969.57,10,217757658.12,6
822,财通证券股份有限公司绍兴人民中路证券营业部,372960707.58,18,113972253.14,13,258988454.44,15
823,国金证券股份有限公司攀枝花佳兴路证券营业部,372443510.45,7,322432562.64,5,50010947.81,6
824,国海证券股份有限公司南宁飞云路证券营业部,372210281.84,11,89293089.49,7,282917192.35,9
825,华鑫证券有限责任公司西安锦业路证券营业部,371843275.51,18,153896527.5,16,217946748.01,14
826,甬兴证券有限公司台州分公司,369942293.39,21,213973863.77,16,155968429.62,8
827,国投证券股份有限公司北京东直门内大街证券营业部,369698640.27,17,204977484.85,7,164721155.42,13
828,西南证券股份有限公司重庆第三分公司,368799613.57,14,63036678.14,9,305762935.43,11
829,华安证券股份有限公司重庆分公司,368380680.83,13,98306272.0,8,270074408.83,11
830,广发证券股份有限公司杭州延安路证券营业部,368188564.33,15,60656154.0,10,307532410.33,11
831,广发证券股份有限公司江门天长路证券营业部,367106409.07,15,27686188.79,9,339420220.28,13
832,东吴证券股份有限公司苏州永昌泾大道证券营业部,367071501.77,28,195491219.03,18,171580282.74,12
833,东方证券股份有限公司重庆金州大道证券营业部,366701111.98,42,201436529.34,38,165264582.64,34
834,中信建投证券股份有限公司上海浦东南路证券营业部,366088640.07,6,229246999.0,3,136841641.07,5
835,国投证券股份有限公司合肥徽州大道证券营业部,366049938.94,11,151033764.06,9,215016174.88,9
836,财通证券股份有限公司杭州新业路证券营业部,365774930.0,19,118439615.92,8,247335314.08,14
837,中信建投证券股份有限公司青岛分公司,365689969.08,15,71807368.3,8,293882600.78,13
838,东莞证券股份有限公司厦门分公司,365672198.81,21,176754147.98,17,188918050.83,16
839,中信证券(山东)有限责任公司青岛南京路证券营业部,365609349.06,12,130952252.71,9,234657096.35,7
840,东方证券股份有限公司郑州经三路证券营业部,365271045.0,3,16657584.0,3,348613461.0,2
841,国盛证券股份有限公司深圳粤海街道证券营业部,364949049.4,9,38570253.0,3,326378796.4,9
842,东吴证券股份有限公司苏州狮山路证券营业部,364261662.51,20,58126149.21,10,306135513.3,19
843,长江证券股份有限公司成都东大街证券营业部,363952236.7,6,326518677.72,4,37433558.98,6
844,国投证券股份有限公司长春人民大街证券营业部,363378030.21,10,287316111.41,7,76061918.8,5
845,中国中金财富证券有限公司深圳宝安中心路证券营业部,362346811.59,15,121460998.0,10,240885813.59,14
846,方正证券股份有限公司长沙黄兴中路证券营业部,362180369.18,20,169591023.69,11,192589345.49,14
847,华泰证券股份有限公司南京长江路证券营业部,361696982.23,26,114432209.24,14,247264772.99,24
848,华泰证券股份有限公司成都天府广场证券营业部,361426068.0,8,19536322.0,5,341889746.0,8
849,光大证券股份有限公司北京月坛北街证券营业部,360919018.3,16,147800252.26,9,213118766.04,11
850,西部证券股份有限公司上海世纪大道证券营业部,360777247.73,23,200215391.2,15,160561856.53,12
851,中国中金财富证券有限公司广州体育东路证券营业部,359920138.54,20,65915170.54,9,294004968.0,16
852,国海证券股份有限公司深圳中心路证券营业部,359910372.48,8,214302850.72,5,145607521.76,6
853,东方证券股份有限公司上海黄浦区中山南路第一证券营业部,359416148.72,9,45909169.1,3,313506979.62,7
854,中信证券股份有限公司杭州金城路证券营业部,359044318.15,20,113004192.76,11,246040125.39,20
855,招商证券交易单元(052300),358999883.42,20,103327015.65,8,255672867.77,16
856,世纪证券有限责任公司天津分公司,358920753.95,4,343742105.95,3,15178648.0,1
857,中信证券股份有限公司宁波天童北路证券营业部,358013505.41,15,146850890.85,10,211162614.56,10
858,国泰海通证券股份有限公司嵊州高杨路证券营业部,356637958.49,16,98934959.72,12,257702998.77,12
859,国泰海通证券股份有限公司乌鲁木齐新华北路证券营业部,354265212.25,9,25575170.45,3,328690041.8,8
860,首创证券股份有限公司长沙滨江路证券营业部,354099978.0,25,196358322.0,17,157741656.0,9
861,方正证券股份有限公司上海杨高南路证券营业部,353292100.55,23,98349645.86,11,254942454.69,17
862,国投证券股份有限公司深圳深南大道本元大厦证券营业部,353251676.55,17,76334400.0,12,276917276.55,13
863,东莞证券股份有限公司东莞常平分公司,352663106.48,3,119519886.72,1,233143219.76,2
864,广发证券股份有限公司上海南泉北路证券营业部,351988569.59,13,117318205.41,9,234670364.18,10
865,华鑫证券有限责任公司佛山南海海五路证券营业部,351462881.24,54,222493908.0,40,128968973.24,28
866,中国银河证券股份有限公司南京大明路证券营业部,350780414.6,26,159706894.18,20,191073520.42,20
867,申万宏源证券有限公司北京金融大街证券营业部,350548388.48,10,34145734.88,7,316402653.6,4
868,万和证券股份有限公司华南分公司,350113989.2,23,232886845.0,18,117227144.2,14
869,华宝证券股份有限公司上海大连路证券营业部,350018494.97,13,109651621.0,6,240366873.97,7
870,华泰证券股份有限公司苏州竹园路证券营业部,347591628.23,10,127588114.24,6,220003513.99,4
871,华福证券股份有限公司佛山南海毅贤路证券营业部,347134857.89,13,145879216.62,9,201255641.27,8
872,甬兴证券有限公司深圳分公司,346143286.07,9,171600967.29,7,174542318.78,4
873,申万宏源证券有限公司盐城解放南路证券营业部,346128018.12,34,19100361.92,12,327027656.2,33
874,财通证券股份有限公司慈溪文华南路证券营业部,345651385.08,8,37723018.0,5,307928367.08,4
875,中国中金财富证券有限公司厦门分公司,345550830.21,10,170185700.61,7,175365129.6,6
876,华福证券股份有限公司福州上三路证券营业部,345459197.58,13,28710111.98,9,316749085.6,6
877,华福证券有限责任公司东北分公司,344976192.44,3,135579223.68,1,209396968.76,2
878,中国银河证券股份有限公司北京广安门证券营业部,344938949.63,28,261280437.84,24,83658511.79,8
879,华泰证券股份有限公司泰州分公司,344935864.93,29,33062497.72,18,311873367.21,18
880,华泰证券股份有限公司上海静安区海宁路证券营业部,344900260.16,49,128402487.74,16,216497772.42,42
881,国泰海通证券股份有限公司深圳红岭北路证券营业部,343215548.04,13,149581223.33,11,193634324.71,9
882,长城证券股份有限公司北京中核路证券营业部,343212859.57,8,797710.0,1,342415149.57,7
883,国泰海通证券股份有限公司西安唐延路证券营业部,343079953.72,7,201943775.68,5,141136178.04,6
884,中国银河证券股份有限公司上海虹口区天潼路证券营业部,342925091.3,17,275270255.8,13,67654835.5,11
885,招商证券股份有限公司深圳蛇口工业三路证券营业部,342782898.19,21,65558499.2,14,277224398.99,17
886,第一创业证券股份有限公司上海浦东新区滨江大道证券营业部,342589198.04,18,5764259.0,8,336824939.04,16
887,国元证券股份有限公司深圳益田路证券营业部,342208174.16,19,159285074.43,14,182923099.73,11
888,华泰证券股份有限公司南京郑和中路证券营业部,342119488.22,25,98962143.28,14,243157344.94,19
889,中国银河证券股份有限公司杭州长乐路证券营业部,339067782.08,18,98589199.51,10,240478582.57,14
890,兴业证券股份有限公司莆田湖园路证券营业部,338920622.25,6,232165386.62,6,106755235.63,4
891,华泰证券股份有限公司杭州解放东路证券营业部,338348198.44,31,142424336.05,23,195923862.39,21
892,中国银河证券股份有限公司深圳龙华证券营业部,338093634.08,9,16026038.0,6,322067596.08,7
893,中信建投证券股份有限公司深圳宝安创业二路证券营业部,337302316.84,10,45276648.0,6,292025668.84,8
894,国泰海通证券股份有限公司常德武陵大道证券营业部,335894430.98,6,61125157.64,6,274769273.34,5
895,兴业证券股份有限公司四川分公司,335623940.82,13,34111613.1,5,301512327.72,10
896,国融证券股份有限公司赤峰临潢大街证券营业部,335543125.94,9,107076731.98,8,228466393.96,9
897,中信证券股份有限公司南京洪武北路证券营业部,333359854.84,27,65637621.68,12,267722233.16,25
898,国泰海通证券股份有限公司上海宝山区牡丹江路证券营业部,333254901.5,22,99043025.61,13,234211875.89,17
899,中信建投证券股份有限公司杭州萧山市心中路证券营业部,332579768.38,6,58599935.0,3,273979833.38,3
900,开源证券股份有限公司天津六纬路证券营业部,332187141.09,8,55565606.5,2,276621534.59,8
901,中国银河证券股份有限公司广州东风中路证券营业部,331987887.71,13,89987177.0,9,242000710.71,10
902,国泰海通证券股份有限公司上海普陀区大华一路证券营业部,331832957.11,19,63306868.8,7,268526088.31,14
903,兴业证券股份有限公司宜昌分公司,331454369.45,8,188783247.04,5,142671122.41,6
904,广发证券股份有限公司成都天府大道证券营业部,331301062.44,14,109509077.54,8,221791984.9,11
905,财通证券股份有限公司杭州环城北路证券营业部,331087454.43,14,77559138.41,9,253528316.02,7
906,财通证券股份有限公司上海分公司,331003024.95,14,182696049.85,13,148306975.1,8
907,长城证券股份有限公司大连五惠路证券营业部,330841463.62,7,148895692.76,4,181945770.86,5
908,国泰海通证券股份有限公司深圳龙华壹成中心证券营业部,330248967.02,32,188354520.8,22,141894446.22,21
909,光大证券股份有限公司宁波奉化中山东路证券营业部,329875439.4,13,43418764.2,6,286456675.2,10
910,第一创业证券股份有限公司温州雪山路证券营业部,329719496.21,12,216110285.28,10,113609210.93,7
911,国投证券股份有限公司广州海珠广场证券营业部,329251282.64,15,15350143.24,12,313901139.4,6
912,国投证券股份有限公司厦门湖滨东路证券营业部,329084345.42,7,273383227.52,4,55701117.9,5
913,中国银河证券股份有限公司嘉兴环城南路证券营业部,328984507.48,21,152550139.6,12,176434367.88,13
914,国泰海通证券股份有限公司深圳海德三道证券营业部,328454188.25,11,36092478.81,5,292361709.44,10
915,国泰海通证券股份有限公司常州健身路证券营业部,328361356.47,19,35762659.03,11,292598697.44,15
916,华源证券股份有限公司湖北分公司,328355424.19,22,216473340.24,17,111882083.95,10
917,国泰海通证券股份有限公司广州琶洲证券营业部,328003689.46,25,170396508.66,19,157607180.8,18
918,天风证券股份有限公司内江兰桂大道证券营业部,327743744.62,2,98736.0,1,327645008.62,1
919,华安证券股份有限公司绍兴解放大道证券营业部,327707880.55,7,13410421.0,4,314297459.55,6
920,国信证券股份有限公司佛山南海大道证券营业部,327455908.67,12,41515271.91,8,285940636.76,9
921,中泰证券股份有限公司北京学院南路证券营业部,326960345.08,11,86573125.46,4,240387219.62,10
922,光大证券股份有限公司广州珠江新城证券营业部,325912864.94,9,122834181.09,5,203078683.85,6
923,中国银河证券股份有限公司北京珠市口大街证券营业部,325900725.38,46,151476475.54,40,174424249.84,35
924,中信建投证券股份有限公司重庆龙山路证券营业部,324855890.9,22,224288882.51,20,100567008.39,19
925,长江证券股份有限公司江阴虹桥南路证券营业部,324848826.54,23,184366533.0,17,140482293.54,14
926,东吴证券股份有限公司常熟商城中路证券营业部,324733614.96,8,219084047.76,6,105649567.2,5
927,东方证券股份有限公司扬州文汇东路证券营业部,323950521.91,9,229615857.38,8,94334664.53,5
928,财通证券股份有限公司绍兴袍江袍中北路证券营业部,323369870.5,21,168655388.35,15,154714482.15,14
929,国泰海通证券股份有限公司上海杨浦区黄兴路证券营业部,322978741.25,20,167321371.79,16,155657369.46,14
930,光大证券股份有限公司厦门展鸿路金融中心大厦证券营业部,322731437.19,14,92677169.63,9,230054267.56,11
931,湘财证券股份有限公司西安沣惠南路证券营业部,322176311.58,15,181179865.15,11,140996446.43,6
932,中泰证券股份有限公司厦门七星西路证券营业部,322074556.18,14,14669353.85,4,307405202.33,12
933,中信建投证券股份有限公司西安锦业路证券营业部,321844872.34,3,179802089.72,3,142042782.62,2
934,华泰证券股份有限公司海门北海路证券营业部,321839555.24,9,8015193.8,4,313824361.44,9
935,浙商证券股份有限公司义乌江滨北路证券营业部,321574187.48,27,49009970.31,16,272564217.17,24
936,国泰海通证券股份有限公司泉州云鹿路证券营业部,320696560.12,11,6966481.0,5,313730079.12,11
937,东吴证券股份有限公司吴江盛泽镇西环路证券营业部,320696025.63,20,36326823.15,14,284369202.48,18
938,爱建证券有限责任公司海南澄迈分公司,319007097.0,12,193246999.0,8,125760098.0,5
939,华西证券股份有限公司北京广渠路证券营业部,318465501.72,12,87211903.88,8,231253597.84,10
940,长江证券股份有限公司深圳福华路证券营业部,317707792.44,15,198209252.77,14,119498539.67,12
941,申万宏源证券有限公司重庆中山一路证券营业部,317650949.44,12,70334131.4,8,247316818.04,10
942,天风证券股份有限公司上海世纪大道证券营业部,317616602.83,10,241938165.7,8,75678437.13,5
943,国金证券股份有限公司南京中山东路证券营业部,317317217.59,13,156747628.23,9,160569589.36,9
944,中国银河证券股份有限公司郑州如意东路证券营业部,317266469.62,11,66549614.14,5,250716855.48,11
945,中国银河证券股份有限公司沈阳兴华北街证券营业部,317202477.0,6,7691408.0,4,309511069.0,5
946,南京证券股份有限公司张家港东环路证券营业部,316961003.44,16,50958786.63,6,266002216.81,11
947,兴业证券股份有限公司漳州胜利东路证券营业部,315987634.46,12,22269391.0,6,293718243.46,11
948,国泰海通证券股份有限公司广州临江大道证券营业部,315958208.45,23,82810061.4,15,233148147.05,19
949,国投证券股份有限公司汕尾陆丰东海大道证券营业部,315477432.3,5,159754163.96,4,155723268.34,4
950,中信建投证券股份有限公司黄石广场路证券营业部,315149801.56,8,55669004.0,5,259480797.56,6
951,广发证券股份有限公司福州儒江西路证券营业部,314833951.26,6,208696934.0,4,106137017.26,4
952,平安证券股份有限公司山东分公司,313793661.96,16,87902828.25,9,225890833.71,14
953,中国银河证券股份有限公司上海闵行区沪闵路证券营业部,313402500.32,8,13141354.0,4,300261146.32,7
954,申万宏源证券有限公司上海静安区海宁路证券营业部,311362737.07,5,74058116.94,3,237304620.13,5
955,广发证券股份有限公司北京鲁谷路证券营业部,311136848.53,3,255027979.36,1,56108869.17,2
956,华泰证券股份有限公司南京中山东路第二证券营业部,311039976.98,14,27108265.41,9,283931711.57,10
957,中信证券华南股份有限公司广州天河北路证券营业部,309374705.43,10,11221118.37,9,298153587.06,9
958,广发证券股份有限公司深圳深南大道证券营业部,309365415.44,7,92458661.25,5,216906754.19,6
959,国信证券股份有限公司公司总部,309212554.71,6,49066772.79,1,260145781.92,5
960,中国银河证券股份有限公司沈阳文化路证券营业部,308867474.82,21,76382048.6,15,232485426.22,17
961,中信建投证券股份有限公司甘肃分公司,308844912.3,10,4046257.24,2,304798655.06,8
962,光大证券股份有限公司厦门湖滨东路证券营业部,308800595.9,5,17751497.0,1,291049098.9,5
963,国投证券股份有限公司武汉中北路证券营业部,308713927.23,14,110212230.23,11,198501697.0,7
964,财通证券股份有限公司杭州庆春路证券营业部,308447510.35,22,139383725.45,16,169063784.9,14
965,国信证券股份有限公司杭州分公司,306832047.01,27,158130264.06,15,148701782.95,19
966,国泰海通证券股份有限公司上海黄浦区合肥路证券营业部,306149487.78,11,53715376.6,6,252434111.18,11
967,浙商证券股份有限公司温岭九龙大道证券营业部,306143756.65,13,88425720.34,9,217718036.31,10
968,国泰海通证券股份有限公司深圳前海听海大道证券营业部,305873112.82,9,79367600.14,7,226505512.68,7
969,东方财富证券股份有限公司上海徐汇区云锦路证券营业部,305590701.68,24,168520276.47,16,137070425.21,20
970,中泰证券股份有限公司泉州宝洲路证券营业部,305537400.81,13,155648129.19,8,149889271.62,6
971,东亚前海证券有限责任公司上海临港新片区分公司,305285019.75,9,233240950.75,7,72044069.0,2
972,浙商证券股份有限公司四川分公司,304863033.75,12,24753724.0,9,280109309.75,11
973,中信建投证券股份有限公司山西分公司,304581513.12,4,31548596.0,2,273032917.12,4
974,广发证券股份有限公司佛山禅城石湾证券营业部,304372076.75,10,40741178.53,8,263630898.22,7
975,国盛证券股份有限公司深圳金田路证券营业部,304353621.55,4,39585911.15,3,264767710.4,4
976,申万宏源证券有限公司成都火车南站东路证券营业部,304184442.43,8,268910596.7,4,35273845.73,7
977,国泰海通证券股份有限公司厦门展鸿路证券营业部,304044659.37,23,109024325.05,16,195020334.32,15
978,中信证券股份有限公司常州分公司,302065518.17,17,122459412.71,10,179606105.46,15
979,首创证券股份有限公司北京五道口证券营业部,301535112.47,11,32541022.15,4,268994090.32,9
980,国元证券股份有限公司上海中山北路证券营业部,301309150.43,7,224440956.63,4,76868193.8,4
981,招商证券股份有限公司济南经十路证券营业部,301133821.95,12,70751265.99,9,230382555.96,10
982,招商证券股份有限公司天津友谊北路证券营业部,300840401.57,10,145530766.52,9,155309635.05,4
983,中信证券股份有限公司上海黄浦区淮海中路证券营业部,300681341.62,37,29431478.01,17,271249863.61,23
984,长城证券股份有限公司浙江分公司,300413083.94,4,63140393.6,2,237272690.34,2
985,中信建投证券股份有限公司慈溪三北西大街证券营业部,300370405.6,8,49424156.66,5,250946248.94,6
986,广发证券股份有限公司北京广安门内大街证券营业部,300192973.19,16,13651258.22,7,286541714.97,12
987,中国银河证券股份有限公司北京陶然桥证券营业部,299412844.74,41,143556112.72,37,155856732.02,19
988,财信证券股份有限公司长沙五一大道证券营业部,298861467.71,11,64776889.91,4,234084577.8,11
989,万和证券股份有限公司海南分公司,298497605.4,9,121663054.0,3,176834551.4,8
990,粤开证券股份有限公司南通分公司,298049706.53,17,146794395.36,11,151255311.17,13
991,平安证券股份有限公司上海徐汇区凯滨路证券营业部,297918772.0,6,44269660.0,5,253649112.0,2
992,中信证券股份有限公司北京金融大街证券营业部,297604249.91,12,66542575.9,7,231061674.01,11
993,中国银河证券股份有限公司南京双龙大道证券营业部,297561080.87,9,140527152.34,7,157033928.53,9
994,招商证券股份有限公司沈阳兴工街证券营业部,297556961.33,14,204836417.72,11,92720543.61,12
995,中信建投证券股份有限公司天津解放南路证券营业部,296828830.46,50,148295395.18,45,148533435.28,46
996,申万宏源证券有限公司重庆群慧路证券营业部,296350666.15,6,233071218.2,5,63279447.95,2
997,世纪证券有限责任公司湖南分公司,296281879.94,18,134338529.3,10,161943350.64,13
998,平安证券股份有限公司深圳深南大道证券营业部,295958198.33,31,88252828.63,24,207705369.7,29
999,平安证券股份有限公司山西分公司,295746693.24,28,125699663.78,22,170047029.46,24
1000,华泰证券股份有限公司深圳龙岗大道证券营业部,295654990.02,20,84114972.0,6,211540018.02,17
1001,申万宏源证券有限公司广州解放南路证券营业部,295341052.75,3,656000.0,1,294685052.75,2
1002,招商证券股份有限公司杭州天目山路证券营业部,294423310.17,17,47989587.95,10,246433722.22,12
1003,南京证券股份有限公司杭州新塘路证券营业部,293719138.17,24,143375195.04,18,150343943.13,22
1004,华安证券股份有限公司郑州陇海路证券营业部,293508291.11,7,135027373.54,7,158480917.57,4
1005,东吴证券股份有限公司嘉兴中山西路证券营业部,292453638.4,11,177544004.0,11,114909634.4,9
1006,上海证券有限责任公司浦东新区商城路证券营业部,292308589.88,9,18799789.0,3,273508800.88,7
1007,粤开证券股份有限公司惠州分公司,291513074.7,21,191877099.7,17,99635975.0,11
1008,国投证券股份有限公司青岛东海西路证券营业部,291142375.9,7,190130138.39,5,101012237.51,5
1009,平安证券股份有限公司四川分公司,291113904.76,39,156681057.82,33,134432846.94,24
1010,中信证券股份有限公司北京天通苑证券营业部,290094360.9,37,150971858.17,28,139122502.73,15
1011,中信建投证券股份有限公司苏州分公司,289119767.5,14,20097199.0,7,269022568.5,13
1012,国金证券股份有限公司武汉积玉桥证券营业部,289014159.19,13,93793934.06,9,195220225.13,8
1013,中信证券股份有限公司宁波北仑新碶证券营业部,288591789.58,13,193344051.16,11,95247738.42,6
1014,华泰证券股份有限公司深圳益田路证券营业部,288069243.17,16,155534215.38,13,132535027.79,9
1015,招商证券股份有限公司上海虹口区东大名路证券营业部,288015135.0,2,163666670.0,2,124348465.0,2
1016,中信证券华南股份有限公司惠州分公司,287649119.85,8,181506595.69,3,106142524.16,6
1017,东吴证券股份有限公司常熟阜湖路证券营业部,287377301.32,14,72651685.53,8,214725615.79,10
1018,国金证券股份有限公司上海浦东新区芳甸路证券营业部,286412973.83,15,52267803.74,10,234145170.09,11
1019,华泰证券股份有限公司上海徐汇区天钥桥路证券营业部,286404135.3,14,48940057.75,10,237464077.55,10
1020,中国银河证券股份有限公司广州天河北路证券营业部,285780124.22,12,179999075.87,10,105781048.35,4
1021,东方证券股份有限公司上海长宁区长宁路证券营业部,285467407.23,9,26943212.54,3,258524194.69,9
1022,兴业证券股份有限公司南京中央路证券营业部,285068703.07,6,6556343.0,1,278512360.07,5
1023,东北证券股份有限公司长春西安大路证券营业部,283994240.78,23,110219455.07,12,173774785.71,18
1024,平安证券股份有限公司广东分公司,282255128.84,19,80135398.27,12,202119730.57,16
1025,国泰海通证券股份有限公司岳阳南湖大道证券营业部,282203896.46,8,241598548.27,6,40605348.19,3
1026,中国银河证券股份有限公司长沙芙蓉中路证券营业部,281486153.23,14,79879283.42,11,201606869.81,10
1027,国泰海通证券股份有限公司绵阳剑南路证券营业部,281198136.92,20,207634692.73,17,73563444.19,12
1028,财信证券股份有限公司绍兴解放大道证券营业部,280496684.21,6,124065539.0,3,156431145.21,3
1029,信达证券股份有限公司台州玉兰路证券营业部,279911735.46,14,59015123.42,8,220896612.04,12
1030,华泰证券股份有限公司无锡分公司,279759716.7,8,27657579.0,5,252102137.7,7
1031,国投证券股份有限公司汕头峡山证券营业部,278106831.35,11,139821073.7,8,138285757.65,10
1032,中信建投证券股份有限公司襄阳长虹路证券营业部,278040268.46,11,79500601.0,9,198539667.46,4
1033,东海证券股份有限公司南京洪武北路证券营业部,278018190.12,25,167351329.0,19,110666861.12,15
1034,国泰海通证券股份有限公司深圳香蜜湖路证券营业部,277944299.88,31,96668207.91,23,181276091.97,29
1035,中国银河证券股份有限公司郑州东风路证券营业部,277663797.29,12,12199573.85,10,265464223.44,10
1036,财信证券股份有限公司杭州庆春路证券营业部,277389841.83,49,138362711.18,42,139027130.65,41
1037,金融街证券股份有限公司沈阳奉天街证券营业部,276651966.64,56,161818740.46,43,114833226.18,34
1038,东海证券股份有限公司泉州丰泽街证券营业部,276273108.58,28,167165039.0,23,109108069.58,20
1039,平安证券股份有限公司重庆分公司,276219213.06,36,159505580.26,27,116713632.8,27
1040,国信证券股份有限公司深圳金田路证券营业部,275878617.91,22,102496770.25,19,173381847.66,20
1041,招商证券股份有限公司长沙芙蓉中路证券营业部,275856761.73,17,57260745.0,11,218596016.73,13
1042,华鑫证券有限责任公司泉州分公司,275548943.8,16,97100210.39,14,178448733.41,14
1043,光大证券股份有限公司广州花城大道证券营业部,275535952.28,14,116645013.1,9,158890939.18,10
1044,中国银河证券股份有限公司广州阅江中路证券营业部,274874186.19,12,33155680.0,7,241718506.19,10
1045,国泰海通证券股份有限公司泰州鼓楼南路第二证券营业部,274771184.54,6,129301708.26,4,145469476.28,6
1046,东方财富证券股份有限公司林芝广州大道证券营业部,274462757.64,32,86911512.55,22,187551245.09,20
1047,中信建投证券股份有限公司常州分公司,273910120.17,16,62594622.33,10,211315497.84,13
1048,华福证券股份有限公司上海虹口区东大名路证券营业部,273776445.75,2,161653174.91,2,112123270.84,2
1049,国元证券股份有限公司广州江南大道中路证券营业部,273395100.13,17,39184279.27,13,234210820.86,16
1050,招商证券股份有限公司深圳新湖路壹方中心证券营业部,273061625.96,8,77743166.2,2,195318459.76,6
1051,中信证券股份有限公司唐山大里北路证券营业部,272578823.76,7,170000.0,1,272408823.76,6
1052,国元证券股份有限公司温岭太平东城路证券营业部,272402654.72,9,58535741.0,5,213866913.72,5
1053,中信建投证券股份有限公司西安科技路证券营业部,271636159.05,4,206226379.83,4,65409779.22,1
1054,中邮证券有限责任公司云南分公司,270566525.26,17,174191160.26,14,96375365.0,12
1055,渤海证券股份有限公司天津水上公园东路证券营业部,270237985.74,6,71492737.57,5,198745248.17,6
1056,申万宏源证券有限公司上海静安区洛川东路证券营业部,268850678.47,13,192000.0,1,268658678.47,12
1057,中信建投证券股份有限公司北京东三环中路证券营业部,268587783.56,8,8171827.72,4,260415955.84,7
1058,长城证券股份有限公司嘉兴由拳路证券营业部,268497516.99,3,44607958.99,1,223889558.0,2
1059,方正证券股份有限公司上海长宁区延安西路证券营业部,268462920.46,15,55625811.84,10,212837108.62,11
1060,西南证券股份有限公司广东分公司,267632622.52,14,215973023.5,10,51659599.02,6
1061,平安证券股份有限公司南通工农南路证券营业部,267038963.88,21,23508281.35,11,243530682.53,18
1062,渤海证券股份有限公司湖南分公司,267017486.51,5,15241574.0,1,251775912.51,5
1063,方正证券股份有限公司温岭安平东路证券营业部,266791201.37,38,171044735.43,27,95746465.94,16
1064,中信建投证券股份有限公司成都南一环路证券营业部,266732204.54,14,81789548.0,7,184942656.54,12
1065,国泰海通证券股份有限公司蒙自天马路证券营业部,266457841.21,6,102123822.67,5,164334018.54,4
1066,国投证券股份有限公司上海黄浦区中山东二路证券营业部,265819049.78,13,136170794.0,5,129648255.78,10
1067,广发证券股份有限公司上海秀沿路证券营业部,265657042.45,10,84360348.49,7,181296693.96,5
1068,信达证券股份有限公司无锡金融一街证券营业部,265642096.42,13,195009999.9,11,70632096.52,9
1069,浙商证券股份有限公司杭州江南大道证券营业部,264677559.09,14,46348935.04,7,218328624.05,8
1070,中泰证券股份有限公司电子商务分公司,264560515.44,18,163407226.95,17,101153288.49,13
1071,招商证券股份有限公司北京北三环东路证券营业部,264030462.54,24,102249867.0,18,161780595.54,17
1072,五矿证券有限公司青岛香港东路证券营业部,263960940.37,2,84055018.33,1,179905922.04,1
1073,中信证券股份有限公司杭州教工路证券营业部,262263864.36,11,28115215.18,6,234148649.18,10
1074,中信证券(山东)有限责任公司滨州黄河六路证券营业部,261750332.31,5,51420685.36,2,210329646.95,4
1075,中信证券股份有限公司启东公园南路证券营业部,261393693.62,13,83575906.98,8,177817786.64,10
1076,兴业证券股份有限公司广州兴民路证券营业部,261392815.09,10,183861889.36,8,77530925.73,7
1077,中信证券(山东)有限责任公司青岛连云港路证券营业部,261375072.34,15,14221357.59,11,247153714.75,12
1078,平安证券股份有限公司上海锦康路证券营业部,260918696.31,7,130922907.01,5,129995789.3,4
1079,渤海证券股份有限公司青岛分公司,260766729.04,5,136621121.42,5,124145607.62,3
1080,光大证券股份有限公司慈溪三北西大街证券营业部,260315445.31,17,104284600.35,12,156030844.96,15
1081,兴业证券股份有限公司深圳益田路证券营业部,259579392.23,8,166846137.29,7,92733254.94,2
1082,国投证券股份有限公司东北分公司,259265861.85,3,137957707.01,2,121308154.84,2
1083,中国银河证券股份有限公司福州证券营业部,258673017.43,26,29582341.96,16,229090675.47,25
1084,国泰海通证券股份有限公司上海静安区江场路证券营业部,258396142.53,15,197848256.47,12,60547886.06,9
1085,国投证券股份有限公司佛山顺德政通路证券营业部,258132319.0,11,938680.0,2,257193639.0,9
1086,财信证券股份有限公司温州车站大道证券营业部,258100066.93,28,77344587.24,20,180755479.69,25
1087,华泰证券股份有限公司上海虹口区飞虹路证券营业部,258067031.53,13,183636839.04,9,74430192.49,10
1088,中国中金财富证券有限公司深圳桃园路证券营业部,257926049.58,25,169193606.9,19,88732442.68,13
1089,汇丰前海证券有限责任公司深圳前海证券营业部,257751038.7,8,132776920.59,3,124974118.11,5
1090,中国银河证券股份有限公司威海统一路证券营业部,257703324.37,26,109966088.73,18,147737235.64,13
1091,中信证券股份有限公司桐庐迎春南路证券营业部,257606352.64,9,23753474.0,2,233852878.64,8
1092,国泰海通证券股份有限公司长沙五一大道第一证券营业部,256844805.0,10,18966551.0,9,237878254.0,6
1093,财达证券股份有限公司,256817108.41,4,203852587.15,2,52964521.26,2
1094,国金证券股份有限公司厦门湖滨南路证券营业部,256688577.6,7,41648992.6,4,215039585.0,6
1095,华福证券股份有限公司连江丹凤东路证券营业部,254839778.22,8,113631523.23,6,141208254.99,6
1096,上海证券有限责任公司温州乐清伯乐东路证券营业部,253721621.72,10,13615579.8,6,240106041.92,6
1097,粤开证券股份有限公司辽宁分公司,253423636.0,7,139473698.76,6,113949937.24,6
1098,华鑫证券有限责任公司苏州总官堂路证券营业部,253057449.22,12,132334040.73,9,120723408.49,7
1099,华泰证券股份有限公司上海奉贤区望园南路证券营业部,252805434.11,9,36393379.0,6,216412055.11,7
1100,中信证券股份有限公司上海长宁区红宝石路证券营业部,252660434.55,13,13877828.94,8,238782605.61,12
1101,国泰海通证券股份有限公司江阴环城北路证券营业部,252649862.2,5,63224742.2,4,189425120.0,3
1102,国泰海通证券股份有限公司衡阳三江路证券营业部,252387831.76,7,3023654.0,4,249364177.76,6
1103,金融街证券股份有限公司东胜鄂尔多斯大街证券营业部,251709380.03,17,97868239.0,8,153841141.03,10
1104,长城证券股份有限公司深圳深南大道证券营业部,251292236.02,20,53578254.49,10,197713981.53,18
1105,华泰证券股份有限公司南京浦口大道证券营业部,250873643.78,9,68093739.99,4,182779903.79,8
1106,德邦证券股份有限公司上海乍浦路证券营业部,250018781.52,27,157835211.87,21,92183569.65,12
1107,招商证券股份有限公司北京海淀大街证券营业部,249800854.52,19,7817513.18,11,241983341.34,16
1108,万联证券股份有限公司广州黄埔分公司,249324306.58,3,256626.0,2,249067680.58,2
1109,中国银河证券股份有限公司厦门自贸金融中心证券营业部,248910969.51,13,110014540.27,10,138896429.24,8
1110,诚通证券股份有限公司北京魏公村证券营业部,248640246.68,3,39694427.0,1,208945819.68,2
1111,华福证券股份有限公司慈溪新城大道北路证券营业部,248399749.81,5,24309568.47,3,224090181.34,4
1112,华创证券有限责任公司上海肇嘉浜路证券营业部,248393758.0,6,32405356.0,3,215988402.0,5
1113,国泰海通证券股份有限公司南京金融城证券营业部,247793278.96,21,141384531.11,15,106408747.85,15
1114,华泰证券股份有限公司广州天河城证券营业部,247792690.84,16,7950621.12,12,239842069.72,10
1115,中信证券股份有限公司大连分公司,247650766.56,26,23617303.0,7,224033463.56,23
1116,中信证券股份有限公司北京国贸证券营业部,247179543.86,12,19439734.0,5,227739809.86,11
1117,甬兴证券有限公司北京分公司,246214754.81,15,178751232.81,13,67463522.0,4
1118,第一创业证券股份有限公司廊坊建设北路证券营业部,246152659.0,1,246152659.0,1,0.0,0
1119,广发证券股份有限公司北京阜成门南大街证券营业部,245758640.72,18,107254967.5,11,138503673.22,15
1120,中国中金财富证券有限公司株洲珠江北路证券营业部,245650783.17,10,185412353.15,8,60238430.02,3
1121,南京证券股份有限公司南京云南北路证券营业部,245485916.89,9,47948156.68,2,197537760.21,7
1122,光大证券股份有限公司宁波甬江大道证券营业部,245237637.45,6,226175865.92,5,19061771.53,5
1123,国泰海通证券股份有限公司深圳高新园证券营业部,245007846.18,17,46244337.46,10,198763508.72,11
1124,粤开证券股份有限公司河南分公司,244763775.42,17,122174300.73,11,122589474.69,9
1125,中信建投证券股份有限公司嘉兴洪兴路证券营业部,244709933.14,5,46790346.18,3,197919586.96,3
1126,中信建投证券股份有限公司重庆汉渝路证券营业部,244561437.49,7,38895897.0,3,205665540.49,6
1127,广发证券股份有限公司珠海山场路证券营业部,244412520.49,13,142302898.04,11,102109622.45,7
1128,中信建投证券股份有限公司南京龙园西路证券营业部,244230208.57,7,93292465.05,5,150937743.52,6
1129,国盛证券股份有限公司合肥徽州大道证券营业部,244096412.0,16,144358973.0,13,99737439.0,9
1130,中泰证券股份有限公司济宁吴泰闸路证券营业部,243442694.03,6,140760083.38,5,102682610.65,4
1131,申万宏源证券有限公司证券投资总部,243007038.42,4,49618313.02,1,193388725.4,3
1132,西南证券股份有限公司深圳中心五路证券营业部,242641003.42,10,19616838.0,5,223024165.42,7
1133,长城证券股份有限公司上海长宁区延安西路证券营业部,242187404.94,13,83498901.4,8,158688503.54,10
1134,国泰海通证券股份有限公司济南经十路证券营业部,241831919.24,9,86905351.0,6,154926568.24,9
1135,爱建证券有限责任公司温州划龙桥路证券营业部,241685670.05,8,168816585.22,7,72869084.83,3
1136,国泰海通证券股份有限公司沈阳黄河南大街证券营业部,241255535.54,9,19279997.0,3,221975538.54,8
1137,上海证券有限责任公司苏南分公司,240845259.56,38,102637453.02,24,138207806.54,23
1138,财达证券股份有限公司沧州解放中路证券营业部,240743977.93,8,88453937.6,3,152290040.33,6
1139,东方财富证券股份有限公司拉萨达孜区虎峰大道证券营业部,240674094.41,48,95689050.69,35,144985043.72,33
1140,东吴证券股份有限公司苏州干将东路证券营业部,239776276.38,14,109212550.1,8,130563726.28,10
1141,中泰证券股份有限公司章丘双山北路证券营业部,239448770.66,7,17453661.35,2,221995109.31,5
1142,华泰证券股份有限公司深圳科苑路百度国际大厦证券营业部,239348953.75,15,36051556.72,10,203297397.03,12
1143,招商证券股份有限公司北京中关村南大街证券营业部,239253568.55,8,98254711.09,5,140998857.46,3
1144,中国银河证券股份有限公司哈尔滨中山路证券营业部,238842754.6,4,230356881.5,3,8485873.1,3
1145,广发证券股份有限公司中山兴中道证券营业部,238798921.19,17,24959052.79,6,213839868.4,16
1146,爱建证券有限责任公司深圳分公司,238626320.72,16,164804246.26,13,73822074.46,4
1147,国泰海通证券股份有限公司佛山南海金明路证券营业部,238530143.74,11,95471280.27,7,143058863.47,8
1148,中国银河证券股份有限公司宁波柳汀街证券营业部,238423797.38,12,46405142.06,8,192018655.32,10
1149,申万宏源证券有限公司上海普陀区大渡河路证券营业部,238099663.6,16,121888441.3,7,116211222.3,10
1150,华宝证券股份有限公司深圳福华一路证券营业部,237397794.68,18,147313508.0,17,90084286.68,9
1151,东吴证券股份有限公司无锡东亭中路证券营业部,237397204.27,9,100141513.63,4,137255690.64,5
1152,国泰海通证券股份有限公司济南泉城路证券营业部,237135314.2,13,56798968.4,6,180336345.8,10
1153,招商证券股份有限公司武汉中北路证券营业部,236873911.0,24,43172345.56,12,193701565.44,19
1154,东兴证券股份有限公司重庆万州证券营业部,236060432.17,4,119819662.17,3,116240770.0,3
1155,国泰海通证券股份有限公司洛阳长兴街证券营业部,235618424.38,37,14236309.65,15,221382114.73,34
1156,中航证券有限公司广州天河北路证券营业部,235544995.05,24,164799386.94,21,70745608.11,12
1157,浙商证券股份有限公司湖南分公司,235387600.93,8,43421257.91,5,191966343.02,3
1158,中信证券华南股份有限公司广州黄埔开创大道证券营业部,235094938.09,3,203786204.09,3,31308734.0,3
1159,广发证券股份有限公司广州中山三路中华广场证券营业部,235072791.01,39,110453672.92,20,124619118.09,34
1160,红塔证券股份有限公司苏州苏州大道西证券营业部,234706369.0,7,108960611.0,4,125745758.0,4
1161,浙商证券股份有限公司金华分公司,234314336.82,16,39096414.74,7,195217922.08,15
1162,招商证券股份有限公司宁波中山东路证券营业部,234140418.38,6,108908797.52,5,125231620.86,4
1163,中信证券(山东)有限责任公司龙口南山路证券营业部,234047220.13,13,96712664.0,7,137334556.13,9
1164,西南证券股份有限公司山东分公司,233853010.0,4,6374108.0,1,227478902.0,3
1165,长城证券股份有限公司前海分公司,233827058.05,47,70219795.53,34,163607262.52,39
1166,广发证券股份有限公司潮州潮州大道证券营业部,233767745.88,16,99455054.03,7,134312691.85,14
1167,中国银河证券股份有限公司上海闵行区漕宝路证券营业部,233222594.24,5,15538950.1,3,217683644.14,3
1168,华金证券股份有限公司上海陆家嘴环路证券营业部,233169886.94,7,141994963.1,4,91174923.84,3
1169,中信建投证券股份有限公司广州黄埔东路证券营业部,231935529.4,14,48857105.21,13,183078424.19,10
1170,长城证券股份有限公司贵州分公司,231543560.32,6,91176857.56,4,140366702.76,3
1171,开源证券股份有限公司西安阎良人民路证券营业部,231429247.35,24,158689334.0,19,72739913.35,6
1172,申港证券股份有限公司北京分公司,231345485.52,10,51210999.36,6,180134486.16,8
1173,国泰海通证券股份有限公司仙居西门街证券营业部,230682137.7,14,32767758.44,4,197914379.26,10
1174,财通证券股份有限公司玉环广陵路证券营业部,230086475.23,6,17038316.24,3,213048158.99,5
1175,甬兴证券有限公司杭州新业路证券营业部,230071499.18,11,124239403.3,8,105832095.88,5
1176,广发证券股份有限公司广州昌岗中路证券营业部,229818512.7,5,33876435.7,2,195942077.0,3
1177,招商证券股份有限公司太原长治路证券营业部,229794853.27,6,37808763.52,3,191986089.75,6
1178,华福证券股份有限公司中山中山三路证券营业部,229587576.76,4,164993475.76,3,64594101.0,2
1179,华林证券股份有限公司深圳泰然路证券营业部,229278700.08,6,168572959.08,3,60705741.0,6
1180,中信证券股份有限公司湖州劳动路证券营业部,228984332.09,19,99336160.93,16,129648171.16,12
1181,诚通证券股份有限公司北京中关村东路证券营业部,228652704.76,4,62510429.0,1,166142275.76,3
1182,东北证券股份有限公司深圳分公司,228607773.01,10,101301183.4,8,127306589.61,5
1183,中信建投证券股份有限公司深圳香梅路证券营业部,228134922.46,8,35389213.5,4,192745708.96,8
1184,中国中金财富证券有限公司上海浦东新区陆家嘴环路证券营业部,228133164.0,5,27800561.0,3,200332603.0,4
1185,中信建投证券股份有限公司北京酒仙桥路证券营业部,228043245.92,9,17125611.0,5,210917634.92,7
1186,国泰海通证券股份有限公司深圳分公司,227889370.26,22,165104642.86,21,62784727.4,9
1187,中国银河证券股份有限公司,227665646.0,7,227665646.0,7,0.0,0
1188,财通证券股份有限公司永康九铃东路证券营业部,227492009.78,17,121464311.3,9,106027698.48,11
1189,东方证券股份有限公司上海宝山区长江西路证券营业部,226936372.71,11,55810304.48,9,171126068.23,10
1190,申万宏源证券有限公司温州分公司,226813413.43,15,98081261.43,10,128732152.0,12
1191,湘财证券股份有限公司杭州五星路证券营业部,226552985.9,5,92035228.19,3,134517757.71,3
1192,国泰海通证券股份有限公司南京常府街证券营业部,226286969.33,18,88558645.2,16,137728324.13,16
1193,华泰证券股份有限公司合肥习友路证券营业部,226168251.5,12,95453093.51,10,130715157.99,8
1194,国投证券股份有限公司梅州府前大道证券营业部,226066977.4,4,4409733.37,4,221657244.03,4
1195,国信证券股份有限公司义乌城北路证券营业部,225511194.61,22,102091019.59,17,123420175.02,13
1196,长城证券股份有限公司杭州民心路证券营业部,225323439.18,8,145793298.0,6,79530141.18,5
1197,华泰证券股份有限公司启东人民中路证券营业部,225018062.47,7,80215593.97,7,144802468.5,7
1198,平安证券股份有限公司北京金融大街证券营业部,224979734.65,18,77732337.44,12,147247397.21,12
1199,中信证券股份有限公司杭州富春路证券营业部,223805207.1,18,93152345.59,8,130652861.51,16
1200,西南证券股份有限公司温州汤家桥路证券营业部,223756380.95,9,71098764.0,4,152657616.95,7
1201,国联民生证券股份有限公司浙江分公司,223694089.06,8,116989230.0,5,106704859.06,7
1202,中信证券股份有限公司临安万马路证券营业部,223266142.03,15,48017597.81,10,175248544.22,13
1203,国泰海通证券股份有限公司上海青浦区佳杰路证券营业部,223215530.78,18,117797638.56,16,105417892.22,16
1204,兴业证券股份有限公司山西分公司,223189991.33,10,106393782.64,7,116796208.69,5
1205,中信证券华南股份有限公司惠州麦地路证券营业部,223010734.72,4,222962614.72,4,48120.0,1
1206,国泰海通证券股份有限公司深圳海田路证券营业部,222640489.64,7,18355878.24,6,204284611.4,6
1207,中信建投证券股份有限公司北京京南分公司,222584461.36,9,69890323.27,6,152694138.09,6
1208,国金证券股份有限公司西安朱雀大街证券营业部,222481361.36,13,113467546.53,9,109013814.83,6
1209,广发证券股份有限公司海口和平大道证券营业部,222237354.18,16,55199580.01,10,167037774.17,12
1210,华福证券股份有限公司富阳江滨西大道证券营业部,222043226.0,9,118665614.0,7,103377612.0,5
1211,国盛证券股份有限公司慈溪慈甬路证券营业部,221735727.45,20,120608125.07,16,101127602.38,11
1212,东方证券股份有限公司洛阳开元大道证券营业部,221627909.85,5,4281531.1,2,217346378.75,3
1213,广发证券股份有限公司肇庆星湖大道证券营业部,221209940.62,3,72000.0,1,221137940.62,2
1214,东北证券股份有限公司杭州长乐路证券营业部,221089555.6,11,13174798.0,4,207914757.6,10
1215,长江证券股份有限公司武汉彭刘杨路证券营业部,220843965.62,5,62054392.55,2,158789573.07,4
1216,光大证券股份有限公司苏州苏惠路证券营业部,220456627.34,13,107965464.27,6,112491163.07,9
1217,东方证券股份有限公司杭州市心北路证券营业部,220177038.27,9,96859110.17,6,123317928.1,5
1218,中国银河证券股份有限公司台州黄岩委羽街证券营业部,220077587.69,18,112866464.93,13,107211122.76,11
1219,信达证券股份有限公司深圳湾科技生态园证券营业部,219132329.96,13,79404202.1,7,139728127.86,9
1220,中国银河证券股份有限公司青岛即墨区墨城路证券营业部,219069197.81,24,79406812.71,20,139662385.1,19
1221,东方财富证券股份有限公司广州兴民路证券营业部,219055111.85,9,131366230.2,7,87688881.65,5
1222,华福证券股份有限公司惠安东南街证券营业部,218976465.67,2,218976465.67,2,0.0,0
1223,甬兴证券有限公司青岛分公司,218681620.78,18,152421138.78,15,66260482.0,4
1224,国投证券股份有限公司湖州仁皇山路证券营业部,218016957.24,5,109288929.05,4,108728028.19,4
1225,长江证券股份有限公司西安太白北路证券营业部,217691262.89,6,212491441.21,5,5199821.68,1
1226,中信建投证券股份有限公司大连分公司,217587615.97,13,71819407.41,6,145768208.56,11
1227,中国银河证券股份有限公司北京丽泽证券营业部,217492653.51,6,119675679.85,3,97816973.66,4
1228,广发证券股份有限公司广州临江大道证券营业部,217486305.05,10,32222712.19,7,185263592.86,9
1229,中国中金财富证券有限公司深圳益田路证券营业部,216575781.25,26,87377394.93,18,129198386.32,16
1230,广发证券股份有限公司厦门湖滨南路证券营业部,216369480.18,14,70292401.78,9,146077078.4,10
1231,华泰证券股份有限公司广州兴民路证券营业部,215146384.19,28,20385270.75,17,194761113.44,21
1232,中泰证券股份有限公司武汉欢乐大道证券营业部,215050677.4,3,132191092.0,2,82859585.4,3
1233,中信证券股份有限公司绍兴分公司,214591049.85,10,103836814.11,4,110754235.74,9
1234,广发证券股份有限公司杭州博奥路证券营业部,214401341.98,10,146272397.98,9,68128944.0,5
1235,中信证券股份有限公司余姚南雷路证券营业部,214186593.95,22,22767906.42,11,191418687.53,19
1236,世纪证券有限责任公司江西分公司,214019769.53,17,38585968.4,6,175433801.13,13
1237,国泰海通证券股份有限公司沧州解放西路证券营业部,213995899.1,6,79677675.3,5,134318223.8,3
1238,申万宏源证券有限公司上海黄浦区福州路证券营业部,213366534.1,5,183203890.1,2,30162644.0,3
1239,中信证券股份有限公司上虞王充路证券营业部,213054270.91,8,76635999.41,4,136418271.5,6
1240,东海证券股份有限公司洛阳凯旋西路证券营业部,213052610.41,6,799532.0,2,212253078.41,5
1241,浙商证券股份有限公司杭州萧山永久路证券营业部,212994472.55,19,70934031.37,13,142060441.18,13
1242,中信建投证券股份有限公司宁德蕉城南路证券营业部,212825092.47,5,2116571.0,4,210708521.47,3
1243,招商证券股份有限公司青岛金家岭金融区证券营业部,212776386.43,9,3529356.0,7,209247030.43,7
1244,华西证券股份有限公司成都龙腾东路证券营业部,212553271.82,12,179989635.81,7,32563636.01,9
1245,中信证券股份有限公司义乌城中中路证券营业部,212031692.65,15,89836443.03,12,122195249.62,10
1246,诚通证券股份有限公司成都东城根街证券营业部,211674983.97,6,23038068.0,2,188636915.97,5
1247,国泰海通证券股份有限公司合肥黄山路证券营业部,211638542.88,19,29186405.83,8,182452137.05,17
1248,广发证券股份有限公司广州天河北路证券营业部,211605579.43,25,109768103.67,17,101837475.76,21
1249,国信证券股份有限公司天津友谊路证券营业部,211422186.15,10,164861193.09,5,46560993.06,8
1250,华泰证券股份有限公司北京雍和宫证券营业部,211309523.89,14,31047427.0,10,180262096.89,10
1251,中国银河证券股份有限公司深圳坂田证券营业部,211193942.92,9,73429064.62,5,137764878.3,5
1252,中国中金财富证券有限公司唐山金融中心证券营业部,210891306.36,11,85090475.36,5,125800831.0,6
1253,国投证券股份有限公司广州猎德大道证券营业部,210427644.17,13,45506696.52,6,164920947.65,10
1254,东海证券股份有限公司上海普陀区中潭路证券营业部,209926131.39,9,30825984.85,2,179100146.54,8
1255,中国银河证券股份有限公司深圳深南大道证券营业部,209828432.14,17,72250648.93,12,137577783.21,9
1256,中信证券股份有限公司金华分公司,209762105.65,13,18129746.82,7,191632358.83,11
1257,平安证券股份有限公司嘉兴中环南路证券营业部,208974683.97,14,117813636.36,11,91161047.61,5
1258,财信证券股份有限公司长沙金星中路证券营业部,208958010.25,3,84357084.25,3,124600926.0,2
1259,华泰证券股份有限公司靖江富阳路证券营业部,208615294.43,8,111400791.15,6,97214503.28,4
1260,东亚前海证券有限责任公司广东分公司,208291537.0,10,173026568.0,7,35264969.0,3
1261,华鑫证券有限责任公司泉州杏秀路证券营业部,207210585.09,11,88870075.0,9,118340510.09,11
1262,华福证券股份有限公司广州黄埔开创大道证券营业部,207186726.05,4,138484877.08,2,68701848.97,4
1263,长江证券股份有限公司襄阳建华路证券营业部,205563725.12,7,13159620.0,5,192404105.12,7
1264,浙商证券股份有限公司苏州苏州大道东证券营业部,205053843.28,15,93975529.1,9,111078314.18,9
1265,申万宏源证券有限公司上海虹口区大连路证券营业部,204853060.33,12,169099310.1,10,35753750.23,6
1266,开源证券股份有限公司西安曲江池西路证券营业部,204833675.8,22,163808433.34,21,41025242.46,8
1267,西南证券股份有限公司吉林分公司,204700905.81,7,57691914.49,5,147008991.32,4
1268,中泰证券股份有限公司北京分公司,204676530.48,21,145041606.0,14,59634924.48,7
1269,民生证券股份有限公司河南分公司,204482645.5,14,72881329.68,9,131601315.82,12
1270,国元证券股份有限公司杭州金鸡路证券营业部,204410000.43,15,51313288.22,10,153096712.21,9
1271,渤海证券股份有限公司天津中山路分公司,204077599.81,15,124737892.0,12,79339707.81,6
1272,财通证券股份有限公司安吉体育场证券营业部,203970040.47,12,120106009.83,8,83864030.64,7
1273,国信证券股份有限公司深圳后海分公司,203740935.41,12,20280066.0,7,183460869.41,9
1274,国投证券股份有限公司佛山乐从证券营业部,203630890.46,13,46163438.47,7,157467451.99,11
1275,东方证券股份有限公司上海青浦区五厍浜路证券营业部,203326103.88,9,154780037.34,8,48546066.54,5
1276,中邮证券有限责任公司新疆分公司,203253851.68,6,6307298.0,1,196946553.68,5
1277,兴业证券股份有限公司山东分公司,203101005.87,11,151705578.42,7,51395427.45,5
1278,国投证券股份有限公司嘉兴纺工路证券营业部,202911851.07,9,20364863.55,6,182546987.52,8
1279,国泰海通证券股份有限公司上海青浦区汇金路证券营业部,202784953.4,5,68905505.68,3,133879447.72,4
1280,民生证券股份有限公司武汉武大园路证券营业部,202658238.87,4,41399065.43,3,161259173.44,3
1281,中信证券股份有限公司石家庄槐安东路证券营业部,202127068.12,7,66669358.0,5,135457710.12,5
1282,东莞证券股份有限公司西安唐延路证券营业部,202090036.96,10,53421998.0,6,148668038.96,7
1283,国盛证券股份有限公司长沙茶子山东路证券营业部,201682370.6,12,106910195.14,9,94772175.46,6
1284,国信证券股份有限公司深圳坪山证券营业部,201296949.34,5,2177306.5,3,199119642.84,4
1285,中信建投证券股份有限公司烟台南大街证券营业部,201182266.83,13,71353525.06,11,129828741.77,11
1286,国泰海通证券股份有限公司常州延陵中路证券营业部,201177334.83,14,22817719.0,6,178359615.83,9
1287,金元证券股份有限公司徐州康宁路证券营业部,200853595.11,12,72740464.1,8,128113131.01,9
1288,财通证券股份有限公司上海漕溪路证券营业部,200597226.47,11,86782074.1,6,113815152.37,8
1289,东方证券股份有限公司上海徐汇区云锦路证券营业部,200573437.82,16,29189237.83,7,171384199.99,15
1290,招商证券股份有限公司南充滨江中路证券营业部,200283096.48,19,90631736.48,11,109651360.0,11
1291,东海证券股份有限公司常州延政中路证券营业部,200075187.83,4,103165774.83,3,96909413.0,2
1292,华泰证券股份有限公司天津白堤路证券营业部,199395888.97,19,34740261.5,11,164655627.47,12
1293,金融街证券股份有限公司杭州婺江路证券营业部,199376431.04,7,113121580.04,5,86254851.0,3
1294,德邦证券股份有限公司上海普陀区志丹路证券营业部,199135791.44,19,92447320.24,12,106688471.2,12
1295,国融证券股份有限公司深圳沙河西路证券营业部,199037846.0,8,140696085.0,6,58341761.0,2
1296,浙商证券股份有限公司东阳环城北路证券营业部,198641644.44,20,8253359.48,10,190388284.96,18
1297,长江证券股份有限公司十堰人民北路证券营业部,198589895.53,15,72973628.53,8,125616267.0,10
1298,平安证券股份有限公司湖北分公司,198589244.3,21,27316477.13,12,171272767.17,18
1299,中国中金财富证券有限公司湖州仁皇山路证券营业部,198321099.23,4,107172533.14,3,91148566.09,2
1300,国金证券股份有限公司南京双龙大道证券营业部,198080272.24,12,100439854.24,7,97640418.0,6
1301,长江证券股份有限公司慈溪新城大道证券营业部,197881797.62,7,6165031.0,3,191716766.62,7
1302,华泰证券股份有限公司盐城分公司,197830985.56,16,13388751.0,8,184442234.56,14
1303,中泰证券股份有限公司杭州湖墅南路证券营业部,197815607.41,19,106891816.67,14,90923790.74,14
1304,国信证券股份有限公司西安科技二路证券营业部,197295833.82,13,23029421.95,6,174266411.87,12
1305,国泰海通证券股份有限公司芜湖文化路证券营业部,197197144.12,14,95757915.12,12,101439229.0,6
1306,华安证券股份有限公司温州市府路证券营业部,197133855.44,11,49850595.0,5,147283260.44,9
1307,国泰海通证券股份有限公司北京望京阜通东大街证券营业部,197000278.34,3,12677676.0,1,184322602.34,2
1308,东莞证券股份有限公司东莞分公司,196858586.02,17,32949065.68,7,163909520.34,16
1309,光大证券股份有限公司北京东中街证券营业部,196801956.69,14,53607959.09,8,143193997.6,11
1310,民生证券股份有限公司上海漕溪北路证券营业部,196705302.27,7,150639582.27,4,46065720.0,5
1311,渤海证券股份有限公司北京西外大街证券营业部,196668106.48,19,89414869.12,14,107253237.36,16
1312,中信证券股份有限公司海盐海丰中路证券营业部,196420156.16,17,66074312.0,12,130345844.16,9
1313,华泰证券股份有限公司永嘉阳光大道证券营业部,196330848.31,19,100479230.0,9,95851618.31,12
1314,申万宏源证券有限公司上海静安区延长中路证券营业部,196239668.48,9,367851.0,1,195871817.48,8
1315,国泰海通证券股份有限公司深圳宝安怀德国际大厦证券营业部,196071864.2,10,121658544.71,9,74413319.49,6
1316,国泰海通证券股份有限公司绍兴劳动路证券营业部,195741757.38,17,14462209.22,10,181279548.16,15
1317,国信证券股份有限公司佛山分公司,195737090.65,25,44059962.64,22,151677128.01,17
1318,华泰证券股份有限公司成都锦晖西二街证券营业部,195445642.08,9,53535897.7,7,141909744.38,6
1319,方正证券股份有限公司成都高升桥路证券营业部,195358103.19,12,74511164.91,10,120846938.28,8
1320,东莞证券股份有限公司江门分公司,195290179.93,14,113142404.93,13,82147775.0,8
1321,中信证券股份有限公司诸暨暨东路证券营业部,195103287.0,14,61315748.0,9,133787539.0,10
1322,中泰证券股份有限公司杭州滨和路证券营业部,194386068.0,7,100590628.0,5,93795440.0,4
1323,天风证券股份有限公司杭州教工路证券营业部,194342763.79,8,65271291.36,6,129071472.43,6
1324,东北证券股份有限公司重庆铜梁证券营业部,193967261.0,7,19793307.0,5,174173954.0,2
1325,中山证券有限责任公司广州琶洲大道东证券营业部,193746661.29,22,150947754.0,17,42798907.29,7
1326,华泰证券股份有限公司太仓太平南路证券营业部,193692095.3,9,3471783.0,7,190220312.3,8
1327,中国银河证券股份有限公司沈阳崇山东路证券营业部,193497269.29,5,44104929.86,4,149392339.43,3
1328,财通证券股份有限公司河南分公司,193159505.61,14,91294901.04,8,101864604.57,7
1329,中国银河证券股份有限公司广州中山二路证券营业部,192847639.44,17,22913427.52,15,169934211.92,10
1330,申万宏源证券有限公司珠海分公司,192491782.11,4,33529710.0,4,158962072.11,3
1331,华鑫证券有限责任公司深圳财富大厦证券营业部,192405980.18,15,110684505.38,9,81721474.8,8
1332,财通证券股份有限公司嵊州官河南路证券营业部,191967054.79,5,122298657.24,4,69668397.55,4
1333,甬兴证券有限公司宁波分公司,191656768.96,20,99401445.51,15,92255323.45,5
1334,开源证券股份有限公司深圳第一分公司,191163122.52,7,52036558.0,4,139126564.52,5
1335,财通证券股份有限公司台州临海杜桥滨海西路证券营业部,190988185.7,14,132133861.12,10,58854324.58,5
1336,东北证券股份有限公司长春卫星路证券营业部,190543749.0,29,122381902.0,19,68161847.0,13
1337,招商证券股份有限公司广州天河君茂广场证券营业部,190296622.63,17,75253691.8,14,115042930.83,10
1338,中信证券股份有限公司赣州登峰大道证券营业部,190218101.6,4,4495918.0,4,185722183.6,3
1339,华西证券股份有限公司成都西玉龙街证券营业部,189864037.36,24,34496854.26,20,155367183.1,17
1340,湘财证券股份有限公司长沙新民路证券营业部,189635837.18,11,152770684.05,9,36865153.13,9
1341,国联民生证券股份有限公司无锡滨湖区蠡太路证券营业部,189120791.68,5,942516.09,3,188178275.59,4
1342,中国银河证券股份有限公司成都建设路证券营业部,189083488.33,13,85917039.35,8,103166448.98,10
1343,金元证券股份有限公司广州花城大道证券营业部,188973455.0,4,71382801.0,3,117590654.0,3
1344,中泰证券股份有限公司烟台南大街证券营业部,188940488.79,6,91429173.14,5,97511315.65,4
1345,中信证券股份有限公司成都人民南路证券营业部,188867558.62,4,1017060.0,1,187850498.62,3
1346,麦高证券有限责任公司苏州干将东路证券营业部,188000500.45,15,116794193.03,10,71206307.42,5
1347,中信证券股份有限公司上海浦东新区联洋证券营业部,187956424.17,5,174453767.89,3,13502656.28,4
1348,华鑫证券有限责任公司上海自贸试验区分公司,187726745.68,10,97821606.42,8,89905139.26,6
1349,中信建投证券股份有限公司北京北四环东路证券营业部,187633182.34,15,88557814.6,9,99075367.74,12
1350,南京证券股份有限公司上海南车站路证券营业部,185942513.92,3,33759716.0,2,152182797.92,2
1351,信达证券股份有限公司福建分公司,185839466.07,5,35145039.5,3,150694426.57,4
1352,中国中金财富证券有限公司合肥黄山路证券营业部,185838115.08,5,138960.0,1,185699155.08,4
1353,申万宏源证券有限公司上海黄浦区中华路证券营业部,185715543.02,9,22038244.0,4,163677299.02,8
1354,东方证券股份有限公司泉州津淮街证券营业部,185541672.88,26,100800907.88,18,84740765.0,19
1355,广发证券股份有限公司珠海柠溪路证券营业部,185351490.04,4,89667162.29,4,95684327.75,2
1356,华安证券股份有限公司郑州商都路证券营业部,185124538.91,3,67883009.0,2,117241529.91,2
1357,国泰海通证券股份有限公司吉安吉州大道证券营业部,185094259.75,6,52468409.6,5,132625850.15,5
1358,粤开证券股份有限公司宁波分公司,185041717.62,15,74020772.0,12,111020945.62,10
1359,华泰证券股份有限公司南京中山东路华泰证券大厦证券营业部,185004476.44,9,8073198.0,2,176931278.44,8
1360,申万宏源证券有限公司济南历山路证券营业部,184649581.66,10,91508141.33,8,93141440.33,7
1361,华泰证券股份有限公司莱阳昌山路证券营业部,184105375.56,9,101722058.5,6,82383317.06,6
1362,中信证券股份有限公司杭州滨盛路证券营业部,183885043.95,11,68930200.2,8,114954843.75,5
1363,华鑫证券有限责任公司乐清双雁路证券营业部,183571541.8,12,99565548.6,12,84005993.2,8
1364,中国银河证券股份有限公司北京建国路证券营业部,183374323.82,7,38127190.0,5,145247133.82,6
1365,华福证券股份有限公司杭州五星路证券营业部,183364099.04,17,119840096.04,12,63524003.0,7
1366,光大证券股份有限公司上海仙霞路证券营业部,183241814.72,14,45296050.27,8,137945764.45,12
1367,五矿证券有限公司江苏分公司,183154124.6,10,71358318.0,7,111795806.6,4
1368,长江证券股份有限公司上海浦东新区锦绣路证券营业部,183080662.77,15,26161619.0,10,156919043.77,10
1369,招商证券股份有限公司合肥北一环证券营业部,182595389.0,11,112356733.61,8,70238655.39,10
1370,方正证券股份有限公司乐山龙游路证券营业部,182487728.21,8,106029551.46,5,76458176.75,4
1371,信达证券股份有限公司成都人民南路证券营业部,182440237.41,5,34359691.66,2,148080545.75,3
1372,国泰海通证券股份有限公司贵阳中华中路证券营业部,182316196.43,10,137414119.8,8,44902076.63,4
1373,中信证券股份有限公司黑龙江分公司,182144258.6,8,24959831.19,5,157184427.41,5
1374,长城证券股份有限公司深圳福华路证券营业部,182065689.2,6,85443617.0,6,96622072.2,3
1375,方正证券股份有限公司杭州杭海路证券营业部,181722393.93,6,76638201.84,6,105084192.09,2
1376,华泰证券股份有限公司安徽分公司,181698045.0,9,72633519.0,8,109064526.0,6
1377,浙商证券股份有限公司上海第一分公司,181281167.03,6,2173280.0,3,179107887.03,5
1378,山西证券股份有限公司湖南分公司,180659508.06,7,132658773.36,5,48000734.7,4
1379,上海证券有限责任公司宁波北仑新大路证券营业部,180565005.05,21,98656884.17,14,81908120.88,13
1380,国投证券股份有限公司郑州花园路证券营业部,180539507.86,15,50874074.0,7,129665433.86,15
1381,中国银河证券股份有限公司青岛海口路证券营业部,180000168.47,6,102418483.0,4,77581685.47,4
1382,中泰证券股份有限公司上海滨江大道证券营业部,179931896.1,15,127939023.1,13,51992873.0,3
1383,信达证券股份有限公司,179592233.52,2,575500.0,1,179016733.52,1
1384,长江证券股份有限公司杭州教工路证券营业部,179361151.72,6,9345738.0,4,170015413.72,5
1385,中原证券股份有限公司郑州经三路证券营业部,179126615.53,6,43192187.0,4,135934428.53,3
1386,江海证券有限公司深圳分公司,179046886.0,26,47883397.85,18,131163488.15,22
1387,中泰证券股份有限公司贵州分公司,178951207.4,3,86360019.0,2,92591188.4,3
1388,国金证券股份有限公司成都东城根街证券营业部,178454259.97,28,48832306.18,16,129621953.79,19
1389,上海证券有限责任公司深圳金田路证券营业部,178448128.48,5,49615940.87,1,128832187.61,5
1390,国投证券股份有限公司揭阳分公司,178285876.53,14,19212239.57,9,159073636.96,9
1391,中国银河证券股份有限公司上海世界路证券营业部,178255722.26,3,165320093.16,1,12935629.1,3
1392,华安证券股份有限公司上海分公司,178065695.36,13,44088201.0,6,133977494.36,9
1393,平安证券股份有限公司陕西分公司,177891075.94,10,10791263.34,6,167099812.6,9
1394,国元证券股份有限公司上海东方路证券营业部,177623782.38,7,28867007.0,4,148756775.38,6
1395,民生证券股份有限公司辽宁分公司,177408937.96,4,144371294.96,4,33037643.0,4
1396,方正证券股份有限公司陕西分公司,177221287.56,5,30905041.14,4,146316246.42,3
1397,浙商证券股份有限公司丽水分公司,177001801.81,14,17305134.58,10,159696667.23,12
1398,东兴证券股份有限公司上海分公司,176565797.81,5,64713605.2,5,111852192.61,2
1399,中国中金财富证券有限公司浙江分公司,176388430.62,4,46333584.0,3,130054846.62,3
1400,华福证券股份有限公司上海浦东新区银城路证券营业部,176241790.06,16,65173897.68,11,111067892.38,6
1401,广发证券股份有限公司泰州凤凰东路证券营业部,175901404.03,14,122878843.87,11,53022560.16,4
1402,国泰海通证券股份有限公司苏州南园北路证券营业部,175305355.62,11,41730969.52,4,133574386.1,11
1403,国泰海通证券股份有限公司大连成义街证券营业部,174870280.81,16,64586020.0,8,110284260.81,12
1404,中信证券股份有限公司深圳前海分公司,174335654.61,8,102846042.71,5,71489611.9,4
1405,广发证券股份有限公司佛山季华六路证券营业部,173814240.64,14,56932226.92,8,116882013.72,10
1406,中信证券股份有限公司辽阳民主路证券营业部,173465274.0,6,48157817.0,6,125307457.0,6
1407,国信证券股份有限公司湖北分公司,173005346.32,12,40600506.14,8,132404840.18,7
1408,申万宏源证券有限公司深圳福华一路证券营业部,172984759.89,10,24008380.1,8,148976379.79,9
1409,第一创业证券股份有限公司武汉分公司,172892713.08,9,10494890.0,6,162397823.08,9
1410,财达证券股份有限公司深圳分公司,172857108.98,10,73328328.0,5,99528780.98,6
1411,国元证券股份有限公司绍兴金柯桥大道证券营业部,172542926.42,8,62863676.43,5,109679249.99,7
1412,长江证券股份有限公司武汉友谊大道证券营业部,172273146.33,8,10659121.0,5,161614025.33,5
1413,中国银河证券股份有限公司上海浦东新区源深路证券营业部,172202712.2,18,18490592.08,10,153712120.12,13
1414,国盛证券股份有限公司上海浦东新区东方路证券营业部,172196644.5,6,52231677.0,2,119964967.5,4
1415,国都证券股份有限公司北京北三环中路证券营业部,172138730.81,5,80373753.3,2,91764977.51,5
1416,中信建投证券股份有限公司杭州市民街证券营业部,171943432.23,9,119580019.06,9,52363413.17,3
1417,中国银河证券股份有限公司杭州东宁路证券营业部,171568242.32,15,119951350.0,10,51616892.32,9
1418,华鑫证券有限责任公司上海普陀区凯旋北路证券营业部,171466603.31,5,86039148.31,3,85427455.0,4
1419,中银国际证券股份有限公司鞍山二一九路证券营业部,171141667.0,3,3838733.0,2,167302934.0,2
1420,开源证券股份有限公司福州分公司,170869748.13,9,96031465.13,7,74838283.0,2
1421,广发证券股份有限公司嘉兴禾兴南路证券营业部,170841057.56,5,56879572.0,4,113961485.56,3
1422,长城证券股份有限公司青岛台东一路证券营业部,170738803.81,11,36093723.53,7,134645080.28,10
1423,中泰证券股份有限公司聊城柳园南路证券营业部,170651391.11,11,55658636.81,3,114992754.3,10
1424,国联民生证券股份有限公司宁波战船街证券营业部,170500782.43,13,59110512.09,6,111390270.34,10
1425,国泰海通证券股份有限公司上海黄浦区黄陂南路证券营业部,170384586.19,17,44699173.1,7,125685413.09,13
1426,中信建投证券股份有限公司深圳滨海大道证券营业部,170315200.2,5,34084701.0,4,136230499.2,4
1427,招商证券股份有限公司北京知春东里证券营业部,170236781.28,13,11496109.0,7,158740672.28,13
1428,东海证券股份有限公司如皋海阳南路证券营业部,170156092.45,9,51950716.99,4,118205375.46,8
1429,中国中金财富证券有限公司威海青岛北路证券营业部,170131619.89,6,12998743.99,3,157132875.9,5
1430,财通证券股份有限公司湖南分公司,170116613.75,11,76566331.85,8,93550281.9,8
1431,中银国际证券股份有限公司海南分公司,169587457.79,8,52373368.99,4,117214088.8,6
1432,国融证券股份有限公司上海分公司,169469647.79,5,147596786.79,4,21872861.0,1
1433,方正证券股份有限公司舟山环城西路证券营业部,169447655.02,7,39771657.93,2,129675997.09,5
1434,华西证券股份有限公司杭州学院路证券营业部,169397958.42,16,4322956.0,5,165075002.42,15
1435,国泰海通证券股份有限公司上海静安区北京西路证券营业部,169113695.32,15,4101413.6,5,165012281.72,12
1436,中国中金财富证券有限公司中山博爱五路证券营业部,168870727.04,17,5126331.04,9,163744396.0,10
1437,财通证券股份有限公司长兴明珠路证券营业部,168542604.94,8,61683964.65,4,106858640.29,8
1438,国新证券股份有限公司北京朝外大街证券营业部,168536894.2,4,40894373.2,2,127642521.0,3
1439,中银国际证券股份有限公司郑州花园路证券营业部,168501198.15,18,111954057.71,12,56547140.44,15
1440,申万宏源证券有限公司深圳滨海大道证券营业部,168389593.11,12,136809898.74,9,31579694.37,6
1441,方正证券股份有限公司郴州永兴大桥路证券营业部,168192732.03,5,15496722.0,4,152696010.03,4
1442,华金证券股份有限公司浙江分公司,168147733.38,9,131574381.88,7,36573351.5,3
1443,东吴证券股份有限公司杭州金城路证券营业部,167891438.09,3,154933038.0,2,12958400.09,2
1444,国信证券股份有限公司青岛银川东路证券营业部,167725572.85,9,65387352.26,7,102338220.59,7
1445,中信证券股份有限公司,167674822.0,7,167674822.0,7,0.0,0
1446,浙商证券股份有限公司绍兴分公司,167663061.65,9,9098832.0,7,158564229.65,8
1447,中信证券股份有限公司宁波海晏北路证券营业部,167149601.84,6,93382160.0,4,73767441.84,4
1448,中国银河证券股份有限公司台州银座北街证券营业部,166861544.12,20,111219627.06,16,55641917.06,16
1449,东吴证券股份有限公司太仓上海东路证券营业部,166592128.52,8,28232942.89,5,138359185.63,4
1450,广发证券股份有限公司湖州高富路证券营业部,166564542.15,11,86652252.63,8,79912289.52,6
1451,东莞证券股份有限公司汕头高新区科技南一街证券营业部,166553152.09,10,81838660.0,6,84714492.09,7
1452,国海证券股份有限公司深圳第二分公司,166449590.68,6,36926680.6,4,129522910.08,5
1453,国泰海通证券股份有限公司丽水解放街证券营业部,166263486.0,4,82804899.0,3,83458587.0,3
1454,招商证券股份有限公司珠海人民西路证券营业部,166075606.3,10,9083214.93,7,156992391.37,5
1455,东兴证券股份有限公司深圳金田路证券营业部,165946475.0,7,78000413.0,5,87946062.0,4
1456,东北证券股份有限公司揭阳临江南路证券营业部,165573808.64,18,21190023.0,11,144383785.64,17
1457,信达证券股份有限公司上海浦东新区源深路证券营业部,165414145.24,6,15759802.94,4,149654342.3,4
1458,国泰海通证券股份有限公司儋州中兴大道证券营业部,165256156.56,6,72571003.6,3,92685152.96,4
1459,国投证券股份有限公司广州番禺汉溪大道东证券营业部,165243844.82,9,52031514.28,4,113212330.54,8
1460,中信建投证券股份有限公司厦门安岭路证券营业部,165041680.92,7,92940390.28,6,72101290.64,5
1461,国泰海通证券股份有限公司合肥创新大道证券营业部,164705159.0,15,84353636.74,15,80351522.26,3
1462,中国银河证券股份有限公司广州海明路证券营业部,163966937.8,6,68239315.63,3,95727622.17,5
1463,平安证券股份有限公司济南解放路证券营业部,163842891.06,18,80298951.26,14,83543939.8,10
1464,东方证券股份有限公司上海浦东新区耀华路证券营业部,163502322.66,4,29590838.8,2,133911483.86,3
1465,中信证券(山东)有限责任公司青岛分公司,162621628.46,7,99620678.0,4,63000950.46,6
1466,东方财富证券股份有限公司青岛香港中路证券营业部,162552604.23,6,1864000.0,2,160688604.23,5
1467,信达证券股份有限公司泉州丰泽街证券营业部,162345497.92,9,30452489.52,6,131893008.4,6
1468,财通证券股份有限公司湖州人民路证券营业部,162308279.66,7,19374736.0,4,142933543.66,6
1469,东吴证券股份有限公司苏州吴中区木渎镇证券营业部,162125419.32,12,62290620.0,9,99834799.32,6
1470,信达证券股份有限公司南京汉中门大街证券营业部,161931259.36,5,45211974.41,3,116719284.95,3
1471,东北证券股份有限公司上海局门路证券营业部,161910994.36,18,86051461.3,14,75859533.06,11
1472,东北证券股份有限公司福州新权南路香格里拉证券营业部,161908213.6,9,74863565.48,6,87044648.12,7
1473,中邮证券有限责任公司厦门仙岳路证券营业部,161494450.46,8,67777273.75,4,93717176.71,5
1474,华泰证券股份有限公司深圳分公司,161027054.72,21,12590913.02,7,148436141.7,19
1475,招商证券股份有限公司深圳超总基地深湾二路证券营业部,160667660.87,14,54669948.08,11,105997712.79,9
1476,国信证券股份有限公司深圳前海分公司,160445165.1,9,41273485.14,7,119171679.96,8
1477,开源证券股份有限公司上海浦东南路证券营业部,159749553.58,6,22294620.0,2,137454933.58,5
1478,东海证券股份有限公司杭州江南大道证券营业部,159566232.02,17,105139178.02,14,54427054.0,8
1479,西南证券股份有限公司上海徐汇区田林东路证券营业部,159475552.2,8,16334115.12,5,143141437.08,6
1480,平安证券股份有限公司北京望京证券营业部,159468787.56,21,87188504.78,13,72280282.78,19
1481,国泰海通证券股份有限公司徐州中山北路证券营业部,159181124.42,15,42921141.62,7,116259982.8,12
1482,国融证券股份有限公司杭州江汉路证券营业部,158942991.98,7,91872615.52,3,67070376.46,4
1483,东北证券股份有限公司盐城腾飞路证券营业部,158766212.42,5,153092834.42,5,5673378.0,1
1484,华泰证券股份有限公司重庆江北嘴证券营业部,158699134.86,8,83226547.67,6,75472587.19,7
1485,国融证券股份有限公司,158500229.03,4,16035684.15,1,142464544.88,3
1486,招商证券股份有限公司绥化团结街证券营业部,158430502.76,7,78612306.6,4,79818196.16,3
1487,平安证券股份有限公司广州华夏路证券营业部,158409906.35,12,73310326.02,10,85099580.33,10
1488,上海证券有限责任公司深圳深湾二路证券营业部,158256037.85,3,61707625.45,2,96548412.4,1
1489,方正证券股份有限公司杭州文二路证券营业部,158176856.25,12,77768610.65,10,80408245.6,8
1490,中信建投证券股份有限公司上海东大名路证券营业部,158142182.52,7,77410854.1,6,80731328.42,6
1491,中泰证券股份有限公司淄博沂源胜利路证券营业部,158124382.3,5,61713970.0,5,96410412.3,4
1492,方正证券股份有限公司天津第一大街证券营业部,157663252.88,1,78846186.79,1,78817066.09,1
1493,国泰海通证券股份有限公司宁波民安东路证券营业部,157330337.16,6,46613534.35,3,110716802.81,3
1494,中国银河证券股份有限公司金华八一南街证券营业部,157302346.81,21,29841855.99,13,127460490.82,16
1495,国泰海通证券股份有限公司福州华林路证券营业部,157238770.09,19,66950166.94,16,90288603.15,14
1496,国泰海通证券股份有限公司上海松江区人民北路证券营业部,157229443.91,7,10583392.92,4,146646050.99,5
1497,国信证券股份有限公司上海漕溪北路证券营业部,156792297.8,11,14455395.0,3,142336902.8,10
1498,中信证券股份有限公司天津迎水道证券营业部,156716563.48,8,24843648.36,4,131872915.12,6
1499,平安证券股份有限公司深圳龙华人民路证券营业部,156148254.13,8,7298112.85,3,148850141.28,6
1500,联储证券股份有限公司深圳分公司,156093421.2,12,58045883.58,6,98047537.62,9
1501,平安证券股份有限公司泉州滨海街证券营业部,155743544.06,10,44975368.17,5,110768175.89,8
1502,招商证券股份有限公司深圳文锦渡深润大厦证券营业部,155729765.59,16,30410640.35,11,125319125.24,12
1503,国泰海通证券股份有限公司哈尔滨兴江路证券营业部,155682734.92,13,52745475.22,12,102937259.7,4
1504,华龙证券股份有限公司济南经十东路证券营业部,155279099.48,5,5374903.08,1,149904196.4,4
1505,申万宏源证券有限公司上海松江区人民北路证券营业部,155203540.62,16,3189229.7,5,152014310.92,12
1506,东吴证券股份有限公司浙江分公司,154482058.26,8,27570507.2,3,126911551.06,6
1507,招商证券股份有限公司深圳龙岗龙城大道证券营业部,154427339.11,14,62414488.34,12,92012850.77,11
1508,兴业证券股份有限公司哈尔滨友谊路证券营业部,154330897.62,9,34739667.31,4,119591230.31,7
1509,中信证券股份有限公司杭州新天地证券营业部,154279274.35,15,86248399.4,9,68030874.95,10
1510,申万宏源证券有限公司深圳金田路证券营业部,154197365.37,11,66440962.28,8,87756403.09,8
1511,广发证券股份有限公司昆山前进西路证券营业部,153666091.0,9,68914494.24,7,84751596.76,5
1512,江海证券有限公司哈尔滨松花江街证券营业部,152450966.36,15,91728397.29,10,60722569.07,6
1513,国投证券股份有限公司上海普陀区江宁路证券营业部,152375372.69,13,64586535.25,7,87788837.44,11
1514,国元证券股份有限公司合肥宿州路证券营业部,152333091.55,11,24327483.85,4,128005607.7,9
1515,国泰海通证券股份有限公司北京亮马桥路证券营业部,152089185.28,6,61721904.22,5,90367281.06,4
1516,华安证券股份有限公司深圳深南西路证券营业部,151730538.78,3,9571963.0,3,142158575.78,2
1517,银泰证券有限责任公司无锡兴源北路证券营业部,151618444.22,11,125192201.91,11,26426242.31,5
1518,中信证券股份有限公司福州振武路证券营业部,151579242.27,8,86596246.87,5,64982995.4,4
1519,方正证券股份有限公司衡阳祁东永昌大道证券营业部,151414710.61,12,21846760.0,7,129567950.61,12
1520,中国银河证券股份有限公司汕头澄海证券营业部,151123556.37,8,29031523.0,5,122092033.37,7
1521,东方证券股份有限公司长春同志街证券营业部,150965609.0,4,115509698.0,3,35455911.0,3
1522,申港证券股份有限公司上海闵行区古北路证券营业部,150794563.68,6,72003155.4,4,78791408.28,4
1523,国信证券股份有限公司深圳科技园分公司,150404040.61,18,41489233.5,11,108914807.11,13
1524,广发证券股份有限公司汕头金砂路证券营业部,149916685.59,10,17219544.05,5,132697141.54,9
1525,华泰证券股份有限公司上海浦东新区东方路证券营业部,149819084.59,8,119066292.3,6,30752792.29,2
1526,长城证券股份有限公司无锡人民中路证券营业部,149639366.38,3,22006042.38,1,127633324.0,2
1527,广发证券股份有限公司东营北一路证券营业部,149407848.22,2,412500.0,1,148995348.22,1
1528,广发证券股份有限公司天津西康路证券营业部,149191352.51,16,77185624.68,13,72005727.83,9
1529,东亚前海证券有限责任公司浙江第二分公司,148923513.75,6,63346781.25,4,85576732.5,6
1530,中国银河证券股份有限公司北京苏州街证券营业部,148660017.41,10,56933066.63,4,91726950.78,6
1531,华泰证券股份有限公司南京中华路证券营业部,148629036.22,11,3743385.62,4,144885650.6,9
1532,申万宏源证券有限公司上海虹口区中山北一路证券营业部,148556290.58,7,32112756.0,4,116443534.58,3
1533,中国银河证券股份有限公司杭州建国北路证券营业部,148450839.38,13,62163675.68,7,86287163.7,9
1534,南京证券股份有限公司深圳深南中路证券营业部,148445553.22,8,25308697.0,2,123136856.22,6
1535,山西证券股份有限公司南昌凤凰中大道证券营业部,148254593.56,8,92483791.28,5,55770802.28,3
1536,中国银河证券股份有限公司南宁民族大道证券营业部,148240753.83,5,10795988.16,4,137444765.67,2
1537,金元证券股份有限公司上海分公司,148231106.85,5,10334046.0,1,137897060.85,4
1538,中信证券股份有限公司山西分公司,148227533.27,4,15395547.0,4,132831986.27,3
1539,方正证券股份有限公司杭州下沙证券营业部,148135333.33,6,63479945.02,5,84655388.31,5
1540,兴业证券股份有限公司深圳深南东路证券营业部,148082893.35,9,74663247.95,6,73419645.4,8
1541,国泰海通证券股份有限公司广州开创大道证券营业部,148008414.32,12,69762653.12,6,78245761.2,9
1542,国元证券股份有限公司温州温州大道证券营业部,147932434.77,9,40412360.56,4,107520074.21,7
1543,光大证券股份有限公司东莞大朗长富西路证券营业部,147923926.0,4,80535269.0,3,67388657.0,4
1544,华泰证券股份有限公司枝江公园路证券营业部,147655290.86,2,68870941.86,1,78784349.0,2
1545,国投证券股份有限公司重庆江北嘴证券营业部,147494142.71,3,53669983.84,2,93824158.87,2
1546,申万宏源证券有限公司无锡分公司,147435615.63,9,57012839.06,6,90422776.57,8
1547,中国银河证券股份有限公司柳州友谊路证券营业部,147312536.69,18,73359047.61,14,73953489.08,11
1548,东海证券股份有限公司青岛南京路证券营业部,147223751.38,10,71279610.0,7,75944141.38,5
1549,东兴证券股份有限公司福州江厝路证券营业部,147104704.0,5,32183555.0,5,114921149.0,3
1550,国盛证券股份有限公司鹰潭胜利西路证券营业部,146951421.42,20,76418988.11,20,70532433.31,19
1551,华泰证券股份有限公司武汉友谊大道证券营业部,146845768.29,7,77673387.06,3,69172381.23,7
1552,华泰证券股份有限公司广州珠江西路证券营业部,146536545.65,13,47117091.93,11,99419453.72,10
1553,华安证券股份有限公司淮北分公司,146380598.47,9,54050579.37,5,92330019.1,7
1554,申万宏源证券有限公司吉林分公司,146361298.45,9,26555373.54,6,119805924.91,6
1555,东莞证券股份有限公司揭阳分公司,146357753.14,22,68182583.25,15,78175169.89,13
1556,中国银河证券股份有限公司上海普陀区曹杨路证券营业部,146060973.8,10,19542324.0,5,126518649.8,8
1557,国泰海通证券股份有限公司杭州滨江科技馆街证券营业部,145802948.0,9,72981128.0,8,72821820.0,4
1558,中信证券华南股份有限公司广州环市东路证券营业部,145738916.06,6,7889498.5,4,137849417.56,4
1559,国投证券股份有限公司深圳龙岗龙翔大道证券营业部,145723315.12,8,3262914.0,6,142460401.12,6
1560,华福证券股份有限公司浙江分公司,145686348.68,11,87345790.56,7,58340558.12,5
1561,中国中金财富证券有限公司北京万寿路证券营业部,145552013.71,19,12740737.88,8,132811275.83,15
1562,长江证券股份有限公司武汉汉西一路证券营业部,145382923.67,5,48304161.7,2,97078761.97,4
1563,长江证券股份有限公司长沙晚报大道证券营业部,145095813.0,12,38042167.0,9,107053646.0,8
1564,中信建投证券股份有限公司北京京西分公司,145072833.68,9,20044585.0,5,125028248.68,7
1565,中国中金财富证券有限公司大连港兴路证券营业部,145062173.39,3,14635572.0,2,130426601.39,2
1566,华安证券股份有限公司深圳分公司,145008929.89,2,145008929.89,2,0.0,0
1567,东吴证券股份有限公司昆山环城北路证券营业部,144969256.6,12,13264272.32,6,131704984.28,10
1568,信达证券股份有限公司北京五棵松证券营业部,144701773.36,9,13049494.0,5,131652279.36,6
1569,中信证券股份有限公司湖南分公司,144658857.07,10,4166959.36,6,140491897.71,8
1570,中银国际证券股份有限公司重庆分公司,144610450.99,9,25997478.13,8,118612972.86,8
1571,平安证券股份有限公司沈阳青年大街证券营业部,144598369.34,8,21651307.63,5,122947061.71,5
1572,国信证券股份有限公司河南分公司,144321540.95,17,58952515.98,6,85369024.97,13
1573,中国银河证券股份有限公司上海浦东新区上南路证券营业部,144252053.83,10,133134927.59,9,11117126.24,7
1574,广发证券股份有限公司江西分公司,144211263.01,13,67451542.78,8,76759720.23,7
1575,东海证券股份有限公司长沙潇湘南路证券营业部,144134695.03,24,117874315.55,19,26260379.48,5
1576,中原证券股份有限公司郑州黄河路证券营业部,143963182.75,5,49816723.73,4,94146459.02,4
1577,中国银河证券股份有限公司建德新安路证券营业部,143856055.8,3,3572900.0,2,140283155.8,2
1578,金融街证券股份有限公司上海虹口区飞虹路证券营业部,143724801.1,7,4211795.0,5,139513006.1,5
1579,长江证券股份有限公司台州市府大道证券营业部,143724159.7,11,86674284.2,6,57049875.5,7
1580,国投证券股份有限公司南京珠江路证券营业部,143508649.84,10,32066348.09,6,111442301.75,7
1581,浙商证券股份有限公司深圳后海大道证券营业部,143408167.15,11,103795869.67,6,39612297.48,5
1582,德邦证券股份有限公司上海岳州路证券营业部,143355657.0,4,19296444.0,2,124059213.0,3
1583,中信建投证券股份有限公司上海浦东新区福山路证券营业部,143264611.95,14,40826365.71,8,102438246.24,8
1584,广发证券股份有限公司无锡太湖东大道证券营业部,143167054.0,10,50081591.72,8,93085462.28,7
1585,中信证券股份有限公司北京万柳证券营业部,142640946.03,8,5507186.56,4,137133759.47,8
1586,申万宏源证券有限公司眉山湖滨路证券营业部,142621529.0,9,15228719.0,4,127392810.0,7
1587,中信证券股份有限公司南昌贤士一路证券营业部,142620617.17,6,38771968.17,5,103848649.0,3
1588,方正证券股份有限公司娄底南贸西街证券营业部,142526458.75,3,44120245.0,3,98406213.75,3
1589,国联民生证券股份有限公司无锡东亭中路证券营业部,142520058.87,8,68663624.97,5,73856433.9,6
1590,中原证券股份有限公司沈丘吉祥路证券营业部,142365579.84,8,34826033.17,4,107539546.67,5
1591,招商证券股份有限公司上海闵行区申长路证券营业部,142317264.39,6,50492333.07,4,91824931.32,4
1592,广发证券股份有限公司云浮兴云西路证券营业部,141976058.0,6,21298464.0,4,120677594.0,6
1593,华福证券股份有限公司永安永乐路证券营业部,141874016.45,9,5982842.56,3,135891173.89,8
1594,国投证券股份有限公司池州百牙路证券营业部,141859156.56,10,73577814.0,5,68281342.56,5
1595,中国银河证券股份有限公司杭州景芳证券营业部,141632943.53,9,63800281.44,7,77832662.09,8
1596,东北证券股份有限公司上海第二分公司,141483186.1,10,119596828.88,6,21886357.22,6
1597,方正证券股份有限公司北京佟麟阁路证券营业部,141333632.19,5,15331015.55,2,126002616.64,4
1598,方正证券股份有限公司温州怀江路证券营业部,141202452.07,5,79627953.0,2,61574499.07,4
1599,兴业证券股份有限公司江西分公司,141127976.81,6,30088791.0,4,111039185.81,6
1600,中信证券股份有限公司杭州崇仁路证券营业部,141106356.98,14,72153111.4,10,68953245.58,9
1601,平安证券股份有限公司深圳金融科技证券分公司,140983318.33,13,67224717.96,8,73758600.37,9
1602,中银国际证券股份有限公司深圳分公司,140671616.14,24,65373402.76,24,75298213.38,24
1603,申万宏源证券有限公司北京紫竹院路证券营业部,140312836.7,10,55425618.57,8,84887218.13,7
1604,长江证券股份有限公司广州林和西路证券营业部,140273545.17,4,84772840.0,3,55500705.17,4
1605,国投证券股份有限公司杭州湖墅南路证券营业部,140081168.76,10,70734284.0,7,69346884.76,7
1606,华泰证券股份有限公司南京民智路证券营业部,140072108.27,11,38150996.67,5,101921111.6,9
1607,东方证券股份有限公司上海杨浦区杨树浦路证券营业部,139778227.08,8,9271868.81,3,130506358.27,6
1608,光大证券股份有限公司宁波镇海城关证券营业部,139479655.78,15,53994624.81,10,85485030.97,14
1609,中信证券(山东)有限责任公司青岛西海岸新区庐山路证券营业部,139347198.0,10,80139342.0,6,59207856.0,7
1610,东方证券股份有限公司北京望京证券营业部,139312391.95,6,55953702.0,3,83358689.95,3
1611,招商证券股份有限公司福清侨荣城证券营业部,139300698.35,7,9906565.0,1,129394133.35,6
1612,申万宏源证券有限公司上海虹口区黄浦路证券营业部,139003882.0,6,21763318.0,3,117240564.0,5
1613,华泰证券股份有限公司苏州分公司,138981898.45,15,3943546.0,7,135038352.45,9
1614,长江证券股份有限公司鹰潭交通路证券营业部,138937727.96,3,17645421.0,1,121292306.96,2
1615,方正证券股份有限公司浙江分公司,138677342.49,17,51774893.49,9,86902449.0,12
1616,国盛证券股份有限公司上海徐汇区虹桥路证券营业部,138531045.31,10,138351495.31,9,179550.0,1
1617,国泰海通证券股份有限公司成都人民西路证券营业部,137916709.81,9,7780198.49,5,130136511.32,6
1618,中信建投证券股份有限公司厦门分公司,137850758.75,18,43448700.78,9,94402057.97,16
1619,中泰证券股份有限公司莒县银杏大道证券营业部,137815161.84,2,56334574.0,1,81480587.84,1
1620,兴业证券股份有限公司泉州丰泽街证券营业部,137737548.97,7,62465057.8,5,75272491.17,3
1621,山西证券股份有限公司运城河东街证券营业部,137676550.91,11,111751868.0,8,25924682.91,3
1622,东方证券股份有限公司浙江分公司,137378153.0,3,51955772.0,2,85422381.0,2
1623,中山证券有限责任公司温州瓯江路证券营业部,137364842.0,10,78887897.0,9,58476945.0,6
1624,国泰海通证券股份有限公司上海虹口区大连路证券营业部,137093823.92,7,49576311.3,3,87517512.62,5
1625,光大证券股份有限公司宁波湾头路证券营业部,137030994.41,11,61074976.05,8,75956018.36,7
1626,万联证券股份有限公司北京西三环证券营业部,136992215.49,8,26795711.0,3,110196504.49,6
1627,申万宏源证券有限公司南昌南京东路证券营业部,136778392.23,16,42483814.83,9,94294577.4,10
1628,申港证券股份有限公司上海浦东新区东方路证券营业部,136535911.78,8,64395825.92,6,72140085.86,3
1629,兴业证券股份有限公司福州湖东路证券营业部,136471395.67,13,14116252.11,6,122355143.56,9
1630,华福证券股份有限公司常州惠国路证券营业部,136367080.47,3,11587736.0,1,124779344.47,2
1631,国联民生证券股份有限公司北京农大南路证券营业部,136336187.35,2,16467432.0,2,119868755.35,2
1632,国泰海通证券股份有限公司汕头长平路证券营业部,136242812.59,13,645758.32,5,135597054.27,12
1633,兴业证券股份有限公司北京北三环中路证券营业部,136240628.59,6,33785708.29,3,102454920.3,4
1634,国泰海通证券股份有限公司上海虹口区新建路证券营业部,136101757.64,6,120719348.6,4,15382409.04,4
1635,爱建证券有限责任公司厦门湖滨一里证券营业部,135895348.57,9,12966324.25,8,122929024.32,7
1636,中泰证券股份有限公司烟台环山路证券营业部,135628747.7,8,3789332.0,1,131839415.7,7
1637,长城证券股份有限公司沈阳惠工街证券营业部,135523348.5,5,16286321.0,1,119237027.5,5
1638,华泰证券股份有限公司溧水珍珠北路证券营业部,135167343.86,9,30480741.0,4,104686602.86,6
1639,西部证券股份有限公司深圳科苑路证券营业部,134950153.0,5,65057995.0,2,69892158.0,3
1640,东莞证券股份有限公司东莞长安分公司,134871428.49,19,34470520.01,11,100400908.48,16
1641,华泰证券股份有限公司苏州总官堂路证券营业部,134722390.76,10,40201448.7,7,94520942.06,9
1642,长江证券股份有限公司哈尔滨西大直街证券营业部,134675324.9,8,39722459.83,4,94952865.07,5
1643,中信建投证券股份有限公司上海杨浦区控江路证券营业部,134581171.94,4,1756564.0,2,132824607.94,2
1644,中泰证券股份有限公司日照山东路证券营业部,134521070.52,4,69362018.19,3,65159052.33,2
1645,光大证券股份有限公司深圳海德三道证券营业部,134377216.38,5,11761569.0,4,122615647.38,3
1646,东吴证券股份有限公司苏州相城区珍珠湖路证券营业部,134277519.31,14,115665261.7,12,18612257.61,6
1647,中泰证券股份有限公司济南历山路证券营业部,134236329.75,12,36153172.16,9,98083157.59,12
1648,中信证券华南股份有限公司广州临江大道证券营业部,134035505.04,15,71962340.94,8,62073164.1,13
1649,中泰证券股份有限公司北京朝外大街证券营业部,133970879.0,6,27725252.0,3,106245627.0,4
1650,浙商证券股份有限公司哈尔滨分公司,133826045.21,20,73121392.84,17,60704652.37,16
1651,湘财证券股份有限公司南京水西门大街证券营业部,133737009.21,12,67526174.24,5,66210834.97,7
1652,申万宏源证券有限公司广东分公司,133510064.98,4,79589501.98,2,53920563.0,3
1653,信达证券股份有限公司四川分公司,133507303.39,4,76974272.46,4,56533030.93,1
1654,上海证券有限责任公司重庆分公司,133502077.0,2,55467402.55,2,78034674.45,1
1655,广发证券股份有限公司东莞大朗证券营业部,133488857.03,5,121407392.03,3,12081465.0,4
1656,浙商证券股份有限公司重庆分公司,133468948.2,6,92776928.6,4,40692019.6,2
1657,华西证券股份有限公司深圳粤兴四道证券营业部,133432191.47,9,65717216.47,5,67714975.0,7
1658,国投证券股份有限公司柳州晨华路证券营业部,133344166.46,21,78444757.42,13,54899409.04,10
1659,财通证券股份有限公司丽水分公司,133261360.57,4,124953623.76,3,8307736.81,2
1660,大通证券股份有限公司葫芦岛新华大街证券营业部,133151199.39,7,48028526.59,7,85122672.8,6
1661,光大证券股份有限公司深圳龙岗区龙福路证券营业部,133113484.59,3,1357079.45,1,131756405.14,2
1662,川财证券有限责任公司重庆江北嘴证券营业部,133017682.16,17,71123027.16,16,61894655.0,9
1663,第一创业证券股份有限公司杭州分公司,132965797.45,19,37358759.92,14,95607037.53,11
1664,湘财证券股份有限公司上海浦明路证券营业部,132754545.0,7,71566081.0,4,61188464.0,4
1665,长城证券股份有限公司杭州钱江路证券营业部,132663176.0,10,52716549.0,4,79946627.0,7
1666,国泰海通证券股份有限公司马鞍山雨山西路证券营业部,132403424.46,5,13834498.46,4,118568926.0,4
1667,国泰海通证券股份有限公司杭州市心北路证券营业部,132381555.95,21,41098212.3,9,91283343.65,15
1668,中国银河证券股份有限公司上海青浦区徐民路证券营业部,132361562.24,8,12466331.0,2,119895231.24,7
1669,华西证券股份有限公司深圳民田路证券营业部,132247910.9,22,7261653.32,12,124986257.58,20
1670,华福证券股份有限公司厦门湖滨南路证券营业部,132240750.2,10,45984324.82,7,86256425.38,8
1671,红塔证券股份有限公司深圳福华一路证券营业部,132037467.22,4,37715077.0,2,94322390.22,3
1672,华福证券股份有限公司宁波分公司,132005632.0,2,34893648.0,2,97111984.0,2
1673,华安证券股份有限公司北京慧忠北里证券营业部,131978663.71,8,76211223.71,6,55767440.0,5
1674,光大证券股份有限公司东莞南城鸿福路证券营业部,131967636.18,15,22242146.64,10,109725489.54,11
1675,广发证券股份有限公司上海浦东南路证券营业部,131904573.87,8,13008722.16,2,118895851.71,7
1676,金融街证券股份有限公司赤峰哈达街证券营业部,131787093.53,13,59348885.18,10,72438208.35,9
1677,申万宏源证券有限公司上海虹口区广灵四路证券营业部,131659811.44,4,34199346.0,3,97460465.44,3
1678,国盛证券股份有限公司苏南分公司,131376188.75,16,71441027.8,11,59935160.95,10
1679,东莞证券股份有限公司湖北分公司,131316324.45,18,45713473.16,17,85602851.29,16
1680,平安证券股份有限公司苏州苏绣路证券营业部,130822482.0,4,78617475.0,2,52205007.0,2
1681,国信证券股份有限公司宜昌沿江大道证券营业部,130792720.8,7,20442933.0,7,110349787.8,7
1682,中山证券有限责任公司上海宝山区真朋路证券营业部,130666901.6,5,38358874.05,2,92308027.55,4
1683,天风证券股份有限公司四川分公司,130473105.0,1,129524681.0,1,948424.0,1
1684,中信建投证券股份有限公司北京青年路证券营业部,130455876.72,8,55654329.92,4,74801546.8,6
1685,申万宏源证券有限公司上海杨浦区隆昌路证券营业部,130358384.39,5,94838997.0,5,35519387.39,4
1686,华泰证券股份有限公司岳阳平江天岳大道证券营业部,130353505.55,3,30583910.17,1,99769595.38,2
1687,中信证券股份有限公司江阴虹桥南路证券营业部,130171717.31,10,51224281.21,9,78947436.1,5
1688,浙商证券股份有限公司温州分公司,130127512.7,16,81798863.65,12,48328649.05,12
1689,财信证券股份有限公司长沙湘江中路证券营业部,129909450.27,11,62621069.27,7,67288381.0,10
1690,国元证券股份有限公司临沂八一路证券营业部,129830778.35,4,70487314.36,2,59343463.99,2
1691,国泰海通证券股份有限公司天津新开路证券营业部,129763097.48,2,74887088.48,1,54876009.0,1
1692,山西证券股份有限公司深圳华富路证券营业部,129240472.56,5,33983599.0,4,95256873.56,4
1693,国泰海通证券股份有限公司烟台解放路证券营业部,129152973.85,6,1639765.72,2,127513208.13,4
1694,中泰证券股份有限公司深圳吉祥路证券营业部,129135370.0,3,120974463.0,2,8160907.0,3
1695,长城证券股份有限公司深圳后海中心路证券营业部,128991302.5,5,155040.47,2,128836262.03,5
1696,天风证券股份有限公司成都市一环路东五段证券营业部,128981320.41,8,42386312.0,5,86595008.41,6
1697,方正证券股份有限公司南京太平门东街证券营业部,128915088.48,4,15021732.48,2,113893356.0,3
1698,国泰海通证券股份有限公司淮北相山路证券营业部,128790502.0,7,49313348.0,4,79477154.0,5
1699,光大证券股份有限公司东莞石龙裕兴路证券营业部,128529428.0,6,3391684.0,4,125137744.0,5
1700,中天证券股份有限公司杭州庆春路证券营业部,128490714.9,7,38443201.0,5,90047513.9,4
1701,兴业证券股份有限公司上海锦康路证券营业部,128401235.45,7,68648221.92,2,59753013.53,5
1702,方正证券股份有限公司义乌城中中路证券营业部,128299774.12,8,50965067.4,5,77334706.72,7
1703,招商证券股份有限公司深圳深南东路证券营业部,128237431.92,12,14886419.0,4,113351012.92,12
1704,广发证券股份有限公司安徽分公司,128232402.11,14,52234230.05,10,75998172.06,10
1705,广发证券股份有限公司佛山南海桂城证券营业部,128163031.49,11,33195073.38,5,94967958.11,9
1706,中航证券有限公司江西分公司,127776754.49,5,9782919.0,3,117993835.49,4
1707,申万宏源证券有限公司上海黄浦区新昌路证券营业部,127725221.88,15,11999732.38,6,115725489.5,10
1708,华泰证券股份有限公司武汉江汉路证券营业部,127663663.14,9,14129046.0,3,113534617.14,8
1709,申万宏源证券有限公司上海徐汇区上中西路证券营业部,127485935.49,11,28339646.23,6,99146289.26,8
1710,中信建投证券股份有限公司郴州解放路证券营业部,127419599.46,5,4943022.0,3,122476577.46,4
1711,国金证券股份有限公司成都天府大道证券营业部,127329457.75,11,22889052.0,7,104440405.75,8
1712,中泰证券股份有限公司辽宁分公司,127195024.24,3,123528573.24,2,3666451.0,1
1713,中原证券股份有限公司平顶山建设路证券营业部,126998434.31,3,52552184.0,2,74446250.31,2
1714,国联民生证券股份有限公司广州华夏路证券营业部,126926431.0,9,76237061.0,7,50689370.0,5
1715,中信建投证券股份有限公司北京知春路证券营业部,126896679.0,4,240344.0,4,126656335.0,3
1716,万联证券股份有限公司广州白云分公司,126664315.57,7,6976114.0,5,119688201.57,6
1717,中信建投证券股份有限公司重庆南坪西路证券营业部,126512631.68,4,63801633.0,3,62710998.68,3
1718,广发证券股份有限公司珠海红山路证券营业部,126493988.35,6,5910492.27,3,120583496.08,4
1719,东方证券股份有限公司宁波天童北路证券营业部,126355163.72,11,39748699.72,6,86606464.0,7
1720,国金证券股份有限公司北京长椿街证券营业部,126185575.37,12,69409556.05,7,56776019.32,8
1721,红塔证券股份有限公司北京海淀南路证券营业部,125876952.31,4,22628428.03,2,103248524.28,2
1722,广发证券股份有限公司揭阳临江北路证券营业部,124712016.72,10,52845523.91,9,71866492.81,8
1723,中国中金财富证券有限公司佛山分公司,124564834.06,8,4745403.18,5,119819430.88,7
1724,广发证券股份有限公司西安金花北路证券营业部,124276809.0,8,12483051.0,5,111793758.0,5
1725,五矿证券有限公司杭州中山北路证券营业部,124235624.89,17,74175701.29,7,50059923.6,11
1726,东方证券股份有限公司金华八一北街证券营业部,124157908.67,4,44962488.63,3,79195420.04,4
1727,申万宏源证券有限公司福建分公司,124094479.69,5,6060547.0,2,118033932.69,4
1728,兴业证券股份有限公司上海金陵东路证券营业部,123948703.58,9,13561482.0,6,110387221.58,7
1729,招商证券股份有限公司佛山顺德东乐路证券营业部,123925062.9,4,1464014.0,2,122461048.9,3
1730,江海证券有限公司厦门吕岭路证券营业部,123871765.91,10,18154460.94,7,105717304.97,10
1731,招商证券股份有限公司长春人民大街证券营业部,123563369.45,5,40087094.98,4,83476274.47,5
1732,中国中金财富证券有限公司北京亚运村证券营业部,123529851.82,9,68030384.7,4,55499467.12,8
1733,国泰海通证券股份有限公司毕节开行路证券营业部,123063937.0,6,10670621.0,2,112393316.0,5
1734,长城国瑞证券有限公司厦门观日路证券营业部,122914730.2,5,49856170.2,2,73058560.0,4
1735,国元证券股份有限公司淮南朝阳西路证券营业部,122909671.94,3,10587051.45,1,112322620.49,2
1736,兴业证券股份有限公司北京大望路证券营业部,122887152.36,6,93318626.31,4,29568526.05,5
1737,中信建投证券股份有限公司宁波分公司,122689678.41,11,56870766.72,9,65818911.69,11
1738,中信证券股份有限公司宁波天童南路证券营业部,122582895.05,6,46934458.98,6,75648436.07,5
1739,光大证券股份有限公司贵阳长岭北路证券营业部,122517261.92,4,29676843.0,3,92840418.92,4
1740,华福证券股份有限公司安溪民主路证券营业部,122515082.21,6,12819988.0,5,109695094.21,5
1741,长城证券股份有限公司北京知春路证券营业部,122469888.67,8,27237872.56,5,95232016.11,6
1742,光大证券股份有限公司广州广州大道中证券营业部,122253844.1,6,21606041.18,4,100647802.92,5
1743,湘财证券股份有限公司北京建国门内大街证券营业部,122223543.34,3,28392738.34,2,93830805.0,2
1744,中信证券(山东)有限责任公司莱州文化东路证券营业部,122035334.53,8,52394603.0,5,69640731.53,5
1745,东莞证券股份有限公司河源分公司,121964307.0,6,61410569.0,4,60553738.0,3
1746,方正证券股份有限公司台州东路桥大道证券营业部,121885399.85,5,64473320.46,4,57412079.39,5
1747,华泰证券股份有限公司扬中翠竹南路证券营业部,121784409.51,6,81971692.96,5,39812716.55,3
1748,中泰证券股份有限公司济南泺源大街证券营业部,121150667.25,4,157294.0,2,120993373.25,3
1749,湘财证券股份有限公司杭州文二西路证券营业部,120942080.38,8,68775170.9,5,52166909.48,5
1750,红塔证券股份有限公司上海徐汇区桂林路证券营业部,120828703.72,5,94643876.72,5,26184827.0,1
1751,东海证券股份有限公司上海长宁区长顺路证券营业部,120753446.55,7,5259455.45,3,115493991.1,6
1752,西南证券股份有限公司重庆秀山证券营业部,120630541.41,4,37781323.6,4,82849217.81,3
1753,国投证券股份有限公司济南经十路证券营业部,120424512.56,5,34803592.79,3,85620919.77,4
1754,国新证券股份有限公司岳阳大道证券营业部,120208994.77,11,4407490.0,3,115801504.77,8
1755,广发证券股份有限公司梅州梅江二路证券营业部,120029826.23,15,24442913.28,8,95586912.95,9
1756,国金证券股份有限公司无锡解放西路证券营业部,119833747.3,9,21263636.45,4,98570110.85,9
1757,华泰证券股份有限公司西安锦业路证券营业部,119716752.13,12,36605873.0,8,83110879.13,8
1758,广发证券股份有限公司沈阳小西路证券营业部,119649087.0,7,13977636.0,5,105671451.0,5
1759,国泰海通证券股份有限公司温州黎明西路证券营业部,119599177.19,10,12267368.89,5,107331808.3,9
1760,华泰证券股份有限公司徐州淮海东路证券营业部,119570303.3,7,5043849.0,2,114526454.3,6
1761,国泰海通证券股份有限公司南通跃龙路证券营业部,119562182.32,6,40506774.2,6,79055408.12,4
1762,中信证券股份有限公司上海环球金融中心证券营业部,119377588.89,5,97348577.0,2,22029011.89,3
1763,国信证券股份有限公司杭州向往街证券营业部,119348420.11,8,98810407.95,6,20538012.16,5
1764,财通证券股份有限公司温州分公司,118950112.1,11,60662051.1,7,58288061.0,5
1765,国泰海通证券股份有限公司深圳华强北路证券营业部,118741444.35,14,72094584.63,11,46646859.72,11
1766,国泰海通证券股份有限公司上海静安区南京西路证券营业部,118700758.92,10,10679944.85,7,108020814.07,9
1767,财信证券股份有限公司石家庄建华南大街证券营业部,118286175.08,7,28079948.0,6,90206227.08,6
1768,兴业证券股份有限公司福州温泉路证券营业部,118038171.7,12,51160339.83,8,66877831.87,9
1769,渤海证券股份有限公司沈阳分公司,117986115.0,8,48012367.0,3,69973748.0,6
1770,中国银河证券股份有限公司北京望京证券营业部,117983137.14,13,27547222.56,9,90435914.58,9
1771,民生证券股份有限公司广州分公司,117949608.19,3,4479795.0,1,113469813.19,2
1772,平安证券股份有限公司河南分公司,117932114.54,14,27840954.85,10,90091159.69,10
1773,华泰证券股份有限公司姜堰东大街证券营业部,117914970.09,19,60465015.28,14,57449954.81,10
1774,国泰海通证券股份有限公司西安雁塔路证券营业部,117899545.04,10,10467499.43,5,107432045.61,9
1775,财通证券股份有限公司绍兴柯桥区钱清钱门大道证券营业部,117819037.32,8,96357600.39,7,21461436.93,6
1776,中国中金财富证券有限公司南京汉中路证券营业部,117529919.11,16,100874749.63,11,16655169.48,9
1777,国都证券股份有限公司北京鲁谷路证券营业部,117451378.6,6,12443482.79,4,105007895.81,6
1778,太平洋证券股份有限公司许昌建安大道证券营业部,117245817.59,8,58088125.33,5,59157692.26,3
1779,长城证券股份有限公司绵阳飞云大道证券营业部,117166277.0,5,51295092.0,3,65871185.0,4
1780,东北证券股份有限公司北京朝阳分公司,117118498.2,5,57256267.2,4,59862231.0,5
1781,万联证券股份有限公司上海浦东新区世纪大道证券营业部,117083873.47,6,69184319.05,5,47899554.42,1
1782,国投证券股份有限公司青岛分公司,117053646.0,7,42190609.0,2,74863037.0,5
1783,中信证券股份有限公司嘉善晋阳西路证券营业部,116998321.32,8,5407278.68,4,111591042.64,8
1784,财通证券股份有限公司普陀山证券营业部,116974548.45,13,28919460.3,7,88055088.15,7
1785,国信证券股份有限公司深圳深南中路证券营业部,116767938.0,6,59598256.0,5,57169682.0,3
1786,国盛证券股份有限公司南昌永富路证券营业部,116765889.77,6,82024029.77,3,34741860.0,3
1787,中国银河证券股份有限公司宁波宁穿路证券营业部,116501359.6,8,6994889.0,6,109506470.6,7
1788,东莞证券股份有限公司东莞厚街分公司,116477767.62,11,41284141.62,8,75193626.0,8
1789,华泰证券股份有限公司荆州江津中路证券营业部,116342579.33,5,104297007.33,3,12045572.0,4
1790,西部证券股份有限公司上海分公司,116309504.68,3,15547563.68,1,100761941.0,2
1791,国元证券股份有限公司无锡学前街证券营业部,116021835.95,5,61241349.37,3,54780486.58,4
1792,国信证券股份有限公司深圳宝安新湖路证券营业部,116018486.64,6,57289937.0,5,58728549.64,5
1793,光大证券股份有限公司青岛香港西路证券营业部,115946949.26,9,28342922.0,3,87604027.26,7
1794,江海证券有限公司上海万航渡路证券营业部,115946811.16,3,39590274.0,2,76356537.16,2
1795,光大证券股份有限公司南京中山路证券营业部,115884026.72,12,27994544.38,7,87889482.34,8
1796,华福证券股份有限公司瑞安万松东路证券营业部,115821666.6,6,8560508.0,2,107261158.6,5
1797,申万宏源证券有限公司湘潭建设北路证券营业部,115810129.91,5,91161635.91,4,24648494.0,2
1798,广发证券股份有限公司龙口港城大道证券营业部,115726936.77,5,8462450.0,3,107264486.77,5
1799,国泰海通证券股份有限公司北京建国路证券营业部,115587072.69,9,88265281.6,8,27321791.09,2
1800,国投证券股份有限公司扬州文昌东路证券营业部,115585900.0,2,3987462.0,2,111598438.0,1
1801,中国银河证券股份有限公司烟台证券营业部,115535551.64,15,39435433.18,10,76100118.46,10
1802,东海证券股份有限公司南京分公司,115476724.89,33,68535469.44,23,46941255.45,19
1803,国元证券股份有限公司杭州密渡桥路证券营业部,115451919.33,21,25589562.8,8,89862356.53,17
1804,国泰海通证券股份有限公司义乌宾王路证券营业部,115255206.06,2,27582946.96,2,87672259.1,1
1805,东吴证券股份有限公司苏州工业园区仁爱路证券营业部,114899424.16,2,114899424.16,2,0.0,0
1806,中信证券股份有限公司重庆分公司,114790384.91,5,51573865.0,4,63216519.91,4
1807,中信证券股份有限公司河北分公司,114753364.78,8,27858246.28,4,86895118.5,5
1808,中国银河证券股份有限公司如皋健康路证券营业部,114685983.18,13,91262763.18,12,23423220.0,5
1809,广发证券股份有限公司中山小榄证券营业部,114652794.79,7,1380131.43,3,113272663.36,6
1810,第一创业证券股份有限公司北京西城分公司,114601054.2,8,16985070.0,5,97615984.2,7
1811,华福证券股份有限公司苏州相城区阳澄湖中路证券营业部,114560068.86,2,29580268.5,2,84979800.36,1
1812,中信证券股份有限公司上海徐汇区凯滨路证券营业部,114535083.0,11,51219576.0,5,63315507.0,7
1813,中邮证券有限责任公司温州证券营业部,114480411.37,8,21715303.0,6,92765108.37,7
1814,申万宏源证券有限公司上海浦东新区靖海路证券营业部,114295196.31,9,25937610.0,3,88357586.31,7
1815,光大证券股份有限公司杭州延安路证券营业部,114175018.0,6,7089710.0,3,107085308.0,5
1816,中泰证券股份有限公司苏州分公司,114120336.0,8,18562855.0,4,95557481.0,5
1817,国泰海通证券股份有限公司深圳南山智谷证券营业部,113735849.35,6,9894759.0,5,103841090.35,3
1818,国金证券股份有限公司乌鲁木齐南湖路证券营业部,113503268.48,13,85173881.54,9,28329386.94,9
1819,中银国际证券股份有限公司广西分公司,113222715.46,3,48233212.36,3,64989503.1,3
1820,华福证券股份有限公司宁波人民路证券营业部,113180802.0,2,64946821.0,2,48233981.0,1
1821,申万宏源证券有限公司上海杨浦区黄兴路证券营业部,113180513.87,10,28748231.01,6,84432282.86,8
1822,广发证券股份有限公司包头钢铁大街证券营业部,113089721.0,3,37715659.0,1,75374062.0,2
1823,中信建投证券股份有限公司上海长宁天山西路证券营业部,112955995.32,8,32408226.06,5,80547769.26,6
1824,东方财富证券股份有限公司河南分公司,112538266.31,6,50289037.35,4,62249228.96,6
1825,江海证券有限公司鸡西东风路证券营业部,112451240.46,4,26771277.0,2,85679963.46,4
1826,国新证券股份有限公司北京月坛证券营业部,112394876.73,10,79984493.64,4,32410383.09,8
1827,中国银河证券股份有限公司南通工农路证券营业部,112373567.48,5,56679535.05,4,55694032.43,4
1828,华龙证券股份有限公司上海普陀区中江路证券营业部,112219555.75,9,58748455.53,5,53471100.22,4
1829,东北证券股份有限公司德惠德惠路证券营业部,112208681.44,4,78101754.44,4,34106927.0,2
1830,中国银河证券股份有限公司郑州山河证券营业部,112118151.77,3,86402318.77,3,25715833.0,2
1831,粤开证券股份有限公司上海分公司,112097114.93,6,54698921.99,4,57398192.94,3
1832,申万宏源证券有限公司南通分公司,112001128.49,38,25492046.68,21,86509081.81,20
1833,国信证券股份有限公司郑州龙湖中环路证券营业部,111883727.0,4,23701593.0,2,88182134.0,4
1834,广发证券股份有限公司广州农林下路证券营业部,111850365.85,13,1956956.63,5,109893409.22,11
1835,中信建投证券股份有限公司北京朝外大街证券营业部,111743900.95,7,69077384.95,6,42666516.0,4
1836,国泰海通证券股份有限公司北京西直门外大街证券营业部,111647790.53,6,10634618.37,5,101013172.16,4
1837,山西证券股份有限公司北京太平庄证券营业部,111579225.6,4,106628243.6,3,4950982.0,3
1838,国新证券股份有限公司深圳前海证券营业部,111546417.6,3,7767418.0,1,103778999.6,2
1839,光大证券股份有限公司西安经开区文景路证券营业部,111533731.77,8,10186616.0,4,101347115.77,4
1840,中国中金财富证券有限公司北京宋庄路证券营业部,111476210.46,16,54851921.24,12,56624289.22,13
1841,招商证券股份有限公司北京顺义安祥街证券营业部,111435382.0,7,5812650.0,4,105622732.0,6
1842,长城证券股份有限公司佛山南海城南二路证券营业部,111340542.57,4,51318467.59,3,60022074.98,2
1843,中国中金财富证券有限公司成都东御街证券营业部,111178645.0,3,72973050.0,1,38205595.0,2
1844,华鑫证券有限责任公司广州分公司,111083713.35,8,57789777.35,4,53293936.0,5
1845,南京证券股份有限公司宁波锦寓路证券营业部,110655107.13,6,82855823.63,4,27799283.5,2
1846,东莞证券股份有限公司东莞虎门分公司,110492202.35,12,16175972.86,9,94316229.49,10
1847,财达证券股份有限公司沧州泊头裕华中路证券营业部,110252584.1,10,51869109.51,6,58383474.59,5
1848,中国中金财富证券有限公司深圳深业上城证券营业部,110242121.24,4,5288872.0,2,104953249.24,3
1849,方正证券股份有限公司三门梧桐路证券营业部,109907339.15,8,13397747.38,3,96509591.77,7
1850,中国银河证券股份有限公司重庆沙坪坝证券营业部,109761111.44,6,33472242.0,6,76288869.44,4
1851,广发证券股份有限公司南京泰山路证券营业部,109143274.59,22,48969976.89,12,60173297.7,15
1852,国联民生证券股份有限公司无锡中山路证券营业部,109130973.66,13,36457401.09,10,72673572.57,10
1853,华鑫证券有限责任公司山东分公司,109059067.05,7,57330017.05,5,51729050.0,5
1854,长城证券股份有限公司杭州文一西路证券营业部,109039403.99,11,9127820.0,7,99911583.99,9
1855,中国银河证券股份有限公司北京朝阳门北大街证券营业部,109024827.76,7,34701436.76,4,74323391.0,5
1856,东海证券股份有限公司溧阳分公司,108990192.11,8,3909502.0,3,105080690.11,7
1857,平安证券股份有限公司广西分公司,108953269.98,21,43411718.24,13,65541551.74,16
1858,华泰证券股份有限公司沈阳青年大街证券营业部,108947477.55,5,76107788.55,4,32839689.0,5
1859,华安证券股份有限公司大连解放路证券营业部,108833574.5,8,6596606.16,2,102236968.34,6
1860,国信证券股份有限公司内蒙古分公司,108800582.74,3,9381450.24,3,99419132.5,2
1861,华泰证券股份有限公司武汉中北路证券营业部,108772250.95,11,66245123.92,9,42527127.03,7
1862,财通证券股份有限公司东北分公司,108650689.89,8,64946746.91,7,43703942.98,4
1863,中信建投证券股份有限公司海南分公司,108634790.0,9,63743828.4,8,44890961.6,3
1864,中国银河证券股份有限公司汕头嵩山路证券营业部,108432451.34,7,49793148.91,5,58639302.43,5
1865,上海证券有限责任公司温州谢池商城证券营业部,108204675.46,7,45903007.34,7,62301668.12,6
1866,中航证券有限公司南昌赣江北大道证券营业部,108198725.0,8,68329351.26,7,39869373.74,4
1867,中国中金财富证券有限公司广州华夏路证券营业部,108113473.18,7,22614602.48,3,85498870.7,6
1868,中国银河证券股份有限公司杭州海运国际大厦证券营业部,107970177.81,5,33404443.31,1,74565734.5,4
1869,国泰海通证券股份有限公司扬州宝应白田路证券营业部,107957619.99,3,64962350.79,1,42995269.2,2
1870,国投证券股份有限公司广州琶洲大道证券营业部,107930715.48,13,6555666.0,11,101375049.48,11
1871,世纪证券有限责任公司厦门分公司,107901011.0,4,18818171.0,3,89082840.0,2
1872,中国银河证券股份有限公司上海宝山区共康路证券营业部,107862895.0,3,49466470.0,3,58396425.0,1
1873,国联民生证券股份有限公司无锡清扬路证券营业部,107805128.46,15,14386072.0,6,93419056.46,15
1874,中国银河证券股份有限公司证券投资部,107646582.31,3,44336622.31,1,63309960.0,2
1875,中银国际证券股份有限公司浙江分公司,107471277.0,12,32794905.0,6,74676372.0,8
1876,广发证券股份有限公司佛山顺德大良保利国际金融中心证券营业部,107345950.38,6,39676243.97,3,67669706.41,4
1877,申万宏源证券有限公司上海闵行区碧江路证券营业部,107184703.0,3,6279150.0,3,100905553.0,2
1878,财通证券股份有限公司绍兴上虞博文路证券营业部,107013198.94,8,42369571.44,7,64643627.5,3
1879,申万宏源证券有限公司上海崇明区川心街证券营业部,106522133.37,10,8480532.19,3,98041601.18,10
1880,国投证券股份有限公司福州分公司,106467469.03,10,84485116.03,7,21982353.0,3
1881,国联民生证券股份有限公司上海虹口区飞虹路证券营业部,106447134.8,16,38454030.73,10,67993104.07,11
1882,中信证券(山东)有限责任公司郑州商鼎路证券营业部,106410816.2,7,62908857.2,5,43501959.0,5
1883,华创证券有限责任公司深圳香梅路证券营业部,106332915.4,5,64606234.4,4,41726681.0,4
1884,申万宏源证券有限公司成都天府四街证券营业部,106192450.0,8,20912812.0,6,85279638.0,5
1885,浙商证券股份有限公司北京分公司,105836417.16,10,6273232.54,4,99563184.62,9
1886,广发证券股份有限公司福州古田路证券营业部,105795529.93,11,32456168.49,7,73339361.44,8
1887,中信建投证券股份有限公司揭阳黄岐山大道证券营业部,105651342.04,14,2226725.0,4,103424617.04,13
1888,中信证券股份有限公司保定复兴中路证券营业部,105592373.67,6,38645034.0,3,66947339.67,3
1889,国投证券股份有限公司北京宏福路证券营业部,105552653.43,13,46797207.7,9,58755445.73,9
1890,中信证券股份有限公司廊坊裕华路证券营业部,105440792.14,4,9621694.62,2,95819097.52,3
1891,华泰证券股份有限公司长沙芙蓉中路证券营业部,105242962.79,7,38008545.3,5,67234417.49,4
1892,中邮证券有限责任公司郴州证券营业部,105231276.0,10,49662087.0,10,55569189.0,10
1893,联储证券股份有限公司咸阳玉泉路证券营业部,105160213.86,3,90062176.16,2,15098037.7,2
1894,信达证券股份有限公司北京分公司,105072987.1,6,40851436.0,3,64221551.1,6
1895,中山证券有限责任公司深圳民治街道证券营业部,105043497.0,6,16019312.0,2,89024185.0,5
1896,华泰证券股份有限公司宁波柳汀街证券营业部,104543772.55,47,22879822.35,30,81663950.2,28
1897,上海证券有限责任公司瑞安罗阳大道证券营业部,104308500.36,22,42530031.81,12,61778468.55,14
1898,中国银河证券股份有限公司长沙韶山北路证券营业部,104298899.4,6,2169083.0,1,102129816.4,6
1899,长城证券股份有限公司昆明西昌路证券营业部,104089696.53,7,11042571.0,2,93047125.53,5
1900,东方财富证券股份有限公司宁波海晏北路证券营业部,104073368.45,5,24609907.55,3,79463460.9,2
1901,国泰海通证券股份有限公司上海奉贤区金海公路证券营业部,104011642.6,4,15602730.6,3,88408912.0,3
1902,国泰海通证券股份有限公司南安成功街证券营业部,103981872.34,7,17573607.71,3,86408264.63,6
1903,兴业证券股份有限公司海南分公司,103913109.06,5,46187459.38,4,57725649.68,4
1904,平安证券股份有限公司贵阳诚信北路证券营业部,103677573.95,7,20858389.4,3,82819184.55,5
1905,国元证券股份有限公司深圳深圳湾证券营业部,103657729.7,20,35737827.85,10,67919901.85,17
1906,广发证券股份有限公司上海长宁路证券营业部,103652916.68,4,24891812.75,3,78761103.93,3
1907,申万宏源证券有限公司嘉兴分公司,103633296.01,9,8249999.29,5,95383296.72,5
1908,财通证券股份有限公司金华分公司,103629843.4,7,64965005.4,6,38664838.0,3
1909,麦高证券有限责任公司南京中山北路证券营业部,103611859.64,8,49629383.74,4,53982475.9,4
1910,方正证券股份有限公司青岛山东路证券营业部,103591360.84,6,10357515.0,5,93233845.84,5
1911,东吴证券股份有限公司苏州竹辉路证券营业部,103577953.62,6,27979485.25,3,75598468.37,4
1912,华泰证券股份有限公司广州琶洲大道证券营业部,103577507.9,8,4071439.25,6,99506068.65,8
1913,华泰证券股份有限公司成都天府大道证券营业部,103569951.52,11,44823577.12,5,58746374.4,10
1914,华林证券股份有限公司辽宁分公司,103508678.79,6,90134330.0,5,13374348.79,3
1915,中泰证券股份有限公司慈溪新城大道证券营业部,103508614.13,5,16099894.13,4,87408720.0,4
1916,国泰海通证券股份有限公司福州市长乐区和谐路证券营业部,103433057.8,7,29126090.0,2,74306967.8,7
1917,财通证券股份有限公司宁波天童南路证券营业部,103347780.18,7,55766309.65,5,47581470.53,7
1918,长城证券股份有限公司深圳高新中三道证券营业部,103260697.4,3,75759204.4,3,27501493.0,1
1919,金融街证券股份有限公司浙江分公司,103243098.0,7,26593159.0,5,76649939.0,5
1920,中山证券有限责任公司湖北分公司,103110621.03,6,45886753.15,3,57223867.88,4
1921,民生证券股份有限公司海口分公司,103039531.0,2,34541932.0,1,68497599.0,1
1922,中山证券有限责任公司天河分公司,102949476.57,3,13068016.0,3,89881460.57,2
1923,国投证券股份有限公司招远温泉路证券营业部,102769435.05,5,16894505.26,4,85874929.79,4
1924,华泰证券股份有限公司南通工农路证券营业部,102722122.6,7,17438801.0,4,85283321.6,6
1925,国联民生证券股份有限公司深圳益田路证券营业部,102678984.0,3,45944372.0,1,56734612.0,2
1926,金融街证券股份有限公司杭州民和路证券营业部,102669826.8,5,40550237.8,4,62119589.0,5
1927,中原证券股份有限公司北京分公司,102653763.82,7,1574582.0,2,101079181.82,6
1928,平安证券股份有限公司江西分公司,102522056.38,14,31283423.66,10,71238632.72,9
1929,广发证券股份有限公司西安曲江芙蓉南路证券营业部,102465570.94,4,46399972.36,3,56065598.58,3
1930,南京证券股份有限公司银川民族北街证券营业部,102378170.46,6,1656127.6,4,100722042.86,5
1931,华安证券股份有限公司池州分公司,102299396.0,9,4061171.0,5,98238225.0,8
1932,广发证券股份有限公司沧州解放路证券营业部,102091263.69,5,41145227.81,3,60946035.88,3
1933,东莞证券股份有限公司东莞南城东莞大道证券营业部,101718337.25,6,15303019.19,4,86415318.06,5
1934,甬兴证券有限公司四川分公司,101657436.87,6,85847899.86,4,15809537.01,2
1935,国泰海通证券股份有限公司阜阳西湖大道证券营业部,101638928.8,19,90182192.3,16,11456736.5,6
1936,中国银河证券股份有限公司江阴虹桥北路证券营业部,101572667.11,11,22501333.72,8,79071333.39,8
1937,中信证券股份有限公司厦门鹭江道证券营业部,101439009.59,3,5916323.0,2,95522686.59,2
1938,南京证券股份有限公司绍兴新昌人民西路证券营业部,101384563.0,5,49450219.0,5,51934344.0,3
1939,中国银河证券股份有限公司南京江东中路证券营业部,101115969.15,6,19870533.0,3,81245436.15,4
1940,申万宏源证券有限公司扬州分公司,101058967.18,13,38768460.24,11,62290506.94,11
1941,中信建设证劵股份有限公司宜昌云集路证券营业部,101000476.76,5,289368.99,2,100711107.77,4
1942,第一创业证券股份有限公司上海分公司,100954089.2,3,24043722.0,2,76910367.2,3
1943,国泰海通证券股份有限公司广州琶洲大道证券营业部,100902828.8,4,22422638.0,3,78480190.8,3
1944,中航证券有限公司景德镇珠山东路证券营业部,100875944.3,7,19003809.0,6,81872135.3,5
1945,华福证券股份有限公司霞浦长溪路证券营业部,100844292.4,2,100838927.4,2,5365.0,1
1946,国泰海通证券股份有限公司抚州金巢大道证券营业部,100766811.16,7,2662033.96,5,98104777.2,4
1947,申万宏源西部证券有限公司西安二环南路证券营业部,100651366.59,8,7773012.0,2,92878354.59,7
1948,东方证券股份有限公司上海杨浦区控江路证券营业部,100645798.64,14,27377661.83,4,73268136.81,12
1949,国信证券股份有限公司宁波分公司,100557377.06,3,6512681.0,1,94044696.06,2
1950,平安证券股份有限公司安徽分公司,100448668.5,14,14973797.39,13,85474871.11,9
1951,华创证券有限责任公司龙岩龙岩大道证券营业部,100410008.0,7,79635788.0,4,20774220.0,3
1952,申万宏源证券有限公司上海徐汇区天钥桥路证券营业部,100394884.07,12,29111266.48,8,71283617.59,8
1953,国联民生证券股份有限公司北京建材城西路证券营业部,100177543.36,8,36681803.49,6,63495739.87,7
1954,平安证券股份有限公司绍兴解放大道证券营业部,100149779.78,7,68774082.78,5,31375697.0,5
1955,东莞证券股份有限公司深圳后海工业八路证券营业部,100073185.26,5,14382103.0,3,85691082.26,5
1956,中信证券(山东)有限责任公司青岛总部证券营业部,100048007.5,5,30585674.5,4,69462333.0,4
1957,上海证券有限责任公司松江区莘砖公路证券营业部,99494562.27,6,36684231.0,5,62810331.27,3
1958,华西证券股份有限公司成都东大路证券营业部,99483072.73,14,41553907.93,11,57929164.8,9
1959,招商证券股份有限公司北京酒仙桥路证券营业部,99163950.0,2,99070820.0,2,93130.0,1
1960,长城证券股份有限公司北京西直门外大街证券营业部,99043925.18,4,12264525.0,1,86779400.18,3
1961,华福证券股份有限公司北京海淀南路证券营业部,98723484.0,3,14262224.0,3,84461260.0,1
1962,招商证券股份有限公司深圳香蜜湖深铁置业大厦证券营业部,98720864.84,3,45706779.97,1,53014084.87,2
1963,中国银河证券股份有限公司邢台守敬北路证券营业部,98650012.73,16,37163707.94,10,61486304.79,10
1964,国泰海通证券股份有限公司重庆嘉州路证券营业部,98622588.6,4,31040319.0,2,67582269.6,3
1965,华西证券股份有限公司武汉友谊大道证券营业部,98562922.6,4,36440272.6,2,62122650.0,4
1966,中国中金财富证券有限公司海南分公司,98496727.37,9,11984992.28,6,86511735.09,8
1967,方正证券股份有限公司瑞安罗阳大道证券营业部,98422419.18,5,23282999.8,1,75139419.38,4
1968,国投证券股份有限公司佛山北滘证券营业部,98414146.01,6,29097908.0,4,69316238.01,4
1969,开源证券股份有限公司上海东大名路证券营业部,98277325.48,4,13092881.7,2,85184443.78,3
1970,中信建投证券股份有限公司北京常惠路证券营业部,98216884.45,3,32584089.45,2,65632795.0,3
1971,国投证券股份有限公司,98188547.0,7,74204828.0,6,23983719.0,1
1972,国泰海通证券股份有限公司常熟海虞北路证券营业部,98164409.51,8,7316282.0,3,90848127.51,8
1973,方正证券股份有限公司武汉中山大道证券营业部,98140061.64,9,7397710.0,1,90742351.64,9
1974,国投证券股份有限公司深圳宝安海秀路证券营业部,98139800.3,17,68083425.02,12,30056375.28,8
1975,广发证券股份有限公司深圳壹方中心证券营业部,97820517.28,3,51556285.55,3,46264231.73,2
1976,国都证券股份有限公司成都天益街证券营业部,97803448.47,5,5027182.88,1,92776265.59,4
1977,国泰海通证券股份有限公司泸州星光路证券营业部,97744513.5,8,52012006.5,5,45732507.0,5
1978,国海证券股份有限公司南宁滨湖路证券营业部,97653087.6,10,1004686.0,3,96648401.6,8
1979,方正证券股份有限公司郴州青年大道证券营业部,97645433.35,3,53082017.33,3,44563416.02,2
1980,中银国际证券股份有限公司济南泺源大街证券营业部,97481604.06,8,10746621.0,3,86734983.06,5
1981,国金证券股份有限公司泉州云鹿路证券营业部,97312060.94,7,27233447.86,4,70078613.08,6
1982,华福证券股份有限公司台州广场南路证券营业部,97143676.0,2,4152668.0,1,92991008.0,1
1983,中信证券股份有限公司天津大沽北路证券营业部,97132174.0,4,40185588.0,3,56946586.0,4
1984,金元证券股份有限公司宁波分公司,96955454.32,21,29278559.35,9,67676894.97,14
1985,广发证券股份有限公司珠海斗门珠峰科创中心证券营业部,96892133.73,7,924879.59,4,95967254.14,6
1986,东方财富证券股份有限公司昆明南屏街证券营业部,96804797.0,3,59381241.0,2,37423556.0,2
1987,中泰证券股份有限公司诸城人民东路证券营业部,96747050.96,4,256824.0,1,96490226.96,3
1988,申万宏源证券有限公司河南分公司,96484312.27,5,29474153.0,2,67010159.27,3
1989,中信证券股份有限公司宁波分公司,96474955.89,9,19821514.0,4,76653441.89,8
1990,中信建投证券股份有限公司上海浦东新区五莲路证券营业部,96385914.8,6,18822802.0,3,77563112.8,5
1991,中泰证券股份有限公司余姚四明西路证券营业部,96339753.78,4,42577636.95,1,53762116.83,3
1992,东北证券股份有限公司深圳科技园分公司,96184976.12,10,30457328.12,4,65727648.0,6
1993,国盛证券股份有限公司黄山洽阳路证券营业部,96176068.0,7,44377989.0,4,51798079.0,4
1994,中信建投证券股份有限公司成都马家花园证券营业部,95957964.22,7,7899944.0,1,88058020.22,6
1995,广发证券股份有限公司广州花城大道证券营业部,95801461.79,8,32140626.12,4,63660835.67,4
1996,东莞证券股份有限公司广州体育东路证券营业部,95605246.71,2,48467739.17,2,47137507.54,2
1997,兴业证券股份有限公司上海政立路证券营业部,95408915.3,4,24980477.0,2,70428438.3,3
1998,长江证券股份有限公司沈阳三好街证券营业部,95337130.47,7,13175761.47,4,82161369.0,4
1999,中泰证券股份有限公司成都新光华街证券营业部,95316971.0,3,14346576.0,1,80970395.0,2
2000,华泰证券股份有限公司广州云城东路证券营业部,95283141.0,10,37130797.0,6,58152344.0,6
2001,长江证券股份有限公司武汉新华路证券营业部,95135500.8,6,8593184.0,4,86542316.8,6
2002,中航证券有限公司上饶带湖路证券营业部,94968656.5,6,31385337.0,2,63583319.5,5
2003,申万宏源证券有限公司海口龙昆南路证券营业部,94882254.0,3,47177487.0,2,47704767.0,2
2004,中信证券股份有限公司平湖丰收路证券营业部,94793958.92,9,18081715.97,4,76712242.95,8
2005,华林证券股份有限公司浏阳世纪大道证券营业部,94757072.59,4,34356001.0,2,60401071.59,3
2006,国泰海通证券股份有限公司芜湖黄山中路证券营业部,94611338.78,9,10695431.52,7,83915907.26,6
2007,方正证券股份有限公司仙居穿城北路证券营业部,94544086.85,11,52321671.33,7,42222415.52,6
2008,中信证券股份有限公司杭州婺江路证券营业部,94473535.17,12,25512579.0,7,68960956.17,12
2009,中山证券有限责任公司南通黄海路证券营业部,94441448.24,6,47103872.36,5,47337575.88,5
2010,华宝证券股份有限公司深圳前海证券营业部,94428766.32,9,58610844.32,8,35817922.0,4
2011,中国中金财富证券有限公司广州海珠广场证券营业部,94327995.97,9,30420318.74,6,63907677.23,6
2012,川财证券有限责任公司成都蜀锦路证券营业部,94063416.0,9,18264091.0,4,75799325.0,6
2013,广发证券股份有限公司绍兴云东路证券营业部,94034241.94,6,1677219.0,2,92357022.94,5
2014,浙商证券股份有限公司绍兴解放北路证券营业部,94024670.45,8,76446222.2,7,17578448.25,7
2015,广发证券股份有限公司龙岩市龙岩大道证券营业部,93978534.0,4,8982491.0,2,84996043.0,3
2016,金元证券股份有限公司成都鹭岛路证券营业部,93902258.5,12,16010825.64,5,77891432.86,12
2017,国信证券股份有限公司台州分公司,93884402.48,10,33729921.91,7,60154480.57,7
2018,中泰证券股份有限公司烟台迎春大街证券营业部,93048475.0,2,42773701.0,1,50274774.0,2
2019,中信证券股份有限公司南京云锦路证券营业部,92973096.24,10,51595769.66,7,41377326.58,5
2020,西南证券股份有限公司上海自贸试验区分公司,92812099.05,6,18017703.9,2,74794395.15,5
2021,联储证券股份有限公司苏州华池街时代广场证券营业部,92711524.0,13,75653261.0,11,17058263.0,3
2022,方正证券股份有限公司益阳安化陶澍大道证券营业部,92669378.32,3,25071080.0,2,67598298.32,1
2023,东方证券股份有限公司上海黄浦区中华路证券营业部,92666761.0,3,23941583.0,2,68725178.0,2
2024,中国银河证券股份有限公司中山火炬开发区德仲证券营业部,92585781.48,10,51718530.48,7,40867251.0,6
2025,中信证券股份有限公司无锡分公司,92540761.0,6,22532086.0,3,70008675.0,4
2026,东方证券股份有限公司呼和浩特乌兰察布东街证券营业部,92473247.0,2,50105222.0,2,42368025.0,1
2027,民生证券股份有限公司洛阳凯旋路证券营业部,92472413.27,5,31869398.67,3,60603014.6,2
2028,长江证券股份有限公司佛山普澜二路证券营业部,92332525.15,4,69292163.15,3,23040362.0,3
2029,西南证券股份有限公司福建分公司,92189415.12,3,6033010.0,2,86156405.12,1
2030,国盛证券股份有限公司景德镇广场南路证券营业部,92092703.8,7,40301099.92,4,51791603.88,7
2031,国泰海通证券股份有限公司上海普陀区金沙江路证券营业部,92085884.0,8,91731061.6,6,354822.4,3
2032,中信证券(山东)有限责任公司邹城凫山南路证券营业部,92011392.1,13,37784894.74,7,54226497.36,7
2033,爱建证券有限责任公司上海宁夏路证券营业部,91868163.52,5,31082341.1,1,60785822.42,4
2034,东方财富证券股份有限公司拉萨金珠西路证券营业部,91853020.42,6,19957211.42,4,71895809.0,5
2035,中国银河证券股份有限公司大同万金街证券营业部,91591734.69,6,8964752.0,3,82626982.69,5
2036,华泰证券股份有限公司南通湖东路证券营业部,91570648.55,16,33507558.38,11,58063090.17,10
2037,中国中金财富证券有限公司长沙解放西路证券营业部,91517277.69,4,39660497.3,2,51856780.39,3
2038,中邮证券有限责任公司广东分公司,91434540.38,9,21949633.49,8,69484906.89,5
2039,国海证券股份有限公司南宁双拥路证券营业部,91383782.64,9,4371915.23,3,87011867.41,8
2040,国泰海通证券股份有限公司石家庄裕华东路证券营业部,91324441.33,9,12124827.6,3,79199613.73,8
2041,国投证券股份有限公司苏州分公司,91317251.28,3,34722960.28,3,56594291.0,3
2042,国泰海通证券股份有限公司上海浦东分公司,90987118.86,7,14538147.98,2,76448970.88,5
2043,中银国际证券股份有限公司四川分公司,90935484.0,4,34769616.0,2,56165868.0,3
2044,长江证券股份有限公司宜都长江大道证券营业部,90852804.91,5,40406341.27,4,50446463.64,3
2045,国元证券股份有限公司合肥长江西路证券营业部,90706293.07,5,61795863.0,4,28910430.07,3
2046,中国中金财富证券有限公司乌鲁木齐红光山路证券营业部,90267786.08,6,5356559.7,3,84911226.38,6
2047,国泰海通证券股份有限公司漳州融信写字楼证券营业部,90167928.5,2,51719871.5,1,38448057.0,1
2048,广发证券股份有限公司阳江体育路证券营业部,90022522.52,5,64563443.51,5,25459079.01,2
2049,广发证券股份有限公司上海高科东路证券营业部,89961746.76,3,359982.0,2,89601764.76,2
2050,国元证券股份有限公司淮南分公司,89729351.43,3,53184569.0,1,36544782.43,2
2051,信达证券股份有限公司上海闵行区七莘路证券营业部,89727784.16,6,20601699.87,4,69126084.29,6
2052,中信证券股份有限公司天津分公司,89364573.66,6,27586369.25,4,61778204.41,5
2053,中国银河证券股份有限公司扬州文昌中路证券营业部,89229330.7,6,14717032.0,2,74512298.7,5
2054,国投证券股份有限公司长沙五一大道证券营业部,89149557.27,9,31756734.97,4,57392822.3,5
2055,长江证券股份有限公司上海黄兴路证券营业部,89131400.23,5,49560341.67,2,39571058.56,4
2056,华福证券股份有限公司厦门吕岭路证券营业部,89124052.34,7,21834072.37,4,67289979.97,4
2057,国盛证券股份有限公司萍乡分公司,88732440.94,5,57293062.46,5,31439378.48,3
2058,国泰海通证券股份有限公司南通世纪大道证券营业部,88709877.77,3,48820466.0,3,39889411.77,1
2059,东莞证券股份有限公司东莞东城分公司,88622159.79,11,69158452.99,6,19463706.8,8
2060,华福证券股份有限公司绍兴分公司,88585331.0,8,52498155.0,7,36087176.0,6
2061,长江证券股份有限公司济南经十路证券营业部,88574724.82,4,781000.0,1,87793724.82,3
2062,方正证券股份有限公司深圳后海证券营业部,88538453.0,4,8492850.0,3,80045603.0,3
2063,诚通证券股份有限公司北京望京证券营业部,88509121.99,4,88272.0,4,88420849.99,1
2064,申万宏源证券有限公司天津七纬路证券营业部,88344131.51,4,32402057.0,3,55942074.51,2
2065,东方财富证券股份有限公司徐州建国西路证券营业部,88308545.87,6,13454510.9,3,74854034.97,4
2066,国信证券股份有限公司佛山南海大沥证券营业部,88253144.24,14,12149816.2,7,76103328.04,13
2067,国泰海通证券股份有限公司青岛松岭路证券营业部,88232934.81,4,64968948.81,3,23263986.0,1
2068,方正证券股份有限公司临海靖江中路证券营业部,88208621.6,7,20067956.0,5,68140665.6,6
2069,财信证券股份有限公司长沙曙光中路证券营业部,88204887.35,7,9819099.0,2,78385788.35,6
2070,中信证券股份有限公司泉州丰泽街证券营业部,87996380.0,6,19885228.0,2,68111152.0,6
2071,浙商证券股份有限公司三门南山路证券营业部,87965728.06,8,36367237.0,6,51598491.06,4
2072,中信建投证券股份有限公司上海鸿兴路证券营业部,87891295.0,3,51992631.0,3,35898664.0,1
2073,中信证券股份有限公司上海嘉定区双单路证券营业部,87785528.01,7,72208927.15,6,15576600.86,4
2074,广发证券股份有限公司石家庄自强路证券营业部,87774979.03,6,15361481.0,3,72413498.03,4
2075,中国银河证券股份有限公司北京工体证券营业部,87753528.18,3,682781.48,3,87070746.7,2
2076,万和证券股份有限公司深圳湾分公司,87725969.17,3,31800384.05,1,55925585.12,2
2077,东吴证券股份有限公司深圳分公司,87509199.14,5,20532013.14,3,66977186.0,4
2078,中国银河证券股份有限公司乌鲁木齐解放北路证券营业部,87419860.2,7,66765879.4,6,20653980.8,4
2079,中信建投证券股份有限公司湖州人民路证券营业部,87102553.78,10,37001792.82,6,50100760.96,7
2080,华泰证券股份有限公司广州海珠广场证券营业部,87037575.99,8,39532691.0,4,47504884.99,5
2081,东方证券股份有限公司上海嘉定区曹安公路证券营业部,87037176.88,11,7707649.0,6,79329527.88,9
2082,华福证券股份有限公司泉州笋江路证券营业部,86973728.27,5,45397775.69,4,41575952.58,3
2083,光大证券股份有限公司沈阳十一纬路证券营业部,86851452.73,10,18183643.93,5,68667808.8,8
2084,中国银河证券股份有限公司佛山顺德大良证券营业部,86744818.55,8,11268365.2,2,75476453.35,7
2085,申万宏源西部证券有限公司乌鲁木齐扬子江路证券营业部,86716599.86,5,9846134.0,4,76870465.86,4
2086,万联证券股份有限公司上海分公司,86617206.0,5,29620402.0,3,56996804.0,3
2087,开源证券股份有限公司绍兴分公司,86539060.0,9,77173269.0,8,9365791.0,2
2088,中国中金财富证券有限公司上海浦东新区民生路证券营业部,86470290.47,8,693887.55,5,85776402.92,7
2089,中国银河证券股份有限公司中山小榄升平东路证券营业部,86416007.81,5,56916687.0,3,29499320.81,3
2090,国信证券股份有限公司湖南分公司,86398104.41,13,44473288.38,8,41924816.03,11
2091,华福证券股份有限公司漳州延安北路证券营业部,86277123.29,9,25629946.66,6,60647176.63,6
2092,招商证券股份有限公司北京金融大街证券营业部,86165472.29,12,22309722.24,6,63855750.05,8
2093,招商证券股份有限公司北京东四十条证券营业部,86077581.0,5,445533.0,2,85632048.0,4
2094,申万宏源证券有限公司杭州密渡桥路证券营业部,85869417.88,13,7334637.0,1,78534780.88,12
2095,国投证券股份有限公司上海杨高南路证券营业部,85824608.56,9,42536626.85,6,43287981.71,4
2096,中泰证券股份有限公司河南分公司,85752267.99,4,3093180.6,1,82659087.39,3
2097,国泰海通证券股份有限公司南昌丰和中大道证券营业部,85738001.6,5,21245356.0,2,64492645.6,4
2098,信达证券股份有限公司上海分公司,85649229.53,3,22339903.52,3,63309326.01,3
2099,中信建投证券股份有限公司河北分公司,85612980.25,7,80872507.25,6,4740473.0,2
2100,信达证券股份有限公司常州金水岸证券营业部,85598999.3,7,15305400.0,5,70293599.3,4
2101,万联证券股份有限公司鄂州古城路证券营业部,85567710.08,8,13178017.0,4,72389693.08,7
2102,国融证券股份有限公司浙江分公司,85422442.67,7,48520013.87,7,36902428.8,3
2103,广发证券股份有限公司湖南分公司,85419852.0,4,34459123.0,2,50960729.0,4
2104,中银国际证券股份有限公司深圳海德一道证券营业部,85361741.41,7,47388889.0,5,37972852.41,3
2105,申万宏源证券有限公司上海浦东新区商城路证券营业部,85157099.2,4,11621493.0,1,73535606.2,3
2106,东方证券股份有限公司上海徐汇广元西路证券营业部,85044802.7,6,12143073.23,4,72901729.47,3
2107,长城证券股份有限公司南京童卫路证券营业部,84623542.49,7,30856021.22,3,53767521.27,4
2108,光大证券股份有限公司绍兴胜利东路证券营业部,84579787.94,3,2344925.0,3,82234862.94,2
2109,华泰证券股份有限公司常州花园街证券营业部,84558479.02,5,8797301.48,1,75761177.54,4
2110,中山证券有限责任公司上海徐汇分公司,84557821.29,9,24887345.14,6,59670476.15,6
2111,国盛证券股份有限公司河南分公司,84533448.67,14,68804592.92,11,15728855.75,6
2112,华金证券股份有限公司广东省横琴粤澳深度合作区分公司,84500442.14,2,2509086.14,1,81991356.0,1
2113,中国银河证券股份有限公司武汉光谷证券营业部,84377657.58,6,7152627.75,2,77225029.83,5
2114,国元证券股份有限公司上海民生路证券营业部,84188568.95,4,6819145.0,2,77369423.95,3
2115,中泰证券股份有限公司青岛香港中路证券营业部,84053647.96,5,20250319.91,4,63803328.05,5
2116,开源证券股份有限公司上海分公司,84050468.45,11,47902644.0,7,36147824.45,4
2117,国海证券股份有限公司深圳深圳湾证券营业部,84028127.2,6,18405512.0,3,65622615.2,5
2118,中山证券有限责任公司佛山分公司,83950198.26,3,20571454.92,1,63378743.34,2
2119,第一创业证券股份有限公司北京和平里证券营业部,83941251.34,8,10927527.0,1,73013724.34,7
2120,金元证券股份有限公司深圳深南大道证券营业部,83834532.68,4,8714943.0,3,75119589.68,4
2121,东兴证券股份有限公司泉州田安路证券营业部,83772103.76,6,79448.1,1,83692655.66,5
2122,华鑫证券有限责任公司宁波分公司,83759725.0,3,53962197.0,3,29797528.0,2
2123,华金证券股份有限公司上海嘉定区南安路证券营业部,83642122.36,4,13263655.0,2,70378467.36,2
2124,长城证券股份有限公司义乌银海路证券营业部,83624486.76,7,52767186.76,3,30857300.0,4
2125,中泰证券股份有限公司上海金沙江路证券营业部,83381590.31,5,31217619.71,3,52163970.6,3
2126,山西证券股份有限公司介休北坛中路证券营业部,83182800.48,4,2013584.0,2,81169216.48,3
2127,兴业证券股份有限公司上海浦东新区红枫路证券营业部,83172530.7,3,23453632.49,2,59718898.21,2
2128,国投证券股份有限公司安徽分公司,83079100.08,3,2115318.0,2,80963782.08,2
2129,国海证券股份有限公司陕西第一分公司,83073870.19,3,23161751.19,3,59912119.0,1
2130,渤海证券股份有限公司福州营迹路证券营业部,82804038.1,2,27613000.0,1,55191038.1,1
2131,金圆统一证券有限公司厦门分公司,82755981.16,4,3023335.0,1,79732646.16,3
2132,广发证券股份有限公司宁波分公司,82623964.48,8,2960054.0,5,79663910.48,5
2133,东北证券股份有限公司通辽霍林河大街证券营业部,82163502.0,1,82163502.0,1,0.0,0
2134,光大证券股份有限公司海口国贸大道证券营业部,82103454.64,12,52839937.52,11,29263517.12,5
2135,国投证券股份有限公司广州沙太南路证券营业部,82041897.3,3,14410524.0,2,67631373.3,2
2136,财达证券股份有限公司沧州黄骅迎宾大街证券营业部,81871335.31,2,47092317.79,1,34779017.52,1
2137,长江证券股份有限公司上海万荣路证券营业部,81834322.08,4,5142293.0,2,76692029.08,3
2138,申万宏源证券有限公司上海徐汇区龙漕路证券营业部,81824718.45,11,23135082.4,7,58689636.05,7
2139,国信证券股份有限公司山东分公司,81802540.46,9,42284194.26,6,39518346.2,6
2140,中信建投证券股份有限公司上海徐汇区天钥桥路证券营业部,81621922.05,3,80473960.05,3,1147962.0,2
2141,兴业证券股份有限公司南昌洪城路证券营业部,81411338.71,7,36133735.0,3,45277603.71,5
2142,华西证券股份有限公司佛山南海大道证券营业部,81306582.0,4,61408321.0,4,19898261.0,1
2143,麦高证券有限责任公司沈阳兴华南街证券营业部,81154026.24,6,65458242.24,5,15695784.0,1
2144,东莞证券股份有限公司浙江分公司,81152637.39,13,50758133.25,11,30394504.14,7
2145,华泰证券股份有限公司南京高淳宝塔路证券营业部,81038552.7,9,26350101.17,4,54688451.53,7
2146,华泰证券股份有限公司青岛香港西路证券营业部,80917424.15,4,50000153.59,4,30917270.56,2
2147,华泰证券股份有限公司湖北分公司,80864120.56,3,18743695.94,2,62120424.62,2
2148,浙商证券股份有限公司仙居环城南路证券营业部,80817124.78,6,28113720.87,4,52703403.91,4
2149,东北证券股份有限公司温州瓯江路证券营业部,80700637.69,6,31181265.74,2,49519371.95,4
2150,广发证券股份有限公司重庆石杨路证券营业部,80601236.62,7,19819236.05,7,60782000.57,5
2151,南京证券股份有限公司台州桔源街证券营业部,80397986.64,5,24256824.0,2,56141162.64,3
2152,东北证券股份有限公司上海北艾路证券营业部,80375923.66,4,34527301.86,3,45848621.8,2
2153,申万宏源西部证券有限公司克拉玛依天山路证券营业部,80338565.75,4,80336530.75,4,2035.0,1
2154,中国银河证券股份有限公司深圳华侨城证券营业部,80140603.86,3,43392051.76,2,36748552.1,2
2155,招商证券股份有限公司南宁金湖路证券营业部,80064198.13,3,5937448.69,1,74126749.44,2
2156,兴业证券股份有限公司绍兴分公司,80018482.99,7,46674893.18,4,33343589.81,4
2157,申万宏源证券有限公司嘉善体育南路证券营业部,79962533.58,11,11167637.21,5,68794896.37,9
2158,中泰证券股份有限公司天津分公司,79739440.02,2,27767407.0,1,51972033.02,1
2159,国泰海通证券股份有限公司青岛福州南路证券营业部,79521905.79,14,49153035.83,10,30368869.96,7
2160,中信证券华南股份有限公司广州黄埔大道东证券营业部,79475435.86,2,1124481.0,1,78350954.86,1
2161,华泰证券股份有限公司天津勤俭道证券营业部,79466849.6,7,23976269.9,3,55490579.7,4
2162,光大证券股份有限公司深圳新园路证券营业部,79452009.74,7,6724899.53,6,72727110.21,7
2163,中信证券股份有限公司深圳后海证券营业部,79362036.99,3,10400365.0,1,68961671.99,2
2164,湘财证券股份有限公司台州中心大道证券营业部,79299424.58,6,30109826.45,2,49189598.13,4
2165,中国中金财富证券有限公司成都一环路北三段万达广场证券营业部,79244747.32,9,31369621.72,6,47875125.6,9
2166,华林证券股份有限公司厦门东港北路证券营业部,79074244.03,7,23178270.0,4,55895974.03,5
2167,国联民生证券股份有限公司南京太平南路证券营业部,78987418.35,4,25865966.0,1,53121452.35,3
2168,招商证券股份有限公司深圳壹海城证券营业部,78770024.52,11,14525979.29,6,64244045.23,10
2169,长江证券股份有限公司成都雅和北二路证券营业部,78761777.0,4,13065256.0,1,65696521.0,3
2170,中国中金财富证券有限公司承德翠桥路证券营业部,78743337.44,6,7721021.4,4,71022316.04,6
2171,东方证券股份有限公司北京学院路证券营业部,78712751.7,6,45586210.0,3,33126541.7,3
2172,国泰海通证券股份有限公司扬州文昌东路证券营业部,78705606.35,4,41008883.35,2,37696723.0,2
2173,招商证券股份有限公司青岛招行财富大厦证券营业部,78668487.43,3,5192928.0,1,73475559.43,2
2174,财通证券股份有限公司临海靖江中路证券营业部,78583094.87,4,72258091.03,2,6325003.84,3
2175,中信证券股份有限公司南昌红谷中大道证券营业部,78560059.15,8,20301902.14,6,58258157.01,5
2176,国海证券股份有限公司北京第一分公司,78540110.86,5,63338368.65,2,15201742.21,3
2177,粤开证券股份有限公司上海浦东新区浦建路证券营业部,78507943.4,8,43183194.0,4,35324749.4,4
2178,国泰海通证券股份有限公司赣州章江南大道证券营业部,78295909.2,5,1269003.0,5,77026906.2,4
2179,民生证券股份有限公司新密青屏大街证券营业部,78063900.79,4,43113069.99,2,34950830.8,2
2180,国泰海通证券股份有限公司上海浦东新区浦东南路证券营业部,77971388.54,11,45510181.56,8,32461206.98,8
2181,国投证券股份有限公司嘉兴嘉善施家南路证券营业部,77927348.48,3,32342053.95,3,45585294.53,2
2182,广发证券股份有限公司诸暨东二路证券营业部,77920775.0,2,77920775.0,2,0.0,0
2183,中国银河证券股份有限公司合肥徽州大道证券营业部,77893058.0,6,30172345.0,5,47720713.0,2
2184,国海证券股份有限公司柳州高新三路证券营业部,77880191.2,10,38212335.0,4,39667856.2,6
2185,广发证券股份有限公司烟台环山路证券营业部,77788909.79,12,51916656.0,6,25872253.79,9
2186,华泰证券股份有限公司广州东风中路证券营业部,77752605.71,10,56772852.0,7,20979753.71,4
2187,方正证券股份有限公司宁波桑田路证券营业部,77654718.25,3,32156725.09,2,45497993.16,1
2188,华鑫证券有限责任公司航空基地证券营业部,77624474.0,8,31378458.0,4,46246016.0,4
2189,华福证券股份有限公司莆田城涵东大道证券营业部,77572552.26,8,29797120.2,4,47775432.06,6
2190,国投证券股份有限公司汕头潮阳证券营业部,77476968.08,4,26529304.0,2,50947664.08,4
2191,东海证券股份有限公司珠海吉大路证券营业部,77462548.0,14,63145543.0,12,14317005.0,3
2192,东海证券股份有限公司沈阳八王寺街证券营业部,77311479.7,4,59013111.7,3,18298368.0,3
2193,中国中金财富证券有限公司南通如东青园北路证券营业部,77248471.63,19,50423133.63,15,26825338.0,6
2194,光大证券股份有限公司宁海民生路证券营业部,77045785.58,15,5976398.02,5,71069387.56,14
2195,招商证券股份有限公司南昌世贸路秋水广场证券营业部,76992950.69,7,31012005.58,5,45980945.11,6
2196,中天证券股份有限公司沈阳黄河北大街证券营业部,76973865.92,6,33768555.0,5,43205310.92,5
2197,申万宏源证券有限公司上海浦东新区张杨路证券营业部,76912432.42,8,8352144.24,2,68560288.18,6
2198,申万宏源证券有限公司重庆湖彩路证券营业部,76839049.23,3,75538549.23,2,1300500.0,1
2199,申万宏源证券有限公司莱西烟台路证券营业部,76749404.36,7,67425918.75,5,9323485.61,3
2200,华泰证券股份有限公司济南解放路证券营业部,76576070.26,6,10522582.28,4,66053487.98,3
2201,万联证券股份有限公司广州农林下路证券营业部,76410958.87,9,8378452.0,5,68032506.87,6
2202,中信证券(山东)有限责任公司青岛香港中路证券营业部,76397548.18,11,32678379.18,6,43719169.0,6
2203,中泰证券股份有限公司临沂金雀山路证券营业部,76372494.27,4,55205049.0,2,21167445.27,2
2204,东海证券股份有限公司绍兴洋江西路证券营业部,76145888.37,4,13129340.0,1,63016548.37,3
2205,中航证券有限公司深圳分公司,76006896.06,5,14677931.0,2,61328965.06,4
2206,中国银河证券股份有限公司平湖解放西路证券营业部,75954124.73,7,1120036.0,3,74834088.73,4
2207,华泰证券股份有限公司嘉兴纺工路证券营业部,75880735.9,8,31336089.94,6,44544645.96,5
2208,联储证券股份有限公司重庆江北嘴证券营业部,75832823.26,1,75832823.26,1,0.0,0
2209,中国银河证券股份有限公司北京亦庄证券营业部,75819018.53,8,32800494.96,7,43018523.57,5
2210,国泰海通证券股份有限公司蚌埠中荣街证券营业部,75585236.88,6,3168013.0,3,72417223.88,3
2211,万联证券股份有限公司广州珠江新城证券营业部,75504740.17,3,17908506.0,1,57596234.17,2
2212,华泰证券股份有限公司徐州建国西路证券营业部,75344804.01,9,18463702.97,7,56881101.04,5
2213,国泰海通证券股份有限公司重庆南坪惠工路证券营业部,75344643.39,3,75344643.39,3,0.0,0
2214,中信建投证券股份有限公司江阴澄江西路证券营业部,75234850.51,2,10817002.0,1,64417848.51,2
2215,西南证券股份有限公司北京昌平证券营业部,75169812.86,3,66087231.86,1,9082581.0,2
2216,国信证券股份有限公司海南分公司,75079356.0,5,339040.0,2,74740316.0,4
2217,国元证券股份有限公司合肥天达路证券营业部,75071457.28,9,23976036.7,5,51095420.58,7
2218,国投证券股份有限公司上海浦东新区花园石桥路证券营业部,74471788.6,4,7358690.0,2,67113098.6,2
2219,财达证券股份有限公司湖北分公司,74391184.5,7,63430355.9,6,10960828.6,2
2220,国金证券股份有限公司南昌世贸路证券营业部,74369967.84,4,38852716.84,3,35517251.0,2
2221,广发证券股份有限公司临沂孝河路证券营业部,74354391.5,7,48486983.78,5,25867407.72,6
2222,国元证券股份有限公司河北分公司,74337581.0,3,24012042.0,2,50325539.0,3
2223,中国银河证券股份有限公司上海静安区安业路证券营业部,74225810.88,13,49437876.08,9,24787934.8,8
2224,中国银河证券股份有限公司天台赤城路证券营业部,74161465.7,7,28379767.0,3,45781698.7,4
2225,华福证券股份有限公司大连分公司,73997229.4,4,65635959.4,3,8361270.0,1
2226,中邮证券有限责任公司武汉中北路证券营业部,73996598.52,2,2711189.0,1,71285409.52,2
2227,华福证券股份有限公司莆田东圳东路证券营业部,73963001.8,7,5257990.0,2,68705011.8,7
2228,信达证券股份有限公司杭州景昙路证券营业部,73894599.38,5,35014817.71,2,38879781.67,3
2229,开源证券股份有限公司西安柿园路证券营业部,73886785.16,6,53079215.16,5,20807570.0,1
2230,兴业证券股份有限公司漳浦印石中路证券营业部,73863889.67,6,36074583.67,3,37789306.0,4
2231,财信证券股份有限公司娄底湘中大道证券营业部,73734421.0,10,48120218.0,8,25614203.0,7
2232,中国中金财富证券有限公司常州通江南路证券营业部,73706221.21,8,3011330.21,6,70694891.0,5
2233,东方证券股份有限公司乌鲁木齐南湖路证券营业部,73691828.97,5,50355138.11,5,23336690.86,2
2234,广发证券股份有限公司青岛武夷山路证券营业部,73682895.87,3,69322077.87,2,4360818.0,1
2235,招商证券股份有限公司成都天府三街证券营业部,73479988.51,7,12028388.0,3,61451600.51,4
2236,长城证券股份有限公司苏州东吴北路证券营业部,73372214.37,3,18417847.0,2,54954367.37,2
2237,东莞证券股份有限公司佛山分公司,73347597.0,4,31299329.0,2,42048268.0,3
2238,金融街证券股份有限公司北京建国路证券营业部,73327861.13,4,23304431.13,2,50023430.0,2
2239,国海证券股份有限公司四川分公司,73252883.0,5,39706018.0,2,33546865.0,4
2240,东海证券股份有限公司宁波四明中路证券营业部,73232627.0,4,43723218.0,3,29509409.0,1
2241,广发证券股份有限公司广州海珠广场星寰国际证券营业部,73223577.93,5,1100991.01,2,72122586.92,4
2242,浙商证券股份有限公司,73067959.0,2,73067959.0,2,0.0,0
2243,东兴证券股份有限公司永安牺和路证券营业部,73059234.46,4,12649660.82,3,60409573.64,4
2244,中山证券有限责任公司北京分公司,73038559.16,5,2646154.4,4,70392404.76,4
2245,粤开证券股份有限公司四川分公司,72991584.08,5,5782055.0,1,67209529.08,4
2246,财达证券股份有限公司唐山富康道证券营业部,72934825.62,6,7456048.0,3,65478777.62,6
2247,光大证券股份有限公司深圳香蜜湖路证券营业部,72864776.58,2,6219799.58,1,66644977.0,2
2248,国联民生证券股份有限公司苏州分公司,72828996.89,7,29324484.03,5,43504512.86,5
2249,方正证券股份有限公司北京丰台西局欣园证券营业部,72790504.84,4,30829833.0,2,41960671.84,3
2250,长城证券股份有限公司厦门湖滨南路证券营业部,72663391.13,2,53504866.13,2,19158525.0,2
2251,广发证券股份有限公司保定七一中路证券营业部,72660787.86,6,18793368.44,5,53867419.42,4
2252,兴业证券股份有限公司湖南分公司,72529443.52,11,19391825.0,7,53137618.52,7
2253,华宝证券股份有限公司广州花城大道证券营业部,72450510.65,13,41050108.22,12,31400402.43,9
2254,申万宏源证券有限公司泉州分公司,72295555.83,5,14599497.8,3,57696058.03,3
2255,信达证券股份有限公司成都交子大道证券营业部,72238527.2,2,28909386.2,1,43329141.0,1
2256,长江证券股份有限公司上海长宁区仙霞路证券营业部,72194588.7,8,19831984.0,4,52362604.7,8
2257,中泰证券股份有限公司武汉珞狮路证券营业部,72187681.09,4,21779108.0,2,50408573.09,4
2258,英大证券有限责任公司江西分公司,72108060.85,6,5956855.0,2,66151205.85,4
2259,华宝证券股份有限公司成都天府大道证券营业部,72033913.25,12,36494335.0,8,35539578.25,10
2260,江海证券有限公司大连五四路证券营业部,71982723.04,9,20379292.52,9,51603430.52,8
2261,中信证券华南股份有限公司广州临江大道天德广场证券营业部,71956897.67,8,2029753.0,1,69927144.67,7
2262,申万宏源证券有限公司上海宝山区同泰路证券营业部,71899179.58,11,7816516.78,4,64082662.8,7
2263,国海证券股份有限公司上海虹口区四川北路证券营业部,71842492.77,6,21409238.21,2,50433254.56,5
2264,华林证券股份有限公司江门聚德街证券营业部,71731034.64,6,8019996.82,4,63711037.82,6
2265,招商证券股份有限公司重庆金沙门路证券营业部,71681821.19,9,39045699.46,6,32636121.73,5
2266,东吴证券股份有限公司上海浦东新区世纪大道证券营业部,71678768.52,4,36176808.0,3,35501960.52,2
2267,长江证券股份有限公司北京万柳东路证券营业部,71638997.0,6,20598235.0,3,51040762.0,6
2268,万联证券股份有限公司东莞分公司,71612964.04,3,22636980.32,1,48975983.72,2
2269,浙商证券股份有限公司临海崇和路证券营业部,71452475.56,11,16656053.83,5,54796421.73,9
2270,广发证券股份有限公司镇江长江路证券营业部,71369577.88,16,27454970.05,12,43914607.83,12
2271,中国中金财富证券有限公司西宁证券营业部,71176206.95,9,36501914.42,6,34674292.53,7
2272,上海证券有限责任公司妙境路证券营业部,71143992.49,5,46424672.69,5,24719319.8,4
2273,国联民生证券股份有限公司无锡洛社镇人民南路证券营业部,71062757.54,5,28379083.55,3,42683673.99,3
2274,东方证券股份有限公司晋城红星东街证券营业部,71030874.26,3,9075876.0,2,61954998.26,2
2275,五矿证券有限公司上海汉口路证券营业部,70975887.3,4,57279056.0,2,13696831.3,2
2276,中泰证券股份有限公司上海建国中路证券营业部,70738580.5,8,16891760.9,3,53846819.6,7
2277,中原证券股份有限公司上海杨浦区殷行路证券营业部,70707324.6,5,23151526.6,2,47555798.0,3
2278,中国中金财富证券有限公司青岛香港中路证券营业部,70677193.72,6,4223547.82,1,66453645.9,5
2279,光大证券股份有限公司惠州淡水证券营业部,70539498.66,6,26015796.4,3,44523702.26,6
2280,中泰证券股份有限公司济南分公司,70486852.0,4,39854097.0,2,30632755.0,2
2281,信达证券股份有限公司合肥徽州大道证券营业部,70376923.55,1,70376923.55,1,0.0,0
2282,华泰证券股份有限公司深圳科苑南路华润大厦证券营业部,70374655.6,7,24139957.37,5,46234698.23,6
2283,金元证券股份有限公司东阳中山路证券营业部,70171711.48,5,44735222.8,3,25436488.68,2
2284,大通证券股份有限公司抚顺新华大街证券营业部,70102098.08,9,38410150.18,7,31691947.9,7
2285,方正证券股份有限公司温岭阳光大道证券营业部,70052844.46,7,21336768.96,4,48716075.5,6
2286,金元证券股份有限公司浙江分公司,69948440.0,6,10402414.0,2,59546026.0,5
2287,中国银河证券股份有限公司湖州证券营业部,69940074.29,13,14840159.12,5,55099915.17,12
2288,中国银河证券股份有限公司太原迎泽桥西证券营业部,69823975.0,5,9521420.0,4,60302555.0,4
2289,国泰海通证券股份有限公司西安文景路证券营业部,69758677.8,3,2792553.0,1,66966124.8,2
2290,华泰证券股份有限公司舟山体育路证券营业部,69746774.08,1,69742679.08,1,4095.0,1
2291,中原证券股份有限公司济南玉函路证券营业部,69711156.99,3,51278405.99,2,18432751.0,1
2292,申港证券股份有限公司深圳分公司,69666660.0,5,45903026.0,3,23763634.0,2
2293,中信建投证券股份有限公司北京望京证券营业部,69473739.21,38,24617663.62,23,44856075.59,27
2294,广发证券股份有限公司汕头潮阳棉北证券营业部,69459241.0,2,69434241.0,2,25000.0,1
2295,申万宏源证券有限公司北京安定路证券营业部,69452785.68,4,37452653.1,2,32000132.58,2
2296,中泰证券股份有限公司滨州博兴胜利二路证券营业部,69436358.32,3,50800740.32,2,18635618.0,1
2297,金融街证券股份有限公司上海虹口区海伦路证券营业部,69372067.26,10,36019485.1,6,33352582.16,8
2298,第一创业证券股份有限公司长沙分公司,69346899.76,5,19374858.76,4,49972041.0,4
2299,中信建投证券股份有限公司北京马家堡西路证券营业部,69282158.58,5,1965965.0,2,67316193.58,4
2300,江海证券有限公司哈尔滨上海街证券营业部,69257671.8,3,2278918.0,3,66978753.8,2
2301,中信证券股份有限公司永康金城路证券营业部,69151858.22,8,21988431.31,4,47163426.91,5
2302,中国中金财富证券有限公司北京石景山证券营业部,69147136.94,8,28314405.93,4,40832731.01,4
2303,信达证券股份有限公司青岛珠江路证券营业部,69138467.8,5,13696316.0,2,55442151.8,3
2304,华泰证券股份有限公司无锡和风路证券营业部,69136500.31,5,69136500.31,5,0.0,0
2305,国新证券股份有限公司合肥庐州大道证券营业部,69131760.8,3,17964646.0,1,51167114.8,2
2306,国泰海通证券股份有限公司淮安淮海北路证券营业部,69127774.8,8,21736631.43,3,47391143.37,5
2307,渤海证券股份有限公司苏州景德路证券营业部,69111757.25,4,38459011.25,4,30652746.0,2
2308,申万宏源证券有限公司上海金山区蒙山路证券营业部,69003219.57,9,11138762.0,5,57864457.57,5
2309,中国银河证券股份有限公司绍兴柯桥鉴湖路证券营业部,68964984.34,11,25163423.56,6,43801560.78,10
2310,上海证券有限责任公司温州月乐西街证券营业部,68878585.21,4,17857603.0,1,51020982.21,3
2311,国盛证券股份有限公司北京分公司,68830724.46,4,8546767.0,1,60283957.46,4
2312,开源证券股份有限公司西安长安路证券营业部,68826391.2,6,10428527.0,3,58397864.2,5
2313,华福证券股份有限公司海口侨中路证券营业部,68807565.0,2,11007144.0,1,57800421.0,1
2314,中泰证券股份有限公司宁波北仑恒山路证券营业部,68773007.51,2,68773007.51,2,0.0,0
2315,中国中金财富证券有限公司杭州教工路证券营业部,68720257.78,8,57767492.08,6,10952765.7,5
2316,光大证券股份有限公司宁波悦盛路证券营业部,68625072.2,6,5228366.2,3,63396706.0,3
2317,信达证券股份有限公司上海铁岭路证券营业部,68614636.64,3,18056411.0,2,50558225.64,2
2318,国泰海通证券股份有限公司苏州狮山路证券营业部,68252107.38,3,27376342.21,3,40875765.17,1
2319,华安证券股份有限公司平顶山凌云路证券营业部,68056167.22,4,30035749.24,2,38020417.98,2
2320,中国中金财富证券有限公司上海徐汇区淮海中路证券营业部,68044814.6,17,9735129.33,12,58309685.27,7
2321,国泰海通证券股份有限公司梅州新中路证券营业部,68036620.42,6,8245979.0,3,59790641.42,3
2322,财通证券股份有限公司海宁水月亭西路证券营业部,68028709.85,7,28788104.2,5,39240605.65,6
2323,华鑫证券有限责任公司上海梅园路证券营业部,67974293.0,5,53848899.0,5,14125394.0,2
2324,华龙证券股份有限公司兰州民主东路证券营业部,67913272.71,3,8865622.0,1,59047650.71,2
2325,长江证券股份有限公司成都光华村街证券营业部,67896900.8,4,6551431.89,1,61345468.91,3
2326,国新证券股份有限公司娄底吉星路证券营业部,67880602.0,3,63822976.0,3,4057626.0,3
2327,国元证券股份有限公司合肥寿春路第一证券营业部,67796534.3,8,13310484.0,2,54486050.3,7
2328,国信证券股份有限公司陕西分公司,67717482.51,5,14196985.51,3,53520497.0,4
2329,东莞证券股份有限公司北京西城太平街证券营业部,67717119.5,4,10480817.09,4,57236302.41,3
2330,国信证券股份有限公司江苏分公司,67402093.76,4,44914624.76,4,22487469.0,3
2331,国泰海通证券股份有限公司深圳福民路证券营业部,67356922.76,4,47727264.76,4,19629658.0,3
2332,财达证券股份有限公司沧州解放西路证券营业部,67294480.51,9,48660006.51,7,18634474.0,3
2333,国泰海通证券股份有限公司济南舜耕路证券营业部,67239367.15,6,14616579.0,3,52622788.15,5
2334,中信建投证券股份有限公司安阳永明路证券营业部,67208919.92,6,1288032.0,5,65920887.92,3
2335,广发证券股份有限公司广州科韵路证券营业部,67173621.49,11,2668844.34,6,64504777.15,9
2336,广发证券股份有限公司汕头迎宾路证券营业部,67137873.42,5,10339014.0,4,56798859.42,4
2337,华鑫证券有限责任公司上海江宁路证券营业部,67089828.0,3,67089828.0,3,0.0,0
2338,华安证券股份有限公司广州金融城证券营业部,67088034.96,3,48650151.96,2,18437883.0,1
2339,东方证券股份有限公司长沙芙蓉南路证券营业部,67056378.27,6,31033761.65,3,36022616.62,3
2340,申万宏源证券有限公司上海徐汇区肇嘉浜路证券营业部,66765225.95,7,6531876.3,3,60233349.65,4
2341,申万宏源证券有限公司郑州花园路证券营业部,66709511.78,9,26232722.0,5,40476789.78,4
2342,财通证券股份有限公司青田新大街证券营业部,66695743.0,5,30799647.0,2,35896096.0,3
2343,华泰证券股份有限公司太原长治路证券营业部,66676339.7,6,12764915.7,5,53911424.0,3
2344,国联民生证券股份有限公司深圳壹方中心证券营业部,66608474.0,2,4387214.0,1,62221260.0,1
2345,渤海证券股份有限公司深圳分公司,66592368.04,8,47809237.15,6,18783130.89,7
2346,中国银河证券股份有限公司厦门民族路证券营业部,66508385.1,6,10896069.51,4,55612315.59,4
2347,第一创业证券股份有限公司天津自贸区证券营业部,66499000.59,4,2845296.0,1,63653704.59,3
2348,中国中金财富证券有限公司山东分公司,66356845.35,5,11463799.0,1,54893046.35,4
2349,东海证券股份有限公司深圳深南大道证券营业部,66336507.63,8,108000.0,1,66228507.63,7
2350,浙商证券股份有限公司杭州余之城证券营业部,66169365.08,7,10152326.0,4,56017039.08,5
2351,国泰海通证券股份有限公司丽江福慧路证券营业部,66131271.61,4,18457350.39,3,47673921.22,2
2352,东北证券股份有限公司上海永嘉路证券营业部,65989545.44,7,7868012.0,5,58121533.44,4
2353,中银国际证券股份有限公司辽宁分公司,65951928.84,10,39262064.84,6,26689864.0,8
2354,东方证券股份有限公司上海虹口区曲阳路证券营业部,65907380.48,5,7474200.02,4,58433180.46,4
2355,东兴证券股份有限公司南京汉中路证券营业部,65906427.96,6,48613292.38,4,17293135.58,2
2356,华西证券股份有限公司武汉青年路证券营业部,65570850.28,3,36088328.76,2,29482521.52,1
2357,广发证券股份有限公司广州汉溪大道东证券营业部,65426813.84,13,34645261.24,9,30781552.6,10
2358,国泰海通证券股份有限公司株洲建设中路证券营业部,65377434.0,2,65377434.0,2,0.0,0
2359,招商证券股份有限公司深圳中心路证券营业部,65375798.36,7,946496.0,5,64429302.36,6
2360,广发证券股份有限公司慈溪浒山路证券营业部,65287109.0,4,45787746.0,4,19499363.0,2
2361,中信建投证券股份有限公司石家庄自强路证券营业部,65189029.62,9,61575310.2,8,3613719.42,2
2362,中泰证券股份有限公司潍坊四平路证券营业部,65148617.48,3,22590294.48,2,42558323.0,2
2363,国信证券股份有限公司大连分公司,65085064.28,5,6269214.71,4,58815849.57,5
2364,光大证券股份有限公司上海徐汇区东安路证券营业部,65065047.0,4,6126243.0,2,58938804.0,3
2365,浙商证券股份有限公司宁波四明中路证券营业部,65060615.66,15,14976344.98,9,50084270.68,8
2366,国信证券股份有限公司达州金龙大道证券营业部,64942822.0,4,47879309.0,3,17063513.0,2
2367,中信证券股份有限公司如皋福寿路证券营业部,64749747.99,5,18958132.0,4,45791615.99,4
2368,中信证券股份有限公司上海普陀区常德路证券营业部,64746574.26,5,30415807.8,2,34330766.46,5
2369,中信证券股份有限公司大连高新园区证券营业部,64701501.58,3,58635159.58,2,6066342.0,1
2370,方正证券股份有限公司常德武陵大道证券营业部,64538915.08,4,5371934.0,2,59166981.08,3
2371,金元证券股份有限公司海南分公司,64537391.06,7,26415661.0,2,38121730.06,6
2372,申万宏源证券有限公司成都西一环路证券营业部,64508198.2,3,16331850.0,1,48176348.2,2
2373,华泰证券股份有限公司沈阳大西路证券营业部,64457556.53,5,21046926.0,3,43410630.53,3
2374,中信建投证券股份有限公司龙岩龙岩大道证券营业部,64440163.0,2,62752927.0,2,1687236.0,1
2375,中国银河证券股份有限公司厦门湖滨东路证券营业部,64320038.65,1,45914290.65,1,18405748.0,1
2376,招商证券股份有限公司北京北苑路证券营业部,64266741.6,4,2052647.0,2,62214094.6,3
2377,渤海证券股份有限公司天津奉化道证券营业部,64214695.3,7,34895139.3,3,29319556.0,6
2378,光大证券股份有限公司上海静安区南京西路证券营业部,64116955.32,7,18773711.87,5,45343243.45,3
2379,兴业证券股份有限公司厦门建业路证券营业部,64103000.9,13,13691865.6,5,50411135.3,9
2380,中国银河证券股份有限公司深圳光明证券营业部,64084376.93,3,46385592.22,2,17698784.71,2
2381,南京证券股份有限公司桐乡庆丰北路证券营业部,63804861.17,2,25257365.0,1,38547496.17,1
2382,中信证券股份有限公司德阳庐山南路证券营业部,63775269.0,4,144074.0,2,63631195.0,3
2383,开源证券股份有限公司苏州苏州大道东证券营业部,63719069.4,9,32496775.0,7,31222294.4,8
2384,浙商证券股份有限公司绍兴金柯桥大道证券营业部,63716981.95,6,45149742.24,4,18567239.71,4
2385,国元证券股份有限公司诸暨东二路证券营业部,63711976.91,3,3633287.83,1,60078689.08,2
2386,中国银河证券股份有限公司太原桃园证券营业部,63637252.08,4,34428671.83,2,29208580.25,3
2387,中邮证券有限责任公司上海分公司,63547475.91,2,16311724.0,1,47235751.91,1
2388,中国银河证券股份有限公司合肥金城证券营业部,63543818.51,7,43493692.7,2,20050125.81,5
2389,国投证券股份有限公司佛山顺德容奇大道证券营业部,63500631.79,5,11419910.0,4,52080721.79,4
2390,兴业证券股份有限公司济宁分公司,63486548.33,7,45082154.8,5,18404393.53,5
2391,中信证券(山东)有限责任公司临沂金雀山路证券营业部,63370020.6,9,6859468.78,6,56510551.82,4
2392,东北证券股份有限公司长春建设街证券营业部,63357240.76,5,34635546.0,5,28721694.76,4
2393,国元证券股份有限公司台州市府大道证券营业部,63305223.14,5,18600817.0,2,44704406.14,4
2394,光大证券股份有限公司北京小营路证券营业部,63297739.38,9,10002531.46,5,53295207.92,6
2395,东方证券股份有限公司北京安立路证券营业部,63278262.1,13,19692752.9,6,43585509.2,8
2396,国海证券股份有限公司青岛福州南路证券营业部,63201241.82,1,63201241.82,1,0.0,0
2397,金融街证券股份有限公司临河胜利北路证券营业部,63139189.94,5,18290004.59,4,44849185.35,2
2398,招商证券股份有限公司上海闵行区龙茗路证券营业部,63057537.61,4,40934470.52,4,22123067.09,2
2399,中信建投证券股份有限公司新疆分公司,63036456.0,3,9816316.0,1,53220140.0,3
2400,广发证券股份有限公司大连港兴路证券营业部,63019639.0,4,4630788.0,1,58388851.0,3
2401,英大证券有限责任公司长沙芙蓉中路证券营业部,62980872.6,5,9490867.0,1,53490005.6,4
2402,西部证券股份有限公司深圳中心路证券营业部,62975390.0,2,6036000.0,1,56939390.0,1
2403,方正证券股份有限公司新昌鼓山西路证券营业部,62974901.4,4,22249814.0,3,40725087.4,4
2404,中国银河证券股份有限公司上海泗宝路证券营业部,62881902.0,5,8566234.0,2,54315668.0,3
2405,财通证券股份有限公司宁海金融中心证券营业部,62855139.23,5,34760442.67,3,28094696.56,3
2406,华林证券股份有限公司广州体育西路证券营业部,62821962.92,6,617907.2,5,62204055.72,4
2407,金元证券股份有限公司四川分公司,62803354.2,5,12460277.0,1,50343077.2,4
2408,东吴证券股份有限公司苏州吴江区中山北路证券营业部,62763786.0,4,20146178.0,1,42617608.0,4
2409,方正证券股份有限公司宁波江澄北路证券营业部,62744190.17,5,2035304.0,2,60708886.17,4
2410,国投证券股份有限公司宁波分公司,62743431.0,7,6620637.0,4,56122794.0,6
2411,中信证券华南股份有限公司佛山桂澜中路证券营业部,62743425.56,6,48466185.84,5,14277239.72,1
2412,中信建投证券股份有限公司北京回龙观西大街证券营业部,62684885.0,4,44157380.0,2,18527505.0,2
2413,民生证券股份有限公司杭州东宁路证券营业部,62460591.62,5,62460591.62,5,0.0,0
2414,方正证券股份有限公司兰溪兰荫路证券营业部,62460484.0,2,62065514.0,2,394970.0,2
2415,中信建投证券股份有限公司金华宾虹路证券营业部,62398906.01,4,46559468.05,3,15839437.96,2
2416,西部证券股份有限公司潍坊东风东街证券营业部,62363577.0,4,7956365.21,1,54407211.79,4
2417,中信证券股份有限公司西安未央路证券营业部,62312911.27,6,53249309.9,4,9063601.37,3
2418,中信建投证券股份有限公司无锡分公司,62285016.8,3,422190.0,2,61862826.8,2
2419,广发证券股份有限公司四会市四会大道证券营业部,62281178.09,8,41466909.1,8,20814268.99,6
2420,中信证券(山东)有限责任公司烟威分公司,62173393.11,6,22149878.94,5,40023514.17,5
2421,中信证券股份有限公司内蒙古分公司,62126404.79,3,62126404.79,3,0.0,0
2422,中国银河证券股份有限公司南京中央路证券营业部,62125882.0,4,2430259.0,1,59695623.0,3
2423,光大证券股份有限公司上海金山区卫清西路证券营业部,62101086.54,5,12412683.0,3,49688403.54,3
2424,平安证券股份有限公司绵阳火炬北街证券营业部,62073637.66,9,12900789.86,6,49172847.8,4
2425,浙商证券股份有限公司宁波河清北路证券营业部,62006996.61,6,40000072.55,4,22006924.06,3
2426,兴业证券股份有限公司贵州分公司,61998318.57,2,56667498.57,1,5330820.0,1
2427,兴业证券股份有限公司北京分公司,61902659.4,4,43090209.4,3,18812450.0,3
2428,国泰海通证券股份有限公司银川文化西街证券营业部,61852155.48,3,20056293.38,1,41795862.1,2
2429,甬兴证券有限公司宁波中山西路证券营业部,61821808.5,4,53164600.05,3,8657208.45,3
2430,中国银河证券股份有限公司深圳深业上城证券营业部,61821071.05,5,13859324.69,3,47961746.36,3
2431,国泰海通证券股份有限公司郑州经七路证券营业部,61796681.57,3,101058.3,3,61695623.27,2
2432,中国银河证券股份有限公司济南坤顺路证券营业部,61645868.2,2,27760823.0,1,33885045.2,1
2433,东方证券股份有限公司株洲长江北路证券营业部,61580245.27,3,25301975.27,2,36278270.0,3
2434,世纪证券有限责任公司安徽分公司,61544676.73,4,9187029.0,2,52357647.73,3
2435,招商证券股份有限公司,61485369.0,7,47016485.0,6,14468884.0,1
2436,国泰海通证券股份有限公司南充北湖路证券营业部,61480593.0,4,1026607.0,3,60453986.0,4
2437,第一创业证券股份有限公司海南分公司,61367115.0,3,51462270.0,3,9904845.0,2
2438,国元证券股份有限公司合肥长江路证券营业部,61337908.2,5,40425616.51,5,20912291.69,3
2439,华西证券股份有限公司乐山嘉定南路证券营业部,61276889.35,15,45109270.35,13,16167619.0,4
2440,山西证券股份有限公司太原府西街证券营业部,61204070.45,5,35040783.45,5,26163287.0,3
2441,东莞证券股份有限公司潮州潮枫路证券营业部,61119896.12,4,7748909.12,4,53370987.0,2
2442,华西证券股份有限公司成都南一环路证券营业部,61092114.13,4,2344509.77,3,58747604.36,3
2443,华福证券股份有限公司福州金环路证券营业部,61007040.0,1,61007040.0,1,0.0,0
2444,华龙证券股份有限公司长沙芙蓉中路证券营业部,60984065.46,11,22459980.26,3,38524085.2,8
2445,华龙证券股份有限公司北京安外大街证券营业部,60981689.1,11,19219278.52,5,41762410.58,8
2446,中国银河证券股份有限公司临汾向阳路证券营业部,60980832.36,5,21696995.44,4,39283836.92,5
2447,国泰海通证券股份有限公司泰州鼓楼南路第一证券营业部,60642157.25,3,19765402.0,2,40876755.25,3
2448,华龙证券股份有限公司北京三元桥证券营业部,60550770.7,2,10021667.84,1,50529102.86,1
2449,浙商证券股份有限公司江西分公司,60459148.4,3,27934598.4,2,32524550.0,1
2450,中泰证券股份有限公司义乌诚信大道证券营业部,60454259.5,6,4488034.0,2,55966225.5,5
2451,国投证券股份有限公司汕头澄海证券营业部,60435700.84,7,18659482.0,4,41776218.84,5
2452,华福证券股份有限公司山西分公司,60373636.61,3,9752400.0,1,50621236.61,2
2453,兴业证券股份有限公司天津分公司,60341092.67,2,60341092.67,2,0.0,0
2454,东海证券股份有限公司扬州文汇东路证券营业部,60338304.73,3,46396273.14,2,13942031.59,1
2455,甬兴证券有限公司宁波奉化中山东路证券营业部,60145994.0,4,5753803.0,1,54392191.0,3
2456,浙商证券股份有限公司诸暨东一路证券营业部,60132225.56,6,28962227.36,4,31169998.2,2
2457,长江证券股份有限公司惠州金山湖证券营业部,60130269.25,11,21291431.1,9,38838838.15,8
2458,华安证券股份有限公司蚌埠分公司,60002396.96,3,83940.1,1,59918456.86,2
2459,光大证券股份有限公司北京三元桥证券营业部,59941300.52,6,27305960.3,3,32635340.22,4
2460,国投证券股份有限公司徐州民主北路证券营业部,59934774.0,4,22157087.0,3,37777687.0,3
2461,广发证券股份有限公司珠海石花西路证券营业部,59870850.0,4,24752540.0,1,35118310.0,4
2462,中银国际证券股份有限公司上海张杨路证券营业部,59760215.12,3,9393780.0,3,50366435.12,2
2463,中国银河证券股份有限公司北京双井证券营业部,59643910.0,5,25538541.0,2,34105369.0,5
2464,中国中金财富证券有限公司广州科学大道证券营业部,59638074.64,27,11856513.0,17,47781561.64,15
2465,国泰海通证券股份有限公司武汉新华路证券营业部,59626833.94,10,13680774.0,3,45946059.94,8
2466,中国中金财富证券有限公司哈尔滨朗江路证券营业部,59602852.38,5,6744286.61,2,52858565.77,4
2467,广发证券股份有限公司唐山大里路证券营业部,59578928.8,4,3567899.0,1,56011029.8,3
2468,德邦证券股份有限公司嘉兴分公司,59525695.0,2,59525695.0,2,0.0,0
2469,东莞证券股份有限公司东莞凤岗证券营业部,59484849.85,3,23537060.0,2,35947789.85,2
2470,广发证券股份有限公司秦皇岛和平大街证券营业部,59481521.53,4,33767320.53,3,25714201.0,1
2471,国信证券股份有限公司广州分公司,59387154.62,4,46068169.0,3,13318985.62,3
2472,广发证券股份有限公司海口国兴大道证券营业部,59367181.4,3,35331366.3,2,24035815.1,1
2473,开源证券股份有限公司云南分公司,59364990.4,2,4709185.0,1,54655805.4,1
2474,中信建投证券股份有限公司鞍山人民路证券营业部,59144340.0,6,40193540.0,5,18950800.0,2
2475,中航证券有限公司湖南分公司,59110374.8,7,25980628.6,5,33129746.2,5
2476,中泰证券股份有限公司宁波江东北路证券营业部,59073095.28,2,40402016.24,1,18671079.04,1
2477,国泰海通证券股份有限公司沧州求是大道证券营业部,59012346.0,4,28186038.0,4,30826308.0,2
2478,第一创业证券股份有限公司合肥分公司,59005018.23,5,26594693.8,4,32410324.43,1
2479,财通证券股份有限公司徐州中山北路证券营业部,58976991.88,6,23507816.19,4,35469175.69,4
2480,中国中金财富证券有限公司深圳壹方中心证券营业部,58968114.39,4,22161662.39,3,36806452.0,3
2481,中国银河证券股份有限公司宁波潜龙路证券营业部,58944255.72,2,8431843.0,2,50512412.72,2
2482,东北证券股份有限公司上海峨山路证券营业部,58878307.32,9,3532747.24,3,55345560.08,7
2483,国投证券股份有限公司西北分公司,58798102.08,3,32257202.08,2,26540900.0,1
2484,广发证券股份有限公司长春解放大路证券营业部,58593900.0,3,22263900.0,2,36330000.0,1
2485,长城国瑞证券有限公司厦门厦禾路证券营业部,58504593.79,5,36551958.24,4,21952635.55,3
2486,招商证券股份有限公司深圳红荔西路证券营业部,58403070.7,7,43190885.0,7,15212185.7,3
2487,中泰证券股份有限公司东营北一路证券营业部,58285690.02,4,343710.0,1,57941980.02,3
2488,国泰海通证券股份有限公司雅安雅雨路证券营业部,58215434.31,3,8138617.12,1,50076817.19,3
2489,上海证券有限责任公司松江区乐都路证券营业部,58213150.4,6,1113092.0,2,57100058.4,5
2490,中信证券股份有限公司杭州古墩路证券营业部,57995828.62,5,5401412.44,2,52594416.18,5
2491,中信建投证券股份有限公司三亚迎宾路证券营业部,57948928.18,3,784116.0,1,57164812.18,2
2492,中信建投证券股份有限公司南昌井冈山大道证券营业部,57884216.01,5,22131120.28,4,35753095.73,3
2493,西部证券股份有限公司咸阳西兰路证券营业部,57878600.64,2,6658072.64,1,51220528.0,1
2494,川财证券有限责任公司北京分公司,57849213.96,7,52535533.08,5,5313680.88,2
2495,方正证券股份有限公司东阳吴宁东路证券营业部,57829197.04,3,44870812.44,3,12958384.6,2
2496,招商证券股份有限公司玉林江南路证券营业部,57682061.0,2,57481736.0,2,200325.0,2
2497,中信建投证券股份有限公司武汉京汉大道证券营业部,57665807.88,10,12912672.88,5,44753135.0,8
2498,华林证券股份有限公司深圳民田路证券营业部,57621308.36,7,10793597.36,3,46827711.0,6
2499,国盛证券股份有限公司宁波天童南路证券营业部,57603903.18,7,11902456.0,3,45701447.18,6
2500,申万宏源证券有限公司石家庄中山西路证券营业部,57545230.62,3,3076350.52,2,54468880.1,2
2501,招商证券股份有限公司上海长宁区江苏路证券营业部,57526733.86,14,33417764.08,6,24108969.78,10
2502,国泰海通证券股份有限公司宁波大闸南路证券营业部,57511759.78,5,16752117.78,4,40759642.0,2
2503,国信证券股份有限公司广州丰乐南路证券营业部,57478333.4,3,57478333.4,3,0.0,0
2504,长城证券股份有限公司衡水新华路证券营业部,57341645.0,2,57341645.0,2,0.0,0
2505,光大证券股份有限公司惠州惠沙堤证券营业部,57288825.0,6,10691242.0,2,46597583.0,5
2506,长江证券股份有限公司荆州北京西路证券营业部,57284446.49,8,6112339.24,6,51172107.25,7
2507,东兴证券股份有限公司泉州丰泽街证券营业部,57235925.74,11,6894102.53,5,50341823.21,8
2508,西南证券股份有限公司无锡青山西路证券营业部,57214540.1,3,25849419.0,2,31365121.1,1
2509,广发证券股份有限公司广州番禺广场番发大厦证券营业部,57208188.0,6,11369408.0,2,45838780.0,5
2510,中国中金财富证券有限公司南京龙蟠中路证券营业部,57129993.51,8,26808721.82,2,30321271.69,7
2511,招商证券股份有限公司北京上地农大南路证券营业部,57064013.0,5,7419446.0,1,49644567.0,4
2512,东方财富证券股份有限公司北京望京北路证券营业部,57026382.0,2,57026382.0,2,0.0,0
2513,兴业证券股份有限公司龙岩人民西路证券营业部,57018094.8,6,18514302.8,5,38503792.0,2
2514,长城证券股份有限公司福建分公司,56898762.81,3,6352934.0,1,50545828.81,2
2515,第一创业证券股份有限公司青岛分公司,56885834.43,4,27446496.0,1,29439338.43,3
2516,华安证券股份有限公司江苏分公司,56822087.16,5,40308124.55,4,16513962.61,1
2517,华安证券股份有限公司郑州国基路证券营业部,56705942.0,7,15914681.0,2,40791261.0,5
2518,招商证券股份有限公司上海杨浦区翔殷路证券营业部,56680982.08,14,8446893.01,9,48234089.07,7
2519,申万宏源证券有限公司镇江解放路证券营业部,56656988.0,4,566480.0,2,56090508.0,3
2520,光大证券股份有限公司成都春熙路证券营业部,56581682.86,5,30350008.0,5,26231674.86,4
2521,华泰证券股份有限公司福州五一北路证券营业部,56460499.58,7,291448.0,2,56169051.58,6
2522,中国银河证券股份有限公司平阳人民路证券营业部,56433375.25,3,26797947.0,3,29635428.25,2
2523,万联证券股份有限公司绍兴胜利东路证券营业部,56403731.0,5,40761175.3,3,15642555.7,2
2524,东海证券股份有限公司常州延陵中路证券营业部,56338054.44,10,6356332.91,7,49981721.53,6
2525,东北证券股份有限公司泉州丰泽街证券营业部,56284471.09,3,38167414.09,2,18117057.0,1
2526,华源证券股份有限公司广东分公司,56263998.43,16,25120899.93,8,31143098.5,9
2527,中信建投证券股份有限公司吉安井冈山大道证券营业部,56254560.94,3,19256328.0,2,36998232.94,3
2528,西南证券股份有限公司重庆第四分公司,56062698.2,4,9538300.96,3,46524397.24,2
2529,中国银河证券股份有限公司石家庄胜利北街证券营业部,55974599.92,17,30466836.1,12,25507763.82,6
2530,华福证券股份有限公司福州广达路证券营业部,55929803.38,5,19113124.38,2,36816679.0,4
2531,国泰海通证券股份有限公司杭州学院路证券营业部,55875435.4,4,4200792.2,4,51674643.2,3
2532,华安证券股份有限公司无为北大街证券营业部,55863200.56,4,7292619.33,2,48570581.23,3
2533,平安证券股份有限公司河北分公司,55788315.72,6,13358155.84,5,42430159.88,5
2534,东北证券股份有限公司长沙晴岚路证券营业部,55765017.0,4,25101257.0,4,30663760.0,2
2535,金元证券股份有限公司福州祥坂街证券营业部,55757428.23,6,11910075.18,2,43847353.05,4
2536,国泰海通证券股份有限公司辽源人民大街证券营业部,55638957.56,3,10043106.0,3,45595851.56,3
2537,光大证券股份有限公司金华宾虹路证券营业部,55552644.84,9,42863008.32,9,12689636.52,5
2538,中国银河证券股份有限公司上海虹口区东大名路证券营业部,55509352.8,4,10815644.0,3,44693708.8,3
2539,长江证券股份有限公司合肥徽州大道证券营业部,55449222.4,5,42966039.4,4,12483183.0,1
2540,中信证券股份有限公司苏州苏州大道东证券营业部,55426309.68,5,17142961.0,2,38283348.68,4
2541,信达证券股份有限公司北京东长安街证券营业部,55372007.94,7,19208708.0,3,36163299.94,6
2542,光大证券股份有限公司宁波解放南路证券营业部,55326954.36,7,27202255.8,4,28124698.56,5
2543,国元证券股份有限公司江阴滨江东路证券营业部,55107618.0,3,10975738.0,1,44131880.0,2
2544,中信证券(山东)有限责任公司青岛西海岸新区长江中路证券营业部,55077763.6,2,55077763.6,2,0.0,0
2545,长江证券股份有限公司绍兴胜利东路证券营业部,55038627.2,5,20274954.0,2,34763673.2,3
2546,广发证券股份有限公司江门新会知政中路证券营业部,55006484.72,9,32160624.92,4,22845859.8,8
2547,华安证券股份有限公司合肥金石广场证券营业部,54968137.11,7,52633519.67,5,2334617.44,4
2548,中航证券有限公司北京东三环证券营业部,54720937.33,2,54720937.33,2,0.0,0
2549,广发证券股份有限公司东莞虎门证券营业部,54667110.85,6,8351979.0,3,46315131.85,6
2550,华泰证券股份有限公司大连港兴路证券营业部,54501558.2,4,14250830.0,2,40250728.2,2
2551,国新证券股份有限公司江苏分公司,54408076.0,6,42933869.0,4,11474207.0,3
2552,中信建投证券股份有限公司杭州萍水西街证券营业部,54360104.0,3,31709679.0,2,22650425.0,2
2553,兴业证券股份有限公司宁波分公司,54312347.6,4,41372754.6,3,12939593.0,2
2554,中信证券股份有限公司上海青浦区徐民路证券营业部,54213012.0,4,32663790.0,2,21549222.0,2
2555,联储证券股份有限公司莆田东园西路证券营业部,54184039.82,5,13498650.59,2,40685389.23,3
2556,海通证券股份有限公司国际部,54157032.24,3,30132982.24,1,24024050.0,2
2557,国信证券股份有限公司南充滨江南路证券营业部,54107900.67,4,19136727.45,2,34971173.22,3
2558,中信建投证券股份有限公司东莞东莞大道证券营业部,54073033.75,3,14104895.05,2,39968138.7,2
2559,财通证券股份有限公司温岭泽国泽牧路证券营业部,54030744.0,5,22180568.0,4,31850176.0,4
2560,华鑫证券有限责任公司无锡人民中路证券营业部,54002823.32,6,49294716.1,5,4708107.22,2
2561,中航证券有限公司重庆分公司,53914040.96,2,53893179.96,2,20861.0,1
2562,国新证券股份有限公司福州江滨中大道证券营业部,53850856.46,8,35317312.98,6,18533543.48,5
2563,招商证券股份有限公司北京安立路证券营业部,53734807.06,10,19327908.58,7,34406898.48,4
2564,国信证券股份有限公司佛山顺德大良证券营业部,53703220.63,6,12659664.59,3,41043556.04,4
2565,浙商证券股份有限公司保定复兴中路证券营业部,53662298.53,3,53662298.53,3,0.0,0
2566,国新证券股份有限公司阿克苏南昌路证券营业部,53656568.2,9,31269777.2,5,22386791.0,7
2567,上海证券有限责任公司瑞安塘下大道证券营业部,53458256.0,5,12578690.0,2,40879566.0,4
2568,中国中金财富证券有限公司连云港朝阳东路证券营业部,53423336.0,2,49862936.0,1,3560400.0,1
2569,天府证券有限责任公司成都天府一街证券营业部,53397435.5,7,12570801.58,3,40826633.92,5
2570,华福证券股份有限公司厦门分公司,53298588.55,7,19385988.0,3,33912600.55,4
2571,太平洋证券股份有限公司昆明圆通街证券营业部,53221418.1,6,1270333.0,1,51951085.1,5
2572,国新证券股份有限公司,53111835.0,1,53111835.0,1,0.0,0
2573,光大证券股份有限公司大连人民东路证券营业部,53057032.4,4,38767506.0,2,14289526.4,2
2574,东北证券股份有限公司台州中心大道证券营业部,53043244.85,4,26870373.25,2,26172871.6,2
2575,国泰海通证券股份有限公司南昌火炬大街证券营业部,53039136.0,4,7502300.0,1,45536836.0,3
2576,广发证券股份有限公司温州瓯江路证券营业部,52932763.28,5,16166075.0,2,36766688.28,4
2577,申港证券股份有限公司湖南分公司,52921771.86,7,13809709.0,3,39112062.86,5
2578,国泰海通证券股份有限公司长沙芙蓉中路证券营业部,52887445.0,3,19284801.0,3,33602644.0,2
2579,中信建投证券股份有限公司昆山长江中路证券营业部,52873050.7,3,8043757.0,1,44829293.7,2
2580,中国中金财富证券有限公司南京中央路证券营业部,52762795.8,3,29916625.8,2,22846170.0,1
2581,申万宏源证券有限公司张家港人民东路证券营业部,52722960.0,2,14102000.0,1,38620960.0,1
2582,国泰海通证券股份有限公司成都蓉都大道证券营业部,52709121.0,4,16781268.0,3,35927853.0,2
2583,上海证券有限责任公司嘉定证券营业部,52634385.4,4,7705640.0,2,44928745.4,2
2584,东方证券股份有限公司徐州和平路证券营业部,52530407.0,2,18410000.0,1,34120407.0,1
2585,华林证券股份有限公司西藏分公司,52504478.79,12,12665079.9,8,39839398.89,9
2586,浙商证券股份有限公司合肥创新大道证券营业部,52499456.66,4,18959814.92,2,33539641.74,3
2587,浙商证券股份有限公司嘉善阳光东路证券营业部,52459181.84,3,7389934.0,2,45069247.84,2
2588,广发证券股份有限公司揭阳揭西证券营业部,52430106.0,5,7999660.0,3,44430446.0,3
2589,申万宏源证券有限公司上海浦东新区关岳西路证券营业部,52319545.95,12,23212618.05,6,29106927.9,7
2590,光大证券股份有限公司余姚南雷南路证券营业部,52297847.37,3,26487305.37,3,25810542.0,1
2591,天风证券股份有限公司成都聚龙路证券营业部,52220511.83,8,31459033.94,5,20761477.89,4
2592,广发证券股份有限公司宜兴东虹东路证券营业部,52161235.0,2,347774.0,1,51813461.0,1
2593,方正证券股份有限公司郴州国庆南路证券营业部,52096297.4,4,4200353.0,3,47895944.4,3
2594,大通证券股份有限公司上海尚博路证券营业部,52072847.4,1,52072847.4,1,0.0,0
2595,西南证券股份有限公司重庆第二分公司,51999690.65,8,38277772.7,7,13721917.95,4
2596,中航证券有限公司泉州九灌路证券营业部,51991942.0,3,22259406.0,3,29732536.0,2
2597,国都证券股份有限公司北京中关村南大街证券营业部,51987025.16,9,8473716.0,4,43513309.16,5
2598,山西证券股份有限公司淄博共青团西路证券营业部,51949175.34,2,13154055.0,2,38795120.34,1
2599,中银国际证券股份有限公司江西分公司,51884092.0,6,31143711.0,3,20740381.0,5
2600,中国银河证券股份有限公司天津翔纬路证券营业部,51835639.0,2,50660839.0,1,1174800.0,1
2601,中信建投证券股份有限公司长沙车站北路证券营业部,51828220.0,7,20103633.0,4,31724587.0,3
2602,广发证券股份有限公司北京太阳宫证券营业部,51814191.84,3,10375102.0,1,41439089.84,2
2603,招商证券股份有限公司上海浦东新区浦东南路证券营业部,51769249.0,5,33220749.0,5,18548500.0,1
2604,中国银河证券股份有限公司西宁黄河路证券营业部,51760912.0,3,17716078.0,3,34044834.0,3
2605,浙商证券股份有限公司深圳前海证券营业部,51722308.8,3,12110416.33,1,39611892.47,2
2606,方正证券股份有限公司深圳光明证券营业部,51665154.94,9,12047351.9,4,39617803.04,7
2607,华林证券股份有限公司上海分公司,51571569.85,6,16082215.85,3,35489354.0,4
2608,华林证券股份有限公司深圳龙华证券营业部,51450799.23,8,30674360.39,7,20776438.84,8
2609,世纪证券有限责任公司湖北分公司,51414277.26,3,33185738.26,2,18228539.0,2
2610,东海证券股份有限公司西南分公司,51367770.11,10,26579964.15,8,24787805.96,4
2611,招商证券股份有限公司广州天河北路证券营业部,51355960.18,4,338713.95,2,51017246.23,3
2612,中国银河证券股份有限公司上海黄浦区蒙自路证券营业部,51349020.66,6,13656948.66,4,37692072.0,3
2613,中信证券(山东)有限责任公司潍坊分公司,51321139.79,11,21685436.91,11,29635702.88,7
2614,中国银河证券股份有限公司宁波北仑中河南路证券营业部,51301907.47,4,23498001.07,3,27803906.4,4
2615,国投证券股份有限公司重庆解放碑证券营业部,51285769.8,6,13830134.8,2,37455635.0,4
2616,华泰证券股份有限公司深圳深南大道华润置地大厦证券营业部,51139070.89,8,11766840.09,7,39372230.8,8
2617,申万宏源证券有限公司北京劲松九区证券营业部,51131046.0,2,27780732.0,1,23350314.0,1
2618,华泰证券股份有限公司兰州东岗西路证券营业部,51109578.22,2,22613352.0,1,28496226.22,1
2619,兴业证券股份有限公司湖北分公司,51071024.43,38,30742246.33,21,20328778.1,22
2620,广发证券股份有限公司北京宣武门外大街证券营业部,51023151.5,2,4999280.0,1,46023871.5,1
2621,招商证券股份有限公司上海黄浦区西藏南路证券营业部,50952594.03,9,17088275.43,5,33864318.6,4
2622,国泰海通证券股份有限公司北京通州新华西街证券营业部,50842215.7,4,13886453.0,1,36955762.7,4
2623,中泰证券股份有限公司济南经十路证券营业部,50812460.35,3,889518.35,2,49922942.0,2
2624,东吴证券股份有限公司济南海右路证券营业部,50806433.0,2,5491770.0,1,45314663.0,2
2625,东方证券股份有限公司上海黄浦区凤阳路证券营业部,50641498.0,2,29109602.0,1,21531896.0,1
2626,中国银河证券股份有限公司晋中迎宾街证券营业部,50551859.36,6,647980.8,3,49903878.56,5
2627,英大证券有限责任公司上海陆家嘴证券营业部,50545039.4,4,27689152.4,1,22855887.0,3
2628,东方财富证券股份有限公司湖北分公司,50535600.85,7,3245200.0,2,47290400.85,6
2629,中国中金财富证券有限公司北京分公司,50472278.6,7,25352437.0,1,25119841.6,7
2630,南京证券股份有限公司南京新华路证券营业部,50424693.61,7,4482028.09,5,45942665.52,5
2631,广发证券股份有限公司荣成石岛证券营业部,50400162.0,3,9040696.0,1,41359466.0,2
2632,中信建投证券股份有限公司泉州分公司,50392024.0,8,20931513.0,4,29460511.0,4
2633,东吴证券股份有限公司昆明白龙路证券营业部,50308987.0,2,34308729.0,1,16000258.0,2
2634,中航证券有限公司郑州中原东路证券营业部,50228738.69,6,10815491.95,4,39413246.74,4
2635,中国银河证券股份有限公司南昌红谷滩新区证券营业部,50176620.0,4,18496607.0,3,31680013.0,2
2636,光大证券股份有限公司宁波柳汀街证券营业部,50158927.82,8,31153694.0,6,19005233.82,5
2637,浙商证券股份有限公司绍兴平江路证券营业部,50077440.48,10,35290598.0,7,14786842.48,5
2638,中泰证券股份有限公司泰安东岳大街第一证券营业部,49917327.19,5,25460008.8,3,24457318.39,4
2639,国泰海通证券股份有限公司东莞体育路证券营业部,49792429.01,3,12972393.94,2,36820035.07,2
2640,开源证券股份有限公司上海自由贸易试验区分公司,49763457.59,4,36861542.59,3,12901915.0,1
2641,国投证券股份有限公司汕头金砂路证券营业部,49701503.41,7,2041862.0,2,47659641.41,7
2642,国泰海通证券股份有限公司阳江金园路证券营业部,49648862.99,5,3089702.69,4,46559160.3,4
2643,国元证券股份有限公司芜湖分公司,49629178.75,11,27108382.0,7,22520796.75,7
2644,东北证券股份有限公司广东分公司,49501858.5,8,11527539.0,3,37974319.5,6
2645,方正证券股份有限公司宁波中山西路证券营业部,49486898.0,4,40553003.0,3,8933895.0,2
2646,中山证券有限责任公司深圳粤海分公司,49484541.73,15,13816313.72,9,35668228.01,10
2647,东方证券股份有限公司上海浦东新区周康路证券营业部,49424291.13,4,19665028.44,3,29759262.69,4
2648,国海证券股份有限公司上海黄浦区中山南路证券营业部,49393104.41,5,2744714.0,2,46648390.41,4
2649,平安证券股份有限公司佛山季华六路证券营业部,49346276.23,5,14744009.23,3,34602267.0,4
2650,西南证券股份有限公司上海分公司,49146857.58,3,23414255.58,2,25732602.0,2
2651,财通证券股份有限公司海盐秦山路证券营业部,49136895.05,5,11130455.0,4,38006440.05,4
2652,开源证券股份有限公司四川分公司,49081175.88,2,39363768.76,2,9717407.12,1
2653,兴业证券股份有限公司武汉街道口证券营业部,48972434.71,7,28209244.63,6,20763190.08,3
2654,中信证券(山东)有限责任公司济南阳光新路证券营业部,48878802.02,3,35126997.02,1,13751805.0,2
2655,华林证券股份有限公司聊城东昌东路证券营业部,48875602.0,1,48875602.0,1,0.0,0
2656,东方财富证券股份有限公司深圳分公司,48838355.77,5,10987702.0,2,37850653.77,4
2657,中泰证券股份有限公司哈尔滨自贸区证券营业部,48795320.86,3,36830146.07,2,11965174.79,2
2658,中信证券股份有限公司嵊州兴盛街证券营业部,48758228.46,4,27303830.0,3,21454398.46,2
2659,国信证券股份有限公司珠海兴业路证券营业部,48696206.92,3,9889746.12,3,38806460.8,2
2660,华泰证券股份有限公司宿迁洪泽湖路证券营业部,48690528.71,4,2448309.72,3,46242218.99,3
2661,湘财证券股份有限公司佛山星辰路证券营业部,48595814.0,5,157131.0,2,48438683.0,4
2662,东方证券股份有限公司上海黄浦区北京东路证券营业部,48527149.18,9,35019680.2,4,13507468.98,5
2663,东兴证券股份有限公司乌鲁木齐新华北路证券营业部,48493223.0,2,4348987.0,2,44144236.0,1
2664,南京证券股份有限公司江阴人民中路证券营业部,48493102.2,7,2638442.0,4,45854660.2,6
2665,长江证券股份有限公司京山轻机大道证券营业部,48489598.0,4,7294697.0,1,41194901.0,3
2666,东北证券股份有限公司四川分公司,48356952.98,5,37649272.42,2,10707680.56,4
2667,中国银河证券股份有限公司许昌文峰路证券营业部,48318772.46,7,19000618.5,4,29318153.96,5
2668,国投证券股份有限公司黑龙江分公司,48310161.0,3,3155951.0,2,45154210.0,2
2669,华福证券股份有限公司泉州田安路证券营业部,48287830.05,6,24379170.08,4,23908659.97,5
2670,招商证券股份有限公司深圳龙华证券营业部,48203735.7,6,1295665.0,4,46908070.7,4
2671,东方证券股份有限公司成都建设路证券营业部,48202309.64,9,15112127.0,3,33090182.64,6
2672,国联民生证券股份有限公司上海长宁区虹桥路证券营业部,48004432.32,4,9766129.0,1,38238303.32,3
2673,国泰海通证券股份有限公司徐州和平路证券营业部,47967015.25,4,4431750.0,2,43535265.25,3
2674,华泰证券股份有限公司连云港通灌南路证券营业部,47883932.9,3,39917529.41,3,7966403.49,1
2675,国泰海通证券股份有限公司北京中关村大街证券营业部,47866489.93,7,12788425.0,3,35078064.93,5
2676,上海证券有限责任公司闵行区莘松路证券营业部,47820852.3,4,46434234.3,2,1386618.0,3
2677,中信证券股份有限公司福建分公司,47747505.26,3,1118374.0,1,46629131.26,2
2678,中信建投证券股份有限公司泰州海陵南路证券营业部,47743802.36,6,28564711.13,5,19179091.23,5
2679,兴业证券股份有限公司绍兴新昌南岩路证券营业部,47645016.0,5,23882259.0,3,23762757.0,4
2680,中国银河证券股份有限公司上海闵行区虹井路证券营业部,47629254.6,5,13185256.0,2,34443998.6,4
2681,兴业证券股份有限公司福州新权路香格里拉证券营业部,47455162.09,5,22575898.38,4,24879263.71,1
2682,招商证券股份有限公司昆明北京路证券营业部,47379623.88,6,35426112.6,4,11953511.28,3
2683,东方证券股份有限公司青岛延吉路证券营业部,47360768.23,8,30656380.81,5,16704387.42,3
2684,东方证券股份有限公司广州广州大道中路证券营业部,47340430.48,3,36758795.9,2,10581634.58,1
2685,长城证券股份有限公司杭州南大街证券营业部,47244093.0,4,24719160.0,3,22524933.0,3
2686,财信证券股份有限公司西安大庆路证券营业部,47222507.0,3,14313660.0,1,32908847.0,2
2687,国泰海通证券股份有限公司瑞安莘阳大道证券营业部,47220572.0,3,36021224.0,2,11199348.0,3
2688,中国银河证券股份有限公司合肥祁门路证券营业部,47203540.54,6,19592357.43,4,27611183.11,4
2689,方正证券股份有限公司长沙芙蓉路证券营业部,47195396.61,4,500855.0,2,46694541.61,3
2690,华福证券股份有限公司南平广场西路证券营业部,47169596.96,5,24840625.0,4,22328971.96,2
2691,华创证券有限责任公司上海第二分公司,47139719.79,2,47135629.79,2,4090.0,1
2692,平安证券股份有限公司珠海园林路证券营业部,47139140.0,3,6299047.0,1,40840093.0,2
2693,英大证券有限责任公司湖北分公司,47096748.94,7,7800512.0,2,39296236.94,5
2694,浙商证券股份有限公司临安城中街证券营业部,46961857.0,4,32309749.0,2,14652108.0,2
2695,东吴证券股份有限公司嘉兴槜李路证券营业部,46921888.02,7,11512985.0,4,35408903.02,6
2696,国信证券股份有限公司深圳北站证券营业部,46882200.0,2,23076003.0,1,23806197.0,1
2697,长江证券股份有限公司陕西分公司,46728771.97,5,8695378.07,1,38033393.9,4
2698,方正证券股份有限公司漳州南昌中路证券营业部,46705040.0,4,2496715.0,4,44208325.0,3
2699,太平洋证券股份有限公司厦门分公司,46590850.7,4,4205188.0,4,42385662.7,3
2700,中国银河证券股份有限公司莆田幸福路证券营业部,46483001.0,6,1372965.0,3,45110036.0,4
2701,中山证券有限责任公司广州分公司,46465506.0,2,2751078.0,2,43714428.0,1
2702,国泰海通证券股份有限公司太原长兴路证券营业部,46435872.0,4,1101975.0,3,45333897.0,3
2703,财信证券股份有限公司深圳福华路证券营业部,46346763.49,5,10431817.0,1,35914946.49,4
2704,申万宏源证券有限公司,46321816.0,3,46321816.0,3,0.0,0
2705,中国中金财富证券有限公司苏州盛泽敦煌路证券营业部,46278551.52,5,26203709.38,1,20074842.14,4
2706,东方证券股份有限公司上海浦东新区北门大街证券营业部,46133168.67,6,30862091.05,6,15271077.62,5
2707,华安证券股份有限公司北京西直门证券营业部,46035585.5,3,4222381.0,1,41813204.5,2
2708,华福证券股份有限公司上海临港新片区分公司,46012665.03,4,25225470.09,3,20787194.94,2
2709,国泰海通证券股份有限公司杭州金华南路证券营业部,45993901.88,8,10436369.0,2,35557532.88,6
2710,中信证券(山东)有限责任公司青岛秦岭路证券营业部,45960877.43,5,27994727.59,3,17966149.84,2
2711,华鑫证券有限责任公司金华双龙南街证券营业部,45918225.0,4,28230643.0,3,17687582.0,2
2712,国金证券股份有限公司眉山大雅街证券营业部,45917648.23,5,45904228.23,5,13420.0,1
2713,中信建投证券股份有限公司吉林分公司,45902086.4,5,13230697.0,3,32671389.4,3
2714,中信证券股份有限公司上海张江园区证券营业部,45853136.92,3,25414244.92,1,20438892.0,2
2715,国投证券股份有限公司烟台胜利路证券营业部,45794196.32,2,30169902.32,1,15624294.0,2
2716,广发证券股份有限公司晋江崇德路证券营业部,45781927.9,5,10909273.7,2,34872654.2,4
2717,国投证券股份有限公司深圳深南东路证券营业部,45754006.98,2,28275290.12,1,17478716.86,1
2718,国金证券股份有限公司合肥科学大道证券营业部,45709839.77,7,10141945.18,3,35567894.59,4
2719,方正证券股份有限公司岳阳岳阳大道证券营业部,45709554.46,9,18504071.94,8,27205482.52,5
2720,长江证券股份有限公司温岭横湖中路证券营业部,45706820.0,4,24011816.0,4,21695004.0,2
2721,国投证券股份有限公司厦门民族路证券营业部,45670035.0,3,2019480.0,2,43650555.0,3
2722,金元证券股份有限公司扬州文昌西路证券营业部,45646090.84,2,41650630.84,2,3995460.0,1
2723,中国银河证券股份有限公司珠海吉大路证券营业部,45617181.23,2,18121678.6,1,27495502.63,1
2724,西部证券股份有限公司福建分公司,45612566.0,3,18814595.0,1,26797971.0,2
2725,招商证券股份有限公司广州粤海金融中心证券营业部,45586851.02,7,169402.84,2,45417448.18,6
2726,中国银河证券股份有限公司太仓上海东路证券营业部,45499175.41,3,7103674.81,2,38395500.6,2
2727,光大证券股份有限公司上海虹口区东大名路证券营业部,45432125.0,3,38444844.0,3,6987281.0,2
2728,万和证券股份有限公司台州分公司,45252131.2,4,40124310.16,4,5127821.04,2
2729,兴业证券股份有限公司,45172992.0,2,45172992.0,2,0.0,0
2730,国泰海通证券股份有限公司九江十里大道证券营业部,45152506.1,8,21713193.89,4,23439312.21,6
2731,华泰证券股份有限公司,44996410.0,8,44996410.0,8,0.0,0
2732,西南证券股份有限公司重庆第一分公司,44961345.0,2,20344500.0,1,24616845.0,1
2733,中国银河证券股份有限公司宁波大闸南路证券营业部,44935229.38,9,12680350.0,3,32254879.38,9
2734,中信证券股份有限公司温州分公司,44753211.6,5,3809461.0,2,40943750.6,4
2735,国联民生证券股份有限公司张家港南苑东路证券营业部,44691791.62,4,4896091.0,1,39795700.62,3
2736,申万宏源证券有限公司上海浦东新区沪南路证券营业部,44619857.0,6,1361601.3,4,43258255.7,4
2737,招商证券股份有限公司抚顺临江东路证券营业部,44616697.56,1,44616697.56,1,0.0,0
2738,金融街证券股份有限公司呼和浩特新城北街证券营业部,44577813.0,2,22778771.0,2,21799042.0,1
2739,国盛证券股份有限公司江西分公司,44574171.3,3,29937351.05,2,14636820.25,3
2740,广发证券股份有限公司石家庄裕华东路证券营业部,44550679.35,9,24140379.35,5,20410300.0,5
2741,国泰海通证券股份有限公司北京鲁谷路证券营业部,44549563.8,4,39052102.8,3,5497461.0,1
2742,光大证券股份有限公司上海黄浦区西藏中路证券营业部,44541361.0,2,26111205.0,1,18430156.0,1
2743,申万宏源证券有限公司上海青浦区公园路证券营业部,44488981.37,5,16380167.6,4,28108813.77,4
2744,国泰海通证券股份有限公司无锡县前西街证券营业部,44456854.19,5,7454618.5,2,37002235.69,5
2745,爱建证券有限责任公司上海长宁区金钟路证券营业部,44184585.0,4,11957553.0,1,32227032.0,3
2746,中信证券华南股份有限公司中山分公司,44132033.42,10,27638309.39,6,16493724.03,4
2747,申万宏源证券有限公司武汉江城大道证券营业部,44113638.89,2,8571660.0,1,35541978.89,1
2748,国投证券股份有限公司深圳益田路证券营业部,44086694.0,3,10302648.0,2,33784046.0,2
2749,中国银河证券股份有限公司上海东宝兴路证券营业部,44070163.26,3,5391377.0,2,38678786.26,2
2750,申万宏源证券有限公司宁波分公司,44047013.83,10,21733906.27,5,22313107.56,7
2751,国投证券股份有限公司揭阳普宁南华路证券营业部,44031026.0,5,19211550.0,3,24819476.0,4
2752,中天证券股份有限公司沈阳汪河路证券营业部,44020404.39,5,11160563.31,3,32859841.08,4
2753,中山证券有限责任公司张家港人民东路证券营业部,44000115.32,6,6255467.0,6,37744648.32,2
2754,中邮证券有限责任公司成都高新区证券营业部,43983372.0,3,20242846.0,1,23740526.0,2
2755,国元证券股份有限公司杭州体育馆路证券营业部,43950510.5,4,13637050.5,2,30313460.0,3
2756,招商证券股份有限公司咸阳世纪大道证券营业部,43820133.76,3,2795959.0,3,41024174.76,2
2757,国泰海通证券股份有限公司昆山前进路证券营业部,43736134.7,1,43736134.7,1,0.0,0
2758,平安证券股份有限公司辽宁分公司,43680761.0,5,2574200.0,1,41106561.0,4
2759,华安证券股份有限公司涡阳时代广场证券营业部,43613383.49,2,12009308.29,1,31604075.2,2
2760,中信证券华南股份有限公司佛山分公司,43563587.33,7,15586392.1,5,27977195.23,5
2761,开源证券股份有限公司绍兴胜利东路证券营业部,43552901.61,3,12546615.0,3,31006286.61,1
2762,中邮证券有限责任公司无锡县前东街证券营业部,43505910.0,2,4076289.0,2,39429621.0,1
2763,中泰证券股份有限公司宁波首南西路证券营业部,43480536.48,2,39316741.41,1,4163795.07,1
2764,财达证券股份有限公司衡水中华大街证券营业部,43468791.46,5,119826.0,2,43348965.46,4
2765,中国银河证券股份有限公司东莞东城中路证券营业部,43459045.0,5,23027785.0,3,20431260.0,5
2766,财达证券股份有限公司唐山龙泽路证券营业部,43439802.0,3,20431467.0,2,23008335.0,3
2767,国信证券股份有限公司深圳深盐路证券营业部,43438183.0,5,20092567.0,3,23345616.0,4
2768,中国银河证券股份有限公司合肥临泉路证券营业部,43411574.0,5,142096.0,2,43269478.0,4
2769,中国中金财富证券有限公司东莞分公司,43310924.0,3,43310924.0,3,0.0,0
2770,方正证券股份有限公司长春西安大路证券营业部,43295309.6,3,226482.6,1,43068827.0,2
2771,诚通证券股份有限公司上海金桥路证券营业部,43242491.0,4,17391079.0,1,25851412.0,3
2772,中国银河证券股份有限公司苏州狮山路证券营业部,43206904.55,4,43080928.55,4,125976.0,2
2773,国泰海通证券股份有限公司兰州福利西路证券营业部,43187974.5,4,11368698.0,3,31819276.5,2
2774,广发证券股份有限公司宜昌东山大道证券营业部,43131218.2,6,459342.0,4,42671876.2,6
2775,财达证券股份有限公司上海浦东新区浦东大道证券营业部,43120137.0,2,34547725.0,1,8572412.0,2
2776,长江证券股份有限公司株洲庐山路证券营业部,42980837.0,4,25010627.0,3,17970210.0,1
2777,浙商证券股份有限公司嘉兴分公司,42872142.0,2,657857.0,2,42214285.0,1
2778,东北证券股份有限公司襄阳春园路证券营业部,42831443.71,9,30457654.0,6,12373789.71,4
2779,国泰海通证券股份有限公司合肥潜山路证券营业部,42733652.0,4,22897403.0,2,19836249.0,2
2780,广发证券股份有限公司张家口宣府大街证券营业部,42707940.1,3,15243075.95,1,27464864.15,3
2781,中信建投证券股份有限公司北京农大南路证券营业部,42686652.6,5,19617681.0,2,23068971.6,3
2782,财通证券股份有限公司杭州金城路证券营业部,42672045.0,6,31378552.0,4,11293493.0,4
2783,招商证券股份有限公司龙口港城大道证券营业部,42624138.93,2,20896342.0,1,21727796.93,1
2784,平安证券股份有限公司湖南分公司,42564543.86,9,29967519.67,7,12597024.19,4
2785,国联民生证券股份有限公司镇江檀山路证券营业部,42512517.0,5,11997502.0,2,30515015.0,4
2786,中国银河证券股份有限公司深圳福华一路证券营业部,42457045.22,4,22709010.22,2,19748035.0,3
2787,东海证券股份有限公司洛阳开元大道证券营业部,42405899.74,6,5427944.62,6,36977955.12,5
2788,招商证券股份有限公司武汉青年路证券营业部,42367511.78,9,11161728.35,4,31205783.43,8
2789,国泰海通证券股份有限公司襄阳长虹路证券营业部,42352908.0,4,23467978.0,2,18884930.0,2
2790,方正证券股份有限公司龙港龙港大道证券营业部,42254613.81,6,10533724.73,3,31720889.08,6
2791,诚通证券股份有限公司包头民族东路证券营业部,42169813.0,3,39357413.0,2,2812400.0,1
2792,中信证券(山东)有限责任公司青岛山东路证券营业部,42168632.0,3,6196296.0,2,35972336.0,2
2793,国泰海通证券股份有限公司扬州汶河南路证券营业部,42149530.08,9,14748529.0,6,27401001.08,6
2794,西部证券股份有限公司西安金花南路证券营业部,42133589.02,6,21103386.23,3,21030202.79,4
2795,申万宏源证券有限公司上海徐汇区宜山路证券营业部,42087713.4,5,10659623.0,4,31428090.4,2
2796,华安证券股份有限公司浦江江滨中路证券营业部,42083987.78,3,38308750.78,3,3775237.0,1
2797,东海证券股份有限公司洛阳九都东路证券营业部,42074817.09,5,21652776.0,3,20422041.09,2
2798,国元证券股份有限公司宿州分公司,42073593.32,4,27486462.32,3,14587131.0,2
2799,中国中金财富证券有限公司绵阳市证券营业部,42039435.63,15,4663196.13,8,37376239.5,7
2800,西部证券股份有限公司宝鸡金台大道证券营业部,42034199.2,4,17928038.0,1,24106161.2,4
2801,平安证券股份有限公司东莞石竹路证券营业部,42019050.86,7,26767226.21,7,15251824.65,5
2802,光大证券股份有限公司南宁金浦路证券营业部,41990661.1,5,25154765.46,4,16835895.64,3
2803,中信建投证券股份有限公司济南经四路证券营业部,41939441.89,7,8653996.75,6,33285445.14,3
2804,华宝证券股份有限公司上海浦东新区浦电路证券营业部,41870836.0,4,290708.0,2,41580128.0,3
2805,东方证券股份有限公司山西分公司,41832415.0,3,272558.0,1,41559857.0,2
2806,光大证券股份有限公司漳州南昌中路证券营业部,41822637.96,2,17415477.34,1,24407160.62,2
2807,华金证券股份有限公司安徽分公司,41819440.65,4,6193429.0,2,35626011.65,4
2808,中银国际证券股份有限公司大连分公司,41786955.34,5,19232212.34,2,22554743.0,5
2809,华创证券有限责任公司台州东海大道证券营业部,41764672.0,4,7919789.0,3,33844883.0,2
2810,国投证券股份有限公司重庆两江证券营业部,41703484.0,2,41703484.0,2,0.0,0
2811,信达证券股份有限公司重庆分公司,41688391.0,4,18970000.0,1,22718391.0,3
2812,国盛证券股份有限公司太原高新街证券营业部,41683684.0,2,41683684.0,2,0.0,0
2813,中银国际证券股份有限公司秦皇岛建设大街证券营业部,41666047.0,3,17256330.0,1,24409717.0,2
2814,开源证券股份有限公司天津分公司,41648475.07,1,41648475.07,1,0.0,0
2815,中泰证券股份有限公司济南舜耕路证券营业部,41567776.5,2,15781337.5,1,25786439.0,1
2816,中泰证券股份有限公司淄博分公司,41555406.1,3,20192924.6,3,21362481.5,2
2817,申万宏源证券有限公司青岛分公司,41536141.88,2,18669611.0,1,22866530.88,1
2818,广发证券股份有限公司广州增城广汇新世界证券营业部,41424289.0,3,35652530.0,3,5771759.0,3
2819,中国银河证券股份有限公司北京远大路证券营业部,41422582.11,8,9286165.11,6,32136417.0,3
2820,国金证券股份有限公司苏州苏州中心广场证券营业部,41417629.55,3,7625344.0,2,33792285.55,2
2821,华安证券股份有限公司武汉百步亭花园路证券营业部,41417102.6,5,33411076.0,3,8006026.6,2
2822,华西证券股份有限公司台州东海大道证券营业部,41346672.58,5,13533311.0,3,27813361.58,4
2823,中信证券华南股份有限公司广州中山八路证券营业部,41321631.0,4,18887246.0,3,22434385.0,2
2824,大通证券股份有限公司杭州水湘路证券营业部,41277590.52,3,5563152.0,2,35714438.52,2
2825,国泰海通证券股份有限公司曲靖翠峰东路证券营业部,41239110.76,4,41239110.76,4,0.0,0
2826,广发证券股份有限公司大冶新冶大道证券营业部,41226785.0,2,7630064.0,1,33596721.0,1
2827,华林证券股份有限公司深圳分公司,41210407.12,10,11077977.0,6,30132430.12,5
2828,华安证券股份有限公司上海浦东新区源深路证券营业部,41178072.93,4,18246579.0,2,22931493.93,2
2829,国投证券股份有限公司茂名高州证券营业部,41110710.0,4,18360206.0,2,22750504.0,2
2830,财通证券股份有限公司浙江总部数字分公司,41014967.56,7,14507200.51,5,26507767.05,6
2831,中信证券(山东)有限责任公司日照泰安路证券营业部,40883190.0,2,38892500.0,2,1990690.0,1
2832,中信证券股份有限公司上海宝山区同济路证券营业部,40784176.2,3,21674735.2,3,19109441.0,1
2833,中银国际证券股份有限公司无锡金融一街证券营业部,40769572.2,2,30996157.2,1,9773415.0,1
2834,联储证券股份有限公司深圳金田路证券营业部,40715453.0,4,29634437.0,3,11081016.0,1
2835,兴业证券股份有限公司长汀卧龙路证券营业部,40691207.0,3,31714376.0,3,8976831.0,2
2836,长江证券股份有限公司上海文诚路证券营业部,40679107.44,18,16705272.77,12,23973834.67,16
2837,华西证券股份有限公司绵阳安昌路证券营业部,40672442.15,4,1585462.15,1,39086980.0,3
2838,中泰证券股份有限公司合肥南二环路证券营业部,40607033.07,2,2421727.78,1,38185305.29,1
2839,华福证券股份有限公司福州长乐凯歌路证券营业部,40601958.96,5,21560832.0,1,19041126.96,4
2840,方正证券股份有限公司石家庄建华南大街证券营业部,40537204.98,3,32723408.98,2,7813796.0,1
2841,第一创业证券股份有限公司深圳海天分公司,40435605.03,4,17910885.0,3,22524720.03,3
2842,东兴证券股份有限公司南京庐山路证券营业部,40416691.24,2,29974566.24,2,10442125.0,1
2843,中信证券(山东)有限责任公司淄博柳泉路证券营业部,40406541.26,24,8301022.67,16,32105518.59,8
2844,中原证券股份有限公司湖南分公司,40235536.0,3,20930000.0,1,19305536.0,2
2845,中信证券股份有限公司杭州火炬大道证券营业部,40220447.87,4,8705649.03,1,31514798.84,3
2846,中银国际证券股份有限公司宁波药行街证券营业部,40172884.0,3,7937284.0,1,32235600.0,2
2847,东海证券股份有限公司上海浦东新区崮山路证券营业部,40172067.0,1,40172067.0,1,0.0,0
2848,西南证券股份有限公司岳阳通海南路证券营业部,40137675.95,2,40122975.95,2,14700.0,1
2849,招商证券股份有限公司深圳湾科技生态园证券营业部,40081900.0,4,22470993.0,2,17610907.0,2
2850,中国银河证券股份有限公司张家港人民中路证券营业部,40036311.26,2,14879442.0,1,25156869.26,1
2851,西部证券股份有限公司西安大庆路证券营业部,39892913.4,4,7255378.23,1,32637535.17,3
2852,中国银河证券股份有限公司成都科华北路证券营业部,39864756.66,12,22098093.21,7,17766663.45,7
2853,广发证券股份有限公司茂名高州桂圆路证券营业部,39859664.82,3,26470193.0,2,13389471.82,1
2854,国信证券股份有限公司,39857278.0,6,39857278.0,6,0.0,0
2855,中信证券(山东)有限责任公司东营北一路证券营业部,39825696.0,4,14857264.0,3,24968432.0,2
2856,申万宏源证券有限公司广州汉溪大道东证券营业部,39816193.37,5,21270442.31,3,18545751.06,3
2857,兴业证券股份有限公司青岛分公司,39813821.0,6,14555142.0,4,25258679.0,3
2858,华创证券有限责任公司成都天府大道证券营业部,39775496.0,4,23812956.0,3,15962540.0,1
2859,国投证券股份有限公司福州长乐中路证券营业部,39715328.8,7,33826867.0,5,5888461.8,3
2860,中信证券股份有限公司成都天府大道证券营业部,39691552.0,3,340000.0,1,39351552.0,2
2861,山西证券股份有限公司武汉建设大道证券营业部,39673059.04,3,39673059.04,3,0.0,0
2862,平安证券股份有限公司温州市府路证券营业部,39628281.22,9,25527699.22,4,14100582.0,6
2863,浙商证券股份有限公司淳安新安东路证券营业部,39606039.24,4,24500989.38,2,15105049.86,4
2864,中国中金财富证券有限公司大连星海广场证券营业部,39601380.26,4,19461460.46,2,20139919.8,4
2865,中国中金财富证券有限公司佛山季华五路证券营业部,39592750.7,3,27803508.7,2,11789242.0,2
2866,中国中金财富证券有限公司成都滨江东路证券营业部,39566749.8,4,5978711.0,3,33588038.8,4
2867,光大证券股份有限公司象山丹河东路证券营业部,39509889.16,10,19797797.07,6,19712092.09,7
2868,中信证券股份有限公司乐清金溪路证券营业部,39496025.0,5,14088685.0,4,25407340.0,4
2869,首创证券股份有限公司合肥潜山路证券营业部,39481587.34,5,29509796.34,4,9971791.0,2
2870,广发证券股份有限公司深圳华润前海大厦证券营业部,39452177.13,3,26730000.0,1,12722177.13,2
2871,华福证券股份有限公司苏州总官堂路证券营业部,39319427.0,2,7066827.0,1,32252600.0,1
2872,国泰海通证券股份有限公司滁州会峰路证券营业部,39245611.78,3,21034820.93,2,18210790.85,2
2873,国联民生证券股份有限公司无锡县前东街证券营业部,39237777.34,7,16835092.42,7,22402684.92,5
2874,国投证券股份有限公司汕头和平证券营业部,39222950.99,3,14329107.0,1,24893843.99,2
2875,华福证券股份有限公司仙游尚书街证券营业部,39215225.6,5,14169997.0,4,25045228.6,3
2876,招商证券股份有限公司海口招商局大厦证券营业部,39189584.7,5,623831.7,3,38565753.0,2
2877,国联民生证券股份有限公司上海虹口区杨树浦路证券营业部,39155959.6,3,24378517.0,2,14777442.6,1
2878,中泰证券股份有限公司,39111887.86,5,19994585.01,4,19117302.85,1
2879,华福证券股份有限公司泉州丰海路证券营业部,39065448.21,8,16947193.17,4,22118255.04,6
2880,方正证券股份有限公司温州黎明西路证券营业部,39010192.0,3,18081072.0,1,20929120.0,2
2881,东兴证券股份有限公司北京金宝街证券营业部,38945081.62,3,38945081.62,3,0.0,0
2882,第一创业证券股份有限公司宁波海晏北路证券营业部,38927857.17,7,22077814.06,7,16850043.11,5
2883,长江证券股份有限公司大连中山路证券营业部,38908543.0,4,13355774.0,2,25552769.0,2
2884,长江证券股份有限公司乌鲁木齐光明路证券营业部,38739189.4,3,34006959.4,2,4732230.0,2
2885,兴业证券股份有限公司台州分公司,38711783.0,3,25801547.0,1,12910236.0,2
2886,华林证券股份有限公司青岛分公司,38677278.45,1,38677278.45,1,0.0,0
2887,中国中金财富证券有限公司湛江体育北路证券营业部,38674175.2,5,5713315.0,2,32960860.2,5
2888,联储证券股份有限公司青岛西海岸新区证券营业部,38649747.08,6,8731833.58,3,29917913.5,3
2889,中银国际证券股份有限公司上海新华路证券营业部,38644740.96,9,6217938.32,8,32426802.64,5
2890,申万宏源证券有限公司沈阳建设东路证券营业部,38618056.0,2,4198864.0,1,34419192.0,1
2891,东兴证券股份有限公司福州斗西路证券营业部,38592580.8,2,16729565.8,1,21863015.0,1
2892,东吴证券股份有限公司苏州滨河路证券营业部,38547665.48,7,8046250.0,6,30501415.48,5
2893,中国银河证券股份有限公司长春解放大路证券营业部,38415118.88,3,7563112.0,1,30852006.88,3
2894,东吴证券股份有限公司苏州工业园区苏州大道东证券营业部,38367675.0,7,6858944.0,3,31508731.0,6
2895,中国银河证券股份有限公司中山分公司,38208362.82,3,6692799.82,3,31515563.0,1
2896,中信证券股份有限公司杭州庆春东路证券营业部,38138507.0,6,34497818.0,4,3640689.0,3
2897,国投证券股份有限公司云南分公司,38079082.71,6,14753370.81,3,23325711.9,4
2898,中泰证券股份有限公司江苏分公司,37988370.4,4,11609253.4,3,26379117.0,2
2899,中信证券华南股份有限公司广东分公司,37982159.58,4,19642093.58,3,18340066.0,2
2900,华泰证券股份有限公司海口国兴大道证券营业部,37935917.0,5,3320672.0,1,34615245.0,4
2901,中国银河证券股份有限公司西宁文逸路证券营业部,37907281.0,2,29141454.0,1,8765827.0,2
2902,中原证券股份有限公司郑州桐柏路证券营业部,37888551.0,5,5087863.0,3,32800688.0,4
2903,国投证券股份有限公司赤峰临潢大街证券营业部,37873163.0,4,4219711.0,2,33653452.0,4
2904,申万宏源西部证券有限公司昌吉延安路证券营业部,37859499.0,4,14611161.0,2,23248338.0,3
2905,财通证券股份有限公司上海浦东新区张杨路证券营业部,37822684.44,4,6068688.44,1,31753996.0,3
2906,广发证券股份有限公司重庆新南路证券营业部,37747561.14,4,2029026.14,1,35718535.0,3
2907,国泰海通证券股份有限公司南昌进贤军湖路证券营业部,37747005.0,6,6880354.0,4,30866651.0,4
2908,中国银河证券股份有限公司湖州适园路证券营业部,37705984.71,3,25826377.06,2,11879607.65,3
2909,申万宏源证券有限公司上海闵行区黎安路证券营业部,37696344.0,3,14172483.0,2,23523861.0,2
2910,国投证券股份有限公司南昌金环路证券营业部,37591018.98,3,4413438.5,1,33177580.48,2
2911,开源证券股份有限公司山东分公司,37557173.0,2,37527123.0,2,30050.0,1
2912,中泰证券股份有限公司高密创业街证券营业部,37529100.9,5,5575805.0,3,31953295.9,5
2913,申万宏源证券有限公司盐城世纪大道证券营业部,37514219.0,5,9365095.0,1,28149124.0,4
2914,第一创业证券股份有限公司佛山第二分公司,37483165.2,4,32227761.2,4,5255404.0,2
2915,南京证券股份有限公司长沙湘府西路证券营业部,37412058.0,3,3058000.0,1,34354058.0,2
2916,中泰证券股份有限公司曲阜大同路证券营业部,37398012.03,2,24508689.03,2,12889323.0,1
2917,华鑫证券有限责任公司重庆江北嘴证券营业部,37389765.04,3,11126036.04,3,26263729.0,1
2918,国海证券股份有限公司山东分公司,37369925.46,2,19853972.9,1,17515952.56,1
2919,广发证券股份有限公司西宁西关大街证券营业部,37343009.9,3,23780104.9,2,13562905.0,1
2920,中国银河证券股份有限公司上海恒丰路证券营业部,37327587.09,4,13463053.48,2,23864533.61,3
2921,东北证券股份有限公司南京溧水双塘南路证券营业部,37250625.0,7,18113742.0,3,19136883.0,5
2922,国泰海通证券股份有限公司湘潭建设中路证券营业部,37250264.21,9,27548462.78,7,9701801.43,4
2923,联储证券股份有限公司厦门分公司,37194280.86,2,20974405.54,1,16219875.32,1
2924,平安证券股份有限公司上海静安分公司,37131473.34,4,9044006.0,2,28087467.34,3
2925,银泰证券有限责任公司新昌江滨西路证券营业部,37102939.2,6,23369915.2,4,13733024.0,4
2926,长江证券股份有限公司黄石颐阳路证券营业部,37072262.34,2,226428.0,2,36845834.34,1
2927,国投证券股份有限公司广州花都保利金融中心证券营业部,37063160.5,5,10381096.96,4,26682063.54,3
2928,东方财富证券股份有限公司泰州鼓楼南路证券营业部,37000434.66,2,17195942.66,1,19804492.0,1
2929,国泰海通证券股份有限公司南宁双拥路第一证券营业部,36999993.64,4,13262093.92,3,23737899.72,3
2930,民生证券股份有限公司济南千佛山路证券营业部,36998740.57,3,36951493.85,3,47246.72,1
2931,中信建投证券股份有限公司西安雁展路证券营业部,36986904.0,2,14106137.0,2,22880767.0,1
2932,兴业证券股份有限公司晋江泉安路证券营业部,36964131.59,6,5491811.0,1,31472320.59,6
2933,光大证券股份有限公司成都红星路证券营业部,36826841.35,8,20191948.91,6,16634892.44,5
2934,中信建投证券股份有限公司赣州登峰大道证券营业部,36822326.0,6,315635.0,3,36506691.0,4
2935,国泰海通证券股份有限公司宜春高安瑞州路证券营业部,36802073.82,2,35624269.2,2,1177804.62,2
2936,长江证券股份有限公司枣庄青檀中路证券营业部,36796983.0,2,18379271.0,2,18417712.0,1
2937,光大证券股份有限公司郑州金融岛证券营业部,36782402.8,3,23060588.8,1,13721814.0,2
2938,广发证券股份有限公司山西分公司,36778438.46,9,10903259.56,6,25875178.9,3
2939,中信证券股份有限公司宁波和义路证券营业部,36750242.81,3,5273801.0,1,31476441.81,3
2940,中泰证券股份有限公司上海同心路证券营业部,36686500.8,4,14738986.0,2,21947514.8,3
2941,中信建投证券股份有限公司东营东三路证券营业部,36672275.77,7,23758730.95,4,12913544.82,3
2942,申港证券股份有限公司陕西分公司,36641325.2,4,35105524.2,3,1535801.0,1
2943,华泰证券股份有限公司南昌丰和中大道证券营业部,36579319.8,6,20383572.8,4,16195747.0,3
2944,广发证券股份有限公司哈尔滨学府路证券营业部,36553339.62,7,7240250.2,5,29313089.42,6
2945,东方证券股份有限公司辽宁分公司,36432195.2,3,15618305.56,2,20813889.64,2
2946,申万宏源证券有限公司福州鼓屏路证券营业部,36418920.14,8,3563197.28,1,32855722.86,8
2947,中国中金财富证券有限公司武汉香港路证券营业部,36402044.37,3,9758687.25,2,26643357.12,2
2948,万联证券股份有限公司广州石牌东路证券营业部,36390415.05,2,4795342.0,1,31595073.05,2
2949,国信证券股份有限公司金华光南路证券营业部,36385273.06,7,22901015.01,4,13484258.05,4
2950,华西证券股份有限公司眉山湖滨路证券营业部,36376656.8,3,20215242.0,2,16161414.8,1
2951,国海证券股份有限公司桂林分公司,36367878.81,5,8229216.0,1,28138662.81,5
2952,中国中金财富证券有限公司成都天府大道证券营业部,36350626.8,4,19099858.65,1,17250768.15,3
2953,国信证券股份有限公司烟台环山路证券营业部,36246899.56,11,10240589.16,5,26006310.4,9
2954,中信建投证券股份有限公司北京大屯路证券营业部,36179840.0,3,11311145.0,1,24868695.0,2
2955,招商证券股份有限公司桂林中山北路证券营业部,36146085.95,3,12157259.8,2,23988826.15,3
2956,广发证券股份有限公司湛江乐金路证券营业部,36140437.81,8,5535131.52,4,30605306.29,5
2957,东北证券股份有限公司四川第二分公司,36072060.12,5,2229964.94,2,33842095.18,4
2958,中泰证券股份有限公司滨州分公司,36059201.34,4,1455687.8,2,34603513.54,3
2959,财通证券股份有限公司诸暨滨江北路证券营业部,36019075.66,4,29464331.55,3,6554744.11,1
2960,中国银河证券股份有限公司上海肇嘉浜路证券营业部,36009030.8,4,16839907.0,1,19169123.8,3
2961,长城证券股份有限公司深圳宝安海秀路证券营业部,36000494.8,3,14526045.88,2,21474448.92,3
2962,国信证券股份有限公司清远静福路证券营业部,35951530.1,2,16793701.92,1,19157828.18,2
2963,华鑫证券有限责任公司上海新松江路证券营业部,35933739.0,7,21219363.0,3,14714376.0,4
2964,世纪证券有限责任公司宁波分公司,35912566.0,5,14158225.0,3,21754341.0,3
2965,平安证券股份有限公司乌鲁木齐人民路证券营业部,35900670.46,4,2253236.26,2,33647434.2,3
2966,长江证券股份有限公司深圳后海海岸城证券营业部,35887509.0,3,2856324.0,2,33031185.0,2
2967,中泰证券股份有限公司厦门厦禾路证券营业部,35810856.04,19,23996370.68,16,11814485.36,9
2968,申万宏源证券有限公司上海静安区北京西路证券营业部,35761458.94,4,15711036.08,2,20050422.86,4
2969,国泰海通证券股份有限公司北京工人体育场北路证券营业部,35711283.0,6,22173700.0,3,13537583.0,4
2970,财达证券股份有限公司邯郸人民路证券营业部,35705118.77,10,18731532.0,8,16973586.77,5
2971,华安证券股份有限公司浙江分公司,35675173.02,4,10134588.52,3,25540584.5,2
2972,长江证券股份有限公司杭州秋涛北路证券营业部,35670909.68,2,21616015.0,1,14054894.68,1
2973,南京证券股份有限公司上海西藏南路证券营业部,35633273.0,4,6905353.0,2,28727920.0,4
2974,民生证券股份有限公司驻马店交通路证券营业部,35589925.63,6,842135.0,3,34747790.63,4
2975,招商证券股份有限公司潍坊北海路证券营业部,35549353.6,2,35549353.6,2,0.0,0
2976,中国银河证券股份有限公司丽水大洋路证券营业部,35539776.86,6,19099205.08,5,16440571.78,4
2977,光大证券股份有限公司西宁五四大街证券营业部,35489299.0,3,8556253.0,2,26933046.0,2
2978,中国银河证券股份有限公司深圳罗湖证券营业部,35453429.16,8,26837877.02,6,8615552.14,7
2979,华泰证券股份有限公司张家港金港镇长江中路证券营业部,35425798.75,3,9230858.0,2,26194940.75,3
2980,中邮证券有限责任公司北京分公司,35422265.0,1,35422265.0,1,0.0,0
2981,东海证券股份有限公司上海静安区新闸路证券营业部,35401049.0,5,19753111.0,4,15647938.0,2
2982,中国银河证券股份有限公司龙泉华楼街证券营业部,35385659.81,4,18811757.46,3,16573902.35,3
2983,招商证券股份有限公司广州番禺南华路证券营业部,35171784.92,3,8107135.0,2,27064649.92,2
2984,中泰证券股份有限公司威海分公司,35129734.17,4,35129734.17,4,0.0,0
2985,中国银河证券股份有限公司武汉武珞路证券营业部,35097701.4,4,14272915.4,1,20824786.0,3
2986,东海证券股份有限公司常州通江中路证券营业部,35076042.6,1,35076042.6,1,0.0,0
2987,天风证券股份有限公司大连普兰店孛兰路证券营业部,35040736.0,2,1819642.0,2,33221094.0,1
2988,国投证券股份有限公司深圳深南中路证券营业部,34975429.99,4,27587133.21,4,7388296.78,2
2989,广发证券股份有限公司重庆光环中心证券营业部,34945473.1,3,21342157.1,3,13603316.0,2
2990,民生证券股份有限公司山东第二分公司,34882963.4,3,1774942.0,1,33108021.4,2
2991,浙商证券股份有限公司深圳龙华证券营业部,34876649.75,5,715111.0,2,34161538.75,4
2992,上海证券有限责任公司苏州人民路证券营业部,34800010.08,1,34800010.08,1,0.0,0
2993,国泰海通证券股份有限公司武汉建设大道证券营业部,34785851.0,4,3305877.0,3,31479974.0,3
2994,广发证券股份有限公司上海张江路证券营业部,34760451.72,5,14470629.42,3,20289822.3,5
2995,银泰证券有限责任公司北京国贸证券营业部,34711849.0,3,13158434.0,1,21553415.0,3
2996,国元证券股份有限公司凤阳东华路证券营业部,34664875.96,2,4151137.0,2,30513738.96,1
2997,国泰海通证券股份有限公司杭州文一西路证券营业部,34649780.1,3,16937159.1,1,17712621.0,2
2998,中邮证券有限责任公司北京宣武门东大街证券营业部,34532506.61,5,2444896.0,2,32087610.61,4
2999,中信建投证券股份有限公司琼海金海路证券营业部,34524769.1,3,19485146.0,1,15039623.1,3
3000,方正证券股份有限公司衢州龙游人民路证券营业部,34515060.48,3,3580119.0,2,30934941.48,2
3001,光大证券股份有限公司北京中关村大街证券营业部,34487210.0,3,3287210.0,1,31200000.0,2
3002,中原证券股份有限公司吉首世纪大道证券营业部,34469830.0,2,34469830.0,2,0.0,0
3003,华安证券股份有限公司淮南春林大道证券营业部,34463035.0,2,15969977.0,1,18493058.0,1
3004,中国银河证券股份有限公司格尔木昆仑南路证券营业部,34439839.22,7,2313041.0,3,32126798.22,5
3005,长江证券股份有限公司武汉珞瑜路证券营业部,34427387.0,5,19115469.0,3,15311918.0,4
3006,光大证券股份有限公司宜兴氿滨南路证券营业部,34417834.4,3,11689706.4,1,22728128.0,2
3007,渤海证券股份有限公司天津郑州道证券营业部,34337244.01,3,10896843.8,2,23440400.21,2
3008,中信建投证券股份有限公司北京通州通朝大街证券营业部,34286176.94,4,22520530.94,2,11765646.0,3
3009,平安证券股份有限公司湛江绿华路证券营业部,34238440.79,6,17658699.64,5,16579741.15,5
3010,申万宏源西部证券有限公司乌鲁木齐文艺路证券营业部,34187871.99,4,13370376.9,3,20817495.09,3
3011,上海证券有限责任公司宝山友谊路证券营业部,34177255.71,3,6904244.24,2,27273011.47,2
3012,广发证券股份有限公司上海虹口区四川北路证券营业部,34108212.46,4,20894726.0,3,13213486.46,3
3013,国投证券股份有限公司广州开创大道证券营业部,34099580.0,2,298484.0,2,33801096.0,1
3014,长城证券股份有限公司宁波中山东路证券营业部,34089585.1,3,10032610.0,1,24056975.1,3
3015,财通证券股份有限公司余姚南雷路证券营业部,34035658.3,3,21610330.0,3,12425328.3,1
3016,华泰证券股份有限公司南通海安长江中路证券营业部,33933301.0,3,17951648.0,3,15981653.0,1
3017,世纪证券有限责任公司北京分公司,33916212.0,2,29717212.0,1,4199000.0,1
3018,国信证券股份有限公司苏州旺墩路证券营业部,33887597.0,3,21834388.0,3,12053209.0,2
3019,东吴证券股份有限公司北京安定路证券营业部,33859062.49,4,395000.0,1,33464062.49,3
3020,华宝证券股份有限公司舟山港航国际大厦证券营业部,33828206.52,8,13278401.44,3,20549805.08,6
3021,中信建投证券股份有限公司潮州潮州大道证券营业部,33794294.0,6,7555275.0,4,26239019.0,3
3022,华安证券股份有限公司六安分公司,33696204.33,4,33696204.33,4,0.0,0
3023,中国银河证券股份有限公司天津水上公园北道证券营业部,33689778.26,4,2078363.0,3,31611415.26,2
3024,爱建证券有限责任公司南昌红谷中大道证券营业部,33685011.95,5,17449156.4,3,16235855.55,2
3025,中信建投证券股份有限公司上海张杨北路证券营业部,33669041.92,6,24652574.52,4,9016467.4,5
3026,兴业证券股份有限公司厦门鹭江道证券营业部,33664323.48,5,25015485.4,4,8648838.08,1
3027,招商证券股份有限公司扬州汶河北路证券营业部,33645654.57,2,33640414.57,2,5240.0,1
3028,华泰证券股份有限公司马鞍山湖东中路证券营业部,33608741.0,4,8319045.0,2,25289696.0,3
3029,方正证券股份有限公司天津五经路证券营业部,33600811.0,3,15009907.0,2,18590904.0,3
3030,中信建投证券股份有限公司北京厚金路证券营业部,33600166.47,3,773102.47,3,32827064.0,1
3031,申万宏源证券有限公司大连高尔基路证券营业部,33552605.0,2,29002413.0,1,4550192.0,1
3032,渤海证券股份有限公司上海虹口区四平路证券营业部,33543738.0,3,2170857.0,1,31372881.0,2
3033,光大证券股份有限公司淮安承德路证券营业部,33479795.37,2,16529428.64,1,16950366.73,1
3034,浙商证券股份有限公司天台赤城路证券营业部,33474963.09,4,17698605.0,3,15776358.09,3
3035,渤海证券股份有限公司杭州平澜路证券营业部,33458578.13,5,20803291.78,3,12655286.35,2
3036,国泰海通证券股份有限公司盐城建军中路证券营业部,33448336.53,7,689260.0,2,32759076.53,6
3037,中国银河证券股份有限公司漳州水仙大街证券营业部,33446678.54,4,483805.0,1,32962873.54,3
3038,国泰海通证券股份有限公司上海嘉定区塔城路证券营业部,33431191.8,3,12752884.8,3,20678307.0,2
3039,中信证券股份有限公司安徽分公司,33412916.36,4,8196464.0,2,25216452.36,3
3040,中信建投证券股份有限公司北京宣武门外大街证券营业部,33288091.0,4,22532402.0,4,10755689.0,3
3041,中国银河证券股份有限公司临沂沂蒙路证券营业部,33283472.0,3,24399033.0,2,8884439.0,2
3042,长城证券股份有限公司北京小营路证券营业部,33238415.0,3,33238415.0,3,0.0,0
3043,中信证券股份有限公司衢州新桥街证券营业部,33131756.14,4,17192860.22,4,15938895.92,2
3044,国泰海通证券股份有限公司威海高山街证券营业部,33049309.41,6,19967251.91,3,13082057.5,5
3045,国投证券股份有限公司绵阳涪城路证券营业部,33023396.67,3,27409436.5,2,5613960.17,3
3046,光大证券股份有限公司广州金融城证券营业部,32995054.76,7,16142156.89,3,16852897.87,4
3047,国都证券股份有限公司苏州苏州大道西证券营业部,32942507.72,4,21349670.0,3,11592837.72,2
3048,中邮证券有限责任公司航空基地证券营业部,32837108.63,3,30761408.63,2,2075700.0,1
3049,光大证券股份有限公司重庆大坪正街证券营业部,32762612.67,4,355942.49,3,32406670.18,3
3050,中国银河证券股份有限公司上海古北路证券营业部,32720475.92,6,17351027.33,5,15369448.59,4
3051,中国中金财富证券有限公司江门新会启超大道证券营业部,32695488.0,2,14075022.0,2,18620466.0,1
3052,中信建投证券股份有限公司重庆青枫北路证券营业部,32650668.0,4,2285601.0,3,30365067.0,2
3053,英大证券有限责任公司横岗证券营业部,32576567.63,6,16934844.53,4,15641723.1,3
3054,国泰海通证券股份有限公司临沂北京路第一证券营业部,32568810.1,3,28395666.1,3,4173144.0,3
3055,中国中金财富证券有限公司哈尔滨赣水路证券营业部,32461258.8,5,5844712.0,5,26616546.8,3
3056,浙商证券股份有限公司上海长乐路证券营业部,32439806.52,2,10955018.0,1,21484788.52,2
3057,国泰海通证券股份有限公司淄博通济街证券营业部,32404611.0,4,236745.0,2,32167866.0,3
3058,中银国际证券股份有限公司山西分公司,32379875.52,6,22383325.63,4,9996549.89,2
3059,中泰证券股份有限公司淄博临淄大道证券营业部,32348185.0,11,17143083.0,10,15205102.0,7
3060,财通证券股份有限公司杭州市心北路证券营业部,32153661.93,6,28007133.93,5,4146528.0,1
3061,申万宏源西部证券有限公司阿克苏北京路证券营业部,32108126.0,2,15436065.0,1,16672061.0,2
3062,华泰证券股份有限公司大连胜利东路证券营业部,32083655.93,2,4719155.93,2,27364500.0,1
3063,湘财证券股份有限公司上海江宁路证券营业部,32057224.0,5,15859634.0,4,16197590.0,2
3064,中国中金财富证券有限公司天津分公司,31976236.0,4,8686243.0,4,23289993.0,3
3065,东北证券股份有限公司长春同志街第三证券营业部,31891735.0,3,14138380.0,2,17753355.0,3
3066,国泰海通证券股份有限公司肥城新城路证券营业部,31849825.0,3,1438378.0,1,30411447.0,2
3067,财达证券股份有限公司邢台兴达路证券营业部,31844017.01,3,16447886.21,3,15396130.8,2
3068,招商证券股份有限公司北京光明路证券营业部,31778953.63,8,14494033.03,7,17284920.6,8
3069,国盛证券股份有限公司上饶鄱阳鄱阳湖大道证券营业部,31751307.0,3,5831903.0,1,25919404.0,3
3070,申万宏源证券有限公司武汉武珞路证券营业部,31712461.0,2,24794430.0,2,6918031.0,2
3071,中国银河证券股份有限公司南京珠江路证券营业部,31682663.62,4,11349554.0,3,20333109.62,3
3072,浙商证券股份有限公司上虞市民大道证券营业部,31663992.29,3,4337438.85,2,27326553.44,2
3073,国泰海通证券股份有限公司漳州水仙大街证券营业部,31643611.33,4,12086522.0,2,19557089.33,2
3074,中国银河证券股份有限公司上海黄浦区新闸路证券营业部,31635199.0,3,9750000.0,1,21885199.0,3
3075,中国银河证券股份有限公司北京旧宫证券营业部,31607992.45,1,31607992.45,1,0.0,0
3076,大通证券股份有限公司宜春明月北路证券营业部,31602358.66,3,22211600.3,2,9390758.36,1
3077,广发证券股份有限公司上海龙华路证券营业部,31565259.15,4,22386687.0,2,9178572.15,3
3078,兴业证券股份有限公司珠海分公司,31350883.0,1,31350883.0,1,0.0,0
3079,上海证券有限责任公司温州永中西路证券营业部,31329290.0,3,3003640.0,1,28325650.0,2
3080,浙商证券股份有限公司北京北辰东路证券营业部,31281711.01,3,8735411.01,1,22546300.0,2
3081,中国银河证券股份有限公司泉州崇福路证券营业部,31253433.29,5,2953845.55,2,28299587.74,3
3082,国元证券股份有限公司青岛辽宁路证券营业部,31209580.0,3,7322179.0,3,23887401.0,2
3083,浙商证券股份有限公司武义解放南街证券营业部,31119835.0,5,6808126.0,3,24311709.0,4
3084,中信证券股份有限公司本溪东明路证券营业部,31102945.4,3,31102945.4,3,0.0,0
3085,联储证券股份有限公司温州锦绣路证券营业部,31092793.93,3,11444608.1,2,19648185.83,3
3086,国泰海通证券股份有限公司绥化中兴大街证券营业部,31092180.38,3,8881502.56,3,22210677.82,2
3087,德邦证券股份有限公司杭州香樟街证券营业部,31005589.16,3,25510376.16,2,5495213.0,1
3088,兴业证券股份有限公司云南分公司,30992303.0,3,9227723.0,1,21764580.0,2
3089,国泰海通证券股份有限公司上海长宁区天山西路证券营业部,30975843.96,8,8289943.0,7,22685900.96,4
3090,国联民生证券股份有限公司杭州文晖路证券营业部,30915064.24,3,23655103.24,2,7259961.0,2
3091,华创证券有限责任公司贵阳喀斯特广场证券营业部,30910234.0,2,30897356.0,2,12878.0,1
3092,国投证券股份有限公司梅州兴宁兴南大道证券营业部,30901411.21,5,7430285.0,3,23471126.21,4
3093,中信建投证券股份有限公司武汉香港路证券营业部,30868929.3,4,12051838.3,3,18817091.0,2
3094,方正证券股份有限公司四川分公司,30860414.0,1,15553283.0,1,15307131.0,1
3095,华西证券股份有限公司青岛海尔路证券营业部,30831944.5,1,27554073.5,1,3277871.0,1
3096,开源证券股份有限公司西安纺织城正街证券营业部,30782702.05,11,16872150.29,5,13910551.76,7
3097,天风证券股份有限公司江西分公司,30652790.8,6,8412660.0,4,22240130.8,6
3098,太平洋证券股份有限公司杭州市民街证券营业部,30563734.0,1,30563734.0,1,0.0,0
3099,长江证券股份有限公司上海张杨路证券营业部,30562419.14,5,6124531.0,3,24437888.14,4
3100,长城证券股份有限公司南昌福州路证券营业部,30493441.63,6,5429371.58,1,25064070.05,5
3101,中信证券股份有限公司上海金山区龙展路证券营业部,30487898.0,5,7252104.0,2,23235794.0,3
3102,方正证券股份有限公司福州白马南路证券营业部,30449913.0,4,16614028.0,4,13835885.0,3
3103,方正证券股份有限公司永州祁阳金盆西路证券营业部,30445234.45,4,21683618.38,3,8761616.07,2
3104,东方财富证券股份有限公司宁波中山西路证券营业部,30417749.84,2,27984928.0,1,2432821.84,1
3105,国泰海通证券股份有限公司重庆万州北滨大道证券营业部,30404853.2,4,23572140.0,3,6832713.2,4
3106,长城证券股份有限公司广州天河北路证券营业部,30360288.14,4,11661604.66,3,18698683.48,4
3107,国元证券股份有限公司,30303800.0,2,30303800.0,2,0.0,0
3108,申万宏源证券有限公司临沂金雀山路证券营业部,30295148.65,1,30292825.65,1,2323.0,1
3109,国泰海通证券股份有限公司上海闵行区吴中路证券营业部,30240575.0,2,428514.0,2,29812061.0,1
3110,长江证券股份有限公司成都天府三街证券营业部,30218682.62,4,5246900.62,3,24971782.0,2
3111,民生证券股份有限公司新乡和平路证券营业部,30213424.54,5,3304000.0,1,26909424.54,4
3112,湘财证券股份有限公司成都西一环路证券营业部,30194267.17,5,19979273.77,3,10214993.4,2
3113,财通证券股份有限公司平湖城南东路证券营业部,30190425.51,2,3862834.17,1,26327591.34,1
3114,国泰海通证券股份有限公司宜宾金沙江大道证券营业部,30180635.0,6,26980134.0,4,3200501.0,4
3115,国元证券股份有限公司肥西名邦广场证券营业部,30165601.16,1,19879077.52,1,10286523.64,1
3116,中银国际证券股份有限公司北京北四环西路证券营业部,30134416.0,2,21181634.0,1,8952782.0,2
3117,国金证券股份有限公司上海证券自营分公司,30090726.9,2,14478655.06,1,15612071.84,1
3118,国泰海通证券股份有限公司天津青年路证券营业部,30065334.9,4,8621865.0,1,21443469.9,3
3119,金融街证券股份有限公司东莞南城宏北路证券营业部,30057598.0,1,30057598.0,1,0.0,0
3120,国投证券股份有限公司广州体育西路证券营业部,30024212.34,9,16541613.92,6,13482598.42,9
3121,渤海证券股份有限公司上海青浦区清河湾路证券营业部,30014396.87,1,30014396.87,1,0.0,0
3122,中原证券股份有限公司平顶山分公司,29945600.0,3,11257876.0,2,18687724.0,2
3123,国泰海通证券股份有限公司天门西湖路证券营业部,29935773.5,3,5358593.0,2,24577180.5,3
3124,中国银河证券股份有限公司成都龙腾路证券营业部,29934420.4,9,3418913.0,6,26515507.4,6
3125,渤海证券股份有限公司北京慧忠里证券营业部,29933394.83,3,24927814.14,3,5005580.69,2
3126,长江证券股份有限公司重庆聚贤岩证券营业部,29928568.0,3,24450263.0,2,5478305.0,1
3127,华源证券股份有限公司苏州分公司,29913283.0,5,14074015.0,5,15839268.0,3
3128,方正证券股份有限公司哈尔滨赣水路证券营业部,29892339.0,3,21681671.0,1,8210668.0,3
3129,财信证券股份有限公司长沙湘府路证券营业部,29890176.97,4,25380227.72,3,4509949.25,1
3130,国泰海通证券股份有限公司宜春宜阳大道证券营业部,29876353.88,7,19320674.88,5,10555679.0,3
3131,中国银河证券股份有限公司包头乌兰道证券营业部,29875224.84,4,22094285.0,4,7780939.84,1
3132,国投证券股份有限公司广州增城府佑路证券营业部,29865886.0,2,688681.0,2,29177205.0,1
3133,东吴证券股份有限公司苏州相城区青龙港路证券营业部,29818481.0,3,18021960.0,1,11796521.0,2
3134,国新证券股份有限公司衡阳临江路证券营业部,29685874.8,8,3114791.0,3,26571083.8,6
3135,东北证券股份有限公司,29631593.0,2,9352151.0,1,20279442.0,1
3136,华鑫证券有限责任公司广州广州大道中证券营业部,29614195.42,4,29614195.42,4,0.0,0
3137,华泰证券股份有限公司南京文澜路证券营业部(注销),29605388.45,3,8456227.83,2,21149160.62,3
3138,国泰海通证券股份有限公司哈尔滨西大直街证券营业部,29576941.25,6,19261719.61,3,10315221.64,3
3139,方正证券股份有限公司温岭横湖中路证券营业部,29571931.0,4,8006600.0,1,21565331.0,3
3140,申万宏源证券有限公司天津新城西路证券营业部,29545203.52,3,10130982.0,1,19414221.52,2
3141,财信证券股份有限公司深圳宝安南路证券营业部,29478912.15,8,23327468.76,7,6151443.39,4
3142,华林证券股份有限公司北京荣京东街证券营业部,29460247.28,2,12946138.0,1,16514109.28,2
3143,南京证券股份有限公司南京大钟亭证券营业部,29412517.98,5,17116099.0,3,12296418.98,3
3144,华福证券股份有限公司济南经十路证券营业部,29411191.0,1,29411191.0,1,0.0,0
3145,中国银河证券股份有限公司深圳水贝证券营业部,29402906.23,2,2003607.0,2,27399299.23,1
3146,中信证券(山东)有限责任公司济南华信路证券营业部,29386548.02,2,29386548.02,2,0.0,0
3147,华创证券有限责任公司贵阳新华路证券营业部,29377138.37,4,7407339.49,2,21969798.88,4
3148,国海证券股份有限公司百色中山二路证券营业部,29312132.0,4,12710667.0,3,16601465.0,1
3149,财通证券股份有限公司南京中山路证券营业部,29271564.6,4,7047823.6,3,22223741.0,4
3150,中泰证券股份有限公司福州湖东路证券营业部,29258757.9,2,601714.9,1,28657043.0,1
3151,东兴证券股份有限公司福州五一北路证券营业部,29225885.0,4,29205150.0,4,20735.0,1
3152,华泰证券股份有限公司泉州津淮街证券营业部,29181243.3,5,19102263.23,2,10078980.07,3
3153,平安证券股份有限公司广州琶洲大道证券营业部,29175341.22,7,7114520.95,4,22060820.27,6
3154,上海证券有限责任公司南京江东北路证券营业部,29129095.0,3,9277147.0,2,19851948.0,3
3155,诚通证券股份有限公司青岛福州南路证券营业部,29038356.0,2,3657418.0,2,25380938.0,1
3156,国融证券股份有限公司温州车站大道证券营业部,28943407.98,3,9808280.0,1,19135127.98,3
3157,国盛证券股份有限公司莆田学园中街证券营业部,28897634.55,2,10617030.0,1,18280604.55,1
3158,中泰证券股份有限公司梅州彬芳大道证券营业部,28876047.81,3,5727571.27,1,23148476.54,3
3159,上海证券有限责任公司临平路证券营业部,28839089.6,4,20066235.1,4,8772854.5,1
3160,财达证券股份有限公司保定安国药都北大街证券营业部,28839058.0,3,5843294.0,2,22995764.0,2
3161,光大证券股份有限公司,28801150.0,4,28801150.0,4,0.0,0
3162,申万宏源证券有限公司绍兴中兴南路证券营业部,28799427.7,1,28799427.7,1,0.0,0
3163,中国中金财富证券有限公司嘉兴花园路证券营业部,28768342.68,5,7303491.34,3,21464851.34,5
3164,方正证券股份有限公司乌鲁木齐黄河路证券营业部,28745416.3,3,13035924.39,1,15709491.91,2
3165,申港证券股份有限公司上海分公司,28735590.0,5,20580689.0,3,8154901.0,2
3166,山西证券股份有限公司长治英雄南路证券营业部,28683081.05,4,1473744.38,1,27209336.67,3
3167,首创证券股份有限公司上海共和新路证券营业部,28677188.49,2,25405962.49,1,3271226.0,1
3168,中信建投证券股份有限公司北京时代花园南路证券营业部,28657294.9,4,3883507.48,2,24773787.42,4
3169,渤海证券股份有限公司重庆新溉大道证券营业部,28657174.13,3,3547050.0,1,25110124.13,2
3170,中信建投证券股份有限公司长沙星沙证券营业部,28607996.92,2,11427723.66,1,17180273.26,2
3171,华福证券股份有限公司湖北分公司,28602737.13,3,23033539.44,2,5569197.69,1
3172,中国中金财富证券有限公司溧阳煤建路证券营业部,28575927.0,3,13887335.0,2,14688592.0,1
3173,国盛证券股份有限公司长春景阳大路证券营业部,28556541.0,3,566580.0,2,27989961.0,1
3174,国泰海通证券股份有限公司许昌魏文路证券营业部,28487055.32,2,7211340.6,1,21275714.72,2
3175,东北证券股份有限公司九台站前路证券营业部,28427290.0,2,13061485.0,2,15365805.0,1
3176,东吴证券股份有限公司哈尔滨上海街证券营业部,28424326.7,5,14847160.4,4,13577166.3,3
3177,国都证券股份有限公司上海苗圃路证券营业部,28418438.0,2,13538862.0,1,14879576.0,1
3178,国投证券股份有限公司兰州东岗西路证券营业部,28308345.0,3,19194909.0,2,9113436.0,1
3179,方正证券股份有限公司醴陵滨河路证券营业部,28294513.0,5,1010825.0,2,27283688.0,3
3180,申万宏源证券有限公司益阳梓山西路证券营业部,28275821.0,1,24620258.0,1,3655563.0,1
3181,方正证券股份有限公司南昌北京西路证券营业部,28266825.6,4,15403992.6,4,12862833.0,1
3182,信达证券股份有限公司广州番禺富华东路证券营业部,28253831.43,7,13288831.43,5,14965000.0,2
3183,国投证券股份有限公司茂名西粤南路证券营业部,28209142.18,4,614419.63,3,27594722.55,3
3184,中信证券股份有限公司盐城解放南路证券营业部,28175573.0,4,20063935.0,3,8111638.0,2
3185,长江证券股份有限公司荆门天山路证券营业部,28154776.84,2,12214107.57,2,15940669.27,2
3186,国海证券股份有限公司宜兴人民南路证券营业部,28133870.2,1,28133870.2,1,0.0,0
3187,招商证券股份有限公司东莞鸿福路证券营业部,28091598.36,7,25087993.12,3,3003605.24,5
3188,中国中金财富证券有限公司湘潭双拥中路证券营业部,28081729.0,2,8307440.0,1,19774289.0,1
3189,财达证券股份有限公司秦皇岛昌黎学院路证券营业部,28071911.0,1,28071911.0,1,0.0,0
3190,东兴证券股份有限公司龙海锦江东路证券营业部,28056018.91,5,6080662.86,4,21975356.05,4
3191,中泰证券股份有限公司上海分公司,28028742.63,3,16331349.94,2,11697392.69,1
3192,上海证券有限责任公司乐清柳市柳青南路证券营业部,27961384.0,2,685176.0,2,27276208.0,1
3193,万联证券股份有限公司广州寺右新马路证券营业部,27920089.18,7,10964802.0,3,16955287.18,5
3194,中银国际证券股份有限公司安徽分公司,27859521.46,5,15271110.46,3,12588411.0,3
3195,华泰证券股份有限公司郑州农业路证券营业部,27857338.0,14,923066.0,4,26934272.0,11
3196,国联民生证券股份有限公司苏州三香路证券营业部,27725882.96,4,12172138.96,3,15553744.0,3
3197,中国中金财富证券有限公司武汉京汉大道证券营业部,27679725.2,1,27679725.2,1,0.0,0
3198,财信证券股份有限公司深圳龙华和平路证券营业部,27634660.7,2,14185648.1,1,13449012.6,1
3199,第一创业证券股份有限公司云南分公司,27607297.85,5,26952734.49,4,654563.36,1
3200,国联民生证券股份有限公司无锡盛岸西路证券营业部,27551994.24,3,18483919.36,2,9068074.88,2
3201,中泰证券股份有限公司揭阳普宁长春路证券营业部,27545369.14,2,17254842.14,1,10290527.0,1
3202,德邦证券股份有限公司上海福山路证券营业部,27516396.12,8,17475041.72,6,10041354.4,4
3203,华龙证券股份有限公司重庆新华路证券营业部,27513810.62,3,9368006.64,1,18145803.98,2
3204,长城国瑞证券有限公司成都高升桥东路证券营业部,27496289.0,2,27496289.0,2,0.0,0
3205,国信证券股份有限公司北京亚运村证券营业部,27479676.31,4,11701979.47,2,15777696.84,2
3206,方正证券股份有限公司上海静安区延平路证券营业部,27421664.0,6,5108318.0,3,22313346.0,5
3207,华金证券股份有限公司青岛分公司,27404133.0,9,13025949.0,7,14378184.0,3
3208,国盛证券股份有限公司湖南分公司,27387487.32,3,18160447.05,2,9227040.27,1
3209,光大证券股份有限公司慈溪观海卫证券营业部,27379844.24,1,27357462.24,1,22382.0,1
3210,中信证券股份有限公司吉林市吉林大街证券营业部,27373922.0,4,10659735.0,2,16714187.0,3
3211,西南证券股份有限公司大连分公司,27365818.0,1,27365818.0,1,0.0,0
3212,山西证券股份有限公司太原坞城路证券营业部,27353295.73,6,23368520.62,4,3984775.11,4
3213,国泰海通证券股份有限公司厦门鹭江道证券营业部,27346186.29,5,2765222.0,3,24580964.29,5
3214,中信证券股份有限公司天津南开证券营业部,27340985.0,2,27333543.0,2,7442.0,1
3215,浙商证券股份有限公司开化长兴路证券营业部,27338509.0,3,10417174.0,2,16921335.0,3
3216,中国银河证券股份有限公司深圳高新南一道中科大厦证券营业部,27230200.52,2,10007890.0,2,17222310.52,2
3217,申万宏源证券有限公司武汉三阳路证券营业部,27207937.0,3,5095376.0,1,22112561.0,2
3218,华宝证券股份有限公司杭州学院路证券营业部,27166158.0,6,6154721.0,3,21011437.0,5
3219,华泰证券股份有限公司无锡金融一街证券营业部,27144904.13,6,1823051.25,3,25321852.88,6
3220,西部证券股份有限公司柳州海关路证券营业部,27144154.25,3,2204557.01,3,24939597.24,2
3221,中国银河证券股份有限公司福州东水路证券营业部,27125725.01,3,20930062.7,2,6195662.31,1
3222,华福证券股份有限公司上海黄浦区马当路证券营业部,27119562.1,2,24152516.1,1,2967046.0,1
3223,民生证券股份有限公司永城百花路证券营业部,27117185.0,5,10403963.0,5,16713222.0,4
3224,国联民生证券股份有限公司杭州金城路证券营业部,27112971.8,3,27060331.8,3,52640.0,1
3225,华林证券股份有限公司浙江分公司,27085166.0,2,27085166.0,2,0.0,0
3226,华金证券股份有限公司西安曲江路证券营业部,27080163.0,3,17767193.0,3,9312970.0,2
3227,浙商证券股份有限公司宁波中山东路证券营业部,27040017.57,4,5794509.0,2,21245508.57,2
3228,东吴证券股份有限公司杭州双龙街证券营业部,27039118.45,4,9459718.81,3,17579399.64,3
3229,山西证券股份有限公司阳泉德胜东街证券营业部,26941869.61,3,764025.0,1,26177844.61,2
3230,广发证券股份有限公司潍坊东方路证券营业部,26904409.6,3,13696960.0,1,13207449.6,3
3231,信达证券股份有限公司仙居庆丰街证券营业部,26831170.32,3,8076953.0,1,18754217.32,3
3232,国投证券股份有限公司汕头长平路证券营业部,26807930.59,8,8081359.96,3,18726570.63,5
3233,万和证券股份有限公司成都大墙西街证券营业部,26785010.8,4,10392978.8,3,16392032.0,3
3234,东莞证券股份有限公司福州长乐中路证券营业部,26783443.0,2,10150048.0,2,16633395.0,1
3235,中泰证券股份有限公司潍坊通亭街证券营业部,26711144.0,3,11230561.0,2,15480583.0,2
3236,广发证券股份有限公司惠州博罗证券营业部,26623366.6,5,12152063.43,3,14471303.17,4
3237,第一创业证券股份有限公司深圳深南大道证券营业部,26615351.0,2,15368131.0,2,11247220.0,1
3238,广发证券股份有限公司南京中央路证券营业部,26610958.03,10,6175785.38,6,20435172.65,6
3239,光大证券股份有限公司泰州东进路证券营业部,26604709.98,1,26604709.98,1,0.0,0
3240,长江证券股份有限公司新乡金穗大道证券营业部,26584610.0,1,26529269.0,1,55341.0,1
3241,国投证券股份有限公司广州中山大道中证券营业部,26570419.86,2,26570419.86,2,0.0,0
3242,中信证券股份有限公司鞍山胜利路证券营业部,26499252.23,1,23843268.23,1,2655984.0,1
3243,南京证券股份有限公司苏州时代广场证券营业部,26495079.0,2,12962642.0,2,13532437.0,2
3244,东方证券股份有限公司苏州南环东路证券营业部,26463753.0,3,15766843.0,2,10696910.0,1
3245,第一创业证券股份有限公司大连黄河路证券营业部,26435953.0,3,19163549.0,2,7272404.0,1
3246,长江证券股份有限公司抚州赣东大道证券营业部,26290252.0,3,5118834.0,1,21171418.0,2
3247,财通证券股份有限公司瑞安瑞枫大道证券营业部,26230658.58,3,24831260.58,2,1399398.0,3
3248,广发证券股份有限公司惠州文昌一路证券营业部,26228901.91,6,835540.76,2,25393361.15,4
3249,国信证券股份有限公司柳州白沙路证券营业部,26181093.0,1,26181093.0,1,0.0,0
3250,申万宏源证券有限公司深圳深南大道证券营业部,26103215.73,8,23208351.55,6,2894864.18,4
3251,国泰海通证券股份有限公司淄博桓台东岳路证券营业部,26096734.0,3,7258467.0,2,18838267.0,1
3252,湘财证券股份有限公司浏阳白沙东路证券营业部,26077812.0,2,26077812.0,2,0.0,0
3253,中泰证券股份有限公司东营仙河神州路证券营业部,26075231.23,1,26075231.23,1,0.0,0
3254,上海证券有限责任公司长宁区定西路证券营业部,26073792.28,3,86567.28,1,25987225.0,2
3255,中原证券股份有限公司新乡分公司,26053791.43,3,2364305.97,2,23689485.46,2
3256,申万宏源证券有限公司深圳新湖路证券营业部,26053650.0,1,25874981.0,1,178669.0,1
3257,中信证券股份有限公司株洲珠江北路证券营业部,26047310.0,1,26047310.0,1,0.0,0
3258,国泰海通证券股份有限公司扬州文汇西路证券营业部,26026139.0,3,15655956.0,2,10370183.0,1
3259,财通证券股份有限公司台州分公司,26007352.0,5,7671511.0,3,18335841.0,4
3260,中泰证券股份有限公司青岛西海岸路证券营业部,25911305.4,5,989560.0,1,24921745.4,4
3261,财通证券股份有限公司义乌贝村路证券营业部,25881533.95,4,6338037.71,2,19543496.24,4
3262,天府证券有限责任公司西安分公司,25817857.83,1,25817857.83,1,0.0,0
3263,浙商证券股份有限公司玉环长兴路证券营业部,25802188.0,2,16441989.0,2,9360199.0,1
3264,国投证券股份有限公司郴州国庆北路证券营业部,25798313.42,2,6982039.2,1,18816274.22,2
3265,第一创业证券股份有限公司深圳金田路证券营业部,25789028.0,1,18445123.0,1,7343905.0,1
3266,华泰证券股份有限公司深圳红荔路证券营业部,25673461.0,3,5098928.0,2,20574533.0,2
3267,中泰证券股份有限公司长沙五一大道证券营业部,25663283.98,5,12457235.0,2,13206048.98,3
3268,华林证券股份有限公司淄博周村正阳路证券营业部,25624852.0,3,18175256.0,2,7449596.0,1
3269,东兴证券股份有限公司福清景观大道证券营业部,25580453.74,7,5587356.43,6,19993097.31,2
3270,中信建投证券股份有限公司黑龙江分公司,25567201.0,3,23143668.0,2,2423533.0,1
3271,申万宏源证券有限公司上海普陀区金沙江路证券营业部,25481007.04,4,255000.0,1,25226007.04,3
3272,招商证券股份有限公司北京朝阳公园路证券营业部,25412108.56,2,24826468.56,2,585640.0,1
3273,东吴证券股份有限公司镇江解放路证券营业部,25384831.2,3,17441846.0,1,7942985.2,3
3274,申万宏源证券有限公司上海徐汇区凯旋路证券营业部,25383229.4,5,9910668.0,3,15472561.4,5
3275,广发证券股份有限公司苏州苏州大道东证券营业部,25365177.61,4,25365177.61,4,0.0,0
3276,湘财证券股份有限公司上海丹巴路证券营业部,25327116.93,1,25327116.93,1,0.0,0
3277,华福证券股份有限公司广州花城大道证券营业部,25325618.35,5,14974629.35,4,10350989.0,2
3278,湘财证券股份有限公司广州滨江东路证券营业部,25314220.86,5,3322604.08,4,21991616.78,3
3279,东方财富证券股份有限公司盐城迎宾南路证券营业部,25309970.95,1,25309970.95,1,0.0,0
3280,西部证券股份有限公司宝鸡分公司,25304033.0,2,9257704.0,1,16046329.0,1
3281,南京证券股份有限公司九江长虹大道证券营业部,25268171.62,2,25268171.62,2,0.0,0
3282,第一创业证券股份有限公司佛山第一分公司,25257630.08,3,22638757.99,2,2618872.09,2
3283,广发证券股份有限公司西安浐灞大道证券营业部,25244671.91,1,25244671.91,1,0.0,0
3284,方正证券股份有限公司宜春明月北路证券营业部,25215036.0,1,25215036.0,1,0.0,0
3285,财通证券股份有限公司宁波分公司,25157967.68,2,25157967.68,2,0.0,0
3286,光大证券股份有限公司重庆财富大道证券营业部,25156006.99,6,3064332.99,5,22091674.0,1
3287,中信建投证券股份有限公司简阳雄州大道证券营业部,25143544.85,4,2953356.34,1,22190188.51,3
3288,广发证券股份有限公司成都东大路证券营业部,25139580.74,3,9130889.0,1,16008691.74,2
3289,国泰海通证券股份有限公司深圳雅宝路证券营业部,25119649.5,7,13262607.5,3,11857042.0,5
3290,国投证券股份有限公司东莞樟木头证券营业部,25115257.35,5,9112198.8,3,16003058.55,3
3291,华福证券股份有限公司安徽分公司,25096833.0,3,6939868.0,1,18156965.0,3
3292,华安证券股份有限公司合肥滨湖云谷路证券营业部,25015699.75,6,6343114.0,3,18672585.75,5
3293,东海证券股份有限公司上海长宁区水城南路证券营业部,24991202.65,4,2550675.0,1,22440527.65,3
3294,上海证券有限责任公司乐清虹桥飞虹南路证券营业部,24982881.0,2,5536957.0,2,19445924.0,2
3295,招商证券股份有限公司杭州富春路证券营业部,24980703.0,4,10313508.0,3,14667195.0,2
3296,浙商证券股份有限公司宁海气象北路证券营业部,24959670.0,3,13206046.0,3,11753624.0,2
3297,国泰海通证券股份有限公司宜春袁山东路证券营业部,24957517.9,4,7501784.0,3,17455733.9,3
3298,西南证券股份有限公司重庆北碚分公司,24954783.22,3,6151918.0,1,18802865.22,2
3299,上海证券有限责任公司虹口区新市路证券营业部,24919007.0,2,22251405.0,1,2667602.0,1
3300,方正证券股份有限公司湖北分公司,24884403.25,3,17246004.21,1,7638399.04,2
3301,长江证券股份有限公司佛山南海大道证券营业部,24858511.0,2,3522511.0,1,21336000.0,1
3302,上海证券有限责任公司闵行区虹梅路证券营业部,24857756.66,5,5363138.54,2,19494618.12,5
3303,国投证券股份有限公司佛山北滘怡欣路证券营业部,24774614.24,3,12714969.0,2,12059645.24,2
3304,信达证券股份有限公司深圳分公司,24758622.47,5,9261579.57,3,15497042.9,4
3305,中国银河证券股份有限公司杭州市心北路证券营业部,24740115.45,2,5912498.0,1,18827617.45,1
3306,东方证券股份有限公司上海普陀区云岭东路证券营业部,24686119.9,1,24686119.9,1,0.0,0
3307,华安证券股份有限公司乌海滨河大道证券营业部,24670502.0,3,7881309.0,1,16789193.0,3
3308,广发证券股份有限公司杭州金华南路证券营业部,24629117.56,6,8181602.5,3,16447515.06,5
3309,国融证券股份有限公司佛山国泰南路证券营业部,24618689.88,2,24618689.88,2,0.0,0
3310,中国银河证券股份有限公司重庆渝中证券营业部,24589348.62,5,11176527.0,3,13412821.62,2
3311,中国中金财富证券有限公司太原晋祠路证券营业部,24558301.87,6,6078945.7,4,18479356.17,5
3312,国泰海通证券股份有限公司上海宝山区海江路证券营业部,24525815.8,4,6056063.8,2,18469752.0,3
3313,东北证券股份有限公司郑州花园路证券营业部,24518868.0,3,9557657.0,3,14961211.0,2
3314,国投证券股份有限公司广州珠江东路证券营业部,24508663.0,4,11673617.0,2,12835046.0,2
3315,国泰海通证券股份有限公司重庆民生路证券营业部,24479086.0,2,22633163.0,1,1845923.0,2
3316,广发证券股份有限公司莆田东园西路证券营业部,24469635.0,3,7028413.0,3,17441222.0,1
3317,申万宏源证券有限公司上海闵行区七莘路证券营业部,24438753.22,6,7693046.82,3,16745706.4,4
3318,华福证券股份有限公司三明列东街证券营业部,24428953.0,2,2325715.0,2,22103238.0,2
3319,方正证券股份有限公司新余赣西大道证券营业部,24373016.0,2,11874808.0,2,12498208.0,1
3320,五矿证券有限公司北京广安门外大街证券营业部,24343788.0,3,24343788.0,3,0.0,0
3321,国元证券股份有限公司陕西分公司,24341455.74,5,6289085.13,2,18052370.61,4
3322,西南证券股份有限公司成都红星路证券营业部,24301408.0,2,7588220.0,1,16713188.0,2
3323,中国中金财富证券有限公司泉州丰泽街证券营业部,24287627.0,1,24280447.0,1,7180.0,1
3324,国投证券股份有限公司广州增城金融大道证券营业部,24275514.92,2,4359892.0,1,19915622.92,2
3325,中信建投证券股份有限公司淄博政通路证券营业部,24072835.96,4,4322472.0,3,19750363.96,3
3326,长城国瑞证券有限公司厦门莲前东路证券营业部,24068048.17,9,4304467.0,6,19763581.17,5
3327,平安证券股份有限公司厦门国际金融中心证券营业部,24067031.39,4,15504791.39,2,8562240.0,2
3328,东方财富证券股份有限公司福建分公司,24060120.0,4,11203270.0,1,12856850.0,3
3329,国联民生证券股份有限公司汕头珠港新城嵩山路证券营业部,24027020.44,2,9248755.44,1,14778265.0,1
3330,国金证券股份有限公司成都龙泉驿区龙平路证券营业部,24012880.77,9,313560.0,4,23699320.77,7
3331,华西证券股份有限公司南通工农路证券营业部,23984159.0,4,5848938.0,2,18135221.0,3
3332,中航证券有限公司宁波首南西路证券营业部,23979900.0,1,23979900.0,1,0.0,0
3333,西部证券股份有限公司西安东新街证券营业部,23934710.42,1,23934710.42,1,0.0,0
3334,浙商证券股份有限公司富阳江滨西大道证券营业部,23882215.08,3,9371160.0,1,14511055.08,2
3335,华鑫证券有限责任公司上海西藏中路证券营业部,23818351.0,4,23818351.0,4,0.0,0
3336,国泰海通证券股份有限公司济宁吴泰闸路证券营业部,23804872.84,1,23804872.84,1,0.0,0
3337,光大证券股份有限公司上海人民北路证券营业部,23786041.0,2,23786041.0,2,0.0,0
3338,中国银河证券股份有限公司临海杜桥环城南路证券营业部,23706601.31,4,2893998.3,2,20812603.01,4
3339,信达证券股份有限公司山东分公司,23659572.0,3,16162400.0,2,7497172.0,1
3340,五矿证券有限公司北京将台路证券营业部,23643566.4,1,23643566.4,1,0.0,0
3341,广发证券股份有限公司珠海横琴证券营业部,23619901.27,4,3711520.56,1,19908380.71,3
3342,中国中金财富证券有限公司北京望京启阳路证券营业部,23610990.47,22,11336572.43,14,12274418.04,12
3343,国联民生证券股份有限公司成都锦城大道证券营业部,23584863.33,3,1396673.0,3,22188190.33,2
3344,国泰海通证券股份有限公司上海黄浦区中山南路证券营业部,23563663.0,3,15807209.0,3,7756454.0,2
3345,东吴证券股份有限公司东莞鸿福路证券营业部,23523844.0,3,5685795.0,1,17838049.0,2
3346,中国银河证券股份有限公司义乌稠州北路证券营业部,23512282.6,7,3583191.35,5,19929091.25,2
3347,华西证券股份有限公司广州珠江东路证券营业部,23507896.0,4,7151704.0,3,16356192.0,3
3348,国盛证券股份有限公司青岛分公司,23500951.35,4,9805167.0,2,13695784.35,3
3349,长江证券股份有限公司郑州金水路证券营业部,23449097.0,5,6712345.0,2,16736752.0,5
3350,广发证券股份有限公司武汉和平大道证券营业部,23448415.0,4,20066925.0,3,3381490.0,3
3351,国联民生证券股份有限公司无锡新吴区湘江路证券营业部,23426262.07,2,2184328.07,2,21241934.0,2
3352,湘财证券股份有限公司温州市府路证券营业部,23395712.0,3,23395712.0,3,0.0,0
3353,国信证券股份有限公司成都天府三街证券营业部,23333834.0,4,21713834.0,4,1620000.0,1
3354,东方财富证券股份有限公司大连长江路证券营业部,23318502.0,4,4165064.0,3,19153438.0,2
3355,中航证券有限公司南昌广场南路证券营业部,23282587.7,5,2385035.18,3,20897552.52,3
3356,天风证券股份有限公司武汉天地证券营业部,23268450.51,2,16928652.51,2,6339798.0,1
3357,华安证券股份有限公司广东分公司,23254023.47,2,3563472.0,1,19690551.47,1
3358,东北证券股份有限公司南通世纪大道证券营业部,23174639.0,4,19001156.0,3,4173483.0,1
3359,国泰海通证券股份有限公司北京苏州桥证券营业部,23154564.0,2,6571094.0,1,16583470.0,1
3360,方正证券股份有限公司上海南丹东路证券营业部,23150734.74,3,12403776.65,3,10746958.09,2
3361,中泰证券股份有限公司威海大庆路证券营业部,23147873.24,5,14806261.0,3,8341612.24,3
3362,广发证券股份有限公司东莞东城证券营业部,23143113.06,10,5269711.0,6,17873402.06,7
3363,方正证券股份有限公司长沙东方红中路证券营业部,23133812.18,2,8283972.0,1,14849840.18,2
3364,中原证券股份有限公司郑州互联网分公司,23130792.93,2,19477605.09,1,3653187.84,2
3365,广发证券股份有限公司深圳深科技城证券营业部,23118155.12,2,23047740.0,1,70415.12,1
3366,东方证券股份有限公司温州汤家桥路证券营业部,23091764.59,3,5483603.15,1,17608161.44,2
3367,财通证券股份有限公司湖北分公司,23091271.59,3,6987947.31,1,16103324.28,2
3368,广发证券股份有限公司佛山禅城南庄证券营业部,23068500.46,4,9123557.86,2,13944942.6,2
3369,申万宏源证券有限公司长沙湘江新区茶子山东路证券营业部,23037243.0,1,23037243.0,1,0.0,0
3370,渤海证券股份有限公司天津云际道分公司,22961380.87,6,7997586.05,4,14963794.82,4
3371,国泰海通证券股份有限公司潍坊东风东街第一证券营业部,22914864.0,4,7783889.0,3,15130975.0,1
3372,东方证券股份有限公司济南华信路证券营业部,22887288.22,5,6286070.25,4,16601217.97,5
3373,国信证券股份有限公司东莞分公司,22878866.59,4,6078669.84,1,16800196.75,3
3374,东方证券股份有限公司上海普陀区光新路证券营业部,22868485.0,3,6308689.0,1,16559796.0,2
3375,华西证券股份有限公司广安建安中路证券营业部,22808919.82,4,9283758.99,3,13525160.83,3
3376,中银国际证券股份有限公司厦门湖滨北路证券营业部,22791243.6,4,10976972.77,3,11814270.83,2
3377,东方证券股份有限公司青岛仙霞岭路证券营业部,22783865.0,2,15320873.0,2,7462992.0,1
3378,上海证券有限责任公司浦东新区年家浜路证券营业部,22743900.7,4,9968929.0,2,12774971.7,3
3379,方正证券股份有限公司常德洞庭大道证券营业部,22740844.0,1,22740844.0,1,0.0,0
3380,国新证券股份有限公司北京文慧园证券营业部,22691486.0,2,9260932.0,1,13430554.0,1
3381,国海证券股份有限公司深圳宝安裕安路证券营业部,22683203.71,7,10481695.72,5,12201507.99,3
3382,国融证券股份有限公司呼伦贝尔阿里河路证券营业部,22653777.0,4,14377821.0,3,8275956.0,1
3383,开源证券股份有限公司西安高新分公司,22631796.0,3,9581806.0,3,13049990.0,1
3384,广发证券股份有限公司监利荆南大道证券营业部,22623391.0,3,12878645.0,2,9744746.0,2
3385,江海证券有限公司哈尔滨新疆大街证券营业部,22607908.01,2,16947960.91,1,5659947.1,2
3386,国融证券股份有限公司绍兴中兴南路证券营业部,22604808.06,3,15405756.47,3,7199051.59,1
3387,华泰证券股份有限公司南京文澜路证券营业部,22526477.0,3,4347590.4,1,18178886.6,2
3388,财达证券股份有限公司石家庄裕华路证券营业部,22507455.0,3,12019559.0,2,10487896.0,2
3389,中信证券股份有限公司镇江分公司,22506158.6,3,5902390.99,1,16603767.61,2
3390,广发证券股份有限公司广西分公司,22498832.52,23,15834310.36,13,6664522.16,16
3391,东吴证券股份有限公司温州车站大道证券营业部,22475251.78,2,11622086.42,1,10853165.36,2
3392,国泰海通证券股份有限公司江阴朝阳路证券营业部,22461445.0,2,214500.0,1,22246945.0,1
3393,中国银河证券股份有限公司北京亮马桥路证券营业部,22448529.0,3,4011264.0,2,18437265.0,1
3394,方正证券股份有限公司桐乡振兴东路证券营业部,22441583.0,3,5032992.0,1,17408591.0,2
3395,中信证券(山东)有限责任公司邹平黛溪三路证券营业部,22439350.0,2,21255087.0,2,1184263.0,1
3396,第一创业证券股份有限公司上海杨浦区宁国路证券营业部,22390607.34,2,20013985.34,2,2376622.0,1
3397,华福证券股份有限公司新疆分公司,22372748.0,2,3119560.0,1,19253188.0,1
3398,中国银河证券股份有限公司福州白马路证券营业部,22296973.42,2,2218075.0,1,20078898.42,1
3399,招商证券股份有限公司北京平安大街证券营业部,22253945.0,2,5697139.0,1,16556806.0,1
3400,浙商证券股份有限公司桐庐迎春南路证券营业部,22163040.44,3,12588817.8,3,9574222.64,2
3401,中航证券有限公司福建分公司,22150353.17,2,9835774.41,2,12314578.76,2
3402,中国银河证券股份有限公司重庆万象城证券营业部,22148150.0,3,2056508.0,2,20091642.0,2
3403,国信证券股份有限公司成都沙湾路证券营业部,22147172.62,7,4305296.0,3,17841876.62,6
3404,华福证券股份有限公司成都交子大道证券营业部,22144842.0,2,14619030.0,1,7525812.0,1
3405,东方证券股份有限公司上海浦东新区东育路证券营业部,22125369.96,2,2632713.36,2,19492656.6,1
3406,东莞证券股份有限公司东莞寮步证券营业部,22102467.0,4,7258884.0,3,14843583.0,2
3407,中国中金财富证券有限公司厦门莲岳路证券营业部,22080190.07,3,11507841.81,3,10572348.26,2
3408,国投证券股份有限公司阳江分公司,22059198.41,6,1220272.0,3,20838926.41,4
3409,中银国际证券股份有限公司咸阳秦皇中路证券营业部,22058284.0,2,22058284.0,2,0.0,0
3410,东吴证券股份有限公司张家港金港镇证券营业部,21961068.0,7,326357.0,4,21634711.0,3
3411,申万宏源证券有限公司靖江人民中路证券营业部,21954352.34,8,13284796.69,5,8669555.65,6
3412,兴业证券股份有限公司武夷山中山路证券营业部,21918548.72,5,8684427.47,1,13234121.25,4
3413,信达证券股份有限公司北京牡丹园证券营业部,21898727.0,4,9331789.0,3,12566938.0,3
3414,国融证券股份有限公司深圳深南大道大冲商务中心证券营业部,21808820.0,2,21808820.0,2,0.0,0
3415,平安证券股份有限公司上海闵行区闵虹路证券营业部,21771178.53,2,21771178.53,2,0.0,0
3416,国投证券股份有限公司南京六朝路证券营业部,21708298.45,2,7219982.0,1,14488316.45,1
3417,东北证券股份有限公司厦门湖滨南路证券营业部,21701768.0,2,10319405.0,1,11382363.0,1
3418,华泰证券股份有限公司广东分公司,21694468.96,6,7336632.91,2,14357836.05,5
3419,中国银河证券股份有限公司遂昌凯恩路证券营业部,21667393.3,2,3215385.0,1,18452008.3,1
3420,国泰海通证券股份有限公司舟山海山路证券营业部,21643024.0,3,6966640.0,1,14676384.0,2
3421,东莞证券股份有限公司重庆市渝中区中山一路证券营业部,21593878.0,4,5165376.0,2,16428502.0,3
3422,申港证券股份有限公司安徽分公司,21583663.2,4,17759908.2,3,3823755.0,1
3423,广发证券股份有限公司盘锦泰山路证券营业部,21581468.88,3,10673964.0,1,10907504.88,2
3424,财通证券股份有限公司杭州市心南路证券营业部,21554238.65,2,21554238.65,2,0.0,0
3425,粤开证券股份有限公司深圳分公司,21461607.0,3,15658701.0,2,5802906.0,2
3426,华鑫证券有限责任公司上海金山证券营业部,21413338.61,3,7002383.47,3,14410955.14,3
3427,中信建投证券股份有限公司上饶中山西路证券营业部,21390730.05,6,5313025.05,2,16077705.0,5
3428,湘财证券股份有限公司福州鼓屏路证券营业部,21388646.52,6,5912236.0,4,15476410.52,4
3429,开源证券股份有限公司吉林分公司,21370498.4,2,6558317.0,2,14812181.4,1
3430,国都证券股份有限公司郑州分公司,21368037.0,3,4462959.0,1,16905078.0,2
3431,华泰证券股份有限公司济南解放东路证券营业部,21358332.3,4,8979880.5,1,12378451.8,3
3432,华龙证券股份有限公司江苏分公司,21308000.0,2,21308000.0,2,0.0,0
3433,金融街证券股份有限公司鄂尔多斯薛家湾乌兰路证券营业部,21257336.0,1,21257336.0,1,0.0,0
3434,山西证券股份有限公司重庆红黄路证券营业部,21204056.24,3,3661642.04,1,17542414.2,3
3435,广发证券股份有限公司梅州大埔证券营业部,21178680.32,3,1672770.0,2,19505910.32,1
3436,东莞证券股份有限公司东莞石碣证券营业部,21155635.0,2,18142298.0,2,3013337.0,2
3437,国联民生证券股份有限公司武汉新华路证券营业部,21139048.0,1,21139048.0,1,0.0,0
3438,广发证券股份有限公司锦州山西街证券营业部,21084259.0,7,1222387.0,7,19861872.0,2
3439,国信证券股份有限公司上海张杨路证券营业部,21075530.67,2,21075530.67,2,0.0,0
3440,国泰海通证券股份有限公司成都东大街证券营业部,21069521.65,1,21069521.65,1,0.0,0
3441,东北证券股份有限公司北京东城分公司,21016413.26,4,14353770.0,3,6662643.26,2
3442,中信建投证券股份有限公司北京三元桥证券营业部,20981380.47,4,381189.0,2,20600191.47,2
3443,中国中金财富证券有限公司北京通州证券营业部,20945472.12,4,14125760.43,2,6819711.69,3
3444,西南证券股份有限公司重庆万州证券营业部,20909209.0,3,4427088.0,2,16482121.0,2
3445,中原证券股份有限公司四川分公司,20855200.0,1,20855200.0,1,0.0,0
3446,招商证券股份有限公司西安北大街证券营业部,20789748.0,4,9001667.0,4,11788081.0,2
3447,华安证券股份有限公司铜陵淮河路证券营业部,20776225.16,2,11626333.0,1,9149892.16,1
3448,国都证券股份有限公司北京阜外大街证券营业部,20748700.43,4,13400012.0,3,7348688.43,3
3449,粤开证券股份有限公司汕头金砂东路证券营业部,20741179.0,2,690849.0,1,20050330.0,1
3450,中国银河证券股份有限公司广州琶洲大道证券营业部,20738984.28,3,5863123.0,1,14875861.28,2
3451,财达证券股份有限公司石家庄总部证券营业部,20718775.0,5,1134257.0,3,19584518.0,2
3452,东方财富证券股份有限公司上海唐安路证券营业部,20700000.0,1,20700000.0,1,0.0,0
3453,国元证券股份有限公司天长园林路证券营业部,20694529.0,2,20639221.0,2,55308.0,1
3454,国投证券股份有限公司西安南关正街证券营业部,20685215.84,3,4824684.67,1,15860531.17,2
3455,国泰海通证券股份有限公司鞍山新华街证券营业部,20668347.52,2,7971731.0,2,12696616.52,1
3456,东方证券股份有限公司沈阳长白三街证券营业部,20539650.0,3,1769214.0,2,18770436.0,2
3457,中信证券(山东)有限责任公司胶州湖州路证券营业部,20523151.28,3,19511544.28,2,1011607.0,2
3458,中信证券股份有限公司南通海门长江南路证券营业部,20489230.8,2,9010172.0,1,11479058.8,1
3459,华创证券有限责任公司上海申港大道证券营业部,20481658.0,3,8815044.0,2,11666614.0,1
3460,国信证券股份有限公司慈溪新城大道证券营业部,20450200.0,2,10791289.0,1,9658911.0,1
3461,财信证券股份有限公司长沙金马路证券营业部,20434856.4,1,20434856.4,1,0.0,0
3462,兴业证券股份有限公司惠州分公司,20431846.98,3,7283580.0,1,13148266.98,2
3463,国信证券股份有限公司无锡观山路证券营业部,20343568.75,6,5385969.26,3,14957599.49,4
3464,中国银河证券股份有限公司重庆建新东路证券营业部,20343198.9,3,16204077.9,2,4139121.0,2
3465,长江证券股份有限公司聊城东昌西路证券营业部,20327291.0,2,227079.0,1,20100212.0,1
3466,华西证券股份有限公司江苏分公司,20323765.0,2,5990936.0,2,14332829.0,1
3467,中信证券华南股份有限公司广州花都曙光路证券营业部,20311679.14,5,541584.83,4,19770094.31,3
3468,国投证券股份有限公司茂名分公司,20253955.0,2,11734467.0,1,8519488.0,2
3469,国泰海通证券股份有限公司宁波和济街证券营业部,20240098.55,5,267218.55,2,19972880.0,3
3470,银泰证券有限责任公司上海长宁区延安西路证券营业部,20231210.5,4,16581573.0,3,3649637.5,1
3471,长江证券股份有限公司重庆红黄路证券营业部,20228523.83,5,2137674.0,2,18090849.83,4
3472,金融街证券股份有限公司宁波惊驾路证券营业部,20208333.39,4,4416803.43,2,15791529.96,4
3473,中信建投证券股份有限公司张家港人民中路证券营业部,20189894.73,2,14265660.28,2,5924234.45,1
3474,世纪证券有限责任公司杭州钱江路证券营业部,20167927.29,6,18498252.0,1,1669675.29,5
3475,中国中金财富证券有限公司上海虹口区北外滩证券营业部,20157361.0,3,7071400.0,1,13085961.0,2
3476,国联民生证券股份有限公司上海徐汇区淮海中路证券营业部,20144413.0,3,7989937.0,1,12154476.0,2
3477,大同证券有限责任公司上海长寿路证券营业部,20132702.0,4,4549587.0,1,15583115.0,3
3478,中银国际证券股份有限公司武汉黄孝河路证券营业部,20091052.0,3,12850153.0,3,7240899.0,1
3479,平安证券股份有限公司海南分公司,20078237.0,4,4125815.0,2,15952422.0,2
3480,中泰证券股份有限公司青州海岱中路证券营业部,20021413.0,2,12796555.0,1,7224858.0,2
3481,华福证券股份有限公司义乌丹溪北路证券营业部,20019623.0,3,19809623.0,2,210000.0,1
3482,东方证券股份有限公司沈阳崇山东路证券营业部,19990156.51,3,17675436.42,1,2314720.09,2
3483,中泰证券股份有限公司北京总部证券营业部,19978745.66,8,14231716.66,8,5747029.0,4
3484,财通证券股份有限公司江苏分公司,19975422.0,1,19975422.0,1,0.0,0
3485,世纪证券有限责任公司深圳分公司,19870582.0,4,14162488.0,3,5708094.0,1
3486,德邦证券股份有限公司浙江分公司,19861860.0,1,19861860.0,1,0.0,0
3487,国盛证券股份有限公司湖北分公司,19793553.3,3,12527052.6,3,7266500.7,2
3488,中国银河证券股份有限公司襄阳证券营业部,19778682.97,2,6024181.18,2,13754501.79,2
3489,天府证券有限责任公司乐山嘉定中路证券营业部,19697956.0,2,19697956.0,2,0.0,0
3490,东方证券股份有限公司安徽分公司,19664547.35,3,13189141.0,3,6475406.35,2
3491,中信证券股份有限公司泉州温陵北路证券营业部,19662098.08,2,7201858.08,1,12460240.0,1
3492,世纪证券有限责任公司南昌抚生南路证券营业部,19655257.2,3,12266258.2,2,7388999.0,2
3493,上海证券有限责任公司普陀区延长西路证券营业部,19652657.0,4,5893125.0,1,13759532.0,3
3494,东方证券股份有限公司烟台迎春大街证券营业部,19635227.0,2,3384827.0,2,16250400.0,1
3495,中国银河证券股份有限公司晋中定阳路证券营业部,19588910.2,5,11537692.0,4,8051218.2,3
3496,国泰海通证券股份有限公司贵溪建设路证券营业部,19582996.0,4,483873.0,2,19099123.0,2
3497,兴业证券股份有限公司咸阳分公司,19463084.11,6,14287085.47,5,5175998.64,1
3498,国海证券股份有限公司漳州九龙大道证券营业部,19430838.0,1,19430838.0,1,0.0,0
3499,中信证券股份有限公司杭州市心北路证券营业部,19425668.0,3,7529216.0,1,11896452.0,2
3500,金融街证券股份有限公司西安科技四路证券营业部,19414988.24,1,18481739.0,1,933249.24,1
3501,兴业证券股份有限公司三明列东街证券营业部,19401227.0,2,5867576.0,1,13533651.0,2
3502,中信建投证券股份有限公司常熟锁澜南路证券营业部,19340450.88,4,5403383.35,3,13937067.53,3
3503,长城证券股份有限公司舟山港航路证券营业部,19286262.0,1,19286262.0,1,0.0,0
3504,银泰证券有限责任公司温州飞霞北路证券营业部,19261871.0,1,12187574.0,1,7074297.0,1
3505,广发证券股份有限公司广州广钢新城证券营业部,19260784.0,3,4694128.0,1,14566656.0,2
3506,中信证券股份有限公司上海五角场证券营业部,19222023.76,1,19222023.76,1,0.0,0
3507,招商证券股份有限公司烟台长江路证券营业部,19188587.31,4,5795445.17,2,13393142.14,3
3508,方正证券股份有限公司广州兴盛路证券营业部,19176467.0,3,15749986.0,2,3426481.0,1
3509,国融证券股份有限公司广西分公司,19175878.84,2,19175878.84,2,0.0,0
3510,中国中金财富证券有限公司晋江世纪大道证券营业部,19115443.93,4,4766728.0,1,14348715.93,4
3511,华泰证券股份有限公司溧阳南大街证券营业部,19090351.53,4,18547551.53,3,542800.0,1
3512,东兴证券股份有限公司深圳海德三道证券营业部,19080279.0,1,19080279.0,1,0.0,0
3513,国金证券股份有限公司郴州文化路证券营业部,19067513.0,2,14980560.0,1,4086953.0,1
3514,光大证券股份有限公司湖州劳动路证券营业部,19062154.59,1,19062154.59,1,0.0,0
3515,广发证券股份有限公司上海新松江路证券营业部,19037582.5,5,904781.0,3,18132801.5,5
3516,国泰海通证券股份有限公司海口国兴大道证券营业部,18989206.0,3,2626760.0,3,16362446.0,1
3517,中国银河证券股份有限公司惠州淡水证券营业部,18947346.58,1,10274425.0,1,8672921.58,1
3518,华创证券有限责任公司江苏分公司,18924473.05,2,11695625.05,2,7228848.0,2
3519,中国银河证券股份有限公司德阳凯江路证券营业部,18904570.0,5,9237780.0,2,9666790.0,3
3520,中航证券有限公司兰州福利西路证券营业部,18898149.0,1,18891124.0,1,7025.0,1
3521,金元证券股份有限公司临海鹿城路证券营业部,18873662.0,2,9156930.0,2,9716732.0,1
3522,光大证券股份有限公司内江公园街证券营业部,18836204.9,2,3454913.0,1,15381291.9,1
3523,华创证券有限责任公司杭州同顺街证券营业部,18831763.37,4,9004659.67,2,9827103.7,2
3524,万联证券股份有限公司广州增城荔乡路证券营业部,18731132.6,5,8396610.0,2,10334522.6,3
3525,华泰证券股份有限公司无锡梁清路证券营业部,18720704.0,3,2055000.0,1,16665704.0,2
3526,中泰证券股份有限公司淮安健康东路证券营业部,18714930.82,1,18714930.82,1,0.0,0
3527,东吴证券股份有限公司南京国睿大厦证券营业部,18685828.0,3,2548420.0,3,16137408.0,1
3528,中国中金财富证券有限公司天津北马路证券营业部,18678910.0,3,2142000.0,1,16536910.0,2
3529,财达证券股份有限公司邢台新华路证券营业部,18667222.92,4,18050777.92,4,616445.0,2
3530,华泰证券股份有限公司盐城大丰幸福西大街证券营业部,18661903.38,3,14378037.38,2,4283866.0,2
3531,东莞证券股份有限公司武汉硚口路证券营业部,18637604.8,3,18637604.8,3,0.0,0
3532,中国中金财富证券有限公司南通工农路证券营业部,18606140.0,2,7254540.0,1,11351600.0,1
3533,华福证券股份有限公司马尾儒江西路证券营业部,18594136.0,2,2750714.0,1,15843422.0,2
3534,国信证券股份有限公司绵阳临园路证券营业部,18573638.0,9,11968373.0,6,6605265.0,6
3535,东莞证券股份有限公司大连星海广场证券营业部,18447209.31,4,10524810.66,2,7922398.65,2
3536,华泰证券股份有限公司黄冈东门路证券营业部,18439659.95,8,7084422.95,4,11355237.0,5
3537,申万宏源西部证券有限公司库尔勒滨河路证券营业部,18430201.64,2,18390361.24,2,39840.4,1
3538,爱建证券有限责任公司上海长阳路证券营业部,18401249.54,1,18147441.54,1,253808.0,1
3539,国信证券股份有限公司青岛分公司,18350038.48,4,8158997.48,2,10191041.0,2
3540,招商证券股份有限公司上海世博证券营业部,18112513.0,3,1605905.0,1,16506608.0,2
3541,国投证券股份有限公司泉州丰泽街证券营业部,18088801.4,2,16831048.4,2,1257753.0,1
3542,中信建投证券股份有限公司上海静安区万航渡路证券营业部,18002847.6,5,3712424.0,4,14290423.6,3
3543,兴业证券股份有限公司大连分公司,17986564.12,2,8059089.3,1,9927474.82,1
3544,长城证券股份有限公司,17961532.0,2,17961532.0,2,0.0,0
3545,东吴证券股份有限公司上海浦东新区银城中路二部营业部,17961047.06,2,8466107.06,1,9494940.0,1
3546,招商证券股份有限公司西安曲江新区证券营业部,17948541.8,3,13902482.8,2,4046059.0,1
3547,中国中金财富证券有限公司,17902910.0,4,17902910.0,4,0.0,0
3548,长江证券股份有限公司武汉汉阳大道证券营业部,17875327.32,1,17875327.32,1,0.0,0
3549,信达证券股份有限公司东莞元美路证券营业部,17866070.0,1,17866070.0,1,0.0,0
3550,中原证券股份有限公司驻马店分公司,17831730.37,2,5121334.0,1,12710396.37,2
3551,财信证券股份有限公司湘潭大道证券营业部,17822388.64,2,5612829.0,1,12209559.64,1
3552,方正证券股份有限公司宁波潘火路证券营业部,17805340.26,4,8893781.97,3,8911558.29,3
3553,浙商证券股份有限公司衢州分公司,17789145.0,3,15204489.0,2,2584656.0,1
3554,华林证券股份有限公司北京珠市口西大街证券营业部,17787407.0,2,4002407.0,1,13785000.0,1
3555,东北证券股份有限公司大连分公司,17780344.0,2,423724.0,1,17356620.0,1
3556,兴业证券股份有限公司莆田学园中街证券营业部,17741970.4,2,2860903.0,2,14881067.4,1
3557,申万宏源证券有限公司宁波泰康中路证券营业部,17720307.0,3,2999838.0,1,14720469.0,2
3558,浙商证券股份有限公司海宁水月亭西路证券营业部,17675664.0,3,5463759.0,1,12211905.0,3
3559,中银国际证券股份有限公司宜昌城东大道证券营业部,17628324.0,2,9475872.0,1,8152452.0,1
3560,万联证券股份有限公司重庆金开大道证券营业部,17609677.63,2,7958756.63,1,9650921.0,1
3561,长江证券股份有限公司咸宁淦河大道证券营业部,17568284.23,4,4471409.82,2,13096874.41,3
3562,国信证券股份有限公司汕头金砂路证券营业部,17564842.0,3,5684498.0,3,11880344.0,1
3563,中航证券有限公司宜昌夷陵大道证券营业部,17539054.0,1,17539054.0,1,0.0,0
3564,天风证券股份有限公司十堰江苏路证券营业部,17521158.84,4,4326177.24,2,13194981.6,3
3565,金融街证券股份有限公司通化东昌路证券营业部,17515281.56,4,4727867.11,2,12787414.45,2
3566,华泰证券股份有限公司盘锦惠宾街证券营业部,17478849.0,2,5548102.0,1,11930747.0,2
3567,国海证券股份有限公司梧州大学路证券营业部,17477013.0,3,478319.0,1,16998694.0,2
3568,东方证券股份有限公司北海北海大道证券营业部,17430669.0,1,17430669.0,1,0.0,0
3569,中国中金财富证券有限公司江门迎宾大道证券营业部,17402708.0,3,16125572.0,2,1277136.0,3
3570,华源证券股份有限公司浙江分公司,17398414.98,3,3501915.0,2,13896499.98,1
3571,财达证券股份有限公司张家口明德南街证券营业部,17398374.65,3,8625517.65,1,8772857.0,2
3572,中泰证券股份有限公司舟山港航路证券营业部,17380050.77,3,17276387.03,3,103663.74,2
3573,金融街证券股份有限公司乌海海拉南路证券营业部,17379833.0,1,17379833.0,1,0.0,0
3574,广发证券股份有限公司青岛香港东路证券营业部,17333096.8,2,10956916.8,2,6376180.0,1
3575,申万宏源证券有限公司国际部,17325611.05,3,93300.56,1,17232310.49,2
3576,华福证券股份有限公司长沙芙蓉中路证券营业部,17289202.6,2,2035418.0,2,15253784.6,1
3577,长江证券股份有限公司石家庄红旗大街证券营业部,17288646.45,5,13243631.63,4,4045014.82,3
3578,中天证券股份有限公司抚顺新华大街证券营业部,17253685.0,4,2138199.0,3,15115486.0,1
3579,中银国际证券股份有限公司唐山新华道证券营业部,17250478.89,3,4899108.94,2,12351369.95,2
3580,光大证券股份有限公司上海中兴路证券营业部,17234333.0,4,10324361.0,2,6909972.0,2
3581,中泰证券股份有限公司菏泽东明五四路证券营业部,17153735.08,4,7136050.09,4,10017684.99,3
3582,中信建投证券股份有限公司北京广渠门内大街证券营业部,17149965.5,2,17051973.5,2,97992.0,1
3583,德邦证券股份有限公司深圳分公司,17144578.9,1,17144578.9,1,0.0,0
3584,华福证券股份有限公司成都东大路证券营业部,17096799.66,2,4071674.0,1,13025125.66,1
3585,申万宏源证券有限公司国际业务总部,17074359.0,2,17074359.0,2,0.0,0
3586,国泰海通证券股份有限公司绵阳涪城路证券营业部,17046921.0,2,8965736.0,1,8081185.0,1
3587,长城证券股份有限公司呼和浩特锡林南路证券营业部,17030868.0,2,15339126.0,1,1691742.0,1
3588,兴业证券股份有限公司南安柳南东路证券营业部,17011807.77,3,10505009.41,3,6506798.36,2
3589,东吴证券股份有限公司吴江震泽证券营业部,17007975.69,2,10171627.0,2,6836348.69,1
3590,国泰海通证券股份有限公司哈尔滨比乐街证券营业部,16983455.0,4,4723713.0,2,12259742.0,2
3591,中航证券有限公司宜春高士路证券营业部,16955613.0,3,6800227.0,2,10155386.0,2
3592,方正证券股份有限公司玉环泰安路证券营业部,16910646.0,4,11301906.0,3,5608740.0,1
3593,国投证券股份有限公司深圳科发路证券营业部,16832076.4,3,4505830.4,2,12326246.0,2
3594,中信证券股份有限公司晋江世纪大道证券营业部,16772153.0,1,16772153.0,1,0.0,0
3595,方正证券股份有限公司岳阳巴陵东路证券营业部,16770835.64,1,16221594.0,1,549241.64,1
3596,信达证券股份有限公司铁岭光荣街证券营业部,16763256.0,2,678482.9,2,16084773.1,1
3597,信达证券股份有限公司朝阳五一街证券营业部,16732140.0,3,12616530.0,2,4115610.0,2
3598,财通证券股份有限公司龙港中环大厦证券营业部,16682730.0,5,11435970.0,3,5246760.0,2
3599,西南证券股份有限公司重庆瑞天路证券营业部,16680418.0,2,6023888.0,1,10656530.0,2
3600,中国中金财富证券有限公司辽宁分公司,16680338.13,1,5225142.0,1,11455196.13,0
3601,中信证券股份有限公司杭州文居街证券营业部,16654465.0,1,16654465.0,1,0.0,0
3602,中信建投证券股份有限公司榆林肤施路证券营业部,16651622.0,1,16651622.0,1,0.0,0
3603,国盛证券有限责任公司,16650272.0,1,16650272.0,1,0.0,0
3604,国信证券股份有限公司北京望京证券营业部,16629788.0,3,12470213.0,2,4159575.0,1
3605,华林证券股份有限公司江门港口路证券营业部,16616309.54,3,10522651.54,3,6093658.0,3
3606,中天证券股份有限公司深圳宝华路证券营业部,16603277.6,3,8136931.6,3,8466346.0,3
3607,华创证券有限责任公司贵阳万科大都会证券营业部,16588927.0,3,107800.0,1,16481127.0,2
3608,世纪证券有限责任公司深圳深南分公司,16551539.33,4,7403547.33,2,9147992.0,2
3609,中国银河证券股份有限公司宁波宁南北路证券营业部,16548707.9,5,4009838.35,3,12538869.55,3
3610,中山证券有限责任公司厦门分公司,16544563.87,2,8300806.65,1,8243757.22,1
3611,东方证券股份有限公司重庆洪湖西路证券营业部,16529884.27,3,7547353.0,1,8982531.27,2
3612,财通证券股份有限公司江山中山路证券营业部,16436351.38,4,3762189.75,1,12674161.63,3
3613,方正证券股份有限公司岳阳华容迎宾北路证券营业部,16433458.42,3,6403917.38,1,10029541.04,2
3614,天风证券股份有限公司武汉徐东大街证券营业部,16424320.68,3,805496.0,3,15618824.68,2
3615,太平洋证券股份有限公司上海分公司,16399445.44,1,16365677.44,1,33768.0,1
3616,方正证券股份有限公司成都抚琴西路证券营业部,16375512.0,3,5421012.0,2,10954500.0,1
3617,兴业证券股份有限公司厦门海林路证券营业部,16352660.0,1,16352660.0,1,0.0,0
3618,东方证券股份有限公司哈尔滨赣水路证券营业部,16277937.2,2,7085595.0,1,9192342.2,1
3619,申万宏源证券有限公司武汉中山路证券营业部,16263622.46,3,259012.0,2,16004610.46,2
3620,东方证券股份有限公司合肥梅山路证券营业部,16161737.0,4,10141201.0,3,6020536.0,1
3621,华金证券股份有限公司北京第二分公司,16156823.0,3,3270358.0,1,12886465.0,2
3622,中信证券华南股份有限公司云南分公司,16131501.0,3,4490040.0,1,11641461.0,2
3623,南京证券股份有限公司广州体育西路证券营业部,16090951.3,1,16090951.3,1,0.0,0
3624,东兴证券股份有限公司上海虹口区杨树浦路证券营业部,16077572.0,2,11829092.0,1,4248480.0,1
3625,民生证券股份有限公司商丘神火大道证券营业部,16075854.31,3,282999.36,2,15792854.95,2
3626,华安证券股份有限公司黄山分公司,16056079.0,4,2512560.0,2,13543519.0,3
3627,东莞证券股份有限公司东莞石龙分公司,16054599.03,9,4651049.96,8,11403549.07,5
3628,国信证券股份有限公司漳州水仙大街证券营业部,16050941.3,3,16050941.3,3,0.0,0
3629,浙商证券股份有限公司永嘉阳光大道证券营业部,15968551.4,2,6353504.4,1,9615047.0,1
3630,招商证券股份有限公司义乌城北路证券营业部,15921594.0,2,8953794.0,1,6967800.0,1
3631,中原证券股份有限公司石家庄中山西路证券营业部,15890054.1,1,15890054.1,1,0.0,0
3632,华林证券股份有限公司江门冈州大道证券营业部,15849603.59,2,9182933.0,1,6666670.59,2
3633,华西证券股份有限公司成都聚龙路证券营业部,15837161.23,3,14976516.29,3,860644.94,2
3634,广发证券股份有限公司上海盈港东路证券营业部,15829329.0,2,9378000.0,1,6451329.0,2
3635,中泰证券股份有限公司河北分公司,15806732.95,1,14839752.95,1,966980.0,1
3636,华鑫证券有限责任公司天津海河东路证券营业部,15804143.18,2,15804143.18,2,0.0,0
3637,长江证券股份有限公司四川分公司,15801684.0,1,15801684.0,1,0.0,0
3638,五矿证券有限公司深圳海秀路证券营业部,15800831.0,4,13882337.0,3,1918494.0,1
3639,国盛证券股份有限公司嘉兴竹园路证券营业部,15788006.0,1,15788006.0,1,0.0,0
3640,中泰证券股份有限公司济南共青团路证券营业部,15735191.0,3,10256801.0,2,5478390.0,1
3641,国信证券股份有限公司深圳红岭分公司,15724989.0,2,5526249.0,2,10198740.0,2
3642,广发证券股份有限公司厦门东黄路证券营业部,15696217.0,1,15696217.0,1,0.0,0
3643,华福证券股份有限公司南京创智路证券营业部,15624924.0,1,11174004.0,1,4450920.0,1
3644,光大证券股份有限公司长沙芙蓉中路证券营业部,15540188.4,5,8367481.4,5,7172707.0,1
3645,东方财富证券股份有限公司扬州文昌中路证券营业部,15490242.8,2,5974046.0,2,9516196.8,1
3646,长城国瑞证券有限公司厦门环城西路证券营业部,15486936.09,1,15486936.09,1,0.0,0
3647,中银国际证券股份有限公司邯郸滏河北大街证券营业部,15470201.0,2,100208.0,1,15369993.0,1
3648,平安证券股份有限公司兰州分公司,15420221.0,3,5000379.0,1,10419842.0,3
3649,东北证券股份有限公司重庆沙南街证券营业部,15409731.18,3,498750.0,1,14910981.18,2
3650,华林证券股份有限公司拉萨顿珠金融城证券营业部,15368950.0,5,10034531.0,4,5334419.0,3
3651,东海证券股份有限公司湖南分公司,15361622.0,4,6936803.0,3,8424819.0,2
3652,华福证券股份有限公司河南分公司,15354781.0,2,2548141.0,2,12806640.0,1
3653,江海证券有限公司山西分公司,15326497.17,1,15326497.17,1,0.0,0
3654,财达证券股份有限公司廊坊三河泃阳西大街证券营业部,15215789.0,1,15215789.0,1,0.0,0
3655,中信建投证券股份有限公司青岛云南路证券营业部,15160641.0,3,15145200.0,3,15441.0,1
3656,中信建投证券股份有限公司汉中兴汉路证券营业部,15150024.0,1,15150024.0,1,0.0,0
3657,长城证券股份有限公司连云港海连东路证券营业部,15140850.41,3,270681.15,2,14870169.26,3
3658,国泰海通证券股份有限公司鸡西中心大街证券营业部,15117029.0,1,15117029.0,1,0.0,0
3659,方正证券股份有限公司长沙韶山南路证券营业部,15049242.03,3,13351861.0,2,1697381.03,3
3660,招商证券股份有限公司深圳海天一路证券营业部,15043831.0,2,12706595.0,1,2337236.0,1
3661,华福证券股份有限公司南平分公司,15037871.36,2,15037871.36,2,0.0,0
3662,中国银河证券股份有限公司德清证券营业部,15036715.27,6,7163081.95,4,7873633.32,3
3663,华福证券股份有限公司哈尔滨创新一路证券营业部,15027378.0,1,15027378.0,1,0.0,0
3664,湘财证券股份有限公司沈阳青年大街证券营业部,15004105.9,4,9078311.9,1,5925794.0,3
3665,华福证券股份有限公司福鼎南大路证券营业部,14905417.88,3,10527347.88,2,4378070.0,2
3666,大同证券有限责任公司晋城凤台西街证券营业部,14890414.81,4,806412.0,2,14084002.81,3
3667,申万宏源西部证券有限公司乌鲁木齐人民路证券营业部,14866658.0,4,1572090.0,1,13294568.0,3
3668,中信建投证券股份有限公司天水重新街证券营业部,14866559.54,2,7569168.68,1,7297390.86,1
3669,国信证券股份有限公司北京自贸试验区永丰证券营业部,14811882.0,3,2402927.0,1,12408955.0,2
3670,广发证券股份有限公司东莞中堂证券营业部,14715669.99,2,14577985.1,1,137684.89,1
3671,中国银河证券股份有限公司日照济南路证券营业部,14700580.0,1,14700580.0,1,0.0,0
3672,申万宏源证券有限公司上海浦东新区三林路证券营业部,14664925.13,4,163578.86,1,14501346.27,3
3673,方正证券股份有限公司北京新华北路证券营业部,14639408.0,1,14624358.0,1,15050.0,1
3674,浙商证券股份有限公司象山靖南大街证券营业部,14638421.0,2,7998532.0,2,6639889.0,1
3675,天风证券股份有限公司合肥潜山路证券营业部,14629638.29,3,1727052.84,1,12902585.45,2
3676,华林证券股份有限公司厦门分公司,14602395.0,1,14602395.0,1,0.0,0
3677,中国银河证券股份有限公司晋城黄华街证券营业部,14597741.0,2,10987541.0,1,3610200.0,1
3678,方正证券股份有限公司无锡金融一街证券营业部,14549092.6,2,14549092.6,2,0.0,0
3679,东兴证券股份有限公司晋江世纪大道证券营业部,14528303.33,2,14528303.33,2,0.0,0
3680,方正证券股份有限公司重庆江北嘴证券营业部,14499006.28,4,317352.0,2,14181654.28,3
3681,国泰海通证券股份有限公司齐齐哈尔中环广场证券营业部,14496768.0,1,14496768.0,1,0.0,0
3682,广发证券股份有限公司吉林珲春街证券营业部,14471939.02,3,4233853.9,2,10238085.12,2
3683,华泰证券股份有限公司哈尔滨宣化街证券营业部,14442154.87,5,1911384.31,2,12530770.56,4
3684,东方财富证券股份有限公司日喀则山东路证券营业部,14402341.0,7,12775791.0,6,1626550.0,5
3685,中信建投证券股份有限公司重庆綦江证券营业部,14395894.83,1,7407939.0,1,6987955.83,1
3686,万联证券股份有限公司福建分公司,14378001.0,2,7386768.0,1,6991233.0,1
3687,国泰海通证券股份有限公司太原长治路证券营业部,14318441.63,2,7438271.63,1,6880170.0,2
3688,平安证券股份有限公司惠州文昌一路证券营业部,14252673.0,2,7008697.0,1,7243976.0,1
3689,中信证券(山东)有限责任公司临沂上海路证券营业部,14230889.0,2,2918243.0,1,11312646.0,1
3690,西南证券股份有限公司重庆互联网分公司,14216192.0,2,14172484.0,2,43708.0,1
3691,东兴证券股份有限公司莆田梅园东路证券营业部,14173604.46,4,3093421.0,3,11080183.46,2
3692,申万宏源证券有限公司上海静安区中兴路证券营业部,14163741.3,4,14089622.3,3,74119.0,3
3693,东北证券股份有限公司天津分公司,14152983.64,4,164000.0,1,13988983.64,3
3694,中国银河证券股份有限公司昆山萧林路证券营业部,14135822.28,3,3193806.28,2,10942016.0,1
3695,银泰证券有限责任公司济南纬二路证券营业部,14131695.0,2,6768291.0,1,7363404.0,1
3696,方正证券股份有限公司广东分公司,14085641.24,1,14085641.24,1,0.0,0
3697,国盛证券股份有限公司广东分公司,14056759.2,1,14056759.2,1,0.0,0
3698,中国银河证券股份有限公司广州机场路证券营业部,14049493.65,3,11514447.65,2,2535046.0,1
3699,浙商证券股份有限公司衢州衢化路证券营业部,14047466.0,2,8562790.0,1,5484676.0,1
3700,华泰证券股份有限公司济南经七路证券营业部,14029857.0,4,8959891.0,2,5069966.0,2
3701,国元证券股份有限公司全椒港口路证券营业部,14022507.0,1,8127308.0,1,5895199.0,1
3702,中国银河证券股份有限公司杭州江滨西大道证券营业部,14015553.0,1,14015553.0,1,0.0,0
3703,国信证券股份有限公司泸州春景上路证券营业部,14002917.0,4,9867342.0,3,4135575.0,1
3704,浙商证券股份有限公司余杭向往街证券营业部,13985117.0,1,13985117.0,1,0.0,0
3705,中银国际证券股份有限公司德阳文庙广场证券营业部,13977572.0,4,602968.0,1,13374604.0,3
3706,世纪证券有限责任公司南昌八一大道证券营业部,13969609.88,2,6350350.78,1,7619259.1,1
3707,平安证券股份有限公司晋江泉安中路证券营业部,13962320.0,2,636800.0,1,13325520.0,1
3708,方正证券股份有限公司北京丹棱街证券营业部,13959542.75,4,11444674.56,2,2514868.19,3
3709,长江证券股份有限公司九江浔南大道证券营业部,13955838.94,3,3653534.52,1,10302304.42,2
3710,兴业证券股份有限公司威海分公司,13953018.2,2,12779800.0,2,1173218.2,1
3711,中银国际证券股份有限公司温州车站大道证券营业部,13928507.8,2,4260145.0,2,9668362.8,1
3712,招商证券股份有限公司东莞厚街体育路证券营业部,13896923.0,3,6719463.4,2,7177459.6,1
3713,中泰证券股份有限公司江阴环城北路证券营业部,13885486.0,3,8766536.0,2,5118950.0,1
3714,长江证券股份有限公司天津长江道证券营业部,13881364.0,3,9961364.0,2,3920000.0,1
3715,财达证券股份有限公司唐山国防道证券营业部,13868713.0,3,9720670.0,1,4148043.0,2
3716,国信证券股份有限公司福州曙光路证券营业部,13866585.43,3,10563277.48,2,3303307.95,1
3717,金融街证券股份有限公司长春前进大街证券营业部,13865416.0,1,13865416.0,1,0.0,0
3718,财通证券股份有限公司杭州江东大道证券营业部,13827954.0,2,3360216.0,1,10467738.0,1
3719,广发证券股份有限公司佛山季华路证券营业部,13824205.14,5,7589889.54,3,6234315.6,2
3720,国泰海通证券股份有限公司亳州魏武大道证券营业部,13756572.0,5,12606205.0,2,1150367.0,3
3721,东方财富证券股份有限公司北京亚运村证券营业部,13684361.0,2,5868066.0,1,7816295.0,1
3722,万联证券股份有限公司南昌丰和中大道证券营业部,13660352.0,1,12805282.0,1,855070.0,1
3723,国泰海通证券股份有限公司上海嘉定区德园路证券营业部,13654101.15,4,62064.36,1,13592036.79,3
3724,长江证券股份有限公司宜春宜阳大道证券营业部,13639104.0,1,13639104.0,1,0.0,0
3725,国信证券股份有限公司哈尔滨南极街证券营业部,13636268.0,3,13634226.0,3,2042.0,1
3726,东莞证券股份有限公司东莞南城分公司,13602724.0,2,3238864.0,1,10363860.0,1
3727,华泰证券股份有限公司扬州宝应叶挺东路证券营业部,13600057.0,4,3799030.0,3,9801027.0,2
3728,申万宏源证券有限公司上海金山区枫阳路证券营业部,13594851.05,1,13594851.05,1,0.0,0
3729,中信证券(山东)有限责任公司即墨蓝鳌路证券营业部,13593995.24,7,2157176.41,6,11436818.83,3
3730,中国银河证券股份有限公司马鞍山湖东中路证券营业部,13590632.58,5,11771449.06,4,1819183.52,2
3731,方正证券股份有限公司株洲新华西路证券营业部,13587939.66,3,6790599.0,1,6797340.66,3
3732,太平洋证券股份有限公司北京海淀大街证券营业部,13574089.0,4,238006.0,1,13336083.0,3
3733,东方证券股份有限公司广西分公司,13541395.0,3,10006884.0,2,3534511.0,2
3734,金融街证券股份有限公司长春东南湖大路证券营业部,13538872.79,3,2290110.45,1,11248762.34,2
3735,财达证券股份有限公司秦皇岛河北大街证券营业部,13527884.57,1,13527884.57,1,0.0,0
3736,中国银河证券股份有限公司湛江绿华路证券营业部,13521640.0,1,13521640.0,1,0.0,0
3737,国泰海通证券股份有限公司唐山建设南路证券营业部,13486725.0,2,5627091.0,2,7859634.0,1
3738,申万宏源证券有限公司哈尔滨长江路证券营业部,13432990.0,1,13432990.0,1,0.0,0
3739,西南证券股份有限公司重庆九龙坡分公司,13431666.0,3,5500952.0,1,7930714.0,3
3740,广发证券股份有限公司武汉纺织路证券营业部,13431428.43,17,5360605.71,12,8070822.72,8
3741,财通证券股份有限公司,13410322.0,3,13410322.0,3,0.0,0
3742,华源证券股份有限公司,13357968.0,1,13357968.0,1,0.0,0
3743,中泰证券股份有限公司济宁任城大道证券营业部,13351328.94,4,4553158.78,3,8798170.16,3
3744,浙商证券股份有限公司江山城中路证券营业部,13324977.81,3,7051377.31,3,6273600.5,2
3745,中信建投证券股份有限公司佛山季华西路证券营业部,13299774.0,4,1523472.0,2,11776302.0,4
3746,广发证券股份有限公司中山市中山四路证券营业部,13282490.1,3,940721.03,2,12341769.07,2
3747,华福证券股份有限公司北京西单证券营业部,13273349.8,1,13273349.8,1,0.0,0
3748,国信证券股份有限公司新疆分公司,13261116.0,3,4002793.0,1,9258323.0,2
3749,华福证券股份有限公司上海虹口区四平路证券营业部,13236944.38,2,13236944.38,2,0.0,0
3750,方正证券股份有限公司吉首丰达路证券营业部,13212508.29,3,2737635.0,1,10474873.29,2
3751,中银国际证券股份有限公司徐州西安北路证券营业部,13163245.0,1,7924101.0,1,5239144.0,1
3752,兴业证券股份有限公司杭州萧山帆影路证券营业部,13141388.0,3,9812844.0,2,3328544.0,1
3753,天风证券股份有限公司襄阳分公司,13109674.0,1,13109674.0,1,0.0,0
3754,万和证券股份有限公司上海分公司,13103775.0,2,7784628.0,1,5319147.0,1
3755,粤开证券股份有限公司湛江绿华路证券营业部,13054663.69,2,8267032.0,2,4787631.69,1
3756,申万宏源证券有限公司重庆杨家坪正街证券营业部,13042201.0,3,8143769.0,1,4898432.0,2
3757,南京证券股份有限公司温州市府路证券营业部,13030366.6,5,3680431.0,1,9349935.6,4
3758,财信证券股份有限公司邵阳邵东金龙大道证券营业部,13014206.0,1,13014206.0,1,0.0,0
3759,英大证券有限责任公司深圳新城广场证券营业部,12965221.2,2,3080849.2,2,9884372.0,1
3760,国元证券股份有限公司苏州蠡塘河路证券营业部,12949586.0,2,4094786.0,1,8854800.0,1
3761,浙商证券股份有限公司昆明顺城街证券营业部,12926365.0,2,12926365.0,2,0.0,0
3762,中信建投证券股份有限公司株洲天台路证券营业部,12922785.52,3,72420.0,1,12850365.52,2
3763,中原证券股份有限公司安阳分公司,12846384.06,2,12846384.06,2,0.0,0
3764,广发证券股份有限公司武汉中山路证券营业部,12798785.13,2,7040949.13,1,5757836.0,1
3765,申万宏源证券有限公司长沙芙蓉中路证券营业部,12765872.0,2,3013580.0,2,9752292.0,1
3766,中泰证券股份有限公司泰安东岳大街第二证券营业部,12763640.0,2,504157.0,2,12259483.0,1
3767,国联民生证券股份有限公司深圳粤海街道科技园证券营业部,12757217.0,2,12757217.0,2,0.0,0
3768,方正证券股份有限公司天津新华路证券营业部,12756519.11,3,6456232.02,3,6300287.09,1
3769,华鑫证券有限责任公司河南分公司,12733486.0,3,5836687.0,3,6896799.0,1
3770,申万宏源证券有限公司上海长宁区淞虹路证券营业部,12730813.9,3,9256579.5,1,3474234.4,3
3771,申万宏源证券有限公司成都崇州市蜀州北路证券营业部,12721563.0,2,12701897.0,2,19666.0,1
3772,财通证券股份有限公司无锡永乐路证券营业部,12710851.0,2,9620851.0,1,3090000.0,1
3773,华福证券股份有限公司上海浦东新区东方路证券营业部,12675498.0,2,3286898.0,1,9388600.0,1
3774,国信证券股份有限公司揭阳建阳路证券营业部,12611392.0,3,12611392.0,3,0.0,0
3775,国投证券股份有限公司内蒙古分公司,12593012.0,1,12593012.0,1,0.0,0
3776,第一创业证券股份有限公司廊坊分公司,12581558.71,3,6210413.18,3,6371145.53,1
3777,南京证券股份有限公司成都建功路证券营业部,12576881.0,1,12576881.0,1,0.0,0
3778,浙商证券股份有限公司合肥庐州大道证券营业部,12576845.0,2,9103029.0,1,3473816.0,1
3779,国金证券股份有限公司成都温江区柳城商业新街证券营业部,12572057.4,3,9112857.4,2,3459200.0,1
3780,招商证券股份有限公司天津开发区第三大街证券营业部,12562675.9,3,6577159.9,1,5985516.0,2
3781,国海证券股份有限公司钦州扬帆北大道证券营业部,12559288.79,6,1878633.0,4,10680655.79,3
3782,东莞证券股份有限公司佛山禅城季华五路证券营业部,12522946.0,2,6927321.0,1,5595625.0,1
3783,中信建投证券股份有限公司福州燎原路外滩壹号证券营业部,12510531.0,6,4873331.0,4,7637200.0,3
3784,中信证券股份有限公司慈溪新城大道证券营业部,12509417.14,5,6737108.0,2,5772309.14,4
3785,国信证券股份有限公司重庆分公司,12478604.43,4,8671481.96,4,3807122.47,1
3786,中航证券有限公司南昌市南昌县澄湖北大道证券营业部,12476510.0,1,12472256.0,1,4254.0,1
3787,中信建投证券股份有限公司厦门环城西路证券营业部,12474253.92,14,5762907.0,10,6711346.92,9
3788,广发证券股份有限公司重庆江北嘴证券营业部,12473812.85,4,628667.85,2,11845145.0,2
3789,平安证券股份有限公司烟台环山路证券营业部,12467753.0,1,12467753.0,1,0.0,0
3790,中信证券股份有限公司盘锦石油大街证券营业部,12462233.76,2,484432.0,2,11977801.76,1
3791,华安证券股份有限公司南京胜太西路证券营业部,12422399.0,3,12422399.0,3,0.0,0
3792,国融证券股份有限公司中山兴文路证券营业部,12372720.0,1,12372720.0,1,0.0,0
3793,中国银河证券股份有限公司舟山港岛路证券营业部,12344186.0,1,12344186.0,1,0.0,0
3794,华鑫证券有限责任公司海口滨海大道证券营业部,12299080.0,2,12299080.0,2,0.0,0
3795,中泰证券股份有限公司北京安贞桥证券营业部,12274252.8,6,12274252.8,6,0.0,0
3796,浙商证券股份有限公司桐乡振兴中路证券营业部,12264850.0,1,12264850.0,1,0.0,0
3797,中航证券有限公司泉州营业部,12264038.29,2,11993662.34,2,270375.95,2
3798,世纪证券有限责任公司樟树市四特大道证券营业部,12260648.0,2,12260648.0,2,0.0,0
3799,中国银河证券股份有限公司娄底乐坪大道证券营业部,12252683.58,2,3749039.0,2,8503644.58,1
3800,世纪证券有限责任公司陕西分公司,12248142.0,1,12248142.0,1,0.0,0
3801,南京证券股份有限公司南京龙蟠路证券营业部,12233959.29,2,12233959.29,2,0.0,0
3802,中国中金财富证券有限公司聊城东昌东路证券营业部,12215865.56,4,3213496.25,1,9002369.31,3
3803,财通证券股份有限公司杭州新北街证券营业部,12180619.77,2,5086308.77,1,7094311.0,1
3804,国泰海通证券股份有限公司石家庄师范街证券营业部,12170464.63,9,9958667.63,7,2211797.0,6
3805,东海证券股份有限公司苏州分公司,12112403.79,2,6095831.3,1,6016572.49,1
3806,国泰海通证券股份有限公司上海金山区卫清西路证券营业部,12106061.0,3,12106061.0,3,0.0,0
3807,中信建投证券股份有限公司衡阳解放西路证券营业部,12097177.0,2,3906243.0,1,8190934.0,1
3808,中国银河证券股份有限公司上海临港新片区香竹路证券营业部,12084876.38,1,12084876.38,1,0.0,0
3809,浙商证券股份有限公司北京朝阳门北大街证券营业部,12008398.0,1,12008398.0,1,0.0,0
3810,华西证券股份有限公司宜宾北正街证券营业部,12006009.76,2,9956554.2,1,2049455.56,1
3811,招商证券股份有限公司晋江崇德路证券营业部,11991974.6,1,11991974.6,1,0.0,0
3812,国海证券股份有限公司台州东海大道证券营业部,11991506.0,1,11991506.0,1,0.0,0
3813,中信建投证券股份有限公司北京朝阳路证券营业部,11989471.84,4,5967486.2,2,6021985.64,3
3814,华安证券股份有限公司合肥齐云山路证券营业部,11916031.36,2,3525377.39,1,8390653.97,1
3815,中信证券(山东)有限责任公司德州湖滨中大道证券营业部,11913810.0,3,357126.0,2,11556684.0,2
3816,东方证券股份有限公司成都天府二街证券营业部,11911686.9,3,7896125.87,3,4015561.03,1
3817,中信建投证券股份有限公司深圳宝安海秀路证券营业部,11889559.0,2,5824291.0,1,6065268.0,1
3818,大通证券股份有限公司无锡中南路证券营业部,11846907.59,2,5459107.59,2,6387800.0,1
3819,中国银河证券股份有限公司常州新民路证券营业部,11823428.4,10,4739347.0,6,7084081.4,6
3820,国金证券股份有限公司南充桂清路证券营业部,11820790.0,1,11820790.0,1,0.0,0
3821,中银国际证券股份有限公司贵州分公司,11814842.11,2,8622826.84,2,3192015.27,1
3822,五矿证券有限公司深圳金田路证券营业部,11788097.0,5,7274844.0,3,4513253.0,2
3823,华泰证券股份有限公司牡丹江西一条路证券营业部,11758486.0,3,6848936.0,3,4909550.0,2
3824,财达证券股份有限公司石家庄建设南大街证券营业部,11743937.0,1,11743937.0,1,0.0,0
3825,东方证券股份有限公司兰州南昌路证券营业部,11738430.12,3,1988326.0,2,9750104.12,2
3826,中天证券股份有限公司葫芦岛泰康路证券营业部,11731688.44,2,5836225.69,1,5895462.75,1
3827,南京证券股份有限公司南京新模范马路证券营业部,11695400.0,1,11695400.0,1,0.0,0
3828,申万宏源证券有限公司广州东风东路证券营业部,11675554.2,2,2258100.0,1,9417454.2,1
3829,信达证券股份有限公司长沙茶子山东路证券营业部,11662262.0,1,11662262.0,1,0.0,0
3830,英大证券有限责任公司深圳泰然七路证券营业部,11660506.0,2,3210795.0,1,8449711.0,2
3831,方正证券股份有限公司上海南奉公路证券营业部,11639020.5,3,11639020.5,3,0.0,0
3832,东方财富证券股份有限公司苏州苏州大道西证券营业部,11612140.14,3,2245328.0,2,9366812.14,1
3833,湘财证券股份有限公司北京顺义站前街证券营业部,11607497.0,2,6923103.0,1,4684394.0,2
3834,国泰海通证券股份有限公司珠海景山路证券营业部,11598781.4,1,11275904.4,1,322877.0,1
3835,广发证券股份有限公司锦州市府路证券营业部,11555741.26,2,11555741.26,2,0.0,0
3836,国联民生证券股份有限公司徐州大马路证券营业部,11522991.5,2,8364807.5,1,3158184.0,2
3837,国泰海通证券股份有限公司拉萨塔玛中路证券营业部,11503792.0,2,4423984.0,1,7079808.0,1
3838,国投证券股份有限公司北京中关村东路证券营业部,11432887.5,3,4771131.0,1,6661756.5,2
3839,信达证券股份有限公司抚顺临江东路证券营业部,11401267.22,12,3375498.99,4,8025768.23,8
3840,财通证券股份有限公司东阳吴宁西路证券营业部,11374150.19,1,11374150.19,1,0.0,0
3841,国元证券股份有限公司滁州分公司,11368832.67,9,953234.29,7,10415598.38,5
3842,国新证券股份有限公司广州珠江东路证券营业部,11347675.4,4,10594379.4,2,753296.0,2
3843,湘财证券股份有限公司厦门湖滨中路证券营业部,11342767.24,2,11342767.24,2,0.0,0
3844,中原证券股份有限公司浙江分公司,11336845.0,1,11336845.0,1,0.0,0
3845,兴业证券股份有限公司新乡分公司,11326409.0,1,11326409.0,1,0.0,0
3846,国信证券股份有限公司中山分公司,11308389.0,2,4768403.0,1,6539986.0,2
3847,平安证券股份有限公司扬州新城河南路证券营业部,11304770.0,16,2461954.0,5,8842816.0,11
3848,国泰海通证券股份有限公司天津水上公园东路证券营业部,11297250.0,3,9121630.0,2,2175620.0,1
3849,上海证券有限责任公司青浦明珠路证券营业部,11285236.89,2,11285236.89,2,0.0,0
3850,首创证券股份有限公司四川分公司,11273288.0,1,8471770.0,1,2801518.0,1
3851,中国中金财富证券有限公司遂宁德水中路证券营业部,11263801.0,1,11248018.0,1,15783.0,1
3852,华西证券股份有限公司上海杨树浦路证券营业部,11246423.0,2,5928433.0,2,5317990.0,1
3853,华福证券股份有限公司广州东风中路证券营业部,11210512.0,2,6046640.0,1,5163872.0,1
3854,中信建投证券股份有限公司宝鸡经二路证券营业部,11163369.0,1,11100305.0,1,63064.0,1
3855,南京证券股份有限公司南京热河路证券营业部,11145526.65,2,8259807.75,1,2885718.9,1
3856,粤开证券股份有限公司广东分公司,11137358.0,1,11137358.0,1,0.0,0
3857,方正证券股份有限公司西安南大街证券营业部,11122777.0,2,3099000.0,1,8023777.0,1
3858,招商证券股份有限公司马鞍山雨山东路证券营业部,11113847.0,2,5180000.0,1,5933847.0,1
3859,中信建投证券股份有限公司瑞金红都大道证券营业部,11111002.39,4,9128127.78,2,1982874.61,3
3860,中信证券华南股份有限公司广州琶洲宸悦路证券营业部,11101129.0,2,9978410.0,1,1122719.0,1
3861,浙商证券股份有限公司台州分公司,11063744.41,3,4719084.0,1,6344660.41,2
3862,红塔证券股份有限公司昆明春城路证券营业部,11032155.0,3,616673.0,2,10415482.0,2
3863,信达证券股份有限公司锦州科技路证券营业部,10997408.0,2,4980000.0,1,6017408.0,1
3864,东莞证券股份有限公司江西分公司,10991184.77,4,5171054.53,2,5820130.24,2
3865,中信建投证券股份有限公司荆门白云大道证券营业部,10983284.0,1,10983284.0,1,0.0,0
3866,国泰海通证券股份有限公司北京安贞门证券营业部,10983123.02,2,1680956.0,1,9302167.02,1
3867,申港证券股份有限公司深圳兴华一路证券营业部,10963202.4,2,5663402.4,1,5299800.0,1
3868,国融证券股份有限公司北京人民大学北路证券营业部,10892262.91,2,9821385.1,2,1070877.81,1
3869,平安证券股份有限公司赣州新赣州大道证券营业部,10835796.0,2,4380165.0,1,6455631.0,1
3870,光大证券股份有限公司常州金水岸证券营业部,10792086.99,3,5298157.0,1,5493929.99,2
3871,长城证券股份有限公司上海黄浦区西藏中路证券营业部,10784675.64,2,4401678.28,1,6382997.36,1
3872,申万宏源证券有限公司烟台分公司,10750526.2,2,2504054.0,1,8246472.2,1
3873,长城证券股份有限公司郑州文化路证券营业部,10749118.0,6,1126758.0,5,9622360.0,1
3874,南京证券股份有限公司南京常府街证券营业部,10723365.21,1,10658974.21,1,64391.0,1
3875,江海证券有限公司上海国安路证券营业部,10702548.0,2,111300.0,1,10591248.0,1
3876,申万宏源证券有限公司佛山分公司,10699359.74,2,10449636.74,1,249723.0,1
3877,招商证券股份有限公司舟山千岛路证券营业部,10690041.0,2,5758625.0,1,4931416.0,1
3878,方正证券股份有限公司江门新会圭阳北路证券营业部,10660905.71,2,5497785.24,1,5163120.47,1
3879,国投证券股份有限公司广西分公司,10660024.0,2,10660024.0,2,0.0,0
3880,信达证券股份有限公司漳州新华东路证券营业部,10638967.0,2,10083027.0,1,555940.0,1
3881,中信证券(山东)有限责任公司郑州黄河路证券营业部,10632995.0,2,10632995.0,2,0.0,0
3882,中航证券有限公司樟树楼门前路证券营业部,10608178.0,2,3673594.0,1,6934584.0,1
3883,长江证券股份有限公司南宁双拥路证券营业部,10602659.0,1,10602659.0,1,0.0,0
3884,湘财证券股份有限公司北京中关村南大街证券营业部,10579351.57,8,172418.3,2,10406933.27,6
3885,东兴证券股份有限公司漳州南昌中路证券营业部,10576493.84,2,372595.39,2,10203898.45,1
3886,华林证券股份有限公司东莞莞太路证券营业部,10565056.0,2,4161196.0,1,6403860.0,1
3887,国元证券股份有限公司厦门莲岳路证券营业部,10547690.01,2,5410524.28,1,5137165.73,1
3888,兴业证券股份有限公司北京曙光西里证券营业部,10542059.0,2,650715.0,2,9891344.0,1
3889,东海证券股份有限公司上海浦东新区东方路分公司,10522074.0,3,8278730.0,2,2243344.0,2
3890,国泰海通证券股份有限公司吉林吉林大街证券营业部,10473600.33,3,10316699.35,2,156900.98,1
3891,招商证券股份有限公司西安未央证券营业部,10455763.0,1,8264941.0,1,2190822.0,1
3892,粤开证券股份有限公司天津分公司,10446076.0,1,10446076.0,1,0.0,0
3893,中信证券(山东)有限责任公司烟台长江路证券营业部,10429342.03,2,5005287.36,1,5424054.67,1
3894,中国银河证券股份有限公司南平理学街证券营业部,10388091.28,2,1822438.0,2,8565653.28,1
3895,广发证券股份有限公司惠州下埔路证券营业部,10376835.27,5,2987836.38,3,7388998.89,4
3896,华泰证券股份有限公司扬州分公司,10353782.0,1,10262465.0,1,91317.0,1
3897,中泰证券股份有限公司武汉解放大道证券营业部,10306887.0,2,68382.0,1,10238505.0,1
3898,广发证券股份有限公司福州望龙二路证券营业部,10258635.0,1,10258635.0,1,0.0,0
3899,广发证券股份有限公司肇庆信安三路敏捷广场证券营业部,10257054.1,3,352664.0,3,9904390.1,1
3900,东海证券股份有限公司洛阳青岛路证券营业部,10220451.3,3,185791.0,1,10034660.3,2
3901,中国银河证券股份有限公司上海浦东新区博华路证券营业部,10220044.0,2,2452075.0,2,7767969.0,1
3902,广发证券股份有限公司鞍山胜利南路证券营业部,10211085.0,1,10211085.0,1,0.0,0
3903,华泰证券股份有限公司佛山灯湖东路证券营业部,10208763.08,10,3201298.77,6,7007464.31,8
3904,国投证券股份有限公司娄底乐坪大道证券营业部,10204150.0,1,10204150.0,1,0.0,0
3905,渤海证券股份有限公司北京大兴兴华大街证券营业部,10200934.62,3,3862664.63,3,6338269.99,3
3906,东吴证券股份有限公司江阴滨江东路证券营业部,10187052.66,1,10187052.66,1,0.0,0
3907,东方证券股份有限公司上海杨浦区安波路证券营业部,10164654.0,2,1940000.0,1,8224654.0,1
3908,开源证券股份有限公司汉中兴汉路证券营业部,10163714.9,3,2659768.0,1,7503946.9,2
3909,方正证券股份有限公司郑州金水东路证券营业部,10157828.0,3,1591667.0,2,8566161.0,2
3910,国元证券股份有限公司合肥金寨路证券营业部,10142339.31,2,2138760.0,1,8003579.31,1
3911,光大证券股份有限公司重庆永川证券营业部,10102616.0,1,10102616.0,1,0.0,0
3912,五矿证券有限公司河南分公司,10084655.0,3,1670670.0,1,8413985.0,2
3913,招商证券股份有限公司哈尔滨自兴街证券营业部,10080355.0,2,4684555.0,1,5395800.0,1
3914,国信证券股份有限公司铜陵义安大道证券营业部,10038319.09,2,5200855.09,1,4837464.0,1
3915,中天证券股份有限公司沈阳长江街证券营业部,10015641.22,2,4647095.02,1,5368546.2,1
3916,华泰证券股份有限公司襄阳汉江北路证券营业部,10008550.0,1,9750605.0,1,257945.0,1
3917,中航证券有限公司上海漕溪北路证券营业部,10005793.49,3,3216767.0,1,6789026.49,2
3918,天风证券股份有限公司成都白衣上街证券营业部,9999495.49,1,9999495.49,1,0.0,0
3919,长城证券股份有限公司总部,9998545.36,1,9998545.36,1,0.0,0
3920,开源证券股份有限公司西安文景路证券营业部,9994764.0,1,9994764.0,1,0.0,0
3921,中泰证券股份有限公司绍兴洋江西路证券营业部,9991914.9,5,573997.0,1,9417917.9,4
3922,兴业证券股份有限公司新疆分公司,9988336.0,1,9980728.0,1,7608.0,1
3923,方正证券股份有限公司西宁文景街证券营业部,9985326.0,1,9985326.0,1,0.0,0
3924,渤海证券股份有限公司太原青年路证券营业部,9983254.0,1,9983254.0,1,0.0,0
3925,万联证券股份有限公司辽宁分公司,9963721.65,2,5202523.3,1,4761198.35,2
3926,浙商证券股份有限公司大连长江路证券营业部,9957569.0,1,9957569.0,1,0.0,0
3927,第一创业证券股份有限公司杭州金华南路证券营业部,9957200.0,1,9957200.0,1,0.0,0
3928,华福证券股份有限公司北京南湖南路证券营业部,9942403.0,2,5694229.0,1,4248174.0,1
3929,粤开证券股份有限公司,9938037.0,2,9938037.0,2,0.0,0
3930,招商证券股份有限公司深圳兴科一路云城证券营业部,9906038.75,4,4410914.8,2,5495123.95,3
3931,方正证券股份有限公司合肥庐州大道证券营业部,9885983.51,5,4933014.0,2,4952969.51,5
3932,国信证券股份有限公司上饶带湖路证券营业部,9852644.0,2,2920484.0,1,6932160.0,1
3933,第一创业证券股份有限公司四川分公司,9837306.4,3,6689979.0,1,3147327.4,2
3934,华鑫证券有限责任公司南昌分公司,9830208.0,4,3835208.0,2,5995000.0,2
3935,国元证券股份有限公司安庆分公司,9800515.23,5,2117792.23,3,7682723.0,2
3936,国泰海通证券股份有限公司温州锦绣路证券营业部,9790250.0,1,9790250.0,1,0.0,0
3937,中信建投证券股份有限公司北京顺义证券营业部,9756058.0,1,9753421.0,1,2637.0,1
3938,方正证券股份有限公司永州清桥路证券营业部,9755498.0,2,4056200.0,1,5699298.0,1
3939,中信证券华南股份有限公司广州番禺福华路证券营业部,9680308.0,1,9680308.0,1,0.0,0
3940,财通证券股份有限公司杭州通和路证券营业部,9679708.0,2,9642397.0,2,37311.0,1
3941,国信证券股份有限公司杭州大关路证券营业部,9676416.58,3,5242556.45,2,4433860.13,1
3942,中信建投证券股份有限公司北京怀柔府前街证券营业部,9668579.64,4,9668579.64,4,0.0,0
3943,金融街证券股份有限公司福州湖东路证券营业部,9661481.68,1,7577081.68,1,2084400.0,1
3944,光大证券股份有限公司深圳福华三路证券营业部,9640736.0,2,9638898.0,2,1838.0,1
3945,中国银河证券股份有限公司余姚阳明东路证券营业部,9590505.0,2,9590505.0,2,0.0,0
3946,东莞证券股份有限公司中山分公司,9585725.0,2,314800.0,1,9270925.0,1
3947,中国银河证券股份有限公司台州东海大道证券营业部,9547624.88,1,9547624.88,1,0.0,0
3948,南京证券股份有限公司太原高新街证券营业部,9511576.81,2,4008832.57,1,5502744.24,1
3949,大同证券有限责任公司太原分公司,9480023.0,4,4678715.0,4,4801308.0,3
3950,西部证券股份有限公司西安莲湖路第一证券营业部,9479837.62,4,27133.4,1,9452704.22,3
3951,太平洋证券股份有限公司青海分公司,9466192.75,3,2050589.0,1,7415603.75,2
3952,江海证券有限公司哈尔滨红军街证券营业部,9441866.0,1,9441866.0,1,0.0,0
3953,中信证券(山东)有限责任公司聊城东昌东路证券营业部,9429247.9,3,4408259.86,2,5020988.04,3
3954,东兴证券股份有限公司杭州绍兴路证券营业部,9422051.0,1,9422051.0,1,0.0,0
3955,兴业证券股份有限公司温州分公司,9382841.6,1,9382841.6,1,0.0,0
3956,中信证券股份有限公司杭州紫金港证券营业部,9343576.18,1,9343576.18,1,0.0,0
3957,东方财富证券股份有限公司北京海淀大街证券营业部,9343342.75,2,6204442.75,1,3138900.0,1
3958,兴业证券股份有限公司武汉徐东大街证券营业部,9336550.7,2,9317071.1,2,19479.6,2
3959,国都证券股份有限公司开封大梁路证券营业部,9330302.0,2,9330302.0,2,0.0,0
3960,财通证券股份有限公司苏州苏绣路证券营业部,9303047.34,3,2854605.53,2,6448441.81,2
3961,诚通证券股份有限公司天津红旗路证券营业部,9292949.16,3,3286497.73,2,6006451.43,2
3962,中国中金财富证券有限公司青海分公司,9285457.32,3,3732629.8,2,5552827.52,2
3963,东兴证券股份有限公司福州杨桥中路证券营业部,9280744.0,2,3181747.0,2,6098997.0,1
3964,大通证券股份有限公司大连民意街证券营业部,9218888.4,2,56591.4,2,9162297.0,1
3965,粤开证券股份有限公司杭州分公司,9215113.62,2,9215113.62,2,0.0,0
3966,国联民生证券股份有限公司无锡梅村镇锡义路证券营业部,9189064.0,2,7394639.0,1,1794425.0,2
3967,长江证券股份有限公司绵阳临园路证券营业部,9186836.0,3,5505190.0,2,3681646.0,2
3968,东方财富证券股份有限公司慈溪新城大道北路证券营业部,9172000.0,1,9172000.0,1,0.0,0
3969,招商证券股份有限公司宜兴氿滨大道证券营业部,9155247.0,1,9155247.0,1,0.0,0
3970,金融街证券股份有限公司吉林通潭大路证券营业部,9143899.0,2,97904.0,1,9045995.0,1
3971,浙商证券股份有限公司福建分公司,9111221.0,3,3937900.0,2,5173321.0,3
3972,东莞证券股份有限公司东莞中堂新兴路证券营业部,9104216.12,2,3809895.0,1,5294321.12,2
3973,中国中金财富证券有限公司郑州如意西路证券营业部,9054023.77,2,4794023.77,1,4260000.0,1
3974,上海证券有限责任公司南京双龙大道证券营业部,9032443.0,1,9032443.0,1,0.0,0
3975,中国银河证券股份有限公司郑州陇海路证券营业部,9012164.27,4,330624.0,1,8681540.27,3
3976,国泰海通证券股份有限公司宿迁青海湖路证券营业部,8973749.0,1,8973749.0,1,0.0,0
3977,中银国际证券股份有限公司,8945368.41,2,8706135.38,2,239233.03,1
3978,华福证券股份有限公司尤溪滨河大道证券营业部,8937873.66,3,8937873.66,3,0.0,0
3979,中信证券(山东)有限责任公司济南泺源大街证券营业部,8934519.0,2,8425479.0,1,509040.0,1
3980,财通证券股份有限公司深圳凤凰大道证券营业部,8899410.04,2,4228724.5,1,4670685.54,1
3981,万联证券股份有限公司广州花都公益路证券营业部,8894358.7,3,773427.7,1,8120931.0,2
3982,东莞证券股份有限公司东莞桥头证券营业部,8884695.0,2,4685305.0,1,4199390.0,1
3983,中信证券股份有限公司上饶广信大道证券营业部,8878458.0,4,344165.0,2,8534293.0,3
3984,方正证券股份有限公司苏州金山东路证券营业部,8863569.0,2,1308220.0,2,7555349.0,1
3985,华龙证券股份有限公司乌鲁木齐红山路证券营业部,8863113.33,3,2001087.33,1,6862026.0,2
3986,国信证券股份有限公司西南互联网分公司,8858334.99,7,395663.99,3,8462671.0,6
3987,中信建投证券股份有限公司南通青年中路证券营业部,8854173.14,1,8854173.14,1,0.0,0
3988,中国银河证券股份有限公司成都日月大道证券营业部,8852320.0,2,8852320.0,2,0.0,0
3989,东北证券股份有限公司白山分公司,8845191.0,3,2201784.0,2,6643407.0,2
3990,东吴证券股份有限公司江阴长江路证券营业部,8817120.0,2,4165120.0,1,4652000.0,1
3991,中信建投证券股份有限公司,8802847.0,2,8802847.0,2,0.0,0
3992,国信证券股份有限公司蓬莱南关路证券营业部,8775670.71,3,877710.0,2,7897960.71,2
3993,华安证券股份有限公司长沙芙蓉中路证券营业部,8771896.96,2,6094488.0,1,2677408.96,2
3994,华福证券股份有限公司龙岩解放南路证券营业部,8762483.0,2,877509.0,2,7884974.0,2
3995,东莞证券股份有限公司东莞东坑证券营业部,8755648.0,2,3312396.0,1,5443252.0,1
3996,国联民生证券股份有限公司宜兴荆邑中路证券营业部,8750117.0,3,4653638.0,2,4096479.0,1
3997,华泰证券股份有限公司哈尔滨西十六道街证券营业部,8726606.0,2,2619324.0,1,6107282.0,2
3998,爱建证券有限责任公司宁波江东南路证券营业部,8712466.0,1,6283666.0,1,2428800.0,1
3999,东兴证券股份有限公司惠安建设南路证券营业部,8708502.0,2,3846597.0,1,4861905.0,2
4000,中信建投证券股份有限公司沈阳长白北路证券营业部,8650635.0,2,532016.0,2,8118619.0,1
4001,方正证券股份有限公司上海浦东新区浦东大道证券营业部,8646356.0,1,8646356.0,1,0.0,0
4002,中信建投证券股份有限公司武汉建设八路证券营业部,8645536.0,3,8632374.0,3,13162.0,1
4003,招商证券股份有限公司南通工农路证券营业部,8618204.0,3,4546960.0,1,4071244.0,2
4004,申港证券股份有限公司湖北分公司,8617942.0,1,8617942.0,1,0.0,0
4005,国新证券股份有限公司上海黄浦区黄陂南路证券营业部,8612502.63,2,5073742.0,1,3538760.63,2
4006,华泰证券股份有限公司南昌沿江北大道证券营业部,8577589.0,1,8558944.0,1,18645.0,1
4007,开源证券股份有限公司江苏分公司,8567108.5,8,1962242.0,4,6604866.5,4
4008,光大证券股份有限公司南昌广场南路证券营业部,8565059.65,2,5772300.65,1,2792759.0,1
4009,国泰海通证券股份有限公司兰州东岗东路证券营业部,8542716.0,1,8542716.0,1,0.0,0
4010,招商证券股份有限公司兰州东岗西路证券营业部,8520549.0,2,6992843.0,1,1527706.0,1
4011,华西证券股份有限公司四川互联网证券分公司,8513769.08,3,3431509.59,3,5082259.49,2
4012,中泰证券股份有限公司潍坊东风东街证券营业部,8505438.95,2,6681432.95,1,1824006.0,1
4013,金元证券股份有限公司中山兴中道证券营业部,8499930.0,2,8499930.0,2,0.0,0
4014,太平洋证券股份有限公司上海黄浦区黄河路证券营业部,8466076.0,2,6470182.0,1,1995894.0,1
4015,方正证券股份有限公司永州萍洲中路证券营业部,8461005.0,2,3845590.0,1,4615415.0,1
4016,光大证券股份有限公司上海张杨路证券营业部,8437446.3,2,8437446.3,2,0.0,0
4017,粤开证券股份有限公司惠州金山湖证券营业部,8434983.27,2,4294813.12,2,4140170.15,2
4018,国元证券股份有限公司武汉公园环路证券营业部,8433106.11,2,4516700.29,1,3916405.82,1
4019,华安证券股份有限公司新乡金穗大道证券营业部,8432390.45,2,319200.0,1,8113190.45,1
4020,中天证券股份有限公司深圳香蜜湖证券营业部,8393157.0,2,8393157.0,2,0.0,0
4021,国元证券股份有限公司福州五一南路证券营业部,8389192.2,8,5974084.0,6,2415108.2,4
4022,广发证券股份有限公司珠海高新金唐路证券营业部,8372026.0,2,2702720.0,1,5669306.0,1
4023,中信证券股份有限公司丽水寿尔福路证券营业部,8364996.88,7,6038163.0,4,2326833.88,3
4024,华西证券股份有限公司成都天府二街证券营业部,8363554.0,2,8360149.0,2,3405.0,1
4025,华西证券股份有限公司杭州南大街证券营业部,8348912.0,1,8348912.0,1,0.0,0
4026,申万宏源证券有限公司宜昌西陵一路证券营业部,8330010.0,1,8060000.0,1,270010.0,1
4027,国泰海通证券股份有限公司鹰潭环城西路证券营业部,8322433.0,2,995862.0,1,7326571.0,1
4028,江海证券有限公司沈阳朝阳街证券营业部,8309978.0,3,1300208.0,1,7009770.0,2
4029,华西证券股份有限公司杭州萧山市心北路证券营业部,8276329.75,1,8276329.75,1,0.0,0
4030,中信建投证券股份有限公司安吉天荒坪路证券营业部,8273539.0,3,5678063.0,2,2595476.0,1
4031,兴业证券股份有限公司宁德分公司,8263293.0,1,8263293.0,1,0.0,0
4032,招商证券股份有限公司广州科韵路证券营业部,8260051.0,2,4573051.0,2,3687000.0,1
4033,东方证券股份有限公司客户资产管理部,8259732.27,1,8259732.27,1,0.0,0
4034,中邮证券有限责任公司内蒙古分公司,8204045.11,1,8204045.11,1,0.0,0
4035,世纪证券有限责任公司南昌民德路证券营业部,8188840.1,5,3605693.17,3,4583146.93,4
4036,山西证券股份有限公司太原并州南路证券营业部,8187178.0,1,8187178.0,1,0.0,0
4037,华安证券股份有限公司南昌铜锣湾广场证券营业部,8183890.0,1,8183890.0,1,0.0,0
4038,东方财富证券股份有限公司青岛仙霞岭路证券营业部,8164540.15,2,8164540.15,2,0.0,0
4039,东北证券股份有限公司苏州分公司,8163094.32,2,7733810.32,1,429284.0,1
4040,西部证券股份有限公司丹阳云阳路证券营业部,8147956.31,3,2369562.26,1,5778394.05,2
4041,国泰海通证券股份有限公司武汉赵家条证券营业部,8146600.59,2,476143.59,1,7670457.0,1
4042,申万宏源证券有限公司宁波海晏北路证券营业部,8105804.0,2,5816840.0,1,2288964.0,1
4043,中国中金财富证券有限公司金华光南路证券营业部,8081098.88,5,139748.0,1,7941350.88,4
4044,湘财证券股份有限公司济南马鞍山路证券营业部,8070710.5,7,222525.0,2,7848185.5,5
4045,国信证券股份有限公司苏州分公司,8065702.0,3,6738750.0,2,1326952.0,2
4046,民生证券股份有限公司丹江口分公司,8060000.0,1,8060000.0,1,0.0,0
4047,上海证券有限责任公司奉贤区南奉公路证券营业部,8040705.47,2,3131644.0,1,4909061.47,1
4048,国融证券股份有限公司山东分公司,8035195.36,1,8035195.36,1,0.0,0
4049,财达证券股份有限公司深圳彩田路证券营业部,8007512.0,1,8007512.0,1,0.0,0
4050,中原证券股份有限公司淇县淇河路证券营业部,8005733.02,1,8005733.02,1,0.0,0
4051,中国银河证券股份有限公司北京大望路证券营业部,7992677.0,1,7990164.0,1,2513.0,1
4052,国联民生证券股份有限公司杭州文二西路证券营业部,7969379.0,1,7969379.0,1,0.0,0
4053,申万宏源证券有限公司杭州体育场路证券营业部,7943338.5,4,248786.5,3,7694552.0,1
4054,世纪证券有限责任公司赣州中创国际证券营业部,7933807.0,1,7902567.0,1,31240.0,1
4055,招商证券股份有限公司梧州冬湖路证券营业部,7932970.0,2,4877970.0,1,3055000.0,1
4056,兴业证券股份有限公司连城莲中路证券营业部,7901508.5,1,7901508.5,1,0.0,0
4057,国泰海通证券股份有限公司潮州潮州大道证券营业部,7898196.52,1,7898196.52,1,0.0,0
4058,东海证券股份有限公司丹阳金陵西路证券营业部,7889216.45,1,4820594.45,1,3068622.0,1
4059,中泰证券股份有限公司济宁奥体路证券营业部,7887077.0,3,571437.0,2,7315640.0,2
4060,中国银河证券股份有限公司常熟珠江东路证券营业部,7879651.72,2,7879651.72,2,0.0,0
4061,东莞证券股份有限公司海城中街北路证券营业部,7873321.0,1,7873321.0,1,0.0,0
4062,国金证券股份有限公司,7861935.0,4,7861935.0,4,0.0,0
4063,华金证券股份有限公司珠海市分公司,7858060.15,4,7710330.0,3,147730.15,1
4064,国盛证券股份有限公司宜春奉新回兰路证券营业部,7851648.86,5,5035821.55,2,2815827.31,3
4065,中国银河证券股份有限公司苍南体育场路证券营业部,7829957.0,2,7829957.0,2,0.0,0
4066,中航证券有限公司赣州营业部,7806650.11,1,7170350.11,1,636300.0,1
4067,国信证券股份有限公司阳江新江东路证券营业部,7775107.0,2,5835382.0,2,1939725.0,1
4068,山西证券股份有限公司高平泫氏街证券营业部,7765325.2,1,7765325.2,1,0.0,0
4069,金元证券股份有限公司烟台迎春大街证券营业部,7748077.17,1,7748077.17,1,0.0,0
4070,湘财证券股份有限公司水富团结路证券营业部,7732282.0,1,7732282.0,1,0.0,0
4071,东兴证券股份有限公司奎屯团结南街证券营业部,7722487.0,1,7722487.0,1,0.0,0
4072,第一创业证券股份有限公司广州分公司,7665786.0,1,7665786.0,1,0.0,0
4073,国泰海通证券股份有限公司淄博鲁泰大道证券营业部,7647852.96,2,4344155.96,2,3303697.0,1
4074,万联证券股份有限公司深圳前海证券营业部,7641907.0,1,7593943.0,1,47964.0,1
4075,长江证券股份有限公司,7629700.0,1,7629700.0,1,0.0,0
4076,广发证券股份有限公司新余中山路证券营业部,7626891.18,2,4155341.91,2,3471549.27,1
4077,中信证券股份有限公司厦门分公司,7624226.22,3,2926326.4,1,4697899.82,2
4078,申万宏源证券有限公司杭州莫干山路证券营业部,7623577.66,3,2047428.87,1,5576148.79,2
4079,第一创业证券股份有限公司河北省分公司,7620225.0,1,7620225.0,1,0.0,0
4080,华福证券股份有限公司泉州分公司,7618766.81,3,4777457.0,1,2841309.81,2
4081,华林证券股份有限公司四川分公司,7607379.0,1,7607379.0,1,0.0,0
4082,国元证券股份有限公司太和复兴路证券营业部,7596110.43,1,7575215.43,1,20895.0,1
4083,英大证券有限责任公司北京西城证券营业部,7588626.74,2,7408288.74,1,180338.0,1
4084,西南证券股份有限公司陕西分公司,7583535.0,2,6096861.0,1,1486674.0,1
4085,光大证券股份有限公司石狮南环路证券营业部,7565000.0,1,7565000.0,1,0.0,0
4086,申万宏源证券有限公司洛阳分公司,7551441.0,1,7551441.0,1,0.0,0
4087,国元证券股份有限公司嘉兴竹园路证券营业部,7464126.0,1,7209626.0,1,254500.0,1
4088,华福证券股份有限公司河北分公司,7460885.0,1,7460885.0,1,0.0,0
4089,光大证券股份有限公司佛山季华六路证券营业部,7452377.63,2,221500.63,1,7230877.0,1
4090,国金证券股份有限公司石家庄建设南大街证券营业部,7386807.52,1,7386807.52,1,0.0,0
4091,东方证券股份有限公司广州琶洲大道证券营业部,7374481.0,2,1893144.0,1,5481337.0,1
4092,中国中金财富证券有限公司杭州环城北路证券营业部,7365987.0,1,7365987.0,1,0.0,0
4093,方正证券股份有限公司河池金城东路证券营业部,7347232.31,1,7347232.31,1,0.0,0
4094,平安证券股份有限公司,7318174.0,2,7318174.0,2,0.0,0
4095,华金证券股份有限公司上海金沙江路证券营业部,7288146.42,2,3750970.98,1,3537175.44,1
4096,广发证券股份有限公司济南龙奥西路证券营业部,7284933.25,2,5558144.83,2,1726788.42,2
4097,华林证券股份有限公司淮安淮海东路证券营业部,7279942.0,1,7279942.0,1,0.0,0
4098,国融证券股份有限公司成都锦东路证券营业部,7259487.0,1,7259487.0,1,0.0,0
4099,开源证券股份有限公司上海北京西路证券营业部,7239865.0,2,4741060.0,1,2498805.0,1
4100,天风证券股份有限公司宜昌隆康路证券营业部,7213781.0,1,7213781.0,1,0.0,0
4101,华源证券股份有限公司四川第二分公司,7193880.0,1,7193880.0,1,0.0,0
4102,东方财富证券股份有限公司信阳东方红大道证券营业部,7162207.63,2,1280247.0,1,5881960.63,1
4103,兴业证券股份有限公司上海陆家嘴证券营业部,7159154.0,2,7159154.0,2,0.0,0
4104,中国银河证券股份有限公司中山黄圃新丰北路证券营业部,7154794.0,3,7154794.0,3,0.0,0
4105,申万宏源证券有限公司山西分公司,7145432.11,1,7145432.11,1,0.0,0
4106,华西证券股份有限公司自贡荣县荣州大道证券营业部,7142615.97,1,7142615.97,1,0.0,0
4107,国盛证券股份有限公司弋阳志敏大道证券营业部,7135316.36,3,2839180.84,1,4296135.52,2
4108,金元证券股份有限公司武汉淮海路证券营业部,7114364.0,2,3944944.0,1,3169420.0,1
4109,长江证券股份有限公司公安利达路证券营业部,7076592.76,1,7076592.76,1,0.0,0
4110,川财证券有限责任公司射洪沱牌大道证券营业部,7073521.0,1,7067611.0,1,5910.0,1
4111,金元证券股份有限公司苏州分公司,7060719.39,3,2319100.0,1,4741619.39,2
4112,广发证券股份有限公司珠海紫荆路证券营业部,7040553.43,2,4202.43,1,7036351.0,1
4113,国泰海通证券股份有限公司三明列东街证券营业部,7039563.0,3,6444804.0,2,594759.0,1
4114,浙商证券股份有限公司成都高新区益州大道证券营业部,7010062.0,1,7010062.0,1,0.0,0
4115,方正证券股份有限公司延吉爱丹路证券营业部,7005352.96,3,7005352.96,3,0.0,0
4116,中泰证券股份有限公司唐山大里路证券营业部,6998624.0,1,4084673.0,1,2913951.0,1
4117,方正证券股份有限公司冷水江锑都中路证券营业部,6994836.0,2,6994836.0,2,0.0,0
4118,甬兴证券有限公司杭州分公司,6972870.0,1,6972870.0,1,0.0,0
4119,华西证券股份有限公司呼和浩特乌兰察布西街证券营业部,6969924.0,1,6969924.0,1,0.0,0
4120,华泰证券股份有限公司宁波中山东路证券营业部,6968268.0,1,6968268.0,1,0.0,0
4121,兴业证券股份有限公司莆田东圳东路证券营业部,6967926.0,1,6966190.0,1,1736.0,1
4122,国信证券股份有限公司上海新松江路证券营业部,6966885.73,4,2100051.31,3,4866834.42,4
4123,国投证券股份有限公司淮安淮海东路证券营业部,6956441.0,1,6956441.0,1,0.0,0
4124,东方财富证券股份有限公司西宁五四西路证券营业部,6942965.89,1,6942965.89,1,0.0,0
4125,中信证券股份有限公司路桥银座北街证券营业部,6937702.0,2,3824902.0,1,3112800.0,1
4126,国都证券股份有限公司西安锦业一路证券营业部,6929911.18,2,4229993.11,1,2699918.07,1
4127,中国银河证券股份有限公司昆明北京路证券营业部,6917164.44,2,802179.0,1,6114985.44,1
4128,国海证券股份有限公司防城港迎宾街证券营业部,6909566.66,1,6909566.66,1,0.0,0
4129,山西证券股份有限公司济南经十路证券营业部,6889678.0,1,6881033.0,1,8645.0,1
4130,万联证券股份有限公司佛山顺德证券营业部,6889037.0,2,4946920.0,1,1942117.0,1
4131,招商证券股份有限公司北京东三环北路证券营业部,6887612.0,1,6887612.0,1,0.0,0
4132,上海证券有限责任公司北京万寿路证券营业部,6883466.0,2,978000.0,1,5905466.0,1
4133,诚通证券股份有限公司武汉球场路证券营业部,6850910.0,1,6850910.0,1,0.0,0
4134,金元证券股份有限公司上海黄浦区淮海中路证券营业部,6846000.0,2,2155800.0,1,4690200.0,1
4135,民生证券股份有限公司深圳深南大道科技园证券营业部,6840400.0,1,6840400.0,1,0.0,0
4136,世纪证券有限责任公司温州百里西路证券营业部,6829175.0,2,5499095.0,1,1330080.0,1
4137,中国中金财富证券有限公司扬州文昌西路证券营业部,6787182.85,1,6787182.85,1,0.0,0
4138,国泰海通证券股份有限公司遵义北海路证券营业部,6738032.0,7,3953856.0,4,2784176.0,4
4139,大通证券股份有限公司上海浦东新区民生路证券营业部,6730696.26,2,104081.26,1,6626615.0,1
4140,中山证券有限责任公司沈阳分公司,6708354.2,1,6708354.2,1,0.0,0
4141,首创证券股份有限公司烟台南大街证券营业部,6678271.0,2,4114297.0,1,2563974.0,1
4142,光大证券股份有限公司泉州田安路证券营业部,6659245.0,6,4122980.0,3,2536265.0,3
4143,财通证券股份有限公司洞头霞光大道证券营业部,6654133.0,1,6350988.0,1,303145.0,1
4144,粤开证券股份有限公司佛山顺德欢乐大道证券营业部,6628695.0,3,6273951.0,2,354744.0,1
4145,华源证券股份有限公司北京分公司,6620556.0,2,6620556.0,2,0.0,0
4146,南京证券股份有限公司江西分公司,6616408.44,2,3777408.44,1,2839000.0,1
4147,华西证券股份有限公司成都郫都区东大街证券营业部,6600395.0,1,6600395.0,1,0.0,0
4148,东方财富证券股份有限公司北京朝内大街证券营业部,6594464.0,1,6594464.0,1,0.0,0
4149,申万宏源西部证券有限公司乌鲁木齐中山路证券营业部,6593701.0,2,6110662.0,1,483039.0,2
4150,东海证券股份有限公司山西分公司,6566860.0,2,3084500.0,1,3482360.0,1
4151,中信建投证券股份有限公司佛山岭南大道证券营业部,6543704.0,1,6543704.0,1,0.0,0
4152,世纪证券有限责任公司江苏分公司,6542080.0,3,2968958.0,2,3573122.0,1
4153,信达证券股份有限公司营口光华路证券营业部,6540336.0,1,6540336.0,1,0.0,0
4154,国信证券股份有限公司北京海淀苏州街证券营业部,6525126.0,1,6525126.0,1,0.0,0
4155,申万宏源证券有限公司上海普陀区武宁路证券营业部,6512522.5,3,393584.0,1,6118938.5,2
4156,南京证券股份有限公司临沂通达路证券营业部,6506404.0,1,6506404.0,1,0.0,0
4157,万联证券股份有限公司四川分公司,6506246.0,4,3856508.0,3,2649738.0,1
4158,长江证券股份有限公司福州光明南路证券营业部,6498335.0,1,6498335.0,1,0.0,0
4159,国元证券股份有限公司淮北分公司,6497398.0,2,6497398.0,2,0.0,0
4160,招商证券股份有限公司贵阳金朱东路证券营业部,6434781.56,2,3462458.4,1,2972323.16,1
4161,长江证券股份有限公司鄂州滨湖南路证券营业部,6388310.0,1,6388310.0,1,0.0,0
4162,世纪证券有限责任公司上海威海路证券营业部,6367749.76,1,6367749.76,1,0.0,0
4163,东方财富证券股份有限公司阿里地区文化路证券营业部,6366243.0,2,6015101.0,2,351142.0,2
4164,中银国际证券股份有限公司北京通州九棵树证券营业部,6359361.0,1,6359361.0,1,0.0,0
4165,国泰海通证券股份有限公司金华八一南街证券营业部,6353819.98,3,6353819.98,3,0.0,0
4166,中信证券(山东)有限责任公司青岛海口路证券营业部,6338522.69,6,2338845.12,5,3999677.57,3
4167,浙商证券股份有限公司厦门杏林东路证券营业部,6334080.0,2,3958080.0,1,2376000.0,1
4168,广发证券股份有限公司上饶茶圣路证券营业部,6329498.34,2,6329498.34,2,0.0,0
4169,华安证券股份有限公司濉溪淮海路证券营业部,6321248.6,3,2181612.0,1,4139636.6,2
4170,国盛证券股份有限公司宜春袁山中路证券营业部,6303866.0,1,6303866.0,1,0.0,0
4171,国盛证券股份有限公司杭州义蓬中路证券营业部,6279875.0,1,6279875.0,1,0.0,0
4172,方正证券股份有限公司汉中西新街证券营业部,6248569.0,2,3090464.0,1,3158105.0,1
4173,东吴证券股份有限公司苏州姑苏区胥江路证券营业部,6170841.84,2,5903514.0,1,267327.84,1
4174,太平洋证券股份有限公司深圳景田东路证券营业部,6157086.59,1,6157086.59,1,0.0,0
4175,方正证券股份有限公司集安建设街证券营业部,6146631.0,1,6146631.0,1,0.0,0
4176,财信证券股份有限公司长沙县星沙北路证券营业部,6099223.0,1,6099223.0,1,0.0,0
4177,兴业证券股份有限公司龙岩分公司,6090601.0,1,6090601.0,1,0.0,0
4178,华泰证券股份有限公司山东分公司,6081756.0,1,6081756.0,1,0.0,0
4179,西南证券股份有限公司浏阳环府路证券营业部,6058882.0,1,6058882.0,1,0.0,0
4180,申万宏源证券有限公司上海浦东新区东方路证券营业部,6051387.03,1,6051387.03,1,0.0,0
4181,中航证券有限公司杭州营业部,6048496.07,2,2520945.07,2,3527551.0,1
4182,财信证券股份有限公司泰安灵山大街证券营业部,6046500.0,1,6046500.0,1,0.0,0
4183,湘财证券股份有限公司乌鲁木齐克拉玛依东路证券营业部,6027311.6,3,40176.6,1,5987135.0,2
4184,长江证券股份有限公司衡阳解放大道证券营业部,5984897.0,1,3914051.0,1,2070846.0,1
4185,中信建投证券股份有限公司北京五路居证券营业部,5965113.0,2,3020937.0,2,2944176.0,1
4186,光大证券股份有限公司武汉关山大道证券营业部,5951000.0,1,5951000.0,1,0.0,0
4187,华福证券股份有限公司宜兴宜北路证券营业部,5941455.52,3,4457275.52,2,1484180.0,1
4188,申万宏源证券有限公司常州分公司,5900090.0,3,3451060.0,1,2449030.0,2
4189,中原证券股份有限公司孟州东河雍大街证券营业部,5899004.0,1,5899004.0,1,0.0,0
4190,大同证券有限责任公司新疆分公司,5889000.0,1,5889000.0,1,0.0,0
4191,民生证券股份有限公司宁波分公司,5879062.18,2,3045317.35,1,2833744.83,1
4192,南京证券股份有限公司银川治平路证券营业部,5878524.0,1,5878524.0,1,0.0,0
4193,国都证券股份有限公司北京东中街证券营业部,5872074.0,2,2952256.0,1,2919818.0,1
4194,国元证券股份有限公司上海浦东分公司,5856268.6,2,5856268.6,2,0.0,0
4195,方正证券股份有限公司江西分公司,5844073.0,2,2334073.0,1,3510000.0,1
4196,平安证券股份有限公司襄阳大庆东路证券营业部,5841100.0,1,5841100.0,1,0.0,0
4197,申万宏源证券有限公司深圳光明创投路证券营业部,5825013.0,1,5825013.0,1,0.0,0
4198,中信建投证券股份有限公司南京天元中路证券营业部,5815624.52,4,352000.0,1,5463624.52,3
4199,中邮证券有限责任公司上海东大名路证券营业部,5806762.53,1,5806762.53,1,0.0,0
4200,长城证券股份有限公司湖北分公司,5788206.34,1,5170489.0,1,617717.34,1
4201,中信证券华南股份有限公司广州花城大道证券营业部,5779395.84,2,4017510.0,1,1761885.84,1
4202,申万宏源证券有限公司大连金马路证券营业部,5775111.3,2,37054.2,1,5738057.1,1
4203,浙商证券股份有限公司龙游荣昌大道证券营业部,5750292.0,3,5750292.0,3,0.0,0
4204,中信建投证券股份有限公司吉林解放东路证券营业部,5744469.0,1,5744469.0,1,0.0,0
4205,华福证券股份有限公司重庆分公司,5743507.0,1,5743507.0,1,0.0,0
4206,中原证券股份有限公司开封分公司,5732127.0,1,5732127.0,1,0.0,0
4207,中国银河证券股份有限公司广州长堤证券营业部,5726450.0,2,4515367.0,2,1211083.0,1
4208,长江证券股份有限公司上海东门路证券营业部,5725072.08,2,5725072.08,2,0.0,0
4209,中信建投证券股份有限公司广州体育东路证券营业部,5707009.0,1,5707009.0,1,0.0,0
4210,南京证券股份有限公司重庆青枫南路证券营业部,5701515.0,1,5165975.0,1,535540.0,1
4211,中信建投证券股份有限公司重庆合川南屏路证券营业部,5667862.0,2,4681162.0,1,986700.0,1
4212,东方证券股份有限公司太原晋祠路证券营业部,5654186.0,1,3303000.0,1,2351186.0,1
4213,中信建投证券股份有限公司襄阳檀溪路证券营业部,5647998.38,2,5647998.38,2,0.0,0
4214,东方证券股份有限公司天津西康路证券营业部,5645835.15,3,402900.0,1,5242935.15,2
4215,招商证券股份有限公司重庆财富大道证券营业部,5635649.4,1,5635649.4,1,0.0,0
4216,招商证券股份有限公司宜昌献福路证券营业部,5633706.19,2,3662077.79,1,1971628.4,1
4217,中国银河证券股份有限公司湛江海北路证券营业部,5633356.0,1,5633356.0,1,0.0,0
4218,中信证券股份有限公司宁海气象北路证券营业部,5629782.62,2,339402.62,1,5290380.0,1
4219,国泰海通证券股份有限公司厦门国际金融中心证券营业部,5613000.0,1,5613000.0,1,0.0,0
4220,华泰证券股份有限公司江阴周庄镇西大街证券营业部,5592618.0,1,5592618.0,1,0.0,0
4221,西南证券股份有限公司重庆红石路证券营业部,5587325.0,2,102196.0,2,5485129.0,1
4222,中国银河证券股份有限公司佛山顺德乐从证券营业部,5583383.0,3,3471559.0,1,2111824.0,3
4223,申港证券股份有限公司福建分公司,5577323.0,2,5577323.0,2,0.0,0
4224,中信证券华南股份有限公司江门启超大道证券营业部,5568114.0,3,5135614.0,2,432500.0,1
4225,华泰证券股份有限公司西安朱雀大街证券营业部,5560574.37,5,790880.07,2,4769694.3,4
4226,万联证券股份有限公司广州南沙分公司,5548001.8,1,5539021.8,1,8980.0,1
4227,中泰证券股份有限公司邹城东滩路证券营业部,5538307.14,2,120015.0,1,5418292.14,1
4228,华林证券股份有限公司周口庆丰路证券营业部,5531421.3,1,5531421.3,1,0.0,0
4229,华安证券股份有限公司武汉中北路证券营业部,5521034.0,1,5521034.0,1,0.0,0
4230,国泰海通证券股份有限公司自贡南湖路证券营业部,5517001.28,1,5517001.28,1,0.0,0
4231,广发证券股份有限公司张家口建国路证券营业部,5516925.0,3,51808.0,1,5465117.0,2
4232,中泰证券股份有限公司临清温泉路证券营业部,5513261.0,2,2735247.0,1,2778014.0,2
4233,招商证券股份有限公司张家港人民中路证券营业部,5504170.11,1,5504170.11,1,0.0,0
4234,申万宏源证券有限公司沈阳大西路证券营业部,5489508.0,1,5489508.0,1,0.0,0
4235,国新证券股份有限公司上海浦东新区银城中路证券营业部,5486960.0,2,2661720.0,1,2825240.0,1
4236,金融街证券股份有限公司呼伦贝尔海拉尔区河西开发区证券营业部,5478904.0,1,5478904.0,1,0.0,0
4237,国融证券股份有限公司南京大桥北路证券营业部,5476712.0,1,2808314.0,1,2668398.0,1
4238,华福证券股份有限公司潍坊东风东街证券营业部,5458664.0,2,5458664.0,2,0.0,0
4239,国海证券股份有限公司武汉三眼桥路证券营业部,5441755.2,2,379800.0,1,5061955.2,1
4240,天风证券股份有限公司资阳广场路证券营业部,5419828.66,3,1020617.0,1,4399211.66,2
4241,东北证券股份有限公司福清福和路证券营业部,5406938.0,1,5406938.0,1,0.0,0
4242,中信建投证券股份有限公司北京富丰路证券营业部,5399167.0,2,1392447.0,1,4006720.0,1
4243,国信证券股份有限公司宁波宁穿路证券营业部,5384934.0,2,4354374.0,1,1030560.0,1
4244,中银国际证券股份有限公司佛山天虹路证券营业部,5367268.17,1,5367268.17,1,0.0,0
4245,国元证券股份有限公司珠海九洲大道富华里证券营业部,5336060.68,2,431739.0,2,4904321.68,1
4246,海通国际证券交易单元(801500),5312959.57,4,3977806.57,3,1335153.0,1
4247,长江证券股份有限公司库尔勒人民东路证券营业部,5305896.0,2,2639879.0,1,2666017.0,1
4248,长城证券股份有限公司江阴长江路证券营业部,5295287.0,3,2194116.0,1,3101171.0,2
4249,国投证券股份有限公司梅州丰顺证券营业部,5279601.49,5,844119.88,3,4435481.61,4
4250,五矿证券有限公司株洲长江南路证券营业部,5244335.0,1,5244335.0,1,0.0,0
4251,财信证券股份有限公司长沙芙蓉路证券营业部,5241590.0,2,5022980.0,1,218610.0,1
4252,太平洋证券股份有限公司合肥屯溪路证券营业部,5218557.56,1,5218557.56,1,0.0,0
4253,国联民生证券股份有限公司湖南分公司,5199272.0,3,1077900.0,2,4121372.0,1
4254,国元证券股份有限公司上海斜土路证券营业部,5185462.15,20,2835406.57,14,2350055.58,6
4255,招商证券股份有限公司临沂北京路证券营业部,5156252.67,4,4287024.0,2,869228.67,2
4256,光大证券股份有限公司东莞厚街证券营业部,5147421.0,2,5147020.0,2,401.0,1
4257,方正证券股份有限公司杭州萧山金城路证券营业部,5146155.0,9,1149523.0,7,3996632.0,2
4258,华安证券股份有限公司北京中关村大街证券营业部,5145918.0,4,4831578.0,2,314340.0,2
4259,华金证券股份有限公司北京中关村南大街证券营业部,5142591.0,1,5142591.0,1,0.0,0
4260,东方财富证券股份有限公司廊坊爱民东道证券营业部,5136120.0,1,5136120.0,1,0.0,0
4261,中泰证券股份有限公司乳山胜利街证券营业部,5119564.0,1,5119564.0,1,0.0,0
4262,广发证券股份有限公司德庆香山大道东路证券营业部,5087912.0,1,5087912.0,1,0.0,0
4263,中泰证券股份有限公司嘉兴城南路证券营业部,5084336.98,2,2741434.0,1,2342902.98,1
4264,财通证券股份有限公司宁波扬帆路证券营业部,5063792.0,1,5063792.0,1,0.0,0
4265,江海证券有限公司上海瞿溪路证券营业部,5041240.92,4,2045822.0,4,2995418.92,3
4266,太平洋证券股份有限公司福州分公司,5027975.0,1,5027975.0,1,0.0,0
4267,招商证券股份有限公司南宁民族大道证券营业部,5000122.0,2,2004440.0,2,2995682.0,1
4268,国盛证券股份有限公司德清曲园南路证券营业部,5000021.0,1,5000021.0,1,0.0,0
4269,中信证券(山东)有限责任公司泰安长城路证券营业部,4989978.32,3,265001.0,1,4724977.32,2
4270,财达证券股份有限公司唐山新城道证券营业部,4986466.37,3,4471702.0,2,514764.37,1
4271,东方证券股份有限公司上海浦东新区川沙路证券营业部,4961747.79,2,914483.0,2,4047264.79,1
4272,方正证券股份有限公司北京马家堡西路证券营业部,4957470.0,1,4957470.0,1,0.0,0
4273,国投证券股转交易单元JI营业部,4939449.9,2,110393.8,1,4829056.1,2
4274,财信证券股份有限公司邵阳西湖路证券营业部,4931913.0,1,4361811.0,1,570102.0,1
4275,国新证券股份有限公司湖南分公司,4915384.0,3,1761488.0,1,3153896.0,2
4276,中信建投证券股份有限公司新乡新飞大道证券营业部,4914322.0,2,826972.0,1,4087350.0,1
4277,长江证券股份有限公司松滋高成大道证券营业部,4901644.0,1,4901644.0,1,0.0,0
4278,国信证券股份有限公司武汉中北路证券营业部,4896380.18,2,462868.5,2,4433511.68,1
4279,方正证券股份有限公司长沙金星北路证券营业部,4884876.0,1,4884876.0,1,0.0,0
4280,长江证券股份有限公司广州江湾路证券营业部,4879342.0,2,219342.0,1,4660000.0,1
4281,兴业证券股份有限公司安徽分公司,4878250.0,1,4878250.0,1,0.0,0
4282,长江证券股份有限公司邯郸东柳北大街证券营业部,4877990.0,1,4877990.0,1,0.0,0
4283,国泰海通证券股份有限公司重庆忠县证券营业部,4868896.8,2,4868896.8,2,0.0,0
4284,广发证券股份有限公司大连中山路证券营业部,4865701.0,1,4865701.0,1,0.0,0
4285,民生证券股份有限公司南阳仲景南路证券营业部,4849299.0,1,4849299.0,1,0.0,0
4286,东莞证券股份有限公司河源龙川龙川大道证券营业部,4837401.13,3,3388486.0,2,1448915.13,2
4287,中国中金财富证券有限公司呼和浩特腾飞路证券营业部,4809197.0,1,4809197.0,1,0.0,0
4288,华林证券股份有限公司江门恩平证券营业部,4800211.7,2,1345222.0,1,3454989.7,1
4289,华福证券股份有限公司上杭人民路证券营业部,4797715.0,5,1018737.0,4,3778978.0,3
4290,中泰证券股份有限公司菏泽曹县青菏路证券营业部,4787216.0,2,2001878.0,1,2785338.0,1
4291,中国银河证券股份有限公司常德建设路证券营业部,4784141.0,1,4784141.0,1,0.0,0
4292,粤开证券股份有限公司东莞南城证券营业部,4774685.0,2,2388480.0,1,2386205.0,1
4293,东吴证券股份有限公司苏州汾湖分公司,4768229.97,2,4768229.97,2,0.0,0
4294,申万宏源证券有限公司柳州东环大道证券营业部,4756111.0,3,1010800.0,1,3745311.0,2
4295,国海证券股份有限公司武汉分公司,4742715.18,1,4742715.18,1,0.0,0
4296,国都证券股份有限公司襄阳长虹路证券营业部,4723399.0,2,2441251.0,1,2282148.0,1
4297,方正证券股份有限公司绍兴胜利东路证券营业部,4719119.24,4,2537921.44,2,2181197.8,3
4298,招商证券股份有限公司北京亦庄证券营业部,4707126.0,1,4707126.0,1,0.0,0
4299,中国中金财富证券有限公司广州番禺汉溪大道东证券营业部,4689114.0,1,4689114.0,1,0.0,0
4300,申万宏源证券有限公司天津凌宾路证券营业部,4658299.0,2,2528007.0,1,2130292.0,1
4301,东方财富证券股份有限公司北京分公司,4658029.0,3,4428121.0,2,229908.0,1
4302,国盛证券股转交易单元AK营业部,4645765.02,2,2090578.39,1,2555186.63,2
4303,诚通证券股份有限公司佛山南海大道证券营业部,4627654.0,1,4627654.0,1,0.0,0
4304,申万宏源证券有限公司沈阳宁山中路证券营业部,4618511.0,1,4588415.0,1,30096.0,1
4305,民生证券股份有限公司北京第一分公司,4597909.0,4,2945409.0,3,1652500.0,1
4306,东方财富证券股份有限公司上海静安区北苏州路证券营业部,4596387.17,1,4596387.17,1,0.0,0
4307,金融街证券股份有限公司北京阜成门证券营业部,4590952.47,2,1687673.0,2,2903279.47,1
4308,国泰海通证券股份有限公司聊城东昌西路证券营业部,4571927.0,1,4571927.0,1,0.0,0
4309,中国银河证券股份有限公司北京上地证券营业部,4563872.0,3,995220.0,1,3568652.0,2
4310,中国中金财富证券有限公司湛江吴川海港大道证券营业部,4528212.0,2,1589350.0,1,2938862.0,1
4311,华鑫证券有限责任公司上海莘庄证券营业部,4514927.2,3,790753.65,2,3724173.55,2
4312,西南证券股份有限公司德阳泰山南路证券营业部,4507287.0,1,4507287.0,1,0.0,0
4313,东北证券股份有限公司松原分公司,4506340.0,1,4506340.0,1,0.0,0
4314,中信证券股份有限公司新疆分公司,4496681.0,1,4496681.0,1,0.0,0
4315,信达证券股份有限公司本溪桓仁证券营业部,4493149.0,1,4493149.0,1,0.0,0
4316,浙商证券股份有限公司舟山人民南路证券营业部,4490462.0,1,4490462.0,1,0.0,0
4317,信达证券股份有限公司盘锦兴隆台街证券营业部,4483462.56,4,40455.08,1,4443007.48,3
4318,方正证券股份有限公司临沂金雀山路证券营业部,4479996.0,2,2113020.0,1,2366976.0,1
4319,湘财证券股份有限公司长沙湘府中路证券营业部,4445618.0,3,3766485.0,2,679133.0,1
4320,方正证券股份有限公司大连五四路证券营业部,4440692.0,1,4440692.0,1,0.0,0
4321,中国中金财富证券有限公司江阴朝阳路证券营业部,4435689.0,2,1790965.0,1,2644724.0,1
4322,中信建投证券股份有限公司福州鳌峰路证券营业部,4435536.0,2,4435536.0,2,0.0,0
4323,兴业证券股份有限公司广州凤凰城证券营业部,4433346.0,1,4433346.0,1,0.0,0
4324,申万宏源证券有限公司长沙湘江中路证券营业部,4407388.0,3,4407388.0,3,0.0,0
4325,国元证券股份有限公司六安分公司,4405039.11,2,242940.0,1,4162099.11,1
4326,招商证券股份有限公司郑州商务外环路证券营业部,4401811.0,1,4401811.0,1,0.0,0
4327,申港证券股份有限公司上海虹口区长阳路证券营业部,4386925.0,1,4386925.0,1,0.0,0
4328,东莞证券股份有限公司深圳福田彩田路证券营业部,4378248.0,1,4378248.0,1,0.0,0
4329,大同证券有限责任公司邯郸人民东路证券营业部,4361895.0,2,1663636.0,1,2698259.0,1
4330,兴业证券股份有限公司南充分公司,4351113.0,1,4351113.0,1,0.0,0
4331,兴业证券股份有限公司广西分公司,4348083.0,4,2297619.0,2,2050464.0,2
4332,中国银河证券股份有限公司镇江正东路证券营业部,4338983.76,2,358483.42,2,3980500.34,1
4333,长江证券股份有限公司总部,4326225.0,1,4326225.0,1,0.0,0
4334,国新证券股份有限公司上海浦东新区云鹃北路证券营业部,4321211.0,1,4321211.0,1,0.0,0
4335,光大证券股份有限公司重庆李家沱证券营业部,4284557.0,3,2665500.0,1,1619057.0,3
4336,万联证券股份有限公司广州德政北路证券营业部,4272998.18,3,2177794.5,2,2095203.68,1
4337,东方财富证券股份有限公司,4270157.0,6,4270157.0,6,0.0,0
4338,东亚前海证券有限责任公司深圳福华三路证券营业部,4253229.0,2,3523293.0,1,729936.0,1
4339,广发证券股份有限公司惠州仲恺陈江证券营业部,4236600.0,2,522600.0,1,3714000.0,1
4340,广发证券股份有限公司杭州博亚时代中心证券营业部,4233794.52,1,4233794.52,1,0.0,0
4341,万联证券股份有限公司广州滨江东路证券营业部,4232469.48,3,2563187.6,2,1669281.88,2
4342,华泰证券股份有限公司长春民康路证券营业部,4226329.0,2,2196542.0,1,2029787.0,1
4343,东吴证券股份有限公司武汉新华路证券营业部,4215883.0,1,4215883.0,1,0.0,0
4344,诚通证券股份有限公司天津苏州道证券营业部,4210000.0,1,4210000.0,1,0.0,0
4345,中信证券华南股份有限公司海南分公司,4208713.0,2,3379952.0,2,828761.0,1
4346,广发证券股份有限公司泉州温陵路证券营业部,4203072.0,4,378708.0,1,3824364.0,3
4347,华西证券股份有限公司海口分公司,4187792.19,1,4187792.19,1,0.0,0
4348,招商证券股份有限公司保定东风中路证券营业部,4182783.9,1,4182783.9,1,0.0,0
4349,中信建投证券股份有限公司合肥创新大道证券营业部,4182721.93,1,4175931.93,1,6790.0,1
4350,天风证券股份有限公司绍兴杨绍线证券营业部,4140000.0,2,1968000.0,1,2172000.0,1
4351,国信证券股份有限公司成都锦东路证券营业部,4122562.0,3,4097572.0,3,24990.0,1
4352,国泰海通证券股份有限公司洛阳中州中路证券营业部,4117295.0,3,157815.0,2,3959480.0,1
4353,中信建投证券股份有限公司青海分公司,4115000.0,1,4115000.0,1,0.0,0
4354,东方证券股份有限公司上海闵行区都市路证券营业部,4113739.0,4,1128097.0,1,2985642.0,3
4355,长江证券股份有限公司厦门湖滨北路证券营业部,4102128.0,5,283227.0,2,3818901.0,3
4356,中信建投证券股份有限公司杭州南大街证券营业部,4087664.8,1,4087664.8,1,0.0,0
4357,方正证券股份有限公司广州体育东路证券营业部,4087300.0,1,4087300.0,1,0.0,0
4358,第一创业证券股份有限公司深圳车公庙证券营业部,4069292.52,1,4069292.52,1,0.0,0
4359,长江证券股份有限公司武汉胜利街证券营业部,4061703.0,1,3884103.0,1,177600.0,1
4360,光大证券股份有限公司江门新会冈州大道中证券营业部,4058432.0,2,2188832.0,1,1869600.0,1
4361,麦高证券有限责任公司沈阳西顺城街证券营业部,4046622.0,1,4046622.0,1,0.0,0
4362,国泰海通证券股份有限公司北京朝阳门证券营业部,4044671.88,1,4044671.88,1,0.0,0
4363,华鑫证券有限责任公司上海浦东新区人民东路证券营业部,4024252.0,2,2371902.0,1,1652350.0,1
4364,开源证券股份有限公司榆林分公司,4017336.0,1,4017336.0,1,0.0,0
4365,中航证券有限公司天津曲阜道证券营业部,4004557.0,2,3589457.0,1,415100.0,1
4366,华安证券股份有限公司合肥桐城南路证券营业部,3978100.0,1,3978100.0,1,0.0,0
4367,中国中金财富证券有限公司肥东公园路证券营业部,3971507.96,1,3971507.96,1,0.0,0
4368,国元证券股份有限公司青岛源头路证券营业部,3968637.44,2,3936686.35,2,31951.09,1
4369,财达证券股份有限公司安徽分公司,3963350.0,1,3963350.0,1,0.0,0
4370,天风证券股份有限公司武汉分公司,3952400.0,1,3952400.0,1,0.0,0
4371,西南证券股份有限公司重庆武隆证券营业部,3934123.0,1,3934123.0,1,0.0,0
4372,粤开证券股份有限公司大连星海广场证券营业部,3926160.0,1,3926160.0,1,0.0,0
4373,中国中金财富证券有限公司平潭西航路证券营业部,3923885.51,1,3923885.51,1,0.0,0
4374,中国中金财富证券有限公司宿迁洪泽湖路证券营业部,3919295.43,4,2569180.0,2,1350115.43,2
4375,西南证券股份有限公司贵州分公司,3907800.0,1,3907800.0,1,0.0,0
4376,财达证券股份有限公司唐山新华西道证券营业部,3904570.0,1,3904570.0,1,0.0,0
4377,麦高证券有限责任公司沈阳建设西路证券营业部,3897147.0,2,1734751.0,1,2162396.0,2
4378,华福证券股份有限公司宁德分公司,3873647.0,1,3441992.0,1,431655.0,1
4379,国泰海通证券股份有限公司柳州德润路证券营业部,3847825.19,4,1968543.45,2,1879281.74,2
4380,金融街证券股份有限公司瑞安拱瑞山路证券营业部,3810060.0,1,3810060.0,1,0.0,0
4381,中泰证券股份有限公司泰安龙潭路证券营业部,3808429.51,1,3805243.97,1,3185.54,1
4382,国盛证券股份有限公司钦州永福东大街证券营业部,3770543.32,1,3770543.32,1,0.0,0
4383,中泰证券股份有限公司汉中兴汉路证券营业部,3757218.0,1,3757218.0,1,0.0,0
4384,大同证券有限责任公司运城人民北路证券营业部,3753465.0,3,518371.0,1,3235094.0,2
4385,东北证券股份有限公司长春东朝阳路证券营业部,3750000.0,1,3750000.0,1,0.0,0
4386,华林证券股份有限公司枣庄光明中路证券营业部,3735496.89,1,3735496.89,1,0.0,0
4387,中信证券股份有限公司九江长江大道证券营业部,3735320.0,2,1149120.0,1,2586200.0,1
4388,华源证券股份有限公司慈溪浒山路证券营业部,3679569.6,1,3679569.6,1,0.0,0
4389,东方证券股份有限公司海口金龙路证券营业部,3664632.0,1,3664632.0,1,0.0,0
4390,国泰海通证券股份有限公司哈尔滨中山路证券营业部,3644444.25,1,3637136.25,1,7308.0,1
4391,兴业证券股份有限公司福清清昌大道证券营业部,3640892.0,2,3640892.0,2,0.0,0
4392,财通证券股份有限公司温州温州大道证券营业部,3630267.72,2,1500563.44,1,2129704.28,1
4393,中泰证券股份有限公司新泰府前街证券营业部,3628447.0,1,3628447.0,1,0.0,0
4394,川财证券有限责任公司武汉沿江大道证券营业部,3601277.0,3,567042.0,1,3034235.0,2
4395,华泰证券股份有限公司当阳子龙路证券营业部,3583685.0,2,2892398.0,1,691287.0,1
4396,方正证券股份有限公司深圳新区大道证券营业部,3561290.0,2,2330114.0,1,1231176.0,1
4397,东方证券股份有限公司宁波宝华街证券营业部,3559359.1,1,3559359.1,1,0.0,0
4398,东北证券股份有限公司陕西分公司,3549312.0,1,3549312.0,1,0.0,0
4399,东莞证券股份有限公司珠海人民东路证券营业部,3547500.0,2,3412500.0,1,135000.0,1
4400,华西证券股份有限公司重庆梁平证券营业部,3535492.0,2,2581492.0,1,954000.0,1
4401,中国中金财富证券有限公司成都温江光华大道证券营业部,3530055.0,1,3530055.0,1,0.0,0
4402,金融街证券股份有限公司广州天润路证券营业部,3525790.08,1,3525790.08,1,0.0,0
4403,中信建投证券股份有限公司贵州分公司,3495275.08,1,3495275.08,1,0.0,0
4404,光大证券股份有限公司上海宝山华和路证券营业部,3488065.4,2,35002.4,1,3453063.0,1
4405,华林证券股份有限公司福建分公司,3478214.0,2,3071740.0,1,406474.0,1
4406,申万宏源证券有限公司上海黄浦区陆家浜路证券营业部,3462052.9,2,1477840.9,1,1984212.0,1
4407,国泰海通证券股份有限公司保定东风东路证券营业部,3410890.8,2,3106406.8,1,304484.0,1
4408,国泰海通证券股份有限公司遵义昆明路证券营业部,3407992.0,2,432592.0,1,2975400.0,1
4409,国融证券股份有限公司广州华夏路证券营业部,3383899.0,1,3383899.0,1,0.0,0
4410,国投证券股份有限公司北京政通路证券营业部,3381958.0,1,3381958.0,1,0.0,0
4411,国泰海通证券股份有限公司东莞胜和路证券营业部,3377107.0,1,3377107.0,1,0.0,0
4412,东吴证券股份有限公司石家庄裕华东路证券营业部,3362593.0,1,3362593.0,1,0.0,0
4413,西南证券股份有限公司徐州分公司,3359276.66,1,3064166.66,1,295110.0,1
4414,红塔证券股份有限公司昆明青年路证券营业部,3310740.46,1,3239190.46,1,71550.0,1
4415,国泰海通证券股份有限公司台州市府大道第一证券营业部,3307656.0,1,3307656.0,1,0.0,0
4416,方正证券股份有限公司长沙建湘路证券营业部,3302000.0,2,3060000.0,1,242000.0,1
4417,兴业证券股份有限公司武汉芳草路证券营业部,3289214.5,1,3289214.5,1,0.0,0
4418,东方财富证券股份有限公司临沂上海路证券营业部,3281407.7,3,2496358.0,1,785049.7,2
4419,国泰海通证券股份有限公司伊春新卫街证券营业部,3277821.0,1,3277821.0,1,0.0,0
4420,华泰证券股份有限公司淮安淮海东路证券营业部,3209980.0,2,503680.0,1,2706300.0,1
4421,广发证券股份有限公司清远连江路证券营业部,3205588.9,4,353813.0,1,2851775.9,3
4422,华福证券股份有限公司厦门宝龙一城证券营业部,3179800.0,1,3179800.0,1,0.0,0
4423,山西证券股份有限公司怀仁怀贤街证券营业部,3128783.23,1,3128783.23,1,0.0,0
4424,兴业证券股份有限公司常州分公司,3121854.0,1,3121854.0,1,0.0,0
4425,金融街证券股份有限公司南宁民族大道证券营业部,3119013.0,1,3119013.0,1,0.0,0
4426,中国银河证券股份有限公司湖北分公司,3068506.0,1,3068506.0,1,0.0,0
4427,金融街证券股份有限公司包头文化路证券营业部,3047202.0,1,3047202.0,1,0.0,0
4428,太平洋证券股份有限公司内蒙古分公司,3039281.59,3,279248.0,1,2760033.59,2
4429,国信证券股份有限公司佛山顺德乐从大道证券营业部,3027429.78,1,2958036.98,1,69392.8,1
4430,中国中金财富证券有限公司宜兴阳羡东路证券营业部,3015860.0,1,3015860.0,1,0.0,0
4431,中山证券有限责任公司深南分公司,3003656.58,1,3003656.58,1,0.0,0
4432,中国银河证券股份有限公司桐庐迎春南路证券营业部,2992258.84,2,1234837.16,1,1757421.68,1
4433,中国银河证券股份有限公司杭州迎宾路证券营业部,2985397.0,1,2985397.0,1,0.0,0
4434,广发证券股份有限公司佛山高明跃华路证券营业部,2975999.0,1,2975999.0,1,0.0,0
4435,西南证券股份有限公司重庆梁平证券营业部,2967036.63,1,2967036.63,1,0.0,0
4436,广发证券股份有限公司抚顺丹东路证券营业部,2934576.24,2,2371776.24,1,562800.0,1
4437,中国银河证券股份有限公司营口金牛山大街证券营业部,2919540.06,5,1461029.0,2,1458511.06,3
4438,开源证券股份有限公司重庆分公司,2913217.6,1,2913217.6,1,0.0,0
4439,国泰海通证券股份有限公司长春大经路证券营业部,2906070.0,1,2906070.0,1,0.0,0
4440,中国银河证券股份有限公司邢台清河证券营业部,2876037.31,2,313203.83,1,2562833.48,2
4441,开源证券股份有限公司安康花园大道证券营业部,2868104.83,1,2868104.83,1,0.0,0
4442,财信证券股份有限公司哈尔滨爱建路证券营业部,2840796.07,1,2840796.07,1,0.0,0
4443,金融街证券股份有限公司深圳分公司,2840046.0,4,360000.0,1,2480046.0,3
4444,国投证券股份有限公司北京北苑路证券营业部,2815054.0,1,2815054.0,1,0.0,0
4445,方正证券股份有限公司北京望京证券营业部,2781089.19,2,45112.08,1,2735977.11,1
4446,中航证券有限公司宜昌营业部,2770677.0,1,2770677.0,1,0.0,0
4447,万联证券股份有限公司衡阳解放大道证券营业部,2763225.33,2,1990323.0,1,772902.33,1
4448,东海证券股份有限公司盐城解放南路证券营业部,2762268.0,1,2762268.0,1,0.0,0
4449,国投证券股份有限公司河源龙川证券营业部,2748910.89,1,2748910.89,1,0.0,0
4450,华泰证券股份有限公司汉川仙女大道证券营业部,2735464.33,1,2735464.33,1,0.0,0
4451,国信证券股份有限公司衢州白云北大道证券营业部,2709427.0,2,278590.0,1,2430837.0,1
4452,东海证券股份有限公司泰州东风路证券营业部,2705325.6,1,2705325.6,1,0.0,0
4453,长江证券股份有限公司随州迎宾大道证券营业部,2704196.63,1,1931340.29,1,772856.34,1
4454,长江证券股份有限公司邵阳西湖路证券营业部,2690636.0,1,2690636.0,1,0.0,0
4455,兴业证券股份有限公司南平滨江中路证券营业部,2685724.0,3,2525403.0,3,160321.0,3
4456,长城证券股份有限公司合肥临泉路证券营业部,2684956.2,1,2684956.2,1,0.0,0
4457,中国银河证券股份有限公司北京通州证券营业部,2660364.0,1,2660364.0,1,0.0,0
4458,国投证券股份有限公司成都人民南路证券营业部,2653155.88,2,2573699.88,1,79456.0,1
4459,中泰证券股份有限公司青岛香港东路证券营业部,2617616.1,2,2617616.1,2,0.0,0
4460,红塔证券股份有限公司深圳学府路证券营业部,2615000.0,1,2615000.0,1,0.0,0
4461,中信建投证券股份有限公司扬州江阳中路证券营业部,2600590.28,1,2600590.28,1,0.0,0
4462,江海证券有限公司齐齐哈尔龙华路证券营业部,2591144.35,1,2591144.35,1,0.0,0
4463,申万宏源证券有限公司芜湖分公司,2569897.99,1,2469649.96,1,100248.03,1
4464,西部证券股份有限公司西安高新路证券营业部,2569729.0,1,2569729.0,1,0.0,0
4465,兴业证券股份有限公司武汉解放大道证券营业部,2534256.0,3,2007823.0,2,526433.0,2
4466,上海证券有限责任公司台州东环大道证券营业部,2532848.81,5,982796.99,3,1550051.82,5
4467,中信建投证券股份有限公司昌吉北京南路证券营业部,2530437.0,1,2530437.0,1,0.0,0
4468,财信证券股份有限公司福州江滨中大道证券营业部,2527102.0,1,2527102.0,1,0.0,0
4469,国泰海通证券股份有限公司新昌康福路证券营业部,2515908.0,1,2411198.0,1,104710.0,1
4470,兴业证券股份有限公司佛山分公司,2509444.0,1,2509444.0,1,0.0,0
4471,财通证券股份有限公司杭州九和路证券营业部,2509091.0,1,2509091.0,1,0.0,0
4472,中国银河证券股份有限公司大连一德街证券营业部,2504000.0,2,1923000.0,1,581000.0,1
4473,中银国际证券股份有限公司石家庄中华南大街证券营业部,2454241.0,1,2454241.0,1,0.0,0
4474,湘财证券股份有限公司天津大沽北路证券营业部,2452735.0,3,1051492.0,1,1401243.0,2
4475,浙商证券股份有限公司海盐长安北路证券营业部,2418459.05,1,2418459.05,1,0.0,0
4476,国联民生证券股份有限公司连云港苍梧路证券营业部,2415000.0,1,2415000.0,1,0.0,0
4477,华西证券股份有限公司长沙茶子山东路证券营业部,2374160.0,1,2374160.0,1,0.0,0
4478,财通证券股份有限公司嘉兴嘉善罗星街道证券营业部,2368076.62,1,2368076.62,1,0.0,0
4479,国信证券股份有限公司襄阳汉江路证券营业部,2366060.0,1,2366060.0,1,0.0,0
4480,华西证券股份有限公司大连五五路证券营业部,2349961.34,1,2349961.34,1,0.0,0
4481,中银国际证券股份有限公司吉林分公司,2338140.0,1,2338140.0,1,0.0,0
4482,国盛证券股份有限公司新余公园南路证券营业部,2336292.07,5,808212.39,4,1528079.68,4
4483,东方证券股份有限公司唐山北新西道证券营业部,2323790.0,2,2323790.0,2,0.0,0
4484,南京证券股份有限公司南京浦口大道证券营业部,2308608.0,2,1215092.0,1,1093516.0,1
4485,国泰海通证券股份有限公司济源济水大街证券营业部,2307428.0,1,2307428.0,1,0.0,0
4486,财达证券股份有限公司承德都统府大街证券营业部,2295505.0,2,2295505.0,2,0.0,0
4487,太平洋证券股份有限公司嘉兴凌公塘路证券营业部,2295461.44,1,2295461.44,1,0.0,0
4488,长江证券股份有限公司兰州金昌北路证券营业部,2285844.0,1,2285844.0,1,0.0,0
4489,申万宏源证券有限公司上海长宁区天山路证券营业部,2279065.39,5,2086978.59,4,192086.8,2
4490,广发证券股份有限公司大庆经三街证券营业部,2276922.63,1,1832715.67,1,444206.96,1
4491,国联民生证券股份有限公司无锡胡埭镇人民东路证券营业部,2260024.0,1,2260024.0,1,0.0,0
4492,中泰证券股份有限公司南京泰山路证券营业部,2238481.0,3,2044000.0,1,194481.0,2
4493,中国银河证券股份有限公司萍乡韶山东路证券营业部,2222515.62,1,2222515.62,1,0.0,0
4494,大同证券有限责任公司临汾解放东路证券营业部,2207744.0,1,2207744.0,1,0.0,0
4495,财信证券股份有限公司衡阳解放大道证券营业部,2196678.96,2,1800701.81,2,395977.15,1
4496,长城国瑞证券有限公司厦门湖滨南路证券营业部,2193010.0,1,2192085.0,1,925.0,1
4497,东方财富证券股份有限公司浙江分公司,2176872.0,1,2176872.0,1,0.0,0
4498,南京证券股份有限公司溧阳罗湾路证券营业部,2165516.0,1,2165516.0,1,0.0,0
4499,银泰证券有限责任公司佛山禅城佛平路证券营业部,2159015.0,1,2159015.0,1,0.0,0
4500,华鑫证券有限责任公司长春工农大路证券营业部,2149312.0,1,2149312.0,1,0.0,0
4501,川财证券有限责任公司深圳分公司,2131027.0,2,2130057.0,2,970.0,1
4502,东北证券股份有限公司重庆科园一路证券营业部,2122186.0,2,89850.0,1,2032336.0,1
4503,中国银河证券股份有限公司大连人民路证券营业部,2112208.0,3,811800.0,2,1300408.0,2
4504,东方证券股份有限公司芜湖北京中路证券营业部,2108884.05,1,2108884.05,1,0.0,0
4505,中泰证券股份有限公司巨野县麒麟大道证券营业部,2104941.03,1,2104941.03,1,0.0,0
4506,华泰证券股份有限公司徐州睢宁睢河北路证券营业部,2104682.0,1,2104682.0,1,0.0,0
4507,国信证券股份有限公司辽宁分公司,2073462.02,1,2073462.02,1,0.0,0
4508,银泰证券有限责任公司珠海人民西路证券营业部,2062447.0,1,2062447.0,1,0.0,0
4509,联储证券股份有限公司平顶山建设中路证券营业部,2021906.11,1,2021906.11,1,0.0,0
4510,东莞证券股份有限公司,2014400.0,1,2014400.0,1,0.0,0
4511,中泰证券股份有限公司海南分公司,2010821.0,1,2001598.0,1,9223.0,1
4512,中国银河证券股份有限公司惠州文明一路证券营业部,2000555.6,1,2000555.6,1,0.0,0
4513,华福证券股份有限公司福安解放路证券营业部,1997513.0,1,1997513.0,1,0.0,0
4514,中原证券股份有限公司商丘分公司,1983616.0,2,751000.0,1,1232616.0,1
4515,华金证券股份有限公司厦门环岛东路证券营业部,1980259.0,1,1980259.0,1,0.0,0
4516,渤海证券股份有限公司北京广顺北大街证券营业部,1960196.0,1,1960196.0,1,0.0,0
4517,华鑫证券有限责任公司,1953000.0,1,1953000.0,1,0.0,0
4518,申万宏源证券有限公司成都北一环路证券营业部,1884890.43,2,820269.43,1,1064621.0,2
4519,国元证券股份有限公司揭阳黄岐山大道证券营业部,1879850.3,2,1685787.56,1,194062.74,1
4520,国投证券股份有限公司河北分公司,1875335.0,1,1875335.0,1,0.0,0
4521,国投证券股份有限公司揭阳惠来证券营业部,1852145.0,1,1852145.0,1,0.0,0
4522,国海证券股份有限公司湖南分公司,1828186.4,2,1018567.4,1,809619.0,1
4523,东方财富证券股份有限公司厦门展鸿路证券营业部,1822327.0,1,1822327.0,1,0.0,0
4524,方正证券股份有限公司昆明三市街证券营业部,1812673.38,2,1537980.48,1,274692.9,1
4525,中泰证券股份有限公司重庆新溉大道证券营业部,1812260.5,3,493361.0,2,1318899.5,3
4526,湘财证券股份有限公司岳阳五里牌证券营业部,1811593.0,2,1811593.0,2,0.0,0
4527,中邮证券有限责任公司深圳分公司直属营业部,1804767.11,1,1804767.11,1,0.0,0
4528,国海证券股份有限公司贵港中山路证券营业部,1790266.0,3,1491253.0,2,299013.0,1
4529,财信证券股份有限公司成都交子大道证券营业部,1775000.0,1,1775000.0,1,0.0,0
4530,方正证券股份有限公司商丘文化路证券营业部,1765876.66,1,1765876.66,1,0.0,0
4531,国新证券股份有限公司长沙星沙大道证券营业部,1757028.92,1,1757028.92,1,0.0,0
4532,中国银河证券股份有限公司昆明民航路证券营业部,1749412.18,2,1742203.14,2,7209.04,1
4533,信达证券股份有限公司辽阳武圣路证券营业部,1742044.06,12,1582209.86,10,159834.2,2
4534,东莞证券股份有限公司江门江海证券营业部,1739934.0,1,1739934.0,1,0.0,0
4535,东北证券股份有限公司白城分公司,1726608.0,1,1726608.0,1,0.0,0
4536,申万宏源西部证券有限公司伊宁解放路证券营业部,1714031.0,2,1074566.0,1,639465.0,1
4537,上海证券有限责任公司黄浦区延安东路证券营业部,1707500.0,2,1224000.0,1,483500.0,1
4538,华西证券股份有限公司广元利州东路证券营业部,1663476.68,1,1663476.68,1,0.0,0
4539,天风证券股份有限公司乌鲁木齐卫星路证券营业部,1631823.04,1,1631823.04,1,0.0,0
4540,浙商证券股份有限公司路桥数码街证券营业部,1620366.5,6,1075132.5,4,545234.0,2
4541,中原证券股份有限公司西峡人民路证券营业部,1608200.0,1,1608200.0,1,0.0,0
4542,中国银河证券股份有限公司漳州台商投资区万益广场证券营业部,1597661.8,1,1597661.8,1,0.0,0
4543,中国银河证券股份有限公司杭州登云路证券营业部,1591200.0,1,1591200.0,1,0.0,0
4544,浙商证券股份有限公司平阳解放北路证券营业部,1573990.0,1,1573990.0,1,0.0,0
4545,南京证券股份有限公司上海番禺路证券营业部,1540500.0,1,1540500.0,1,0.0,0
4546,东兴证券股份有限公司大连昆明街证券营业部,1533021.0,1,1533021.0,1,0.0,0
4547,华林证券股份有限公司广西分公司,1502622.9,9,420199.0,5,1082423.9,6
4548,方正证券股份有限公司河南分公司,1502249.0,3,424656.0,1,1077593.0,2
4549,中信建投证券股份有限公司锦州解放路证券营业部,1494137.3,3,113861.5,1,1380275.8,2
4550,国泰海通证券股份有限公司衢州柯城证券营业部,1490829.73,2,107674.73,1,1383155.0,1
4551,东海证券股份有限公司上海分公司,1489404.0,1,1489404.0,1,0.0,0
4552,中信建投证券股份有限公司成都双成三路证券营业部,1480566.0,2,800226.0,1,680340.0,1
4553,兴业证券股份有限公司漳平景弘路证券营业部,1480346.0,1,1480346.0,1,0.0,0
4554,广发证券股份有限公司吉林吉林大街证券营业部,1446120.0,1,1446120.0,1,0.0,0
4555,开源证券股份有限公司辽宁分公司,1425640.0,1,1425640.0,1,0.0,0
4556,招商证券股份有限公司上海嘉定区民主街证券营业部,1425312.0,1,1425312.0,1,0.0,0
4557,华安证券股份有限公司深圳金田路证券营业部,1417800.0,1,1417800.0,1,0.0,0
4558,浙商证券股份有限公司北京月坛北街证券营业部,1414435.0,2,623046.0,1,791389.0,1
4559,西南证券股份有限公司金华八一南街证券营业部,1409760.0,1,1409760.0,1,0.0,0
4560,方正证券股份有限公司,1389717.0,1,1389717.0,1,0.0,0
4561,天府证券有限责任公司德阳凉山路证券营业部,1345796.0,1,1345796.0,1,0.0,0
4562,长江证券股份有限公司东莞鸿福路证券营业部,1295928.0,1,1295928.0,1,0.0,0
4563,开源证券股份有限公司淮安翔宇大道证券营业部,1269726.0,1,1269726.0,1,0.0,0
4564,华福证券股份有限公司乌鲁木齐北京南路证券营业部,1258048.5,3,928362.0,2,329686.5,2
4565,中信证券(山东)有限责任公司南阳人民北路证券营业部,1241408.0,2,1241408.0,2,0.0,0
4566,中信证券(山东)有限责任公司滕州塔寺北路证券营业部,1223600.0,2,1223600.0,2,0.0,0
4567,兴业证券股份有限公司厦门杏林湾路证券营业部,1207710.96,2,1028000.0,1,179710.96,1
4568,中国中金财富证券有限公司天津南京路证券营业部,1202904.67,1,1202904.67,1,0.0,0
4569,申万宏源证券有限公司上海金山区临仓街证券营业部,1188000.0,1,1188000.0,1,0.0,0
4570,民生证券股份有限公司青岛文昌路证券营业部,1177037.0,1,1177037.0,1,0.0,0
4571,天风证券股份有限公司京山人民大道证券营业部,1175120.0,1,1175120.0,1,0.0,0
4572,江海证券有限公司哈尔滨金江路证券营业部,1174279.0,1,1174279.0,1,0.0,0
4573,中原证券股份有限公司长垣山海大道证券营业部,1165000.0,1,1165000.0,1,0.0,0
4574,中国中金财富证券有限公司济宁环城西路证券营业部,1153068.0,1,1153068.0,1,0.0,0
4575,东莞证券股份有限公司河北分公司,1143529.98,5,825397.98,4,318132.0,2
4576,中国银河证券股份有限公司武汉澳门路证券营业部,1123240.0,3,1123240.0,3,0.0,0
4577,国新证券股份有限公司西安分公司,1117035.0,1,1117035.0,1,0.0,0
4578,国泰海通证券股份有限公司南阳独山大道证券营业部,1113838.0,1,1113838.0,1,0.0,0
4579,山西证券股份有限公司宁波惊驾路证券营业部,1107264.0,2,602688.0,1,504576.0,1
4580,华鑫证券有限责任公司贵州分公司,1071626.0,1,1071626.0,1,0.0,0
4581,中国银河证券股份有限公司廊坊永兴路证券营业部,1067382.03,5,198243.03,3,869139.0,2
4582,国都证券股份有限公司北京金沙西街证券营业部,1057860.0,6,542991.0,2,514869.0,4
4583,中国银河证券股份有限公司重庆江南大道证券营业部,1045656.0,1,1045656.0,1,0.0,0
4584,海通证券股份有限公司,1042629.0,1,1042629.0,1,0.0,0
4585,中国银河证券股份有限公司泰安长城路证券营业部,1022770.0,1,1022770.0,1,0.0,0
4586,国泰海通证券股份有限公司四平中央西路证券营业部,1011521.51,1,1011521.51,1,0.0,0
4587,招商证券股份有限公司广州南沙进港大道证券营业部,1006799.0,1,1006799.0,1,0.0,0
4588,天风证券股份有限公司新津武阳中路证券营业部,999744.0,1,999744.0,1,0.0,0
4589,中信建投证券股份有限公司临沂金雀山路证券营业部,997688.0,1,997688.0,1,0.0,0
4590,中泰证券股份有限公司临沭正大街证券营业部,976044.0,1,976044.0,1,0.0,0
4591,财达证券股份有限公司保定天鹅西路证券营业部,971275.0,3,260392.0,2,710883.0,1
4592,中国中金财富证券有限公司信阳新六大街证券营业部,961924.0,3,335000.0,2,626924.0,1
4593,东方证券股份有限公司陕西分公司,961299.0,1,961299.0,1,0.0,0
4594,开源证券股份有限公司杭州婺江路证券营业部,954704.0,2,149865.0,1,804839.0,1
4595,中国银河证券股份有限公司潮州潮州大道证券营业部,949489.0,2,949489.0,2,0.0,0
4596,华源证券股份有限公司四川分公司,947892.0,1,947892.0,1,0.0,0
4597,中国中金财富证券有限公司青岛上实中心证券营业部,940995.0,4,940995.0,4,0.0,0
4598,光大证券股份有限公司宁波钱湖北路证券营业部,923707.26,1,923707.26,1,0.0,0
4599,西南证券股份有限公司重庆城口证券营业部,916608.0,1,916608.0,1,0.0,0
4600,中国中金财富证券有限公司衢州花园大道证券营业部,913401.16,3,573300.32,3,340100.84,3
4601,华泰证券股份有限公司南京止马营证券营业部,907000.0,2,380000.0,1,527000.0,1
4602,国泰海通证券股份有限公司莆田延寿南街证券营业部,852720.0,1,852720.0,1,0.0,0
4603,财达证券股份有限公司保定莲池北大街证券营业部,850056.0,3,280467.0,1,569589.0,2
4604,申万宏源证券有限公司厦门吕岭路证券营业部,850000.0,1,850000.0,1,0.0,0
4605,华泰证券股份有限公司镇江句容华阳北路证券营业部,849350.0,1,849350.0,1,0.0,0
4606,天风证券股份有限公司杭州南都银座证券营业部,849336.0,1,849336.0,1,0.0,0
4607,财通证券股份有限公司丽水缙云仙都路证券营业部,849215.0,5,504257.0,3,344958.0,2
4608,方正证券股份有限公司贵阳中华中路证券营业部,837233.0,5,403085.0,1,434148.0,4
4609,南京证券股份有限公司银川文化东街证券营业部,828520.0,1,828520.0,1,0.0,0
4610,金融街证券股份有限公司武汉新华路证券营业部,785895.0,2,785895.0,2,0.0,0
4611,方正证券股份有限公司马鞍山佳山路证券营业部,778526.4,2,778526.4,2,0.0,0
4612,山西证券股份有限公司忻州和平西街证券营业部,768000.0,1,768000.0,1,0.0,0
4613,华泰证券股份有限公司淮安富誉路证券营业部,767147.77,4,406389.77,2,360758.0,2
4614,民生证券股份有限公司西安分公司,765100.0,1,765100.0,1,0.0,0
4615,华西证券股份有限公司石家庄自强路证券营业部,763661.11,1,763661.11,1,0.0,0
4616,国信证券股份有限公司重庆泰昌路证券营业部,760924.0,1,760924.0,1,0.0,0
4617,渤海证券股份有限公司上海黄浦区徐家汇路证券营业部,753460.0,4,704260.0,4,49200.0,1
4618,中泰证券股份有限公司潍坊东风西街证券营业部,739326.14,2,481592.15,1,257733.99,1
4619,中银国际证券股份有限公司十堰上海路证券营业部,725000.0,1,725000.0,1,0.0,0
4620,大同证券有限责任公司阳泉桃北中街证券营业部,709831.32,3,709831.32,3,0.0,0
4621,东方证券股份有限公司上海虹口区海宁路证券营业部,704901.67,9,420441.2,5,284460.47,4
4622,方正证券股份有限公司北京回龙观西大街证券营业部,692800.0,2,191000.0,1,501800.0,1
4623,广发证券股份有限公司上海石泉路证券营业部,691040.25,4,650040.25,4,41000.0,1
4624,东方证券股份有限公司义乌江滨中路证券营业部,681868.81,1,681868.81,1,0.0,0
4625,天府证券有限责任公司内江汉安大道证券营业部,657305.0,1,657305.0,1,0.0,0
4626,长城证券股份有限公司上海浦东新区金吉路证券营业部,656880.0,1,656880.0,1,0.0,0
4627,中国银河证券股份有限公司永康五洲路证券营业部,645657.75,4,333347.0,2,312310.75,2
4628,东北证券股份有限公司合肥临泉路证券营业部,645116.0,2,206710.0,1,438406.0,1
4629,国投证券股份有限公司南阳独山大道证券营业部,641000.0,1,641000.0,1,0.0,0
4630,广发证券股份有限公司广州广州大道南证券营业部,622125.0,1,622125.0,1,0.0,0
4631,国信证券股份有限公司惠州开城大道证券营业部,615950.0,3,416989.0,2,198961.0,1
4632,方正证券股份有限公司南阳张衡路证券营业部,610259.0,1,610259.0,1,0.0,0
4633,中国银河证券股份有限公司浦江人民东路证券营业部,609700.0,1,609700.0,1,0.0,0
4634,中信建投证券股份有限公司北京玉泉路证券营业部,608946.0,1,608946.0,1,0.0,0
4635,上海证券有限责任公司静安区北苏州路证券营业部,599200.0,1,599200.0,1,0.0,0
4636,兴业证券股份有限公司建阳景贤路证券营业部,598752.0,1,598752.0,1,0.0,0
4637,申万宏源证券有限公司广州中山大道中证券营业部,594475.0,1,594475.0,1,0.0,0
4638,长江证券股份有限公司阳新红星大道证券营业部,589320.0,1,589320.0,1,0.0,0
4639,开源证券股份有限公司无锡分公司,583500.0,1,583500.0,1,0.0,0
4640,中信建投证券股份有限公司济南和平路证券营业部,568299.11,3,568299.11,3,0.0,0
4641,中国银河证券股份有限公司佛山顺德容桂证券营业部,563428.0,2,533064.0,1,30364.0,1
4642,华西证券股份有限公司成都青白江新河路证券营业部,560703.0,1,560703.0,1,0.0,0
4643,信达证券股份有限公司凌源凌河街证券营业部,552000.0,1,552000.0,1,0.0,0
4644,湘财证券股份有限公司义乌篁园路证券营业部,547391.4,3,301691.4,2,245700.0,1
4645,太平洋证券股份有限公司昆明东风东路证券营业部,544109.0,1,544109.0,1,0.0,0
4646,中信建投证券股份有限公司佛山顺德东乐路证券营业部,530324.0,3,332711.0,2,197613.0,1
4647,方正证券股份有限公司汨罗建设西路证券营业部,521400.0,5,293900.0,4,227500.0,1
4648,东莞证券股份有限公司东莞塘厦证券营业部,517241.54,1,517241.54,1,0.0,0
4649,西南证券股份有限公司,513855.0,1,513855.0,1,0.0,0
4650,中泰证券股份有限公司芜湖中山南路证券营业部,511434.0,1,511434.0,1,0.0,0
4651,财通证券股份有限公司安徽分公司,504720.0,1,504720.0,1,0.0,0
4652,国海证券股份有限公司贺州建设中路证券营业部,504084.0,1,504084.0,1,0.0,0
4653,国信证券股份有限公司太仓上海东路证券营业部,487404.0,1,487404.0,1,0.0,0
4654,华福证券股份有限公司浦城兴浦路证券营业部,486675.0,2,486675.0,2,0.0,0
4655,江海证券有限公司湖南分公司,482976.0,1,482976.0,1,0.0,0
4656,平安证券股份有限公司武汉和平大道证券营业部,480060.0,1,480060.0,1,0.0,0
4657,首创证券股份有限公司石家庄中山东路证券营业部,479917.2,1,479917.2,1,0.0,0
4658,华福证券股份有限公司上海徐汇区宛平南路证券营业部,477600.0,3,477600.0,3,0.0,0
4659,东吴证券股份有限公司重庆聚贤岩广场证券营业部,471400.0,2,234426.0,1,236974.0,1
4660,上海证券有限责任公司松江区沪亭北路证券营业部,468832.75,3,468832.75,3,0.0,0
4661,中信证券股份有限公司宝鸡公园路证券营业部,465500.0,1,465500.0,1,0.0,0
4662,中国中金财富证券有限公司上海长宁区红宝石路证券营业部,455087.0,2,116200.0,1,338887.0,1
4663,金元证券股份有限公司天津分公司,451297.0,2,228579.0,1,222718.0,1
4664,国元证券股份有限公司江西分公司,450661.72,2,224330.86,1,226330.86,1
4665,南京证券股份有限公司盐城建湖县人民路证券营业部,449449.0,2,226639.0,1,222810.0,1
4666,中信证券股份有限公司天津滨海证券营业部,437050.0,1,437050.0,1,0.0,0
4667,长城证券股份有限公司厦门展鸿路证券营业部,423580.0,2,199980.0,1,223600.0,1
4668,方正证券股份有限公司湘潭韶山中路证券营业部,422218.0,1,422218.0,1,0.0,0
4669,华西证券股份有限公司内江大千路证券营业部,411629.82,1,411629.82,1,0.0,0
4670,华创证券有限责任公司贵阳北京路证券营业部,409950.0,2,362230.0,1,47720.0,1
4671,广发证券股份有限公司黄石花湖大道证券营业部,408098.22,3,408098.22,3,0.0,0
4672,财信证券股份有限公司东莞南城证券营业部,400000.0,2,190000.0,1,210000.0,1
4673,渤海证券股份有限公司天津南门外大街分公司,382271.02,2,126263.51,1,256007.51,1
4674,金融街证券股份有限公司太原南中环街证券营业部,379140.0,2,179340.0,1,199800.0,1
4675,华安证券股份有限公司厦门钟林路证券营业部,375296.0,1,375296.0,1,0.0,0
4676,中国中金财富证券有限公司天津武清翠通路证券营业部,371644.0,1,371644.0,1,0.0,0
4677,中原证券股份有限公司济源济源大道证券营业部,362000.0,1,362000.0,1,0.0,0
4678,民生证券股份有限公司北京德胜门证券营业部,360842.0,1,280704.0,1,80138.0,1
4679,华福证券股份有限公司,358050.0,1,358050.0,1,0.0,0
4680,信达证券股份有限公司阜新解放大街证券营业部,340000.0,1,340000.0,1,0.0,0
4681,华西证券股份有限公司成都龙泉驿区驿都西路证券营业部,334888.15,1,334888.15,1,0.0,0
4682,申万宏源证券有限公司上海静安区昌化路证券营业部,327160.88,2,206900.0,1,120260.88,1
4683,东方财富证券股份有限公司山东分公司,317653.55,2,207536.0,1,110117.55,1
4684,华安证券股份有限公司桐城龙眠西路证券营业部,311168.0,1,311168.0,1,0.0,0
4685,国泰海通证券股份有限公司上海浦东新区松涛路证券营业部,308757.51,1,308757.51,1,0.0,0
4686,中信证券股份有限公司浦江中山北路证券营业部,308000.0,1,308000.0,1,0.0,0
4687,国海证券股份有限公司广东分公司,299916.0,1,299916.0,1,0.0,0
4688,广发证券股份有限公司珠海景山路证券营业部,291354.0,1,291354.0,1,0.0,0
4689,国新证券股份有限公司乌鲁木齐人民路证券营业部,286140.0,1,286140.0,1,0.0,0
4690,国金证券股份有限公司天津友谊北路证券营业部,261000.0,1,261000.0,1,0.0,0
4691,中航证券有限公司萍乡建设中路证券营业部,256199.36,2,256199.36,2,0.0,0
4692,中国中金财富证券有限公司长春长春大街证券营业部,245388.0,1,242000.0,1,3388.0,1
4693,长江证券股份有限公司仙桃仙桃大道证券营业部,240583.15,1,240583.15,1,0.0,0
4694,中信建投证券股份有限公司南平八一路证券营业部,239264.55,1,239264.55,1,0.0,0
4695,国泰海通证券股份有限公司福清清昌大道证券营业部,236000.0,1,236000.0,1,0.0,0
4696,天府证券有限责任公司峨眉山金顶北路证券营业部,235739.98,2,74000.0,1,161739.98,1
4697,国投证券股份有限公司宜宾金沙江大道证券营业部,227933.0,1,227933.0,1,0.0,0
4698,东吴证券股份有限公司南京湖南路证券营业部,226146.55,2,226146.55,2,0.0,0
4699,中信建投证券股份有限公司北京远大路证券营业部,222000.0,1,222000.0,1,0.0,0
4700,太平洋证券股份有限公司江苏分公司,216400.0,1,216400.0,1,0.0,0
4701,广发证券股份有限公司南通工农南路证券营业部,213424.8,4,213424.8,4,0.0,0
4702,华西证券股份有限公司广汉湖南路证券营业部,212600.0,1,212600.0,1,0.0,0
4703,华林证券股份有限公司苏州分公司,202400.0,1,202400.0,1,0.0,0
4704,太平洋证券股份有限公司,199200.0,1,199200.0,1,0.0,0
4705,财信证券股份有限公司合肥金寨路证券营业部,196259.0,2,99981.0,1,96278.0,1
4706,中泰证券股份有限公司枣庄武夷山路证券营业部,195138.0,1,195138.0,1,0.0,0
4707,国泰海通证券股份有限公司营口蝴蝶泉路证券营业部,191400.0,1,191400.0,1,0.0,0
4708,湘财证券股份有限公司上海青浦区蟠臻路证券营业部,191000.0,1,191000.0,1,0.0,0
4709,国投证券股份有限公司潮州潮安浮洋高铁新城证券营业部,189000.0,1,189000.0,1,0.0,0
4710,中原证券股份有限公司,188811.0,1,188811.0,1,0.0,0
4711,长江证券股份有限公司北京德胜门外大街证券营业部,183318.0,1,183318.0,1,0.0,0
4712,长江证券股份有限公司昌吉北京南路证券营业部,170000.0,1,170000.0,1,0.0,0
4713,广发证券股份有限公司呼和浩特新华东街证券营业部,163500.0,1,163500.0,1,0.0,0
4714,华林证券股份有限公司安徽分公司,161241.0,2,161241.0,2,0.0,0
4715,长江证券股份有限公司南昌紫阳大道证券营业部,161112.0,1,161112.0,1,0.0,0
4716,财通证券股份有限公司宁波奉化大成路证券营业部,160600.0,1,160600.0,1,0.0,0
4717,华安证券股份有限公司枞阳金山大道证券营业部,160000.0,1,160000.0,1,0.0,0
4718,中泰证券股份有限公司东营西四路证券营业部,159180.25,1,159180.25,1,0.0,0
4719,中泰证券股份有限公司滨州惠民西门大街证券营业部,158368.0,1,158368.0,1,0.0,0
4720,财信证券股份有限公司湘乡市励志大道证券营业部,153432.0,1,153432.0,1,0.0,0
4721,上海证券有限责任公司崇明区朝阳门路证券营业部,151150.0,1,151150.0,1,0.0,0
4722,华安证券股份有限公司昆明五一路证券营业部,147673.0,1,147673.0,1,0.0,0
4723,国泰海通证券股份有限公司郴州国庆北路证券营业部,145222.0,1,145222.0,1,0.0,0
4724,华安证券股份有限公司安庆分公司,144000.0,1,144000.0,1,0.0,0
4725,天风证券股份有限公司深圳湾证券营业部,141895.0,1,141895.0,1,0.0,0
4726,广发证券股份有限公司焦作人民路证券营业部,136000.0,1,136000.0,1,0.0,0
4727,华泰证券股份有限公司深圳红树湾证券营业部,134040.0,1,134040.0,1,0.0,0
4728,上海证券有限责任公司,130476.0,1,130476.0,1,0.0,0
4729,民生证券股份有限公司鹤壁淇滨大道证券营业部,130450.0,1,130450.0,1,0.0,0
4730,广发证券股份有限公司汕尾腾飞路证券营业部,129129.0,1,129129.0,1,0.0,0
4731,广发证券股份有限公司攀枝花三线大道证券营业部,128000.0,1,128000.0,1,0.0,0
4732,万联证券股份有限公司长沙芙蓉南路证券营业部,125400.0,1,125400.0,1,0.0,0
4733,兴业证券股份有限公司福州浦上大道证券营业部,125130.0,1,125130.0,1,0.0,0
4734,江海证券有限公司哈尔滨长江路证券营业部,116348.0,1,116348.0,1,0.0,0
4735,华创证券有限责任公司绵竹飞凫路证券营业部,115200.0,1,115200.0,1,0.0,0
4736,国元证券股份有限公司淄博人民西路证券营业部,107991.0,1,107991.0,1,0.0,0
4737,财通证券股份有限公司淳安新安大街证券营业部,105757.0,2,56282.0,1,49475.0,1
4738,国融证券股份有限公司南通世纪大道证券营业部,105086.66,1,105086.66,1,0.0,0
4739,西南证券股份有限公司龙岩西陂路证券营业部,103928.0,1,103928.0,1,0.0,0
4740,方正证券股份有限公司南京浦江路证券营业部,100000.0,1,100000.0,1,0.0,0
4741,万联证券股份有限公司青岛深圳路证券营业部,95686.0,1,95686.0,1,0.0,0
4742,山西证券股份有限公司太原五一广场证券营业部,92202.0,1,92202.0,1,0.0,0
4743,东吴证券股份有限公司,91400.0,1,91400.0,1,0.0,0
4744,金融街证券股份有限公司潮州熙泰大道证券营业部,90000.0,1,90000.0,1,0.0,0
4745,国投证券股份有限公司上海建国西路证券营业部,86100.0,1,86100.0,1,0.0,0
4746,东方证券股份有限公司,84942.0,1,84942.0,1,0.0,0
4747,长江证券股份有限公司武汉分公司,79781.0,1,79781.0,1,0.0,0
4748,西南证券股份有限公司重庆春晖路证券营业部,72900.0,1,72900.0,1,0.0,0
4749,华泰证券股份有限公司苏州新市路证券营业部,72329.0,1,72329.0,1,0.0,0
4750,中原证券股份有限公司新密西大街证券营业部,70000.0,1,70000.0,1,0.0,0
4751,国元证券股份有限公司青岛四流中路证券营业部,68000.0,1,68000.0,1,0.0,0
4752,方正证券股份有限公司许昌七一路证券营业部,67960.0,1,67960.0,1,0.0,0
4753,国金证券股份有限公司广州番禺万达广场证券营业部,64130.0,1,64130.0,1,0.0,0
4754,申万宏源西部证券有限公司乌鲁木齐解放南路证券营业部,62865.0,1,62865.0,1,0.0,0
4755,渤海证券股份有限公司天津津沽路证券营业部,58645.7,1,58645.7,1,0.0,0
4756,国投证券股份有限公司大连分公司,53956.5,1,53956.5,1,0.0,0
4757,国泰海通证券股份有限公司呼和浩特乌兰察布西街证券营业部,51800.0,1,51800.0,1,0.0,0
4758,兴业证券股份有限公司江阴文化西路证券营业部,45961.0,1,45961.0,1,0.0,0
4759,东吴证券股份有限公司仪征工农北路证券营业部,35148.0,1,35148.0,1,0.0,0
4760,华泰证券股份有限公司沈阳光荣街证券营业部,32229.5,1,32229.5,1,0.0,0
4761,东北证券股份有限公司南京淮海路证券营业部,26984.78,1,26984.78,1,0.0,0
4762,东方证券股份有限公司上海浦东新区平度路证券营业部,24920.0,1,24920.0,1,0.0,0
4763,国都证券股份有限公司上海曹杨路证券营业部,22176.44,1,22176.44,1,0.0,0
4764,华金证券股份有限公司上海普陀区武宁路证券营业部,22071.2,1,22071.2,1,0.0,0
4765,东吴证券股份有限公司盐城人民南路证券营业部,9045.42,1,9045.42,1,0.0,0
