code,date,open,high,low,close,preclose,volume,amount,turn,isST,pct,board,limit_price,is_limitup,streak,circ_mkt_est,close_20d_ago,ret_20d_pre
sh.600021,2025-12-26,19.88,21.86,19.83,21.86,19.87,185882325.0,3928584418.29,6.5888,0,0.1,主板,21.86,True,1,59625188475.74673,23.06,-0.05203816131830008
sh.600033,2025-11-25,3.65,3.97,3.63,3.97,3.61,116931107.0,456156402.56,4.2607,0,0.1,主板,3.97,True,1,10706137549.229,3.73,0.06434316353887404
sh.600033,2025-12-02,3.85,4.25,3.83,4.25,3.86,164532032.0,670778285.16,5.9952,0,0.1,主板,4.25,True,1,11188588957.165733,3.79,0.12137203166226906
sh.600058,2025-12-09,8.69,9.48,8.65,9.48,8.62,29763283.0,274378724.18,2.7767,0,0.1,主板,9.48,True,1,9881468080.095078,9.99,-0.05105105105105101
sh.600058,2025-12-29,10.47,11.52,10.38,11.52,10.47,64083638.0,725384901.14,5.9784,0,0.1,主板,11.52,True,1,12133428695.637629,8.69,0.32566168009205976
sh.600063,2025-11-13,6.11,6.72,6.1,6.72,6.11,156845230.0,1027438803.22,7.5803,0,0.1,主板,6.72,True,1,13554065185.019064,6.31,0.06497622820919169
sh.600067,2025-11-04,4.0,4.47,3.94,4.47,4.06,202804405.0,854522257.27,14.5727,0,0.1,主板,4.47,True,1,5863856781.996473,3.07,0.4560260586319218
sh.600067,2025-11-10,4.14,4.58,4.09,4.58,4.16,113115326.0,495923156.77,8.128,0,0.1,主板,4.58,True,1,6101416790.969488,3.09,0.4822006472491911
sh.600076,2025-12-19,2.86,3.15,2.85,3.15,2.86,100793700.0,309376722.75,7.4965,0,0.1,主板,3.15,True,1,4126948879.477089,2.76,0.14130434782608692
sh.600078,2025-11-06,10.28,10.85,10.1,10.85,9.86,89370893.0,940256137.44,13.4885,0,0.1,主板,10.85,True,1,6970798364.829299,7.45,0.4563758389261745
sh.600078,2025-11-07,11.4,11.94,11.33,11.94,10.85,25861500.0,302660303.0,3.9032,0,0.1,主板,11.94,True,2,7754158203.525312,8.2,0.4560975609756097
sh.600078,2025-11-10,13.13,13.13,12.51,13.13,11.94,96290410.0,1257035313.5,14.5328,0,0.1,主板,13.13,True,3,8649642969.696136,9.02,0.45565410199556555
sh.600079,2025-12-17,16.73,18.1,16.73,18.1,17.24,124663015.0,2172706467.3,8.0783,1,0.05,ST,18.1,True,1,26895590251.66186,19.85,-0.08816120906801006
sh.600079,2025-12-19,18.39,19.22,18.39,19.22,18.3,58952909.0,1116364768.36,3.8202,1,0.05,ST,19.22,True,1,29222678612.63808,19.16,0.0031315240083507057
sh.600082,2025-11-10,4.9,5.38,4.84,5.38,4.89,57432890.0,299111334.66,9.054,0,0.1,主板,5.38,True,1,3303637449.304175,4.33,0.2424942263279446
sh.600089,2025-11-03,19.66,21.54,19.63,21.54,19.58,416423295.0,8661769919.04,8.2414,0,0.1,主板,21.54,True,1,105100710061.8827,16.19,0.33045089561457663
sh.600089,2025-11-05,21.41,24.11,21.41,24.11,21.92,447739686.0,10249509438.55,8.8612,0,0.1,主板,24.11,True,1,115667284775.76399,17.8,0.35449438202247174
sh.600094,2025-11-11,5.38,5.79,5.37,5.79,5.26,137735503.0,781026620.55,6.4779,0,0.1,主板,5.79,True,1,12056787238.92002,5.26,0.10076045627376429
sh.600096,2025-11-06,29.44,32.46,29.44,32.46,29.51,106692069.0,3392387969.3,5.8526,0,0.1,主板,32.46,True,1,57963776258.41507,28.56,0.13655462184873968
sh.600097,2025-11-17,13.29,13.29,12.94,13.29,12.08,23145032.0,307072602.28,9.6063,0,0.1,主板,13.29,True,1,3196575187.949575,11.19,0.18766756032171572
sh.600097,2025-11-19,13.7,14.29,13.43,14.29,12.99,37359928.0,525047082.28,15.5061,0,0.1,主板,14.29,True,1,3386067949.2586784,11.62,0.229776247848537
sh.600097,2025-11-24,12.25,14.18,12.25,14.18,12.89,23990060.0,329812072.73,9.957,0,0.1,主板,14.18,True,1,3312363892.0357537,11.67,0.21508140531276787
sh.600103,2025-11-10,3.69,4.07,3.69,4.07,3.7,308619635.0,1237326182.72,13.95,0,0.1,主板,4.07,True,1,8869721739.928316,3.47,0.17291066282420742
sh.600103,2025-11-26,3.49,3.88,3.44,3.88,3.53,206160543.0,768246025.63,9.3187,0,0.1,主板,3.88,True,1,8244133040.338245,3.7,0.048648648648648596
sh.600103,2025-12-24,3.92,4.31,3.89,4.31,3.92,402874122.0,1671863614.84,18.2104,0,0.1,主板,4.31,True,1,9180817636.295744,3.88,0.11082474226804107
sh.600105,2025-11-13,14.07,15.3,14.07,15.3,13.91,240173670.0,3589152020.0,16.4278,0,0.1,主板,15.3,True,1,21848038203.53303,14.34,0.06694560669456062
sh.600105,2025-11-25,14.58,15.72,14.55,15.72,14.29,190406257.0,2926252547.06,13.0237,0,0.1,主板,15.72,True,1,22468672858.404293,16.08,-0.02238805970149238
sh.600105,2025-11-26,15.98,17.29,15.75,17.29,15.72,405083545.0,6794016962.59,27.7076,0,0.1,主板,17.29,True,2,24520409427.70215,16.03,0.0786026200873362
sh.600105,2025-12-05,15.75,17.12,15.66,17.12,15.56,198172433.0,3298174119.03,13.5549,0,0.1,主板,17.12,True,1,24331969391.36401,14.31,0.19636617749825303
sh.600105,2025-12-11,19.5,21.04,19.28,21.04,19.13,164765211.0,3420133244.16,11.2699,0,0.1,主板,21.04,True,1,30347503031.615185,15.3,0.37516339869281023
sh.600105,2025-12-24,20.77,23.34,20.71,23.34,21.22,246548160.0,5428699395.97,16.8638,0,0.1,主板,23.34,True,1,32191436069.984226,17.29,0.3499132446500868
sh.600105,2025-12-26,23.49,25.88,23.49,25.88,23.53,224695609.0,5621580057.53,15.3691,0,0.1,主板,25.88,True,1,36577158438.22996,16.42,0.576126674786845
sh.600107,2025-11-12,6.58,6.91,6.37,6.91,6.58,13927820.0,94151755.0,3.8688,1,0.05,ST,6.91,True,1,2433616496.0711336,8.32,-0.16947115384615385
sh.600107,2025-11-13,7.22,7.26,7.17,7.26,6.91,2749500.0,19890895.0,0.7638,1,0.05,ST,7.26,True,2,2604202016.2346163,8.37,-0.13261648745519705
sh.600107,2025-11-14,7.59,7.62,7.37,7.62,7.26,15530947.0,117690358.49,4.3142,1,0.05,ST,7.62,True,3,2727976414.862547,8.79,-0.13310580204778144
sh.600107,2025-11-20,7.78,7.82,7.6,7.82,7.45,4238310.0,33004989.2,1.1773,1,0.05,ST,7.82,True,1,2803447651.405759,8.79,-0.11035267349260514
sh.600107,2025-11-26,7.41,7.95,7.41,7.95,7.57,10571511.0,82823187.11,2.9365,1,0.05,ST,7.95,True,1,2820472913.6727395,8.33,-0.0456182472989195
sh.600107,2025-12-18,6.09,6.44,6.08,6.44,6.13,5600901.0,35434785.32,1.5558,1,0.05,ST,6.44,True,1,2277592577.4521146,7.82,-0.17647058823529405
sh.600107,2025-12-19,6.6,6.76,6.5,6.76,6.44,7878100.0,52780995.0,2.1884,1,0.05,ST,6.76,True,2,2411853180.405776,7.52,-0.10106382978723405
sh.600107,2025-12-22,7.1,7.1,6.98,7.1,6.76,9145900.0,64741176.0,2.5405,1,0.05,ST,7.1,True,3,2548363550.482188,7.31,-0.028727770177838563
sh.600107,2025-12-30,6.53,6.86,6.49,6.86,6.53,4798401.0,32503747.86,1.3329,1,0.05,ST,6.86,True,1,2438573625.9284267,7.48,-0.08288770053475936
sh.600108,2025-12-19,3.0,3.3,2.99,3.3,3.0,157505498.0,504774107.53,8.09,0,0.1,主板,3.3,True,1,6239482169.715698,3.07,0.07491856677524433
sh.600110,2025-11-25,7.12,7.73,7.07,7.73,7.03,195432817.0,1476650477.8,11.263,0,0.1,主板,7.73,True,1,13110631961.289177,6.68,0.15718562874251507
sh.600113,2025-11-10,44.5,48.43,44.5,48.43,44.03,9210247.0,429692614.56,2.2386,0,0.1,主板,48.43,True,1,19194702696.32806,56.84,-0.1479591836734695
sh.600113,2025-11-11,52.4,53.27,52.02,53.27,48.43,4295430.0,227760195.56,1.044,0,0.1,主板,53.27,True,2,21816110685.823753,54.8,-0.027919708029196966
sh.600113,2025-11-12,58.0,58.6,55.0,58.6,53.27,11614015.0,674630280.22,2.8228,0,0.1,主板,58.6,True,3,23899329751.310757,54.63,0.07267069375800839
sh.600113,2025-12-15,58.24,63.76,58.02,63.76,57.96,9182598.0,572567753.91,2.2319,0,0.1,主板,63.76,True,1,25653826511.49245,56.85,0.12154793315743184
sh.600118,2025-12-04,40.98,45.97,40.95,45.97,41.79,99362923.0,4409017067.07,8.4029,0,0.1,主板,45.97,True,1,52470183711.218735,42.94,0.07056357708430361
sh.600118,2025-12-24,58.34,66.12,58.34,66.12,60.11,155036816.0,9792549107.71,13.1111,0,0.1,主板,66.12,True,1,74688997168.12471,41.71,0.5852313593862384
sh.600118,2025-12-25,67.55,72.73,67.0,72.73,66.12,145425478.0,10241486371.84,12.2983,0,0.1,主板,72.73,True,2,83275626483.66035,41.8,0.7399521531100481
sh.600118,2025-12-26,74.0,80.0,72.87,80.0,72.73,167812255.0,12856866646.62,14.1914,0,0.1,主板,80.0,True,3,90596182523.35922,43.4,0.8433179723502304
sh.600118,2025-12-29,81.0,88.0,75.96,88.0,80.0,158889696.0,13355947463.5,13.4369,0,0.1,主板,88.0,True,4,99397535618.3346,43.42,1.0267157991708888
sh.600118,2025-12-31,88.0,94.95,88.0,94.95,86.32,147363197.0,13579108243.02,12.4621,0,0.1,主板,94.95,True,1,108963242495.40608,41.79,1.2720746590093324
sh.600130,2025-11-11,4.02,4.22,4.02,4.22,4.02,30271591.0,125756774.98,4.0362,1,0.05,ST,4.22,True,1,3115722089.5892177,3.73,0.13136729222520094
sh.600130,2025-11-19,4.31,4.56,4.3,4.56,4.34,63288725.0,284756696.59,8.4385,1,0.05,ST,4.56,True,1,3374494241.7491255,3.94,0.15736040609137047
sh.600135,2025-12-15,8.52,9.49,8.52,9.49,8.63,32958710.0,306652894.97,5.9567,0,0.1,主板,9.49,True,1,5148033222.589689,7.92,0.19823232323232332
sh.600135,2025-12-31,9.4,10.32,9.4,10.32,9.38,58510199.0,595882022.32,10.5746,0,0.1,主板,10.32,True,1,5635031323.35975,7.95,0.29811320754716975
sh.600136,2025-12-26,1.67,1.75,1.66,1.75,1.67,31980481.0,55487958.75,1.6459,1,0.05,ST,1.75,True,1,3371283720.153108,1.81,-0.03314917127071826
sh.600137,2025-12-18,18.14,19.72,18.0,19.72,17.93,5244800.0,100950237.0,5.3949,0,0.1,主板,19.72,True,1,1871216092.9767,20.23,-0.025210084033613467
sh.600151,2025-11-28,8.47,9.3,8.35,9.3,8.45,77511973.0,709353952.0,5.4043,0,0.1,主板,9.3,True,1,13125732324.260311,8.24,0.12864077669902918
sh.600151,2025-12-03,10.29,11.28,9.73,11.28,10.25,250256356.0,2661682160.21,17.4486,0,0.1,主板,11.28,True,1,15254416745.240307,8.5,0.3270588235294116
sh.600151,2025-12-04,11.28,12.41,11.28,12.41,11.28,89111229.0,1076807804.23,6.2131,0,0.1,主板,12.41,True,2,17331248559.17336,8.53,0.4548651817116063
sh.600151,2025-12-05,13.0,13.65,12.52,13.65,12.41,293921019.0,3893981082.34,20.493,0,0.1,主板,13.65,True,3,19001517993.168404,8.73,0.563573883161512
sh.600151,2025-12-09,13.15,14.83,12.83,14.83,13.48,318926668.0,4484406933.34,22.2364,0,0.1,主板,14.83,True,1,20166964676.56635,8.88,0.6700450450450448
sh.600151,2025-12-12,14.03,15.4,13.73,15.4,14.0,293562749.0,4357743564.22,20.468,0,0.1,主板,15.4,True,1,21290519661.031857,8.76,0.7579908675799087
sh.600151,2025-12-15,16.0,16.94,15.87,16.94,15.4,140966382.0,2309561694.92,9.8286,0,0.1,主板,16.94,True,2,23498379168.141956,8.64,0.9606481481481481
sh.600151,2025-12-29,16.4,18.29,15.86,18.29,16.63,319699684.0,5448156622.07,22.2903,0,0.1,主板,18.29,True,1,24441827261.499397,9.71,0.8836251287332644
sh.600152,2025-11-13,7.18,7.88,7.18,7.88,7.16,26859932.0,208556670.16,5.0767,0,0.1,主板,7.88,True,1,4108114920.3222566,6.7,0.17611940298507456
sh.600152,2025-11-27,7.21,7.92,7.17,7.92,7.2,55592011.0,421326990.38,10.5073,0,0.1,主板,7.92,True,1,4009850203.001722,6.66,0.18918918918918926
sh.600156,2025-11-17,9.3,10.09,9.26,10.09,9.17,16081347.0,157933076.23,3.9992,0,0.1,主板,10.09,True,1,3949116729.095819,8.36,0.2069377990430623
sh.600157,2025-11-14,1.63,1.79,1.62,1.79,1.63,2537075212.0,4386532851.42,11.6285,0,0.1,主板,1.79,True,1,37722258687.01896,1.63,0.09815950920245409
sh.600163,2025-11-04,5.22,5.74,5.2,5.74,5.22,76575608.0,431013616.89,4.0239,0,0.1,主板,5.74,True,1,10711340164.765526,5.19,0.10597302504816941
sh.600165,2025-11-04,3.8,4.01,3.78,4.01,3.82,17888350.0,70163103.0,2.6119,1,0.05,ST,4.01,True,1,2686285960.4119606,3.92,0.022959183673469274
sh.600165,2025-12-11,2.98,2.98,2.98,2.98,2.84,137200.0,408856.0,0.0187,1,0.05,ST,2.98,True,1,2186395721.9251337,4.1,-0.273170731707317
sh.600165,2025-12-12,3.13,3.13,3.13,3.13,2.98,28100.0,87953.0,0.0038,1,0.05,ST,3.13,True,2,2314552631.578947,4.15,-0.24578313253012052
sh.600165,2025-12-15,3.29,3.29,3.29,3.29,3.13,19820.0,65207.8,0.0027,1,0.05,ST,3.29,True,3,2415103703.703704,4.1,-0.19756097560975605
sh.600165,2025-12-16,3.45,3.45,3.45,3.45,3.29,21300.0,73485.0,0.0029,1,0.05,ST,3.45,True,4,2533965517.2413797,4.29,-0.19580419580419572
sh.600165,2025-12-17,3.62,3.62,3.62,3.62,3.45,51600.0,186792.0,0.007,1,0.05,ST,3.62,True,5,2668457142.857143,4.08,-0.11274509803921573
sh.600165,2025-12-18,3.8,3.8,3.8,3.8,3.62,313400.0,1190920.0,0.0428,1,0.05,ST,3.8,True,6,2782523364.4859815,4.03,-0.057071960297766844
sh.600165,2025-12-19,3.99,3.99,3.99,3.99,3.8,177400.0,707826.0,0.0242,1,0.05,ST,3.99,True,7,2924900826.446281,3.96,0.007575757575757569
sh.600165,2025-12-22,4.19,4.19,3.99,4.19,3.99,43943500.0,183476859.0,5.9957,1,0.05,ST,4.19,True,8,3060140750.871458,3.92,0.06887755102040827
sh.600165,2025-12-26,4.06,4.29,4.03,4.29,4.09,15086250.0,62708522.5,2.0584,1,0.05,ST,4.29,True,1,3046469223.668869,3.96,0.08333333333333326
sh.600167,2025-11-14,8.75,9.14,8.63,9.14,8.31,64732168.0,587846555.03,2.8607,0,0.1,主板,9.14,True,1,20549045863.949383,8.48,0.0778301886792454
sh.600167,2025-12-04,8.41,9.06,8.37,9.06,8.24,62373359.0,556486342.4,2.7564,0,0.1,主板,9.06,True,1,20188881961.979393,8.11,0.11713933415536393
sh.600172,2025-11-11,6.93,7.62,6.76,7.62,6.93,195210054.0,1437981800.37,15.2955,0,0.1,主板,7.62,True,1,9401338958.321074,6.07,0.2553542009884677
sh.600178,2025-12-29,11.98,13.16,11.98,13.16,11.96,26850411.0,345594692.62,5.756,0,0.1,主板,13.16,True,1,6004077356.1501045,11.99,0.09758131776480394
sh.600179,2025-11-07,4.24,4.62,4.2,4.62,4.2,207235076.0,928547765.6,5.5348,0,0.1,主板,4.62,True,1,16776536922.743372,3.66,0.2622950819672132
sh.600179,2025-12-22,4.13,4.47,4.13,4.47,4.06,71050393.0,314911062.5,1.8396,0,0.1,主板,4.47,True,1,17118453060.447926,3.97,0.12594458438287148
sh.600179,2025-12-23,4.92,4.92,4.8,4.92,4.47,164226060.0,806539689.03,4.2521,0,0.1,主板,4.92,True,2,18968032008.41937,3.98,0.2361809045226131
sh.600179,2025-12-24,4.8,5.41,4.72,5.41,4.92,298324318.0,1550089014.05,7.724,0,0.1,主板,5.41,True,3,20068475065.38063,4.11,0.31630170316301687
sh.600179,2025-12-25,5.9,5.95,5.5,5.95,5.41,166199404.0,968402967.09,4.3031,0,0.1,主板,5.95,True,4,22504774862.07618,4.02,0.4800995024875623
sh.600179,2025-12-26,6.07,6.55,5.95,6.55,5.95,595086013.0,3743930688.43,15.4076,0,0.1,主板,6.55,True,5,24299246400.672394,4.14,0.5821256038647344
sh.600183,2025-12-24,66.73,72.6,64.88,72.6,66.0,51827540.0,3598557573.4,2.1644,0,0.1,主板,72.6,True,1,166261207420.07022,57.2,0.26923076923076916
sh.600184,2025-12-10,19.4,21.14,18.82,21.14,19.22,49722441.0,989784754.09,9.7732,0,0.1,主板,21.14,True,1,10127540151.536856,16.77,0.2605843768634466
sh.600186,2025-12-15,5.27,5.81,5.26,5.81,5.28,160474617.0,909298371.29,8.9694,0,0.1,主板,5.81,True,1,10137783701.13943,5.91,-0.016920473773265776
sh.600187,2025-12-15,2.42,2.67,2.41,2.67,2.43,72072978.0,188422390.75,4.4661,0,0.1,主板,2.67,True,1,4218946972.750274,2.93,-0.08873720136518781
sh.600191,2025-11-20,9.55,10.45,9.54,10.45,9.5,10305807.0,105698995.65,2.1252,0,0.1,主板,10.45,True,1,4973602279.785432,7.7,0.357142857142857
sh.600191,2025-11-27,10.27,11.32,10.19,11.32,10.29,23570300.0,254004926.0,4.8605,0,0.1,主板,11.32,True,1,5225901162.431849,8.41,0.34601664684898936
sh.600191,2025-12-18,12.0,13.17,11.89,13.17,11.97,21637613.0,272827425.72,4.462,0,0.1,主板,13.17,True,1,6114464942.178396,10.45,0.2602870813397129
sh.600192,2025-12-12,9.78,9.78,9.78,9.78,8.89,11406238.0,111553007.64,2.5821,0,0.1,主板,9.78,True,1,4320243508.77193,9.95,-0.0170854271356784
sh.600192,2025-12-15,10.76,10.76,10.76,10.76,9.78,8810740.0,94803562.4,1.9945,0,0.1,主板,10.76,True,2,4753249556.27977,10.17,0.058013765978367715
sh.600192,2025-12-30,9.4,10.52,9.4,10.52,9.56,36823631.0,379713677.12,8.3359,0,0.1,主板,10.52,True,1,4555161135.81017,9.09,0.15731573157315726
sh.600193,2025-11-27,3.86,3.86,3.86,3.86,3.68,1426639.0,5506826.54,0.3354,1,0.05,ST,3.86,True,1,1641868378.0560524,4.15,-0.06987951807228932
sh.600193,2025-11-28,3.96,4.05,3.89,4.05,3.86,17980400.0,71840872.0,4.227,1,0.05,ST,4.05,True,2,1699571137.9228766,4.13,-0.01937046004842613
sh.600193,2025-12-05,4.01,4.18,3.98,4.18,3.98,14370585.0,59545394.54,3.3783,1,0.05,ST,4.18,True,1,1762584570.3460321,4.15,0.0072289156626503814
sh.600193,2025-12-24,3.8,3.97,3.8,3.97,3.78,4699652.0,18466047.44,1.1048,1,0.05,ST,3.97,True,1,1671438037.6538742,3.68,0.07880434782608692
sh.600198,2025-12-16,8.6,9.46,8.48,9.46,8.6,56416900.0,518975425.0,4.3333,0,0.1,主板,9.46,True,1,11976448088.062214,8.24,0.1480582524271845
sh.600203,2025-11-27,12.92,14.22,12.9,14.22,12.93,61905077.0,872234167.94,10.4395,0,0.1,主板,14.22,True,1,8355133559.46166,13.64,0.04252199413489732
sh.600217,2025-12-04,4.15,4.55,4.09,4.55,4.14,143502794.0,637996071.22,8.657,0,0.1,主板,4.55,True,1,7369713194.1781225,4.31,0.05568445475638062
sh.600218,2025-11-06,9.9,10.85,9.86,10.85,9.86,31072133.0,331660368.05,7.1332,0,0.1,主板,10.85,True,1,4649531319.043346,9.32,0.16416309012875518
sh.600218,2025-12-05,10.23,11.2,10.1,11.2,10.18,46121789.0,505244783.3,10.5881,0,0.1,主板,11.2,True,1,4771817259.942765,10.75,0.041860465116279055
sh.600219,2025-11-06,4.62,5.08,4.62,5.08,4.62,522163645.0,2603252359.02,4.4961,0,0.1,主板,5.08,True,1,57900232624.274376,4.1,0.23902439024390265
sh.600221,2025-12-22,1.75,1.9,1.75,1.9,1.73,2508058469.0,4699932753.17,7.6296,0,0.1,主板,1.9,True,1,61601299585.430435,1.67,0.13772455089820368
sh.600222,2025-11-11,6.81,7.51,6.77,7.51,6.83,63061632.0,460951210.4,10.9885,0,0.1,主板,7.51,True,1,4194851075.214997,6.64,0.13102409638554224
sh.600227,2025-11-26,2.47,2.71,2.46,2.71,2.46,95691146.0,254889009.82,7.4899,0,0.1,主板,2.71,True,1,3403102976.274717,2.44,0.11065573770491799
sh.600227,2025-11-28,2.7,2.77,2.7,2.77,2.52,52009580.0,143692214.49,4.0709,0,0.1,主板,2.77,True,1,3529740708.1972046,2.4,0.15416666666666679
sh.600227,2025-12-05,2.61,2.83,2.59,2.83,2.57,75560001.0,210217154.03,5.9142,0,0.1,主板,2.83,True,1,3554447837.9155254,2.58,0.0968992248062015
sh.600228,2025-11-03,6.26,6.57,6.2,6.57,6.26,12427403.0,80879127.54,2.9871,1,0.05,ST,6.57,True,1,2707613656.723913,5.75,0.14260869565217393
sh.600228,2025-11-10,6.69,6.97,6.66,6.97,6.64,7825302.0,54061668.86,1.8809,1,0.05,ST,6.97,True,1,2874244715.827529,5.63,0.2380106571936056
sh.600228,2025-12-03,7.55,7.72,7.45,7.72,7.35,13447600.0,102751283.0,3.2323,1,0.05,ST,7.72,True,1,3178890666.089163,6.47,0.19319938176197837
sh.600228,2025-12-17,4.62,5.1,4.62,5.1,4.86,31108093.0,147641859.94,7.4772,1,0.05,ST,5.1,True,1,1974560797.3572996,6.79,-0.24889543446244478
sh.600228,2025-12-26,5.38,5.58,5.38,5.58,5.31,13608120.0,75634144.6,3.2709,1,0.05,ST,5.58,True,1,2312334360.573542,7.0,-0.20285714285714285
sh.600232,2025-12-15,7.2,7.73,6.66,7.73,7.03,50962109.0,371210937.57,13.973,0,0.1,主板,7.73,True,1,2656630198.0247617,7.56,0.022486772486772555
sh.600234,2025-11-28,11.6,12.74,11.51,12.74,11.58,4485532.0,55050021.68,1.7086,0,0.1,主板,12.74,True,1,3221937356.9003863,12.95,-0.01621621621621616
sh.600234,2025-12-17,12.57,13.81,12.45,13.81,12.55,8948124.0,119670639.04,3.4085,0,0.1,主板,13.81,True,1,3510947309.373625,11.76,0.17431972789115657
sh.600234,2025-12-19,13.0,13.99,12.7,13.99,12.72,12670829.0,170348105.79,4.8266,0,0.1,主板,13.99,True,1,3529360332.1178465,11.37,0.23043095866314878
sh.600237,2025-11-25,8.06,8.84,8.05,8.84,8.04,45309748.0,392011822.94,7.2883,0,0.1,主板,8.84,True,1,5378645540.66106,8.22,0.0754257907542577
sh.600237,2025-12-12,8.11,8.99,8.05,8.99,8.17,88547993.0,760592056.71,14.2434,0,0.1,主板,8.99,True,1,5339961362.525802,8.18,0.0990220048899757
sh.600238,2025-12-22,6.55,6.89,6.55,6.89,6.56,10104392.0,68825614.26,2.2693,1,0.05,ST,6.89,True,1,3032900641.6075444,6.63,0.039215686274509665
sh.600243,2025-11-27,5.01,5.24,4.81,5.24,4.99,8555267.0,44185234.08,1.9495,1,0.05,ST,5.24,True,1,2266490591.433701,5.07,0.0335305719921104
sh.600243,2025-12-29,4.83,5.06,4.79,5.06,4.82,9254600.0,46051935.0,2.1088,1,0.05,ST,5.06,True,1,2183798131.6388464,5.31,-0.04708097928436916
sh.600246,2025-11-13,10.9,11.97,10.69,11.97,10.88,129601658.0,1502678728.33,6.8557,0,0.1,主板,11.97,True,1,21918676843.064896,12.05,-0.00663900414937757
sh.600246,2025-11-26,11.39,12.68,11.24,12.68,11.53,106293778.0,1304728321.71,5.6228,0,0.1,主板,12.68,True,1,23204245602.013233,12.25,0.03510204081632651
sh.600246,2025-11-27,13.15,13.95,13.08,13.95,12.68,123809068.0,1707524096.86,6.5493,0,0.1,主板,13.95,True,2,26071856486.342052,11.93,0.16932103939647947
sh.600250,2025-12-08,10.3,11.24,10.24,11.24,10.22,27049800.0,294728262.0,8.7091,0,0.1,主板,11.24,True,1,3384141438.2657223,10.79,0.0417052826691382
sh.600250,2025-12-09,12.15,12.36,11.42,12.36,11.24,68152507.0,824531767.73,21.9426,0,0.1,主板,12.36,True,2,3757675789.24102,10.94,0.12979890310786102
sh.600250,2025-12-11,11.82,13.06,11.82,13.06,11.87,73066598.0,909937166.57,23.5248,0,0.1,主板,13.06,True,1,3867991084.1749988,11.02,0.1851179673321235
sh.600250,2025-12-17,12.38,13.29,12.31,13.29,12.08,48252965.0,632225298.87,15.5357,0,0.1,主板,13.29,True,1,4069499918.7033734,11.25,0.18133333333333335
sh.600250,2025-12-18,14.35,14.62,14.35,14.62,13.29,16260403.0,236269713.86,5.2353,0,0.1,主板,14.62,True,2,4513011935.51468,10.48,0.3950381679389312
sh.600252,2025-11-26,2.69,2.95,2.68,2.95,2.68,129143060.0,374356189.35,4.0558,0,0.1,主板,2.95,True,1,9230144221.855122,2.77,0.06498194945848379
sh.600255,2025-12-03,3.59,3.95,3.55,3.95,3.59,263969836.0,1033978212.62,14.6151,0,0.1,主板,3.95,True,1,7074725541.528967,3.8,0.03947368421052633
sh.600258,2025-11-10,14.87,16.15,14.7,16.15,14.68,71752640.0,1136847614.37,6.426,0,0.1,主板,16.15,True,1,17691372772.642387,14.34,0.12622036262203618
sh.600265,2025-11-03,20.49,21.0,20.49,21.0,20.0,408502.0,8533571.0,0.3147,1,0.05,ST,21.0,True,1,2711652685.096918,26.7,-0.2134831460674157
sh.600265,2025-11-14,20.29,21.3,20.21,21.3,20.29,1145400.0,24112980.0,0.8824,1,0.05,ST,21.3,True,1,2732658658.204896,20.46,0.04105571847507328
sh.600265,2025-11-24,20.17,21.01,20.16,21.01,20.01,928700.0,19262712.0,0.7155,1,0.05,ST,21.01,True,1,2692202935.010482,20.05,0.04788029925187032
sh.600266,2025-12-31,4.63,5.07,4.57,5.07,4.61,138132972.0,674524241.82,6.6546,0,0.1,主板,5.07,True,1,10136210167.703543,4.75,0.06736842105263174
sh.600271,2025-12-15,8.8,9.68,8.63,9.68,8.8,91332203.0,862272155.1,4.9292,0,0.1,主板,9.68,True,1,17493146050.068977,8.78,0.10250569476082005
sh.600271,2025-12-16,9.68,10.65,9.54,10.65,9.68,182285161.0,1834020525.51,9.8379,0,0.1,主板,10.65,True,2,18642398535.35816,8.69,0.22554660529344095
sh.600271,2025-12-30,10.54,11.59,10.48,11.59,10.54,89084547.0,1006213367.63,4.8079,0,0.1,主板,11.59,True,1,20928333942.677677,9.12,0.2708333333333335
sh.600272,2025-11-14,14.08,15.47,14.07,15.47,14.06,19857188.0,304395868.32,12.4107,0,0.1,主板,15.47,True,1,2452688956.464986,12.72,0.2161949685534592
sh.600272,2025-12-02,15.0,16.73,15.0,16.73,15.21,30580325.0,485082864.41,19.1127,0,0.1,主板,16.73,True,1,2538013281.2737083,13.5,0.23925925925925928
sh.600279,2025-12-25,5.82,5.82,5.74,5.82,5.29,27322715.0,158954700.3,2.3021,0,0.1,主板,5.82,True,1,6904769571.261023,5.04,0.15476190476190488
sh.600280,2025-11-18,3.56,3.92,3.46,3.92,3.56,106930005.0,403054996.6,9.4768,0,0.1,主板,3.92,True,1,4253070620.8846865,3.37,0.16320474777448069
sh.600280,2025-11-19,4.31,4.31,4.25,4.31,3.92,63991559.0,275765234.29,5.6713,0,0.1,主板,4.31,True,2,4862469527.092554,3.39,0.2713864306784659
sh.600280,2025-12-09,3.68,4.06,3.64,4.06,3.69,103901048.0,405763492.4,9.2084,0,0.1,主板,4.06,True,1,4406449463.533296,3.44,0.18023255813953476
sh.600280,2025-12-10,4.29,4.47,4.2,4.47,4.06,116178751.0,513268274.38,10.2965,0,0.1,主板,4.47,True,2,4984881021.512164,3.44,0.29941860465116266
sh.600280,2025-12-16,4.2,4.62,4.2,4.62,4.2,250509622.0,1139044132.3,22.2017,0,0.1,主板,4.62,True,1,5130436553.507164,3.92,0.1785714285714286
sh.600280,2025-12-18,4.33,4.68,4.22,4.68,4.25,127920100.0,585239251.16,11.3371,0,0.1,主板,4.68,True,1,5162160086.441859,3.9,0.19999999999999996
sh.600281,2025-12-03,6.04,6.56,5.98,6.56,5.96,58697844.0,380799408.26,11.4109,0,0.1,主板,6.56,True,1,3337154898.0360885,6.26,0.04792332268370614
sh.600284,2025-12-01,7.45,8.07,7.37,8.07,7.34,37442739.0,292481862.41,3.8591,0,0.1,主板,8.07,True,1,7579017449.923557,8.2,-0.01585365853658527
sh.600289,2025-11-04,6.42,6.74,6.33,6.74,6.42,8454702.0,55989386.48,1.494,1,0.05,ST,6.74,True,1,3747616230.2543507,6.9,-0.023188405797101463
sh.600289,2025-12-01,6.7,6.7,6.7,6.7,6.38,2386437.0,15989127.9,0.4217,1,0.05,ST,6.7,True,1,3791588309.224567,6.42,0.04361370716510904
sh.600289,2025-12-02,7.04,7.04,7.04,7.04,6.7,1579520.0,11119820.8,0.2791,1,0.05,ST,7.04,True,2,3984170834.826227,6.74,0.04451038575667643
sh.600289,2025-12-03,7.39,7.39,7.39,7.39,7.04,2138976.0,15807032.64,0.378,1,0.05,ST,7.39,True,3,4181754666.666667,6.64,0.11295180722891573
sh.600292,2025-11-07,15.19,16.86,15.18,16.86,15.33,55050224.0,888166762.86,7.0503,0,0.1,主板,16.86,True,1,12597574044.508745,12.84,0.3130841121495327
sh.600301,2025-11-25,37.71,40.67,37.09,40.67,36.97,29373190.0,1153549525.0,10.6681,0,0.1,主板,40.67,True,1,10813073790.084455,27.76,0.46505763688760804
sh.600302,2025-11-04,9.89,11.1,9.89,11.1,10.09,58955089.0,624766435.59,17.0386,0,0.1,主板,11.1,True,1,3666770952.9538817,6.81,0.6299559471365639
sh.600302,2025-11-05,10.88,12.21,10.86,12.21,11.1,54706330.0,643130511.32,15.8106,0,0.1,主板,12.21,True,2,4067717299.28023,6.93,0.7619047619047621
sh.600302,2025-12-05,9.6,10.59,9.56,10.59,9.63,16646802.0,169632616.18,4.8111,0,0.1,主板,10.59,True,1,3525859287.481034,10.6,-0.0009433962264150386
sh.600308,2025-11-03,3.75,4.09,3.74,4.09,3.72,67127790.0,263986767.18,4.4254,0,0.1,主板,4.09,True,1,5965263415.284494,3.53,0.1586402266288951
sh.600308,2025-11-04,4.5,4.5,4.4,4.5,4.09,191834544.0,861808482.06,12.6467,0,0.1,主板,4.5,True,2,6814492967.019065,3.57,0.26050420168067223
sh.600319,2025-11-18,9.79,9.79,9.79,9.79,8.9,1247602.0,12214023.58,0.3218,0,0.1,主板,9.79,True,1,3795532498.4462404,8.01,0.2222222222222221
sh.600319,2025-11-19,10.77,10.77,10.77,10.77,9.79,471201.0,5074834.77,0.1215,0,0.1,主板,10.77,True,2,4176818740.7407403,8.02,0.3428927680798006
sh.600319,2025-11-28,8.87,9.75,8.87,9.75,8.86,34816695.0,330490911.78,8.9801,0,0.1,主板,9.75,True,1,3680258702.9097667,8.51,0.14571092831962407
sh.600327,2025-11-14,5.06,5.58,5.03,5.58,5.07,157505562.0,864273099.24,17.8017,0,0.1,主板,5.58,True,1,4855003169.584927,4.66,0.19742489270386265
sh.600327,2025-11-17,6.12,6.14,5.99,6.14,5.58,74476394.0,455950339.38,8.4175,0,0.1,主板,6.14,True,2,5416695448.529848,4.66,0.31759656652360513
sh.600330,2025-12-09,10.28,11.31,10.18,11.31,10.28,158286288.0,1700080617.56,12.833,0,0.1,主板,11.31,True,1,13247725532.29954,9.92,0.1401209677419355
sh.600330,2025-12-10,11.6,12.44,11.45,12.44,11.31,250133943.0,3027693427.76,20.2795,0,0.1,主板,12.44,True,2,14929822864.271805,9.63,0.29179646936656267
sh.600330,2025-12-19,10.8,11.8,10.65,11.8,10.73,175602826.0,2005323747.0,14.2369,0,0.1,主板,11.8,True,1,14085396027.225027,8.81,0.3393870601589104
sh.600330,2025-12-24,12.22,13.04,12.18,13.04,11.85,138488525.0,1739202822.71,11.2279,0,0.1,主板,13.04,True,1,15490009910.223639,9.64,0.3526970954356845
sh.600330,2025-12-26,12.48,13.75,12.38,13.75,12.5,306864109.0,4098597381.34,24.8788,0,0.1,主板,13.75,True,1,16474256721.948008,9.73,0.41315519013360724
sh.600333,2025-11-14,7.3,7.68,7.25,7.68,6.98,54115214.0,412372835.12,8.8855,0,0.1,主板,7.68,True,1,4640963762.534467,7.25,0.05931034482758624
sh.600337,2025-11-26,2.4,2.65,2.4,2.65,2.41,37101032.0,96204982.9,2.5818,0,0.1,主板,2.65,True,1,3726275579.0533743,2.13,0.244131455399061
sh.600337,2025-11-28,2.44,2.74,2.34,2.74,2.49,215642693.0,550092443.31,15.0065,0,0.1,主板,2.74,True,1,3665694487.7886243,2.12,0.2924528301886793
sh.600337,2025-12-08,2.72,2.98,2.72,2.98,2.71,77563559.0,225719625.82,5.3976,0,0.1,主板,2.98,True,1,4181851671.4836226,2.41,0.2365145228215766
sh.600340,2025-11-13,2.24,2.49,2.21,2.49,2.26,327992601.0,797780039.39,8.4244,0,0.1,主板,2.49,True,1,9469873692.963297,2.11,0.1800947867298579
sh.600340,2025-11-14,2.74,2.74,2.74,2.74,2.49,59245995.0,162334026.3,1.5217,0,0.1,主板,2.74,True,2,10667938903.857527,2.09,0.3110047846889954
sh.600340,2025-11-17,3.01,3.01,3.01,3.01,2.74,62531951.0,188221172.51,1.6061,0,0.1,主板,3.01,True,3,11719144045.202663,2.09,0.4401913875598087
sh.600340,2025-11-18,3.16,3.31,2.72,3.31,3.01,1124697821.0,3465500568.93,28.8876,0,0.1,主板,3.31,True,4,11996498736.23977,2.13,0.5539906103286385
sh.600340,2025-12-02,2.38,2.6,2.36,2.6,2.36,423659047.0,1056807441.59,10.8816,0,0.1,主板,2.6,True,1,9711875474.103073,2.23,0.1659192825112108
sh.600340,2025-12-10,2.41,2.66,2.38,2.66,2.42,525040090.0,1339078455.16,13.4855,0,0.1,主板,2.66,True,1,9929764970.968819,2.26,0.17699115044247815
sh.600343,2025-11-20,16.26,17.91,16.2,17.91,16.28,43288175.0,759943699.83,6.7828,0,0.1,主板,17.91,True,1,11203982128.76688,15.07,0.1884538818845387
sh.600343,2025-11-24,19.21,19.8,19.2,19.8,18.0,20720160.0,407926060.6,3.2466,0,0.1,主板,19.8,True,1,12564715721.062037,15.24,0.299212598425197
sh.600343,2025-11-25,21.78,21.78,20.51,21.78,19.8,86114896.0,1857638244.51,13.4933,0,0.1,主板,21.78,True,2,13767115861.279303,15.62,0.39436619718309873
sh.600343,2025-12-05,25.05,28.22,24.85,28.22,25.65,167382219.0,4386597988.96,26.227,0,0.1,主板,28.22,True,1,16725504209.25001,15.93,0.7715003138731953
sh.600343,2025-12-08,29.92,31.04,29.18,31.04,28.22,127107233.0,3898877171.31,19.9163,0,0.1,主板,31.04,True,2,19576312725.3054,15.73,0.9732994278448823
sh.600343,2025-12-11,33.81,36.47,32.02,36.47,33.15,180746835.0,6291076337.59,28.3211,0,0.1,主板,36.47,True,1,22213389796.264977,16.84,1.1656769596199523
sh.600343,2025-12-12,36.47,40.12,36.01,40.12,36.47,154360144.0,5953453027.74,24.1866,0,0.1,主板,40.12,True,2,24614675182.70447,16.6,1.4168674698795178
sh.600343,2025-12-24,37.5,41.8,37.5,41.8,38.0,149962916.0,6039826349.89,23.4976,0,0.1,主板,41.8,True,1,25704013813.708637,21.79,0.9183111519045433
sh.600345,2025-12-26,34.0,36.0,32.15,36.0,32.73,47979393.0,1675607249.14,22.6789,0,0.1,主板,36.0,True,1,7388397361.159493,25.83,0.3937282229965158
sh.600345,2025-12-31,31.9,34.66,31.9,34.66,31.51,34946943.0,1192025286.06,16.5187,0,0.1,主板,34.66,True,1,7216217293.491618,26.95,0.28608534322820023
sh.600355,2025-12-22,1.9,2.05,1.9,2.05,1.95,32978520.0,66045588.6,6.7017,1,0.05,ST,2.05,True,1,985505000.2238238,2.97,-0.3097643097643099
sh.600355,2025-12-23,2.08,2.15,2.05,2.15,2.05,20550900.0,43547829.0,4.1763,1,0.05,ST,2.15,True,2,1042737087.852884,3.06,-0.29738562091503273
sh.600355,2025-12-29,2.18,2.32,2.18,2.32,2.21,26022160.0,59729004.0,5.2881,1,0.05,ST,2.32,True,1,1129498383.1621943,2.94,-0.2108843537414966
sh.600360,2025-11-26,7.88,8.27,7.85,8.27,7.88,22847352.0,186615354.2,2.3792,1,0.05,ST,8.27,True,1,7843617779.085406,8.49,-0.025912838633686763
sh.600362,2025-12-26,44.54,48.31,44.54,48.31,43.92,100423502.0,4737699853.85,4.8391,0,0.1,主板,48.31,True,1,97904566011.24178,37.43,0.2906759283996794
sh.600363,2025-12-31,57.32,63.06,55.85,63.06,57.33,17874141.0,1079874448.83,3.9642,0,0.1,主板,63.06,True,1,27240665174.057816,52.96,0.19070996978851973
sh.600365,2025-12-02,3.36,3.54,3.35,3.54,3.37,15632393.0,54548467.84,3.6586,1,0.05,ST,3.54,True,1,1490965610.8894114,3.38,0.047337278106508895
sh.600366,2025-12-05,12.77,14.04,12.77,14.04,12.76,61081808.0,831399389.44,5.5577,0,0.1,主板,14.04,True,1,14959414675.855122,13.73,0.022578295702840423
sh.600367,2025-12-19,16.35,17.13,16.35,17.13,15.57,27308978.0,461431684.32,8.4818,0,0.1,主板,17.13,True,1,5440256600.249947,16.49,0.03881140084899948
sh.600370,2025-11-06,2.37,2.59,2.34,2.59,2.35,63079040.0,159262303.6,1.6188,0,0.1,主板,2.59,True,1,9838294020.261923,2.11,0.22748815165876768
sh.600370,2025-11-12,2.56,2.86,2.51,2.86,2.6,157253355.0,421918408.29,4.0356,0,0.1,主板,2.86,True,1,10454911494.944992,2.09,0.368421052631579
sh.600370,2025-12-25,2.22,2.43,2.19,2.43,2.21,93920484.0,222848419.12,2.4103,0,0.1,主板,2.43,True,1,9245671456.665146,2.32,0.0474137931034484
sh.600376,2025-11-12,5.52,6.13,5.43,6.13,5.57,221242391.0,1323734280.39,8.5767,0,0.1,主板,6.13,True,1,15434074648.641087,6.11,0.003273322422258529
sh.600376,2025-11-17,6.3,6.61,6.18,6.61,6.01,268429375.0,1760993302.73,10.406,0,0.1,主板,6.61,True,1,16922864719.680954,6.39,0.03442879499217533
sh.600376,2025-11-18,6.8,7.27,6.35,7.27,6.61,281219924.0,1924917108.43,10.9018,0,0.1,主板,7.27,True,2,17656874171.512962,6.45,0.12713178294573635
sh.600376,2025-12-22,5.24,5.51,5.08,5.51,5.01,140845051.0,742970862.8,5.46,0,0.1,主板,5.51,True,1,13607524959.706959,5.4,0.020370370370370372
sh.600376,2025-12-25,5.58,5.92,5.52,5.92,5.38,313131487.0,1818303744.94,12.1389,0,0.1,主板,5.92,True,1,14979147574.656683,5.72,0.034965034965035
sh.600376,2025-12-30,6.08,6.89,5.92,6.89,6.26,366622502.0,2389698515.71,14.2126,0,0.1,主板,6.89,True,1,16813943372.148657,6.01,0.14642262895174718
sh.600381,2025-12-02,4.65,4.65,4.65,4.65,4.43,2693800.0,12526170.0,0.4589,1,0.05,ST,4.65,True,1,2729607757.681412,4.86,-0.043209876543209846
sh.600381,2025-12-03,4.88,4.88,4.82,4.88,4.65,6971600.0,33993051.0,1.1875,1,0.05,ST,4.88,True,2,2862572715.789474,4.84,0.008264462809917328
sh.600391,2025-11-06,26.52,29.24,26.52,29.24,26.58,25858912.0,738011528.47,7.833,0,0.1,主板,29.24,True,1,9421824696.412615,28.19,0.03724725079815516
sh.600391,2025-12-19,28.53,31.36,28.53,31.36,28.51,43153490.0,1319723854.17,13.0717,0,0.1,主板,31.36,True,1,10096038420.174881,26.61,0.17850432168357755
sh.600391,2025-12-25,33.21,36.52,33.0,36.52,33.2,43013256.0,1529925784.62,13.0292,0,0.1,主板,36.52,True,1,11742284903.294138,26.66,0.3698424606151538
sh.600391,2025-12-31,33.5,37.1,33.5,37.1,33.73,39794619.0,1416018549.3,12.0542,0,0.1,主板,37.1,True,1,11747096856.69725,26.03,0.4252785247791011
sh.600399,2025-12-15,5.25,5.72,5.25,5.72,5.2,161414258.0,905852412.32,8.1849,0,0.1,主板,5.72,True,1,11067360778.018057,5.6,0.021428571428571352
sh.600403,2025-11-11,8.11,9.08,8.08,9.08,8.25,136512727.0,1157683924.49,5.7099,0,0.1,主板,9.08,True,1,20275029763.918808,4.95,0.8343434343434344
sh.600403,2025-11-14,8.95,10.14,8.95,10.14,9.22,147901072.0,1432144162.77,6.1862,0,0.1,主板,10.14,True,1,23150628217.160778,6.6,0.5363636363636366
sh.600403,2025-11-17,10.39,11.15,10.23,11.15,10.14,137722637.0,1491439378.51,5.7605,0,0.1,主板,11.15,True,2,25890797300.75514,7.26,0.5358126721763086
sh.600403,2025-12-03,8.18,9.2,8.1,9.2,8.36,147093286.0,1298184543.96,6.1524,0,0.1,主板,9.2,True,1,21100457446.85001,9.06,0.015452538631346435
sh.600408,2025-11-03,3.14,3.42,3.14,3.42,3.11,100225423.0,337639132.66,9.9548,0,0.1,主板,3.42,True,1,3391721909.6315346,2.2,0.5545454545454545
sh.600408,2025-11-04,3.49,3.76,3.45,3.76,3.42,275568246.0,1021677099.99,27.3707,0,0.1,主板,3.76,True,2,3732740119.8727107,2.23,0.6860986547085202
sh.600408,2025-11-05,3.8,4.14,3.76,4.14,3.76,109084942.0,441857312.15,10.8348,0,0.1,主板,4.14,True,3,4078130765.2194777,2.26,0.831858407079646
sh.600408,2025-11-11,4.08,4.7,3.95,4.7,4.27,329495447.0,1381596875.4,32.727,0,0.1,主板,4.7,True,1,4221581188.0099006,2.48,0.8951612903225807
sh.600408,2025-11-12,4.68,5.17,4.55,5.17,4.7,316274418.0,1582637252.44,31.4138,0,0.1,主板,5.17,True,2,5038031860.010569,2.45,1.110204081632653
sh.600408,2025-11-13,5.58,5.69,5.47,5.69,5.17,136468006.0,770338675.33,13.5546,0,0.1,主板,5.69,True,3,5683226914.331666,2.7,1.1074074074074076
sh.600408,2025-11-14,6.12,6.26,5.89,6.26,5.69,212635670.0,1316091964.95,21.12,0,0.1,主板,6.26,True,4,6231496046.164773,2.97,1.1077441077441077
sh.600408,2025-11-17,6.3,6.89,5.65,6.89,6.26,413392534.0,2701006720.83,41.06,0,0.1,主板,6.89,True,5,6578194644.008767,3.27,1.1070336391437308
sh.600408,2025-12-02,4.55,5.08,4.5,5.08,4.62,226247290.0,1110647962.87,22.4719,0,0.1,主板,5.08,True,1,4942385658.845045,3.76,0.35106382978723416
sh.600408,2025-12-03,5.08,5.59,5.01,5.59,5.08,267623380.0,1435662992.75,26.5816,0,0.1,主板,5.59,True,2,5400965302.126283,4.14,0.3502415458937198
sh.600408,2025-12-15,4.51,5.03,4.51,5.03,4.57,132453789.0,647090407.86,13.1559,0,0.1,主板,5.03,True,1,4918632764.463093,6.89,-0.26995645863570383
sh.600409,2025-11-13,5.95,6.61,5.95,6.61,6.01,116816185.0,748855166.36,5.6587,0,0.1,主板,6.61,True,1,13233696190.997932,5.57,0.18671454219030514
sh.600410,2025-11-17,18.5,19.42,18.35,19.42,17.65,139036678.0,2665617196.05,12.6801,0,0.1,主板,19.42,True,1,21022051845.411316,17.9,0.08491620111731857
sh.600410,2025-11-18,20.82,21.36,20.12,21.36,19.42,216711515.0,4547652310.59,19.764,0,0.1,主板,21.36,True,2,23009776920.61324,17.89,0.19396310788149806
sh.600421,2025-11-14,6.8,7.18,6.78,7.18,6.84,3808600.0,26783638.0,1.9471,1,0.05,ST,7.18,True,1,1375565610.3949463,7.41,-0.031039136302294268
sh.600421,2025-11-17,7.53,7.54,7.31,7.54,7.18,11519200.0,86238076.0,5.8892,1,0.05,ST,7.54,True,2,1464342796.9843102,7.34,0.027247956403269713
sh.600421,2025-11-21,6.9,7.29,6.82,7.29,6.94,5707300.0,40333712.0,2.9178,1,0.05,ST,7.29,True,1,1382332990.609363,7.51,-0.02929427430093201
sh.600421,2025-12-03,7.69,8.19,7.66,8.19,7.8,7618200.0,60484967.0,3.8948,1,0.05,ST,8.19,True,1,1552967212.6938484,7.13,0.1486676016830295
sh.600421,2025-12-11,7.18,7.2,7.13,7.2,6.86,2313300.0,16637760.0,1.1827,1,0.05,ST,7.2,True,1,1406760801.555762,6.84,0.05263157894736836
sh.600423,2025-11-10,3.95,4.35,3.95,4.35,3.95,85927791.0,367343648.15,10.7585,0,0.1,主板,4.35,True,1,3414450417.3444247,3.72,0.16935483870967727
sh.600429,2025-11-10,5.0,5.47,4.95,5.47,4.97,48145948.0,257107762.04,3.215,0,0.1,主板,5.47,True,1,7997131012.130637,4.71,0.16135881104033967
sh.600429,2025-11-11,6.02,6.02,6.02,6.02,5.47,20193584.0,121565375.68,1.3484,0,0.1,主板,6.02,True,2,9015527712.844852,4.77,0.2620545073375262
sh.600429,2025-11-12,6.62,6.62,6.62,6.62,6.02,11647836.0,77108674.32,0.7778,0,0.1,主板,6.62,True,3,9913689164.30959,4.79,0.3820459290187892
sh.600429,2025-11-13,7.28,7.28,7.1,7.28,6.62,120305908.0,874824120.88,8.0335,0,0.1,主板,7.28,True,4,10889700888.529284,4.8,0.5166666666666668
sh.600439,2025-12-18,2.69,2.98,2.69,2.98,2.71,60514660.0,175593991.6,5.3459,0,0.1,主板,2.98,True,1,3284647890.90705,3.1,-0.03870967741935483
sh.600444,2025-11-03,19.3,20.09,19.1,20.09,18.26,11684506.0,233622654.54,7.98,0,0.1,主板,20.09,True,1,2927602187.2180448,17.37,0.1565918249856073
sh.600467,2025-11-19,2.78,3.01,2.72,3.01,2.74,284924549.0,821264323.53,19.5021,0,0.1,主板,3.01,True,1,4211158406.171643,2.47,0.21862348178137636
sh.600467,2025-12-03,2.65,2.92,2.64,2.92,2.65,262649300.0,743910200.7,17.9774,0,0.1,主板,2.92,True,1,4138029974.8573213,2.51,0.1633466135458168
sh.600468,2025-12-19,6.68,7.14,6.68,7.14,6.49,66781600.0,470865048.15,6.1395,0,0.1,主板,7.14,True,1,7669436406.059125,5.97,0.1959798994974875
sh.600475,2025-11-03,15.46,17.01,15.36,17.01,15.46,40542267.0,665795471.18,4.2998,0,0.1,主板,17.01,True,1,15484335810.502811,15.32,0.11031331592689297
sh.600475,2025-11-11,17.41,19.15,17.35,19.15,17.41,35777955.0,662283161.02,3.7945,0,0.1,主板,19.15,True,1,17453766267.492424,16.88,0.13447867298578187
sh.600475,2025-12-24,17.35,19.1,17.24,19.1,17.36,28138584.0,524068071.67,2.9843,0,0.1,主板,19.1,True,1,17560837438.260227,18.04,0.058758314855875904
sh.600477,2025-11-11,2.83,3.1,2.82,3.1,2.82,141532060.0,431332636.32,5.9744,0,0.1,主板,3.1,True,1,7219681245.313336,2.74,0.13138686131386845
sh.600477,2025-12-29,2.68,2.96,2.66,2.96,2.69,147904651.0,425373217.08,6.2434,0,0.1,主板,2.96,True,1,6813166176.762661,2.82,0.049645390070921946
sh.600481,2025-12-29,5.79,6.41,5.77,6.41,5.83,170451055.0,1051090790.07,9.0967,0,0.1,主板,6.41,True,1,11554638386.118042,5.93,0.08094435075885342
sh.600487,2025-12-22,24.4,26.14,24.25,26.14,23.76,184672154.0,4773594569.6,7.5525,0,0.1,主板,26.14,True,1,63205489170.47336,19.08,0.3700209643605872
sh.600493,2025-12-08,7.8,8.54,7.65,8.54,7.76,24633150.0,203179825.24,9.0563,0,0.1,主板,8.54,True,1,2243519155.0633264,7.83,0.09067688378033201
sh.600493,2025-12-12,7.7,8.32,7.61,8.32,7.56,34423612.0,281061876.84,12.6557,0,0.1,主板,8.32,True,1,2220832327.251752,7.76,0.07216494845360821
sh.600493,2025-12-19,7.08,7.79,7.07,7.79,7.08,36563100.0,273348540.0,13.4423,0,0.1,主板,7.79,True,1,2033495309.5824375,7.33,0.06275579809004084
sh.600498,2025-12-31,29.89,32.08,29.89,32.08,29.16,134397498.0,4272374543.05,10.569,0,0.1,主板,32.08,True,1,40423640297.56836,22.72,0.4119718309859155
sh.600501,2025-12-17,24.4,27.04,24.05,27.04,24.58,65129239.0,1693087476.02,15.2234,0,0.1,主板,27.04,True,1,11121611965.920885,20.58,0.3138969873663753
sh.600501,2025-12-31,27.66,30.13,27.2,30.13,27.39,95953820.0,2790768904.94,22.4283,0,0.1,主板,30.13,True,1,12443069269.360586,21.05,0.43135391923990496
sh.600506,2025-11-04,22.76,25.31,22.76,25.31,23.01,21564139.0,535155553.09,14.5993,0,0.1,主板,25.31,True,1,3665624742.898632,19.32,0.3100414078674947
sh.600506,2025-11-06,25.67,28.58,25.19,28.58,25.98,43338051.0,1163501304.54,29.3406,0,0.1,主板,28.58,True,1,3965499357.6818476,19.48,0.46714579055441474
sh.600506,2025-11-17,33.66,34.43,31.75,34.43,31.3,39017758.0,1320875989.2,26.4157,0,0.1,主板,34.43,True,1,5000344451.216512,20.8,0.6552884615384615
sh.600506,2025-12-29,24.72,26.47,24.0,26.47,24.06,47302523.0,1202224426.91,24.6343,0,0.1,主板,26.47,True,1,4880286539.1344595,25.51,0.03763230105840831
sh.600506,2025-12-30,26.73,29.12,26.03,29.12,26.47,56047613.0,1545918296.18,29.1886,0,0.1,主板,29.12,True,2,5296308477.213707,26.12,0.11485451761102605
sh.600509,2025-12-04,8.28,9.11,8.21,9.11,8.28,102103848.0,905953903.53,7.429,0,0.1,主板,9.11,True,1,12194829768.878717,8.9,0.02359550561797752
sh.600515,2025-12-22,4.93,5.25,4.88,5.25,4.77,310823687.0,1590342237.38,3.3874,0,0.1,主板,5.25,True,1,46948758262.38413,4.79,0.09603340292275564
sh.600516,2025-11-11,6.09,6.72,6.08,6.72,6.11,244127271.0,1603151480.59,6.0638,0,0.1,主板,6.72,True,1,26438066568.65332,5.39,0.24675324675324672
sh.600516,2025-11-25,6.15,6.51,6.15,6.51,5.92,225131178.0,1428878859.05,5.592,0,0.1,主板,6.51,True,1,25552197050.25036,5.68,0.14612676056338025
sh.600525,2025-11-17,3.62,3.8,3.62,3.8,3.62,35011905.0,129904980.71,2.6549,1,0.05,ST,3.8,True,1,4893027259.407134,3.41,0.11436950146627556
sh.600525,2025-12-24,3.7,3.7,3.69,3.7,3.52,11528160.0,42653879.0,0.8742,1,0.05,ST,3.7,True,1,4879190002.287806,3.87,-0.043927648578811374
sh.600537,2025-11-07,4.02,4.42,4.0,4.42,4.02,106874971.0,465675613.34,9.0288,0,0.1,主板,4.42,True,1,5157668940.944532,3.84,0.15104166666666674
sh.600537,2025-11-11,4.63,5.12,4.63,5.12,4.65,455297022.0,2268981295.42,38.4634,0,0.1,主板,5.12,True,1,5899065853.304701,4.1,0.24878048780487827
sh.600537,2025-12-26,4.03,4.33,4.02,4.33,3.94,119886977.0,512873545.29,10.128,0,0.1,主板,4.33,True,1,5063917311.315166,4.14,0.04589371980676349
sh.600550,2025-11-05,8.83,9.91,8.81,9.91,9.01,127153299.0,1205164410.62,6.9048,0,0.1,主板,9.91,True,1,17454008959.274708,8.23,0.20413122721749688
sh.600550,2025-11-06,10.9,10.9,10.9,10.9,9.91,38694510.0,421770159.0,2.1012,0,0.1,主板,10.9,True,2,20072823101.085094,8.6,0.2674418604651163
sh.600550,2025-12-12,9.24,10.25,9.24,10.25,9.32,151809113.0,1497898490.03,8.2436,0,0.1,主板,10.25,True,1,18170441191.105824,11.54,-0.11178509532062386
sh.600552,2025-12-30,11.25,12.43,11.23,12.43,11.3,100289354.0,1233278880.25,10.617,0,0.1,主板,12.43,True,1,11616076860.224169,11.33,0.09708737864077666
sh.600556,2025-11-03,6.31,6.83,6.31,6.83,6.21,164925704.0,1097687350.86,9.1233,0,0.1,主板,6.83,True,1,12031691941.073952,5.66,0.20671378091872783
sh.600556,2025-11-12,6.57,7.22,6.56,7.22,6.56,253288117.0,1762956958.35,14.0113,0,0.1,主板,7.22,True,1,12582393913.12726,5.92,0.21959459459459452
sh.600556,2025-11-25,6.42,7.07,6.42,7.07,6.43,318012472.0,2209761311.14,17.5916,0,0.1,主板,7.07,True,1,12561457236.067213,6.11,0.1571194762684125
sh.600568,2025-11-12,2.01,2.08,1.96,2.08,1.98,39102353.0,79574013.44,2.3428,1,0.05,ST,2.08,True,1,3396534635.478914,1.85,0.12432432432432439
sh.600568,2025-11-13,2.14,2.18,2.09,2.18,2.08,67485580.0,145607936.14,4.0433,1,0.05,ST,2.18,True,2,3601215248.435683,1.84,0.1847826086956521
sh.600568,2025-11-14,2.29,2.29,2.29,2.29,2.18,7049400.0,16143126.0,0.4224,1,0.05,ST,2.29,True,3,3821762784.0909095,1.86,0.23118279569892475
sh.600568,2025-11-17,2.4,2.4,2.33,2.4,2.29,40487600.0,96855722.0,2.4258,1,0.05,ST,2.4,True,4,3992733201.4180884,1.86,0.29032258064516125
sh.600568,2025-11-24,2.33,2.45,2.33,2.45,2.33,63485191.0,153371563.36,3.8036,1,0.05,ST,2.45,True,1,4032273723.840573,1.99,0.23115577889447247
sh.600568,2025-11-25,2.57,2.57,2.57,2.57,2.45,5389400.0,13850758.0,0.3229,1,0.05,ST,2.57,True,2,4289488386.4973674,2.04,0.2598039215686274
sh.600568,2025-11-26,2.7,2.7,2.66,2.7,2.57,85385295.0,230436772.18,5.1157,1,0.05,ST,2.7,True,3,4504501283.890767,2.0,0.3500000000000001
sh.600568,2025-11-28,2.54,2.71,2.54,2.71,2.58,75774933.0,200093012.34,4.54,1,0.05,ST,2.71,True,1,4407335073.568282,2.02,0.34158415841584167
sh.600568,2025-12-01,2.78,2.85,2.75,2.85,2.71,23084581.0,64911805.94,1.3831,1,0.05,ST,2.85,True,2,4693211332.513918,2.05,0.3902439024390245
sh.600568,2025-12-04,2.82,2.96,2.82,2.96,2.82,82907664.0,243425305.84,4.9673,1,0.05,ST,2.96,True,1,4900555751.414249,1.99,0.48743718592964824
sh.600573,2025-12-09,12.87,14.17,12.64,14.17,12.88,40029683.0,540023828.36,16.0119,0,0.1,主板,14.17,True,1,3372640525.8588924,12.06,0.17495854063018235
sh.600576,2025-11-13,8.1,8.59,7.85,8.59,7.81,88169868.0,735366803.92,13.3512,0,0.1,主板,8.59,True,1,5507870482.952843,7.33,0.17189631650750337
sh.600576,2025-12-26,5.99,6.6,5.95,6.6,6.0,67623778.0,428596669.48,10.24,0,0.1,主板,6.6,True,1,4185514350.390625,7.39,-0.1069012178619757
sh.600577,2025-11-17,10.7,11.15,10.66,11.15,10.14,139169605.0,1543438726.26,6.4755,0,0.1,主板,11.15,True,1,23835050980.773685,9.8,0.1377551020408163
sh.600577,2025-12-25,11.2,12.21,11.12,12.21,11.1,206861644.0,2477114799.1,9.6251,0,0.1,主板,12.21,True,1,25735990266.075157,10.33,0.18199419167473385
sh.600579,2025-11-03,8.6,9.38,8.54,9.38,8.53,27966105.0,253470178.9,5.6657,0,0.1,主板,9.38,True,1,4473766328.962,8.4,0.1166666666666667
sh.600580,2025-12-22,40.96,43.81,40.83,43.81,39.83,164864859.0,7089229662.37,10.5843,0,0.1,主板,43.81,True,1,66978729461.27754,40.75,0.0750920245398774
sh.600592,2025-11-17,21.74,23.83,21.73,23.83,21.66,51149103.0,1194282656.5,12.8016,0,0.1,主板,23.83,True,1,9329167108.017748,24.18,-0.01447477253928875
sh.600592,2025-11-21,22.92,25.2,22.87,25.2,22.91,59055106.0,1453080675.69,14.7803,0,0.1,主板,25.2,True,1,9831198796.303186,24.87,0.013268998793727338
sh.600592,2025-12-04,27.38,27.38,27.38,27.38,24.89,29332345.0,803119606.1,7.3413,0,0.1,主板,27.38,True,1,10939746449.53891,23.53,0.16362090947726293
sh.600592,2025-12-25,24.5,26.79,24.5,26.79,24.35,39262132.0,1026969472.12,9.8265,0,0.1,主板,26.79,True,1,10451019916.755713,24.75,0.08242424242424229
sh.600593,2025-11-04,55.93,62.14,55.16,62.14,56.49,15092101.0,897280024.02,11.7175,0,0.1,主板,62.14,True,1,7657606349.647963,34.54,0.7990735379270413
sh.600596,2025-11-13,11.5,12.39,11.5,12.39,11.26,80741012.0,991105598.65,5.9826,0,0.1,主板,12.39,True,1,16566469405.44245,10.12,0.22430830039525707
sh.600599,2025-11-03,9.67,9.93,9.55,9.93,9.46,6437301.0,62953935.6,3.8779,1,0.05,ST,9.93,True,2,1623402759.225354,8.03,0.23661270236612708
sh.600599,2025-11-24,9.7,10.04,9.57,10.04,9.56,3676894.0,36212363.14,2.215,1,0.05,ST,10.04,True,1,1634869667.7200904,8.45,0.18816568047337268
sh.600599,2025-11-25,10.1,10.54,10.05,10.54,10.04,3917600.0,40891588.0,2.36,1,0.05,ST,10.54,True,2,1732694406.779661,8.77,0.20182440136830104
sh.600599,2025-12-18,8.4,8.82,8.29,8.82,8.4,2202600.0,19166693.0,1.3269,1,0.05,ST,8.82,True,1,1444471550.229859,10.06,-0.12326043737574555
sh.600599,2025-12-22,9.53,9.53,9.53,9.53,9.08,409301.0,3900638.53,0.2466,1,0.05,ST,9.53,True,1,1581767449.3106244,10.04,-0.05079681274900394
sh.600599,2025-12-23,10.01,10.01,10.01,10.01,9.53,553200.0,5537532.0,0.3333,1,0.05,ST,10.01,True,2,1661425742.5742576,10.54,-0.050284629981024564
sh.600599,2025-12-26,9.83,10.48,9.73,10.48,9.98,11507801.0,117537562.14,6.9324,1,0.05,ST,10.48,True,1,1695481537.9954994,10.35,0.012560386473430052
sh.600599,2025-12-29,11.0,11.0,10.88,11.0,10.48,3081846.0,33900134.0,1.8565,1,0.05,ST,11.0,True,2,1826023915.970913,10.45,0.052631578947368585
sh.600608,2025-11-03,4.02,4.22,3.99,4.22,4.02,7276189.0,30297069.72,2.2854,1,0.05,ST,4.22,True,1,1325679081.1236544,3.9,0.08205128205128198
sh.600608,2025-11-04,4.28,4.43,4.26,4.43,4.22,5790159.0,25495083.85,1.8187,1,0.05,ST,4.43,True,2,1401830090.1743004,3.89,0.13881748071979416
sh.600608,2025-11-10,4.45,4.65,4.45,4.65,4.43,5736794.0,26436330.46,1.8019,1,0.05,ST,4.65,True,1,1467136381.597203,3.79,0.22691292875989455
sh.600608,2025-12-18,3.4,3.48,3.33,3.48,3.31,2842941.0,9815936.68,0.893,1,0.05,ST,3.48,True,1,1099209034.7144456,4.43,-0.2144469525959367
sh.600608,2025-12-22,3.48,3.56,3.48,3.56,3.39,1365600.0,4823092.0,0.4289,1,0.05,ST,3.56,True,1,1124525996.7358358,4.22,-0.1563981042654028
sh.600610,2025-11-07,11.16,12.3,11.13,12.3,11.18,120484763.0,1457543591.29,17.0002,0,0.1,主板,12.3,True,1,8573684964.235716,11.59,0.06125970664365843
sh.600617,2025-11-14,3.78,4.14,3.78,4.14,3.76,122728548.0,493429306.97,6.9122,0,0.1,主板,4.14,True,1,7138527631.868291,4.0,0.03499999999999992
sh.600618,2025-11-07,11.41,12.5,11.33,12.5,11.36,15532384.0,190006915.72,2.0714,0,0.1,主板,12.5,True,1,9172874177.850727,10.82,0.155268022181146
sh.600618,2025-11-19,13.0,14.21,13.0,14.21,12.92,31481368.0,443221242.86,4.1984,0,0.1,主板,14.21,True,1,10556908414.157774,11.3,0.25752212389380524
sh.600618,2025-11-26,12.0,13.11,11.83,13.11,11.92,35407463.0,445285455.35,4.722,0,0.1,主板,13.11,True,1,9430018114.146547,10.8,0.2138888888888888
sh.600620,2025-12-19,6.07,6.62,6.03,6.62,6.02,15821230.0,102133158.64,2.304,0,0.1,主板,6.62,True,1,4432862788.194445,6.02,0.09966777408637872
sh.600622,2025-11-04,3.09,3.12,3.07,3.12,2.84,129439286.0,403521705.15,8.6311,0,0.1,主板,3.12,True,1,4675206000.973225,2.84,0.09859154929577474
sh.600622,2025-11-24,2.95,3.23,2.91,3.23,2.94,145523777.0,461633331.31,9.7036,0,0.1,主板,3.23,True,1,4757340897.295849,2.84,0.13732394366197198
sh.600624,2025-11-03,6.16,6.16,6.16,6.16,5.87,1746745.0,10759949.2,0.2571,1,0.05,ST,6.16,True,3,4185122209.257098,5.72,0.0769230769230771
sh.600624,2025-11-14,5.9,6.15,5.9,6.15,5.86,11709639.0,71507072.39,1.7237,1,0.05,ST,6.15,True,1,4148463908.452747,5.25,0.17142857142857149
sh.600626,2025-12-31,4.38,4.83,4.36,4.83,4.39,64162187.0,302652330.52,5.7909,0,0.1,主板,4.83,True,1,5226343582.517398,4.68,0.03205128205128216
sh.600628,2025-12-18,8.0,8.89,7.99,8.89,8.08,86095168.0,739434305.52,13.3094,0,0.1,主板,8.89,True,1,5555729826.438457,7.66,0.16057441253263716
sh.600629,2025-11-24,20.0,21.67,19.99,21.67,19.7,58061484.0,1240821775.4,6.0917,0,0.1,主板,21.67,True,1,20369055853.045948,26.86,-0.19322412509307507
sh.600629,2025-12-31,19.8,21.7,19.66,21.7,19.73,76981140.0,1639976709.59,8.0768,0,0.1,主板,21.7,True,1,20304782953.521194,20.15,0.07692307692307687
sh.600635,2025-11-20,6.74,7.39,6.74,7.39,6.72,355865376.0,2597726620.11,14.7125,0,0.1,主板,7.39,True,1,17656595548.75106,7.34,0.006811989100817373
sh.600635,2025-11-25,6.91,7.66,6.91,7.66,6.96,169334908.0,1253844187.31,7.0008,0,0.1,主板,7.66,True,1,17910012960.090275,6.79,0.12812960235640647
sh.600635,2025-12-04,7.75,8.22,7.74,8.22,7.47,379029386.0,3033792130.04,15.6702,0,0.1,主板,8.22,True,1,19360264259.805237,6.75,0.21777777777777785
sh.600637,2025-11-03,10.0,10.67,9.87,10.67,9.7,200966840.0,2110036955.56,5.9778,0,0.1,主板,10.67,True,1,35297884766.30199,9.8,0.08877551020408148
sh.600645,2025-11-12,26.18,28.61,26.17,28.61,26.01,31138499.0,856769578.68,6.6568,0,0.1,主板,28.61,True,1,12870592156.591755,25.19,0.13576816196903518
sh.600645,2025-11-24,26.01,28.23,26.01,28.23,25.66,16905182.0,468448082.31,3.614,0,0.1,主板,28.23,True,1,12962038802.158274,23.98,0.17723102585487904
sh.600650,2025-12-05,14.41,15.68,14.41,15.68,14.25,23161700.0,353938531.71,5.9304,0,0.1,主板,15.68,True,1,5968206726.527721,15.19,0.032258064516129004
sh.600650,2025-12-16,15.6,15.98,15.27,15.98,14.53,22508209.0,357734976.38,5.7631,0,0.1,主板,15.98,True,1,6207335919.557183,14.82,0.07827260458839413
sh.600654,2025-11-12,3.88,4.29,3.88,4.29,3.9,164297993.0,692374934.13,7.0934,0,0.1,主板,4.29,True,1,9760833086.108213,3.27,0.31192660550458706
sh.600654,2025-11-27,4.04,4.27,4.04,4.27,3.88,134438509.0,570681983.33,5.8042,0,0.1,主板,4.27,True,1,9832224653.35447,3.24,0.3179012345679011
sh.600657,2025-11-27,3.64,4.0,3.58,4.0,3.64,121738626.0,478013978.63,4.2687,0,0.1,主板,4.0,True,1,11198116021.973904,3.73,0.07238605898123329
sh.600667,2025-11-03,8.6,9.54,8.16,9.54,8.67,389002347.0,3545547674.09,18.5988,0,0.1,主板,9.54,True,1,19063314160.53724,7.75,0.23096774193548386
sh.600673,2025-12-09,21.8,23.79,21.8,23.79,21.63,97297141.0,2273243550.3,3.2416,0,0.1,主板,23.79,True,1,70127207252.59132,20.51,0.15992198927352508
sh.600678,2025-11-07,9.81,10.91,9.78,10.91,9.92,76191484.0,799020324.27,21.832,0,0.1,主板,10.91,True,1,3659858575.8061557,9.57,0.1400208986415883
sh.600678,2025-11-10,12.0,12.0,12.0,12.0,10.91,31196571.0,374358852.0,8.9391,0,0.1,主板,12.0,True,2,4187880793.36846,9.38,0.2793176972281448
sh.600678,2025-11-28,11.1,11.1,11.1,11.1,10.09,29657259.0,329195574.9,8.498,0,0.1,主板,11.1,True,1,3873800598.9644623,9.46,0.17336152219873147
sh.600678,2025-12-04,10.83,12.16,10.8,12.16,11.05,67125764.0,791617045.58,19.2343,0,0.1,主板,12.16,True,1,4115653003.124626,9.92,0.22580645161290325
sh.600678,2025-12-10,11.81,13.39,11.7,13.39,12.17,77054578.0,987908247.87,22.0793,0,0.1,主板,13.39,True,1,4474363987.399962,11.36,0.17869718309859173
sh.600678,2025-12-11,14.72,14.73,14.3,14.73,13.39,42510024.0,625088735.79,12.1809,0,0.1,主板,14.73,True,2,5131712236.287959,10.92,0.348901098901099
sh.600681,2025-11-03,4.45,4.64,4.4,4.64,4.22,72540395.0,333059119.8,5.4142,0,0.1,主板,4.64,True,1,6151585087.362861,3.9,0.18974358974358974
sh.600681,2025-11-11,4.57,4.98,4.52,4.98,4.53,146411223.0,700847562.44,10.9278,0,0.1,主板,4.98,True,1,6413436944.67322,3.99,0.24812030075187974
sh.600681,2025-11-12,5.33,5.48,5.25,5.48,4.98,122224880.0,665241173.54,9.1226,0,0.1,主板,5.48,True,2,7292232187.534255,3.99,0.3734335839598997
sh.600682,2025-11-12,7.78,8.58,7.78,8.58,7.8,60582517.0,504629013.1,5.1999,0,0.1,主板,8.58,True,1,9704590724.821632,7.68,0.1171875
sh.600682,2025-12-30,8.28,8.89,8.28,8.89,8.08,56581711.0,495865767.32,4.8607,0,0.1,主板,8.89,True,1,10201529971.403296,7.76,0.14561855670103108
sh.600685,2025-11-19,26.11,28.93,26.11,28.93,26.3,58216272.0,1635517307.58,7.0871,0,0.1,主板,28.93,True,1,23077384368.50051,26.24,0.10251524390243905
sh.600685,2025-11-24,29.81,33.04,29.81,33.04,30.04,84119256.0,2726727161.14,10.2405,0,0.1,主板,33.04,True,1,26626894791.66056,27.27,0.21158782544921162
sh.600686,2025-11-13,15.09,16.6,15.02,16.6,15.09,56935500.0,922037305.08,7.9403,0,0.1,主板,16.6,True,1,11612121772.225233,13.19,0.2585291887793786
sh.600686,2025-11-24,14.16,15.5,14.16,15.5,14.09,26721353.0,398928185.88,3.7266,0,0.1,主板,15.5,True,1,10704883429.399452,15.5,0.0
sh.600691,2025-11-07,3.02,3.3,3.01,3.3,3.0,81059914.0,264021931.68,3.4122,0,0.1,主板,3.3,True,1,7737586650.254968,3.07,0.07491856677524433
sh.600693,2025-11-05,6.35,7.05,6.26,7.05,6.41,102015692.0,700898261.08,11.7401,0,0.1,主板,7.05,True,1,5970121728.775735,5.9,0.19491525423728806
sh.600693,2025-11-10,6.71,7.51,6.63,7.51,6.83,114459446.0,836642252.78,13.1721,0,0.1,主板,7.51,True,1,6351623907.956969,5.96,0.26006711409395966
sh.600693,2025-11-11,8.26,8.26,8.26,8.26,7.51,10606720.0,87611507.2,1.2206,0,0.1,主板,8.26,True,2,7177741045.387515,5.94,0.39057239057239035
sh.600693,2025-11-12,9.08,9.09,8.92,9.09,8.26,70570831.0,640234197.83,8.1214,0,0.1,主板,9.09,True,3,7883298419.361195,6.03,0.5074626865671641
sh.600693,2025-11-13,9.66,10.0,9.11,10.0,9.09,211377330.0,2068206728.26,24.3255,0,0.1,主板,10.0,True,4,8502216720.149636,5.89,0.6977928692699491
sh.600693,2025-11-14,9.82,11.0,9.82,11.0,10.0,63149052.0,666663166.0,7.2673,0,0.1,主板,11.0,True,5,9173464230.181772,5.82,0.8900343642611683
sh.600693,2025-11-26,8.8,9.67,8.75,9.67,8.79,139929564.0,1274630193.88,16.1032,0,0.1,主板,9.67,True,1,7915384481.842118,6.15,0.5723577235772357
sh.600693,2025-12-05,9.0,10.19,8.98,10.19,9.26,161413489.0,1593990508.73,18.5756,0,0.1,主板,10.19,True,1,8581098369.527767,6.83,0.49194729136163984
sh.600693,2025-12-08,10.45,11.21,10.29,11.21,10.19,89581328.0,982142331.21,10.3091,0,0.1,主板,11.21,True,2,9526945428.89292,7.51,0.49267643142476714
sh.600693,2025-12-09,12.33,12.33,12.33,12.33,11.21,49029590.0,604534844.7,5.6424,0,0.1,主板,12.33,True,3,10714143710.123352,8.26,0.49273607748184034
sh.600693,2025-12-10,13.56,13.56,13.56,13.56,12.33,4398461.0,59643131.16,0.5062,0,0.1,主板,13.56,True,4,11782522947.451601,9.09,0.4917491749174918
sh.600693,2025-12-11,14.28,14.92,13.53,14.92,13.56,217096008.0,3171232801.62,24.9836,0,0.1,主板,14.92,True,5,12693257983.717318,10.0,0.492
sh.600693,2025-12-15,15.17,16.39,15.01,16.39,14.9,241852726.0,3847034786.84,27.8327,0,0.1,主板,16.39,True,1,13821996381.37874,11.7,0.400854700854701
sh.600693,2025-12-22,17.55,18.74,17.2,18.74,17.04,189182965.0,3384768894.51,21.7714,0,0.1,主板,18.74,True,1,15546859157.01333,8.38,1.2362768496420045
sh.600693,2025-12-24,19.84,21.45,19.84,21.45,19.5,221348669.0,4666726104.38,25.473,0,0.1,主板,21.45,True,1,18320284632.277317,9.67,1.2182006204756979
sh.600696,2025-11-10,5.61,5.92,5.55,5.92,5.64,6262096.0,36330340.29,1.8722,1,0.05,ST,5.92,True,1,1940515986.0057685,5.63,0.051509769094138624
sh.600696,2025-12-08,4.32,4.4,4.19,4.4,4.19,6785320.0,29289774.83,2.0287,1,0.05,ST,4.4,True,1,1443770632.9176319,5.92,-0.2567567567567567
sh.600696,2025-12-09,4.43,4.62,4.41,4.62,4.4,18041498.0,81955176.94,5.3941,1,0.05,ST,4.62,True,2,1519348490.7584212,5.88,-0.2142857142857143
sh.600696,2025-12-22,3.16,3.45,3.16,3.45,3.29,10807001.0,36381438.29,3.2311,1,0.05,ST,3.45,True,1,1125976858.9644394,5.3,-0.34905660377358483
sh.600696,2025-12-23,3.45,3.62,3.45,3.62,3.45,11147800.0,39834010.0,3.333,1,0.05,ST,3.62,True,2,1195139813.981398,5.3,-0.3169811320754716
sh.600697,2025-12-16,13.07,14.38,13.07,14.38,13.07,10454107.0,148504007.66,6.7283,0,0.1,主板,14.38,True,1,2207154967.2279773,13.98,0.028612303290414864
sh.600702,2025-11-10,59.6,65.63,59.6,65.63,59.66,25198962.0,1600200012.6,7.5759,0,0.1,主板,65.63,True,1,21122243068.15032,58.2,0.1276632302405496
sh.600706,2025-12-17,11.1,12.28,11.1,12.28,11.16,45980438.0,552747999.49,18.1004,0,0.1,主板,12.28,True,1,3053788863.7267685,11.03,0.11332728921124202
sh.600707,2025-12-03,5.76,6.36,5.75,6.36,5.78,176169716.0,1093491250.7,4.9104,0,0.1,主板,6.36,True,1,22268883404.610622,5.88,0.08163265306122458
sh.600708,2025-12-26,3.24,3.58,3.23,3.58,3.25,61861572.0,215952099.04,2.7799,0,0.1,主板,3.58,True,1,7768340553.257311,3.49,0.025787965616045794
sh.600711,2025-11-13,11.5,12.21,11.47,12.21,11.1,252116873.0,3045418419.26,8.1575,0,0.1,主板,12.21,True,1,37332741884.891205,10.75,0.13581395348837222
sh.600712,2025-12-23,7.0,7.73,6.86,7.73,7.03,48935215.0,374559336.95,9.0848,0,0.1,主板,7.73,True,1,4122923310.914935,7.12,0.0856741573033708
sh.600714,2025-11-11,13.06,14.37,12.9,14.37,13.06,17461194.0,239661105.78,6.0592,0,0.1,主板,14.37,True,1,3955325880.9743867,12.32,0.1663961038961037
sh.600721,2025-11-28,9.39,10.11,9.22,10.11,9.19,39439721.0,385866351.31,10.2561,0,0.1,主板,10.11,True,1,3762310735.172239,8.99,0.1245828698553948
sh.600721,2025-12-05,9.78,10.77,9.49,10.77,9.79,51193263.0,530583352.65,13.3126,0,0.1,主板,10.77,True,1,3985572710.4397335,8.96,0.20200892857142838
sh.600724,2025-12-02,5.34,5.85,5.31,5.85,5.32,44088763.0,253654316.83,3.0512,0,0.1,主板,5.85,True,1,8313264185.566335,5.49,0.06557377049180313
sh.600725,2025-12-17,3.7,4.08,3.68,4.08,3.71,93446124.0,371830411.65,7.582,0,0.1,主板,4.08,True,1,4904120438.538644,3.8,0.0736842105263158
sh.600730,2025-11-28,11.48,12.61,11.43,12.61,11.46,78409388.0,969058009.48,13.3655,0,0.1,主板,12.61,True,1,7250443376.454304,10.32,0.2218992248062015
sh.600730,2025-12-12,14.45,15.91,14.35,15.91,14.46,77964307.0,1233963379.61,13.2896,0,0.1,主板,15.91,True,1,9285180739.901878,10.06,0.5815109343936382
sh.600733,2025-12-16,8.24,8.24,7.86,8.24,7.49,364313546.0,2951786744.39,7.4476,0,0.1,主板,8.24,True,1,39634066603.87238,7.91,0.041719342604298326
sh.600734,2025-11-05,3.99,4.09,3.9,4.09,3.72,244224602.0,990648372.97,11.214,0,0.1,主板,4.09,True,1,8834032218.38773,3.69,0.10840108401084003
sh.600734,2025-11-20,3.81,4.2,3.77,4.2,3.82,295539382.0,1216855073.4,13.5702,0,0.1,主板,4.2,True,1,8967112300.48194,3.47,0.21037463976945237
sh.600734,2025-11-21,4.52,4.62,4.51,4.62,4.2,199480904.0,918011895.03,9.1595,0,0.1,主板,4.62,True,2,10022510999.836237,3.48,0.3275862068965518
sh.600734,2025-11-24,5.08,5.08,4.95,5.08,4.62,473444683.0,2403638960.64,21.7391,0,0.1,主板,5.08,True,3,11056754698.400576,3.47,0.4639769452449567
sh.600734,2025-11-25,5.27,5.59,5.21,5.59,5.08,280215085.0,1525297007.92,12.8666,0,0.1,主板,5.59,True,4,11854701381.25068,3.61,0.5484764542936289
sh.600734,2025-11-26,6.15,6.15,6.15,6.15,5.59,44017921.0,270710214.15,2.0212,0,0.1,主板,6.15,True,5,13393539192.06412,3.5,0.7571428571428573
sh.600734,2025-12-01,4.93,5.59,4.83,5.59,5.08,638559165.0,3347467511.49,29.3206,0,0.1,主板,5.59,True,1,11416776980.996296,3.64,0.5357142857142856
sh.600734,2025-12-05,5.43,6.09,5.42,6.09,5.54,787148454.0,4670012152.7,36.1433,0,0.1,主板,6.09,True,1,12920823922.27605,3.79,0.6068601583113455
sh.600734,2025-12-08,6.13,6.7,6.11,6.7,6.09,836074358.0,5437869783.92,38.3898,0,0.1,主板,6.7,True,2,14164881775.68,3.9,0.7179487179487181
sh.600735,2025-11-03,7.69,7.69,7.61,7.69,7.32,7728631.0,59409353.77,1.8166,1,0.05,ST,7.69,True,6,3270359670.263129,5.6,0.37321428571428594
sh.600735,2025-11-10,6.81,6.96,6.81,6.96,6.63,8873159.0,61320606.74,2.0856,1,0.05,ST,6.96,True,1,2940190196.5861144,4.56,0.5263157894736843
sh.600735,2025-11-24,5.9,5.9,5.85,5.9,5.62,10673420.0,62970393.0,2.5087,1,0.05,ST,5.9,True,1,2510080639.374975,6.02,-0.019933554817275656
sh.600735,2025-11-27,5.92,6.27,5.91,6.27,5.97,20198800.0,124349507.0,4.7476,1,0.05,ST,6.27,True,1,2619207747.0722046,6.97,-0.1004304160688666
sh.600735,2025-12-25,4.84,5.04,4.82,5.04,4.8,7572600.0,37740884.0,1.7799,1,0.05,ST,5.04,True,1,2120393505.2531042,6.27,-0.19617224880382766
sh.600736,2025-12-26,6.02,6.61,6.02,6.61,6.01,84425236.0,552817307.63,7.3331,0,0.1,主板,6.61,True,1,7538657697.699472,5.6,0.18035714285714288
sh.600736,2025-12-29,6.84,7.27,6.71,7.27,6.61,142364423.0,1011174419.65,12.3656,0,0.1,主板,7.27,True,2,8177317879.035388,5.76,0.2621527777777777
sh.600737,2025-11-11,15.91,17.62,15.91,17.62,16.02,59542231.0,1020629536.06,2.7838,0,0.1,主板,17.62,True,1,36663177529.27653,15.89,0.1088735053492762
sh.600737,2025-11-12,18.62,19.38,18.33,19.38,17.62,85961756.0,1641844389.26,4.0191,0,0.1,主板,19.38,True,2,40851045986.9125,15.93,0.21657250470809797
sh.600737,2025-12-15,16.77,18.49,16.77,18.49,16.81,66176919.0,1199018878.82,3.094,0,0.1,主板,18.49,True,1,38753034221.71945,18.02,0.026082130965593642
sh.600751,2025-11-10,4.54,4.9,4.54,4.9,4.45,112445316.0,546748984.06,4.3699,0,0.1,主板,4.9,True,1,12511704708.574564,4.76,0.02941176470588247
sh.600753,2025-11-17,7.92,8.4,7.92,8.4,8.0,9597100.0,79510598.11,4.1671,1,0.05,ST,8.4,True,1,1908055916.8246503,7.28,0.15384615384615397
sh.600754,2025-11-10,22.97,25.21,22.95,25.21,22.92,52734516.0,1301591016.29,5.8203,0,0.1,主板,25.21,True,1,22362954079.5148,22.26,0.13252470799640603
sh.600755,2025-12-25,7.73,7.93,7.36,7.93,7.21,385087662.0,2970681723.59,18.0609,0,0.1,主板,7.93,True,1,16448137820.319033,6.47,0.22565687789799083
sh.600755,2025-12-26,7.8,8.72,7.46,8.72,7.93,401111575.0,3248830236.71,18.8125,0,0.1,主板,8.72,True,2,17269529497.461792,6.65,0.3112781954887218
sh.600756,2025-11-05,17.26,19.46,17.25,19.46,17.69,73479674.0,1376047587.47,22.672,0,0.1,主板,19.46,True,1,6069370092.934015,15.5,0.25548387096774205
sh.600756,2025-11-17,17.88,19.69,17.88,19.69,17.9,34321539.0,667882687.13,10.5898,0,0.1,主板,19.69,True,1,6306848921.887099,15.9,0.2383647798742139
sh.600756,2025-11-18,21.66,21.66,21.66,21.66,19.69,8401680.0,181980388.8,2.5923,0,0.1,主板,21.66,True,2,7020035829.186438,15.93,0.35969868173258
sh.600756,2025-11-19,23.83,23.83,23.83,23.83,21.66,5318105.0,126730442.15,1.6409,0,0.1,主板,23.83,True,3,7723227628.130904,15.68,0.5197704081632653
sh.600759,2025-11-03,2.37,2.61,2.37,2.61,2.37,506106657.0,1292793120.98,12.2139,0,0.1,主板,2.61,True,1,10584605416.615496,2.27,0.14977973568281922
sh.600759,2025-11-05,2.6,2.82,2.58,2.82,2.56,682860309.0,1883055454.65,16.4795,0,0.1,主板,2.82,True,1,11426654052.914227,2.27,0.2422907488986783
sh.600759,2025-12-22,2.66,2.93,2.66,2.93,2.66,589975524.0,1687820357.53,14.2379,0,0.1,主板,2.93,True,1,11854419243.919397,2.61,0.12260536398467448
sh.600759,2025-12-26,2.76,3.05,2.75,3.05,2.77,534333865.0,1584527367.45,12.8951,0,0.1,主板,3.05,True,1,12287825355.755287,2.67,0.14232209737827706
sh.600759,2025-12-29,3.14,3.36,3.12,3.36,3.05,478768422.0,1580456239.35,11.5542,0,0.1,主板,3.36,True,2,13678629756.711843,2.72,0.23529411764705865
sh.600761,2025-12-24,19.35,21.38,19.28,21.38,19.44,37876054.0,789402089.32,4.2524,0,0.1,主板,21.38,True,1,18563683786.097263,19.45,0.09922879177377886
sh.600764,2025-11-24,30.16,33.61,30.08,33.61,30.55,39186852.0,1282154823.32,5.5144,0,0.1,主板,33.61,True,1,23251030453.35848,30.87,0.08875931324910913
sh.600776,2025-12-12,14.99,16.09,14.88,16.09,14.63,35591130.0,561891501.94,3.7229,0,0.1,主板,16.09,True,1,15092844340.164927,13.62,0.18135095447870775
sh.600776,2025-12-30,15.2,16.89,15.2,16.89,15.35,72225078.0,1196758385.0,7.5549,0,0.1,主板,16.89,True,1,15840823637.639147,13.59,0.2428256070640178
sh.600779,2025-12-25,36.15,39.8,36.04,39.8,36.18,11113023.0,429106196.01,2.2796,0,0.1,主板,39.8,True,1,18823749605.63257,40.14,-0.008470353761833693
sh.600783,2025-12-24,16.08,17.44,15.98,17.44,15.85,43611532.0,743396597.44,5.8589,0,0.1,主板,17.44,True,1,12688330530.304323,14.31,0.21872816212438861
sh.600783,2025-12-25,19.17,19.18,17.86,19.18,17.44,51008263.0,951793716.92,6.8526,0,0.1,主板,19.18,True,2,13889526849.95476,14.6,0.3136986301369864
sh.600783,2025-12-26,21.1,21.1,20.58,21.1,19.18,29197507.0,614681434.3,3.9225,0,0.1,主板,21.1,True,3,15670654794.136393,14.79,0.4266396213657879
sh.600783,2025-12-29,23.21,23.21,23.21,23.21,21.1,2234434.0,51861213.14,0.3002,0,0.1,主板,23.21,True,4,17275554010.65956,14.5,0.6006896551724139
sh.600783,2025-12-31,23.66,24.73,23.05,24.73,22.48,121363645.0,2948036887.69,16.3044,0,0.1,主板,24.73,True,1,18081235051.21317,15.21,0.6259040105193951
sh.600792,2025-11-14,4.9,5.36,4.9,5.36,4.87,69306603.0,351000309.14,6.2443,0,0.1,主板,5.36,True,1,5621131418.093301,4.23,0.2671394799054374
sh.600793,2025-12-25,21.28,23.41,21.23,23.41,21.28,12243010.0,276700235.1,6.9207,0,0.1,主板,23.41,True,1,3998153873.16312,22.38,0.04602323503127792
sh.600800,2025-12-05,4.59,5.05,4.59,5.05,4.59,100149480.0,500611258.13,9.0247,0,0.1,主板,5.05,True,1,5547123540.173081,4.11,0.22871046228710457
sh.600802,2025-11-04,6.9,7.81,6.85,7.81,7.1,70619994.0,526619876.7,15.4109,0,0.1,主板,7.81,True,1,3417190927.8497686,5.89,0.3259762308998302
sh.600802,2025-11-25,6.62,7.15,6.52,7.15,6.5,32373570.0,221982211.83,7.0646,0,0.1,主板,7.15,True,1,3142176653.0306034,7.1,0.007042253521126751
sh.600802,2025-11-28,6.79,7.49,6.76,7.49,6.81,26310533.0,190773010.07,5.7415,0,0.1,主板,7.49,True,1,3322703301.7504134,7.3,0.026027397260274032
sh.600807,2025-11-13,3.65,3.88,3.6,3.88,3.53,56188867.0,215941758.12,7.1395,0,0.1,主板,3.88,True,1,3024606178.5839343,3.08,0.2597402597402596
sh.600810,2025-11-11,10.29,11.11,10.23,11.11,10.1,71100645.0,769722535.19,6.9689,0,0.1,主板,11.11,True,1,11045108054.212288,11.18,-0.0062611806797853164
sh.600815,2025-11-04,3.1,3.37,3.06,3.37,3.06,62131650.0,206253916.5,3.5022,0,0.1,主板,3.37,True,1,5889267217.748843,2.73,0.2344322344322345
sh.600815,2025-11-05,3.71,3.71,3.67,3.71,3.37,199622691.0,740575825.61,11.2521,0,0.1,主板,3.71,True,2,6581667649.68317,2.72,0.36397058823529393
sh.600815,2025-11-10,3.51,4.02,3.43,4.02,3.65,363969350.0,1380823310.02,20.5158,0,0.1,主板,4.02,True,1,6730536025.989725,2.72,0.47794117647058787
sh.600815,2025-11-13,3.7,4.08,3.65,4.08,3.71,139765154.0,557809081.82,7.8781,0,0.1,主板,4.08,True,1,7080502682.372654,2.74,0.4890510948905109
sh.600815,2025-11-17,4.35,4.58,4.26,4.58,4.16,163751399.0,741567101.66,9.2301,0,0.1,主板,4.58,True,1,8034226082.707663,2.86,0.6013986013986015
sh.600815,2025-11-28,3.7,3.85,3.65,3.85,3.5,88022101.0,334379025.85,4.9615,0,0.1,主板,3.85,True,1,6739474470.422252,3.06,0.25816993464052285
sh.600819,2025-11-10,8.65,9.36,8.58,9.36,8.51,50071073.0,457675143.36,6.6992,0,0.1,主板,9.36,True,1,6831788024.838787,7.47,0.2530120481927711
sh.600824,2025-12-18,4.4,4.9,4.4,4.9,4.45,112283808.0,539781848.8,10.6528,0,0.1,主板,4.9,True,1,5067041987.083208,4.52,0.08407079646017723
sh.600824,2025-12-25,4.75,5.16,4.69,5.16,4.69,59692497.0,302319049.92,5.6633,0,0.1,主板,5.16,True,1,5338213584.30597,4.57,0.12910284463894972
sh.600826,2025-11-20,10.86,11.76,10.86,11.76,10.69,17030837.0,197621498.97,2.3154,0,0.1,主板,11.76,True,1,8535091084.477845,11.11,0.05850585058505864
sh.600828,2025-11-25,4.2,4.62,4.16,4.62,4.2,27495073.0,123539887.86,1.5881,0,0.1,主板,4.62,True,1,7779100047.855928,4.07,0.1351351351351351
sh.600828,2025-11-26,4.89,5.08,4.65,5.08,4.62,46867835.0,229184694.31,2.707,0,0.1,主板,5.08,True,2,8466372157.739195,4.03,0.26054590570719594
sh.600828,2025-11-27,5.59,5.59,5.59,5.59,5.08,7310973.0,40868339.07,0.4223,0,0.1,主板,5.59,True,3,9677560755.387165,3.94,0.41878172588832485
sh.600828,2025-11-28,6.15,6.15,5.93,6.15,5.59,83336633.0,508640503.33,4.8134,0,0.1,主板,6.15,True,4,10567177116.591185,4.04,0.5222772277227723
sh.600828,2025-12-02,5.55,6.53,5.55,6.53,5.94,137157616.0,842018450.13,7.922,0,0.1,主板,6.53,True,1,10628862031.431458,4.1,0.5926829268292686
sh.600828,2025-12-09,5.74,6.48,5.51,6.48,5.89,113826949.0,685917586.42,6.5744,0,0.1,主板,6.48,True,1,10433158712.886347,4.37,0.4828375286041191
sh.600828,2025-12-10,7.01,7.13,6.92,7.13,6.48,44958970.0,318036558.22,2.5967,0,0.1,主板,7.13,True,2,12247720499.865215,4.32,0.6504629629629628
sh.600828,2025-12-16,6.4,7.17,6.4,7.17,6.52,161164169.0,1115878607.5,9.3085,0,0.1,主板,7.17,True,1,11987738169.41505,4.37,0.6407322654462242
sh.600828,2025-12-29,5.85,6.3,5.51,6.3,5.73,99044202.0,587269935.17,5.7206,0,0.1,主板,6.3,True,1,10265880067.999859,5.94,0.06060606060606055
sh.600829,2025-11-10,9.2,10.33,9.15,10.33,9.39,30883062.0,312510943.46,5.3257,0,0.1,主板,10.33,True,1,5867978734.438664,7.92,0.3042929292929293
sh.600829,2025-11-11,11.36,11.36,11.36,11.36,10.33,6030450.0,68505912.0,1.0399,0,0.1,主板,11.36,True,2,6587740359.649966,8.0,0.41999999999999993
sh.600829,2025-11-12,12.5,12.5,12.5,12.5,11.36,4782388.0,59779850.0,0.8247,0,0.1,主板,12.5,True,3,7248678307.2632475,8.08,0.5470297029702971
sh.600829,2025-11-13,13.75,13.75,13.75,13.75,12.5,6935976.0,95369670.0,1.1961,0,0.1,主板,13.75,True,4,7973386004.514673,8.1,0.6975308641975309
sh.600829,2025-11-14,15.13,15.13,14.68,15.13,13.75,42763282.0,645230353.3,7.3744,0,0.1,主板,15.13,True,5,8749597978.140594,8.01,0.8888888888888891
sh.600829,2025-11-17,16.64,16.64,16.2,16.64,15.13,76802128.0,1276133498.91,13.2443,0,0.1,主板,16.64,True,6,9635341232.907742,8.22,1.0243309002433088
sh.600829,2025-11-26,11.94,13.18,11.68,13.18,11.98,53885253.0,671683541.06,9.2923,0,0.1,主板,13.18,True,1,7228388462.059985,8.43,0.5634638196915778
sh.600829,2025-12-02,12.45,13.49,12.19,13.49,12.26,45062581.0,582521053.73,7.7709,0,0.1,主板,13.49,True,1,7496185174.561505,9.71,0.38928939237899063
sh.600831,2025-11-11,4.97,5.5,4.95,5.5,5.0,39850300.0,212955445.22,5.6052,0,0.1,主板,5.5,True,1,3799247934.4180403,4.84,0.13636363636363646
sh.600835,2025-11-26,29.63,33.0,29.63,33.0,30.0,53754676.0,1703275848.7,6.6651,0,0.1,主板,33.0,True,1,25555143189.149452,25.72,0.28304821150855375
sh.600838,2025-12-18,9.17,10.08,9.08,10.08,9.16,42903529.0,420118481.96,10.7023,0,0.1,主板,10.08,True,1,3925497154.4434376,8.93,0.12877939529675264
sh.600838,2025-12-19,10.09,11.09,10.08,11.09,10.08,72207781.0,781730286.19,18.0122,0,0.1,主板,11.09,True,2,4340004475.799736,8.53,0.30011723329425566
sh.600855,2025-11-24,15.0,16.68,14.98,16.68,15.16,46929007.0,766527194.42,10.0353,0,0.1,主板,16.68,True,1,7638308714.438033,15.28,0.09162303664921478
sh.600855,2025-12-09,18.23,20.46,18.09,20.46,18.6,99476252.0,1975035756.89,21.272,0,0.1,主板,20.46,True,1,9284673546.869125,15.11,0.35407015221707483
sh.600855,2025-12-12,18.2,20.34,18.17,20.34,18.49,38267490.0,764706154.24,8.1831,0,0.1,主板,20.34,True,1,9344944510.515575,15.15,0.34257425742574243
sh.600858,2025-12-26,6.7,7.46,6.7,7.46,6.78,64763410.0,478373380.85,12.5135,0,0.1,主板,7.46,True,1,3822858359.7714467,5.93,0.258010118043845
sh.600865,2025-12-11,9.78,10.8,9.45,10.8,9.82,48844954.0,506165834.15,12.9824,0,0.1,主板,10.8,True,1,3898861798.6658854,9.61,0.12382934443288263
sh.600865,2025-12-12,11.17,11.88,10.36,11.88,10.8,59966286.0,669270372.27,15.9383,0,0.1,主板,11.88,True,2,4199132732.2863793,9.73,0.22096608427543685
sh.600865,2025-12-15,11.59,13.07,11.4,13.07,11.88,64629909.0,817024203.17,17.1778,0,0.1,主板,13.07,True,3,4756279635.168647,9.68,0.350206611570248
sh.600865,2025-12-16,14.38,14.38,14.38,14.38,13.07,8548274.0,122924180.12,2.272,0,0.1,主板,14.38,True,4,5410395251.760564,9.52,0.5105042016806725
sh.600865,2025-12-17,15.82,15.82,15.11,15.82,14.38,89942487.0,1414820235.82,23.9056,0,0.1,主板,15.82,True,5,5918363211.214108,9.54,0.658280922431866
sh.600865,2025-12-18,16.53,17.4,15.41,17.4,15.82,87530265.0,1463878775.4,23.2645,0,0.1,主板,17.4,True,6,6292328549.506759,9.27,0.8770226537216828
sh.600865,2025-12-25,20.9,21.7,20.2,21.7,19.73,79039554.0,1678958041.24,21.0077,0,0.1,主板,21.7,True,1,7992107852.073288,9.57,1.2675026123301985
sh.600868,2025-11-26,3.15,3.16,3.15,3.16,2.87,42329391.0,133714543.56,2.23,0,0.1,主板,3.16,True,1,5996167872.6457405,2.91,0.08591065292096212
sh.600868,2025-11-28,3.16,3.58,3.08,3.58,3.25,423004119.0,1403317362.15,22.2851,0,0.1,主板,3.58,True,1,6297110455.640765,2.9,0.23448275862068968
sh.600868,2025-12-01,3.64,3.94,3.63,3.94,3.58,195597357.0,751200924.78,10.3046,0,0.1,主板,3.94,True,2,7289957152.921995,2.93,0.3447098976109213
sh.600868,2025-12-05,3.46,3.81,3.44,3.81,3.46,309773625.0,1134426599.64,16.3198,0,0.1,主板,3.81,True,1,6951228566.771652,3.16,0.20569620253164556
sh.600868,2025-12-12,3.65,3.94,3.65,3.94,3.58,154457516.0,599823348.39,8.1373,0,0.1,主板,3.94,True,1,7371282223.7105665,3.39,0.16224188790560468
sh.600871,2025-11-12,2.35,2.59,2.35,2.59,2.35,385503397.0,969390391.64,2.8457,0,0.1,主板,2.59,True,1,34065094410.51411,2.11,0.22748815165876768
sh.600875,2025-12-12,22.3,24.05,22.3,24.05,21.86,138118717.0,3228697852.11,6.1024,0,0.1,主板,24.05,True,1,52908656464.83351,23.0,0.04565217391304355
sh.600877,2025-11-27,14.37,15.83,14.3,15.83,14.39,59625781.0,925754244.83,5.0357,0,0.1,主板,15.83,True,1,18383824390.45217,13.54,0.16912850812407698
sh.600879,2025-12-15,14.6,15.82,14.38,15.82,14.38,471543113.0,7244239728.61,14.2922,0,0.1,主板,15.82,True,1,50686666353.7454,10.96,0.4434306569343065
sh.600879,2025-12-16,16.51,17.4,15.8,17.4,15.82,610879466.0,10213303187.48,18.5154,0,0.1,主板,17.4,True,2,55161126346.06868,10.74,0.6201117318435752
sh.600879,2025-12-25,16.71,18.61,16.61,18.61,16.92,642358273.0,11587583731.46,19.4695,0,0.1,主板,18.61,True,1,59516596376.17812,10.72,0.7360074626865669
sh.600879,2025-12-31,19.37,21.32,19.3,21.32,19.38,618888806.0,12707111125.71,18.7582,0,0.1,主板,21.32,True,1,67741633662.66486,11.34,0.8800705467372134
sh.600881,2025-11-20,2.02,2.18,2.02,2.18,1.98,215150438.0,461655179.56,6.6566,0,0.1,主板,2.18,True,1,6935299996.394555,1.94,0.12371134020618557
sh.600885,2025-11-05,29.99,33.55,29.3,33.55,30.5,48131396.0,1552772287.04,3.2972,0,0.1,主板,33.55,True,1,47093663928.18148,26.36,0.2727617602427921
sh.600892,2025-11-27,3.65,3.8,3.64,3.8,3.62,8632000.0,32646264.0,1.5433,1,0.05,ST,3.8,True,1,2115354370.5047626,4.01,-0.052369077306733125
sh.600892,2025-12-25,3.38,3.61,3.37,3.61,3.44,13284200.0,46677829.0,2.3751,1,0.05,ST,3.61,True,1,1965299524.2305584,3.8,-0.04999999999999993
sh.600897,2025-12-08,17.1,18.92,17.0,18.92,17.2,17623184.0,318462120.1,4.2269,0,0.1,主板,18.92,True,1,7534176822.257447,17.24,0.09744779582366614
sh.600897,2025-12-09,19.6,20.81,19.31,20.81,18.92,51791615.0,1054190693.17,12.422,0,0.1,主板,20.81,True,2,8486481187.972951,16.85,0.23501483679525204
sh.600936,2025-12-11,3.66,3.74,3.66,3.74,3.4,25529836.0,95372711.64,1.5278,0,0.1,主板,3.74,True,1,6242486689.357245,3.7,0.010810810810810922
sh.600936,2025-12-12,4.05,4.11,3.83,4.11,3.74,162650845.0,656881549.49,9.7336,0,0.1,主板,4.11,True,2,6748598149.605491,3.71,0.1078167115902966
sh.600936,2025-12-15,4.18,4.52,4.18,4.52,4.11,247274594.0,1098873872.99,14.7978,0,0.1,主板,4.52,True,3,7425927320.209761,3.78,0.1957671957671958
sh.600936,2025-12-19,3.89,4.3,3.85,4.3,3.91,112882746.0,468053408.74,6.7553,0,0.1,主板,4.3,True,1,6928684273.681405,3.47,0.239193083573487
sh.600939,2025-11-06,3.3,3.61,3.26,3.61,3.28,65686800.0,229596421.0,3.4539,0,0.1,主板,3.61,True,1,6647454211.181563,3.32,0.08734939759036142
sh.600939,2025-11-07,3.97,3.97,3.97,3.97,3.61,41009060.0,162805968.2,2.1563,0,0.1,主板,3.97,True,2,7550246635.440338,3.34,0.18862275449101817
sh.600939,2025-11-10,4.2,4.37,4.0,4.37,3.97,107597902.0,449802849.67,5.6577,0,0.1,主板,4.37,True,3,7950277492.090425,3.31,0.3202416918429003
sh.600939,2025-11-28,3.47,3.82,3.44,3.82,3.47,71281437.0,264492686.91,3.7481,0,0.1,主板,3.82,True,1,7056713719.217737,3.17,0.20504731861198744
sh.600962,2025-12-24,23.08,23.43,23.08,23.43,21.3,6110539.0,142792859.77,2.3304,0,0.1,主板,23.43,True,1,6127397003.518709,20.01,0.1709145427286356
sh.600966,2025-11-06,5.23,5.74,5.19,5.74,5.22,53316436.0,295895138.54,3.9882,0,0.1,主板,5.74,True,1,7419265296.123566,5.0,0.14800000000000013
sh.600966,2025-12-25,6.26,6.81,6.24,6.81,6.19,42128526.0,277824700.48,3.1513,0,0.1,主板,6.81,True,1,8816193332.27557,6.35,0.07244094488188968
sh.600973,2025-12-08,6.29,6.48,6.16,6.48,5.89,200944029.0,1293649806.85,14.6528,0,0.1,主板,6.48,True,1,8828686714.143372,5.85,0.10769230769230775
sh.600977,2025-11-05,15.68,17.26,15.55,17.26,15.69,131167967.0,2182336202.95,7.0256,0,0.1,主板,17.26,True,1,31062630991.659077,15.64,0.1035805626598465
sh.600977,2025-11-28,15.65,17.29,15.65,17.29,15.72,101255187.0,1681074259.44,5.4234,0,0.1,主板,17.29,True,1,30996685832.503597,14.46,0.1957123098201936
sh.600977,2025-12-01,19.02,19.02,19.02,19.02,17.29,19223628.0,365633404.56,1.0297,0,0.1,主板,19.02,True,2,35508731141.10906,15.04,0.2646276595744681
sh.600981,2025-11-28,2.8,3.08,2.78,3.08,2.8,63051838.0,191838200.04,2.8118,0,0.1,主板,3.08,True,1,6822611851.483037,2.84,0.08450704225352124
sh.600981,2025-12-01,3.06,3.39,3.03,3.39,3.08,162510542.0,515390534.93,7.2471,0,0.1,主板,3.39,True,2,7111679636.406287,2.94,0.15306122448979598
sh.600981,2025-12-02,3.55,3.73,3.53,3.73,3.39,103457204.0,381722135.92,4.6136,0,0.1,主板,3.73,True,3,8273845498.526098,2.94,0.26870748299319724
sh.600981,2025-12-05,3.44,3.71,3.44,3.71,3.37,121588288.0,439841313.41,5.4222,0,0.1,主板,3.71,True,1,8111860746.7448635,2.91,0.27491408934707895
sh.600984,2025-12-05,4.13,4.59,4.1,4.59,4.17,63629492.0,284062693.18,5.0618,0,0.1,主板,4.59,True,1,5611890892.172745,3.94,0.16497461928933999
sh.600990,2025-12-12,28.5,31.13,28.14,31.13,28.3,18064742.0,548455429.33,6.7152,0,0.1,主板,31.13,True,1,8167372964.7665,25.28,0.2314082278481011
sh.600990,2025-12-19,28.8,31.19,28.73,31.19,28.35,18481869.0,564717605.66,6.8703,0,0.1,主板,31.19,True,1,8219693545.551139,24.3,0.2835390946502059
sh.600996,2025-11-20,9.72,10.52,9.55,10.52,9.56,48577596.0,482174136.86,3.8962,0,0.1,主板,10.52,True,1,12375497583.7996,9.45,0.11322751322751334
sh.600996,2025-11-21,10.5,11.57,10.41,11.57,10.52,116430248.0,1298646746.29,9.3383,0,0.1,主板,11.57,True,2,13906671945.536125,9.68,0.19524793388429762
sh.601010,2025-11-28,2.7,2.97,2.69,2.97,2.7,142868440.0,410544412.83,7.731,0,0.1,主板,2.97,True,1,5310366224.67986,2.66,0.11654135338345872
sh.601011,2025-11-05,3.89,4.32,3.87,4.32,3.93,280371840.0,1195273036.26,14.6357,0,0.1,主板,4.32,True,1,8166832035.775535,2.88,0.5000000000000002
sh.601015,2025-11-06,4.94,4.95,4.67,4.95,4.5,112815114.0,550676213.37,5.5234,0,0.1,主板,4.95,True,1,9969877491.581272,3.56,0.3904494382022472
sh.601061,2025-11-11,15.59,17.15,15.34,17.15,15.59,89508581.0,1463467308.28,17.8605,0,0.1,主板,17.15,True,1,8193876477.590214,10.35,0.6570048309178742
sh.601068,2025-12-22,5.03,5.53,5.03,5.53,5.03,51268068.0,273482818.79,2.003,0,0.1,主板,5.53,True,1,13653660448.82676,5.25,0.053333333333333455
sh.601089,2025-11-26,22.5,24.53,22.39,24.53,22.3,11378544.0,273575183.32,2.3705,0,0.1,主板,24.53,True,1,11540821907.614428,22.01,0.11449341208541575
sh.601100,2025-11-27,92.48,101.38,92.25,101.38,92.16,32269387.0,3171910534.76,2.4067,0,0.1,主板,101.38,True,1,131795011208.70905,96.5,0.05056994818652849
sh.601106,2025-12-05,3.11,3.42,3.09,3.42,3.11,168831871.0,565124841.13,2.4619,0,0.1,主板,3.42,True,1,22954825180.957798,3.27,0.04587155963302747
sh.601106,2025-12-08,3.58,3.76,3.45,3.76,3.42,328512560.0,1200538589.4,4.7904,0,0.1,主板,3.76,True,2,25061343299.098198,3.27,0.14984709480122316
sh.601106,2025-12-12,3.55,3.89,3.52,3.89,3.54,259939712.0,989040960.34,3.7904,0,0.1,主板,3.89,True,1,26093313643.414944,3.31,0.17522658610271913
sh.601106,2025-12-19,3.58,3.83,3.58,3.83,3.48,210828988.0,799226871.74,3.0743,0,0.1,主板,3.83,True,1,25997035804.5734,3.04,0.25986842105263164
sh.601106,2025-12-22,4.0,4.21,3.87,4.21,3.83,404016283.0,1674072087.87,5.8914,0,0.1,主板,4.21,True,2,28415522420.307564,3.04,0.38486842105263164
sh.601113,2025-11-17,4.11,4.51,4.09,4.51,4.1,109092144.0,479616286.87,9.8802,0,0.1,主板,4.51,True,1,4854317593.469768,4.11,0.09732360097323589
sh.601113,2025-12-29,4.37,4.81,4.36,4.81,4.37,118178582.0,556221319.34,10.7031,0,0.1,主板,4.81,True,1,5196824465.248386,4.53,0.061810154525386185
sh.601116,2025-11-13,13.05,14.64,13.04,14.64,13.31,44699647.0,620332387.39,8.1617,0,0.1,主板,14.64,True,1,7600529146.991436,15.2,-0.03684210526315779
sh.601116,2025-11-24,14.73,15.74,14.41,15.74,14.31,33767977.0,511032418.95,6.1657,0,0.1,主板,15.74,True,1,8288311448.01077,14.34,0.0976290097629009
sh.601116,2025-11-26,15.88,17.49,15.88,17.49,15.9,72922612.0,1200059976.06,13.3149,0,0.1,主板,17.49,True,1,9012910168.758307,14.22,0.22995780590717274
sh.601118,2025-12-22,5.63,6.08,5.61,6.08,5.53,129404333.0,774668470.97,3.0239,0,0.1,主板,6.08,True,1,25618190779.126297,5.69,0.06854130052724061
sh.601121,2025-11-10,7.48,8.17,7.48,8.17,7.43,68536197.0,548442510.2,18.0358,0,0.1,主板,8.17,True,1,3040854911.897449,7.22,0.13157894736842102
sh.601133,2025-12-12,13.71,15.0,13.67,15.0,13.64,27380855.0,402291054.41,18.3288,0,0.1,主板,15.0,True,1,2194857570.6538343,12.92,0.1609907120743035
sh.601133,2025-12-23,16.09,17.85,16.09,17.85,16.23,31780434.0,555369112.8,21.2739,0,0.1,主板,17.85,True,1,2610565588.820103,13.56,0.3163716814159292
sh.601179,2025-11-06,8.96,9.78,8.7,9.78,8.89,694489543.0,6613305229.21,13.5487,0,0.1,主板,9.78,True,1,48811363667.43672,7.07,0.3833097595473831
sh.601179,2025-12-12,8.26,9.08,8.26,9.08,8.25,250860176.0,2197736657.9,4.894,0,0.1,主板,9.08,True,1,44906756393.54311,9.32,-0.025751072961373467
sh.601198,2025-12-18,14.44,14.44,14.44,14.44,13.13,12824031.0,185179007.64,0.3967,0,0.1,主板,14.44,True,1,46679860761.28056,13.13,0.0997715156130996
sh.601208,2025-11-20,17.6,18.46,17.6,18.46,16.78,105274879.0,1926169636.51,10.3401,0,0.1,主板,18.46,True,1,18628152885.465324,19.21,-0.039042165538781926
sh.601208,2025-12-15,19.55,21.84,19.16,21.84,19.85,93273865.0,1930660952.34,9.1614,0,0.1,主板,21.84,True,1,21073863736.328506,17.18,0.2712456344586729
sh.601208,2025-12-23,24.89,26.63,24.82,26.63,24.21,69909668.0,1826026680.54,6.8666,0,0.1,主板,26.63,True,1,26592879744.560627,19.3,0.3797927461139896
sh.601212,2025-12-22,5.27,5.7,5.26,5.7,5.18,302904649.0,1691342278.05,4.0907,0,0.1,主板,5.7,True,1,41346035594.15259,4.61,0.2364425162689805
sh.601226,2025-11-10,8.49,8.49,8.34,8.49,7.72,39316075.0,333166217.09,3.3828,0,0.1,主板,8.49,True,1,9848829877.320562,7.29,0.1646090534979423
sh.601231,2025-12-08,22.53,24.77,22.3,24.77,22.52,43620813.0,1056053876.2,1.9819,0,0.1,主板,24.77,True,1,53284922357.33388,22.98,0.07789382071366391
sh.601231,2025-12-17,26.24,28.19,26.24,28.19,25.63,41225079.0,1154625064.32,1.8731,0,0.1,主板,28.19,True,1,61642467797.7684,21.6,0.30509259259259247
sh.601231,2025-12-22,26.61,28.99,25.85,28.99,26.35,61468517.0,1693122056.21,2.7746,0,0.1,主板,28.99,True,1,61022203424.277374,20.62,0.40591658583899104
sh.601231,2025-12-24,27.77,30.55,27.67,30.55,27.77,66453631.0,1945442145.91,2.9996,0,0.1,主板,30.55,True,1,64856719092.87906,21.67,0.40978311029072434
sh.601238,2025-11-24,8.36,8.36,8.35,8.36,7.6,73723124.0,616325115.64,0.9985,0,0.1,主板,8.36,True,1,61725099212.81922,7.75,0.07870967741935475
sh.601238,2025-11-28,8.39,9.25,8.3,9.25,8.41,229121520.0,2062954960.16,3.1031,0,0.1,主板,9.25,True,1,66480453744.96472,7.82,0.1828644501278771
sh.601279,2025-11-14,4.64,5.09,4.64,5.09,4.63,67444970.0,330594236.68,4.2531,0,0.1,主板,5.09,True,1,7773018190.96659,4.26,0.19483568075117375
sh.601279,2025-11-19,4.83,5.25,4.83,5.25,4.77,48517510.0,252067292.1,3.0595,0,0.1,主板,5.25,True,1,8238839421.474097,4.44,0.18243243243243223
sh.601279,2025-11-20,5.75,5.78,5.68,5.78,5.25,39619917.0,228785197.06,2.4984,0,0.1,主板,5.78,True,2,9157268534.261927,4.49,0.2873051224944321
sh.601279,2025-12-09,4.92,5.28,4.83,5.28,4.8,40186485.0,205609636.75,2.5342,0,0.1,主板,5.28,True,1,8113394236.840029,4.59,0.15032679738562105
sh.601279,2025-12-24,5.0,5.51,5.0,5.51,5.01,54000050.0,289051929.0,3.4053,0,0.1,主板,5.51,True,1,8488295568.672363,4.53,0.2163355408388521
sh.601360,2025-11-17,12.3,13.52,12.3,13.52,12.29,504191800.0,6658614847.27,7.2032,0,0.1,主板,13.52,True,1,92439677466.54266,10.32,0.31007751937984485
sh.601360,2025-11-24,12.81,13.87,12.5,13.87,12.61,477820128.0,6366474502.15,6.8264,0,0.1,主板,13.87,True,1,93262546908.32649,10.49,0.3222116301239275
sh.601366,2025-12-16,4.57,4.99,4.57,4.99,4.54,73060031.0,361744711.58,7.994,0,0.1,主板,4.99,True,1,4525202796.847635,4.73,0.05496828752642702
sh.601366,2025-12-17,5.49,5.49,5.23,5.49,4.99,127832905.0,696806537.25,13.9871,0,0.1,主板,5.49,True,2,4981779906.127789,4.84,0.1342975206611572
sh.601366,2025-12-18,5.35,6.04,5.21,6.04,5.49,202829736.0,1172683342.15,22.1931,0,0.1,主板,6.04,True,3,5283999721.309776,4.71,0.2823779193205944
sh.601399,2025-12-03,3.47,3.83,3.45,3.83,3.48,447115726.0,1657228143.76,6.1983,0,0.1,主板,3.83,True,1,26736817252.472454,3.71,0.03234501347708907
sh.601399,2025-12-04,4.08,4.21,4.08,4.21,3.83,290822024.0,1216152193.86,4.0316,0,0.1,主板,4.21,True,2,30165497416.906433,3.77,0.11671087533156488
sh.601399,2025-12-05,4.35,4.63,4.31,4.63,4.21,543312313.0,2486773325.35,7.5318,0,0.1,主板,4.63,True,3,33016985652.168144,3.72,0.2446236559139785
sh.601399,2025-12-12,4.7,5.18,4.66,5.18,4.71,376591140.0,1896838794.62,5.2206,0,0.1,主板,5.18,True,1,36333731651.917404,3.59,0.4428969359331476
sh.601399,2025-12-17,4.84,5.32,4.79,5.32,4.84,642251622.0,3340123958.41,8.9034,0,0.1,主板,5.32,True,1,37515151048.026596,3.4,0.5647058823529414
sh.601500,2025-12-02,4.26,4.69,4.25,4.69,4.26,110474019.0,502068131.79,6.9788,0,0.1,主板,4.69,True,1,7194190001.003038,4.48,0.046875
sh.601512,2025-11-03,9.22,10.19,9.16,10.19,9.26,19823853.0,193918176.27,1.3226,0,0.1,主板,10.19,True,1,14661891446.393469,9.42,0.08174097664543511
sh.601566,2025-11-12,9.51,10.4,9.44,10.4,9.45,20553651.0,209029895.48,3.5768,0,0.1,主板,10.4,True,1,5844047625.810781,8.78,0.18451025056947623
sh.601566,2025-11-13,11.0,11.44,10.92,11.44,10.4,54169661.0,605483649.64,9.4268,0,0.1,主板,11.44,True,2,6423003030.08444,8.82,0.2970521541950113
sh.601566,2025-11-14,11.31,12.58,11.1,12.58,11.44,35130030.0,432325096.24,6.1134,0,0.1,主板,12.58,True,3,7071761969.444172,8.74,0.4393592677345537
sh.601566,2025-11-17,13.84,13.84,12.96,13.84,12.58,20186247.0,277603126.48,3.5129,0,0.1,主板,13.84,True,4,7902391940.56193,8.84,0.5656108597285068
sh.601566,2025-11-18,15.22,15.22,15.22,15.22,13.84,19898723.0,302858564.06,3.4628,0,0.1,主板,15.22,True,5,8746059953.217049,8.99,0.6929922135706341
sh.601566,2025-11-19,15.83,16.74,14.41,16.74,15.22,73360457.0,1199283322.26,12.7664,0,0.1,主板,16.74,True,6,9394060363.610727,8.93,0.8745800671892496
sh.601566,2025-11-20,17.93,18.41,15.07,18.41,16.74,95947032.0,1655178333.13,16.697,0,0.1,主板,18.41,True,7,9913028287.297121,9.16,1.0098253275109168
sh.601566,2025-12-12,13.7,15.03,13.33,15.03,13.66,85738820.0,1265733394.01,14.9205,0,0.1,主板,15.03,True,1,8483183499.279514,12.58,0.1947535771065183
sh.601566,2025-12-16,13.44,15.03,13.38,15.03,13.66,40708014.0,601958423.48,7.0841,0,0.1,主板,15.03,True,1,8497316857.187222,15.22,-0.012483574244415374
sh.601566,2025-12-18,14.3,15.44,13.67,15.44,14.04,85077617.0,1273329510.17,14.8055,0,0.1,主板,15.44,True,1,8600381683.631083,18.41,-0.16132536664856056
sh.601566,2025-12-19,16.0,16.98,16.0,16.98,15.44,33631305.0,559517406.4,5.8526,0,0.1,主板,16.98,True,2,9560151153.33356,16.57,0.024743512371756093
sh.601567,2025-11-05,23.7,26.42,23.2,26.42,24.02,76370001.0,1931654379.92,5.4348,0,0.1,主板,26.42,True,1,35542326855.08206,24.54,0.07660961695191526
sh.601567,2025-11-11,28.13,28.78,28.13,28.78,26.16,16432045.0,471635894.65,1.1694,0,0.1,主板,28.78,True,1,40331443017.786896,25.65,0.12202729044834326
sh.601579,2025-11-10,21.9,23.57,21.5,23.57,21.43,37118463.0,856312965.39,7.7417,0,0.1,主板,23.57,True,1,11061045576.423784,21.13,0.11547562707051595
sh.601600,2025-11-06,9.87,10.86,9.83,10.86,9.87,696823304.0,7359065754.4,5.2927,0,0.1,主板,10.86,True,1,139041807667.1642,8.68,0.25115207373271886
sh.601606,2025-11-17,53.55,53.55,52.93,53.55,48.68,50906441.0,2723358194.98,7.0291,0,0.1,主板,53.55,True,1,38744052509.99416,48.31,0.1084661560753466
sh.601606,2025-11-24,52.22,57.43,51.0,57.43,52.21,106848717.0,5868542396.03,14.7535,0,0.1,主板,57.43,True,1,39777289429.83021,49.98,0.14905962384953986
sh.601611,2025-12-12,11.71,13.01,11.62,13.01,11.83,152541078.0,1915522832.34,5.0614,0,0.1,主板,13.01,True,1,37845711311.88999,12.48,0.04246794871794868
sh.601619,2025-12-12,4.22,4.63,4.21,4.63,4.21,144923999.0,649631110.35,5.9526,0,0.1,主板,4.63,True,1,10913401040.7217,4.59,0.008714596949891185
sh.601696,2025-12-05,12.67,13.94,12.63,13.94,12.67,170007664.0,2322218652.84,6.1198,0,0.1,主板,13.94,True,1,37945989294.421394,13.6,0.02499999999999991
sh.601698,2025-12-26,25.75,28.31,25.29,28.31,25.74,301766569.0,8131640117.06,7.1434,0,0.1,主板,28.31,True,1,113834310231.26245,20.75,0.3643373493975903
sh.601698,2025-12-31,32.24,35.73,31.8,35.73,32.48,273180383.0,9309207569.36,6.4667,0,0.1,主板,35.73,True,1,143956076041.25754,20.72,0.7244208494208493
sh.601700,2025-12-12,5.19,5.6,5.19,5.6,5.09,55434488.0,305736676.05,4.8531,0,0.1,主板,5.6,True,1,6299822300.179267,5.31,0.05461393596986808
sh.601700,2025-12-15,6.16,6.16,6.16,6.16,5.6,16596040.0,102231606.4,1.4529,0,0.1,主板,6.16,True,2,7036382848.09691,5.36,0.14925373134328357
sh.601700,2025-12-29,5.6,6.16,5.59,6.16,5.6,80782791.0,488596564.56,7.0723,0,0.1,主板,6.16,True,1,6908595005.302377,5.0,0.23199999999999998
sh.601778,2025-12-15,3.42,3.71,3.4,3.71,3.37,250841501.0,911114858.32,7.0244,0,0.1,主板,3.71,True,1,12970714343.146746,3.68,0.008152173913043459
sh.601828,2025-12-09,2.54,2.79,2.47,2.79,2.54,73753771.0,197208195.49,2.0411,0,0.1,主板,2.79,True,1,9661858580.667288,2.81,-0.007117437722419906
sh.601828,2025-12-10,2.9,3.07,2.89,3.07,2.79,149777045.0,455044057.17,4.145,0,0.1,主板,3.07,True,2,10978143719.42099,2.79,0.10035842293906794
sh.601828,2025-12-15,2.58,2.88,2.58,2.88,2.62,98058487.0,268514388.45,2.7137,0,0.1,主板,2.88,True,1,9894770551.276855,2.86,0.006993006993007089
sh.601869,2025-11-25,74.96,81.0,74.61,81.0,73.64,9453380.0,743367603.8,2.3265,0,0.1,主板,81.0,True,1,31952185849.989254,91.27,-0.11252328256820421
sh.601869,2025-12-10,88.93,98.43,87.57,98.43,89.48,30978871.0,2898314319.08,7.6239,0,0.1,主板,98.43,True,1,38016163893.5453,78.25,0.25789137380191707
sh.601869,2025-12-17,93.0,98.23,93.0,98.23,89.3,23778984.0,2300456883.76,5.852,0,0.1,主板,98.23,True,1,39310609770.33493,83.68,0.17387667304015286
sh.601869,2025-12-18,102.0,108.05,102.0,108.05,98.23,29292531.0,3139669428.09,7.2089,0,0.1,主板,108.05,True,2,43552683878.12288,78.41,0.37801300854482855
sh.601869,2025-12-22,117.8,127.05,117.8,127.05,115.5,10806091.0,1331941100.95,2.6594,0,0.1,主板,127.05,True,1,50084270923.89261,73.64,0.7252851711026616
sh.601877,2025-11-06,30.3,32.55,30.3,32.55,29.59,60587076.0,1956973753.56,2.8194,0,0.1,主板,32.55,True,1,69411000693.76463,32.16,0.012126865671641784
sh.601888,2025-11-10,79.3,86.89,78.98,86.89,78.99,91381547.0,7686644247.36,4.6803,0,0.1,主板,86.89,True,1,164234007379.01416,68.07,0.27648009402086093
sh.601888,2025-12-22,84.0,91.09,83.4,91.09,82.81,88745767.0,7833995856.01,4.5453,0,0.1,主板,91.09,True,1,172353768860.36124,78.53,0.15993887686234554
sh.601890,2025-11-19,9.7,10.65,9.69,10.65,9.68,98131383.0,1017452257.4,10.2284,0,0.1,主板,10.65,True,1,9947325656.01658,9.76,0.09118852459016402
sh.601908,2025-12-09,3.73,4.11,3.69,4.11,3.74,98049297.0,380730451.95,4.0607,0,0.1,主板,4.11,True,1,9375980790.257837,4.54,-0.09471365638766516
sh.601908,2025-12-15,3.84,4.28,3.84,4.28,3.89,145539458.0,595341569.84,6.0275,0,0.1,主板,4.28,True,1,9877089503.774368,4.38,-0.022831050228310446
sh.601929,2025-11-03,3.72,4.07,3.71,4.07,3.7,346988088.0,1385701939.21,9.943,0,0.1,主板,4.07,True,1,13936457198.129337,3.55,0.14647887323943665
sh.601929,2025-11-04,4.21,4.48,4.0,4.48,4.07,1063267665.0,4481722851.33,30.468,0,0.1,主板,4.48,True,2,14709606312.623081,3.68,0.21739130434782616
sh.601929,2025-11-05,4.48,4.93,4.26,4.93,4.48,1017422749.0,4814963034.86,29.1543,0,0.1,主板,4.93,True,3,16515447240.578577,3.77,0.3076923076923077
sh.601933,2025-12-08,3.87,4.32,3.86,4.32,3.93,430256125.0,1798563942.96,4.7411,0,0.1,主板,4.32,True,1,37935583365.88555,4.68,-0.07692307692307676
sh.601933,2025-12-09,4.38,4.75,4.17,4.75,4.32,917030139.0,4156059285.82,10.105,0,0.1,主板,4.75,True,2,41128741076.892624,4.74,0.002109704641350074
sh.601933,2025-12-16,5.04,5.56,5.04,5.56,5.05,1333706971.0,7289051358.36,14.6964,0,0.1,主板,5.56,True,1,49597529724.01404,4.58,0.2139737991266375
sh.601969,2025-11-07,9.79,10.59,9.79,10.59,9.63,60364584.0,621231129.88,3.0451,0,0.1,主板,10.59,True,1,20401009158.319923,8.89,0.19122609673790758
sh.601969,2025-11-14,11.55,13.02,11.5,13.02,11.84,109792158.0,1375616414.53,5.5385,0,0.1,主板,13.02,True,1,24837346114.110317,9.15,0.422950819672131
sh.601969,2025-12-22,10.64,11.47,10.62,11.47,10.43,59107099.0,659782813.74,2.9817,0,0.1,主板,11.47,True,1,22127739669.986923,11.25,0.019555555555555548
sh.601969,2025-12-26,10.98,11.97,10.98,11.97,10.88,90335325.0,1055735733.37,4.557,0,0.1,主板,11.97,True,1,23167341087.777046,11.65,0.02746781115879826
sh.603007,2025-12-26,5.3,5.3,5.26,5.3,5.05,22253501.0,117933343.3,4.4522,1,0.05,ST,5.3,True,1,2648877932.258209,5.7,-0.07017543859649134
sh.603007,2025-12-30,5.85,5.85,5.7,5.85,5.57,36822018.0,214587950.1,7.3669,1,0.05,ST,5.85,True,1,2912866335.9079123,5.48,0.06751824817518237
sh.603008,2025-11-05,17.03,18.73,17.03,18.73,17.03,18040277.0,324572191.21,4.8984,0,0.1,主板,18.73,True,1,6626085889.474114,17.62,0.0629965947786606
sh.603009,2025-12-30,43.55,48.4,43.44,48.4,44.0,22739922.0,1059508259.4,6.7197,0,0.1,主板,48.4,True,1,15767195848.02893,40.36,0.1992071357779981
sh.603010,2025-11-27,11.22,11.9,11.18,11.9,10.82,18481122.0,213896928.39,3.1346,0,0.1,主板,11.9,True,1,6823739181.713775,11.03,0.07887579329102468
sh.603014,2025-11-03,42.3,42.3,42.3,42.3,38.45,1150186.0,48652867.8,3.0179,0,0.1,主板,42.3,True,1,1612143139.269028,38.53,0.0978458344147417
sh.603014,2025-11-04,46.53,46.53,44.43,46.53,42.3,15781082.0,727211938.93,41.4065,0,0.1,主板,46.53,True,2,1756274833.492326,38.45,0.2101430429128739
sh.603015,2025-12-05,11.09,12.18,11.03,12.18,11.07,19776910.0,234045820.1,4.8926,0,0.1,主板,12.18,True,1,4783669625.556964,12.71,-0.041699449252557086
sh.603017,2025-11-26,11.3,11.3,11.18,11.3,10.27,20473685.0,231328718.5,7.4129,0,0.1,主板,11.3,True,1,3120623757.234011,9.87,0.1448834853090173
sh.603017,2025-12-03,10.93,11.9,10.9,11.9,10.82,25525303.0,298732030.7,9.2419,0,0.1,主板,11.9,True,1,3232365971.2829614,10.05,0.1840796019900497
sh.603017,2025-12-29,11.0,11.62,10.79,11.62,10.56,17062000.0,195165383.0,6.1776,0,0.1,主板,11.62,True,1,3159242796.555297,10.94,0.06215722120658129
sh.603021,2025-11-03,5.08,5.08,5.08,5.08,4.84,1466200.0,7448296.0,0.4583,1,0.05,ST,5.08,True,3,1625200960.0698233,4.62,0.09956709956709964
sh.603021,2025-11-04,5.33,5.33,5.26,5.33,5.08,12553740.0,66898688.4,3.9237,1,0.05,ST,5.33,True,4,1704989892.1935928,4.62,0.15367965367965364
sh.603021,2025-11-05,5.6,5.6,5.6,5.6,5.33,3392140.0,18995984.0,1.0602,1,0.05,ST,5.6,True,5,1791735898.8870025,4.63,0.20950323974082075
sh.603021,2025-11-10,5.09,5.37,5.03,5.37,5.11,17505060.0,91680623.4,5.4712,1,0.05,ST,5.37,True,1,1675694973.680363,4.29,0.25174825174825166
sh.603021,2025-11-13,5.21,5.49,5.21,5.49,5.23,4669200.0,25212508.6,1.4594,1,0.05,ST,5.49,True,1,1727594120.871591,4.51,0.2172949002217297
sh.603021,2025-11-14,5.63,5.76,5.56,5.76,5.49,4432120.0,25249518.2,1.3853,1,0.05,ST,5.76,True,2,1822675102.8658051,4.37,0.3180778032036613
sh.603021,2025-11-24,5.15,5.34,5.07,5.34,5.09,7479260.0,39383228.4,2.3376,1,0.05,ST,5.34,True,1,1684771919.9178643,4.61,0.15835140997830788
sh.603021,2025-12-17,4.43,4.73,4.41,4.73,4.5,6580900.0,30108795.0,2.0569,1,0.05,ST,4.73,True,1,1463794788.2736156,5.54,-0.14620938628158842
sh.603022,2025-12-18,9.54,10.53,9.52,10.53,9.57,28820920.0,298402378.37,14.4105,0,0.1,主板,10.53,True,1,2070728832.2403803,10.57,-0.0037842951750237663
sh.603023,2025-12-08,4.54,4.95,4.5,4.95,4.5,69140550.0,335917600.02,12.3882,0,0.1,主板,4.95,True,1,2711593290.5506854,4.31,0.14849187935034824
sh.603023,2025-12-16,5.01,5.17,4.93,5.17,4.7,74876647.0,383126477.57,13.4159,0,0.1,主板,5.17,True,1,2855764261.585134,4.38,0.18036529680365287
sh.603023,2025-12-18,4.71,5.27,4.71,5.27,4.79,70531388.0,366421950.43,12.6374,0,0.1,主板,5.27,True,1,2899504252.6943836,4.23,0.2458628841607562
sh.603023,2025-12-19,5.25,5.8,5.19,5.8,5.27,127050817.0,707595655.58,22.7642,0,0.1,主板,5.8,True,2,3108370404.3190627,4.01,0.44638403990024944
sh.603026,2025-11-12,75.0,83.07,72.52,83.07,75.52,27647862.0,2185422595.81,13.6411,0,0.1,主板,83.07,True,1,16020867787.861685,57.48,0.4451983298538622
sh.603026,2025-11-13,87.77,91.38,87.22,91.38,83.07,7242678.0,655215431.08,3.5735,0,0.1,主板,91.38,True,2,18335397539.666992,57.28,0.5953212290502792
sh.603026,2025-11-14,98.69,100.52,96.0,100.52,91.38,13784857.0,1366850923.22,6.8013,0,0.1,主板,100.52,True,3,20096906815.16769,57.98,0.7337012763021731
sh.603028,2025-12-25,8.0,8.73,7.95,8.73,7.94,20340135.0,171040642.3,7.1572,0,0.1,主板,8.73,True,1,2389770333.370592,7.73,0.12936610608020693
sh.603030,2025-11-03,3.48,3.75,3.48,3.75,3.41,156331147.0,573345436.44,11.8708,0,0.1,主板,3.75,True,1,4829880348.754929,3.13,0.1980830670926519
sh.603031,2025-12-12,40.7,44.19,39.68,44.19,40.17,14200206.0,609817361.66,6.7261,0,0.1,主板,44.19,True,1,9066433173.161266,40.28,0.0970705064548163
sh.603031,2025-12-19,39.19,42.9,39.01,42.9,39.0,13188923.0,546792957.7,6.2471,0,0.1,主板,42.9,True,1,8752748598.549728,36.23,0.18410157328181076
sh.603040,2025-11-06,74.44,82.42,74.44,82.42,74.93,4006280.0,318786829.06,2.9507,0,0.1,主板,82.42,True,1,10803769582.133053,81.7,0.008812729498163918
sh.603042,2025-12-08,16.05,17.67,16.05,17.67,16.06,21711798.0,372898561.82,13.52,0,0.1,主板,17.67,True,1,2758125457.248521,16.12,0.09615384615384626
sh.603052,2025-11-04,29.0,32.08,28.88,32.08,29.16,14812092.0,462725020.5,7.8831,0,0.1,主板,32.08,True,1,5869835730.867299,32.25,-0.005271317829457445
sh.603052,2025-11-06,32.24,36.63,32.12,36.63,33.3,20742739.0,719633059.25,11.0394,0,0.1,主板,36.63,True,1,6518769672.717719,31.38,0.16730401529636718
sh.603052,2025-11-25,29.17,31.8,29.1,31.8,28.91,4044116.0,124308492.2,2.1523,0,0.1,主板,31.8,True,1,5775611773.451657,29.2,0.08904109589041109
sh.603052,2025-12-05,29.65,32.58,29.55,32.58,29.62,7903972.0,247841445.96,4.2065,0,0.1,主板,32.58,True,1,5891868440.746464,37.81,-0.13832319492197842
sh.603061,2025-11-06,123.55,134.97,123.55,134.97,122.7,2726556.0,355473428.06,6.5188,0,0.1,主板,134.97,True,1,5453050071.48555,137.5,-0.018399999999999972
sh.603067,2025-11-04,26.01,28.06,26.01,28.06,25.51,34435013.0,958992366.41,4.8448,0,0.1,主板,28.06,True,1,19794261195.714993,18.07,0.5528500276701716
sh.603067,2025-11-06,31.59,33.1,30.98,33.1,30.09,70078760.0,2257582893.37,9.8597,0,0.1,主板,33.1,True,1,22897074894.469406,19.03,0.7393589069889648
sh.603067,2025-12-05,26.2,28.82,26.2,28.82,26.2,44080375.0,1232719792.22,6.2019,0,0.1,主板,28.82,True,1,19876486112.6429,33.2,-0.1319277108433735
sh.603068,2025-11-26,35.9,39.14,35.68,39.14,35.58,9173204.0,350356682.91,6.0982,0,0.1,主板,39.14,True,1,5745247497.786232,39.21,-0.0017852588625351107
sh.603068,2025-12-01,40.9,42.55,40.9,42.55,38.68,11360287.0,481185086.85,7.5521,0,0.1,主板,42.55,True,1,6371540192.13199,37.97,0.12062154332367658
sh.603069,2025-12-19,21.57,23.86,21.5,23.86,21.69,23487460.0,542684460.36,7.4327,0,0.1,主板,23.86,True,1,7301309892.232971,25.43,-0.06173810460086515
sh.603069,2025-12-22,26.0,26.25,25.6,26.25,23.86,15117102.0,396087091.28,4.7839,0,0.1,主板,26.25,True,2,8279585511.402829,24.58,0.0679414157851912
sh.603069,2025-12-23,28.88,28.88,28.88,28.88,26.25,5742190.0,165834447.2,1.8171,0,0.1,主板,28.88,True,3,9126324759.231743,24.94,0.1579791499599037
sh.603069,2025-12-26,27.12,30.38,27.12,30.38,27.62,59254195.0,1749390085.68,18.7513,0,0.1,主板,30.38,True,1,9329433616.229275,25.53,0.18997258127692906
sh.603077,2025-12-01,2.22,2.41,2.22,2.41,2.19,347433489.0,825250646.29,3.9341,0,0.1,主板,2.41,True,1,20976859924.50624,2.19,0.10045662100456632
sh.603079,2025-11-05,18.49,20.2,18.49,20.2,18.36,22092892.0,438513636.16,12.9056,0,0.1,主板,20.2,True,1,3397855474.832631,16.89,0.19597394908229715
sh.603090,2025-12-09,45.0,50.0,45.0,50.0,45.45,12840600.0,626610674.0,12.8406,0,0.1,主板,50.0,True,1,4879917402.6135845,46.83,0.0676916506512919
sh.603090,2025-12-17,48.34,53.16,48.21,53.16,48.33,8724500.0,451488464.0,8.7245,0,0.1,主板,53.16,True,1,5174949441.228724,46.17,0.1513970110461338
sh.603090,2025-12-24,56.57,61.67,56.38,61.67,56.06,5425900.0,326122103.0,5.4259,0,0.1,主板,61.67,True,1,6010470207.707477,44.09,0.3987298707189839
sh.603092,2025-12-03,66.54,73.8,66.54,73.8,67.09,6501632.0,462554017.82,19.4354,0,0.1,主板,73.8,True,1,2379956254.1547894,,
sh.603095,2025-12-10,14.53,15.95,14.45,15.95,14.5,11100601.0,173875443.34,4.2981,0,0.1,主板,15.95,True,1,4045402464.8100324,16.36,-0.02506112469437649
sh.603095,2025-12-25,14.47,15.96,14.47,15.96,14.51,11284865.0,176172246.29,4.3694,0,0.1,主板,15.96,True,1,4031955103.446697,14.44,0.10526315789473695
sh.603097,2025-11-24,24.25,25.93,24.1,25.93,23.57,4247000.0,106740828.0,2.6544,0,0.1,主板,25.93,True,1,4021278933.0922246,26.33,-0.01519179642992774
sh.603097,2025-12-24,27.7,30.42,27.7,30.42,27.65,8802699.0,254477586.58,5.5017,0,0.1,主板,30.42,True,1,4625435530.4724,26.7,0.1393258426966293
sh.603101,2025-12-10,10.59,10.59,10.59,10.59,9.63,9160227.0,97006803.93,1.9473,0,0.1,主板,10.59,True,1,4981605501.463565,11.04,-0.040760869565217295
sh.603105,2025-11-05,9.5,10.52,9.45,10.52,9.56,45096921.0,456800495.64,9.0193,0,0.1,主板,10.52,True,1,5064700094.685841,9.25,0.13729729729729723
sh.603106,2025-11-24,12.0,12.36,11.44,12.36,11.24,40314360.0,484883807.54,7.745,0,0.1,主板,12.36,True,1,6260604358.166559,10.25,0.20585365853658533
sh.603106,2025-12-02,12.23,13.37,12.21,13.37,12.15,29023751.0,381770754.07,5.5759,0,0.1,主板,13.37,True,1,6846800589.501246,10.29,0.2993197278911566
sh.603109,2025-11-06,27.72,30.42,27.65,30.42,27.65,10417998.0,309264990.56,4.9883,0,0.1,主板,30.42,True,1,6199807360.423391,29.32,0.03751705320600274
sh.603113,2025-11-27,5.95,6.51,5.91,6.51,5.92,44142234.0,281381212.62,5.2024,0,0.1,主板,6.51,True,1,5408680851.530064,6.5,0.0015384615384614886
sh.603113,2025-12-02,6.28,6.92,6.18,6.92,6.29,53999753.0,356878561.17,6.3642,0,0.1,主板,6.92,True,1,5607595002.8283205,6.16,0.12337662337662336
sh.603116,2025-12-29,5.78,6.3,5.67,6.3,5.73,21933680.0,134653891.4,3.8066,0,0.1,主板,6.3,True,1,3537379588.083854,6.17,0.021069692058346856
sh.603119,2025-12-25,90.21,99.25,90.21,99.25,90.23,18688271.0,1798215028.25,9.1663,0,0.1,主板,99.25,True,1,19617675924.3097,92.5,0.0729729729729729
sh.603119,2025-12-30,108.4,117.81,105.58,117.81,107.1,22682138.0,2550089138.38,11.1253,0,0.1,主板,117.81,True,1,22921531449.75866,91.85,0.2826347305389223
sh.603121,2025-12-01,16.0,17.59,15.99,17.59,15.99,22061643.0,376714555.42,6.5168,0,0.1,主板,17.59,True,1,5780667742.143384,16.43,0.07060255629945233
sh.603122,2025-11-03,10.77,10.77,10.51,10.77,9.79,25225380.0,271109160.14,6.3372,0,0.1,主板,10.77,True,5,4278059081.9289274,6.43,0.6749611197511665
sh.603122,2025-11-04,11.85,11.85,11.61,11.85,10.77,24698800.0,292415981.0,6.2049,0,0.1,主板,11.85,True,6,4712662266.91808,6.43,0.8429237947122863
sh.603122,2025-11-05,13.04,13.04,13.04,13.04,11.85,5867110.0,76507114.4,1.474,0,0.1,主板,13.04,True,7,5190441953.867028,6.42,1.0311526479750777
sh.603122,2025-11-06,14.34,14.34,13.14,14.34,13.04,125405436.0,1757103346.99,31.5047,0,0.1,主板,14.34,True,8,5577273698.813193,6.4,1.2406249999999996
sh.603122,2025-11-07,14.14,15.77,13.0,15.77,14.34,126770791.0,1781413029.27,31.8477,0,0.1,主板,15.77,True,9,5593537458.811782,6.42,1.4563862928348907
sh.603122,2025-11-11,17.0,18.26,16.99,18.26,16.6,48778396.0,869959941.09,12.2543,0,0.1,主板,18.26,True,1,7099221833.07084,6.36,1.8710691823899372
sh.603122,2025-11-12,20.0,20.09,19.01,20.09,18.26,61214196.0,1222747899.97,15.3784,0,0.1,主板,20.09,True,2,7951073583.532747,6.4,2.1390624999999996
sh.603122,2025-11-13,21.0,22.1,20.97,22.1,20.09,48326694.0,1051529880.45,12.1408,0,0.1,主板,22.1,True,3,8661125135.493542,6.38,2.4639498432601883
sh.603122,2025-11-20,23.8,26.18,23.8,26.18,23.8,97376156.0,2457631755.97,24.4631,0,0.1,主板,26.18,True,1,10046280953.640379,6.64,2.9427710843373496
sh.603122,2025-12-02,22.99,25.56,22.96,25.56,23.24,100019563.0,2478138002.34,25.1272,0,0.1,主板,25.56,True,1,9862372259.304659,11.85,1.1569620253164556
sh.603122,2025-12-05,24.12,26.53,24.12,26.53,24.12,59494258.0,1541923928.74,14.9463,0,0.1,主板,26.53,True,1,10316425662.137117,15.77,0.6823081800887763
sh.603122,2025-12-08,29.16,29.18,28.6,29.18,26.53,20782520.0,605425828.2,5.221,0,0.1,主板,29.18,True,2,11595974491.47673,16.6,0.7578313253012046
sh.603123,2025-12-16,11.6,12.84,11.57,12.84,11.67,50438100.0,634868243.15,7.7326,0,0.1,主板,12.84,True,1,8210281705.377234,12.47,0.02967121090617475
sh.603123,2025-12-17,13.02,14.12,13.02,14.12,12.84,128939706.0,1743731163.74,19.7677,0,0.1,主板,14.12,True,2,8821113046.73786,12.17,0.16023007395234168
sh.603123,2025-12-29,14.43,16.03,13.81,16.03,14.57,156618590.0,2366876147.0,24.0111,0,0.1,主板,16.03,True,1,9857424886.823177,11.63,0.3783319002579535
sh.603124,2025-12-17,68.37,75.33,68.24,75.33,68.48,4611990.0,339088132.2,15.7806,0,0.1,主板,75.33,True,1,2148765776.9666553,75.8,-0.006200527704485426
sh.603127,2025-12-12,31.25,34.35,31.24,34.35,31.23,50004212.0,1665989802.74,7.9311,0,0.1,主板,34.35,True,1,21005784856.325104,33.1,0.03776435045317217
sh.603129,2025-11-19,233.65,253.73,231.99,253.73,230.66,2723265.0,668702691.54,1.7848,0,0.1,主板,253.73,True,1,37466533591.43882,237.4,0.06878685762426273
sh.603130,2025-11-25,35.8,38.68,35.8,38.68,35.16,3203195.0,121459132.2,2.3294,0,0.1,主板,38.68,True,1,5214180999.398987,41.99,-0.07882829245058354
sh.603130,2025-12-25,48.0,52.44,46.88,52.44,47.67,4736352.0,236786370.88,3.4443,0,0.1,主板,52.44,True,1,6874731320.732805,40.83,0.2843497428361499
sh.603130,2025-12-31,51.49,56.65,50.91,56.65,51.5,6055309.0,330639816.39,4.4034,0,0.1,主板,56.65,True,1,7508739074.124538,42.64,0.3285647279549717
sh.603131,2025-11-07,23.15,25.26,22.69,25.26,22.96,59329870.0,1463882608.24,18.6576,0,0.1,主板,25.26,True,1,7846039191.750279,21.43,0.17872141857209534
sh.603131,2025-11-12,25.0,27.8,24.62,27.8,25.27,44831106.0,1164650362.54,14.0982,0,0.1,主板,27.8,True,1,8260986243.208352,22.12,0.2567811934900541
sh.603132,2025-11-13,13.71,15.07,13.71,15.07,13.7,14599900.0,211918598.74,1.4928,0,0.1,主板,15.07,True,1,14196047611.200432,14.08,0.0703125
sh.603155,2025-11-25,16.87,18.02,16.65,18.02,16.38,4436797.0,78580582.94,1.405,0,0.1,主板,18.02,True,1,5592924052.669039,15.95,0.12978056426332296
sh.603155,2025-11-26,19.82,19.82,19.56,19.82,18.02,15279939.0,302732316.26,4.8387,0,0.1,主板,19.82,True,2,6256480382.334098,15.83,0.25205306380290593
sh.603156,2025-12-31,27.5,28.75,26.61,28.75,26.14,19378048.0,536011002.13,1.5376,0,0.1,主板,28.75,True,1,34860236871.09782,27.31,0.05272793848407176
sh.603162,2025-11-26,11.04,12.16,11.0,12.16,11.05,16997746.0,201953186.57,6.0912,0,0.1,主板,12.16,True,1,3315490979.9382715,11.33,0.07325684024713142
sh.603163,2025-11-03,45.88,50.49,45.51,50.49,45.9,8232119.0,402472706.16,8.2321,0,0.1,主板,50.49,True,1,4889064833.517571,47.91,0.05385097056981847
sh.603163,2025-11-18,42.44,46.75,42.1,46.75,42.5,5060289.0,229394847.35,5.0603,0,0.1,主板,46.75,True,1,4533226238.562931,43.88,0.06540565177757518
sh.603163,2025-11-24,43.05,47.37,43.02,47.37,43.06,3714500.0,168934713.5,3.7145,0,0.1,主板,47.37,True,1,4547979903.082515,45.4,0.04339207048458138
sh.603163,2025-12-02,53.91,58.27,52.03,58.27,52.97,4318345.0,238637256.65,4.3183,0,0.1,主板,58.27,True,1,5526185226.825372,49.25,0.1831472081218275
sh.603163,2025-12-12,59.31,65.93,59.31,65.93,59.94,3657216.0,230229924.78,3.6572,0,0.1,主板,65.93,True,1,6295251142.404025,43.16,0.5275718257645972
sh.603163,2025-12-22,58.64,64.55,58.61,64.55,58.68,2706550.0,170852928.0,2.7066,0,0.1,主板,64.55,True,1,6312455774.7727785,47.37,0.36267679966223354
sh.603163,2025-12-23,67.5,71.01,66.6,71.01,64.55,1375289.0,95355813.89,1.3753,0,0.1,主板,71.01,True,2,6933455528.975497,51.06,0.39071680376028195
sh.603163,2025-12-24,78.11,78.11,75.0,78.11,71.01,3730723.0,290396882.53,3.7307,0,0.1,主板,78.11,True,3,7783978409.6818285,50.57,0.5445916551315009
sh.603163,2025-12-25,79.99,85.92,77.89,85.92,78.11,7226490.0,586472850.99,7.2265,0,0.1,主板,85.92,True,4,8115586397.149381,52.77,0.6281978396816372
sh.603169,2025-11-03,9.35,9.58,9.35,9.58,8.71,49310250.0,470291792.0,3.7748,0,0.1,主板,9.58,True,1,12458720779.90887,7.89,0.21419518377693292
sh.603169,2025-11-04,10.33,10.54,9.9,10.54,9.58,248199814.0,2559032497.77,19.0003,0,0.1,主板,10.54,True,2,13468379434.90366,7.88,0.3375634517766497
sh.603169,2025-11-07,10.21,11.72,10.2,11.72,10.65,264648979.0,3036079916.8,20.2596,0,0.1,主板,11.72,True,1,14985882824.932379,8.64,0.3564814814814814
sh.603175,2025-11-04,68.45,75.2,67.62,75.2,68.36,16231358.0,1167442948.14,36.89,0,0.1,主板,75.2,True,1,3164659658.8235297,,
sh.603177,2025-12-05,10.99,12.13,10.93,12.13,11.03,11281550.0,132538030.5,5.525,0,0.1,主板,12.13,True,1,2398878380.0904975,11.97,0.013366750208855471
sh.603185,2025-11-07,29.64,32.54,29.62,32.54,29.58,48019938.0,1500413266.96,7.0719,0,0.1,主板,32.54,True,1,21216550954.623226,22.01,0.47841890049977276
sh.603185,2025-11-10,34.35,35.79,34.0,35.79,32.54,63594707.0,2247815710.27,9.3656,0,0.1,主板,35.79,True,2,24000765677.265736,21.41,0.6716487622606258
sh.603186,2025-11-25,39.57,42.98,39.5,42.98,39.07,12785900.0,535288019.0,9.0027,0,0.1,主板,42.98,True,1,5945860897.286369,51.24,-0.1612021857923498
sh.603188,2025-11-03,4.58,4.84,4.51,4.84,4.4,51027100.0,240357865.0,8.9495,0,0.1,主板,4.84,True,1,2685712777.2501254,4.07,0.18918918918918903
sh.603188,2025-11-06,4.8,5.35,4.77,5.35,4.86,69822961.0,364671630.1,12.246,0,0.1,主板,5.35,True,1,2977883636.2894006,4.05,0.3209876543209875
sh.603192,2025-12-29,23.76,26.11,23.73,26.11,23.74,10500380.0,267792645.3,7.5322,0,0.1,主板,26.11,True,1,3555304496.694193,23.76,0.09890572390572383
sh.603192,2025-12-30,26.24,28.72,26.19,28.72,26.11,15070770.0,412753698.4,10.8107,0,0.1,主板,28.72,True,2,3818010844.8111587,23.45,0.2247334754797441
sh.603203,2025-12-23,32.78,35.73,32.49,35.73,32.48,11058940.0,390412228.81,4.4386,0,0.1,主板,35.73,True,1,8795841680.034246,29.18,0.2244688142563398
sh.603211,2025-12-30,21.48,23.61,21.4,23.61,21.46,15692800.0,359081018.0,5.7735,0,0.1,主板,23.61,True,1,6219468571.923443,17.32,0.363163972286374
sh.603212,2025-11-19,13.62,13.62,13.62,13.62,12.38,15730759.0,214252937.58,3.5957,0,0.1,主板,13.62,True,1,5958587690.296743,11.13,0.22371967654986502
sh.603212,2025-11-27,12.07,13.28,12.07,13.28,12.07,36283641.0,465697716.71,8.2936,0,0.1,主板,13.28,True,1,5615145614.811421,11.52,0.15277777777777768
sh.603212,2025-12-16,12.78,13.77,12.27,13.77,12.52,62669278.0,832862272.69,14.3247,0,0.1,主板,13.77,True,1,5814169041.515704,12.38,0.1122778675282714
sh.603216,2025-11-19,17.27,17.27,17.27,17.27,15.7,2226200.0,38446474.0,0.9997,0,0.1,主板,17.27,True,1,3845801140.342102,16.78,0.029201430274135687
sh.603216,2025-11-20,19.0,19.0,19.0,19.0,17.27,606065.0,11515235.0,0.2722,0,0.1,主板,19.0,True,2,4230431667.8912563,16.39,0.15924344112263578
sh.603216,2025-11-21,20.9,20.9,19.72,20.9,19.0,27221230.0,564350280.0,12.2238,0,0.1,主板,20.9,True,3,4616815392.922005,16.3,0.28220858895705514
sh.603216,2025-11-24,21.18,22.99,19.78,22.99,20.9,17141995.0,371418223.86,7.6977,0,0.1,主板,22.99,True,4,4825054546.942594,16.4,0.40182926829268295
sh.603216,2025-11-25,23.63,25.29,22.76,25.29,22.99,27173994.0,657022782.62,12.2026,0,0.1,主板,25.29,True,5,5384285173.815416,16.4,0.5420731707317075
sh.603216,2025-11-28,26.0,28.66,26.0,28.66,26.05,19767548.0,550385576.68,8.8767,0,0.1,主板,28.66,True,1,6200339953.811665,15.82,0.8116308470290772
sh.603216,2025-12-02,31.15,33.66,30.18,33.66,30.6,17897548.0,572910424.84,8.037,0,0.1,主板,33.66,True,1,7128411407.739205,15.58,1.1604621309370988
sh.603221,2025-12-18,12.59,13.96,12.59,13.96,12.69,12685100.0,171063638.0,5.2359,0,0.1,主板,13.96,True,1,3267129586.1265497,12.33,0.132197891321979
sh.603222,2025-11-12,10.19,11.33,10.19,11.33,10.3,72945439.0,796803055.29,13.892,0,0.1,主板,11.33,True,1,5735697201.914771,10.97,0.03281677301731989
sh.603225,2025-11-06,15.0,16.57,15.0,16.57,15.06,34352059.0,557180395.31,2.2666,0,0.1,主板,16.57,True,1,24582211034.589252,16.05,0.03239875389408087
sh.603228,2025-12-08,63.1,68.34,62.2,68.34,62.13,40565265.0,2666867400.16,4.1575,0,0.1,主板,68.34,True,1,64145938668.9116,69.9,-0.022317596566523656
sh.603232,2025-11-06,23.0,25.54,22.51,25.54,23.22,69519406.0,1703832357.49,30.0559,0,0.1,主板,25.54,True,1,5668878181.954291,15.38,0.660598179453836
sh.603232,2025-11-17,22.82,25.62,22.82,25.62,23.29,44911907.0,1112239599.09,19.4172,0,0.1,主板,25.62,True,1,5728115274.550398,16.51,0.5517867958812839
sh.603232,2025-11-18,26.75,28.18,26.45,28.18,25.62,28566108.0,791117501.0,12.3502,0,0.1,主板,28.18,True,2,6405705988.566987,16.58,0.6996381182147167
sh.603232,2025-11-25,25.08,27.02,25.05,27.02,24.56,15030789.0,397312225.78,6.4984,0,0.1,主板,27.02,True,1,6114000766.034716,22.21,0.21656911301215653
sh.603256,2025-11-25,29.12,31.92,29.0,31.92,29.02,19635500.0,609963764.0,2.232,0,0.1,主板,31.92,True,1,27328125627.24014,38.48,-0.17047817047817038
sh.603256,2025-12-08,33.44,36.15,33.17,36.15,32.86,25749005.0,903436058.15,2.9269,0,0.1,主板,36.15,True,1,30866652709.351192,32.16,0.12406716417910446
sh.603256,2025-12-23,33.99,37.27,33.8,37.27,33.88,30487361.0,1104961815.08,3.4655,0,0.1,主板,37.27,True,1,31884628915.88515,31.92,0.16760651629072676
sh.603260,2025-11-07,50.04,54.85,50.03,54.85,49.86,27196530.0,1468868216.73,2.3005,0,0.1,主板,54.85,True,1,63849955084.98152,49.56,0.10673930589184821
sh.603261,2025-11-05,23.94,25.17,23.94,25.17,23.97,1689200.0,42032753.0,2.1795,1,0.05,ST,25.17,True,1,1928550263.8219774,20.58,0.22303206997084568
sh.603261,2025-11-14,26.29,27.31,26.29,27.31,26.01,1065300.0,28873647.0,1.3745,1,0.05,ST,27.31,True,1,2100665478.3557658,19.66,0.38911495422177
sh.603261,2025-12-24,23.0,24.15,23.0,24.15,23.0,581100.0,13883531.0,0.7498,1,0.05,ST,24.15,True,1,1851631234.9959989,25.95,-0.06936416184971106
sh.603268,2025-11-03,57.81,59.43,57.81,59.43,56.6,4125300.0,243940996.4,3.3223,1,0.05,ST,59.43,True,1,7342533678.475756,46.13,0.2883156297420333
sh.603268,2025-11-04,61.5,62.4,60.0,62.4,59.43,6149320.0,381089964.4,4.9524,1,0.05,ST,62.4,True,2,7695056223.245295,46.82,0.3327637761640325
sh.603268,2025-11-10,62.28,65.57,62.28,65.57,62.45,3269300.0,212482905.4,2.6329,1,0.05,ST,65.57,True,1,8070299115.044249,46.1,0.42234273318871995
sh.603268,2025-11-11,67.59,68.85,67.0,68.85,65.57,3565589.0,244762394.43,2.8716,1,0.05,ST,68.85,True,2,8523554618.6794815,48.25,0.426943005181347
sh.603268,2025-11-12,70.88,72.29,68.0,72.29,68.85,6448040.0,456595448.2,5.193,1,0.05,ST,72.29,True,3,8792517777.777777,50.66,0.42696407422029226
sh.603268,2025-11-28,70.6,73.16,70.0,73.16,69.68,2709600.0,197629013.8,2.1822,1,0.05,ST,73.16,True,1,9056411593.804419,56.6,0.29257950530035326
sh.603268,2025-12-01,75.5,76.82,73.23,76.82,73.16,2844180.0,215643708.6,2.2906,1,0.05,ST,76.82,True,2,9414289208.067755,59.43,0.29261315833753976
sh.603268,2025-12-03,77.34,81.21,76.67,81.21,77.34,2870240.0,229255570.0,2.3116,1,0.05,ST,81.21,True,1,9917614206.61014,62.58,0.2976989453499519
sh.603268,2025-12-10,80.0,83.0,77.43,83.0,79.05,2939140.0,236952983.0,2.3671,1,0.05,ST,83.0,True,1,10010265007.81547,72.29,0.14815327154516522
sh.603268,2025-12-22,77.1,77.1,75.22,77.1,73.43,3422200.0,263266784.0,2.7561,1,0.05,ST,77.1,True,1,9552149196.328146,67.75,0.13800738007380065
sh.603268,2025-12-23,80.79,80.96,77.77,80.96,77.1,4384720.0,352717587.6,3.5313,1,0.05,ST,80.96,True,2,9988321230.141874,67.0,0.20835820895522383
sh.603268,2025-12-24,82.0,85.01,82.0,85.01,80.96,6016140.0,507558047.2,4.8451,1,0.05,ST,85.01,True,3,10475698070.21527,70.07,0.2132153560724992
sh.603268,2025-12-25,82.84,89.26,82.7,89.26,85.01,5693200.0,492496246.4,4.585,1,0.05,ST,89.26,True,4,10741466660.8506,69.68,0.28099885189437424
sh.603272,2025-12-31,18.28,20.11,18.13,20.11,18.28,5243816.0,102227242.84,5.0603,0,0.1,主板,20.11,True,1,2020181468.292394,19.3,0.041968911917098284
sh.603278,2025-12-08,9.74,10.69,9.74,10.69,9.72,18441280.0,191036921.2,5.396,0,0.1,主板,10.69,True,1,3540343239.4366198,9.81,0.08970438328236474
sh.603278,2025-12-09,11.76,11.76,11.57,11.76,10.69,40349049.0,473779161.52,11.8063,0,0.1,主板,11.76,True,2,4012935140.729949,9.78,0.2024539877300615
sh.603278,2025-12-24,9.63,10.58,9.57,10.58,9.62,36049545.0,375713646.1,10.5482,0,0.1,主板,10.58,True,1,3561874500.8627067,9.16,0.15502183406113534
sh.603278,2025-12-25,10.68,11.64,10.39,11.64,10.58,64498420.0,720905197.8,18.8725,0,0.1,主板,11.64,True,2,3819871229.5668306,9.25,0.2583783783783784
sh.603278,2025-12-26,12.8,12.8,12.27,12.8,11.64,44188976.0,564654733.4,12.9298,0,0.1,主板,12.8,True,3,4367080182.214728,9.41,0.36025504782146656
sh.603278,2025-12-29,13.57,14.08,12.8,14.08,12.8,25645457.0,349207163.13,7.504,0,0.1,主板,14.08,True,4,4653613581.156716,9.52,0.47899159663865554
sh.603278,2025-12-30,15.49,15.49,15.07,15.49,14.08,26239804.0,405975187.96,7.6779,0,0.1,主板,15.49,True,5,5287581082.848174,9.48,0.6339662447257384
sh.603278,2025-12-31,17.03,17.04,13.95,17.04,15.49,122768807.0,1920769082.59,35.9226,0,0.1,主板,17.04,True,6,5346965650.008629,9.46,0.8012684989429173
sh.603280,2025-11-21,37.1,40.15,36.72,40.15,36.5,3848662.0,153092994.3,13.7739,0,0.1,主板,40.15,True,1,1111471655.0867946,39.08,0.0273797338792221
sh.603286,2025-12-03,52.88,56.3,52.6,56.3,51.18,13945335.0,773438130.46,12.0828,0,0.1,主板,56.3,True,1,6401149820.074817,41.97,0.34143435787467236
sh.603291,2025-11-24,10.27,11.25,10.2,11.25,10.23,18045703.0,199101621.35,13.8874,0,0.1,主板,11.25,True,1,1433685364.7911057,10.9,0.032110091743119185
sh.603300,2025-12-22,7.1,7.78,7.1,7.78,7.07,315809102.0,2408524274.04,15.8159,0,0.1,主板,7.78,True,1,15228499636.694721,7.35,0.05850340136054433
sh.603305,2025-12-25,14.0,15.38,13.88,15.38,13.98,103983475.0,1547059226.94,8.9974,0,0.1,主板,15.38,True,1,17194514270.122482,13.41,0.1469052945563014
sh.603311,2025-12-15,11.66,12.9,11.66,12.9,11.73,6387756.0,79798286.4,2.708,0,0.1,主板,12.9,True,1,2946760945.3471193,12.86,0.0031104199066873672
sh.603311,2025-12-24,13.38,14.88,13.35,14.88,13.53,22182709.0,326600599.32,9.4041,0,0.1,主板,14.88,True,1,3472959659.2975407,11.8,0.26101694915254225
sh.603312,2025-11-05,50.31,58.69,50.31,58.69,53.35,14252254.0,790167750.04,27.9898,0,0.1,主板,58.69,True,1,2823056077.7140245,50.81,0.15508758118480603
sh.603316,2025-11-13,15.54,17.3,15.46,17.3,15.73,17029770.0,284089070.7,6.4442,0,0.1,主板,17.3,True,1,4408445900.189317,12.52,0.3817891373801918
sh.603316,2025-12-08,14.51,15.49,14.5,15.49,14.08,17385185.0,263531659.25,6.5787,0,0.1,主板,15.49,True,1,4005831839.877179,15.51,-0.0012894906511927706
sh.603327,2025-12-01,9.89,10.99,9.78,10.99,9.99,56091195.0,592519545.46,5.6232,0,0.1,主板,10.99,True,1,10537052665.030588,9.28,0.1842672413793105
sh.603327,2025-12-02,12.09,12.09,11.92,12.09,10.99,61685405.0,745639087.36,6.184,0,0.1,主板,12.09,True,2,12057553159.120312,9.24,0.3084415584415583
sh.603327,2025-12-03,12.44,13.3,12.44,13.3,12.09,167717520.0,2181885128.51,16.8139,0,0.1,主板,13.3,True,3,12976674825.650208,9.26,0.43628509719222475
sh.603332,2025-12-29,12.54,13.79,12.53,13.79,12.54,10119488.0,137620067.52,4.6774,0,0.1,主板,13.79,True,1,2942234307.948861,13.0,0.06076923076923069
sh.603344,2025-12-22,29.51,32.26,29.51,32.26,29.33,3266676.0,103858708.64,6.0459,0,0.1,主板,32.26,True,1,1717837024.0989764,24.91,0.2950622240064231
sh.603344,2025-12-31,33.98,37.36,33.8,37.36,33.96,6014527.0,220001472.55,11.1316,0,0.1,主板,37.36,True,1,1976368828.8296382,25.23,0.4807768529528338
sh.603353,2025-11-14,25.23,28.03,24.98,28.03,25.48,2267354.0,62039107.12,1.3305,0,0.1,主板,28.03,True,1,4662841572.341225,17.9,0.5659217877094973
sh.603353,2025-11-17,30.83,30.83,30.83,30.83,28.03,894985.0,27592387.55,0.5252,0,0.1,主板,30.83,True,2,5253691460.39604,17.75,0.7369014084507042
sh.603353,2025-11-18,33.91,33.91,31.38,33.91,30.83,17954994.0,591100523.54,10.5359,0,0.1,主板,33.91,True,3,5610346752.911474,17.96,0.8880846325167036
sh.603353,2025-11-27,27.31,30.03,26.55,30.03,27.3,20254160.0,586305690.8,11.885,0,0.1,主板,30.03,True,1,4933156843.079512,20.44,0.4691780821917808
sh.603353,2025-11-28,31.78,33.03,30.96,33.03,30.03,6409580.0,208179826.8,3.7611,0,0.1,主板,33.03,True,2,5535078216.479221,21.58,0.5305838739573681
sh.603353,2025-12-03,33.69,35.63,33.27,35.63,32.39,9316280.0,325891327.6,5.4667,0,0.1,主板,35.63,True,1,5961390374.448936,22.65,0.573068432671082
sh.603353,2025-12-29,24.83,27.3,24.46,27.3,24.82,8360360.0,219511459.0,4.9058,0,0.1,主板,27.3,True,1,4474529312.242652,33.27,-0.1794409377817855
sh.603359,2025-12-04,7.98,8.73,7.91,8.73,7.94,67400184.0,582107405.76,15.1089,0,0.1,主板,8.73,True,1,3852745108.9093184,8.26,0.056900726392251855
sh.603359,2025-12-30,8.89,9.97,8.8,9.97,9.06,60279153.0,575754894.43,13.5126,0,0.1,主板,9.97,True,1,4260874253.8815618,8.28,0.20410628019323696
sh.603360,2025-11-03,30.11,32.97,29.53,32.97,29.97,30879597.0,973149801.43,4.3725,0,0.1,主板,32.97,True,1,22256141828.01601,24.89,0.32462836480514246
sh.603366,2025-11-14,10.06,11.07,10.06,11.07,10.06,62486263.0,667610422.47,7.6854,0,0.1,主板,11.07,True,1,8686736181.200718,9.19,0.20457018498367807
sh.603366,2025-11-17,12.18,12.18,12.18,12.18,11.07,11878896.0,144684953.28,1.461,0,0.1,主板,12.18,True,2,9903145330.595482,9.18,0.326797385620915
sh.603373,2025-12-09,41.34,44.75,40.68,44.75,40.68,2318235.0,100594021.03,5.1029,0,0.1,主板,44.75,True,1,1971310843.4419644,44.52,0.0051662174303683805
sh.603377,2025-11-06,3.73,3.88,3.68,3.88,3.7,17891060.0,67517169.36,2.5026,1,0.05,ST,3.88,True,1,2697880978.1826897,3.27,0.18654434250764518
sh.603377,2025-11-10,3.95,4.01,3.91,4.01,3.82,19301941.0,77175174.81,2.6999,1,0.05,ST,4.01,True,1,2858445676.136153,3.56,0.1264044943820224
sh.603377,2025-11-11,4.21,4.21,4.21,4.21,4.01,1875018.0,7893825.78,0.2623,1,0.05,ST,4.21,True,2,3009464651.162791,3.58,0.17597765363128492
sh.603377,2025-11-12,4.42,4.42,4.42,4.42,4.21,693588.0,3065658.96,0.097,1,0.05,ST,4.42,True,3,3160473154.639175,3.51,0.2592592592592593
sh.603377,2025-11-18,4.12,4.33,4.12,4.33,4.12,42284327.0,180545433.51,5.9147,1,0.05,ST,4.33,True,1,3052486745.058921,3.59,0.20612813370473537
sh.603380,2025-12-22,35.74,39.13,35.67,39.13,35.57,2830800.0,108787855.0,1.7644,0,0.1,主板,39.13,True,1,6165713840.399002,35.06,0.11608670849971481
sh.603386,2025-12-03,12.8,13.76,12.43,13.76,12.51,18384160.0,240268658.4,5.6337,0,0.1,主板,13.76,True,1,4264846520.0489907,13.02,0.056835637480798784
sh.603386,2025-12-04,15.14,15.14,15.14,15.14,13.76,9108260.0,137899056.4,2.7912,0,0.1,主板,15.14,True,2,4940493565.491545,13.12,0.15396341463414642
sh.603386,2025-12-05,16.65,16.65,16.43,16.65,15.14,44298380.0,737449026.0,13.575,0,0.1,主板,16.65,True,3,5432405348.0662985,12.9,0.2906976744186045
sh.603386,2025-12-08,16.7,18.32,15.51,18.32,16.65,86558756.0,1415387474.79,26.5255,0,0.1,主板,18.32,True,4,5335950216.923337,12.79,0.4323690383111807
sh.603386,2025-12-09,17.02,20.15,17.02,20.15,18.32,78749805.0,1470764255.71,24.1325,0,0.1,主板,20.15,True,5,6094537473.158604,12.82,0.5717628705148206
sh.603389,2025-11-04,44.0,44.54,42.5,44.54,42.42,3344160.0,145957863.6,1.2727,1,0.05,ST,44.54,True,1,11468363604.934391,36.5,0.22027397260273962
sh.603389,2025-11-05,44.55,46.77,44.54,46.77,44.54,4036100.0,186329721.6,1.5361,1,0.05,ST,46.77,True,2,12130051533.103313,38.18,0.22498690413829237
sh.603389,2025-11-11,48.72,50.02,48.1,50.02,47.64,3083160.0,152879874.0,1.1734,1,0.05,ST,50.02,True,1,13028794443.497528,39.04,0.28125
sh.603389,2025-12-02,40.71,40.71,40.03,40.71,38.77,1505800.0,61285871.0,0.5731,1,0.05,ST,40.71,True,1,10693748211.481417,44.54,-0.08599012123933536
sh.603389,2025-12-17,30.04,33.2,30.04,33.2,31.62,3668000.0,112674244.6,1.396,1,0.05,ST,33.2,True,1,8071220959.885387,45.45,-0.2695269526952695
sh.603389,2025-12-18,34.86,34.86,34.86,34.86,33.2,110700.0,3859002.0,0.0421,1,0.05,ST,34.86,True,2,9166275534.441805,45.3,-0.2304635761589403
sh.603389,2025-12-19,36.6,36.6,34.5,36.6,34.86,4684060.0,170346595.8,1.7827,1,0.05,ST,36.6,True,3,9555539114.825827,43.14,-0.15159944367176637
sh.603389,2025-12-24,38.3,40.95,38.3,40.95,39.0,2864460.0,116320032.4,1.0902,1,0.05,ST,40.95,True,1,10669604879.838562,43.23,-0.052741151977793055
sh.603389,2025-12-25,42.49,43.0,41.76,43.0,40.95,1717820.0,73566549.4,0.6538,1,0.05,ST,43.0,True,2,11252148883.450596,41.07,0.04699293888483069
sh.603389,2025-12-30,45.5,47.54,45.3,47.54,45.28,2289942.0,107051946.2,0.8715,1,0.05,ST,47.54,True,1,12283642707.974756,40.71,0.16777204618029962
sh.603396,2025-11-10,31.1,34.16,31.1,34.16,31.05,10887114.0,363735937.64,7.8592,0,0.1,主板,34.16,True,1,4628154743.994299,28.4,0.20281690140845066
sh.603396,2025-11-11,35.5,37.58,35.03,37.58,34.16,12556657.0,458448337.8,9.0644,0,0.1,主板,37.58,True,2,5057679910.418781,29.42,0.2773623385452073
sh.603398,2025-11-03,7.77,8.1,7.73,8.1,7.71,22570761.0,179969030.99,5.2049,1,0.05,ST,8.1,True,1,3457684700.762743,8.97,-0.0969899665551841
sh.603398,2025-11-07,7.95,8.26,7.79,8.26,7.87,21194824.0,171179901.48,4.8876,1,0.05,ST,8.26,True,1,3502330417.382764,8.08,0.022277227722772297
sh.603398,2025-11-11,8.6,8.82,8.36,8.82,8.4,24068540.0,207789105.4,5.5503,1,0.05,ST,8.82,True,1,3743745480.4244814,8.06,0.09429280397022333
sh.603398,2025-11-17,8.61,8.61,8.61,8.61,8.2,1981000.0,17056410.0,0.4568,1,0.05,ST,8.61,True,1,3733890105.078809,7.83,0.09961685823754785
sh.603398,2025-11-18,9.04,9.04,9.04,9.04,8.61,3149640.0,28472745.6,0.7263,1,0.05,ST,9.04,True,2,3920245848.8228006,7.8,0.15897435897435885
sh.603398,2025-11-19,9.49,9.49,9.18,9.49,9.04,44878445.0,423613063.32,10.3492,1,0.05,ST,9.49,True,3,4093196221.157191,8.19,0.15873015873015883
sh.603398,2025-11-20,9.75,9.96,9.1,9.96,9.49,42637790.0,412285721.36,9.8325,1,0.05,ST,9.96,True,4,4193091496.160692,8.19,0.21611721611721624
sh.603398,2025-11-21,10.46,10.46,10.26,10.46,9.96,14768280.0,154361214.8,3.4056,1,0.05,ST,10.46,True,5,4532570319.473808,8.04,0.30099502487562213
sh.603398,2025-12-05,8.5,8.9,8.18,8.9,8.48,26529779.0,226771148.69,6.1179,1,0.05,ST,8.9,True,1,3706682827.277334,8.26,0.07748184019370474
sh.603398,2025-12-19,7.41,7.79,7.41,7.79,7.42,12296229.0,94033911.36,2.8356,1,0.05,ST,7.79,True,1,3316190977.5708847,10.46,-0.25525812619502875
sh.603398,2025-12-25,7.99,8.1,7.85,8.1,7.71,12982940.0,104512618.0,2.9939,1,0.05,ST,8.1,True,1,3490851999.064765,9.65,-0.1606217616580311
sh.603408,2025-12-12,13.56,14.66,13.36,14.66,13.33,12311691.0,175887269.02,2.7508,0,0.1,主板,14.66,True,1,6394040607.096118,12.92,0.1346749226006192
sh.603421,2025-11-25,7.17,7.87,7.17,7.87,7.15,12705460.0,97633212.2,1.9481,0,0.1,主板,7.87,True,1,5011714603.973103,7.35,0.07074829931972793
sh.603429,2025-11-10,9.4,10.34,9.28,10.34,9.4,29991953.0,299425696.36,5.7184,0,0.1,主板,10.34,True,1,5236179636.961388,10.65,-0.029107981220657275
sh.603458,2025-12-22,8.08,8.7,7.95,8.7,7.91,18573194.0,156323262.12,6.0672,0,0.1,主板,8.7,True,1,2576530559.731013,8.04,0.0820895522388061
sh.603458,2025-12-29,8.77,9.49,8.63,9.49,8.63,32413230.0,296221998.23,10.5883,0,0.1,主板,9.49,True,1,2797635108.846557,8.23,0.15309842041312272
sh.603458,2025-12-30,10.0,10.44,9.3,10.44,9.49,41919070.0,422596514.71,13.6935,0,0.1,主板,10.44,True,2,3086110305.6924815,8.01,0.303370786516854
sh.603506,2025-12-10,12.28,13.51,12.2,13.51,12.28,7823136.0,102095995.84,4.1662,0,0.1,主板,13.51,True,1,2450578364.936873,12.93,0.04485692188708423
sh.603506,2025-12-11,14.63,14.86,14.63,14.86,13.51,18044628.0,267263474.05,9.6096,0,0.1,主板,14.86,True,2,2781213308.0461206,12.96,0.1466049382716048
sh.603516,2025-11-03,178.0,189.97,176.0,189.97,172.7,13963475.0,2611414712.68,6.8695,0,0.1,主板,189.97,True,1,38014625703.180725,154.0,0.23357142857142854
sh.603516,2025-11-06,206.3,226.93,203.0,226.93,206.3,13178273.0,2837978610.06,6.4832,0,0.1,主板,226.93,True,1,43774349242.04097,151.6,0.4968997361477574
sh.603516,2025-12-09,178.88,191.99,174.8,191.99,174.54,10422722.0,1898474632.22,5.1276,0,0.1,主板,191.99,True,1,37024624233.94961,202.69,-0.05278997483842318
sh.603517,2025-12-18,12.55,13.26,12.54,13.26,12.63,10465601.0,135837334.99,1.727,1,0.05,ST,13.26,True,1,7865508685.002894,13.76,-0.036337209302325535
sh.603528,2025-12-08,9.39,10.03,9.25,10.03,9.12,29898436.0,296079076.48,4.2353,0,0.1,主板,10.03,True,1,6990746263.074635,8.92,0.12443946188340793
sh.603528,2025-12-16,9.56,10.41,9.51,10.41,9.46,79863764.0,817983270.0,11.3133,0,0.1,主板,10.41,True,1,7230280024.396065,9.09,0.1452145214521452
sh.603530,2025-11-04,40.29,44.32,40.29,44.32,40.29,8657232.0,378248305.24,2.0253,0,0.1,主板,44.32,True,1,18676161815.03975,32.84,0.3495736906211935
sh.603530,2025-11-05,47.0,48.75,45.7,48.75,44.32,26735794.0,1270944014.94,6.2545,0,0.1,主板,48.75,True,2,20320473498.121353,32.98,0.4781685870224379
sh.603533,2025-11-10,21.92,22.68,21.5,22.68,20.62,29829338.0,671011170.84,6.7964,0,0.1,主板,22.68,True,1,9873038238.479195,18.91,0.19936541512427275
sh.603533,2025-12-31,20.15,22.12,20.15,22.12,20.11,53531848.0,1154064414.69,12.1969,0,0.1,主板,22.12,True,1,9461948648.345072,20.86,0.06040268456375841
sh.603535,2025-12-22,10.72,11.59,10.66,11.59,10.54,24983666.0,282710132.17,4.89,0,0.1,主板,11.59,True,1,5781393295.910021,10.55,0.09857819905213261
sh.603536,2025-11-10,13.0,14.08,12.68,14.08,12.8,25072900.0,337382635.2,10.4239,0,0.1,主板,14.08,True,1,3236625784.974913,10.46,0.34608030592734207
sh.603536,2025-12-02,13.45,14.87,13.1,14.87,13.52,19291416.0,272928050.96,8.0203,0,0.1,主板,14.87,True,1,3402965611.760158,11.99,0.24020016680567124
sh.603557,2025-11-04,2.25,2.37,2.23,2.37,2.26,25012100.0,57570421.0,4.012,1,0.05,ST,2.37,True,1,1434955658.0259225,2.6,-0.08846153846153848
sh.603557,2025-11-05,2.49,2.49,2.49,2.49,2.37,2596000.0,6464040.0,0.4164,1,0.05,ST,2.49,True,2,1552363112.3919308,2.51,-0.007968127490039723
sh.603557,2025-11-06,2.61,2.61,2.61,2.61,2.49,2237100.0,5838831.0,0.3588,1,0.05,ST,2.61,True,3,1627321906.354515,2.38,0.09663865546218497
sh.603557,2025-11-12,2.61,2.71,2.61,2.71,2.58,38781213.0,104443204.23,6.2206,1,0.05,ST,2.71,True,1,1678989233.0321834,2.39,0.13389121338912124
sh.603557,2025-11-13,2.71,2.85,2.63,2.85,2.71,39738829.0,109744783.61,6.3742,1,0.05,ST,2.85,True,2,1721702858.554799,2.34,0.21794871794871806
sh.603557,2025-12-01,2.76,2.76,2.76,2.76,2.63,991000.0,2735160.0,0.159,1,0.05,ST,2.76,True,1,1720226415.0943394,2.26,0.22123893805309747
sh.603557,2025-12-02,2.9,2.9,2.9,2.9,2.76,1715300.0,4974370.0,0.2751,1,0.05,ST,2.9,True,2,1808204289.3493276,2.37,0.2236286919831223
sh.603559,2025-11-20,7.7,8.09,7.46,8.09,7.7,3389564.0,26539259.8,0.8447,1,0.05,ST,8.09,True,1,3141856256.659169,8.08,0.0012376237623761277
sh.603559,2025-11-21,8.38,8.49,8.25,8.49,8.09,2036093.0,17199642.57,0.5074,1,0.05,ST,8.49,True,2,3389760065.0374465,8.03,0.05728518057285181
sh.603559,2025-12-01,8.61,8.61,8.36,8.61,8.2,3681700.0,31647418.0,0.9175,1,0.05,ST,8.61,True,1,3449309863.760218,8.07,0.06691449814126393
sh.603585,2025-12-17,17.01,18.51,16.93,18.51,16.83,5844891.0,104364626.02,3.1986,0,0.1,主板,18.51,True,1,3262822047.7709,18.93,-0.022187004754358086
sh.603585,2025-12-18,20.36,20.36,19.5,20.36,18.51,14265652.0,289386624.65,7.8069,0,0.1,主板,20.36,True,2,3706805833.9417696,18.6,0.09462365591397837
sh.603585,2025-12-19,20.8,22.4,20.08,22.4,20.36,27984436.0,604594702.1,15.3145,0,0.1,主板,22.4,True,3,3947857926.1484213,17.7,0.2655367231638417
sh.603590,2025-12-03,42.7,46.97,42.7,46.97,42.7,4052200.0,182775170.0,2.5611,0,0.1,主板,46.97,True,1,7136588575.221584,45.81,0.025321982099978158
sh.603601,2025-12-08,5.75,5.75,5.75,5.75,5.23,30663457.0,176314877.75,2.9766,0,0.1,主板,5.75,True,1,5923364837.398375,4.94,0.16396761133603222
sh.603601,2025-12-10,6.96,6.96,6.96,6.96,6.33,30535996.0,212530532.16,2.9642,0,0.1,主板,6.96,True,1,7169912022.13076,4.88,0.42622950819672134
sh.603601,2025-12-11,7.66,7.66,7.59,7.66,6.96,88456817.0,677568853.22,8.5867,0,0.1,主板,7.66,True,2,7890910981.168551,4.96,0.5443548387096775
sh.603601,2025-12-12,8.0,8.43,7.85,8.43,7.66,204037454.0,1677962390.66,19.8063,0,0.1,主板,8.43,True,3,8471861936.1516285,4.97,0.6961770623742456
sh.603601,2025-12-15,8.84,9.27,8.5,9.27,8.43,363584332.0,3288328897.87,35.2939,0,0.1,主板,9.27,True,4,9316989332.06588,4.95,0.8727272727272726
sh.603601,2025-12-24,9.6,11.03,9.6,11.03,10.03,217607603.0,2319313671.03,21.1236,0,0.1,主板,11.03,True,1,10979727276.742601,4.82,1.288381742738589
sh.603601,2025-12-25,12.13,12.13,11.98,12.13,11.03,84261150.0,1021107010.23,8.1794,0,0.1,主板,12.13,True,2,12483886473.702229,4.76,1.5483193277310927
sh.603601,2025-12-26,13.0,13.34,12.52,13.34,12.13,443055056.0,5795106898.07,43.0083,0,0.1,主板,13.34,True,3,13474391915.211714,5.06,1.6363636363636367
sh.603608,2025-12-19,7.7,8.33,7.7,8.33,7.57,48609542.0,400875361.06,11.5815,0,0.1,主板,8.33,True,1,3461342322.3243966,7.2,0.15694444444444433
sh.603608,2025-12-30,9.15,9.36,8.5,9.36,8.51,69759518.0,633681253.61,16.6206,0,0.1,主板,9.36,True,1,3812625618.8705587,7.14,0.31092436974789917
sh.603608,2025-12-31,10.3,10.3,10.3,10.3,9.36,10846885.0,111722915.5,2.5843,0,0.1,主板,10.3,True,2,4323140328.135279,7.26,0.41873278236914624
sh.603610,2025-12-12,19.46,20.99,19.3,20.99,19.08,21403141.0,440649662.6,6.0634,0,0.1,主板,20.99,True,1,7267369175.709999,21.44,-0.020988805970149405
sh.603618,2025-12-22,7.77,8.61,7.77,8.61,7.83,48740334.0,409398675.83,7.0498,0,0.1,主板,8.61,True,1,5807238160.373343,7.86,0.09541984732824416
sh.603626,2025-11-27,11.93,13.12,11.93,13.12,11.93,97924459.0,1256717094.56,17.6479,0,0.1,主板,13.12,True,1,7121057432.102403,12.63,0.0387965162311954
sh.603626,2025-12-19,13.78,15.15,13.57,15.15,13.77,91872551.0,1336884074.84,16.5572,0,0.1,主板,15.15,True,1,8074336692.435917,11.41,0.3277826468010516
sh.603626,2025-12-26,16.55,17.19,16.55,17.19,15.63,96417710.0,1648798867.88,17.3763,0,0.1,主板,17.19,True,1,9488779935.199093,13.16,0.30623100303951367
sh.603626,2025-12-30,17.21,19.53,17.17,19.53,17.75,93198073.0,1761267025.63,16.7961,0,0.1,主板,19.53,True,1,10486166584.087975,13.18,0.48179059180576633
sh.603628,2025-11-14,14.3,15.74,14.15,15.74,14.31,27687046.0,427326491.67,10.1728,0,0.1,主板,15.74,True,1,4200677214.434571,12.98,0.21263482280431423
sh.603629,2025-11-03,28.96,29.45,27.44,29.45,26.77,37482840.0,1076586572.72,14.6182,0,0.1,主板,29.45,True,2,7364699981.66669,25.23,0.1672611969877129
sh.603636,2025-11-24,13.65,14.44,13.22,14.44,13.13,74875109.0,1033928243.4,12.9015,0,0.1,主板,14.44,True,1,8014015760.958028,11.73,0.23103154305200335
sh.603636,2025-11-28,13.12,14.43,13.1,14.43,13.12,48473965.0,690195586.33,8.3524,0,0.1,主板,14.43,True,1,8263440284.588861,12.16,0.18667763157894735
sh.603655,2025-11-12,34.27,37.68,33.81,37.68,34.25,3103600.0,111298430.0,2.9279,0,0.1,主板,37.68,True,1,3801305713.992964,36.78,0.02446982055464919
sh.603657,2025-11-20,29.5,32.21,29.28,32.21,29.28,6230640.0,195823521.4,4.6088,0,0.1,主板,32.21,True,1,4248904734.421108,34.16,-0.057084309133489386
sh.603657,2025-11-28,34.0,37.27,33.6,37.27,33.88,11042800.0,396930876.0,8.1684,0,0.1,主板,37.27,True,1,4859346701.924489,32.85,0.1345509893455099
sh.603660,2025-12-26,10.15,11.06,10.15,11.06,10.05,70442975.0,764661383.54,12.3261,0,0.1,主板,11.06,True,1,6203595488.759624,9.75,0.13435897435897437
sh.603663,2025-11-07,29.3,31.96,29.0,31.96,29.05,41865151.0,1290387313.58,9.9014,0,0.1,主板,31.96,True,1,13032372326.943663,27.81,0.14922689679971235
sh.603663,2025-11-11,34.37,37.48,34.37,37.48,34.07,45788065.0,1661107691.41,10.8292,0,0.1,主板,37.48,True,1,15339154244.173162,27.03,0.3866074731779503
sh.603665,2025-11-12,28.4,31.3,28.4,31.3,28.45,3705736.0,112604298.0,2.3137,0,0.1,主板,31.3,True,1,4866849548.342482,26.59,0.1771342610003761
sh.603667,2025-12-08,48.6,53.97,47.81,53.97,49.06,61418102.0,3165671049.54,16.7716,0,0.1,主板,53.97,True,1,18875188112.881298,45.89,0.17607321856613645
sh.603667,2025-12-29,52.79,57.84,52.45,57.84,52.58,47885576.0,2679998150.92,13.0762,0,0.1,主板,57.84,True,1,20495236773.068626,46.28,0.2497839239412274
sh.603667,2025-12-30,58.2,63.62,57.89,63.62,57.84,41141690.0,2538968363.19,11.2347,0,0.1,主板,63.62,True,2,22599342778.979412,44.78,0.42072353729343437
sh.603667,2025-12-31,69.98,69.98,67.38,69.98,63.62,36834466.0,2570907340.19,10.0585,0,0.1,主板,69.98,True,3,25559550034.19993,46.22,0.5140631761142365
sh.603668,2025-11-04,14.09,15.61,14.02,15.61,14.19,68961686.0,1041524936.29,13.6932,0,0.1,主板,15.61,True,1,7606147111.6320505,16.01,-0.02498438475952547
sh.603668,2025-11-19,15.21,16.67,15.01,16.67,15.15,60732051.0,976679826.43,12.0591,0,0.1,主板,16.67,True,1,8099110434.692472,14.43,0.1552321552321554
sh.603678,2025-12-24,32.69,36.14,32.63,36.14,32.85,44812881.0,1577157355.98,9.423,0,0.1,主板,36.14,True,1,16737316735.434574,30.81,0.1729957805907174
sh.603679,2025-12-18,15.93,17.55,15.77,17.55,15.95,22149135.0,377909633.57,13.4406,0,0.1,主板,17.55,True,1,2811702108.3136168,15.74,0.11499364675984758
sh.603679,2025-12-19,19.31,19.31,19.31,19.31,17.55,10357765.0,200008442.15,6.2853,0,0.1,主板,19.31,True,2,3182162222.1691885,15.0,0.2873333333333332
sh.603680,2025-12-08,10.74,11.77,10.74,11.77,10.7,14030970.0,160093977.5,1.7903,0,0.1,主板,11.77,True,1,8942298916.382729,10.92,0.07783882783882778
sh.603680,2025-12-26,14.81,16.29,14.54,16.29,14.81,23052786.0,364095151.62,2.9415,0,0.1,主板,16.29,True,1,12377873588.985212,10.63,0.5324553151458136
sh.603681,2025-12-10,19.94,21.14,19.94,21.14,19.22,19643348.0,409051545.56,10.2774,0,0.1,主板,21.14,True,1,3980107279.662171,19.34,0.09307135470527417
sh.603683,2025-11-11,27.9,30.58,27.79,30.58,27.8,13056506.0,387192529.16,5.0452,0,0.1,主板,30.58,True,1,7674473344.1687155,31.38,-0.02549394518801784
sh.603686,2025-11-04,30.0,33.47,28.9,33.47,30.43,125484523.0,3965618239.59,30.2059,0,0.1,主板,33.47,True,1,13128621360.694433,21.8,0.535321100917431
sh.603686,2025-11-11,31.0,35.1,31.0,35.1,31.91,119940485.0,4025337735.26,28.8714,0,0.1,主板,35.1,True,1,13942301846.32543,24.47,0.4344094809971395
sh.603686,2025-12-08,24.8,27.28,24.65,27.28,24.8,70038294.0,1854343129.46,16.8592,0,0.1,主板,27.28,True,1,10998998347.845686,31.91,-0.14509558132246936
sh.603686,2025-12-26,25.61,28.57,25.59,28.57,25.97,115480976.0,3206729084.91,27.7979,0,0.1,主板,28.57,True,1,11535868122.807838,27.57,0.036271309394269036
sh.603686,2025-12-30,28.51,31.58,27.65,31.58,28.71,141935484.0,4236522950.7,34.1659,0,0.1,主板,31.58,True,1,12399857608.609755,28.64,0.10265363128491622
sh.603696,2025-11-05,12.19,13.38,12.1,13.38,12.16,19675318.0,257169855.44,8.3654,0,0.1,主板,13.38,True,1,3074208710.163292,11.58,0.15544041450777213
sh.603696,2025-12-02,13.46,14.63,13.0,14.63,13.3,27401662.0,377831274.27,11.6504,0,0.1,主板,14.63,True,1,3243075553.371558,12.16,0.203125
sh.603696,2025-12-03,16.09,16.09,14.63,16.09,14.63,61134570.0,944955946.94,25.9926,0,0.1,主板,16.09,True,2,3635480663.496534,13.38,0.20254110612855003
sh.603696,2025-12-04,17.0,17.7,17.0,17.7,16.09,46553133.0,816792691.42,19.793,0,0.1,主板,17.7,True,3,4126674538.5742435,13.36,0.3248502994011977
sh.603696,2025-12-05,17.34,19.47,17.34,19.47,17.7,24589213.0,462212262.87,10.4546,0,0.1,主板,19.47,True,4,4421137708.472826,13.55,0.4369003690036899
sh.603696,2025-12-08,21.42,21.42,21.42,21.42,19.47,3615873.0,77451999.66,1.5374,0,0.1,主板,21.42,True,5,5037856098.608039,13.95,0.5354838709677421
sh.603696,2025-12-09,22.5,23.56,20.36,23.56,21.42,58516115.0,1314665484.75,24.8793,0,0.1,主板,23.56,True,6,5284173930.737601,14.26,0.6521739130434783
sh.603696,2025-12-16,20.7,22.64,20.7,22.64,20.58,56135677.0,1254482592.38,23.8672,0,0.1,主板,22.64,True,1,5256094524.619562,13.15,0.7216730038022814
sh.603696,2025-12-22,20.6,22.22,19.11,22.22,20.2,48803081.0,984766215.61,20.7496,0,0.1,主板,22.22,True,1,4745952768.294329,11.54,0.925476603119584
sh.603696,2025-12-23,24.44,24.44,24.44,24.44,22.22,16564265.0,404830636.6,7.0426,0,0.1,主板,24.44,True,2,5748312222.75864,11.92,1.050335570469799
sh.603696,2025-12-24,26.0,26.88,25.8,26.88,24.44,22961194.0,610301596.33,9.7624,0,0.1,主板,26.88,True,3,6251552859.235435,12.26,1.1924959216965743
sh.603698,2025-12-08,21.53,23.67,21.49,23.67,21.52,24201825.0,565582116.69,4.5154,0,0.1,主板,23.67,True,1,12525626006.333881,20.0,0.1835
sh.603698,2025-12-12,22.98,25.55,22.81,25.55,23.23,49340038.0,1208435930.61,9.2054,0,0.1,主板,25.55,True,1,13127467905.903057,19.04,0.34191176470588247
sh.603698,2025-12-19,25.52,27.47,25.52,27.47,24.97,43132455.0,1173159506.23,8.0472,0,0.1,主板,27.47,True,1,14578480791.206879,17.87,0.5372132064913262
sh.603698,2025-12-23,27.89,30.93,27.02,30.93,28.12,76034913.0,2278360658.86,14.1859,0,0.1,主板,30.93,True,1,16060741009.453049,18.77,0.6478423015450188
sh.603698,2025-12-24,29.61,34.02,29.61,34.02,30.93,57062245.0,1860778561.31,10.6461,0,0.1,主板,34.02,True,2,17478499744.60131,18.1,0.8795580110497239
sh.603698,2025-12-25,35.72,37.42,35.0,37.42,34.02,38872575.0,1420323927.91,7.2525,0,0.1,主板,37.42,True,3,19583921791.2444,17.96,1.0835189309576836
sh.603703,2025-12-17,14.08,14.08,14.08,14.08,12.8,14673760.0,206606540.8,3.536,0,0.1,主板,14.08,True,1,5842945158.371041,11.77,0.1962616822429908
sh.603703,2025-12-18,15.49,15.49,15.49,15.49,14.08,16858290.0,261134912.1,4.0624,0,0.1,主板,15.49,True,2,6428094527.865301,11.59,0.3364969801553064
sh.603708,2025-12-16,11.5,12.68,11.5,12.68,11.53,29423756.0,363541892.7,4.6094,0,0.1,主板,12.68,True,1,7886967776.717143,12.13,0.045342126957955475
sh.603709,2025-12-04,15.04,16.57,14.83,16.57,15.06,4541832.0,72429382.24,3.6303,0,0.1,主板,16.57,True,1,1995134899.044156,15.83,0.046746683512318477
sh.603709,2025-12-05,17.08,18.23,16.52,18.23,16.57,12513308.0,218790452.72,10.0019,0,0.1,主板,18.23,True,2,2187488904.308182,16.18,0.1266996291718172
sh.603709,2025-12-10,17.8,19.7,17.53,19.7,17.91,20864457.0,399920646.29,16.677,0,0.1,主板,19.7,True,1,2398037094.7412605,16.48,0.19538834951456296
sh.603709,2025-12-11,19.72,21.67,18.5,21.67,19.7,12217229.0,248157785.25,9.7652,0,0.1,主板,21.67,True,2,2541246315.9996724,16.82,0.28834720570749117
sh.603709,2025-12-12,21.84,23.84,21.84,23.84,21.67,9271829.0,216985651.06,7.411,0,0.1,主板,23.84,True,3,2927886264.471731,16.61,0.43527995183624335
sh.603711,2025-12-03,14.3,15.73,14.1,15.73,14.3,17125548.0,259068305.79,4.1479,0,0.1,主板,15.73,True,1,6245770288.338677,13.94,0.1284074605451937
sh.603712,2025-11-28,19.85,21.84,19.84,21.84,19.85,36310778.0,761968887.31,4.7035,0,0.1,主板,21.84,True,1,16200040125.65111,20.1,0.08656716417910437
sh.603716,2025-12-18,19.71,21.9,19.68,21.9,19.91,26130945.0,558736749.07,12.4325,0,0.1,主板,21.9,True,1,4494162469.897447,21.42,0.022408963585434094
sh.603722,2025-12-30,39.81,41.38,38.83,41.38,37.62,4472170.0,183054486.4,4.6731,0,0.1,主板,41.38,True,1,3917196002.653485,39.3,0.05292620865139974
sh.603727,2025-11-24,14.1,15.17,14.06,15.17,13.79,12420720.0,182792600.56,4.4089,0,0.1,主板,15.17,True,1,4145991076.232167,14.18,0.06981664315937941
sh.603730,2025-11-24,7.36,8.04,7.35,8.04,7.31,60419807.0,472903157.32,2.8121,0,0.1,主板,8.04,True,1,16816726194.658794,7.57,0.062087186261558625
sh.603738,2025-12-08,15.62,17.18,15.6,17.18,15.62,30948822.0,524511865.75,8.0202,0,0.1,主板,17.18,True,1,6539885111.967282,15.05,0.14152823920265778
sh.603757,2025-12-17,38.2,41.8,38.2,41.8,38.0,19596786.0,789722693.2,10.505,0,0.1,主板,41.8,True,1,7517588702.522609,37.35,0.11914323962516726
sh.603757,2025-12-19,42.2,47.29,42.2,47.29,42.99,24120326.0,1092828505.46,12.9299,0,0.1,主板,47.29,True,1,8451948626.516834,35.28,0.3404195011337867
sh.603758,2025-11-28,16.18,17.9,16.11,17.9,16.27,29414189.0,515450263.38,6.7034,0,0.1,主板,17.9,True,1,7689385436.942446,15.24,0.174540682414698
sh.603759,2025-11-04,11.63,12.91,11.5,12.91,11.74,45823388.0,568615912.43,9.9236,0,0.1,主板,12.91,True,1,5729935834.072312,7.78,0.6593830334190232
sh.603759,2025-11-05,12.54,14.2,12.5,14.2,12.91,38096506.0,517912584.62,8.2503,0,0.1,主板,14.2,True,2,6277500025.696036,7.7,0.8441558441558441
sh.603759,2025-11-07,14.73,15.96,14.36,15.96,14.51,54478565.0,842845963.02,11.798,0,0.1,主板,15.96,True,1,7143973241.396848,8.06,0.9801488833746899
sh.603777,2025-12-18,13.9,14.84,13.9,14.84,13.49,25068350.0,368447433.2,7.496,0,0.1,主板,14.84,True,1,4915253911.419423,13.48,0.10089020771513346
sh.603778,2025-11-03,4.62,4.98,4.51,4.98,4.53,93956900.0,446914830.5,14.6155,0,0.1,主板,4.98,True,1,3057814173.309158,3.44,0.4476744186046513
sh.603778,2025-11-10,5.5,5.81,5.5,5.81,5.28,63174800.0,364251225.5,9.8272,0,0.1,主板,5.81,True,1,3706561640.1416483,3.5,0.6599999999999999
sh.603778,2025-11-11,6.39,6.39,6.39,6.39,5.81,11122947.0,71075631.33,1.7302,0,0.1,主板,6.39,True,2,4107943089.2382383,3.58,0.7849162011173183
sh.603778,2025-11-12,7.03,7.03,7.03,7.03,6.39,8462300.0,59489969.0,1.3164,0,0.1,主板,7.03,True,3,4519140762.686113,3.94,0.7842639593908631
sh.603778,2025-11-13,7.5,7.73,6.94,7.73,7.03,188743175.0,1415778517.91,29.36,0,0.1,主板,7.73,True,4,4822133916.587194,4.33,0.7852193995381063
sh.603778,2025-11-14,8.01,8.5,7.82,8.5,7.73,185564467.0,1517258515.44,28.8656,0,0.1,主板,8.5,True,5,5256286082.534227,4.39,0.9362186788154898
sh.603778,2025-11-19,8.0,8.97,7.91,8.97,8.15,185042272.0,1618292897.14,28.7844,0,0.1,主板,8.97,True,1,5622117873.36196,4.58,0.9585152838427948
sh.603778,2025-11-24,7.7,8.09,7.38,8.09,7.35,126866757.0,1002355924.49,19.7348,0,0.1,主板,8.09,True,1,5079128871.2832155,4.45,0.8179775280898876
sh.603778,2025-11-25,8.47,8.9,8.33,8.9,8.09,80749200.0,703738757.0,12.561,0,0.1,主板,8.9,True,2,5602569516.75822,4.59,0.9389978213507626
sh.603778,2025-11-27,10.19,10.54,10.07,10.54,9.58,60822730.0,634489258.75,9.4613,0,0.1,主板,10.54,True,1,6706153052.434655,4.7,1.2425531914893613
sh.603778,2025-11-28,10.67,11.59,10.61,11.59,10.54,113149245.0,1280253307.05,17.601,0,0.1,主板,11.59,True,2,7273753235.895687,4.53,1.5584988962472406
sh.603778,2025-12-01,11.86,12.75,11.82,12.75,11.59,171063709.0,2152144235.02,26.6099,0,0.1,主板,12.75,True,3,8087757695.519337,4.98,1.5602409638554215
sh.603778,2025-12-29,15.49,16.78,15.01,16.78,15.25,102145450.0,1647292550.8,15.8893,0,0.1,主板,16.78,True,1,10367307249.532703,12.75,0.3160784313725491
sh.603789,2025-11-10,5.8,6.15,5.8,6.15,5.86,6528810.0,39122415.7,2.5111,1,0.05,ST,6.15,True,1,1557979200.3504443,5.65,0.08849557522123885
sh.603789,2025-11-27,5.66,5.92,5.62,5.92,5.64,6493200.0,38064265.0,2.4974,1,0.05,ST,5.92,True,1,1524155721.950829,5.88,0.006802721088435382
sh.603798,2025-12-30,14.88,16.27,14.7,16.27,14.79,10782940.0,169911686.86,4.2047,0,0.1,主板,16.27,True,1,4040994288.772089,15.05,0.08106312292358786
sh.603800,2025-12-19,49.77,53.61,49.77,53.61,48.74,14609342.0,767026348.98,7.0237,0,0.1,主板,53.61,True,1,10920545424.491365,42.31,0.2670763412904751
sh.603803,2025-11-20,9.82,10.81,9.44,10.81,9.83,34967058.0,359918607.11,8.2298,0,0.1,主板,10.81,True,1,4373357883.666676,9.07,0.19184123484013238
sh.603803,2025-11-25,10.8,11.86,10.78,11.86,10.78,34229597.0,393658940.55,8.0562,0,0.1,主板,11.86,True,1,4886409728.532063,9.34,0.26980728051391867
sh.603803,2025-12-01,10.42,11.43,10.34,11.43,10.39,54240833.0,603933452.36,12.766,0,0.1,主板,11.43,True,1,4730796274.165752,9.54,0.19811320754716988
sh.603803,2025-12-18,10.56,11.77,10.41,11.77,10.7,34367166.0,397410751.78,8.0886,0,0.1,主板,11.77,True,1,4913220480.429246,10.81,0.08880666049953745
sh.603809,2025-12-25,12.87,14.05,12.85,14.05,12.77,95940988.0,1317301913.19,10.4251,0,0.1,主板,14.05,True,1,12635868367.593597,12.11,0.1601981833195707
sh.603813,2025-11-07,31.3,32.71,31.3,32.71,31.15,1828000.0,59552360.0,1.7407,1,0.05,ST,32.71,True,1,3421173091.2851152,24.06,0.35951787198670004
sh.603813,2025-11-10,33.36,34.35,33.04,34.35,32.71,1532700.0,52198668.0,1.4595,1,0.05,ST,34.35,True,2,3576476053.4429603,24.05,0.4282744282744282
sh.603813,2025-11-11,35.09,36.07,34.87,36.07,34.35,1746600.0,62543679.0,1.6632,1,0.05,ST,36.07,True,3,3760442460.3174605,24.59,0.466856445709638
sh.603813,2025-11-12,36.98,37.87,36.79,37.87,36.07,1128300.0,42462444.0,1.0744,1,0.05,ST,37.87,True,4,3952200670.1414742,25.82,0.46669248644461647
sh.603813,2025-11-13,38.63,39.76,38.6,39.76,37.87,1071700.0,42314830.0,1.0205,1,0.05,ST,39.76,True,5,4146480156.7858896,26.88,0.47916666666666674
sh.603813,2025-11-18,34.09,37.67,34.09,37.67,35.88,3120600.0,108119774.0,2.9716,1,0.05,ST,37.67,True,1,3638436330.5963116,27.8,0.35503597122302155
sh.603813,2025-11-20,38.74,40.28,38.72,40.28,38.36,1814500.0,71907621.0,1.7278,1,0.05,ST,40.28,True,1,4161802349.8090057,28.2,0.4283687943262413
sh.603813,2025-11-25,37.61,38.98,37.1,38.98,37.12,1246400.0,47408703.0,1.1869,1,0.05,ST,38.98,True,1,3994330019.378212,29.4,0.3258503401360544
sh.603813,2025-12-05,35.1,38.24,35.1,38.24,36.42,1348700.0,49817500.0,1.2843,1,0.05,ST,38.24,True,1,3878961301.876508,32.71,0.16906144909813525
sh.603813,2025-12-19,37.01,38.57,36.39,38.57,36.73,910300.0,34605423.0,0.8668,1,0.05,ST,38.57,True,1,3992319220.1199813,38.3,0.007049608355091497
sh.603815,2025-11-28,11.06,12.16,10.99,12.16,11.05,20016556.0,235150007.36,3.2341,0,0.1,主板,12.16,True,1,7270956598.744628,13.85,-0.12202166064981945
sh.603817,2025-11-04,6.92,7.63,6.87,7.63,6.94,57608697.0,420633306.7,10.1053,0,0.1,主板,7.63,True,1,4162501921.763827,6.33,0.2053712480252765
sh.603817,2025-11-14,7.87,8.68,7.87,8.68,7.89,43964344.0,364450088.11,7.7119,0,0.1,主板,8.68,True,1,4725814495.90892,6.52,0.3312883435582823
sh.603817,2025-12-19,6.85,7.55,6.82,7.55,6.86,37730321.0,273976088.55,6.6184,0,0.1,主板,7.55,True,1,4139612119.998791,7.01,0.07703281027104136
sh.603822,2025-12-12,84.5,84.51,83.01,84.51,80.49,6114611.0,515762719.1,7.9591,1,0.05,ST,84.51,True,1,6480163826.31202,109.69,-0.22955602151517907
sh.603822,2025-12-15,87.98,88.74,87.05,88.74,84.51,1506067.0,133029771.58,1.9604,1,0.05,ST,88.74,True,2,6785848376.861866,107.94,-0.17787659811006118
sh.603822,2025-12-16,93.18,93.18,91.69,93.18,88.74,1339600.0,124789386.0,1.7437,1,0.05,ST,93.18,True,3,7156585765.900098,103.17,-0.09683047397499267
sh.603823,2025-11-03,17.63,17.63,16.41,17.63,16.03,43968464.0,764135038.68,10.6971,0,0.1,主板,17.63,True,2,7143385017.247665,14.49,0.21670117322291227
sh.603823,2025-11-04,19.39,19.39,18.34,19.39,17.63,71705456.0,1376751915.02,17.4452,0,0.1,主板,19.39,True,3,7891866616.719786,14.92,0.2995978552278822
sh.603823,2025-11-25,15.29,16.53,15.21,16.53,15.03,12601860.0,201001667.68,3.0659,0,0.1,主板,16.53,True,1,6556041217.260837,15.28,0.08180628272251322
sh.603825,2025-11-24,9.12,9.56,9.09,9.56,9.1,4653500.0,43333533.0,1.8369,1,0.05,ST,9.56,True,1,2359057814.796668,9.19,0.04026115342763892
sh.603828,2025-11-07,6.7,6.89,6.56,6.89,6.56,9212112.0,62702720.41,1.5458,1,0.05,ST,6.89,True,1,4056328141.4154477,5.14,0.34046692607003903
sh.603828,2025-11-10,7.1,7.23,6.89,7.23,6.89,13411370.0,96272243.33,2.2505,1,0.05,ST,7.23,True,2,4277815744.501222,5.16,0.40116279069767447
sh.603828,2025-11-11,7.4,7.59,7.38,7.59,7.23,11101577.0,83651898.41,1.8629,1,0.05,ST,7.59,True,3,4490412711.9008,5.12,0.482421875
sh.603828,2025-12-01,7.1,7.38,7.05,7.38,7.03,5566454.0,40461035.4,0.9341,1,0.05,ST,7.38,True,1,4331552874.42458,6.61,0.11649016641452348
sh.603828,2025-12-22,8.17,8.43,8.17,8.43,8.03,7626086.0,64103769.97,1.2797,1,0.05,ST,8.43,True,1,5009281079.159178,6.83,0.2342606149341142
sh.603828,2025-12-29,8.02,8.21,7.9,8.21,7.82,3536978.0,28800152.38,0.5935,1,0.05,ST,8.21,True,1,4852595177.759056,7.38,0.11246612466124684
sh.603828,2025-12-30,8.37,8.62,8.21,8.62,8.21,13031451.0,110589953.88,2.1867,1,0.05,ST,8.62,True,2,5057390308.684319,7.5,0.14933333333333332
sh.603829,2025-11-17,20.0,21.97,19.8,21.97,19.97,15233448.0,323774200.55,8.5115,0,0.1,主板,21.97,True,1,3803961705.3398347,19.19,0.14486711829077636
sh.603829,2025-11-18,23.62,24.17,23.4,24.17,21.97,8098950.0,194633636.8,4.4359,0,0.1,主板,24.17,True,2,4387692166.189499,19.69,0.22752666328085325
sh.603829,2025-11-21,24.05,25.94,24.05,25.94,23.58,5337432.0,135756703.12,2.8655,0,0.1,主板,25.94,True,1,4737627050.078521,20.39,0.2721922511034822
sh.603829,2025-12-09,29.2,32.45,28.84,32.45,29.5,17318082.0,549112720.28,9.2975,0,0.1,主板,32.45,True,1,5906025493.734876,19.0,0.7078947368421054
sh.603838,2025-11-05,8.13,8.58,8.13,8.58,8.17,2564748.0,21646069.2,0.8014,1,0.05,ST,8.58,True,1,2701031844.272523,8.09,0.060568603213844385
sh.603843,2025-11-12,7.13,7.13,7.13,7.13,6.79,1825090.0,13012891.7,0.2609,1,0.05,ST,7.13,True,1,4987693254.120352,5.43,0.3130755064456723
sh.603843,2025-11-13,7.49,7.49,7.49,7.49,7.13,1425360.0,10675946.4,0.2037,1,0.05,ST,7.49,True,2,5241014432.989691,5.7,0.31403508771929833
sh.603843,2025-11-14,7.86,7.86,7.86,7.86,7.49,1496900.0,11765634.0,0.214,1,0.05,ST,7.86,True,3,5497959813.084112,5.83,0.34819897084048024
sh.603843,2025-11-17,8.25,8.25,7.98,8.25,7.86,28935478.0,238580059.9,4.1359,1,0.05,ST,8.25,True,4,5768516160.932324,5.54,0.4891696750902528
sh.603843,2025-11-18,8.47,8.66,8.26,8.66,8.25,69829172.0,600226384.14,9.981,1,0.05,ST,8.66,True,5,6013689852.119026,5.32,0.6278195488721805
sh.603843,2025-12-22,4.45,4.69,4.25,4.69,4.47,92805160.0,407990619.76,13.265,1,0.05,ST,4.69,True,1,3075692572.6347528,8.66,-0.4584295612009237
sh.603843,2025-12-25,4.73,4.73,4.73,4.73,4.5,2077140.0,9824872.2,0.2969,1,0.05,ST,4.73,True,1,3309151970.3603907,8.66,-0.45381062355658197
sh.603843,2025-12-26,4.97,4.97,4.92,4.97,4.73,37919100.0,188431912.0,5.4199,1,0.05,ST,4.97,True,2,3476667687.5957117,8.66,-0.4260969976905312
sh.603843,2025-12-29,5.22,5.22,5.22,5.22,4.97,2728680.0,14243709.6,0.39,1,0.05,ST,5.22,True,3,3652233230.7692304,8.66,-0.397228637413395
sh.603843,2025-12-30,5.48,5.48,5.48,5.48,5.22,2821780.0,15463354.4,0.4033,1,0.05,ST,5.48,True,4,3834206397.222911,8.66,-0.36720554272517314
sh.603863,2025-11-04,20.79,22.86,20.73,22.86,20.78,13217000.0,291647943.0,6.4583,0,0.1,主板,22.86,True,1,4515862425.096388,22.64,0.009717314487632356
sh.603863,2025-12-16,18.52,20.52,18.36,20.52,18.65,13588229.0,267810662.98,6.6397,0,0.1,主板,20.52,True,1,4033475352.5008655,19.21,0.0681936491410724
sh.603868,2025-12-22,33.35,36.49,33.28,36.49,33.17,5585352.0,196637852.21,1.2822,0,0.1,主板,36.49,True,1,15335973499.454063,35.34,0.03254102999434072
sh.603876,2025-12-29,15.0,15.76,14.8,15.76,14.33,66299059.0,1024896298.57,7.1346,0,0.1,主板,15.76,True,1,14365154298.348892,13.68,0.1520467836257311
sh.603877,2025-11-18,14.98,16.37,14.86,16.37,14.88,6115260.0,96402154.88,1.303,0,0.1,主板,16.37,True,1,7398476966.999233,14.33,0.14235868806699248
sh.603877,2025-11-19,17.0,18.01,16.75,18.01,16.37,21667847.0,384999499.09,4.6168,0,0.1,主板,18.01,True,2,8339098490.079708,14.28,0.26120448179271727
sh.603878,2025-11-28,9.59,10.54,9.52,10.54,9.58,24320536.0,247513268.34,4.3347,0,0.1,主板,10.54,True,1,5710043794.03419,10.52,0.001901140684410496
sh.603879,2025-12-09,6.0,6.63,5.9,6.63,6.03,32235863.0,210648915.69,8.9707,0,0.1,主板,6.63,True,1,2348188164.691718,6.34,0.045741324921135584
sh.603879,2025-12-10,6.63,7.29,6.31,7.29,6.63,101753462.0,710457775.57,28.3164,0,0.1,主板,7.29,True,2,2508997526.415787,6.21,0.17391304347826098
sh.603879,2025-12-24,5.5,6.0,5.44,6.0,5.45,20151682.0,117284130.0,5.6079,0,0.1,主板,6.0,True,1,2091409083.6141872,5.71,0.05078809106830118
sh.603879,2025-12-29,6.6,6.93,6.58,6.93,6.3,78453910.0,537675283.6,21.8325,0,0.1,主板,6.93,True,1,2462728884.0032063,5.82,0.19072164948453607
sh.603881,2025-11-13,30.14,33.15,29.89,33.15,30.14,40580530.0,1282317892.26,5.6489,0,0.1,主板,33.15,True,1,22700311428.06564,33.39,-0.007187780772686447
sh.603881,2025-11-24,32.81,35.21,31.5,35.21,32.01,82499536.0,2831282593.35,11.4842,0,0.1,主板,35.21,True,1,24653720706.274708,33.39,0.05450733752620551
sh.603886,2025-12-05,12.72,13.99,12.61,13.99,12.72,15679793.0,214523067.06,6.5332,0,0.1,主板,13.99,True,1,3283583344.4560094,12.84,0.08956386292834884
sh.603898,2025-11-20,12.87,13.97,12.59,13.97,12.7,13237594.0,180252183.93,4.2517,0,0.1,主板,13.97,True,1,4239532044.3587275,9.9,0.4111111111111112
sh.603898,2025-11-21,14.0,15.37,13.97,15.37,13.97,27485297.0,405543463.89,8.8279,0,0.1,主板,15.37,True,2,4593883753.66735,9.94,0.5462776659959758
sh.603898,2025-12-02,12.71,13.93,12.62,13.93,12.66,7161364.0,95834851.04,2.3001,0,0.1,主板,13.93,True,1,4166551499.500022,11.07,0.25835591689250226
sh.603898,2025-12-08,13.56,14.48,13.31,14.48,13.16,9630360.0,133208902.4,3.0931,0,0.1,主板,14.48,True,1,4306647130.71029,10.59,0.3673276676109538
sh.603906,2025-11-05,17.0,19.13,17.0,19.13,17.39,60741915.0,1111865682.46,10.7493,0,0.1,主板,19.13,True,1,10343610118.426317,17.23,0.11027278003482288
sh.603906,2025-11-25,18.06,18.06,18.06,18.06,16.42,6232065.0,112551093.9,1.1029,0,0.1,主板,18.06,True,1,10205013500.770695,15.86,0.13871374527112224
sh.603906,2025-11-26,19.87,19.87,19.75,19.87,18.06,24926435.0,495263895.45,4.4111,0,0.1,主板,19.87,True,2,11227673266.305456,16.13,0.2318660880347181
sh.603906,2025-12-03,23.41,23.41,23.0,23.41,21.28,48935186.0,1144658524.76,8.6599,0,0.1,主板,23.41,True,1,13217918506.680214,19.13,0.22373235755358079
sh.603909,2025-11-17,12.22,13.52,12.22,13.52,12.29,17475564.0,231539673.73,6.704,0,0.1,主板,13.52,True,1,3453754083.0847254,11.21,0.20606601248884915
sh.603909,2025-11-28,11.78,12.91,11.65,12.91,11.74,12552846.0,156010336.46,4.8156,0,0.1,主板,12.91,True,1,3239686362.239389,12.06,0.07048092868988398
sh.603928,2025-12-01,15.62,17.07,15.55,17.07,15.52,26367480.0,437958750.6,10.0609,0,0.1,主板,17.07,True,1,4353077265.453389,15.22,0.12155059132720103
sh.603928,2025-12-22,15.19,16.67,15.1,16.67,15.15,18101310.0,295812883.4,6.9068,0,0.1,主板,16.67,True,1,4282922386.6334624,16.66,0.0006002400960385401
sh.603929,2025-11-03,44.58,46.71,43.72,46.71,42.46,4590700.0,210924943.0,2.1516,0,0.1,主板,46.71,True,2,9803167084.960028,44.78,0.04309959803483698
sh.603929,2025-11-18,52.89,58.18,52.0,58.18,52.89,7409963.0,409248741.92,3.473,0,0.1,主板,58.18,True,1,11783724213.072273,38.9,0.495629820051414
sh.603929,2025-12-11,73.8,81.08,73.28,81.08,73.71,6231297.0,486240067.94,2.9206,0,0.1,主板,81.08,True,1,16648636168.595495,49.35,0.6429584599797364
sh.603929,2025-12-12,81.08,89.19,81.02,89.19,81.08,8262454.0,707498338.73,3.8725,0,0.1,主板,89.19,True,2,18269808617.947063,54.29,0.6428439860011053
sh.603929,2025-12-22,88.45,98.46,87.0,98.46,89.51,5778857.0,551041171.15,2.7085,0,0.1,主板,98.46,True,1,20344883557.31955,54.47,0.807600514044428
sh.603929,2025-12-23,102.0,108.31,102.0,108.31,98.46,8142794.0,875174688.93,3.8165,0,0.1,主板,108.31,True,2,22931342563.343376,56.5,0.9169911504424779
sh.603931,2025-11-06,29.5,31.85,29.5,31.85,28.95,13076203.0,410343441.39,6.5526,0,0.1,主板,31.85,True,1,6262299566.431645,30.07,0.059195211173927564
sh.603931,2025-11-27,31.77,34.76,31.77,34.76,31.6,17652451.0,607293016.61,8.8458,0,0.1,主板,34.76,True,1,6865326105.15725,30.1,0.15481727574750814
sh.603933,2025-11-27,18.97,20.93,18.97,20.93,19.03,17274396.0,356545363.28,8.3232,0,0.1,主板,20.93,True,1,4283753403.498654,21.1,-0.00805687203791472
sh.603933,2025-11-28,20.68,23.02,20.16,23.02,20.93,34896424.0,757565858.36,16.8139,0,0.1,主板,23.02,True,2,4505592743.860734,22.59,0.019034971226206343
sh.603933,2025-12-01,24.84,25.32,24.12,25.32,23.02,12381200.0,309227781.24,5.9656,0,0.1,主板,25.32,True,3,5183515174.332842,23.6,0.07288135593220324
sh.603933,2025-12-02,26.33,27.85,24.76,27.85,25.32,48171439.0,1288686041.04,23.2102,0,0.1,主板,27.85,True,4,5552240140.283151,22.81,0.22095572117492335
sh.603933,2025-12-04,28.71,28.71,27.13,28.71,26.1,36656820.0,1041891938.32,17.6621,0,0.1,主板,28.71,True,1,5899026380.328501,22.67,0.2664314071460079
sh.603936,2025-12-29,11.79,12.95,11.79,12.95,11.77,102034317.0,1301109810.15,16.1857,0,0.1,主板,12.95,True,1,8038637872.628307,11.01,0.17620345140781102
sh.603938,2025-11-10,19.66,21.63,19.66,21.63,19.66,33392597.0,705439037.72,8.7273,0,0.1,主板,21.63,True,1,8083130380.759228,14.66,0.47544338335607095
sh.603938,2025-11-11,23.14,23.79,23.14,23.79,21.63,20710021.0,489602794.3,5.4126,0,0.1,主板,23.79,True,2,9045611984.997967,14.54,0.6361760660247593
sh.603938,2025-12-23,17.68,19.37,17.68,19.37,17.61,19294935.0,360966480.02,5.0428,0,0.1,主板,19.37,True,1,7158056635.599271,17.75,0.09126760563380287
sh.603948,2025-11-13,30.0,30.91,29.6,30.91,28.1,19713124.0,601678452.66,12.132,0,0.1,主板,30.91,True,1,4959433338.773491,25.35,0.2193293885601577
sh.603948,2025-11-14,32.11,34.0,30.51,34.0,30.91,16888340.0,551069886.3,10.3935,0,0.1,主板,34.0,True,2,5302062695.915716,24.76,0.37318255250403864
sh.603959,2025-12-22,5.8,6.27,5.76,6.27,5.7,21391260.0,130141777.2,4.3629,0,0.1,主板,6.27,True,1,2982919095.0972977,6.23,0.006420545746388395
sh.603966,2025-11-13,10.98,12.07,10.97,12.07,10.97,45847176.0,541796074.18,11.5274,0,0.1,主板,12.07,True,1,4700071778.3715315,11.43,0.055993000874890786
sh.603967,2025-12-31,12.68,13.73,12.61,13.73,12.48,8156250.0,109514981.7,2.3528,0,0.1,主板,13.73,True,1,4654666002.210134,12.38,0.10904684975767354
sh.603977,2025-12-19,13.56,14.21,13.56,14.21,12.92,62211328.0,881196994.83,10.014,0,0.1,主板,14.21,True,1,8799650437.687239,12.2,0.1647540983606559
sh.603977,2025-12-22,15.63,15.63,15.63,15.63,14.21,6011052.0,93952742.76,0.9676,0,0.1,主板,15.63,True,2,9709874200.08268,12.5,0.25039999999999996
sh.603978,2025-11-06,31.0,32.01,31.0,32.01,29.1,11356156.0,361782431.58,5.3797,0,0.1,主板,32.01,True,1,6724955510.15856,23.95,0.33653444676409183
sh.603978,2025-11-07,34.9,35.21,34.09,35.21,32.01,9429707.0,330059903.47,4.4671,0,0.1,主板,35.21,True,2,7388684011.327259,23.05,0.5275488069414316
sh.603978,2025-11-13,35.9,38.61,34.31,38.61,35.1,48210857.0,1815992218.15,22.8385,0,0.1,主板,38.61,True,1,7951451356.919238,22.03,0.7526100771674988
sh.603978,2025-11-20,31.9,34.91,31.81,34.91,31.74,30518970.0,1047749563.35,14.4575,0,0.1,主板,34.91,True,1,7247100559.225316,21.56,0.6192022263450834
sh.603978,2025-12-23,25.8,28.27,25.51,28.27,25.7,15606301.0,422561224.04,7.393,0,0.1,主板,28.27,True,1,5715693548.4918165,33.1,-0.1459214501510574
sh.603978,2025-12-26,30.08,31.71,29.0,31.71,28.83,29781694.0,911930558.36,14.1082,0,0.1,主板,31.71,True,1,6463833503.636184,33.12,-0.042572463768115854
sh.603992,2025-12-12,30.34,33.37,30.31,33.37,30.34,6632415.0,213076043.95,1.5513,0,0.1,主板,33.37,True,1,13735321598.014568,29.2,0.14280821917808217
sh.603999,2025-11-28,7.18,7.95,7.18,7.95,7.23,27498145.0,213722972.75,4.774,0,0.1,主板,7.95,True,1,4476811326.979472,6.74,0.17952522255192882
sh.605003,2025-12-19,23.44,25.78,22.62,25.78,23.44,1958725.0,48674197.5,1.7807,0,0.1,主板,25.78,True,1,2733430532.936486,25.48,0.011773940345368938
sh.605003,2025-12-24,24.5,26.3,24.4,26.3,23.91,2951986.0,76583977.5,2.6836,0,0.1,主板,26.3,True,1,2853777668.0578327,26.01,0.011149557862360604
sh.605003,2025-12-30,30.17,32.32,30.1,32.32,29.38,8430842.0,266754119.12,7.6644,0,0.1,主板,32.32,True,1,3480430550.597568,25.16,0.28457869634340227
sh.605003,2025-12-31,31.61,35.55,31.61,35.55,32.32,8829999.0,305732765.9,8.0273,0,0.1,主板,35.55,True,2,3808662512.9246445,24.62,0.44394800974817206
sh.605007,2025-12-24,11.73,12.9,11.65,12.9,11.73,14754025.0,185278182.5,3.6743,0,0.1,主板,12.9,True,1,5042543681.789728,11.57,0.11495246326706998
sh.605007,2025-12-25,13.8,14.19,13.55,14.19,12.9,22223328.0,313207872.32,5.5344,0,0.1,主板,14.19,True,2,5659292286.788089,11.79,0.20356234096692116
sh.605007,2025-12-26,15.61,15.61,14.7,15.61,14.19,48178375.0,744598811.69,11.9981,0,0.1,主板,15.61,True,3,6205972709.762379,11.77,0.3262531860662701
sh.605028,2025-11-19,28.56,31.44,27.88,31.44,28.58,7237100.0,218074750.0,4.5232,0,0.1,主板,31.44,True,1,4821249336.752741,26.72,0.17664670658682646
sh.605028,2025-12-30,27.75,30.51,27.31,30.51,27.74,5375000.0,158219414.0,3.3594,0,0.1,主板,30.51,True,1,4709752158.123474,29.97,0.018018018018018056
sh.605055,2025-12-11,8.47,9.27,8.37,9.27,8.43,12403100.0,110486166.0,2.8189,0,0.1,主板,9.27,True,1,3919478023.342438,9.48,-0.022151898734177333
sh.605060,2025-11-06,36.9,40.36,36.9,40.36,36.69,14290731.0,570795540.03,5.9809,0,0.1,主板,40.36,True,1,9543639586.517078,28.11,0.4357879758093206
sh.605060,2025-12-12,37.78,41.55,37.78,41.55,37.77,7108776.0,286836297.32,2.9751,0,0.1,主板,41.55,True,1,9641232137.407146,37.85,0.09775429326287965
sh.605069,2025-12-24,10.71,11.86,10.71,11.86,10.78,20052130.0,231458978.0,23.8258,0,0.1,主板,11.86,True,1,971463615.0727364,10.01,0.18481518481518489
sh.605069,2025-12-29,12.52,13.5,12.42,13.5,12.27,14326647.0,188072756.3,17.0228,0,0.1,主板,13.5,True,1,1104828561.106281,10.19,0.3248282630029442
sh.605069,2025-12-30,14.65,14.85,13.81,14.85,13.5,31093940.0,453335374.9,36.9457,0,0.1,主板,14.85,True,2,1227031494.5988302,10.13,0.4659427443237907
sh.605081,2025-11-05,10.46,11.16,10.41,11.16,10.63,3553499.0,38962042.59,3.1378,1,0.05,ST,11.16,True,1,1241699362.2920518,12.63,-0.11638954869358675
sh.605081,2025-11-27,9.21,9.79,9.21,9.79,9.32,4721837.0,45395898.53,4.1695,1,0.05,ST,9.79,True,1,1088761207.0991726,11.33,-0.13592233009708743
sh.605081,2025-12-01,9.78,10.48,9.72,10.48,9.98,4863794.0,49875415.22,4.2949,1,0.05,ST,10.48,True,1,1161270698.2700412,10.92,-0.04029304029304026
sh.605081,2025-12-05,9.98,10.53,9.97,10.53,10.03,4824000.0,50029250.99,4.2597,1,0.05,ST,10.53,True,1,1174478272.8830671,10.91,-0.03483043079743364
sh.605081,2025-12-12,10.25,10.78,10.17,10.78,10.27,4502984.0,48171009.01,3.9762,1,0.05,ST,10.78,True,1,1211483552.3867009,10.55,0.02180094786729847
sh.605081,2025-12-30,9.9,10.4,9.83,10.4,9.9,7633086.0,78926178.97,6.7402,1,0.05,ST,10.4,True,1,1170976810.3320377,10.42,-0.0019193857965450478
sh.605086,2025-11-28,30.86,33.99,30.62,33.99,30.9,10033904.0,335695560.16,5.5993,0,0.1,主板,33.99,True,1,5995312988.4092655,24.61,0.3811458756603008
sh.605086,2025-12-29,39.96,42.24,39.96,42.24,38.4,2949847.0,123520933.88,1.6461,0,0.1,主板,42.24,True,1,7503853586.05188,36.9,0.1447154471544716
sh.605086,2025-12-30,42.87,46.46,42.5,46.46,42.24,8084577.0,363841887.11,4.5115,0,0.1,主板,46.46,True,2,8064765313.31043,40.35,0.15142503097893423
sh.605090,2025-12-12,34.48,37.86,33.97,37.86,34.42,44540388.0,1625788254.2,6.4206,0,0.1,主板,37.86,True,1,25321438093.013115,34.43,0.09962242230612839
sh.605090,2025-12-24,37.57,40.37,37.0,40.37,36.7,36636700.0,1438539032.33,5.2813,0,0.1,主板,40.37,True,1,27238351018.309887,33.31,0.21194836385469817
sh.605090,2025-12-29,42.8,45.94,42.22,45.94,41.76,56079750.0,2499605433.0,8.084,0,0.1,主板,45.94,True,1,30920403673.9238,32.17,0.4280385452284736
sh.605100,2025-11-03,31.65,34.79,31.02,34.79,31.63,10482456.0,347968107.83,6.1686,0,0.1,主板,34.79,True,1,5640957556.495801,30.43,0.14327965823200794
sh.605100,2025-11-12,41.2,44.95,40.21,44.95,40.86,15250560.0,657429782.1,8.9745,0,0.1,主板,44.95,True,1,7325531027.912418,29.04,0.5478650137741048
sh.605108,2025-12-02,20.05,21.88,19.7,21.88,19.89,21184470.0,454119829.6,8.1479,0,0.1,主板,21.88,True,1,5573458554.965083,18.86,0.16012725344644752
sh.605108,2025-12-03,22.42,24.07,20.72,24.07,21.88,35782795.0,800101370.78,13.7626,0,0.1,主板,24.07,True,2,5813591696.191126,19.07,0.26219192448872564
sh.605123,2025-11-06,71.0,75.43,71.0,75.43,68.57,10855037.0,811047879.92,8.9585,0,0.1,主板,75.43,True,1,9053389294.189875,76.95,-0.01975308641975304
sh.605123,2025-12-12,79.26,87.15,79.26,87.15,79.23,12187579.0,1027127075.89,10.0582,0,0.1,主板,87.15,True,1,10211837862.540016,71.66,0.2161596427574659
sh.605123,2025-12-25,89.96,97.9,89.95,97.9,89.0,6542212.0,629957913.84,5.3992,0,0.1,主板,97.9,True,1,11667615829.011705,68.47,0.42982328026873096
sh.605123,2025-12-29,100.49,110.55,99.18,110.55,100.5,13020314.0,1377825837.35,10.7454,0,0.1,主板,110.55,True,1,12822471358.441751,68.97,0.6028708133971292
sh.605133,2025-11-28,35.33,38.51,35.25,38.51,35.01,32018134.0,1204585001.3,11.378,0,0.1,主板,38.51,True,1,10586966086.306908,43.14,-0.10732498840982851
sh.605136,2025-11-18,10.41,11.04,10.41,11.04,10.04,31208400.0,342331757.0,7.7932,0,0.1,主板,11.04,True,1,4392698211.2611,9.87,0.11854103343465039
sh.605136,2025-11-19,11.69,12.14,11.36,12.14,11.04,52741854.0,629218696.56,13.1704,0,0.1,主板,12.14,True,2,4777521537.386867,9.77,0.24257932446264086
sh.605136,2025-11-24,10.3,11.18,10.03,11.18,10.16,45097500.0,484994481.0,11.2615,0,0.1,主板,11.18,True,1,4306659690.09457,9.63,0.16095534787123555
sh.605136,2025-12-08,10.48,11.54,10.44,11.54,10.49,32499300.0,362073244.0,8.1155,0,0.1,主板,11.54,True,1,4461502606.124083,9.9,0.1656565656565656
sh.605138,2025-11-04,7.96,8.66,7.9,8.66,7.87,16533454.0,138662634.37,2.9759,0,0.1,主板,8.66,True,1,4659519283.91411,7.59,0.14097496706192358
sh.605167,2025-12-22,11.9,12.65,11.9,12.65,11.5,11623242.0,145444636.16,2.5883,0,0.1,主板,12.65,True,1,5619311368.852142,10.11,0.2512363996043523
sh.605167,2025-12-23,12.45,13.92,12.08,13.92,12.65,55500608.0,730075386.25,12.359,0,0.1,主板,13.92,True,2,5907236720.2039,10.11,0.3768545994065282
sh.605168,2025-12-08,30.87,33.44,30.68,33.44,30.4,17062994.0,559421254.92,8.0937,0,0.1,主板,33.44,True,1,6911811099.002928,28.31,0.18120805369127524
sh.605168,2025-12-29,34.0,37.38,33.8,37.38,33.98,11593832.0,419934329.54,5.4995,0,0.1,主板,37.38,True,1,7635863797.436131,31.19,0.1984610452067972
sh.605178,2025-11-17,79.82,84.05,79.0,84.05,76.41,17033991.0,1411470068.75,17.1922,0,0.1,主板,84.05,True,1,8209944444.282873,35.83,1.345799609265978
sh.605188,2025-11-10,22.7,25.34,22.22,25.34,23.04,44527656.0,1083197596.04,8.8637,0,0.1,主板,25.34,True,1,12220603089.454742,17.27,0.4672843080486393
sh.605188,2025-11-26,22.09,24.09,22.0,24.09,21.9,33230900.0,762976673.0,6.615,0,0.1,主板,24.09,True,1,11534038896.447468,23.2,0.038362068965517304
sh.605196,2025-11-06,30.0,32.78,30.0,32.78,29.8,16277100.0,519058769.0,3.2268,0,0.1,主板,32.78,True,1,16085867391.843313,25.0,0.31120000000000014
sh.605199,2025-11-05,9.37,9.89,9.37,9.89,9.42,8661803.0,84641434.67,2.1649,1,0.05,ST,9.89,True,1,3909715676.012749,8.83,0.12004530011325043
sh.605199,2025-12-22,8.88,9.32,8.81,9.32,8.88,11828503.0,109189818.66,2.9563,1,0.05,ST,9.32,True,1,3693462052.5657067,9.22,0.010845986984815648
sh.605222,2025-12-16,17.32,19.14,17.16,19.14,17.4,18897916.0,345597065.23,4.5769,0,0.1,主板,19.14,True,1,7550898320.478927,18.09,0.05804311774461035
sh.605255,2025-11-05,95.0,98.02,91.03,98.02,89.11,8927918.0,850381112.3,6.6587,0,0.1,主板,98.02,True,1,12770978003.21384,111.28,-0.119158878504673
sh.605255,2025-11-18,104.19,113.84,101.52,113.84,103.49,6328951.0,692608708.81,4.7203,0,0.1,主板,113.84,True,1,14672980717.539137,83.8,0.3584725536992841
sh.605255,2025-11-25,123.0,127.6,119.5,127.6,116.0,4664590.0,588335854.88,3.479,0,0.1,主板,127.6,True,1,16911062227.076744,84.84,0.5040075436115039
sh.605255,2025-11-26,131.43,140.36,130.12,140.36,127.6,4404427.0,599812747.44,3.2849,0,0.1,主板,140.36,True,2,18259695803.2208,87.45,0.6050314465408806
sh.605255,2025-12-25,157.0,171.16,156.66,171.16,155.6,2928160.0,487433354.12,2.1839,0,0.1,主板,171.16,True,1,22319398970.64884,147.0,0.16435374149659854
sh.605255,2025-12-29,190.0,198.2,187.0,198.2,180.18,2577047.0,501547856.66,1.922,0,0.1,主板,198.2,True,1,26095101803.32987,147.0,0.3482993197278912
sh.605255,2025-12-30,208.0,218.02,208.0,218.02,198.2,999784.0,214671079.68,0.7457,0,0.1,主板,218.02,True,2,28787861027.22274,147.0,0.48312925170068044
sh.605258,2025-11-03,34.46,37.91,34.11,37.91,34.46,7361611.0,269215358.86,8.3655,0,0.1,主板,37.91,True,1,3218162200.2271233,34.58,0.09629843840370156
sh.605299,2025-12-04,10.64,11.77,10.42,11.77,10.7,45350243.0,509789905.99,11.0819,0,0.1,主板,11.77,True,1,4600203087.8279,9.7,0.21340206185567023
sh.605299,2025-12-05,11.75,12.95,11.56,12.95,11.77,45076556.0,567899115.6,11.0151,0,0.1,主板,12.95,True,2,5155641942.42449,9.63,0.34475597092419497
sh.605299,2025-12-09,14.8,15.68,13.6,15.68,14.25,30017951.0,449797185.68,7.3353,0,0.1,主板,15.68,True,1,6131953508.104645,9.67,0.6215098241985522
sh.605303,2025-11-12,20.0,22.24,19.92,22.24,20.22,14779500.0,317787791.0,9.1663,0,0.1,主板,22.24,True,1,3466914578.401318,17.76,0.2522522522522521
sh.605303,2025-11-17,23.01,24.85,23.0,24.85,22.59,10709900.0,264840425.0,6.6423,0,0.1,主板,24.85,True,1,3987179516.1314607,18.87,0.3169051404345522
sh.605303,2025-11-28,21.05,23.16,20.93,23.16,21.05,10092000.0,223681393.0,6.2591,0,0.1,主板,23.16,True,1,3573698982.2817974,20.54,0.12755598831548198
sh.605303,2025-12-05,19.01,20.16,18.67,20.16,18.33,6311600.0,125771507.0,3.9145,0,0.1,主板,20.16,True,1,3212964797.54758,19.27,0.04618578100674631
sh.605318,2025-12-18,55.5,60.27,53.9,60.27,54.79,6425200.0,374190225.31,5.1104,0,0.1,主板,60.27,True,1,7322131835.277082,53.7,0.12234636871508386
sh.605318,2025-12-19,64.21,66.3,61.0,66.3,60.27,7172700.0,468873592.0,5.7049,0,0.1,主板,66.3,True,2,8218787218.005573,51.75,0.2811594202898551
sh.605338,2025-11-03,25.02,27.6,25.02,27.6,25.09,10586230.0,283290050.8,4.4189,0,0.1,主板,27.6,True,1,6410872633.460816,22.84,0.2084063047285465
sh.605338,2025-11-10,27.92,30.72,27.8,30.72,27.93,9618276.0,284923633.72,4.0149,0,0.1,主板,30.72,True,1,7096655800.144463,25.5,0.20470588235294107
sh.605338,2025-12-31,29.5,31.32,29.22,31.32,28.47,6720204.0,207561962.45,2.8051,0,0.1,主板,31.32,True,1,7399449661.331147,27.99,0.11897106109324773
sh.605339,2025-11-19,19.0,21.02,19.0,21.02,19.11,9682199.0,201226771.27,2.282,0,0.1,主板,21.02,True,1,8818000493.86503,16.89,0.2445233866193013
sh.605339,2025-11-21,18.8,20.96,18.78,20.96,19.05,8150645.0,166444523.92,1.921,0,0.1,主板,20.96,True,1,8664472874.544508,17.1,0.22573099415204667
sh.605339,2025-12-15,19.03,21.19,19.02,21.19,19.26,12299564.0,251177969.48,2.8989,0,0.1,主板,21.19,True,1,8664595863.258478,19.55,0.08388746803069047
sh.605358,2025-12-10,30.07,33.18,29.72,33.18,30.16,41959501.0,1357253901.33,6.2498,0,0.1,主板,33.18,True,1,21716757357.515438,35.06,-0.05362236166571599
sh.605358,2025-12-11,34.34,36.5,34.34,36.5,33.18,78653570.0,2840021781.75,11.7153,0,0.1,主板,36.5,True,2,24241989379.27326,35.07,0.0407755916737953
sh.605358,2025-12-22,33.71,36.7,33.71,36.7,33.36,48093086.0,1724276029.1,7.1634,0,0.1,主板,36.7,True,1,24070637254.65561,28.46,0.2895291637385806
sh.605365,2025-11-03,18.37,19.83,18.37,19.83,18.03,11064243.0,216162430.94,2.204,0,0.1,主板,19.83,True,1,9807732801.270416,14.76,0.3434959349593496
sh.605365,2025-11-24,17.1,17.6,17.1,17.6,16.0,4652230.0,81408476.0,0.9267,0,0.1,主板,17.6,True,1,8784771339.160461,17.19,0.023851076207097144
sh.605365,2025-12-17,20.14,22.0,20.01,22.0,20.0,17319132.0,372875020.0,3.4499,0,0.1,主板,22.0,True,1,10808284877.822546,18.66,0.1789924973204715
sh.605365,2025-12-18,22.62,24.2,22.62,24.2,22.0,19876851.0,474677970.66,3.9594,0,0.1,主板,24.2,True,2,11988633900.591,16.93,0.429415239220319
sh.605366,2025-11-27,6.53,7.23,6.45,7.23,6.57,37087781.0,259355764.65,5.7045,0,0.1,主板,7.23,True,1,4546511782.80305,6.15,0.1756097560975609
sh.605377,2025-12-22,8.12,8.72,8.12,8.72,7.93,26846239.0,230297089.45,4.8226,0,0.1,主板,8.72,True,1,4775371987.102392,8.61,0.012775842044134844
sh.605378,2025-11-13,24.94,27.51,24.7,27.51,25.01,15936540.0,432468915.56,6.0979,0,0.1,主板,27.51,True,1,7092095894.652258,26.37,0.04323094425483509
sh.605388,2025-12-15,7.17,7.89,7.17,7.89,7.17,21632982.0,167212352.13,3.6026,0,0.1,主板,7.89,True,1,4641435411.369567,7.73,0.02069857697283295
sh.605389,2025-11-18,61.5,67.76,60.99,67.76,61.6,1999114.0,133368868.84,1.4671,0,0.1,主板,67.76,True,1,9090646093.654146,67.28,0.007134363852556502
sh.605398,2025-11-14,29.36,32.4,29.23,32.4,29.45,12011793.0,374155766.76,7.382,0,0.1,主板,32.4,True,1,5068487764.29152,29.38,0.10279101429543913
sh.605399,2025-11-17,14.66,16.13,14.36,16.13,14.66,22466550.0,342443175.16,7.211,0,0.1,主板,16.13,True,1,4748899946.748024,13.67,0.1799561082662764
sh.605399,2025-11-19,15.6,17.69,15.48,17.69,16.08,39373207.0,660974237.76,12.6375,0,0.1,主板,17.69,True,1,5230261030.741839,13.41,0.319164802386279
sh.605399,2025-11-27,14.5,15.99,14.49,15.99,14.54,23607664.0,360725253.54,7.5773,0,0.1,主板,15.99,True,1,4760604087.735737,13.18,0.21320182094081952
sh.605566,2025-12-26,29.14,32.05,29.14,32.05,29.14,5981712.0,187139634.0,4.4861,0,0.1,主板,32.05,True,1,4171543969.1491494,29.6,0.08277027027027017
sh.605580,2025-11-11,40.65,44.72,40.65,44.72,40.65,15767154.0,671373344.76,5.6311,0,0.1,主板,44.72,True,1,11922596735.273746,28.04,0.594864479315264
sh.605598,2025-11-03,30.43,33.18,30.43,33.18,30.16,7965001.0,255272408.61,3.2776,0,0.1,主板,33.18,True,1,7788394209.482549,25.74,0.289044289044289
sh.605598,2025-11-07,32.65,36.32,32.13,36.32,33.02,14892909.0,511628061.33,6.1283,0,0.1,主板,36.32,True,1,8348613177.063786,26.65,0.36285178236397764
sh.605598,2025-11-12,37.0,42.15,36.77,42.15,38.32,19530733.0,771519596.46,8.0368,0,0.1,主板,42.15,True,1,9599835711.477207,31.52,0.33724619289340096
sh.605598,2025-11-24,45.01,47.84,43.45,47.84,43.49,12575520.0,578934882.84,5.1748,0,0.1,主板,47.84,True,1,11187579864.729073,31.24,0.5313700384122921
sh.605598,2025-12-05,42.46,47.17,42.16,47.17,42.88,13501397.0,623468474.91,5.5557,0,0.1,主板,47.17,True,1,11222140772.71991,36.32,0.2987334801762116
sh.605598,2025-12-25,59.4,61.9,59.15,61.9,56.27,10698939.0,650566242.14,4.4026,0,0.1,主板,61.9,True,1,14776864628.62854,45.55,0.35894621295279916
sh.605598,2025-12-26,63.2,68.09,62.85,68.09,61.9,16919094.0,1120544435.85,6.9621,0,0.1,主板,68.09,True,2,16094920151.247465,48.3,0.40973084886128386
sh.688005,2025-11-17,33.0,35.4,33.0,35.4,29.5,81257157.0,2838588941.57,11.3707,0,0.2,科创板,35.4,True,1,24964065022.997707,26.05,0.3589251439539347
sh.688033,2025-11-27,5.61,6.77,5.61,6.77,5.64,69458019.0,452734475.02,12.3547,0,0.2,科创板,6.77,True,1,3664471618.2505445,7.09,-0.04513399153737663
sh.688048,2025-11-06,68.95,80.27,68.3,80.27,66.89,22626865.0,1730258550.88,12.8358,0,0.2,科创板,80.27,True,1,13479943212.577322,75.35,0.06529528865295298
sh.688048,2025-11-25,77.43,89.29,76.45,89.29,74.41,23829147.0,2029006973.02,13.5178,0,0.2,科创板,89.29,True,1,15009890463.093107,73.79,0.21005556308442874
sh.688048,2025-11-26,90.0,107.15,90.0,107.15,89.29,31088790.0,3101125302.98,17.636,0,0.2,科创板,107.15,True,2,17584062729.530506,77.16,0.3886728875064802
sh.688048,2025-12-05,111.0,128.82,107.35,128.82,107.35,20940733.0,2471427175.19,11.8792,0,0.2,科创板,128.82,True,1,20804660037.628796,87.5,0.47222857142857144
sh.688090,2025-12-29,45.83,48.7,42.0,48.7,40.58,19113084.0,878894226.71,15.6191,0,0.2,科创板,48.7,True,1,5627047824.202419,37.18,0.3098440021516946
sh.688110,2025-11-26,99.0,118.8,97.29,118.8,99.0,51852442.0,5612791865.93,11.7247,0,0.2,科创板,118.8,True,1,47871517957.21852,101.31,0.17263843648208455
sh.688119,2025-12-11,4.11,4.94,4.1,4.94,4.12,97331134.0,455590464.21,8.6517,0,0.2,科创板,4.94,True,1,5265906864.6624365,4.79,0.03131524008350728
sh.688148,2025-11-10,9.38,10.79,9.37,10.79,8.99,39945266.0,414716512.2,7.8297,0,0.2,科创板,10.79,True,1,5296710119.1616535,6.37,0.693877551020408
sh.688158,2025-12-26,24.85,29.71,24.74,29.71,24.76,99865393.0,2854141509.52,24.6293,0,0.2,科创板,29.71,True,1,11588398815.719488,24.16,0.22971854304635775
sh.688160,2025-12-29,101.38,121.66,101.01,121.66,101.38,5206558.0,585829563.83,6.1983,0,0.2,科创板,121.66,True,1,9451455460.852169,96.25,0.264
sh.688160,2025-12-30,120.9,145.99,118.01,145.99,121.66,6012968.0,805264930.72,7.1583,0,0.2,科创板,145.99,True,2,11249387853.540646,94.19,0.5499522242276251
sh.688195,2025-11-17,117.87,135.61,117.87,135.61,113.01,16080744.0,2063697390.34,12.432,0,0.2,科创板,135.61,True,1,16599882483.429857,97.6,0.3894467213114756
sh.688196,2025-11-07,53.05,63.04,52.3,63.04,52.53,5607025.0,336373666.7,4.6725,0,0.2,科创板,63.04,True,1,7199008383.092563,49.1,0.28391038696537674
sh.688205,2025-11-25,127.0,142.56,124.66,142.56,118.8,21138479.0,2873159591.94,13.3547,0,0.2,科创板,142.56,True,1,21514220401.356827,114.1,0.24943032427695022
sh.688205,2025-12-09,141.99,165.02,140.1,165.02,137.52,31561364.0,5007749813.37,19.9395,0,0.2,科创板,165.02,True,1,25114721098.17197,90.73,0.8188030419927257
sh.688227,2025-11-21,49.02,49.02,49.02,49.02,40.85,2778975.0,136225354.5,2.4581,0,0.2,科创板,49.02,True,1,5541896363.044628,39.5,0.24101265822784823
sh.688227,2025-11-24,58.82,58.82,58.82,58.82,49.02,1501304.0,88306701.28,1.3279,0,0.2,科创板,58.82,True,2,6650101760.674749,38.56,0.525414937759336
sh.688227,2025-11-25,70.58,70.58,70.0,70.58,58.82,9830017.0,693694337.9,8.6949,0,0.2,科创板,70.58,True,3,7978174997.987326,37.78,0.8681842244573847
sh.688228,2025-12-17,186.69,223.2,185.01,223.2,186.0,3575241.0,740566845.54,5.2927,0,0.2,科创板,223.2,True,1,13992231668.90245,152.88,0.4599686028257457
sh.688229,2025-11-17,59.0,70.39,59.0,70.39,58.66,4367415.0,288015037.21,9.8365,0,0.2,科创板,70.39,True,1,2928023557.261221,57.8,0.2178200692041523
sh.688233,2025-11-10,59.0,61.19,59.0,61.19,50.99,11473582.0,699638621.6,6.737,0,0.2,科创板,61.19,True,1,10385017390.52991,49.82,0.22822159775190687
sh.688233,2025-11-11,71.0,73.43,69.0,73.43,61.19,22688460.0,1647290081.68,13.3222,0,0.2,科创板,73.43,True,2,12365000387.923918,48.84,0.5034807534807535
sh.688244,2025-11-28,20.67,24.66,20.49,24.66,20.55,15316222.0,356333507.73,10.1458,0,0.2,科创板,24.66,True,1,3512128247.452148,21.83,0.1296381126889603
sh.688246,2025-12-18,21.39,25.67,21.18,25.67,21.39,11724278.0,280569071.89,8.5214,0,0.2,科创板,25.67,True,1,3292523199.12221,24.08,0.066029900332226
sh.688260,2025-11-27,33.19,38.24,33.19,38.24,31.87,9504485.0,352633913.01,7.9204,0,0.2,科创板,38.24,True,1,4452223536.816322,30.11,0.2700099634672868
sh.688260,2025-12-01,42.72,51.3,40.61,51.3,42.75,23908621.0,1093490663.99,19.9239,0,0.2,科创板,51.3,True,1,5488336440.104598,31.99,0.6036261331666146
sh.688291,2025-11-24,29.3,34.84,29.11,34.84,29.03,8928495.0,292671631.51,8.6966,0,0.2,科创板,34.84,True,1,3365356938.458708,33.4,0.04311377245509007
sh.688323,2025-12-24,19.2,23.24,19.17,23.24,19.37,23689424.0,510725465.79,13.1608,0,0.2,科创板,23.24,True,1,3880656691.006626,14.96,0.5534759358288768
sh.688353,2025-11-06,55.83,65.04,55.83,65.04,54.2,18748076.0,1152299100.58,15.7453,0,0.2,科创板,65.04,True,1,7318368659.72703,47.56,0.36753574432296054
sh.688353,2025-11-10,82.18,93.0,82.18,93.0,77.5,16427418.0,1490199184.74,13.7963,0,0.2,科创板,93.0,True,1,10801440855.44675,47.6,0.953781512605042
sh.688353,2025-11-13,109.89,120.0,108.5,120.0,100.0,12194872.0,1433184676.88,10.2417,0,0.2,科创板,120.0,True,1,13993620950.428152,43.04,1.7881040892193307
sh.688365,2025-11-18,13.74,16.45,13.65,16.45,13.71,39001892.0,596737315.45,9.1591,0,0.2,科创板,16.45,True,1,6515239657.280737,14.61,0.12594113620807668
sh.688365,2025-11-24,17.05,19.86,16.17,19.86,16.55,66156387.0,1211839276.26,15.5361,0,0.2,科创板,19.86,True,1,7800151107.806979,14.26,0.39270687237026647
sh.688368,2025-12-12,97.0,116.02,96.69,116.02,96.68,5807680.0,639840902.38,6.5631,0,0.2,科创板,116.02,True,1,9749065264.585333,99.88,0.16159391269523438
sh.688376,2025-12-23,53.62,64.2,53.62,64.2,53.5,9323950.0,581080532.57,6.8951,0,0.2,科创板,64.2,True,1,8427441698.742586,43.46,0.47722043258168445
sh.688411,2025-11-13,339.71,378.16,318.01,378.16,315.13,8372131.0,2869349103.7,22.0705,0,0.2,科创板,378.16,True,1,13000834161.890306,292.02,0.2949797959043903
sh.688435,2025-11-03,38.45,45.36,38.45,45.36,37.8,11357407.0,475793821.65,24.0712,0,0.2,科创板,45.36,True,1,1976610312.9465916,34.68,0.3079584775086506
sh.688448,2025-11-11,37.94,44.88,37.81,44.88,37.4,12027106.0,505389469.44,25.0709,0,0.2,科创板,44.88,True,1,2015840952.8178084,38.5,0.1657142857142857
sh.688456,2025-12-24,53.5,64.14,53.47,64.14,53.45,9327279.0,571097440.82,8.998,0,0.2,科创板,64.14,True,1,6346937550.789065,45.59,0.40688747532353586
sh.688472,2025-11-05,16.83,21.28,16.58,21.28,17.73,215297913.0,4065726598.03,15.4587,0,0.2,科创板,21.28,True,1,26300572480.415558,13.44,0.5833333333333335
sh.688486,2025-11-18,70.99,79.86,70.0,79.86,66.55,14681457.0,1136140611.96,19.7379,0,0.2,科创板,79.86,True,1,5756137238.308026,67.19,0.18856972763804136
sh.688517,2025-11-05,16.32,19.57,16.1,19.57,16.31,22098937.0,402459324.23,16.1763,0,0.2,科创板,19.57,True,1,2487956604.600558,15.34,0.2757496740547589
sh.688523,2025-11-24,25.28,29.77,25.01,29.77,24.81,17088358.0,484946590.21,17.7052,0,0.2,科创板,29.77,True,1,2739006564.2297173,24.74,0.20331447049312867
sh.688523,2025-11-28,32.4,38.04,31.7,38.04,31.7,35400838.0,1225738504.22,36.6787,0,0.2,科创板,38.04,True,1,3341826466.6414022,25.04,0.5191693290734825
sh.688523,2025-12-29,42.0,52.87,41.9,52.87,44.06,34854939.0,1693686496.61,36.1131,0,0.2,科创板,52.87,True,1,4689950451.802808,41.88,0.26241642788920716
sh.688560,2025-11-27,14.04,16.9,14.04,16.9,14.08,21145186.0,337293073.8,10.5042,0,0.2,科创板,16.9,True,1,3211030576.3408923,14.33,0.1793440334961618
sh.688585,2025-11-11,108.0,130.2,103.5,130.2,108.5,18128482.0,2146648726.69,4.4943,0,0.2,科创板,130.2,True,1,47763805858.30942,89.89,0.4484369785293134
sh.688585,2025-12-29,111.6,132.13,111.5,132.13,110.11,17647473.0,2217303105.1,4.3751,0,0.2,科创板,132.13,True,1,50680055429.59019,109.3,0.20887465690759366
sh.688602,2025-11-13,9.71,11.45,9.59,11.45,9.54,53178057.0,564625749.1,20.4849,0,0.2,科创板,11.45,True,1,2756302198.6926956,8.29,0.38118214716525944
sh.688622,2025-11-21,100.0,117.6,100.0,117.6,98.0,4387955.0,483690942.33,6.2271,0,0.2,科创板,117.6,True,1,7767515253.167605,133.3,-0.11777944486121539
sh.688622,2025-11-25,113.54,125.96,110.0,125.96,104.97,4005835.0,483958229.69,5.6848,0,0.2,科创板,125.96,True,1,8513197116.697158,127.51,-0.012155909340443971
sh.688662,2025-12-11,45.09,55.19,45.09,55.19,45.99,17294712.0,908147381.72,19.5996,0,0.2,科创板,55.19,True,1,4633499569.991225,40.42,0.3654131618010885
sh.688668,2025-12-22,99.9,118.92,99.8,118.92,99.1,15982513.0,1787721833.1,11.4815,0,0.2,科创板,118.92,True,1,15570455368.201017,92.78,0.28174175468851037
sh.688670,2025-11-10,17.35,20.81,17.35,20.81,17.34,6890378.0,135279413.23,5.5928,0,0.2,科创板,20.81,True,1,2418813711.0213127,15.39,0.3521767381416503
sh.688670,2025-11-11,21.45,24.97,21.44,24.97,20.81,13430397.0,309943206.85,10.9013,0,0.2,科创板,24.97,True,2,2843176564.7216387,15.11,0.6525479814692257
sh.688670,2025-11-14,22.41,28.03,22.41,28.03,23.36,10548108.0,269595649.95,8.5618,0,0.2,科创板,28.03,True,1,3148819756.9436336,15.22,0.8416557161629434
sh.688670,2025-11-25,21.74,25.75,21.74,25.75,21.46,9222678.0,221614854.61,7.4859,0,0.2,科创板,25.75,True,1,2960430337.1672077,16.64,0.5474759615384615
sh.688670,2025-11-26,26.98,30.9,26.88,30.9,25.75,19239784.0,572482854.94,15.6167,0,0.2,科创板,30.9,True,2,3665837564.5302787,16.36,0.8887530562347188
sh.688682,2025-12-10,45.43,51.46,45.0,51.46,42.88,10814809.0,536786751.97,10.6195,0,0.2,科创板,51.46,True,1,5054727171.429916,34.04,0.5117508813160987
sh.688699,2025-11-26,41.0,49.96,41.0,49.96,41.63,7641054.0,361500043.72,6.9423,0,0.2,科创板,49.96,True,1,5207208615.588493,41.0,0.21853658536585363
sh.688719,2025-12-08,42.0,49.37,41.97,49.37,41.14,11826233.0,541433880.07,13.1809,0,0.2,科创板,49.37,True,1,4107715558.649258,39.17,0.2604033699259636
sh.688720,2025-12-15,57.95,67.43,57.95,67.43,56.19,14394648.0,933794119.93,25.5295,0,0.2,科创板,67.43,True,1,3657706261.1096964,55.11,0.22355289421157698
sh.688733,2025-11-27,27.94,33.18,27.8,33.18,27.65,20652783.0,664341917.46,10.338,0,0.2,科创板,33.18,True,1,6426213169.471852,27.86,0.19095477386934667
sh.688800,2025-12-08,73.15,86.77,73.15,86.77,72.31,25310388.0,2106234240.38,12.3061,0,0.2,科创板,86.77,True,1,17115367503.758299,69.45,0.24938804895608335
sz.000002,2025-12-10,4.76,5.25,4.7,5.25,4.77,636212070.0,3229111691.02,6.5478,0,0.1,主板,5.25,True,1,49315979275.787285,6.26,-0.1613418530351437
sz.000004,2025-11-03,12.26,12.89,12.03,12.89,12.28,9342065.0,117622080.61,7.3974,1,0.05,ST,12.89,True,1,1590046240.706194,10.48,0.2299618320610688
sz.000004,2025-11-27,10.7,11.21,10.66,11.21,10.68,2695100.0,29909088.0,2.1341,1,0.05,ST,11.21,True,1,1401484841.3851273,12.65,-0.11383399209486167
sz.000004,2025-11-28,11.57,11.77,11.41,11.77,11.21,10132150.0,117942205.0,8.0231,1,0.05,ST,11.77,True,2,1470032842.6667998,12.28,-0.041530944625407185
sz.000004,2025-12-01,11.93,12.36,11.78,12.36,11.77,9274500.0,113410422.0,7.3439,1,0.05,ST,12.36,True,3,1544280586.609295,12.89,-0.04111714507370068
sz.000004,2025-12-10,11.36,11.94,11.2,11.94,11.37,6374152.0,75144333.36,5.0473,1,0.05,ST,11.94,True,1,1488802594.6545677,11.94,0.0
sz.000007,2025-12-01,9.91,10.87,9.88,10.87,9.88,16743247.0,175964692.81,4.8328,0,0.1,主板,10.87,True,1,3641050587.8579707,8.6,0.2639534883720931
sz.000007,2025-12-15,10.62,11.61,10.62,11.61,10.55,34510891.0,393914741.29,9.9613,0,0.1,主板,11.61,True,1,3954451138.807184,9.9,0.17272727272727262
sz.000008,2025-11-11,3.03,3.3,3.01,3.3,3.0,310640186.0,1004534654.81,11.4362,0,0.1,主板,3.3,True,1,8783815033.052938,2.9,0.13793103448275867
sz.000017,2025-11-19,6.98,7.63,6.9,7.63,6.94,58917475.0,439725495.25,13.3654,0,0.1,主板,7.63,True,1,3290028695.362653,7.03,0.08534850640113789
sz.000017,2025-11-20,7.84,8.39,7.82,8.39,7.63,51039381.0,420901996.28,11.5782,0,0.1,主板,8.39,True,2,3635297337.064483,7.16,0.17178770949720668
sz.000017,2025-11-21,9.23,9.23,9.23,9.23,8.39,10154772.0,93728545.56,2.3036,0,0.1,主板,9.23,True,3,4068785620.767495,6.87,0.3435225618631732
sz.000017,2025-12-18,7.5,8.32,7.49,8.32,7.56,23028273.0,185072495.36,5.2239,0,0.1,主板,8.32,True,1,3542803180.7653284,8.39,-0.008343265792610244
sz.000020,2025-12-08,15.64,17.19,15.64,17.19,15.63,12208400.0,202655374.0,6.7388,0,0.1,主板,17.19,True,1,3007291713.658218,15.13,0.13615333773959026
sz.000025,2025-11-26,18.88,20.96,18.81,20.96,19.05,24808152.0,496304611.19,6.3161,0,0.1,主板,20.96,True,1,7857770003.483163,18.35,0.1422343324250681
sz.000026,2025-12-31,14.99,16.38,14.96,16.38,14.89,21468334.0,339476336.72,5.8888,0,0.1,主板,16.38,True,1,5764779525.879637,15.1,0.08476821192052975
sz.000035,2025-12-05,5.59,6.13,5.53,6.13,5.57,74713155.0,445346278.63,3.2301,0,0.1,主板,6.13,True,1,13787383629.91858,5.89,0.04074702886247872
sz.000036,2025-11-17,4.75,5.28,4.75,5.28,4.8,204554235.0,1058287820.63,14.599,0,0.1,主板,5.28,True,1,7249043226.453866,3.99,0.32330827067669166
sz.000036,2025-12-01,4.32,4.74,4.3,4.74,4.31,59451888.0,275419824.52,4.2431,0,0.1,主板,4.74,True,1,6491004796.49313,4.13,0.14769975786924938
sz.000036,2025-12-19,5.06,5.49,5.02,5.49,4.99,129964542.0,704124836.15,9.2756,0,0.1,主板,5.49,True,1,7591151366.4884205,4.26,0.28873239436619724
sz.000036,2025-12-23,6.13,6.13,6.13,6.13,5.57,21107270.0,129387565.1,1.5064,0,0.1,主板,6.13,True,1,8589190460.701008,4.29,0.4289044289044288
sz.000036,2025-12-24,6.74,6.74,6.41,6.74,6.13,99865245.0,668684167.34,7.1274,0,0.1,主板,6.74,True,2,9381880732.66549,4.24,0.5896226415094339
sz.000036,2025-12-26,7.81,7.81,7.81,7.81,7.1,52068402.0,406654219.62,3.7161,0,0.1,主板,7.81,True,1,10943037582.949867,4.31,0.8120649651972158
sz.000037,2025-11-10,9.09,9.98,8.99,9.98,9.07,23001346.0,226045212.29,6.7869,0,0.1,主板,9.98,True,1,3330610621.786088,8.81,0.13280363223609526
sz.000039,2025-11-14,8.1,8.94,8.09,8.94,8.13,213305457.0,1866230166.44,9.2685,0,0.1,主板,8.94,True,1,20135190877.0567,8.11,0.10234278668310726
sz.000039,2025-11-26,8.65,9.35,8.51,9.35,8.5,194742393.0,1764493053.48,8.4619,0,0.1,主板,9.35,True,1,20852208764.93459,8.19,0.14163614163614158
sz.000048,2025-12-29,14.99,16.27,14.95,16.27,14.79,42078540.0,673881125.74,7.9943,0,0.1,主板,16.27,True,1,8429520104.824688,13.34,0.21964017991004492
sz.000049,2025-12-01,27.11,29.58,27.01,29.58,26.89,41836615.0,1222245975.38,10.8798,0,0.1,主板,29.58,True,1,11234084959.098515,27.83,0.06288178224937124
sz.000061,2025-11-11,8.46,9.25,8.36,9.25,8.41,37823571.0,339181391.49,2.2289,0,0.1,主板,9.25,True,1,15217434227.197275,8.49,0.08951707891637217
sz.000061,2025-11-12,9.43,10.18,9.35,10.18,9.25,106695578.0,1061207306.9,6.2876,0,0.1,主板,10.18,True,2,16877780184.808191,8.5,0.1976470588235293
sz.000061,2025-12-15,9.25,10.15,9.22,10.15,9.23,28141578.0,279078417.17,1.6584,0,0.1,主板,10.15,True,1,16828172767.124939,10.35,-0.019323671497584516
sz.000063,2025-12-01,42.45,46.3,42.03,46.3,42.09,327257555.0,14665961598.36,8.1259,0,0.1,主板,46.3,True,1,180484150658.5117,42.79,0.0820285113344239
sz.000069,2025-11-10,2.48,2.66,2.48,2.66,2.42,257838368.0,675506080.04,3.7375,0,0.1,主板,2.66,True,1,18073741271.973244,2.56,0.0390625
sz.000069,2025-11-11,2.71,2.93,2.69,2.93,2.66,337048903.0,972916235.92,4.8858,0,0.1,主板,2.93,True,2,19913140855.540546,2.54,0.15354330708661412
sz.000070,2025-11-21,9.28,10.45,9.28,10.45,9.5,76187521.0,782817188.95,8.5731,0,0.1,主板,10.45,True,1,9131086642.521376,10.52,-0.0066539923954372915
sz.000070,2025-11-24,11.0,11.5,10.58,11.5,10.45,160382552.0,1797725938.13,18.0473,0,0.1,主板,11.5,True,2,9961190527.835188,10.47,0.0983763132760267
sz.000070,2025-11-25,12.1,12.65,12.02,12.65,11.5,69117542.0,859743383.3,7.7776,0,0.1,主板,12.65,True,3,11054096164.62662,10.11,0.2512363996043523
sz.000070,2025-11-26,13.65,13.92,12.87,13.92,12.65,229626993.0,3122149774.96,25.8391,0,0.1,主板,13.92,True,4,12083043817.160814,10.14,0.3727810650887573
sz.000070,2025-12-05,13.08,14.38,12.73,14.38,13.07,169925956.0,2315383376.79,19.1212,0,0.1,主板,14.38,True,1,12108985716.325335,9.51,0.5120925341745532
sz.000070,2025-12-10,13.66,14.85,13.58,14.85,13.5,217387840.0,3071026381.49,24.4619,0,0.1,主板,14.85,True,1,12554324813.240181,9.34,0.5899357601713062
sz.000070,2025-12-22,12.4,12.94,12.35,12.94,11.76,94716747.0,1213595595.67,10.6582,0,0.1,主板,12.94,True,1,11386496741.194572,11.5,0.12521739130434772
sz.000078,2025-11-27,2.96,3.09,2.88,3.09,2.81,411230184.0,1245485781.45,15.6573,0,0.1,主板,3.09,True,1,7954665117.549004,2.49,0.24096385542168663
sz.000078,2025-11-28,3.05,3.4,2.98,3.4,3.09,410666452.0,1332549916.17,15.6359,0,0.1,主板,3.4,True,2,8522374255.207568,2.52,0.3492063492063491
sz.000078,2025-12-01,3.4,3.74,3.3,3.74,3.4,534276961.0,1898650376.4,20.3422,0,0.1,主板,3.74,True,3,9333554760.055452,2.56,0.4609375
sz.000078,2025-12-02,3.8,4.11,3.8,4.11,3.74,230532860.0,927974888.48,8.7774,0,0.1,主板,4.11,True,4,10572320829.402784,2.55,0.6117647058823532
sz.000078,2025-12-03,4.2,4.52,4.18,4.52,4.11,182542274.0,803241088.44,6.9502,0,0.1,主板,4.52,True,5,11557093154.729362,2.58,0.7519379844961238
sz.000078,2025-12-05,4.82,5.29,4.82,5.29,4.81,597502686.0,3099607703.84,22.7495,0,0.1,主板,5.29,True,1,13624948697.070265,2.56,1.06640625
sz.000090,2025-11-17,4.51,4.88,4.4,4.88,4.44,267385126.0,1269836310.0,14.3105,0,0.1,主板,4.88,True,1,8873458719.122324,3.68,0.326086956521739
sz.000338,2025-11-06,17.9,18.03,17.6,18.03,16.39,168496141.0,3031832221.17,3.38,0,0.1,主板,18.03,True,1,89699178141.12427,14.37,0.2546972860125263
sz.000407,2025-11-11,4.16,4.16,4.16,4.16,3.78,8811084.0,36654109.44,1.0061,0,0.1,主板,4.16,True,1,3643187500.248484,3.69,0.12737127371273727
sz.000407,2025-11-12,4.58,4.58,4.58,4.58,4.16,4630015.0,21205468.7,0.5287,0,0.1,主板,4.58,True,2,4010869812.7482505,3.71,0.23450134770889486
sz.000407,2025-11-13,5.04,5.04,5.04,5.04,4.58,8150149.0,41076750.96,0.9306,0,0.1,主板,5.04,True,3,4414007195.357834,3.67,0.3732970027247957
sz.000407,2025-11-14,5.54,5.54,5.54,5.54,5.04,10788550.0,59768567.0,1.2319,0,0.1,主板,5.54,True,4,4851738533.971913,3.7,0.4972972972972973
sz.000407,2025-11-17,6.09,6.09,6.09,6.09,5.54,8471555.0,51591769.95,0.9673,0,0.1,主板,6.09,True,5,5333585232.08932,3.79,0.6068601583113455
sz.000407,2025-11-18,6.7,6.7,6.61,6.7,6.09,284790577.0,1907119245.93,32.5184,0,0.1,主板,6.7,True,6,5864738873.776077,3.86,0.7357512953367877
sz.000407,2025-12-22,4.6,5.09,4.58,5.09,4.63,122594284.0,593891012.88,13.9983,0,0.1,主板,5.09,True,1,4242593835.5371723,4.83,0.053830227743271175
sz.000411,2025-11-26,11.21,12.36,11.2,12.36,11.24,14327905.0,172023838.71,4.4383,0,0.1,主板,12.36,True,1,3875894795.52982,11.1,0.11351351351351346
sz.000411,2025-12-18,12.18,13.18,11.99,13.18,11.98,21094567.0,268385257.8,6.5296,0,0.1,主板,13.18,True,1,4110286354.447439,11.51,0.14509122502172023
sz.000411,2025-12-30,12.1,13.23,11.92,13.23,12.03,41982933.0,546753488.89,12.6757,0,0.1,主板,13.23,True,1,4313398777.897867,12.22,0.08265139116202946
sz.000417,2025-12-19,7.58,8.33,7.4,8.33,7.57,97304746.0,780713573.44,12.4905,0,0.1,主板,8.33,True,1,6250458936.311597,7.04,0.18323863636363646
sz.000419,2025-12-19,6.43,7.05,6.37,7.05,6.41,62390962.0,427110355.62,11.4777,0,0.1,主板,7.05,True,1,3721219021.406728,6.01,0.17304492512479208
sz.000420,2025-12-29,4.45,4.65,4.43,4.65,4.23,249935490.0,1157348553.46,10.1681,0,0.1,主板,4.65,True,1,11382151566.762718,3.92,0.18622448979591844
sz.000426,2025-11-13,32.22,33.5,31.84,33.5,30.45,106508670.0,3506638450.22,5.9998,0,0.1,主板,33.5,True,1,58445922367.74559,34.28,-0.022753792298716435
sz.000430,2025-11-05,8.28,8.28,7.99,8.28,7.89,14991786.0,123354652.18,4.5192,1,0.05,ST,8.28,True,1,2729568334.6610026,8.07,0.026022304832713727
sz.000430,2025-11-11,8.99,9.26,8.86,9.26,8.82,11857682.0,108528342.39,3.5744,1,0.05,ST,9.26,True,1,3036267412.432856,7.65,0.2104575163398692
sz.000430,2025-11-13,9.5,9.8,9.28,9.8,9.33,16424073.0,158227317.42,4.9509,1,0.05,ST,9.8,True,1,3195930384.778525,7.57,0.29458388375165123
sz.000430,2025-12-29,7.21,7.21,7.21,7.21,6.87,148000.0,1067080.0,0.0399,1,0.05,ST,7.21,True,1,2674385964.912281,8.15,-0.11533742331288344
sz.000430,2025-12-30,7.57,7.57,7.57,7.57,7.21,46806.0,354321.42,0.0126,1,0.05,ST,7.57,True,2,2812074761.904762,8.11,-0.06658446362515402
sz.000488,2025-11-13,2.14,2.25,2.13,2.25,2.14,57873898.0,128921942.25,3.442,1,0.05,ST,2.25,True,1,3745553232.132481,2.09,0.07655502392344515
sz.000504,2025-11-12,9.62,10.08,9.49,10.08,9.6,7001014.0,69395431.27,2.1272,1,0.05,ST,10.08,True,1,3262289924.3136516,8.95,0.1262569832402236
sz.000505,2025-11-24,8.0,8.91,7.88,8.91,8.1,37258398.0,320609650.15,5.8918,0,0.1,主板,8.91,True,1,5441624803.116195,6.55,0.3603053435114505
sz.000505,2025-12-10,7.61,8.37,7.49,8.37,7.61,88690579.0,716394098.5,14.0249,0,0.1,主板,8.37,True,1,5108015732.732497,7.11,0.17721518987341756
sz.000505,2025-12-22,7.51,8.18,7.51,8.18,7.44,84505727.0,676116358.54,13.3631,0,0.1,主板,8.18,True,1,5059577182.988977,8.91,-0.08193041526374867
sz.000505,2025-12-26,8.1,8.92,8.05,8.92,8.11,46257546.0,400389051.71,7.3148,0,0.1,主板,8.92,True,1,5473684197.927489,7.74,0.15245478036175708
sz.000509,2025-11-26,3.67,4.03,3.63,4.03,3.66,29645465.0,116329021.95,2.7625,0,0.1,主板,4.03,True,1,4211005319.457013,3.69,0.09214092140921415
sz.000510,2025-11-25,6.61,7.02,6.61,7.02,6.38,38132311.0,262223280.87,6.2856,0,0.1,主板,7.02,True,1,4171809864.9293623,5.59,0.2558139534883721
sz.000510,2025-11-26,7.72,7.72,7.71,7.72,7.02,21019886.0,162271552.92,3.4648,0,0.1,主板,7.72,True,2,4683432028.399908,5.46,0.4139194139194138
sz.000510,2025-11-27,8.49,8.49,8.23,8.49,7.72,96663455.0,819069407.09,15.9336,0,0.1,主板,8.49,True,3,5140516939.61189,5.59,0.5187835420393561
sz.000510,2025-12-04,9.42,10.03,9.42,10.03,9.12,36605570.0,361410291.5,6.0339,0,0.1,主板,10.03,True,1,5989663260.909196,6.09,0.6469622331691296
sz.000510,2025-12-12,9.31,9.77,9.31,9.77,8.88,37319666.0,359411051.78,6.1516,0,0.1,主板,9.77,True,1,5842562126.601209,6.82,0.4325513196480937
sz.000510,2025-12-19,9.78,10.58,9.76,10.58,9.62,64400452.0,662826484.16,10.6155,0,0.1,主板,10.58,True,1,6243949735.386933,6.36,0.6635220125786163
sz.000510,2025-12-26,11.01,11.92,10.73,11.92,10.84,65708625.0,745663639.28,10.8311,0,0.1,主板,11.92,True,1,6884468237.575131,8.97,0.3288740245261983
sz.000514,2025-11-06,5.29,5.81,5.21,5.81,5.28,91477527.0,511009543.97,10.8415,0,0.1,主板,5.81,True,1,4713457952.958539,5.44,0.06801470588235281
sz.000514,2025-11-07,6.01,6.39,6.01,6.39,5.81,110982315.0,703061985.9,13.1531,0,0.1,主板,6.39,True,2,5345218890.603736,5.46,0.17032967032967017
sz.000523,2025-11-26,3.24,3.55,3.23,3.55,3.23,124455683.0,436987062.96,9.3917,0,0.1,主板,3.55,True,1,4652906959.975297,3.19,0.11285266457680243
sz.000523,2025-12-19,3.41,3.73,3.36,3.73,3.39,87805182.0,321275299.51,6.626,0,0.1,主板,3.73,True,1,4848706602.92786,3.22,0.15838509316770177
sz.000523,2025-12-22,3.9,4.1,3.85,4.1,3.73,141850150.0,571525288.56,10.7044,0,0.1,主板,4.1,True,2,5339162293.636262,3.22,0.27329192546583836
sz.000523,2025-12-26,3.75,4.05,3.73,4.05,3.68,54768261.0,217027208.85,4.133,0,0.1,主板,4.05,True,1,5251081752.963948,3.47,0.1671469740634004
sz.000530,2025-12-02,6.99,7.45,6.77,7.45,6.77,160073235.0,1149683217.32,26.677,0,0.1,主板,7.45,True,1,4309642078.644526,7.2,0.03472222222222232
sz.000530,2025-12-30,6.8,7.52,6.69,7.52,6.84,84255709.0,605471694.06,14.0416,0,0.1,主板,7.52,True,1,4311985059.110072,7.45,0.009395973154362247
sz.000532,2025-12-10,14.3,15.72,14.14,15.72,14.29,17871830.0,274276960.6,5.2021,0,0.1,主板,15.72,True,1,5272427684.973377,14.7,0.06938775510204098
sz.000533,2025-11-05,7.13,7.94,7.1,7.94,7.22,109484270.0,835463180.39,15.9854,0,0.1,主板,7.94,True,1,5226413980.1944275,6.73,0.1797919762258544
sz.000533,2025-11-06,8.46,8.73,8.1,8.73,7.94,157950609.0,1337774310.03,23.0618,0,0.1,主板,8.73,True,2,5800823483.11927,7.06,0.23654390934844205
sz.000533,2025-11-10,9.27,9.94,9.14,9.94,9.04,160344751.0,1528293981.91,23.4113,0,0.1,主板,9.94,True,1,6528018443.700264,7.22,0.3767313019390581
sz.000533,2025-11-13,9.25,10.37,8.97,10.37,9.43,117575409.0,1169142343.77,17.1667,0,0.1,主板,10.37,True,1,6810524700.553981,7.46,0.3900804289544235
sz.000533,2025-12-12,8.0,8.72,8.0,8.72,7.93,99289430.0,832889295.32,14.4969,0,0.1,主板,8.72,True,1,5745292409.549628,9.33,-0.06538049303322613
sz.000534,2025-11-06,19.18,20.69,19.02,20.69,18.81,28031607.0,570303461.81,5.6067,0,0.1,主板,20.69,True,1,10171820532.755453,15.93,0.2988072818581293
sz.000534,2025-12-12,22.33,24.31,22.09,24.31,22.1,32553388.0,766349981.61,6.5111,0,0.1,主板,24.31,True,1,11769900348.788992,21.67,0.12182741116751261
sz.000536,2025-11-14,4.78,5.31,4.77,5.31,4.83,125754750.0,661072159.32,4.5512,0,0.1,主板,5.31,True,1,14525227617.331696,4.59,0.1568627450980391
sz.000536,2025-11-20,5.21,5.62,5.1,5.62,5.11,224412914.0,1218738087.95,8.1218,0,0.1,主板,5.62,True,1,15005763352.335688,4.76,0.18067226890756305
sz.000536,2025-12-03,5.58,6.15,5.4,6.15,5.59,523024405.0,3087602362.32,18.929,0,0.1,主板,6.15,True,1,16311492219.979927,5.15,0.1941747572815533
sz.000536,2025-12-15,5.52,5.52,5.47,5.52,5.02,166196843.0,917247774.56,6.0149,0,0.1,主板,5.52,True,1,15249593086.501852,5.47,0.009140767824497242
sz.000545,2025-11-07,2.92,3.21,2.91,3.21,2.92,136400657.0,425036087.0,13.8421,0,0.1,主板,3.21,True,1,3070604077.415999,2.71,0.18450184501845013
sz.000545,2025-11-28,2.88,3.17,2.88,3.17,2.88,41378355.0,128894953.6,4.1991,0,0.1,主板,3.17,True,1,3069585234.931295,2.83,0.12014134275618371
sz.000546,2025-11-17,5.81,6.28,5.78,6.28,5.71,39314386.0,238049962.91,5.6429,0,0.1,主板,6.28,True,1,4218574897.836219,5.01,0.2534930139720559
sz.000546,2025-11-18,6.91,6.91,6.67,6.91,6.28,55641728.0,383973085.48,7.9864,0,0.1,主板,6.91,True,2,4807836891.215066,5.09,0.35756385068762286
sz.000546,2025-11-19,7.5,7.6,7.35,7.6,6.91,41473200.0,312227756.0,5.9528,0,0.1,主板,7.6,True,3,5245057048.783766,5.03,0.5109343936381707
sz.000546,2025-12-12,6.12,6.59,6.12,6.59,5.99,38699300.0,249122103.0,5.5546,0,0.1,主板,6.59,True,1,4484969268.714219,5.71,0.15411558669001746
sz.000546,2025-12-17,6.45,6.75,6.35,6.75,6.14,62965440.0,416543511.0,9.0376,0,0.1,主板,6.75,True,1,4609005831.194123,7.6,-0.11184210526315785
sz.000546,2025-12-19,6.74,7.48,6.56,7.48,6.8,178489698.0,1246135042.2,25.6191,0,0.1,主板,7.48,True,1,4864085944.471118,6.48,0.154320987654321
sz.000547,2025-11-14,8.48,9.41,8.45,9.41,8.55,270843028.0,2528868151.48,17.0518,0,0.1,主板,9.41,True,1,14830505585.803259,7.48,0.2580213903743316
sz.000547,2025-11-17,10.35,10.35,10.35,10.35,9.41,21397251.0,221461547.85,1.3471,0,0.1,主板,10.35,True,2,16439874385.717466,7.58,0.3654353562005277
sz.000547,2025-11-19,12.25,12.53,11.98,12.53,11.39,185057280.0,2288534180.54,11.6509,0,0.1,主板,12.53,True,1,19642552768.798977,7.82,0.6023017902813297
sz.000547,2025-11-20,13.78,13.78,11.8,13.78,12.53,676562111.0,8763126819.07,42.5953,0,0.1,主板,13.78,True,2,20572990022.537697,7.81,0.7644046094750321
sz.000547,2025-11-24,11.98,13.64,11.42,13.64,12.4,533859742.0,6810383063.18,33.6109,0,0.1,主板,13.64,True,1,20262423985.016766,8.04,0.6965174129353235
sz.000547,2025-11-28,12.0,13.51,11.86,13.51,12.28,409083086.0,5171347398.23,25.7552,0,0.1,主板,13.51,True,1,20078847759.7922,8.37,0.6140979689366788
sz.000547,2025-12-01,14.8,14.86,14.4,14.86,13.51,142563203.0,2108895924.85,8.9755,0,0.1,主板,14.86,True,2,23496138653.556904,8.6,0.7279069767441861
sz.000547,2025-12-02,15.51,16.35,15.27,16.35,14.86,357941917.0,5726846518.36,22.5354,0,0.1,主板,16.35,True,3,25412668594.123024,8.98,0.8207126948775056
sz.000547,2025-12-05,18.0,20.57,17.8,20.57,18.7,603206012.0,11673952376.39,37.9769,0,0.1,主板,20.57,True,1,30739613755.704124,8.67,1.3725490196078431
sz.000547,2025-12-26,27.59,28.16,27.23,28.16,25.6,300790244.0,8424016376.21,18.9281,0,0.1,主板,28.16,True,1,44505345894.252464,13.51,1.0843819393042193
sz.000547,2025-12-29,29.8,30.98,29.5,30.98,28.16,338217591.0,10298857520.89,21.2833,0,0.1,主板,30.98,True,2,48389382853.64581,14.86,1.084791386271871
sz.000547,2025-12-31,30.89,33.01,30.07,33.01,30.01,568428479.0,17932273846.88,35.77,0,0.1,主板,33.01,True,1,50132160600.72687,17.2,0.9191860465116279
sz.000551,2025-12-22,11.4,12.53,11.4,12.53,11.39,68533034.0,841506872.94,14.1896,0,0.1,主板,12.53,True,1,5930448165.83977,10.67,0.1743205248359887
sz.000551,2025-12-23,12.79,13.78,12.79,13.78,12.53,63654204.0,857269261.03,13.1794,0,0.1,主板,13.78,True,2,6504615240.678636,10.74,0.2830540037243947
sz.000551,2025-12-24,15.16,15.16,15.16,15.16,13.78,10132556.0,153609548.96,2.0979,0,0.1,主板,15.16,True,3,7322062489.155823,10.59,0.4315391879131256
sz.000551,2025-12-25,15.18,16.68,15.16,16.68,15.16,132242622.0,2166040578.27,27.3804,0,0.1,主板,16.68,True,4,7910916488.692641,10.69,0.5603367633302152
sz.000555,2025-11-03,18.4,20.85,17.67,20.85,18.95,218158442.0,4294002471.09,22.4465,0,0.1,主板,20.85,True,1,19129942178.468803,13.72,0.5196793002915452
sz.000559,2025-11-06,12.45,13.86,12.23,13.86,12.6,165778074.0,2203987421.68,5.0015,0,0.1,主板,13.86,True,1,44066528475.05748,13.03,0.06369915579432073
sz.000559,2025-12-25,12.4,13.44,12.39,13.44,12.22,150119902.0,1974540215.44,4.5291,0,0.1,主板,13.44,True,1,43596745831.18059,12.7,0.058267716535433056
sz.000559,2025-12-30,13.88,15.69,13.8,15.69,14.26,234679028.0,3446306939.08,7.0803,0,0.1,主板,15.69,True,1,48674589199.327705,13.04,0.20322085889570563
sz.000566,2025-11-17,7.02,7.45,6.94,7.45,6.77,256837657.0,1870982579.61,22.0292,0,0.1,主板,7.45,True,1,8493193486.871969,5.83,0.2778730703259005
sz.000566,2025-11-20,6.96,7.92,6.9,7.92,7.2,218745513.0,1634435705.27,18.762,0,0.1,主板,7.92,True,1,8711415122.428312,5.83,0.35849056603773577
sz.000566,2025-11-25,7.73,8.4,7.56,8.4,7.64,213041381.0,1680185094.54,18.2728,0,0.1,主板,8.4,True,1,9195006208.90066,5.77,0.45580589254766046
sz.000566,2025-12-19,6.58,7.24,6.5,7.24,6.58,132593340.0,913991220.2,11.3727,0,0.1,主板,7.24,True,1,8036712655.745777,8.38,-0.13603818615751795
sz.000566,2025-12-22,7.29,7.96,7.25,7.96,7.24,171158416.0,1329171362.42,14.6804,0,0.1,主板,7.96,True,2,9054054129.451513,7.64,0.041884816753926746
sz.000566,2025-12-23,8.51,8.76,8.4,8.76,7.96,343074878.0,2966027873.35,29.4259,0,0.1,主板,8.76,True,3,10079650489.36481,8.4,0.042857142857142705
sz.000567,2025-12-10,6.32,6.94,6.22,6.94,6.31,71520363.0,478421821.26,3.6679,0,0.1,主板,6.94,True,1,13043480500.013632,7.55,-0.08079470198675487
sz.000567,2025-12-22,6.38,6.85,6.35,6.85,6.23,54060337.0,362552326.81,2.7725,0,0.1,主板,6.85,True,1,13076729551.307484,7.22,-0.05124653739612195
sz.000571,2025-12-03,5.77,6.49,5.76,6.49,5.9,106532737.0,672120190.44,13.0877,0,0.1,主板,6.49,True,1,5135510368.055503,5.86,0.10750853242320813
sz.000571,2025-12-08,6.38,7.01,6.3,7.01,6.37,105011341.0,706294730.01,12.9008,0,0.1,主板,7.01,True,1,5474813422.50093,5.46,0.28388278388278376
sz.000571,2025-12-22,5.59,6.15,5.52,6.15,5.59,89382008.0,534280659.88,10.9807,0,0.1,主板,6.15,True,1,4865633883.814328,5.42,0.1346863468634687
sz.000572,2025-11-03,6.89,7.26,6.83,7.26,6.6,143098976.0,1024362293.04,8.7136,0,0.1,主板,7.26,True,2,11755902187.84429,5.4,0.34444444444444433
sz.000572,2025-11-04,7.95,7.99,7.47,7.99,7.26,198902333.0,1575670010.64,12.1116,0,0.1,主板,7.99,True,3,13009594195.977411,5.73,0.3944153577661431
sz.000572,2025-11-05,8.7,8.79,8.54,8.79,7.99,60248642.0,525976695.32,3.6687,0,0.1,主板,8.79,True,4,14336868518.00365,5.82,0.5103092783505152
sz.000572,2025-11-07,9.9,9.9,9.28,9.9,9.0,462069529.0,4523350168.92,28.1363,0,0.1,主板,9.9,True,1,16076563616.822397,5.73,0.7277486910994764
sz.000572,2025-11-13,9.06,10.04,9.02,10.04,9.13,255541020.0,2500791255.07,15.5604,0,0.1,主板,10.04,True,1,16071510083.738209,7.14,0.4061624649859943
sz.000572,2025-12-02,9.06,9.83,8.81,9.83,8.94,251882370.0,2345394295.37,15.3376,0,0.1,主板,9.83,True,1,15291794644.338095,7.99,0.23028785982478106
sz.000572,2025-12-10,9.04,10.01,8.86,10.01,9.1,395285714.0,3756952680.76,24.0697,0,0.1,主板,10.01,True,1,15608639412.871784,9.13,0.09638554216867457
sz.000572,2025-12-22,8.44,9.36,8.43,9.36,8.51,282213782.0,2576960114.97,17.1845,0,0.1,主板,9.36,True,1,14995839942.797289,8.51,0.099882491186839
sz.000592,2025-11-03,7.7,7.79,7.52,7.79,7.08,146166090.0,1127176833.82,7.6323,0,0.1,主板,7.79,True,2,14768507970.336596,3.49,1.2320916905444124
sz.000592,2025-11-04,8.31,8.57,7.8,8.57,7.79,374394453.0,3116414764.15,19.5497,0,0.1,主板,8.57,True,3,15940985100.28287,3.52,1.4346590909090908
sz.000592,2025-11-05,9.0,9.43,8.9,9.43,8.57,622537512.0,5783565559.72,32.5069,0,0.1,主板,9.43,True,4,17791808999.689297,3.55,1.656338028169014
sz.000592,2025-11-13,8.71,9.89,8.71,9.89,8.99,625026612.0,5892493135.88,32.6369,0,0.1,主板,9.89,True,1,18054696174.820526,3.37,1.934718100890208
sz.000592,2025-11-14,9.98,10.88,9.6,10.88,9.89,317842127.0,3321704532.44,16.5967,0,0.1,主板,10.88,True,2,20014247003.56095,3.71,1.9326145552560647
sz.000592,2025-11-17,11.97,11.97,11.97,11.97,10.88,24364258.0,291640168.26,1.2722,0,0.1,主板,11.97,True,3,22924081768.589844,4.08,1.933823529411765
sz.000592,2025-11-28,9.69,10.73,9.53,10.73,9.75,592847751.0,6074366699.11,30.9566,0,0.1,主板,10.73,True,1,19622202370.77069,7.08,0.5155367231638419
sz.000592,2025-12-02,11.45,12.51,11.43,12.51,11.37,312248147.0,3798667061.26,16.3046,0,0.1,主板,12.51,True,1,23298130964.635746,8.57,0.45974329054842467
sz.000593,2025-11-04,9.51,10.23,9.28,10.23,9.3,39018725.0,381305771.68,10.8844,0,0.1,主板,10.23,True,1,3503231888.5744734,7.38,0.38617886178861793
sz.000593,2025-11-12,10.71,11.44,10.54,11.44,10.4,87191888.0,979327466.98,24.3224,0,0.1,主板,11.44,True,1,4026442567.2630997,7.01,0.6319543509272467
sz.000593,2025-12-02,11.98,13.02,11.95,13.02,11.84,57168734.0,714912345.38,15.9474,0,0.1,主板,13.02,True,1,4482939823.294079,10.23,0.2727272727272727
sz.000593,2025-12-25,10.33,11.35,10.3,11.35,10.32,27796208.0,306114898.92,7.7538,0,0.1,主板,11.35,True,1,3947933902.344657,11.26,0.00799289520426294
sz.000595,2025-11-12,5.46,5.75,5.45,5.75,5.48,30244571.0,172380075.61,2.6562,1,0.05,ST,5.75,True,1,6489725006.0236435,4.92,0.16869918699186992
sz.000595,2025-11-17,5.75,6.02,5.7,6.02,5.73,21034632.0,125067336.64,1.8473,1,0.05,ST,6.02,True,1,6770277520.705895,5.01,0.20159680638722555
sz.000608,2025-11-04,2.2,2.31,2.18,2.31,2.2,29465832.0,67144616.64,3.9529,1,0.05,ST,2.31,True,1,1698616626.7803385,1.94,0.19072164948453607
sz.000608,2025-11-07,2.22,2.34,2.21,2.34,2.23,26974260.0,62401398.6,3.6186,1,0.05,ST,2.34,True,1,1724462460.6201296,1.96,0.19387755102040805
sz.000608,2025-11-11,2.37,2.44,2.35,2.44,2.32,11080351.0,26763189.44,1.4864,1,0.05,ST,2.44,True,1,1800537502.6910658,1.91,0.2774869109947644
sz.000608,2025-11-17,2.6,2.6,2.6,2.6,2.48,3776140.0,9817964.0,0.5066,1,0.05,ST,2.6,True,1,1938011054.0860639,1.92,0.35416666666666674
sz.000608,2025-11-18,2.73,2.73,2.73,2.73,2.6,2473203.0,6751844.19,0.3318,1,0.05,ST,2.73,True,2,2034913860.7594938,1.94,0.40721649484536093
sz.000608,2025-12-02,2.63,2.77,2.62,2.77,2.64,30381483.0,83096198.61,4.0757,1,0.05,ST,2.77,True,1,2038820291.2383146,2.31,0.19913419913419905
sz.000608,2025-12-24,2.46,2.57,2.45,2.57,2.45,15828102.0,40024723.1,2.1234,1,0.05,ST,2.57,True,1,1884935626.8249035,2.63,-0.02281368821292773
sz.000609,2025-11-03,7.61,7.61,7.61,7.61,7.25,3133501.0,23845942.61,1.0766,1,0.05,ST,7.61,True,8,2214930578.673602,4.24,0.7948113207547169
sz.000609,2025-11-04,7.99,7.99,7.99,7.99,7.61,2347161.0,18753816.39,0.8064,1,0.05,ST,7.99,True,9,2325622072.172619,4.23,0.8888888888888888
sz.000609,2025-11-05,8.39,8.39,8.39,8.39,7.99,1713814.0,14378899.46,0.5888,1,0.05,ST,8.39,True,10,2442068522.4184785,4.31,0.946635730858469
sz.000609,2025-11-06,8.81,8.81,8.81,8.81,8.39,315801.0,2782206.81,0.1085,1,0.05,ST,8.81,True,11,2564245907.8341017,4.43,0.9887133182844245
sz.000609,2025-11-07,9.25,9.25,8.56,9.25,8.81,59256838.0,540822917.96,20.3591,1,0.05,ST,9.25,True,12,2656418593.945705,4.31,1.146171693735499
sz.000609,2025-11-10,9.71,9.71,9.71,9.71,9.25,553683.0,5376261.93,0.1902,1,0.05,ST,9.71,True,13,2826636135.6466875,4.3,1.2581395348837212
sz.000609,2025-11-11,10.2,10.2,10.2,10.2,9.71,228610.0,2331822.0,0.0785,1,0.05,ST,10.2,True,14,2970473885.3503184,4.29,1.3776223776223775
sz.000609,2025-11-12,10.71,10.71,10.71,10.71,10.2,158901.0,1701829.71,0.0546,1,0.05,ST,10.71,True,15,3116904230.7692304,4.23,1.5319148936170213
sz.000609,2025-11-18,11.25,11.25,11.25,11.25,10.71,692337.0,7788791.25,0.2379,1,0.05,ST,11.25,True,1,3273976986.128626,4.9,1.2959183673469385
sz.000609,2025-11-19,11.81,11.81,11.81,11.81,11.25,706968.0,8349292.08,0.2429,1,0.05,ST,11.81,True,2,3437337208.7278714,5.15,1.2932038834951456
sz.000609,2025-11-20,12.4,12.4,11.91,12.4,11.81,24232897.0,300338099.8,8.3258,1,0.05,ST,12.4,True,3,3607318213.2647915,5.41,1.2920517560073939
sz.000609,2025-11-25,12.1,12.68,12.1,12.68,12.08,20678385.0,251931747.16,7.1046,1,0.05,ST,12.68,True,1,3546037034.597303,6.26,1.0255591054313098
sz.000609,2025-11-26,13.31,13.31,13.31,13.31,12.68,592002.0,7879546.62,0.2034,1,0.05,ST,13.31,True,2,3873916725.6637173,6.57,1.025875190258752
sz.000609,2025-12-02,10.84,11.98,10.84,11.98,11.41,49082573.0,568774194.89,16.8635,1,0.05,ST,11.98,True,1,3372812256.5896764,7.99,0.49937421777221536
sz.000609,2025-12-15,9.16,9.43,9.1,9.43,8.98,10767241.0,100783877.48,3.6993,1,0.05,ST,9.43,True,1,2724404008.3258996,10.71,-0.11951447245564906
sz.000609,2025-12-18,9.87,10.28,9.81,10.28,9.79,18864516.0,191916813.84,6.4814,1,0.05,ST,10.28,True,1,2961039495.170797,12.4,-0.17096774193548392
sz.000609,2025-12-25,9.35,9.61,9.34,9.61,9.15,9076901.0,86464572.43,3.1186,1,0.05,ST,9.61,True,1,2772544488.873213,12.64,-0.23971518987341778
sz.000615,2025-11-10,4.0,4.22,4.0,4.22,4.02,16316784.0,68046355.0,2.1399,1,0.05,ST,4.22,True,1,3179884807.7012944,3.47,0.21613832853025916
sz.000615,2025-11-12,4.34,4.54,4.32,4.54,4.32,13725600.0,61382783.0,1.8001,1,0.05,ST,4.54,True,1,3409965168.6017447,3.52,0.2897727272727273
sz.000615,2025-11-13,4.67,4.77,4.61,4.77,4.54,10572220.0,50058439.4,1.3865,1,0.05,ST,4.77,True,2,3610417554.9945908,3.45,0.3826086956521737
sz.000615,2025-12-29,3.71,3.71,3.71,3.71,3.53,691790.0,2566540.9,0.0748,1,0.05,ST,3.71,True,1,3431204411.764705,4.13,-0.10169491525423724
sz.000619,2025-11-11,6.5,7.15,6.45,7.15,6.5,20436412.0,144790257.8,5.6768,0,0.1,主板,7.15,True,1,2550561192.925592,5.92,0.2077702702702704
sz.000619,2025-11-12,7.54,7.87,7.54,7.87,7.15,52924014.0,413124651.69,14.7011,0,0.1,主板,7.87,True,2,2810161496.0105023,5.99,0.313856427378965
sz.000620,2025-11-03,2.45,2.73,2.41,2.73,2.48,478263797.0,1260267427.27,10.2374,0,0.1,主板,2.73,True,1,12310424788.22748,1.62,0.6851851851851851
sz.000620,2025-11-04,2.95,3.0,2.91,3.0,2.73,167343220.0,496754086.81,3.582,0,0.1,主板,3.0,True,2,13868064958.403128,1.63,0.8404907975460123
sz.000620,2025-11-05,3.15,3.3,3.03,3.3,3.0,571319091.0,1836047809.08,12.2292,0,0.1,主板,3.3,True,3,15013637924.639385,1.62,1.0370370370370368
sz.000620,2025-11-10,3.25,3.48,3.25,3.48,3.16,642214422.0,2215079582.45,13.7468,0,0.1,主板,3.48,True,1,16113419722.771845,1.64,1.1219512195121952
sz.000620,2025-11-14,3.17,3.48,3.11,3.48,3.16,606085281.0,2070221531.11,12.9734,0,0.1,主板,3.48,True,1,15957432370.1574,1.64,1.1219512195121952
sz.000620,2025-11-17,3.61,3.83,3.55,3.83,3.48,542014501.0,2007968493.75,11.602,0,0.1,主板,3.83,True,2,17307089241.079124,1.8,1.1277777777777778
sz.000620,2025-11-25,3.11,3.25,3.06,3.25,2.95,233626585.0,748519734.41,5.0008,0,0.1,主板,3.25,True,1,14967999808.230682,3.19,0.018808777429467183
sz.000620,2025-12-15,2.62,2.96,2.6,2.96,2.69,367453631.0,1054113549.97,7.8654,0,0.1,主板,2.96,True,1,13401906450.65731,3.83,-0.22715404699738906
sz.000629,2025-11-05,2.93,3.25,2.92,3.25,2.95,224917678.0,710084790.49,2.421,0,0.1,主板,3.25,True,1,29330226786.038826,3.07,0.05863192182410426
sz.000631,2025-11-11,3.27,3.59,3.26,3.59,3.26,48431376.0,165696839.84,2.022,0,0.1,主板,3.59,True,1,8194700288.822948,3.18,0.12893081761006275
sz.000631,2025-11-12,3.79,3.95,3.72,3.95,3.59,158249125.0,617846156.88,6.6067,0,0.1,主板,3.95,True,2,9351811901.25176,3.2,0.234375
sz.000632,2025-11-03,4.22,4.6,4.19,4.6,4.18,30664100.0,136654096.0,6.5876,0,0.1,主板,4.6,True,1,2074413989.9204566,3.83,0.20104438642297628
sz.000632,2025-11-07,4.5,4.94,4.49,4.94,4.49,118620067.0,569146675.31,25.4833,0,0.1,主板,4.94,True,1,2233410411.1712375,3.91,0.26342710997442453
sz.000632,2025-11-10,5.25,5.43,5.22,5.43,4.94,75790222.0,406956753.45,16.2821,0,0.1,主板,5.43,True,2,2499411952.0823483,3.88,0.39948453608247414
sz.000632,2025-11-11,5.97,5.97,5.97,5.97,5.43,15362513.0,91714202.61,3.3003,0,0.1,主板,5.97,True,3,2778965627.670212,3.89,0.5347043701799485
sz.000632,2025-11-12,6.57,6.57,6.57,6.57,5.97,5535961.0,36371263.77,1.1893,0,0.1,主板,6.57,True,4,3058207665.8538637,3.89,0.6889460154241644
sz.000632,2025-11-13,7.23,7.23,7.01,7.23,6.57,66012257.0,475708150.83,14.1815,0,0.1,主板,7.23,True,5,3354427605.18986,3.87,0.8682170542635659
sz.000632,2025-11-14,7.95,7.95,7.5,7.95,7.23,152898789.0,1210426210.7,32.8474,0,0.1,主板,7.95,True,6,3684998540.8281937,3.91,1.0332480818414322
sz.000632,2025-11-17,7.91,8.75,7.91,8.75,7.95,210107697.0,1788923067.84,45.1377,0,0.1,主板,8.75,True,7,3963257028.6922016,3.99,1.1929824561403506
sz.000632,2025-12-05,6.8,7.57,6.75,7.57,6.88,96496307.0,702773450.91,20.7304,0,0.1,主板,7.57,True,1,3390062183.6047544,4.94,0.5323886639676112
sz.000632,2025-12-19,5.65,6.25,5.65,6.25,5.68,98088598.0,586606767.97,21.0725,0,0.1,主板,6.25,True,1,2783754979.095978,6.71,-0.0685543964232489
sz.000632,2025-12-24,5.9,6.5,5.87,6.5,5.91,88399063.0,561605319.55,18.9909,0,0.1,主板,6.5,True,1,2957233830.676798,6.19,0.050080775444264924
sz.000633,2025-11-13,6.8,7.48,6.76,7.48,6.8,18111700.0,133217793.0,4.7031,0,0.1,主板,7.48,True,1,2832552848.121452,6.75,0.1081481481481481
sz.000633,2025-11-14,8.1,8.23,7.83,8.23,7.48,72244378.0,591385104.03,18.7597,0,0.1,主板,8.23,True,2,3152423034.643411,6.64,0.2394578313253013
sz.000633,2025-11-18,7.51,8.29,7.31,8.29,7.54,114509070.0,913501173.46,29.7346,0,0.1,主板,8.29,True,1,3072182485.9254875,6.98,0.1876790830945556
sz.000633,2025-11-28,7.79,8.57,7.52,8.57,7.79,45913805.0,378294294.85,11.9225,0,0.1,主板,8.57,True,1,3172944389.5994973,6.63,0.2926093514328809
sz.000638,2025-11-03,7.41,7.54,7.35,7.54,7.18,5917200.0,44182872.14,1.9079,1,0.05,ST,7.54,True,3,2315785530.6881914,3.95,0.9088607594936708
sz.000638,2025-11-17,5.54,5.71,5.48,5.71,5.44,17394994.0,98404096.74,5.6087,1,0.05,ST,5.71,True,1,1754490287.2323353,4.88,0.17008196721311486
sz.000638,2025-11-18,5.75,6.0,5.63,6.0,5.71,40629351.0,240150648.81,13.1001,1,0.05,ST,6.0,True,2,1833197065.74759,4.96,0.20967741935483875
sz.000638,2025-11-21,5.41,5.72,5.41,5.72,5.45,22309666.0,126807869.52,7.1933,1,0.05,ST,5.72,True,1,1762860849.9575994,5.74,-0.0034843205574913716
sz.000638,2025-11-24,5.7,6.01,5.52,6.01,5.72,19319610.0,113152260.2,6.2292,1,0.05,ST,6.01,True,2,1816481413.3436077,6.03,-0.0033167495854063977
sz.000638,2025-11-25,6.04,6.31,5.95,6.31,6.01,16597332.0,103380667.26,5.3515,1,0.05,ST,6.31,True,3,1931807292.5348036,6.33,-0.003159557661927437
sz.000638,2025-11-27,6.1,6.57,6.1,6.57,6.26,15358900.0,98703711.0,4.9522,1,0.05,ST,6.57,True,1,1993128528.7347038,6.84,-0.039473684210526216
sz.000638,2025-12-18,4.55,4.55,4.55,4.55,4.33,895000.0,4072250.0,0.2886,1,0.05,ST,4.55,True,1,1411036036.036036,5.45,-0.1651376146788991
sz.000638,2025-12-19,4.78,4.78,4.78,4.78,4.55,1385000.0,6620300.0,0.4466,1,0.05,ST,4.78,True,2,1482377966.8607256,5.72,-0.16433566433566427
sz.000638,2025-12-22,4.98,5.02,4.9,5.02,4.78,17065200.0,85353264.0,5.5023,1,0.05,ST,5.02,True,3,1551228831.5795212,6.01,-0.16472545757071555
sz.000638,2025-12-23,5.12,5.27,5.12,5.27,5.02,6347928.0,33119418.56,2.0468,1,0.05,ST,5.27,True,4,1618107219.0736759,6.31,-0.16481774960380347
sz.000638,2025-12-31,4.49,4.68,4.47,4.68,4.46,4117700.0,18966060.0,1.3277,1,0.05,ST,4.68,True,1,1428489869.6994803,5.8,-0.19310344827586212
sz.000639,2025-12-05,3.44,3.76,3.38,3.76,3.42,69647850.0,256365893.2,6.4523,0,0.1,主板,3.76,True,1,3973248193.6673737,3.29,0.1428571428571428
sz.000639,2025-12-19,3.28,3.62,3.25,3.62,3.29,102620019.0,355207187.74,9.5069,0,0.1,主板,3.62,True,1,3736309288.411575,3.17,0.14195583596214512
sz.000652,2025-11-26,4.16,4.59,4.15,4.59,4.17,82879121.0,375937365.3,5.621,0,0.1,主板,4.59,True,1,6688086911.581569,4.29,0.06993006993006978
sz.000656,2025-11-13,1.41,1.47,1.39,1.47,1.4,247230086.0,357829829.36,3.2487,1,0.05,ST,1.47,True,1,11014554417.459293,1.38,0.0652173913043479
sz.000656,2025-11-14,1.45,1.54,1.45,1.54,1.47,161036539.0,241738040.83,2.1161,1,0.05,ST,1.54,True,2,11423753169.982517,1.39,0.1079136690647482
sz.000656,2025-12-16,1.52,1.55,1.51,1.55,1.48,247034828.0,381261168.34,3.2461,1,0.05,ST,1.55,True,1,11745207120.544653,1.53,0.013071895424836555
sz.000657,2025-11-05,22.31,25.05,22.26,25.05,22.77,175926772.0,4175748668.06,12.1801,0,0.1,主板,25.05,True,1,34283369332.435696,18.63,0.34460547504025785
sz.000659,2025-12-26,3.22,3.53,3.19,3.53,3.21,71478481.0,245663477.13,5.5595,0,0.1,主板,3.53,True,1,4418805236.621998,2.94,0.20068027210884343
sz.000659,2025-12-29,3.54,3.88,3.54,3.88,3.53,104156443.0,389654094.93,8.1011,0,0.1,主板,3.88,True,2,4809891186.752417,3.07,0.2638436482084692
sz.000663,2025-11-17,8.15,9.0,8.03,9.0,8.18,37214033.0,311869637.42,12.1495,0,0.1,主板,9.0,True,1,2566933926.663649,6.86,0.31195335276967917
sz.000663,2025-11-19,7.93,8.91,7.72,8.91,8.1,51638403.0,441457383.73,16.8587,0,0.1,主板,8.91,True,1,2618573103.086241,6.94,0.2838616714697406
sz.000663,2025-11-20,8.67,9.8,8.15,9.8,8.91,96543544.0,878322389.09,31.5192,0,0.1,主板,9.8,True,2,2786626529.5121703,7.12,0.3764044943820226
sz.000663,2025-11-24,8.77,10.21,8.77,10.21,9.28,72921278.0,686024546.61,23.807,0,0.1,主板,10.21,True,1,2881608546.2679048,7.11,0.4360056258790437
sz.000665,2025-12-30,6.01,6.01,5.97,6.01,5.46,76281635.0,458438455.35,6.7083,0,0.1,主板,6.01,True,1,6833899130.182013,5.87,0.023850085178875657
sz.000668,2025-11-18,11.01,11.55,10.77,11.55,11.0,5442527.0,60768565.85,3.7064,1,0.05,ST,11.55,True,1,1639557679.9589899,10.04,0.15039840637450208
sz.000668,2025-11-25,11.1,11.56,10.94,11.56,11.01,2711929.0,30775352.6,1.8468,1,0.05,ST,11.56,True,1,1666415020.5761318,9.99,0.15715715715715728
sz.000668,2025-11-28,11.82,12.48,11.82,12.48,11.89,7177534.0,88785331.86,4.8879,1,0.05,ST,12.48,True,1,1816431020.6837292,10.04,0.24302788844621537
sz.000668,2025-12-23,9.32,9.65,9.26,9.65,9.19,943700.0,9042763.0,0.6427,1,0.05,ST,9.65,True,1,1406995954.5666716,11.56,-0.16522491349480972
sz.000668,2025-12-24,10.13,10.13,9.83,10.13,9.65,4612504.0,46577428.19,3.1411,1,0.05,ST,10.13,True,2,1482838120.0853205,11.96,-0.153010033444816
sz.000669,2025-11-27,2.93,3.08,2.93,3.08,2.93,10422720.0,31470526.0,1.5318,1,0.05,ST,3.08,True,1,2054480088.7844365,3.09,-0.003236245954692518
sz.000669,2025-11-28,3.15,3.23,3.14,3.23,3.08,11123660.0,35790419.6,1.6348,1,0.05,ST,3.23,True,2,2189284291.6564717,3.17,0.018927444794952786
sz.000672,2025-12-31,12.98,12.99,12.73,12.99,11.81,25918555.0,336312381.52,2.6737,0,0.1,主板,12.99,True,1,12578538411.93851,10.86,0.19613259668508287
sz.000677,2025-12-24,4.14,4.53,4.11,4.53,4.12,39981731.0,175495617.06,4.6276,0,0.1,主板,4.53,True,1,3792367902.584493,4.37,0.03661327231121292
sz.000678,2025-11-25,12.66,13.87,12.5,13.87,12.61,72853002.0,989769818.76,15.851,0,0.1,主板,13.87,True,1,6244210578.260046,13.44,0.03199404761904767
sz.000678,2025-11-28,13.24,14.76,13.04,14.76,13.42,64801341.0,930255775.02,14.0991,0,0.1,主板,14.76,True,1,6597979835.734196,13.38,0.10313901345291465
sz.000678,2025-12-10,14.07,15.51,14.0,15.51,14.1,70619912.0,1070726728.73,15.3651,0,0.1,主板,15.51,True,1,6968563359.366356,13.04,0.1894171779141105
sz.000681,2025-11-18,21.48,23.66,21.28,23.66,21.51,114760494.0,2646498466.19,16.9738,0,0.1,主板,23.66,True,1,15591667547.573318,22.35,0.05861297539149879
sz.000681,2025-11-21,23.0,25.34,23.0,25.34,23.04,126829630.0,3053878787.43,18.7589,0,0.1,主板,25.34,True,1,16279626137.086927,20.68,0.2253384912959382
sz.000686,2025-11-10,9.28,10.2,9.28,10.2,9.27,201436804.0,2000718095.93,8.6067,0,0.1,主板,10.2,True,1,23246053608.58401,8.72,0.1697247706422016
sz.000688,2025-11-10,19.6,20.92,19.6,20.92,19.02,28004774.0,581954156.11,2.4884,0,0.1,主板,20.92,True,1,23386680441.649254,15.25,0.3718032786885248
sz.000688,2025-11-11,21.01,23.01,20.5,23.01,20.92,50801583.0,1105845555.75,4.5141,0,0.1,主板,23.01,True,2,24497586578.72001,14.68,0.5674386920980927
sz.000688,2025-11-13,22.74,24.39,22.58,24.39,22.17,50063838.0,1198069305.26,4.4486,0,0.1,主板,24.39,True,1,26931378529.424988,14.44,0.6890581717451525
sz.000688,2025-11-17,26.0,27.74,25.94,27.74,25.22,46073856.0,1265132561.1,4.094,0,0.1,主板,27.74,True,1,30902114340.498287,14.15,0.960424028268551
sz.000688,2025-12-17,24.4,25.34,23.88,25.34,23.04,55971492.0,1394122190.28,4.7811,0,0.1,主板,25.34,True,1,29159025962.226265,28.24,-0.10269121813031157
sz.000688,2025-12-26,27.78,29.13,27.38,29.13,26.48,42040827.0,1198396303.5,3.5476,0,0.1,主板,29.13,True,1,33780479859.62341,25.52,0.14145768025078365
sz.000691,2025-11-03,11.79,12.32,11.62,12.32,11.73,19074906.0,231080372.91,5.9006,1,0.05,ST,12.32,True,2,3916218230.5189304,11.26,0.09413854351687401
sz.000691,2025-11-25,8.16,8.59,8.11,8.59,8.18,11650950.0,97418109.01,3.6041,1,0.05,ST,8.59,True,1,2702980189.506396,11.58,-0.25820379965457685
sz.000691,2025-11-26,8.89,9.02,8.81,9.02,8.59,6347250.0,56896855.0,1.9635,1,0.05,ST,9.02,True,2,2897726254.138019,11.17,-0.19247985675917645
sz.000691,2025-11-27,9.47,9.47,9.47,9.47,9.02,1015750.0,9619152.5,0.3142,1,0.05,ST,9.47,True,3,3061474379.376194,11.17,-0.15219337511190678
sz.000691,2025-11-28,9.94,9.94,9.94,9.94,9.47,777150.0,7724871.0,0.2404,1,0.05,ST,9.94,True,4,3213340682.196339,11.73,-0.1526001705029839
sz.000691,2025-12-01,10.44,10.44,10.44,10.44,9.94,783000.0,8174520.0,0.2422,1,0.05,ST,10.44,True,5,3375111478.117259,12.32,-0.15259740259740262
sz.000691,2025-12-02,10.96,10.96,10.85,10.96,10.44,20082657.0,220044263.5,6.2123,1,0.05,ST,10.96,True,6,3542074006.406645,12.29,-0.10821806346623253
sz.000692,2025-12-03,4.05,4.14,4.05,4.14,3.76,23452773.0,96891872.22,4.4015,0,0.1,主板,4.14,True,1,2201337549.01738,3.9,0.06153846153846154
sz.000692,2025-12-04,4.55,4.55,4.55,4.55,4.14,12754892.0,58034758.6,2.3938,0,0.1,主板,4.55,True,2,2424377917.954716,3.89,0.16966580976863743
sz.000695,2025-11-10,11.42,12.47,11.34,12.47,11.34,11127700.0,136842361.0,5.0167,0,0.1,主板,12.47,True,1,2727736579.8233895,11.15,0.11838565022421532
sz.000695,2025-11-17,13.5,15.96,13.42,15.96,14.51,43695948.0,660669096.13,19.6996,0,0.1,主板,15.96,True,1,3353718329.9660907,10.94,0.4588665447897624
sz.000695,2025-11-28,17.33,19.25,17.1,19.25,17.5,45745393.0,850143451.42,20.6236,0,0.1,主板,19.25,True,1,4122187452.3361588,11.1,0.7342342342342343
sz.000695,2025-12-23,12.43,13.6,12.22,13.6,12.36,37180399.0,480720136.98,16.7622,0,0.1,主板,13.6,True,1,2867882121.5592227,16.86,-0.19335705812574144
sz.000697,2025-11-28,8.45,8.45,8.45,8.45,8.05,529300.0,4472585.0,0.081,1,0.05,ST,8.45,True,1,5521709876.54321,8.28,0.020531400966183666
sz.000700,2025-11-06,10.12,11.08,10.01,11.08,10.07,96363956.0,1028145414.45,10.497,0,0.1,主板,11.08,True,1,9794659564.161188,11.0,0.0072727272727273196
sz.000700,2025-12-29,11.45,12.63,11.45,12.63,11.48,115927977.0,1431569166.86,12.6281,0,0.1,主板,12.63,True,1,11336378131.785461,10.43,0.21093000958772778
sz.000700,2025-12-30,13.07,13.89,12.88,13.89,12.63,115838862.0,1576563605.03,12.6184,0,0.1,主板,13.89,True,2,12494164117.716984,10.1,0.37524752475247536
sz.000701,2025-12-08,8.1,8.65,7.85,8.65,7.86,181256157.0,1484664081.8,27.1503,0,0.1,主板,8.65,True,1,5468315568.520421,6.29,0.37519872813990474
sz.000703,2025-12-02,7.94,8.21,7.94,8.21,7.46,127011373.0,1040186247.47,3.5443,0,0.1,主板,8.21,True,1,29348143426.628674,6.57,0.2496194824961948
sz.000703,2025-12-30,9.94,10.98,9.93,10.98,9.98,92070453.0,981697903.91,2.5692,0,0.1,主板,10.98,True,1,38210256263.03908,8.21,0.33739342265529837
sz.000716,2025-12-16,6.09,6.68,6.08,6.68,6.07,80044347.0,530872660.7,10.8346,0,0.1,主板,6.68,True,1,4899790123.30866,6.47,0.032457496136012454
sz.000720,2025-11-05,3.5,3.86,3.47,3.86,3.51,33782969.0,128479405.04,2.6886,0,0.1,主板,3.86,True,1,4778673102.730045,3.32,0.16265060240963858
sz.000720,2025-12-12,3.41,3.74,3.41,3.74,3.4,53871154.0,198310775.96,4.2873,0,0.1,主板,3.74,True,1,4625539989.270637,3.82,-0.020942408376963262
sz.000723,2025-11-17,5.3,5.85,5.25,5.85,5.32,376018178.0,2130752835.21,8.5532,0,0.1,主板,5.85,True,1,24911762091.497917,5.01,0.16766467065868262
sz.000727,2025-12-01,2.63,2.89,2.62,2.89,2.63,405018636.0,1146185003.09,8.9417,0,0.1,主板,2.89,True,1,12818423824.21687,2.62,0.10305343511450382
sz.000735,2025-11-03,7.36,8.06,7.34,8.06,7.33,82786652.0,646373480.42,7.1932,0,0.1,主板,8.06,True,1,8985896129.95607,6.28,0.2834394904458599
sz.000735,2025-12-02,8.49,9.32,8.14,9.32,8.47,116420436.0,1006820263.17,10.1156,0,0.1,主板,9.32,True,1,9953144283.779509,8.2,0.13658536585365866
sz.000735,2025-12-10,9.07,9.78,9.02,9.78,8.89,130181826.0,1254968604.91,11.3113,0,0.1,主板,9.78,True,1,11094822035.575047,8.15,0.19999999999999996
sz.000735,2025-12-22,9.55,10.48,9.55,10.48,9.53,214276505.0,2197109596.37,18.6182,0,0.1,主板,10.48,True,1,11800870096.840725,8.26,0.268765133171913
sz.000736,2025-11-03,5.89,5.89,5.89,5.89,5.61,2818501.0,16600970.89,0.3908,1,0.05,ST,5.89,True,2,4247945468.2702155,4.72,0.24788135593220328
sz.000736,2025-11-04,6.18,6.18,6.18,6.18,5.89,1371000.0,8472780.0,0.1901,1,0.05,ST,6.18,True,3,4457012098.895319,4.76,0.2983193277310925
sz.000736,2025-11-05,6.49,6.49,6.49,6.49,6.18,1602100.0,10397629.0,0.2221,1,0.05,ST,6.49,True,4,4681507879.333634,4.83,0.34368530020703947
sz.000736,2025-11-06,6.81,6.81,6.81,6.81,6.49,1512536.0,10300370.16,0.2097,1,0.05,ST,6.81,True,5,4911955250.357654,4.85,0.4041237113402063
sz.000736,2025-11-24,5.74,5.96,5.71,5.96,5.68,20056137.0,118448911.19,2.7807,1,0.05,ST,5.96,True,1,4259679619.8798866,5.36,0.11194029850746268
sz.000752,2025-12-22,10.5,10.96,10.49,10.96,10.44,2329271.0,25263791.16,0.8831,1,0.05,ST,10.96,True,1,2860807514.437776,11.84,-0.07432432432432423
sz.000753,2025-11-04,8.3,9.2,8.27,9.2,8.36,53303195.0,472184874.0,5.3761,0,0.1,主板,9.2,True,1,8783037406.298246,7.16,0.2849162011173183
sz.000753,2025-11-05,9.3,10.12,9.3,10.12,9.2,172589460.0,1685253055.31,17.4072,0,0.1,主板,10.12,True,2,9681356308.366653,7.12,0.4213483146067414
sz.000753,2025-11-07,9.11,10.02,8.87,10.02,9.11,130873725.0,1228607584.08,13.1998,0,0.1,主板,10.02,True,1,9307774239.60969,7.92,0.26515151515151514
sz.000753,2025-11-28,7.85,8.6,7.7,8.6,7.82,82939882.0,681187537.34,8.3653,0,0.1,主板,8.6,True,1,8143013846.963051,8.55,0.005847953216374213
sz.000753,2025-12-22,7.65,8.54,7.53,8.54,7.76,82726051.0,682188788.48,8.3437,0,0.1,主板,8.54,True,1,8176094400.3259945,7.91,0.07964601769911495
sz.000755,2025-11-05,5.37,5.91,5.32,5.91,5.37,34345463.0,199999238.83,2.3407,0,0.1,主板,5.91,True,1,8544419995.300552,4.83,0.22360248447204967
sz.000756,2025-11-25,15.67,17.16,15.57,17.16,15.6,33154121.0,547769021.42,6.7301,0,0.1,主板,17.16,True,1,8139091862.230873,15.76,0.08883248730964466
sz.000759,2025-12-10,8.02,8.49,7.9,8.49,7.72,206659786.0,1723418930.15,31.5171,0,0.1,主板,8.49,True,1,5468202753.901851,8.02,0.05860349127182052
sz.000759,2025-12-23,8.0,8.91,7.77,8.91,8.1,191077158.0,1614760350.61,29.1407,0,0.1,主板,8.91,True,1,5541254501.813614,7.3,0.2205479452054795
sz.000777,2025-11-03,22.0,23.16,21.71,23.16,21.05,54296940.0,1220966603.55,14.1616,0,0.1,主板,23.16,True,1,8621671305.149136,19.29,0.20062208398133752
sz.000777,2025-12-25,21.33,23.46,21.18,23.46,21.33,48632327.0,1114700990.21,12.6841,0,0.1,主板,23.46,True,1,8788175670.406256,20.31,0.15509601181683919
sz.000777,2025-12-26,23.45,25.81,22.86,25.81,23.46,80005417.0,2018748340.0,20.8668,0,0.1,主板,25.81,True,2,9674450993.92336,20.58,0.25413022351797876
sz.000785,2025-11-26,2.83,3.11,2.82,3.11,2.83,193416862.0,584737092.5,3.2796,0,0.1,主板,3.11,True,1,17829524713.37968,2.87,0.08362369337979092
sz.000788,2025-11-10,5.9,6.48,5.9,6.48,5.89,44118609.0,278426422.72,7.4026,0,0.1,主板,6.48,True,1,3761197724.0429044,6.12,0.05882352941176472
sz.000788,2025-11-25,6.07,6.64,6.06,6.64,6.04,40492813.0,262808676.24,6.7942,0,0.1,主板,6.64,True,1,3868132763.8279715,6.18,0.0744336569579287
sz.000788,2025-11-26,6.96,7.3,6.87,7.3,6.64,90682560.0,655370702.0,15.2155,0,0.1,主板,7.3,True,2,4307257086.52361,6.17,0.1831442463533226
sz.000793,2025-11-04,3.24,3.29,3.18,3.29,3.13,26454900.0,86550344.0,1.349,1,0.05,ST,3.29,True,1,6415889103.0392885,2.84,0.15845070422535223
sz.000796,2025-11-05,6.79,7.47,6.74,7.47,6.79,160212282.0,1148733986.2,12.0391,0,0.1,主板,7.47,True,1,9541693201.319036,6.34,0.17823343848580442
sz.000796,2025-12-22,6.61,7.07,6.61,7.07,6.43,160869207.0,1124940860.83,12.0885,0,0.1,主板,7.07,True,1,9305876335.608221,6.69,0.05680119581464882
sz.000796,2025-12-24,7.1,7.84,6.92,7.84,7.13,384642916.0,2896403951.53,28.9039,0,0.1,主板,7.84,True,1,10020806713.038727,6.82,0.14956011730205265
sz.000797,2025-11-04,3.12,3.42,3.06,3.42,3.11,152443628.0,501587650.34,9.7062,0,0.1,主板,3.42,True,1,5167703636.232511,2.77,0.23465703971119134
sz.000797,2025-11-13,3.4,3.76,3.32,3.76,3.42,137195589.0,495127991.8,8.7354,0,0.1,主板,3.76,True,1,5668063188.863704,2.74,0.3722627737226276
sz.000797,2025-11-17,4.43,4.43,4.32,4.43,4.03,61326848.0,271500696.4,3.9047,0,0.1,主板,4.43,True,1,6953176848.413449,2.79,0.5878136200716844
sz.000797,2025-11-25,3.4,3.69,3.28,3.69,3.35,252071752.0,886704224.0,16.0497,0,0.1,主板,3.69,True,1,5524740175.828831,3.21,0.14953271028037385
sz.000797,2025-12-18,3.56,3.94,3.52,3.94,3.58,153757451.0,578767185.04,9.7899,0,0.1,主板,3.94,True,1,5911880458.840233,3.67,0.07356948228882842
sz.000798,2025-11-14,8.54,9.37,8.54,9.37,8.52,35937843.0,330722361.69,9.8235,0,0.1,主板,9.37,True,1,3366644899.373951,7.92,0.18308080808080796
sz.000798,2025-11-17,10.31,10.31,10.31,10.31,9.37,11442436.0,117971515.16,3.1277,0,0.1,主板,10.31,True,2,3771829624.324583,8.04,0.2823383084577116
sz.000798,2025-11-18,11.1,11.34,10.89,11.34,10.31,56502202.0,634002336.06,15.4447,0,0.1,主板,11.34,True,3,4104983172.609374,8.21,0.38124238733252125
sz.000798,2025-11-19,12.47,12.47,12.47,12.47,11.34,8440500.0,105253035.0,2.3072,0,0.1,主板,12.47,True,4,4561938063.453537,8.25,0.5115151515151517
sz.000798,2025-11-20,13.72,13.72,13.1,13.72,12.47,54573812.0,746440349.64,14.9176,0,0.1,主板,13.72,True,5,5003756298.86845,8.33,0.6470588235294119
sz.000798,2025-11-21,13.74,15.09,13.43,15.09,13.72,96804517.0,1416131995.0,26.4612,0,0.1,主板,15.09,True,6,5351730061.372878,8.12,0.8583743842364533
sz.000798,2025-11-24,15.1,16.6,15.1,16.6,15.09,52727193.0,863586086.4,14.4128,0,0.1,主板,16.6,True,7,5991799555.950266,8.03,1.0672478206724785
sz.000799,2025-11-10,59.8,65.92,59.73,65.92,59.93,32418604.0,2062576643.67,9.978,0,0.1,主板,65.92,True,1,20671243171.677692,59.57,0.10659728051032391
sz.000801,2025-12-12,16.23,17.85,16.18,17.85,16.23,129321394.0,2258318512.06,12.7244,0,0.1,主板,17.85,True,1,17747937129.137722,16.05,0.11214953271028039
sz.000803,2025-11-07,6.85,7.59,6.81,7.59,6.9,24776100.0,183443269.76,5.3886,0,0.1,主板,7.59,True,1,3404284410.7931557,6.86,0.10641399416909603
sz.000803,2025-11-12,7.85,8.72,7.8,8.72,7.93,48244253.0,416186753.62,10.4927,0,0.1,主板,8.72,True,1,3966440988.6873736,6.72,0.29761904761904767
sz.000809,2025-11-05,3.38,3.73,3.38,3.73,3.39,53334308.0,191941880.4,6.4664,0,0.1,主板,3.73,True,1,2968295812.198441,3.13,0.19169329073482433
sz.000809,2025-12-31,3.31,3.64,3.24,3.64,3.31,67205280.0,241196302.55,8.1482,0,0.1,主板,3.64,True,1,2960117603.274343,3.42,0.06432748538011701
sz.000811,2025-12-05,13.4,14.73,13.31,14.73,13.39,53127368.0,763416448.46,5.43,0,0.1,主板,14.73,True,1,14059234778.268877,15.07,-0.022561380225613825
sz.000811,2025-12-08,16.02,16.2,16.02,16.2,14.73,92469487.0,1496922484.04,9.4511,0,0.1,主板,16.2,True,2,15838605919.310978,15.18,0.06719367588932812
sz.000812,2025-12-02,4.78,5.28,4.78,5.28,4.8,85627430.0,441824831.36,11.1471,0,0.1,主板,5.28,True,1,3963585429.0353546,4.74,0.11392405063291133
sz.000816,2025-12-01,3.58,3.94,3.58,3.94,3.58,103342705.0,401991130.92,7.1944,0,0.1,主板,3.94,True,1,5587556028.577783,3.32,0.18674698795180733
sz.000820,2025-11-03,2.87,2.92,2.83,2.92,2.78,27889636.0,80905225.86,9.3915,1,0.05,ST,2.92,True,2,861472883.5649258,2.6,0.12307692307692308
sz.000820,2025-11-05,2.96,3.11,2.96,3.11,2.96,20745826.0,63863102.68,6.9859,1,0.05,ST,3.11,True,1,914171440.7592436,2.61,0.1915708812260537
sz.000820,2025-11-06,3.2,3.27,3.18,3.27,3.11,15310483.0,49799131.41,5.1556,1,0.05,ST,3.27,True,2,965923101.2879199,2.51,0.3027888446215141
sz.000820,2025-11-10,3.26,3.36,3.25,3.36,3.2,15165578.0,50435588.84,5.1068,1,0.05,ST,3.36,True,1,987616292.7860893,2.54,0.3228346456692912
sz.000820,2025-11-14,3.42,3.5,3.34,3.5,3.33,13397441.0,46329494.21,4.5114,1,0.05,ST,3.5,True,1,1026942727.5346899,2.51,0.3944223107569722
sz.000820,2025-11-17,3.58,3.68,3.56,3.68,3.5,18240318.0,66349965.8,6.1422,1,0.05,ST,3.68,True,2,1080231281.9510925,2.64,0.39393939393939403
sz.000820,2025-11-18,3.76,3.86,3.68,3.86,3.68,8457500.0,32146061.0,2.848,1,0.05,ST,3.86,True,3,1128724051.9662921,2.67,0.44569288389513106
sz.000823,2025-12-09,14.51,15.96,14.47,15.96,14.51,57683542.0,887774515.21,10.7424,0,0.1,主板,15.96,True,1,8264210187.76065,12.85,0.24202334630350197
sz.000825,2025-12-15,4.46,4.86,4.44,4.86,4.42,142641827.0,686090166.6,2.5041,0,0.1,主板,4.86,True,1,27398672840.54151,4.33,0.1224018475750579
sz.000826,2025-12-19,2.12,2.33,2.11,2.33,2.12,108839388.0,246569138.46,7.6369,0,0.1,主板,2.33,True,1,3228654800.5080595,2.24,0.0401785714285714
sz.000829,2025-12-01,10.3,11.36,10.26,11.36,10.33,82394939.0,914423432.46,8.0454,0,0.1,主板,11.36,True,1,11365792035.946005,10.25,0.10829268292682914
sz.000830,2025-11-10,15.43,15.53,15.3,15.53,14.12,78155372.0,1211757947.07,4.1044,0,0.1,主板,15.53,True,1,29523388243.59224,14.1,0.10141843971631204
sz.000833,2025-11-12,18.55,20.65,18.35,20.65,18.77,100520469.0,1963527151.46,22.1556,0,0.1,主板,20.65,True,1,8862441782.032534,14.82,0.3933873144399458
sz.000833,2025-11-14,21.7,24.22,21.56,24.22,22.02,118490171.0,2681753815.11,26.1163,0,0.1,主板,24.22,True,1,10268505933.497473,14.35,0.6878048780487804
sz.000838,2025-11-03,2.8,3.08,2.8,3.08,2.8,80123750.0,239227629.8,7.6036,0,0.1,主板,3.08,True,1,3146241646.0623918,2.54,0.21259842519685046
sz.000838,2025-11-06,3.19,3.52,3.1,3.52,3.2,148717531.0,499094625.27,14.113,0,0.1,主板,3.52,True,1,3536417666.477715,2.55,0.3803921568627453
sz.000838,2025-11-20,3.1,3.4,3.0,3.4,3.09,45113100.0,144228256.0,4.2811,0,0.1,主板,3.4,True,1,3368953212.9592857,2.99,0.1371237458193979
sz.000838,2025-11-21,3.4,3.74,3.35,3.74,3.4,182540670.0,659602170.8,17.3227,0,0.1,主板,3.74,True,2,3807733036.997696,2.95,0.2677966101694915
sz.000838,2025-12-03,3.89,3.89,3.89,3.89,3.54,21164500.0,82329905.0,2.0085,0,0.1,主板,3.89,True,1,4099074184.714961,3.2,0.21562499999999996
sz.000838,2025-12-10,3.62,3.98,3.58,3.98,3.62,110617475.0,421448562.16,10.4973,0,0.1,主板,3.98,True,1,4014828214.493251,3.27,0.21712538226299682
sz.000850,2025-12-15,4.33,4.77,4.3,4.77,4.34,52212220.0,243444689.73,5.5345,0,0.1,主板,4.77,True,1,4398675394.88662,4.86,-0.018518518518518712
sz.000859,2025-11-19,6.5,7.17,6.47,7.17,6.52,68688988.0,487647849.61,7.6668,0,0.1,主板,7.17,True,1,6360513507.721605,6.51,0.10138248847926268
sz.000859,2025-11-20,7.89,7.89,7.6,7.89,7.17,73243520.0,577101660.89,8.1752,0,0.1,主板,7.89,True,2,7059174832.29768,6.48,0.21759259259259256
sz.000859,2025-11-21,7.82,8.68,7.34,8.68,7.89,316638242.0,2604790980.47,35.342,0,0.1,主板,8.68,True,3,7370242149.482203,6.54,0.3272171253822629
sz.000859,2025-11-24,8.76,9.55,8.62,9.55,8.68,202039700.0,1887096812.74,22.551,0,0.1,主板,9.55,True,4,8368129186.022793,6.56,0.4557926829268295
sz.000859,2025-12-01,7.77,8.39,7.64,8.39,7.63,206403664.0,1662743236.95,23.038,0,0.1,主板,8.39,True,1,7217394031.382934,6.39,0.31298904538341166
sz.000859,2025-12-02,8.63,9.23,8.63,9.23,8.39,147015722.0,1321429979.69,16.4094,0,0.1,主板,9.23,True,2,8052884198.630053,6.35,0.4535433070866144
sz.000859,2025-12-05,8.69,9.13,8.55,9.13,8.3,84529036.0,764881213.5,9.4348,0,0.1,主板,9.13,True,1,8107020959.638784,6.35,0.4377952755905514
sz.000859,2025-12-11,8.8,9.77,8.47,9.77,8.88,184770495.0,1725188702.83,20.6234,0,0.1,主板,9.77,True,1,8365200223.193071,6.56,0.48932926829268286
sz.000859,2025-12-23,9.42,10.56,9.3,10.56,9.6,146719145.0,1475819314.18,16.3763,0,0.1,主板,10.56,True,1,9011921582.897236,9.11,0.15916575192096616
sz.000859,2025-12-25,10.67,11.56,10.48,11.56,10.51,232652633.0,2556126053.37,25.9679,0,0.1,主板,11.56,True,1,9843406872.985493,8.47,0.36481700118063753
sz.000862,2025-12-12,5.67,6.2,5.63,6.2,5.64,44669360.0,269672485.2,7.1133,0,0.1,主板,6.2,True,1,3791102374.4253726,6.14,0.009771986970684043
sz.000863,2025-11-13,4.36,4.8,4.34,4.8,4.36,42435359.0,198389758.55,3.6469,0,0.1,主板,4.8,True,1,5439956087.361869,3.64,0.31868131868131866
sz.000863,2025-12-18,4.73,5.15,4.73,5.15,4.68,40869579.0,206770222.72,3.5123,0,0.1,主板,5.15,True,1,5887031936.907439,5.21,-0.011516314779270509
sz.000863,2025-12-19,5.04,5.67,5.0,5.67,5.15,122442958.0,667679761.46,10.5226,0,0.1,主板,5.67,True,2,6345197588.618782,4.78,0.18619246861924688
sz.000863,2025-12-26,5.11,5.63,5.05,5.63,5.12,65478345.0,353936476.33,5.6271,0,0.1,主板,5.63,True,1,6289855810.808409,5.03,0.11928429423459241
sz.000886,2025-12-10,7.43,8.16,7.22,8.16,7.42,173691499.0,1380606608.19,17.7628,0,0.1,主板,8.16,True,1,7772460469.013895,7.49,0.08945260347129502
sz.000886,2025-12-22,6.78,7.35,6.78,7.35,6.68,93435353.0,670758258.07,9.5553,0,0.1,主板,7.35,True,1,7019750903.372997,7.42,-0.009433962264150941
sz.000888,2025-12-01,14.16,14.16,14.01,14.16,12.87,50094497.0,709170512.33,9.5072,0,0.1,主板,14.16,True,1,7459299397.61444,12.63,0.12114014251781469
sz.000889,2025-11-13,4.05,4.42,4.0,4.42,4.02,54815473.0,233828742.09,6.3017,0,0.1,主板,4.42,True,1,3710566070.9015026,3.89,0.13624678663239065
sz.000890,2025-12-11,4.9,5.34,4.59,5.34,4.85,57028943.0,291755565.26,13.5948,0,0.1,主板,5.34,True,1,2146082070.0561981,4.86,0.09876543209876543
sz.000890,2025-12-12,5.43,5.87,5.43,5.87,5.34,55205698.0,318323430.18,13.1602,0,0.1,主板,5.87,True,2,2418834289.600462,4.95,0.18585858585858595
sz.000890,2025-12-15,6.46,6.46,6.46,6.46,5.87,12734012.0,82261717.52,3.0356,0,0.1,主板,6.46,True,3,2709899773.356173,4.89,0.3210633946830266
sz.000890,2025-12-16,7.11,7.11,7.11,7.11,6.46,22228025.0,158041257.75,5.2988,0,0.1,主板,7.11,True,4,2982585826.0360837,4.8,0.4812500000000002
sz.000892,2025-11-03,7.5,7.85,7.34,7.85,7.14,61303143.0,472888410.51,8.6241,0,0.1,主板,7.85,True,2,5483336354.054336,6.35,0.2362204724409449
sz.000892,2025-11-21,7.15,7.32,7.15,7.32,6.65,31530200.0,230268238.0,4.4356,0,0.1,主板,7.32,True,1,5191366173.685635,6.24,0.17307692307692313
sz.000892,2025-11-24,7.7,8.05,7.19,8.05,7.32,208173811.0,1582775500.08,29.2858,0,0.1,主板,8.05,True,2,5404583450.272828,6.29,0.2798092209856917
sz.000892,2025-11-25,7.81,8.86,7.81,8.86,8.05,79514900.0,682386165.0,11.1861,0,0.1,主板,8.86,True,3,6100304529.728861,6.57,0.34855403348554015
sz.000892,2025-11-26,8.78,9.75,8.58,9.75,8.86,265683456.0,2444477354.29,37.3762,0,0.1,主板,9.75,True,4,6540197650.617238,6.52,0.4953987730061351
sz.000901,2025-11-03,19.0,20.98,18.72,20.98,19.07,102592527.0,2048108353.78,12.8531,0,0.1,主板,20.98,True,1,15934742231.679518,16.49,0.2722862340812615
sz.000901,2025-12-05,19.07,21.23,18.99,21.23,19.3,87650248.0,1803043651.0,10.9811,0,0.1,主板,21.23,True,1,16419517634.845325,20.78,0.021655437921077825
sz.000901,2025-12-08,22.92,23.35,22.76,23.35,21.23,40805066.0,944279609.09,5.1122,0,0.1,主板,23.35,True,2,18471100682.48504,19.99,0.16808404202101057
sz.000905,2025-11-17,11.81,12.66,11.72,12.66,11.51,73616730.0,894872249.53,9.924,0,0.1,主板,12.66,True,1,9017253622.833534,9.92,0.27620967741935476
sz.000905,2025-12-05,10.96,12.0,10.89,12.0,10.91,76849569.0,877437602.8,10.3598,0,0.1,主板,12.0,True,1,8469638437.035463,10.85,0.10599078341013835
sz.000905,2025-12-08,12.0,13.2,11.9,13.2,12.0,108534859.0,1355139735.61,14.6311,0,0.1,主板,13.2,True,2,9262049576.655207,10.87,0.2143514259429622
sz.000905,2025-12-09,14.0,14.52,13.8,14.52,13.2,66762834.0,961619627.62,9.0,0,0.1,主板,14.52,True,3,10684662529.11111,10.89,0.33333333333333326
sz.000905,2025-12-10,15.96,15.97,15.09,15.97,14.52,144994297.0,2288576749.36,19.5461,0,0.1,主板,15.97,True,4,11708610665.861732,10.8,0.47870370370370363
sz.000908,2025-11-11,7.56,7.82,7.51,7.82,7.45,24051441.0,184209927.85,2.7338,1,0.05,ST,7.82,True,1,6738237173.531347,5.81,0.3459552495697076
sz.000908,2025-11-12,8.0,8.21,7.94,8.21,7.82,26525178.0,215669897.69,3.015,1,0.05,ST,8.21,True,2,7153230437.479269,5.93,0.38448566610455326
sz.000908,2025-11-13,8.62,8.62,8.13,8.62,8.21,71904492.0,613899993.11,8.1731,1,0.05,ST,8.62,True,3,7511225766.355483,6.23,0.38362760834670917
sz.000908,2025-11-14,8.72,9.05,8.71,9.05,8.62,33653439.0,302191391.66,3.8252,1,0.05,ST,9.05,True,4,7900015467.42654,6.28,0.44108280254777066
sz.000908,2025-11-19,8.3,8.99,8.3,8.99,8.56,35483715.0,307501688.05,4.0333,1,0.05,ST,8.99,True,1,7624071803.485981,6.71,0.33979135618479894
sz.000908,2025-12-11,7.46,7.7,7.34,7.7,7.33,25524884.0,192198071.66,2.9013,1,0.05,ST,7.7,True,1,6624550086.512942,8.62,-0.1067285382830625
sz.000912,2025-11-07,4.43,4.87,4.41,4.87,4.43,45046467.0,216093433.5,2.8729,0,0.1,主板,4.87,True,1,7521787514.358314,4.31,0.12993039443155463
sz.000917,2025-12-29,10.69,11.5,10.56,11.5,10.45,61212725.0,693917671.66,4.3185,0,0.1,主板,11.5,True,1,16068488402.454556,8.58,0.34032634032634035
sz.000922,2025-11-06,14.72,14.72,14.72,14.72,13.38,9116326.0,134192318.72,1.5523,0,0.1,主板,14.72,True,1,8644741269.084585,12.73,0.1563236449332286
sz.000936,2025-12-10,7.25,7.98,7.2,7.98,7.25,69240405.0,536704413.57,7.8159,0,0.1,主板,7.98,True,1,6866828050.128584,7.62,0.047244094488189115
sz.000949,2025-11-10,4.96,5.39,4.96,5.39,4.9,113807282.0,600745148.42,6.695,0,0.1,主板,5.39,True,1,8973041798.655712,4.36,0.2362385321100915
sz.000950,2025-12-10,5.86,5.86,5.8,5.86,5.33,51149407.0,299718648.02,2.9597,0,0.1,主板,5.86,True,1,10126656350.981518,5.62,0.04270462633451966
sz.000950,2025-12-11,6.45,6.45,6.45,6.45,5.86,31272645.0,201708560.25,1.8096,0,0.1,主板,6.45,True,2,11146582684.018568,5.62,0.14768683274021344
sz.000950,2025-12-15,6.05,6.79,5.82,6.79,6.17,212716738.0,1350147291.18,12.3087,0,0.1,主板,6.79,True,1,10969048649.979282,5.54,0.2256317689530687
sz.000950,2025-12-18,6.43,6.86,6.4,6.86,6.24,101978746.0,689005727.45,5.9009,0,0.1,主板,6.86,True,1,11676282049.348406,5.38,0.275092936802974
sz.000952,2025-11-24,7.2,7.83,7.14,7.83,7.12,6680180.0,50811418.4,1.9419,0,0.1,主板,7.83,True,1,2616582645.8623,6.73,0.16344725111441294
sz.000952,2025-11-25,8.1,8.61,7.85,8.61,7.83,35746322.0,290403270.36,10.3915,0,0.1,主板,8.61,True,2,2794623205.119569,6.71,0.28315946348733223
sz.000952,2025-11-26,9.47,9.47,9.47,9.47,8.61,41566972.0,393639224.84,12.0836,0,0.1,主板,9.47,True,3,3257632037.141249,6.76,0.40088757396449726
sz.000952,2025-11-27,9.73,10.42,9.7,10.42,9.47,116889445.0,1185582584.72,33.9799,0,0.1,主板,10.42,True,4,3489070258.358618,6.67,0.5622188905547227
sz.000953,2025-12-09,7.68,8.06,7.59,8.06,7.33,34120300.0,271012248.0,9.3194,0,0.1,主板,8.06,True,1,2908043951.3273387,7.64,0.054973821989528826
sz.000955,2025-11-03,6.36,6.82,6.24,6.82,6.2,51480153.0,340138268.05,9.5689,0,0.1,主板,6.82,True,2,3554622454.5141034,5.26,0.29657794676806093
sz.000955,2025-11-14,6.91,7.38,6.85,7.38,6.71,33666405.0,245676302.9,6.2578,0,0.1,主板,7.38,True,1,3925921296.6218166,5.53,0.3345388788426762
sz.000955,2025-11-18,7.53,8.42,7.36,8.42,7.65,125347783.0,995124437.85,23.2991,0,0.1,主板,8.42,True,1,4271085311.6643996,5.84,0.4417808219178083
sz.000955,2025-12-10,6.62,7.22,6.55,7.22,6.56,79209666.0,547695996.19,14.7232,0,0.1,主板,7.22,True,1,3719952158.430233,6.75,0.06962962962962949
sz.000955,2025-12-22,6.19,6.68,6.19,6.68,6.07,36710757.0,238708817.96,6.8236,0,0.1,主板,6.68,True,1,3498282694.7652264,7.04,-0.051136363636363646
sz.000958,2025-11-14,6.86,7.3,6.83,7.3,6.64,116301331.0,841791736.02,2.1604,0,0.1,主板,7.3,True,1,38964623959.45195,6.27,0.16427432216905902
sz.000969,2025-12-12,19.0,20.83,18.64,20.83,18.94,162233396.0,3277736627.28,15.6937,0,0.1,主板,20.83,True,1,20885684238.133778,19.18,0.08602711157455678
sz.000972,2025-11-12,3.76,3.95,3.75,3.95,3.76,18705810.0,72694703.6,2.4253,1,0.05,ST,3.95,True,1,2997348930.0292745,3.77,0.04774535809018565
sz.000972,2025-11-13,4.06,4.15,4.06,4.15,3.95,23519602.0,96999202.3,3.0494,1,0.05,ST,4.15,True,2,3180927470.977897,3.91,0.0613810741687979
sz.000972,2025-11-28,3.78,3.98,3.77,3.98,3.79,14536600.0,56640844.0,1.8847,1,0.05,ST,3.98,True,1,3005297607.046214,3.72,0.06989247311827951
sz.000973,2025-11-03,7.92,8.57,7.9,8.57,7.79,88412569.0,728395840.74,9.139,0,0.1,主板,8.57,True,1,7970191932.815407,7.22,0.18698060941828265
sz.000973,2025-11-13,11.96,12.4,11.58,12.4,11.27,166650359.0,2040628219.46,17.2262,0,0.1,主板,12.4,True,1,11846072955.498022,7.79,0.5917843388960207
sz.000973,2025-11-17,12.33,13.75,12.11,13.75,12.5,180710483.0,2387424101.45,18.6796,0,0.1,主板,13.75,True,1,12780916622.679285,7.55,0.8211920529801324
sz.000973,2025-11-19,12.51,13.87,12.51,13.87,12.61,210663621.0,2824103820.33,21.7757,0,0.1,主板,13.87,True,1,12969061019.071718,7.47,0.856760374832664
sz.000973,2025-11-25,12.45,13.22,12.06,13.22,12.02,89661938.0,1123064323.19,9.2681,0,0.1,主板,13.22,True,1,12117524877.698772,7.62,0.7349081364829397
sz.000973,2025-12-26,13.53,14.22,13.53,14.22,12.93,91169279.0,1274816337.59,9.4239,0,0.1,主板,14.22,True,1,13527481590.318233,13.78,0.0319303338171264
sz.000980,2025-11-13,3.45,3.78,3.43,3.78,3.44,301645464.0,1106025492.3,5.9953,0,0.1,主板,3.78,True,1,18448209302.28679,3.49,0.08309455587392534
sz.000981,2025-12-19,3.06,3.32,3.06,3.32,3.02,842103661.0,2731833306.89,8.8518,0,0.1,主板,3.32,True,1,30861895963.41987,3.17,0.04731861198738163
sz.000981,2025-12-22,3.55,3.65,3.44,3.65,3.32,678106057.0,2436008341.25,7.1279,0,0.1,主板,3.65,True,2,34175680652.786934,3.21,0.1370716510903427
sz.000981,2025-12-30,3.58,4.03,3.56,4.03,3.66,1151436541.0,4466819894.48,12.1034,0,0.1,主板,4.03,True,1,36905496756.94432,3.47,0.1613832853025936
sz.000985,2025-11-11,19.51,21.42,19.25,21.42,19.47,5166115.0,107365497.3,3.985,0,0.1,主板,21.42,True,1,2694240835.633626,17.64,0.2142857142857144
sz.000985,2025-12-24,19.45,21.68,19.31,21.68,19.71,11203401.0,234591012.68,8.642,0,0.1,主板,21.68,True,1,2714545390.8817406,19.09,0.13567312729177572
sz.000987,2025-12-29,7.96,8.4,7.9,8.4,7.64,210314060.0,1741778890.47,4.1942,0,0.1,主板,8.4,True,1,41528274533.16484,7.25,0.1586206896551725
sz.000993,2025-11-04,10.58,11.67,10.56,11.67,10.61,29969106.0,341793294.02,6.8151,0,0.1,主板,11.67,True,1,5015235198.603102,9.88,0.18117408906882582
sz.000993,2025-11-05,11.75,12.84,11.5,12.84,11.67,65372526.0,793406417.47,14.8659,0,0.1,主板,12.84,True,2,5337089698.370095,9.85,0.30355329949238574
sz.000993,2025-11-06,14.11,14.12,14.06,14.12,12.84,26270779.0,370893574.2,5.9741,0,0.1,主板,14.12,True,3,6208358986.290822,9.99,0.4134134134134133
sz.000993,2025-11-10,13.68,15.29,13.5,15.29,13.9,67699302.0,982865078.83,15.395,0,0.1,主板,15.29,True,1,6384313600.714519,10.18,0.5019646365422397
sz.000993,2025-12-03,12.74,13.94,12.72,13.94,12.67,31942152.0,432145969.96,7.2637,0,0.1,主板,13.94,True,1,5949391769.483871,12.84,0.08566978193146424
sz.000995,2025-12-15,12.97,13.5,12.97,13.5,12.27,22843541.0,307126693.4,12.8763,0,0.1,主板,13.5,True,1,2385209209.167229,13.55,-0.0036900369003690647
sz.001203,2025-11-06,19.68,21.44,19.5,21.44,19.49,56928930.0,1197840995.84,4.4121,0,0.1,主板,21.44,True,1,27148999248.430454,13.44,0.5952380952380953
sz.001203,2025-11-13,23.24,25.53,23.21,25.53,23.21,39020854.0,973444699.63,3.0242,0,0.1,主板,25.53,True,1,32188502732.292835,12.79,0.9960906958561377
sz.001203,2025-11-14,26.0,28.08,26.0,28.08,25.53,30818632.0,841990853.12,2.3885,0,0.1,主板,28.08,True,2,35251867411.34603,13.1,1.1435114503816792
sz.001203,2025-11-17,30.23,30.89,29.4,30.89,28.08,69937716.0,2126407698.3,5.4203,0,0.1,主板,30.89,True,3,39230442933.04799,13.08,1.3616207951070338
sz.001203,2025-11-28,29.22,31.47,29.18,31.47,28.61,40460692.0,1231796875.62,3.1358,0,0.1,主板,31.47,True,1,39281742318.38764,19.5,0.6138461538461537
sz.001203,2025-12-08,25.69,27.92,25.26,27.92,25.38,39454912.0,1051097998.54,3.0578,0,0.1,主板,27.92,True,1,34374321359.80117,24.41,0.14379352724293337
sz.001203,2025-12-17,27.77,28.3,27.09,28.3,25.73,39079648.0,1087680793.78,3.0288,0,0.1,主板,28.3,True,1,35911278188.7216,32.29,-0.12356766800867136
sz.001206,2025-11-10,28.61,31.47,28.11,31.47,28.61,10039457.0,306178653.79,9.4431,0,0.1,主板,31.47,True,1,3242353186.877191,34.85,-0.09698708751793406
sz.001208,2025-12-11,14.85,14.85,14.85,14.85,13.5,16003100.0,237646035.0,6.0756,0,0.1,主板,14.85,True,1,3911482569.6227536,12.44,0.1937299035369775
sz.001208,2025-12-12,16.34,16.34,16.34,16.34,14.85,5282900.0,86322586.0,2.0057,0,0.1,主板,16.34,True,2,4303863289.62457,12.26,0.33278955954323
sz.001208,2025-12-15,17.97,17.97,17.97,17.97,16.34,7831200.0,140726664.0,2.9731,0,0.1,主板,17.97,True,3,4733331001.311762,12.29,0.4621643612693247
sz.001208,2025-12-16,19.45,19.77,19.15,19.77,17.97,71982124.0,1405370672.55,27.3283,0,0.1,主板,19.77,True,4,5142547002.740749,12.04,0.6420265780730898
sz.001208,2025-12-25,20.87,23.16,20.66,23.16,21.05,132776232.0,2914856670.38,50.409,0,0.1,主板,23.16,True,1,5782413200.777639,11.27,1.0550133096716947
sz.001208,2025-12-30,22.07,24.38,21.68,24.38,22.16,107241946.0,2571120240.11,40.7148,0,0.1,主板,24.38,True,1,6314952400.8714285,11.72,1.0802047781569963
sz.001209,2025-11-05,19.69,21.78,19.62,21.78,19.8,8030225.0,166279254.3,8.3566,0,0.1,主板,21.78,True,1,1989795542.4454923,18.78,0.15974440894568698
sz.001209,2025-11-06,21.57,23.96,21.5,23.96,21.78,14620099.0,346534270.24,15.2143,0,0.1,主板,23.96,True,2,2277687900.462065,18.48,0.29653679653679665
sz.001209,2025-11-07,23.98,26.36,23.98,26.36,23.96,12692759.0,328450237.72,13.2086,0,0.1,主板,26.36,True,3,2486639293.490605,18.68,0.41113490364025695
sz.001209,2025-11-10,27.63,29.0,27.63,29.0,26.36,14359278.0,412705438.81,14.9429,0,0.1,主板,29.0,True,4,2761883160.63147,17.99,0.6120066703724292
sz.001211,2025-12-03,26.73,29.28,26.39,29.28,26.62,6133950.0,177097777.0,9.1556,0,0.1,主板,29.28,True,1,1934310989.9951942,26.54,0.10324039186134137
sz.001211,2025-12-04,30.21,32.21,30.21,32.21,29.28,12541689.0,399329313.02,18.7199,0,0.1,主板,32.21,True,2,2133180802.3547134,26.57,0.2122694768535942
sz.001212,2025-12-25,49.58,54.23,49.11,54.23,49.3,14481465.0,758901204.22,8.3541,0,0.1,主板,54.23,True,1,9084176682.34759,43.18,0.2559055118110236
sz.001216,2025-11-14,15.45,17.04,15.4,17.04,15.49,9252400.0,153252647.0,3.7659,0,0.1,主板,17.04,True,1,4069482646.9104333,15.53,0.09723116548615574
sz.001216,2025-11-17,16.87,18.74,16.8,18.74,17.04,24464647.0,446308533.62,9.9577,0,0.1,主板,18.74,True,2,4482044383.944083,15.54,0.20592020592020588
sz.001216,2025-11-18,18.79,20.61,18.79,20.61,18.74,28974405.0,585764873.05,11.7932,0,0.1,主板,20.61,True,3,4966971416.155071,15.84,0.30113636363636354
sz.001216,2025-11-19,21.69,22.67,21.69,22.67,20.61,24015203.0,539997824.77,9.7747,0,0.1,主板,22.67,True,4,5524443970.352032,15.74,0.4402795425667092
sz.001216,2025-11-21,18.44,22.44,18.44,22.44,20.4,33514505.0,687596560.96,13.6412,0,0.1,主板,22.44,True,1,5040587052.1655,15.51,0.44680851063829796
sz.001217,2025-12-22,14.81,14.81,14.81,14.81,13.46,3382990.0,50102081.9,1.0296,0,0.1,主板,14.81,True,1,4866169570.70707,13.62,0.08737151248164476
sz.001217,2025-12-29,14.84,15.3,14.53,15.3,13.91,35294238.0,528403746.4,10.7413,0,0.1,主板,15.3,True,1,4919364940.928938,14.24,0.074438202247191
sz.001225,2025-11-18,53.77,58.41,52.85,58.41,53.1,996500.0,57025255.0,4.7365,0,0.1,主板,58.41,True,1,1203953446.6378126,53.27,0.0964895813778861
sz.001229,2025-11-17,37.0,40.76,36.8,40.76,37.05,4613340.0,182580314.4,8.7574,0,0.1,主板,40.76,True,1,2084868961.107178,35.9,0.13537604456824504
sz.001229,2025-12-29,38.89,42.75,38.05,42.75,38.86,4835541.0,198978650.41,9.1792,0,0.1,主板,42.75,True,1,2167712332.3383303,40.5,0.05555555555555558
sz.001231,2025-12-31,22.76,24.94,22.3,24.94,22.67,9266800.0,223851080.27,18.5689,0,0.1,主板,24.94,True,1,1205516106.3390942,23.16,0.07685664939550962
sz.001234,2025-12-01,28.74,31.59,28.74,31.59,28.72,5821222.0,181818658.98,6.3606,0,0.1,主板,31.59,True,1,2858514275.0683894,27.89,0.13266403728935106
sz.001255,2025-11-04,32.6,36.17,32.34,36.17,32.88,4820950.0,170603531.5,6.137,0,0.1,主板,36.17,True,1,2779917410.7870297,32.39,0.11670268601420197
sz.001255,2025-11-05,38.5,39.79,38.1,39.79,36.17,8572101.0,339283526.43,10.9121,0,0.1,主板,39.79,True,2,3109241359.86657,32.42,0.22732880937692768
sz.001255,2025-12-17,35.64,37.46,35.64,37.46,34.05,9617320.0,356061173.4,13.5348,0,0.1,主板,37.46,True,1,2630708790.6729317,32.81,0.14172508381590965
sz.001255,2025-12-18,39.29,41.21,34.46,41.21,37.46,7365434.0,292023741.7,10.3657,0,0.1,主板,41.21,True,2,2817211975.0716305,32.11,0.2834008097165992
sz.001266,2025-11-03,30.97,33.65,29.75,33.65,30.59,8527625.0,270937266.48,14.7828,0,0.1,主板,33.65,True,1,1832787201.8832698,28.45,0.1827768014059754
sz.001266,2025-11-13,29.8,32.97,29.52,32.97,29.97,6725138.0,218702373.86,11.6582,0,0.1,主板,32.97,True,1,1875953181.9663413,28.05,0.17540106951871648
sz.001266,2025-11-14,34.34,36.27,33.78,36.27,32.97,12684642.0,453984798.44,21.9891,0,0.1,主板,36.27,True,2,2064590176.2236743,27.16,0.3354197349042711
sz.001266,2025-12-29,29.5,32.54,29.13,32.54,29.58,3362800.0,106314575.0,5.8295,0,0.1,主板,32.54,True,1,1823734025.2165709,31.9,0.02006269592476495
sz.001266,2025-12-30,34.54,35.79,33.2,35.79,32.54,9661850.0,338570157.6,16.749,0,0.1,主板,35.79,True,2,2021435056.4212792,31.18,0.14785118665811425
sz.001266,2025-12-31,37.13,39.37,37.13,39.37,35.79,10105339.0,393358224.63,17.5178,0,0.1,主板,39.37,True,3,2245477312.3908253,30.05,0.31014975041597337
sz.001267,2025-11-06,17.97,18.93,17.23,18.93,17.21,77954980.0,1418448718.5,12.8605,0,0.1,主板,18.93,True,1,11029498996.92858,16.49,0.14796846573681033
sz.001267,2025-11-25,16.78,18.08,16.78,18.08,16.44,31628010.0,555483865.8,5.2178,0,0.1,主板,18.08,True,1,10645940162.520601,21.88,-0.17367458866544794
sz.001267,2025-12-08,19.02,20.3,19.02,20.3,18.45,44122898.0,877062802.5,7.2791,0,0.1,主板,20.3,True,1,12049055549.449795,19.35,0.04909560723514206
sz.001268,2025-11-14,29.87,32.87,29.7,32.87,29.88,5649058.0,179541680.46,8.9763,0,0.1,主板,32.87,True,1,2000174687.3433373,29.53,0.11310531662715873
sz.001270,2025-12-01,45.56,46.56,45.2,46.56,44.34,8567427.0,397146427.41,4.21,1,0.05,ST,46.56,True,1,9433406826.840855,45.78,0.017038007863696025
sz.001270,2025-12-05,47.02,49.11,46.52,49.11,46.77,8541504.0,412113315.82,4.1973,1,0.05,ST,49.11,True,1,9818533719.772234,45.78,0.07273918741808649
sz.001270,2025-12-08,51.57,51.57,51.57,51.57,49.11,554332.0,28586901.24,0.2724,1,0.05,ST,51.57,True,2,10494457136.563877,45.73,0.1277061010277718
sz.001270,2025-12-10,53.0,55.52,52.51,55.52,52.88,9133670.0,501465625.96,4.4883,1,0.05,ST,55.52,True,1,11172729674.041397,45.76,0.21328671328671334
sz.001270,2025-12-11,58.2,58.3,57.85,58.3,55.52,2060593.0,119974740.7,1.0126,1,0.05,ST,58.3,True,2,11848186914.872606,45.74,0.274595540008745
sz.001270,2025-12-12,61.22,61.22,61.22,61.22,58.3,274772.0,16821541.84,0.135,1,0.05,ST,61.22,True,3,12460401362.962963,44.91,0.36317078601647745
sz.001270,2025-12-15,64.28,64.28,64.28,64.28,61.22,153000.0,9834840.0,0.0752,1,0.05,ST,64.28,True,4,13078244680.851063,45.0,0.4284444444444444
sz.001270,2025-12-16,67.49,67.49,67.49,67.49,64.28,475479.0,32090077.71,0.2337,1,0.05,ST,67.49,True,5,13731312670.089859,44.91,0.5027833444667111
sz.001270,2025-12-17,70.86,70.86,70.86,70.86,67.49,702108.0,49751372.88,0.345,1,0.05,ST,70.86,True,6,14420687791.30435,44.93,0.5771199643890497
sz.001270,2025-12-18,74.4,74.4,71.01,74.4,70.86,26070791.0,1920302784.83,12.8112,1,0.05,ST,74.4,True,7,14989249912.810665,43.5,0.710344827586207
sz.001270,2025-12-25,74.15,76.48,73.4,76.48,72.84,2938901.0,221255451.92,1.4442,1,0.05,ST,76.48,True,1,15320277795.319208,43.14,0.7728326379230412
sz.001270,2025-12-26,80.3,80.3,80.3,80.3,76.48,1096443.0,88044372.9,0.5388,1,0.05,ST,80.3,True,2,16340826447.661472,44.34,0.8110058637798825
sz.001270,2025-12-29,84.32,84.32,82.2,84.32,80.3,9521960.0,802519502.82,4.6791,1,0.05,ST,84.32,True,3,17151150922.613323,46.56,0.810996563573883
sz.001277,2025-11-12,40.29,44.4,40.0,44.4,40.36,6234261.0,273698281.4,13.7371,0,0.1,主板,44.4,True,1,1992402191.1466029,38.41,0.15594897162197352
sz.001277,2025-11-13,46.46,48.84,46.25,48.84,44.4,10034117.0,485512866.54,22.1099,0,0.1,主板,48.84,True,2,2195907111.927236,38.17,0.27953890489913547
sz.001296,2025-11-21,23.4,25.51,22.05,25.51,23.19,16104223.0,397684889.67,20.955,0,0.1,主板,25.51,True,1,1897804293.3428779,24.37,0.04677882642593345
sz.001296,2025-11-24,25.72,28.06,25.31,28.06,25.51,22953619.0,608524120.67,29.8676,0,0.1,主板,28.06,True,2,2037405485.107608,24.02,0.16819317235636966
sz.001296,2025-11-25,30.87,30.87,30.02,30.87,28.06,8362909.0,257722729.47,10.8819,0,0.1,主板,30.87,True,3,2368361494.5000415,23.75,0.2997894736842106
sz.001296,2025-12-12,25.9,28.38,25.9,28.38,25.8,12211622.0,337412985.04,15.8899,0,0.1,主板,28.38,True,1,2123443099.3272457,24.25,0.17030927835051535
sz.001298,2025-11-12,32.3,35.88,31.7,35.88,32.62,40951486.0,1444570686.66,25.0618,0,0.1,主板,35.88,True,1,5764034054.457381,32.7,0.0972477064220183
sz.001299,2025-11-25,11.91,13.0,11.81,13.0,11.82,14006068.0,180217385.1,6.413,0,0.1,主板,13.0,True,1,2810188446.9047246,12.24,0.06209150326797386
sz.001299,2025-12-30,12.06,13.37,11.8,13.37,12.15,12480125.0,161146241.65,5.7143,0,0.1,主板,13.37,True,1,2820052178.7445536,11.89,0.12447434819175762
sz.001299,2025-12-31,14.0,14.71,13.86,14.71,13.37,29730726.0,431813263.86,13.6129,0,0.1,主板,14.71,True,2,3172088708.945192,11.79,0.24766751484308758
sz.001300,2025-12-25,15.48,16.92,15.4,16.92,15.38,7892764.0,131133691.2,3.2377,0,0.1,主板,16.92,True,1,4050211298.1437445,14.88,0.1370967741935485
sz.001309,2025-11-06,245.0,247.14,240.0,247.14,224.67,13774436.0,3384382775.8,8.5888,0,0.1,主板,247.14,True,1,39404605716.74739,208.08,0.18771626297577848
sz.001309,2025-12-08,206.25,222.42,206.25,222.42,202.2,17144688.0,3714521262.24,10.6571,0,0.1,主板,222.42,True,1,34854897319.533455,282.74,-0.21334087854566042
sz.001309,2025-12-26,213.01,239.0,213.01,239.0,217.27,26312752.0,6187180274.93,16.3559,0,0.1,主板,239.0,True,1,37828430565.912,219.9,0.08685766257389727
sz.001311,2025-12-10,28.81,31.7,28.34,31.7,28.82,12580466.0,388099010.65,15.9556,0,0.1,主板,31.7,True,1,2432368639.5372157,25.51,0.24264994119952954
sz.001311,2025-12-29,29.65,32.4,28.97,32.4,29.45,12350278.0,380210377.58,15.6637,0,0.1,主板,32.4,True,1,2427334394.683248,26.25,0.2342857142857142
sz.001316,2025-12-24,34.62,38.09,34.21,38.09,34.63,5903283.0,219380531.47,5.3043,0,0.1,主板,38.09,True,1,4135899769.4323483,33.6,0.13363095238095246
sz.001317,2025-12-15,43.09,47.27,42.47,47.27,42.97,8724446.0,399483535.64,24.9141,0,0.1,主板,47.27,True,1,1603443574.6826093,44.85,0.053957636566332345
sz.001317,2025-12-16,49.28,52.0,48.98,52.0,47.27,4726869.0,241452365.81,13.4983,0,0.1,主板,52.0,True,2,1788761294.4593024,43.53,0.19457845164254528
sz.001317,2025-12-17,53.22,57.2,50.0,57.2,52.0,19277516.0,1071476465.93,55.0501,0,0.1,主板,57.2,True,3,1946366066.419498,41.95,0.36352800953516096
sz.001318,2025-11-28,14.59,15.97,14.46,15.97,14.52,12598790.0,197755078.3,4.4572,0,0.1,主板,15.97,True,1,4436755772.682402,14.13,0.13021939136588823
sz.001318,2025-12-01,16.74,17.57,16.68,17.57,15.97,25700042.0,446987281.0,9.0922,0,0.1,主板,17.57,True,2,4916161995.996569,14.28,0.23039215686274517
sz.001318,2025-12-15,15.05,16.21,15.05,16.21,14.74,7540790.0,119838291.3,2.6678,0,0.1,主板,16.21,True,1,4492026812.354749,14.78,0.09675236806495269
sz.001326,2025-12-26,44.16,46.35,43.6,46.35,42.14,2087474.0,95864842.68,8.6605,0,0.1,主板,46.35,True,1,1106920416.6041222,44.85,0.03344481605351168
sz.001330,2025-12-08,8.79,9.68,8.6,9.68,8.8,168043278.0,1558925713.3,12.2256,0,0.1,主板,9.68,True,1,12751322743.260044,7.01,0.38088445078459343
sz.001330,2025-12-09,10.3,10.65,10.01,10.65,9.68,223817600.0,2322981835.62,16.2833,0,0.1,主板,10.65,True,2,14266038429.679485,7.05,0.5106382978723405
sz.001330,2025-12-10,11.19,11.72,10.94,11.72,10.65,117830988.0,1349659375.57,8.5725,0,0.1,主板,11.72,True,3,15744058041.061533,6.98,0.6790830945558739
sz.001330,2025-12-12,12.34,13.35,11.86,13.35,12.14,262229675.0,3339428381.74,19.0779,0,0.1,主板,13.35,True,1,17504171747.100048,7.08,0.8855932203389829
sz.001330,2025-12-18,9.75,10.81,9.61,10.81,9.83,236682433.0,2484852020.63,17.2193,0,0.1,主板,10.81,True,1,14430621573.641205,6.53,0.6554364471669218
sz.001331,2025-12-12,16.23,16.23,16.23,16.23,14.75,1671028.0,27120784.44,0.9954,0,0.1,主板,16.23,True,1,2724611657.6250753,14.85,0.09292929292929308
sz.001331,2025-12-15,17.85,17.85,17.85,17.85,16.23,319901.0,5710232.85,0.1906,0,0.1,主板,17.85,True,2,2995924895.0682054,14.77,0.20853080568720395
sz.001331,2025-12-16,19.64,19.64,19.64,19.64,17.85,406946.0,7992419.44,0.2424,0,0.1,主板,19.64,True,3,3297202739.273927,14.5,0.3544827586206898
sz.001331,2025-12-17,21.6,21.6,21.6,21.6,19.64,362065.0,7820604.0,0.2157,0,0.1,主板,21.6,True,4,3625685674.547983,14.05,0.5373665480427046
sz.001331,2025-12-18,23.76,23.76,23.76,23.76,21.6,830885.0,19741827.6,0.4949,0,0.1,主板,23.76,True,5,3989053869.4685793,13.86,0.7142857142857144
sz.001331,2025-12-19,26.14,26.14,26.14,26.14,23.76,1112909.0,29091441.26,0.6629,0,0.1,主板,26.14,True,6,4388511277.719113,13.24,0.9743202416918428
sz.001331,2025-12-22,28.75,28.75,28.75,28.75,26.14,573722.0,16494507.5,0.3418,0,0.1,主板,28.75,True,7,4825777501.462844,13.31,1.160030052592036
sz.001331,2025-12-23,31.63,31.63,31.63,31.63,28.75,2708800.0,85679344.0,1.6136,0,0.1,主板,31.63,True,8,5309825483.391175,13.43,1.355174981384959
sz.001331,2025-12-24,34.79,34.79,34.79,34.79,31.63,8210604.0,285646913.16,4.8909,0,0.1,主板,34.79,True,9,5840375251.180764,13.51,1.5751295336787563
sz.001331,2025-12-25,38.27,38.27,38.27,38.27,34.79,2758037.0,105550075.99,1.6429,0,0.1,主板,38.27,True,10,6424619635.400815,13.53,1.8285291943828534
sz.001331,2025-12-26,42.1,42.1,40.88,42.1,38.27,26085945.0,1097176580.14,15.5388,0,0.1,主板,42.1,True,11,7060883595.515741,14.32,1.9399441340782122
sz.001331,2025-12-29,43.38,46.31,42.9,46.31,42.1,25720770.0,1157260373.37,15.3213,0,0.1,主板,46.31,True,12,7553277942.276438,14.32,2.2339385474860336
sz.001332,2025-11-14,54.16,59.58,53.27,59.58,54.16,3075230.0,176261753.95,6.4063,0,0.1,主板,59.58,True,1,2751381514.29062,62.74,-0.050366592285623235
sz.001335,2025-12-29,44.46,48.52,44.46,48.52,44.11,3697100.0,174221248.29,15.7761,0,0.1,主板,48.52,True,1,1104336612.2806017,45.33,0.07037282153099511
sz.001336,2025-12-03,25.83,28.29,25.35,28.29,25.72,4711561.0,131732468.69,10.1143,0,0.1,主板,28.29,True,1,1302437822.5878212,25.9,0.09227799227799238
sz.001336,2025-12-19,24.0,26.32,23.81,26.32,23.93,4024650.0,102515067.5,8.6397,0,0.1,主板,26.32,True,1,1186558184.8906791,23.57,0.11667373780229107
sz.001336,2025-12-22,27.15,28.95,27.05,28.95,26.32,10519130.0,299193277.5,22.5814,0,0.1,主板,28.95,True,2,1324954509.0206985,24.23,0.1947998349153941
sz.001336,2025-12-23,28.66,31.85,27.28,31.85,28.95,15376282.0,456165299.76,33.0082,0,0.1,主板,31.85,True,3,1381975690.1618383,24.88,0.28014469453376223
sz.001359,2025-12-17,63.0,69.22,63.0,69.22,62.93,3140131.0,210598097.63,6.7704,0,0.1,主板,69.22,True,1,3110570980.0011816,52.41,0.32074031673344794
sz.001360,2025-12-05,17.21,18.84,16.92,18.84,17.13,21235689.0,387286348.38,25.9665,0,0.1,主板,18.84,True,1,1491484598.9255388,16.5,0.14181818181818184
sz.001360,2025-12-08,20.2,20.72,19.2,20.72,18.84,24968551.0,502681103.34,30.5309,0,0.1,主板,20.72,True,2,1646466705.3378708,16.47,0.25804493017607766
sz.001360,2025-12-10,20.72,22.77,20.71,22.77,20.7,18249029.0,399647251.97,22.3145,0,0.1,主板,22.77,True,1,1790975607.654216,16.43,0.3858794887401096
sz.001360,2025-12-25,21.45,23.76,21.36,23.76,21.6,11089605.0,252086729.8,13.5601,0,0.1,主板,23.76,True,1,1859032970.2583313,16.83,0.41176470588235325
sz.001376,2025-12-26,16.61,18.18,16.61,18.18,16.53,30394482.0,533432209.45,14.2195,0,0.1,主板,18.18,True,1,3751413266.6408806,12.78,0.42253521126760574
sz.001379,2025-12-19,23.29,25.62,23.29,25.62,23.29,13207744.0,332680448.35,19.6255,0,0.1,主板,25.62,True,1,1695143809.5844693,20.63,0.24188075618032
sz.001386,2025-12-10,22.42,24.82,22.36,24.82,22.56,27317132.0,662543538.6,27.9142,0,0.1,主板,24.82,True,1,2373500005.7318497,25.23,-0.016250495441934243
sz.001387,2025-11-26,13.67,15.02,13.66,15.02,13.65,14785302.0,221107599.94,12.9798,0,0.1,主板,15.02,True,1,1703474629.3471396,13.82,0.08683068017366136
sz.001387,2025-11-27,15.49,16.52,15.49,16.52,15.02,25871022.0,421509572.98,22.7117,0,0.1,主板,16.52,True,2,1855913793.2431302,13.71,0.20495988329686354
sz.001390,2025-11-19,27.19,29.96,26.08,29.96,27.24,21476068.0,613252905.27,43.8297,0,0.1,主板,29.96,True,1,1399172034.6477387,27.95,0.07191413237924871
sz.001390,2025-11-20,30.0,32.96,29.89,32.96,29.96,28814593.0,896654721.29,58.8067,0,0.1,主板,32.96,True,2,1524749256.9554148,28.08,0.1737891737891739
sz.001400,2025-12-25,67.66,74.56,67.33,74.56,67.78,4873546.0,354352712.86,32.4903,0,0.1,主板,74.56,True,1,1090641554.1253853,60.03,0.24204564384474425
sz.002005,2025-11-03,2.6,2.7,2.59,2.7,2.57,26689819.0,71529852.94,1.5234,1,0.05,ST,2.7,True,1,4695408490.219246,2.32,0.16379310344827602
sz.002005,2025-11-13,2.95,3.08,2.93,3.08,2.93,39116882.0,118669052.59,2.2327,1,0.05,ST,3.08,True,1,5315046920.320688,2.38,0.2941176470588236
sz.002009,2025-12-25,17.6,17.6,17.6,17.6,16.0,24393517.0,429325899.2,6.8884,0,0.1,主板,17.6,True,1,6232592462.6909,16.3,0.07975460122699385
sz.002009,2025-12-26,19.36,19.36,19.36,19.36,17.6,18572349.0,359560676.64,5.2446,0,0.1,主板,19.36,True,2,6855826500.400412,16.9,0.14556213017751496
sz.002009,2025-12-29,21.28,21.3,19.6,21.3,19.36,154386141.0,3241287465.45,43.5968,0,0.1,主板,21.3,True,3,7434691228.369972,16.71,0.27468581687612215
sz.002009,2025-12-30,21.77,23.43,21.77,23.43,21.3,105154399.0,2424755299.58,29.6944,0,0.1,主板,23.43,True,4,8165698918.247211,16.25,0.4418461538461538
sz.002024,2025-11-18,1.76,1.85,1.75,1.85,1.76,93093939.0,170804142.2,1.0059,1,0.05,ST,1.85,True,1,16980230857.938164,1.72,0.07558139534883734
sz.002029,2025-11-18,10.63,11.69,10.45,11.69,10.63,98146773.0,1109006246.95,14.7499,0,0.1,主板,11.69,True,1,7518737394.490809,9.72,0.2026748971193415
sz.002029,2025-11-26,9.78,10.76,9.61,10.76,9.78,49461113.0,510821293.13,7.4332,0,0.1,主板,10.76,True,1,6872158601.006296,8.94,0.20357941834451898
sz.002029,2025-12-08,10.93,11.76,10.91,11.76,10.69,76067442.0,863133069.42,11.4317,0,0.1,主板,11.76,True,1,7550347449.810614,9.59,0.22627737226277378
sz.002031,2025-12-04,7.22,7.8,7.22,7.8,7.09,242609940.0,1862509150.13,12.5137,0,0.1,主板,7.8,True,1,14883760599.423033,7.75,0.006451612903225712
sz.002044,2025-12-17,5.01,5.47,4.99,5.47,4.97,249112532.0,1344908307.69,6.43,0,0.1,主板,5.47,True,1,20916147864.541214,5.52,-0.009057971014492683
sz.002044,2025-12-18,5.77,6.02,5.5,6.02,5.47,545457614.0,3180505816.05,14.0791,0,0.1,主板,6.02,True,2,22590263696.187965,5.3,0.13584905660377355
sz.002046,2025-11-24,29.51,31.54,29.51,31.54,28.67,46033573.0,1422970547.6,8.7055,0,0.1,主板,31.54,True,1,16345649848.946068,29.83,0.0573248407643312
sz.002046,2025-12-19,38.48,39.63,38.01,39.63,36.03,44333232.0,1751918747.47,8.384,0,0.1,主板,39.63,True,1,20895977426.88454,28.67,0.38228113010115106
sz.002046,2025-12-22,41.58,43.59,41.33,43.59,39.63,35579364.0,1540940919.5,6.7285,0,0.1,主板,43.59,True,2,22901700520.175373,31.54,0.38205453392517463
sz.002046,2025-12-24,41.56,44.91,41.0,44.91,40.83,45442197.0,1947874926.6,8.5937,0,0.1,主板,44.91,True,1,22666312840.801983,31.45,0.4279809220985691
sz.002047,2025-11-03,3.23,3.23,3.23,3.23,3.08,722700.0,2334321.0,0.0477,1,0.05,ST,3.23,True,6,4893754716.9811325,2.34,0.3803418803418803
sz.002047,2025-11-04,3.39,3.39,3.39,3.39,3.23,6050123.0,20509916.97,0.399,1,0.05,ST,3.39,True,7,5140330067.669172,2.35,0.4425531914893617
sz.002047,2025-11-05,3.56,3.56,3.56,3.56,3.39,10132072.0,36070176.32,0.6683,1,0.05,ST,3.56,True,8,5397303055.51399,2.34,0.5213675213675215
sz.002047,2025-11-06,3.74,3.74,3.74,3.74,3.56,4989100.0,18659234.0,0.3291,1,0.05,ST,3.74,True,9,5669776359.769067,2.29,0.6331877729257642
sz.002047,2025-11-10,3.51,3.73,3.39,3.73,3.55,128116013.0,465509477.43,8.45,1,0.05,ST,3.73,True,1,5508987898.579882,2.24,0.6651785714285712
sz.002047,2025-11-12,3.51,3.76,3.5,3.76,3.58,79897726.0,291163126.75,5.2697,1,0.05,ST,3.76,True,1,5525231545.439019,2.2,0.7090909090909088
sz.002047,2025-11-13,3.95,3.95,3.94,3.95,3.76,32941102.0,130113804.9,2.1726,1,0.05,ST,3.95,True,2,5988852292.18448,2.31,0.7099567099567099
sz.002047,2025-11-14,4.15,4.15,4.15,4.15,3.95,5434779.0,22554332.85,0.3585,1,0.05,ST,4.15,True,3,6291306234.309624,2.41,0.7219917012448134
sz.002050,2025-12-30,47.0,52.5,46.88,52.5,47.73,281110083.0,14133714654.22,7.6302,0,0.1,主板,52.5,True,1,185233868761.23822,42.03,0.24910778015703072
sz.002053,2025-11-11,12.4,13.54,12.34,13.54,12.31,29074283.0,381119781.8,3.1578,0,0.1,主板,13.54,True,1,12069155164.988283,12.53,0.08060654429369518
sz.002053,2025-12-15,11.15,12.21,11.11,12.21,11.1,20813041.0,246945174.12,2.2605,0,0.1,主板,12.21,True,1,10924360721.964167,13.33,-0.08402100525131273
sz.002058,2025-11-07,25.08,26.33,24.75,26.33,25.08,3000101.0,77659161.82,2.0962,1,0.05,ST,26.33,True,1,3704759174.6970706,29.51,-0.10776008132836334
sz.002058,2025-11-14,24.6,25.71,24.13,25.71,24.49,2759700.0,69734779.0,1.9283,1,0.05,ST,25.71,True,1,3616386402.530727,25.99,-0.010773374374759448
sz.002059,2025-11-19,5.73,6.24,5.59,6.24,5.67,109479786.0,666305725.04,11.1368,0,0.1,主板,6.24,True,1,5982919016.593636,5.62,0.11032028469750887
sz.002069,2025-11-19,4.27,4.58,4.08,4.58,4.16,88552062.0,383597332.05,12.4683,0,0.1,主板,4.58,True,1,3076580865.4748445,3.96,0.15656565656565657
sz.002069,2025-11-21,4.19,4.75,4.19,4.75,4.32,151301802.0,703938462.46,21.3036,0,0.1,主板,4.75,True,1,3304316934.508722,3.94,0.20558375634517767
sz.002072,2025-12-29,7.03,7.72,7.03,7.72,7.02,10895875.0,82760577.0,3.6731,0,0.1,主板,7.72,True,1,2253153385.4237566,7.57,0.01981505944517825
sz.002076,2025-11-03,2.05,2.16,2.05,2.16,2.06,22595334.0,48022257.44,2.1679,1,0.05,ST,2.16,True,1,2215150949.7670555,1.84,0.17391304347826098
sz.002076,2025-11-05,2.23,2.34,2.2,2.34,2.23,101287484.0,234495753.14,9.7179,1,0.05,ST,2.34,True,1,2413029081.7975073,1.9,0.2315789473684211
sz.002076,2025-11-10,2.24,2.31,2.23,2.31,2.2,75885233.0,174507014.62,7.2807,1,0.05,ST,2.31,True,1,2396843910.887689,1.85,0.24864864864864855
sz.002076,2025-11-11,2.37,2.43,2.34,2.43,2.31,32732297.0,78795855.71,3.1405,1,0.05,ST,2.43,True,2,2509022630.4728546,1.86,0.30645161290322576
sz.002076,2025-12-05,2.02,2.13,2.0,2.13,2.03,33917000.0,71134904.0,3.2541,1,0.05,ST,2.13,True,1,2186008543.0687437,2.2,-0.03181818181818197
sz.002077,2025-11-12,17.05,18.9,16.61,18.9,17.18,84062643.0,1508931698.72,14.4849,0,0.1,主板,18.9,True,1,10417273841.862907,15.78,0.19771863117870714
sz.002080,2025-11-13,32.23,35.31,32.23,35.31,32.1,44448461.0,1546250062.99,2.6487,0,0.1,主板,35.31,True,1,58377697096.3114,30.4,0.16151315789473708
sz.002080,2025-11-25,30.51,32.64,30.51,32.64,29.67,34917204.0,1117662243.37,2.0807,0,0.1,主板,32.64,True,1,53715684306.723694,34.54,-0.05500868558193395
sz.002081,2025-12-26,3.31,3.62,3.31,3.62,3.29,132400883.0,473777954.66,5.0065,0,0.1,主板,3.62,True,1,9463256859.282932,3.31,0.09365558912386707
sz.002082,2025-12-25,12.12,13.42,12.01,13.42,12.2,22149856.0,285633152.52,4.0036,0,0.1,主板,13.42,True,1,7134407845.938656,13.2,0.016666666666666607
sz.002083,2025-11-06,5.99,6.52,5.95,6.52,5.93,99739039.0,620163967.08,10.5396,0,0.1,主板,6.52,True,1,5884131912.786064,5.04,0.2936507936507935
sz.002083,2025-11-07,6.92,7.17,6.85,7.17,6.52,83278376.0,589720456.63,8.8002,0,0.1,主板,7.17,True,2,6701216524.965342,5.17,0.38684719535783363
sz.002083,2025-11-10,7.89,7.89,7.89,7.89,7.17,19773127.0,156009972.03,2.0895,0,0.1,主板,7.89,True,3,7466378178.033021,5.0,0.5779999999999998
sz.002083,2025-11-11,8.68,8.68,8.18,8.68,7.89,127545749.0,1099629543.95,13.478,0,0.1,主板,8.68,True,4,8158699688.010091,5.11,0.6986301369863013
sz.002083,2025-11-12,9.1,9.55,8.34,9.55,8.68,278708032.0,2494875599.1,29.4516,0,0.1,主板,9.55,True,5,8471103773.988509,5.22,0.8295019157088124
sz.002083,2025-11-14,11.56,11.56,11.56,11.56,10.51,6431184.0,74344487.04,0.6796,0,0.1,主板,11.56,True,1,10939447769.276045,5.6,1.0642857142857145
sz.002083,2025-11-17,12.72,12.72,12.72,12.72,11.56,6119614.0,77841490.08,0.6467,0,0.1,主板,12.72,True,2,12036723377.145506,6.16,1.064935064935065
sz.002083,2025-11-27,9.62,10.74,9.52,10.74,9.76,232939636.0,2383555538.75,24.6152,0,0.1,主板,10.74,True,1,9683267000.67438,5.76,0.8645833333333335
sz.002083,2025-12-05,9.82,10.24,9.82,10.24,9.31,91056355.0,926153694.65,9.6221,0,0.1,主板,10.24,True,1,9625276131.509754,7.17,0.42817294281729423
sz.002083,2025-12-10,9.69,10.66,9.62,10.66,9.69,113309972.0,1161154028.24,11.9737,0,0.1,主板,10.66,True,1,9697537337.999115,9.55,0.11623036649214646
sz.002083,2025-12-15,10.59,11.3,10.58,11.3,10.27,53301445.0,591105306.5,5.6325,0,0.1,主板,11.3,True,1,10494546054.15002,12.72,-0.1116352201257862
sz.002084,2025-11-21,3.96,4.4,3.95,4.4,4.0,51701907.0,224980045.76,8.0203,0,0.1,主板,4.4,True,1,2805132548.159046,4.85,-0.09278350515463907
sz.002084,2025-12-03,4.9,5.17,4.69,5.17,4.7,179640585.0,900948887.37,27.867,0,0.1,主板,5.17,True,1,3233031497.3624716,4.06,0.2733990147783252
sz.002086,2025-11-19,2.81,2.98,2.74,2.98,2.71,214045416.0,620366949.68,13.5362,0,0.1,主板,2.98,True,1,4583021451.219692,2.64,0.12878787878787867
sz.002090,2025-11-28,10.86,11.95,10.86,11.95,10.86,34470603.0,401124780.94,8.7043,0,0.1,主板,11.95,True,1,4608351974.77109,11.62,0.02839931153184172
sz.002091,2025-11-07,9.37,10.22,9.37,10.22,9.29,55031105.0,550529928.46,3.4453,0,0.1,主板,10.22,True,1,15979157938.641048,8.98,0.13808463251670378
sz.002093,2025-11-24,11.13,12.19,11.07,12.19,11.08,44663910.0,536209564.31,4.4331,0,0.1,主板,12.19,True,1,12095589188.378338,11.35,0.07400881057268727
sz.002093,2025-12-05,11.9,13.1,11.85,13.1,11.91,80658850.0,1030893856.37,8.0058,0,0.1,主板,13.1,True,1,12876837497.439356,11.63,0.12639724849527068
sz.002098,2025-11-25,9.24,10.08,9.16,10.08,9.16,12616000.0,124640184.0,3.5241,0,0.1,主板,10.08,True,1,3536794756.1079426,9.04,0.1150442477876108
sz.002098,2025-12-23,9.7,10.7,9.6,10.7,9.73,27674100.0,284112760.0,7.7304,0,0.1,主板,10.7,True,1,3675265962.951464,10.08,0.06150793650793651
sz.002099,2025-11-03,5.82,6.31,5.73,6.31,5.74,51435890.0,315047798.44,3.1835,0,0.1,主板,6.31,True,1,9896271350.400503,5.66,0.11484098939929321
sz.002103,2025-12-18,9.75,9.86,9.75,9.86,8.96,21878099.0,215472925.14,5.7539,0,0.1,主板,9.86,True,1,3744815258.1727176,9.62,0.02494802494802495
sz.002104,2025-12-16,18.41,20.38,17.85,20.38,18.53,115414578.0,2263850653.26,19.2455,0,0.1,主板,20.38,True,1,11763012929.048351,19.51,0.044592516658123804
sz.002105,2025-12-09,7.86,8.51,7.81,8.51,7.74,25532737.0,213425142.71,7.0054,0,0.1,主板,8.51,True,1,3046580390.9840984,7.29,0.16735253772290815
sz.002105,2025-12-10,9.36,9.36,9.01,9.36,8.51,33737066.0,315149772.76,9.2564,0,0.1,主板,9.36,True,2,3404668907.566657,7.23,0.29460580912863055
sz.002105,2025-12-19,7.13,7.77,7.11,7.77,7.06,43234986.0,321669396.5,11.8624,0,0.1,主板,7.77,True,1,2711672144.759914,6.9,0.12608695652173907
sz.002107,2025-12-04,6.7,7.15,6.58,7.15,6.5,32453107.0,229740141.65,5.6974,0,0.1,主板,7.15,True,1,4032368126.689367,6.16,0.1607142857142858
sz.002108,2025-11-13,4.81,5.26,4.8,5.26,4.78,148418575.0,766815850.72,9.0087,0,0.1,主板,5.26,True,1,8511947902.805068,3.87,0.3591731266149869
sz.002108,2025-12-01,4.72,5.17,4.72,5.17,4.7,79478144.0,401391958.98,4.8242,0,0.1,主板,5.17,True,1,8320383876.7049465,4.9,0.055102040816326525
sz.002112,2025-11-05,14.47,16.01,14.12,16.01,14.55,97861279.0,1464014198.2,37.3403,0,0.1,主板,16.01,True,1,3920734965.1716785,12.92,0.2391640866873066
sz.002114,2025-11-25,8.4,8.84,8.36,8.84,8.04,11449322.0,100230138.48,3.5404,0,0.1,主板,8.84,True,1,2831039952.547735,7.9,0.11898734177215187
sz.002114,2025-11-26,9.72,9.72,9.72,9.72,8.84,9302161.0,90417004.92,2.8764,0,0.1,主板,9.72,True,2,3143408598.24781,8.06,0.2059553349875931
sz.002114,2025-12-01,8.19,9.02,8.19,9.02,8.2,56544846.0,501135183.07,17.485,0,0.1,主板,9.02,True,1,2866086262.911067,8.1,0.11358024691358026
sz.002115,2025-12-15,10.94,12.14,10.76,12.14,11.04,172812372.0,2040774862.32,22.9744,0,0.1,主板,12.14,True,1,8882821150.14973,12.23,-0.007358953393295176
sz.002115,2025-12-25,11.26,12.4,11.22,12.4,11.27,142519308.0,1699883642.1,18.9471,0,0.1,主板,12.4,True,1,8971735210.665483,10.53,0.17758784425451113
sz.002116,2025-11-12,10.73,11.79,10.65,11.79,10.72,56353899.0,655293184.04,12.3171,0,0.1,主板,11.79,True,1,5320190499.711782,10.49,0.12392755004766443
sz.002119,2025-11-07,19.15,21.08,18.82,21.08,19.16,74591326.0,1475479637.13,19.876,0,0.1,主板,21.08,True,1,7423423410.796942,17.61,0.19704713231118687
sz.002122,2025-11-06,3.19,3.22,3.19,3.22,3.07,124934676.0,401201258.24,6.2837,1,0.05,ST,3.22,True,1,6384793326.224996,3.78,-0.14814814814814803
sz.002122,2025-11-10,3.21,3.31,3.11,3.31,3.15,145734906.0,471292473.31,7.3299,1,0.05,ST,3.31,True,1,6429725825.863927,3.69,-0.10298102981029811
sz.002122,2025-11-19,3.36,3.37,3.35,3.37,3.21,103499074.0,348656518.41,5.2056,1,0.05,ST,3.37,True,1,6697720116.989397,3.64,-0.07417582417582413
sz.002123,2025-12-11,11.2,12.3,11.02,12.3,11.18,60917365.0,726885737.55,8.4599,0,0.1,主板,12.3,True,1,8592131556.51958,11.99,0.025854879065888348
sz.002125,2025-11-05,14.01,15.63,13.98,15.63,14.21,76233003.0,1158813273.48,12.1104,0,0.1,主板,15.63,True,1,9568744826.595324,15.2,0.02828947368421053
sz.002131,2025-12-31,5.12,5.64,5.11,5.64,5.13,994573607.0,5472890777.11,17.0021,0,0.1,主板,5.64,True,1,32189498809.617638,4.91,0.14867617107942954
sz.002133,2025-12-10,3.61,3.77,3.59,3.77,3.43,31062060.0,116498885.2,4.0347,0,0.1,主板,3.77,True,1,2887423729.1496267,3.77,0.0
sz.002133,2025-12-19,3.15,3.47,3.14,3.47,3.15,52756981.0,175269465.76,6.8527,0,0.1,主板,3.47,True,1,2557670199.4834156,3.37,0.029673590504451175
sz.002134,2025-11-03,20.2,22.23,20.05,22.23,20.21,17601599.0,379875202.99,7.1639,0,0.1,主板,22.23,True,1,5302631290.079426,21.0,0.0585714285714285
sz.002134,2025-12-24,23.31,25.52,23.31,25.52,23.2,15412926.0,391607924.52,6.2731,0,0.1,主板,25.52,True,1,6242653943.345395,22.03,0.15842033590558313
sz.002136,2025-11-07,12.9,14.21,12.9,14.21,12.92,63338335.0,874664162.1,29.5345,0,0.1,主板,14.21,True,1,2961499812.42276,11.2,0.26875000000000027
sz.002136,2025-11-10,14.8,15.63,14.55,15.63,14.21,49303451.0,748337692.19,22.99,0,0.1,主板,15.63,True,2,3255057382.2966514,11.38,0.37346221441124783
sz.002136,2025-11-28,12.6,13.66,12.48,13.66,12.42,35897000.0,471856713.82,16.7387,0,0.1,主板,13.66,True,1,2818956751.8385534,11.74,0.16354344122657571
sz.002136,2025-12-26,12.54,13.37,12.49,13.37,12.15,27057500.0,351496396.35,12.6168,0,0.1,主板,13.37,True,1,2785939353.4810734,13.66,-0.021229868228404114
sz.002140,2025-11-03,11.8,12.89,11.78,12.89,11.72,40319369.0,505016918.38,7.4193,0,0.1,主板,12.89,True,1,6806800080.600595,12.27,0.050529747351263365
sz.002141,2025-11-20,3.7,4.07,3.69,4.07,3.7,115248058.0,461615755.78,11.3102,0,0.1,主板,4.07,True,1,4081411078.3186855,4.03,0.00992555831265518
sz.002146,2025-11-14,1.77,1.95,1.77,1.95,1.77,279137335.0,528774357.41,7.1363,0,0.1,主板,1.95,True,1,7409643056.065469,1.55,0.25806451612903225
sz.002146,2025-12-29,1.67,1.73,1.66,1.73,1.57,427731184.0,733587160.49,10.9352,0,0.1,主板,1.73,True,1,6708493310.501865,1.64,0.054878048780487854
sz.002149,2025-12-05,18.81,20.52,18.74,20.52,18.65,74790412.0,1483453784.78,15.3215,0,0.1,主板,20.52,True,1,9682170706.392977,18.03,0.13810316139767043
sz.002149,2025-12-08,22.57,22.57,22.57,22.57,20.52,8137352.0,183660034.64,1.667,0,0.1,主板,22.57,True,2,11017398598.680262,17.8,0.2679775280898875
sz.002149,2025-12-10,25.5,26.26,24.82,26.26,23.87,172552138.0,4445956842.03,35.349,0,0.1,主板,26.26,True,1,12577319986.505983,17.3,0.5179190751445086
sz.002149,2025-12-12,25.8,28.93,25.0,28.93,26.3,168127639.0,4542836854.3,34.4426,0,0.1,主板,28.93,True,1,13189587471.038773,17.08,0.6937939110070259
sz.002149,2025-12-18,31.67,34.29,31.6,34.29,31.17,90880868.0,3046033063.78,18.6178,0,0.1,主板,34.29,True,1,16360864676.707237,16.82,1.038644470868014
sz.002149,2025-12-19,35.0,37.72,34.89,37.72,34.29,131204823.0,4774955511.41,26.8786,0,0.1,主板,37.72,True,2,17764896651.648525,16.16,1.3341584158415842
sz.002149,2025-12-25,42.04,46.2,42.04,46.2,42.0,126897497.0,5624719094.2,25.9962,0,0.1,主板,46.2,True,1,21636697264.215538,16.55,1.7915407854984893
sz.002150,2025-11-05,19.82,22.76,19.65,22.76,20.69,44136851.0,949164380.63,12.3109,0,0.1,主板,22.76,True,1,7709951186.590745,20.82,0.09317963496637849
sz.002150,2025-11-13,21.22,23.19,21.22,23.19,21.08,44592465.0,995049844.33,12.438,0,0.1,主板,23.19,True,1,8000079147.210163,19.85,0.16826196473551636
sz.002150,2025-11-28,18.97,21.05,18.72,21.05,19.14,25841964.0,523613468.6,7.208,0,0.1,主板,21.05,True,1,7264337799.667036,20.15,0.04466501240694809
sz.002151,2025-12-22,33.9,36.43,33.66,36.43,33.12,30327587.0,1085042650.37,6.8488,0,0.1,主板,36.43,True,1,15842814075.020441,30.46,0.19599474720945498
sz.002151,2025-12-26,39.0,42.17,38.34,42.17,38.34,114722384.0,4737074486.91,25.9073,0,0.1,主板,42.17,True,1,18284709278.504517,30.77,0.3704907377315567
sz.002151,2025-12-31,40.33,45.43,40.33,45.43,41.3,92749659.0,4051736937.3,20.9453,0,0.1,主板,45.43,True,1,19344372901.319153,30.55,0.4870703764320785
sz.002153,2025-11-13,9.2,10.1,9.16,10.1,9.18,26789102.0,261474090.71,1.6746,0,0.1,主板,10.1,True,1,15614122220.828856,10.27,-0.0165530671859786
sz.002153,2025-11-18,10.1,11.03,10.1,11.03,10.03,68764003.0,743894617.46,4.2984,0,0.1,主板,11.03,True,1,17306314383.491535,9.96,0.10742971887550179
sz.002153,2025-11-24,10.61,11.44,10.33,11.44,10.4,61536032.0,676545970.91,3.8466,0,0.1,主板,11.44,True,1,17588155017.677948,9.91,0.15438950554994957
sz.002153,2025-11-26,12.16,13.53,12.16,13.53,12.3,118380181.0,1542456944.66,7.3999,0,0.1,主板,13.53,True,1,20844294445.330345,9.91,0.3652875882946518
sz.002157,2025-12-11,3.14,3.45,3.12,3.45,3.14,642870034.0,2159673927.21,8.902,0,0.1,主板,3.45,True,1,24260547373.73624,3.12,0.10576923076923084
sz.002160,2025-11-06,5.6,6.27,5.55,6.27,5.7,204320813.0,1224302813.36,25.7483,0,0.1,主板,6.27,True,1,4754887947.398469,4.4,0.4249999999999998
sz.002163,2025-11-03,12.85,14.37,12.85,14.37,13.06,151323504.0,2098898915.18,18.8319,0,0.1,主板,14.37,True,1,11145444247.155092,10.23,0.4046920821114368
sz.002163,2025-11-05,14.66,16.52,14.4,16.52,15.02,158054578.0,2496463367.89,19.6696,0,0.1,主板,16.52,True,1,12691988489.293121,10.41,0.5869356388088376
sz.002163,2025-12-08,14.05,15.33,13.98,15.33,13.94,94270159.0,1427535594.68,11.7317,0,0.1,主板,15.33,True,1,12168190412.983625,15.97,-0.04007514088916719
sz.002163,2025-12-10,15.7,17.27,15.36,17.27,15.7,157629041.0,2599393969.49,19.6166,0,0.1,主板,17.27,True,1,13250991351.661348,14.96,0.15441176470588225
sz.002163,2025-12-19,13.15,14.54,12.66,14.54,13.22,135090380.0,1826615916.11,16.8117,0,0.1,主板,14.54,True,1,10865146987.574131,13.56,0.07227138643067832
sz.002163,2025-12-22,15.87,15.99,15.87,15.99,14.54,45240126.0,722206290.82,5.63,0,0.1,主板,15.99,True,2,12827820440.852577,13.46,0.18796433878157504
sz.002163,2025-12-23,17.59,17.59,17.59,17.59,15.99,13811169.0,242938462.71,1.7188,0,0.1,主板,17.59,True,3,14134190290.318827,13.82,0.27279305354558603
sz.002163,2025-12-24,18.98,19.35,18.61,19.35,17.59,126757048.0,2410140116.95,15.7747,0,0.1,主板,19.35,True,4,15278516339.137987,13.72,0.41034985422740533
sz.002163,2025-12-26,20.81,22.75,20.81,22.75,20.68,227989615.0,5062930671.97,28.3728,0,0.1,主板,22.75,True,1,17844311001.98077,13.91,0.6355140186915889
sz.002164,2025-12-08,13.65,15.05,13.6,15.05,13.68,64095742.0,941872712.25,13.3595,0,0.1,主板,15.05,True,1,7050209306.111756,12.76,0.17946708463949856
sz.002166,2025-12-24,9.57,9.57,9.57,9.57,8.7,10693572.0,102337484.04,1.4454,0,0.1,主板,9.57,True,1,7080218904.10959,8.02,0.19326683291770586
sz.002168,2025-12-22,3.52,3.69,3.52,3.69,3.51,8007953.0,29130371.54,1.0212,1,0.05,ST,3.69,True,1,2852562822.169996,3.86,-0.04404145077720201
sz.002168,2025-12-23,3.79,3.87,3.73,3.87,3.69,4983654.0,19078780.33,0.6355,1,0.05,ST,3.87,True,2,3002168423.2887487,3.99,-0.03007518796992481
sz.002168,2025-12-26,3.8,3.99,3.77,3.99,3.8,13056500.0,51465172.0,1.665,1,0.05,ST,3.99,True,1,3091001321.3213215,3.93,0.01526717557251911
sz.002168,2025-12-30,4.1,4.25,4.05,4.25,4.05,8888300.0,37559287.0,1.1335,1,0.05,ST,4.25,True,1,3313567445.963829,3.83,0.10966057441253252
sz.002169,2025-12-22,9.57,9.57,9.33,9.57,8.7,33933012.0,323634961.52,4.4727,0,0.1,主板,9.57,True,1,7235785130.234533,7.69,0.24447334200260085
sz.002169,2025-12-29,10.61,11.72,10.61,11.72,10.65,77900382.0,905175881.94,10.268,0,0.1,主板,11.72,True,1,8815503330.15193,8.14,0.43980343980343983
sz.002170,2025-11-06,11.3,12.42,11.3,12.42,11.29,61743932.0,752708658.01,7.8696,0,0.1,主板,12.42,True,1,9564763876.308832,11.2,0.10892857142857149
sz.002175,2025-11-12,4.61,4.87,4.61,4.87,4.43,108983710.0,525957969.95,8.5358,0,0.1,主板,4.87,True,1,6161788818.271281,4.6,0.05869565217391304
sz.002175,2025-11-20,4.65,5.12,4.6,5.12,4.65,137735313.0,686498041.1,10.7877,0,0.1,主板,5.12,True,1,6363710903.158227,4.56,0.12280701754385981
sz.002175,2025-12-22,4.73,4.73,4.73,4.73,4.3,19123760.0,90455384.8,1.4978,0,0.1,主板,4.73,True,1,6039216504.206169,5.21,-0.09213051823416496
sz.002177,2025-12-29,7.02,7.77,6.95,7.77,7.06,179992631.0,1373134756.86,26.6688,0,0.1,主板,7.77,True,1,5148843430.750539,6.75,0.15111111111111097
sz.002177,2025-12-30,8.55,8.55,8.16,8.55,7.77,148843064.0,1267890064.61,22.0535,0,0.1,主板,8.55,True,2,5749155755.821071,6.7,0.27611940298507465
sz.002177,2025-12-31,8.4,9.41,8.36,9.41,8.55,384622248.0,3441448156.82,56.9879,0,0.1,主板,9.41,True,3,6038910289.412313,6.54,0.4388379204892967
sz.002178,2025-11-26,7.03,7.78,6.99,7.78,7.07,67087176.0,514429889.28,9.4252,0,0.1,主板,7.78,True,1,5458026241.140771,6.57,0.18417047184170476
sz.002181,2025-11-03,11.59,11.59,11.59,11.59,10.54,7859729.0,91094259.11,0.6928,0,0.1,主板,11.59,True,2,13148709455.83141,8.15,0.42208588957055215
sz.002181,2025-11-04,12.74,12.75,12.5,12.75,11.59,78333149.0,996530281.96,6.9045,0,0.1,主板,12.75,True,3,14433054992.5411,8.02,0.589775561097257
sz.002187,2025-11-26,6.55,7.18,6.54,7.18,6.53,42394138.0,298938039.94,6.0486,0,0.1,主板,7.18,True,1,4942268292.497437,6.38,0.12539184952978055
sz.002187,2025-11-27,7.9,7.9,7.78,7.9,7.18,25253200.0,199444567.0,3.603,0,0.1,主板,7.9,True,2,5535513932.833749,6.26,0.2619808306709266
sz.002187,2025-12-15,6.89,7.51,6.89,7.51,6.83,56875039.0,413753919.93,8.1146,0,0.1,主板,7.51,True,1,5098882507.209228,7.07,0.06223479490806216
sz.002187,2025-12-16,7.66,8.26,7.64,8.26,7.51,82113597.0,671151843.02,11.7155,0,0.1,主板,8.26,True,2,5728751167.427767,6.95,0.18848920863309337
sz.002187,2025-12-29,8.6,8.97,8.4,8.97,8.15,50857508.0,450199584.76,7.2561,0,0.1,主板,8.97,True,1,6204429166.632213,7.72,0.16191709844559599
sz.002188,2025-12-17,5.63,6.17,5.54,6.17,5.61,21259664.0,126243677.88,8.2606,0,0.1,主板,6.17,True,1,1528262812.3865094,6.43,-0.04043545878693622
sz.002188,2025-12-18,6.0,6.79,5.85,6.79,6.17,70556448.0,450877372.29,27.4151,0,0.1,主板,6.79,True,2,1644631507.0526826,6.39,0.06259780907668233
sz.002188,2025-12-19,7.12,7.47,7.1,7.47,6.79,40862914.0,302362313.58,15.8775,0,0.1,主板,7.47,True,3,1904344598.2050068,5.94,0.25757575757575735
sz.002192,2025-11-13,49.01,52.91,48.68,52.91,48.1,9699307.0,500761657.76,3.7432,0,0.1,主板,52.91,True,1,13377902804.017952,40.32,0.31225198412698396
sz.002192,2025-11-17,57.02,59.35,56.09,59.35,53.95,36488375.0,2129609057.51,14.0816,0,0.1,主板,59.35,True,1,15123345766.887287,40.3,0.4727047146401986
sz.002192,2025-11-19,58.66,63.26,58.2,63.26,57.51,51398044.0,3173377749.26,19.8356,0,0.1,主板,63.26,True,1,15998395557.784996,39.08,0.6187308085977483
sz.002196,2025-11-06,11.86,12.83,11.56,12.83,11.66,117703692.0,1423005670.78,24.1055,0,0.1,主板,12.83,True,1,5903240632.96758,10.01,0.2817182817182817
sz.002196,2025-11-07,14.11,14.11,13.87,14.11,12.83,99973923.0,1409838134.03,20.4745,0,0.1,主板,14.11,True,2,6885824484.260911,9.83,0.4354018311291963
sz.002196,2025-11-11,15.3,15.98,14.62,15.98,14.53,175134935.0,2710298276.74,35.8673,0,0.1,主板,15.98,True,1,7556460276.463519,9.37,0.705442902881537
sz.002196,2025-12-25,12.41,13.64,12.41,13.64,12.4,131847500.0,1758323155.2,27.0021,0,0.1,主板,13.64,True,1,6511801508.771541,13.63,0.0007336757153337814
sz.002196,2025-12-30,13.69,15.43,13.6,15.43,14.03,135574328.0,1977801013.3,27.7654,0,0.1,主板,15.43,True,1,7123257771.542999,13.08,0.17966360856269104
sz.002197,2025-11-24,9.46,9.92,9.2,9.92,9.45,16123337.0,155692533.84,3.0194,1,0.05,ST,9.92,True,1,5156406366.827847,9.46,0.04862579281183921
sz.002197,2025-11-25,10.02,10.42,10.0,10.42,9.92,14142997.0,145537526.04,2.6485,1,0.05,ST,10.42,True,2,5495092544.459127,9.72,0.07201646090534974
sz.002197,2025-12-25,10.08,11.1,9.99,11.1,10.09,54485471.0,585436231.51,10.2033,0,0.1,主板,11.1,True,1,5737714577.734654,10.55,0.05213270142180093
sz.002198,2025-11-14,7.06,7.66,7.06,7.66,6.96,27546020.0,203364257.2,5.428,0,0.1,主板,7.66,True,1,3746578061.9012527,6.4,0.1968749999999999
sz.002198,2025-11-17,8.41,8.43,8.23,8.43,7.66,39021207.0,328615636.97,7.6892,0,0.1,主板,8.43,True,2,4273729867.476461,6.37,0.32339089481946615
sz.002198,2025-12-17,6.74,7.4,6.65,7.4,6.73,26138391.0,185877000.18,5.1506,0,0.1,主板,7.4,True,1,3608841691.8417273,7.05,0.04964539007092217
sz.002199,2025-11-25,9.06,9.43,8.93,9.43,8.98,3358000.0,31126237.0,1.3794,1,0.05,ST,9.43,True,1,2256505509.6418734,9.98,-0.055110220440881874
sz.002199,2025-12-22,7.82,8.25,7.82,8.25,7.86,3141000.0,25600890.0,1.2902,1,0.05,ST,8.25,True,1,1984257479.4605486,8.98,-0.08129175946547884
sz.002199,2025-12-29,8.14,8.56,8.1,8.56,8.15,3903601.0,32759116.56,1.6035,1,0.05,ST,8.56,True,1,2042975775.4911132,9.07,-0.05622932745314224
sz.002200,2025-11-14,8.02,8.37,7.97,8.37,7.97,6961835.0,57311051.65,3.7809,1,0.05,ST,8.37,True,1,1515804481.7371526,7.27,0.15130674002751032
sz.002200,2025-12-12,7.29,7.29,7.29,7.29,6.94,86001.0,626947.29,0.0439,1,0.05,ST,7.29,True,1,1428125945.330296,8.37,-0.12903225806451601
sz.002200,2025-12-15,7.65,7.65,7.65,7.65,7.29,135900.0,1039635.0,0.0694,1,0.05,ST,7.65,True,2,1498033141.2103746,8.18,-0.06479217603911969
sz.002201,2025-12-23,8.5,9.35,8.39,9.35,8.5,35324374.0,321152532.51,5.8676,0,0.1,主板,9.35,True,1,5473320139.580067,8.18,0.14303178484107582
sz.002201,2025-12-25,11.32,11.32,11.32,11.32,10.29,6519438.0,73800038.16,1.0829,0,0.1,主板,11.32,True,1,6815037229.661095,7.89,0.434727503168568
sz.002201,2025-12-26,12.45,12.45,12.45,12.45,11.32,43695906.0,544014029.7,7.2582,0,0.1,主板,12.45,True,2,7495164499.462678,7.99,0.5581977471839799
sz.002202,2025-12-11,15.76,16.98,15.7,16.98,15.44,242456428.0,4057598261.21,7.2322,0,0.1,主板,16.98,True,1,56104619081.46899,15.35,0.10618892508143318
sz.002202,2025-12-25,17.69,19.17,17.56,19.17,17.43,266527573.0,4982980388.87,7.9502,0,0.1,主板,19.17,True,1,62677421811.65254,15.19,0.2620144832126401
sz.002202,2025-12-29,21.0,21.66,20.52,21.66,19.69,220386528.0,4670287376.56,6.5738,0,0.1,主板,21.66,True,1,71043952912.47072,15.04,0.4401595744680853
sz.002204,2025-11-11,6.65,7.33,6.64,7.33,6.66,69440343.0,500287715.63,3.5954,0,0.1,主板,7.33,True,1,13914660834.121376,6.54,0.12079510703363905
sz.002204,2025-12-19,7.22,7.89,7.18,7.89,7.17,58397599.0,454666172.41,3.0236,0,0.1,主板,7.89,True,1,15037246077.854214,6.59,0.19726858877086495
sz.002205,2025-11-17,15.7,16.74,15.51,16.74,15.22,16343888.0,266263984.32,8.7944,0,0.1,主板,16.74,True,1,3027653783.316656,13.56,0.234513274336283
sz.002205,2025-11-20,15.72,17.22,15.26,17.22,15.65,14587580.0,239751275.2,7.8494,0,0.1,主板,17.22,True,1,3054389828.521925,14.58,0.18106995884773647
sz.002207,2025-11-12,8.58,9.01,8.57,9.01,8.19,29103862.0,258775909.58,11.1589,0,0.1,主板,9.01,True,1,2319009127.960642,8.24,0.09344660194174748
sz.002208,2025-11-10,11.31,12.43,11.22,12.43,11.3,101973546.0,1191265261.84,12.6977,0,0.1,主板,12.43,True,1,9381740487.174843,10.13,0.22704837117472843
sz.002208,2025-11-13,11.4,12.86,11.12,12.86,11.69,161681542.0,2021467826.88,20.1326,0,0.1,主板,12.86,True,1,10040768837.01062,11.81,0.08890770533446224
sz.002208,2025-11-17,12.23,13.13,11.75,13.13,11.94,132354591.0,1647616473.74,16.4808,0,0.1,主板,13.13,True,1,9997187477.185574,13.01,0.009223674096848544
sz.002208,2025-11-19,13.04,14.54,12.89,14.54,13.22,129317874.0,1784325098.5,16.1027,0,0.1,主板,14.54,True,1,11080906298.322641,15.39,-0.05523066926575704
sz.002208,2025-12-31,12.38,12.38,12.38,12.38,11.25,24951643.0,308901340.34,3.107,0,0.1,主板,12.38,True,1,9942109441.261665,11.5,0.07652173913043492
sz.002213,2025-11-10,26.66,29.13,26.5,29.13,26.48,43910312.0,1256221082.56,21.2442,0,0.1,主板,29.13,True,1,5913242591.201363,20.41,0.4272415482606564
sz.002213,2025-11-18,27.7,30.28,27.7,30.28,27.53,43149673.0,1282818054.52,20.8762,0,0.1,主板,30.28,True,1,6144882950.536975,21.84,0.3864468864468864
sz.002213,2025-11-19,29.0,33.31,28.61,33.31,30.28,89937012.0,2847278198.16,43.5123,0,0.1,主板,33.31,True,2,6543616858.129769,21.07,0.580920740389179
sz.002213,2025-11-20,34.88,36.64,33.6,36.64,33.31,55619734.0,1961164272.8,26.9093,0,0.1,主板,36.64,True,3,7288053843.095138,21.14,0.7332071901608326
sz.002214,2025-11-10,15.0,15.68,15.0,15.68,14.93,5951140.0,91861620.2,1.2424,1,0.05,ST,15.68,True,1,7393884433.354798,13.2,0.18787878787878798
sz.002214,2025-12-10,15.21,15.99,15.15,15.99,15.23,4890540.0,76768768.4,1.0209,1,0.05,ST,15.99,True,1,7519714800.66608,16.15,-0.009907120743033904
sz.002217,2025-12-09,3.43,3.78,3.37,3.78,3.44,889096337.0,3257512219.63,15.6522,0,0.1,主板,3.78,True,1,20811848938.998993,3.19,0.1849529780564263
sz.002218,2025-11-11,4.02,4.35,4.0,4.35,3.95,50141084.0,215208862.82,3.6011,0,0.1,主板,4.35,True,1,5976197906.750715,3.68,0.1820652173913042
sz.002218,2025-11-17,4.89,5.06,4.81,5.06,4.6,320746424.0,1606360728.65,23.0355,0,0.1,主板,5.06,True,1,6973413768.531181,3.57,0.41736694677871133
sz.002218,2025-12-05,3.83,4.22,3.81,4.22,3.84,185574033.0,762681038.37,13.3277,0,0.1,主板,4.22,True,1,5722525554.821912,3.87,0.09043927648578798
sz.002222,2025-11-25,47.64,47.74,47.27,47.74,43.4,17095422.0,815872018.68,3.6517,0,0.1,主板,47.74,True,1,22342252065.613277,46.86,0.018779342723004744
sz.002222,2025-12-08,53.0,57.77,52.28,57.77,52.52,22261819.0,1257476565.53,4.7553,0,0.1,主板,57.77,True,1,26443685267.596157,43.01,0.34317600558009786
sz.002225,2025-11-10,5.78,6.34,5.77,6.34,5.76,69456426.0,426541352.17,7.1298,0,0.1,主板,6.34,True,1,5982514967.741031,6.02,0.05315614617940212
sz.002227,2025-11-13,13.53,14.87,13.31,14.87,13.52,17249100.0,252004357.0,7.0136,0,0.1,主板,14.87,True,1,3593081398.9962354,15.0,-0.008666666666666711
sz.002227,2025-11-14,15.95,16.36,15.61,16.36,14.87,18317620.0,295308043.2,7.4481,0,0.1,主板,16.36,True,2,3964877528.4972005,14.14,0.15700141442715698
sz.002228,2025-11-13,3.66,4.08,3.64,4.08,3.71,110300469.0,432598706.38,9.1209,0,0.1,主板,4.08,True,1,4742938815.029218,3.42,0.19298245614035103
sz.002228,2025-11-19,3.78,4.2,3.78,4.2,3.82,59380981.0,244798781.05,4.9103,0,0.1,主板,4.2,True,1,4985413947.213001,3.49,0.20343839541547282
sz.002228,2025-11-24,4.07,4.43,3.9,4.43,4.03,166638496.0,695374804.91,13.7795,0,0.1,主板,4.43,True,1,5046444391.378496,3.53,0.25495750708215303
sz.002228,2025-12-05,4.17,4.72,4.12,4.72,4.29,182962398.0,839698769.11,15.1293,0,0.1,主板,4.72,True,1,5550149505.330716,3.56,0.3258426966292134
sz.002228,2025-12-22,4.79,4.92,4.7,4.92,4.47,157568939.0,771113338.36,13.0295,0,0.1,主板,4.92,True,1,5918211277.17871,4.43,0.11060948081264121
sz.002228,2025-12-23,5.16,5.41,5.05,5.41,4.92,156436353.0,833841708.86,12.9359,0,0.1,主板,5.41,True,2,6445950485.547971,4.49,0.2048997772828507
sz.002228,2025-12-24,5.69,5.95,5.55,5.95,5.41,93121943.0,545992105.0,7.7003,0,0.1,主板,5.95,True,3,7090530304.014129,4.24,0.4033018867924527
sz.002228,2025-12-25,6.55,6.55,6.55,6.55,5.95,13835369.0,90621666.95,1.1441,0,0.1,主板,6.55,True,4,7920782007.691637,4.15,0.5783132530120481
sz.002229,2025-12-09,18.36,18.36,18.36,18.36,16.69,32751799.0,601323029.64,6.6412,0,0.1,主板,18.36,True,1,9054433380.112026,16.82,0.09155766944114152
sz.002231,2025-11-03,3.39,3.39,3.39,3.39,3.23,2586400.0,8767896.0,0.8402,1,0.05,ST,3.39,True,2,1043548678.8859795,3.25,0.04307692307692301
sz.002231,2025-11-12,3.22,3.38,3.17,3.38,3.22,16967504.0,55925500.08,5.512,1,0.05,ST,3.38,True,1,1014613571.8432512,2.91,0.1615120274914088
sz.002231,2025-12-23,1.65,1.73,1.62,1.73,1.65,28956404.0,48980441.92,9.4068,1,0.05,ST,1.73,True,1,520691860.35633796,3.21,-0.4610591900311527
sz.002235,2025-11-20,7.87,8.51,7.65,8.51,7.74,80815488.0,679698017.75,14.5987,0,0.1,主板,8.51,True,1,4655880439.696686,7.45,0.14228187919463076
sz.002235,2025-11-27,8.53,9.42,8.45,9.42,8.56,138970088.0,1249974541.21,25.104,0,0.1,主板,9.42,True,1,4979184756.2539835,7.17,0.3138075313807531
sz.002235,2025-12-08,10.22,10.22,10.22,10.22,9.29,6933092.0,70856200.24,1.2524,0,0.1,主板,10.22,True,1,5657633363.142765,7.7,0.3272727272727274
sz.002235,2025-12-09,11.24,11.24,11.24,11.24,10.22,3242843.0,36449555.32,0.5858,0,0.1,主板,11.24,True,2,6222184247.183339,7.57,0.48480845442536324
sz.002235,2025-12-10,12.36,12.36,12.36,12.36,11.24,4869470.0,60186649.2,0.8796,0,0.1,主板,12.36,True,3,6842502182.810368,7.47,0.6546184738955823
sz.002235,2025-12-11,13.6,13.6,12.87,13.6,12.36,112685298.0,1514420780.57,20.3558,0,0.1,主板,13.6,True,4,7439750737.234597,7.77,0.7503217503217503
sz.002240,2025-11-07,25.06,27.3,24.91,27.3,24.82,110568101.0,2926424837.12,12.7636,0,0.1,主板,27.3,True,1,22927895242.094704,18.61,0.46695325094035467
sz.002240,2025-11-13,28.48,31.02,28.35,31.02,28.2,75063559.0,2265544607.77,8.6651,0,0.1,主板,31.02,True,1,26145625645.05891,19.13,0.621536853110298
sz.002240,2025-11-17,34.62,35.93,34.47,35.93,32.66,91808611.0,3250796674.75,10.5981,0,0.1,主板,35.93,True,1,30673391218.70901,19.07,0.8841111693759831
sz.002240,2025-12-17,30.99,32.32,30.33,32.32,29.38,76521366.0,2421348370.37,8.3821,0,0.1,主板,32.32,True,1,28887132942.46072,38.12,-0.1521511017838404
sz.002242,2025-11-13,10.36,11.06,10.3,11.06,10.05,29315237.0,319705208.56,3.8486,0,0.1,主板,11.06,True,1,8307052137.400614,9.47,0.16789862724392823
sz.002242,2025-11-14,12.17,12.17,12.17,12.17,11.06,10567521.0,128606730.57,1.3873,0,0.1,主板,12.17,True,2,9270289812.585598,9.32,0.30579399141630903
sz.002246,2025-11-20,18.47,20.21,18.45,20.21,18.37,23085791.0,459597010.3,4.2048,0,0.1,主板,20.21,True,1,10930294194.729834,18.79,0.07557211282597143
sz.002248,2025-11-04,12.23,13.66,12.23,13.66,12.42,50611316.0,667366799.1,16.4592,0,0.1,主板,13.66,True,1,4054673368.693497,10.28,0.3287937743190663
sz.002249,2025-11-26,10.08,11.04,9.99,11.04,10.04,164645224.0,1750211368.33,8.9982,0,0.1,主板,11.04,True,1,19450683118.068058,12.65,-0.12727272727272732
sz.002250,2025-11-07,11.65,12.86,11.65,12.86,11.69,88535763.0,1104353372.49,9.7675,0,0.1,主板,12.86,True,1,11306407704.018429,11.38,0.1300527240773286
sz.002250,2025-11-14,14.0,15.4,14.0,15.4,14.0,147595974.0,2203519469.39,16.4916,0,0.1,主板,15.4,True,1,13361465651.543818,11.48,0.3414634146341464
sz.002251,2025-11-13,5.43,5.94,5.32,5.94,5.4,301362581.0,1704579452.29,14.0008,0,0.1,主板,5.94,True,1,12174871809.396605,5.6,0.06071428571428594
sz.002251,2025-12-10,5.66,5.75,5.65,5.75,5.23,133645943.0,767636091.85,6.209,0,0.1,主板,5.75,True,1,12363280590.272186,5.4,0.06481481481481466
sz.002253,2025-12-25,11.06,11.6,11.06,11.6,11.05,8281846.0,95009173.95,3.9758,1,0.05,ST,11.6,True,1,2389686954.8267016,9.51,0.2197686645636172
sz.002255,2025-11-03,9.82,9.82,9.82,9.82,8.93,24190500.0,237550710.0,3.7918,0,0.1,主板,9.82,True,1,6264853367.79366,8.2,0.19756097560975627
sz.002255,2025-11-04,10.8,10.8,10.51,10.8,9.82,95999558.0,1035996757.49,15.0476,0,0.1,主板,10.8,True,2,6884797293.189612,8.11,0.3316892725030829
sz.002255,2025-11-05,11.88,11.88,11.88,11.88,10.8,13668687.0,162384001.56,2.1425,0,0.1,主板,11.88,True,3,7579183270.011668,8.35,0.42275449101796414
sz.002255,2025-11-06,13.07,13.07,13.07,13.07,11.88,5135700.0,67123599.0,0.805,0,0.1,主板,13.07,True,4,8338335279.503105,9.19,0.42219804134929273
sz.002255,2025-11-07,13.8,14.38,13.63,14.38,13.07,163327760.0,2306798967.19,25.6011,0,0.1,主板,14.38,True,5,9010546293.674881,9.5,0.513684210526316
sz.002255,2025-11-19,12.73,13.92,12.73,13.92,12.65,147988032.0,2022444999.95,23.1966,0,0.1,主板,13.92,True,1,8718713087.04724,8.93,0.5587905935050392
sz.002255,2025-12-12,12.1,13.3,12.01,13.3,12.09,135465157.0,1713725246.27,21.2337,0,0.1,主板,13.3,True,1,8070780157.344222,13.15,0.011406844106463865
sz.002256,2025-11-10,3.5,3.73,3.45,3.73,3.39,128503265.0,466041557.7,6.5862,0,0.1,主板,3.73,True,1,7076031060.399016,3.15,0.18412698412698414
sz.002256,2025-11-12,3.6,3.97,3.54,3.97,3.61,239618171.0,914081953.2,12.2812,0,0.1,主板,3.97,True,1,7442936791.193043,3.19,0.24451410658307227
sz.002261,2025-12-29,31.88,33.77,31.86,33.77,30.7,177344637.0,5874540000.16,15.4798,0,0.1,主板,33.77,True,1,37949715113.63196,32.11,0.05169729056368744
sz.002264,2025-11-21,7.32,8.11,7.32,8.11,7.37,53760201.0,433414510.11,8.2104,0,0.1,主板,8.11,True,1,5278847682.329728,6.92,0.171965317919075
sz.002264,2025-11-24,8.92,8.92,8.92,8.92,8.11,7745110.0,69086381.2,1.1829,0,0.1,主板,8.92,True,2,5840424482.204751,6.84,0.30409356725146197
sz.002264,2025-11-25,9.81,9.81,9.81,9.81,8.92,3848700.0,37755747.0,0.5878,0,0.1,主板,9.81,True,3,6423230180.3334465,7.06,0.38951841359773387
sz.002264,2025-11-26,10.79,10.79,10.79,10.79,9.81,6863100.0,74052849.0,1.0481,0,0.1,主板,10.79,True,4,7065437362.847057,6.91,0.56150506512301
sz.002264,2025-12-19,8.56,9.32,8.52,9.32,8.47,77586700.0,697027427.0,11.8492,0,0.1,主板,9.32,True,1,5882485121.358404,8.11,0.14919852034525283
sz.002264,2025-12-25,9.49,10.35,9.41,10.35,9.41,57925289.0,586486293.15,8.8465,0,0.1,主板,10.35,True,1,6629585634.431695,10.59,-0.022662889518413665
sz.002266,2025-11-03,4.52,4.52,4.42,4.52,4.11,193468762.0,873070095.41,3.9509,0,0.1,主板,4.52,True,1,22098005401.554073,3.97,0.1385390428211586
sz.002268,2025-12-26,18.48,20.33,18.46,20.33,18.48,85568786.0,1708586544.01,10.1229,0,0.1,主板,20.33,True,1,16878429541.040611,17.65,0.1518413597733712
sz.002272,2025-12-23,14.41,15.92,14.32,15.92,14.47,86768347.0,1341606632.84,22.4502,0,0.1,主板,15.92,True,1,5975922855.208417,14.19,0.12191684284707538
sz.002272,2025-12-29,17.88,17.88,17.84,17.88,16.25,55289633.0,988578344.04,14.3055,0,0.1,主板,17.88,True,1,6910477397.085036,14.28,0.25210084033613445
sz.002277,2025-11-28,6.73,7.03,6.6,7.03,6.39,68924553.0,479528545.56,4.9438,0,0.1,主板,7.03,True,1,9699594351.713257,6.62,0.0619335347432024
sz.002279,2025-11-21,7.96,8.94,7.89,8.94,8.13,138574645.0,1161714718.65,17.5472,0,0.1,主板,8.94,True,1,6620513350.563053,7.57,0.1809775429326288
sz.002279,2025-11-24,9.56,9.83,9.0,9.83,8.94,300223774.0,2837547962.04,38.0161,0,0.1,主板,9.83,True,2,7464069070.841038,7.37,0.33378561736770695
sz.002281,2025-12-17,62.92,68.59,62.35,68.59,62.35,49529538.0,3273237223.84,6.3546,0,0.1,主板,68.59,True,1,51509728760.89762,57.18,0.19954529555788736
sz.002284,2025-12-22,13.94,15.05,13.94,15.05,13.68,24355706.0,359182379.5,3.3309,0,0.1,主板,15.05,True,1,10783343225.554653,11.84,0.2711148648648649
sz.002285,2025-11-21,2.6,2.87,2.57,2.87,2.61,284353894.0,796772037.95,14.392,0,0.1,主板,2.87,True,1,5536214827.334631,2.37,0.21097046413502119
sz.002285,2025-11-24,2.8,3.16,2.71,3.16,2.87,275954889.0,820599515.48,13.9669,0,0.1,主板,3.16,True,2,5875316036.343068,2.35,0.34468085106382973
sz.002285,2025-11-28,2.78,3.03,2.7,3.03,2.75,269878817.0,783232517.3,13.6594,0,0.1,主板,3.03,True,1,5734018458.351026,2.32,0.3060344827586208
sz.002285,2025-12-02,3.08,3.34,2.98,3.34,3.04,358973627.0,1160104322.35,18.1687,0,0.1,主板,3.34,True,1,6385180680.786186,2.37,0.4092827004219408
sz.002285,2025-12-10,2.88,3.17,2.86,3.17,2.88,186000906.0,568665655.26,9.4141,0,0.1,主板,3.17,True,1,6040573769.770876,2.46,0.28861788617886175
sz.002285,2025-12-16,3.08,3.38,3.05,3.38,3.07,196154425.0,634807137.9,9.928,0,0.1,主板,3.38,True,1,6394108963.537469,2.51,0.3466135458167332
sz.002286,2025-11-11,10.19,11.12,10.11,11.12,10.11,40462370.0,437364632.49,10.949,0,0.1,主板,11.12,True,1,3994562357.201571,9.67,0.14994829369183038
sz.002289,2025-11-19,35.05,36.79,34.5,36.79,35.04,3717518.0,135066731.73,1.3279,1,0.05,ST,36.79,True,1,10171453552.978386,36.13,0.01826736783836136
sz.002289,2025-12-22,25.22,26.9,25.22,26.9,25.62,4738352.0,125786021.78,1.6925,1,0.05,ST,26.9,True,1,7431965836.3367815,35.55,-0.24331926863572428
sz.002289,2025-12-24,29.1,29.66,29.0,29.66,28.25,3463699.0,102395883.34,1.2372,1,0.05,ST,29.66,True,1,8276421220.497899,36.3,-0.18292011019283738
sz.002289,2025-12-25,31.08,31.14,30.51,31.14,29.66,2771209.0,86197758.58,0.9899,1,0.05,ST,31.14,True,2,8707723869.077684,35.21,-0.11559216131780747
sz.002289,2025-12-26,31.68,32.7,30.0,32.7,31.14,8692429.0,280615265.56,3.105,1,0.05,ST,32.7,True,3,9037528681.481482,35.49,-0.07861369399830931
sz.002291,2025-11-26,7.69,8.44,7.49,8.44,7.67,151934336.0,1191582026.79,17.4813,0,0.1,主板,8.44,True,1,6816323882.033944,6.66,0.26726726726726713
sz.002295,2025-12-05,11.22,12.39,11.2,12.39,11.26,13456700.0,161370457.0,5.3764,0,0.1,主板,12.39,True,1,3001459285.0234356,12.1,0.023966942148760495
sz.002295,2025-12-08,12.51,13.63,12.2,13.63,12.39,43856613.0,559768191.73,17.522,0,0.1,主板,13.63,True,2,3194659238.2718873,12.09,0.12737799834574037
sz.002297,2025-12-24,10.12,11.26,10.01,11.26,10.24,66562339.0,721208744.84,11.6143,0,0.1,主板,11.26,True,1,6209661751.8059635,8.89,0.26659167604049494
sz.002297,2025-12-25,12.3,12.39,12.1,12.39,11.26,23791886.0,294326978.94,4.1514,0,0.1,主板,12.39,True,2,7089824611.938141,8.99,0.3781979977753058
sz.002298,2025-11-17,12.28,13.43,12.15,13.43,12.21,152426062.0,2002209245.03,23.072,0,0.1,主板,13.43,True,1,8678091387.95943,11.7,0.147863247863248
sz.002300,2025-11-05,6.57,7.24,6.52,7.24,6.58,55064655.0,385463778.35,7.6238,0,0.1,主板,7.24,True,1,5056058374.432698,6.17,0.17341977309562395
sz.002300,2025-11-06,7.75,7.96,7.6,7.96,7.24,90891705.0,714877984.68,12.5842,0,0.1,主板,7.96,True,2,5680758289.601246,6.29,0.2655007949125596
sz.002300,2025-12-02,7.04,7.78,7.0,7.78,7.07,55427744.0,417387668.54,7.6741,0,0.1,主板,7.78,True,1,5438913599.51004,6.58,0.18237082066869292
sz.002300,2025-12-03,8.39,8.56,8.31,8.56,7.78,39464774.0,335284667.82,5.464,0,0.1,主板,8.56,True,2,6136249411.0541725,7.24,0.18232044198895037
sz.002300,2025-12-04,9.42,9.42,9.42,9.42,8.56,15058894.0,141854781.48,2.0849,0,0.1,主板,9.42,True,3,6803912968.487697,7.96,0.18341708542713575
sz.002300,2025-12-05,9.33,10.36,8.97,10.36,9.42,184808850.0,1759083541.98,25.5872,0,0.1,主板,10.36,True,4,6874857514.616683,7.86,0.31806615776081415
sz.002300,2025-12-12,9.53,10.69,9.38,10.69,9.72,133070919.0,1358100535.52,18.424,0,0.1,主板,10.69,True,1,7371366345.6361265,8.01,0.3345817727840199
sz.002300,2025-12-15,11.76,11.76,11.76,11.76,10.69,11835206.0,139182022.56,1.6386,0,0.1,主板,11.76,True,2,8493959633.83376,8.27,0.4220072551390568
sz.002300,2025-12-16,12.51,12.94,11.78,12.94,11.76,230504659.0,2896647356.77,31.9139,0,0.1,主板,12.94,True,3,9076444297.845139,7.44,0.7392473118279568
sz.002301,2025-11-18,6.75,7.43,6.72,7.43,6.75,65010296.0,475800289.83,9.0545,0,0.1,主板,7.43,True,1,5254848857.8055105,6.3,0.1793650793650794
sz.002301,2025-11-19,8.17,8.17,8.1,8.17,7.43,36006161.0,294162864.37,5.0149,0,0.1,主板,8.17,True,2,5865777271.132027,6.35,0.2866141732283465
sz.002301,2025-11-24,7.2,7.79,7.04,7.79,7.08,94116951.0,709940825.94,13.1084,0,0.1,主板,7.79,True,1,5415922812.395106,6.38,0.22100313479623823
sz.002301,2025-12-09,8.17,8.58,8.03,8.58,7.8,50448115.0,423072034.12,7.0263,0,0.1,主板,8.58,True,1,6021263454.734355,6.58,0.30395136778115495
sz.002305,2025-11-25,2.27,2.37,2.25,2.37,2.26,32106658.0,74652213.78,1.8515,1,0.05,ST,2.37,True,1,4031985621.3880644,2.69,-0.11895910780669139
sz.002305,2025-11-28,2.39,2.5,2.37,2.5,2.38,71926200.0,177433651.0,4.1477,1,0.05,ST,2.5,True,1,4277880536.2007856,2.59,-0.03474903474903468
sz.002306,2025-11-05,1.92,2.04,1.91,2.04,1.94,71217207.0,144014075.98,8.7499,1,0.05,ST,2.04,True,1,1645893964.2738771,1.8,0.1333333333333333
sz.002306,2025-11-07,2.02,2.08,2.02,2.08,1.98,14709600.0,30366156.0,1.8073,1,0.05,ST,2.08,True,1,1680194544.3479226,1.8,0.15555555555555567
sz.002306,2025-11-10,2.18,2.18,2.18,2.18,2.08,3273400.0,7136012.0,0.4022,1,0.05,ST,2.18,True,2,1774244654.4007957,1.76,0.23863636363636376
sz.002306,2025-12-22,1.84,1.84,1.84,1.84,1.75,4778598.0,8792620.32,0.5871,1,0.05,ST,1.84,True,1,1497635891.670925,2.0,-0.07999999999999996
sz.002306,2025-12-23,1.93,1.93,1.93,1.93,1.84,2334600.0,4505778.0,0.2868,1,0.05,ST,1.93,True,2,1571052301.25523,2.01,-0.03980099502487555
sz.002306,2025-12-24,2.03,2.03,2.03,2.03,1.93,6470400.0,13134912.0,0.795,1,0.05,ST,2.03,True,3,1652190188.679245,1.95,0.04102564102564088
sz.002306,2025-12-25,2.08,2.13,2.04,2.13,2.03,86983518.0,182619533.66,10.687,1,0.05,ST,2.13,True,4,1708800726.6772714,1.96,0.08673469387755106
sz.002306,2025-12-29,2.12,2.19,2.12,2.19,2.09,30912900.0,67012713.0,3.798,1,0.05,ST,2.19,True,1,1764421090.0473933,1.98,0.10606060606060597
sz.002307,2025-11-21,4.87,5.21,4.84,5.21,4.74,169974558.0,861647581.83,13.4019,0,0.1,主板,5.21,True,1,6429294218.207867,5.06,0.029644268774703608
sz.002307,2025-11-24,5.73,5.73,5.24,5.73,5.21,287821620.0,1592997380.26,22.6936,0,0.1,主板,5.73,True,2,7019588695.755632,4.99,0.14829659318637267
sz.002307,2025-11-28,5.38,5.86,5.26,5.86,5.33,192723671.0,1089989561.64,15.1955,0,0.1,主板,5.86,True,1,7173107575.53223,4.85,0.20824742268041252
sz.002307,2025-12-15,5.57,5.75,5.43,5.75,5.23,107657749.0,605666848.3,8.4884,0,0.1,主板,5.75,True,1,7135229823.052636,4.86,0.1831275720164609
sz.002309,2025-11-11,3.2,3.49,3.2,3.49,3.17,34720943.0,119785751.07,2.8562,0,0.1,主板,3.49,True,1,4193885269.5889645,2.94,0.18707482993197289
sz.002309,2025-11-12,3.84,3.84,3.71,3.84,3.49,64836224.0,247503512.16,5.3336,0,0.1,主板,3.84,True,2,4640458830.058497,3.04,0.26315789473684204
sz.002309,2025-11-13,4.08,4.22,4.0,4.22,3.84,254571513.0,1065882805.32,20.9417,0,0.1,主板,4.22,True,3,5089762556.621478,3.01,0.40199335548172765
sz.002309,2025-12-11,3.31,3.64,3.29,3.64,3.31,70513209.0,253662622.26,5.8006,0,0.1,主板,3.64,True,1,4373041103.67893,4.22,-0.13744075829383873
sz.002309,2025-12-12,4.0,4.0,4.0,4.0,3.64,42098755.0,168395020.0,3.4631,0,0.1,主板,4.0,True,2,4862551471.225203,3.93,0.01781170483460559
sz.002317,2025-11-12,21.43,23.38,20.72,23.38,21.25,134415197.0,2969478382.59,17.6487,0,0.1,主板,23.38,True,1,16825479398.425945,17.22,0.3577235772357723
sz.002317,2025-11-14,25.0,26.0,24.31,26.0,23.64,79119110.0,2030186097.57,10.3883,0,0.1,主板,26.0,True,1,19543006050.7494,17.45,0.4899713467048712
sz.002319,2025-11-24,11.72,12.78,11.63,12.78,11.62,8242395.0,102405979.28,4.1212,0,0.1,主板,12.78,True,1,2484858276.230224,11.92,0.07214765100671139
sz.002319,2025-12-18,10.3,11.34,10.24,11.34,10.31,11573290.0,126495416.6,5.7866,0,0.1,主板,11.34,True,1,2186005886.0125117,12.53,-0.0949720670391061
sz.002320,2025-11-05,14.16,15.4,13.99,15.4,14.0,64882897.0,976799826.73,2.9037,0,0.1,主板,15.4,True,1,33639832859.11079,10.2,0.5098039215686276
sz.002320,2025-12-22,11.83,12.62,11.83,12.62,11.47,67902837.0,842690246.32,3.0386,0,0.1,主板,12.62,True,1,27732845597.314556,12.34,0.02269043760129663
sz.002321,2025-11-19,3.2,3.51,3.12,3.51,3.19,126482619.0,433203763.69,5.9543,0,0.1,主板,3.51,True,1,7275477616.008599,2.79,0.25806451612903225
sz.002324,2025-12-24,13.51,14.42,13.51,14.42,13.11,28486756.0,403657881.73,3.6697,0,0.1,主板,14.42,True,1,10999751525.465296,12.41,0.1619661563255439
sz.002326,2025-11-11,22.95,25.04,22.95,25.04,22.76,125538224.0,2997645579.92,15.5339,0,0.1,主板,25.04,True,1,19297443526.223293,16.66,0.503001200480192
sz.002326,2025-11-13,28.22,29.95,28.1,29.95,27.23,231156204.0,6749906166.46,28.6028,0,0.1,主板,29.95,True,1,23598760143.97192,17.01,0.760728982951205
sz.002326,2025-11-17,28.8,31.03,28.25,31.03,28.21,177559834.0,5231703734.47,21.9709,0,0.1,主板,31.03,True,1,23811968260.153206,16.48,0.8828883495145632
sz.002326,2025-12-26,25.03,27.06,25.02,27.06,24.6,150089617.0,3948585721.83,18.5718,0,0.1,主板,27.06,True,1,21261190201.434433,25.69,0.05332814324639923
sz.002328,2025-11-11,7.5,7.5,7.5,7.5,6.82,54156651.0,406174882.5,9.488,0,0.1,主板,7.5,True,1,4280932572.72344,6.14,0.22149837133550498
sz.002329,2025-12-09,3.94,4.3,3.81,4.3,3.91,91291979.0,379282145.99,14.0365,0,0.1,主板,4.3,True,1,2702113390.0188794,3.94,0.09137055837563457
sz.002329,2025-12-15,3.75,4.16,3.74,4.16,3.78,64324270.0,262247025.07,9.8901,0,0.1,主板,4.16,True,1,2651611460.6525717,3.92,0.061224489795918435
sz.002329,2025-12-16,4.58,4.58,4.58,4.58,4.16,44131880.0,202124010.4,6.7855,0,0.1,主板,4.58,True,2,2978763693.169258,3.89,0.17737789203084842
sz.002329,2025-12-18,4.05,4.53,3.99,4.53,4.12,141617286.0,613276684.67,21.7742,0,0.1,主板,4.53,True,1,2816529124.698037,3.77,0.20159151193633962
sz.002330,2025-12-23,5.07,5.57,5.05,5.57,5.06,50128463.0,267872552.91,7.892,0,0.1,主板,5.57,True,1,3394229002.914344,5.18,0.07528957528957547
sz.002331,2025-11-20,9.4,10.08,9.35,10.08,9.16,25548700.0,251870500.0,6.4542,0,0.1,主板,10.08,True,1,3902427876.421555,8.56,0.17757009345794383
sz.002333,2025-11-04,5.57,6.15,5.57,6.15,5.59,29130383.0,175505132.37,4.464,0,0.1,主板,6.15,True,1,3931566585.349462,5.35,0.14953271028037407
sz.002338,2025-12-18,57.0,57.2,57.0,57.2,52.0,6908906.0,395054581.2,2.8787,0,0.1,主板,57.2,True,1,13723367533.9563,50.05,0.14285714285714302
sz.002339,2025-12-09,8.32,9.04,8.29,9.04,8.22,45902849.0,409551320.31,9.5872,0,0.1,主板,9.04,True,1,4271855393.7541723,8.88,0.018018018018017834
sz.002342,2025-12-30,7.72,8.58,7.64,8.58,7.8,194765422.0,1612876562.49,20.4009,0,0.1,主板,8.58,True,1,7905908869.167537,7.21,0.19001386962552003
sz.002344,2025-12-04,4.9,5.36,4.8,5.36,4.87,98970082.0,508132572.22,7.7233,0,0.1,主板,5.36,True,1,6579215778.488471,4.73,0.13319238900634245
sz.002346,2025-12-09,16.92,18.7,16.92,18.7,17.0,10824261.0,195635561.7,2.752,0,0.1,主板,18.7,True,1,7108850352.47093,18.64,0.0032188841201716833
sz.002346,2025-12-25,17.9,19.62,17.88,19.62,17.84,10353798.0,195382555.75,2.6324,0,0.1,主板,19.62,True,1,7422221385.427746,16.82,0.16646848989298468
sz.002347,2025-12-04,6.74,7.39,6.7,7.39,6.72,56178500.0,408110739.0,11.3864,0,0.1,主板,7.39,True,1,3584194644.488161,7.19,0.027816411682892728
sz.002347,2025-12-12,7.21,7.95,7.14,7.95,7.23,54216679.0,420450780.41,10.9888,0,0.1,主板,7.95,True,1,3826175564.301835,7.18,0.10724233983286924
sz.002347,2025-12-25,7.8,8.45,7.72,8.45,7.68,64647472.0,534762045.4,13.1029,0,0.1,主板,8.45,True,1,4081249535.5989895,6.67,0.26686656671664166
sz.002347,2025-12-26,9.29,9.3,8.68,9.3,8.45,94761134.0,868241145.16,19.2064,0,0.1,主板,9.3,True,2,4520582436.896035,6.8,0.36764705882352966
sz.002347,2025-12-29,9.71,10.23,9.55,10.23,9.3,161714497.0,1637840573.47,32.7767,0,0.1,主板,10.23,True,3,4996966056.58898,6.89,0.4847605224963716
sz.002347,2025-12-30,9.21,11.25,9.21,11.25,10.23,217471962.0,2278705314.23,44.0777,0,0.1,主板,11.25,True,4,5169746411.972494,6.81,0.6519823788546257
sz.002347,2025-12-31,11.96,12.38,11.93,12.38,11.25,40546367.0,496124316.78,8.218,0,0.1,主板,12.38,True,5,6037044497.201265,6.72,0.8422619047619049
sz.002348,2025-11-24,4.49,4.81,4.49,4.81,4.37,26794100.0,126397823.0,2.9655,0,0.1,主板,4.81,True,1,4262276951.6101837,4.45,0.08089887640449422
sz.002348,2025-12-02,5.29,5.29,5.29,5.29,4.81,6034800.0,31924092.0,0.6679,0,0.1,主板,5.29,True,1,4779771223.237011,4.45,0.18876404494382015
sz.002348,2025-12-03,5.82,5.82,5.82,5.82,5.29,4933580.0,28713435.6,0.546,0,0.1,主板,5.82,True,2,5258870989.010989,4.74,0.2278481012658229
sz.002348,2025-12-04,6.4,6.4,6.4,6.4,5.82,3685900.0,23589760.0,0.4079,0,0.1,主板,6.4,True,3,5783221377.788674,4.69,0.3646055437100213
sz.002353,2025-11-28,56.43,56.43,56.43,56.43,51.3,2445679.0,138009665.97,0.3528,0,0.1,主板,56.43,True,1,39118386045.918365,50.0,0.12860000000000005
sz.002353,2025-12-01,62.07,62.07,59.3,62.07,56.43,57237886.0,3524196797.95,8.2565,0,0.1,主板,62.07,True,2,42683907199.78198,50.64,0.22571090047393372
sz.002353,2025-12-03,64.6,65.91,64.49,65.91,59.92,14506644.0,951022043.92,2.0926,0,0.1,主板,65.91,True,1,45446910251.36194,53.45,0.23311506080449007
sz.002355,2025-12-18,5.86,6.25,5.81,6.25,5.68,75676085.0,467114078.59,12.242,0,0.1,主板,6.25,True,1,3815668016.5822573,5.95,0.050420168067226934
sz.002356,2025-11-17,3.56,3.94,3.56,3.94,3.58,180433813.0,677962179.66,13.7605,0,0.1,主板,3.94,True,1,4926871695.50525,3.48,0.13218390804597702
sz.002356,2025-11-24,3.66,4.02,3.62,4.02,3.65,158472452.0,619153031.66,12.0856,0,0.1,主板,4.02,True,1,5123064073.442775,3.54,0.1355932203389829
sz.002356,2025-12-01,4.31,4.57,4.31,4.57,4.15,141272522.0,640791824.3,10.7739,0,0.1,主板,4.57,True,1,5947631074.169985,3.49,0.3094555873925502
sz.002356,2025-12-25,3.84,4.22,3.81,4.22,3.84,126490220.0,514311086.0,9.6466,0,0.1,主板,4.22,True,1,5331527025.065826,4.04,0.044554455445544594
sz.002361,2025-12-18,6.69,7.43,6.64,7.43,6.75,64010254.0,471821377.93,7.9111,0,0.1,主板,7.43,True,1,5964042648.051472,6.52,0.13957055214723924
sz.002361,2025-12-19,7.7,8.17,7.61,8.17,7.43,250705159.0,1986361029.47,30.9848,0,0.1,主板,8.17,True,2,6410759564.270223,6.27,0.3030303030303032
sz.002361,2025-12-22,8.99,8.99,8.25,8.99,8.17,255090450.0,2224915796.85,31.5268,0,0.1,主板,8.99,True,3,7057220513.499625,6.43,0.39813374805598767
sz.002361,2025-12-23,9.88,9.89,9.51,9.89,8.99,336538780.0,3318831446.8,41.593,0,0.1,主板,9.89,True,4,7979302879.811506,6.44,0.5357142857142858
sz.002361,2025-12-24,9.57,10.88,9.57,10.88,9.89,259862635.0,2647395139.65,32.1166,0,0.1,主板,10.88,True,5,8243074110.11751,6.27,0.7352472089314197
sz.002361,2025-12-25,11.97,11.97,11.7,11.97,10.88,78246843.0,934260609.21,9.6706,0,0.1,主板,11.97,True,6,9660833962.835812,6.27,0.9090909090909094
sz.002361,2025-12-26,13.17,13.17,13.17,13.17,11.97,12684596.0,167056129.32,1.5677,0,0.1,主板,13.17,True,7,10656128680.232187,6.34,1.0772870662460567
sz.002361,2025-12-29,14.47,14.49,14.06,14.49,13.17,185686395.0,2681343785.7,22.9491,0,0.1,主板,14.49,True,8,11683873379.348207,6.41,1.2605304212168487
sz.002361,2025-12-31,12.61,14.34,12.25,14.34,13.04,381397355.0,5096789975.3,47.1371,0,0.1,主板,14.34,True,1,10812693134.070618,6.61,1.1694402420574885
sz.002363,2025-12-24,9.2,9.37,8.67,9.37,8.52,25134902.0,229014888.56,6.0456,0,0.1,主板,9.37,True,1,3788125058.885801,8.85,0.05875706214689269
sz.002363,2025-12-25,10.31,10.31,10.31,10.31,9.37,4371770.0,45072948.7,1.0515,0,0.1,主板,10.31,True,2,4286538155.0166426,8.92,0.15582959641255623
sz.002363,2025-12-26,10.8,11.34,10.53,11.34,10.31,108639143.0,1218617029.49,26.1304,0,0.1,主板,11.34,True,3,4663598833.121574,8.99,0.2614015572858732
sz.002369,2025-11-20,9.06,9.91,8.9,9.91,9.01,97791407.0,946948029.94,17.2711,0,0.1,主板,9.91,True,1,5482847241.576969,8.9,0.11348314606741572
sz.002370,2025-11-03,8.4,8.72,8.29,8.72,7.93,166888556.0,1441743822.74,22.3811,0,0.1,主板,8.72,True,2,6441791613.191487,5.67,0.5379188712522047
sz.002374,2025-11-10,3.14,3.48,3.1,3.48,3.16,102813676.0,342550936.59,9.4741,0,0.1,主板,3.48,True,1,3615656754.625769,2.75,0.2654545454545454
sz.002374,2025-11-11,3.69,3.83,3.58,3.83,3.48,148121972.0,559241098.13,13.6492,0,0.1,主板,3.83,True,2,4097244513.451338,2.79,0.37275985663082434
sz.002374,2025-11-12,3.86,4.21,3.86,4.21,3.83,146892941.0,598728744.3,13.5359,0,0.1,主板,4.21,True,3,4423265126.810925,2.81,0.49822064056939497
sz.002374,2025-12-12,3.42,3.67,3.42,3.67,3.34,129261502.0,464517908.03,11.9112,0,0.1,主板,3.67,True,1,3899841393.226543,3.86,-0.04922279792746109
sz.002374,2025-12-15,3.76,4.04,3.76,4.04,3.67,101220942.0,402396691.72,9.3273,0,0.1,主板,4.04,True,2,4314181936.037225,3.92,0.030612244897959107
sz.002378,2025-12-23,14.78,16.26,14.74,16.26,14.78,89099174.0,1405526556.24,7.4552,0,0.1,主板,16.26,True,1,18852969152.269558,12.24,0.3284313725490198
sz.002382,2025-12-15,5.31,5.72,5.31,5.72,5.2,24971764.0,141051004.37,2.4979,0,0.1,主板,5.72,True,1,5646783472.917251,5.85,-0.022222222222222254
sz.002383,2025-12-24,10.26,11.37,10.2,11.37,10.34,44003770.0,495908437.58,5.9436,0,0.1,主板,11.37,True,1,8343570186.082509,9.41,0.20828905419766186
sz.002383,2025-12-30,11.6,13.27,11.41,13.27,12.06,120401134.0,1482922730.06,16.2625,0,0.1,主板,13.27,True,1,9118663981.921598,9.78,0.35685071574642135
sz.002384,2025-11-06,69.29,75.46,69.29,75.46,68.6,103043420.0,7608584664.28,7.4329,0,0.1,主板,75.46,True,1,102363608608.75298,69.69,0.08279523604534367
sz.002387,2025-11-10,9.32,9.32,9.32,9.32,8.47,7819762.0,72880181.84,0.5606,0,0.1,主板,9.32,True,1,13000389197.28862,8.79,0.060295790671217375
sz.002387,2025-11-11,10.25,10.25,10.25,10.25,9.32,7727861.0,79210575.25,0.554,0,0.1,主板,10.25,True,2,14297937770.758121,8.61,0.19047619047619047
sz.002388,2025-11-17,6.49,6.76,6.46,6.76,6.44,24033548.0,159753967.48,4.7476,1,0.05,ST,6.76,True,1,3364941601.65136,5.39,0.25417439703154
sz.002388,2025-11-25,6.03,6.25,6.0,6.25,5.95,19805181.0,121568349.13,3.9123,1,0.05,ST,6.25,True,1,3107337094.0367556,5.54,0.128158844765343
sz.002390,2025-12-10,3.78,4.15,3.76,4.15,3.77,147345097.0,603434860.74,7.6431,0,0.1,主板,4.15,True,1,7895158518.663894,3.96,0.04797979797979801
sz.002394,2025-12-23,14.8,16.02,14.7,16.02,14.56,39760722.0,630012167.41,12.2989,0,0.1,主板,16.02,True,1,5122508252.0388,12.78,0.2535211267605635
sz.002397,2025-11-26,4.0,4.41,4.0,4.41,4.01,26717218.0,113252960.49,4.1239,0,0.1,主板,4.41,True,1,2746258650.5492373,3.95,0.1164556962025316
sz.002398,2025-11-25,5.69,6.23,5.67,6.23,5.66,80887172.0,493248633.1,14.2078,0,0.1,主板,6.23,True,1,3471674946.8601756,5.48,0.13686131386861322
sz.002398,2025-11-26,6.59,6.85,6.55,6.85,6.23,63839205.0,433787797.89,11.2133,0,0.1,主板,6.85,True,2,3868511480.9199786,5.27,0.2998102466793169
sz.002400,2025-11-24,8.98,9.74,8.73,9.74,8.85,457106819.0,4247511495.23,26.4811,0,0.1,主板,9.74,True,1,16039784960.707825,8.22,0.18491484184914841
sz.002402,2025-12-04,50.13,53.42,49.62,53.42,48.56,117043611.0,6087503926.92,14.5246,0,0.1,主板,53.42,True,1,41911680369.30449,48.5,0.10144329896907212
sz.002404,2025-11-18,7.15,7.63,7.11,7.63,6.94,20929965.0,156792296.03,4.592,0,0.1,主板,7.63,True,1,3414466376.9599304,6.47,0.1792890262751159
sz.002407,2025-11-07,29.98,32.1,29.25,32.1,29.18,228987528.0,7154216695.54,21.1917,0,0.1,主板,32.1,True,1,33759522339.123333,18.93,0.6957210776545169
sz.002407,2025-11-13,33.51,37.7,33.51,37.7,34.27,258239702.0,9413634174.09,23.8989,0,0.1,主板,37.7,True,1,39389403587.9894,20.44,0.8444227005870841
sz.002407,2025-12-23,29.56,32.51,29.5,32.51,29.55,175255881.0,5524474798.34,16.2191,0,0.1,主板,32.51,True,1,34061537313.044495,33.38,-0.026063511084481905
sz.002413,2025-11-24,5.83,6.37,5.79,6.37,5.79,122157725.0,765345331.3,9.447,0,0.1,主板,6.37,True,1,8101464288.1338005,5.63,0.13143872113676736
sz.002413,2025-11-25,7.01,7.01,6.95,7.01,6.37,161020599.0,1128679029.99,12.4525,0,0.1,主板,7.01,True,2,9063874964.786186,5.7,0.2298245614035086
sz.002413,2025-11-26,7.71,7.71,7.44,7.71,7.01,398273953.0,3063367178.33,30.8004,0,0.1,主板,7.71,True,3,9945868165.121231,5.69,0.3550087873462213
sz.002413,2025-11-28,7.0,7.66,6.86,7.66,6.96,276883452.0,2025789572.48,21.4127,0,0.1,主板,7.66,True,1,9460691890.700378,5.51,0.3901996370235936
sz.002413,2025-12-01,8.43,8.43,8.43,8.43,7.66,49602488.0,418148973.84,3.836,0,0.1,主板,8.43,True,2,10900651038.581856,5.59,0.5080500894454383
sz.002413,2025-12-02,8.69,9.27,8.4,9.27,8.43,635809741.0,5642425985.48,49.1702,0,0.1,主板,9.27,True,3,11475295983.095451,5.52,0.6793478260869565
sz.002413,2025-12-09,8.66,9.78,8.65,9.78,8.89,632108728.0,6052708908.57,48.884,0,0.1,主板,9.78,True,1,12381779127.260452,5.68,0.721830985915493
sz.002413,2025-12-15,8.81,9.98,8.31,9.98,9.07,576065210.0,5475497900.58,44.5499,0,0.1,主板,9.98,True,1,12290707500.084175,5.89,0.6943972835314094
sz.002413,2025-12-29,9.47,10.37,9.39,10.37,9.43,446462018.0,4490573051.94,34.527,0,0.1,主板,10.37,True,1,13005975184.46433,8.43,0.2301304863582443
sz.002413,2025-12-30,11.41,11.41,11.23,11.41,10.37,213796959.0,2436971901.06,16.5339,0,0.1,主板,11.41,True,2,14739244225.863228,9.27,0.23085221143473578
sz.002413,2025-12-31,12.01,12.55,11.96,12.55,11.41,173287085.0,2143387378.68,13.4011,0,0.1,主板,12.55,True,3,15994115249.345203,8.76,0.43264840182648423
sz.002414,2025-12-22,13.5,14.47,13.5,14.47,13.15,118041857.0,1691609318.14,3.4732,0,0.1,主板,14.47,True,1,48704633137.74042,12.51,0.15667466027178256
sz.002426,2025-11-10,3.18,3.49,3.18,3.49,3.17,500294959.0,1706865054.71,14.7033,0,0.1,主板,3.49,True,1,11608720863.411613,3.37,0.035608308605341366
sz.002426,2025-11-13,3.61,3.98,3.57,3.98,3.62,485966292.0,1873551286.35,14.2822,0,0.1,主板,3.98,True,1,13118086053.61919,3.22,0.2360248447204969
sz.002427,2025-12-24,6.18,6.79,6.14,6.79,6.17,18721750.0,123646248.0,1.9013,0,0.1,主板,6.79,True,1,6503247672.645033,6.4,0.06093749999999987
sz.002429,2025-12-24,6.72,7.43,6.71,7.43,6.75,183103463.0,1329866479.19,4.0471,0,0.1,主板,7.43,True,1,32859738558.22688,6.38,0.1645768025078369
sz.002431,2025-11-03,2.66,2.76,2.66,2.76,2.51,100075945.0,274596960.3,5.5205,0,0.1,主板,2.76,True,1,4974132058.690336,2.4,0.1499999999999999
sz.002431,2025-11-05,2.84,3.1,2.84,3.1,2.82,120050981.0,361140861.74,6.6223,0,0.1,主板,3.1,True,1,5453405338.628573,2.42,0.28099173553719026
sz.002432,2025-11-10,41.17,44.2,40.9,44.2,40.18,41147101.0,1773460704.57,9.3869,0,0.1,主板,44.2,True,1,18892932752.772476,38.19,0.15737103953914655
sz.002434,2025-11-05,8.81,9.68,8.73,9.68,8.8,54395900.0,509372876.97,4.1481,0,0.1,主板,9.68,True,1,12279667244.521587,9.92,-0.024193548387096753
sz.002438,2025-12-12,14.65,16.12,14.6,16.12,14.65,36831201.0,574979874.6,7.8551,0,0.1,主板,16.12,True,1,7319828832.223651,14.46,0.11479944674965425
sz.002445,2025-12-09,2.55,2.82,2.54,2.82,2.56,228666089.0,629890205.65,9.6631,0,0.1,主板,2.82,True,1,6518510681.354845,2.66,0.0601503759398494
sz.002446,2025-12-25,9.83,10.75,9.81,10.75,9.77,116904253.0,1220896695.17,13.7895,0,0.1,主板,10.75,True,1,8853814098.915842,8.29,0.29674306393244887
sz.002451,2025-11-04,7.08,7.79,7.04,7.79,7.08,37524361.0,289734462.31,8.5448,0,0.1,主板,7.79,True,1,3390769383.835783,6.74,0.15578635014836784
sz.002451,2025-11-05,8.57,8.57,8.57,8.57,7.79,21485742.0,184132808.94,4.8926,0,0.1,主板,8.57,True,2,3763496074.4798265,6.72,0.27529761904761907
sz.002451,2025-11-06,9.43,9.43,9.43,9.43,8.57,6631613.0,62536110.59,1.5101,0,0.1,主板,9.43,True,3,4141190026.4883122,6.73,0.401188707280832
sz.002451,2025-11-07,10.37,10.37,10.23,10.37,9.43,70382384.0,729626194.58,16.027,0,0.1,主板,10.37,True,4,4552481403.756162,6.81,0.5227606461086638
sz.002451,2025-11-10,10.64,11.41,10.56,11.41,10.37,143140868.0,1589891926.17,32.5951,0,0.1,主板,11.41,True,5,4877702250.246202,6.78,0.682890855457227
sz.002451,2025-11-11,12.32,12.55,11.0,12.55,11.41,173049655.0,2111874607.4,39.4057,0,0.1,主板,12.55,True,6,5359312504.0286045,6.76,0.8565088757396451
sz.002451,2025-11-12,12.6,13.81,12.31,13.81,12.55,153155720.0,2038160944.52,34.8756,0,0.1,主板,13.81,True,7,5844088544.7705555,6.91,0.9985528219971056
sz.002451,2025-11-13,14.0,15.19,14.0,15.19,13.81,116846575.0,1730958286.09,26.6075,0,0.1,主板,15.19,True,8,6505527712.449496,6.88,1.2078488372093021
sz.002451,2025-12-12,9.83,10.78,9.83,10.78,9.8,60112423.0,623820333.95,13.6884,0,0.1,主板,10.78,True,1,4557291823.368692,13.67,-0.21141185076810542
sz.002453,2025-11-12,6.86,7.57,6.78,7.57,6.88,101019046.0,727130532.5,16.4858,0,0.1,主板,7.57,True,1,4410647542.127164,6.95,0.08920863309352511
sz.002455,2025-11-20,7.9,8.62,7.9,8.62,7.84,43614508.0,372102042.65,8.3999,0,0.1,主板,8.62,True,1,4429838958.201883,6.87,0.25473071324599705
sz.002463,2025-11-25,62.54,66.95,62.44,66.95,60.86,62240797.0,4092232198.76,3.237,0,0.1,主板,66.95,True,1,126420518960.76614,80.0,-0.16312499999999996
sz.002471,2025-12-11,4.4,4.83,4.39,4.83,4.39,129228626.0,618644137.92,9.6592,0,0.1,主板,4.83,True,1,6404714033.460327,4.53,0.0662251655629138
sz.002471,2025-12-12,5.07,5.31,5.0,5.31,4.83,192864287.0,1006361365.44,14.4157,0,0.1,主板,5.31,True,2,6981009353.968244,4.49,0.18262806236080165
sz.002471,2025-12-15,5.84,5.84,5.84,5.84,5.31,34426267.0,201049399.28,2.5732,0,0.1,主板,5.84,True,3,7813205319.446604,4.55,0.2835164835164836
sz.002471,2025-12-24,4.9,5.49,4.84,5.49,4.99,215211533.0,1131697399.4,16.115,0,0.1,主板,5.49,True,1,7022633567.483713,4.13,0.32929782082324466
sz.002471,2025-12-26,5.86,6.26,5.72,6.26,5.69,427665983.0,2607033557.9,31.8542,0,0.1,主板,6.26,True,1,8184269446.101299,4.17,0.5011990407673861
sz.002471,2025-12-29,6.89,6.89,6.89,6.89,6.26,33540030.0,231090806.7,2.4982,0,0.1,主板,6.89,True,2,9250292478.58458,4.25,0.6211764705882352
sz.002474,2025-11-17,7.9,8.5,7.77,8.5,7.73,84075353.0,692184553.52,15.8404,0,0.1,主板,8.5,True,1,4369741632.282013,7.52,0.13031914893617036
sz.002474,2025-11-18,8.71,9.35,8.71,9.35,8.5,118633371.0,1087999500.83,22.3514,0,0.1,主板,9.35,True,2,4867701803.153269,7.62,0.22703412073490803
sz.002474,2025-11-20,11.1,11.32,10.81,11.32,10.29,56094442.0,625712401.19,10.5686,0,0.1,主板,11.32,True,1,5920485222.167554,7.88,0.4365482233502538
sz.002474,2025-11-21,10.99,12.45,10.47,12.45,11.32,208876086.0,2537759929.2,39.3537,0,0.1,主板,12.45,True,2,6448592963.812804,7.94,0.5680100755667505
sz.002474,2025-11-25,11.51,13.71,11.51,13.71,12.46,253733512.0,3297386048.26,47.8052,0,0.1,主板,13.71,True,1,6897546811.351067,8.56,0.6016355140186915
sz.002474,2025-12-02,12.0,12.3,12.0,12.3,11.18,50398727.0,616265583.8,9.4955,0,0.1,主板,12.3,True,1,6490080393.870781,8.45,0.45562130177514804
sz.002474,2025-12-08,10.6,11.54,10.56,11.54,10.49,147289031.0,1635316499.95,27.7503,0,0.1,主板,11.54,True,1,5892968724.482259,7.85,0.4700636942675158
sz.002478,2025-11-05,6.8,7.47,6.8,7.47,6.79,93917130.0,693108026.9,12.9949,0,0.1,主板,7.47,True,1,5333692655.580266,5.71,0.3082311733800349
sz.002478,2025-11-06,8.15,8.22,8.14,8.22,7.47,41584706.0,341211142.32,5.7539,0,0.1,主板,8.22,True,2,5930084678.565843,5.81,0.4148020654044753
sz.002478,2025-12-12,7.88,8.33,7.74,8.33,7.57,108597760.0,884951367.2,15.0262,0,0.1,主板,8.33,True,1,5889388981.911595,7.92,0.051767676767676685
sz.002485,2025-11-03,4.27,4.27,4.2,4.27,4.07,2805500.0,11976277.0,0.5157,1,0.05,ST,4.27,True,2,2322334108.978088,3.62,0.1795580110497237
sz.002485,2025-11-04,4.48,4.48,4.28,4.48,4.27,8974182.0,39891577.86,1.6497,1,0.05,ST,4.48,True,3,2418111042.007638,3.61,0.24099722991689765
sz.002485,2025-11-05,4.6,4.7,4.4,4.7,4.48,3667282.0,16929199.6,0.6741,1,0.05,ST,4.7,True,4,2511378074.469663,3.63,0.29476584022038566
sz.002485,2025-11-06,4.94,4.94,4.75,4.94,4.7,8965100.0,44110170.0,1.648,1,0.05,ST,4.94,True,5,2676587985.4368935,3.55,0.39154929577464803
sz.002485,2025-11-07,5.19,5.19,5.18,5.19,4.94,4058802.0,21064805.38,0.7461,1,0.05,ST,5.19,True,6,2823321991.690122,3.53,0.47025495750708224
sz.002485,2025-11-14,4.6,4.73,4.59,4.73,4.5,14544617.0,68192703.02,2.6736,1,0.05,ST,4.73,True,1,2550594816.726511,3.49,0.3553008595988538
sz.002485,2025-11-18,4.64,4.86,4.63,4.86,4.63,8797999.0,41673335.04,1.6173,1,0.05,ST,4.86,True,1,2576722626.599889,3.84,0.2656250000000002
sz.002485,2025-11-19,5.1,5.1,5.01,5.1,4.86,5418104.0,27610458.4,0.996,1,0.05,ST,5.1,True,2,2772134377.51004,3.9,0.3076923076923077
sz.002485,2025-11-25,4.58,4.64,4.58,4.64,4.42,1949900.0,9014614.0,0.3584,1,0.05,ST,4.64,True,1,2515238281.25,3.71,0.25067385444743917
sz.002485,2025-12-29,3.86,4.1,3.83,4.1,3.9,6485360.0,25923024.8,1.1922,1,0.05,ST,4.1,True,1,2174385572.890455,4.6,-0.10869565217391308
sz.002486,2025-11-26,3.02,3.31,3.02,3.31,3.01,42974352.0,138525563.72,5.2378,0,0.1,主板,3.31,True,1,2644728010.233304,2.86,0.1573426573426575
sz.002487,2025-12-03,50.5,55.22,50.2,55.22,50.2,34416273.0,1853556586.65,5.4549,0,0.1,主板,55.22,True,1,33979662077.21498,48.2,0.14564315352697088
sz.002490,2025-11-12,7.47,8.03,7.45,8.03,7.3,78511901.0,613502013.8,14.493,0,0.1,主板,8.03,True,1,4233091932.657144,6.41,0.2527301092043681
sz.002491,2025-12-17,5.64,6.22,5.61,6.22,5.65,90772440.0,557257300.47,7.7157,0,0.1,主板,6.22,True,1,7222381643.53202,5.2,0.19615384615384612
sz.002491,2025-12-19,6.35,7.16,6.26,7.16,6.51,276501906.0,1867213644.21,23.5027,0,0.1,主板,7.16,True,1,7944677182.664119,5.35,0.33831775700934585
sz.002492,2025-11-03,8.61,9.35,8.61,9.35,8.5,20155450.0,185438063.5,5.0663,0,0.1,主板,9.35,True,1,3660226664.429662,7.42,0.2601078167115902
sz.002492,2025-12-08,7.7,8.43,7.62,8.43,7.66,29415646.0,240093914.78,7.3939,0,0.1,主板,8.43,True,1,3247189098.851756,9.49,-0.11169652265542684
sz.002495,2025-11-27,2.78,3.06,2.76,3.06,2.78,34492158.0,103445416.52,4.922,0,0.1,主板,3.06,True,1,2101694768.7931736,2.63,0.16349809885931577
sz.002496,2025-11-04,1.68,1.73,1.67,1.73,1.65,60955526.0,104865836.18,5.4794,1,0.05,ST,1.73,True,1,1913819691.5720701,1.57,0.10191082802547768
sz.002496,2025-12-31,1.74,1.84,1.71,1.84,1.75,24392411.0,43655379.48,2.1927,1,0.05,ST,1.84,True,1,1990941737.5838008,1.73,0.06358381502890187
sz.002497,2025-11-13,20.4,22.08,20.22,22.08,20.07,96779596.0,2103110209.85,9.1426,0,0.1,主板,22.08,True,1,23003414891.27819,16.12,0.3697270471464018
sz.002497,2025-11-17,23.46,24.98,23.46,24.98,22.71,100962634.0,2464689370.67,9.5378,0,0.1,主板,24.98,True,1,25841277555.30625,16.38,0.5250305250305252
sz.002501,2025-12-19,2.18,2.39,2.17,2.39,2.17,185151267.0,432410699.61,5.2207,0,0.1,主板,2.39,True,1,8282619181.527382,2.22,0.07657657657657646
sz.002506,2025-11-11,2.74,2.96,2.72,2.96,2.69,427841955.0,1250563435.29,7.3205,0,0.1,主板,2.96,True,1,17083033061.812717,2.55,0.1607843137254903
sz.002506,2025-12-08,2.5,2.76,2.48,2.76,2.51,280291105.0,744307373.95,4.7959,0,0.1,主板,2.76,True,1,15519660000.208515,2.69,0.026022304832713727
sz.002506,2025-12-26,2.71,2.93,2.71,2.93,2.66,447574371.0,1284197312.62,7.6581,0,0.1,主板,2.93,True,1,16769137418.158548,2.58,0.1356589147286822
sz.002510,2025-11-26,6.39,7.04,6.37,7.04,6.4,126386892.0,880402160.9,12.5777,0,0.1,主板,7.04,True,1,6999707107.817804,6.72,0.04761904761904767
sz.002512,2025-11-04,4.59,5.15,4.54,5.15,4.68,197029475.0,970196197.93,18.0026,0,0.1,主板,5.15,True,1,5389200437.325719,3.72,0.38440860215053774
sz.002512,2025-11-17,5.29,5.9,5.29,5.9,5.36,263168688.0,1518854337.37,24.0457,0,0.1,主板,5.9,True,1,6316532009.340547,3.59,0.6434540389972145
sz.002512,2025-11-25,5.05,5.49,5.03,5.49,4.99,131918195.0,700452589.63,12.0534,0,0.1,主板,5.49,True,1,5811244873.894503,5.4,0.016666666666666607
sz.002512,2025-11-26,5.9,6.04,5.79,6.04,5.49,80911735.0,482208859.9,7.3929,0,0.1,主板,6.04,True,2,6522594109.2128935,5.19,0.16377649325626198
sz.002512,2025-12-08,6.79,7.13,6.79,7.13,6.48,125596519.0,885505767.49,11.4757,0,0.1,主板,7.13,True,1,7716355146.004166,5.43,0.3130755064456723
sz.002512,2025-12-09,7.84,7.84,7.49,7.84,7.13,192980376.0,1502554640.77,17.6326,0,0.1,主板,7.84,True,2,8521458212.458742,5.69,0.3778558875219682
sz.002513,2025-11-19,8.56,9.65,8.52,9.65,8.77,58191664.0,554895876.6,21.9429,0,0.1,主板,9.65,True,1,2528817415.200361,9.75,-0.01025641025641022
sz.002515,2025-12-03,6.19,6.81,6.11,6.81,6.19,111984564.0,751464529.17,9.2503,0,0.1,主板,6.81,True,1,8123677385.273992,6.36,0.070754716981132
sz.002518,2025-11-06,45.63,48.73,45.51,48.73,44.3,23832060.0,1142672204.95,4.217,0,0.1,主板,48.73,True,1,27096803532.13185,42.5,0.14658823529411746
sz.002518,2025-11-07,49.95,53.6,49.8,53.6,48.73,29223044.0,1512507748.24,5.1709,0,0.1,主板,53.6,True,2,29250377076.33101,41.95,0.2777115613825982
sz.002518,2025-12-22,45.95,49.87,45.55,49.87,45.34,21540963.0,1043712082.46,3.8116,0,0.1,主板,49.87,True,1,27382518691.88792,42.97,0.16057714684663726
sz.002519,2025-11-28,4.68,5.14,4.66,5.14,4.67,141072611.0,719526595.48,12.6094,0,0.1,主板,5.14,True,1,5706271475.883071,4.63,0.11015118790496747
sz.002519,2025-12-01,5.65,5.65,5.5,5.65,5.14,117562890.0,663464586.41,10.5081,0,0.1,主板,5.65,True,2,6313839670.444704,4.69,0.20469083155650325
sz.002519,2025-12-03,5.74,6.52,5.74,6.52,5.93,317872547.0,1972313131.21,28.4123,0,0.1,主板,6.52,True,1,6941758080.866386,4.72,0.3813559322033897
sz.002519,2025-12-11,6.27,6.88,6.11,6.88,6.25,375706042.0,2511611836.34,33.5816,0,0.1,主板,6.88,True,1,7479130941.765729,4.81,0.43035343035343043
sz.002520,2025-12-04,6.01,6.4,6.01,6.4,5.82,53519392.0,338657500.53,7.4598,0,0.1,主板,6.4,True,1,4539766488.77986,6.08,0.05263157894736836
sz.002522,2025-11-07,5.46,6.08,5.39,6.08,5.53,58915291.0,350509250.41,6.5098,0,0.1,主板,6.08,True,1,5384332090.233188,4.77,0.2746331236897277
sz.002522,2025-12-18,4.89,5.37,4.89,5.37,4.88,46498436.0,243226500.68,5.1378,0,0.1,主板,5.37,True,1,4734059338.238155,5.28,0.017045454545454586
sz.002523,2025-12-22,3.97,4.35,3.97,4.35,3.95,53396921.0,228382589.07,3.7829,0,0.1,主板,4.35,True,1,6037235694.044251,4.0,0.08749999999999991
sz.002527,2025-12-30,15.89,17.15,15.89,17.15,15.59,35707898.0,599731079.79,6.7465,0,0.1,主板,17.15,True,1,8889514263.54406,15.63,0.09724888035828516
sz.002529,2025-12-22,6.9,7.06,6.88,7.06,6.72,2305350.0,16113615.0,0.8867,1,0.05,ST,7.06,True,1,1817256682.079621,7.24,-0.024861878453038777
sz.002536,2025-12-17,27.58,27.59,27.58,27.59,25.08,21184850.0,584460147.5,3.8913,0,0.1,主板,27.59,True,1,15019663030.349752,22.56,0.22296099290780158
sz.002540,2025-12-01,6.61,7.22,6.6,7.22,6.56,28777650.0,203376073.58,3.3037,0,0.1,主板,7.22,True,1,6156009128.5528345,6.69,0.07922272047832579
sz.002544,2025-11-28,26.78,28.05,26.42,28.05,25.5,27428105.0,753375638.81,4.0308,0,0.1,主板,28.05,True,1,18690474318.001385,25.13,0.11619578193394364
sz.002544,2025-12-11,31.62,33.12,31.08,33.12,30.11,78915183.0,2567142422.98,11.5972,0,0.1,主板,33.12,True,1,22135881272.893456,27.39,0.20920043811610056
sz.002548,2025-11-27,4.99,5.43,4.96,5.43,4.94,40102388.0,211307425.94,4.9849,0,0.1,主板,5.43,True,1,4238950148.2477083,4.97,0.09255533199195165
sz.002548,2025-12-31,5.61,6.08,5.45,6.08,5.53,81686381.0,478942421.89,10.154,0,0.1,主板,6.08,True,1,4716785718.830018,5.78,0.05190311418685112
sz.002554,2025-11-03,3.37,3.69,3.36,3.69,3.35,88559362.0,313949203.61,6.6413,0,0.1,主板,3.69,True,1,4727225145.829883,3.02,0.2218543046357615
sz.002555,2025-11-03,22.85,22.85,22.45,22.85,20.77,57202336.0,1306532849.89,3.5775,0,0.1,主板,22.85,True,1,36520834378.47659,22.0,0.0386363636363638
sz.002558,2025-11-25,37.6,40.61,37.6,40.61,36.92,72922495.0,2881278428.84,3.7691,0,0.1,主板,40.61,True,1,76444732929.34654,37.45,0.08437917222963942
sz.002560,2025-12-25,9.63,10.67,9.63,10.67,9.7,38734949.0,400739871.78,8.552,0,0.1,主板,10.67,True,1,4685919922.591207,8.15,0.30920245398773005
sz.002562,2025-11-06,7.34,7.81,7.34,7.81,7.1,152810438.0,1169556326.88,21.7825,0,0.1,主板,7.81,True,1,5369247454.975325,7.43,0.05114401076716013
sz.002563,2025-12-01,6.39,6.68,6.32,6.68,6.07,66634387.0,438466067.16,3.0173,0,0.1,主板,6.68,True,1,14531735895.005468,5.52,0.21014492753623193
sz.002565,2025-11-28,8.03,8.03,8.03,8.03,7.3,37110615.0,297998238.45,3.5012,0,0.1,主板,8.03,True,1,8511317218.382269,6.8,0.1808823529411765
sz.002565,2025-12-01,8.83,8.83,8.83,8.83,8.03,10606750.0,93657602.5,1.0007,0,0.1,主板,8.83,True,2,9359208803.837315,7.01,0.2596291012838803
sz.002565,2025-12-02,8.97,9.71,8.8,9.71,8.83,244363968.0,2277881243.85,23.0544,0,0.1,主板,9.71,True,3,9880462054.315012,7.15,0.35804195804195804
sz.002565,2025-12-03,9.72,10.68,9.34,10.68,9.71,249848730.0,2552141631.76,23.5719,0,0.1,主板,10.68,True,4,10827050987.659035,7.55,0.4145695364238411
sz.002565,2025-12-05,11.0,11.9,10.99,11.9,10.82,140551404.0,1611152250.57,13.2603,0,0.1,主板,11.9,True,1,12150194570.03235,7.72,0.5414507772020727
sz.002565,2025-12-08,13.09,13.09,12.88,13.09,11.9,116416895.0,1522210633.75,10.9833,0,0.1,主板,13.09,True,2,13859319455.445995,7.56,0.7314814814814816
sz.002565,2025-12-12,15.0,15.95,14.8,15.95,14.5,207332044.0,3251136194.47,19.5607,0,0.1,主板,15.95,True,1,16620755875.147617,7.58,1.104221635883905
sz.002565,2025-12-18,15.9,16.69,15.65,16.69,15.17,155809561.0,2544617320.86,14.6998,0,0.1,主板,16.69,True,1,17310557428.400387,7.07,1.3606789250353608
sz.002565,2025-12-31,17.45,18.33,17.25,18.33,16.66,211366123.0,3831672888.41,19.9413,0,0.1,主板,18.33,True,1,19214759761.95133,10.68,0.7162921348314606
sz.002566,2025-12-03,8.26,9.05,8.17,9.05,8.23,12994027.0,116475511.35,5.6059,0,0.1,主板,9.05,True,1,2077730807.7204373,8.31,0.08904933814681115
sz.002569,2025-11-12,10.32,10.85,10.28,10.85,10.33,3223800.0,34326516.0,2.3034,1,0.05,ST,10.85,True,1,1490254232.8731441,9.25,0.17297297297297298
sz.002569,2025-11-14,11.5,11.91,11.5,11.91,11.34,2803900.0,33083563.0,2.0034,1,0.05,ST,11.91,True,1,1651370819.6066687,9.08,0.3116740088105727
sz.002569,2025-12-22,9.8,10.29,9.8,10.29,9.8,2239000.0,22757999.0,1.5998,1,0.05,ST,10.29,True,1,1422552756.5945742,10.58,-0.027410207939508546
sz.002569,2025-12-23,10.47,10.8,10.47,10.8,10.29,1434150.0,15391970.0,1.0247,1,0.05,ST,10.8,True,2,1502095247.3894799,10.88,-0.007352941176470562
sz.002569,2025-12-25,11.28,11.82,11.28,11.82,11.26,1795050.0,21039789.0,1.2826,1,0.05,ST,11.82,True,1,1640401450.1793234,11.19,0.05630026809651478
sz.002569,2025-12-31,11.91,12.45,11.8,12.45,11.86,3491700.0,42948169.0,2.4948,1,0.05,ST,12.45,True,1,1721507495.5908287,10.79,0.15384615384615397
sz.002571,2025-12-23,10.08,11.02,10.02,11.02,10.02,28041900.0,296613992.4,9.4004,0,0.1,主板,11.02,True,1,3155333734.734692,8.37,0.31660692951015545
sz.002571,2025-12-26,9.69,10.56,9.6,10.56,9.6,29331716.0,298378995.37,9.8328,0,0.1,主板,10.56,True,1,3034527249.308437,8.79,0.2013651877133107
sz.002571,2025-12-29,10.92,11.62,10.92,11.62,10.56,39793059.0,449809313.26,13.3397,0,0.1,主板,11.62,True,2,3371959738.6747823,8.78,0.3234624145785876
sz.002574,2025-11-24,5.93,6.47,5.7,6.47,5.88,36879635.0,233281720.89,6.9848,0,0.1,主板,6.47,True,1,3339848254.6386437,5.74,0.127177700348432
sz.002575,2025-11-25,5.97,6.59,5.96,6.59,5.99,36713104.0,236161495.47,6.2108,0,0.1,主板,6.59,True,1,3802432785.9535003,6.28,0.0493630573248407
sz.002575,2025-12-04,6.82,7.51,6.67,7.51,6.83,112004620.0,802738296.44,19.1299,0,0.1,主板,7.51,True,1,4196249308.3602114,6.3,0.19206349206349205
sz.002578,2025-11-04,3.69,4.09,3.67,4.09,3.72,92869000.0,372337275.0,10.7841,0,0.1,主板,4.09,True,1,3452650429.799427,3.29,0.24316109422492405
sz.002578,2025-11-06,3.88,4.28,3.76,4.28,3.89,170827334.0,684024781.62,19.8368,0,0.1,主板,4.28,True,1,3448261723.7659297,3.4,0.2588235294117649
sz.002578,2025-11-12,4.03,4.43,3.98,4.43,4.03,200193967.0,872920750.81,23.2469,0,0.1,主板,4.43,True,1,3754998519.415492,3.54,0.2514124293785309
sz.002578,2025-11-13,4.6,4.87,4.43,4.87,4.43,207816453.0,969445729.74,24.1321,0,0.1,主板,4.87,True,2,4017245617.828535,3.54,0.37570621468926557
sz.002578,2025-12-01,4.15,4.44,4.12,4.44,4.04,73765200.0,317940102.0,8.5658,0,0.1,主板,4.44,True,1,3711738564.9910107,3.72,0.19354838709677424
sz.002578,2025-12-05,4.5,4.96,4.47,4.96,4.51,132675436.0,640936778.46,15.4065,0,0.1,主板,4.96,True,1,4160171216.434622,4.11,0.20681265206812638
sz.002578,2025-12-08,4.95,5.46,4.84,5.46,4.96,255141436.0,1278891858.98,29.6276,0,0.1,主板,5.46,True,2,4316555708.123507,4.19,0.3031026252983293
sz.002581,2025-11-03,7.82,8.2,7.81,8.2,7.81,8239500.0,66529980.0,2.0558,1,0.05,ST,8.2,True,1,3236208775.1726823,8.09,0.013597033374536327
sz.002581,2025-12-17,7.14,7.49,7.14,7.49,7.13,5837700.0,43464072.0,1.4565,1,0.05,ST,7.49,True,1,2984145005.149331,8.09,-0.07416563658838071
sz.002581,2025-12-18,7.86,7.86,7.71,7.86,7.49,4841002.0,37956174.72,1.2079,1,0.05,ST,7.86,True,2,3142327570.1630926,8.08,-0.027227722772277252
sz.002583,2025-12-25,10.79,11.89,10.78,11.89,10.81,133738209.0,1548421316.34,10.4261,0,0.1,主板,11.89,True,1,14851395213.35878,11.72,0.014505119453924964
sz.002584,2025-12-12,8.5,9.35,8.42,9.35,8.5,60914567.0,558839913.95,13.0041,0,0.1,主板,9.35,True,1,4297413230.827201,8.61,0.08594657375145176
sz.002585,2025-12-04,5.76,6.3,5.68,6.3,5.73,110299536.0,677141796.3,12.4413,0,0.1,主板,6.3,True,1,5442693257.939282,5.49,0.14754098360655732
sz.002585,2025-12-05,6.6,6.93,6.6,6.93,6.3,113380373.0,779932783.62,12.7888,0,0.1,主板,6.93,True,2,6098561113.005129,5.66,0.22438162544169593
sz.002585,2025-12-08,7.62,7.62,7.62,7.62,6.93,20727314.0,157942132.68,2.3379,0,0.1,主板,7.62,True,3,6755726621.326833,5.7,0.33684210526315783
sz.002586,2025-11-13,4.23,4.37,4.2,4.37,4.16,13882806.0,60316865.22,1.2766,1,0.05,ST,4.37,True,1,4724805359.548802,3.95,0.10632911392405053
sz.002589,2025-11-26,2.91,3.19,2.9,3.19,2.9,157485554.0,496448633.3,11.5324,0,0.1,主板,3.19,True,1,4304816285.421942,2.9,0.10000000000000009
sz.002589,2025-12-03,3.21,3.52,3.18,3.52,3.2,105272958.0,362348607.58,7.709,0,0.1,主板,3.52,True,1,4700332177.714359,2.95,0.1932203389830507
sz.002589,2025-12-04,3.78,3.87,3.6,3.87,3.52,335684120.0,1281531264.43,24.5816,0,0.1,主板,3.87,True,2,5213376120.472223,2.97,0.303030303030303
sz.002589,2025-12-05,3.99,4.26,3.98,4.26,3.87,90752383.0,377693227.73,6.6456,0,0.1,主板,4.26,True,3,5683357826.682317,2.96,0.43918918918918903
sz.002589,2025-12-08,4.69,4.69,4.05,4.69,4.26,551018403.0,2515933619.17,40.3502,0,0.1,主板,4.69,True,4,6235244482.48088,2.99,0.5685618729096991
sz.002591,2025-11-05,6.59,7.46,6.59,7.46,6.78,58636950.0,426247264.0,26.2343,0,0.1,主板,7.46,True,1,1624770868.6719294,5.84,0.2773972602739727
sz.002591,2025-11-06,8.21,8.21,8.21,8.21,7.46,9174200.0,75320182.0,4.1046,0,0.1,主板,8.21,True,2,1835018808.1664476,6.22,0.3199356913183282
sz.002591,2025-12-26,6.77,7.45,6.72,7.45,6.77,12445200.0,91031390.0,5.568,0,0.1,主板,7.45,True,1,1634902837.6436782,7.29,0.021947873799725626
sz.002591,2025-12-29,7.77,8.2,7.69,8.2,7.45,16866100.0,136270051.0,7.5459,0,0.1,主板,8.2,True,2,1805882015.399091,7.19,0.14047287899860894
sz.002591,2025-12-30,9.02,9.02,9.02,9.02,8.2,8440555.0,76133806.1,3.7763,0,0.1,主板,9.02,True,3,2016095281.0952518,7.22,0.2493074792243768
sz.002592,2025-11-04,7.86,8.19,7.86,8.19,7.8,5450200.0,43911069.0,2.0746,1,0.05,ST,8.19,True,1,2116604116.4561841,6.77,0.20974889217134418
sz.002592,2025-12-24,7.32,7.32,7.32,7.32,6.97,945800.0,6923256.0,0.36,1,0.05,ST,7.32,True,1,1923126666.6666667,7.12,0.028089887640449396
sz.002592,2025-12-25,7.69,7.69,7.52,7.69,7.32,12523250.0,96123875.0,4.7668,1,0.05,ST,7.69,True,2,2016528383.8214316,7.1,0.08309859154929589
sz.002592,2025-12-29,7.88,8.18,7.88,8.18,7.79,7695800.0,61991009.0,2.9293,1,0.05,ST,8.18,True,1,2116239681.8352506,7.21,0.13453536754507622
sz.002592,2025-12-30,8.42,8.59,8.34,8.59,8.18,17626255.0,149867801.9,6.7092,1,0.05,ST,8.59,True,2,2233765603.9468193,7.12,0.2064606741573034
sz.002593,2025-11-14,6.04,6.63,6.04,6.63,6.03,130939180.0,848379604.8,23.4301,0,0.1,主板,6.63,True,1,3620896218.1125984,5.04,0.31547619047619047
sz.002593,2025-11-17,7.2,7.29,7.05,7.29,6.63,48109717.0,347842332.78,8.6087,0,0.1,主板,7.29,True,2,4040590713.81277,5.11,0.4266144814090018
sz.002596,2025-11-25,4.86,5.38,4.65,5.38,4.89,158607284.0,786047260.33,13.8337,0,0.1,主板,5.38,True,1,5682118741.406855,3.93,0.36895674300254444
sz.002596,2025-11-26,5.7,5.92,5.7,5.92,5.38,112120041.0,657384260.66,9.7791,0,0.1,主板,5.92,True,2,6722339076.806659,4.06,0.4581280788177342
sz.002596,2025-11-28,5.86,6.34,5.58,6.34,5.76,227410187.0,1387038066.65,19.8347,0,0.1,主板,6.34,True,1,6992987373.895245,4.3,0.4744186046511629
sz.002596,2025-12-10,6.03,6.52,5.98,6.52,5.93,165871949.0,1056346268.49,14.4674,0,0.1,主板,6.52,True,1,7301562606.204293,4.54,0.436123348017621
sz.002596,2025-12-19,4.8,5.35,4.66,5.35,4.86,217711264.0,1091773621.76,18.9888,0,0.1,主板,5.35,True,1,5749566174.587125,5.19,0.030828516377649162
sz.002596,2025-12-23,6.48,6.48,6.25,6.48,5.89,184877747.0,1192745150.6,16.125,0,0.1,主板,6.48,True,1,7396869151.0077505,5.38,0.20446096654275103
sz.002602,2025-11-03,17.83,18.45,17.61,18.45,17.57,135681432.0,2459368208.42,1.9795,1,0.05,ST,18.45,True,1,124241889791.36145,21.58,-0.14504170528266913
sz.002607,2025-12-10,2.4,2.65,2.39,2.65,2.41,285831387.0,725086776.09,5.6222,0,0.1,主板,2.65,True,1,12896851340.934155,2.69,-0.014869888475836479
sz.002607,2025-12-16,2.61,2.77,2.61,2.77,2.52,353291195.0,967464424.95,6.9491,0,0.1,主板,2.77,True,1,13922154307.032568,2.73,0.0146520146520146
sz.002611,2025-11-03,19.86,20.9,19.55,20.9,19.0,311847452.0,6358037792.43,31.1164,0,0.1,主板,20.9,True,1,20433076424.104332,18.02,0.15982241953385112
sz.002611,2025-12-01,20.24,20.24,20.23,20.24,18.4,50166535.0,1015370650.4,5.0057,0,0.1,主板,20.24,True,1,20284288918.63276,20.9,-0.03157894736842104
sz.002612,2025-11-19,21.5,23.64,21.26,23.64,21.49,33449796.0,757442998.73,13.131,0,0.1,主板,23.64,True,1,5768357312.695148,17.38,0.3601841196777906
sz.002614,2025-12-18,6.97,7.7,6.97,7.7,7.0,35236635.0,261350843.7,7.99,0,0.1,主板,7.7,True,1,3270974264.0800996,7.29,0.056241426611796985
sz.002620,2025-11-11,5.72,5.91,5.72,5.91,5.63,13621825.0,80022343.75,4.3194,1,0.05,ST,5.91,True,1,1852626377.506135,5.77,0.024263431542461023
sz.002620,2025-11-13,6.07,6.26,6.05,6.26,5.96,6340400.0,39224205.0,2.0105,1,0.05,ST,6.26,True,1,1950967669.7338972,6.05,0.034710743801652955
sz.002620,2025-11-14,6.48,6.57,6.43,6.57,6.26,5324050.0,34773510.5,1.6882,1,0.05,ST,6.57,True,2,2059798039.331833,6.06,0.08415841584158423
sz.002620,2025-11-17,6.9,6.9,6.9,6.9,6.57,1153750.0,7960875.0,0.3659,1,0.05,ST,6.9,True,3,2175696911.724515,6.2,0.11290322580645173
sz.002620,2025-11-18,7.25,7.25,7.25,7.25,6.9,584550.0,4237987.5,0.1854,1,0.05,ST,7.25,True,4,2285861650.4854364,6.07,0.19439868204283361
sz.002620,2025-12-04,5.68,5.95,5.49,5.95,5.67,9527750.0,54188339.0,3.0212,1,0.05,ST,5.95,True,1,1793603170.92546,5.62,0.0587188612099645
sz.002625,2025-12-01,48.29,49.68,47.29,49.68,45.16,80689770.0,3971863336.78,3.745,0,0.1,主板,49.68,True,1,106057766002.13618,46.59,0.06632324533161604
sz.002630,2025-11-26,2.73,2.87,2.72,2.87,2.73,60466072.0,171924937.12,5.8689,1,0.05,ST,2.87,True,1,2929423522.6362696,2.94,-0.023809523809523725
sz.002631,2025-12-03,5.19,5.71,5.16,5.71,5.19,40134065.0,225880348.78,5.0574,0,0.1,主板,5.71,True,1,4466333467.394313,5.5,0.038181818181818095
sz.002631,2025-12-23,5.31,5.84,5.29,5.84,5.31,32936347.0,184618753.71,4.1504,0,0.1,主板,5.84,True,1,4448215924.007324,5.17,0.12959381044487417
sz.002632,2025-11-27,11.1,11.31,11.0,11.31,10.28,28342538.0,320254793.78,4.8708,0,0.1,主板,11.31,True,1,6574993713.1477375,10.67,0.059981255857544546
sz.002632,2025-11-28,12.44,12.44,12.44,12.44,11.31,10779064.0,134091556.16,1.8524,0,0.1,主板,12.44,True,2,7238801347.441157,10.71,0.16153127917833787
sz.002632,2025-12-01,12.44,13.68,12.1,13.68,12.44,85043659.0,1117100520.71,14.6152,0,0.1,主板,13.68,True,3,7643415900.637692,10.58,0.29300567107750464
sz.002632,2025-12-02,15.05,15.05,15.05,15.05,13.68,7010473.0,105507618.65,1.2048,0,0.1,主板,15.05,True,4,8757272464.30943,10.45,0.4401913875598087
sz.002632,2025-12-03,15.9,16.56,15.2,16.56,15.05,192705024.0,3126497624.58,33.1173,0,0.1,主板,16.56,True,5,9440677907.256933,10.65,0.5549295774647887
sz.002633,2025-12-10,16.6,18.45,16.6,18.45,16.77,5813600.0,105250872.0,3.8908,0,0.1,主板,18.45,True,1,2705121620.2323427,17.57,0.050085372794536065
sz.002634,2025-11-03,5.24,5.59,5.19,5.59,5.08,32669420.0,177108152.8,7.3165,0,0.1,主板,5.59,True,1,2420667707.237067,4.91,0.13849287169042768
sz.002634,2025-12-31,5.14,5.65,5.14,5.65,5.14,23953170.0,130218579.5,5.3645,0,0.1,主板,5.65,True,1,2427413169.913319,6.37,-0.11302982731554156
sz.002636,2025-11-05,14.15,15.85,14.02,15.85,14.41,66322802.0,999839300.3,9.1566,0,0.1,主板,15.85,True,1,10919329230.281982,12.25,0.29387755102040813
sz.002636,2025-11-10,16.4,18.0,16.36,18.0,16.36,27095756.0,475653177.37,3.7409,0,0.1,主板,18.0,True,1,12714939650.084206,12.27,0.4669926650366749
sz.002636,2025-11-27,15.77,16.3,15.12,16.3,14.82,34042824.0,539805818.3,4.7,0,0.1,主板,16.3,True,1,11485230176.595743,14.95,0.09030100334448177
sz.002638,2025-11-05,2.9,3.17,2.89,3.17,2.88,76357902.0,234625499.34,5.6449,0,0.1,主板,3.17,True,1,4156415513.82664,2.78,0.14028776978417268
sz.002638,2025-11-25,2.77,3.05,2.75,3.05,2.77,122161281.0,365846555.12,9.031,0,0.1,主板,3.05,True,1,4051008250.6920605,2.71,0.12546125461254598
sz.002638,2025-11-26,3.18,3.36,3.15,3.36,3.05,106242765.0,347462965.82,7.8542,0,0.1,主板,3.36,True,2,4423912885.080594,2.64,0.2727272727272727
sz.002639,2025-11-04,11.27,12.45,11.26,12.45,11.32,179222508.0,2150143523.78,27.5464,0,0.1,主板,12.45,True,1,7805533658.772109,10.5,0.18571428571428572
sz.002639,2025-11-05,13.39,13.7,13.21,13.7,12.45,201574442.0,2740849322.21,30.9819,0,0.1,主板,13.7,True,2,8846614707.974655,10.48,0.3072519083969465
sz.002639,2025-11-17,13.91,15.7,13.81,15.7,14.27,231222854.0,3429240981.47,35.5389,0,0.1,主板,15.7,True,1,9649260335.772913,10.83,0.4496768236380424
sz.002639,2025-12-11,15.08,16.51,15.05,16.51,15.01,154901399.0,2456533279.83,23.8083,0,0.1,主板,16.51,True,1,10317970118.950113,13.76,0.19985465116279078
sz.002639,2025-12-12,17.0,18.16,16.68,18.16,16.51,185137613.0,3222951156.55,28.4556,0,0.1,主板,18.16,True,2,11326245647.781105,14.27,0.27259985984583057
sz.002639,2025-12-15,19.98,19.98,19.16,19.98,18.16,126101637.0,2507672501.24,19.3818,0,0.1,主板,19.98,True,3,12938284892.218473,15.7,0.272611464968153
sz.002639,2025-12-19,20.01,20.34,19.88,20.34,18.49,323016742.0,6540435950.54,49.6476,0,0.1,主板,20.34,True,1,13173720281.624893,13.6,0.49558823529411766
sz.002640,2025-12-25,4.42,4.76,4.41,4.76,4.33,134284800.0,633589717.0,8.6733,0,0.1,主板,4.76,True,1,7305059400.689472,4.63,0.02807775377969768
sz.002643,2025-12-23,14.84,16.38,14.77,16.38,14.89,63740690.0,1022323120.55,7.0099,0,0.1,主板,16.38,True,1,14583990079.031082,13.02,0.25806451612903225
sz.002644,2025-12-19,8.63,9.52,8.58,9.52,8.65,24657106.0,231519315.22,4.8285,0,0.1,主板,9.52,True,1,4794849647.302475,8.62,0.10440835266821358
sz.002647,2025-11-12,6.92,7.26,6.9,7.26,6.91,16949230.0,121493366.8,2.5009,1,0.05,ST,7.26,True,1,4857985797.113039,6.75,0.0755555555555556
sz.002647,2025-12-29,7.44,7.81,7.44,7.81,7.44,28555915.0,221502233.35,4.2134,1,0.05,ST,7.81,True,1,5257090078.084208,6.86,0.13848396501457705
sz.002651,2025-12-01,11.51,11.86,11.37,11.86,10.78,32082495.0,378188471.7,5.6737,0,0.1,主板,11.86,True,1,6665640969.73756,11.25,0.05422222222222217
sz.002652,2025-12-25,3.65,4.02,3.55,4.02,3.65,37215820.0,141372803.4,7.2678,0,0.1,主板,4.02,True,1,1945193915.627838,3.78,0.06349206349206349
sz.002652,2025-12-26,4.2,4.42,4.14,4.42,4.02,56085497.0,244858244.52,10.9528,0,0.1,主板,4.42,True,2,2235576697.4654884,3.87,0.1421188630490955
sz.002652,2025-12-29,4.5,4.86,4.42,4.86,4.42,113739898.0,541999346.91,22.212,0,0.1,主板,4.86,True,3,2440119516.0723934,3.82,0.2722513089005236
sz.002654,2025-11-10,15.9,17.16,15.83,17.16,15.6,156452933.0,2603683851.86,18.5098,0,0.1,主板,17.16,True,1,14066515315.45452,14.79,0.1602434077079109
sz.002656,2025-11-18,2.59,2.73,2.58,2.73,2.6,39032700.0,105017735.0,5.769,1,0.05,ST,2.73,True,1,1820380221.8755417,2.54,0.07480314960629908
sz.002658,2025-11-07,8.65,9.43,8.65,9.43,8.57,40881075.0,374342294.23,11.3984,0,0.1,主板,9.43,True,1,3284165270.8274846,8.19,0.15140415140415153
sz.002659,2025-11-25,5.69,6.25,5.69,6.25,5.68,26315920.0,162300082.0,4.3986,0,0.1,主板,6.25,True,1,3689812258.4458694,5.87,0.06473594548551964
sz.002659,2025-12-31,5.61,5.86,5.61,5.86,5.33,53447701.0,311583156.86,8.9336,0,0.1,主板,5.86,True,1,3487767046.43145,6.27,-0.06539074960127578
sz.002660,2025-12-05,9.41,10.35,9.32,10.35,9.41,23617321.0,241298409.91,6.8858,0,0.1,主板,10.35,True,1,3504290132.0108047,9.88,0.047570850202429016
sz.002666,2025-12-19,4.99,5.48,4.97,5.48,4.98,13041300.0,70984436.0,2.6048,0,0.1,主板,5.48,True,1,2725139588.4520884,5.01,0.09381237524950103
sz.002666,2025-12-22,6.03,6.03,6.03,6.03,5.48,11375010.0,68591310.3,2.272,0,0.1,主板,6.03,True,2,3018983727.992958,5.04,0.1964285714285714
sz.002667,2025-11-10,12.7,13.84,12.7,13.84,12.58,16590216.0,224993452.26,7.0116,0,0.1,主板,13.84,True,1,3208874611.5009413,11.64,0.18900343642611683
sz.002667,2025-11-24,15.69,16.9,15.69,16.9,15.36,35750768.0,589870226.9,15.1095,0,0.1,主板,16.9,True,1,3903969204.1430883,11.79,0.4334181509754029
sz.002671,2025-12-03,5.29,5.83,5.25,5.83,5.3,47273247.0,263629421.84,8.5978,0,0.1,主板,5.83,True,1,3066242781.17658,5.42,0.07564575645756455
sz.002674,2025-12-15,12.08,13.3,12.04,13.3,12.09,11544600.0,149189891.0,3.946,0,0.1,主板,13.3,True,1,3780787911.8094273,14.39,-0.07574704656011122
sz.002676,2025-11-11,8.81,9.68,8.6,9.68,8.8,55932158.0,520442612.16,7.7686,0,0.1,主板,9.68,True,1,6699310199.52115,9.12,0.06140350877192979
sz.002676,2025-12-15,7.96,8.77,7.88,8.77,7.97,30750953.0,260352363.24,4.2711,0,0.1,主板,8.77,True,1,6095674726.417084,8.99,-0.024471635150166926
sz.002677,2025-12-19,7.57,8.29,7.5,8.29,7.54,24636066.0,202838834.14,4.606,0,0.1,主板,8.29,True,1,4403795791.141989,8.1,0.023456790123456805
sz.002678,2025-12-22,4.88,5.39,4.85,5.39,4.9,35784310.0,186285559.5,2.6359,0,0.1,主板,5.39,True,1,7067246841.685952,5.05,0.06732673267326739
sz.002679,2025-11-04,12.63,15.14,12.63,15.14,13.76,41195757.0,574641103.01,17.4739,0,0.1,主板,15.14,True,1,3288568110.2100844,10.57,0.43235572374645215
sz.002679,2025-11-17,15.38,16.92,15.08,16.92,15.38,38041398.0,604060064.8,16.1359,0,0.1,主板,16.92,True,1,3743578386.0832057,11.57,0.4624027657735523
sz.002679,2025-12-05,13.23,14.6,13.0,14.6,13.27,17959055.0,251530714.9,7.6176,0,0.1,主板,14.6,True,1,3301968006.9838266,13.61,0.07274063188831748
sz.002679,2025-12-08,15.8,16.06,15.8,16.06,14.6,17025640.0,273000308.4,7.2217,0,0.1,主板,16.06,True,2,3780277613.304346,13.47,0.19227913882702286
sz.002681,2025-11-26,6.84,7.49,6.76,7.49,6.81,133656580.0,987529647.94,8.7204,0,0.1,主板,7.49,True,1,11324361817.577175,6.73,0.11292719167904908
sz.002682,2025-11-14,6.48,6.48,6.48,6.48,5.89,11654880.0,75523622.4,2.0725,0,0.1,主板,6.48,True,1,3644083107.3582635,4.49,0.4432071269487752
sz.002682,2025-11-17,7.13,7.13,7.13,7.13,6.48,4572385.0,32601105.05,0.8131,0,0.1,主板,7.13,True,2,4009482849.5879965,4.57,0.5601750547045952
sz.002682,2025-11-18,7.84,7.84,7.76,7.84,7.13,124856699.0,978641416.66,22.2023,0,0.1,主板,7.84,True,3,4407838001.738558,4.73,0.657505285412262
sz.002682,2025-12-03,5.89,6.51,5.7,6.51,5.92,119352690.0,723153228.87,21.2235,0,0.1,主板,6.51,True,1,3407323150.6113505,5.21,0.24952015355086377
sz.002682,2025-12-04,6.9,7.16,6.85,7.16,6.51,45563755.0,321706063.8,8.1022,0,0.1,主板,7.16,True,2,3970601365.0613413,5.14,0.3929961089494165
sz.002682,2025-12-05,7.88,7.88,7.88,7.88,7.16,12716172.0,100203435.36,2.2612,0,0.1,主板,7.88,True,3,4431427355.38652,5.15,0.5300970873786406
sz.002682,2025-12-08,8.67,8.67,8.67,8.67,7.88,4409015.0,38226160.05,0.784,0,0.1,主板,8.67,True,4,4875785720.663264,5.18,0.6737451737451738
sz.002682,2025-12-09,9.5,9.54,9.3,9.54,8.67,102078155.0,969991024.95,18.1517,0,0.1,主板,9.54,True,5,5343802646.30861,5.18,0.8416988416988416
sz.002682,2025-12-10,9.8,10.49,9.18,10.49,9.54,312234137.0,3119761930.94,55.5221,0,0.1,主板,10.49,True,6,5618955210.519775,5.35,0.9607476635514021
sz.002682,2025-12-12,9.72,10.85,9.26,10.85,9.86,288117432.0,3018913909.15,51.2336,0,0.1,主板,10.85,True,1,5892449308.949595,6.48,0.6743827160493825
sz.002686,2025-12-02,6.67,7.37,6.61,7.37,6.7,19710289.0,142429063.93,3.7706,0,0.1,主板,7.37,True,1,3777358084.389753,6.47,0.13910355486862458
sz.002686,2025-12-03,7.98,8.11,7.47,8.11,7.37,130385311.0,1032818847.29,24.943,0,0.1,主板,8.11,True,2,4140716222.146494,6.56,0.2362804878048781
sz.002691,2025-11-11,8.52,9.35,8.41,9.35,8.5,15251350.0,138834666.5,4.5394,0,0.1,主板,9.35,True,1,3058436500.4185576,8.02,0.16583541147132164
sz.002691,2025-11-13,9.84,11.32,9.51,11.32,10.29,83218494.0,899755309.47,24.7689,0,0.1,主板,11.32,True,1,3632601001.5382195,8.0,0.41500000000000004
sz.002691,2025-11-18,10.0,11.06,9.52,11.06,10.05,74108715.0,780823570.31,22.0575,0,0.1,主板,11.06,True,1,3539945915.4935956,8.14,0.3587223587223587
sz.002691,2025-12-26,8.13,8.95,8.11,8.95,8.14,13470090.0,118456514.5,4.0092,0,0.1,主板,8.95,True,1,2954617242.8414645,8.76,0.02168949771689488
sz.002691,2025-12-29,9.62,9.85,9.61,9.85,8.95,33926490.0,333028173.5,10.0978,0,0.1,主板,9.85,True,2,3298027030.6403375,8.8,0.11931818181818166
sz.002693,2025-11-18,8.18,8.46,8.17,8.46,8.06,27036352.0,227781462.89,6.5785,1,0.05,ST,8.46,True,1,3462513686.858706,7.51,0.12649800266311595
sz.002693,2025-12-19,6.79,6.91,6.68,6.91,6.58,7231800.0,49681543.0,1.7596,1,0.05,ST,6.91,True,1,2823456637.872244,7.42,-0.06873315363881394
sz.002693,2025-12-22,7.13,7.26,7.08,7.26,6.91,11609800.0,83747144.0,2.8249,1,0.05,ST,7.26,True,2,2964605614.3580303,7.42,-0.021563342318059342
sz.002696,2025-11-19,7.32,7.91,7.16,7.91,7.19,32357930.0,245255448.1,9.6739,0,0.1,主板,7.91,True,1,2535228275.04936,6.75,0.17185185185185192
sz.002697,2025-12-15,5.66,6.23,5.65,6.23,5.66,205473925.0,1256126598.12,17.9468,0,0.1,主板,6.23,True,1,6999167529.1416855,5.84,0.06678082191780832
sz.002697,2025-12-16,6.47,6.85,6.47,6.85,6.23,156000409.0,1047797966.5,13.6257,0,0.1,主板,6.85,True,2,7689865228.942366,5.78,0.18512110726643582
sz.002702,2025-11-13,5.38,5.91,5.25,5.91,5.37,63867003.0,356318225.32,13.9222,0,0.1,主板,5.91,True,1,2559352870.379681,4.35,0.35862068965517246
sz.002702,2025-11-26,5.46,5.98,5.45,5.98,5.44,134306454.0,776175533.64,29.277,0,0.1,主板,5.98,True,1,2651144357.8235474,4.73,0.2642706131078223
sz.002702,2025-11-27,6.58,6.58,6.57,6.58,5.98,37915609.0,249484466.22,8.2651,0,0.1,主板,6.58,True,2,3018529312.651994,4.77,0.379454926624738
sz.002702,2025-11-28,6.38,7.24,5.92,7.24,6.58,183822042.0,1177922764.1,40.0707,0,0.1,主板,7.24,True,3,2939611147.546711,4.81,0.5051975051975053
sz.002702,2025-12-01,7.31,7.96,7.31,7.96,7.24,117613897.0,908745557.13,25.6383,0,0.1,主板,7.96,True,4,3544484451.5041947,4.92,0.6178861788617886
sz.002702,2025-12-02,8.47,8.76,7.62,8.76,7.96,147232550.0,1239357359.29,32.0947,0,0.1,主板,8.76,True,5,3861563932.019928,4.93,0.7768762677484788
sz.002702,2025-12-03,9.64,9.64,9.0,9.64,8.76,158937395.0,1507288814.08,34.6462,0,0.1,主板,9.64,True,6,4350516980.4480715,5.12,0.8828125
sz.002702,2025-12-05,8.41,9.55,8.15,9.55,8.68,193585459.0,1755043071.84,42.199,0,0.1,主板,9.55,True,1,4158968392.2367826,5.0,0.9100000000000001
sz.002703,2025-12-17,13.98,14.47,13.6,14.47,13.15,150420093.0,2141665160.08,25.6669,0,0.1,主板,14.47,True,1,8344074119.118399,12.76,0.13401253918495315
sz.002703,2025-12-18,14.31,15.92,13.79,15.92,14.47,180577822.0,2773367535.36,30.8128,0,0.1,主板,15.92,True,2,9000699499.42881,12.16,0.3092105263157894
sz.002703,2025-12-19,15.3,17.51,15.3,17.51,15.92,92628362.0,1546722170.22,15.8056,0,0.1,主板,17.51,True,3,9785912399.529282,11.98,0.46160267111853104
sz.002703,2025-12-24,19.02,20.42,19.02,20.42,18.56,150049204.0,3016092540.89,25.6036,0,0.1,主板,20.42,True,1,11779954931.689293,12.15,0.6806584362139918
sz.002703,2025-12-26,21.04,23.34,21.04,23.34,21.22,141275718.0,3143564316.56,24.1065,0,0.1,主板,23.34,True,1,13040318240.1427,12.17,0.9178307313064913
sz.002706,2025-11-07,11.66,12.96,11.61,12.96,11.78,144682645.0,1831051203.51,15.8125,0,0.1,主板,12.96,True,1,11579770456.980238,11.73,0.10485933503836331
sz.002709,2025-11-13,43.5,47.2,43.2,47.2,42.91,143249114.0,6609097393.97,10.0155,0,0.1,主板,47.2,True,1,65988691467.92473,35.25,0.3390070921985817
sz.002713,2025-11-03,11.93,11.95,11.7,11.95,11.38,12013200.0,143228433.0,2.9194,1,0.05,ST,11.95,True,4,4906091422.895116,5.17,1.3114119922630558
sz.002713,2025-11-04,12.55,12.55,11.9,12.55,11.95,31206663.0,387296019.7,7.5836,1,0.05,ST,12.55,True,5,5107020672.240097,5.43,1.3112338858195214
sz.002713,2025-11-05,13.01,13.18,12.92,13.18,12.55,7327254.0,95800415.92,1.7806,1,0.05,ST,13.18,True,6,5380232276.760643,5.7,1.312280701754386
sz.002713,2025-11-06,13.84,13.84,12.62,13.84,13.18,61364149.0,826861733.21,14.9123,1,0.05,ST,13.84,True,7,5544830329.392515,5.99,1.310517529215359
sz.002713,2025-11-07,13.9,14.53,13.4,14.53,13.84,37021414.0,529604726.16,8.9967,1,0.05,ST,14.53,True,8,5886655397.645803,6.29,1.3100158982511925
sz.002713,2025-11-10,15.26,15.26,15.26,15.26,14.53,4841403.0,73879809.78,1.1765,1,0.05,ST,15.26,True,9,6279626840.6289835,6.6,1.312121212121212
sz.002713,2025-11-11,16.02,16.02,16.02,16.02,15.26,1096260.0,17562085.2,0.2664,1,0.05,ST,16.02,True,10,6592374324.324324,6.93,1.3116883116883118
sz.002713,2025-11-12,16.82,16.82,16.82,16.82,16.02,431440.0,7256820.8,0.1048,1,0.05,ST,16.82,True,11,6924447328.244275,7.28,1.3104395604395602
sz.002713,2025-11-13,17.66,17.66,17.66,17.66,16.82,580140.0,10245272.4,0.141,1,0.05,ST,17.66,True,12,7266150638.2978735,7.64,1.3115183246073299
sz.002713,2025-11-19,18.38,18.54,17.93,18.54,17.66,21713331.0,400002116.43,5.2766,1,0.05,ST,18.54,True,1,7580679157.601486,8.97,1.0668896321070234
sz.002713,2025-12-08,11.0,11.3,10.23,11.3,10.76,65961209.0,711345723.76,16.0294,1,0.05,ST,11.3,True,1,4437756396.122126,15.26,-0.2595019659239842
sz.002713,2025-12-19,10.0,10.45,9.91,10.45,9.95,28452103.0,291593848.35,6.9142,1,0.05,ST,10.45,True,1,4217318682.5663133,16.73,-0.37537358039450097
sz.002713,2025-12-22,10.87,10.97,10.31,10.97,10.45,44539046.0,476178966.22,10.8236,1,0.05,ST,10.97,True,2,4399450887.135518,15.89,-0.3096286972938955
sz.002713,2025-12-25,10.55,10.89,10.52,10.89,10.37,23700375.0,255630869.96,5.7595,1,0.05,ST,10.89,True,1,4438421216.425036,13.67,-0.20336503291880026
sz.002713,2025-12-30,8.55,8.55,8.55,8.55,8.14,99460.0,850383.0,0.0189,1,0.05,ST,8.55,True,1,4499380952.380952,11.72,-0.2704778156996587
sz.002713,2025-12-31,8.98,8.98,8.98,8.98,8.55,41600.0,373568.0,0.0079,1,0.05,ST,8.98,True,2,4728708860.759493,11.93,-0.24727577535624468
sz.002715,2025-11-18,22.82,24.49,22.59,24.49,22.26,10956729.0,262778506.39,7.9397,0,0.1,主板,24.49,True,1,3309678028.0111337,22.37,0.09476978095663813
sz.002717,2025-11-10,1.84,1.93,1.81,1.93,1.84,123570969.0,234362846.51,7.6505,1,0.05,ST,1.93,True,1,3063366401.0195413,1.52,0.26973684210526305
sz.002717,2025-12-17,1.56,1.64,1.56,1.64,1.56,42479500.0,69123223.0,2.63,1,0.05,ST,1.64,True,1,2628259429.657795,1.94,-0.15463917525773196
sz.002718,2025-11-11,26.62,29.26,26.61,29.26,26.6,3938856.0,110598969.08,6.9707,0,0.1,主板,29.26,True,1,1586626437.5170355,22.81,0.2827707145988603
sz.002718,2025-12-23,29.9,32.67,29.28,32.67,29.7,6432719.0,206000849.08,11.8019,0,0.1,主板,32.67,True,1,1745488854.1675494,30.34,0.07679630850362562
sz.002718,2025-12-31,35.94,35.94,35.94,35.94,32.67,610283.0,21933571.02,1.1197,0,0.1,主板,35.94,True,1,1958879255.1576316,28.87,0.2448908901974367
sz.002725,2025-12-09,16.15,17.52,16.02,17.52,15.93,32898811.0,563362787.29,15.5173,0,0.1,主板,17.52,True,1,3630546469.3600044,15.01,0.16722185209860085
sz.002725,2025-12-10,18.7,19.27,17.74,19.27,17.52,62791485.0,1187408891.97,29.6167,0,0.1,主板,19.27,True,2,4009254548.8525057,14.48,0.3308011049723756
sz.002725,2025-12-11,20.24,21.2,20.16,21.2,19.27,44720257.0,933066493.44,21.0931,0,0.1,主板,21.2,True,3,4423562650.535009,14.61,0.45106091718001373
sz.002727,2025-12-18,12.63,13.93,12.6,13.93,12.66,36657797.0,493300323.42,9.2264,0,0.1,主板,13.93,True,1,5346617569.366167,13.31,0.046581517655897686
sz.002728,2025-11-11,11.53,12.76,11.33,12.76,11.6,86973852.0,1056011932.7,23.0814,0,0.1,主板,12.76,True,1,4575164126.526121,8.87,0.43855693348365277
sz.002728,2025-11-14,13.73,15.21,13.59,15.21,13.83,166200566.0,2440150124.49,44.1068,0,0.1,主板,15.21,True,1,5532367173.519729,8.87,0.7147688838782416
sz.002728,2025-11-25,12.14,13.35,12.07,13.35,12.14,93022664.0,1204528635.98,24.6866,0,0.1,主板,13.35,True,1,4879281213.208786,11.04,0.2092391304347827
sz.002728,2025-11-27,13.47,14.97,13.46,14.97,13.61,137126422.0,1919209974.78,36.391,0,0.1,主板,14.97,True,1,5273858851.858976,10.54,0.4203036053130931
sz.002729,2025-11-25,15.2,16.58,15.06,16.58,15.07,17829517.0,292935416.55,10.1614,0,0.1,主板,16.58,True,1,2882825364.123054,15.02,0.10386151797603183
sz.002732,2025-11-28,18.1,20.03,17.93,20.03,18.21,16337000.0,321870613.83,10.4391,0,0.1,主板,20.03,True,1,3083317659.8557343,17.33,0.15579919215233717
sz.002733,2025-11-11,23.23,25.36,22.99,25.36,23.05,54241973.0,1341257561.04,14.7052,0,0.1,主板,25.36,True,1,9120974628.294752,21.5,0.1795348837209303
sz.002735,2025-12-17,15.05,16.64,15.03,16.64,15.13,53841651.0,887700150.64,19.1974,0,0.1,主板,16.64,True,1,4624064459.978956,15.09,0.1027170311464547
sz.002735,2025-12-19,17.79,17.79,17.79,17.79,16.17,17390480.0,309376639.2,6.2006,0,0.1,主板,17.79,True,1,4989462942.295907,14.49,0.22774327122153193
sz.002735,2025-12-31,16.15,18.03,15.85,18.03,16.39,92883309.0,1611316295.13,33.1178,0,0.1,主板,18.03,True,1,4865408617.510824,14.61,0.2340862422997947
sz.002738,2025-11-17,65.01,69.08,65.01,69.08,62.8,42659715.0,2904574431.67,5.9996,0,0.1,主板,69.08,True,1,48412801381.25875,46.37,0.4897563079577314
sz.002742,2025-11-24,4.74,4.87,4.71,4.87,4.64,10067830.0,48810773.1,2.3313,1,0.05,ST,4.87,True,1,2093714798.6102176,4.96,-0.01814516129032251
sz.002748,2025-12-19,11.87,13.05,11.72,13.05,11.86,30288600.0,377457566.0,12.6203,0,0.1,主板,13.05,True,1,2990876334.1600437,11.37,0.14775725593667555
sz.002752,2025-11-04,5.81,6.38,5.79,6.38,5.8,90586594.0,568868650.89,9.2741,0,0.1,主板,6.38,True,1,6133949934.656732,5.45,0.17064220183486234
sz.002752,2025-11-25,6.3,6.88,6.24,6.88,6.25,40596669.0,273746311.72,4.1562,0,0.1,主板,6.88,True,1,6586456660.410953,5.88,0.17006802721088432
sz.002752,2025-12-05,6.5,7.19,6.35,7.19,6.54,55913941.0,382590423.85,5.7244,0,0.1,主板,7.19,True,1,6683502617.741597,6.2,0.1596774193548387
sz.002752,2025-12-08,7.22,7.91,7.09,7.91,7.19,45941311.0,351496637.85,4.7034,0,0.1,主板,7.91,True,2,7473245691.4147215,6.26,0.2635782747603834
sz.002752,2025-12-09,8.7,8.7,8.7,8.7,7.91,7672505.0,66750793.5,0.7855,0,0.1,主板,8.7,True,3,8497873138.12858,6.24,0.39423076923076916
sz.002752,2025-12-24,7.7,8.24,7.52,8.24,7.49,54639190.0,435227046.25,5.5939,0,0.1,主板,8.24,True,1,7780386604.158102,6.78,0.21533923303834812
sz.002752,2025-12-26,8.01,8.81,7.84,8.81,8.01,123087271.0,1037778672.5,12.6015,0,0.1,主板,8.81,True,1,8235358270.840773,6.91,0.27496382054992763
sz.002753,2025-11-20,7.49,8.23,7.48,8.23,7.48,11994028.0,97513635.44,4.9397,0,0.1,主板,8.23,True,1,1974080114.98674,7.27,0.13204951856946368
sz.002756,2025-11-13,49.88,53.99,49.73,53.99,49.08,33590375.0,1784010596.79,8.641,0,0.1,主板,53.99,True,1,20645881226.594143,38.58,0.39942975635044076
sz.002756,2025-12-26,52.0,55.51,52.0,55.51,50.46,22333198.0,1217280502.52,5.7452,0,0.1,主板,55.51,True,1,21187782888.672283,48.2,0.1516597510373443
sz.002757,2025-12-30,16.9,17.7,16.69,17.7,16.09,23341723.0,405101548.88,8.2756,0,0.1,主板,17.7,True,1,4895132061.481947,17.12,0.0338785046728971
sz.002757,2025-12-31,17.61,19.47,16.95,19.47,17.7,49074190.0,914061800.19,17.3989,0,0.1,主板,19.47,True,2,5253560858.387599,16.65,0.16936936936936942
sz.002759,2025-11-07,34.39,36.2,33.92,36.2,32.91,66517823.0,2336791920.15,13.2785,0,0.1,主板,36.2,True,1,17598312461.12136,20.83,0.7378780604896786
sz.002759,2025-11-10,38.69,39.82,38.01,39.82,36.2,91492275.0,3617803146.51,18.264,0,0.1,主板,39.82,True,2,19808383412.77924,22.91,0.7381056307289393
sz.002759,2025-11-12,40.8,46.71,39.0,46.71,42.46,143592470.0,6067076969.64,28.6645,0,0.1,主板,46.71,True,1,21165821729.456295,23.4,0.9961538461538464
sz.002759,2025-11-25,40.0,43.32,38.05,43.32,39.38,101528715.0,4177363846.23,20.2676,0,0.1,主板,43.32,True,1,20611043469.527718,24.5,0.7681632653061226
sz.002759,2025-12-17,32.37,34.73,31.85,34.73,31.57,70693504.0,2354272319.15,14.1121,0,0.1,主板,34.73,True,1,16682650485.399055,43.17,-0.19550613852212195
sz.002759,2025-12-23,34.89,38.29,34.47,38.29,34.81,87230254.0,3188213124.32,17.4132,0,0.1,主板,38.29,True,1,18309174214.50394,43.32,-0.11611265004616811
sz.002759,2025-12-24,39.93,42.12,39.92,42.12,38.29,159119881.0,6596996018.9,31.7641,0,0.1,主板,42.12,True,2,20768716944.28616,43.88,-0.040109389243391136
sz.002759,2025-12-26,49.5,49.5,47.85,49.5,45.0,124869402.0,6145228858.09,24.9269,0,0.1,主板,49.5,True,1,24653000806.718845,45.03,0.09926715522984675
sz.002762,2025-11-24,6.87,7.21,6.8,7.21,6.87,4084077.0,28980896.81,1.9321,1,0.05,ST,7.21,True,1,1499968780.6014183,7.94,-0.09193954659949632
sz.002762,2025-11-25,7.49,7.57,7.42,7.57,7.21,3543298.0,26763485.86,1.6763,1,0.05,ST,7.57,True,2,1596580913.9175565,7.95,-0.04779874213836477
sz.002762,2025-12-19,6.82,7.09,6.82,7.09,6.75,2810400.0,19571425.0,1.3296,1,0.05,ST,7.09,True,1,1471978414.5607703,6.87,0.03202328966521106
sz.002763,2025-12-25,7.89,7.89,7.89,7.89,7.17,10502040.0,82861095.6,3.4592,0,0.1,主板,7.89,True,1,2395383198.4273815,7.43,0.06191117092866749
sz.002763,2025-12-26,8.68,8.68,8.68,8.68,7.89,5306714.0,46062277.52,1.7479,0,0.1,主板,8.68,True,2,2635292494.993993,7.5,0.15733333333333333
sz.002766,2025-12-16,5.25,5.28,5.25,5.28,4.8,24203099.0,127699403.72,2.83,0,0.1,主板,5.28,True,1,4512346421.201413,5.29,-0.001890359168241873
sz.002766,2025-12-19,5.3,5.85,5.25,5.85,5.32,96596555.0,548450727.95,11.2946,0,0.1,主板,5.85,True,1,4855866767.747419,5.04,0.1607142857142856
sz.002766,2025-12-31,5.67,6.05,5.46,6.05,5.5,91416851.0,534210914.39,10.6889,0,0.1,主板,6.05,True,1,4997810012.162149,5.18,0.16795366795366795
sz.002768,2025-11-07,53.23,58.88,53.18,58.88,53.53,7008484.0,397696376.42,3.9652,0,0.1,主板,58.88,True,1,10029667517.90578,49.85,0.18114343029087254
sz.002769,2025-11-27,9.8,10.81,9.8,10.81,9.83,21190500.0,220767442.75,5.6809,0,0.1,主板,10.81,True,1,3886134991.8146772,10.04,0.07669322709163362
sz.002769,2025-12-03,12.17,12.94,12.05,12.94,11.76,21683948.0,277838517.25,5.8132,0,0.1,主板,12.94,True,1,4779441912.371843,10.18,0.27111984282907664
sz.002769,2025-12-22,10.72,11.8,10.56,11.8,10.73,33534718.0,378858886.92,8.9903,0,0.1,主板,11.8,True,1,4214085035.2046094,9.67,0.22026887280248197
sz.002769,2025-12-26,11.16,12.32,11.07,12.32,11.2,62434190.0,750461292.57,16.7379,0,0.1,主板,12.32,True,1,4483604828.38349,11.15,0.104932735426009
sz.002772,2025-11-03,13.11,14.37,13.1,14.37,13.06,17413358.0,240309470.02,4.4634,0,0.1,主板,14.37,True,1,5384000314.110319,10.14,0.41715976331360927
sz.002772,2025-12-18,12.86,14.29,12.86,14.29,12.99,18425346.0,254708972.69,4.7228,0,0.1,主板,14.29,True,1,5393177197.636994,12.59,0.13502779984114377
sz.002778,2025-12-01,22.16,24.09,22.16,24.09,21.9,3859740.0,92148615.6,3.1271,0,0.1,主板,24.09,True,1,2946775466.0867896,20.38,0.18204121687929353
sz.002779,2025-12-05,112.51,123.5,112.51,123.5,112.27,6275372.0,755807854.7,3.7847,0,0.1,主板,123.5,True,1,19970086260.469788,122.0,0.012295081967213184
sz.002780,2025-11-13,15.87,17.45,15.65,17.45,15.86,28742615.0,477632992.16,21.9992,0,0.1,主板,17.45,True,1,2171138005.7456636,13.43,0.2993298585256887
sz.002780,2025-11-14,18.29,19.2,17.64,19.2,17.45,54762273.0,1027785423.03,41.9144,0,0.1,主板,19.2,True,2,2452105775.175119,13.32,0.4414414414414414
sz.002782,2025-11-05,19.26,21.58,19.26,21.58,19.62,24786682.0,517638897.28,5.0949,0,0.1,主板,21.58,True,1,10159942241.849691,16.9,0.2769230769230768
sz.002787,2025-12-01,11.27,11.78,11.18,11.78,10.71,9697280.0,112191831.8,3.8656,0,0.1,主板,11.78,True,1,2902313529.594371,10.87,0.08371665133394668
sz.002788,2025-11-14,10.58,11.69,10.5,11.69,10.63,61585646.0,692687107.16,16.1306,0,0.1,主板,11.69,True,1,4294242664.0050583,8.22,0.42214111922141107
sz.002788,2025-12-17,11.88,12.64,11.51,12.64,11.49,70082298.0,862289306.89,18.3561,0,0.1,主板,12.64,True,1,4697562700.628129,9.72,0.30041152263374493
sz.002788,2025-12-18,13.9,13.9,13.9,13.9,12.64,7227160.0,100457524.0,1.8929,0,0.1,主板,13.9,True,2,5307069787.09916,9.79,0.41981613891726277
sz.002788,2025-12-19,15.29,15.29,15.29,15.29,13.9,3177603.0,48585549.87,0.8323,0,0.1,主板,15.29,True,3,5837504489.967559,9.22,0.6583514099783079
sz.002788,2025-12-22,15.98,16.82,15.64,16.82,15.29,102722156.0,1702005739.64,26.9051,0,0.1,主板,16.82,True,4,6325959537.931471,9.32,0.8047210300429184
sz.002788,2025-12-23,17.0,18.5,15.92,18.5,16.82,98928011.0,1723798704.97,25.9114,0,0.1,主板,18.5,True,5,6652665255.331631,9.78,0.8916155419222904
sz.002789,2025-11-03,11.72,11.74,11.62,11.74,11.18,3288970.0,38543887.8,2.102,1,0.05,ST,11.74,True,3,1833676869.6479545,9.5,0.23578947368421055
sz.002789,2025-11-17,11.64,12.03,11.6,12.03,11.46,6268610.0,74793420.0,4.0064,1,0.05,ST,12.03,True,1,1866848542.3322682,10.13,0.18756169792694943
sz.002789,2025-11-18,12.63,12.63,12.42,12.63,12.03,1901540.0,24011155.2,1.2153,1,0.05,ST,12.63,True,2,1975738928.65959,10.44,0.20977011494252884
sz.002789,2025-11-25,10.81,11.33,10.63,11.33,10.79,7130920.0,78195283.6,4.5575,1,0.05,ST,11.33,True,1,1715749503.017005,10.3,0.09999999999999987
sz.002789,2025-12-01,10.52,11.12,10.52,11.12,10.59,7511740.0,82288394.4,4.8009,1,0.05,ST,11.12,True,1,1714020171.2178967,11.74,-0.05281090289608181
sz.002789,2025-12-08,10.05,10.63,9.89,10.63,10.12,8185460.0,84638097.0,5.2315,1,0.05,ST,10.63,True,1,1617855242.2823284,11.45,-0.07161572052401732
sz.002789,2025-12-22,8.1,8.64,8.1,8.64,8.23,1536620.0,12992685.8,0.9821,1,0.05,ST,8.64,True,1,1322949373.7908564,10.79,-0.19925857275254855
sz.002789,2025-12-23,9.07,9.07,8.88,9.07,8.64,5351880.0,48458820.8,3.4205,1,0.05,ST,9.07,True,2,1416717462.359304,11.33,-0.19947043248014118
sz.002789,2025-12-24,9.0,9.52,8.91,9.52,9.07,7376500.0,69291206.0,4.7144,1,0.05,ST,9.52,True,3,1469777829.6283727,10.76,-0.11524163568773238
sz.002789,2025-12-25,9.53,10.0,9.53,10.0,9.52,3805410.0,37622540.2,2.4321,1,0.05,ST,10.0,True,4,1546915842.2762222,10.59,-0.05571293673276678
sz.002789,2025-12-26,10.5,10.5,10.5,10.5,10.0,215000.0,2257500.0,0.1374,1,0.05,ST,10.5,True,5,1643013100.4366813,10.59,-0.008498583569405138
sz.002792,2025-11-27,19.86,21.62,19.52,21.62,19.65,57631738.0,1206777382.36,17.2859,0,0.1,主板,21.62,True,1,6981281751.948118,18.98,0.13909378292939945
sz.002792,2025-11-28,23.78,23.78,23.78,23.78,21.62,7318822.0,174041587.16,2.1952,0,0.1,主板,23.78,True,2,7928279298.469389,18.59,0.2791823561054332
sz.002792,2025-12-01,26.16,26.16,26.16,26.16,23.78,3086550.0,80744148.0,0.9258,0,0.1,主板,26.16,True,3,8721554115.35969,19.23,0.36037441497659906
sz.002792,2025-12-02,28.78,28.78,28.78,28.78,26.16,5059007.0,145598221.46,1.5174,0,0.1,主板,28.78,True,4,9595243275.339396,19.03,0.5123489227535469
sz.002792,2025-12-08,31.0,32.42,30.18,32.42,29.47,48308568.0,1521398520.45,14.4903,0,0.1,主板,32.42,True,1,10499427344.154366,20.56,0.5768482490272375
sz.002792,2025-12-15,30.5,32.01,30.5,32.01,29.1,101202314.0,3186796310.64,30.3558,0,0.1,主板,32.01,True,1,10498146353.052794,18.79,0.7035657264502395
sz.002792,2025-12-16,35.21,35.21,34.43,35.21,32.01,50294752.0,1770041827.24,15.086,0,0.1,主板,35.21,True,2,11733009593.265278,18.23,0.9314317059791553
sz.002792,2025-12-22,33.5,35.35,31.3,35.35,32.14,147855231.0,5028065628.26,44.3495,0,0.1,主板,35.35,True,1,11337367114.08246,18.17,0.9455145844799118
sz.002792,2025-12-25,35.83,38.18,35.83,38.18,34.71,114507103.0,4263224917.94,34.3466,0,0.1,主板,38.18,True,1,12412363721.416384,21.62,0.7659574468085106
sz.002792,2025-12-26,39.53,42.0,37.01,42.0,38.18,113930495.0,4554365475.31,34.1737,0,0.1,主板,42.0,True,2,13327106737.95931,23.78,0.7661900756938602
sz.002795,2025-11-17,6.12,6.71,6.1,6.71,6.1,35829504.0,234883073.52,8.2381,0,0.1,主板,6.71,True,1,2851180169.2137756,5.17,0.2978723404255319
sz.002795,2025-11-24,5.77,6.19,5.65,6.19,5.63,56001976.0,333973757.32,12.8763,0,0.1,主板,6.19,True,1,2593709041.572501,5.39,0.14842300556586285
sz.002795,2025-11-28,6.11,6.94,6.11,6.94,6.31,45445284.0,304171010.12,10.4491,0,0.1,主板,6.94,True,1,2910978075.815142,5.22,0.3295019157088124
sz.002796,2025-11-03,19.75,21.71,19.7,21.71,19.74,27209883.0,575404028.21,12.057,0,0.1,主板,21.71,True,1,4772364835.448287,18.12,0.19812362030905084
sz.002796,2025-12-17,21.12,22.89,21.12,22.89,20.81,30075944.0,664591994.5,13.2081,0,0.1,主板,22.89,True,1,5031700202.905793,18.54,0.2346278317152104
sz.002796,2025-12-23,26.48,26.5,25.88,26.5,24.09,26444058.0,699068337.45,11.6131,0,0.1,主板,26.5,True,1,6019653128.363659,18.34,0.4449291166848419
sz.002800,2025-11-26,14.6,16.02,14.52,16.02,14.56,11573872.0,181421845.96,8.2623,0,0.1,主板,16.02,True,1,2195778971.4728346,14.47,0.10711817553559078
sz.002800,2025-12-22,14.11,15.42,14.01,15.42,14.02,10055750.0,150228621.24,7.1785,0,0.1,主板,15.42,True,1,2092757835.75956,14.4,0.0708333333333333
sz.002800,2025-12-25,15.66,16.34,15.13,16.34,14.85,11487785.0,183869745.66,8.2008,0,0.1,主板,16.34,True,1,2242095230.4653206,15.34,0.0651890482398958
sz.002805,2025-11-05,14.7,16.34,14.56,16.34,14.85,15743594.0,249063803.73,5.6521,0,0.1,主板,16.34,True,1,4406571074.998673,14.55,0.12302405498281788
sz.002805,2025-11-07,16.2,17.72,15.84,17.72,16.11,57558846.0,965209143.41,20.6643,0,0.1,主板,17.72,True,1,4670901716.53528,14.23,0.24525650035137025
sz.002805,2025-11-13,18.19,19.71,18.19,19.71,17.92,45013981.0,854308732.44,16.1605,0,0.1,主板,19.71,True,1,5286400373.99833,14.37,0.3716075156576202
sz.002805,2025-11-14,21.68,21.68,20.4,21.68,19.71,33999450.0,723350879.06,12.2062,0,0.1,主板,21.68,True,2,5926093944.552767,13.86,0.5642135642135642
sz.002805,2025-11-17,23.2,23.85,22.21,23.85,21.68,83288499.0,1952728767.81,29.9015,0,0.1,主板,23.85,True,3,6530537825.226159,14.16,0.6843220338983051
sz.002805,2025-11-28,18.3,20.34,18.18,20.34,18.49,36491226.0,708727790.04,13.1008,0,0.1,主板,20.34,True,1,5409805432.034685,14.97,0.3587174348697395
sz.002805,2025-12-26,18.88,18.88,18.88,18.88,17.16,12023548.0,227004586.24,4.3166,0,0.1,主板,18.88,True,1,5258874721.771765,20.34,-0.07177974434611611
sz.002806,2025-11-14,13.69,15.17,13.69,15.17,13.79,23666147.0,346709157.43,13.593,0,0.1,主板,15.17,True,1,2550644871.8458033,11.6,0.3077586206896552
sz.002806,2025-12-01,14.54,14.54,13.92,14.54,13.22,42504297.0,611325594.66,24.4129,0,0.1,主板,14.54,True,1,2504108871.3753796,13.2,0.10151515151515156
sz.002808,2025-12-18,4.64,4.78,4.55,4.78,4.55,1428100.0,6755836.0,0.8655,1,0.05,ST,4.78,True,1,780570306.181398,5.43,-0.11970534069981575
sz.002808,2025-12-19,5.0,5.02,4.92,5.02,4.78,2672780.0,13356468.6,1.6198,1,0.05,ST,5.02,True,2,824575169.7740462,5.16,-0.027131782945736593
sz.002810,2025-12-22,14.08,14.54,14.08,14.54,13.22,21511243.0,311005686.09,6.6781,0,0.1,主板,14.54,True,1,4657098367.649481,12.77,0.13860610806577922
sz.002810,2025-12-23,15.0,15.99,14.8,15.99,14.54,43429502.0,671267163.87,13.4826,0,0.1,主板,15.99,True,2,4978766438.743269,12.93,0.23665893271461713
sz.002811,2025-11-21,13.51,14.61,13.51,14.61,13.28,11216359.0,161508700.35,3.9618,0,0.1,主板,14.61,True,1,4076649511.5856423,13.64,0.07111436950146621
sz.002811,2025-11-27,15.1,16.73,15.01,16.73,15.21,45495087.0,731294404.51,16.0696,0,0.1,主板,16.73,True,1,4550794073.965749,12.65,0.3225296442687746
sz.002812,2025-11-13,57.34,61.72,57.12,61.72,56.11,73419345.0,4453427021.11,8.9249,0,0.1,主板,61.72,True,1,49898901064.54974,42.74,0.4440804866635468
sz.002813,2025-11-18,27.2,29.62,27.07,29.62,26.93,8409653.0,244221673.86,7.0165,0,0.1,主板,29.62,True,1,3480676603.1497188,27.92,0.06088825214899707
sz.002813,2025-12-16,27.5,28.46,26.01,28.46,25.87,7673900.0,209642747.0,6.4026,0,0.1,主板,28.46,True,1,3274337722.1753664,29.62,-0.039162727886563165
sz.002813,2025-12-19,28.36,30.71,28.36,30.71,27.92,9096717.0,271360395.47,7.5897,0,0.1,主板,30.71,True,1,3575377096.1961613,29.03,0.05787116775749235
sz.002816,2025-11-06,23.96,24.15,23.68,24.15,23.0,3773307.0,91029820.05,3.7733,1,0.05,ST,24.15,True,1,2412472372.9891605,20.0,0.20750000000000002
sz.002816,2025-12-30,21.42,22.42,21.22,22.42,21.35,4813900.0,106144744.0,4.8139,1,0.05,ST,22.42,True,1,2204963626.1658945,21.1,0.06255924170616112
sz.002822,2025-11-13,3.88,3.97,3.88,3.97,3.78,12268126.0,48435137.51,1.5191,1,0.05,ST,3.97,True,1,3188410078.9941416,3.62,0.09668508287292821
sz.002822,2025-11-14,4.17,4.17,4.17,4.17,3.97,5362090.0,22359915.3,0.664,1,0.05,ST,4.17,True,2,3367457123.493976,3.54,0.17796610169491522
sz.002822,2025-11-18,4.3,4.46,4.3,4.46,4.25,49193476.0,218223021.06,6.0913,1,0.05,ST,4.46,True,1,3582536093.444749,3.7,0.2054054054054053
sz.002822,2025-11-24,4.0,4.02,3.9,4.02,3.83,22893129.0,91575901.82,2.8347,1,0.05,ST,4.02,True,1,3230532395.667971,3.74,0.07486631016042766
sz.002822,2025-11-25,4.19,4.22,4.14,4.22,4.02,15800210.0,66374112.96,1.9564,1,0.05,ST,4.22,True,2,3392665761.6029444,3.68,0.14673913043478248
sz.002822,2025-11-26,4.4,4.43,4.38,4.43,4.22,24258598.0,107219011.07,3.0038,1,0.05,ST,4.43,True,3,3569445737.7322054,3.63,0.22038567493112948
sz.002822,2025-12-30,4.03,4.03,4.03,4.03,3.84,839415.0,3382842.45,0.0784,1,0.05,ST,4.03,True,1,4314850063.775511,4.14,-0.02657004830917864
sz.002825,2025-11-27,10.43,11.46,10.39,11.46,10.42,20087092.0,222694990.65,7.8299,0,0.1,主板,11.46,True,1,2844161364.12981,11.21,0.022301516503122176
sz.002829,2025-12-24,27.12,30.06,26.95,30.06,27.33,20628308.0,596849010.28,14.1242,0,0.1,主板,30.06,True,1,4225719051.5569024,26.76,0.12331838565022402
sz.002830,2025-12-04,18.6,20.6,18.31,20.6,18.73,4188730.0,83343110.0,6.2656,0,0.1,主板,20.6,True,1,1330169656.537283,17.91,0.15019542155220544
sz.002830,2025-12-05,21.01,22.66,21.01,22.66,20.6,12395390.0,275085635.5,18.5414,0,0.1,主板,22.66,True,2,1483629259.3871014,18.06,0.25470653377630126
sz.002836,2025-11-18,12.74,14.1,12.56,14.1,12.82,20296108.0,279149497.75,8.8091,0,0.1,主板,14.1,True,1,3168876477.165658,10.68,0.3202247191011236
sz.002836,2025-11-20,14.45,16.08,14.12,16.08,14.62,21958133.0,333061480.35,9.5304,0,0.1,主板,16.08,True,1,3494727192.45782,11.11,0.44734473447344736
sz.002836,2025-12-03,13.8,15.15,13.65,15.15,13.77,13503113.0,196159333.74,5.8607,0,0.1,主板,15.15,True,1,3347029087.651646,12.14,0.24794069192751222
sz.002837,2025-11-13,67.0,73.71,66.67,73.71,67.01,87624212.0,6293591775.4,10.3064,0,0.1,主板,73.71,True,1,61064889538.53916,76.52,-0.03672242550967075
sz.002837,2025-12-17,88.0,92.95,87.96,92.95,84.5,71676856.0,6601309277.42,8.4306,0,0.1,主板,92.95,True,1,78301773034.185,72.29,0.2857933324111217
sz.002837,2025-12-23,93.94,103.84,93.46,103.84,94.4,76749030.0,7602747549.75,9.0272,0,0.1,主板,103.84,True,1,84220439889.9991,73.37,0.4152923538230884
sz.002842,2025-12-23,13.94,15.08,13.9,15.08,13.71,53045874.0,777577024.1,19.7592,0,0.1,主板,15.08,True,1,3935265719.7659826,10.97,0.3746581586144029
sz.002843,2025-12-23,18.07,19.94,18.0,19.94,18.13,17956997.0,346151124.08,7.1601,0,0.1,主板,19.94,True,1,4834445385.958297,19.18,0.039624608967674835
sz.002846,2025-11-14,18.65,20.75,18.3,20.75,18.86,48294897.0,953789958.53,18.7905,0,0.1,主板,20.75,True,1,5075915800.697161,16.85,0.2314540059347181
sz.002848,2025-11-28,7.64,8.0,7.64,8.0,7.62,9813600.0,77372341.0,5.9503,1,0.05,ST,8.0,True,1,1300309917.1470346,8.0,0.0
sz.002848,2025-12-01,8.2,8.4,7.95,8.4,8.0,12824900.0,106775855.14,7.7761,1,0.05,ST,8.4,True,2,1373128626.6894717,8.15,0.030674846625766916
sz.002848,2025-12-05,8.1,8.48,8.08,8.48,8.08,5263000.0,44202246.0,3.1911,1,0.05,ST,8.48,True,1,1385172699.0692866,7.99,0.06132665832290374
sz.002848,2025-12-23,7.65,8.03,7.58,8.03,7.65,6877814.0,53941647.35,4.1702,1,0.05,ST,8.03,True,1,1293502646.1560595,7.68,0.04557291666666652
sz.002848,2025-12-31,8.55,8.98,8.5,8.98,8.55,5891900.0,52517385.0,3.5724,1,0.05,ST,8.98,True,1,1470086916.3587506,8.31,0.0806257521058964
sz.002851,2025-11-06,76.66,84.16,76.61,84.16,76.51,44046722.0,3604411118.56,9.6196,0,0.1,主板,84.16,True,1,37469449026.57075,77.06,0.09213599792369576
sz.002851,2025-12-24,89.88,94.29,88.68,94.29,85.72,20013010.0,1853027652.76,4.3709,0,0.1,主板,94.29,True,1,42394647618.56826,71.9,0.31140472878998615
sz.002853,2025-12-08,15.03,16.24,14.86,16.24,14.76,9360400.0,148033078.5,7.2728,0,0.1,主板,16.24,True,1,2035434475.0302498,13.4,0.21194029850746254
sz.002853,2025-12-16,17.86,17.86,17.86,17.86,16.24,2621062.0,46812167.32,2.0365,0,0.1,主板,17.86,True,1,2298657860.0540137,13.8,0.29420289855072457
sz.002853,2025-12-17,18.11,19.65,16.34,19.65,17.86,26941461.0,490725448.59,20.9328,0,0.1,主板,19.65,True,2,2344289577.075212,14.21,0.38282899366643197
sz.002853,2025-12-18,21.3,21.62,20.92,21.62,19.65,5631001.0,120747335.12,4.3751,0,0.1,主板,21.62,True,3,2759876005.5770154,14.36,0.5055710306406687
sz.002853,2025-12-26,20.18,22.37,19.84,22.37,20.34,19881314.0,426076468.92,15.4472,0,0.1,主板,22.37,True,1,2758276379.667513,14.75,0.5166101694915255
sz.002855,2025-11-14,17.83,19.47,17.51,19.47,17.7,20846600.0,401376963.0,8.4664,0,0.1,主板,19.47,True,1,4740822108.570349,16.19,0.20259419394688072
sz.002856,2025-11-25,11.77,12.88,11.68,12.88,11.71,9722040.0,122541283.2,7.8464,0,0.1,主板,12.88,True,1,1561751672.1044047,11.23,0.14692787177203925
sz.002856,2025-11-27,11.35,13.32,11.35,13.32,12.11,17257530.0,214009746.2,13.9281,0,0.1,主板,13.32,True,1,1536532234.8346148,10.95,0.21643835616438367
sz.002856,2025-12-26,12.01,13.01,11.97,13.01,11.83,9251580.0,116824769.81,7.4667,0,0.1,主板,13.01,True,1,1564610467.9443395,12.82,0.014820592823712841
sz.002862,2025-12-01,25.1,25.1,24.45,25.1,22.82,20486652.0,512925452.9,16.2273,0,0.1,主板,25.1,True,1,3160879831.5184903,17.91,0.4014517029592408
sz.002862,2025-12-12,19.74,21.79,19.74,21.79,19.81,16932163.0,358004001.43,13.4118,0,0.1,主板,21.79,True,1,2669321056.308624,20.9,0.04258373205741628
sz.002863,2025-12-01,5.62,6.17,5.61,6.17,5.61,22559106.0,137069028.01,3.7631,0,0.1,主板,6.17,True,1,3642449789.003746,5.68,0.08626760563380276
sz.002864,2025-11-12,32.32,35.64,32.22,35.64,32.4,16267522.0,573155434.39,21.9266,0,0.1,主板,35.64,True,1,2613973139.4288216,29.95,0.18998330550918197
sz.002864,2025-11-13,36.6,39.2,35.1,39.2,35.64,23772920.0,864262968.86,32.043,0,0.1,主板,39.2,True,2,2697197418.656181,30.35,0.29159802306425053
sz.002865,2025-12-12,36.66,40.33,36.17,40.33,36.66,19117718.0,744580164.23,8.5018,0,0.1,主板,40.33,True,1,8757912021.336658,43.21,-0.06665123813931961
sz.002865,2025-12-17,40.35,43.31,40.35,43.31,39.37,24196641.0,1022320099.43,10.7605,0,0.1,主板,43.31,True,1,9500674684.54068,43.4,-0.0020737327188938837
sz.002865,2025-12-18,45.09,47.64,44.05,47.64,43.31,36196916.0,1663260726.32,16.0971,0,0.1,主板,47.64,True,2,10332673129.445675,44.29,0.07563784149920982
sz.002865,2025-12-26,50.7,54.87,50.68,54.87,49.88,25421143.0,1368647310.86,11.305,0,0.1,主板,54.87,True,1,12106566217.249004,39.66,0.3835098335854765
sz.002868,2025-11-06,29.4,30.25,29.02,30.25,28.81,3219700.0,96940662.3,2.0901,1,0.05,ST,30.25,True,1,4638087282.905124,27.7,0.09205776173285196
sz.002868,2025-11-07,30.99,31.76,30.88,31.76,30.25,1197470.0,37648282.7,0.7774,1,0.05,ST,31.76,True,2,4842845729.354259,27.16,0.1693667157584684
sz.002868,2025-11-10,33.35,33.35,33.03,33.35,31.76,520500.0,17348963.0,0.3379,1,0.05,ST,33.35,True,3,5134348327.907665,26.57,0.2551750094091081
sz.002868,2025-11-11,35.02,35.02,35.02,35.02,33.35,119600.0,4188392.0,0.0776,1,0.05,ST,35.02,True,4,5397412371.134021,26.03,0.3453707260852863
sz.002868,2025-11-12,36.77,36.77,34.7,36.77,35.02,6236376.0,225958858.43,4.0485,1,0.05,ST,36.77,True,5,5581298219.834507,26.17,0.4050439434466948
sz.002868,2025-11-13,37.87,38.61,37.82,38.61,36.77,628030.0,24031850.3,0.4077,1,0.05,ST,38.61,True,6,5894493573.706157,27.48,0.40502183406113534
sz.002868,2025-11-14,40.54,40.54,40.54,40.54,38.61,204000.0,8270160.0,0.1324,1,0.05,ST,40.54,True,7,6246344410.876133,27.01,0.5009255831173638
sz.002868,2025-11-17,42.57,42.57,42.57,42.57,40.54,227630.0,9690209.1,0.1478,1,0.05,ST,42.57,True,8,6556298443.843032,28.36,0.5010578279266573
sz.002868,2025-11-18,44.7,44.7,44.7,44.7,42.57,111600.0,4988520.0,0.0724,1,0.05,ST,44.7,True,9,6890220994.475138,28.83,0.5504682622268473
sz.002868,2025-11-25,41.78,41.78,41.78,41.78,39.79,342010.0,14289177.8,0.222,1,0.05,ST,41.78,True,1,6436566576.576577,28.34,0.47424135497529996
sz.002868,2025-11-26,43.87,43.87,43.87,43.87,41.78,42200.0,1851314.0,0.0274,1,0.05,ST,43.87,True,2,6756620437.956203,28.38,0.5458069062720226
sz.002868,2025-12-15,32.99,34.7,32.53,34.7,33.05,1799600.0,61102233.0,1.1683,1,0.05,ST,34.7,True,1,5230012240.006847,42.57,-0.18487197556964996
sz.002870,2025-12-25,36.08,39.69,36.03,39.69,36.08,12055300.0,467319100.0,9.348,0,0.1,主板,39.69,True,1,4999134574.2404785,35.41,0.12086981078791315
sz.002877,2025-11-18,9.05,9.92,8.92,9.92,9.02,11916534.0,116585091.93,4.9546,0,0.1,主板,9.92,True,1,2353067693.254753,8.72,0.1376146788990824
sz.002877,2025-11-19,10.91,10.91,10.91,10.91,9.92,10390722.0,113362777.02,4.3202,0,0.1,主板,10.91,True,2,2624016874.6817274,8.75,0.24685714285714289
sz.002877,2025-11-20,11.28,12.0,9.84,12.0,10.91,106974672.0,1147870225.72,44.4774,0,0.1,主板,12.0,True,3,2580794348.86032,8.86,0.35440180586907455
sz.002878,2025-11-18,18.52,20.54,18.43,20.54,18.67,29983647.0,607326869.16,12.7086,0,0.1,主板,20.54,True,1,4778865249.988196,17.62,0.1657207718501701
sz.002881,2025-12-01,42.21,45.87,42.21,45.87,41.7,12587198.0,560784368.17,6.9189,0,0.1,主板,45.87,True,1,8105108733.613725,45.62,0.005480052608505037
sz.002885,2025-11-03,25.44,26.65,24.88,26.65,24.23,39768876.0,1036364475.3,17.2228,0,0.1,主板,26.65,True,1,6017398305.153634,19.16,0.39091858037578286
sz.002885,2025-11-04,29.32,29.32,27.07,29.32,26.65,84201785.0,2416438568.15,36.4656,0,0.1,主板,29.32,True,2,6626625005.8959675,18.96,0.5464135021097045
sz.002885,2025-11-05,28.36,32.25,27.21,32.25,29.32,79993401.0,2330927707.37,34.643,0,0.1,主板,32.25,True,3,6728423367.981987,18.63,0.7310789049919486
sz.002885,2025-12-05,24.09,26.47,23.79,26.47,24.06,26379758.0,668507184.49,11.4244,0,0.1,主板,26.47,True,1,5851573688.683869,35.96,-0.2639043381535039
sz.002888,2025-11-27,20.28,21.99,20.04,21.99,19.99,16301448.0,350026294.96,21.7576,0,0.1,主板,21.99,True,1,1608754159.2822735,18.15,0.21157024793388435
sz.002888,2025-12-01,20.86,22.89,20.79,22.89,20.81,17141328.0,370504759.16,22.8786,0,0.1,主板,22.89,True,1,1619438073.8331892,18.3,0.25081967213114753
sz.002888,2025-12-23,18.86,20.75,18.76,20.75,18.86,12608270.0,252695018.0,16.8283,0,0.1,主板,20.75,True,1,1501607518.2876465,20.2,0.027227722772277252
sz.002897,2025-11-07,50.57,52.6,50.0,52.6,47.82,12027573.0,623972876.52,6.5932,0,0.1,主板,52.6,True,1,9463885162.288418,47.8,0.10041841004184104
sz.002900,2025-11-24,13.1,14.3,13.1,14.3,13.0,8127350.0,114071774.0,4.6454,0,0.1,主板,14.3,True,1,2455585611.572738,13.94,0.02582496413199431
sz.002903,2025-11-28,22.16,24.46,20.02,24.46,22.24,11000900.0,260442014.5,10.4122,0,0.1,主板,24.46,True,1,2501315903.4594035,22.93,0.06672481465329261
sz.002903,2025-12-26,23.99,24.61,23.19,24.61,22.37,7910800.0,192144024.0,7.418,0,0.1,主板,24.61,True,1,2590240280.3990293,24.46,0.00613246116107935
sz.002905,2025-12-30,10.48,11.62,10.46,11.62,10.56,20171332.0,225740685.44,5.7725,0,0.1,主板,11.62,True,1,3910622528.1940236,11.63,-0.0008598452278590907
sz.002908,2025-12-31,9.59,10.53,9.59,10.53,9.57,40957616.0,425606904.16,12.7263,0,0.1,主板,10.53,True,1,3344309847.7955103,9.82,0.07230142566191433
sz.002909,2025-12-23,6.73,7.41,6.65,7.41,6.74,20361239.0,149052411.99,5.3526,0,0.1,主板,7.41,True,1,2784673093.2630873,6.75,0.09777777777777774
sz.002909,2025-12-24,8.15,8.15,8.15,8.15,7.41,8115006.0,66137298.9,2.1333,0,0.1,主板,8.15,True,2,3100234327.0988607,6.64,0.22740963855421703
sz.002910,2025-11-10,10.96,11.97,10.81,11.97,10.88,17478759.0,200804722.23,10.2178,0,0.1,主板,11.97,True,1,1965244203.5467517,11.01,0.08719346049046339
sz.002910,2025-12-17,10.2,11.28,9.95,11.28,10.25,17402113.0,191410013.5,10.173,0,0.1,主板,11.28,True,1,1881549331.5639436,11.37,-0.0079155672823219
sz.002910,2025-12-18,11.5,12.41,11.41,12.41,11.28,39144002.0,471560939.82,22.8829,0,0.1,主板,12.41,True,2,2060756896.284999,11.13,0.11500449236298294
sz.002910,2025-12-19,11.66,13.65,11.66,13.65,12.41,42914393.0,547117815.92,25.087,0,0.1,主板,13.65,True,3,2180881795.0332837,10.41,0.3112391930835734
sz.002910,2025-12-22,13.69,15.02,13.69,15.02,13.65,34371056.0,504724043.12,20.0928,0,0.1,主板,15.02,True,4,2511964699.394808,10.51,0.42911512844909616
sz.002912,2025-11-03,29.55,32.54,29.55,32.54,29.58,13201101.0,414481831.48,8.1377,0,0.1,主板,32.54,True,1,5093353545.596421,28.02,0.16131334760885085
sz.002913,2025-12-03,34.69,37.73,34.6,37.73,34.3,9317000.0,343869876.0,3.0883,0,0.1,主板,37.73,True,1,11134600783.602629,36.78,0.025829255029907516
sz.002915,2025-11-07,24.96,27.13,24.8,27.13,24.66,39682354.0,1042006044.6,13.7747,0,0.1,主板,27.13,True,1,7564636940.187446,26.58,0.020692249811888663
sz.002916,2025-12-17,203.64,222.53,199.8,222.53,202.3,17283123.0,3662762470.29,2.5989,0,0.1,主板,222.53,True,1,140935106017.5459,199.96,0.11287257451490285
sz.002919,2025-11-17,21.3,23.14,21.3,23.14,21.04,8164522.0,185611667.64,3.0881,0,0.1,主板,23.14,True,1,6010545890.3532915,17.64,0.3117913832199546
sz.002919,2025-12-26,21.45,23.64,21.3,23.64,21.49,15050931.0,343564569.62,5.6927,0,0.1,主板,23.64,True,1,6035177852.688531,23.29,0.015027908973808568
sz.002922,2025-11-05,25.59,29.61,25.59,29.61,26.92,47441027.0,1322436412.35,12.65,0,0.1,主板,29.61,True,1,10454042785.375494,21.07,0.4053156146179402
sz.002922,2025-11-28,27.42,29.88,27.03,29.88,27.16,31707463.0,910225048.89,8.444,0,0.1,主板,29.88,True,1,10779548186.759829,25.55,0.1694716242661447
sz.002925,2025-12-04,18.09,19.65,18.01,19.65,17.86,37936304.0,720186952.11,5.1532,0,0.1,主板,19.65,True,1,13975528838.585735,18.72,0.049679487179487225
sz.002927,2025-11-07,16.49,18.25,16.4,18.25,16.59,38173602.0,678507896.38,17.2936,0,0.1,主板,18.25,True,1,3923462416.038303,15.52,0.17590206185567014
sz.002927,2025-11-17,18.39,20.34,18.39,20.34,18.49,23262274.0,462205452.29,10.5384,0,0.1,主板,20.34,True,1,4385916764.309573,15.52,0.31056701030927836
sz.002927,2025-11-19,19.78,21.23,19.36,21.23,19.3,19598646.0,407252653.52,8.8787,0,0.1,主板,21.23,True,1,4586850028.945679,15.24,0.3930446194225723
sz.002927,2025-11-25,16.54,18.03,16.54,18.03,16.39,33720355.0,598378071.91,15.2762,0,0.1,主板,18.03,True,1,3917060996.2556133,15.53,0.16097875080489388
sz.002927,2025-12-09,17.9,19.44,17.66,19.44,17.67,22726231.0,431956072.42,10.2956,0,0.1,主板,19.44,True,1,4195540545.6699953,19.22,0.011446409989594342
sz.002927,2025-12-12,18.32,20.16,18.32,20.16,18.33,29477797.0,573584500.12,13.3542,0,0.1,主板,20.16,True,1,4295161822.647556,18.49,0.09031909140075722
sz.002931,2025-11-14,18.5,19.57,18.5,19.57,17.79,8390143.0,161441787.29,4.1823,0,0.1,主板,19.57,True,1,3860119725.7489896,15.01,0.30379746835443044
sz.002931,2025-11-25,17.66,19.05,17.58,19.05,17.32,15156220.0,278286332.14,7.555,0,0.1,主板,19.05,True,1,3683472298.3454666,18.04,0.05598669623059882
sz.002931,2025-12-17,18.03,19.68,17.61,19.68,17.89,12389042.0,233436835.49,6.1756,0,0.1,主板,19.68,True,1,3779986325.0534363,17.93,0.09760178471834924
sz.002931,2025-12-25,21.65,21.65,21.65,21.65,19.68,791305.0,17131753.25,0.3932,0,0.1,主板,21.65,True,1,4357007438.96236,20.39,0.061794997547817365
sz.002931,2025-12-26,23.82,23.82,23.82,23.82,21.65,135616.0,3230373.12,0.0674,0,0.1,主板,23.82,True,2,4792838456.973294,21.76,0.09466911764705865
sz.002931,2025-12-29,26.2,26.2,26.2,26.2,23.82,250409.0,6560715.8,0.1244,0,0.1,主板,26.2,True,3,5273887299.03537,21.06,0.24406457739791088
sz.002931,2025-12-30,28.82,28.82,28.82,28.82,26.2,130221.0,3752969.22,0.0647,0,0.1,主板,28.82,True,4,5800570664.605874,21.0,0.3723809523809525
sz.002931,2025-12-31,31.7,31.7,31.7,31.7,28.82,519971.0,16483080.7,0.2584,0,0.1,主板,31.7,True,5,6378901199.690401,20.88,0.5181992337164751
sz.002935,2025-11-13,18.06,19.9,17.94,19.9,18.09,28053676.0,536710809.64,6.7584,0,0.1,主板,19.9,True,1,7941388636.955492,15.55,0.27974276527331177
sz.002935,2025-12-25,20.0,22.09,20.0,22.09,20.08,29680406.0,647879294.5,7.1503,0,0.1,主板,22.09,True,1,9060868697.816875,17.77,0.24310635903207656
sz.002938,2025-12-01,45.12,49.64,44.54,49.64,45.13,64050276.0,3084092609.14,2.7735,0,0.1,主板,49.64,True,1,111198579741.84244,52.17,-0.04849530381445277
sz.002940,2025-11-10,37.78,41.47,37.7,41.47,37.7,11698422.0,478700241.34,6.3141,0,0.1,主板,41.47,True,1,7581448525.363869,38.46,0.07826313052522105
sz.002943,2025-12-08,33.17,36.14,33.11,36.14,32.85,14300832.0,506929709.97,10.7956,0,0.1,主板,36.14,True,1,4695706676.516358,35.5,0.01802816901408444
sz.002947,2025-12-24,49.26,51.98,49.26,51.98,47.25,10973522.0,564138842.3,5.6965,0,0.1,主板,51.98,True,1,9903253617.133326,43.15,0.2046349942062573
sz.002950,2025-11-07,11.5,12.71,11.42,12.71,11.55,28460301.0,350772194.43,6.2966,0,0.1,主板,12.71,True,1,5570819083.791253,9.62,0.3212058212058213
sz.002951,2025-12-22,13.34,14.67,13.34,14.67,13.34,5196300.0,74463901.48,1.2954,0,0.1,主板,14.67,True,1,5748332675.621429,13.78,0.06458635703918736
sz.002951,2025-12-24,13.81,15.29,13.65,15.29,13.9,13950200.0,209330029.0,3.4778,0,0.1,主板,15.29,True,1,6019035856.00092,13.7,0.11605839416058394
sz.002951,2025-12-25,15.0,16.82,14.72,16.82,15.29,23768319.0,377458722.65,5.9254,0,0.1,主板,16.82,True,2,6370181298.308974,13.57,0.23949889462048635
sz.002952,2025-11-28,21.09,23.13,20.87,23.13,21.03,7461525.0,167755808.75,5.6679,0,0.1,主板,23.13,True,1,2959752443.5858073,19.72,0.17292089249492903
sz.002957,2025-12-23,19.78,21.78,19.71,21.78,19.8,33157206.0,701906820.2,7.9195,0,0.1,主板,21.78,True,1,8863019385.062187,19.31,0.12791299844640092
sz.002960,2025-11-27,11.19,11.19,11.19,11.19,10.17,17850970.0,199752354.3,2.3874,0,0.1,主板,11.19,True,1,8366941203.820056,11.35,-0.014096916299559448
sz.002961,2025-11-10,23.13,25.11,23.03,25.11,22.83,24280177.0,583515098.75,5.4558,0,0.1,主板,25.11,True,1,10695316887.532534,21.06,0.1923076923076923
sz.002961,2025-12-05,24.05,26.71,23.81,26.71,24.28,28082149.0,705158596.79,6.3101,0,0.1,主板,26.71,True,1,11175077998.60541,22.83,0.16995181778361812
sz.002961,2025-12-08,29.38,29.38,29.38,29.38,26.71,6757659.0,198540021.42,1.5185,0,0.1,主板,29.38,True,2,13074746224.563713,25.11,0.17005177220230983
sz.002963,2025-11-14,17.83,19.17,17.63,19.17,17.43,5067099.0,95415390.83,4.4366,0,0.1,主板,19.17,True,1,2150642177.1176124,15.92,0.20414572864321623
sz.002969,2025-12-05,3.95,4.32,3.91,4.32,3.93,41966800.0,174455616.0,4.4186,0,0.1,主板,4.32,True,1,3948210202.3265285,3.77,0.14588859416445632
sz.002969,2025-12-17,5.02,5.02,5.02,5.02,4.56,4902092.0,24608501.84,0.5164,0,0.1,主板,5.02,True,1,4765395398.915569,3.81,0.3175853018372703
sz.002969,2025-12-18,5.52,5.52,5.52,5.52,5.02,1542011.0,8511900.72,0.1624,0,0.1,主板,5.52,True,2,5241318177.339903,3.8,0.4526315789473683
sz.002969,2025-12-19,6.07,6.07,6.07,6.07,5.52,2875500.0,17454285.0,0.3029,0,0.1,主板,6.07,True,3,5762391878.507758,3.58,0.6955307262569832
sz.002969,2025-12-22,6.68,6.68,6.68,6.68,6.07,1596800.0,10666624.0,0.1682,0,0.1,主板,6.68,True,4,6341631391.200952,3.65,0.8301369863013699
sz.002969,2025-12-23,7.35,7.35,7.35,7.35,6.68,5292209.0,38897736.15,0.5575,0,0.1,主板,7.35,True,5,6977172403.587444,3.71,0.9811320754716981
sz.002969,2025-12-24,8.09,8.09,8.09,8.09,7.35,2962967.0,23970403.03,0.3121,0,0.1,主板,8.09,True,6,7680359830.182634,3.7,1.1864864864864861
sz.002969,2025-12-25,8.9,8.9,8.9,8.9,8.09,2063561.0,18365692.9,0.2174,0,0.1,主板,8.9,True,7,8447880818.767248,3.76,1.3670212765957448
sz.002969,2025-12-26,9.79,9.79,9.79,9.79,8.9,2588493.0,25341346.47,0.2727,0,0.1,主板,9.79,True,8,9292756314.631462,3.86,1.5362694300518132
sz.002969,2025-12-29,10.77,10.77,10.77,10.77,9.79,8883845.0,95679010.65,0.9358,0,0.1,主板,10.77,True,9,10224301202.179953,3.86,1.790155440414508
sz.002969,2025-12-30,11.85,11.85,11.85,11.85,10.77,8274524.0,98053109.4,0.8716,0,0.1,主板,11.85,True,10,11249783088.57274,4.08,1.9044117647058822
sz.002970,2025-11-25,43.99,48.09,43.85,48.09,43.72,13093175.0,615624476.21,10.6181,0,0.1,主板,48.09,True,1,5797877927.406975,44.48,0.08116007194244612
sz.002975,2025-11-06,69.33,76.26,69.33,76.26,69.33,11515750.0,849922250.76,10.8784,0,0.1,主板,76.26,True,1,7812934353.94911,59.7,0.27738693467336684
sz.002975,2025-11-25,70.73,77.0,70.16,77.0,70.0,6460523.0,487273386.41,6.103,0,0.1,主板,77.0,True,1,7984161664.918894,60.88,0.2647831800262812
sz.002976,2025-11-28,25.86,28.44,25.8,28.44,25.85,4840051.0,133478115.64,7.4215,0,0.1,主板,28.44,True,1,1798532852.3883314,25.01,0.13714514194322258
sz.002976,2025-12-01,28.79,31.28,27.5,31.28,28.44,13361568.0,396657735.46,20.4881,0,0.1,主板,31.28,True,2,1936039630.1267564,25.1,0.24621513944223095
sz.002976,2025-12-02,30.97,34.41,29.3,34.41,31.28,15636464.0,512654094.8,23.9763,0,0.1,主板,34.41,True,3,2138170171.3775687,25.46,0.35153181461115457
sz.002977,2025-11-24,35.05,38.28,35.05,38.28,34.8,8877575.0,330266094.95,13.3257,0,0.1,主板,38.28,True,1,2478414604.4860682,34.02,0.1252204585537917
sz.002977,2025-12-05,36.5,40.37,36.5,40.37,36.7,7636158.0,303309970.58,11.4622,0,0.1,主板,40.37,True,1,2646175870.0772977,33.6,0.20148809523809508
sz.002977,2025-12-08,43.4,44.41,42.0,44.41,40.37,19771358.0,864958071.42,29.6777,0,0.1,主板,44.41,True,2,2914505070.878134,33.87,0.31118984351933854
sz.002977,2025-12-18,40.0,44.07,39.8,44.07,40.06,10633984.0,461210979.64,15.9621,0,0.1,主板,44.07,True,1,2889412919.6033106,34.45,0.27924528301886786
sz.002981,2025-12-01,29.77,32.57,29.5,32.57,29.61,9200567.0,291193085.89,7.7048,0,0.1,主板,32.57,True,1,3779372415.766795,31.33,0.03957867858282804
sz.002983,2025-11-28,19.71,21.68,19.61,21.68,19.71,6049338.0,129467689.44,4.7213,0,0.1,主板,21.68,True,1,2742204253.913117,20.53,0.05601558694593267
sz.002983,2025-12-01,22.22,23.85,21.73,23.85,21.68,18211278.0,423693391.53,14.2133,0,0.1,主板,23.85,True,2,2980964248.485573,20.49,0.16398243045388017
sz.002985,2025-12-18,27.63,30.65,27.59,30.65,27.86,20096081.0,602755343.29,11.4396,0,0.1,主板,30.65,True,1,5269024645.00507,28.03,0.09347128077060285
sz.002988,2025-11-06,37.57,41.42,37.56,41.42,37.65,9658116.0,389029261.7,3.868,0,0.1,主板,41.42,True,1,10057633446.22544,44.28,-0.06458897922312556
sz.002989,2025-12-12,23.49,25.77,23.27,25.77,23.43,6284616.0,156258430.62,3.3618,0,0.1,主板,25.77,True,1,4648058499.018383,26.38,-0.023123578468536743
sz.002990,2025-11-17,29.34,32.27,28.82,32.27,29.34,15072199.0,470134269.19,11.2399,0,0.1,主板,32.27,True,1,4182726440.537727,28.61,0.12792729814750103
sz.002995,2025-12-09,17.2,19.0,17.19,19.0,17.27,13044833.0,242832097.37,11.6039,0,0.1,主板,19.0,True,1,2092676577.4437904,17.78,0.06861642294713155
sz.003003,2025-12-01,13.35,14.44,13.35,14.44,13.13,9052000.0,127059600.0,7.6845,0,0.1,主板,14.44,True,1,1653453054.8506734,13.22,0.09228441754916794
sz.003003,2025-12-25,14.01,15.4,14.0,15.4,14.0,38441618.0,583288901.18,32.634,0,0.1,主板,15.4,True,1,1787365634.5529203,12.93,0.1910286156225831
sz.003005,2025-12-17,19.16,20.92,18.73,20.92,19.02,8150120.0,164693560.2,6.4185,0,0.1,主板,20.92,True,1,2565919766.3005376,21.08,-0.007590132827324347
sz.003007,2025-11-17,34.89,36.71,34.34,36.71,33.37,4285350.0,154263025.2,5.7857,0,0.1,主板,36.71,True,1,2666281093.0397353,33.95,0.08129602356406473
sz.003007,2025-12-24,32.39,35.46,32.1,35.46,32.24,4390730.0,150727125.3,6.1078,0,0.1,主板,35.46,True,1,2467780957.136776,36.75,-0.03510204081632651
sz.003007,2025-12-25,38.95,39.01,38.88,39.01,35.46,5051190.0,196987864.9,7.0265,0,0.1,主板,39.01,True,2,2803499109.0870275,35.73,0.09179960817240418
sz.003008,2025-11-25,22.51,24.6,22.46,24.6,22.36,12421580.0,302574927.28,15.9561,0,0.1,主板,24.6,True,1,1896296258.358872,22.68,0.08465608465608465
sz.003009,2025-11-24,50.39,55.1,50.39,55.1,50.09,11485370.0,616994724.6,7.3911,0,0.1,主板,55.1,True,1,8347806478.061453,54.92,0.00327749453750914
sz.003009,2025-11-27,52.54,58.83,52.08,58.83,53.48,10906739.0,613895001.68,7.0187,0,0.1,主板,58.83,True,1,8746562777.722368,54.79,0.07373608322686631
sz.003009,2025-12-25,62.28,68.57,61.9,68.57,62.34,13279220.0,888408683.58,8.5454,0,0.1,主板,68.57,True,1,10396338188.733118,58.83,0.1655617882032976
sz.003009,2025-12-31,70.98,78.54,70.6,78.54,71.4,18921251.0,1417949783.73,12.1762,0,0.1,主板,78.54,True,1,11645257007.358618,60.59,0.2962535071794026
sz.003010,2025-12-19,33.65,36.99,33.41,36.99,33.63,11790568.0,421289190.58,5.2138,0,0.1,主板,36.99,True,1,8080271406.267982,35.49,0.042265426880811585
sz.003011,2025-12-02,22.8,25.14,22.72,25.14,22.85,7191367.0,175200005.89,9.2092,0,0.1,主板,25.14,True,1,1902445444.6640317,23.8,0.05630252100840338
sz.003016,2025-12-03,9.73,10.49,9.32,10.49,9.54,54676344.0,547372974.56,13.307,0,0.1,主板,10.49,True,1,4113421316.299691,8.91,0.17732884399551074
sz.003016,2025-12-09,10.28,11.63,10.11,11.63,10.57,48168009.0,533980073.06,11.7231,0,0.1,主板,11.63,True,1,4554939163.361227,8.91,0.3052749719416388
sz.003016,2025-12-10,12.79,12.79,12.3,12.79,11.63,57175470.0,727035078.9,13.9153,0,0.1,主板,12.79,True,2,5224717245.765452,9.35,0.3679144385026738
sz.003016,2025-12-24,9.55,10.33,9.44,10.33,9.39,27146550.0,271515344.5,6.6069,0,0.1,主板,10.33,True,1,4109572484.8264685,9.23,0.11917659804983738
sz.003018,2025-11-13,16.39,16.89,16.0,16.89,15.35,10490965.0,173875316.52,10.7074,0,0.1,主板,16.89,True,1,1623879901.0030448,11.62,0.453528399311532
sz.003018,2025-11-24,14.01,14.01,14.01,14.01,12.74,5532161.0,77505575.61,5.6463,0,0.1,主板,14.01,True,1,1372679021.8373094,12.06,0.1616915422885572
sz.003018,2025-11-25,15.09,15.41,14.75,15.41,14.01,11573711.0,175330414.3,11.8124,0,0.1,主板,15.41,True,2,1484291205.0049102,12.31,0.25182778229082037
sz.003018,2025-11-26,16.15,16.95,15.41,16.95,15.41,29042115.0,477739199.96,29.6412,0,0.1,主板,16.95,True,3,1611740415.2328513,12.19,0.3904840032813781
sz.003018,2025-11-28,20.52,20.52,20.52,20.52,18.65,2745745.0,56342687.4,2.8024,0,0.1,主板,20.52,True,1,2010515536.682843,12.35,0.6615384615384616
sz.003018,2025-12-01,22.57,22.57,22.57,22.57,20.52,6946525.0,156783069.25,7.0898,0,0.1,主板,22.57,True,2,2211389168.241699,12.42,0.817230273752013
sz.003018,2025-12-02,24.83,24.83,24.21,24.83,22.57,12022326.0,298076342.38,12.2703,0,0.1,主板,24.83,True,3,2429250648.965388,12.62,0.9675118858954042
sz.003021,2025-12-22,103.55,112.19,102.6,112.19,101.99,11254066.0,1219937056.56,5.4279,0,0.1,主板,112.19,True,1,22475304566.4069,105.5,0.06341232227488147
sz.003022,2025-11-13,22.32,22.32,22.01,22.32,20.29,20260485.0,452117165.99,1.5183,0,0.1,主板,22.32,True,1,29777854573.536194,20.47,0.09037616023448947
sz.003027,2025-11-12,22.15,22.15,22.15,22.15,20.14,2491513.0,55187012.95,2.376,0,0.1,主板,22.15,True,1,2322685730.2188554,19.73,0.12265585402939672
sz.003027,2025-11-17,21.99,23.79,21.71,23.79,21.63,14015826.0,324036743.44,13.3661,0,0.1,主板,23.79,True,1,2424317814.770202,19.08,0.2468553459119498
sz.003029,2025-12-08,24.53,26.6,24.39,26.6,24.18,7694830.0,202892208.0,4.4418,0,0.1,主板,26.6,True,1,4567792516.547346,26.52,0.003016591251885359
sz.003031,2025-12-08,59.37,59.37,59.37,59.37,53.97,3822178.0,226922707.86,1.1237,0,0.1,主板,59.37,True,1,20194242934.947052,53.95,0.10046339202965693
sz.003031,2025-12-09,65.31,65.31,65.31,65.31,59.37,2898853.0,189324089.43,0.8522,0,0.1,主板,65.31,True,2,22215922251.818825,53.41,0.22280471821756231
sz.003031,2025-12-10,68.58,71.84,68.31,71.84,65.31,44295034.0,3152746656.28,13.0219,0,0.1,主板,71.84,True,3,24211110946.0217,52.79,0.36086379996211404
sz.003031,2025-12-17,68.77,74.88,67.9,74.88,68.07,13559652.0,974803532.27,3.9863,0,0.1,主板,74.88,True,1,24453842718.059353,51.88,0.4433307632999228
sz.003033,2025-12-12,61.9,68.48,61.9,68.48,62.25,2489500.0,166871827.0,3.0832,0,0.1,主板,68.48,True,1,5412293299.169694,68.34,0.0020485806262804385
sz.003033,2025-12-29,67.5,73.27,66.52,73.27,66.61,4446412.0,314849909.74,5.5068,0,0.1,主板,73.27,True,1,5717474935.352654,65.85,0.11268033409263478
sz.003039,2025-12-31,14.55,15.93,14.55,15.93,14.48,18914184.0,292305890.92,3.0629,0,0.1,主板,15.93,True,1,9543435662.933823,14.15,0.12579505300353344
sz.003041,2025-11-12,33.9,33.9,33.9,33.9,30.82,633264.0,21467649.6,0.4628,0,0.1,主板,33.9,True,1,4638645116.681072,24.95,0.3587174348697395
sz.003041,2025-11-13,37.29,37.29,37.29,37.29,33.9,137428.0,5124690.12,0.1004,0,0.1,主板,37.29,True,2,5104273027.888446,24.57,0.5177045177045176
sz.003041,2025-11-14,41.02,41.02,41.02,41.02,37.29,1031452.0,42310161.04,0.7539,0,0.1,主板,41.02,True,3,5612171513.463324,25.26,0.6239113222486143
sz.003041,2025-11-17,45.12,45.12,43.5,45.12,41.02,9471526.0,426474380.06,6.9224,0,0.1,主板,45.12,True,4,6160787877.903618,25.79,0.7495153160139589
sz.003041,2025-11-18,48.88,49.63,48.0,49.63,45.12,3730712.0,183120783.56,2.7267,0,0.1,主板,49.63,True,5,6715839056.735248,27.06,0.8340724316334074
sz.003041,2025-11-19,54.59,54.59,51.0,54.59,49.63,21364968.0,1146632685.36,15.615,0,0.1,主板,54.59,True,6,7343148801.5369835,27.5,0.9850909090909092
sz.003041,2025-11-25,55.6,59.84,53.6,59.84,54.4,18593070.0,1059656768.34,13.5891,0,0.1,主板,59.84,True,1,7797843627.171777,30.41,0.967773758632029
sz.300056,2025-12-09,9.18,10.3,9.14,10.3,8.58,38559892.0,388441368.01,10.0116,0,0.2,创业板,10.3,True,1,3879912981.0419917,9.13,0.12814895947426064
sz.300058,2025-12-31,9.76,11.52,9.68,11.52,9.6,1028093540.0,11164682247.42,29.5427,0,0.2,创业板,11.52,True,1,37791678646.23071,9.52,0.2100840336134453
sz.300062,2025-11-04,6.42,7.67,6.34,7.67,6.39,82150549.0,612189450.26,21.2761,0,0.2,创业板,7.67,True,1,2877357458.6507864,5.72,0.34090909090909105
sz.300062,2025-11-05,8.2,9.2,8.04,9.2,7.67,173797832.0,1480946337.89,45.0117,0,0.2,创业板,9.2,True,2,3290136426.5068865,5.67,0.6225749559082892
sz.300062,2025-12-12,9.03,10.78,9.0,10.78,8.98,123710346.0,1258149532.07,27.6756,0,0.2,创业板,10.78,True,1,4546060544.559106,11.61,-0.07149009474590873
sz.300071,2025-11-18,5.94,7.06,5.7,7.06,5.88,279062029.0,1768225035.35,29.5194,0,0.2,创业板,7.06,True,1,5990043955.33107,4.28,0.6495327102803736
sz.300072,2025-11-07,4.21,5.05,4.21,5.05,4.21,199606671.0,973485566.79,8.5618,0,0.2,创业板,5.05,True,1,11370104029.409704,3.68,0.3722826086956521
sz.300078,2025-11-18,3.78,4.5,3.78,4.5,3.75,204692544.0,871876344.78,18.385,0,0.2,创业板,4.5,True,1,4742324420.886592,3.44,0.30813953488372103
sz.300081,2025-12-09,5.45,6.53,5.41,6.53,5.44,141306737.0,886446787.57,23.3679,0,0.2,创业板,6.53,True,1,3793437953.6458135,5.47,0.19378427787934194
sz.300082,2025-11-11,9.42,11.44,9.21,11.44,9.53,110213825.0,1183633716.73,16.2507,0,0.2,创业板,11.44,True,1,7283586040.785935,7.9,0.44810126582278476
sz.300086,2025-11-14,8.77,10.62,8.75,10.62,8.85,124876214.0,1241586214.22,28.337,0,0.2,创业板,10.62,True,1,4381501973.462258,7.85,0.3528662420382165
sz.300086,2025-12-22,11.06,13.22,11.05,13.22,11.02,109051257.0,1352441835.25,24.746,0,0.2,创业板,13.22,True,1,5465294735.51281,10.85,0.2184331797235024
sz.300094,2025-11-19,4.6,5.38,4.52,5.38,4.48,414897589.0,2017288038.09,37.5297,0,0.2,创业板,5.38,True,1,5375177627.558973,3.63,0.4820936639118458
sz.300095,2025-12-04,9.4,11.24,9.4,11.24,9.37,108796197.0,1185001271.98,32.1191,0,0.2,创业板,11.24,True,1,3689397498.6223145,9.84,0.1422764227642277
sz.300102,2025-11-07,12.13,14.56,12.0,14.56,12.13,123349746.0,1693170480.92,13.4611,0,0.2,创业板,14.56,True,1,12578247549.754478,12.13,0.20032976092333055
sz.300102,2025-11-28,18.0,19.07,17.35,19.07,15.89,142910131.0,2669660093.13,15.5958,0,0.2,创业板,19.07,True,1,17117814367.522026,11.96,0.5944816053511706
sz.300118,2025-12-15,12.18,13.37,12.18,13.37,11.14,178478295.0,2301166981.11,19.2569,0,0.2,创业板,13.37,True,1,11949830871.58369,12.72,0.05110062893081757
sz.300123,2025-11-19,6.05,7.28,6.04,7.28,6.07,249608867.0,1757766744.54,24.9504,0,0.2,创业板,7.28,True,1,7045044346.142748,5.81,0.2530120481927711
sz.300131,2025-11-10,13.7,13.7,13.7,13.7,11.42,24995519.0,342438610.3,2.3982,0,0.2,创业板,13.7,True,1,14278984667.667416,10.45,0.3110047846889952
sz.300131,2025-12-24,12.31,14.82,12.31,14.82,12.35,137467386.0,1888584896.81,13.1893,0,0.2,创业板,14.82,True,1,14319068463.148159,11.59,0.278688524590164
sz.300152,2025-12-22,2.24,2.35,2.22,2.33,2.22,39967500.0,91912267.0,5.6085,1,0.05,ST,2.33,True,1,1638803013.2834089,2.45,-0.048979591836734726
sz.300159,2025-11-26,3.11,3.26,3.11,3.24,3.09,42243700.0,134384956.0,2.8701,1,0.05,ST,3.24,True,1,4682239503.85004,2.94,0.10204081632653073
sz.300167,2025-11-11,5.82,6.15,5.73,6.07,5.78,10361500.0,61998634.0,2.8871,1,0.05,ST,6.07,True,1,2147436320.1828823,5.15,0.178640776699029
sz.300167,2025-11-24,5.35,5.76,5.31,5.61,5.34,6649000.0,36832795.0,1.8526,1,0.05,ST,5.61,True,1,1988167710.245061,6.23,-0.0995184590690209
sz.300179,2025-11-11,15.6,18.61,15.6,18.61,15.51,83857306.0,1482165250.25,22.4228,0,0.2,创业板,18.61,True,1,6610081034.705746,12.87,0.44599844599844607
sz.300189,2025-12-10,5.74,6.88,5.73,6.88,5.73,454935752.0,2940157893.39,51.3332,0,0.2,创业板,6.88,True,1,5727595188.669321,5.19,0.32562620423892086
sz.300189,2025-12-22,6.01,7.13,5.95,7.13,5.94,403438309.0,2720008649.35,45.5225,0,0.2,创业板,7.13,True,1,5975086274.589489,5.65,0.2619469026548671
sz.300192,2025-11-25,20.86,23.95,20.67,23.95,19.96,42794126.0,986977025.6,13.1821,0,0.2,创业板,23.95,True,1,7487251846.06398,18.17,0.31810676940010985
sz.300223,2025-12-01,80.64,95.28,80.64,95.28,79.4,70922690.0,6297508431.64,16.8635,0,0.2,创业板,95.28,True,1,37344017740.326744,89.7,0.06220735785953169
sz.300225,2025-11-14,6.22,6.66,6.17,6.52,6.21,18138721.0,115890579.35,3.8182,1,0.05,ST,6.52,True,1,3035215005.761877,5.1,0.2784313725490195
sz.300250,2025-12-04,27.58,31.86,27.51,31.86,26.55,55548583.0,1646557506.56,35.23,0,0.2,创业板,31.86,True,1,4673736890.604599,25.15,0.26679920477137187
sz.300265,2025-12-11,10.53,12.01,10.53,12.01,10.01,69049518.0,799176084.22,14.7762,0,0.2,创业板,12.01,True,1,5408535917.353582,9.95,0.20703517587939713
sz.300265,2025-12-12,12.33,14.41,12.12,14.41,12.01,172303302.0,2249737196.14,36.872,0,0.2,创业板,14.41,True,2,6101478618.301149,10.01,0.43956043956043955
sz.300266,2025-12-11,2.56,2.95,2.56,2.95,2.46,174536020.0,507616380.98,11.2395,0,0.2,创业板,2.95,True,1,4516360878.864718,2.79,0.057347670250896154
sz.300268,2025-11-13,11.68,12.31,11.6,12.2,11.62,2547001.0,30570931.13,1.9049,1,0.05,ST,12.2,True,1,1604857532.1539187,10.12,0.2055335968379446
sz.300269,2025-12-02,6.07,7.19,6.06,7.19,5.99,149001727.0,1034297144.67,28.3446,0,0.2,创业板,7.19,True,1,3649009492.707606,5.31,0.3540489642184559
sz.300272,2025-11-12,7.1,8.48,7.06,8.48,7.07,123924055.0,992043439.89,26.6806,0,0.2,创业板,8.48,True,1,3718220129.5698004,6.56,0.29268292682926833
sz.300285,2025-12-12,25.58,28.0,24.66,28.0,23.33,115726128.0,3115911214.53,13.7549,0,0.2,创业板,28.0,True,1,22653099728.315006,24.51,0.14239086087311303
sz.300290,2025-12-08,27.0,31.5,27.0,31.5,26.25,56265076.0,1695954116.02,8.7977,0,0.2,创业板,31.5,True,1,19277244234.51584,28.6,0.10139860139860124
sz.300291,2025-12-26,6.4,6.4,6.4,6.4,5.33,7903875.0,50584800.0,0.8492,0,0.2,创业板,6.4,True,1,5956759302.873293,6.0,0.06666666666666665
sz.300291,2025-12-30,6.57,7.76,6.42,7.76,6.47,197158845.0,1439754362.03,21.1826,0,0.2,创业板,7.76,True,1,6796872725.869346,5.92,0.31081081081081074
sz.300300,2025-11-04,10.68,12.97,10.0,12.97,10.81,296202462.0,3486769115.36,44.4212,0,0.2,创业板,12.97,True,1,7849335712.137449,4.79,1.7077244258872653
sz.300300,2025-11-17,16.55,18.24,16.1,18.24,15.2,181425384.0,3129603535.94,27.2082,0,0.2,创业板,18.24,True,1,11502427709.073,5.96,2.060402684563758
sz.300318,2025-11-12,6.04,7.2,6.02,7.2,6.0,65130544.0,458213787.89,8.1562,0,0.2,创业板,7.2,True,1,5617981264.43687,5.56,0.2949640287769786
sz.300337,2025-12-08,12.0,13.57,11.91,13.57,11.31,109156031.0,1431770164.15,15.3441,0,0.2,创业板,13.57,True,1,9331079464.745409,10.54,0.2874762808349147
sz.300343,2025-11-25,5.71,5.95,5.7,5.85,5.57,30465833.0,177788058.96,2.8574,1,0.05,ST,5.85,True,1,6222022081.612655,5.0,0.16999999999999993
sz.300360,2025-11-11,18.33,19.51,18.33,19.51,16.26,101007789.0,1956310895.1,20.1904,0,0.2,创业板,19.51,True,1,9689312223.135748,15.85,0.23091482649842288
sz.300377,2025-12-05,15.7,18.84,15.56,18.84,15.7,94999097.0,1715426609.58,13.7482,0,0.2,创业板,18.84,True,1,12477463301.23216,18.7,0.007486631016042855
sz.300379,2025-11-03,2.12,2.27,2.08,2.23,2.12,76353442.0,166518793.78,14.4983,1,0.05,ST,2.23,True,1,1148540130.7739527,2.45,-0.08979591836734702
sz.300390,2025-11-17,52.8,59.77,52.8,59.77,49.81,90108888.0,5102041452.46,13.3984,0,0.2,创业板,59.77,True,1,38079483016.33031,23.53,1.540161495962601
sz.300393,2025-11-11,6.7,8.02,6.7,8.02,6.68,103977728.0,801924620.88,10.8774,0,0.2,创业板,8.02,True,1,7372392491.588063,6.54,0.22629969418960227
sz.300402,2025-11-03,21.85,21.85,21.85,21.85,18.21,9217674.0,201406176.9,3.7837,0,0.2,创业板,21.85,True,1,5322995398.683828,17.83,0.22546270330902995
sz.300402,2025-11-04,23.66,26.22,23.66,26.22,21.85,55074764.0,1413993670.84,22.607,0,0.2,创业板,26.22,True,2,6254671875.259874,17.9,0.46480446927374297
sz.300414,2025-12-23,12.86,15.54,12.8,15.54,12.95,77254880.0,1152979408.4,24.6405,0,0.2,创业板,15.54,True,1,4679204595.685965,12.98,0.19722650231124805
sz.300421,2025-12-05,23.65,28.78,23.2,28.78,23.98,86213175.0,2279098635.82,37.428,0,0.2,创业板,28.78,True,1,6089287794.752593,21.59,0.333024548402038
sz.300423,2025-12-15,8.84,10.26,8.79,10.26,8.55,117384067.0,1166031554.12,35.2124,0,0.2,创业板,10.26,True,1,3311423118.333314,8.34,0.2302158273381294
sz.300427,2025-11-17,7.91,8.69,7.81,8.69,7.24,96306567.0,804154134.06,19.1462,0,0.2,创业板,8.69,True,1,4200071732.5631194,5.8,0.49827586206896557
sz.300427,2025-12-05,8.69,10.56,8.69,10.56,8.8,156349843.0,1520848932.43,31.0832,0,0.2,创业板,10.56,True,1,4892832566.885006,7.24,0.45856353591160226
sz.300427,2025-12-08,11.75,12.67,11.54,12.67,10.56,122273098.0,1499920870.91,24.3085,0,0.2,创业板,12.67,True,2,6170355517.247054,7.09,0.7870239774330043
sz.300437,2025-11-06,10.16,12.22,10.06,12.22,10.18,48071863.0,573071407.49,27.343,0,0.2,创业板,12.22,True,1,2095861491.0214682,8.82,0.38548752834467126
sz.300437,2025-11-07,12.12,14.66,11.99,14.66,12.22,56918224.0,762133932.69,32.3747,0,0.2,创业板,14.66,True,2,2354103459.4606285,9.24,0.5865800865800865
sz.300437,2025-11-10,16.68,17.59,15.73,17.59,14.66,81483202.0,1346115112.93,46.3472,0,0.2,创业板,17.59,True,3,2904415181.3486037,9.58,0.8361169102296451
sz.300437,2025-11-25,15.63,18.66,15.14,18.66,15.55,54125790.0,901389947.51,30.7864,0,0.2,创业板,18.66,True,1,2927883570.3752303,9.91,0.8829465186680121
sz.300444,2025-11-05,8.03,9.89,8.03,9.89,8.24,218882857.0,2002566335.13,35.2215,0,0.2,创业板,9.89,True,1,5685636145.9052,8.11,0.21948212083847118
sz.300445,2025-12-12,21.6,25.61,21.51,25.61,21.34,25822025.0,609228119.76,18.1762,0,0.2,创业板,25.61,True,1,3351790361.9018273,21.1,0.21374407582938382
sz.300455,2025-11-03,20.47,24.56,20.25,24.56,20.47,94083226.0,2156449024.75,13.2769,0,0.2,创业板,24.56,True,1,16242112426.470036,16.6,0.4795180722891563
sz.300477,2025-12-09,3.23,3.52,3.18,3.45,3.29,138519860.0,469931737.49,13.9799,1,0.05,ST,3.45,True,1,3361481394.6451693,2.68,0.2873134328358209
sz.300483,2025-11-14,16.39,18.96,16.16,18.96,15.8,62250558.0,1078111935.86,22.9185,0,0.2,创业板,18.96,True,1,4704112118.419617,15.15,0.2514851485148515
sz.300490,2025-11-27,10.85,13.02,10.8,13.02,10.85,65658200.0,796977554.0,16.6962,0,0.2,创业板,13.02,True,1,4773406847.066997,11.62,0.12048192771084332
sz.300497,2025-11-13,17.01,17.5,17.01,17.5,14.58,52648745.0,917425806.76,11.9428,0,0.2,创业板,17.5,True,1,7681831787.855445,10.0,0.75
sz.300503,2025-12-25,37.55,43.42,37.02,43.42,36.18,52446589.0,2128048311.25,21.7643,0,0.2,创业板,43.42,True,1,9777701608.827301,27.51,0.5783351508542347
sz.300509,2025-11-27,10.73,12.88,10.51,12.88,10.73,29100053.0,358920041.28,11.7765,0,0.2,创业板,12.88,True,1,3047764966.5010824,10.82,0.19038817005545283
sz.300516,2025-11-24,47.75,58.32,47.01,58.32,48.6,28243048.0,1529669360.73,15.6906,0,0.2,创业板,58.32,True,1,9748953900.615654,38.84,0.5015447991761071
sz.300516,2025-12-16,58.01,67.21,58.01,67.21,56.01,25792313.0,1627117147.23,14.3291,0,0.2,创业板,67.21,True,1,11355333881.611546,40.39,0.6640257489477592
sz.300516,2025-12-31,68.01,80.7,67.51,80.7,67.25,25694137.0,1895697797.99,14.2745,0,0.2,创业板,80.7,True,1,13280309628.988756,53.46,0.5095398428731763
sz.300545,2025-11-27,28.28,33.83,28.27,33.83,28.19,23496141.0,762388778.91,19.6524,0,0.2,创业板,33.83,True,1,3879367298.192587,31.02,0.09058671824629272
sz.300551,2025-12-17,13.81,16.8,13.51,16.8,14.0,50628379.0,768928059.49,14.9314,0,0.2,创业板,16.8,True,1,5149738534.162905,13.43,0.2509307520476547
sz.300552,2025-12-16,26.91,28.06,26.51,28.06,23.38,21229483.0,591947031.34,15.4102,0,0.2,创业板,28.06,True,1,3841267675.5655346,25.73,0.09055577147298877
sz.300557,2025-12-19,32.3,39.34,32.07,39.34,32.78,21252679.0,777578138.91,17.8165,0,0.2,创业板,39.34,True,1,4364370886.03261,27.08,0.4527326440177255
sz.300560,2025-11-14,15.71,18.78,15.57,18.78,15.65,61533863.0,1069907525.54,32.912,0,0.2,创业板,18.78,True,1,3250812851.057365,12.67,0.4822415153906867
sz.300560,2025-11-17,22.54,22.54,21.55,22.54,18.78,50329546.0,1133135754.84,26.9193,0,0.2,创业板,22.54,True,2,4209380462.4934525,12.88,0.7499999999999998
sz.300582,2025-12-29,14.72,17.76,14.64,17.76,14.8,47610503.0,796802927.78,21.4907,0,0.2,创业板,17.76,True,1,3707663909.411978,15.15,0.17227722772277243
sz.300584,2025-11-14,58.02,71.9,58.0,71.9,59.92,21503990.0,1417307902.37,26.189,0,0.2,创业板,71.9,True,1,5411844294.818435,55.14,0.3039535727239755
sz.300589,2025-11-17,14.99,16.31,14.69,16.31,13.59,106259049.0,1701371077.93,45.879,0,0.2,创业板,16.31,True,1,3708387449.4431005,12.5,0.30479999999999996
sz.300589,2025-11-19,16.41,19.18,16.05,19.18,15.98,112722431.0,1987605032.94,48.6697,0,0.2,创业板,19.18,True,1,4083865388.403874,12.55,0.5282868525896414
sz.300589,2025-11-24,21.71,26.9,21.66,26.9,22.42,127879449.0,3069722691.27,55.214,0,0.2,创业板,26.9,True,1,5559681767.794399,12.56,1.1417197452229297
sz.300591,2025-11-04,10.05,12.31,10.03,12.31,10.26,126406122.0,1429880274.71,36.0702,0,0.2,创业板,12.31,True,1,3964159540.8675303,10.24,0.2021484375
sz.300593,2025-12-24,25.31,30.24,25.3,30.24,25.2,63231879.0,1829968428.72,14.0433,0,0.2,创业板,30.24,True,1,13030900349.063255,24.59,0.22976819845465624
sz.300612,2025-11-17,15.24,18.19,15.24,18.19,15.16,54031249.0,942599678.0,30.0375,0,0.2,创业板,18.19,True,1,3138076331.2526007,13.64,0.3335777126099708
sz.300612,2025-11-18,18.8,21.83,18.38,21.83,18.19,80457295.0,1655067247.74,44.7284,0,0.2,创业板,21.83,True,2,3700260344.076694,13.91,0.5693745506829617
sz.300620,2025-11-25,125.11,147.0,123.11,147.0,122.5,47211935.0,6545108796.74,19.1058,0,0.2,创业板,147.0,True,1,34257182618.576557,116.08,0.2663680220537561
sz.300629,2025-12-24,18.88,22.66,18.6,22.66,18.88,52586971.0,1128894589.0,24.2522,0,0.2,创业板,22.66,True,1,4654813126.231847,18.55,0.2215633423180592
sz.300638,2025-12-01,29.11,32.38,28.4,32.38,26.98,145735018.0,4528408042.34,27.3462,0,0.2,创业板,32.38,True,1,16559551390.467415,27.8,0.16474820143884905
sz.300640,2025-12-18,7.67,8.86,7.67,8.86,7.38,86549428.0,728482786.18,39.2071,0,0.2,创业板,8.86,True,1,1858037922.1620574,7.32,0.2103825136612021
sz.300659,2025-11-17,14.95,17.82,14.95,17.82,14.85,35732955.0,604809128.54,18.7739,0,0.2,创业板,17.82,True,1,3221542292.9705596,15.35,0.16091205211726378
sz.300668,2025-12-25,22.0,26.6,22.0,26.6,22.17,17459230.0,440796363.57,17.5128,0,0.2,创业板,26.6,True,1,2516995360.9360013,19.05,0.39632545931758534
sz.300669,2025-11-05,30.3,36.78,30.2,36.78,30.65,6336825.0,219368334.78,3.4722,0,0.2,创业板,36.78,True,1,6317848475.894245,32.36,0.13658838071693458
sz.300703,2025-12-19,23.73,28.22,23.27,28.22,23.52,31553345.0,825928408.39,18.5978,0,0.2,创业板,28.22,True,1,4441000593.56483,24.09,0.17144043171440426
sz.300710,2025-12-18,30.88,30.88,30.88,30.88,25.73,3696765.0,114156103.2,4.9568,0,0.2,创业板,30.88,True,1,2303020158.166559,24.66,0.2522303325223032
sz.300726,2025-12-23,44.5,52.85,44.5,52.85,44.04,42014955.0,2081898577.24,19.593,0,0.2,创业板,52.85,True,1,10625726418.823048,38.55,0.37094682230869025
sz.300749,2025-12-05,10.6,12.76,10.48,12.76,10.63,20901093.0,249849346.16,13.2793,0,0.2,创业板,12.76,True,1,1881494854.0962248,10.36,0.23166023166023164
sz.300751,2025-12-29,183.42,205.32,183.42,205.32,171.1,19994834.0,3954405405.68,10.3411,0,0.2,创业板,205.32,True,1,38239697959.4047,114.25,0.7971115973741794
sz.300774,2025-11-20,18.2,20.8,18.2,20.8,17.33,30294943.0,606028621.99,15.5454,0,0.2,创业板,20.8,True,1,3898443410.848225,14.16,0.4689265536723164
sz.300775,2025-11-06,30.0,30.59,29.41,30.59,25.49,72880242.0,2218498150.44,13.7102,0,0.2,创业板,30.59,True,1,16181369713.352102,24.84,0.2314814814814814
sz.300785,2025-11-13,33.76,40.44,33.22,40.44,33.7,26669975.0,992871484.33,21.8009,0,0.2,创业板,40.44,True,1,4554268329.885464,34.07,0.18696800704432048
sz.300801,2025-11-13,38.0,42.08,38.0,42.08,35.07,36669645.0,1505420345.23,26.866,0,0.2,创业板,42.08,True,1,5603440576.304623,25.63,0.6418259851736245
sz.300814,2025-11-20,66.01,75.78,66.01,75.78,63.15,20491668.0,1464126275.03,10.7045,0,0.2,创业板,75.78,True,1,13677670839.64688,54.13,0.3999630519120636
sz.300819,2025-12-26,28.9,34.57,28.81,34.57,28.81,14391050.0,476330432.5,10.6788,0,0.2,创业板,34.57,True,1,4460523958.684496,23.81,0.4519109617807644
sz.300821,2025-11-07,9.44,11.38,9.4,11.38,9.48,103393671.0,1137288260.87,8.6176,0,0.2,创业板,11.38,True,1,13197273728.996471,9.26,0.2289416846652268
sz.300827,2025-11-13,37.51,44.64,37.51,44.64,37.2,93128584.0,3893953575.62,24.1758,0,0.2,创业板,44.64,True,1,16106824078.706806,31.6,0.41265822784810124
sz.300840,2025-12-30,17.59,19.56,17.59,19.56,16.3,42254512.0,802678592.61,23.8611,0,0.2,创业板,19.56,True,1,3363963072.155098,18.7,0.04598930481283414
sz.300848,2025-11-03,18.97,18.97,18.26,18.97,15.81,44700498.0,845142462.5,17.6596,0,0.2,创业板,18.97,True,1,4785739555.256064,16.04,0.18266832917705744
sz.300885,2025-12-04,21.7,25.57,21.38,25.57,21.31,31157257.0,743342891.37,18.6551,0,0.2,创业板,25.57,True,1,3984663128.9566927,22.19,0.15232086525461908
sz.300885,2025-12-30,25.43,30.98,25.01,30.98,25.82,44157471.0,1249733003.24,26.4388,0,0.2,创业板,30.98,True,1,4726890037.520614,21.99,0.4088221919054116
sz.300887,2025-12-24,7.78,9.32,7.78,9.32,7.77,57999786.0,511881124.5,16.0133,0,0.2,创业板,9.32,True,1,3196599854.49595,8.42,0.10688836104513078
sz.300900,2025-12-25,28.58,31.21,28.58,31.21,26.01,54312461.0,1668444303.91,24.0241,0,0.2,创业板,31.21,True,1,6944877451.850433,17.34,0.7998846597462514
sz.300903,2025-11-12,17.47,21.14,17.25,21.14,17.62,98363249.0,1965729275.56,29.9591,0,0.2,创业板,21.14,True,1,6561376261.503182,13.19,0.6027293404094012
sz.300903,2025-12-01,18.25,20.28,18.0,20.28,16.9,40478149.0,796448222.37,12.3287,0,0.2,创业板,20.28,True,1,6460115197.628299,14.58,0.3909465020576133
sz.300937,2025-11-12,29.91,35.11,29.91,35.11,29.26,11105223.0,377687168.74,17.6503,0,0.2,创业板,35.11,True,1,2139834273.2984707,26.74,0.31301421091997006
sz.300946,2025-12-04,51.0,58.6,50.0,58.6,48.83,12558785.0,710974409.19,16.5674,0,0.2,创业板,58.6,True,1,4291406069.6910806,52.39,0.11853407138766947
sz.300947,2025-12-19,18.85,22.51,18.62,22.51,18.76,32416389.0,704493431.84,21.4568,0,0.2,创业板,22.51,True,1,3283310800.4921517,19.66,0.1449643947100714
sz.300949,2025-11-13,43.98,52.2,43.13,52.2,43.5,5729199.0,275327625.8,16.7027,0,0.2,创业板,52.2,True,1,1648401909.8708591,39.18,0.332312404287902
sz.300959,2025-11-10,101.0,120.0,98.37,120.0,100.0,9279765.0,994612756.23,17.7246,0,0.2,创业板,120.0,True,1,5611482099.624251,88.1,0.36208853575482425
sz.300959,2025-11-11,129.28,144.0,126.84,144.0,120.0,9342274.0,1294884073.48,17.844,0,0.2,创业板,144.0,True,2,7256691736.606142,78.58,0.8325273606515653
sz.300959,2025-12-09,113.85,138.0,113.0,138.0,115.0,9645545.0,1219463568.61,18.4233,0,0.2,创业板,138.0,True,1,6619137551.95866,144.0,-0.04166666666666663
sz.300963,2025-12-12,19.3,23.39,18.86,23.39,19.49,81726864.0,1764665156.05,28.2389,0,0.2,创业板,23.39,True,1,6249057704.2661,19.59,0.19397651863195509
sz.300990,2025-12-23,78.4,93.0,78.4,93.0,77.5,11114714.0,997279622.82,14.4117,0,0.2,创业板,93.0,True,1,6919930492.724662,68.0,0.36764705882352944
sz.300997,2025-11-10,18.67,21.86,18.33,21.86,18.22,27386203.0,565513938.47,7.0947,0,0.2,创业板,21.86,True,1,7970935183.5877495,16.82,0.2996432818073722
sz.300997,2025-11-11,24.05,26.23,23.11,26.23,21.86,39908756.0,982790884.41,10.3389,0,0.2,创业板,26.23,True,2,9505758682.354988,17.0,0.5429411764705883
sz.300997,2025-12-15,24.75,27.74,24.49,27.74,23.12,20074145.0,530295548.37,5.2005,0,0.2,创业板,27.74,True,1,10197010832.996828,25.73,0.07811892732219183
sz.301001,2025-11-26,33.95,41.44,33.95,41.44,34.53,14061392.0,549515909.75,27.9551,0,0.2,创业板,41.44,True,1,1965708975.285368,30.15,0.3744610281923715
sz.301005,2025-12-05,59.01,69.61,59.01,69.61,58.01,20297433.0,1351773561.5,15.3337,0,0.2,创业板,69.61,True,1,8815703721.21536,49.13,0.416853246488907
sz.301005,2025-12-12,83.9,96.78,83.9,96.78,80.65,33561418.0,3110630104.44,25.3539,0,0.2,创业板,96.78,True,1,12268842680.771008,48.76,0.9848236259228877
sz.301005,2025-12-24,91.75,112.44,91.75,112.44,93.7,29761339.0,3124391379.49,22.4831,0,0.2,创业板,112.44,True,1,13896621815.897274,60.9,0.8463054187192118
sz.301005,2025-12-25,118.71,134.93,118.71,134.93,112.44,29468903.0,3742217937.3,22.2622,0,0.2,创业板,134.93,True,2,16809739995.59792,69.0,0.9555072463768117
sz.301017,2025-11-14,13.88,16.66,13.8,16.66,13.88,14176727.0,227348526.9,5.8256,0,0.2,创业板,16.66,True,1,3902577020.3927493,10.85,0.5354838709677421
sz.301017,2025-12-18,15.82,18.04,15.3,18.04,15.03,48771511.0,808753374.09,20.0412,0,0.2,创业板,18.04,True,1,4035453835.5487695,13.4,0.3462686567164177
sz.301019,2025-11-26,21.83,25.74,21.55,25.74,21.45,17096647.0,406923359.14,16.3433,0,0.2,创业板,25.74,True,1,2489848189.410951,20.51,0.2549975621647975
sz.301024,2025-11-05,43.0,47.89,43.0,47.89,39.91,5734587.0,264157837.43,9.3154,0,0.2,创业板,47.89,True,1,2835711160.336647,41.79,0.14596793491265858
sz.301040,2025-11-26,22.75,27.13,22.53,27.13,22.61,16537906.0,417818162.68,17.5501,0,0.2,创业板,27.13,True,1,2380716706.3435535,23.49,0.15495955725840793
sz.301043,2025-11-27,45.6,55.13,45.6,55.13,45.94,4908780.0,254774359.85,8.6502,0,0.2,创业板,55.13,True,1,2945300222.538207,42.7,0.2911007025761123
sz.301043,2025-12-25,53.2,63.0,52.33,63.0,52.5,5191214.0,304151683.85,9.1479,0,0.2,创业板,63.0,True,1,3324825193.213743,55.13,0.14275349174678031
sz.301066,2025-12-31,16.56,19.69,16.46,19.69,16.41,25764674.0,478310893.18,13.6475,0,0.2,创业板,19.69,True,1,3504751003.3339443,15.78,0.24778200253485427
sz.301079,2025-12-12,25.41,30.86,25.16,30.86,25.72,25609044.0,736850718.16,36.8342,0,0.2,创业板,30.86,True,1,2000452617.8388562,25.3,0.2197628458498022
sz.301092,2025-11-20,34.18,41.02,34.02,41.02,34.18,11633596.0,461631053.73,19.1693,0,0.2,创业板,41.02,True,1,2408178982.6962905,30.95,0.32536348949919236
sz.301111,2025-11-26,18.25,22.06,18.25,22.06,18.38,14284489.0,304263538.72,8.9278,0,0.2,创业板,22.06,True,1,3408046088.846077,16.91,0.3045535186280306
sz.301111,2025-11-27,22.5,26.47,21.25,26.47,22.06,38350798.0,892003792.7,23.9692,0,0.2,创业板,26.47,True,2,3721458341.1211057,16.76,0.5793556085918852
sz.301116,2025-11-19,11.73,14.05,11.67,14.05,11.71,31073400.0,397312393.47,6.9209,0,0.2,创业板,14.05,True,1,5740761945.267235,10.82,0.29852125693160825
sz.301117,2025-11-25,40.51,48.17,40.48,48.17,40.14,28590187.0,1322022224.6,35.9852,0,0.2,创业板,48.17,True,1,3673794294.8767824,39.94,0.20605908863294964
sz.301117,2025-12-26,54.31,59.21,54.1,59.21,49.34,16873907.0,981459193.42,21.2384,0,0.2,创业板,59.21,True,1,4621154104.923158,51.06,0.15961613787700735
sz.301118,2025-11-19,26.66,31.58,26.4,31.58,26.32,10472539.0,321850151.12,9.9689,0,0.2,创业板,31.58,True,1,3228542277.683596,26.01,0.21414840445982297
sz.301123,2025-12-17,45.8,52.78,45.8,52.78,43.98,29925540.0,1534355035.9,12.8106,0,0.2,创业板,52.78,True,1,11977230074.31346,40.9,0.2904645476772616
sz.301123,2025-12-23,58.88,72.53,58.3,72.53,60.44,39549171.0,2613009652.83,16.9303,0,0.2,创业板,72.53,True,1,15433924105.479527,40.62,0.7855736090595766
sz.301136,2025-11-04,12.61,15.34,12.56,15.34,12.78,48350815.0,695069327.69,17.569,0,0.2,创业板,15.34,True,1,3956225896.1238546,11.28,0.3599290780141844
sz.301136,2025-11-24,13.88,16.32,13.87,16.32,13.6,19768418.0,315061249.22,7.1832,0,0.2,创业板,16.32,True,1,4386084881.668338,12.4,0.31612903225806455
sz.301136,2025-12-02,16.11,19.92,15.83,19.92,16.6,46241058.0,827155471.32,16.8024,0,0.2,创业板,19.92,True,1,4922841209.112985,15.34,0.2985658409387224
sz.301148,2025-12-01,39.64,39.64,39.64,39.64,33.03,961445.0,38111679.8,1.6331,0,0.2,创业板,39.64,True,1,2333701536.954259,33.9,0.16932153392330385
sz.301148,2025-12-02,47.57,47.57,42.97,47.57,39.64,10639531.0,490204970.49,18.072,0,0.2,创业板,47.57,True,2,2712510903.552457,33.11,0.4367260646330413
sz.301150,2025-11-14,42.97,52.28,42.02,52.28,43.57,28687056.0,1369057332.82,12.8881,0,0.2,创业板,52.28,True,1,10622646726.980703,35.8,0.46033519553072644
sz.301150,2025-11-17,55.51,62.74,52.8,62.74,52.28,34332617.0,2006856948.57,15.4245,0,0.2,创业板,62.74,True,2,13010839564.13498,37.02,0.6947595894111289
sz.301153,2025-12-31,20.61,24.72,20.55,24.72,20.6,32109108.0,761935039.72,9.7528,0,0.2,创业板,24.72,True,1,7812474773.603478,19.9,0.24221105527638187
sz.301159,2025-11-26,40.61,47.26,40.56,47.26,39.38,8299883.0,377139025.51,15.6557,0,0.2,创业板,47.26,True,1,2408956645.247418,34.86,0.35570854847963274
sz.301171,2025-11-21,35.2,39.97,35.2,39.97,33.31,145784831.0,5540106728.46,38.2749,0,0.2,创业板,39.97,True,1,14474516532.923666,28.61,0.3970639636490738
sz.301181,2025-12-26,38.99,46.37,38.83,46.37,38.64,8976007.0,396474239.93,9.9533,0,0.2,创业板,46.37,True,1,3983344618.669185,39.0,0.18897435897435888
sz.301183,2025-11-28,108.29,122.22,106.71,122.22,101.85,17002241.0,1980165492.82,29.0007,0,0.2,创业板,122.22,True,1,6827992058.191699,101.85,0.19999999999999996
sz.301183,2025-12-08,141.75,164.14,140.2,164.14,136.78,10561629.0,1618508043.23,18.015,0,0.2,创业板,164.14,True,1,8984224497.529837,108.0,0.5198148148148147
sz.301191,2025-12-02,93.49,112.2,92.37,112.2,93.5,10489529.0,1079476992.84,20.0955,0,0.2,创业板,112.2,True,1,5371734929.90968,93.77,0.19654473712274734
sz.301201,2025-11-14,42.08,49.2,41.52,49.2,41.0,23584234.0,1087157811.37,21.7277,0,0.2,创业板,49.2,True,1,5003556802.468738,32.78,0.5009151921903601
sz.301201,2025-11-18,52.6,59.5,52.6,59.5,49.58,25044972.0,1450307337.9,23.0735,0,0.2,创业板,59.5,True,1,6285597494.528356,35.58,0.6722878021360315
sz.301205,2025-12-17,145.86,174.0,142.01,174.0,145.0,20485645.0,3273504604.51,30.1444,0,0.2,创业板,174.0,True,1,10859412045.056461,117.0,0.4871794871794872
sz.301225,2025-12-29,113.03,139.09,112.13,139.09,115.91,3554406.0,458137155.45,11.8948,0,0.2,创业板,139.09,True,1,3851575103.826882,100.79,0.3799980156761582
sz.301237,2025-12-29,49.5,58.34,49.5,58.34,48.62,5376804.0,310138818.97,8.1637,0,0.2,创业板,58.34,True,1,3798998235.7264476,49.67,0.17455204348701425
sz.301246,2025-12-26,24.81,26.88,24.01,26.88,22.4,47678911.0,1216033424.21,29.7914,0,0.2,创业板,26.88,True,1,4081827051.4645166,18.65,0.4412868632707776
sz.301256,2025-11-19,11.58,13.74,11.34,13.74,11.45,54757832.0,710270559.41,11.4079,0,0.2,创业板,13.74,True,1,6226128905.495315,11.04,0.24456521739130443
sz.301256,2025-12-01,14.25,17.21,13.79,17.21,14.34,65827906.0,996664544.52,13.7141,0,0.2,创业板,17.21,True,1,7267444050.42985,10.72,0.6054104477611939
sz.301261,2025-11-17,72.1,86.5,70.92,86.5,72.08,7093455.0,581799017.19,18.9243,0,0.2,创业板,86.5,True,1,3074348943.897529,78.43,0.1028943006502614
sz.301279,2025-12-10,28.19,34.01,28.08,34.01,28.34,8517036.0,273664111.63,8.6863,0,0.2,创业板,34.01,True,1,3150525674.107503,28.11,0.20988971896122366
sz.301292,2025-11-13,61.0,69.22,60.58,69.22,57.68,27672362.0,1836509734.07,32.5294,0,0.2,创业板,69.22,True,1,5645692001.912115,26.0,1.6623076923076923
sz.301292,2025-11-27,62.0,75.13,61.4,75.13,62.61,33932656.0,2351604186.11,39.8886,0,0.2,创业板,75.13,True,1,5895429235.696416,30.8,1.439285714285714
sz.301292,2025-12-26,63.92,72.0,60.0,72.0,60.0,41412676.0,2752124366.69,48.6815,0,0.2,创业板,72.0,True,1,5653326965.459158,80.62,-0.10692135946415282
sz.301361,2025-11-05,33.98,40.7,33.8,40.7,33.92,12148584.0,463093113.9,41.7707,0,0.2,创业板,40.7,True,1,1108655382.6007226,33.36,0.2200239808153479
sz.301380,2025-12-31,31.6,37.8,31.6,37.8,31.5,12063738.0,439160429.8,14.9417,0,0.2,创业板,37.8,True,1,2939159732.828259,32.77,0.15349404943545908
sz.301408,2025-11-26,14.49,17.4,14.48,17.4,14.5,34550814.0,570473980.76,23.1618,0,0.2,创业板,17.4,True,1,2462995020.9396505,13.36,0.3023952095808382
sz.301408,2025-12-18,20.35,21.84,19.7,21.84,18.2,54580173.0,1147102211.49,36.5889,0,0.2,创业板,21.84,True,1,3135109859.793544,14.43,0.5135135135135136
sz.301468,2025-12-12,51.0,57.62,51.0,57.62,48.02,12657086.0,696754346.49,16.8755,0,0.2,创业板,57.62,True,1,4128792311.2796664,41.66,0.3831012962073932
sz.301469,2025-12-25,28.85,35.16,28.62,35.16,29.3,10477885.0,346196305.05,22.749,0,0.2,创业板,35.16,True,1,1521808892.91837,29.47,0.19307770614183917
sz.301486,2025-12-05,80.27,91.85,79.38,91.85,76.54,13056928.0,1153403602.51,18.0211,0,0.2,创业板,91.85,True,1,6400295223.432532,83.95,0.09410363311494918
sz.301486,2025-12-08,93.55,110.22,93.55,110.22,91.85,26343556.0,2711105309.0,36.3591,0,0.2,创业板,110.22,True,2,7456469794.356847,82.83,0.3306772908366533
sz.301510,2025-12-04,38.01,40.58,36.8,40.58,33.82,66470142.0,2623473218.19,23.8108,0,0.2,创业板,40.58,True,1,11017996951.761385,32.03,0.266937246331564
sz.301517,2025-12-09,54.03,62.77,54.03,62.77,52.31,29023956.0,1757928972.83,29.5689,0,0.2,创业板,62.77,True,1,5945195705.048209,44.83,0.4001784519295115
sz.301518,2025-11-11,35.7,43.81,35.3,43.81,36.51,11385190.0,433136422.68,21.2813,0,0.2,创业板,43.81,True,1,2035291183.7152805,36.34,0.2055586130985141
sz.301526,2025-12-05,6.33,7.25,6.27,7.25,6.04,405410718.0,2807089335.47,28.8673,0,0.2,创业板,7.25,True,1,9724114605.349304,6.04,0.20033112582781465
sz.301529,2025-12-05,71.53,85.85,71.01,85.85,71.54,6784224.0,526529506.42,14.9966,0,0.2,创业板,85.85,True,1,3510992534.4411397,63.5,0.35196850393700774
sz.301567,2025-12-01,46.44,55.63,46.0,55.63,46.36,9085418.0,480175930.46,42.7753,0,0.2,创业板,55.63,True,1,1122554208.760663,42.21,0.31793413882966126
sz.301611,2025-12-22,67.09,76.27,67.09,76.27,63.56,21867725.0,1633811769.34,14.9184,0,0.2,创业板,76.27,True,1,10951655468.012655,50.45,0.5117938553022794
sz.301638,2025-11-25,20.75,24.61,20.63,24.61,20.51,129296623.0,3023671309.34,55.0245,0,0.2,创业板,24.61,True,1,5495136365.328172,,
