code,date,close,streak,yizi,open_gap,turn,amount,gain20,isST,board,bare_code,name
sh.600017,2025-04-09,3.33,1,False,-1.65,4.7334,450753325.6,10.26,0,0.1,600017,日照港
sh.600032,2025-04-03,8.5,1,False,-0.78,2.4257,481275259.49,15.02,0,0.1,600032,浙江新能
sh.600051,2025-04-24,7.4,1,False,0.59,12.3323,277027257.36,6.47,0,0.1,600051,宁波联合
sh.600051,2025-04-25,8.14,2,True,10.0,3.0311,76703114.18,17.8,0,0.1,600051,宁波联合
sh.600053,2025-04-14,13.57,1,False,1.22,1.9601,110211889.86,-2.09,0,0.1,600053,*ST九鼎
sh.600053,2025-04-18,14.09,1,False,-0.23,3.9721,239317249.81,6.1,0,0.1,600053,*ST九鼎
sh.600063,2025-03-20,4.8,1,False,4.82,11.6395,1061567841.91,24.35,0,0.1,600063,皖维高新
sh.600067,2025-03-04,2.77,1,False,-0.4,5.058,189962706.88,15.9,0,0.1,600067,冠城新材
sh.600081,2025-03-26,12.97,1,False,-0.08,2.7548,192685061.36,3.35,0,0.1,600081,东风科技
sh.600081,2025-03-31,14.96,1,False,2.65,10.2624,809562627.35,25.29,0,0.1,600081,东风科技
sh.600094,2025-04-08,3.17,1,False,0.0,2.509,169333483.82,-8.38,0,0.1,600094,大名城
sh.600094,2025-04-09,3.49,2,False,1.26,3.8565,287390245.13,-0.85,0,0.1,600094,大名城
sh.600095,2025-03-31,7.58,1,True,10.01,0.4677,101363489.36,13.13,0,0.1,600095,湘财股份
sh.600097,2025-03-20,10.66,1,False,-0.1,4.5499,112929449.0,17.27,0,0.1,600097,开创国际
sh.600097,2025-03-21,11.73,2,True,10.04,2.6677,75393402.0,30.77,0,0.1,600097,开创国际
sh.600101,2025-04-01,12.0,1,False,0.0,21.9207,1365248842.43,28.76,0,0.1,600101,明星电力
sh.600101,2025-04-25,12.99,1,False,0.0,28.1045,1930618537.51,16.5,0,0.1,600101,明星电力
sh.600105,2025-03-03,5.92,1,False,1.67,15.106,1288253139.98,15.18,0,0.1,600105,永鼎股份
sh.600105,2025-03-25,7.26,1,False,0.0,9.0499,941592612.52,23.05,0,0.1,600105,永鼎股份
sh.600105,2025-04-22,6.14,1,False,7.53,9.1056,808663883.26,-6.97,0,0.1,600105,永鼎股份
sh.600107,2025-03-10,4.79,1,False,1.38,4.8249,82386783.53,3.23,0,0.1,600107,*ST尔雅
sh.600107,2025-03-12,5.12,1,False,0.86,7.5886,136307790.96,13.78,0,0.1,600107,*ST尔雅
sh.600107,2025-04-14,4.87,1,False,2.03,3.1041,52996487.0,-8.11,0,0.1,600107,*ST尔雅
sh.600108,2025-04-08,3.25,1,False,0.34,10.9018,660092213.26,15.25,0,0.1,600108,亚盛集团
sh.600116,2025-04-28,7.61,1,False,7.37,6.7969,984742256.67,11.42,0,0.1,600116,三峡水利
sh.600119,2025-04-22,8.01,1,False,1.65,4.86,141501202.14,10.94,0,0.1,600119,*ST长投
sh.600126,2025-03-31,11.86,1,False,-3.53,11.1362,4209359013.02,-0.59,0,0.1,600126,杭钢股份
sh.600127,2025-04-10,7.89,1,False,-4.6,15.3098,731864310.16,19.73,0,0.1,600127,金健米业
sh.600128,2025-03-26,10.41,1,False,-0.32,13.4677,338810603.82,7.76,0,0.1,600128,苏豪弘业
sh.600128,2025-04-15,10.21,1,False,0.0,15.938,388848360.15,-1.45,0,0.1,600128,苏豪弘业
sh.600129,2025-03-03,22.22,1,False,1.53,11.6597,1411974339.96,15.85,0,0.1,600129,太极集团
sh.600130,2025-04-11,3.11,1,False,-1.06,6.0455,135592702.0,-13.37,0,0.1,600130,波导股份
sh.600133,2025-03-06,10.35,1,False,0.53,6.1747,667081847.85,8.38,0,0.1,600133,东湖高新
sh.600136,2025-03-04,2.36,1,False,-2.22,0.7484,33516480.78,18.0,1,0.1,600136,ST明诚
sh.600136,2025-03-12,2.42,1,False,0.0,0.3617,16678208.0,20.4,1,0.1,600136,ST明诚
sh.600136,2025-04-21,2.03,1,False,2.59,0.2715,10672559.0,-17.81,1,0.1,600136,ST明诚
sh.600149,2025-04-28,4.86,1,False,-0.23,14.5445,259313665.23,14.08,0,0.1,600149,廊坊发展
sh.600156,2025-03-26,5.8,1,False,-0.76,4.6963,105989666.8,8.21,0,0.1,600156,华升股份
sh.600165,2025-03-07,3.73,1,False,-0.85,2.5562,62038421.19,23.1,1,0.1,600165,宁科生物
sh.600165,2025-03-10,3.92,2,False,2.41,3.575,95458256.92,24.44,1,0.1,600165,宁科生物
sh.600165,2025-03-11,4.12,3,False,0.77,2.3135,64267794.41,24.47,1,0.1,600165,宁科生物
sh.600165,2025-03-26,4.13,1,False,-0.25,2.3111,64654379.24,2.99,1,0.1,600165,宁科生物
sh.600165,2025-03-31,4.43,1,False,0.47,2.8761,85626300.41,21.7,1,0.1,600165,宁科生物
sh.600165,2025-04-02,4.63,1,False,0.45,2.3045,72231232.0,31.16,1,0.1,600165,宁科生物
sh.600165,2025-04-10,4.44,1,False,3.07,2.9989,90350006.5,8.03,1,0.1,600165,宁科生物
sh.600165,2025-04-11,4.66,2,False,1.35,2.182,69014928.82,12.83,1,0.1,600165,宁科生物
sh.600165,2025-04-23,5.2,1,False,0.4,3.4613,122021068.0,32.32,1,0.1,600165,宁科生物
sh.600168,2025-03-07,4.98,1,True,9.93,0.4546,22487932.02,14.22,0,0.1,600168,武汉控股
sh.600171,2025-04-11,34.72,1,False,-0.98,7.4976,1773263918.28,-2.91,0,0.1,600171,上海贝岭
sh.600172,2025-03-10,4.59,1,False,0.24,9.664,557070819.75,10.87,0,0.1,600172,黄河旋风
sh.600172,2025-04-11,4.05,1,False,-1.36,6.1467,315007302.8,-11.38,0,0.1,600172,黄河旋风
sh.600173,2025-04-03,7.4,1,False,0.74,6.0624,308920683.7,20.52,0,0.1,600173,卧龙新能
sh.600178,2025-03-19,13.31,1,False,-0.33,8.4356,517120049.6,8.39,0,0.1,600178,东安动力
sh.600180,2025-04-08,4.55,1,False,0.0,6.052,295030963.58,8.59,0,0.1,600180,*ST瑞茂
sh.600180,2025-04-10,5.51,1,True,9.98,0.9121,54609180.22,29.04,0,0.1,600180,*ST瑞茂
sh.600184,2025-03-10,14.03,1,False,0.08,4.0294,278451854.29,24.71,0,0.1,600184,光电股份
sh.600184,2025-04-09,12.35,1,False,-1.78,2.2921,138989551.4,-15.99,0,0.1,600184,光电股份
sh.600185,2025-03-19,6.27,1,False,5.26,4.0554,473346109.76,9.23,0,0.1,600185,珠免集团
sh.600185,2025-04-09,6.26,1,False,-1.23,5.2506,604561630.2,11.19,0,0.1,600185,珠免集团
sh.600185,2025-04-10,6.89,2,False,9.74,8.2435,1056995359.07,22.82,0,0.1,600185,珠免集团
sh.600186,2025-04-08,6.92,1,False,3.18,20.8287,2466860128.09,1.47,0,0.1,600186,莲花控股
sh.600187,2025-04-10,3.45,1,False,0.0,4.2575,225224380.95,-3.36,0,0.1,600187,*ST国中
sh.600187,2025-04-18,3.98,1,False,-0.28,9.5575,588929442.48,11.48,0,0.1,600187,*ST国中
sh.600191,2025-04-16,8.21,1,False,10.05,5.2671,209100962.21,13.24,0,0.1,600191,华资实业
sh.600192,2025-03-03,7.28,1,False,0.3,2.6771,85197637.88,31.17,0,0.1,600192,长城电工
sh.600192,2025-04-11,6.42,1,False,-0.68,1.5363,42659256.25,-6.55,0,0.1,600192,长城电工
sh.600193,2025-04-08,3.03,1,False,-0.73,5.1441,64273014.25,-20.05,0,0.1,600193,
sh.600202,2025-03-28,5.67,1,False,-1.75,10.4641,223099598.27,17.88,0,0.1,600202,哈空调
sh.600202,2025-04-01,6.23,1,False,-1.77,19.0566,439764113.85,26.88,0,0.1,600202,哈空调
sh.600206,2025-04-15,17.55,1,True,10.03,2.1304,316509020.1,-5.54,0,0.1,600206,有研新材
sh.600207,2025-04-11,4.27,1,False,10.05,2.3814,110637544.0,-5.53,0,0.1,600207,安彩高科
sh.600208,2025-03-17,3.25,1,False,9.83,4.6783,1287433039.73,4.84,0,0.1,600208,衢州发展
sh.600211,2025-03-17,39.53,1,False,4.06,6.6014,824003688.99,9.29,0,0.1,600211,西藏药业
sh.600212,2025-03-26,9.17,1,False,-0.36,10.0656,462180923.51,21.62,0,0.1,600212,绿能慧充
sh.600215,2025-04-03,10.29,1,False,0.11,17.286,797272628.8,11.24,0,0.1,600215,派斯林
sh.600227,2025-03-27,2.53,1,False,0.0,6.4199,201450889.49,9.52,0,0.1,600227,赤天化
sh.600227,2025-04-22,2.29,1,False,-1.44,5.756,163482694.91,5.05,0,0.1,600227,赤天化
sh.600228,2025-03-07,5.65,1,False,0.19,21.1748,489509587.13,10.57,0,0.1,600228,返利科技
sh.600228,2025-03-14,6.05,1,False,-0.55,18.2401,446786321.6,13.3,0,0.1,600228,返利科技
sh.600234,2025-03-10,5.46,1,False,0.19,1.2969,18469744.0,-6.51,1,0.1,600234,科新发展
sh.600234,2025-03-13,5.75,1,False,0.91,1.6298,24404626.0,2.5,1,0.1,600234,科新发展
sh.600234,2025-03-14,6.04,2,False,0.87,0.9829,15237340.14,7.47,1,0.1,600234,科新发展
sh.600234,2025-03-17,6.34,3,False,3.97,1.7023,28138536.7,16.12,1,0.1,600234,科新发展
sh.600234,2025-04-11,5.85,1,False,0.18,0.6336,9621254.82,1.74,1,0.1,600234,科新发展
sh.600234,2025-04-15,6.31,1,False,-0.17,0.7698,12647198.0,-0.47,1,0.1,600234,科新发展
sh.600234,2025-04-23,6.56,1,False,0.64,1.1844,20135959.09,3.14,1,0.1,600234,科新发展
sh.600234,2025-04-28,7.27,1,False,0.43,1.0963,20394972.34,18.99,1,0.1,600234,科新发展
sh.600238,2025-04-14,6.64,1,False,-2.48,13.7099,393084244.35,-10.87,0,0.1,600238,ST椰岛
sh.600239,2025-03-28,2.73,1,False,0.0,4.7968,201460765.71,5.81,0,0.1,600239,ST云城
sh.600239,2025-04-11,2.59,1,False,-0.85,4.8037,193384101.98,5.28,0,0.1,600239,ST云城
sh.600243,2025-03-19,3.28,1,False,0.0,9.4726,133781803.84,2.18,0,0.1,600243,*ST海华
sh.600243,2025-03-20,3.61,2,True,10.06,7.4837,118560742.71,12.46,0,0.1,600243,*ST海华
sh.600243,2025-03-21,3.97,3,False,9.7,34.7002,600172930.61,26.84,0,0.1,600243,*ST海华
sh.600249,2025-04-11,5.53,1,False,-0.6,3.1989,95194654.23,4.54,0,0.1,600249,XD两面针
sh.600249,2025-04-14,6.08,2,False,7.78,4.1689,138225269.36,11.56,0,0.1,600249,XD两面针
sh.600249,2025-04-15,6.69,3,False,8.88,16.0022,566145104.86,23.2,0,0.1,600249,XD两面针
sh.600249,2025-04-16,7.36,4,False,0.15,29.3574,1106630249.92,33.58,0,0.1,600249,XD两面针
sh.600250,2025-04-17,9.96,1,False,-0.44,8.9997,266340990.14,12.93,0,0.1,600250,南京商旅
sh.600257,2025-04-10,5.2,1,False,-0.63,8.4486,204421563.0,6.34,0,0.1,600257,大湖股份
sh.600265,2025-04-02,17.05,1,False,0.32,2.6173,57281215.51,8.6,0,0.1,600265,*ST景谷
sh.600278,2025-04-10,6.79,1,False,7.94,1.6896,99223308.17,2.72,0,0.1,600278,东方创业
sh.600278,2025-04-22,7.1,1,False,3.26,4.2314,255791836.34,7.41,0,0.1,600278,东方创业
sh.600278,2025-04-29,7.9,1,False,1.67,4.7035,314692150.2,21.54,0,0.1,600278,东方创业
sh.600279,2025-04-09,5.19,1,False,5.93,3.4152,208120885.12,1.76,0,0.1,600279,重庆港
sh.600279,2025-04-16,5.61,1,False,-0.78,6.8752,449870816.62,5.06,0,0.1,600279,重庆港
sh.600280,2025-04-08,3.42,1,False,-0.32,4.5578,171493460.46,-8.56,0,0.1,600280,中央商场
sh.600280,2025-04-25,3.66,1,False,-0.3,8.6998,355587785.0,4.57,0,0.1,600280,中央商场
sh.600281,2025-03-03,3.87,1,False,-0.85,3.4006,66303898.83,19.81,0,0.1,600281,华阳新材
sh.600281,2025-03-07,4.1,1,False,0.0,7.9962,162535423.9,19.19,0,0.1,600281,华阳新材
sh.600281,2025-04-28,3.66,1,False,6.91,7.0573,130515496.74,1.1,0,0.1,600281,华阳新材
sh.600281,2025-04-29,4.03,2,False,0.55,8.3827,167930541.0,13.52,0,0.1,600281,华阳新材
sh.600289,2025-03-03,4.83,1,False,0.0,0.7805,20954557.16,74.37,1,0.1,600289,ST信通
sh.600289,2025-03-04,5.07,2,True,4.97,0.1847,5300178.0,74.23,1,0.1,600289,ST信通
sh.600289,2025-03-05,5.32,3,True,4.93,0.4445,13381411.96,73.86,1,0.1,600289,ST信通
sh.600289,2025-03-06,5.59,4,True,5.08,0.1582,5004643.15,74.14,1,0.1,600289,ST信通
sh.600289,2025-03-07,5.87,5,False,5.01,7.0785,234356814.18,87.54,1,0.1,600289,ST信通
sh.600289,2025-03-10,6.16,6,False,0.0,5.0402,172821699.03,87.23,1,0.1,600289,ST信通
sh.600289,2025-03-11,6.47,7,False,3.41,1.4316,51906080.62,87.54,1,0.1,600289,ST信通
sh.600289,2025-03-13,6.84,1,False,-4.76,4.062,154542460.94,80.0,1,0.1,600289,ST信通
sh.600289,2025-03-14,7.18,2,True,4.97,0.2246,9124975.84,79.95,1,0.1,600289,ST信通
sh.600289,2025-03-17,7.54,3,False,4.74,3.1285,133219707.75,79.95,1,0.1,600289,ST信通
sh.600289,2025-03-18,7.92,4,True,5.04,0.1653,7408059.12,89.02,1,0.1,600289,ST信通
sh.600289,2025-03-19,8.32,5,True,5.05,0.3157,14865027.84,98.57,1,0.1,600289,ST信通
sh.600289,2025-03-20,8.74,6,False,5.05,3.4701,171208461.22,108.59,1,0.1,600289,ST信通
sh.600289,2025-03-21,9.18,7,False,4.46,2.0671,106749977.57,108.64,1,0.1,600289,ST信通
sh.600289,2025-03-31,7.67,1,False,-4.93,8.4535,344532948.05,58.8,1,0.1,600289,ST信通
sh.600289,2025-04-10,5.92,1,False,0.0,4.4254,142880292.28,-9.06,1,0.1,600289,ST信通
sh.600289,2025-04-11,6.22,2,False,4.73,1.0151,35635137.8,-9.06,1,0.1,600289,ST信通
sh.600289,2025-04-14,6.53,3,True,4.98,0.1575,5822174.12,-9.05,1,0.1,600289,ST信通
sh.600289,2025-04-15,6.86,4,False,5.05,3.7884,147062555.09,-9.02,1,0.1,600289,ST信通
sh.600289,2025-04-16,7.2,5,False,3.21,8.2137,325750743.47,-9.09,1,0.1,600289,ST信通
sh.600289,2025-04-22,6.69,1,False,-3.45,3.9188,144409014.63,-25.33,1,0.1,600289,ST信通
sh.600289,2025-04-28,6.08,1,False,-0.69,3.7084,126586126.28,-16.71,1,0.1,600289,ST信通
sh.600292,2025-04-03,13.59,1,False,2.83,8.5184,890158306.93,13.34,0,0.1,600292,电投水电
sh.600292,2025-04-14,14.74,1,False,1.94,9.9043,1100849311.15,23.55,0,0.1,600292,电投水电
sh.600300,2025-03-14,3.49,1,False,0.0,9.0377,494942888.86,5.76,0,0.1,600300,维维股份
sh.600300,2025-04-08,3.7,1,False,0.89,12.2251,707753231.23,16.72,0,0.1,600300,维维股份
sh.600300,2025-04-16,4.09,1,False,0.0,11.4304,737338393.72,15.21,0,0.1,600300,维维股份
sh.600300,2025-04-21,4.41,1,False,-0.25,17.7023,1234359629.77,28.95,0,0.1,600300,维维股份
sh.600301,2025-03-07,23.71,1,False,0.88,8.6941,559999155.73,30.99,0,0.1,600301,华锡有色
sh.600301,2025-03-14,26.75,1,False,9.99,15.3252,1124683256.56,50.62,0,0.1,600301,华锡有色
sh.600301,2025-04-14,21.79,1,False,1.97,7.104,413771976.65,-18.54,0,0.1,600301,华锡有色
sh.600302,2025-03-07,5.67,1,False,-0.97,10.5129,197754821.86,15.24,0,0.1,600302,ST标准
sh.600302,2025-03-26,6.04,1,False,-0.36,4.8642,98565421.34,-9.04,0,0.1,600302,ST标准
sh.600302,2025-03-27,6.64,2,True,9.93,2.9048,66738752.88,0.76,0,0.1,600302,ST标准
sh.600303,2025-03-07,3.11,1,False,2.03,3.262,68144487.25,7.61,1,0.1,600303,曙光股份
sh.600303,2025-03-11,3.27,1,False,-1.29,2.6356,56781297.5,11.22,1,0.1,600303,曙光股份
sh.600303,2025-04-10,3.18,1,False,2.31,1.6257,34584946.0,-3.05,1,0.1,600303,曙光股份
sh.600303,2025-04-11,3.34,2,True,5.03,0.0839,1892778.0,-1.47,1,0.1,600303,曙光股份
sh.600303,2025-04-14,3.51,3,True,5.09,0.0571,1353842.1,0.57,1,0.1,600303,曙光股份
sh.600303,2025-04-15,3.69,4,True,5.13,0.1942,4840549.38,4.83,1,0.1,600303,曙光股份
sh.600303,2025-04-16,3.87,5,False,4.88,3.3251,86923662.98,10.26,1,0.1,600303,曙光股份
sh.600308,2025-04-21,3.65,1,False,-0.6,2.561,137017983.2,3.69,0,0.1,600308,华泰股份
sh.600308,2025-04-22,4.02,2,True,10.14,2.1458,130846545.84,15.85,0,0.1,600308,华泰股份
sh.600310,2025-04-24,5.07,1,False,0.0,14.2176,1037932907.7,3.26,0,0.1,600310,广西能源
sh.600316,2025-03-04,37.4,1,False,1.82,5.5142,1438720515.24,21.67,0,0.1,600316,洪都航空
sh.600318,2025-03-05,8.7,1,False,-0.63,21.6239,935823851.62,9.3,0,0.1,600318,新力金融
sh.600318,2025-03-14,9.23,1,False,0.6,17.1253,786451968.04,11.34,0,0.1,600318,新力金融
sh.600318,2025-03-28,10.05,1,False,-1.2,23.4001,1170319683.35,32.06,0,0.1,600318,新力金融
sh.600319,2025-03-27,6.0,1,False,-0.18,7.8119,145485967.0,16.96,0,0.1,600319,亚星化学
sh.600320,2025-03-20,4.47,1,False,0.0,4.2826,615167190.87,20.81,0,0.1,600320,振华重工
sh.600320,2025-03-21,4.92,2,False,8.5,3.4913,567077307.37,32.26,0,0.1,600320,振华重工
sh.600320,2025-03-24,5.41,3,True,9.96,2.829,508420704.09,44.65,0,0.1,600320,振华重工
sh.600336,2025-04-11,6.42,1,False,-0.68,3.9075,194353014.16,-5.59,0,0.1,600336,澳柯玛
sh.600337,2025-04-10,1.87,1,False,-0.59,2.6643,69034704.76,0.54,0,0.1,600337,ST美克
sh.600337,2025-04-11,2.06,2,True,10.16,2.0731,61368710.16,11.96,0,0.1,600337,ST美克
sh.600337,2025-04-30,1.9,1,False,7.51,1.6724,45547569.0,7.95,0,0.1,600337,ST美克
sh.600340,2025-04-30,2.39,1,False,-0.92,6.4547,585364906.81,7.17,0,0.1,600340,*ST华幸
sh.600343,2025-03-05,11.44,1,False,-0.19,5.8697,413670640.6,6.62,0,0.1,600343,航天动力
sh.600343,2025-04-09,10.97,1,False,-0.6,2.9152,198491900.64,-9.34,0,0.1,600343,航天动力
sh.600345,2025-03-10,26.71,1,False,0.49,11.1839,622706221.85,10.69,0,0.1,600345,长江通信
sh.600348,2025-03-25,7.44,1,False,0.3,3.7324,966265837.91,14.11,0,0.1,600348,华阳股份
sh.600353,2025-04-01,9.57,1,False,-0.92,13.6021,1026026827.59,13.52,0,0.1,600353,旭光电子
sh.600354,2025-04-07,6.35,1,False,3.81,26.8988,880684812.14,11.21,0,0.1,600354,敦煌种业
sh.600354,2025-04-08,6.99,2,False,0.16,28.7587,1006310136.22,22.63,0,0.1,600354,敦煌种业
sh.600355,2025-04-08,3.03,1,False,-0.73,13.6041,196563040.09,-23.87,0,0.1,600355,
sh.600358,2025-03-25,3.78,1,False,-1.11,3.8517,72058405.52,1.34,1,0.1,600358,国旅联合
sh.600358,2025-03-27,4.14,1,False,-0.76,4.1245,83829454.63,10.11,1,0.1,600358,国旅联合
sh.600358,2025-04-09,4.11,1,False,-0.26,3.1055,62918414.17,-6.38,1,0.1,600358,国旅联合
sh.600358,2025-04-28,4.21,1,False,0.75,2.6306,55630179.26,2.68,1,0.1,600358,国旅联合
sh.600360,2025-03-04,5.83,1,False,0.0,4.0993,225695428.73,17.07,1,0.1,600360,华微电子
sh.600360,2025-03-11,6.75,1,False,-0.93,4.5096,284745779.33,28.82,1,0.1,600360,华微电子
sh.600360,2025-03-13,7.07,1,False,0.59,5.0829,337023269.36,42.54,1,0.1,600360,华微电子
sh.600360,2025-03-24,6.29,1,False,0.33,3.1942,191224740.2,23.82,1,0.1,600360,华微电子
sh.600360,2025-03-25,6.6,2,False,4.29,1.561,98473157.38,25.48,1,0.1,600360,华微电子
sh.600360,2025-03-26,6.93,3,False,2.88,6.5984,433378724.91,30.75,1,0.1,600360,华微电子
sh.600360,2025-04-15,6.99,1,False,-0.15,1.9521,129014463.0,3.4,1,0.1,600360,华微电子
sh.600361,2025-03-07,4.27,1,False,2.84,7.9743,560469451.09,11.2,0,0.1,600361,创新新材
sh.600363,2025-03-03,53.11,1,False,0.97,5.9912,1415268523.91,8.23,0,0.1,600363,联创光电
sh.600363,2025-03-17,66.36,1,False,2.85,6.2113,1822492459.85,23.6,0,0.1,600363,联创光电
sh.600365,2025-04-21,2.68,1,False,1.18,0.5185,5758601.6,-3.94,1,0.1,600365,ST通葡
sh.600365,2025-04-22,2.81,2,True,4.85,0.3102,3649909.0,5.24,1,0.1,600365,ST通葡
sh.600365,2025-04-23,2.95,3,False,4.98,5.2758,65037102.92,10.07,1,0.1,600365,ST通葡
sh.600365,2025-04-24,3.1,4,False,0.0,3.1062,39333651.24,14.81,1,0.1,600365,ST通葡
sh.600365,2025-04-28,3.15,1,False,3.33,4.509,58805670.96,21.15,1,0.1,600365,ST通葡
sh.600367,2025-03-07,15.26,1,False,3.1,9.8934,482352201.65,13.88,0,0.1,600367,红星发展
sh.600367,2025-03-25,15.54,1,False,-0.21,8.9001,426630034.0,19.35,0,0.1,600367,红星发展
sh.600368,2025-04-03,5.08,1,False,-1.08,7.7653,612660642.34,21.82,0,0.1,600368,五洲交通
sh.600370,2025-03-26,1.94,1,False,-1.14,1.5416,114388676.61,4.86,0,0.1,600370,*ST三房
sh.600370,2025-03-27,2.13,2,False,0.52,3.3816,268522640.21,16.39,0,0.1,600370,*ST三房
sh.600370,2025-03-31,2.22,1,False,-1.98,2.2405,189635126.81,26.14,0,0.1,600370,*ST三房
sh.600370,2025-04-21,1.84,1,False,0.0,2.0398,141419473.97,3.95,0,0.1,600370,*ST三房
sh.600370,2025-04-22,2.02,2,False,1.09,3.0663,229774029.9,18.13,0,0.1,600370,*ST三房
sh.600371,2025-04-07,9.67,1,False,5.23,13.9548,389185016.33,10.51,0,0.1,600371,万向德农
sh.600371,2025-04-08,10.64,2,False,10.03,17.0988,531070999.42,22.3,0,0.1,600371,万向德农
sh.600371,2025-04-09,11.7,3,False,9.96,12.6584,433153954.04,32.65,0,0.1,600371,万向德农
sh.600375,2025-03-25,6.72,1,False,0.16,2.0696,149248401.01,10.16,1,0.1,600375,汉马科技
sh.600376,2025-03-03,2.89,1,False,1.14,1.5475,113829870.68,27.31,0,0.1,600376,首开股份
sh.600381,2025-03-31,4.54,1,False,0.23,1.5214,39806275.8,7.08,1,0.1,600381,*ST春天
sh.600381,2025-04-01,4.77,2,False,1.54,2.5493,70886237.47,11.97,1,0.1,600381,*ST春天
sh.600381,2025-04-30,3.1,1,True,5.08,0.3814,6940475.3,-35.01,1,0.1,600381,*ST春天
sh.600382,2025-03-14,4.95,1,False,0.0,2.9464,97949903.1,7.38,0,0.1,600382,广东明珠
sh.600389,2025-03-12,15.64,1,False,0.21,5.3011,348161068.55,11.63,0,0.1,600389,江山股份
sh.600391,2025-04-09,22.07,1,False,-2.34,12.7534,896611487.82,3.62,0,0.1,600391,航发科技
sh.600391,2025-04-17,26.05,1,False,-1.6,16.4156,1373746639.61,26.39,0,0.1,600391,航发科技
sh.600391,2025-04-21,26.63,1,False,3.06,7.922,687186207.17,30.6,0,0.1,600391,航发科技
sh.600396,2025-04-25,3.01,1,False,4.74,4.153,182035964.97,14.02,0,0.1,600396,华电辽能
sh.600396,2025-04-28,3.31,2,False,9.97,4.0824,198839095.69,26.82,0,0.1,600396,华电辽能
sh.600397,2025-03-07,5.69,1,False,-0.39,4.706,258545762.7,25.88,0,0.1,600397,江钨装备
sh.600397,2025-04-14,5.1,1,False,0.22,4.1431,204581978.1,-12.22,0,0.1,600397,江钨装备
sh.600399,2025-03-12,6.28,1,False,2.98,5.5058,675733629.96,12.14,0,0.1,600399,抚顺特钢
sh.600400,2025-03-03,2.71,1,False,2.85,8.4897,519439049.88,20.98,0,0.1,600400,红豆股份
sh.600403,2025-03-10,3.05,1,False,0.36,1.6861,120895194.29,6.27,0,0.1,600403,大有能源
sh.600403,2025-03-14,3.7,1,False,8.93,1.7434,151096220.4,31.21,0,0.1,600403,大有能源
sh.600403,2025-03-18,3.98,1,False,0.0,4.2642,386043263.16,43.68,0,0.1,600403,大有能源
sh.600403,2025-03-19,4.38,2,False,-1.76,3.8407,390818922.05,57.55,0,0.1,600403,大有能源
sh.600403,2025-03-25,3.97,1,False,2.49,2.4515,221749966.97,47.04,0,0.1,600403,大有能源
sh.600403,2025-04-14,3.65,1,False,2.41,0.9997,84248058.0,-1.35,0,0.1,600403,大有能源
sh.600408,2025-03-20,2.11,1,False,-0.52,5.8898,121948212.23,11.64,0,0.1,600408,安泰集团
sh.600415,2025-04-09,13.37,1,False,-1.98,2.4249,1681843602.6,2.06,0,0.1,600415,小商品城
sh.600419,2025-03-14,10.89,1,False,2.22,7.6936,260614168.16,21.4,0,0.1,600419,天润乳业
sh.600421,2025-03-24,6.92,1,False,0.0,4.0609,53875153.4,-4.55,0,0.1,600421,
sh.600421,2025-03-27,7.81,1,False,-2.68,13.512,193592248.0,8.62,0,0.1,600421,
sh.600421,2025-04-15,6.42,1,False,0.0,8.7494,109108942.0,-3.02,0,0.1,600421,
sh.600423,2025-03-10,3.45,1,False,0.0,7.6692,207336075.85,8.15,0,0.1,600423,*ST柳化
sh.600429,2025-03-14,4.64,1,False,0.71,4.6609,312819671.18,9.95,0,0.1,600429,三元股份
sh.600439,2025-04-15,3.62,1,False,0.0,6.0046,236988955.07,-10.4,0,0.1,600439,ST瑞贝卡
sh.600448,2025-04-17,2.96,1,False,-0.37,12.6067,231801453.42,-0.34,0,0.1,600448,华纺股份
sh.600449,2025-03-06,14.72,1,False,0.75,5.6145,386605971.19,6.28,0,0.1,600449,宁夏建材
sh.600449,2025-03-12,15.93,1,False,0.76,3.7745,280125785.22,10.32,0,0.1,600449,宁夏建材
sh.600456,2025-03-13,32.86,1,False,0.0,7.9966,1187626312.58,12.53,0,0.1,600456,宝钛股份
sh.600456,2025-03-14,36.15,2,False,9.98,16.968,2866544291.71,23.8,0,0.1,600456,宝钛股份
sh.600463,2025-04-30,9.34,1,False,3.06,2.1893,59827971.88,0.65,0,0.1,600463,空港股份
sh.600467,2025-03-17,2.52,1,False,0.87,7.259,262662977.21,11.01,0,0.1,600467,好当家
sh.600467,2025-03-21,2.79,1,False,-0.39,22.4554,896298164.82,27.98,0,0.1,600467,好当家
sh.600468,2025-03-25,4.85,1,False,0.23,3.915,202840780.35,11.24,0,0.1,600468,百利电气
sh.600470,2025-03-24,6.64,1,False,-0.66,24.395,828155182.24,17.94,0,0.1,600470,六国化工
sh.600478,2025-03-03,5.09,1,False,2.59,4.6384,388258043.54,20.05,0,0.1,600478,科力远
sh.600490,2025-03-14,3.96,1,False,4.44,12.5153,971087477.56,14.12,0,0.1,600490,鹏欣资源
sh.600490,2025-04-10,3.77,1,False,7.87,4.9624,371538283.36,8.65,0,0.1,600490,鹏欣资源
sh.600490,2025-04-21,4.84,1,False,2.5,6.2819,596290620.15,23.79,0,0.1,600490,鹏欣资源
sh.600501,2025-04-22,19.18,1,False,0.11,6.5329,513743299.84,5.44,0,0.1,600501,航天晨光
sh.600505,2025-04-15,13.2,1,False,0.75,15.056,685148692.64,20.88,0,0.1,600505,西昌电力
sh.600505,2025-04-21,14.82,1,False,-1.63,19.0039,986943762.18,33.75,0,0.1,600505,西昌电力
sh.600505,2025-04-24,17.31,1,False,-2.8,15.6221,941062871.3,50.78,0,0.1,600505,西昌电力
sh.600505,2025-04-25,19.04,2,False,9.07,10.4392,712296159.74,73.09,0,0.1,600505,西昌电力
sh.600506,2025-03-11,22.79,1,False,-3.14,19.5473,646023270.79,25.56,0,0.1,600506,统一股份
sh.600506,2025-04-01,20.76,1,False,5.3,11.3136,337250723.94,5.01,0,0.1,600506,统一股份
sh.600510,2025-04-18,5.32,1,False,1.45,3.1941,168745597.58,-0.56,0,0.1,600510,黑牡丹
sh.600515,2025-04-09,3.75,1,False,-1.47,1.8493,610203834.6,-2.34,0,0.1,600515,海南机场
sh.600536,2025-04-08,49.75,1,False,0.0,10.0299,3984882428.83,6.08,0,0.1,600536,中国软件
sh.600537,2025-03-26,3.3,1,False,0.0,5.314,201754719.5,5.77,0,0.1,600537,*ST亿晶
sh.600537,2025-04-01,3.2,1,False,0.34,5.1373,189391363.4,6.67,0,0.1,600537,*ST亿晶
sh.600539,2025-03-10,11.9,1,True,9.98,0.4143,11339045.9,46.55,0,0.1,600539,狮头股份
sh.600539,2025-03-11,13.09,2,True,10.0,0.6734,20274996.28,52.74,0,0.1,600539,狮头股份
sh.600539,2025-03-12,14.4,3,True,10.01,0.3675,12170880.0,70.01,0,0.1,600539,狮头股份
sh.600539,2025-03-13,15.84,4,False,10.0,28.7417,990981769.25,85.26,0,0.1,600539,狮头股份
sh.600539,2025-04-28,11.52,1,False,1.72,2.7472,71398883.52,6.18,0,0.1,600539,狮头股份
sh.600540,2025-04-03,4.26,1,False,0.0,5.0092,121458706.41,7.3,0,0.1,600540,新赛股份
sh.600540,2025-04-07,4.69,2,True,10.09,5.1229,139684183.52,19.34,0,0.1,600540,新赛股份
sh.600540,2025-04-08,5.16,3,True,10.02,3.065,91947489.96,29.32,0,0.1,600540,新赛股份
sh.600540,2025-04-09,5.68,4,True,10.08,1.554,51315204.56,40.94,0,0.1,600540,新赛股份
sh.600540,2025-04-10,6.25,5,False,0.35,23.0187,805825426.35,55.86,0,0.1,600540,新赛股份
sh.600550,2025-03-20,8.55,1,False,-0.26,7.7696,1186662854.16,8.09,0,0.1,600550,保变电气
sh.600550,2025-04-11,8.24,1,False,8.68,2.7432,412656097.36,11.35,0,0.1,600550,保变电气
sh.600558,2025-03-25,5.67,1,False,-0.58,3.5714,177956945.8,27.13,0,0.1,600558,大西洋
sh.600560,2025-03-10,18.9,1,False,-0.58,6.0966,249562764.5,17.17,0,0.1,600560,金自天正
sh.600560,2025-03-11,20.79,2,False,9.52,5.0217,233219404.29,28.41,0,0.1,600560,金自天正
sh.600562,2025-04-21,20.44,1,False,0.54,1.142,280732876.9,-2.76,0,0.1,600562,国睿科技
sh.600568,2025-03-25,1.41,1,False,0.75,2.3408,54622701.26,4.44,1,0.1,600568,ST中珠
sh.600568,2025-03-26,1.48,2,False,4.96,1.2119,29935399.28,11.28,1,0.1,600568,ST中珠
sh.600571,2025-03-26,16.08,1,False,-2.19,23.4236,1651412648.84,11.36,0,0.1,600571,信雅达
sh.600571,2025-03-31,15.94,1,False,-1.79,15.4253,1036160170.76,19.22,0,0.1,600571,信雅达
sh.600571,2025-04-02,18.24,1,False,-0.48,21.788,1797596135.76,33.24,0,0.1,600571,信雅达
sh.600571,2025-04-21,16.05,1,False,0.0,10.6446,764318932.0,11.54,0,0.1,600571,信雅达
sh.600571,2025-04-22,17.66,2,False,8.91,15.837,1260664668.29,24.37,0,0.1,600571,信雅达
sh.600575,2025-04-17,3.98,1,False,5.25,10.4686,1573888714.99,16.37,0,0.1,600575,淮河能源
sh.600578,2025-04-28,4.22,1,False,8.07,2.8223,787287998.52,19.89,0,0.1,600578,京能电力
sh.600579,2025-03-21,9.14,1,False,0.12,11.3107,489819390.72,-1.08,0,0.1,600579,中化装备
sh.600580,2025-03-24,29.37,1,False,-0.97,17.4398,6342639349.41,2.37,0,0.1,600580,卧龙电驱
sh.600588,2025-03-06,18.18,1,False,7.5,2.3433,1449867329.17,46.02,0,0.1,600588,用友网络
sh.600588,2025-03-07,20.0,2,False,6.93,10.3317,6899669475.21,45.99,0,0.1,600588,用友网络
sh.600589,2025-03-05,6.62,1,False,-0.33,26.5067,2483961907.25,71.95,0,0.1,600589,大位科技
sh.600589,2025-03-06,7.28,2,False,4.98,11.4673,1216254023.62,84.77,0,0.1,600589,大位科技
sh.600589,2025-03-10,7.78,1,False,0.28,20.2968,2182999847.46,74.05,0,0.1,600589,大位科技
sh.600589,2025-03-11,8.56,2,False,-3.6,28.8448,3486934698.91,95.43,0,0.1,600589,大位科技
sh.600589,2025-03-18,8.84,1,False,-0.5,25.8296,3205728363.74,105.1,0,0.1,600589,大位科技
sh.600589,2025-03-28,7.01,1,False,5.02,17.6139,1816377282.46,-5.4,0,0.1,600589,大位科技
sh.600589,2025-03-31,7.71,2,False,-4.42,27.0795,2799229739.87,15.59,0,0.1,600589,大位科技
sh.600589,2025-04-21,6.64,1,False,-0.5,11.8034,1132004043.0,-24.29,0,0.1,600589,大位科技
sh.600589,2025-04-28,7.0,1,False,3.77,12.1522,1246412311.0,-0.14,0,0.1,600589,大位科技
sh.600590,2025-03-05,9.77,1,False,6.53,12.6875,1040341526.25,106.55,0,0.1,600590,泰豪科技
sh.600590,2025-03-06,10.75,2,False,7.88,2.6854,240479602.65,122.57,0,0.1,600590,泰豪科技
sh.600590,2025-03-14,11.88,1,False,-4.44,19.2726,1781379174.58,112.9,0,0.1,600590,泰豪科技
sh.600590,2025-04-10,9.79,1,False,1.01,15.9192,1278623476.81,-14.8,0,0.1,600590,泰豪科技
sh.600590,2025-04-14,10.54,1,False,1.57,12.518,1093759583.66,-11.28,0,0.1,600590,泰豪科技
sh.600590,2025-04-25,8.99,1,False,0.61,13.498,1003216887.76,-5.86,0,0.1,600590,泰豪科技
sh.600592,2025-03-04,15.86,1,False,-0.07,6.1912,376524928.67,52.5,0,0.1,600592,龙溪股份
sh.600592,2025-03-05,17.45,2,False,7.12,4.201,289622175.0,61.87,0,0.1,600592,龙溪股份
sh.600592,2025-03-06,19.2,3,False,10.03,3.1171,239124158.4,71.28,0,0.1,600592,龙溪股份
sh.600592,2025-04-23,18.83,1,False,0.76,10.5929,778133343.0,0.16,0,0.1,600592,龙溪股份
sh.600592,2025-04-30,22.44,1,False,-1.96,16.7966,1403489862.34,23.36,0,0.1,600592,龙溪股份
sh.600593,2025-03-24,30.93,1,False,1.0,13.5396,525015539.44,13.01,0,0.1,600593,大连圣亚
sh.600593,2025-03-26,36.49,1,False,-4.04,18.9204,833479793.02,35.4,0,0.1,600593,大连圣亚
sh.600593,2025-04-03,34.28,1,False,-1.28,12.9081,548734467.08,28.53,0,0.1,600593,大连圣亚
sh.600594,2025-04-17,3.63,1,False,-0.61,3.2417,90662598.16,-1.63,0,0.1,600594,益佰制药
sh.600597,2025-03-14,9.06,1,False,0.97,5.7957,700787115.86,10.22,0,0.1,600597,光明乳业
sh.600598,2025-04-07,15.68,1,False,10.04,9.5024,2616652662.21,12.81,0,0.1,600598,北大荒
sh.600598,2025-04-08,17.25,2,False,2.36,10.4122,3069493236.99,24.46,0,0.1,600598,北大荒
sh.600598,2025-04-09,18.98,3,False,6.84,14.5502,4837095089.88,36.45,0,0.1,600598,北大荒
sh.600599,2025-04-22,10.29,1,False,-1.53,1.2662,20994450.0,0.59,1,0.1,600599,
sh.600601,2025-03-14,5.4,1,False,0.0,8.7112,1925855736.54,10.66,0,0.1,600601,方正科技
sh.600602,2025-03-07,27.16,1,False,0.0,20.6321,5711681752.51,65.81,0,0.1,600602,云赛智联
sh.600603,2025-04-22,7.33,1,False,0.0,0.6965,60566863.69,-0.95,1,0.1,600603,广汇物流
sh.600603,2025-04-23,7.7,2,False,1.36,0.9566,85891715.68,0.92,1,0.1,600603,广汇物流
sh.600605,2025-04-14,34.4,1,False,2.49,2.359,164053322.8,-4.44,0,0.1,600605,汇通能源
sh.600608,2025-03-10,3.56,1,False,0.88,0.4246,4767479.0,24.48,1,0.1,600608,
sh.600608,2025-04-01,3.27,1,False,0.0,0.5433,5620429.38,-4.94,1,0.1,600608,
sh.600608,2025-04-14,3.2,1,False,1.97,0.5569,5593164.0,-8.05,1,0.1,600608,
sh.600609,2025-04-21,5.52,1,False,0.2,4.031,280772603.61,-14.02,0,0.1,600609,金杯汽车
sh.600610,2025-03-10,4.43,1,False,0.25,4.794,144583973.9,3.75,0,0.1,600610,中毅达
sh.600610,2025-03-11,4.87,2,False,4.97,7.3584,250026884.78,16.23,0,0.1,600610,中毅达
sh.600610,2025-03-17,5.97,1,False,-3.5,14.0973,559907227.92,37.88,0,0.1,600610,中毅达
sh.600610,2025-03-18,6.57,2,False,9.55,4.6605,216044635.9,58.31,0,0.1,600610,中毅达
sh.600610,2025-03-24,8.76,1,False,0.5,15.324,918553792.51,111.59,0,0.1,600610,中毅达
sh.600610,2025-03-25,9.64,2,False,2.74,9.8257,660268670.58,134.55,0,0.1,600610,中毅达
sh.600610,2025-03-26,10.6,3,False,8.4,14.9624,1113910748.85,152.98,0,0.1,600610,中毅达
sh.600610,2025-03-27,11.66,4,False,5.38,5.9072,478035761.72,180.96,0,0.1,600610,中毅达
sh.600610,2025-04-10,8.25,1,False,1.33,17.0666,973476273.18,63.04,0,0.1,600610,中毅达
sh.600610,2025-04-14,9.77,1,False,3.27,5.9602,404497512.15,79.93,0,0.1,600610,中毅达
sh.600610,2025-04-15,10.75,2,False,3.38,21.0727,1547360893.66,80.07,0,0.1,600610,中毅达
sh.600610,2025-04-28,9.92,1,False,3.44,16.7645,1142687765.19,-5.43,0,0.1,600610,中毅达
sh.600615,2025-04-23,13.05,1,False,4.05,3.089,74720275.15,6.01,0,0.1,600615,鑫源智造
sh.600615,2025-04-24,14.36,2,False,10.04,16.9051,453590004.52,14.42,0,0.1,600615,鑫源智造
sh.600619,2025-03-03,12.31,1,False,0.09,8.4471,794309181.1,6.58,0,0.1,600619,海立股份
sh.600619,2025-03-04,13.54,2,False,2.11,20.4905,2109641121.55,24.11,0,0.1,600619,海立股份
sh.600619,2025-03-10,13.86,1,False,4.6,12.6841,1345957252.12,14.74,0,0.1,600619,海立股份
sh.600619,2025-03-27,13.62,1,False,-0.89,11.8552,1251651151.99,14.07,0,0.1,600619,海立股份
sh.600622,2025-04-09,2.84,1,False,-2.71,5.5858,221641731.91,-14.46,0,0.1,600622,光大嘉宝
sh.600624,2025-03-17,8.82,1,False,2.12,16.9383,1004671632.52,12.5,0,0.1,600624,ST复华
sh.600636,2025-04-30,6.68,1,False,-0.94,6.6773,191187607.54,-3.61,1,0.1,600636,
sh.600641,2025-03-10,15.8,1,False,2.92,5.1586,736331827.32,0.77,0,0.1,600641,先导基电
sh.600643,2025-04-14,5.09,1,False,0.65,2.131,165557265.7,-2.12,0,0.1,600643,爱建集团
sh.600644,2025-04-08,7.03,1,False,-0.78,4.5242,167219929.07,11.06,0,0.1,600644,乐山电力
sh.600644,2025-04-14,7.72,1,False,-1.0,6.8639,278464795.69,17.15,0,0.1,600644,乐山电力
sh.600644,2025-04-15,8.49,2,False,3.5,9.4127,411392532.44,27.86,0,0.1,600644,乐山电力
sh.600644,2025-04-16,9.34,3,True,10.01,2.4891,125166638.26,40.45,0,0.1,600644,乐山电力
sh.600644,2025-04-17,10.27,4,False,0.0,24.2072,1276455804.1,49.71,0,0.1,600644,乐山电力
sh.600644,2025-04-21,11.76,1,False,-1.31,13.141,817078706.64,68.72,0,0.1,600644,乐山电力
sh.600644,2025-04-22,12.94,2,False,3.06,26.5367,1800138166.33,85.92,0,0.1,600644,乐山电力
sh.600644,2025-04-24,12.86,1,False,-0.09,22.9599,1516627343.37,87.74,0,0.1,600644,乐山电力
sh.600664,2025-04-21,3.74,1,False,0.0,4.5851,421050060.18,2.19,0,0.1,600664,哈药股份
sh.600666,2025-03-12,3.51,1,False,2.19,8.0743,671116856.16,15.84,0,0.1,600666,奥瑞德
sh.600668,2025-04-22,11.91,1,False,2.77,7.338,297250554.41,14.74,0,0.1,600668,尖峰集团
sh.600671,2025-03-18,10.95,1,False,0.29,2.0566,27205061.4,11.05,1,0.1,600671,天目药业
sh.600671,2025-04-03,11.77,1,False,-0.89,3.5823,50640781.74,17.7,1,0.1,600671,天目药业
sh.600671,2025-04-10,10.99,1,False,0.96,1.8182,24071458.77,10.01,1,0.1,600671,天目药业
sh.600671,2025-04-17,12.65,1,False,0.33,3.4958,53233715.4,16.59,1,0.1,600671,天目药业
sh.600671,2025-04-24,14.62,1,False,-1.58,3.9356,69216930.3,29.5,1,0.1,600671,天目药业
sh.600678,2025-04-28,7.59,1,False,2.46,11.7674,307492624.72,6.3,0,0.1,600678,ST金顶
sh.600679,2025-04-24,13.3,1,False,-0.41,7.0391,310647903.5,0.08,0,0.1,600679,上海凤凰
sh.600685,2025-04-09,23.43,1,False,9.39,2.7721,527472806.05,-3.42,0,0.1,600685,中船防务
sh.600689,2025-03-26,13.77,1,False,-0.24,12.0643,241050673.68,19.64,0,0.1,600689,上海三毛
sh.600692,2025-03-19,8.43,1,False,-0.13,16.3468,339089364.68,1.81,0,0.1,600692,亚通股份
sh.600693,2025-04-08,6.24,1,False,2.29,9.3322,492985693.92,-10.6,0,0.1,600693,东百集团
sh.600693,2025-04-09,6.86,2,False,0.96,16.1007,910020851.35,-6.54,0,0.1,600693,东百集团
sh.600694,2025-04-08,25.0,1,False,0.22,3.3101,256060935.44,2.42,0,0.1,600694,大商股份
sh.600696,2025-03-13,12.99,1,False,-0.42,8.3482,352224913.25,16.5,0,0.1,600696,
sh.600697,2025-04-09,11.66,1,False,-0.57,13.9456,242826002.9,3.92,0,0.1,600697,欧亚集团
sh.600697,2025-04-10,12.83,2,True,10.03,2.6164,52156516.0,14.35,0,0.1,600697,欧亚集团
sh.600697,2025-04-11,14.11,3,False,9.98,17.5424,384128482.18,25.98,0,0.1,600697,欧亚集团
sh.600697,2025-04-16,15.06,1,False,-2.78,30.5162,679789158.85,29.83,0,0.1,600697,欧亚集团
sh.600698,2025-03-13,7.39,1,False,-1.34,10.9982,645644333.2,25.25,0,0.1,600698,湖南天雁
sh.600698,2025-03-19,7.62,1,False,-0.43,11.435,710239532.23,36.31,0,0.1,600698,湖南天雁
sh.600702,2025-03-14,59.59,1,False,-0.13,6.2296,1197758800.17,5.71,0,0.1,600702,舍得酒业
sh.600708,2025-03-17,3.58,1,False,0.62,3.083,239087622.58,3.47,0,0.1,600708,光明地产
sh.600711,2025-03-10,5.4,1,False,2.14,5.3183,874964861.74,9.09,1,0.1,600711,盛屯矿业
sh.600711,2025-03-14,5.85,1,False,2.87,3.8414,691457422.37,18.42,1,0.1,600711,盛屯矿业
sh.600711,2025-03-19,6.08,1,False,1.55,5.4724,1002166546.33,25.1,1,0.1,600711,盛屯矿业
sh.600711,2025-04-14,5.54,1,False,1.52,1.7608,297689245.36,-5.3,1,0.1,600711,盛屯矿业
sh.600712,2025-03-10,6.24,1,False,0.53,6.4881,213457360.65,2.63,0,0.1,600712,南宁百货
sh.600712,2025-04-11,6.45,1,False,1.71,10.3691,349052429.75,0.31,0,0.1,600712,南宁百货
sh.600712,2025-04-14,7.1,2,True,10.08,1.4625,55930931.6,8.56,0,0.1,600712,南宁百货
sh.600714,2025-03-06,11.7,1,False,0.38,13.3455,434379313.94,9.76,0,0.1,600714,金瑞矿业
sh.600714,2025-03-07,12.87,2,False,1.71,12.6133,461321424.87,22.45,0,0.1,600714,金瑞矿业
sh.600715,2025-04-10,2.05,1,False,5.13,0.3075,16784722.0,-1.44,1,0.1,600715,文投控股
sh.600715,2025-04-17,2.28,1,False,0.46,1.7625,105955404.76,5.56,1,0.1,600715,文投控股
sh.600715,2025-04-29,2.36,1,False,0.89,1.3893,86080872.0,10.8,1,0.1,600715,文投控股
sh.600716,2025-03-20,3.72,1,False,0.0,4.8287,162240359.73,11.71,0,0.1,600716,凤凰股份
sh.600718,2025-03-06,12.49,1,False,0.88,6.9444,1018234282.55,23.66,0,0.1,600718,东软集团
sh.600718,2025-03-11,13.84,1,False,-1.19,17.6116,2877633960.75,23.35,0,0.1,600718,东软集团
sh.600725,2025-03-12,3.56,1,False,-0.31,7.0826,302154153.88,12.3,0,0.1,600725,云维股份
sh.600726,2025-04-25,2.5,1,False,1.32,4.5282,306441888.68,9.17,0,0.1,600726,华电能源
sh.600726,2025-04-28,2.75,2,False,8.0,12.3071,917840504.41,21.68,0,0.1,600726,华电能源
sh.600727,2025-03-25,8.81,1,False,0.12,17.5946,790390066.78,23.74,0,0.1,600727,鲁北化工
sh.600728,2025-03-06,5.84,1,False,0.75,6.4079,782288954.84,19.92,0,0.1,600728,佳都科技
sh.600728,2025-03-07,6.42,2,True,9.93,3.5222,484543548.66,29.44,0,0.1,600728,佳都科技
sh.600734,2025-03-04,4.87,1,False,-3.84,7.766,798922663.5,21.14,0,0.1,600734,*ST实达
sh.600735,2025-03-11,5.63,1,False,-1.17,12.1837,286435853.08,17.78,0,0.1,600735,ST新华锦
sh.600735,2025-04-15,5.95,1,False,0.18,8.6056,211673534.52,3.66,0,0.1,600735,ST新华锦
sh.600735,2025-04-30,5.69,1,False,0.0,8.3139,195645515.83,1.61,0,0.1,600735,ST新华锦
sh.600738,2025-03-14,5.96,1,False,3.32,16.0958,720774876.58,20.4,0,0.1,600738,丽尚国潮
sh.600738,2025-04-08,4.94,1,False,1.11,5.1656,186879027.0,-5.0,0,0.1,600738,丽尚国潮
sh.600738,2025-04-10,5.51,1,False,-2.2,13.9741,570963447.76,4.16,0,0.1,600738,丽尚国潮
sh.600738,2025-04-22,6.25,1,False,-0.35,15.9372,708874513.85,20.66,0,0.1,600738,丽尚国潮
sh.600743,2025-04-30,1.86,1,False,2.37,2.3545,101474127.12,5.68,0,0.1,600743,华远控股
sh.600744,2025-04-08,3.4,1,False,0.32,4.1771,280312862.79,10.75,0,0.1,600744,华银电力
sh.600744,2025-04-24,3.85,1,False,6.0,3.7987,294365050.9,15.27,0,0.1,600744,华银电力
sh.600744,2025-04-25,4.24,2,True,10.13,1.2801,110238507.52,30.86,0,0.1,600744,华银电力
sh.600744,2025-04-28,4.66,3,True,9.91,0.8469,80159931.32,45.63,0,0.1,600744,华银电力
sh.600746,2025-03-27,8.65,1,False,-0.38,1.1308,112149768.39,19.31,0,0.1,600746,江苏索普
sh.600746,2025-04-10,9.27,1,False,-2.37,5.4293,563010686.58,24.6,0,0.1,600746,江苏索普
sh.600751,2025-03-05,2.72,1,False,0.4,3.5837,239961862.14,7.94,0,0.1,600751,海航科技
sh.600751,2025-03-06,2.99,2,False,2.21,7.1258,531090101.52,16.8,0,0.1,600751,海航科技
sh.600751,2025-04-11,2.92,1,False,0.0,2.3034,169050328.52,4.66,0,0.1,600751,海航科技
sh.600753,2025-03-26,5.68,1,False,0.19,3.3702,42823330.6,3.65,0,0.1,600753,ST海钦
sh.600753,2025-04-01,5.69,1,False,0.58,5.249,68580472.0,9.0,0,0.1,600753,ST海钦
sh.600753,2025-04-10,5.54,1,False,1.19,2.3272,29408806.0,-1.6,0,0.1,600753,ST海钦
sh.600753,2025-04-11,6.09,2,False,8.12,6.6885,89605087.38,8.36,0,0.1,600753,ST海钦
sh.600758,2025-03-20,4.26,1,False,0.0,5.1693,285509150.74,18.01,0,0.1,600758,辽宁能源
sh.600759,2025-03-21,2.54,1,False,0.0,12.5588,1292524271.67,18.69,0,0.1,600759,ST洲际
sh.600764,2025-03-14,32.6,1,False,2.02,4.879,1085344383.58,22.69,0,0.1,600764,中国海防
sh.600764,2025-04-09,28.69,1,False,4.29,2.4262,483779216.14,0.31,0,0.1,600764,中国海防
sh.600769,2025-04-02,10.63,1,False,0.41,5.6781,220481512.07,5.67,0,0.1,600769,祥龙电业
sh.600771,2025-04-25,18.9,1,False,6.52,6.1377,565055917.29,5.59,0,0.1,600771,广誉远
sh.600774,2025-03-14,8.34,1,False,0.4,7.5006,178232130.97,12.25,0,0.1,600774,汉商集团
sh.600774,2025-04-10,7.8,1,False,0.28,4.732,104942101.18,2.23,0,0.1,600774,汉商集团
sh.600774,2025-04-29,8.16,1,False,-0.13,4.1551,97129367.28,7.94,0,0.1,600774,汉商集团
sh.600774,2025-04-30,8.98,2,True,10.05,2.6527,70234160.48,13.24,0,0.1,600774,汉商集团
sh.600776,2025-04-18,11.09,1,False,-0.4,3.2998,335310153.68,-6.02,0,0.1,600776,东方通信
sh.600777,2025-03-21,2.19,1,False,3.83,1.57,218471841.96,-13.1,1,0.1,600777,新潮能源
sh.600777,2025-04-03,2.56,1,True,4.92,0.1082,17629616.64,8.02,1,0.1,600777,新潮能源
sh.600777,2025-04-07,2.69,2,False,5.08,4.4316,758344585.91,13.98,1,0.1,600777,新潮能源
sh.600777,2025-04-21,2.98,1,True,4.93,0.1888,35808568.04,36.07,1,0.1,600777,新潮能源
sh.600777,2025-04-22,3.13,2,True,5.03,0.6622,131960155.22,40.99,1,0.1,600777,新潮能源
sh.600778,2025-04-08,6.09,1,False,-1.99,12.5415,231341737.54,-9.91,0,0.1,600778,友好集团
sh.600779,2025-03-14,53.32,1,False,-0.06,3.9316,991256292.09,8.24,0,0.1,600779,水井坊
sh.600785,2025-04-08,11.88,1,False,2.78,4.2702,112665399.88,0.59,0,0.1,600785,新华百货
sh.600787,2025-04-08,6.01,1,False,0.55,4.1877,539561814.08,1.01,0,0.1,600787,中储股份
sh.600787,2025-04-09,6.61,2,False,7.82,10.5964,1463519660.51,10.91,0,0.1,600787,中储股份
sh.600787,2025-04-22,6.66,1,False,0.66,7.2714,1012252281.68,13.27,0,0.1,600787,中储股份
sh.600789,2025-03-26,10.87,1,False,3.04,21.6014,2046972463.24,13.82,0,0.1,600789,鲁抗医药
sh.600789,2025-04-01,11.13,1,False,2.77,10.8984,1055761227.24,19.16,0,0.1,600789,鲁抗医药
sh.600790,2025-04-22,3.78,1,False,0.0,2.2264,119838279.36,9.25,0,0.1,600790,轻纺城
sh.600790,2025-04-23,4.16,2,False,5.82,2.87,172248919.52,19.2,0,0.1,600790,轻纺城
sh.600793,2025-04-08,16.23,1,False,-0.34,7.0798,192887477.0,-7.04,0,0.1,600793,宜宾纸业
sh.600793,2025-04-30,24.85,1,False,1.81,13.8113,575365561.78,54.16,0,0.1,600793,宜宾纸业
sh.600794,2025-04-10,3.67,1,False,3.59,5.6329,244695106.6,4.86,0,0.1,600794,保税科技
sh.600794,2025-04-17,4.16,1,False,0.26,8.2664,387730477.13,17.18,0,0.1,600794,保税科技
sh.600794,2025-04-18,4.58,2,False,6.25,7.5492,404720340.04,29.38,0,0.1,600794,保税科技
sh.600794,2025-04-21,5.04,3,False,6.77,6.3144,375486092.86,41.97,0,0.1,600794,保税科技
sh.600794,2025-04-22,5.54,4,True,9.92,1.0913,72559922.86,59.2,0,0.1,600794,保税科技
sh.600797,2025-03-04,10.32,1,False,-1.28,11.5944,1166978161.86,55.42,0,0.1,600797,浙大网新
sh.600797,2025-03-18,13.2,1,False,4.17,39.4931,5241287966.69,43.48,0,0.1,600797,浙大网新
sh.600797,2025-03-20,13.6,1,False,3.24,38.8991,5336146972.43,31.4,0,0.1,600797,浙大网新
sh.600798,2025-04-09,3.01,1,False,-0.73,3.9804,137189768.5,1.35,0,0.1,600798,宁波海运
sh.600798,2025-04-10,3.31,2,False,4.98,5.5806,218593927.86,8.17,0,0.1,600798,宁波海运
sh.600800,2025-03-27,3.49,1,False,-0.63,4.7555,180673535.99,12.58,0,0.1,600800,渤海化学
sh.600800,2025-04-16,2.99,1,False,-0.37,6.6113,212422336.47,-3.86,0,0.1,600800,渤海化学
sh.600800,2025-04-17,3.29,2,False,-0.67,7.4762,267845316.1,5.45,0,0.1,600800,渤海化学
sh.600800,2025-04-24,3.3,1,False,0.33,5.0676,175464148.54,4.1,0,0.1,600800,渤海化学
sh.600802,2025-03-10,4.51,1,False,0.24,2.7345,55911880.19,10.0,0,0.1,600802,福建水泥
sh.600810,2025-04-18,8.23,1,False,1.2,2.5356,203908997.73,-3.18,0,0.1,600810,神马股份
sh.600815,2025-03-05,2.99,1,False,0.0,1.9034,98968419.23,19.12,0,0.1,600815,厦工股份
sh.600818,2025-03-11,12.22,1,False,-1.17,9.0273,255385649.22,7.86,0,0.1,600818,ST中路
sh.600822,2025-04-25,10.54,1,False,0.0,6.9387,283348311.38,5.72,0,0.1,600822,上海物贸
sh.600822,2025-04-28,11.59,2,False,4.65,15.5003,683741849.02,20.23,0,0.1,600822,上海物贸
sh.600825,2025-03-10,7.79,1,False,-1.41,7.5965,584197877.37,17.14,0,0.1,600825,新华传媒
sh.600826,2025-04-14,8.25,1,False,4.53,2.3839,143067783.96,0.61,0,0.1,600826,兰生股份
sh.600828,2025-04-08,3.12,1,False,3.17,1.1683,61059318.16,-9.04,0,0.1,600828,茂业商业
sh.600828,2025-04-14,3.72,1,False,-0.3,1.9794,123221842.92,3.62,0,0.1,600828,茂业商业
sh.600828,2025-04-24,3.95,1,False,1.95,1.0418,70495172.75,17.56,0,0.1,600828,茂业商业
sh.600828,2025-04-25,4.35,2,True,10.13,0.4552,34281501.75,33.03,0,0.1,600828,茂业商业
sh.600828,2025-04-28,4.79,3,False,10.11,3.3221,274114435.27,52.55,0,0.1,600828,茂业商业
sh.600828,2025-04-29,5.27,4,False,-0.21,7.5639,602395279.99,68.91,0,0.1,600828,茂业商业
sh.600829,2025-03-10,8.42,1,False,0.0,4.7528,223706778.78,8.37,0,0.1,600829,人民同泰
sh.600831,2025-03-12,2.98,1,False,1.06,1.6382,34546921.42,9.96,1,0.1,600831,广电网络
sh.600831,2025-04-25,2.68,1,False,2.35,1.8177,34519861.0,-4.63,1,0.1,600831,广电网络
sh.600835,2025-03-04,24.13,1,False,-1.64,3.2187,606026339.06,35.94,0,0.1,600835,上海机电
sh.600841,2025-03-04,6.34,1,False,0.0,6.1969,341099362.09,40.58,0,0.1,600841,动力新科
sh.600841,2025-03-06,7.13,1,False,-2.31,10.1986,638886586.05,50.11,0,0.1,600841,动力新科
sh.600841,2025-04-14,5.48,1,False,1.61,1.2208,68023772.0,-20.92,0,0.1,600841,动力新科
sh.600844,2025-03-14,2.89,1,False,0.76,9.0072,211167016.0,10.73,0,0.1,600844,金煤科技
sh.600844,2025-03-27,2.96,1,False,-0.74,3.468,83163407.0,10.45,0,0.1,600844,金煤科技
sh.600844,2025-04-01,2.96,1,False,0.74,3.3244,80145997.44,11.7,0,0.1,600844,金煤科技
sh.600844,2025-04-14,3.15,1,False,-0.35,8.4351,211971487.89,9.0,0,0.1,600844,金煤科技
sh.600847,2025-03-04,10.32,1,False,-0.96,4.6656,71146147.0,27.88,0,0.1,600847,万里股份
sh.600851,2025-04-01,6.85,1,False,0.0,2.5957,129317854.3,6.53,0,0.1,600851,海欣股份
sh.600857,2025-03-31,8.93,1,False,2.22,5.4583,105264482.97,3.48,0,0.1,600857,宁波中百
sh.600857,2025-04-17,10.23,1,False,0.11,7.0119,156774654.7,13.04,0,0.1,600857,宁波中百
sh.600859,2025-04-09,14.73,1,False,-1.79,4.9773,787335907.72,5.82,0,0.1,600859,王府井
sh.600859,2025-04-10,16.2,2,False,7.94,6.8785,1247620250.53,17.31,0,0.1,600859,王府井
sh.600860,2025-03-07,14.76,1,False,0.52,8.0297,491890566.58,41.79,0,0.1,600860,京城股份
sh.600860,2025-03-10,16.24,2,False,9.89,6.1757,435955435.16,55.7,0,0.1,600860,京城股份
sh.600860,2025-04-21,12.39,1,True,10.04,1.1221,60510282.0,-7.33,0,0.1,600860,京城股份
sh.600860,2025-04-23,13.75,1,False,-1.84,10.2488,588807750.96,4.72,0,0.1,600860,京城股份
sh.600865,2025-04-18,10.26,1,False,-1.29,4.7317,174166374.63,12.5,0,0.1,600865,百大集团
sh.600865,2025-04-21,11.29,2,False,8.97,3.3601,141886524.29,27.0,0,0.1,600865,百大集团
sh.600865,2025-04-22,12.42,3,False,10.01,5.4641,255100391.48,41.78,0,0.1,600865,百大集团
sh.600866,2025-04-22,7.89,1,False,10.04,10.6498,923353670.12,18.11,0,0.1,600866,星湖科技
sh.600876,2025-03-20,10.36,1,False,5.1,1.4745,59489697.6,12.73,0,0.1,600876,凯盛新能
sh.600876,2025-04-22,9.86,1,False,-0.33,2.7157,103668072.18,-7.94,0,0.1,600876,凯盛新能
sh.600882,2025-03-24,21.03,1,False,1.31,4.9768,532734394.47,18.08,0,0.1,600882,妙可蓝多
sh.600882,2025-03-27,23.82,1,False,-0.18,5.5197,641069482.61,21.59,0,0.1,600882,妙可蓝多
sh.600882,2025-04-08,25.94,1,False,1.78,6.1714,786818835.7,30.42,0,0.1,600882,妙可蓝多
sh.600889,2025-04-30,18.26,1,False,-0.36,12.8372,836850750.32,12.72,0,0.1,600889,*ST京化
sh.600892,2025-03-17,3.76,1,False,0.88,9.4785,197745760.0,5.92,0,0.1,600892,大晟文化
sh.600892,2025-03-21,3.87,1,False,0.0,13.8892,294400833.92,5.16,0,0.1,600892,大晟文化
sh.600895,2025-04-09,24.75,1,False,1.33,4.7033,1758772280.32,-8.77,0,0.1,600895,张江高科
sh.600903,2025-04-10,7.58,1,False,-1.74,3.5602,293541442.73,14.85,0,0.1,600903,贵州燃气
sh.600936,2025-03-11,3.77,1,False,1.46,1.8013,111669281.0,9.91,0,0.1,600936,北投科技
sh.600936,2025-03-12,4.15,2,False,10.08,3.6885,255607515.4,20.99,0,0.1,600936,北投科技
sh.600939,2025-04-17,2.77,1,False,-0.4,1.0965,55985989.72,-1.77,0,0.1,600939,重庆建工
sh.600939,2025-04-22,3.01,1,False,-0.36,2.9285,161348363.22,11.07,0,0.1,600939,重庆建工
sh.600939,2025-04-30,2.97,1,False,0.37,1.6176,89271167.95,12.08,0,0.1,600939,重庆建工
sh.600959,2025-03-12,3.73,1,False,0.88,1.7419,317726122.09,8.43,0,0.1,600959,江苏有线
sh.600960,2025-03-10,3.96,1,False,0.28,5.1813,191588640.0,15.79,0,0.1,600960,渤海汽车
sh.600960,2025-03-20,4.44,1,False,2.72,2.6425,109993684.08,30.97,0,0.1,600960,渤海汽车
sh.600961,2025-03-07,9.02,1,False,1.22,10.0536,674928683.5,6.12,0,0.1,600961,株冶集团
sh.600963,2025-04-21,4.76,1,False,-0.46,2.9602,238011055.33,-0.42,0,0.1,600963,岳阳林纸
sh.600965,2025-03-26,5.53,1,False,0.99,2.9663,130073326.94,14.02,0,0.1,600965,*ST福成
sh.600965,2025-03-31,6.33,1,False,3.48,3.5679,181416362.38,37.91,0,0.1,600965,*ST福成
sh.600965,2025-04-07,5.94,1,False,5.56,9.626,466128562.76,27.19,0,0.1,600965,*ST福成
sh.600965,2025-04-08,6.53,2,False,-0.51,12.2437,617945711.69,38.94,0,0.1,600965,*ST福成
sh.600967,2025-03-11,11.09,1,False,-0.99,2.8706,525055774.36,10.35,0,0.1,600967,内蒙一机
sh.600967,2025-03-12,12.2,2,False,7.12,4.4855,917538082.4,21.03,0,0.1,600967,内蒙一机
sh.600967,2025-04-09,10.89,1,False,-1.62,2.2063,391791896.0,-1.8,0,0.1,600967,内蒙一机
sh.600969,2025-04-24,8.07,1,False,1.23,11.3017,334013247.5,16.28,0,0.1,600969,郴电国际
sh.600975,2025-04-08,6.53,1,False,-0.17,12.3122,790700987.64,6.35,0,0.1,600975,新五丰
sh.600979,2025-03-12,5.64,1,False,0.0,11.2606,758328235.53,3.49,0,0.1,600979,广安爱众
sh.600979,2025-03-19,6.31,1,False,0.35,13.1357,999659594.56,18.39,0,0.1,600979,广安爱众
sh.600981,2025-04-15,2.82,1,False,0.0,3.9379,236102161.98,5.62,0,0.1,600981,苏豪汇鸿
sh.600982,2025-03-13,4.84,1,False,-0.68,7.9352,421011168.53,12.56,0,0.1,600982,宁波能源
sh.600983,2025-04-25,10.11,1,True,10.01,0.35,27118053.0,4.44,0,0.1,600983,惠而浦
sh.600986,2025-03-06,9.68,1,True,10.0,5.1071,735314773.6,37.7,0,0.1,600986,浙文互联
sh.600986,2025-04-30,8.02,1,False,5.08,7.5656,890940263.26,-6.2,0,0.1,600986,浙文互联
sh.600988,2025-04-21,31.0,1,False,4.05,6.1543,3083193012.89,45.81,0,0.1,600988,赤峰黄金
sh.600996,2025-03-12,10.79,1,False,6.93,3.0737,409332991.59,9.32,0,0.1,600996,贵广网络
sh.601002,2025-04-11,4.47,1,False,-0.25,1.9531,81572504.5,-10.6,0,0.1,601002,晋亿实业
sh.601003,2025-04-29,3.27,1,False,10.1,1.5928,133477382.26,9.36,0,0.1,601003,柳钢股份
sh.601007,2025-04-16,7.69,1,False,-0.72,10.6154,310541680.17,9.39,0,0.1,601007,金陵饭店
sh.601007,2025-04-17,8.46,2,False,3.38,17.6934,568546293.4,21.38,0,0.1,601007,金陵饭店
sh.601008,2025-04-03,4.25,1,False,-0.78,6.9209,357549240.65,15.49,0,0.1,601008,连云港
sh.601008,2025-04-07,4.68,2,False,4.47,13.9593,792189548.11,27.87,0,0.1,601008,连云港
sh.601008,2025-04-08,5.15,3,False,5.77,4.372,273456069.62,39.19,0,0.1,601008,连云港
sh.601008,2025-04-09,5.67,4,True,10.1,1.1915,83813015.79,52.01,0,0.1,601008,连云港
sh.601008,2025-04-10,6.24,5,True,10.05,0.5077,39301142.4,66.84,0,0.1,601008,连云港
sh.601008,2025-04-11,6.86,6,False,9.94,21.5592,1801380466.78,82.45,0,0.1,601008,连云港
sh.601008,2025-04-16,6.52,1,False,-7.25,24.6228,1899731244.15,64.23,0,0.1,601008,连云港
sh.601008,2025-04-22,5.9,1,False,2.05,15.4575,1102389953.19,51.28,0,0.1,601008,连云港
sh.601008,2025-04-23,6.49,2,False,1.69,23.3238,1806209969.17,64.72,0,0.1,601008,连云港
sh.601010,2025-04-18,3.38,1,False,0.98,12.6351,771808608.2,10.1,0,0.1,601010,ST文峰
sh.601015,2025-03-20,3.47,1,False,-0.32,2.7873,194348920.54,12.3,0,0.1,601015,陕西黑猫
sh.601020,2025-03-04,17.28,1,False,3.44,11.8149,1605818476.04,25.13,0,0.1,601020,华钰矿业
sh.601020,2025-03-05,19.01,2,False,0.12,12.1907,1858700882.52,35.01,0,0.1,601020,华钰矿业
sh.601020,2025-03-07,22.55,1,False,2.44,7.463,1349997015.56,62.58,0,0.1,601020,华钰矿业
sh.601020,2025-04-14,19.76,1,False,0.72,7.2127,1131543154.52,-12.22,0,0.1,601020,华钰矿业
sh.601038,2025-04-08,13.66,1,False,8.62,1.7747,176317631.0,-2.78,0,0.1,601038,一拖股份
sh.601059,2025-03-14,18.46,1,False,1.01,18.8113,2344712248.03,31.67,0,0.1,601059,信达证券
sh.601068,2025-04-17,5.24,1,False,-0.21,1.4964,195231306.4,19.63,0,0.1,601068,中铝国际
sh.601068,2025-04-18,5.76,2,False,2.67,2.5512,368396370.54,30.61,0,0.1,601068,中铝国际
sh.601069,2025-03-28,15.31,1,False,2.8,5.3577,543484838.35,21.22,0,0.1,601069,西部黄金
sh.601069,2025-03-31,16.84,2,False,0.26,10.8015,1202341582.44,33.23,0,0.1,601069,西部黄金
sh.601069,2025-04-03,17.05,1,False,4.0,13.3892,1517360570.62,28.87,0,0.1,601069,西部黄金
sh.601069,2025-04-10,16.67,1,False,1.65,10.7818,1194255591.44,25.34,0,0.1,601069,西部黄金
sh.601069,2025-04-21,19.17,1,False,3.21,9.0291,1145454998.31,39.93,0,0.1,601069,西部黄金
sh.601083,2025-04-09,10.02,1,False,0.66,10.9104,203912470.65,10.84,0,0.1,601083,锦江航运
sh.601083,2025-04-10,11.02,2,True,9.98,7.07,151240672.98,20.83,0,0.1,601083,锦江航运
sh.601083,2025-04-15,11.52,1,False,6.97,14.443,320257742.34,23.34,0,0.1,601083,锦江航运
sh.601086,2025-04-03,5.24,1,False,-0.84,3.0233,104855081.0,8.49,0,0.1,601086,国芳集团
sh.601086,2025-04-07,5.76,2,False,9.92,9.4364,357586696.0,22.03,0,0.1,601086,国芳集团
sh.601086,2025-04-08,6.34,3,True,10.07,0.9872,41684232.0,33.76,0,0.1,601086,国芳集团
sh.601086,2025-04-09,6.97,4,True,9.94,0.7856,36465646.0,43.71,0,0.1,601086,国芳集团
sh.601086,2025-04-10,7.67,5,True,10.04,3.7061,189316040.55,56.53,0,0.1,601086,国芳集团
sh.601086,2025-04-11,8.44,6,True,10.04,1.2248,68844236.0,73.31,0,0.1,601086,国芳集团
sh.601086,2025-04-14,9.28,7,False,0.0,8.6168,515968665.43,84.86,0,0.1,601086,国芳集团
sh.601086,2025-04-16,9.59,1,False,-2.41,17.2938,991814323.21,92.18,0,0.1,601086,国芳集团
sh.601086,2025-04-17,10.55,2,False,-1.25,16.5071,1113718821.46,113.13,0,0.1,601086,国芳集团
sh.601086,2025-04-18,11.61,3,False,-0.47,15.1948,1103867801.14,135.98,0,0.1,601086,国芳集团
sh.601086,2025-04-21,12.77,4,False,3.79,8.2854,690712948.85,163.3,0,0.1,601086,国芳集团
sh.601086,2025-04-22,14.05,5,False,4.78,11.2439,1018425523.57,198.94,0,0.1,601086,国芳集团
sh.601086,2025-04-24,13.92,1,False,-9.96,18.333,1461621231.57,193.05,0,0.1,601086,国芳集团
sh.601106,2025-03-25,3.1,1,False,-0.71,1.5971,329745692.14,12.32,0,0.1,601106,中国一重
sh.601126,2025-03-12,18.27,1,False,0.06,7.6911,1112327257.45,14.04,0,0.1,601126,四方股份
sh.601136,2025-03-06,22.59,1,False,1.56,28.9659,3095558624.24,12.39,0,0.1,601136,首创证券
sh.601138,2025-04-10,17.96,1,False,9.61,1.2784,4527281724.73,-14.11,0,0.1,601138,工业富联
sh.601155,2025-04-09,12.91,1,False,-1.53,1.9103,535677177.2,-1.53,0,0.1,601155,新城控股
sh.601177,2025-03-04,19.45,1,False,3.96,13.9518,1076125491.56,114.44,0,0.1,601177,杭齿前进
sh.601177,2025-03-06,22.91,1,False,-3.41,23.4403,2070995373.77,146.34,0,0.1,601177,杭齿前进
sh.601177,2025-04-09,15.42,1,False,-3.21,12.0589,702877114.48,-26.57,0,0.1,601177,杭齿前进
sh.601177,2025-04-23,18.27,1,False,0.6,9.3511,668117605.94,-0.49,0,0.1,601177,杭齿前进
sh.601188,2025-04-23,3.99,1,False,0.0,14.0437,722252815.44,18.05,0,0.1,601188,龙江交通
sh.601218,2025-03-20,3.6,1,False,-0.31,12.4035,425314777.56,15.02,0,0.1,601218,吉鑫科技
sh.601218,2025-04-25,3.41,1,False,4.84,10.579,347602572.42,0.0,0,0.1,601218,吉鑫科技
sh.601226,2025-03-21,7.6,1,False,1.45,2.602,224781898.0,14.29,0,0.1,601226,华电科工
sh.601279,2025-04-15,3.69,1,False,0.0,0.7353,42225897.04,-5.38,0,0.1,601279,英利汽车
sh.601311,2025-04-11,8.04,1,False,6.98,3.442,322625931.35,-6.62,0,0.1,601311,骆驼股份
sh.601336,2025-03-14,53.71,1,False,-0.18,3.1652,3453488601.64,9.77,0,0.1,601336,新华保险
sh.601339,2025-04-14,5.5,1,False,-0.2,2.1823,172904682.21,3.97,0,0.1,601339,百隆东方
sh.601388,2025-04-03,2.64,1,False,0.0,5.4343,310024926.29,6.88,0,0.1,601388,怡球资源
sh.601388,2025-04-14,2.55,1,False,0.86,4.8917,271469465.3,0.39,0,0.1,601388,怡球资源
sh.601399,2025-03-25,3.32,1,False,0.0,1.8871,440340710.76,12.54,0,0.1,601399,国机重装
sh.601515,2025-04-22,3.74,1,False,0.0,5.9301,402817086.99,14.72,0,0.1,601515,衢州东峰
sh.601519,2025-03-31,9.91,1,True,9.99,0.9793,194479885.1,16.04,0,0.1,601519,大智慧
sh.601566,2025-04-25,9.21,1,False,4.78,1.491,78581737.08,5.62,0,0.1,601566,九牧王
sh.601579,2025-04-02,12.18,1,False,5.15,8.9575,516700275.62,21.68,0,0.1,601579,会稽山
sh.601579,2025-04-10,13.65,1,False,-1.53,8.9181,549457544.79,33.69,0,0.1,601579,会稽山
sh.601579,2025-04-25,14.6,1,False,-0.38,6.5104,442343887.72,37.22,0,0.1,601579,会稽山
sh.601579,2025-04-29,15.42,1,False,-1.57,6.9894,498270805.59,47.42,0,0.1,601579,会稽山
sh.601595,2025-03-06,26.7,1,False,0.04,3.5716,415358725.38,-1.73,0,0.1,601595,XD上海电
sh.601595,2025-03-28,30.24,1,False,1.13,3.9123,517515914.49,23.28,0,0.1,601595,XD上海电
sh.601595,2025-04-30,32.76,1,False,0.07,3.1116,441832072.51,4.0,0,0.1,601595,XD上海电
sh.601606,2025-04-09,12.2,1,False,-0.99,3.2399,278973371.96,-7.37,0,0.1,601606,长城军工
sh.601608,2025-03-21,5.26,1,False,1.46,3.7649,885066770.62,20.92,0,0.1,601608,中信重工
sh.601608,2025-03-24,5.79,2,False,10.08,13.096,3370797031.98,32.19,0,0.1,601608,中信重工
sh.601608,2025-03-26,6.11,1,False,1.62,12.059,3234120837.37,37.0,0,0.1,601608,中信重工
sh.601611,2025-03-03,8.81,1,False,2.75,2.7709,717945891.63,7.44,0,0.1,601611,中国核建
sh.601616,2025-03-12,5.13,1,False,0.43,11.0699,465250588.36,21.28,0,0.1,601616,广电电气
sh.601619,2025-03-19,3.85,1,False,-0.29,6.0628,556790274.53,15.62,0,0.1,601619,嘉泽新能
sh.601689,2025-03-14,63.78,1,False,-0.66,3.451,3572770140.25,-7.19,0,0.1,601689,拓普集团
sh.601766,2025-04-08,7.02,1,False,4.86,1.3029,2192347896.61,-5.65,0,0.1,601766,中国中车
sh.601789,2025-03-03,6.74,2,False,9.79,9.1648,670899485.18,61.63,0,0.1,601789,宁波建工
sh.601789,2025-03-06,7.02,1,False,-2.04,28.5283,2100990550.06,52.61,0,0.1,601789,宁波建工
sh.601798,2025-03-17,7.52,1,False,2.34,3.0221,79682002.0,15.87,0,0.1,601798,蓝科高新
sh.601798,2025-03-21,8.28,1,False,2.52,10.7384,305951438.1,30.39,0,0.1,601798,蓝科高新
sh.601798,2025-04-17,6.51,1,True,9.97,1.0125,23368973.04,-10.08,0,0.1,601798,蓝科高新
sh.601798,2025-04-18,7.16,2,True,9.98,2.4878,63150512.64,-4.91,0,0.1,601798,蓝科高新
sh.601799,2025-03-20,136.43,1,False,0.85,2.3967,916550903.04,9.58,0,0.1,601799,星宇股份
sh.601811,2025-03-28,15.86,1,False,2.08,1.9268,233142943.46,14.18,0,0.1,601811,新华文轩
sh.601886,2025-03-20,6.26,1,False,6.33,3.3906,237047911.44,13.82,0,0.1,601886,江河集团
sh.601888,2025-04-09,66.87,1,False,0.02,3.5191,4408998942.23,7.51,0,0.1,601888,中国中免
sh.601890,2025-03-20,9.44,1,False,0.12,10.8155,951565455.97,25.87,0,0.1,601890,亚星锚链
sh.601890,2025-03-21,10.38,2,False,4.77,17.6259,1731194224.42,37.85,0,0.1,601890,亚星锚链
sh.601890,2025-03-24,11.42,3,False,6.94,27.2242,2908288226.17,51.06,0,0.1,601890,亚星锚链
sh.601929,2025-03-12,2.24,1,False,1.96,7.4234,573477250.41,3.23,0,0.1,601929,吉视传媒
sh.601933,2025-04-03,5.1,1,False,-0.43,6.1279,2779952494.51,1.59,0,0.1,601933,永辉超市
sh.601933,2025-04-08,5.7,1,False,2.12,5.7972,2927295197.16,14.69,0,0.1,601933,永辉超市
sh.601952,2025-04-08,11.42,1,False,0.96,6.7576,1014747742.23,19.21,0,0.1,601952,苏垦农发
sh.601956,2025-03-07,5.69,1,True,10.06,2.0513,72205986.2,16.12,0,0.1,601956,东贝集团
sh.601956,2025-04-23,5.62,1,False,0.78,5.7662,195981361.68,3.69,0,0.1,601956,东贝集团
sh.601956,2025-04-24,6.18,2,True,9.96,1.4594,55792792.8,9.96,0,0.1,601956,东贝集团
sh.601956,2025-04-25,6.8,3,True,10.03,1.1081,46612585.6,22.52,0,0.1,601956,东贝集团
sh.601956,2025-04-28,7.48,4,True,10.0,1.0298,47652462.0,37.25,0,0.1,601956,东贝集团
sh.603001,2025-03-14,5.52,1,False,0.2,4.0643,85469149.0,7.39,0,0.1,603001,奥康国际
sh.603001,2025-03-17,6.07,2,True,9.96,0.9361,22783138.0,16.73,0,0.1,603001,奥康国际
sh.603002,2025-04-17,5.7,1,False,-1.16,3.8826,237718429.3,-13.51,0,0.1,603002,宏昌电子
sh.603002,2025-04-18,6.27,2,False,-3.51,7.4755,497372789.0,-3.24,0,0.1,603002,宏昌电子
sh.603006,2025-03-26,12.41,1,False,-0.27,2.079,64676604.0,5.08,0,0.1,603006,联明股份
sh.603006,2025-04-10,10.85,1,False,2.84,2.4202,65101845.0,-11.21,0,0.1,603006,联明股份
sh.603007,2025-03-10,8.54,1,False,0.12,1.9146,80632275.22,-15.94,1,0.1,603007,顺景科技
sh.603007,2025-03-28,5.73,1,False,-0.55,7.9718,219843393.68,-33.91,1,0.1,603007,顺景科技
sh.603007,2025-04-10,4.53,1,False,2.32,3.7181,82875874.1,-44.62,1,0.1,603007,顺景科技
sh.603007,2025-04-11,4.76,2,False,0.44,3.0269,70426095.94,-42.3,1,0.1,603007,顺景科技
sh.603007,2025-04-21,4.67,1,False,0.0,1.9682,45211523.73,-26.46,1,0.1,603007,顺景科技
sh.603011,2025-03-03,8.39,1,False,0.92,9.991,404817020.0,17.67,0,0.1,603011,合锻智能
sh.603011,2025-03-24,10.22,1,False,1.08,10.5241,513622342.3,27.91,0,0.1,603011,合锻智能
sh.603011,2025-03-25,11.24,2,True,9.98,3.3562,186513075.6,39.45,0,0.1,603011,合锻智能
sh.603011,2025-03-26,12.36,3,True,9.96,1.6811,102732661.44,52.78,0,0.1,603011,合锻智能
sh.603011,2025-03-28,13.37,1,False,-1.23,38.0612,2451758793.63,75.23,0,0.1,603011,合锻智能
sh.603011,2025-04-01,14.04,1,False,-0.78,27.6897,1823640035.3,65.18,0,0.1,603011,合锻智能
sh.603011,2025-04-14,11.08,1,False,4.57,4.4175,238414779.96,33.98,0,0.1,603011,合锻智能
sh.603012,2025-03-04,6.27,1,False,0.0,7.8931,309872387.8,15.9,0,0.1,603012,创力集团
sh.603012,2025-03-06,6.89,1,False,-0.16,8.8719,379388093.66,24.59,0,0.1,603012,创力集团
sh.603015,2025-03-25,13.73,1,False,0.96,6.6277,365551030.0,0.96,0,0.1,603015,弘讯科技
sh.603021,2025-04-10,3.86,1,False,1.14,3.1268,37746519.6,-14.79,0,0.1,603021,*ST华鹏
sh.603021,2025-04-18,4.21,1,True,9.92,2.5285,34058731.6,-3.44,0,0.1,603021,*ST华鹏
sh.603023,2025-04-30,3.45,1,False,0.3,2.0541,38975811.84,10.58,1,0.1,603023,威帝股份
sh.603028,2025-03-20,7.55,1,False,2.04,10.6492,227381198.0,15.8,0,0.1,603028,赛福天
sh.603028,2025-04-25,6.44,1,False,2.39,9.0953,162644322.2,-2.57,0,0.1,603028,赛福天
sh.603029,2025-04-08,17.04,1,False,3.94,4.1835,85820799.8,-1.5,0,0.1,603029,天鹅股份
sh.603029,2025-04-22,18.89,1,False,-1.05,11.3694,254793225.6,12.17,0,0.1,603029,天鹅股份
sh.603030,2025-04-29,2.4,1,False,0.46,5.6041,174179033.09,-4.0,0,0.1,603030,全筑股份
sh.603030,2025-04-30,2.64,2,False,4.58,2.962,101558546.0,6.88,0,0.1,603030,全筑股份
sh.603032,2025-03-03,16.4,1,False,1.95,4.3627,162649677.09,24.43,0,0.1,603032,德新科技
sh.603038,2025-04-02,15.71,1,False,-0.21,7.8713,323383074.34,2.61,0,0.1,603038,华立股份
sh.603039,2025-03-06,74.21,1,True,10.01,0.9245,178783095.71,6.95,0,0.1,603039,泛微网络
sh.603039,2025-04-17,68.54,1,False,0.16,1.2682,220673843.4,-0.95,0,0.1,603039,泛微网络
sh.603040,2025-04-29,31.54,1,False,6.14,3.9099,164414251.32,8.76,0,0.1,603040,新坐标
sh.603040,2025-04-30,34.69,2,False,3.04,9.5944,437775432.31,22.15,0,0.1,603040,新坐标
sh.603042,2025-03-12,15.55,1,False,0.5,16.443,397436954.86,9.28,0,0.1,603042,华脉科技
sh.603042,2025-04-18,13.48,1,False,0.0,15.1118,322081288.41,-8.92,0,0.1,603042,华脉科技
sh.603042,2025-04-21,14.83,2,False,3.04,23.1185,542235502.48,-0.34,0,0.1,603042,华脉科技
sh.603045,2025-03-26,17.99,1,False,-5.2,8.3242,193960958.7,20.9,0,0.1,603045,福达合金
sh.603048,2025-03-04,17.28,1,False,0.06,2.3524,58122164.45,14.59,0,0.1,603048,浙江黎明
sh.603048,2025-03-05,19.01,2,False,3.53,2.5644,70434842.4,21.7,0,0.1,603048,浙江黎明
sh.603048,2025-03-06,20.91,3,True,9.99,0.6045,18565989.0,32.43,0,0.1,603048,浙江黎明
sh.603048,2025-03-07,23.0,4,False,10.0,18.3351,603162661.99,46.78,0,0.1,603048,浙江黎明
sh.603061,2025-04-11,79.16,1,False,-1.2,6.2433,201248791.8,0.6,0,0.1,603061,金海通
sh.603062,2025-03-28,47.96,1,False,7.22,6.688,105617674.29,28.37,0,0.1,603062,麦加芯彩
sh.603063,2025-03-14,34.3,1,False,5.55,14.084,2141718574.8,12.2,0,0.1,603063,禾望电气
sh.603063,2025-04-10,28.67,1,False,9.75,9.3209,1202579229.33,-9.16,0,0.1,603063,禾望电气
sh.603065,2025-04-28,8.42,1,False,0.65,10.0903,157670697.25,8.23,0,0.1,603065,宿迁联盛
sh.603065,2025-04-29,9.26,2,True,9.98,3.4184,62255507.82,21.68,0,0.1,603065,宿迁联盛
sh.603066,2025-03-25,13.24,1,False,5.32,3.5014,135615054.0,11.92,0,0.1,603066,音飞储存
sh.603067,2025-04-22,19.39,1,False,0.11,4.7029,452075275.27,4.7,0,0.1,603067,振华股份
sh.603068,2025-03-26,36.5,1,False,0.15,5.2604,285010401.5,-6.65,0,0.1,603068,博通集成
sh.603069,2025-04-09,18.13,1,False,-1.7,4.3755,233709435.54,-3.2,0,0.1,603069,海汽集团
sh.603069,2025-04-14,21.02,1,False,1.52,7.1169,456318649.5,11.69,0,0.1,603069,海汽集团
sh.603072,2025-03-19,41.72,1,False,-0.08,31.6524,812370363.2,24.24,0,0.1,603072,天和磁材
sh.603072,2025-03-24,44.86,1,False,0.1,22.1919,625395467.89,32.29,0,0.1,603072,天和磁材
sh.603072,2025-03-26,50.38,1,False,-5.68,58.1335,1808165118.99,46.33,0,0.1,603072,天和磁材
sh.603072,2025-04-02,48.4,1,False,-1.0,47.2796,1437436189.09,23.82,0,0.1,603072,天和磁材
sh.603072,2025-04-03,53.24,2,False,1.36,47.3157,1546906900.33,36.76,0,0.1,603072,天和磁材
sh.603072,2025-04-08,59.29,1,False,-7.14,51.8907,1900855119.4,53.52,0,0.1,603072,天和磁材
sh.603072,2025-04-14,59.39,1,False,0.26,31.3075,1163748572.52,58.58,0,0.1,603072,天和磁材
sh.603076,2025-04-10,22.55,1,False,1.95,1.8436,48164200.0,-2.8,0,0.1,603076,乐惠国际
sh.603078,2025-03-27,19.06,1,False,-0.23,8.0167,575730882.68,5.36,0,0.1,603078,江化微
sh.603078,2025-04-11,18.51,1,False,-1.19,10.7217,746794133.84,4.46,0,0.1,603078,江化微
sh.603079,2025-04-10,16.67,1,False,-3.89,14.0374,376559342.44,14.81,0,0.1,603079,圣达生物
sh.603081,2025-03-25,16.52,1,False,9.99,18.4818,1230483838.14,21.03,0,0.1,603081,大丰实业
sh.603082,2025-04-15,38.21,1,True,9.99,1.0272,15918286.0,-12.58,0,0.1,603082,北自科技
sh.603086,2025-03-03,6.27,1,False,1.75,6.9107,182649470.77,47.88,0,0.1,603086,先达股份
sh.603086,2025-04-21,6.02,1,False,0.55,3.7921,95703242.7,12.1,0,0.1,603086,先达股份
sh.603086,2025-04-22,6.62,2,True,9.97,1.5998,46050030.76,26.82,0,0.1,603086,先达股份
sh.603086,2025-04-23,7.28,3,True,9.97,4.6415,146924020.88,37.1,0,0.1,603086,先达股份
sh.603086,2025-04-24,8.01,4,False,7.14,33.2796,1143578737.16,44.32,0,0.1,603086,先达股份
sh.603086,2025-04-29,8.78,1,False,-0.5,25.9126,933850913.84,62.89,0,0.1,603086,先达股份
sh.603087,2025-04-25,49.81,1,False,6.85,7.757,2111235055.52,9.69,0,0.1,603087,甘李药业
sh.603088,2025-03-06,11.2,1,False,1.57,4.2228,201139860.8,17.65,0,0.1,603088,宁波精达
sh.603088,2025-03-26,11.99,1,False,-0.46,8.123,407793190.49,15.73,0,0.1,603088,宁波精达
sh.603090,2025-03-18,22.62,1,False,0.0,3.5219,77046748.0,12.76,0,0.1,603090,宏盛股份
sh.603090,2025-03-24,25.19,1,False,-0.87,10.928,258271413.7,29.18,0,0.1,603090,宏盛股份
sh.603090,2025-03-26,25.87,1,False,-1.28,9.0257,221405795.59,34.18,0,0.1,603090,宏盛股份
sh.603090,2025-04-15,22.64,1,False,1.75,5.6697,124860364.0,10.12,0,0.1,603090,宏盛股份
sh.603098,2025-03-28,10.82,1,False,-0.41,2.3045,133813046.14,12.59,0,0.1,603098,森特股份
sh.603101,2025-04-11,7.8,1,False,4.94,3.9042,141779546.41,11.27,0,0.1,603101,汇嘉时代
sh.603102,2025-03-13,39.45,1,False,3.18,5.7582,80699294.65,10.2,0,0.1,603102,百合股份
sh.603103,2025-04-10,15.97,1,False,-2.89,4.0515,391761903.77,17.43,0,0.1,603103,横店影视
sh.603103,2025-04-21,16.24,1,False,0.0,1.7762,179238104.84,23.59,0,0.1,603103,横店影视
sh.603108,2025-03-10,22.84,1,True,10.02,1.6451,226813624.96,14.2,0,0.1,603108,润达医疗
sh.603109,2025-03-18,26.06,1,False,-1.65,12.9266,663572754.47,29.2,0,0.1,603109,神驰机电
sh.603110,2025-04-15,15.99,1,False,-0.28,5.0309,154097735.56,-11.75,0,0.1,603110,东方材料
sh.603110,2025-04-16,17.59,2,False,0.0,19.6798,676402895.16,-3.51,0,0.1,603110,东方材料
sh.603110,2025-04-21,18.8,1,False,1.81,16.2735,592984308.0,1.46,0,0.1,603110,东方材料
sh.603113,2025-04-28,6.09,1,False,8.3,3.3932,173914557.61,4.1,0,0.1,603113,金能科技
sh.603116,2025-04-17,5.39,1,False,-2.04,2.1859,65790790.34,-10.61,0,0.1,603116,红蜻蜓
sh.603116,2025-04-18,5.93,2,False,0.0,6.8965,215658874.14,0.17,0,0.1,603116,红蜻蜓
sh.603117,2025-04-03,6.06,1,False,0.0,5.217,182212148.2,-0.98,0,0.1,603117,万林物流
sh.603117,2025-04-22,6.29,1,False,0.52,6.3183,236977031.6,11.72,0,0.1,603117,万林物流
sh.603119,2025-03-14,35.07,1,False,-1.25,14.6358,1000263958.58,16.16,0,0.1,603119,浙江荣泰
sh.603119,2025-04-02,41.69,1,False,0.0,8.2428,673724874.62,24.45,0,0.1,603119,浙江荣泰
sh.603119,2025-04-21,39.44,1,False,-2.65,9.1151,707492756.76,-1.2,0,0.1,603119,浙江荣泰
sh.603119,2025-04-23,42.68,1,False,3.07,11.515,974741953.43,13.0,0,0.1,603119,浙江荣泰
sh.603119,2025-04-24,46.95,2,False,-0.19,14.7262,1327208074.09,17.73,0,0.1,603119,浙江荣泰
sh.603123,2025-03-04,8.66,1,False,-0.51,6.264,342048711.2,13.95,0,0.1,603123,翠微股份
sh.603123,2025-04-16,8.49,1,False,0.39,4.1958,223096088.83,-4.18,0,0.1,603123,翠微股份
sh.603123,2025-04-22,9.15,1,False,2.64,6.8116,399960605.75,10.91,0,0.1,603123,翠微股份
sh.603123,2025-04-30,8.43,1,False,3.0,3.4214,186245612.0,7.25,0,0.1,603123,翠微股份
sh.603125,2025-03-27,21.82,1,False,-0.25,17.9873,261990276.58,11.21,0,0.1,603125,常青科技
sh.603128,2025-04-15,6.58,1,False,-0.33,5.5291,456484909.9,12.67,0,0.1,603128,华贸物流
sh.603128,2025-04-16,7.24,2,True,10.03,2.03,192393805.2,24.19,0,0.1,603128,华贸物流
sh.603128,2025-04-17,7.96,3,False,8.98,29.393,2939489917.17,36.77,0,0.1,603128,华贸物流
sh.603128,2025-04-22,7.62,1,False,2.45,20.047,1976227985.0,32.98,0,0.1,603128,华贸物流
sh.603129,2025-04-10,155.61,1,False,10.0,1.7773,420555934.43,-9.75,0,0.1,603129,春风动力
sh.603139,2025-03-17,17.11,1,False,0.26,4.9472,82181917.0,15.92,0,0.1,603139,康惠股份
sh.603139,2025-03-18,18.82,2,False,9.99,8.0608,151472029.0,32.16,0,0.1,603139,康惠股份
sh.603139,2025-03-21,20.7,1,True,9.99,0.5267,10890270.0,43.05,0,0.1,603139,康惠股份
sh.603139,2025-04-14,19.56,1,False,1.24,2.7444,52195589.04,25.79,0,0.1,603139,康惠股份
sh.603158,2025-03-07,10.41,1,False,0.0,5.5591,278152936.0,17.23,0,0.1,603158,腾龙股份
sh.603166,2025-03-05,11.75,1,False,-0.09,12.6891,940448431.0,27.86,0,0.1,603166,福达股份
sh.603166,2025-03-06,12.93,2,False,2.04,11.8895,941888452.4,27.89,0,0.1,603166,福达股份
sh.603166,2025-03-12,14.07,1,False,1.88,6.2636,547366510.14,32.99,0,0.1,603166,福达股份
sh.603166,2025-03-17,14.19,1,False,8.37,3.2743,292743188.67,39.12,0,0.1,603166,福达股份
sh.603166,2025-03-28,15.22,1,False,1.88,11.3432,1097428603.92,49.36,0,0.1,603166,福达股份
sh.603166,2025-04-09,12.28,1,False,-5.02,8.1124,583324940.41,-3.99,0,0.1,603166,福达股份
sh.603166,2025-04-30,16.43,1,False,0.8,5.7781,583067189.6,15.7,0,0.1,603166,福达股份
sh.603168,2025-03-14,7.81,1,False,0.0,12.7942,317820653.83,13.35,0,0.1,603168,莎普爱思
sh.603169,2025-03-25,6.45,1,False,-1.37,5.0924,417808575.45,17.06,0,0.1,603169,兰石重装
sh.603169,2025-03-31,7.4,1,False,-1.93,10.6552,1004368070.09,35.78,0,0.1,603169,兰石重装
sh.603169,2025-04-01,8.14,2,False,6.89,4.187,439826850.02,46.93,0,0.1,603169,兰石重装
sh.603169,2025-04-03,9.56,1,False,-3.8,18.6496,2285751933.58,71.63,0,0.1,603169,兰石重装
sh.603171,2025-03-06,48.55,1,False,0.61,1.5481,293839833.54,27.83,0,0.1,603171,税友股份
sh.603171,2025-04-17,46.16,1,False,-0.26,1.1453,205785650.62,-3.73,0,0.1,603171,税友股份
sh.603173,2025-04-22,27.94,1,False,10.0,9.8164,135191874.62,10.04,0,0.1,603173,福斯达
sh.603178,2025-03-04,20.16,1,False,-0.87,5.9889,278291370.59,16.73,0,0.1,603178,圣龙股份
sh.603178,2025-03-05,22.18,2,False,0.2,12.8715,636386937.91,27.03,0,0.1,603178,圣龙股份
sh.603178,2025-04-02,19.34,1,False,6.37,2.1456,96563430.0,-12.8,0,0.1,603178,圣龙股份
sh.603178,2025-04-22,17.94,1,False,0.0,4.1295,170180870.0,-7.14,0,0.1,603178,圣龙股份
sh.603178,2025-04-23,19.73,2,False,3.51,4.6397,207709457.84,5.62,0,0.1,603178,圣龙股份
sh.603182,2025-04-08,12.28,1,False,-0.45,7.1716,80744595.76,0.99,0,0.1,603182,嘉华股份
sh.603183,2025-03-17,4.69,1,False,3.05,10.9412,250883862.99,18.43,0,0.1,603183,建研院
sh.603185,2025-04-30,14.2,1,False,2.63,2.1185,199456922.72,-3.92,0,0.1,603185,弘元绿能
sh.603188,2025-03-25,3.74,1,False,1.18,6.9697,146463518.58,1.08,0,0.1,603188,亚邦股份
sh.603188,2025-04-01,3.75,1,False,3.23,2.0259,42526505.0,3.31,0,0.1,603188,亚邦股份
sh.603188,2025-04-11,3.83,1,False,-0.86,2.9394,62810626.84,6.98,0,0.1,603188,亚邦股份
sh.603188,2025-04-14,4.21,2,False,5.48,6.9295,163994666.02,15.98,0,0.1,603188,亚邦股份
sh.603188,2025-04-17,4.48,1,False,0.49,4.4541,110580251.6,22.07,0,0.1,603188,亚邦股份
sh.603189,2025-03-13,19.51,1,False,-0.11,12.4683,645488558.77,13.04,0,0.1,603189,*ST网达
sh.603192,2025-04-01,18.3,1,False,0.0,3.0979,75441040.7,9.25,0,0.1,603192,汇得科技
sh.603196,2025-03-17,17.39,1,False,1.39,3.6337,147187554.01,25.11,0,0.1,603196,璞源材料
sh.603200,2025-03-03,41.21,1,False,4.11,10.7911,759469057.9,63.27,0,0.1,603200,上海洗霸
sh.603205,2025-04-16,37.69,1,False,-1.02,15.2675,164729449.94,-2.18,0,0.1,603205,健尔康
sh.603205,2025-04-23,39.77,1,False,4.07,21.1793,244469240.58,7.08,0,0.1,603205,健尔康
sh.603205,2025-04-24,43.75,2,False,1.38,53.691,656164519.66,16.23,0,0.1,603205,健尔康
sh.603206,2025-03-11,20.3,1,False,-1.36,15.8532,273488682.1,16.47,0,0.1,603206,嘉环科技
sh.603206,2025-03-12,22.33,2,True,10.0,8.8641,172599132.09,22.56,0,0.1,603206,嘉环科技
sh.603206,2025-03-13,24.56,3,False,9.99,45.9235,977341295.66,38.52,0,0.1,603206,嘉环科技
sh.603211,2025-03-18,21.31,1,False,0.98,31.1267,433845314.8,11.05,0,0.1,603211,晋拓股份
sh.603214,2025-03-14,21.29,1,False,7.39,9.7745,283867236.15,-6.62,0,0.1,603214,爱婴室
sh.603214,2025-03-17,23.42,2,False,10.0,11.6923,378939173.02,1.96,0,0.1,603214,爱婴室
sh.603214,2025-04-08,21.54,1,False,-0.41,10.1516,298907623.8,8.57,0,0.1,603214,爱婴室
sh.603214,2025-04-10,24.53,1,False,-3.59,14.6603,476556333.52,28.09,0,0.1,603214,爱婴室
sh.603215,2025-04-14,15.55,1,False,3.96,2.0563,58368161.0,-14.7,0,0.1,603215,比依股份
sh.603217,2025-03-26,18.92,1,False,0.17,4.7647,184190385.37,7.93,0,0.1,603217,元利科技
sh.603219,2025-03-06,20.31,1,False,0.38,2.0174,222817531.4,29.28,0,0.1,603219,富佳股份
sh.603220,2025-03-06,29.26,1,False,1.5,19.443,2369995469.55,32.16,0,0.1,603220,中贝通信
sh.603221,2025-04-03,10.48,1,False,0.73,2.8987,71903267.0,8.71,0,0.1,603221,爱丽家居
sh.603221,2025-04-07,11.53,2,True,10.02,3.3206,91886605.5,20.61,0,0.1,603221,爱丽家居
sh.603221,2025-04-08,12.68,3,False,0.0,12.9374,374298465.07,30.99,0,0.1,603221,爱丽家居
sh.603221,2025-04-09,13.95,4,False,9.62,18.1281,580236453.34,42.78,0,0.1,603221,爱丽家居
sh.603226,2025-03-27,7.01,1,False,0.0,2.9825,71500839.23,10.57,0,0.1,603226,菲林格尔
sh.603226,2025-04-11,6.6,1,False,0.0,1.9098,43113117.47,-7.43,0,0.1,603226,菲林格尔
sh.603226,2025-04-24,6.82,1,False,0.48,2.4913,59353958.54,7.06,0,0.1,603226,菲林格尔
sh.603236,2025-04-10,69.16,1,False,10.0,7.0627,1271768234.64,-16.25,0,0.1,603236,移远通信
sh.603237,2025-04-17,21.51,1,False,-1.33,15.5618,399587370.28,16.27,0,0.1,603237,五芳斋
sh.603237,2025-04-21,22.28,1,False,-3.11,22.5225,591923121.6,22.69,0,0.1,603237,五芳斋
sh.603238,2025-03-14,14.16,1,False,-0.31,8.2086,198658846.81,10.19,0,0.1,603238,诺邦股份
sh.603238,2025-03-17,15.58,2,False,8.4,13.1153,357353977.32,19.66,0,0.1,603238,诺邦股份
sh.603238,2025-03-19,16.87,1,False,-1.83,13.8963,394895719.32,32.73,0,0.1,603238,诺邦股份
sh.603238,2025-03-25,15.84,1,False,-0.62,9.3114,251418205.35,23.17,0,0.1,603238,诺邦股份
sh.603238,2025-04-02,16.94,1,False,0.06,9.0018,259945970.35,28.43,0,0.1,603238,诺邦股份
sh.603255,2025-04-29,23.96,1,False,-0.96,6.3285,88406402.1,-23.18,0,0.1,603255,鼎际得
sh.603256,2025-04-21,8.8,1,False,0.12,0.6978,52264711.0,-3.08,0,0.1,603256,宏和科技
sh.603261,2025-03-04,25.0,1,False,-0.09,7.4825,48391495.0,14.47,0,0.1,603261,立航科技
sh.603261,2025-04-09,17.82,1,False,-1.54,5.644,72683039.0,-32.88,0,0.1,603261,立航科技
sh.603266,2025-03-18,18.48,1,False,0.48,4.8494,175308287.6,12.41,0,0.1,603266,天龙股份
sh.603266,2025-04-02,18.71,1,False,-0.65,5.8058,210233434.68,9.29,0,0.1,603266,天龙股份
sh.603267,2025-03-11,49.29,1,False,-0.98,8.4866,945096314.45,34.64,0,0.1,603267,鸿远电子
sh.603267,2025-03-12,54.22,2,False,2.76,9.6554,1162972953.2,46.42,0,0.1,603267,鸿远电子
sh.603267,2025-03-25,56.13,1,False,-0.06,5.1966,658047671.08,49.28,0,0.1,603267,鸿远电子
sh.603267,2025-04-09,56.98,1,False,-0.62,4.5921,579745104.73,15.6,0,0.1,603267,鸿远电子
sh.603268,2025-03-06,42.34,1,False,-1.2,3.9793,203688130.2,8.59,0,0.1,603268,松发股份
sh.603268,2025-03-18,43.73,1,False,0.0,3.9849,213157072.8,12.36,0,0.1,603268,松发股份
sh.603268,2025-04-29,35.37,1,False,-4.87,2.1136,89591224.5,6.25,1,0.1,603268,松发股份
sh.603268,2025-04-30,37.14,2,True,5.0,0.1801,8307475.2,6.14,1,0.1,603268,松发股份
sh.603270,2025-03-06,27.24,1,False,1.78,19.8282,377109808.3,25.59,0,0.1,603270,金帝股份
sh.603270,2025-03-19,31.08,1,False,0.18,22.5238,473227453.98,26.34,0,0.1,603270,金帝股份
sh.603271,2025-04-18,38.68,1,False,-0.28,22.2578,320796732.26,-5.2,0,0.1,603271,永杰新材
sh.603272,2025-04-09,14.25,1,False,0.23,4.9744,27941133.6,-14.93,0,0.1,603272,*ST联翔
sh.603273,2025-04-25,19.13,1,False,0.06,25.9212,274218008.01,6.16,0,0.1,603273,天元智能
sh.603275,2025-03-03,45.87,1,False,0.12,7.945,147748098.75,29.03,0,0.1,603275,众辰科技
sh.603277,2025-04-10,20.52,1,False,6.6,0.4571,39254899.96,-24.48,0,0.1,603277,银都股份
sh.603278,2025-03-20,12.8,1,False,-0.26,19.0306,807307846.7,12.08,0,0.1,603278,大业股份
sh.603280,2025-03-21,28.0,1,False,-1.93,32.9818,249020109.18,13.04,0,0.1,603280,南方路机
sh.603280,2025-03-24,30.8,2,False,9.93,20.6621,177117567.57,20.17,0,0.1,603280,南方路机
sh.603280,2025-04-25,24.86,1,False,0.22,23.0558,155192318.8,-1.27,0,0.1,603280,南方路机
sh.603281,2025-04-11,25.41,1,False,0.95,3.0662,193691981.0,1.8,0,0.1,603281,江瀚新材
sh.603283,2025-03-06,66.79,1,False,0.59,5.3892,684838459.84,7.8,0,0.1,603283,赛腾股份
sh.603285,2025-03-25,26.51,1,False,-1.16,36.2633,371090973.09,14.56,0,0.1,603285,键邦股份
sh.603285,2025-03-26,29.16,2,False,9.05,24.8316,287153147.17,25.15,0,0.1,603285,键邦股份
sh.603286,2025-03-06,34.05,1,False,0.52,6.5189,245510599.42,47.02,0,0.1,603286,日盈电子
sh.603286,2025-04-29,31.67,1,False,-1.56,17.2918,613664529.8,-1.25,0,0.1,603286,日盈电子
sh.603289,2025-03-25,10.67,1,False,1.86,8.9376,272870341.55,16.48,0,0.1,603289,泰瑞机器
sh.603296,2025-04-10,64.53,1,False,10.01,1.8731,689063203.1,-22.63,0,0.1,603296,华勤技术
sh.603297,2025-03-12,107.03,1,False,10.0,4.8282,569531431.42,-1.94,0,0.1,603297,永新光学
sh.603300,2025-03-05,10.6,1,True,9.96,1.4596,305222664.6,94.85,0,0.1,603300,海南华铁
sh.603300,2025-03-06,11.66,2,True,10.0,1.8635,428665138.44,94.98,0,0.1,603300,海南华铁
sh.603300,2025-03-07,12.83,3,False,5.49,42.5878,10556058891.65,94.98,0,0.1,603300,海南华铁
sh.603308,2025-04-21,19.49,1,False,0.62,2.39,307797158.65,-1.52,0,0.1,603308,应流股份
sh.603312,2025-03-31,40.26,1,False,2.4,14.1232,292331044.59,11.96,0,0.1,603312,西典新能
sh.603313,2025-04-03,6.83,1,False,1.45,5.3091,205410216.82,9.11,0,0.1,603313,梦百合
sh.603313,2025-04-08,7.47,1,False,-2.65,10.263,409874815.2,19.14,0,0.1,603313,梦百合
sh.603313,2025-04-29,7.67,1,False,3.44,6.284,267199361.78,25.94,0,0.1,603313,梦百合
sh.603315,2025-03-06,13.34,1,False,1.57,7.5743,306180346.74,23.52,0,0.1,603315,福鞍股份
sh.603315,2025-03-17,14.55,1,False,0.0,8.9632,391329433.32,17.34,0,0.1,603315,福鞍股份
sh.603315,2025-03-18,16.01,2,True,10.03,1.9758,99238945.6,30.69,0,0.1,603315,福鞍股份
sh.603315,2025-03-19,17.61,3,True,9.99,7.8901,435903852.0,30.64,0,0.1,603315,福鞍股份
sh.603315,2025-03-20,19.37,4,False,-4.2,23.2482,1294764807.81,30.61,0,0.1,603315,福鞍股份
sh.603315,2025-04-17,12.86,1,False,1.54,3.8464,152072966.98,-26.97,0,0.1,603315,福鞍股份
sh.603316,2025-03-18,7.11,1,False,2.32,5.499,100249061.8,47.2,0,0.1,603316,诚邦股份
sh.603319,2025-04-23,33.77,1,False,2.12,11.3158,900891599.05,0.15,0,0.1,603319,美湖股份
sh.603320,2025-03-04,19.29,1,False,-0.34,5.2871,146371616.97,24.29,0,0.1,603320,迪贝电气
sh.603322,2025-04-30,32.23,1,False,6.55,7.2412,359183162.12,-32.42,0,0.1,603322,超讯科技
sh.603326,2025-03-03,7.39,1,False,1.19,2.2369,51466457.5,18.24,0,0.1,603326,我乐家居
sh.603326,2025-03-11,8.61,1,False,-2.04,3.841,102605564.58,29.09,0,0.1,603326,我乐家居
sh.603326,2025-04-02,7.9,1,False,0.14,5.1838,125994240.7,4.77,0,0.1,603326,我乐家居
sh.603326,2025-04-10,8.17,1,False,0.67,6.194,155443102.32,-11.58,0,0.1,603326,我乐家居
sh.603326,2025-04-25,9.57,1,False,0.34,5.629,167222709.03,33.85,0,0.1,603326,我乐家居
sh.603329,2025-04-10,16.71,1,False,4.74,10.1427,264039307.08,23.78,0,0.1,603329,上海雅仕
sh.603329,2025-04-16,16.93,1,False,-1.1,17.7722,473835779.91,21.28,0,0.1,603329,上海雅仕
sh.603333,2025-03-04,5.6,1,False,-0.39,8.8048,295087144.3,23.08,0,0.1,603333,福华尚纬
sh.603335,2025-04-03,4.48,1,False,0.0,5.8115,108375697.8,-0.22,0,0.1,603335,迪生力
sh.603335,2025-04-15,4.35,1,True,10.13,2.4581,45781140.0,-3.97,0,0.1,603335,迪生力
sh.603335,2025-04-24,4.49,1,False,10.05,12.0865,230610835.14,4.42,0,0.1,603335,迪生力
sh.603335,2025-04-29,4.39,1,False,-1.0,8.0344,149980485.66,8.93,0,0.1,603335,迪生力
sh.603336,2025-03-17,5.1,1,False,1.08,7.6798,216945744.33,11.84,0,0.1,603336,宏辉果蔬
sh.603336,2025-04-01,4.96,1,False,0.0,7.1668,196752462.17,2.48,0,0.1,603336,宏辉果蔬
sh.603336,2025-04-07,5.76,1,False,2.1,15.8069,504840083.44,22.81,0,0.1,603336,宏辉果蔬
sh.603336,2025-04-08,6.34,2,False,3.82,17.9496,624935272.26,34.32,0,0.1,603336,宏辉果蔬
sh.603339,2025-04-10,11.35,1,False,2.33,2.8709,96920104.58,-13.29,0,0.1,603339,四方科技
sh.603344,2025-03-12,28.73,1,False,-0.08,42.271,573097234.71,16.27,0,0.1,603344,星德胜
sh.603348,2025-03-06,25.8,1,False,0.43,4.8552,385218395.87,7.54,0,0.1,603348,文灿股份
sh.603351,2025-04-18,24.0,1,False,0.09,3.4107,108055860.0,-10.71,0,0.1,603351,威尔药业
sh.603351,2025-04-21,26.4,2,False,8.33,5.3588,189939148.22,0.0,0,0.1,603351,威尔药业
sh.603351,2025-04-22,29.04,3,False,2.27,7.0566,269152814.8,11.91,0,0.1,603351,威尔药业
sh.603351,2025-04-28,30.69,1,False,1.43,2.9141,117943380.68,17.14,0,0.1,603351,威尔药业
sh.603353,2025-03-26,16.02,1,False,-0.96,3.0695,82474840.8,10.48,0,0.1,603353,和顺石油
sh.603353,2025-03-28,17.38,1,False,-2.91,7.4705,210316275.6,23.44,0,0.1,603353,和顺石油
sh.603353,2025-03-31,19.12,2,True,10.01,1.2129,39522378.4,35.8,0,0.1,603353,和顺石油
sh.603353,2025-04-01,21.03,3,True,9.99,1.449,51930220.2,48.83,0,0.1,603353,和顺石油
sh.603355,2025-03-20,29.59,1,False,3.98,1.1643,195548082.23,22.02,0,0.1,603355,莱克电气
sh.603359,2025-03-12,6.02,1,False,3.29,7.5054,193550584.37,27.54,0,0.1,603359,*ST东珠
sh.603359,2025-03-19,5.94,1,False,0.37,7.6486,192553965.26,26.38,0,0.1,603359,*ST东珠
sh.603359,2025-03-20,6.53,2,False,2.36,13.9445,387559793.76,39.53,0,0.1,603359,*ST东珠
sh.603359,2025-03-21,7.18,3,True,9.95,2.5042,80207736.92,56.09,0,0.1,603359,*ST东珠
sh.603359,2025-03-24,7.9,4,False,2.79,25.6123,889300705.59,56.13,0,0.1,603359,*ST东珠
sh.603359,2025-04-15,5.42,1,False,2.03,10.3793,239262068.79,1.12,0,0.1,603359,*ST东珠
sh.603359,2025-04-17,5.58,1,False,1.38,6.0422,145915935.48,-6.06,0,0.1,603359,*ST东珠
sh.603359,2025-04-23,5.94,1,False,2.59,8.3823,215958509.59,-16.46,0,0.1,603359,*ST东珠
sh.603359,2025-04-25,6.36,1,False,3.81,21.9101,613524118.84,9.84,0,0.1,603359,*ST东珠
sh.603359,2025-04-29,6.91,1,False,1.11,17.4841,531865009.96,24.28,0,0.1,603359,*ST东珠
sh.603359,2025-04-30,7.6,2,False,-0.87,9.6853,321871879.28,42.06,0,0.1,603359,*ST东珠
sh.603363,2025-03-20,3.58,1,False,0.59,1.4753,76628112.84,8.81,1,0.1,603363,傲农生物
sh.603363,2025-04-14,3.48,1,False,2.72,0.8289,42045396.44,5.78,1,0.1,603363,傲农生物
sh.603366,2025-04-21,10.48,1,False,-0.52,6.6899,544476853.2,-2.51,0,0.1,603366,日出东方
sh.603375,2025-04-11,35.16,1,False,0.97,4.7629,89147405.26,-14.22,0,0.1,603375,盛景微
sh.603377,2025-03-11,2.66,1,False,-2.37,2.8242,51964605.84,19.82,1,0.1,603377,ST东时
sh.603377,2025-03-12,2.79,2,False,3.01,0.873,17291814.92,25.11,1,0.1,603377,ST东时
sh.603377,2025-03-13,2.93,3,False,5.02,0.9494,19866446.6,30.22,1,0.1,603377,ST东时
sh.603377,2025-03-14,3.08,4,True,5.12,0.3324,7318018.4,31.62,1,0.1,603377,ST东时
sh.603377,2025-03-26,2.99,1,False,-1.75,2.0869,43126555.04,35.91,1,0.1,603377,ST东时
sh.603377,2025-03-27,3.14,2,False,2.01,1.2924,28668933.28,35.93,1,0.1,603377,ST东时
sh.603377,2025-04-02,3.12,1,False,-1.35,1.0284,22406427.6,30.54,1,0.1,603377,ST东时
sh.603377,2025-04-11,2.99,1,False,-0.7,0.7082,15078170.9,2.05,1,0.1,603377,ST东时
sh.603386,2025-03-05,12.49,1,False,-0.79,8.0676,316347500.25,15.65,0,0.1,603386,骏亚科技
sh.603389,2025-04-17,6.94,1,False,0.16,5.5642,98212705.4,21.33,0,0.1,603389,亚振家居
sh.603390,2025-03-18,11.91,1,False,0.92,3.5792,147790555.0,5.87,0,0.1,603390,通达电气
sh.603395,2025-04-08,45.68,1,False,-1.28,13.2596,235167393.24,-0.74,0,0.1,603395,红四方
sh.603398,2025-03-03,17.27,1,False,7.01,3.9236,288872386.88,11.2,0,0.1,603398,*ST沐邦
sh.603399,2025-03-03,9.75,1,False,0.56,3.32,162711974.0,13.37,0,0.1,603399,永杉锂业
sh.603399,2025-04-24,9.17,1,False,0.36,2.2952,105484083.79,-3.17,0,0.1,603399,永杉锂业
sh.603456,2025-04-15,14.03,1,False,5.25,6.6212,825218027.46,1.81,0,0.1,603456,九洲药业
sh.603458,2025-03-17,7.22,1,False,0.46,7.6849,163021491.04,13.34,0,0.1,603458,勘设股份
sh.603458,2025-04-09,6.11,1,False,-1.98,6.052,105968731.64,-6.57,0,0.1,603458,勘设股份
sh.603477,2025-04-08,23.1,1,False,0.05,11.4323,1287859428.02,28.05,0,0.1,603477,巨星农牧
sh.603489,2025-03-10,29.79,1,False,-0.44,3.9747,269288151.49,28.68,0,0.1,603489,八方股份
sh.603489,2025-04-30,26.82,1,False,0.04,2.813,170858024.4,-1.11,0,0.1,603489,八方股份
sh.603496,2025-03-03,41.91,4,False,4.99,43.4948,5427942762.84,83.65,0,0.1,603496,恒为科技
sh.603499,2025-04-02,25.39,1,True,10.01,1.4798,81206157.28,-0.04,0,0.1,603499,翔港科技
sh.603500,2025-04-10,7.65,1,False,5.76,3.3421,86241700.8,-0.91,0,0.1,603500,祥和实业
sh.603506,2025-03-10,10.42,1,False,2.01,3.3299,64273896.52,14.51,0,0.1,603506,南都物业
sh.603506,2025-04-17,10.53,1,False,0.0,5.2605,99538596.2,-5.65,0,0.1,603506,南都物业
sh.603507,2025-03-06,27.06,1,False,5.16,11.9529,582889494.9,17.35,0,0.1,603507,振江股份
sh.603507,2025-04-02,26.49,1,False,0.87,11.7439,564862860.34,7.68,0,0.1,603507,振江股份
sh.603507,2025-04-03,29.14,2,False,10.0,36.9013,1960543640.69,7.69,0,0.1,603507,振江股份
sh.603507,2025-04-30,26.49,1,False,1.74,22.8329,1093913589.93,10.01,0,0.1,603507,振江股份
sh.603508,2025-04-14,25.11,1,False,5.12,2.5632,243792944.16,0.97,0,0.1,603508,思维列控
sh.603517,2025-04-14,17.6,1,False,0.37,6.539,680210334.2,6.8,0,0.1,603517,ST绝味
sh.603527,2025-03-26,10.99,1,False,0.5,5.1093,175378523.8,7.01,0,0.1,603527,众源新材
sh.603535,2025-04-22,10.33,1,False,4.15,6.9262,338662619.9,-20.6,0,0.1,603535,嘉诚国际
sh.603536,2025-04-17,10.45,1,False,0.11,8.7877,212567155.2,3.16,0,0.1,603536,惠发食品
sh.603557,2025-04-11,2.09,1,False,0.0,1.5592,20060718.25,-6.7,1,0.1,603557,*ST起步
sh.603557,2025-04-18,2.29,1,False,0.0,1.6039,22629175.32,-2.14,1,0.1,603557,*ST起步
sh.603557,2025-04-30,2.32,1,True,4.98,0.2365,3420364.4,5.94,1,0.1,603557,*ST起步
sh.603559,2025-04-03,7.61,1,False,-0.55,0.4341,13117392.82,-11.82,1,0.1,603559,中通国脉
sh.603559,2025-04-10,7.04,1,False,0.0,0.4717,13177399.45,-15.79,1,0.1,603559,中通国脉
sh.603559,2025-04-11,7.39,2,False,0.71,0.3013,8843791.0,-11.71,1,0.1,603559,中通国脉
sh.603559,2025-04-14,7.76,3,False,0.95,0.334,10315213.0,-7.4,1,0.1,603559,中通国脉
sh.603559,2025-04-15,8.15,4,True,5.03,0.0869,2842271.75,-6.11,1,0.1,603559,中通国脉
sh.603559,2025-04-21,8.37,1,False,-2.13,0.6635,21834899.13,1.21,1,0.1,603559,中通国脉
sh.603566,2025-04-08,13.48,1,False,1.22,6.359,283778913.01,10.49,0,0.1,603566,普莱柯
sh.603569,2025-04-03,7.85,1,False,-0.42,5.5195,256898146.85,6.66,0,0.1,603569,长久物流
sh.603577,2025-03-06,9.13,1,False,0.72,3.7094,111706037.5,8.3,0,0.1,603577,汇金通
sh.603578,2025-04-02,14.41,1,False,-0.31,4.5063,113723812.29,10.85,0,0.1,603578,三星新材
sh.603578,2025-04-03,15.85,2,True,9.99,2.9443,84166955.3,20.72,0,0.1,603578,三星新材
sh.603578,2025-04-10,13.41,1,False,1.31,1.9602,45967050.06,2.6,0,0.1,603578,三星新材
sh.603579,2025-03-26,20.42,1,False,0.22,6.6261,229034659.06,25.05,0,0.1,603579,荣泰健康
sh.603579,2025-03-27,22.46,2,False,1.18,8.27,325882068.4,39.42,0,0.1,603579,荣泰健康
sh.603579,2025-03-28,24.71,3,False,-0.98,5.1339,216588837.01,49.67,0,0.1,603579,荣泰健康
sh.603579,2025-03-31,27.18,4,False,10.0,5.7082,273317692.72,60.83,0,0.1,603579,荣泰健康
sh.603580,2025-03-04,19.25,1,False,0.23,5.5441,138756003.75,11.72,0,0.1,603580,艾艾精工
sh.603583,2025-03-04,41.59,1,False,-0.98,5.2684,805055678.81,54.55,0,0.1,603583,捷昌驱动
sh.603583,2025-03-05,45.75,2,False,3.34,4.8634,840678600.34,64.86,0,0.1,603583,捷昌驱动
sh.603583,2025-03-06,50.33,3,False,4.98,4.9791,947587740.38,64.85,0,0.1,603583,捷昌驱动
sh.603583,2025-04-10,34.83,1,False,4.86,2.8474,372888038.8,-32.86,0,0.1,603583,捷昌驱动
sh.603585,2025-03-07,14.96,1,False,2.94,5.8257,153316422.1,13.42,0,0.1,603585,苏利股份
sh.603585,2025-03-25,14.47,1,False,1.9,4.2924,108964335.8,16.13,0,0.1,603585,苏利股份
sh.603585,2025-03-27,16.47,1,False,-0.13,7.4294,208303948.4,28.67,0,0.1,603585,苏利股份
sh.603586,2025-04-28,14.94,1,True,10.01,0.9791,28678824.0,0.81,0,0.1,603586,金麒麟
sh.603586,2025-04-30,16.9,1,False,0.65,10.2517,326101802.98,13.88,0,0.1,603586,金麒麟
sh.603588,2025-03-10,6.28,1,False,4.2,15.8153,1496337391.46,20.31,0,0.1,603588,高能环境
sh.603590,2025-04-01,26.6,1,False,-0.33,5.0,204189054.09,11.95,0,0.1,603590,康辰药业
sh.603595,2025-03-04,21.74,1,False,-0.51,4.3156,212039779.82,22.48,0,0.1,603595,ST东尼
sh.603595,2025-03-06,23.46,1,False,0.61,9.2699,482812281.51,27.85,0,0.1,603595,ST东尼
sh.603595,2025-04-10,17.62,1,False,4.74,2.0076,80686147.7,-23.95,0,0.1,603595,ST东尼
sh.603600,2025-04-10,9.89,1,False,9.9,3.0875,91678369.28,-17.24,0,0.1,603600,永艺股份
sh.603602,2025-03-03,18.73,1,False,1.0,6.4937,269149894.71,21.54,0,0.1,603602,纵横通信
sh.603602,2025-03-05,20.66,1,False,-0.53,13.9922,632912567.5,31.09,0,0.1,603602,纵横通信
sh.603605,2025-04-25,84.71,1,False,8.43,2.5935,866692736.24,0.77,0,0.1,603605,珀莱雅
sh.603605,2025-04-28,93.18,2,False,1.88,7.0241,2515749612.54,11.25,0,0.1,603605,珀莱雅
sh.603607,2025-04-15,18.25,1,False,10.01,7.3827,240455079.25,-0.27,0,0.1,603607,京华激光
sh.603608,2025-03-20,4.42,1,False,1.9,1.1651,21456979.2,7.8,1,0.1,603608,天创时尚
sh.603608,2025-03-25,4.64,1,False,-0.9,1.058,20365559.6,16.0,1,0.1,603608,天创时尚
sh.603608,2025-04-14,4.48,1,False,0.0,0.5042,9411054.2,10.89,1,0.1,603608,天创时尚
sh.603608,2025-04-15,4.7,2,False,2.46,1.1054,21560678.34,11.37,1,0.1,603608,天创时尚
sh.603608,2025-04-22,4.92,1,False,-1.49,1.9635,39641718.4,11.31,1,0.1,603608,天创时尚
sh.603613,2025-03-12,30.33,1,False,0.47,6.3364,1345427021.28,3.44,0,0.1,603613,国联股份
sh.603616,2025-04-30,3.51,1,False,5.02,5.7876,75965418.0,5.41,0,0.1,603616,韩建河山
sh.603617,2025-04-14,6.99,1,False,1.57,2.7602,71577180.8,-10.27,0,0.1,603617,君禾股份
sh.603618,2025-03-05,7.37,1,False,0.0,6.939,339363907.34,28.62,0,0.1,603618,杭电股份
sh.603618,2025-03-06,8.11,2,False,5.02,5.5861,307246476.07,40.55,0,0.1,603618,杭电股份
sh.603618,2025-03-12,8.42,1,False,-0.92,8.0697,452105433.37,32.39,0,0.1,603618,杭电股份
sh.603618,2025-03-13,9.26,2,False,5.11,24.9318,1560191199.62,50.57,0,0.1,603618,杭电股份
sh.603626,2025-04-10,7.46,1,False,3.24,3.8386,154949932.6,-25.55,0,0.1,603626,科森科技
sh.603629,2025-03-12,29.61,1,False,1.11,16.8544,1220505633.51,21.45,0,0.1,603629,利通电子
sh.603629,2025-03-13,32.57,2,False,10.0,13.9272,1153043118.48,31.01,0,0.1,603629,利通电子
sh.603629,2025-04-29,23.97,1,False,0.87,8.1157,488162399.5,-15.15,0,0.1,603629,利通电子
sh.603630,2025-03-03,14.05,1,False,-0.7,5.4251,167134103.8,15.26,0,0.1,603630,拉芳家化
sh.603630,2025-04-02,16.81,1,False,-3.14,8.2034,298408376.72,22.17,0,0.1,603630,拉芳家化
sh.603630,2025-04-21,19.07,1,False,1.56,5.8694,246339540.5,34.01,0,0.1,603630,拉芳家化
sh.603637,2025-04-21,10.36,1,False,0.0,10.4259,252602675.85,3.39,0,0.1,603637,镇海股份
sh.603648,2025-04-10,10.59,1,True,9.97,4.4081,169181074.5,9.18,0,0.1,603648,畅联股份
sh.603648,2025-04-25,11.29,1,False,-0.19,12.3819,499847906.22,17.6,0,0.1,603648,畅联股份
sh.603657,2025-03-04,16.62,1,False,0.73,5.5697,120900706.46,19.14,0,0.1,603657,春光科技
sh.603657,2025-03-06,17.73,1,False,0.0,10.0487,231346166.4,23.73,0,0.1,603657,春光科技
sh.603657,2025-03-26,17.14,1,False,0.0,2.8814,64811765.2,8.14,0,0.1,603657,春光科技
sh.603657,2025-04-02,18.04,1,False,0.49,4.8384,115499495.2,11.91,0,0.1,603657,春光科技
sh.603665,2025-04-10,15.86,1,False,0.0,1.9943,49739098.28,-14.08,0,0.1,603665,康隆达
sh.603666,2025-03-05,38.74,1,False,-0.62,11.8881,926100984.26,34.47,0,0.1,603666,亿嘉和
sh.603666,2025-04-10,35.28,1,False,1.78,9.0653,636224266.44,-5.19,0,0.1,603666,亿嘉和
sh.603667,2025-03-14,46.04,1,False,-1.55,16.5663,2707964955.57,15.68,0,0.1,603667,五洲新春
sh.603669,2025-04-21,4.44,1,False,0.5,1.2163,37748215.72,-5.53,0,0.1,603669,灵康药业
sh.603669,2025-04-24,4.62,1,False,1.43,2.8109,91484551.7,2.9,0,0.1,603669,灵康药业
sh.603676,2025-04-22,10.86,1,False,-1.01,2.1944,100203086.06,10.14,0,0.1,603676,卫信康
sh.603677,2025-03-12,17.5,1,False,0.31,2.6171,86597444.1,22.29,0,0.1,603677,奇精机械
sh.603677,2025-03-13,19.25,2,True,10.0,2.2034,81691802.5,38.19,0,0.1,603677,奇精机械
sh.603677,2025-03-14,21.18,3,False,10.03,6.5627,263365477.4,51.61,0,0.1,603677,奇精机械
sh.603677,2025-03-17,23.3,4,True,10.01,2.2067,99028961.0,64.66,0,0.1,603677,奇精机械
sh.603677,2025-03-18,25.63,5,False,10.0,4.3284,213476430.59,70.87,0,0.1,603677,奇精机械
sh.603677,2025-03-19,28.19,6,False,3.24,20.6529,1094208548.54,70.85,0,0.1,603677,奇精机械
sh.603677,2025-03-20,31.01,7,False,-1.63,19.5972,1118504401.23,95.03,0,0.1,603677,奇精机械
sh.603677,2025-03-26,24.87,1,False,-3.85,14.0597,629810365.55,50.36,0,0.1,603677,奇精机械
sh.603677,2025-04-18,21.87,1,False,-1.66,12.3051,501757036.68,-29.47,0,0.1,603677,奇精机械
sh.603678,2025-03-11,39.09,1,False,-2.36,3.8832,676874306.7,43.77,0,0.1,603678,火炬电子
sh.603679,2025-04-01,13.31,1,False,0.99,4.918,105090522.3,-2.78,0,0.1,603679,华体科技
sh.603680,2025-04-11,8.28,1,False,0.4,0.798,49631715.28,-1.08,0,0.1,603680,今创集团
sh.603680,2025-04-29,9.08,1,False,10.06,0.9168,65210517.68,8.35,0,0.1,603680,今创集团
sh.603683,2025-03-03,13.45,2,True,9.98,4.1371,144001967.7,34.5,0,0.1,603683,晶华新材
sh.603685,2025-03-26,13.18,1,False,-2.09,3.2181,70335904.13,4.27,0,0.1,603685,晨丰科技
sh.603686,2025-03-21,13.97,1,False,-0.79,11.0826,606243664.8,21.9,0,0.1,603686,福龙马
sh.603686,2025-03-31,15.06,1,False,-0.95,24.0223,1467737379.57,16.02,0,0.1,603686,福龙马
sh.603687,2025-04-15,7.13,1,False,6.02,1.5936,62277225.0,-4.3,0,0.1,603687,大胜达
sh.603688,2025-03-10,28.55,1,False,-0.27,3.2584,490486723.58,5.04,0,0.1,603688,石英股份
sh.603688,2025-03-24,31.46,1,False,2.45,6.2607,1047212755.83,17.87,0,0.1,603688,石英股份
sh.603688,2025-03-25,34.61,2,False,2.86,7.5443,1373378205.44,30.95,0,0.1,603688,石英股份
sh.603688,2025-04-09,35.04,1,False,-2.67,6.2322,1126128047.7,24.52,0,0.1,603688,石英股份
sh.603688,2025-04-10,38.54,2,False,3.6,7.268,1464689152.24,35.13,0,0.1,603688,石英股份
sh.603688,2025-04-11,42.39,3,False,8.9,6.6351,1500392759.2,42.25,0,0.1,603688,石英股份
sh.603690,2025-03-27,28.4,1,False,1.86,8.4901,888457262.0,9.19,0,0.1,603690,至纯科技
sh.603690,2025-03-28,31.24,2,False,10.0,21.8826,2614189644.96,9.19,0,0.1,603690,至纯科技
sh.603693,2025-03-24,12.07,1,False,1.55,4.408,462998605.01,21.67,0,0.1,603693,江苏新能
sh.603693,2025-03-25,13.28,2,False,-1.82,4.5316,502494014.94,35.65,0,0.1,603693,江苏新能
sh.603693,2025-03-31,12.41,1,False,0.62,5.1452,549642769.48,27.67,0,0.1,603693,江苏新能
sh.603693,2025-04-01,13.65,2,False,0.0,5.7838,670137510.5,39.86,0,0.1,603693,江苏新能
sh.603693,2025-04-03,14.85,1,False,-0.15,6.6196,837826495.9,52.62,0,0.1,603693,江苏新能
sh.603693,2025-04-14,14.66,1,False,1.73,6.3246,810528061.82,44.58,0,0.1,603693,江苏新能
sh.603696,2025-04-15,9.33,1,False,0.0,9.4234,201386468.75,5.19,0,0.1,603696,安记食品
sh.603696,2025-04-16,10.26,2,False,0.0,18.2609,411076825.55,16.19,0,0.1,603696,安记食品
sh.603696,2025-04-17,11.29,3,False,9.26,6.9764,184599142.6,29.32,0,0.1,603696,安记食品
sh.603696,2025-04-18,12.42,4,False,10.01,10.2714,299858026.74,42.11,0,0.1,603696,安记食品
sh.603696,2025-04-21,13.66,5,False,-3.54,26.572,811023830.73,61.85,0,0.1,603696,安记食品
sh.603696,2025-04-22,15.03,6,False,-4.54,25.2231,822779235.32,80.65,0,0.1,603696,安记食品
sh.603696,2025-04-24,14.88,1,False,-2.07,28.7354,886732914.94,76.51,0,0.1,603696,安记食品
sh.603697,2025-04-21,12.5,1,False,-2.02,7.195,376349328.93,27.16,0,0.1,603697,有友食品
sh.603697,2025-04-22,13.75,2,False,0.16,8.6926,473914121.86,38.05,0,0.1,603697,有友食品
sh.603700,2025-03-03,11.77,1,False,-0.47,4.0537,93947161.8,16.77,0,0.1,603700,宁水集团
sh.603700,2025-03-04,12.95,2,True,10.03,1.4738,38790468.85,27.96,0,0.1,603700,宁水集团
sh.603700,2025-03-05,14.25,3,False,10.04,11.4737,332229471.5,42.36,0,0.1,603700,宁水集团
sh.603700,2025-03-06,15.68,4,True,10.04,5.8681,187008084.48,53.57,0,0.1,603700,宁水集团
sh.603700,2025-04-14,11.72,1,True,10.05,0.8911,21224920.0,-3.93,0,0.1,603700,宁水集团
sh.603707,2025-03-06,13.6,1,False,0.0,1.4841,308162753.05,1.8,0,0.1,603707,健友股份
sh.603708,2025-04-08,10.18,1,False,0.0,2.1982,138276584.87,1.5,0,0.1,603708,家家悦
sh.603709,2025-03-25,12.56,1,False,-0.96,9.0497,136733907.73,14.18,0,0.1,603709,中源家居
sh.603709,2025-04-08,11.06,1,False,0.6,5.8457,79994068.56,-4.33,0,0.1,603709,中源家居
sh.603709,2025-04-09,12.17,2,True,10.04,3.0605,46484106.05,4.2,0,0.1,603709,中源家居
sh.603709,2025-04-10,13.39,3,True,10.02,1.2415,20746840.92,15.73,0,0.1,603709,中源家居
sh.603709,2025-04-11,14.73,4,True,10.01,1.2892,23699568.36,28.09,0,0.1,603709,中源家居
sh.603709,2025-04-14,16.2,5,True,9.98,0.4182,8455347.0,39.18,0,0.1,603709,中源家居
sh.603712,2025-04-09,19.54,1,False,-0.84,2.7066,396634366.0,-6.64,0,0.1,603712,七一二
sh.603716,2025-03-03,10.01,1,False,0.22,10.8469,202718445.62,49.18,0,0.1,603716,塞力医疗
sh.603716,2025-03-10,10.98,1,True,10.02,5.0173,105214697.1,16.31,0,0.1,603716,塞力医疗
sh.603716,2025-03-11,12.08,2,False,4.74,23.8778,539126409.81,32.31,0,0.1,603716,塞力医疗
sh.603716,2025-03-12,13.29,3,False,8.44,44.5933,1090265791.62,41.53,0,0.1,603716,塞力医疗
sh.603716,2025-03-13,14.62,4,False,-4.06,40.4809,1067979445.76,65.76,0,0.1,603716,塞力医疗
sh.603716,2025-04-25,10.3,1,False,5.77,13.9412,273139563.62,-9.01,0,0.1,603716,塞力医疗
sh.603716,2025-04-29,10.29,1,False,-0.21,16.8387,319509367.53,-0.77,0,0.1,603716,塞力医疗
sh.603717,2025-03-11,8.8,1,False,-1.12,11.3411,276695227.7,10.97,0,0.1,603717,天域生物
sh.603718,2025-04-03,7.76,1,False,0.71,4.1175,203411924.56,8.99,0,0.1,603718,*ST海利
sh.603739,2025-04-01,13.96,1,False,1.5,4.2927,147755876.6,4.65,0,0.1,603739,蔚蓝生物
sh.603739,2025-04-03,15.16,1,False,-0.51,11.7996,436661659.92,11.23,0,0.1,603739,蔚蓝生物
sh.603757,2025-03-18,25.58,1,False,2.62,5.9813,250308142.4,30.11,0,0.1,603757,大元泵业
sh.603759,2025-03-06,8.67,1,False,8.25,9.7401,388445277.03,23.33,0,0.1,603759,海天股份
sh.603766,2025-04-14,12.32,1,False,1.34,3.9579,977874386.88,22.34,0,0.1,603766,隆鑫通用
sh.603767,2025-03-14,15.71,1,False,-1.54,8.85,410725493.3,32.02,0,0.1,603767,中马传动
sh.603767,2025-03-20,18.57,1,False,-0.65,5.4468,302176925.4,42.41,0,0.1,603767,中马传动
sh.603767,2025-03-21,20.43,2,False,7.59,21.1513,1301152153.01,54.89,0,0.1,603767,中马传动
sh.603767,2025-04-09,13.09,1,False,-2.86,7.1194,266274943.42,-15.55,0,0.1,603767,中马传动
sh.603767,2025-04-23,15.11,1,False,1.53,7.922,359205519.58,-9.68,0,0.1,603767,中马传动
sh.603773,2025-03-12,26.97,1,False,1.96,8.4649,452645378.47,5.56,0,0.1,603773,沃格光电
sh.603776,2025-03-17,16.81,1,True,10.01,0.5444,21906842.43,14.67,0,0.1,603776,永安行
sh.603776,2025-03-18,18.49,2,True,9.99,0.1976,8747193.73,30.86,0,0.1,603776,永安行
sh.603776,2025-03-19,20.34,3,True,10.01,0.2995,14583088.44,36.97,0,0.1,603776,永安行
sh.603776,2025-03-20,22.37,4,True,9.98,2.6051,139512742.0,50.74,0,0.1,603776,永安行
sh.603776,2025-03-21,24.61,5,True,10.01,6.2132,366055735.48,66.85,0,0.1,603776,永安行
sh.603777,2025-04-10,14.11,1,False,-0.7,6.2023,282399560.36,-10.24,0,0.1,603777,来伊份
sh.603788,2025-03-12,18.61,1,False,0.3,12.6411,503843621.26,24.32,0,0.1,603788,宁波高发
sh.603788,2025-03-14,19.64,1,False,1.29,9.7712,405257193.15,33.7,0,0.1,603788,宁波高发
sh.603788,2025-03-17,21.6,2,False,5.14,9.2796,441897009.9,45.75,0,0.1,603788,宁波高发
sh.603789,2025-03-18,8.04,1,False,6.16,4.9929,103555072.0,1.9,0,0.1,603789,ST星农
sh.603789,2025-03-19,8.84,2,False,9.83,12.7423,289918937.02,6.38,0,0.1,603789,ST星农
sh.603789,2025-04-08,6.75,1,True,9.93,3.4758,61000695.0,-7.41,0,0.1,603789,ST星农
sh.603790,2025-03-18,14.77,1,False,0.74,2.9817,81508668.32,21.26,0,0.1,603790,雅运股份
sh.603790,2025-04-10,14.85,1,False,0.89,2.2549,62369100.0,10.99,0,0.1,603790,雅运股份
sh.603790,2025-04-29,18.73,1,False,0.0,3.0319,105503857.5,18.47,0,0.1,603790,雅运股份
sh.603798,2025-04-14,9.0,1,False,0.61,1.4741,33578256.6,-6.83,0,0.1,603798,康普顿
sh.603801,2025-04-17,11.84,1,False,-0.19,3.2533,161866507.76,-6.92,0,0.1,603801,志邦家居
sh.603809,2025-03-05,17.53,1,False,-0.63,9.421,1022969398.19,10.95,0,0.1,603809,豪能股份
sh.603810,2025-03-04,12.98,1,False,2.03,9.8532,204851895.96,29.03,0,0.1,603810,丰山集团
sh.603813,2025-03-14,15.98,1,False,2.55,5.5568,77988176.38,61.9,0,0.1,603813,原尚股份
sh.603813,2025-04-30,11.57,1,False,-4.9,3.9047,38960978.87,-19.99,1,0.1,603813,原尚股份
sh.603816,2025-04-29,25.07,1,False,5.4,2.0947,418757146.63,-2.34,0,0.1,603816,顾家家居
sh.603818,2025-04-14,2.97,1,False,1.48,1.2887,25815296.0,-2.3,0,0.1,603818,曲美家居
sh.603819,2025-03-13,16.09,1,True,9.98,4.3634,152863109.36,20.89,0,0.1,603819,神力股份
sh.603819,2025-04-17,16.8,1,False,4.52,4.4843,161807002.4,12.45,0,0.1,603819,神力股份
sh.603822,2025-03-06,56.6,1,False,0.0,4.7083,197040171.47,12.95,0,0.1,603822,ST嘉澳
sh.603822,2025-03-12,62.82,1,False,0.09,4.1916,196729076.44,25.24,0,0.1,603822,ST嘉澳
sh.603822,2025-04-11,57.19,1,False,-0.94,4.2282,178988820.18,-10.64,0,0.1,603822,ST嘉澳
sh.603823,2025-03-03,11.15,1,False,-0.3,5.8416,258722852.23,19.0,0,0.1,603823,百合花
sh.603828,2025-03-13,3.56,1,False,-0.29,1.2712,26636399.7,15.21,1,0.1,603828,*ST利达
sh.603828,2025-03-17,3.86,1,False,0.0,0.7158,16252472.0,22.54,1,0.1,603828,*ST利达
sh.603828,2025-03-18,4.05,2,False,4.15,3.2567,77789050.64,32.35,1,0.1,603828,*ST利达
sh.603828,2025-03-19,4.25,3,False,0.0,2.0485,51598165.38,39.34,1,0.1,603828,*ST利达
sh.603828,2025-03-20,4.46,4,False,1.65,2.5584,67474844.07,42.95,1,0.1,603828,*ST利达
sh.603828,2025-03-21,4.68,5,False,4.04,1.0376,28831553.27,51.95,1,0.1,603828,*ST利达
sh.603828,2025-03-24,4.91,6,True,4.91,0.6229,18226538.66,57.37,1,0.1,603828,*ST利达
sh.603828,2025-03-25,5.16,7,True,5.09,0.1313,4038092.16,60.75,1,0.1,603828,*ST利达
sh.603828,2025-03-26,5.42,8,True,5.04,0.2109,6812674.42,67.8,1,0.1,603828,*ST利达
sh.603828,2025-04-02,4.8,1,False,-1.53,2.0416,57769114.74,46.34,1,0.1,603828,*ST利达
sh.603828,2025-04-10,4.54,1,False,0.69,1.8499,49744364.49,33.92,1,0.1,603828,*ST利达
sh.603828,2025-04-11,4.77,2,False,0.0,0.7286,20403097.94,33.99,1,0.1,603828,*ST利达
sh.603828,2025-04-14,5.01,3,True,5.03,0.0546,1630359.21,36.14,1,0.1,603828,*ST利达
sh.603828,2025-04-15,5.26,4,True,4.99,0.1659,5199115.5,36.27,1,0.1,603828,*ST利达
sh.603828,2025-04-17,5.37,1,False,0.98,0.6409,20257254.83,26.35,1,0.1,603828,*ST利达
sh.603828,2025-04-18,5.64,2,False,2.23,1.5085,50134670.4,26.46,1,0.1,603828,*ST利达
sh.603828,2025-04-24,6.05,1,False,2.08,2.8486,102396267.81,11.62,1,0.1,603828,*ST利达
sh.603828,2025-04-25,6.35,2,False,0.0,2.3104,85951964.87,23.3,1,0.1,603828,*ST利达
sh.603833,2025-04-08,66.68,1,False,0.13,0.8485,333779848.4,1.03,0,0.1,603833,欧派家居
sh.603836,2025-04-03,13.9,1,False,-0.32,8.2565,230563558.28,9.79,0,0.1,603836,海程邦达
sh.603838,2025-04-10,4.97,1,False,1.11,1.4555,22440768.0,-9.47,0,0.1,603838,*ST四通
sh.603838,2025-04-30,4.47,1,False,-3.05,2.7362,37652158.4,-11.13,1,0.1,603838,*ST四通
sh.603839,2025-04-21,5.83,1,False,-0.94,1.7101,38903934.0,-1.35,0,0.1,603839,安正时尚
sh.603839,2025-04-22,6.41,2,True,9.95,1.3243,33887106.0,13.85,0,0.1,603839,安正时尚
sh.603839,2025-04-30,5.78,1,False,4.76,1.6414,37512778.8,6.25,0,0.1,603839,安正时尚
sh.603843,2025-03-19,3.84,1,False,1.72,17.3565,462276459.1,13.95,0,0.1,603843,*ST正平
sh.603855,2025-03-03,22.31,1,True,10.01,2.4651,183440851.6,9.2,0,0.1,603855,华荣股份
sh.603855,2025-03-04,24.54,2,False,10.0,6.2768,513717939.18,21.19,0,0.1,603855,华荣股份
sh.603859,2025-03-06,35.72,1,False,3.63,6.9427,592113459.23,-4.36,0,0.1,603859,能科科技
sh.603863,2025-04-14,13.3,1,False,0.91,3.6645,95243081.0,-11.1,0,0.1,603863,松炀资源
sh.603863,2025-04-30,13.04,1,False,0.0,5.2693,135629495.0,-0.31,0,0.1,603863,松炀资源
sh.603869,2025-03-18,6.14,1,False,-0.34,1.2182,37072827.45,4.24,1,0.1,603869,ST智知
sh.603876,2025-03-03,9.69,1,False,0.45,7.7161,650393911.66,14.54,0,0.1,603876,鼎胜新材
sh.603879,2025-03-17,4.29,1,False,0.73,4.0754,62262097.96,6.19,1,0.1,603879,永悦科技
sh.603879,2025-04-03,4.37,1,True,5.05,0.4951,7775086.52,6.85,1,0.1,603879,永悦科技
sh.603879,2025-04-10,4.42,1,False,0.24,5.2263,82147913.94,6.25,1,0.1,603879,永悦科技
sh.603879,2025-04-14,4.62,1,False,0.0,2.7736,45018882.12,12.96,1,0.1,603879,永悦科技
sh.603879,2025-04-15,4.85,2,False,4.55,7.3692,125775943.48,13.05,1,0.1,603879,永悦科技
sh.603879,2025-04-17,5.07,1,False,-0.62,3.1881,57021234.46,19.01,1,0.1,603879,永悦科技
sh.603881,2025-03-11,40.22,1,False,-3.86,15.0178,3414457030.34,56.99,0,0.1,603881,数据港
sh.603883,2025-03-10,17.28,1,False,0.19,9.568,1219563040.2,3.23,0,0.1,603883,老百姓
sh.603883,2025-04-30,20.15,1,False,-0.11,7.8987,1177941200.37,4.95,0,0.1,603883,老百姓
sh.603887,2025-03-04,20.21,1,False,-5.44,17.6017,2042313568.76,40.15,0,0.1,603887,城地香江
sh.603890,2025-04-23,11.35,1,False,7.56,2.9535,145978698.0,-8.02,0,0.1,603890,春秋电子
sh.603893,2025-04-30,170.47,1,False,0.54,3.9636,2736712931.09,1.24,0,0.1,603893,瑞芯微
sh.603895,2025-04-09,24.18,1,False,-0.96,2.1018,51381174.2,-18.14,0,0.1,603895,天永智能
sh.603897,2025-04-23,24.66,1,False,0.13,7.0897,353589860.39,-1.79,0,0.1,603897,长城科技
sh.603900,2025-03-13,6.75,1,False,-0.65,9.5523,212306731.14,9.4,0,0.1,603900,莱绅通灵
sh.603900,2025-03-18,7.18,1,False,-0.15,7.8939,183727550.2,22.53,0,0.1,603900,莱绅通灵
sh.603900,2025-03-19,7.9,2,False,4.6,15.1931,403403173.7,33.22,0,0.1,603900,莱绅通灵
sh.603900,2025-04-17,6.79,1,False,0.49,5.7883,130016807.6,-14.05,0,0.1,603900,莱绅通灵
sh.603900,2025-04-21,6.97,1,False,1.74,10.9548,248283499.24,0.87,0,0.1,603900,莱绅通灵
sh.603900,2025-04-30,6.71,1,False,4.92,5.9435,134967069.7,4.84,0,0.1,603900,莱绅通灵
sh.603901,2025-03-05,10.36,1,False,-0.21,5.2928,257199611.56,20.19,0,0.1,603901,永创智能
sh.603901,2025-03-20,10.86,1,False,0.0,6.1467,310938799.0,7.63,0,0.1,603901,永创智能
sh.603908,2025-03-24,27.32,1,False,-0.2,6.3332,158634459.36,15.23,0,0.1,603908,牧高笛
sh.603912,2025-03-04,10.27,1,False,-2.78,15.74,840527611.42,27.74,0,0.1,603912,佳力图
sh.603915,2025-03-18,20.75,1,False,0.0,6.0651,784815359.3,38.8,0,0.1,603915,国茂股份
sh.603917,2025-04-14,12.56,1,False,2.45,2.0362,51538406.58,-8.52,0,0.1,603917,合力科技
sh.603918,2025-03-06,20.09,1,False,6.85,11.9546,872410194.67,37.41,0,0.1,603918,金桥信息
sh.603918,2025-04-21,16.39,1,False,1.34,8.7394,511188988.7,-0.3,0,0.1,603918,金桥信息
sh.603922,2025-04-29,17.46,1,False,0.76,4.4209,132025650.08,-25.45,0,0.1,603922,ST金鸿顺
sh.603922,2025-04-30,19.21,2,False,5.67,2.8054,93842795.6,-22.88,0,0.1,603922,ST金鸿顺
sh.603928,2025-03-27,11.78,1,False,0.65,8.4855,248337329.42,12.51,0,0.1,603928,兴业股份
sh.603928,2025-04-17,10.36,1,False,-0.53,2.4689,65040617.8,-4.25,0,0.1,603928,兴业股份
sh.603931,2025-03-04,27.74,1,False,0.12,5.0713,271784665.99,21.88,0,0.1,603931,格林达
sh.603931,2025-03-10,33.09,1,False,1.66,5.6524,360480977.96,40.39,0,0.1,603931,格林达
sh.603931,2025-04-14,29.08,1,False,2.42,2.8476,160171673.88,-5.25,0,0.1,603931,格林达
sh.603931,2025-04-17,31.12,1,False,-1.03,3.1355,189319138.52,-0.26,0,0.1,603931,格林达
sh.603933,2025-04-11,15.08,1,False,-0.95,2.6257,79171349.76,-9.48,0,0.1,603933,睿能科技
sh.603933,2025-04-17,15.88,1,False,0.0,2.3793,76974301.63,-8.26,0,0.1,603933,睿能科技
sh.603936,2025-03-03,9.1,1,False,1.57,13.037,733604397.28,17.12,0,0.1,603936,博敏电子
sh.603938,2025-03-27,13.01,1,False,0.08,3.0372,145712508.03,17.0,0,0.1,603938,三孚股份
sh.603938,2025-04-01,14.16,1,False,-0.16,5.3366,277117723.42,26.88,0,0.1,603938,三孚股份
sh.603938,2025-04-17,13.51,1,False,0.73,2.0212,101345304.86,16.47,0,0.1,603938,三孚股份
sh.603938,2025-04-29,14.33,1,False,3.76,3.7783,205156369.17,11.34,0,0.1,603938,三孚股份
sh.603949,2025-03-18,16.01,1,False,0.0,2.3072,75799295.0,25.86,0,0.1,603949,雪龙集团
sh.603949,2025-03-19,17.61,2,True,9.99,1.0749,39788034.0,33.51,0,0.1,603949,雪龙集团
sh.603949,2025-03-20,19.37,3,True,9.99,0.3688,15014849.2,41.39,0,0.1,603949,雪龙集团
sh.603949,2025-03-21,21.31,4,False,10.02,14.4224,626047286.44,59.63,0,0.1,603949,雪龙集团
sh.603949,2025-03-24,23.44,5,False,-8.21,13.1766,595748556.46,80.31,0,0.1,603949,雪龙集团
sh.603949,2025-03-28,26.26,1,False,0.59,12.0663,654948355.86,65.05,0,0.1,603949,雪龙集团
sh.603949,2025-03-31,28.89,2,False,-1.87,15.6824,901877026.35,101.61,0,0.1,603949,雪龙集团
sh.603950,2025-03-12,28.49,1,False,2.32,1.913,174384998.75,32.64,0,0.1,603950,长源东谷
sh.603955,2025-04-15,19.86,1,False,0.06,5.2603,138085476.0,-0.35,0,0.1,603955,大千生态
sh.603955,2025-04-18,21.76,1,False,0.46,11.5867,328075954.24,3.77,0,0.1,603955,大千生态
sh.603955,2025-04-21,23.94,2,False,3.26,19.3407,612817799.2,15.37,0,0.1,603955,大千生态
sh.603955,2025-04-28,22.83,1,False,2.12,8.5383,256444418.0,14.61,0,0.1,603955,大千生态
sh.603955,2025-04-30,24.94,1,False,1.9,18.5377,614943068.9,30.23,0,0.1,603955,大千生态
sh.603956,2025-03-10,8.98,1,False,-0.12,13.3225,603990189.47,55.36,0,0.1,603956,威派格
sh.603958,2025-03-05,16.74,1,False,2.04,6.6035,232093712.46,32.02,0,0.1,603958,哈森股份
sh.603958,2025-03-11,18.63,1,False,-0.94,5.9154,235654842.25,31.1,0,0.1,603958,哈森股份
sh.603958,2025-03-12,20.49,2,False,6.12,14.5517,624718577.93,39.77,0,0.1,603958,哈森股份
sh.603958,2025-04-01,17.81,1,False,-0.06,4.1384,153072736.0,17.02,0,0.1,603958,哈森股份
sh.603958,2025-04-29,18.38,1,False,0.9,3.8604,151470020.0,13.53,0,0.1,603958,哈森股份
sh.603959,2025-03-12,4.04,1,False,0.26,3.747,73642504.72,-1.7,1,0.1,603959,ST百利
sh.603959,2025-04-14,3.54,1,False,-0.59,1.3608,23357673.0,-14.29,1,0.1,603959,ST百利
sh.603959,2025-04-25,3.78,1,False,0.0,2.1523,39333416.88,-2.07,1,0.1,603959,ST百利
sh.603960,2025-03-04,21.79,1,False,-0.71,5.8098,321211930.8,15.9,0,0.1,603960,克来机电
sh.603960,2025-03-17,24.81,1,False,2.79,20.6209,1322884044.78,22.82,0,0.1,603960,克来机电
sh.603966,2025-03-18,9.37,1,False,1.53,9.4123,305188031.7,14.41,0,0.1,603966,法兰泰克
sh.603967,2025-04-03,12.21,1,False,-1.98,5.6584,228948883.94,20.18,0,0.1,603967,中创物流
sh.603967,2025-04-07,13.43,2,False,9.99,12.391,575347354.9,32.71,0,0.1,603967,中创物流
sh.603967,2025-04-16,13.27,1,False,1.0,15.5664,705342636.28,24.13,0,0.1,603967,中创物流
sh.603968,2025-03-11,11.34,1,False,-0.58,7.3033,163958699.2,15.36,0,0.1,603968,醋化股份
sh.603968,2025-03-19,12.22,1,False,0.36,7.4532,183357785.78,22.08,0,0.1,603968,醋化股份
sh.603970,2025-04-08,13.52,1,False,3.01,1.5731,56000241.36,-1.53,0,0.1,603970,中农立华
sh.603978,2025-03-03,14.1,1,False,0.0,3.5519,102728238.5,2.4,0,0.1,603978,深圳新星
sh.603979,2025-04-10,36.73,1,False,7.07,1.9077,434113992.45,-14.98,0,0.1,603979,金诚信
sh.603980,2025-04-29,4.82,1,False,1.83,5.8736,186919277.65,6.64,0,0.1,603980,吉华集团
sh.603983,2025-04-29,43.6,1,False,-0.1,1.7691,301415382.07,21.62,0,0.1,603983,丸美生物
sh.603985,2025-03-03,13.42,1,False,0.66,2.7277,158091140.69,27.57,0,0.1,603985,恒润股份
sh.603985,2025-03-05,14.4,1,False,1.83,6.4499,406297703.36,36.36,0,0.1,603985,恒润股份
sh.603985,2025-03-31,14.08,1,False,0.08,4.8411,288166226.12,4.92,0,0.1,603985,恒润股份
sh.603985,2025-04-01,15.49,2,True,10.01,2.1298,145442394.62,18.33,0,0.1,603985,恒润股份
sh.603985,2025-04-02,17.04,3,False,3.29,8.4138,616671694.45,18.33,0,0.1,603985,恒润股份
sh.603985,2025-04-09,15.24,1,False,-3.97,9.1283,560802232.03,8.16,0,0.1,603985,恒润股份
sh.603985,2025-04-28,16.9,1,False,1.5,4.205,304153157.7,32.03,0,0.1,603985,恒润股份
sh.603986,2025-04-29,126.72,1,False,0.87,6.6078,5303824251.79,8.42,0,0.1,603986,兆易创新
sh.603988,2025-03-12,21.73,1,False,0.35,4.1763,205409981.23,-4.1,0,0.1,603988,中电电机
sh.603991,2025-04-21,51.69,1,False,0.06,4.4122,166803545.0,-9.87,0,0.1,603991,领先股份
sh.603992,2025-04-10,20.28,1,False,1.41,0.6979,59226792.42,-18.88,0,0.1,603992,松霖科技
sh.603999,2025-03-24,6.89,1,False,-0.32,10.1121,387044762.3,6.66,0,0.1,603999,读者传媒
sh.605008,2025-04-15,17.11,1,False,1.16,1.4364,151872117.94,7.41,0,0.1,605008,长鸿高科
sh.605009,2025-03-14,44.66,1,False,3.2,4.3406,288975050.74,14.34,0,0.1,605009,豪悦护理
sh.605011,2025-03-13,26.28,1,False,-1.3,5.3678,544127602.0,16.96,0,0.1,605011,杭州热电
sh.605016,2025-04-10,17.79,1,False,7.3,1.5516,87988447.88,-3.26,0,0.1,605016,百龙创园
sh.605016,2025-04-25,19.86,1,False,0.83,2.4544,150770557.94,-6.63,0,0.1,605016,百龙创园
sh.605018,2025-03-10,14.5,1,False,0.83,3.1764,210330636.63,17.03,0,0.1,605018,长华集团
sh.605018,2025-04-23,11.11,1,False,0.89,1.4358,72120521.33,-10.33,0,0.1,605018,长华集团
sh.605033,2025-04-22,18.99,1,False,0.23,9.3265,234612243.27,5.32,0,0.1,605033,美邦股份
sh.605058,2025-03-18,26.08,1,False,5.69,2.4147,89252964.2,17.11,0,0.1,605058,澳弘电子
sh.605060,2025-04-10,17.15,1,False,2.76,1.1481,46461042.0,-22.92,0,0.1,605060,联德股份
sh.605066,2025-03-03,8.87,3,False,10.05,5.8536,260783116.12,45.17,0,0.1,605066,天正电气
sh.605066,2025-03-04,9.76,4,False,4.62,35.292,1630476849.02,61.06,0,0.1,605066,天正电气
sh.605066,2025-03-05,10.74,5,False,10.04,45.1498,2358508981.18,76.94,0,0.1,605066,天正电气
sh.605068,2025-03-10,15.99,1,False,2.06,6.936,174652073.77,15.04,0,0.1,605068,明新旭腾
sh.605068,2025-03-17,17.36,1,False,-0.06,4.9616,136890754.1,20.89,0,0.1,605068,明新旭腾
sh.605069,2025-03-06,8.75,1,False,4.4,17.6441,126307694.5,5.55,0,0.1,605069,正和生态
sh.605069,2025-03-11,10.37,1,False,-1.91,37.8332,301848758.21,19.33,0,0.1,605069,正和生态
sh.605069,2025-03-12,11.41,2,False,2.12,54.4875,488152885.41,29.37,0,0.1,605069,正和生态
sh.605069,2025-03-24,10.67,1,False,-1.55,34.4111,293819533.22,27.48,0,0.1,605069,正和生态
sh.605069,2025-03-25,11.74,2,False,6.47,27.1284,265340776.9,41.45,0,0.1,605069,正和生态
sh.605069,2025-03-26,12.91,3,False,-2.9,62.321,636889223.41,54.98,0,0.1,605069,正和生态
sh.605069,2025-04-15,9.55,1,False,4.15,30.4535,232347214.44,-5.63,0,0.1,605069,正和生态
sh.605069,2025-04-30,9.67,1,False,3.53,19.3739,156263006.62,7.21,0,0.1,605069,正和生态
sh.605077,2025-04-10,15.24,1,False,2.89,5.3917,241168271.36,0.73,0,0.1,605077,华康股份
sh.605080,2025-03-04,33.29,1,False,0.0,3.8337,176299905.6,8.47,0,0.1,605080,浙江自然
sh.605080,2025-04-10,23.3,1,False,10.01,2.1288,70222467.0,-21.86,0,0.1,605080,浙江自然
sh.605080,2025-04-23,24.48,1,False,3.78,2.7459,93197656.8,-21.76,0,0.1,605080,浙江自然
sh.605081,2025-03-10,10.46,1,False,0.95,5.5241,63328135.27,7.39,0,0.1,605081,
sh.605081,2025-04-08,10.73,1,True,10.05,2.1165,25718887.22,2.58,0,0.1,605081,
sh.605081,2025-04-09,11.8,2,True,9.97,1.2745,17030881.0,15.35,0,0.1,605081,
sh.605088,2025-03-12,41.8,1,False,1.32,4.6918,340123911.49,39.38,0,0.1,605088,冠盛股份
sh.605088,2025-04-10,31.11,1,False,3.25,3.1723,171279894.29,-25.57,0,0.1,605088,冠盛股份
sh.605100,2025-03-04,25.3,1,False,-4.35,30.5874,1161267997.04,89.51,0,0.1,605100,华丰股份
sh.605100,2025-03-06,27.85,1,False,-2.17,24.3379,1097601398.11,100.65,0,0.1,605100,华丰股份
sh.605100,2025-03-10,27.58,1,False,-3.47,19.76,904770603.38,94.36,0,0.1,605100,华丰股份
sh.605100,2025-03-11,30.34,2,False,5.22,17.0318,840235079.47,115.18,0,0.1,605100,华丰股份
sh.605100,2025-03-13,31.24,1,False,-1.97,27.2953,1342065026.68,121.88,0,0.1,605100,华丰股份
sh.605118,2025-03-07,21.41,1,False,-0.82,3.2133,274924530.2,7.32,0,0.1,605118,力鼎光电
sh.605118,2025-03-13,23.29,1,False,0.0,4.8294,431984241.8,23.49,0,0.1,605118,力鼎光电
sh.605133,2025-03-03,28.81,1,False,1.26,4.493,231715887.25,10.6,0,0.1,605133,嵘泰股份
sh.605133,2025-04-23,31.16,1,False,1.13,4.5948,256237082.36,-8.03,0,0.1,605133,嵘泰股份
sh.605133,2025-04-30,37.98,1,False,-0.09,5.1183,348532859.56,15.44,0,0.1,605133,嵘泰股份
sh.605136,2025-04-17,8.06,1,False,-1.77,4.5651,141074859.38,3.07,0,0.1,605136,丽人丽妆
sh.605138,2025-04-10,5.61,1,False,1.96,1.1136,33729358.5,-6.19,0,0.1,605138,盛泰集团
sh.605138,2025-04-16,6.33,1,False,0.0,1.2416,41363633.0,1.28,0,0.1,605138,盛泰集团
sh.605138,2025-04-17,6.96,2,True,9.95,0.7062,27307643.52,12.08,0,0.1,605138,盛泰集团
sh.605151,2025-04-30,17.62,1,False,1.62,3.9381,90981743.35,3.16,0,0.1,605151,西上海
sh.605155,2025-03-10,13.06,1,False,-0.93,8.1182,192826180.88,21.83,0,0.1,605155,西大门
sh.605155,2025-03-11,14.37,2,False,-1.84,13.0035,329986247.1,34.05,0,0.1,605155,西大门
sh.605158,2025-04-10,8.28,1,False,0.93,3.6482,150676388.36,-5.69,0,0.1,605158,华达新材
sh.605158,2025-04-14,9.1,1,False,1.33,2.7714,125042013.54,2.36,0,0.1,605158,华达新材
sh.605179,2025-03-14,21.9,1,False,-0.05,5.4693,465355887.7,3.94,0,0.1,605179,一鸣食品
sh.605179,2025-04-08,19.84,1,False,-2.99,4.2145,325522577.0,-2.75,0,0.1,605179,一鸣食品
sh.605179,2025-04-17,24.54,1,False,-3.77,9.3588,861603120.88,17.92,0,0.1,605179,一鸣食品
sh.605188,2025-04-14,9.42,1,False,-1.52,1.9315,87882359.22,20.77,0,0.1,605188,国光连锁
sh.605188,2025-04-15,10.36,2,True,9.98,3.099,159106694.04,32.65,0,0.1,605188,国光连锁
sh.605188,2025-04-16,11.4,3,False,-0.97,8.8375,481063856.46,45.22,0,0.1,605188,国光连锁
sh.605188,2025-04-17,12.54,4,False,7.81,1.8668,114854275.14,61.6,0,0.1,605188,国光连锁
sh.605188,2025-04-18,13.79,5,False,8.05,7.4512,500464631.71,80.03,0,0.1,605188,国光连锁
sh.605188,2025-04-21,15.17,6,False,0.0,10.7186,777712459.0,100.66,0,0.1,605188,国光连锁
sh.605199,2025-03-14,17.55,1,False,0.06,6.4836,437750673.9,-5.03,0,0.1,605199,ST葫芦娃
sh.605199,2025-04-14,15.62,1,False,0.42,4.6034,278457570.35,-11.0,0,0.1,605199,ST葫芦娃
sh.605208,2025-03-04,12.52,1,False,-0.09,15.5988,623284882.39,72.69,0,0.1,605208,永茂泰
sh.605208,2025-03-06,14.28,1,False,-2.77,9.3315,421128723.85,85.94,0,0.1,605208,永茂泰
sh.605208,2025-03-07,15.71,2,False,-1.96,14.8068,742456335.86,102.97,0,0.1,605208,永茂泰
sh.605208,2025-03-14,16.6,1,False,-0.6,12.6547,663799050.03,113.09,0,0.1,605208,永茂泰
sh.605208,2025-04-23,11.11,1,False,1.78,11.2289,406091341.44,-14.93,0,0.1,605208,永茂泰
sh.605228,2025-03-04,10.98,1,False,-0.4,5.3232,243319057.56,18.7,0,0.1,605228,神通科技
sh.605228,2025-03-06,12.72,1,False,1.38,7.2532,373463325.88,29.93,0,0.1,605228,神通科技
sh.605228,2025-03-12,14.14,1,False,10.04,5.202,308594986.66,31.53,0,0.1,605228,神通科技
sh.605228,2025-04-02,11.4,1,True,10.04,1.3591,66049639.2,-1.38,0,0.1,605228,神通科技
sh.605255,2025-03-28,16.41,1,False,-0.07,6.6342,140449947.0,12.24,0,0.1,605255,天普股份
sh.605255,2025-04-30,16.93,1,False,0.0,3.0568,66696629.5,-0.53,0,0.1,605255,天普股份
sh.605266,2025-03-10,22.61,1,False,0.44,6.1437,188484555.01,0.04,0,0.1,605266,健之佳
sh.605286,2025-03-12,44.33,1,False,3.23,2.4218,177118130.18,32.17,0,0.1,605286,同力天启
sh.605287,2025-04-17,12.84,1,False,0.0,6.651,117025163.02,-10.4,0,0.1,605287,德才股份
sh.605296,2025-03-11,29.3,1,False,-0.9,2.4228,355907109.52,18.1,0,0.1,605296,神农集团
sh.605299,2025-04-14,8.86,1,False,5.59,1.3946,50036616.0,-7.8,0,0.1,605299,舒华体育
sh.605303,2025-03-07,9.88,1,False,0.22,5.1034,80172596.0,19.9,0,0.1,605303,园林股份
sh.605303,2025-03-10,10.87,2,True,10.02,2.2475,39391227.76,31.44,0,0.1,605303,园林股份
sh.605303,2025-03-11,11.96,3,True,10.03,1.6329,31488874.04,44.97,0,0.1,605303,园林股份
sh.605303,2025-03-12,13.16,4,False,10.03,25.3939,527718594.39,60.1,0,0.1,605303,园林股份
sh.605318,2025-03-10,24.83,1,False,1.51,4.2473,125956615.0,15.38,0,0.1,605318,法狮龙
sh.605318,2025-04-10,30.56,1,False,0.07,2.0429,76892604.44,17.86,0,0.1,605318,法狮龙
sh.605319,2025-03-05,34.86,1,False,-0.44,4.1138,293251135.51,34.34,0,0.1,605319,无锡振华
sh.605333,2025-03-05,36.32,1,False,0.21,2.6516,417805156.02,4.07,0,0.1,605333,沪光股份
sh.605336,2025-03-21,22.33,1,False,0.74,8.0814,325880867.48,19.41,0,0.1,605336,*ST帅电
sh.605337,2025-03-14,12.32,1,False,0.89,6.3839,301285845.04,12.41,0,0.1,605337,李子园
sh.605337,2025-04-08,12.0,1,False,2.2,2.8568,132695572.1,8.7,0,0.1,605337,李子园
sh.605338,2025-04-08,18.35,1,False,1.32,3.7037,163099308.4,6.32,0,0.1,605338,巴比食品
sh.605358,2025-04-21,23.61,1,False,3.45,1.9787,306926221.96,-2.68,0,0.1,605358,立昂微
sh.605378,2025-03-03,28.6,1,False,-0.46,10.0548,509128250.78,35.42,0,0.1,605378,野马电池
sh.605388,2025-03-14,7.0,1,False,0.16,6.0154,242927502.34,15.7,0,0.1,605388,均瑶健康
sh.605399,2025-03-12,13.33,1,False,0.0,5.2888,213820136.68,16.11,0,0.1,605399,晨光新材
sh.605488,2025-03-05,53.74,1,False,-1.99,7.9666,789978845.16,52.11,0,0.1,605488,福莱新材
sh.605488,2025-03-27,47.33,1,False,1.81,5.2164,462902378.15,-3.8,0,0.1,605488,福莱新材
sh.605488,2025-04-21,41.07,1,False,1.47,5.325,416798061.09,-14.26,0,0.1,605488,福莱新材
sh.605588,2025-03-27,49.36,1,False,-0.31,7.03,243451767.4,8.63,0,0.1,605588,冠石科技
sh.605588,2025-03-28,54.3,2,False,10.01,8.9375,354130908.95,25.4,0,0.1,605588,冠石科技
sh.605588,2025-04-30,46.96,1,False,2.25,5.3549,179056180.0,-18.5,0,0.1,605588,冠石科技
sh.605598,2025-04-10,20.8,1,False,2.17,1.8652,90597720.5,-3.79,0,0.1,605598,上海港湾
sh.605599,2025-04-29,13.53,1,False,5.69,2.0891,218861801.25,14.66,0,0.1,605599,菜百股份
sh.688049,2025-04-10,42.98,1,False,19.99,7.0063,336399443.59,-8.86,0,0.2,688049,炬芯科技
sh.688052,2025-04-11,187.45,1,False,3.71,8.1327,1351192706.56,15.62,0,0.2,688052,纳芯微
sh.688093,2025-04-18,25.54,1,False,11.37,4.3448,283657590.85,6.91,0,0.2,688093,世华科技
sh.688096,2025-03-06,12.38,1,False,6.59,12.8964,238332160.93,41.65,0,0.2,688096,京源环保
sh.688107,2025-03-04,35.4,1,False,-0.03,3.1266,409960041.69,37.37,0,0.2,688107,安路科技
sh.688114,2025-03-04,97.27,1,False,-1.91,4.6388,889227568.82,143.42,0,0.2,688114,华大智造
sh.688117,2025-03-31,29.3,1,False,10.65,14.0938,448398431.74,28.68,0,0.2,688117,圣诺生物
sh.688130,2025-04-11,29.87,1,False,0.44,16.1946,138847548.46,-0.53,0,0.2,688130,晶华微
sh.688153,2025-04-11,37.37,1,False,1.73,10.7834,436310507.25,3.12,0,0.2,688153,唯捷创芯
sh.688156,2025-04-08,14.39,1,False,3.5,9.5688,134092163.09,5.96,0,0.2,688156,路德科技
sh.688178,2025-03-24,20.48,1,True,19.98,1.9108,33261608.96,30.86,0,0.2,688178,万德斯
sh.688182,2025-04-18,27.16,1,False,-0.97,4.0021,403638911.03,-16.1,0,0.2,688182,灿勤科技
sh.688190,2025-03-18,112.56,1,False,1.25,2.9876,391762902.86,37.07,0,0.2,688190,云路股份
sh.688192,2025-04-21,58.8,1,False,0.16,3.9774,406894022.75,25.78,0,0.2,688192,迪哲医药
sh.688238,2025-04-01,6.6,1,False,1.45,11.1476,457090806.18,16.61,0,0.2,688238,和元生物
sh.688259,2025-03-19,54.96,1,False,17.9,17.2305,1029008094.95,46.01,0,0.2,688259,创耀科技
sh.688280,2025-04-29,5.82,1,False,10.1,3.2991,97919092.12,5.82,0,0.2,688280,精进电动
sh.688280,2025-04-30,6.98,2,False,6.53,10.9609,377325774.3,28.78,0,0.2,688280,精进电动
sh.688313,2025-04-21,18.72,1,True,20.0,2.0527,176303312.64,9.79,0,0.2,688313,仕佳光子
sh.688333,2025-03-06,83.04,1,False,1.86,6.036,1264130199.31,59.91,0,0.2,688333,铂力特
sh.688369,2025-03-06,36.3,1,False,7.01,3.5068,143130601.07,39.35,0,0.2,688369,致远互联
sh.688395,2025-03-10,25.32,1,False,5.45,9.4773,203719041.94,35.76,0,0.2,688395,正弦电气
sh.688458,2025-04-11,40.8,1,False,7.18,13.2788,446170464.91,5.73,0,0.2,688458,美芯晟
sh.688507,2025-03-17,97.26,1,False,0.0,16.5077,729505516.83,37.02,0,0.2,688507,索辰科技
sh.688521,2025-03-04,89.74,1,False,-4.09,4.4582,1784469433.23,83.18,0,0.2,688521,芯原股份
sh.688529,2025-03-10,23.5,1,False,4.19,13.8566,510594940.86,33.67,0,0.2,688529,豪森智能
sh.688536,2025-04-11,146.06,1,False,3.52,4.5436,856181318.34,21.4,0,0.2,688536,思瑞浦
sh.688580,2025-04-02,41.04,1,False,-0.06,6.3896,238160053.29,18.58,0,0.2,688580,伟思医疗
sh.688591,2025-03-26,41.28,1,False,11.05,18.5392,1242172401.88,7.05,0,0.2,688591,泰凌微
sh.688602,2025-04-17,8.82,1,False,6.94,23.5629,510916740.17,27.09,0,0.2,688602,康鹏科技
sh.688658,2025-04-14,16.15,1,False,1.11,10.7177,753308959.67,8.53,0,0.2,688658,悦康药业
sh.688667,2025-04-30,54.9,1,False,3.93,4.5633,125597991.38,12.85,0,0.2,688667,菱电电控
sh.688678,2025-04-10,20.11,1,False,14.44,5.3102,270261028.26,-26.85,0,0.2,688678,福立旺
sh.688680,2025-03-10,42.54,1,False,3.36,11.1366,377502218.39,30.89,0,0.2,688680,海优新材
sh.688700,2025-03-10,39.74,1,False,2.29,6.6035,755442485.33,42.95,0,0.2,688700,东威科技
sh.688722,2025-04-09,17.45,1,False,6.46,8.2134,303489691.34,8.52,0,0.2,688722,同益中
sz.000004,2025-04-15,10.26,1,False,0.21,11.4189,146717116.94,-17.46,0,0.1,000004,
sz.000006,2025-03-27,7.44,1,False,-0.59,7.8806,770545145.27,10.55,0,0.1,000006,深振业Ａ
sz.000007,2025-04-25,7.16,1,False,2.92,12.0454,287576574.1,12.76,0,0.1,000007,全新好
sz.000008,2025-04-03,2.81,1,False,-0.78,5.3331,396243018.41,-0.35,0,0.1,000008,神州高铁
sz.000014,2025-03-11,10.95,1,False,-0.6,7.4712,190881797.4,4.78,0,0.1,000014,沙河股份
sz.000014,2025-04-10,10.49,1,False,1.36,5.0983,125855082.4,-5.32,0,0.1,000014,沙河股份
sz.000016,2025-03-03,5.76,1,False,-1.91,12.9216,1144047275.47,14.51,0,0.1,000016,*ST康佳A
sz.000016,2025-04-09,4.22,1,False,9.9,4.9127,330447902.2,-22.14,0,0.1,000016,*ST康佳A
sz.000016,2025-04-10,4.64,2,False,0.95,4.3829,315231748.32,-15.33,0,0.1,000016,*ST康佳A
sz.000016,2025-04-11,5.1,3,False,1.72,10.0751,784702331.25,-3.04,0,0.1,000016,*ST康佳A
sz.000016,2025-04-30,5.45,1,False,8.28,3.8993,337072501.88,19.52,0,0.1,000016,*ST康佳A
sz.000017,2025-03-11,6.35,1,False,0.17,12.5703,238682694.98,4.79,0,0.1,000017,深中华A
sz.000017,2025-04-22,6.75,1,False,0.65,13.7367,268965703.4,10.66,0,0.1,000017,深中华A
sz.000017,2025-04-25,6.73,1,False,1.14,13.2836,263815155.6,10.87,0,0.1,000017,深中华A
sz.000025,2025-03-31,18.04,1,False,-0.61,7.4464,521235255.42,11.77,0,0.1,000025,特  力Ａ
sz.000025,2025-04-16,17.51,1,False,0.63,4.8674,324859869.77,3.98,0,0.1,000025,特  力Ａ
sz.000025,2025-04-17,19.26,2,False,7.82,15.3362,1145636215.22,11.39,0,0.1,000025,特  力Ａ
sz.000025,2025-04-18,21.19,3,False,4.78,19.7986,1629108931.54,24.87,0,0.1,000025,特  力Ａ
sz.000031,2025-04-14,2.82,1,False,1.17,0.845,93441556.22,3.3,0,0.1,000031,大悦城
sz.000048,2025-03-26,17.05,1,False,-0.32,3.0839,267839923.74,17.75,0,0.1,000048,京基智农
sz.000055,2025-04-25,4.31,1,False,-0.26,6.9916,201778084.9,2.86,0,0.1,000055,方大集团
sz.000056,2025-03-03,3.54,1,False,0.31,11.5201,358553480.08,36.68,0,0.1,000056,*ST皇庭
sz.000056,2025-03-04,3.89,2,False,0.28,27.1834,907880404.38,52.55,0,0.1,000056,*ST皇庭
sz.000058,2025-03-03,9.23,1,False,0.36,6.389,553086013.09,19.71,0,0.1,000058,深 赛 格
sz.000061,2025-04-08,7.11,1,False,0.46,2.3939,281404853.7,14.31,0,0.1,000061,农 产 品
sz.000062,2025-03-17,24.2,1,False,0.45,2.6111,646201683.35,1.6,0,0.1,000062,深圳华强
sz.000062,2025-03-27,24.01,1,False,0.0,3.1394,763968854.28,1.39,0,0.1,000062,深圳华强
sz.000062,2025-04-11,23.19,1,False,-1.94,4.3555,1034666749.03,6.08,0,0.1,000062,深圳华强
sz.000062,2025-04-14,25.51,2,False,3.54,9.3486,2392585167.76,15.95,0,0.1,000062,深圳华强
sz.000066,2025-04-08,14.99,1,False,0.0,6.2933,2839410713.89,-5.84,0,0.1,000066,中国长城
sz.000066,2025-04-09,16.49,2,False,2.74,10.2985,5328848147.15,3.52,0,0.1,000066,中国长城
sz.000070,2025-04-11,5.65,1,False,-1.12,1.4279,69752638.0,-11.72,1,0.1,000070,特发信息
sz.000151,2025-03-25,15.53,1,False,0.0,3.6154,164464293.3,13.86,0,0.1,000151,中成股份
sz.000156,2025-03-12,9.46,1,True,10.0,1.0581,170148714.12,1.5,0,0.1,000156,华数传媒
sz.000158,2025-04-30,22.56,1,False,-0.05,6.0034,2110392609.78,3.16,0,0.1,000158,常山北明
sz.000402,2025-04-18,3.04,1,False,0.0,3.6372,322599178.98,1.0,0,0.1,000402,金 融 街
sz.000403,2025-04-07,24.1,1,False,4.97,10.9849,1909970554.02,15.81,0,0.1,000403,派林生物
sz.000409,2025-03-03,10.7,1,False,0.62,8.8931,401287414.04,13.59,0,0.1,000409,云鼎科技
sz.000409,2025-03-04,11.77,2,False,1.59,12.4142,596373898.14,25.21,0,0.1,000409,云鼎科技
sz.000409,2025-03-05,12.95,3,False,10.03,38.2649,2073896659.9,30.94,0,0.1,000409,云鼎科技
sz.000409,2025-03-06,14.25,4,True,10.04,2.3252,140272126.5,43.5,0,0.1,000409,云鼎科技
sz.000409,2025-03-07,15.68,5,False,10.04,33.4789,2212392446.28,57.91,0,0.1,000409,云鼎科技
sz.000409,2025-03-18,16.02,1,False,3.91,17.9746,1195432003.46,64.81,0,0.1,000409,云鼎科技
sz.000410,2025-03-10,7.69,1,False,-0.57,3.0769,388190486.4,11.94,0,0.1,000410,沈阳机床
sz.000417,2025-03-14,6.15,1,False,0.0,4.7004,217225673.71,10.81,0,0.1,000417,合百集团
sz.000417,2025-04-10,6.08,1,False,-0.72,8.5857,399575026.43,8.57,0,0.1,000417,合百集团
sz.000420,2025-03-18,4.02,1,False,1.1,5.4912,518316077.89,16.18,0,0.1,000420,吉林化纤
sz.000420,2025-04-23,3.81,1,False,0.0,3.854,350220409.44,-1.3,0,0.1,000420,吉林化纤
sz.000422,2025-03-24,14.74,1,False,1.94,10.5442,1605044116.52,21.62,0,0.1,000422,湖北宜化
sz.000428,2025-04-11,3.53,1,False,-1.56,8.1404,288318602.09,13.14,0,0.1,000428,华天酒店
sz.000428,2025-04-17,3.92,1,False,-3.09,9.5236,353810209.65,23.27,0,0.1,000428,华天酒店
sz.000430,2025-03-24,8.11,1,False,0.95,13.4221,355701198.36,16.69,0,0.1,000430,张家界
sz.000430,2025-04-10,8.84,1,False,-2.99,16.4627,465508922.64,26.29,0,0.1,000430,张家界
sz.000488,2025-03-17,2.07,1,False,-0.51,7.1591,241052259.64,-19.77,1,0.1,000488,ST晨鸣
sz.000488,2025-04-01,1.97,1,False,0.53,5.8954,193209363.14,-2.96,1,0.1,000488,ST晨鸣
sz.000501,2025-04-08,10.09,1,False,-0.65,9.4564,705502280.56,18.99,0,0.1,000501,武商集团
sz.000503,2025-03-12,12.55,1,False,0.09,7.757,897424695.98,6.99,0,0.1,000503,国新健康
sz.000505,2025-04-14,7.22,1,False,-1.07,5.9456,256513527.68,17.21,0,0.1,000505,京粮控股
sz.000505,2025-04-15,7.94,2,False,-0.14,15.4573,724635843.19,28.06,0,0.1,000505,京粮控股
sz.000506,2025-03-10,5.39,1,False,2.53,4.4295,218955270.78,22.22,1,0.1,000506,招金黄金
sz.000506,2025-03-19,5.26,1,False,-1.6,3.3823,162138031.54,0.96,1,0.1,000506,招金黄金
sz.000506,2025-03-31,5.74,1,False,0.55,4.1667,219740701.75,6.69,1,0.1,000506,招金黄金
sz.000506,2025-04-10,5.37,1,False,5.09,2.0176,100353849.36,-4.45,1,0.1,000506,招金黄金
sz.000506,2025-04-14,5.85,1,False,-0.18,2.9231,155838223.99,7.93,1,0.1,000506,招金黄金
sz.000506,2025-04-16,6.42,1,False,1.64,3.9319,232878887.0,28.14,1,0.1,000506,招金黄金
sz.000506,2025-04-21,6.74,1,False,2.02,3.9467,244512488.15,25.51,1,0.1,000506,招金黄金
sz.000506,2025-04-24,6.89,1,False,0.0,3.4491,216137806.43,28.31,1,0.1,000506,招金黄金
sz.000507,2025-03-18,5.54,1,False,0.4,6.3878,315509095.73,11.47,0,0.1,000507,珠海港
sz.000507,2025-04-09,5.43,1,False,-1.01,6.9475,322292424.81,10.14,0,0.1,000507,珠海港
sz.000509,2025-03-07,3.69,1,False,0.6,3.4102,132474755.5,9.82,0,0.1,000509,华塑控股
sz.000510,2025-04-11,4.21,1,False,9.92,6.0146,153418538.76,2.18,0,0.1,000510,新金路
sz.000510,2025-04-14,4.63,2,True,9.98,2.4783,69610887.87,8.94,0,0.1,000510,新金路
sz.000510,2025-04-15,5.09,3,False,9.94,17.5542,541343169.61,22.06,0,0.1,000510,新金路
sz.000510,2025-04-17,5.28,1,False,-2.08,34.7487,1027744829.64,25.12,0,0.1,000510,新金路
sz.000510,2025-04-21,5.42,1,False,1.01,15.8972,514634013.97,28.74,0,0.1,000510,新金路
sz.000510,2025-04-24,6.61,1,False,3.16,17.6907,698392039.14,62.41,0,0.1,000510,新金路
sz.000514,2025-04-17,4.09,1,False,1.08,1.9341,65618153.46,-1.45,0,0.1,000514,渝 开 发
sz.000514,2025-04-18,4.5,2,False,0.24,12.7042,467191469.94,8.17,0,0.1,000514,渝 开 发
sz.000514,2025-04-24,4.57,1,False,0.48,4.5245,170856499.27,9.86,0,0.1,000514,渝 开 发
sz.000518,2025-03-28,2.49,1,False,0.0,9.3213,236081504.48,4.62,0,0.1,000518,四环生物
sz.000519,2025-04-09,17.15,1,False,-0.13,4.5925,1068589975.59,-7.25,0,0.1,000519,中兵红箭
sz.000520,2025-04-11,4.58,1,False,0.0,2.2652,103353811.72,-6.53,0,0.1,000520,凤凰航运
sz.000523,2025-03-14,3.34,1,True,9.87,0.6502,38980308.34,11.33,0,0.1,000523,红棉股份
sz.000523,2025-03-17,3.67,2,False,9.88,3.7355,246023441.92,21.52,0,0.1,000523,红棉股份
sz.000524,2025-04-02,12.54,1,False,-2.19,6.404,515842678.07,27.18,0,0.1,000524,岭南控股
sz.000524,2025-04-03,13.79,2,False,2.31,12.8376,1147357716.76,37.35,0,0.1,000524,岭南控股
sz.000524,2025-04-10,14.7,1,False,-1.2,7.5959,726416080.9,44.83,0,0.1,000524,岭南控股
sz.000525,2025-03-12,5.88,1,False,-0.18,3.3695,191797914.07,2.62,1,0.1,000525,红太阳
sz.000528,2025-03-05,12.87,1,False,2.56,3.1883,823974047.71,20.85,0,0.1,000528,柳    工
sz.000533,2025-03-12,7.0,1,False,0.63,13.3601,623884882.81,5.58,0,0.1,000533,顺钠股份
sz.000536,2025-03-06,6.3,1,False,0.0,11.0814,1854708003.2,41.57,0,0.1,000536,华映科技
sz.000541,2025-03-20,7.39,1,False,0.74,7.8876,658927827.2,21.35,0,0.1,000541,佛山照明
sz.000541,2025-03-24,8.57,1,False,2.05,16.4583,1574203697.75,40.72,0,0.1,000541,佛山照明
sz.000555,2025-03-03,13.43,1,False,1.15,4.4336,558618859.22,22.54,0,0.1,000555,神州信息
sz.000555,2025-03-18,14.39,1,False,0.84,6.3597,863528576.46,20.12,0,0.1,000555,神州信息
sz.000555,2025-03-21,15.96,1,False,9.99,13.9944,2161120713.45,16.07,0,0.1,000555,神州信息
sz.000558,2025-03-24,3.76,1,False,1.46,19.7558,948031647.7,9.62,0,0.1,000558,天府文旅
sz.000558,2025-04-14,4.44,1,False,3.22,9.8496,553793195.17,30.97,0,0.1,000558,天府文旅
sz.000558,2025-04-25,4.28,1,False,3.08,9.0512,491785421.71,14.44,0,0.1,000558,天府文旅
sz.000559,2025-04-02,7.45,1,False,-0.3,5.1351,1242683884.34,12.88,0,0.1,000559,万向钱潮
sz.000560,2025-04-18,3.58,1,False,0.0,16.5727,1268654554.65,8.16,0,0.1,000560,我爱我家
sz.000564,2025-04-08,2.85,1,False,-0.39,3.9646,1613372085.63,-3.72,0,0.1,000564,供销大集
sz.000565,2025-04-25,5.67,1,False,0.19,5.6673,136749805.27,2.16,0,0.1,000565,渝三峡Ａ
sz.000565,2025-04-28,6.24,2,False,-3.35,10.6934,258506609.3,17.51,0,0.1,000565,渝三峡Ａ
sz.000565,2025-04-29,6.86,3,True,9.94,2.784,82807732.28,32.43,0,0.1,000565,渝三峡Ａ
sz.000565,2025-04-30,7.55,4,False,10.06,28.6903,921283380.37,41.65,0,0.1,000565,渝三峡Ａ
sz.000566,2025-04-11,4.73,1,False,0.0,2.8882,157493313.0,-5.96,0,0.1,000566,海南海药
sz.000567,2025-04-14,6.03,1,False,1.09,1.4139,161902588.82,-3.21,0,0.1,000567,海德股份
sz.000570,2025-03-06,6.05,1,False,0.91,6.093,200237692.04,21.49,0,0.1,000570,苏常柴Ａ
sz.000570,2025-03-13,6.82,1,False,-1.61,10.6296,390533914.5,30.15,0,0.1,000570,苏常柴Ａ
sz.000571,2025-03-21,4.84,1,False,0.68,5.337,203498928.95,31.17,0,0.1,000571,新大洲A
sz.000572,2025-04-14,3.93,1,False,1.4,3.8952,242350760.98,-3.91,0,0.1,000572,海马汽车
sz.000573,2025-03-18,4.86,1,False,0.68,5.3502,161043673.74,20.0,0,0.1,000573,粤宏远Ａ
sz.000573,2025-03-25,4.88,1,False,-0.9,8.7356,255845892.02,0.0,0,0.1,000573,粤宏远Ａ
sz.000581,2025-03-10,25.81,1,False,6.18,6.8879,1455890836.97,41.58,0,0.1,000581,威孚高科
sz.000582,2025-04-09,9.28,1,False,-0.95,4.3301,661640679.62,11.0,0,0.1,000582,北部湾港
sz.000582,2025-04-11,10.48,1,False,7.87,15.835,2861595553.38,27.49,0,0.1,000582,北部湾港
sz.000590,2025-03-03,9.1,1,False,3.63,5.3266,114976563.3,31.31,0,0.1,000590,古汉医药
sz.000592,2025-03-11,3.18,1,False,0.69,18.4439,1100641658.54,9.28,0,0.1,000592,平潭发展
sz.000595,2025-03-19,6.74,1,False,-0.82,6.3049,473302910.52,-2.74,0,0.1,000595,新能股份
sz.000595,2025-03-20,7.41,2,False,3.26,6.4519,537436904.8,11.26,0,0.1,000595,新能股份
sz.000599,2025-04-03,4.8,1,False,0.0,3.4379,131177696.48,-0.83,0,0.1,000599,青岛双星
sz.000600,2025-04-15,6.56,1,False,4.53,8.5142,594857833.84,19.06,0,0.1,000600,建投能源
sz.000601,2025-03-19,4.8,1,False,1.15,7.7469,398548819.94,16.5,0,0.1,000601,韶能股份
sz.000601,2025-03-20,5.28,2,False,3.33,14.3676,796301332.35,27.85,0,0.1,000601,韶能股份
sz.000601,2025-03-24,5.96,1,False,-6.64,14.1749,874145420.25,42.93,0,0.1,000601,韶能股份
sz.000601,2025-03-31,5.4,1,False,-0.81,8.2742,469354586.64,22.17,0,0.1,000601,韶能股份
sz.000601,2025-04-14,5.58,1,False,0.99,4.4705,263270996.9,32.86,0,0.1,000601,韶能股份
sz.000601,2025-04-15,6.14,2,False,3.05,21.6113,1378566730.97,43.79,0,0.1,000601,韶能股份
sz.000601,2025-04-24,6.31,1,False,-0.17,14.3753,931569145.92,6.23,0,0.1,000601,韶能股份
sz.000601,2025-04-25,6.94,2,False,1.58,24.3908,1777066180.74,27.34,0,0.1,000601,韶能股份
sz.000608,2025-03-20,2.35,1,False,-0.47,8.7545,148117308.91,7.31,0,0.1,000608,阳光股份
sz.000608,2025-04-23,1.47,1,False,0.71,3.4317,37101898.03,-19.23,1,0.1,000608,阳光股份
sz.000608,2025-04-25,1.56,1,False,1.34,4.5651,52392076.0,-11.36,1,0.1,000608,阳光股份
sz.000608,2025-04-29,1.58,1,False,2.0,1.8646,21860049.42,-5.95,1,0.1,000608,阳光股份
sz.000609,2025-03-31,2.4,1,False,0.0,2.7517,19134175.48,-7.69,1,0.1,000609,*ST中迪
sz.000609,2025-04-15,2.26,1,False,0.0,2.754,17699554.6,-7.76,1,0.1,000609,*ST中迪
sz.000609,2025-04-16,2.37,2,False,4.87,1.713,11784613.0,-4.05,1,0.1,000609,*ST中迪
sz.000609,2025-04-21,2.47,1,False,2.55,2.3539,16725466.12,2.07,1,0.1,000609,*ST中迪
sz.000609,2025-04-22,2.59,2,False,2.02,5.7658,43142922.45,8.82,1,0.1,000609,*ST中迪
sz.000612,2025-03-17,7.95,1,True,9.96,0.5231,49548247.8,11.66,0,0.1,000612,焦作万方
sz.000612,2025-03-18,8.75,2,True,10.06,4.8757,508283142.5,23.94,0,0.1,000612,焦作万方
sz.000615,2025-03-03,3.14,1,False,-0.33,3.7428,86125247.97,-9.25,1,0.1,000615,*ST美谷
sz.000615,2025-03-10,3.2,1,False,0.0,1.6342,39208940.0,-7.25,1,0.1,000615,*ST美谷
sz.000615,2025-03-11,3.36,2,False,3.75,2.8314,72281219.0,-0.3,1,0.1,000615,*ST美谷
sz.000615,2025-03-13,3.56,1,False,1.77,1.0172,27274049.0,6.59,1,0.1,000615,*ST美谷
sz.000615,2025-04-14,3.57,1,False,0.29,2.6929,71944111.0,-3.77,1,0.1,000615,*ST美谷
sz.000617,2025-04-09,6.74,1,False,-0.82,2.3241,1920469630.43,5.31,0,0.1,000617,中油资本
sz.000617,2025-04-22,7.9,1,False,4.18,3.1037,2998448123.8,22.86,0,0.1,000617,中油资本
sz.000619,2025-03-03,6.58,1,False,-0.5,5.2968,123771110.0,10.4,0,0.1,000619,海螺新材
sz.000620,2025-04-18,1.79,1,False,0.0,3.2383,262947042.84,-1.65,0,0.1,000620,盈新发展
sz.000620,2025-04-21,1.97,2,False,1.12,7.2047,628748160.41,9.44,0,0.1,000620,盈新发展
sz.000626,2025-04-10,5.46,1,True,10.08,0.5384,14757844.92,-3.02,0,0.1,000626,远大控股
sz.000626,2025-04-11,6.01,2,True,10.07,1.6077,48506229.2,8.68,0,0.1,000626,远大控股
sz.000626,2025-04-14,6.61,3,False,2.16,10.204,328748835.77,16.37,0,0.1,000626,远大控股
sz.000626,2025-04-21,5.73,1,False,0.0,4.1498,113521919.32,3.06,0,0.1,000626,远大控股
sz.000628,2025-04-18,46.53,1,False,0.26,8.1789,697641332.84,-10.98,0,0.1,000628,高新发展
sz.000632,2025-04-10,3.27,1,False,4.71,7.0264,105016190.51,-7.37,0,0.1,000632,ST三木
sz.000632,2025-04-22,3.69,1,False,2.09,4.8377,82527641.56,8.85,0,0.1,000632,ST三木
sz.000632,2025-04-23,4.06,2,False,10.03,8.188,154495724.62,19.06,0,0.1,000632,ST三木
sz.000632,2025-04-24,4.47,3,True,10.1,2.8731,59780886.0,27.71,0,0.1,000632,ST三木
sz.000633,2025-03-26,5.43,1,True,9.92,1.445,30216321.0,11.96,0,0.1,000633,合金投资
sz.000633,2025-03-27,5.97,2,False,8.66,22.0764,492986189.27,23.6,0,0.1,000633,合金投资
sz.000637,2025-03-26,3.83,1,False,0.0,5.1812,71904164.7,5.8,0,0.1,000637,茂化实华
sz.000639,2025-04-08,2.76,1,False,-3.19,6.4242,185442030.64,-10.97,0,0.1,000639,ST西王
sz.000639,2025-04-15,3.16,1,False,-0.7,9.0781,292185510.8,-0.94,0,0.1,000639,ST西王
sz.000639,2025-04-21,3.23,1,False,0.68,5.7686,197249524.23,6.25,0,0.1,000639,ST西王
sz.000655,2025-03-11,7.17,1,False,0.15,7.3856,305992324.09,11.68,0,0.1,000655,金岭矿业
sz.000656,2025-04-15,1.31,1,False,0.8,1.7704,121844213.0,-9.66,1,0.1,000656,金科股份
sz.000656,2025-04-17,1.41,1,False,0.75,1.412,104301903.81,-3.42,1,0.1,000656,金科股份
sz.000656,2025-04-29,1.3,1,False,0.0,1.281,87419045.87,-10.34,1,0.1,000656,金科股份
sz.000659,2025-03-05,2.97,1,False,-0.37,5.8147,214468046.65,16.47,0,0.1,000659,珠海中富
sz.000665,2025-03-06,4.79,1,False,0.69,4.3957,233463608.77,18.27,0,0.1,000665,湖北广电
sz.000665,2025-03-07,5.27,2,True,10.02,1.5405,92314089.35,26.99,0,0.1,000665,湖北广电
sz.000665,2025-03-10,5.8,3,False,10.06,15.6007,1023037275.24,33.95,0,0.1,000665,湖北广电
sz.000665,2025-03-11,6.38,4,True,10.0,2.1925,159063110.36,48.03,0,0.1,000665,湖北广电
sz.000665,2025-03-12,7.02,5,True,10.03,0.8191,65382567.12,61.38,0,0.1,000665,湖北广电
sz.000665,2025-04-30,4.93,1,False,1.12,5.7407,309381144.91,-2.57,0,0.1,000665,湖北广电
sz.000668,2025-03-10,6.16,1,False,0.18,9.0355,78462870.55,-2.99,0,0.1,000668,荣丰控股
sz.000668,2025-04-14,5.1,1,False,1.29,6.0299,44329662.42,-13.85,0,0.1,000668,荣丰控股
sz.000668,2025-04-16,5.38,1,False,-0.2,11.1307,86088528.78,-9.73,0,0.1,000668,荣丰控股
sz.000668,2025-04-17,5.92,2,False,-1.12,12.0449,101046508.7,-0.17,0,0.1,000668,荣丰控股
sz.000668,2025-04-30,4.88,1,False,0.0,9.5002,66650526.54,-4.69,1,0.1,000668,荣丰控股
sz.000669,2025-04-14,1.77,1,False,1.18,0.8418,10033349.6,-8.29,1,0.1,000669,ST金鸿
sz.000669,2025-04-15,1.86,2,False,2.26,1.6524,20667693.6,-4.62,1,0.1,000669,ST金鸿
sz.000669,2025-04-24,2.02,1,False,0.0,1.751,23562510.2,5.76,1,0.1,000669,ST金鸿
sz.000669,2025-04-29,2.01,1,False,0.52,2.0096,27124241.2,9.84,1,0.1,000669,ST金鸿
sz.000670,2025-04-11,6.22,1,False,-1.06,2.6522,116202769.0,-12.52,0,0.1,000670,盈方微
sz.000670,2025-04-14,6.84,2,True,9.97,1.8391,90839304.0,-4.6,0,0.1,000670,盈方微
sz.000670,2025-04-22,7.0,1,False,-0.16,7.3551,361550482.28,2.79,0,0.1,000670,盈方微
sz.000677,2025-04-03,4.25,1,False,0.0,6.4388,233124532.5,9.25,0,0.1,000677,ST海龙
sz.000677,2025-04-08,4.21,1,False,-2.87,7.627,262454207.52,9.35,0,0.1,000677,ST海龙
sz.000678,2025-03-04,8.67,1,False,-5.71,17.5815,669945524.41,41.67,0,0.1,000678,襄阳轴承
sz.000678,2025-03-11,11.44,1,False,1.15,24.9571,1268261765.82,68.48,0,0.1,000678,襄阳轴承
sz.000678,2025-03-12,12.58,2,False,4.37,18.1356,1009532143.27,83.92,0,0.1,000678,襄阳轴承
sz.000678,2025-03-13,13.84,3,False,2.78,35.5721,2219708657.44,107.5,0,0.1,000678,襄阳轴承
sz.000678,2025-03-17,14.2,1,False,1.32,22.4415,1409127712.57,108.52,0,0.1,000678,襄阳轴承
sz.000678,2025-03-18,15.62,2,False,1.41,35.1964,2478305154.58,121.56,0,0.1,000678,襄阳轴承
sz.000678,2025-03-19,17.18,3,False,-0.45,21.7802,1654530079.83,134.7,0,0.1,000678,襄阳轴承
sz.000678,2025-03-20,18.9,4,False,1.86,22.9799,1959762809.1,147.71,0,0.1,000678,襄阳轴承
sz.000678,2025-04-23,11.84,1,False,1.77,6.6639,356935294.0,-14.2,0,0.1,000678,襄阳轴承
sz.000679,2025-04-08,6.55,1,False,-0.5,10.572,243507781.02,-5.35,0,0.1,000679,大连友谊
sz.000680,2025-03-05,10.76,1,False,3.27,4.8168,668652311.01,10.59,0,0.1,000680,山推股份
sz.000681,2025-03-06,26.29,1,False,1.09,17.1353,2928187357.65,2.7,0,0.1,000681,视觉中国
sz.000688,2025-03-03,12.85,1,False,0.43,1.6905,238191265.27,7.44,0,0.1,000688,国城矿业
sz.000691,2025-04-22,2.96,1,False,0.0,8.8765,77570079.0,5.34,0,0.1,000691,亚太实业
sz.000691,2025-04-25,2.89,1,False,-0.38,12.089,112422945.57,-7.37,0,0.1,000691,亚太实业
sz.000691,2025-04-28,3.18,2,False,-10.03,19.2863,178363952.08,6.0,0,0.1,000691,亚太实业
sz.000691,2025-04-30,3.34,1,False,-5.03,17.6972,180782719.47,14.38,1,0.1,000691,亚太实业
sz.000695,2025-03-03,12.23,1,False,1.89,6.31,167800113.31,32.5,0,0.1,000695,滨海能源
sz.000697,2025-03-04,7.85,1,False,0.0,4.9911,215763105.05,3.29,0,0.1,000697,炼石航空
sz.000697,2025-03-11,8.65,1,False,1.15,5.5827,263764843.56,10.76,0,0.1,000697,炼石航空
sz.000697,2025-04-09,7.69,1,False,4.86,1.5956,68309578.35,-11.1,0,0.1,000697,炼石航空
sz.000698,2025-04-29,3.75,1,False,0.88,3.477,100174818.34,11.28,0,0.1,000698,ST沈化
sz.000701,2025-03-05,5.27,1,False,-0.21,5.3686,182907545.03,14.57,0,0.1,000701,厦门信达
sz.000701,2025-03-13,5.8,1,False,4.74,8.3184,319001845.08,19.59,0,0.1,000701,厦门信达
sz.000701,2025-04-10,4.73,1,False,5.12,3.4849,108003544.35,-10.25,0,0.1,000701,厦门信达
sz.000710,2025-03-03,14.17,1,False,-0.08,19.62,870146260.01,74.94,0,0.1,000710,贝瑞基因
sz.000710,2025-03-04,15.59,2,False,0.14,19.9717,956073847.12,90.35,0,0.1,000710,贝瑞基因
sz.000710,2025-03-06,16.84,1,False,3.0,26.4807,1356598794.09,93.12,0,0.1,000710,贝瑞基因
sz.000710,2025-04-11,13.3,1,False,4.22,3.857,160341893.3,-22.58,0,0.1,000710,贝瑞基因
sz.000711,2025-03-10,1.73,1,False,3.03,1.2643,49822894.25,2.37,1,0.1,000711,ST京蓝
sz.000711,2025-04-14,1.81,1,False,4.65,2.2194,91680897.6,-3.21,1,0.1,000711,ST京蓝
sz.000713,2025-04-07,8.07,1,False,4.63,22.8248,1107769782.55,11.93,0,0.1,000713,国投丰乐
sz.000713,2025-04-08,8.88,2,False,0.12,23.3744,1203170959.7,22.99,0,0.1,000713,国投丰乐
sz.000715,2025-03-31,6.93,1,False,3.81,3.949,111710607.11,8.28,0,0.1,000715,中兴商业
sz.000715,2025-04-08,8.37,1,False,1.05,15.0128,494758298.59,29.97,0,0.1,000715,中兴商业
sz.000716,2025-04-08,6.38,1,False,-3.45,10.5639,458120721.21,-7.67,0,0.1,000716,黑芝麻
sz.000720,2025-04-18,2.9,1,False,0.0,1.0134,36111449.9,-3.97,0,0.1,000720,新能泰山
sz.000720,2025-04-28,3.15,1,False,1.75,2.2409,85983271.3,7.14,0,0.1,000720,新能泰山
sz.000722,2025-04-02,11.88,1,True,10.0,0.7028,38753759.88,24.66,0,0.1,000722,湖南发展
sz.000722,2025-04-03,13.07,2,False,10.02,12.593,762475011.49,36.72,0,0.1,000722,湖南发展
sz.000722,2025-04-25,12.98,1,False,-0.42,14.6258,845870328.37,20.19,0,0.1,000722,湖南发展
sz.000723,2025-03-10,4.77,1,False,2.07,2.6691,552287629.72,9.66,0,0.1,000723,美锦能源
sz.000723,2025-03-13,5.06,1,False,0.0,5.3436,1159219351.9,16.59,0,0.1,000723,美锦能源
sz.000735,2025-04-08,6.49,1,False,-0.68,9.5894,689602822.22,-0.15,0,0.1,000735,罗 牛 山
sz.000736,2025-04-10,5.38,1,False,-0.82,5.4472,201656595.62,-15.41,0,0.1,000736,中交发展
sz.000736,2025-04-29,3.91,1,False,1.61,4.6174,128973745.27,-25.1,1,0.1,000736,中交发展
sz.000737,2025-03-24,11.17,1,False,0.79,13.0022,2498960390.57,23.84,0,0.1,000737,北方铜业
sz.000753,2025-03-21,5.04,1,False,-0.44,17.4517,848309603.92,16.13,0,0.1,000753,漳州发展
sz.000753,2025-03-26,5.43,1,False,1.21,13.4862,689361785.79,24.26,0,0.1,000753,漳州发展
sz.000757,2025-03-20,4.82,1,True,10.05,1.4019,35996299.84,21.41,0,0.1,000757,浩物股份
sz.000759,2025-04-08,7.59,1,False,-0.72,12.4573,603643553.95,-16.5,0,0.1,000759,中百集团
sz.000759,2025-04-09,8.35,2,False,0.4,21.1613,1093236229.66,-8.94,0,0.1,000759,中百集团
sz.000759,2025-04-10,9.19,3,False,1.56,22.1358,1299124642.05,-0.97,0,0.1,000759,中百集团
sz.000779,2025-03-18,10.87,1,False,0.0,13.0682,644646002.78,25.81,0,0.1,000779,甘咨询
sz.000779,2025-03-21,11.97,1,False,-1.65,15.9304,827036859.0,33.89,0,0.1,000779,甘咨询
sz.000791,2025-03-12,6.38,1,False,10.0,5.5256,560938578.64,4.42,0,0.1,000791,甘肃能源
sz.000793,2025-03-26,2.21,1,False,-2.38,5.6209,233354974.45,-25.59,1,0.1,000793,ST华闻
sz.000793,2025-03-27,2.32,2,False,0.0,2.9607,131681264.04,-25.64,1,0.1,000793,ST华闻
sz.000793,2025-04-01,2.33,1,False,0.45,2.6863,120804177.42,-20.21,1,0.1,000793,ST华闻
sz.000793,2025-04-14,2.31,1,False,1.36,0.7818,35028019.31,-19.23,1,0.1,000793,ST华闻
sz.000793,2025-04-15,2.43,2,False,3.9,2.4196,114417181.99,-15.03,1,0.1,000793,ST华闻
sz.000796,2025-04-09,3.99,1,False,-3.03,10.1765,511105871.07,1.01,0,0.1,000796,凯撒旅业
sz.000797,2025-03-05,2.97,1,False,0.0,8.7336,394502649.16,11.24,0,0.1,000797,中国武夷
sz.000799,2025-03-14,51.88,1,False,0.0,8.2309,1342843804.26,11.21,0,0.1,000799,酒鬼酒
sz.000809,2025-03-05,3.01,1,True,4.88,0.2802,6956260.5,-2.27,1,0.1,000809,和展能源
sz.000809,2025-03-06,3.16,2,False,4.98,1.8296,47462853.94,3.27,1,0.1,000809,和展能源
sz.000809,2025-04-17,3.57,1,False,-1.18,2.6446,76844380.16,8.84,1,0.1,000809,和展能源
sz.000813,2025-03-13,3.76,1,False,9.94,3.7714,305741832.58,14.63,0,0.1,000813,德展健康
sz.000815,2025-03-11,13.31,1,False,-3.88,19.2129,1721405063.09,18.42,0,0.1,000815,美利云
sz.000815,2025-03-14,14.44,1,False,5.64,7.9778,787252146.28,18.07,0,0.1,000815,美利云
sz.000815,2025-03-17,15.88,2,False,3.6,21.2037,2228075988.77,33.33,0,0.1,000815,美利云
sz.000815,2025-04-09,11.66,1,False,3.96,7.6742,598170041.71,-12.4,0,0.1,000815,美利云
sz.000815,2025-04-29,13.55,1,False,0.08,9.9167,888111329.02,3.83,0,0.1,000815,美利云
sz.000816,2025-04-08,3.22,1,False,3.75,5.0527,231509265.7,-15.04,0,0.1,000816,智慧农业
sz.000816,2025-04-09,3.54,2,False,3.73,16.574,818014632.47,-6.35,0,0.1,000816,智慧农业
sz.000820,2025-03-17,3.18,1,False,1.04,12.1147,108842392.13,3.25,0,0.1,000820,神雾节能
sz.000820,2025-04-17,2.55,1,False,1.72,6.6177,49091169.35,-16.39,0,0.1,000820,神雾节能
sz.000822,2025-03-25,6.45,1,False,6.14,14.2128,808007135.1,25.73,0,0.1,000822,山东海化
sz.000822,2025-04-03,6.35,1,False,-1.21,9.0801,480750783.45,22.35,0,0.1,000822,山东海化
sz.000822,2025-04-08,6.3,1,False,2.79,4.3217,239934744.0,19.32,0,0.1,000822,山东海化
sz.000822,2025-04-21,6.53,1,False,1.01,10.2366,582285020.74,16.82,0,0.1,000822,山东海化
sz.000823,2025-04-14,9.8,1,True,9.99,2.0927,110116965.0,-14.11,0,0.1,000823,超声电子
sz.000829,2025-03-05,12.77,1,False,9.13,3.4251,447465240.93,23.86,0,0.1,000829,天音控股
sz.000831,2025-03-11,33.42,1,False,-1.32,9.7663,3325022418.15,10.55,0,0.1,000831,中国稀土
sz.000833,2025-04-09,11.13,1,False,4.94,10.5682,511340357.43,-19.93,0,0.1,000833,粤桂股份
sz.000837,2025-03-05,12.34,1,False,-0.36,3.5174,428610446.04,19.57,0,0.1,000837,秦川机床
sz.000837,2025-03-26,13.68,1,False,-2.73,7.2355,974331426.24,14.48,0,0.1,000837,秦川机床
sz.000837,2025-04-23,12.17,1,False,1.9,6.7081,803726522.34,-2.17,0,0.1,000837,秦川机床
sz.000850,2025-04-16,4.29,1,False,0.0,7.8702,310962284.71,-2.94,0,0.1,000850,华茂股份
sz.000852,2025-03-21,8.29,1,False,1.19,14.4689,1103134887.48,28.73,0,0.1,000852,石化机械
sz.000859,2025-03-27,5.69,1,False,-0.39,7.2158,352699105.83,3.08,0,0.1,000859,国风新材
sz.000859,2025-04-01,5.87,1,False,0.75,5.2494,273714955.71,7.9,0,0.1,000859,国风新材
sz.000859,2025-04-08,5.87,1,False,-1.87,11.4182,558884941.15,7.12,0,0.1,000859,国风新材
sz.000859,2025-04-17,6.51,1,False,-0.68,5.305,304567426.98,21.91,0,0.1,000859,国风新材
sz.000859,2025-04-21,7.54,1,False,2.77,21.2191,1371481016.66,45.28,0,0.1,000859,国风新材
sz.000862,2025-04-01,5.32,1,False,1.03,5.0321,165540884.59,9.24,0,0.1,000862,银星能源
sz.000862,2025-04-08,5.52,1,False,0.6,6.4867,222010902.92,13.58,0,0.1,000862,银星能源
sz.000862,2025-04-21,6.12,1,False,0.0,7.711,294060738.44,15.04,0,0.1,000862,银星能源
sz.000863,2025-04-18,3.85,1,False,-0.57,3.266,145186163.15,2.39,0,0.1,000863,三湘印象
sz.000880,2025-03-06,30.28,1,False,4.61,8.964,430638714.4,60.81,0,0.1,000880,潍柴重机
sz.000880,2025-03-11,33.31,1,False,-2.58,26.633,1398230280.59,68.4,0,0.1,000880,潍柴重机
sz.000880,2025-03-12,36.64,2,False,6.84,17.6961,1045216362.64,68.38,0,0.1,000880,潍柴重机
sz.000880,2025-03-13,40.3,3,False,0.0,34.4883,2141074022.65,92.55,0,0.1,000880,潍柴重机
sz.000880,2025-03-31,32.54,1,False,-1.01,22.659,1122917239.82,22.7,0,0.1,000880,潍柴重机
sz.000880,2025-04-10,39.05,1,False,1.13,35.7103,2206367631.92,6.58,0,0.1,000880,潍柴重机
sz.000881,2025-04-24,7.32,1,False,0.9,3.2743,184642232.45,0.14,0,0.1,000881,中广核技
sz.000882,2025-04-08,2.22,1,False,-0.5,7.6114,443390428.65,-16.54,0,0.1,000882,华联股份
sz.000886,2025-04-09,6.16,1,False,-2.86,5.7498,323851055.14,-11.75,0,0.1,000886,海南高速
sz.000888,2025-03-24,15.05,1,False,2.27,6.2718,488596704.82,21.27,0,0.1,000888,峨眉山Ａ
sz.000889,2025-03-12,2.73,1,False,0.0,4.2543,98970965.84,14.71,1,0.1,000889,中嘉博创
sz.000889,2025-04-11,2.38,1,False,0.0,3.1492,63760296.0,-15.0,1,0.1,000889,中嘉博创
sz.000889,2025-04-14,2.5,2,False,2.52,3.7316,80178555.77,-9.42,1,0.1,000889,中嘉博创
sz.000890,2025-03-21,4.18,1,False,-0.53,13.6879,230954586.32,13.9,0,0.1,000890,法尔胜
sz.000899,2025-04-15,10.62,1,False,0.1,9.1656,890720701.46,22.21,0,0.1,000899,赣能股份
sz.000903,2025-03-06,3.69,1,True,10.15,2.3091,163619780.76,35.66,0,0.1,000903,ST云动
sz.000903,2025-03-07,4.06,2,False,4.34,11.9326,917236364.16,35.79,0,0.1,000903,ST云动
sz.000903,2025-03-11,4.46,1,False,-4.44,17.9591,1443789077.01,29.65,0,0.1,000903,ST云动
sz.000903,2025-04-14,3.39,1,False,1.3,3.8669,247834340.78,-17.52,0,0.1,000903,ST云动
sz.000905,2025-03-10,7.89,1,False,3.07,6.0099,344676862.85,12.39,0,0.1,000905,厦门港务
sz.000905,2025-03-18,8.68,1,True,10.01,0.3571,22994188.0,28.21,0,0.1,000905,厦门港务
sz.000905,2025-04-09,7.68,1,False,-1.15,6.9412,368091819.09,-2.66,0,0.1,000905,厦门港务
sz.000908,2025-03-17,4.21,1,False,-0.25,4.3799,143357941.03,-1.17,1,0.1,000908,石药景峰
sz.000908,2025-03-18,4.42,2,False,-0.24,4.372,146958497.0,5.24,1,0.1,000908,石药景峰
sz.000908,2025-03-19,4.64,3,False,1.36,2.8526,102761907.85,9.95,1,0.1,000908,石药景峰
sz.000908,2025-03-21,4.84,1,False,-1.74,6.8999,258318365.53,16.35,1,0.1,000908,石药景峰
sz.000908,2025-03-26,4.6,1,False,0.23,3.2252,115200050.97,11.92,1,0.1,000908,石药景峰
sz.000908,2025-04-09,4.04,1,True,4.94,0.3219,10259014.4,0.25,1,0.1,000908,石药景峰
sz.000908,2025-04-10,4.24,2,True,4.95,0.0701,2346416.0,3.41,1,0.1,000908,石药景峰
sz.000908,2025-04-11,4.45,3,True,4.95,0.6385,22415006.0,11.25,1,0.1,000908,石药景峰
sz.000908,2025-04-14,4.67,4,False,4.94,4.3618,159271660.15,16.46,1,0.1,000908,石药景峰
sz.000908,2025-04-16,4.79,1,False,1.54,3.0394,112770489.64,8.37,1,0.1,000908,石药景峰
sz.000908,2025-04-18,5.1,1,False,-1.65,4.9644,192937861.43,10.63,1,0.1,000908,石药景峰
sz.000908,2025-04-23,5.33,1,False,2.17,3.5902,149635378.42,21.69,1,0.1,000908,石药景峰
sz.000909,2025-04-10,5.1,1,False,-0.21,1.378,30365237.05,-14.43,1,0.1,000909,*ST数源
sz.000909,2025-04-14,5.48,1,False,2.11,1.0757,25658332.48,-8.21,1,0.1,000909,*ST数源
sz.000915,2025-03-14,28.26,1,False,1.63,8.8722,573443588.4,5.06,0,0.1,000915,华特达因
sz.000920,2025-04-09,9.72,1,False,-1.47,4.9539,195624592.2,9.21,0,0.1,000920,沃顿科技
sz.000920,2025-04-17,10.81,1,False,-1.12,6.3237,280237965.82,16.86,0,0.1,000920,沃顿科技
sz.000925,2025-03-12,9.52,1,False,2.77,8.4432,528556238.88,16.38,0,0.1,000925,众合科技
sz.000929,2025-03-10,7.06,1,False,2.18,5.3565,68461226.34,6.65,0,0.1,000929,兰州黄河
sz.000929,2025-04-30,6.05,1,False,0.0,7.9645,87233836.8,-11.55,1,0.1,000929,兰州黄河
sz.000931,2025-04-16,5.09,1,False,3.02,6.039,223401979.73,2.21,0,0.1,000931,中 关 村
sz.000935,2025-03-06,17.73,1,False,0.56,3.918,513268011.43,29.42,0,0.1,000935,四川双马
sz.000948,2025-04-11,18.57,1,False,-3.55,6.3117,437194658.0,-5.21,0,0.1,000948,南天信息
sz.000953,2025-03-27,5.6,1,False,-0.2,6.4103,126606341.6,8.11,0,0.1,000953,中哲精化
sz.000953,2025-03-28,6.16,2,False,0.0,16.752,366840919.62,21.02,0,0.1,000953,中哲精化
sz.000953,2025-04-01,6.97,1,False,-6.78,34.9506,855214670.39,32.26,0,0.1,000953,中哲精化
sz.000953,2025-04-11,5.46,1,False,0.2,13.8596,263059440.96,5.0,0,0.1,000953,中哲精化
sz.000953,2025-04-24,6.26,1,False,0.35,6.7859,151441331.36,22.99,0,0.1,000953,中哲精化
sz.000957,2025-04-22,11.37,1,False,0.19,8.0711,538435789.25,5.87,0,0.1,000957,中通客车
sz.000958,2025-03-26,6.33,1,False,3.48,5.4391,1814379277.63,3.43,0,0.1,000958,电投产融
sz.000958,2025-04-02,7.38,1,False,1.34,5.3685,1982589327.97,17.7,0,0.1,000958,电投产融
sz.000965,2025-04-09,3.19,1,False,10.0,5.1753,183135430.31,2.9,0,0.1,000965,天保基建
sz.000965,2025-04-16,3.39,1,False,6.49,6.9369,257926240.82,7.28,0,0.1,000965,天保基建
sz.000965,2025-04-17,3.73,2,False,1.47,12.3785,497096401.51,19.17,0,0.1,000965,天保基建
sz.000965,2025-04-18,4.1,3,False,5.09,14.064,622390974.81,30.57,0,0.1,000965,天保基建
sz.000965,2025-04-21,4.51,4,False,9.51,5.6433,279843632.8,43.63,0,0.1,000965,天保基建
sz.000965,2025-04-22,4.96,5,False,7.32,19.9231,1070587031.85,63.16,0,0.1,000965,天保基建
sz.000965,2025-04-24,5.21,1,False,-1.69,30.2101,1712075270.54,67.52,0,0.1,000965,天保基建
sz.000966,2025-04-25,5.61,1,False,0.0,5.4651,810095188.97,19.87,0,0.1,000966,长源电力
sz.000967,2025-03-18,6.82,1,False,-0.48,4.4332,928396677.43,16.98,0,0.1,000967,盈峰环境
sz.000972,2025-03-13,3.51,1,False,-0.31,2.9923,79136887.16,5.41,0,0.1,000972,中基健康
sz.000972,2025-04-11,3.03,1,False,-0.35,1.8364,41979513.39,-13.68,1,0.1,000972,中基健康
sz.000973,2025-03-03,7.11,1,False,0.46,7.2235,484016599.64,24.08,0,0.1,000973,佛塑科技
sz.000980,2025-03-03,2.61,1,False,2.95,3.6744,467981010.02,24.88,0,0.1,000980,众泰汽车
sz.000997,2025-03-06,25.42,1,False,0.65,5.8445,1478222971.69,23.82,0,0.1,000997,新 大 陆
sz.000997,2025-03-12,26.94,1,False,0.49,5.1663,1395640330.62,9.42,0,0.1,000997,新 大 陆
sz.000997,2025-04-09,27.52,1,False,0.64,4.451,1227662788.12,12.37,0,0.1,000997,新 大 陆
sz.001202,2025-03-18,16.89,1,False,-0.13,11.667,172808198.96,19.45,0,0.1,001202,炬申股份
sz.001202,2025-03-21,18.45,1,False,-1.25,8.9045,144064583.35,27.95,0,0.1,001202,炬申股份
sz.001202,2025-03-24,20.3,2,True,10.03,1.3224,24277805.3,38.76,0,0.1,001202,炬申股份
sz.001206,2025-04-10,16.42,1,False,4.55,4.3109,73736022.52,-19.03,0,0.1,001206,依依股份
sz.001206,2025-04-24,19.18,1,False,0.11,9.8412,192774946.06,-2.64,0,0.1,001206,依依股份
sz.001209,2025-03-14,19.48,1,False,-0.79,10.3023,184198522.03,16.86,0,0.1,001209,洪兴股份
sz.001209,2025-04-15,17.23,1,True,10.03,2.1979,36390535.35,-12.18,0,0.1,001209,洪兴股份
sz.001209,2025-04-22,18.19,1,False,0.36,7.0197,118595502.97,9.31,0,0.1,001209,洪兴股份
sz.001212,2025-04-01,32.2,1,True,10.01,0.6072,20141776.2,38.49,0,0.1,001212,中旗新材
sz.001212,2025-04-02,35.42,2,True,10.0,0.306,11164384.0,51.69,0,0.1,001212,中旗新材
sz.001212,2025-04-03,38.96,3,True,9.99,1.3231,53097103.52,66.07,0,0.1,001212,中旗新材
sz.001212,2025-04-07,42.86,4,True,10.01,2.8597,126255359.32,83.79,0,0.1,001212,中旗新材
sz.001212,2025-04-08,47.15,5,False,10.01,31.5562,1532433522.51,93.56,0,0.1,001212,中旗新材
sz.001212,2025-04-09,51.87,6,False,5.96,25.6582,1321896304.36,113.63,0,0.1,001212,中旗新材
sz.001212,2025-04-14,55.29,1,False,1.31,32.7753,1850869019.42,116.91,0,0.1,001212,中旗新材
sz.001212,2025-04-21,53.41,1,False,0.93,20.6486,1140889033.21,91.43,0,0.1,001212,中旗新材
sz.001212,2025-04-22,58.75,2,False,3.5,7.8955,487395287.88,125.35,0,0.1,001212,中旗新材
sz.001212,2025-04-29,59.4,1,False,0.0,8.206,499448445.03,102.94,0,0.1,001212,中旗新材
sz.001217,2025-03-27,13.51,1,True,10.02,2.1784,91255307.99,25.91,0,0.1,001217,华尔泰
sz.001217,2025-03-28,14.86,2,False,9.99,19.8299,911213521.08,34.72,0,0.1,001217,华尔泰
sz.001218,2025-03-27,18.32,1,False,0.36,7.9882,105270990.96,10.76,0,0.1,001218,丽臣实业
sz.001222,2025-04-10,13.65,1,False,4.43,4.0654,42947276.8,-13.72,0,0.1,001222,源飞宠物
sz.001222,2025-04-21,15.41,1,False,0.5,12.7326,150259147.8,-4.29,0,0.1,001222,源飞宠物
sz.001223,2025-04-10,48.32,1,False,1.07,2.6894,21411873.0,-13.34,0,0.1,001223,欧克科技
sz.001228,2025-04-10,21.23,1,False,1.71,5.1931,58570334.0,-3.81,0,0.1,001228,永泰运
sz.001228,2025-04-15,22.76,1,False,-0.39,7.355,88775921.0,2.06,0,0.1,001228,永泰运
sz.001228,2025-04-16,25.04,2,True,10.02,4.5921,63086777.6,10.41,0,0.1,001228,永泰运
sz.001234,2025-04-10,17.45,1,False,1.89,1.9168,34657195.7,-4.12,0,0.1,001234,泰慕士
sz.001234,2025-04-11,19.2,2,False,0.0,5.068,99982735.6,7.93,0,0.1,001234,泰慕士
sz.001234,2025-04-14,21.12,3,True,10.0,2.1148,47641503.36,15.92,0,0.1,001234,泰慕士
sz.001234,2025-04-15,23.23,4,False,8.38,18.3378,447015655.66,27.64,0,0.1,001234,泰慕士
sz.001234,2025-04-16,25.55,5,True,9.99,5.7729,157331790.0,40.23,0,0.1,001234,泰慕士
sz.001234,2025-04-17,28.11,6,False,7.63,20.699,613030124.27,55.39,0,0.1,001234,泰慕士
sz.001239,2025-03-05,16.14,1,False,0.2,12.6209,229793691.58,11.62,0,0.1,001239,永达股份
sz.001239,2025-03-20,18.0,1,False,-0.43,22.7985,457903402.83,24.65,0,0.1,001239,永达股份
sz.001239,2025-03-21,19.8,2,False,6.39,36.7394,816925273.54,35.25,0,0.1,001239,永达股份
sz.001255,2025-04-25,28.17,1,False,0.9,28.0119,149782392.13,0.57,0,0.1,001255,博菲电气
sz.001256,2025-03-07,22.0,1,False,-0.1,7.6673,67797312.55,27.31,0,0.1,001256,炜冈科技
sz.001256,2025-03-20,31.31,1,False,-2.64,23.6849,290682952.98,78.91,0,0.1,001256,炜冈科技
sz.001256,2025-04-09,25.3,1,False,-5.0,21.2993,210453798.43,12.64,0,0.1,001256,炜冈科技
sz.001256,2025-04-30,22.96,1,False,1.1,17.1622,143227218.56,-21.29,0,0.1,001256,炜冈科技
sz.001258,2025-03-31,7.26,1,False,-0.15,5.232,173906630.7,13.08,0,0.1,001258,立新能源
sz.001258,2025-04-01,7.99,2,False,7.44,6.9311,254029116.72,23.88,0,0.1,001258,立新能源
sz.001258,2025-04-03,8.49,1,False,-1.68,18.2105,695104349.05,33.49,0,0.1,001258,立新能源
sz.001259,2025-04-14,22.89,1,False,1.39,16.6826,81581439.0,-2.76,0,0.1,001259,利仁科技
sz.001259,2025-04-16,23.85,1,False,-0.18,31.7099,159880708.72,1.02,0,0.1,001259,利仁科技
sz.001268,2025-03-07,22.18,1,False,0.5,18.057,157008651.42,13.86,0,0.1,001268,联合精密
sz.001268,2025-03-19,23.93,1,False,0.18,16.354,151967905.84,24.57,0,0.1,001268,联合精密
sz.001268,2025-03-20,26.32,2,False,5.1,32.9064,340880516.37,35.67,0,0.1,001268,联合精密
sz.001269,2025-03-28,26.38,1,False,-0.04,4.7944,104741469.23,9.01,0,0.1,001269,欧晶科技
sz.001269,2025-04-10,21.43,1,False,2.16,4.7822,83237481.64,-13.1,0,0.1,001269,欧晶科技
sz.001269,2025-04-11,23.57,2,False,4.67,6.2451,119881858.8,-2.56,0,0.1,001269,欧晶科技
sz.001270,2025-04-09,29.91,1,False,10.0,4.376,132573549.3,-15.48,0,0.1,001270,铖昌科技
sz.001270,2025-04-10,32.9,2,False,9.76,3.9841,132592042.28,-5.62,0,0.1,001270,铖昌科技
sz.001270,2025-04-28,34.36,1,False,1.47,7.013,242442667.88,18.61,1,0.1,001270,铖昌科技
sz.001279,2025-04-16,39.34,1,False,-0.84,17.5602,250440491.25,-2.82,0,0.1,001279,强邦新材
sz.001282,2025-03-05,27.96,1,False,0.24,17.1066,253491278.83,6.68,0,0.1,001282,三联锻造
sz.001282,2025-03-11,31.69,1,False,-2.12,26.6477,444781031.24,19.9,0,0.1,001282,三联锻造
sz.001287,2025-04-10,18.3,1,False,1.62,3.4629,267943683.34,-11.59,0,0.1,001287,中电港
sz.001287,2025-04-11,20.13,2,False,-2.19,8.1459,680486494.6,-0.15,0,0.1,001287,中电港
sz.001288,2025-03-07,35.56,1,False,0.87,23.3458,629535122.68,15.08,0,0.1,001288,运机集团
sz.001296,2025-04-11,17.27,1,False,0.0,2.8756,37877126.57,-4.06,0,0.1,001296,长江材料
sz.001298,2025-03-04,28.95,1,False,-1.22,15.8013,475722320.35,23.51,0,0.1,001298,好上好
sz.001298,2025-03-05,31.85,2,False,10.02,19.7927,668846131.6,29.1,0,0.1,001298,好上好
sz.001298,2025-04-11,24.32,1,False,-1.04,8.7153,218526660.11,-13.33,0,0.1,001298,好上好
sz.001298,2025-04-25,26.82,1,False,2.91,11.2881,311829706.71,1.21,0,0.1,001298,好上好
sz.001299,2025-03-27,14.58,1,True,10.04,6.586,49227212.16,16.36,0,0.1,001299,美能能源
sz.001300,2025-04-14,11.92,1,False,2.4,5.6561,43976381.0,-6.88,0,0.1,001300,三柏硕
sz.001300,2025-04-17,12.45,1,False,0.53,8.334,67535831.9,-1.03,0,0.1,001300,三柏硕
sz.001306,2025-03-10,108.82,1,False,3.09,21.28,345341931.0,54.05,0,0.1,001306,夏厦精密
sz.001306,2025-04-25,82.35,1,False,0.32,26.5147,320642807.04,2.15,0,0.1,001306,夏厦精密
sz.001311,2025-03-07,32.09,1,False,-0.31,17.7064,333918810.18,20.78,0,0.1,001311,多利科技
sz.001316,2025-03-20,34.85,1,False,0.19,14.7567,135503988.42,13.41,0,0.1,001316,润贝航科
sz.001316,2025-04-09,30.59,1,False,-1.15,12.1416,95333972.2,-6.11,0,0.1,001316,润贝航科
sz.001316,2025-04-17,36.16,1,False,-1.73,32.148,303745898.82,14.14,0,0.1,001316,润贝航科
sz.001316,2025-04-21,37.28,1,False,1.98,7.7649,77339478.28,9.49,0,0.1,001316,润贝航科
sz.001316,2025-04-22,41.01,2,False,1.8,39.6611,432457898.84,25.64,0,0.1,001316,润贝航科
sz.001316,2025-04-24,41.28,1,False,0.03,44.5837,472328203.75,24.94,0,0.1,001316,润贝航科
sz.001316,2025-04-30,39.05,1,False,3.86,13.4541,140964580.61,21.65,0,0.1,001316,润贝航科
sz.001317,2025-04-10,38.46,1,False,0.0,10.5175,164751134.02,20.19,0,0.1,001317,三羊马
sz.001318,2025-03-14,12.51,1,False,3.34,25.2481,238147794.37,12.4,0,0.1,001318,阳光乳业
sz.001318,2025-03-17,13.76,2,False,4.64,28.4987,299675712.42,22.09,0,0.1,001318,阳光乳业
sz.001318,2025-03-18,15.14,3,False,2.98,22.1612,250859634.69,37.64,0,0.1,001318,阳光乳业
sz.001318,2025-03-19,16.65,4,False,9.97,23.7854,304778794.25,44.66,0,0.1,001318,阳光乳业
sz.001318,2025-04-08,13.57,1,False,1.38,45.6404,466245072.13,18.72,0,0.1,001318,阳光乳业
sz.001318,2025-04-21,15.2,1,False,3.33,28.8233,328483875.8,-3.86,0,0.1,001318,阳光乳业
sz.001319,2025-03-06,30.64,1,False,5.21,13.666,252395023.2,9.08,0,0.1,001319,铭科精技
sz.001319,2025-03-07,33.7,2,False,1.99,43.4964,866934544.1,18.04,0,0.1,001319,铭科精技
sz.001330,2025-04-10,4.55,1,False,0.24,2.4562,114092037.67,-6.95,0,0.1,001330,博纳影业
sz.001332,2025-04-01,42.17,1,False,-0.86,15.4738,170537230.66,20.04,0,0.1,001332,锡装股份
sz.001333,2025-03-06,23.08,1,False,-0.95,26.242,256182262.62,29.37,0,0.1,001333,光华股份
sz.001333,2025-03-07,25.39,2,False,3.9,16.6944,182395239.46,42.16,0,0.1,001333,光华股份
sz.001333,2025-03-28,23.98,1,True,10.0,11.3113,119348100.3,25.16,0,0.1,001333,光华股份
sz.001333,2025-03-31,26.38,2,False,-1.88,27.131,302232494.88,33.64,0,0.1,001333,光华股份
sz.001333,2025-04-01,29.02,3,False,9.86,14.424,184061778.83,43.59,0,0.1,001333,光华股份
sz.001336,2025-03-31,21.79,1,False,0.86,24.0282,140891782.41,14.93,0,0.1,001336,楚环科技
sz.001337,2025-04-10,24.0,1,False,2.2,7.523,502167767.41,8.74,0,0.1,001337,四川黄金
sz.001337,2025-04-11,26.4,2,False,5.75,20.5978,1552864938.39,19.19,0,0.1,001337,四川黄金
sz.001337,2025-04-21,26.92,1,False,2.62,12.515,936152881.82,20.29,0,0.1,001337,四川黄金
sz.001339,2025-03-04,50.82,1,False,-1.71,10.672,382610953.98,36.65,0,0.1,001339,智微智能
sz.001339,2025-03-05,55.9,2,False,6.77,35.0264,1415245012.18,40.98,0,0.1,001339,智微智能
sz.001339,2025-04-10,45.38,1,False,8.58,4.5318,149838210.0,-22.89,0,0.1,001339,智微智能
sz.001356,2025-03-27,15.21,1,False,-1.01,35.2536,640086775.77,3.26,0,0.1,001356,富岭股份
sz.001356,2025-04-03,18.57,1,False,-0.47,35.1181,772140966.36,33.31,0,0.1,001356,富岭股份
sz.001356,2025-04-14,17.34,1,False,0.89,35.6335,724244582.34,24.03,0,0.1,001356,富岭股份
sz.001359,2025-03-26,31.53,1,False,0.03,11.3032,159670648.77,15.62,0,0.1,001359,平安电工
sz.001367,2025-04-23,30.81,1,True,10.0,6.4936,52327118.61,14.24,0,0.1,001367,海森药业
sz.001367,2025-04-25,32.24,1,False,-0.07,27.3891,220516925.72,14.94,0,0.1,001367,海森药业
sz.001368,2025-03-06,23.21,1,False,0.24,17.5494,127763211.7,6.42,0,0.1,001368,通达创智
sz.001368,2025-04-11,21.13,1,False,2.03,8.8479,51575732.65,-5.12,0,0.1,001368,通达创智
sz.001368,2025-04-14,23.24,2,True,9.99,7.172,46669406.0,1.97,0,0.1,001368,通达创智
sz.001368,2025-04-17,22.36,1,False,-0.34,18.2152,108318556.35,-5.17,0,0.1,001368,通达创智
sz.001373,2025-03-05,33.89,1,False,0.42,27.7351,305683045.16,21.04,0,0.1,001373,翔腾新材
sz.001373,2025-04-10,27.81,1,False,2.85,4.0289,36763868.43,-12.55,0,0.1,001373,翔腾新材
sz.001380,2025-04-23,30.95,1,False,2.52,9.6513,175460252.47,-1.12,0,0.1,001380,华纬科技
sz.001382,2025-03-28,25.29,1,False,0.0,47.6653,682507128.9,-15.45,0,0.1,001382,新亚电缆
sz.001382,2025-04-03,27.13,1,False,0.0,56.531,863334977.4,-9.29,0,0.1,001382,新亚电缆
sz.001382,2025-04-15,23.42,1,False,-0.42,37.4705,502234330.56,-21.7,0,0.1,001382,新亚电缆
sz.001389,2025-04-01,55.39,1,False,9.24,8.7028,183054855.45,-2.69,0,0.1,001389,广合科技
sz.001391,2025-04-08,7.01,1,False,0.31,21.2426,1208200391.47,3.85,0,0.1,001391,国货航
sz.001395,2025-04-15,42.71,1,False,-0.49,13.4739,108939663.67,2.13,0,0.1,001395,亚联机械
sz.001395,2025-04-16,46.98,2,False,0.52,38.3339,330854285.68,11.72,0,0.1,001395,亚联机械
sz.001395,2025-04-17,51.68,3,False,0.04,48.2782,460746729.31,22.35,0,0.1,001395,亚联机械
sz.001395,2025-04-18,56.85,4,False,2.11,66.0643,709164005.36,31.26,0,0.1,001395,亚联机械
sz.001395,2025-04-22,58.63,1,False,4.22,56.824,618784692.99,40.73,0,0.1,001395,亚联机械
sz.001872,2025-03-18,21.19,1,False,0.16,1.7848,639831214.4,7.18,0,0.1,001872,招商港口
sz.001914,2025-03-17,11.92,1,False,4.98,1.2879,161143687.4,18.25,0,0.1,001914,招商积余
sz.002005,2025-04-24,1.82,1,False,2.31,0.8485,26858415.92,5.2,1,0.1,002005,德豪润达
sz.002006,2025-04-02,17.88,1,False,0.06,5.3908,428417493.77,-3.51,0,0.1,002006,精工科技
sz.002006,2025-04-30,17.2,1,False,0.0,5.7792,441517147.34,5.85,0,0.1,002006,精工科技
sz.002009,2025-04-29,14.37,1,False,8.04,8.1628,413206056.92,-2.64,0,0.1,002009,天奇股份
sz.002024,2025-03-20,2.33,1,False,0.45,1.0164,215730023.45,17.09,1,0.1,002024,ST易购
sz.002026,2025-03-18,12.9,1,False,-0.17,19.2669,1044094811.17,25.24,0,0.1,002026,山东威达
sz.002027,2025-04-10,7.18,1,False,4.9,3.7161,3779808065.32,5.28,0,0.1,002027,分众传媒
sz.002034,2025-03-17,19.32,1,False,0.46,4.1814,334103418.28,31.34,0,0.1,002034,旺能环境
sz.002034,2025-04-30,17.82,1,False,4.81,1.7109,127747593.86,-3.52,0,0.1,002034,旺能环境
sz.002037,2025-03-03,8.39,1,False,5.9,3.0686,123154211.58,14.77,0,0.1,002037,保利联合
sz.002040,2025-04-09,6.93,1,False,-0.16,7.1049,233520234.7,5.96,0,0.1,002040,南 京 港
sz.002040,2025-04-16,7.43,1,False,-0.44,3.5372,125909381.67,7.68,0,0.1,002040,南 京 港
sz.002040,2025-04-17,8.17,2,False,9.96,14.1338,551837309.95,20.15,0,0.1,002040,南 京 港
sz.002041,2025-04-08,12.46,1,False,0.62,10.8657,1129141085.31,14.52,0,0.1,002041,登海种业
sz.002042,2025-03-06,6.3,1,False,8.03,7.4241,791813385.98,23.77,0,0.1,002042,华孚时尚
sz.002042,2025-03-17,7.3,1,False,0.15,6.4478,765048600.1,36.7,0,0.1,002042,华孚时尚
sz.002042,2025-04-09,5.5,1,False,-2.2,4.3743,378231160.5,-21.43,0,0.1,002042,华孚时尚
sz.002046,2025-03-10,18.07,1,False,4.69,5.0545,477836179.25,29.63,0,0.1,002046,国机精工
sz.002048,2025-03-06,17.53,1,False,6.71,6.4741,798377102.58,37.27,0,0.1,002048,宁波华翔
sz.002048,2025-03-17,18.19,1,False,1.03,8.6639,1075105994.62,43.91,0,0.1,002048,宁波华翔
sz.002048,2025-04-29,16.06,1,False,0.0,7.3688,821304841.59,1.45,0,0.1,002048,宁波华翔
sz.002049,2025-03-04,67.98,1,False,-0.66,6.0103,3341970943.49,14.99,0,0.1,002049,紫光国微
sz.002049,2025-04-09,69.06,1,False,-1.24,6.9312,3966993672.84,-3.52,0,0.1,002049,紫光国微
sz.002052,2025-03-05,3.7,1,False,0.0,3.3393,90195085.35,-32.73,1,0.1,002052,同洲电子
sz.002052,2025-03-06,3.89,2,True,5.14,0.1127,3270326.89,-25.62,1,0.1,002052,同洲电子
sz.002052,2025-03-07,4.08,3,True,4.88,0.0651,1981248.0,-25.68,1,0.1,002052,同洲电子
sz.002052,2025-03-10,4.28,4,True,4.9,1.7118,54653036.28,-18.01,1,0.1,002052,同洲电子
sz.002052,2025-03-11,4.49,5,True,4.91,0.1421,4758237.09,-9.48,1,0.1,002052,同洲电子
sz.002052,2025-03-12,4.71,6,True,4.9,0.1367,4803258.0,-5.99,1,0.1,002052,同洲电子
sz.002052,2025-03-13,4.95,7,True,5.1,0.6169,22780395.0,3.99,1,0.1,002052,同洲电子
sz.002052,2025-03-14,5.2,8,True,5.05,0.3081,11952200.0,4.0,1,0.1,002052,同洲电子
sz.002052,2025-03-17,5.46,9,True,5.0,1.036,42194880.0,4.0,1,0.1,002052,同洲电子
sz.002052,2025-03-18,5.73,10,False,-1.1,6.6972,272527444.78,7.1,1,0.1,002052,同洲电子
sz.002052,2025-03-19,6.02,11,True,5.06,1.0428,46828026.84,14.45,1,0.1,002052,同洲电子
sz.002052,2025-03-24,6.01,1,False,0.35,4.6284,203854508.33,26.26,1,0.1,002052,同洲电子
sz.002052,2025-03-25,6.31,2,False,-1.83,3.3708,153431445.3,39.6,1,0.1,002052,同洲电子
sz.002052,2025-04-15,6.72,1,False,3.12,1.3355,66819359.76,23.08,1,0.1,002052,同洲电子
sz.002052,2025-04-18,6.44,1,False,-0.65,3.276,154579488.99,6.98,1,0.1,002052,同洲电子
sz.002052,2025-04-21,6.76,2,False,3.57,2.117,105484571.2,18.18,1,0.1,002052,同洲电子
sz.002052,2025-04-22,7.1,3,True,5.03,0.1286,6603781.0,18.14,1,0.1,002052,同洲电子
sz.002052,2025-04-23,7.46,4,True,5.07,0.0615,3315671.6,18.23,1,0.1,002052,同洲电子
sz.002052,2025-04-24,7.83,5,True,4.96,0.1585,8972412.66,19.18,1,0.1,002052,同洲电子
sz.002052,2025-04-25,8.22,6,True,4.98,0.5815,34565124.66,31.73,1,0.1,002052,同洲电子
sz.002052,2025-04-29,8.43,1,False,1.99,2.6426,159514414.47,34.24,1,0.1,002052,同洲电子
sz.002052,2025-04-30,8.85,2,False,4.98,5.4004,344268890.29,41.37,1,0.1,002052,同洲电子
sz.002054,2025-03-27,7.25,1,False,0.61,7.5891,209719980.25,16.0,0,0.1,002054,德美化工
sz.002054,2025-04-23,6.5,1,False,0.34,6.7775,164136823.0,0.0,0,0.1,002054,德美化工
sz.002055,2025-03-12,6.73,1,False,0.98,12.4715,484929592.65,3.86,0,0.1,002055,ST得润
sz.002055,2025-04-29,5.32,1,False,7.23,5.4108,170882893.6,-4.14,0,0.1,002055,ST得润
sz.002056,2025-03-12,15.11,1,False,8.81,4.939,1207951626.94,15.7,0,0.1,002056,横店东磁
sz.002058,2025-04-01,10.77,1,False,2.15,1.8849,28642470.69,-2.0,0,0.1,002058,威尔泰
sz.002058,2025-04-02,11.85,2,False,6.78,3.7881,63149882.5,9.42,0,0.1,002058,威尔泰
sz.002058,2025-04-14,10.46,1,False,1.79,3.4877,50338582.0,-3.95,0,0.1,002058,威尔泰
sz.002058,2025-04-30,8.85,1,False,0.0,6.4896,80566358.52,-17.83,1,0.1,002058,威尔泰
sz.002068,2025-04-25,11.43,1,False,-4.62,7.1993,575504551.48,-3.22,0,0.1,002068,黑猫股份
sz.002076,2025-03-17,4.27,1,False,3.09,15.7624,688795804.92,15.09,0,0.1,002076,星光股份
sz.002077,2025-04-11,14.43,1,False,-0.69,3.6144,298639474.77,-1.97,0,0.1,002077,大港股份
sz.002084,2025-04-02,3.14,1,False,0.0,3.27,64880546.37,6.08,0,0.1,002084,海鸥住工
sz.002084,2025-04-03,3.45,2,False,0.0,13.1193,274685900.53,15.38,0,0.1,002084,海鸥住工
sz.002084,2025-04-07,3.8,3,False,10.14,19.205,468418353.69,27.95,0,0.1,002084,海鸥住工
sz.002084,2025-04-08,4.18,4,True,10.0,2.1022,56411745.94,39.8,0,0.1,002084,海鸥住工
sz.002084,2025-04-09,4.6,5,True,10.05,3.0141,89009848.2,51.32,0,0.1,002084,海鸥住工
sz.002084,2025-04-10,5.06,6,False,0.0,27.1975,844420897.58,66.45,0,0.1,002084,海鸥住工
sz.002085,2025-04-23,16.73,1,False,1.45,4.622,1559073994.75,-5.43,0,0.1,002085,万丰奥威
sz.002086,2025-03-13,2.68,1,False,-0.41,9.7095,382684272.95,0.75,0,0.1,002086,东方海洋
sz.002086,2025-03-14,2.95,2,True,10.07,3.6592,163757671.25,12.17,0,0.1,002086,东方海洋
sz.002086,2025-03-17,3.25,3,True,10.17,1.1686,57615080.25,20.37,0,0.1,002086,东方海洋
sz.002086,2025-03-18,3.58,4,False,7.38,37.5966,2006868567.55,40.94,0,0.1,002086,东方海洋
sz.002086,2025-04-08,2.63,1,False,-0.84,6.7917,261398243.49,10.5,0,0.1,002086,东方海洋
sz.002093,2025-03-06,9.05,1,False,2.19,2.1101,190176692.8,12.7,0,0.1,002093,国脉科技
sz.002093,2025-03-07,9.96,2,True,10.06,1.4114,141541659.6,21.46,0,0.1,002093,国脉科技
sz.002093,2025-03-10,10.96,3,True,10.04,0.9253,102108840.0,27.15,0,0.1,002093,国脉科技
sz.002093,2025-03-13,13.27,1,False,-2.74,21.8746,2739279832.08,58.35,0,0.1,002093,国脉科技
sz.002093,2025-03-14,14.6,2,False,0.0,26.7523,3792212885.99,71.76,0,0.1,002093,国脉科技
sz.002093,2025-03-19,14.44,1,False,-1.68,25.2048,3603875316.44,70.08,0,0.1,002093,国脉科技
sz.002093,2025-03-20,15.88,2,False,-3.05,27.5919,3967826090.0,85.08,0,0.1,002093,国脉科技
sz.002094,2025-04-03,5.86,1,False,-1.31,16.8399,667381856.45,-2.5,0,0.1,002094,青岛金王
sz.002094,2025-04-08,6.18,1,False,-2.14,21.1074,857849243.58,4.75,0,0.1,002094,青岛金王
sz.002094,2025-04-09,6.8,2,False,1.62,28.7855,1283978127.69,12.96,0,0.1,002094,青岛金王
sz.002094,2025-04-10,7.48,3,False,1.47,24.4235,1216019682.35,26.57,0,0.1,002094,青岛金王
sz.002094,2025-04-21,7.39,1,False,-3.27,34.802,1722156506.66,32.68,0,0.1,002094,青岛金王
sz.002094,2025-04-22,8.13,2,False,9.88,9.2351,518179119.53,50.83,0,0.1,002094,青岛金王
sz.002094,2025-04-23,8.94,3,False,9.96,16.6884,1029778258.82,64.94,0,0.1,002094,青岛金王
sz.002095,2025-04-14,17.69,1,False,1.68,1.8864,82681561.34,-9.65,0,0.1,002095,生 意 宝
sz.002095,2025-04-21,18.04,1,False,0.0,3.7912,169245743.64,-1.42,0,0.1,002095,生 意 宝
sz.002095,2025-04-22,19.84,2,False,2.99,10.2448,492544325.06,10.96,0,0.1,002095,生 意 宝
sz.002095,2025-04-25,19.86,1,False,0.22,8.5683,404914894.24,10.95,0,0.1,002095,生 意 宝
sz.002098,2025-04-15,8.14,1,False,1.76,3.7408,106657628.8,-6.86,0,0.1,002098,浔兴股份
sz.002098,2025-04-16,8.95,2,True,9.95,1.5066,48273615.0,2.76,0,0.1,002098,浔兴股份
sz.002098,2025-04-17,9.85,3,True,10.06,4.4255,156056199.65,13.48,0,0.1,002098,浔兴股份
sz.002098,2025-04-24,9.66,1,False,0.8,17.241,592902253.68,15.0,0,0.1,002098,浔兴股份
sz.002098,2025-04-28,11.25,1,False,1.76,25.1886,983142197.88,37.7,0,0.1,002098,浔兴股份
sz.002099,2025-03-10,4.99,1,False,0.44,2.0303,159183348.66,-2.73,0,0.1,002099,海翔药业
sz.002100,2025-04-08,6.78,1,False,-0.65,11.1555,998481551.1,9.71,0,0.1,002100,天康生物
sz.002101,2025-03-06,14.18,1,False,0.62,3.9996,370571886.67,18.46,0,0.1,002101,广东鸿图
sz.002102,2025-04-09,2.65,1,True,9.96,0.9343,57683511.95,-22.97,0,0.1,002102,ST能特
sz.002103,2025-04-14,9.16,1,False,1.8,4.5395,153183848.8,-10.89,0,0.1,002103,广博股份
sz.002104,2025-03-10,7.27,1,False,0.0,7.9807,327234516.2,2.97,0,0.1,002104,恒宝股份
sz.002104,2025-04-02,7.61,1,False,-1.45,8.5753,384690784.66,11.75,0,0.1,002104,恒宝股份
sz.002104,2025-04-25,8.47,1,False,0.26,12.4362,627582655.78,20.83,0,0.1,002104,恒宝股份
sz.002105,2025-03-04,5.8,1,False,0.76,4.5761,95375629.0,15.77,0,0.1,002105,信隆健康
sz.002105,2025-03-05,6.38,2,False,-2.59,11.0051,233063235.13,26.34,0,0.1,002105,信隆健康
sz.002105,2025-03-06,7.02,3,False,5.96,6.4088,161524799.42,34.48,0,0.1,002105,信隆健康
sz.002105,2025-03-07,7.72,4,False,3.7,17.9739,496159033.31,47.89,0,0.1,002105,信隆健康
sz.002105,2025-03-10,8.49,5,False,3.63,22.2009,679044241.6,57.51,0,0.1,002105,信隆健康
sz.002105,2025-03-11,9.34,6,False,6.01,5.341,179703121.72,75.23,0,0.1,002105,信隆健康
sz.002105,2025-03-12,10.27,7,False,9.96,33.1024,1228389088.37,88.79,0,0.1,002105,信隆健康
sz.002105,2025-03-13,11.3,8,False,0.0,13.363,522053251.07,112.01,0,0.1,002105,信隆健康
sz.002105,2025-03-14,12.43,9,False,-10.0,36.8955,1427320426.26,135.42,0,0.1,002105,信隆健康
sz.002107,2025-04-01,4.87,1,False,0.45,1.9045,51618476.38,5.18,0,0.1,002107,沃华医药
sz.002114,2025-03-07,7.12,1,False,-0.15,6.6296,149858031.64,16.91,0,0.1,002114,罗平锌电
sz.002114,2025-03-10,7.83,2,False,9.83,23.7815,598543203.5,27.52,0,0.1,002114,罗平锌电
sz.002115,2025-03-05,8.03,1,False,0.27,19.5143,1161565107.81,18.79,0,0.1,002115,三维通信
sz.002115,2025-03-06,8.83,2,False,7.97,12.6379,828913219.41,25.6,0,0.1,002115,三维通信
sz.002115,2025-03-21,9.38,1,False,-0.23,22.5251,1565939432.87,15.8,0,0.1,002115,三维通信
sz.002115,2025-03-26,9.65,1,False,0.0,22.8175,1579789410.87,24.2,0,0.1,002115,三维通信
sz.002121,2025-04-15,4.48,1,False,8.35,3.2821,205034876.4,-3.66,0,0.1,002121,科陆电子
sz.002122,2025-03-06,5.13,1,False,0.43,11.9386,1195528334.33,6.65,0,0.1,002122,ST汇洲
sz.002124,2025-03-20,3.02,1,False,2.08,2.2116,130391101.94,8.63,1,0.1,002124,天邦食品
sz.002126,2025-03-04,33.73,1,False,-3.78,14.2606,3656768189.38,67.31,0,0.1,002126,银轮股份
sz.002127,2025-04-14,4.18,1,False,10.0,1.7763,147916596.86,-9.33,0,0.1,002127,南极电商
sz.002127,2025-04-17,4.37,1,False,-1.76,7.3835,618238199.79,-3.74,0,0.1,002127,南极电商
sz.002131,2025-04-21,3.52,1,False,0.0,7.177,1419579822.76,-11.11,0,0.1,002131,利欧股份
sz.002131,2025-04-29,3.77,1,False,1.46,9.3393,2004521042.77,4.72,0,0.1,002131,利欧股份
sz.002132,2025-03-28,3.5,1,False,5.35,8.148,385336397.99,18.24,0,0.1,002132,恒星科技
sz.002132,2025-03-31,3.85,2,False,6.86,7.7071,410466725.81,27.48,0,0.1,002132,恒星科技
sz.002132,2025-04-01,4.24,3,True,10.13,1.6501,97912730.0,37.66,0,0.1,002132,恒星科技
sz.002132,2025-04-10,3.17,1,False,1.39,7.4394,316968156.16,6.73,0,0.1,002132,恒星科技
sz.002133,2025-04-09,2.62,1,False,-1.68,3.7274,71136359.69,0.0,0,0.1,002133,广宇集团
sz.002133,2025-04-10,2.88,2,False,2.67,10.9263,240950559.16,9.09,0,0.1,002133,广宇集团
sz.002133,2025-04-11,3.17,3,False,0.69,10.0432,238446654.84,20.99,0,0.1,002133,广宇集团
sz.002134,2025-03-04,22.57,1,False,1.36,5.3449,290769941.0,10.1,0,0.1,002134,天津普林
sz.002134,2025-04-25,18.99,1,False,-0.98,4.5673,207511369.0,-16.42,0,0.1,002134,天津普林
sz.002137,2025-04-14,7.58,1,False,8.13,1.9232,57765293.0,-14.83,0,0.1,002137,实益达
sz.002141,2025-03-17,1.5,1,False,0.0,1.5096,22865733.5,-1.32,1,0.1,002141,贤丰控股
sz.002141,2025-03-24,1.54,1,True,4.76,0.5638,8968498.0,-0.65,1,0.1,002141,贤丰控股
sz.002141,2025-03-25,1.62,2,True,5.19,0.0965,1615261.5,6.58,1,0.1,002141,贤丰控股
sz.002141,2025-03-26,1.7,3,True,4.94,0.1433,2517020.0,13.33,1,0.1,002141,贤丰控股
sz.002141,2025-04-10,1.76,1,False,1.79,1.5659,28331159.0,23.94,1,0.1,002141,贤丰控股
sz.002141,2025-04-11,1.85,2,False,0.0,1.9096,35904325.2,30.28,1,0.1,002141,贤丰控股
sz.002141,2025-04-15,1.97,1,False,3.72,0.9847,19797566.0,31.33,1,0.1,002141,贤丰控股
sz.002141,2025-04-25,2.16,1,False,2.43,2.1075,46740150.0,20.67,1,0.1,002141,贤丰控股
sz.002141,2025-04-29,2.15,1,False,4.88,2.0949,46293768.25,21.47,1,0.1,002141,贤丰控股
sz.002141,2025-04-30,2.26,2,False,4.19,2.9458,67936614.2,31.4,1,0.1,002141,贤丰控股
sz.002144,2025-03-06,11.63,1,False,0.28,10.7386,166618989.24,14.24,0,0.1,002144,宏达高科
sz.002146,2025-03-26,1.61,1,False,10.27,2.925,183672556.0,-0.62,0,0.1,002146,荣盛发展
sz.002151,2025-04-11,26.9,1,False,-0.82,4.1309,479022337.99,-1.1,0,0.1,002151,北斗星通
sz.002153,2025-03-06,8.72,1,False,1.13,5.4367,738793579.31,20.94,0,0.1,002153,石基信息
sz.002153,2025-04-17,8.34,1,False,-1.85,4.5257,584158675.91,4.51,0,0.1,002153,石基信息
sz.002153,2025-04-21,8.94,1,False,-0.12,3.7678,525494599.42,16.25,0,0.1,002153,石基信息
sz.002155,2025-04-14,25.2,1,False,0.87,8.199,2432521577.21,6.55,0,0.1,002155,湖南黄金
sz.002155,2025-04-21,26.31,1,False,2.01,8.0553,2470624442.31,9.76,0,0.1,002155,湖南黄金
sz.002162,2025-03-07,4.35,1,False,0.76,9.8165,379553739.22,23.23,0,0.1,002162,悦心健康
sz.002162,2025-03-10,4.79,2,False,9.89,4.9017,215835282.56,30.52,0,0.1,002162,悦心健康
sz.002162,2025-03-14,5.08,1,False,3.03,13.0447,567351207.41,37.67,0,0.1,002162,悦心健康
sz.002162,2025-03-17,5.59,2,False,9.45,7.4739,381233128.15,47.49,0,0.1,002162,悦心健康
sz.002162,2025-04-10,3.95,1,False,2.79,5.445,192893565.75,-12.22,0,0.1,002162,悦心健康
sz.002163,2025-04-09,7.39,1,False,0.15,4.7983,263339145.66,-26.47,0,0.1,002163,海南发展
sz.002163,2025-04-14,8.84,1,False,0.62,7.1601,481643878.56,-9.43,0,0.1,002163,海南发展
sz.002164,2025-03-04,6.97,1,False,-1.42,4.4061,141742414.3,24.91,0,0.1,002164,宁波东力
sz.002164,2025-03-17,8.43,1,False,3.26,11.0384,435175454.5,40.27,0,0.1,002164,宁波东力
sz.002164,2025-03-18,9.27,2,False,9.96,6.9046,305890762.77,54.76,0,0.1,002164,宁波东力
sz.002164,2025-03-19,10.2,3,True,10.03,1.8647,91254300.0,63.2,0,0.1,002164,宁波东力
sz.002164,2025-03-20,11.22,4,False,10.0,9.8981,532501150.4,73.95,0,0.1,002164,宁波东力
sz.002164,2025-04-23,7.9,1,False,0.42,5.8585,214040747.7,-14.41,0,0.1,002164,宁波东力
sz.002164,2025-04-29,8.17,1,False,2.83,13.2473,502846756.84,-0.61,0,0.1,002164,宁波东力
sz.002164,2025-04-30,8.99,2,False,1.35,21.9318,898303520.76,12.52,0,0.1,002164,宁波东力
sz.002165,2025-03-21,5.48,1,False,2.01,14.3757,555926006.92,20.97,0,0.1,002165,红 宝 丽
sz.002165,2025-03-25,6.04,1,False,-2.55,29.1707,1190575790.77,29.34,0,0.1,002165,红 宝 丽
sz.002165,2025-03-27,6.68,1,False,-2.64,30.4556,1425121065.49,43.97,0,0.1,002165,红 宝 丽
sz.002165,2025-04-01,6.7,1,False,-10.02,39.7977,1775717293.67,39.29,0,0.1,002165,红 宝 丽
sz.002165,2025-04-03,7.03,1,False,-1.88,34.0314,1658040967.76,46.15,0,0.1,002165,红 宝 丽
sz.002165,2025-04-08,7.13,1,False,7.72,37.3629,1913780980.76,48.23,0,0.1,002165,红 宝 丽
sz.002165,2025-04-15,8.95,1,False,-4.18,45.2441,2873442048.61,86.46,0,0.1,002165,红 宝 丽
sz.002165,2025-04-16,9.85,2,False,-2.35,44.7507,2996103680.06,105.64,0,0.1,002165,红 宝 丽
sz.002165,2025-04-17,10.84,3,False,5.08,21.2688,1657814711.44,129.18,0,0.1,002165,红 宝 丽
sz.002165,2025-04-18,11.92,4,False,3.14,38.945,3311105969.9,139.36,0,0.1,002165,红 宝 丽
sz.002165,2025-04-22,13.3,1,False,-2.89,44.1045,4127813193.77,142.26,0,0.1,002165,红 宝 丽
sz.002166,2025-03-25,8.55,1,False,-0.64,13.5356,496952122.73,11.18,0,0.1,002166,莱茵生物
sz.002167,2025-03-10,10.45,1,False,0.0,17.3551,1318639305.99,30.62,0,0.1,002167,东方锆业
sz.002168,2025-03-19,2.43,1,False,-0.43,2.7148,51064100.2,-1.22,1,0.1,002168,ST惠程
sz.002168,2025-03-20,2.55,2,False,0.41,2.5486,50332401.76,3.24,1,0.1,002168,ST惠程
sz.002168,2025-04-01,2.35,1,False,0.45,0.9054,16341430.0,7.31,1,0.1,002168,ST惠程
sz.002168,2025-04-25,2.26,1,False,0.0,1.5641,27103380.53,-5.44,1,0.1,002168,ST惠程
sz.002168,2025-04-30,2.28,1,False,-4.61,1.8773,32740459.85,-2.98,1,0.1,002168,ST惠程
sz.002169,2025-04-25,6.28,1,False,-0.7,4.4084,202003967.9,4.32,0,0.1,002169,智光电气
sz.002172,2025-04-21,3.61,1,False,0.0,7.0019,186246629.5,1.69,0,0.1,002172,澳洋健康
sz.002173,2025-03-12,11.41,1,False,0.29,24.8101,1139729310.86,13.08,0,0.1,002173,创新医疗
sz.002173,2025-03-19,12.29,1,False,-0.18,31.8904,1600049482.77,21.08,0,0.1,002173,创新医疗
sz.002175,2025-03-11,5.94,1,False,-1.67,13.9313,1036954379.2,5.88,0,0.1,002175,*ST东智
sz.002177,2025-04-10,4.33,1,False,0.51,5.9938,169806792.2,-11.63,0,0.1,002177,御银股份
sz.002177,2025-04-18,4.68,1,False,-0.71,10.395,323093134.68,-3.51,0,0.1,002177,御银股份
sz.002183,2025-03-11,5.72,1,False,-2.12,12.4899,1802439505.1,28.54,0,0.1,002183,怡 亚 通
sz.002183,2025-04-10,4.77,1,False,5.3,2.3023,281247014.0,-16.75,0,0.1,002183,怡 亚 通
sz.002187,2025-04-08,6.74,1,False,-3.43,11.1105,378765821.78,-9.77,0,0.1,002187,广百股份
sz.002187,2025-04-10,7.73,1,False,-0.14,18.4856,713720887.65,2.11,0,0.1,002187,广百股份
sz.002188,2025-04-17,4.86,1,False,0.9,7.236,87823412.0,-1.62,0,0.1,002188,中天服务
sz.002189,2025-04-30,19.26,1,False,2.74,4.4715,219182258.15,0.1,0,0.1,002189,中光学
sz.002194,2025-03-05,13.37,1,False,4.2,8.695,586275451.23,21.0,0,0.1,002194,武汉凡谷
sz.002194,2025-04-18,11.5,1,False,0.0,9.2041,523986699.5,-13.73,0,0.1,002194,武汉凡谷
sz.002194,2025-04-21,12.65,2,True,10.0,2.3412,151305891.0,-3.29,0,0.1,002194,武汉凡谷
sz.002195,2025-03-05,5.73,1,False,1.15,13.6158,4245091176.86,27.9,0,0.1,002195,岩山科技
sz.002195,2025-03-06,6.3,2,False,5.06,11.5449,3972535812.37,35.19,0,0.1,002195,岩山科技
sz.002195,2025-03-11,6.97,1,False,-3.0,33.2118,12808239217.89,42.83,0,0.1,002195,岩山科技
sz.002196,2025-03-05,7.3,1,False,-0.45,10.0574,349169952.32,25.0,0,0.1,002196,方正电机
sz.002196,2025-03-07,8.01,1,False,2.75,17.3901,675399459.37,27.34,0,0.1,002196,方正电机
sz.002196,2025-03-10,8.81,2,True,9.99,1.5669,67420313.43,42.33,0,0.1,002196,方正电机
sz.002196,2025-03-11,9.69,3,False,1.7,10.8797,492361713.82,57.05,0,0.1,002196,方正电机
sz.002196,2025-03-18,11.78,1,False,0.0,30.7032,1680349621.73,95.68,0,0.1,002196,方正电机
sz.002196,2025-04-23,8.82,1,False,1.0,7.2141,303208338.54,-5.77,0,0.1,002196,方正电机
sz.002196,2025-04-24,9.7,2,True,9.98,1.8677,88484564.0,0.41,0,0.1,002196,方正电机
sz.002196,2025-04-29,10.34,1,False,-3.09,15.4818,743855227.33,14.76,0,0.1,002196,方正电机
sz.002197,2025-03-06,5.29,1,False,2.98,4.1861,117416382.83,25.65,1,0.1,002197,证通电子
sz.002197,2025-03-10,5.5,1,False,1.53,7.8915,229124383.0,24.72,1,0.1,002197,证通电子
sz.002197,2025-03-11,5.78,2,False,-0.91,5.6289,169902368.55,30.77,1,0.1,002197,证通电子
sz.002197,2025-03-12,6.07,3,False,5.02,1.6714,54172183.4,37.02,1,0.1,002197,证通电子
sz.002197,2025-03-13,6.37,4,False,4.94,14.2284,472125906.76,44.77,1,0.1,002197,证通电子
sz.002197,2025-03-18,6.18,1,False,0.68,3.5599,115535525.56,35.53,1,0.1,002197,证通电子
sz.002197,2025-04-24,4.53,1,False,0.23,6.0497,142591873.63,-16.11,1,0.1,002197,证通电子
sz.002197,2025-04-28,4.79,1,False,5.04,5.6595,144250457.15,-6.81,1,0.1,002197,证通电子
sz.002199,2025-04-01,5.47,1,False,2.11,4.688,61913170.12,-18.48,1,0.1,002199,东晶电子
sz.002199,2025-04-14,5.1,1,False,0.41,3.7374,45572094.8,-18.01,1,0.1,002199,东晶电子
sz.002199,2025-04-30,4.98,1,False,0.42,3.1638,37683198.36,-8.96,1,0.1,002199,东晶电子
sz.002200,2025-03-03,5.53,1,False,0.0,1.4019,14158480.4,3.95,1,0.1,002200,交投生态
sz.002200,2025-03-07,5.88,1,False,-0.54,2.0995,22527435.0,12.21,1,0.1,002200,交投生态
sz.002200,2025-04-22,6.12,1,False,-0.17,1.5506,17221008.32,6.62,1,0.1,002200,交投生态
sz.002200,2025-04-24,6.42,1,True,5.07,0.257,3037950.42,11.46,1,0.1,002200,交投生态
sz.002200,2025-04-25,6.74,2,True,4.98,0.2648,3286498.14,18.04,1,0.1,002200,交投生态
sz.002200,2025-04-28,7.08,3,True,5.04,0.294,3832545.6,27.34,1,0.1,002200,交投生态
sz.002200,2025-04-29,7.43,4,True,4.94,9.5835,131112863.45,33.63,1,0.1,002200,交投生态
sz.002200,2025-04-30,7.8,5,True,4.98,3.1852,45747046.8,39.78,1,0.1,002200,交投生态
sz.002201,2025-04-02,5.96,1,False,0.37,4.0476,154846860.82,11.82,0,0.1,002201,九鼎新材
sz.002201,2025-04-17,6.77,1,False,1.46,7.1379,308723120.88,23.32,0,0.1,002201,九鼎新材
sz.002201,2025-04-30,6.51,1,False,7.43,3.4276,132929662.75,20.11,0,0.1,002201,九鼎新材
sz.002204,2025-03-19,5.78,1,False,-0.19,3.6461,395567075.92,16.53,0,0.1,002204,大连重工
sz.002204,2025-03-20,6.36,2,True,10.03,1.3447,165175954.32,29.27,0,0.1,002204,大连重工
sz.002204,2025-03-21,7.0,3,True,10.06,1.1926,161233345.0,41.99,0,0.1,002204,大连重工
sz.002204,2025-03-24,7.7,4,False,10.0,18.4028,2732511101.27,53.39,0,0.1,002204,大连重工
sz.002204,2025-03-26,8.57,1,False,-3.72,27.6057,4413181869.15,69.03,0,0.1,002204,大连重工
sz.002205,2025-03-10,10.48,1,False,2.94,14.1123,264490903.51,10.32,0,0.1,002205,国统股份
sz.002205,2025-04-29,9.5,1,False,1.85,9.3452,158994335.5,4.86,0,0.1,002205,国统股份
sz.002206,2025-03-26,5.19,1,False,1.06,10.8994,503661513.32,18.76,0,0.1,002206,海 利 得
sz.002216,2025-04-08,11.48,1,False,0.0,1.8555,131067890.4,4.46,0,0.1,002216,三全食品
sz.002217,2025-03-20,2.13,1,False,0.0,1.2243,146024672.0,2.9,1,0.1,002217,ST合力泰
sz.002217,2025-03-26,2.27,1,False,2.78,0.2968,38111882.0,10.19,1,0.1,002217,ST合力泰
sz.002227,2025-03-03,13.77,2,False,3.83,3.364,112343016.41,32.53,0,0.1,002227,*ST特迅
sz.002227,2025-03-04,15.15,3,False,10.02,4.1642,156230208.4,50.9,0,0.1,002227,*ST特迅
sz.002227,2025-03-18,14.07,1,True,10.01,2.8176,98173002.9,29.56,0,0.1,002227,*ST特迅
sz.002227,2025-03-19,15.48,2,False,10.02,17.4456,656338517.8,41.37,0,0.1,002227,*ST特迅
sz.002229,2025-04-10,11.12,1,False,2.97,5.0303,264675049.32,-20.11,0,0.1,002229,鸿博股份
sz.002229,2025-04-25,11.94,1,False,7.47,4.5512,267143959.88,-2.77,0,0.1,002229,鸿博股份
sz.002229,2025-04-28,13.13,2,True,9.97,1.7763,115021662.34,7.53,0,0.1,002229,鸿博股份
sz.002229,2025-04-29,14.44,3,False,8.23,13.106,918698311.42,21.65,0,0.1,002229,鸿博股份
sz.002229,2025-04-30,15.88,4,False,8.8,22.8533,1745728040.74,31.24,0,0.1,002229,鸿博股份
sz.002234,2025-03-13,9.19,1,False,3.71,5.923,162467951.09,8.5,0,0.1,002234,民和股份
sz.002234,2025-04-08,10.25,1,False,-2.15,13.2966,390575083.96,23.64,0,0.1,002234,民和股份
sz.002235,2025-04-21,5.35,1,False,0.0,8.1114,232249324.07,-2.37,0,0.1,002235,安妮股份
sz.002236,2025-03-06,18.18,1,False,1.81,5.641,2113606539.59,13.13,0,0.1,002236,大华股份
sz.002238,2025-03-11,10.05,1,False,-1.09,5.3087,414634288.53,18.37,0,0.1,002238,天威视讯
sz.002238,2025-03-12,11.06,2,False,4.28,3.0196,263669660.45,29.81,0,0.1,002238,天威视讯
sz.002246,2025-03-04,11.06,1,False,0.5,5.2057,303765478.39,22.21,0,0.1,002246,北化股份
sz.002248,2025-03-26,9.53,1,False,-1.04,7.1491,205949032.53,4.04,0,0.1,002248,华东数控
sz.002249,2025-03-26,7.5,1,False,0.15,8.6879,1161524203.23,14.33,0,0.1,002249,大洋电机
sz.002251,2025-04-10,4.16,1,False,0.0,2.2364,137965826.01,-4.15,1,0.1,002251,步步高
sz.002251,2025-04-17,4.57,1,False,2.53,3.3125,228278783.1,4.34,1,0.1,002251,步步高
sz.002251,2025-04-21,5.03,1,False,10.07,4.4752,339767707.25,16.71,0,0.1,002251,步步高
sz.002251,2025-04-22,5.53,2,True,9.94,0.4375,36612122.61,33.57,0,0.1,002251,步步高
sz.002251,2025-04-23,6.08,3,False,9.95,25.5152,2333735976.36,41.4,0,0.1,002251,步步高
sz.002251,2025-04-24,6.69,4,False,3.78,24.2765,2336677900.44,55.58,0,0.1,002251,步步高
sz.002251,2025-04-25,7.36,5,False,0.6,24.9738,2666160916.17,76.08,0,0.1,002251,步步高
sz.002253,2025-03-07,13.7,1,False,10.04,15.2586,431129845.2,11.02,0,0.1,002253,川大智胜
sz.002255,2025-03-25,7.88,1,False,0.7,9.7346,477729452.8,23.32,0,0.1,002255,海陆重工
sz.002255,2025-04-01,8.24,1,False,-1.2,17.6261,884639009.78,25.99,0,0.1,002255,海陆重工
sz.002255,2025-04-14,8.26,1,False,3.2,7.8847,408656065.04,17.66,0,0.1,002255,海陆重工
sz.002255,2025-04-17,8.89,1,False,2.23,18.2869,1006134136.13,24.86,0,0.1,002255,海陆重工
sz.002255,2025-04-23,9.35,1,False,2.0,23.1042,1321034524.12,18.65,0,0.1,002255,海陆重工
sz.002259,2025-04-16,2.51,1,False,-0.84,1.798,33153536.3,1.21,1,0.1,002259,升达林业
sz.002259,2025-04-17,2.64,2,False,-1.59,1.813,35013847.07,6.45,1,0.1,002259,升达林业
sz.002259,2025-04-24,2.9,1,False,0.36,1.8976,41090332.0,21.85,1,0.1,002259,升达林业
sz.002259,2025-04-30,3.2,1,False,0.33,2.821,66911847.0,36.17,1,0.1,002259,升达林业
sz.002261,2025-03-05,38.02,1,False,0.09,30.0435,12164087345.99,104.74,0,0.1,002261,拓维信息
sz.002261,2025-04-17,28.38,1,False,0.19,12.4146,3894439412.23,-17.04,0,0.1,002261,拓维信息
sz.002261,2025-04-25,30.43,1,False,0.33,16.8232,5650183087.25,6.03,0,0.1,002261,拓维信息
sz.002264,2025-04-14,6.33,1,False,1.57,1.509,61746424.77,0.64,0,0.1,002264,新 华 都
sz.002265,2025-03-04,25.54,1,False,-0.99,13.4562,1349850926.97,-14.3,0,0.1,002265,建设工业
sz.002265,2025-04-09,19.68,1,False,-0.89,7.4892,556814805.22,-20.65,0,0.1,002265,建设工业
sz.002272,2025-03-27,10.51,1,False,0.52,18.1345,718786888.0,-5.32,0,0.1,002272,川润股份
sz.002272,2025-04-14,9.04,1,False,0.97,8.2862,273402503.52,-18.56,0,0.1,002272,川润股份
sz.002272,2025-04-30,9.77,1,False,1.24,15.9462,588047221.46,8.19,0,0.1,002272,川润股份
sz.002276,2025-03-04,15.07,1,False,-1.46,10.3362,1516425965.05,78.98,0,0.1,002276,万马股份
sz.002276,2025-03-06,17.63,1,False,3.24,21.8085,3726536130.63,98.54,0,0.1,002276,万马股份
sz.002276,2025-03-18,17.89,1,False,0.74,27.6847,4788219193.34,98.12,0,0.1,002276,万马股份
sz.002276,2025-03-19,19.68,2,False,1.23,31.1492,5888006062.3,98.19,0,0.1,002276,万马股份
sz.002276,2025-04-09,13.33,1,False,0.0,11.4542,1458420600.97,-18.57,0,0.1,002276,万马股份
sz.002276,2025-04-10,14.66,2,False,6.15,24.5002,3556641204.51,-11.21,0,0.1,002276,万马股份
sz.002277,2025-03-10,6.33,1,False,4.17,20.9529,1813069782.3,23.63,0,0.1,002277,友阿股份
sz.002277,2025-04-10,5.51,1,False,-0.2,9.8789,733492996.94,-13.91,0,0.1,002277,友阿股份
sz.002277,2025-04-18,5.73,1,False,-0.58,10.7437,831536053.91,-4.98,0,0.1,002277,友阿股份
sz.002278,2025-03-13,6.37,1,False,0.0,17.4112,361954471.52,16.03,0,0.1,002278,神开股份
sz.002278,2025-03-14,7.01,2,False,10.05,13.3806,313285349.71,28.15,0,0.1,002278,神开股份
sz.002278,2025-03-17,7.71,3,False,9.99,12.2215,314874020.03,36.94,0,0.1,002278,神开股份
sz.002278,2025-03-18,8.48,4,False,8.04,11.7064,326782006.0,54.74,0,0.1,002278,神开股份
sz.002278,2025-03-19,9.33,5,True,10.02,2.4396,76069654.56,65.72,0,0.1,002278,神开股份
sz.002278,2025-03-20,10.26,6,False,7.29,46.5666,1534442870.33,79.68,0,0.1,002278,神开股份
sz.002278,2025-03-21,11.29,7,False,4.58,38.8767,1454305402.04,98.42,0,0.1,002278,神开股份
sz.002278,2025-04-18,7.72,1,False,2.42,21.0014,524963637.32,-24.76,0,0.1,002278,神开股份
sz.002278,2025-04-23,8.13,1,False,1.22,21.7427,568365720.03,-26.69,0,0.1,002278,神开股份
sz.002279,2025-03-04,7.94,1,False,-2.49,7.2315,445889118.82,24.06,0,0.1,002279,久其软件
sz.002279,2025-04-15,6.68,1,False,0.0,7.3592,373376968.8,-9.12,0,0.1,002279,久其软件
sz.002279,2025-04-21,6.81,1,False,0.32,6.656,354057627.16,-1.73,0,0.1,002279,久其软件
sz.002283,2025-03-06,7.76,1,False,0.71,10.7989,813503827.24,34.02,0,0.1,002283,天润工业
sz.002283,2025-03-12,8.4,1,False,-2.09,19.1396,1571777634.79,45.83,0,0.1,002283,天润工业
sz.002286,2025-04-10,7.89,1,False,1.81,3.2973,93922142.39,5.62,0,0.1,002286,保龄宝
sz.002286,2025-04-11,8.68,2,False,8.62,21.4449,665870032.16,16.98,0,0.1,002286,保龄宝
sz.002286,2025-04-30,9.22,1,False,4.42,10.1924,341297392.93,17.45,0,0.1,002286,保龄宝
sz.002287,2025-04-10,23.68,1,False,0.28,2.0345,250348233.79,5.38,0,0.1,002287,奇正藏药
sz.002289,2025-03-17,4.48,1,False,0.23,2.5339,29208913.0,13.13,1,0.1,002289,宇顺电子
sz.002289,2025-03-18,4.7,2,False,0.67,2.3758,28295875.5,22.08,1,0.1,002289,宇顺电子
sz.002289,2025-03-20,4.95,1,False,0.64,1.6456,20727272.0,27.91,1,0.1,002289,宇顺电子
sz.002289,2025-03-31,4.78,1,False,0.66,0.6524,8038763.06,16.02,1,0.1,002289,宇顺电子
sz.002289,2025-04-01,5.02,2,True,5.02,0.1644,2136020.04,21.84,1,0.1,002289,宇顺电子
sz.002289,2025-04-02,5.27,3,True,4.98,0.3672,5009135.0,29.48,1,0.1,002289,宇顺电子
sz.002289,2025-04-03,5.53,4,False,4.93,8.3246,118275423.8,35.54,1,0.1,002289,宇顺电子
sz.002289,2025-04-10,4.98,1,False,0.0,6.5427,81063073.5,17.73,1,0.1,002289,宇顺电子
sz.002289,2025-04-11,5.23,2,False,-1.61,1.7958,23754907.0,22.77,1,0.1,002289,宇顺电子
sz.002289,2025-04-14,5.49,3,False,4.59,2.3924,33920868.37,28.57,1,0.1,002289,宇顺电子
sz.002289,2025-04-15,5.76,4,True,4.92,0.7205,10742112.0,28.57,1,0.1,002289,宇顺电子
sz.002289,2025-04-16,6.05,5,True,5.03,0.2288,3582810.0,28.72,1,0.1,002289,宇顺电子
sz.002289,2025-04-17,6.35,6,True,4.96,0.387,6360883.9,34.82,1,0.1,002289,宇顺电子
sz.002289,2025-04-21,6.72,1,False,-0.94,0.8619,14634090.0,41.47,1,0.1,002289,宇顺电子
sz.002289,2025-04-22,7.06,2,False,5.06,9.8138,177456935.39,49.89,1,0.1,002289,宇顺电子
sz.002289,2025-04-23,7.41,3,False,-0.99,7.2782,133410496.55,58.33,1,0.1,002289,宇顺电子
sz.002289,2025-04-24,7.78,4,True,4.99,0.6547,13184493.7,65.53,1,0.1,002289,宇顺电子
sz.002289,2025-04-25,8.17,5,False,4.11,3.9132,82230812.55,76.84,1,0.1,002289,宇顺电子
sz.002289,2025-04-28,8.58,6,False,5.02,2.215,49147565.0,88.57,1,0.1,002289,宇顺电子
sz.002289,2025-04-29,9.01,7,False,5.01,1.6893,39396327.16,88.49,1,0.1,002289,宇顺电子
sz.002292,2025-03-11,10.44,1,False,2.74,9.3219,978842217.16,-1.6,0,0.1,002292,奥飞娱乐
sz.002297,2025-04-21,7.01,1,False,-0.31,9.4634,374473757.69,-0.57,0,0.1,002297,博云新材
sz.002298,2025-04-25,4.9,1,False,7.42,5.8816,187926229.8,-11.55,0,0.1,002298,中电鑫龙
sz.002298,2025-04-28,5.39,2,False,7.76,5.2243,181919204.5,-1.1,0,0.1,002298,中电鑫龙
sz.002300,2025-03-21,6.33,1,False,0.0,3.5594,159240660.31,19.43,0,0.1,002300,太阳电缆
sz.002300,2025-03-24,6.96,2,True,9.95,1.2493,62802188.88,29.37,0,0.1,002300,太阳电缆
sz.002300,2025-03-25,7.66,3,True,10.06,1.0607,58683727.26,43.98,0,0.1,002300,太阳电缆
sz.002300,2025-03-26,8.43,4,False,0.65,19.6758,1158978967.77,56.98,0,0.1,002300,太阳电缆
sz.002301,2025-04-14,7.14,1,False,1.85,1.6939,84269593.19,-10.64,0,0.1,002301,齐心集团
sz.002305,2025-04-25,1.39,1,True,10.32,3.5134,84686796.67,-3.47,0,0.1,002305,*ST南置
sz.002306,2025-03-10,2.84,1,False,0.78,8.265,187321646.4,3.65,0,0.1,002306,ST云网
sz.002306,2025-03-14,2.96,1,False,0.0,23.397,553662420.22,14.29,0,0.1,002306,ST云网
sz.002306,2025-03-17,3.26,2,False,1.01,27.47,698847773.31,21.19,0,0.1,002306,ST云网
sz.002306,2025-04-03,2.39,1,False,0.0,12.314,231731565.44,-8.08,0,0.1,002306,ST云网
sz.002307,2025-04-09,3.95,1,False,-0.84,5.2766,214865666.7,-10.43,0,0.1,002307,北新路桥
sz.002309,2025-03-14,2.49,1,False,1.27,1.288,38324530.96,8.73,1,0.1,002309,中利集团
sz.002309,2025-03-19,2.61,1,False,1.2,0.5583,17523028.0,13.97,1,0.1,002309,中利集团
sz.002310,2025-03-04,1.71,1,False,2.45,0.9033,64715091.42,-1.72,1,0.1,002310,东方新能
sz.002310,2025-03-05,1.8,2,False,1.17,2.186,160383362.88,2.27,1,0.1,002310,东方新能
sz.002310,2025-03-18,1.87,1,False,0.56,1.5281,117902816.35,8.09,1,0.1,002310,东方新能
sz.002310,2025-03-21,2.02,1,False,0.52,2.6189,219441789.68,19.53,1,0.1,002310,东方新能
sz.002310,2025-03-24,2.12,2,False,-0.5,1.9118,166108778.34,26.19,1,0.1,002310,东方新能
sz.002310,2025-03-26,2.15,1,False,-0.49,1.9596,172220114.36,27.22,1,0.1,002310,东方新能
sz.002313,2025-03-04,11.52,1,False,2.01,3.8025,162563322.52,37.96,0,0.1,002313,日海智能
sz.002313,2025-04-23,9.19,1,False,0.6,4.5761,154991132.19,-5.84,0,0.1,002313,日海智能
sz.002315,2025-03-06,49.02,1,False,5.48,12.64,1240352665.4,0.78,0,0.1,002315,焦点科技
sz.002317,2025-04-22,11.84,1,False,-0.37,8.4948,746356264.76,6.96,0,0.1,002317,众生药业
sz.002321,2025-04-08,2.77,1,False,0.4,6.8403,381511016.18,10.36,0,0.1,002321,华英农业
sz.002323,2025-04-28,1.45,1,False,0.0,9.059,270949299.52,-7.64,0,0.1,002323,*ST雅博
sz.002326,2025-03-03,10.99,1,False,1.9,6.3543,551806842.47,31.15,0,0.1,002326,永太科技
sz.002326,2025-03-05,12.69,1,False,-0.26,13.6527,1345434337.83,51.07,0,0.1,002326,永太科技
sz.002329,2025-03-14,3.61,1,False,3.66,5.8458,137389089.29,8.73,0,0.1,002329,皇氏集团
sz.002329,2025-03-17,3.97,2,True,9.97,2.0528,53710368.2,14.08,0,0.1,002329,皇氏集团
sz.002329,2025-03-27,3.98,1,False,1.93,6.678,173058793.27,11.48,0,0.1,002329,皇氏集团
sz.002329,2025-04-18,3.44,1,True,9.9,2.9241,65421187.28,-10.88,0,0.1,002329,皇氏集团
sz.002329,2025-04-25,3.33,1,False,0.99,11.2365,238426475.9,-16.33,0,0.1,002329,皇氏集团
sz.002330,2025-04-09,4.58,1,False,-1.44,5.7475,159313059.55,3.62,0,0.1,002330,得利斯
sz.002335,2025-03-06,52.03,1,False,1.88,15.1445,3062143511.4,72.34,0,0.1,002335,科华数据
sz.002342,2025-03-13,3.69,1,False,-0.3,6.9663,234794795.85,14.95,0,0.1,002342,巨力索具
sz.002342,2025-03-14,4.06,2,True,10.03,5.7396,222468390.2,28.08,0,0.1,002342,巨力索具
sz.002342,2025-03-17,4.47,3,True,10.1,1.1502,49086272.43,37.12,0,0.1,002342,巨力索具
sz.002342,2025-03-18,4.92,4,True,10.07,3.0675,144080778.12,55.21,0,0.1,002342,巨力索具
sz.002342,2025-03-19,5.41,5,False,1.63,34.5821,1746879184.78,69.06,0,0.1,002342,巨力索具
sz.002342,2025-03-20,5.95,6,False,-0.37,13.441,734490618.16,85.36,0,0.1,002342,巨力索具
sz.002342,2025-03-26,6.55,1,False,0.0,20.9427,1296519187.35,102.79,0,0.1,002342,巨力索具
sz.002342,2025-04-18,4.64,1,False,0.24,11.4624,494612245.68,-22.02,0,0.1,002342,巨力索具
sz.002343,2025-04-16,7.08,1,False,-0.31,14.7191,479398383.25,-3.67,0,0.1,002343,慈文传媒
sz.002345,2025-03-12,8.7,1,False,1.14,6.1868,451620492.2,54.26,0,0.1,002345,潮宏基
sz.002345,2025-04-21,9.56,1,False,0.92,3.8261,309426223.66,17.01,0,0.1,002345,潮宏基
sz.002345,2025-04-29,10.44,1,False,2.0,11.5308,1036916333.9,28.41,0,0.1,002345,潮宏基
sz.002347,2025-03-10,9.09,1,False,-0.48,12.2361,528843447.0,17.75,0,0.1,002347,泰尔股份
sz.002347,2025-04-09,5.74,1,False,-3.26,13.4012,344108280.27,-35.72,0,0.1,002347,泰尔股份
sz.002353,2025-04-10,31.64,1,False,6.08,1.7538,382675827.54,-11.12,0,0.1,002353,杰瑞股份
sz.002354,2025-04-25,5.96,1,False,1.29,10.8747,1040368151.58,-4.18,0,0.1,002354,天娱数科
sz.002354,2025-04-28,6.56,2,False,1.01,20.4182,2073290513.31,5.47,0,0.1,002354,天娱数科
sz.002355,2025-04-30,6.26,1,True,10.02,1.7906,69290700.52,-2.95,0,0.1,002355,兴民智通
sz.002358,2025-03-06,6.46,1,False,0.68,6.6619,394413370.2,34.3,0,0.1,002358,森源电气
sz.002358,2025-03-12,6.46,1,False,0.85,7.2448,418418190.6,25.44,0,0.1,002358,森源电气
sz.002361,2025-03-07,6.15,1,False,-0.18,13.4063,654277055.1,19.42,0,0.1,002361,神剑股份
sz.002361,2025-03-13,7.03,1,False,0.31,16.2968,879461425.72,36.5,0,0.1,002361,神剑股份
sz.002361,2025-03-27,7.1,1,False,-2.02,19.5153,1049935017.41,21.78,0,0.1,002361,神剑股份
sz.002363,2025-03-26,8.51,1,False,0.52,3.4742,121521058.13,18.19,0,0.1,002363,隆基机械
sz.002365,2025-04-08,10.19,1,False,-8.32,24.3285,549988956.72,22.77,0,0.1,002365,永安药业
sz.002365,2025-04-21,9.92,1,False,-1.11,16.2388,374602238.91,17.26,0,0.1,002365,永安药业
sz.002365,2025-04-23,11.25,1,False,6.74,6.9699,190166442.25,35.54,0,0.1,002365,永安药业
sz.002365,2025-04-24,12.38,2,False,4.09,20.4524,604175021.3,45.82,0,0.1,002365,永安药业
sz.002365,2025-04-28,13.04,1,False,1.27,39.917,1244178549.43,53.05,0,0.1,002365,永安药业
sz.002365,2025-04-29,14.34,2,False,0.0,31.2743,1070333207.52,73.19,0,0.1,002365,永安药业
sz.002366,2025-03-25,5.63,1,False,1.37,7.4701,523624792.46,18.78,0,0.1,002366,融发核电
sz.002369,2025-03-05,13.96,1,False,-1.5,50.625,3922498723.78,110.24,0,0.1,002369,卓翼科技
sz.002369,2025-03-06,15.36,2,False,2.08,51.8141,4314452547.47,123.91,0,0.1,002369,卓翼科技
sz.002369,2025-04-23,8.9,1,False,1.24,7.7515,383349624.62,-13.68,0,0.1,002369,卓翼科技
sz.002374,2025-04-09,2.39,1,False,-2.76,3.397,81702233.08,-12.13,0,0.1,002374,中锐股份
sz.002374,2025-04-17,2.55,1,False,-0.86,2.4107,64252349.6,-8.27,0,0.1,002374,中锐股份
sz.002376,2025-04-28,6.74,1,False,0.0,6.9759,356328463.01,0.9,0,0.1,002376,新北洋
sz.002377,2025-03-11,3.0,1,False,-0.73,8.03,211450498.6,-0.99,0,0.1,002377,国创高新
sz.002380,2025-04-09,22.19,1,False,-1.88,10.1557,301879842.0,-21.34,0,0.1,002380,科远智慧
sz.002382,2025-04-29,4.94,1,False,4.45,1.7478,85414236.82,-0.2,0,0.1,002382,蓝帆医疗
sz.002383,2025-04-11,7.77,1,False,-0.85,3.1507,145025091.4,-10.69,0,0.1,002383,合众思壮
sz.002383,2025-04-23,8.65,1,False,0.38,9.0119,552641899.88,7.59,0,0.1,002383,合众思壮
sz.002385,2025-04-08,4.77,1,False,0.23,15.2227,2423987573.4,16.91,0,0.1,002385,大北农
sz.002386,2025-04-25,4.75,1,False,4.86,8.437,515796980.87,1.93,0,0.1,002386,天原股份
sz.002388,2025-03-06,3.52,1,False,0.3,4.804,83970703.7,2.92,1,0.1,002388,新亚制程
sz.002388,2025-04-23,3.32,1,False,0.0,2.167,35942125.28,-3.21,1,0.1,002388,新亚制程
sz.002388,2025-04-25,3.6,1,False,0.0,3.6216,65010964.2,4.96,1,0.1,002388,新亚制程
sz.002391,2025-03-24,5.74,1,False,0.96,8.3942,216918968.04,13.21,0,0.1,002391,长青股份
sz.002391,2025-04-21,5.45,1,False,-0.4,5.2553,128870380.35,4.41,0,0.1,002391,长青股份
sz.002397,2025-03-18,4.18,1,False,1.32,4.9283,118385614.68,13.59,0,0.1,002397,梦洁股份
sz.002404,2025-04-10,6.03,1,False,0.36,6.7892,181224356.86,-4.59,0,0.1,002404,嘉欣丝绸
sz.002406,2025-03-12,7.77,1,False,0.57,8.9557,412821644.01,12.77,0,0.1,002406,远东传动
sz.002406,2025-03-19,8.99,1,False,0.0,29.7178,1557871516.79,24.0,0,0.1,002406,远东传动
sz.002406,2025-03-20,9.89,2,False,5.67,7.4333,436349441.22,36.6,0,0.1,002406,远东传动
sz.002406,2025-03-21,10.88,3,False,10.01,56.6836,3643606182.42,50.69,0,0.1,002406,远东传动
sz.002410,2025-03-06,15.2,1,False,0.58,4.6876,1093354172.81,23.78,0,0.1,002410,广联达
sz.002410,2025-04-17,15.81,1,False,-1.32,4.3031,1051554707.93,5.12,0,0.1,002410,广联达
sz.002418,2025-03-05,3.75,1,False,5.28,6.5292,277324209.0,30.21,0,0.1,002418,康盛股份
sz.002418,2025-04-25,3.01,1,False,4.01,6.8869,232558811.0,-8.79,0,0.1,002418,康盛股份
sz.002420,2025-03-10,6.52,1,False,0.0,9.7835,243085028.05,8.85,0,0.1,002420,毅昌科技
sz.002422,2025-04-01,35.45,1,False,0.59,3.098,1393974141.47,12.83,0,0.1,002422,科伦药业
sz.002422,2025-04-30,36.21,1,False,-2.98,3.2151,1445712888.97,2.14,0,0.1,002422,科伦药业
sz.002424,2025-03-20,4.25,1,False,0.74,4.9779,255040625.51,8.42,1,0.1,002424,ST百灵
sz.002424,2025-03-25,4.27,1,False,0.49,2.8101,143353737.0,8.38,1,0.1,002424,ST百灵
sz.002424,2025-03-26,4.48,2,False,0.7,5.5888,297150565.13,13.13,1,0.1,002424,ST百灵
sz.002425,2025-04-28,2.24,1,False,1.88,3.1824,67591460.74,2.28,1,0.1,002425,凯撒文化
sz.002427,2025-03-21,4.33,1,False,5.33,1.5595,66266309.45,13.95,0,0.1,002427,尤夫股份
sz.002427,2025-03-24,4.76,2,False,4.39,4.2997,189872968.08,13.88,0,0.1,002427,尤夫股份
sz.002427,2025-03-25,5.24,3,False,10.08,13.3302,680983533.15,30.02,0,0.1,002427,尤夫股份
sz.002427,2025-03-26,5.76,4,True,9.92,1.7826,101179670.4,47.69,0,0.1,002427,尤夫股份
sz.002427,2025-03-27,6.34,5,False,10.07,5.9414,371089400.0,63.82,0,0.1,002427,尤夫股份
sz.002427,2025-04-02,5.09,1,False,-3.46,12.997,614812285.49,32.55,0,0.1,002427,尤夫股份
sz.002427,2025-04-10,5.57,1,False,-2.37,15.9788,846281446.2,48.53,0,0.1,002427,尤夫股份
sz.002427,2025-04-17,5.97,1,False,-2.39,11.2781,635114816.48,52.69,0,0.1,002427,尤夫股份
sz.002427,2025-04-18,6.57,2,False,1.68,11.9539,743594639.08,66.75,0,0.1,002427,尤夫股份
sz.002427,2025-04-21,7.23,3,False,1.83,7.8794,551980401.03,66.97,0,0.1,002427,尤夫股份
sz.002427,2025-04-23,7.84,1,False,-5.33,16.8666,1248903568.22,49.62,0,0.1,002427,尤夫股份
sz.002427,2025-04-24,8.62,2,False,1.4,17.6019,1419015060.82,49.65,0,0.1,002427,尤夫股份
sz.002434,2025-03-12,8.73,1,False,2.02,3.6058,405826126.1,30.69,0,0.1,002434,万里扬
sz.002436,2025-03-05,13.67,1,False,0.0,8.8929,1733146255.97,22.16,0,0.1,002436,兴森科技
sz.002436,2025-04-30,12.52,1,False,0.35,7.8039,1412869489.94,1.71,0,0.1,002436,兴森科技
sz.002437,2025-04-01,2.67,1,False,0.82,7.4371,403050860.11,8.98,0,0.1,002437,誉衡药业
sz.002440,2025-04-29,7.36,1,False,2.24,5.5066,373116047.25,9.04,0,0.1,002440,闰土股份
sz.002442,2025-03-20,6.73,1,False,0.16,3.5455,114776859.14,19.54,0,0.1,002442,龙星科技
sz.002444,2025-04-10,23.73,1,False,10.01,2.3961,649730692.16,-17.4,0,0.1,002444,巨星科技
sz.002446,2025-04-18,6.22,1,False,-0.35,5.503,279011556.21,-8.12,0,0.1,002446,盛路通信
sz.002448,2025-03-18,9.17,1,False,1.08,15.3848,658807214.9,8.65,0,0.1,002448,中原内配
sz.002448,2025-03-20,10.0,1,False,0.66,16.222,753415212.49,19.33,0,0.1,002448,中原内配
sz.002453,2025-04-02,5.63,1,False,0.59,5.5651,186568625.78,-0.53,0,0.1,002453,华软科技
sz.002453,2025-04-11,5.24,1,False,-0.84,2.1975,68515334.4,-8.07,0,0.1,002453,华软科技
sz.002453,2025-04-17,5.57,1,False,-0.99,3.2823,108777004.28,-1.76,0,0.1,002453,华软科技
sz.002458,2025-04-08,10.34,1,False,-1.06,9.1049,678552940.09,19.4,0,0.1,002458,益生股份
sz.002469,2025-04-23,9.02,1,False,1.46,11.9952,658245359.13,0.22,0,0.1,002469,三维化学
sz.002469,2025-04-24,9.92,2,False,3.1,25.6397,1533492154.35,13.24,0,0.1,002469,三维化学
sz.002471,2025-04-02,3.04,1,False,1.09,12.0865,468748341.66,15.15,0,0.1,002471,中超控股
sz.002471,2025-04-03,3.34,2,False,5.26,7.2764,312287157.99,23.7,0,0.1,002471,中超控股
sz.002471,2025-04-14,3.29,1,False,0.67,4.2386,178230683.66,21.4,0,0.1,002471,中超控股
sz.002471,2025-04-30,2.97,1,False,4.81,3.2635,125653756.35,7.61,0,0.1,002471,中超控股
sz.002479,2025-04-21,5.26,1,False,2.93,4.2828,190950448.06,2.53,0,0.1,002479,富春环保
sz.002481,2025-04-14,5.65,1,False,0.0,4.3713,270168564.85,7.41,0,0.1,002481,双塔食品
sz.002484,2025-03-10,22.36,1,False,0.34,6.9555,1219088657.48,2.24,0,0.1,002484,江海股份
sz.002485,2025-04-02,2.73,1,False,0.0,1.3118,19016353.22,0.0,1,0.1,002485,ST雪发
sz.002485,2025-04-25,2.68,1,False,0.0,0.651,9313464.0,-0.37,1,0.1,002485,ST雪发
sz.002487,2025-04-14,25.04,1,False,8.08,2.5176,396968250.12,12.79,0,0.1,002487,大金重工
sz.002489,2025-04-14,3.5,1,False,1.26,5.213,332409209.18,0.29,0,0.1,002489,浙江永强
sz.002490,2025-03-31,3.34,1,False,5.03,4.2053,76038147.0,-13.92,1,0.1,002490,山东墨龙
sz.002490,2025-04-02,3.54,1,False,-0.59,3.0276,57219096.0,-10.83,1,0.1,002490,山东墨龙
sz.002490,2025-04-15,3.93,1,False,-0.8,3.4877,71647986.77,3.97,1,0.1,002490,山东墨龙
sz.002490,2025-04-17,4.01,1,False,1.31,4.652,100337930.91,6.93,1,0.1,002490,山东墨龙
sz.002491,2025-04-30,4.61,1,False,9.31,1.851,100338343.45,0.44,0,0.1,002491,通鼎互联
sz.002492,2025-04-17,5.62,1,False,-0.98,7.0006,148946733.5,6.84,0,0.1,002492,恒基达鑫
sz.002495,2025-04-14,2.57,1,False,0.43,11.9206,212950694.33,4.47,0,0.1,002495,佳隆股份
sz.002496,2025-04-29,1.31,1,False,-0.8,5.2911,80239873.94,-5.76,1,0.1,002496,辉丰股份
sz.002501,2025-03-12,2.35,1,False,3.74,6.6344,543878599.67,37.43,0,0.1,002501,*ST利源
sz.002510,2025-04-10,5.42,1,False,9.13,6.7276,361353947.09,-7.51,0,0.1,002510,天汽模
sz.002512,2025-03-04,5.64,1,False,-0.39,12.275,703941878.29,24.78,0,0.1,002512,ST达华
sz.002513,2025-03-12,5.09,1,False,2.81,7.4172,98938944.93,11.87,0,0.1,002513,蓝丰生化
sz.002513,2025-04-29,4.43,1,False,0.25,5.3536,61229315.8,4.48,0,0.1,002513,蓝丰生化
sz.002524,2025-03-10,4.59,1,False,6.24,7.1206,165433015.61,20.16,0,0.1,002524,光正眼科
sz.002526,2025-03-05,4.5,1,False,-0.49,12.7733,976919352.04,20.0,0,0.1,002526,山东矿机
sz.002528,2025-04-11,2.22,1,False,0.0,2.2662,52408826.73,-13.28,1,0.1,002528,*ST英飞
sz.002528,2025-04-29,2.13,1,False,-0.49,1.2036,26563626.02,-9.75,1,0.1,002528,*ST英飞
sz.002528,2025-04-30,2.24,2,False,2.35,2.3001,53611053.2,-5.08,1,0.1,002528,*ST英飞
sz.002529,2025-03-10,8.03,1,False,2.05,7.242,150575253.75,12.31,0,0.1,002529,海源复材
sz.002529,2025-04-10,6.41,1,False,1.54,9.3754,153284834.67,-20.86,0,0.1,002529,海源复材
sz.002530,2025-04-28,10.05,1,False,3.94,5.4489,377032339.0,0.2,0,0.1,002530,金财互联
sz.002533,2025-03-12,11.73,1,False,-0.28,10.1908,746948333.34,21.68,0,0.1,002533,金杯电工
sz.002533,2025-04-10,9.92,1,False,3.55,5.02,310125272.96,-15.43,0,0.1,002533,金杯电工
sz.002535,2025-03-19,4.72,1,False,-0.7,8.5191,289230559.21,10.28,0,0.1,002535,林州重机
sz.002535,2025-03-26,4.91,1,False,0.22,3.8894,141403565.55,12.87,0,0.1,002535,林州重机
sz.002535,2025-04-01,4.97,1,False,0.22,14.3931,512082708.34,18.33,0,0.1,002535,林州重机
sz.002537,2025-04-10,6.0,1,False,1.83,4.5773,318216870.19,1.18,0,0.1,002537,海联金汇
sz.002537,2025-04-11,6.6,2,False,5.0,10.1804,766533057.41,13.79,0,0.1,002537,海联金汇
sz.002537,2025-04-21,6.73,1,False,-0.33,6.1838,475739147.61,11.98,0,0.1,002537,海联金汇
sz.002537,2025-04-22,7.4,2,True,9.96,1.6062,139545130.0,26.71,0,0.1,002537,海联金汇
sz.002537,2025-04-23,8.14,3,True,10.0,1.1463,109541933.6,39.62,0,0.1,002537,海联金汇
sz.002537,2025-04-24,8.95,4,False,6.76,37.2699,3876452288.4,51.18,0,0.1,002537,海联金汇
sz.002541,2025-03-31,20.14,1,False,-0.6,3.2244,315809376.98,5.78,0,0.1,002541,鸿路钢构
sz.002544,2025-03-20,24.16,1,False,-0.5,3.8462,619428037.18,16.66,0,0.1,002544,普天科技
sz.002546,2025-04-30,4.96,1,False,5.32,6.7251,261117085.78,2.06,0,0.1,002546,新联电子
sz.002547,2025-03-20,5.43,1,False,-0.81,10.608,628372413.57,3.82,0,0.1,002547,*ST春兴
sz.002548,2025-04-08,4.21,1,False,-0.78,14.664,480046086.64,10.21,0,0.1,002548,金新农
sz.002549,2025-03-27,6.9,1,False,0.0,3.9091,180296827.0,5.34,0,0.1,002549,凯美特气
sz.002549,2025-03-28,7.59,2,True,10.0,2.0015,105177096.75,19.53,0,0.1,002549,凯美特气
sz.002549,2025-03-31,8.35,3,True,10.01,3.4931,201943530.9,28.86,0,0.1,002549,凯美特气
sz.002549,2025-04-01,9.19,4,False,0.0,22.3815,1366036638.85,39.88,0,0.1,002549,凯美特气
sz.002549,2025-04-02,10.11,5,False,10.01,31.1328,2122664272.55,55.3,0,0.1,002549,凯美特气
sz.002549,2025-04-07,11.12,1,False,-9.99,32.2777,2346086505.15,72.14,0,0.1,002549,凯美特气
sz.002549,2025-04-08,12.23,2,False,-2.88,31.6372,2499732843.67,85.58,0,0.1,002549,凯美特气
sz.002549,2025-04-22,10.46,1,False,-0.11,18.4874,1270778584.6,72.04,0,0.1,002549,凯美特气
sz.002552,2025-04-22,15.02,1,False,0.07,4.2548,195231557.44,-1.51,0,0.1,002552,宝鼎科技
sz.002553,2025-03-04,15.77,1,False,-0.84,14.3659,560176698.0,11.61,0,0.1,002553,南方精工
sz.002553,2025-03-18,19.27,1,False,-1.66,29.1272,1369057161.16,31.27,0,0.1,002553,南方精工
sz.002553,2025-03-19,21.2,2,False,2.91,53.2469,2731677295.15,32.67,0,0.1,002553,南方精工
sz.002553,2025-03-20,23.32,3,False,-0.94,44.7077,2525155064.82,48.72,0,0.1,002553,南方精工
sz.002553,2025-03-21,25.65,4,False,0.0,47.2914,2930579850.11,64.21,0,0.1,002553,南方精工
sz.002553,2025-03-25,25.4,1,False,-1.0,43.291,2697649754.27,55.83,0,0.1,002553,南方精工
sz.002553,2025-03-26,27.94,2,False,-0.12,32.8849,2238989960.42,74.84,0,0.1,002553,南方精工
sz.002553,2025-04-15,19.71,1,False,0.95,25.2929,1188464231.2,12.5,0,0.1,002553,南方精工
sz.002553,2025-04-23,20.6,1,False,0.64,20.148,1011771860.0,-18.9,0,0.1,002553,南方精工
sz.002553,2025-04-30,21.79,1,False,4.24,31.9266,1693442331.66,3.81,0,0.1,002553,南方精工
sz.002554,2025-03-21,2.96,1,False,2.6,8.1296,317566461.18,18.4,0,0.1,002554,惠博普
sz.002556,2025-04-08,5.41,1,False,1.83,3.151,154559551.5,0.93,0,0.1,002556,辉隆股份
sz.002559,2025-03-18,11.66,1,False,1.6,22.4824,1264757394.62,20.58,0,0.1,002559,亚威股份
sz.002559,2025-03-20,13.12,1,False,-1.59,42.4436,2631201190.37,29.01,0,0.1,002559,亚威股份
sz.002562,2025-04-15,4.28,1,False,0.77,7.6468,225251340.6,-1.83,0,0.1,002562,兄弟科技
sz.002562,2025-04-17,4.42,1,False,3.98,12.5705,377984973.1,1.61,0,0.1,002562,兄弟科技
sz.002563,2025-04-01,7.24,1,False,5.47,1.6644,263357431.9,14.74,0,0.1,002563,森马服饰
sz.002564,2025-04-11,3.99,1,False,-0.26,1.9729,66557654.0,2.31,1,0.1,002564,天沃科技
sz.002564,2025-04-15,4.39,1,True,10.03,0.135,5088010.0,11.14,0,0.1,002564,天沃科技
sz.002564,2025-04-16,4.83,2,True,10.02,0.2438,10106292.0,21.05,0,0.1,002564,天沃科技
sz.002564,2025-04-18,5.25,1,False,2.94,21.8921,953703736.56,31.58,0,0.1,002564,天沃科技
sz.002564,2025-04-22,5.6,1,False,-1.38,23.0002,1058703115.36,41.77,0,0.1,002564,天沃科技
sz.002564,2025-04-24,5.65,1,False,0.58,16.7453,789895780.8,39.51,0,0.1,002564,天沃科技
sz.002564,2025-04-28,5.83,1,False,-0.38,12.0814,585978450.66,40.14,0,0.1,002564,天沃科技
sz.002565,2025-04-22,3.7,1,False,0.6,9.5781,365771003.86,18.21,0,0.1,002565,顺灏股份
sz.002566,2025-04-10,7.32,1,False,0.75,7.2513,120071987.36,5.63,0,0.1,002566,益盛药业
sz.002566,2025-04-17,8.12,1,False,0.27,9.7742,176252211.25,13.25,0,0.1,002566,益盛药业
sz.002567,2025-04-08,5.27,1,False,0.42,14.4009,1055425407.27,7.33,0,0.1,002567,唐人神
sz.002568,2025-04-29,26.33,1,False,0.88,2.6016,475990573.08,0.69,0,0.1,002568,百润股份
sz.002569,2025-03-26,7.2,1,False,0.73,0.6215,6155416.03,-21.74,1,0.1,002569,*ST步森
sz.002569,2025-04-02,7.31,1,False,-1.15,2.0526,20630551.0,-19.58,1,0.1,002569,*ST步森
sz.002569,2025-04-10,6.77,1,False,0.78,1.1965,11152470.6,-21.73,1,0.1,002569,*ST步森
sz.002569,2025-04-24,6.96,1,False,1.36,2.1438,20697600.0,-3.33,1,0.1,002569,*ST步森
sz.002569,2025-04-30,6.75,1,False,-0.47,3.1735,29497304.0,-3.02,1,0.1,002569,*ST步森
sz.002570,2025-03-14,4.62,1,False,4.52,8.7639,431567934.78,6.21,0,0.1,002570,贝因美
sz.002570,2025-03-17,5.08,2,True,9.96,2.1111,115824482.6,12.64,0,0.1,002570,贝因美
sz.002570,2025-03-18,5.59,3,True,10.04,8.8522,534424124.0,31.53,0,0.1,002570,贝因美
sz.002570,2025-03-25,5.16,1,False,-0.85,28.0779,1506212924.67,13.66,0,0.1,002570,贝因美
sz.002570,2025-04-08,5.21,1,False,1.48,11.9197,658761385.61,18.14,0,0.1,002570,贝因美
sz.002570,2025-04-09,5.73,2,False,1.73,34.5884,2027924458.55,32.03,0,0.1,002570,贝因美
sz.002570,2025-04-10,6.3,3,False,-4.01,27.4455,1786905102.77,45.16,0,0.1,002570,贝因美
sz.002570,2025-04-11,6.93,4,False,3.33,43.6737,3165769729.13,65.0,0,0.1,002570,贝因美
sz.002570,2025-04-16,7.3,1,False,0.15,44.5205,3292790168.18,30.59,0,0.1,002570,贝因美
sz.002571,2025-03-17,6.29,1,False,0.87,11.7104,213966921.29,24.06,0,0.1,002571,德力股份
sz.002571,2025-04-02,6.49,1,False,1.19,5.0034,93295114.0,30.06,0,0.1,002571,德力股份
sz.002574,2025-03-11,5.38,1,False,-0.2,4.0281,110088982.8,12.55,0,0.1,002574,明牌珠宝
sz.002574,2025-03-12,5.92,2,True,10.04,3.3455,104572431.04,24.89,0,0.1,002574,明牌珠宝
sz.002574,2025-03-13,6.51,3,False,9.97,6.6728,228830875.61,38.51,0,0.1,002574,明牌珠宝
sz.002574,2025-03-14,7.16,4,True,9.98,1.9053,72028339.84,51.37,0,0.1,002574,明牌珠宝
sz.002574,2025-03-17,7.88,5,False,1.96,27.5722,1104065643.86,60.82,0,0.1,002574,明牌珠宝
sz.002574,2025-03-18,8.67,6,False,0.0,30.5668,1319387389.84,84.86,0,0.1,002574,明牌珠宝
sz.002574,2025-04-02,6.64,1,False,-0.99,16.1723,538543871.57,36.34,0,0.1,002574,明牌珠宝
sz.002575,2025-03-03,12.49,3,True,10.04,0.3003,21687636.0,84.22,0,0.1,002575,群兴玩具
sz.002575,2025-03-06,12.78,1,False,0.43,45.0539,3229652895.13,76.28,0,0.1,002575,群兴玩具
sz.002580,2025-03-18,17.96,1,False,5.08,24.599,1977655918.23,92.09,0,0.1,002580,圣阳股份
sz.002581,2025-03-03,10.42,1,False,0.21,3.4601,141629779.72,1.56,0,0.1,002581,*ST未名
sz.002581,2025-04-30,6.61,1,False,-5.32,10.7155,269794527.21,-30.71,0,0.1,002581,*ST未名
sz.002582,2025-04-02,9.9,1,False,0.0,15.447,511673140.31,-2.56,0,0.1,002582,好想你
sz.002582,2025-04-21,11.59,1,False,-0.19,18.4248,708898029.26,18.99,0,0.1,002582,好想你
sz.002582,2025-04-24,12.0,1,False,8.16,19.3787,790746141.65,20.36,0,0.1,002582,好想你
sz.002583,2025-04-18,11.76,1,False,-0.37,8.8406,1313040327.08,-6.89,0,0.1,002583,海能达
sz.002583,2025-04-21,12.94,2,False,6.97,15.0451,2453881811.97,5.29,0,0.1,002583,海能达
sz.002584,2025-03-27,8.34,1,False,-0.4,26.0794,920956578.7,5.04,0,0.1,002584,西陇科学
sz.002584,2025-04-17,9.04,1,False,-0.97,14.1503,548061150.6,14.14,0,0.1,002584,西陇科学
sz.002584,2025-04-22,10.18,1,False,-1.08,28.3899,1158907531.55,36.64,0,0.1,002584,西陇科学
sz.002584,2025-04-24,10.78,1,False,-0.92,29.657,1311680873.18,42.22,0,0.1,002584,西陇科学
sz.002586,2025-03-12,2.32,1,False,1.36,0.6812,14055420.0,11.0,1,0.1,002586,ST围海
sz.002586,2025-03-14,2.47,1,False,0.43,1.537,33830020.0,12.79,1,0.1,002586,ST围海
sz.002586,2025-03-17,2.59,2,False,1.21,1.5236,34885728.72,20.47,1,0.1,002586,ST围海
sz.002586,2025-03-18,2.72,3,False,1.54,0.6572,15879355.0,30.14,1,0.1,002586,ST围海
sz.002586,2025-03-19,2.86,4,True,5.15,0.1473,3777974.2,33.64,1,0.1,002586,ST围海
sz.002586,2025-03-20,3.0,5,True,4.9,0.1142,3072090.0,42.18,1,0.1,002586,ST围海
sz.002586,2025-03-26,2.9,1,False,-1.45,1.0406,25966139.04,31.82,1,0.1,002586,ST围海
sz.002586,2025-04-21,3.01,1,True,4.88,0.2225,6007719.2,5.61,1,0.1,002586,ST围海
sz.002587,2025-04-29,5.67,1,False,8.93,4.4386,127919161.36,-2.24,0,0.1,002587,奥拓电子
sz.002588,2025-04-08,7.63,1,False,1.44,4.0829,310530103.32,6.42,0,0.1,002588,史丹利
sz.002590,2025-03-04,14.03,1,False,-0.16,4.0214,249044344.64,17.6,0,0.1,002590,万安科技
sz.002592,2025-04-28,5.29,1,True,4.96,0.4999,6948124.05,4.55,1,0.1,002592,ST八菱
sz.002598,2025-03-26,11.31,1,False,-0.1,6.1866,192305083.69,-0.35,0,0.1,002598,ST章鼓
sz.002602,2025-04-10,6.23,1,False,2.87,1.759,745788519.76,-9.18,1,0.1,002602,世纪华通
sz.002602,2025-04-29,7.4,1,True,4.96,0.5566,283318309.2,15.09,1,0.1,002602,世纪华通
sz.002609,2025-03-06,9.32,1,False,0.47,4.1748,175292582.18,13.11,0,0.1,002609,捷顺科技
sz.002609,2025-04-11,9.13,1,False,-0.6,4.0722,164049446.33,-1.19,0,0.1,002609,捷顺科技
sz.002611,2025-04-10,11.26,1,False,9.86,9.623,1073646229.24,-11.34,0,0.1,002611,东方精工
sz.002620,2025-04-09,3.43,1,False,5.13,10.0878,107922851.5,-9.97,0,0.1,002620,*ST瑞和
sz.002620,2025-04-30,3.53,1,False,5.06,19.8362,220097065.44,-2.49,1,0.1,002620,*ST瑞和
sz.002622,2025-03-10,3.2,1,False,3.09,6.4105,171139951.0,8.47,0,0.1,002622,皓宸医疗
sz.002625,2025-04-10,38.69,1,False,2.64,2.4569,1984397819.49,-7.06,0,0.1,002625,光启技术
sz.002626,2025-04-10,14.89,1,False,3.25,2.5386,225720209.57,4.05,0,0.1,002626,金达威
sz.002627,2025-04-22,5.93,1,False,0.19,10.797,447538054.41,12.74,0,0.1,002627,三峡旅游
sz.002627,2025-04-25,6.16,1,False,1.61,10.3751,436694474.24,16.45,0,0.1,002627,三峡旅游
sz.002629,2025-03-18,5.48,1,False,-0.2,17.0435,319820085.73,12.3,0,0.1,002629,仁智股份
sz.002629,2025-04-18,5.24,1,False,0.63,10.143,179089350.0,-4.03,0,0.1,002629,仁智股份
sz.002629,2025-04-21,5.76,2,False,6.68,15.6304,312794916.35,6.67,0,0.1,002629,仁智股份
sz.002630,2025-03-17,4.75,1,False,0.69,10.0197,488801796.63,8.2,0,0.1,002630,*ST华西
sz.002630,2025-03-24,5.09,1,False,-1.08,12.6065,652008982.08,19.48,0,0.1,002630,*ST华西
sz.002630,2025-03-25,5.6,2,False,7.27,25.1047,1432731860.37,30.23,0,0.1,002630,*ST华西
sz.002630,2025-04-09,4.2,1,False,-4.19,16.9286,715217367.91,-6.25,0,0.1,002630,*ST华西
sz.002631,2025-03-04,4.75,1,False,-1.16,5.9931,216035032.71,24.02,0,0.1,002631,德尔未来
sz.002631,2025-03-28,4.83,1,False,0.0,7.9557,297669178.24,18.67,0,0.1,002631,德尔未来
sz.002631,2025-04-17,5.04,1,False,-0.87,4.464,177365661.56,7.46,0,0.1,002631,德尔未来
sz.002633,2025-03-19,12.97,1,False,0.17,8.6298,162810902.87,15.08,0,0.1,002633,申科股份
sz.002633,2025-03-20,14.27,2,False,0.77,17.6581,352481249.28,19.82,0,0.1,002633,申科股份
sz.002633,2025-03-21,15.7,3,False,-0.21,15.5872,355702359.69,35.34,0,0.1,002633,申科股份
sz.002633,2025-04-29,12.27,1,False,7.62,3.0265,54145501.73,6.79,0,0.1,002633,申科股份
sz.002634,2025-04-23,3.64,1,False,1.21,4.9048,77182671.36,1.39,0,0.1,002634,*ST棒杰
sz.002634,2025-04-24,4.0,2,False,4.4,5.6626,96408650.0,6.38,0,0.1,002634,*ST棒杰
sz.002638,2025-03-12,2.37,1,False,1.4,6.9297,212346115.0,2.6,0,0.1,002638,勤上股份
sz.002639,2025-03-25,8.61,1,False,-1.66,19.7278,1066001420.57,13.29,0,0.1,002639,雪人集团
sz.002639,2025-03-28,8.92,1,False,1.85,31.739,1820189439.98,20.54,0,0.1,002639,雪人集团
sz.002639,2025-04-14,7.92,1,False,2.78,10.2157,515974911.48,4.76,0,0.1,002639,雪人集团
sz.002640,2025-04-10,3.19,1,False,10.0,4.2754,190545884.26,-25.29,0,0.1,002640,跨境通
sz.002640,2025-04-11,3.51,2,False,10.03,7.2272,352505498.05,-15.42,0,0.1,002640,跨境通
sz.002640,2025-04-14,3.86,3,False,2.56,28.2404,1467969955.5,-9.18,0,0.1,002640,跨境通
sz.002640,2025-04-21,3.81,1,False,0.29,9.9689,520216243.59,-4.99,0,0.1,002640,跨境通
sz.002640,2025-04-22,4.19,2,True,9.97,3.6109,211385500.0,8.83,0,0.1,002640,跨境通
sz.002642,2025-03-20,9.7,1,False,-1.02,12.9422,798427312.0,11.37,0,0.1,002642,荣联科技
sz.002645,2025-03-19,8.51,1,False,-0.26,8.1432,343685132.92,19.19,0,0.1,002645,华宏科技
sz.002645,2025-03-26,9.23,1,False,-2.26,9.864,444344151.55,23.89,0,0.1,002645,华宏科技
sz.002645,2025-03-28,9.57,1,False,1.72,11.5567,525818630.62,32.92,0,0.1,002645,华宏科技
sz.002647,2025-03-13,5.51,1,True,4.95,0.0653,2439828.0,-9.08,1,0.1,002647,仁东控股
sz.002647,2025-03-14,5.79,2,True,5.08,0.021,823673.82,-5.08,1,0.1,002647,仁东控股
sz.002647,2025-03-17,6.08,3,False,5.01,1.1984,49296590.48,1.16,1,0.1,002647,仁东控股
sz.002647,2025-03-21,6.26,1,False,0.67,4.3939,183786801.31,9.06,1,0.1,002647,仁东控股
sz.002647,2025-04-10,5.33,1,False,0.79,2.3909,84893443.18,-10.57,1,0.1,002647,仁东控股
sz.002648,2025-04-23,17.42,1,False,6.38,3.6266,2106413874.97,-19.58,0,0.1,002648,卫星化学
sz.002648,2025-04-25,19.15,1,False,8.9,9.0148,5727177603.91,-13.78,0,0.1,002648,卫星化学
sz.002650,2025-03-18,5.03,1,False,0.63,0.9033,51555254.87,12.03,1,0.1,002650,ST加加
sz.002650,2025-04-22,5.24,1,False,0.4,0.8301,49137819.5,4.59,1,0.1,002650,ST加加
sz.002650,2025-04-28,5.34,1,False,1.18,0.831,50585308.0,10.33,1,0.1,002650,ST加加
sz.002650,2025-04-29,5.61,2,False,2.81,0.5609,35795192.82,16.39,1,0.1,002650,ST加加
sz.002651,2025-04-21,6.83,1,False,0.48,4.7522,180862954.49,-5.4,0,0.1,002651,利君股份
sz.002653,2025-04-11,47.45,1,False,-0.95,1.497,356315623.71,38.62,0,0.1,002653,海思科
sz.002655,2025-03-19,14.12,1,False,-0.47,10.5503,512313148.61,1.15,0,0.1,002655,共达电声
sz.002655,2025-03-20,15.53,2,False,9.99,25.5518,1412764900.3,9.37,0,0.1,002655,共达电声
sz.002655,2025-03-31,16.57,1,False,1.79,24.3457,1414609372.98,31.51,0,0.1,002655,共达电声
sz.002656,2025-03-25,2.19,1,False,1.91,1.707,22411462.72,-10.61,1,0.1,002656,摩登大道
sz.002656,2025-04-10,2.05,1,False,0.0,2.0469,25377407.0,-6.82,1,0.1,002656,摩登大道
sz.002656,2025-04-11,2.15,2,False,0.0,1.9801,25332799.12,-2.27,1,0.1,002656,摩登大道
sz.002656,2025-04-14,2.26,3,True,5.12,0.197,2712904.0,0.44,1,0.1,002656,摩登大道
sz.002656,2025-04-15,2.37,4,True,4.87,0.1786,2579768.7,3.95,1,0.1,002656,摩登大道
sz.002656,2025-04-16,2.49,5,False,5.06,2.6382,40035097.0,13.7,1,0.1,002656,摩登大道
sz.002656,2025-04-30,2.29,1,False,2.29,1.1027,15127600.2,5.53,1,0.1,002656,摩登大道
sz.002657,2025-03-06,21.34,1,False,3.61,12.7691,891981190.72,4.81,0,0.1,002657,中科金财
sz.002657,2025-04-23,20.1,1,False,1.97,7.1214,474440995.2,2.39,0,0.1,002657,中科金财
sz.002664,2025-03-17,19.7,1,False,1.62,6.5463,499819315.2,10.67,0,0.1,002664,信质集团
sz.002664,2025-04-30,17.23,1,False,1.02,6.1453,408488427.99,3.24,0,0.1,002664,信质集团
sz.002667,2025-03-24,11.11,1,False,0.0,11.3057,282157474.0,9.14,0,0.1,002667,*ST威领
sz.002667,2025-04-01,12.41,1,False,-0.18,10.6045,301852742.08,21.91,0,0.1,002667,*ST威领
sz.002667,2025-04-14,14.05,1,False,6.03,4.9848,163600520.44,32.92,0,0.1,002667,*ST威领
sz.002667,2025-04-30,13.41,1,False,4.59,11.2515,344088470.18,8.06,0,0.1,002667,*ST威领
sz.002672,2025-03-10,4.47,1,False,0.0,1.8666,74289983.09,8.23,0,0.1,002672,东江环保
sz.002672,2025-04-22,4.28,1,False,0.77,0.9118,33975701.0,2.15,0,0.1,002672,东江环保
sz.002675,2025-04-14,14.26,1,False,1.47,3.0567,320823020.14,7.06,0,0.1,002675,东诚药业
sz.002678,2025-03-14,5.08,1,False,0.22,1.0164,67726581.86,9.25,0,0.1,002678,珠江钢琴
sz.002678,2025-04-22,4.84,1,False,0.45,2.6623,172242553.12,5.91,0,0.1,002678,珠江钢琴
sz.002679,2025-03-04,9.17,1,False,0.12,3.0327,64167882.8,13.49,0,0.1,002679,福建金森
sz.002681,2025-03-24,9.13,1,False,4.82,22.6037,3158879212.02,2.01,0,0.1,002681,奋达科技
sz.002682,2025-03-24,5.42,1,False,1.62,16.9879,504030143.33,22.62,0,0.1,002682,龙洲股份
sz.002682,2025-03-26,5.67,1,False,-2.52,11.8323,357325734.7,26.56,0,0.1,002682,龙洲股份
sz.002685,2025-04-09,5.53,1,False,-2.39,5.2746,272411258.11,-19.39,0,0.1,002685,华东重机
sz.002685,2025-04-11,6.29,1,False,4.02,7.4436,459810849.1,-3.53,0,0.1,002685,华东重机
sz.002686,2025-03-26,7.08,1,False,-0.16,4.2541,152940241.0,17.22,0,0.1,002686,亿利达
sz.002686,2025-03-27,7.79,2,True,10.03,1.6095,65541609.03,30.05,0,0.1,002686,亿利达
sz.002688,2025-03-27,5.25,1,False,0.84,8.7354,328893581.29,17.71,0,0.1,002688,金河生物
sz.002688,2025-04-01,5.19,1,False,-1.06,3.9176,147628424.85,16.37,0,0.1,002688,金河生物
sz.002688,2025-04-03,5.94,1,True,10.0,3.4513,152744605.2,34.39,0,0.1,002688,金河生物
sz.002688,2025-04-07,6.53,2,True,9.93,3.6121,175737025.15,48.41,0,0.1,002688,金河生物
sz.002688,2025-04-08,7.18,3,True,9.95,3.2104,171742067.44,61.71,0,0.1,002688,金河生物
sz.002688,2025-04-09,7.9,4,True,10.03,0.9993,58817475.0,76.73,0,0.1,002688,金河生物
sz.002693,2025-04-10,7.93,1,False,0.97,4.6977,148499211.56,-29.13,0,0.1,002693,双成药业
sz.002693,2025-04-14,9.23,1,False,1.67,12.3923,449416061.23,-18.25,0,0.1,002693,双成药业
sz.002693,2025-04-15,10.15,2,False,-0.98,17.534,704241526.16,-12.42,0,0.1,002693,双成药业
sz.002693,2025-04-16,11.17,3,False,1.67,13.4338,604356181.78,-0.98,0,0.1,002693,双成药业
sz.002693,2025-04-17,12.29,4,False,3.67,8.3846,416303907.84,13.9,0,0.1,002693,双成药业
sz.002693,2025-04-24,10.53,1,False,-10.03,23.4042,936065023.51,13.47,0,0.1,002693,双成药业
sz.002695,2025-04-22,11.03,1,False,-0.3,4.2587,228731415.89,2.8,0,0.1,002695,煌上煌
sz.002696,2025-04-11,5.68,1,False,-0.58,7.1773,134239689.36,3.46,0,0.1,002696,百洋股份
sz.002697,2025-03-04,5.62,1,True,9.98,3.0627,185474196.12,8.49,0,0.1,002697,红旗连锁
sz.002697,2025-04-08,5.38,1,False,0.2,5.9099,334051925.27,-8.97,0,0.1,002697,红旗连锁
sz.002697,2025-04-23,6.9,1,False,-1.12,14.5942,1024498144.81,25.0,0,0.1,002697,红旗连锁
sz.002700,2025-03-05,11.16,1,True,4.99,1.2337,46088400.6,8.77,1,0.1,002700,万憬能源
sz.002702,2025-04-22,4.62,1,False,1.9,10.2744,213072493.14,14.07,0,0.1,002702,海欣食品
sz.002703,2025-04-23,12.01,1,True,9.98,1.3528,95214679.5,-5.51,0,0.1,002703,浙江世宝
sz.002706,2025-03-06,9.14,1,False,0.84,12.9871,1061561284.25,33.24,0,0.1,002706,良信股份
sz.002707,2025-04-09,8.13,1,False,-1.22,12.78,815028933.59,1.12,0,0.1,002707,众信旅游
sz.002708,2025-03-17,12.56,1,False,0.09,11.0361,680645549.24,13.15,0,0.1,002708,光洋股份
sz.002708,2025-03-26,13.22,1,False,-0.92,5.6786,376668710.02,8.81,0,0.1,002708,光洋股份
sz.002708,2025-04-23,11.24,1,False,1.27,6.9272,390921880.72,-6.49,0,0.1,002708,光洋股份
sz.002712,2025-04-15,5.56,1,False,3.96,3.6721,108564841.57,-7.33,0,0.1,002712,思美传媒
sz.002713,2025-03-10,4.91,1,False,0.67,8.7392,171810046.88,13.66,0,0.1,002713,东易日盛
sz.002713,2025-03-19,5.83,1,True,10.0,3.7174,89152126.8,42.89,0,0.1,002713,东易日盛
sz.002713,2025-03-20,6.41,2,True,9.95,1.0291,27136094.0,56.34,0,0.1,002713,东易日盛
sz.002713,2025-03-21,7.05,3,True,9.98,1.1994,34784841.0,76.25,0,0.1,002713,东易日盛
sz.002713,2025-04-14,5.23,1,False,2.53,5.4486,113397679.0,-3.68,0,0.1,002713,东易日盛
sz.002713,2025-04-30,4.25,1,False,2.47,10.2473,177096665.38,-15.34,1,0.1,002713,东易日盛
sz.002715,2025-03-18,16.93,1,False,0.78,7.5027,169483801.27,19.23,0,0.1,002715,登云股份
sz.002715,2025-04-17,16.42,1,False,0.4,4.4616,99065426.46,-9.38,0,0.1,002715,登云股份
sz.002716,2025-04-21,3.97,1,False,1.11,10.6829,912201528.75,5.03,0,0.1,002716,湖南白银
sz.002717,2025-04-15,3.2,1,False,-0.34,9.8594,494211127.8,-10.36,0,0.1,002717,*ST岭南
sz.002719,2025-03-14,8.36,1,False,2.63,9.9738,130678770.6,9.14,0,0.1,002719,ST麦趣
sz.002719,2025-04-15,8.18,1,False,-0.27,7.8004,101064399.0,-4.99,0,0.1,002719,ST麦趣
sz.002719,2025-04-16,9.0,2,False,0.24,36.4551,511703554.81,4.29,0,0.1,002719,ST麦趣
sz.002719,2025-04-17,9.9,3,False,-1.0,36.7536,545782774.53,15.93,0,0.1,002719,ST麦趣
sz.002724,2025-03-13,5.52,1,False,0.2,3.145,94295662.39,11.07,0,0.1,002724,海洋王
sz.002724,2025-03-14,6.07,2,True,9.96,0.9484,32915084.88,22.63,0,0.1,002724,海洋王
sz.002724,2025-03-17,6.68,3,True,10.05,0.9706,37070032.08,32.28,0,0.1,002724,海洋王
sz.002724,2025-03-18,7.35,4,False,10.03,15.7206,659818527.36,51.55,0,0.1,002724,海洋王
sz.002724,2025-03-20,8.02,1,False,-3.02,16.6417,715774792.23,59.44,0,0.1,002724,海洋王
sz.002724,2025-03-24,9.33,1,False,-4.95,21.5237,1031519431.11,86.23,0,0.1,002724,海洋王
sz.002725,2025-03-04,13.99,1,True,9.98,1.0145,30078500.0,19.78,0,0.1,002725,跃岭股份
sz.002725,2025-03-05,15.39,2,True,10.01,0.7207,23504531.4,29.44,0,0.1,002725,跃岭股份
sz.002730,2025-03-12,20.44,1,False,1.02,10.349,725754345.28,-6.67,0,0.1,002730,电光科技
sz.002730,2025-04-11,15.39,1,False,2.22,3.8815,202275113.0,-29.69,0,0.1,002730,电光科技
sz.002730,2025-04-30,15.8,1,True,10.03,1.9331,105685884.0,-1.19,0,0.1,002730,电光科技
sz.002732,2025-03-14,17.38,1,False,0.63,6.0198,159797383.57,11.98,0,0.1,002732,燕塘乳业
sz.002732,2025-04-10,18.19,1,False,-1.87,6.9702,191671056.38,15.27,0,0.1,002732,燕塘乳业
sz.002732,2025-04-14,19.84,1,False,-3.82,18.1611,539925997.9,14.15,0,0.1,002732,燕塘乳业
sz.002733,2025-03-20,20.93,1,False,-0.16,14.6578,1110574916.6,15.96,0,0.1,002733,雄韬股份
sz.002734,2025-04-08,11.17,1,True,10.05,2.7097,98730725.23,14.8,0,0.1,002734,利民股份
sz.002735,2025-03-12,9.94,1,False,0.22,14.214,382751954.38,7.23,0,0.1,002735,王子新材
sz.002735,2025-03-24,10.49,1,False,-0.42,15.1168,437893571.23,10.3,0,0.1,002735,王子新材
sz.002735,2025-03-25,11.54,2,False,6.86,23.1554,742995494.6,22.12,0,0.1,002735,王子新材
sz.002735,2025-04-01,11.44,1,False,0.67,17.5498,537010066.11,19.54,0,0.1,002735,王子新材
sz.002742,2025-03-12,3.96,1,False,-0.27,1.7857,29816820.0,5.32,1,0.1,002742,冀衡医药
sz.002742,2025-04-11,4.06,1,False,1.03,2.8509,49410810.0,4.91,1,0.1,002742,冀衡医药
sz.002742,2025-04-14,4.26,2,False,4.93,1.963,36111775.0,10.36,1,0.1,002742,冀衡医药
sz.002742,2025-04-15,4.47,3,True,4.93,0.3465,6688014.0,16.41,1,0.1,002742,冀衡医药
sz.002742,2025-04-21,4.33,1,False,-0.24,3.061,56288744.0,16.4,1,0.1,002742,冀衡医药
sz.002748,2025-04-14,7.68,1,False,0.68,1.2245,22397943.0,-1.79,1,0.1,002748,世龙实业
sz.002749,2025-03-27,15.7,1,False,3.71,4.599,299518996.55,17.34,0,0.1,002749,国光股份
sz.002755,2025-03-07,16.63,1,False,0.86,2.1941,330235949.9,23.28,0,0.1,002755,奥赛康
sz.002755,2025-03-27,18.24,1,False,0.12,1.3987,229364915.2,22.09,0,0.1,002755,奥赛康
sz.002757,2025-03-06,22.23,1,True,10.0,3.3799,211923814.05,28.57,0,0.1,002757,南兴股份
sz.002757,2025-03-07,24.45,2,True,9.99,1.8854,130023877.5,34.71,0,0.1,002757,南兴股份
sz.002757,2025-03-26,21.58,1,False,-0.46,8.6206,497306271.57,-3.23,0,0.1,002757,南兴股份
sz.002758,2025-04-08,8.8,1,False,1.12,2.2827,101752449.61,-2.0,0,0.1,002758,浙农股份
sz.002759,2025-03-03,9.27,1,False,0.47,6.9622,314272976.27,19.61,0,0.1,002759,ST天际
sz.002760,2025-03-07,21.97,1,False,4.26,19.6573,456457292.36,31.16,0,0.1,002760,凤形股份
sz.002760,2025-03-10,24.17,2,False,10.01,6.613,172567343.11,41.43,0,0.1,002760,凤形股份
sz.002760,2025-03-11,26.59,3,False,3.43,27.2726,713429725.48,55.68,0,0.1,002760,凤形股份
sz.002760,2025-04-14,18.54,1,False,0.53,4.9272,95856863.42,-14.01,0,0.1,002760,凤形股份
sz.002762,2025-03-14,6.56,1,False,4.03,15.6762,212018668.4,20.59,0,0.1,002762,金发拉比
sz.002762,2025-03-17,7.22,2,False,10.06,10.2062,155747211.05,27.79,0,0.1,002762,金发拉比
sz.002762,2025-04-10,5.76,1,False,0.38,8.1522,96079116.5,-1.71,0,0.1,002762,金发拉比
sz.002765,2025-03-06,14.49,1,False,0.53,17.634,1459276931.15,36.83,0,0.1,002765,蓝黛科技
sz.002765,2025-03-26,15.69,1,False,2.88,15.2583,1379163739.14,13.2,0,0.1,002765,蓝黛科技
sz.002767,2025-03-21,18.21,1,False,-0.48,17.0444,378333897.04,14.38,0,0.1,002767,先锋电子
sz.002767,2025-03-24,20.03,2,True,9.99,3.7695,98292217.5,26.53,0,0.1,002767,先锋电子
sz.002767,2025-03-25,22.03,3,False,4.84,31.3828,877087557.27,40.14,0,0.1,002767,先锋电子
sz.002767,2025-04-09,14.37,1,False,-2.22,12.2919,210479362.65,-10.52,0,0.1,002767,先锋电子
sz.002769,2025-04-28,7.44,1,False,7.54,4.7183,113837740.3,4.49,0,0.1,002769,普路通
sz.002772,2025-04-08,7.94,1,False,0.55,10.3902,312805944.87,10.43,0,0.1,002772,众兴菌业
sz.002773,2025-03-10,21.48,1,False,1.02,2.363,341292379.05,8.27,0,0.1,002773,康弘药业
sz.002773,2025-03-27,24.18,1,False,-0.09,2.6736,429839030.75,23.24,0,0.1,002773,康弘药业
sz.002773,2025-04-21,28.66,1,False,0.04,2.1967,417526168.08,29.39,0,0.1,002773,康弘药业
sz.002779,2025-04-11,86.38,1,False,-1.99,5.0193,493178536.22,-23.59,0,0.1,002779,中坚科技
sz.002779,2025-04-25,104.39,1,False,2.13,4.836,579135896.38,1.88,0,0.1,002779,中坚科技
sz.002780,2025-04-18,12.29,1,False,2.42,23.5106,375633889.35,6.04,0,0.1,002780,三夫户外
sz.002780,2025-04-28,11.63,1,False,8.8,10.0216,151323620.72,5.34,0,0.1,002780,三夫户外
sz.002785,2025-03-12,31.72,1,False,0.21,7.9734,410698411.77,3.69,0,0.1,002785,万里石
sz.002786,2025-03-04,11.01,1,False,0.1,4.6582,251114977.0,25.4,0,0.1,002786,银宝山新
sz.002786,2025-04-29,8.87,1,False,-0.12,3.2487,139593502.0,-3.17,0,0.1,002786,银宝山新
sz.002789,2025-03-17,8.13,1,False,1.22,3.897,41054023.2,4.5,0,0.1,002789,*ST建艺
sz.002789,2025-03-18,8.94,2,False,1.6,22.225,247800320.9,19.52,0,0.1,002789,*ST建艺
sz.002789,2025-03-19,9.83,3,False,-2.01,21.2655,265595144.75,29.34,0,0.1,002789,*ST建艺
sz.002789,2025-04-01,7.92,1,False,2.08,6.0913,61459788.3,2.33,0,0.1,002789,*ST建艺
sz.002789,2025-04-10,7.27,1,False,0.61,8.3468,76115167.26,-3.32,0,0.1,002789,*ST建艺
sz.002789,2025-04-14,7.72,1,True,9.97,2.7459,27871516.0,4.47,0,0.1,002789,*ST建艺
sz.002789,2025-04-29,6.6,1,False,-0.16,5.1903,44242496.1,-8.33,1,0.1,002789,*ST建艺
sz.002789,2025-04-30,6.93,2,False,0.3,3.3193,29710975.36,-12.5,1,0.1,002789,*ST建艺
sz.002792,2025-04-18,14.47,1,False,-0.3,8.2321,360613887.87,-7.54,0,0.1,002792,通宇通讯
sz.002793,2025-04-01,4.09,1,False,1.08,3.3096,143912750.0,12.67,0,0.1,002793,罗欣药业
sz.002793,2025-04-15,4.24,1,False,6.23,2.2571,103031969.96,4.43,0,0.1,002793,罗欣药业
sz.002793,2025-04-24,4.72,1,False,0.23,5.382,270457369.58,21.34,0,0.1,002793,罗欣药业
sz.002795,2025-04-21,5.06,1,False,0.43,5.3349,113330688.6,-11.38,0,0.1,002795,永和智控
sz.002796,2025-04-18,11.79,1,False,0.65,11.0036,282146007.37,-9.86,0,0.1,002796,世嘉科技
sz.002800,2025-04-03,11.37,1,False,-0.58,7.9345,124162413.56,4.7,0,0.1,002800,天顺股份
sz.002800,2025-04-08,11.99,1,False,-1.83,12.7251,204833248.92,11.85,0,0.1,002800,天顺股份
sz.002800,2025-04-09,13.19,2,False,10.01,10.4585,195261341.53,21.12,0,0.1,002800,天顺股份
sz.002800,2025-04-10,14.51,3,True,10.01,1.0324,21220933.04,28.63,0,0.1,002800,天顺股份
sz.002801,2025-03-05,36.01,1,False,-0.73,6.423,253205736.38,28.65,0,0.1,002801,微光股份
sz.002801,2025-03-20,39.27,1,False,0.0,8.8244,383006000.66,18.07,0,0.1,002801,微光股份
sz.002801,2025-03-26,40.41,1,False,-0.22,7.1795,326840433.04,14.9,0,0.1,002801,微光股份
sz.002802,2025-04-11,14.97,1,False,0.22,1.5112,40826961.85,6.7,0,0.1,002802,洪汇新材
sz.002803,2025-04-10,12.39,1,False,0.62,4.8333,168664074.2,-7.26,0,0.1,002803,吉宏股份
sz.002806,2025-04-08,11.37,1,False,-1.45,7.9755,132259467.51,-7.03,0,0.1,002806,华锋股份
sz.002806,2025-04-18,11.98,1,False,-0.18,11.4746,208722638.78,-7.49,0,0.1,002806,华锋股份
sz.002808,2025-03-06,3.07,1,False,1.03,2.3544,13291697.0,9.64,1,0.1,002808,
sz.002808,2025-03-17,3.22,1,False,-0.98,5.899,34747085.84,3.54,1,0.1,002808,
sz.002808,2025-03-18,3.38,2,False,1.86,1.8944,11774830.64,9.03,1,0.1,002808,
sz.002808,2025-03-26,3.14,1,False,-0.33,2.4196,13828731.36,6.44,1,0.1,002808,
sz.002808,2025-03-28,3.26,1,False,0.32,4.2999,25894021.92,13.59,1,0.1,002808,
sz.002808,2025-04-01,3.26,1,False,-2.26,5.1159,30181687.0,13.59,1,0.1,002808,
sz.002808,2025-04-10,3.07,1,False,3.77,2.9686,16875715.0,0.66,1,0.1,002808,
sz.002809,2025-04-17,8.71,1,False,-1.39,6.8679,81101214.52,-1.25,0,0.1,002809,红墙股份
sz.002809,2025-04-18,9.58,2,False,8.5,24.2209,314918571.99,7.28,0,0.1,002809,红墙股份
sz.002809,2025-04-21,10.54,3,False,2.51,44.4357,630982556.72,17.24,0,0.1,002809,红墙股份
sz.002809,2025-04-22,11.59,4,False,-9.58,43.5128,639754284.21,31.7,0,0.1,002809,红墙股份
sz.002809,2025-04-24,11.9,1,False,-6.47,39.9351,615940078.15,33.26,0,0.1,002809,红墙股份
sz.002809,2025-04-29,13.01,1,False,1.61,39.3093,691095166.16,54.7,0,0.1,002809,红墙股份
sz.002816,2025-03-10,14.75,1,False,0.0,7.4736,107865328.75,2.43,0,0.1,002816,*ST和科
sz.002816,2025-04-11,12.1,1,False,0.0,5.8908,68819786.0,-16.09,0,0.1,002816,*ST和科
sz.002816,2025-04-14,13.31,2,False,1.65,8.2614,102864865.0,-9.08,0,0.1,002816,*ST和科
sz.002816,2025-04-23,10.9,1,False,-3.73,7.9304,82657581.48,-13.83,0,0.1,002816,*ST和科
sz.002816,2025-04-30,11.77,1,False,3.03,9.8489,115300814.91,-1.51,1,0.1,002816,*ST和科
sz.002819,2025-04-08,25.61,1,False,-3.09,2.1448,119743256.1,-6.12,0,0.1,002819,东方中科
sz.002820,2025-04-16,12.3,1,False,-0.89,13.8738,325298478.5,3.1,0,0.1,002820,桂发祥
sz.002820,2025-04-17,13.53,2,False,1.63,33.4614,885217276.49,15.25,0,0.1,002820,桂发祥
sz.002821,2025-04-24,73.77,1,False,4.21,2.6781,624139511.59,-4.87,0,0.1,002821,凯莱英
sz.002822,2025-03-07,3.5,1,False,4.8,4.6645,86412902.4,-4.89,1,0.1,002822,ST中装
sz.002822,2025-04-21,3.28,1,False,0.32,1.7216,31456475.11,-8.38,1,0.1,002822,ST中装
sz.002824,2025-03-05,20.52,1,False,0.05,15.7845,587028389.91,35.36,0,0.1,002824,和胜股份
sz.002825,2025-04-09,7.92,1,False,-2.92,7.2267,141395249.01,-8.55,0,0.1,002825,纳尔股份
sz.002828,2025-04-09,8.13,1,False,-2.03,8.6221,126521636.14,-8.75,0,0.1,002828,贝肯能源
sz.002829,2025-03-21,22.73,1,False,3.05,16.7057,533892241.2,11.75,0,0.1,002829,星网宇达
sz.002836,2025-04-17,8.81,1,True,9.99,3.0332,61569407.42,2.68,0,0.1,002836,新宏泽
sz.002836,2025-04-18,9.69,2,True,9.99,1.1141,24872757.12,13.47,0,0.1,002836,新宏泽
sz.002838,2025-03-14,15.25,1,False,-0.87,6.1541,355593339.13,27.08,0,0.1,002838,道恩股份
sz.002838,2025-03-19,16.56,1,False,-0.13,5.1849,327123604.54,39.63,0,0.1,002838,道恩股份
sz.002838,2025-03-27,17.53,1,False,-0.25,5.4928,366687121.34,27.96,0,0.1,002838,道恩股份
sz.002838,2025-04-11,16.12,1,False,-0.41,4.1601,257069315.22,16.31,0,0.1,002838,道恩股份
sz.002843,2025-04-14,21.18,1,False,2.03,7.1188,362468187.0,-22.59,0,0.1,002843,泰嘉股份
sz.002843,2025-04-17,22.34,1,False,0.0,7.2674,395905397.18,-13.98,0,0.1,002843,泰嘉股份
sz.002846,2025-03-10,10.51,1,False,8.38,11.2108,302230665.03,16.91,0,0.1,002846,英联股份
sz.002846,2025-04-08,8.68,1,False,10.01,3.9339,87700063.0,-17.41,0,0.1,002846,英联股份
sz.002847,2025-04-08,77.02,1,False,-1.0,3.0423,543803265.26,40.73,0,0.1,002847,盐津铺子
sz.002849,2025-04-10,14.54,1,False,2.5,2.539,68701819.6,-12.25,0,0.1,002849,威星智能
sz.002851,2025-03-12,66.9,1,False,1.74,9.3004,2704248954.05,8.18,0,0.1,002851,麦格米特
sz.002851,2025-04-10,50.88,1,False,10.01,9.7845,2246069921.14,-23.95,0,0.1,002851,麦格米特
sz.002853,2025-03-03,14.49,1,False,-0.3,4.7634,88425695.0,24.7,0,0.1,002853,皮阿诺
sz.002853,2025-04-10,13.57,1,False,1.3,0.8422,14748062.0,-17.1,0,0.1,002853,皮阿诺
sz.002856,2025-03-26,9.59,1,False,2.52,7.0396,80972271.6,7.15,0,0.1,002856,*ST美芝
sz.002861,2025-03-24,15.58,1,False,2.97,8.9641,208240202.44,0.52,0,0.1,002861,瀛通通讯
sz.002861,2025-03-25,17.14,2,False,1.09,39.2152,955531863.73,11.95,0,0.1,002861,瀛通通讯
sz.002861,2025-04-14,13.32,1,False,6.85,5.6467,111961962.8,-9.57,0,0.1,002861,瀛通通讯
sz.002861,2025-04-28,13.53,1,False,-0.73,17.1419,333656516.22,-11.51,0,0.1,002861,瀛通通讯
sz.002861,2025-04-30,14.53,1,False,9.99,31.4767,679080162.77,4.16,0,0.1,002861,瀛通通讯
sz.002863,2025-03-20,5.57,1,False,0.2,5.6225,182961501.15,14.85,0,0.1,002863,今飞凯达
sz.002866,2025-04-18,15.92,1,False,-0.07,9.2032,254490517.72,-7.87,0,0.1,002866,传艺科技
sz.002868,2025-03-20,17.22,1,False,-0.38,4.094,103443838.4,-1.88,0,0.1,002868,绿康生化
sz.002868,2025-04-03,16.31,1,False,3.44,2.0214,50173857.0,2.51,0,0.1,002868,绿康生化
sz.002868,2025-04-21,15.25,1,False,0.0,1.6768,38829183.0,-7.69,0,0.1,002868,绿康生化
sz.002868,2025-04-28,16.78,1,True,10.03,3.5543,91172485.56,7.63,0,0.1,002868,绿康生化
sz.002868,2025-04-30,17.62,1,False,1.31,6.5003,168375539.32,17.7,1,0.1,002868,绿康生化
sz.002875,2025-03-11,13.94,1,False,-0.95,9.4217,226269949.11,11.25,0,0.1,002875,安奈儿
sz.002879,2025-03-04,19.36,1,False,-2.1,14.3803,367013109.18,26.12,0,0.1,002879,长缆科技
sz.002880,2025-04-07,30.51,1,False,8.11,5.5609,381742902.79,15.48,0,0.1,002880,卫光生物
sz.002881,2025-04-14,44.99,1,False,10.0,2.1799,177505836.14,-11.72,0,0.1,002881,美格智能
sz.002882,2025-04-15,17.23,1,False,0.64,4.2559,177269387.0,-2.93,0,0.1,002882,金龙羽
sz.002885,2025-03-06,14.94,1,False,0.07,15.9614,546499997.5,13.96,0,0.1,002885,京泉华
sz.002885,2025-03-18,16.49,1,False,10.01,6.6951,256671239.32,25.59,0,0.1,002885,京泉华
sz.002888,2025-03-13,20.74,1,False,0.05,20.4119,322158119.73,10.03,0,0.1,002888,惠威科技
sz.002890,2025-03-19,12.42,1,False,3.28,3.1924,62758340.92,16.95,0,0.1,002890,弘宇股份
sz.002890,2025-04-08,10.73,1,False,0.1,3.2507,53503703.59,-0.46,0,0.1,002890,弘宇股份
sz.002891,2025-04-24,53.44,1,False,-1.56,4.0566,622063481.39,31.95,0,0.1,002891,中宠股份
sz.002892,2025-03-06,19.38,1,False,1.14,14.805,1117804195.54,5.56,0,0.1,002892,科力尔
sz.002896,2025-03-17,108.46,1,False,-1.83,17.0635,2644229428.81,52.74,0,0.1,002896,中大力德
sz.002896,2025-04-09,74.06,1,False,-0.49,14.0919,1467997306.38,-25.19,0,0.1,002896,中大力德
sz.002899,2025-03-17,27.01,1,False,1.22,11.8881,463500589.86,0.04,0,0.1,002899,英派斯
sz.002899,2025-04-10,18.38,1,False,1.92,4.4673,118651972.68,-26.16,0,0.1,002899,英派斯
sz.002899,2025-04-14,21.09,1,False,3.76,6.601,203468353.39,-14.09,0,0.1,002899,英派斯
sz.002900,2025-04-01,11.06,1,False,0.5,5.4254,101553675.2,9.83,0,0.1,002900,哈三联
sz.002900,2025-04-02,12.17,2,True,10.04,2.8668,60385106.0,23.3,0,0.1,002900,哈三联
sz.002900,2025-04-03,13.39,3,True,10.02,5.1823,120101471.1,35.25,0,0.1,002900,哈三联
sz.002900,2025-04-08,15.07,1,False,-10.0,41.4705,969508577.6,51.61,0,0.1,002900,哈三联
sz.002900,2025-04-09,16.58,2,False,-10.02,39.0633,966078942.94,66.97,0,0.1,002900,哈三联
sz.002901,2025-04-30,36.96,1,False,-0.83,1.732,180402158.54,4.82,0,0.1,002901,大博医疗
sz.002903,2025-03-18,20.27,1,False,4.72,18.5828,388594968.7,17.78,0,0.1,002903,宇环数控
sz.002903,2025-03-19,22.3,2,True,10.01,4.1384,96057183.1,24.1,0,0.1,002903,宇环数控
sz.002903,2025-03-20,24.53,3,True,10.0,7.9251,202347602.05,36.13,0,0.1,002903,宇环数控
sz.002905,2025-03-12,8.14,1,False,0.41,3.627,100450631.8,-2.63,0,0.1,002905,金逸影视
sz.002905,2025-03-13,8.95,2,True,9.95,3.5054,109632523.8,2.05,0,0.1,002905,金逸影视
sz.002905,2025-03-14,9.85,3,True,10.06,1.0077,34683997.3,18.82,0,0.1,002905,金逸影视
sz.002905,2025-03-17,10.84,4,False,-0.1,19.6612,672777495.28,36.87,0,0.1,002905,金逸影视
sz.002907,2025-03-21,14.39,1,True,10.02,2.9423,130783845.97,12.6,0,0.1,002907,华森制药
sz.002907,2025-04-22,14.48,1,False,0.0,3.415,146175521.28,2.48,0,0.1,002907,华森制药
sz.002908,2025-04-28,9.66,1,False,-0.57,15.062,445780734.52,8.3,0,0.1,002908,德生科技
sz.002909,2025-04-16,6.07,1,False,2.72,6.3819,146452509.98,5.02,0,0.1,002909,集泰股份
sz.002910,2025-03-14,9.96,1,False,0.88,19.2467,316801922.33,24.19,0,0.1,002910,庄园牧场
sz.002910,2025-04-22,10.73,1,False,-1.03,10.1086,180945586.5,21.79,0,0.1,002910,庄园牧场
sz.002915,2025-04-22,13.54,1,False,0.0,6.242,234124649.0,3.83,0,0.1,002915,中欣氟材
sz.002915,2025-04-23,14.89,2,False,3.32,13.5984,561279745.27,12.55,0,0.1,002915,中欣氟材
sz.002915,2025-04-24,16.38,3,False,7.39,17.152,783348359.92,21.78,0,0.1,002915,中欣氟材
sz.002915,2025-04-29,19.43,1,False,9.68,13.1648,723887306.0,50.85,0,0.1,002915,中欣氟材
sz.002915,2025-04-30,21.37,2,False,9.98,28.0758,1693430432.58,65.53,0,0.1,002915,中欣氟材
sz.002917,2025-03-03,15.86,1,False,3.05,9.0511,371432447.0,-13.8,0,0.1,002917,金奥博
sz.002921,2025-03-10,15.14,1,False,-0.87,8.0679,130223269.47,23.09,0,0.1,002921,联诚精密
sz.002921,2025-03-11,16.65,2,True,9.97,3.1132,57244248.45,34.17,0,0.1,002921,联诚精密
sz.002921,2025-03-12,18.32,3,False,6.49,21.0255,421188544.17,48.82,0,0.1,002921,联诚精密
sz.002923,2025-03-12,10.65,1,False,-0.31,9.5287,255898659.9,4.0,0,0.1,002923,润都股份
sz.002923,2025-03-14,11.28,1,False,-0.49,6.1097,173293642.72,10.7,0,0.1,002923,润都股份
sz.002923,2025-03-25,13.24,1,False,-1.83,8.6862,286911496.35,34.96,0,0.1,002923,润都股份
sz.002923,2025-03-28,15.29,1,False,-2.81,9.8838,382350330.01,60.1,0,0.1,002923,润都股份
sz.002923,2025-04-01,16.16,1,False,0.68,9.012,365044200.05,64.06,0,0.1,002923,润都股份
sz.002923,2025-04-02,17.78,2,False,2.17,14.1443,623298293.76,82.92,0,0.1,002923,润都股份
sz.002927,2025-03-12,15.76,1,False,0.63,8.1171,279867668.68,10.06,0,0.1,002927,泰永长征
sz.002927,2025-03-18,17.42,1,False,5.18,5.2392,198299447.95,25.96,0,0.1,002927,泰永长征
sz.002927,2025-03-19,19.16,2,False,9.99,15.714,639366894.21,36.47,0,0.1,002927,泰永长征
sz.002929,2025-04-21,50.93,1,False,0.02,6.7369,692378529.26,-13.09,0,0.1,002929,润建股份
sz.002933,2025-03-04,37.32,1,False,2.21,4.705,197346969.0,20.39,0,0.1,002933,新兴装备
sz.002933,2025-04-30,34.34,1,False,5.61,10.7543,413427213.0,7.95,0,0.1,002933,新兴装备
sz.002937,2025-03-07,24.04,1,False,1.88,4.7384,329691720.43,31.37,0,0.1,002937,兴瑞科技
sz.002942,2025-03-03,16.58,1,False,0.2,5.5945,123077703.6,8.15,0,0.1,002942,新农股份
sz.002943,2025-03-07,21.1,1,False,0.0,8.1,217469995.52,12.11,0,0.1,002943,宇晶股份
sz.002943,2025-03-26,25.83,1,False,-0.51,12.4847,415930147.8,29.67,0,0.1,002943,宇晶股份
sz.002943,2025-04-25,25.21,1,False,-0.09,7.2674,235975078.67,0.52,0,0.1,002943,宇晶股份
sz.002946,2025-03-14,15.3,1,False,2.01,0.8652,111394017.15,8.05,0,0.1,002946,新乳业
sz.002946,2025-04-10,18.26,1,False,-6.63,3.4731,507381101.39,32.51,0,0.1,002946,新乳业
sz.002951,2025-03-14,7.02,1,False,0.15,0.4727,13319360.56,8.17,1,0.1,002951,金时科技
sz.002951,2025-04-09,7.19,1,False,0.0,0.3149,9002484.0,12.34,1,0.1,002951,金时科技
sz.002951,2025-04-21,7.77,1,False,0.14,0.2965,9237223.0,8.37,1,0.1,002951,金时科技
sz.002951,2025-04-22,8.16,2,False,1.67,0.3531,11640117.0,15.42,1,0.1,002951,金时科技
sz.002951,2025-04-23,8.57,3,False,5.02,0.1302,4518776.0,17.72,1,0.1,002951,金时科技
sz.002957,2025-03-12,18.59,1,False,0.18,5.8205,427084278.71,10.07,0,0.1,002957,科瑞技术
sz.002960,2025-03-04,13.28,1,False,-0.5,8.2507,661993403.67,16.08,0,0.1,002960,青鸟智控
sz.002961,2025-03-14,15.64,1,False,0.07,2.4383,164233475.18,7.71,0,0.1,002961,瑞达期货
sz.002965,2025-04-30,53.91,1,False,1.9,11.9829,945451932.67,5.79,0,0.1,002965,祥鑫科技
sz.002970,2025-03-12,58.7,1,False,0.28,7.459,495480157.88,19.97,0,0.1,002970,锐明技术
sz.002970,2025-04-10,46.88,1,False,6.99,2.8769,155007055.91,-20.14,0,0.1,002970,锐明技术
sz.002975,2025-03-05,41.38,1,False,-0.11,6.2033,199247858.32,32.8,0,0.1,002975,博杰股份
sz.002976,2025-04-10,19.26,1,False,2.51,3.9103,48171175.2,-17.69,0,0.1,002976,瑞玛精密
sz.002979,2025-03-14,49.59,1,False,2.02,12.8897,1336813495.05,21.87,0,0.1,002979,雷赛智能
sz.002980,2025-03-19,30.24,1,False,0.36,12.3166,261783773.78,18.87,0,0.1,002980,华盛昌
sz.002981,2025-04-10,20.04,1,True,9.99,1.0889,26060016.0,-17.36,0,0.1,002981,朝阳科技
sz.002981,2025-04-18,21.91,1,False,0.35,6.3837,161406993.01,-10.64,0,0.1,002981,朝阳科技
sz.002981,2025-04-23,23.6,1,False,6.53,3.7113,104009044.8,4.15,0,0.1,002981,朝阳科技
sz.002982,2025-03-26,20.22,1,False,-0.76,13.2643,242660083.12,14.11,0,0.1,002982,湘佳股份
sz.002982,2025-04-03,21.33,1,False,3.2,12.1297,235984261.02,19.9,0,0.1,002982,湘佳股份
sz.002982,2025-04-07,23.46,2,False,4.45,27.8742,589421913.14,32.54,0,0.1,002982,湘佳股份
sz.002982,2025-04-08,25.81,3,False,-5.46,30.2245,685204450.06,43.39,0,0.1,002982,湘佳股份
sz.002983,2025-04-23,18.49,1,False,5.95,4.5313,105796280.46,4.35,0,0.1,002983,芯瑞达
sz.002984,2025-04-10,20.94,1,False,7.46,3.5432,525963866.99,-15.8,0,0.1,002984,森麒麟
sz.002985,2025-04-17,26.09,1,False,-0.38,6.9388,364445972.63,7.68,0,0.1,002985,北摩高科
sz.002987,2025-04-14,18.83,1,False,2.16,1.8454,206306437.85,-11.3,0,0.1,002987,京北方
sz.002988,2025-03-17,25.52,1,False,0.04,4.9418,300513301.34,10.05,0,0.1,002988,豪美新材
sz.002989,2025-03-04,29.7,1,False,-0.74,6.7003,343674384.46,28.13,0,0.1,002989,中天精装
sz.002990,2025-03-17,34.41,1,False,0.7,8.6355,389834419.75,22.41,0,0.1,002990,盛视科技
sz.002992,2025-03-10,69.47,1,False,1.88,2.3097,251037549.67,16.78,0,0.1,002992,宝明科技
sz.002993,2025-03-06,47.23,1,False,7.1,4.4047,492382067.99,11.71,0,0.1,002993,奥海科技
sz.002996,2025-04-25,6.75,1,False,6.35,9.387,260360196.12,-5.06,0,0.1,002996,顺博合金
sz.002999,2025-04-08,6.2,1,False,3.01,5.9505,125393558.77,-1.74,0,0.1,002999,天禾股份
sz.003001,2025-03-06,42.08,1,False,-0.03,8.8145,262941766.98,3.57,0,0.1,003001,中岩大地
sz.003001,2025-04-03,38.39,1,False,-0.63,8.5742,230590673.03,-8.77,0,0.1,003001,中岩大地
sz.003003,2025-04-18,10.6,1,False,-0.1,15.2472,179068867.0,0.28,0,0.1,003003,天元股份
sz.003003,2025-04-21,11.66,2,True,10.0,4.2348,57328722.0,12.88,0,0.1,003003,天元股份
sz.003003,2025-04-22,12.83,3,True,10.03,2.6642,39686718.25,30.12,0,0.1,003003,天元股份
sz.003003,2025-04-23,14.11,4,False,9.98,23.5551,385536710.49,42.53,0,0.1,003003,天元股份
sz.003003,2025-04-24,15.52,5,True,9.99,9.3107,167772193.28,52.91,0,0.1,003003,天元股份
sz.003003,2025-04-25,17.07,6,False,9.99,55.3806,1080629119.86,70.36,0,0.1,003003,天元股份
sz.003005,2025-03-06,40.38,1,False,1.8,19.7284,571667556.2,9.52,0,0.1,003005,竞业达
sz.003006,2025-04-21,29.61,1,False,2.9,4.051,503952866.01,24.83,0,0.1,003006,百亚股份
sz.003007,2025-03-21,38.89,1,False,-1.39,17.5999,480327334.4,14.42,0,0.1,003007,直真科技
sz.003010,2025-03-03,33.32,1,False,0.69,3.733,147513743.85,20.99,0,0.1,003010,若羽臣
sz.003010,2025-04-08,44.64,1,False,-5.64,5.3173,273446899.26,13.85,0,0.1,003010,若羽臣
sz.003017,2025-04-29,25.96,1,False,-2.58,12.6552,220275835.2,23.8,0,0.1,003017,大洋生物
sz.003018,2025-04-23,11.44,1,False,0.87,4.0185,59622591.84,9.37,0,0.1,003018,金富科技
sz.003018,2025-04-25,12.07,1,False,-0.55,9.2418,145509018.99,14.73,0,0.1,003018,金富科技
sz.003020,2025-04-15,20.92,1,False,9.99,6.7714,193927897.09,8.96,0,0.1,003020,立方制药
sz.003020,2025-04-16,23.01,2,True,9.99,3.8319,121711510.05,20.16,0,0.1,003020,立方制药
sz.003020,2025-04-17,25.31,3,True,10.0,1.0094,35267029.93,33.84,0,0.1,003020,立方制药
sz.003020,2025-04-18,27.84,4,True,10.0,0.5948,22857113.28,47.15,0,0.1,003020,立方制药
sz.003020,2025-04-21,30.62,5,False,7.04,21.0566,875986169.65,63.66,0,0.1,003020,立方制药
sz.003021,2025-03-05,162.58,1,False,-1.2,8.1493,2572574396.39,61.0,0,0.1,003021,兆威机电
sz.003021,2025-04-11,113.54,1,False,-2.08,6.5261,1455664959.72,-21.5,0,0.1,003021,兆威机电
sz.003021,2025-04-23,125.39,1,False,3.31,5.2807,1324845214.76,-4.38,0,0.1,003021,兆威机电
sz.003025,2025-03-11,18.66,1,False,-1.3,6.5066,237677319.84,23.17,0,0.1,003025,思进智能
sz.003026,2025-04-11,29.44,1,False,-0.9,5.2769,120023470.68,-4.42,0,0.1,003026,中晶科技
sz.003027,2025-04-18,15.87,1,False,-0.62,6.2078,100011628.0,-1.0,0,0.1,003027,同兴科技
sz.003028,2025-03-04,48.43,1,False,0.16,4.6043,118397878.45,28.87,0,0.1,003028,振邦智能
sz.003028,2025-03-28,48.7,1,False,5.49,4.0966,107432619.6,7.03,0,0.1,003028,振邦智能
sz.003029,2025-04-22,22.12,1,False,1.79,5.6859,210921944.16,-1.69,0,0.1,003029,吉大正元
sz.003030,2025-04-03,18.05,1,False,-0.61,9.373,132271847.0,11.42,0,0.1,003030,祖名股份
sz.003030,2025-04-07,19.86,2,False,10.03,28.4777,451995914.94,22.44,0,0.1,003030,祖名股份
sz.003030,2025-04-21,21.56,1,False,-1.02,12.4756,208836096.0,31.62,0,0.1,003030,祖名股份
sz.003033,2025-03-03,40.13,2,False,0.0,11.1143,331333083.27,24.24,0,0.1,003033,征和工业
sz.003033,2025-03-04,44.14,3,False,0.0,4.8064,164897401.76,42.89,0,0.1,003033,征和工业
sz.003033,2025-03-07,47.94,1,False,-3.24,16.7645,621631551.06,50.42,0,0.1,003033,征和工业
sz.003033,2025-03-12,48.51,1,False,2.04,10.3552,381560365.85,44.37,0,0.1,003033,征和工业
sz.003033,2025-03-18,48.87,1,False,0.0,7.6135,284494996.15,56.03,0,0.1,003033,征和工业
sz.003033,2025-03-24,54.07,1,False,-1.0,9.2213,394240419.18,75.89,0,0.1,003033,征和工业
sz.003033,2025-04-10,39.16,1,False,2.25,3.5854,109639090.76,-19.27,0,0.1,003033,征和工业
sz.003036,2025-04-11,12.34,1,False,-1.69,2.3741,60706922.0,0.57,0,0.1,003036,泰坦股份
sz.003037,2025-04-08,6.13,1,False,-3.05,2.2202,76138148.0,-1.13,0,0.1,003037,三和管桩
sz.003037,2025-04-29,6.91,1,False,4.62,5.214,211535149.97,14.21,0,0.1,003037,三和管桩
sz.003039,2025-03-24,14.28,1,False,2.62,1.7045,146361240.01,10.96,0,0.1,003039,顺控发展
sz.003039,2025-03-26,15.57,1,False,0.07,3.9256,358150364.68,21.74,0,0.1,003039,顺控发展
sz.003042,2025-04-08,14.51,1,False,1.21,6.9921,126597602.55,-2.62,0,0.1,003042,中农联合
sz.003042,2025-04-22,15.63,1,False,-0.35,7.1239,139531235.9,9.07,0,0.1,003042,中农联合
sz.300005,2025-04-30,10.15,1,False,6.38,18.7789,1646570092.59,30.8,0,0.2,300005,探路者
sz.300020,2025-03-26,3.39,1,False,0.0,5.2268,135729326.0,8.65,1,0.2,300020,ST银江
sz.300021,2025-04-08,4.81,1,False,3.49,14.7243,471308437.86,7.37,0,0.2,300021,大禹节水
sz.300040,2025-04-25,7.81,1,False,0.77,43.1195,1534120026.53,14.68,0,0.2,300040,九洲集团
sz.300042,2025-03-04,30.2,1,False,-2.26,27.7514,1514506713.34,71.49,0,0.2,300042,朗科科技
sz.300042,2025-03-12,38.39,1,False,6.28,26.1176,1908862471.76,73.95,0,0.2,300042,朗科科技
sz.300044,2025-03-04,8.34,1,False,4.6,26.5876,1634890399.09,38.54,0,0.2,300044,*ST赛为
sz.300051,2025-04-21,7.46,1,False,19.94,14.6626,394096642.2,12.86,0,0.2,300051,琏升科技
sz.300058,2025-03-06,10.58,1,False,1.7,27.3749,6728409548.93,5.59,0,0.2,300058,蓝色光标
sz.300065,2025-03-14,15.42,1,False,5.06,34.5895,3216566942.05,73.65,0,0.2,300065,海兰信
sz.300077,2025-04-09,23.86,1,False,-1.81,14.3384,1807733679.16,-13.46,0,0.2,300077,国民技术
sz.300084,2025-03-20,7.99,1,False,-1.35,27.7479,725603739.24,40.18,0,0.2,300084,海默科技
sz.300084,2025-03-21,9.59,2,False,2.0,51.5502,1583450074.47,70.64,0,0.2,300084,海默科技
sz.300086,2025-03-14,5.82,1,False,0.41,20.1568,480221985.08,17.58,0,0.2,300086,康芝药业
sz.300091,2025-03-12,2.76,1,False,1.74,14.4376,498002856.78,24.89,0,0.2,300091,*ST金灵
sz.300106,2025-03-14,10.8,1,False,5.0,24.3642,530162203.64,22.17,0,0.2,300106,西部牧业
sz.300106,2025-04-10,13.76,1,False,-6.71,30.9237,791215712.0,50.71,0,0.2,300106,西部牧业
sz.300125,2025-04-01,8.8,1,False,2.63,11.2718,253929254.07,57.71,1,0.2,300125,聆达股份
sz.300138,2025-04-08,11.59,1,False,12.01,12.463,569554967.51,33.53,0,0.2,300138,晨光生物
sz.300139,2025-04-21,21.2,1,False,4.13,46.1235,2159085071.82,23.26,0,0.2,300139,晓程科技
sz.300147,2025-04-08,5.2,1,False,3.03,4.491,151267766.09,-47.9,1,0.2,300147,*ST香雪
sz.300157,2025-04-28,3.19,1,False,7.14,8.3585,184194527.0,1.59,0,0.2,300157,新锦动力
sz.300163,2025-04-02,3.14,1,False,0.33,3.0579,38953066.0,15.44,1,0.2,300163,先锋新材
sz.300167,2025-04-25,3.8,1,False,-0.55,5.7456,77651768.0,2.43,1,0.2,300167,ST迪威迅
sz.300169,2025-04-14,7.32,1,False,2.46,11.9852,244764916.95,-7.92,0,0.2,300169,天晟新材
sz.300170,2025-03-06,22.72,1,False,13.58,29.7817,6232688730.02,7.52,0,0.2,300170,汉得信息
sz.300183,2025-03-04,20.96,1,False,-4.64,15.4843,1078121464.21,30.27,0,0.2,300183,东软载波
sz.300189,2025-04-07,4.31,1,False,3.34,44.1494,1608907621.33,10.51,0,0.2,300189,神农种业
sz.300189,2025-04-08,5.17,2,False,2.09,49.8766,2086568692.14,32.56,0,0.2,300189,神农种业
sz.300191,2025-03-17,19.06,1,False,4.28,16.7202,687236229.22,41.6,0,0.2,300191,潜能恒信
sz.300195,2025-03-03,7.37,1,False,0.49,21.5719,475853651.02,29.3,0,0.2,300195,长荣股份
sz.300198,2025-03-20,2.76,1,False,0.0,18.8129,499582792.76,32.69,0,0.2,300198,*ST纳川
sz.300198,2025-03-26,2.92,1,False,7.82,25.7855,755202937.78,33.33,0,0.2,300198,*ST纳川
sz.300204,2025-04-21,10.9,1,False,-3.08,12.2804,589729627.57,44.75,0,0.2,300204,舒泰神
sz.300210,2025-03-10,12.37,1,False,0.68,5.8877,340356477.24,12.97,0,0.2,300210,森远股份
sz.300211,2025-03-04,10.67,1,False,0.34,9.3895,283919551.82,34.55,0,0.2,300211,*ST亿通
sz.300211,2025-03-05,12.8,2,False,19.96,20.2496,768119794.94,56.86,0,0.2,300211,*ST亿通
sz.300225,2025-04-29,3.86,1,False,-6.83,23.093,384611912.17,-45.01,0,0.2,300225,金力泰
sz.300230,2025-03-28,5.93,1,False,-0.4,37.9338,1388983218.88,25.64,0,0.2,300230,永利股份
sz.300233,2025-03-12,17.28,1,False,7.29,22.5337,1400760095.86,31.71,0,0.2,300233,金城医药
sz.300233,2025-03-25,21.76,1,False,3.42,20.5384,1560431427.64,63.12,0,0.2,300233,金城医药
sz.300237,2025-04-22,1.66,1,False,11.59,10.3097,241475022.3,-19.42,0,0.2,300237,ST美晨
sz.300240,2025-04-03,7.5,1,False,-0.64,20.782,544079989.92,13.12,0,0.2,300240,飞力达
sz.300240,2025-04-09,9.35,1,False,2.95,31.9603,935599279.51,43.85,0,0.2,300240,飞力达
sz.300240,2025-04-10,11.22,2,False,6.84,26.4575,1010876901.13,69.49,0,0.2,300240,飞力达
sz.300248,2025-03-06,13.96,1,False,2.32,16.8392,910938216.71,20.76,0,0.2,300248,新开普
sz.300248,2025-03-07,16.75,2,False,14.61,28.1735,1910619991.64,42.31,0,0.2,300248,新开普
sz.300248,2025-03-13,20.59,1,False,-5.77,38.1564,2698840493.1,70.59,0,0.2,300248,新开普
sz.300260,2025-03-27,33.07,1,False,1.96,19.0605,1645864191.45,29.74,0,0.2,300260,新莱应材
sz.300267,2025-04-24,3.12,1,False,0.0,9.0814,380785159.48,16.42,0,0.2,300267,尔康制药
sz.300314,2025-03-14,13.88,1,False,5.27,18.0202,442472090.15,20.59,0,0.2,300314,戴维医疗
sz.300322,2025-04-18,13.92,1,False,0.0,16.0045,945723210.17,-4.07,0,0.2,300322,硕贝德
sz.300328,2025-03-05,13.14,1,False,-1.0,20.8236,1773301665.61,66.96,0,0.2,300328,宜安科技
sz.300329,2025-04-10,6.68,1,False,1.97,8.5192,133814018.9,-1.33,0,0.2,300329,海伦钢琴
sz.300338,2025-04-11,4.58,1,False,-1.61,4.1984,65427742.0,18.65,1,0.2,300338,*ST开元
sz.300344,2025-03-06,12.49,1,False,2.69,29.1779,2121756036.66,98.57,0,0.2,300344,
sz.300350,2025-04-22,7.13,1,False,0.17,15.8497,522385227.48,33.02,0,0.2,300350,华鹏飞
sz.300353,2025-03-17,19.98,1,False,8.53,22.6339,2259549940.7,54.52,0,0.2,300353,东土科技
sz.300366,2025-04-30,7.16,1,False,1.01,9.9295,366306853.16,4.37,0,0.2,300366,ST创意
sz.300378,2025-03-06,44.58,1,False,12.57,17.224,1982204712.02,21.6,0,0.2,300378,鼎捷数智
sz.300380,2025-03-14,54.97,1,False,-0.07,18.3037,1222391693.99,1.14,0,0.2,300380,安硕信息
sz.300386,2025-04-10,15.14,1,False,2.61,7.5051,267963187.47,-13.93,0,0.2,300386,飞天诚信
sz.300421,2025-03-26,18.89,1,False,-0.76,20.642,856255142.42,6.12,0,0.2,300421,力星股份
sz.300449,2025-03-12,12.3,1,False,2.24,15.8366,549334457.68,38.36,0,0.2,300449,汉邦高科
sz.300451,2025-03-10,8.03,1,False,8.52,25.8333,2887010021.92,35.19,0,0.2,300451,创业慧康
sz.300464,2025-04-21,5.29,1,False,0.68,12.0655,220664233.46,2.92,0,0.2,300464,星徽股份
sz.300466,2025-03-11,10.18,1,False,-1.53,9.7872,407806632.0,29.52,0,0.2,300466,赛摩智能
sz.300466,2025-04-14,11.71,1,False,3.48,13.9242,664762335.03,24.18,0,0.2,300466,赛摩智能
sz.300473,2025-03-03,37.6,1,False,1.18,32.5093,1761682575.78,61.44,0,0.2,300473,德尔股份
sz.300477,2025-03-26,3.6,1,False,2.0,20.402,657012587.88,13.21,0,0.2,300477,ST合纵
sz.300506,2025-03-12,3.57,1,False,1.18,3.5933,74328950.7,28.88,1,0.2,300506,名家汇
sz.300510,2025-03-18,5.04,1,False,4.52,9.85,395034283.24,22.03,0,0.2,300510,金冠股份
sz.300511,2025-03-13,4.86,1,True,20.0,2.1967,44629754.22,36.9,0,0.2,300511,雪榕生物
sz.300511,2025-03-14,5.83,2,False,12.96,17.0975,405499213.4,64.69,0,0.2,300511,雪榕生物
sz.300511,2025-04-08,5.35,1,False,3.14,19.4877,462175032.71,32.1,0,0.2,300511,雪榕生物
sz.300512,2025-03-04,9.19,1,False,2.87,4.6697,138534494.75,30.91,0,0.2,300512,中亚股份
sz.300515,2025-03-07,20.2,1,False,5.41,12.9749,466956210.86,31.51,0,0.2,300515,三德科技
sz.300523,2025-03-05,25.85,1,False,0.19,8.7449,484489556.42,39.13,0,0.2,300523,辰安科技
sz.300527,2025-04-09,8.28,1,False,0.43,6.1682,478975598.56,-5.26,0,0.2,300527,ST应急
sz.300528,2025-04-10,8.77,1,False,1.09,10.2558,324676768.2,0.34,0,0.2,300528,幸福蓝海
sz.300530,2025-03-03,30.02,1,False,0.16,9.5621,424664342.25,93.05,0,0.2,300530,领湃科技
sz.300530,2025-04-15,25.9,1,False,1.99,7.268,285304057.1,-9.69,0,0.2,300530,领湃科技
sz.300531,2025-04-22,15.18,1,False,1.82,6.5689,304321183.4,10.72,0,0.2,300531,优博讯
sz.300534,2025-04-01,10.3,1,False,0.82,11.4121,348571761.0,26.23,0,0.2,300534,陇神戎发
sz.300542,2025-04-22,16.66,1,True,20.03,0.4319,17727456.18,-7.34,0,0.2,300542,新晨科技
sz.300542,2025-04-23,19.99,2,True,19.99,0.8043,39614183.0,12.11,0,0.2,300542,新晨科技
sz.300548,2025-04-29,44.5,1,False,18.04,11.5305,1342777872.1,13.32,0,0.2,300548,长芯博创
sz.300561,2025-04-10,21.67,1,False,2.77,27.2068,1001630599.86,-50.64,0,0.2,300561,汇金科技
sz.300565,2025-03-13,15.89,1,False,4.91,30.8626,1067317873.96,28.04,0,0.2,300565,科信技术
sz.300569,2025-03-21,6.32,1,False,2.09,12.5575,770810997.99,35.62,0,0.2,300569,天能重工
sz.300571,2025-04-29,32.46,1,False,3.51,14.4197,509013354.0,6.6,0,0.2,300571,平治信息
sz.300581,2025-04-09,10.19,1,False,-1.53,5.7038,302214214.13,-11.47,0,0.2,300581,晨曦航空
sz.300605,2025-04-16,15.48,1,False,-0.62,19.3298,342895284.48,-8.78,0,0.2,300605,恒锋信息
sz.300605,2025-04-21,17.32,1,False,2.36,29.2894,561435983.72,12.91,0,0.2,300605,恒锋信息
sz.300611,2025-03-05,20.77,1,False,1.1,36.2739,1053277936.88,74.1,0,0.2,300611,美力科技
sz.300611,2025-03-26,32.76,1,False,0.81,44.2016,2032795206.69,95.35,0,0.2,300611,美力科技
sz.300616,2025-04-17,13.92,1,False,-0.09,14.1531,292582649.49,2.35,0,0.2,300616,尚品宅配
sz.300619,2025-03-03,32.08,1,False,6.62,8.0607,276002810.77,45.42,0,0.2,300619,金银河
sz.300643,2025-03-26,17.66,1,False,0.2,14.6466,557572964.69,32.68,0,0.2,300643,万通智控
sz.300651,2025-04-14,15.43,1,False,7.78,19.0808,212611736.1,3.91,0,0.2,300651,金陵体育
sz.300656,2025-04-11,25.62,1,False,1.69,14.2183,447341532.03,-4.3,0,0.2,300656,民德电子
sz.300661,2025-04-11,114.49,1,False,3.66,7.3213,3585703969.02,21.41,0,0.2,300661,圣邦股份
sz.300671,2025-04-11,31.14,1,False,2.54,3.654,237833254.7,-9.13,0,0.2,300671,富满微
sz.300687,2025-03-31,32.65,1,False,-0.77,20.351,2025537170.8,-3.09,0,0.2,300687,赛意信息
sz.300695,2025-03-13,70.2,1,False,4.27,8.1339,379943271.26,35.5,0,0.2,300695,兆丰股份
sz.300695,2025-04-29,72.52,1,False,-0.13,4.6711,221885266.1,3.97,0,0.2,300695,兆丰股份
sz.300696,2025-04-09,16.36,1,False,5.14,5.2676,153999774.32,-8.55,0,0.2,300696,爱乐达
sz.300697,2025-03-24,17.34,1,False,9.83,17.2705,736414968.62,5.99,0,0.2,300697,电工合金
sz.300700,2025-04-09,8.99,1,False,-3.47,10.8248,247596683.11,9.63,0,0.2,300700,岱勒新材
sz.300703,2025-04-15,16.1,1,False,4.92,26.3946,707202198.85,1.39,0,0.2,300703,创源股份
sz.300713,2025-03-18,20.88,1,False,17.18,13.6564,249086946.48,33.08,0,0.2,300713,英可瑞
sz.300720,2025-03-17,24.65,1,True,20.01,1.4129,60356757.5,32.17,0,0.2,300720,海川智能
sz.300721,2025-04-17,18.72,1,False,-2.12,21.5016,521223931.36,39.6,0,0.2,300721,怡达股份
sz.300722,2025-04-09,29.16,1,False,-0.82,8.2583,637324377.44,0.07,0,0.2,300722,新余国科
sz.300723,2025-04-11,35.18,1,False,0.85,5.6938,776374200.5,47.63,0,0.2,300723,一品红
sz.300746,2025-04-25,14.28,1,False,-0.92,10.5225,310192267.71,16.1,0,0.2,300746,汉嘉数智
sz.300773,2025-04-22,25.55,1,False,9.44,27.2146,4780071230.03,46.75,0,0.2,300773,拉卡拉
sz.300778,2025-04-18,12.08,1,False,0.89,8.5846,192964286.41,7.47,0,0.2,300778,新城市
sz.300784,2025-04-23,58.96,1,False,-0.43,36.9812,297701814.4,4.3,0,0.2,300784,利安科技
sz.300798,2025-03-18,9.58,1,False,-0.5,17.729,596022534.76,39.45,0,0.2,300798,锦鸡股份
sz.300805,2025-04-17,11.18,1,False,-0.64,9.851,297022847.2,1.27,0,0.2,300805,电声股份
sz.300809,2025-03-26,48.72,1,False,0.99,20.2611,1299195199.33,23.62,0,0.2,300809,华辰装备
sz.300810,2025-03-13,30.29,1,False,0.2,17.7991,557749165.35,51.91,0,0.2,300810,中科海讯
sz.300810,2025-03-14,36.35,2,False,9.87,22.2389,894317765.1,80.4,0,0.2,300810,中科海讯
sz.300810,2025-04-09,37.08,1,False,-2.91,15.328,585580094.17,52.28,0,0.2,300810,中科海讯
sz.300817,2025-03-19,31.33,1,False,-3.29,26.6456,975680839.04,62.75,0,0.2,300817,双飞集团
sz.300819,2025-03-06,19.38,1,False,8.36,5.802,146173974.5,48.85,0,0.2,300819,聚杰微纤
sz.300819,2025-03-11,26.92,1,False,-1.78,13.7631,462926679.22,103.63,0,0.2,300819,聚杰微纤
sz.300819,2025-03-17,28.85,1,False,1.5,12.9715,459188030.82,118.56,0,0.2,300819,聚杰微纤
sz.300822,2025-04-21,21.68,1,False,-0.11,4.3533,255150473.59,2.6,0,0.2,300822,贝仕达克
sz.300824,2025-04-25,12.47,1,False,1.35,9.4923,355859506.01,22.25,0,0.2,300824,北鼎股份
sz.300840,2025-03-06,25.94,1,True,19.98,13.4541,597509793.88,0.04,0,0.2,300840,酷特智能
sz.300844,2025-04-02,53.06,1,False,-6.78,13.4887,417721014.28,66.38,0,0.2,300844,山水比德
sz.300871,2025-03-26,17.5,1,False,15.43,17.5617,499638530.94,55.14,0,0.2,300871,回盛生物
sz.300871,2025-03-27,21.0,2,False,14.06,11.7103,397761886.05,86.5,0,0.2,300871,回盛生物
sz.300871,2025-04-01,27.0,1,False,4.62,18.0084,785821959.82,133.56,0,0.2,300871,回盛生物
sz.300875,2025-04-09,27.0,1,False,-0.98,9.7071,209822670.26,-11.04,0,0.2,300875,捷强装备
sz.300879,2025-03-20,21.22,1,False,-0.62,20.3905,816865673.97,24.31,0,0.2,300879,大叶股份
sz.300879,2025-04-29,24.26,1,False,12.36,21.2952,949995113.22,29.18,0,0.2,300879,大叶股份
sz.300885,2025-03-25,17.05,1,False,1.97,17.2417,466302579.68,35.0,0,0.2,300885,海昌新材
sz.300892,2025-03-14,32.9,1,False,1.31,17.2219,343212058.16,5.82,0,0.2,300892,品渥食品
sz.300892,2025-04-08,30.16,1,False,3.26,7.8228,146610599.32,7.56,0,0.2,300892,品渥食品
sz.300892,2025-04-09,36.19,2,False,2.79,24.7252,520288513.33,26.1,0,0.2,300892,品渥食品
sz.300892,2025-04-21,43.92,1,False,-1.58,26.2846,687889406.32,45.87,0,0.2,300892,品渥食品
sz.300898,2025-03-14,32.21,1,False,4.69,17.9577,635860157.42,31.58,0,0.2,300898,熊猫乳品
sz.300907,2025-03-11,28.45,1,False,-0.55,10.9911,286234267.68,26.28,0,0.2,300907,康平科技
sz.300918,2025-03-18,21.34,1,False,6.86,14.2401,1206354044.46,51.78,0,0.2,300918,南山智尚
sz.300920,2025-04-11,23.4,1,False,-0.92,12.6938,178876129.6,26.01,0,0.2,300920,润阳科技
sz.300920,2025-04-22,29.11,1,False,0.58,16.9373,289296859.16,57.52,0,0.2,300920,润阳科技
sz.300922,2025-04-09,19.28,1,False,-1.68,22.0464,461216690.25,18.43,0,0.2,300922,天秦装备
sz.300927,2025-03-25,24.9,1,False,-0.96,13.9262,445786953.4,39.18,0,0.2,300927,江天化学
sz.300927,2025-03-26,29.88,2,False,1.61,19.5508,742214038.54,63.37,0,0.2,300927,江天化学
sz.300927,2025-04-15,30.12,1,False,1.16,17.8434,684967250.58,54.78,0,0.2,300927,江天化学
sz.300938,2025-03-07,38.5,1,False,-0.56,25.8469,1065811374.71,20.24,0,0.2,300938,信测标准
sz.300941,2025-04-16,24.18,1,False,-0.15,16.7722,460898416.05,-3.59,0,0.2,300941,创识科技
sz.300947,2025-04-10,18.76,1,False,0.0,10.391,275253870.92,-1.52,0,0.2,300947,德必集团
sz.300947,2025-04-17,20.81,1,False,-0.52,19.1152,569851681.61,1.81,0,0.2,300947,德必集团
sz.300953,2025-03-07,173.41,1,False,-0.08,16.4426,2263635202.25,26.01,0,0.2,300953,震裕科技
sz.300961,2025-03-13,14.8,1,False,0.57,28.1581,578699385.4,46.68,0,0.2,300961,深水海纳
sz.300961,2025-04-08,15.13,1,False,5.08,13.4567,291595089.73,21.43,0,0.2,300961,深水海纳
sz.300963,2025-03-25,11.94,1,False,-0.4,15.2372,348348865.44,27.7,0,0.2,300963,中洲特材
sz.300963,2025-04-01,15.18,1,False,-1.34,31.6436,882112531.7,59.29,0,0.2,300963,中洲特材
sz.300963,2025-04-14,15.84,1,False,0.98,21.25,637612599.87,63.3,0,0.2,300963,中洲特材
sz.300964,2025-03-05,44.4,1,False,0.35,26.4283,622730763.81,20.65,0,0.2,300964,本川智能
sz.300967,2025-03-26,19.06,1,False,-2.33,19.5835,429907548.93,49.14,0,0.2,300967,晓鸣股份
sz.300967,2025-04-07,22.36,1,False,1.88,33.7793,888293960.75,78.59,0,0.2,300967,晓鸣股份
sz.300970,2025-04-08,14.5,1,False,1.74,28.0405,358832776.06,16.09,0,0.2,300970,华绿生物
sz.300972,2025-04-21,135.48,1,False,2.69,3.669,728477154.66,68.19,0,0.2,300972,万辰集团
sz.300984,2025-03-05,72.77,1,False,-0.41,12.4035,482077079.48,23.42,0,0.2,300984,金沃股份
sz.300994,2025-04-14,13.57,1,False,1.41,4.3921,66518517.2,5.36,0,0.2,300994,久祺股份
sz.300994,2025-04-24,16.66,1,False,4.39,21.6498,389011577.92,23.96,0,0.2,300994,久祺股份
sz.300995,2025-03-26,23.28,1,False,8.87,11.5124,156881417.16,28.48,0,0.2,300995,奇德新材
sz.300995,2025-04-09,25.5,1,False,1.32,14.0091,192202750.0,35.78,0,0.2,300995,奇德新材
sz.300995,2025-04-10,30.6,2,False,4.51,10.1209,174543110.24,62.94,0,0.2,300995,奇德新材
sz.300995,2025-04-22,34.57,1,False,0.49,17.4209,333878469.15,94.65,0,0.2,300995,奇德新材
sz.301000,2025-04-23,47.93,1,False,0.0,10.9753,1110531360.19,11.28,0,0.2,301000,肇民科技
sz.301008,2025-04-30,27.54,1,False,1.39,12.6809,320378402.25,21.64,0,0.2,301008,宏昌科技
sz.301009,2025-04-21,12.91,1,False,0.84,15.2902,241159376.94,5.47,0,0.2,301009,可靠股份
sz.301016,2025-04-03,27.1,1,False,-0.8,13.9704,522826695.88,22.07,0,0.2,301016,雷尔伟
sz.301021,2025-03-10,36.11,1,False,9.67,15.3819,819608679.1,25.38,0,0.2,301021,英诺激光
sz.301025,2025-03-24,10.94,1,False,-0.44,14.7218,397457316.03,8.21,0,0.2,301025,读客文化
sz.301027,2025-04-11,13.19,1,False,0.73,9.1397,134739430.0,-2.73,0,0.2,301027,华蓝集团
sz.301032,2025-03-06,12.92,1,False,0.46,29.399,587048507.0,35.15,0,0.2,301032,新柴股份
sz.301032,2025-03-13,16.88,1,False,-1.99,32.352,788050467.54,74.38,0,0.2,301032,新柴股份
sz.301032,2025-04-08,13.52,1,False,6.74,14.8017,302589745.32,10.37,0,0.2,301032,新柴股份
sz.301048,2025-04-09,10.4,1,False,-0.81,8.8714,487090993.76,13.54,0,0.2,301048,金鹰重工
sz.301052,2025-03-28,33.42,1,False,1.18,31.952,795856274.37,23.32,0,0.2,301052,果麦文化
sz.301053,2025-03-17,27.68,1,False,0.22,10.1572,208159439.99,23.96,0,0.2,301053,远信工业
sz.301055,2025-03-24,19.04,1,False,1.7,5.4291,156812414.67,29.7,0,0.2,301055,张小泉
sz.301058,2025-04-08,11.62,1,False,2.17,5.0573,283436703.0,-4.68,0,0.2,301058,中粮科工
sz.301058,2025-04-09,13.94,2,False,8.86,15.1512,1003657039.95,14.64,0,0.2,301058,中粮科工
sz.301061,2025-04-10,62.53,1,False,18.02,4.0637,193758774.89,-10.93,0,0.2,301061,匠心家居
sz.301066,2025-04-09,13.5,1,False,-0.98,6.2017,143970561.6,-4.39,0,0.2,301066,万事利
sz.301066,2025-04-10,16.2,2,False,3.7,17.5391,508559427.43,13.29,0,0.2,301066,万事利
sz.301075,2025-03-31,25.33,1,False,-1.42,7.4489,145693813.56,30.9,0,0.2,301075,多瑞医药
sz.301075,2025-04-01,30.4,2,False,0.0,15.9346,367041335.1,53.38,0,0.2,301075,多瑞医药
sz.301076,2025-04-24,32.0,1,False,-0.26,22.9684,578412147.14,16.36,0,0.2,301076,新瀚新材
sz.301076,2025-04-29,41.17,1,False,1.92,23.6023,772348682.5,55.36,0,0.2,301076,新瀚新材
sz.301078,2025-03-14,16.15,1,False,2.53,11.2204,2120952896.74,25.98,0,0.2,301078,孩子王
sz.301078,2025-04-08,12.14,1,False,6.82,7.3723,1073135368.21,-17.3,0,0.2,301078,孩子王
sz.301079,2025-03-20,24.22,1,False,-0.05,36.4029,567829714.96,46.52,0,0.2,301079,邵阳液压
sz.301079,2025-03-21,29.06,2,False,16.76,39.8206,789379368.32,77.85,0,0.2,301079,邵阳液压
sz.301079,2025-03-24,34.87,3,False,3.23,64.5518,1403198565.42,113.27,0,0.2,301079,邵阳液压
sz.301082,2025-03-25,17.42,1,False,6.4,22.622,413948649.52,23.02,0,0.2,301082,久盛电气
sz.301099,2025-04-11,52.25,1,False,-0.09,14.014,480876014.69,-1.15,0,0.2,301099,雅创电子
sz.301108,2025-04-15,29.33,1,False,0.82,9.8902,94382394.0,6.42,0,0.2,301108,洁雅股份
sz.301109,2025-03-17,22.52,1,False,0.27,26.5915,550264674.54,33.49,0,0.2,301109,军信股份
sz.301112,2025-03-04,31.06,1,False,-1.0,23.4616,257750931.78,31.33,0,0.2,301112,信邦智能
sz.301118,2025-03-27,23.17,1,False,15.38,11.2275,265942173.2,23.11,0,0.2,301118,恒光股份
sz.301126,2025-03-14,13.01,1,False,3.32,20.6866,342852450.95,17.52,0,0.2,301126,达嘉维康
sz.301131,2025-04-29,45.88,1,False,-1.6,19.3922,265801966.92,18.89,0,0.2,301131,聚赛龙
sz.301137,2025-03-25,24.28,1,False,-0.74,21.1319,487307797.03,35.04,0,0.2,301137,哈焊华通
sz.301138,2025-04-08,27.53,1,False,11.12,4.9688,91495975.0,-7.09,0,0.2,301138,华研精机
sz.301139,2025-03-05,37.02,1,False,20.0,54.0249,1416246482.13,63.44,0,0.2,301139,*ST元道
sz.301156,2025-04-03,18.64,1,False,-2.7,19.9268,226724114.12,35.47,0,0.2,301156,美农生物
sz.301156,2025-04-07,22.37,2,True,20.01,21.2354,305804924.18,64.61,0,0.2,301156,美农生物
sz.301156,2025-04-08,26.84,3,False,11.76,35.3104,589532627.27,94.35,0,0.2,301156,美农生物
sz.301176,2025-03-11,21.4,1,False,-0.45,23.383,268862168.22,18.56,0,0.2,301176,逸豪新材
sz.301187,2025-04-10,33.53,1,False,9.99,12.6014,196994662.06,-18.89,0,0.2,301187,欧圣电气
sz.301190,2025-03-27,23.1,1,False,0.0,21.4369,339284156.45,38.66,0,0.2,301190,善水科技
sz.301190,2025-04-17,22.57,1,False,1.01,11.3417,177209159.96,17.98,0,0.2,301190,善水科技
sz.301191,2025-03-14,129.01,1,False,-0.52,19.699,598746678.64,37.39,0,0.2,301191,菲菱科思
sz.301201,2025-04-01,24.29,1,False,1.48,21.6822,447453647.26,17.68,0,0.2,301201,诚达药业
sz.301206,2025-04-10,30.0,1,False,1.16,15.5118,492689503.11,13.46,0,0.2,301206,三元生物
sz.301208,2025-03-06,49.55,1,False,0.0,52.5199,1098128987.27,37.68,0,0.2,301208,中亦科技
sz.301208,2025-04-09,37.61,1,False,-0.89,18.4135,272107122.85,-15.1,0,0.2,301208,中亦科技
sz.301209,2025-04-14,48.29,1,False,-0.22,20.5254,222196112.08,40.46,0,0.2,301209,联合化学
sz.301209,2025-04-28,82.92,1,False,0.35,21.9834,409707620.23,128.74,0,0.2,301209,联合化学
sz.301212,2025-04-28,28.34,1,False,0.13,9.3537,224642745.26,13.31,0,0.2,301212,联盛化学
sz.301225,2025-03-07,37.64,1,False,-0.67,40.2673,435663419.78,35.44,0,0.2,301225,恒勃股份
sz.301225,2025-03-10,45.17,2,False,0.0,44.0287,557729708.91,61.78,0,0.2,301225,恒勃股份
sz.301225,2025-04-23,51.6,1,False,-3.56,32.5418,469367928.81,30.4,0,0.2,301225,恒勃股份
sz.301228,2025-04-09,23.52,1,False,-2.6,7.4884,191332251.02,23.21,0,0.2,301228,实朴检测
sz.301232,2025-04-16,28.24,1,False,9.86,26.3581,326164976.77,-1.94,0,0.2,301232,飞沃科技
sz.301256,2025-03-27,10.91,1,False,-1.21,10.0284,496783469.01,29.73,0,0.2,301256,华融化学
sz.301256,2025-04-01,11.89,1,False,0.5,12.355,631972634.89,41.89,0,0.2,301256,华融化学
sz.301256,2025-04-08,15.66,1,False,-2.3,15.4967,1053440808.27,81.04,0,0.2,301256,华融化学
sz.301258,2025-04-22,29.09,1,False,6.64,30.4045,282975553.86,21.46,0,0.2,301258,富士莱
sz.301259,2025-04-21,39.38,1,False,1.8,9.4999,287247836.34,-1.97,0,0.2,301259,艾布鲁
sz.301275,2025-03-18,86.41,1,False,-2.36,68.0135,1748005918.9,29.12,0,0.2,301275,汉朔科技
sz.301279,2025-03-26,28.15,1,False,1.11,25.7145,200583609.36,17.0,0,0.2,301279,金道科技
sz.301280,2025-03-06,74.33,1,False,1.7,33.3762,612955301.29,57.31,0,0.2,301280,珠城科技
sz.301287,2025-03-06,36.61,1,False,2.2,43.4643,255259687.58,22.98,0,0.2,301287,康力源
sz.301287,2025-04-14,35.4,1,False,4.92,32.2324,189998684.2,4.39,0,0.2,301287,康力源
sz.301298,2025-03-20,19.98,1,False,-0.18,29.7078,529592666.44,37.89,0,0.2,301298,东利机械
sz.301316,2025-04-10,25.45,1,False,3.72,15.3866,897208896.69,-5.74,0,0.2,301316,慧博云通
sz.301335,2025-04-24,25.4,1,False,0.19,23.8862,284640602.26,2.01,0,0.2,301335,天元宠物
sz.301357,2025-03-04,35.74,1,False,-0.6,30.5653,244993839.89,24.88,0,0.2,301357,北方长龙
sz.301357,2025-04-09,34.8,1,False,0.41,14.052,112388522.2,-6.95,0,0.2,301357,北方长龙
sz.301387,2025-04-30,40.36,1,False,1.69,26.363,429751951.6,19.34,0,0.2,301387,光大同创
sz.301389,2025-04-10,18.83,1,False,11.92,7.7758,118998905.69,-27.88,0,0.2,301389,隆扬电子
sz.301392,2025-04-14,114.29,1,False,1.62,10.9034,264507196.84,27.39,0,0.2,301392,汇成真空
sz.301396,2025-03-05,80.35,1,False,9.8,49.8199,1902059449.17,155.73,0,0.2,301396,宏景科技
sz.301396,2025-03-31,94.81,1,False,-4.24,34.4584,1473943707.78,42.23,0,0.2,301396,宏景科技
sz.301428,2025-03-06,53.86,1,False,0.2,36.0028,1114093195.84,30.89,0,0.2,301428,世纪恒通
sz.301479,2025-04-28,142.98,1,False,9.11,32.2438,630223856.63,23.26,0,0.2,301479,弘景光电
sz.301486,2025-04-22,48.05,1,True,20.0,0.9228,34987847.75,-14.35,0,0.2,301486,致尚科技
sz.301486,2025-04-25,57.96,1,False,0.62,21.4282,915777760.62,7.87,0,0.2,301486,致尚科技
sz.301509,2025-04-24,31.48,1,False,15.4,23.4334,413483849.67,18.84,0,0.2,301509,金凯生科
sz.301533,2025-04-08,30.94,1,False,7.76,16.2232,137036031.2,-1.4,0,0.2,301533,威马农机
sz.301558,2025-04-15,10.04,1,False,0.24,46.1608,916244028.82,14.61,0,0.2,301558,三态股份
sz.301566,2025-04-18,16.37,1,False,10.41,10.2517,344361107.5,-2.39,0,0.2,301566,达利凯普
sz.301607,2025-03-06,49.93,1,False,-0.02,45.557,498666241.93,35.79,0,0.2,301607,富特科技
sz.301607,2025-03-18,55.44,1,False,4.55,31.8685,397428424.21,47.76,0,0.2,301607,富特科技
sz.301608,2025-03-06,114.01,1,False,2.78,20.5674,394904908.39,52.48,0,0.2,301608,博实结
sz.301613,2025-03-31,74.1,1,False,4.45,27.8959,448574571.1,15.31,0,0.2,301613,新铝时代
sz.301618,2025-04-16,84.14,1,False,1.74,19.5333,250445232.0,-2.71,0,0.2,301618,长联科技
sz.301629,2025-04-01,194.4,1,False,-1.85,65.5525,1223543300.43,23.09,0,0.2,301629,矽电股份
