序号,营业部名称,上榜日,买入个股数,卖出个股数,买入总金额,卖出总金额,总买卖净额,买入股票,营业部代码
1,联储证券股份有限公司宁波分公司,2025-01-10,1,1,617432528.78,56312580.47,561119948.31,粤宏远A 方正科技,10915756
2,国泰君安证券股份有限公司上海海阳西路证券营业部,2025-01-16,1,0,421704113.3,,421704113.3,五洲新春,10000526029
3,国泰君安证券股份有限公司上海海阳西路证券营业部,2025-01-10,2,0,437936875.0,34391688.0,403545187.0,中坚科技 双林股份,10000526029
4,东方财富证券股份有限公司拉萨金融城南环路证券营业部,2025-01-16,17,9,786360220.19,473566869.38,312793350.81,卓郎智能 *ST康佳A 天下秀 中百集团 三维通信 东百集团 弘讯科技 东港股份 利欧股份 天和磁材 先达股份 广百股份 福达股份 建设工业 来伊份 遥望科技 中利集团 美邦股份 好想你 跨境通,10678762
5,中信证券股份有限公司上海分公司,2025-01-14,8,2,313873119.84,47083314.4,266789805.44,华胜天成 万控智造 天和磁材 浙江荣泰 福达股份 麦迪科技 东鹏饮料 凯尔达 奥普特,10135341
6,国泰君安证券股份有限公司三亚迎宾路证券营业部,2025-01-13,3,0,266004125.2,0.0,266004125.2,来伊份 国星光电 好想你,10564207
7,东亚前海证券有限责任公司苏州分公司,2025-01-16,6,2,289985354.9,36619404.08,253365950.82,遥望科技 国旅联合 跨境通 苏豪汇鸿 博通集成 歌力思 金奥博 鸿泉技术,10000526027
8,瑞银证券有限责任公司上海浦东新区花园石桥路第二证券营业部,2025-01-14,2,0,239054607.5,,239054607.5,东鹏饮料 绿的谐波,10342152
9,东方财富证券股份有限公司拉萨金融城南环路证券营业部,2025-01-10,24,16,627304776.17,396822818.77,230481957.4,骏创科技 中百集团 *ST博信 神雾节能 鸿智科技 中化装备 速达股份 哈药股份 东百集团 巨轮智能 济高发展 利欧股份 海得控制 银座股份 日海智能 万控智造 华培动力 康盛股份 比依股份 国星光电 祥和实业 电光科技 五洲新春 *ST吉药 来伊份 立方退 力鼎光电 同星科技 黄山谷捷 强达电路,10678762
10,华鑫证券有限责任公司上海宛平南路证券营业部,2025-01-16,2,0,229035755.26,,229035755.26,博通集成 五洲新春,10028416
11,华泰证券股份有限公司天津东丽开发区二纬路证券营业部,2025-01-10,4,0,263228912.24,41973480.0,221255432.24,速达股份 天和磁材 利欧股份 五洲新春,10147201
12,国泰君安证券股份有限公司上海分公司,2025-01-10,2,0,196144478.8,,196144478.8,五洲新春 来伊份,10201214
13,国泰君安证券股份有限公司咸宁咸宁大道证券营业部,2025-01-10,3,1,268669958.12,119331279.69,149338678.43,三花智控 博实股份 肇民科技,10429230
14,中信证券股份有限公司西安朱雀大街证券营业部,2025-01-17,2,0,144951770.7,323503.0,144628267.7,巨轮智能 川发龙蟒,10453418
15,广发证券股份有限公司天津环湖中路证券营业部,2025-01-13,1,0,144039243.6,91945.0,143947298.6,德福科技,10021807
16,国泰君安证券股份有限公司咸宁咸宁大道证券营业部,2025-01-16,3,1,223308140.0,79836196.12,143471943.88,中百集团 立方退 挖金客,10429230
17,国泰君安证券股份有限公司宜昌沿江大道证券营业部,2025-01-17,4,1,188409869.0,48643692.0,139766177.0,福达股份 康强电子 川发龙蟒 圣邦股份 挖金客,10026729
18,国泰君安证券股份有限公司咸宁咸宁大道证券营业部,2025-01-14,3,0,136096251.0,219462.0,135876789.0,弘讯科技 银之杰 立方退,10429230
19,开源证券股份有限公司西安西大街证券营业部,2025-01-17,5,2,140799915.0,19008276.0,121791639.0,闽发铝业 *ST柳化 先锋电子 科泰电源 格尔软件 奕东电子,10046745
20,高盛（中国）证券有限责任公司上海浦东新区世纪大道证券营业部,2025-01-10,6,6,168868115.5,47493373.54,121374741.96,江钨装备 锦江在线 友好集团 济高发展 禾望电气 博通集成 时空科技 福莱新材,10000399618
21,中国国际金融股份有限公司北京建国门外大街证券营业部,2025-01-14,6,0,120251755.32,,120251755.32,万控智造 天和磁材 浙江荣泰 麦迪科技 东鹏饮料 凯尔达,10050414
22,中信证券股份有限公司上海凯滨路证券营业部,2025-01-15,2,0,119262758.2,,119262758.2,弘讯科技 五洲新春,10492220
23,国泰君安证券股份有限公司上海海阳西路证券营业部,2025-01-15,1,0,119045464.0,,119045464.0,五洲新春,10000526029
24,东方财富证券股份有限公司拉萨金融城南环路证券营业部,2025-01-15,15,7,360397277.93,241354698.15,119042579.78,天罡股份 *ST康佳A 哈空调 南京公用 粤宏远A 英洛华 弘讯科技 广博股份 天和磁材 海得控制 先达股份 广百股份 比依股份 来伊份 中恒电气 康盛股份 德力股份 好想你 跨境通,10678762
25,东吴证券股份有限公司上海西藏南路证券营业部,2025-01-10,4,1,163878233.45,47274708.0,116603525.45,方正科技 蔚蓝锂芯 建设工业 雄韬股份 震裕科技,10143030
26,国泰君安证券股份有限公司咸宁咸宁大道证券营业部,2025-01-13,4,1,209075521.4,95950992.0,113124529.4,北方铜业 日海智能 立方退 安培龙,10429230
27,东海证券股份有限公司福州长乐北路证券营业部,2025-01-16,3,0,112243577.5,0.0,112243577.5,ST汇洲 共进股份 五洲新春,10913655
28,招商证券股份有限公司福州六一中路证券营业部,2025-01-16,2,0,110027655.0,59020.0,109968635.0,金奥博 五洲新春,10318896
29,东方财富证券股份有限公司拉萨东环路第二证券营业部,2025-01-13,13,10,234226035.83,126678488.9,107547546.93,ST宁科 骏创科技 顺钠股份 大连友谊 鲁抗医药 海鸥股份 北方铜业 麦迪科技 中百集团 东方新能 美邦股份 康盛股份 力鼎光电 国星光电 茂硕电源 京泉华 蒙娜丽莎 ST迪威迅 黄山谷捷 强达电路,10472087
30,国泰君安证券股份有限公司上海松江中山东路证券营业部,2025-01-16,1,0,107244514.72,37845.0,107206669.72,天孚通信,10134445
31,中信证券股份有限公司浙江分公司,2025-01-16,5,6,233171707.38,127518602.12,105653105.26,天下秀 *ST康佳A 好想你 东百集团 先达股份 福达股份 来伊份 跨境通,10520724
32,东莞证券股份有限公司南京分公司,2025-01-14,5,0,115263385.3,10641670.0,104621715.3,建设工业 云里物里 天下秀 立方退 旺成科技,10485003
33,开源证券股份有限公司西安西大街证券营业部,2025-01-15,9,5,247659334.56,143876891.58,103782442.98,广博股份 苏豪弘业 宁波东力 *ST柳化 广百股份 金瑞矿业 宝鼎科技 建设机械 跨境通 弘讯科技 金奥博 *ST新元 英特科技,10046745
34,浙商证券股份有限公司杭州五星路证券营业部,2025-01-14,2,1,133949459.0,31746639.15,102202819.85,蓝色光标 苏豪弘业 天下秀,10949092
35,国盛证券有限责任公司宁波桑田路证券营业部,2025-01-17,3,2,236930960.6,135742926.1,101188034.5,ST汇洲 *ST柳化 电光科技 金奥博,10456710
36,天风证券股份有限公司深圳分公司,2025-01-16,1,0,100760906.0,419565.4,100341340.6,天孚通信,10915765
37,深股通专用,2025-01-15,7,7,619463325.09,521979221.15,97484103.94,*ST康佳A 英洛华 航天电器 巨轮智能 利欧股份 建设工业 宝鼎科技 汉威科技,10634757
38,中泰证券股份有限公司深圳分公司,2025-01-17,1,0,97754744.0,396857.0,97357887.0,巨轮智能,10484895
39,天风证券股份有限公司深圳分公司,2025-01-10,1,0,97024920.5,,97024920.5,北特科技,10915765
40,东方财富证券股份有限公司拉萨团结路第一证券营业部,2025-01-16,14,8,467209428.37,372536612.01,94672816.36,东百集团 柏星龙 *ST康佳A 星图测控 天和磁材 福达股份 中百集团 来伊份 东港股份 利欧股份 美邦股份 建设工业 好想你 姚记科技 跨境通 慧翰股份,10484371
41,国盛证券有限责任公司南昌金融大街证券营业部,2025-01-17,1,0,94974816.9,353787.0,94621029.9,巨轮智能,10456701
42,国泰君安证券股份有限公司上海松江中山东路证券营业部,2025-01-13,2,0,94478329.0,87905.0,94390424.0,康尼机电 北方铜业,10134445
43,东吴证券股份有限公司苏州干将东路证券营业部,2025-01-15,2,0,93011493.8,90315.0,92921178.8,来伊份 英洛华,10141748
44,国投证券股份有限公司西安朱雀大街证券营业部,2025-01-10,1,0,89527970.0,,89527970.0,方正科技,10561512
45,华鑫证券有限责任公司上海分公司,2025-01-10,5,2,129220677.03,39883776.56,89336900.47,锦江在线 飞龙股份 福达股份 金奥博 德福科技 强达电路,10274545
46,国泰君安证券股份有限公司上海江苏路证券营业部,2025-01-15,2,1,120015743.6,30769808.0,89245935.6,五洲新春 壹网壹创 来伊份,10025080
47,东方财富证券股份有限公司拉萨东环路第一证券营业部,2025-01-10,11,8,252159690.17,164462660.18,87697029.99,星图测控 天创转债 神雾节能 *ST博信 巨能股份 巨轮智能 海得控制 *ST美讯 广百股份 比依股份 康盛股份 双林股份 *ST吉药 天迈科技 贝仕达克 华塑科技 威士顿 强达电路,10428246
48,国泰君安证券股份有限公司上海松江中山东路证券营业部,2025-01-17,2,0,87287341.0,24429.0,87262912.0,科泰电源 圣邦股份,10134445
49,中泰证券股份有限公司深圳科苑南路证券营业部,2025-01-17,1,0,86839935.0,0.0,86839935.0,巨轮智能,10921344
50,国金证券股份有限公司上海互联网证券分公司,2025-01-10,1,0,85246444.2,,85246444.2,禾望电气,10074763
51,国泰君安证券股份有限公司北京光华路证券营业部,2025-01-15,1,0,84869510.0,641.0,84868869.0,巨轮智能,10949120
52,沪股通专用,2025-01-10,7,8,750019874.81,667394611.85,82625262.96,方正科技 信达地产 哈药股份 北特科技 禾望电气 万控智造 旭升集团 五洲新春 力鼎光电,10434470
53,华泰证券股份有限公司苏州人民路证券营业部,2025-01-17,1,0,83348442.0,1710492.0,81637950.0,遥望科技,10021776
54,东方财富证券股份有限公司拉萨东环路第二证券营业部,2025-01-10,17,11,272852372.85,193454509.29,79397863.56,西磁科技 哈药股份 中百集团 银座股份 星图测控 巨轮智能 海得控制 天和磁材 骏创科技 巨能股份 广百股份 比依股份 电光科技 鸿智科技 祥和实业 *ST吉药 欣天科技 凯伦股份 贝仕达克 钧崴电子 黄山谷捷 强达电路,10472087
55,国盛证券有限责任公司宁波桑田路证券营业部,2025-01-14,2,1,111398927.34,32063791.0,79335136.34,粤宏远A 苏豪弘业 弘讯科技,10456710
56,东方财富证券股份有限公司昌都两江大道证券营业部,2025-01-13,5,3,113423393.58,34588955.0,78834438.58,良品铺子 东方新能 中恒电气 康盛股份 好想你 德福科技,10342919
57,开源证券股份有限公司西安永城路证券营业部,2025-01-16,1,2,162350774.8,83597028.8,78753746.0,立方退 *ST柳化,10495079
58,中信证券股份有限公司上海分公司,2025-01-17,4,7,180545534.51,101935331.04,78610203.47,红星发展 天下秀 光大嘉宝 博通集成 先达股份 福达股份 格尔软件 锦和商管 一鸣食品,10135341
59,金元证券股份有限公司东阳中山路证券营业部,2025-01-17,1,2,151811060.0,73217980.0,78593080.0,苏豪弘业 金奥博,10441337
60,华泰证券股份有限公司天津东丽开发区二纬路证券营业部,2025-01-14,2,1,88291887.06,10853533.71,77438353.35,华胜天成 银之杰 鸿智科技,10147201
61,华鑫证券有限责任公司上海分公司,2025-01-16,6,2,102009454.52,25021168.0,76988286.52,红星发展 华媒控股 鹏欣资源 广百股份 苏豪汇鸿 金安国纪 挖金客 鸿泉技术,10274545
62,中信证券股份有限公司浙江分公司,2025-01-10,8,4,271077304.36,195149582.59,75927721.77,中百集团 东百集团 神雾节能 银座股份 速达股份 利欧股份 海得控制 日海智能 电光科技,10520724
63,国泰君安证券股份有限公司成都北一环路证券营业部,2025-01-14,2,0,76914961.0,1051153.0,75863808.0,蓝色光标 华胜天成,10026897
64,沪股通专用,2025-01-16,4,4,270390383.11,194591157.08,75799226.03,鹏欣资源 苏豪汇鸿 共进股份 五洲新春,10434470
65,国泰君安证券股份有限公司宜昌沿江大道证券营业部,2025-01-14,3,1,136801157.1,62267308.1,74533849.0,弘讯科技 汉威科技 三丰智能 安硕信息,10026729
66,浙商证券股份有限公司杭州五星路证券营业部,2025-01-17,1,1,124428028.0,50103716.0,74324312.0,天下秀 遥望科技,10949092
67,申港证券股份有限公司深圳深南东路证券营业部,2025-01-16,1,1,138094375.12,64269021.6,73825353.52,立方退 来伊份,10747429
68,中国国际金融股份有限公司上海分公司,2025-01-16,6,3,141878188.26,69902072.28,71976115.98,三维通信 鹏欣资源 广百股份 弘讯科技 姚记科技 东方国信 立方退 博实结,10088113
69,广发证券股份有限公司天津环湖中路证券营业部,2025-01-10,1,0,72022452.2,56823.0,71965629.2,德福科技,10021807
70,东莞证券股份有限公司南京分公司,2025-01-17,1,1,81850131.0,9900710.0,71949421.0,ST汇洲 歌力思,10485003
71,国泰君安证券股份有限公司咸宁咸宁大道证券营业部,2025-01-17,2,1,103897357.0,32546363.2,71350993.8,康强电子 圣邦股份 挖金客,10429230
72,华泰证券股份有限公司天津东丽开发区二纬路证券营业部,2025-01-17,2,1,91013906.64,20136298.0,70877608.64,康强电子 一鸣食品,10147201
73,平安证券股份有限公司山东分公司,2025-01-10,1,0,71302779.14,686649.0,70616130.14,粤宏远A,10390301
74,中信证券股份有限公司深圳分公司,2025-01-13,1,0,71621994.7,1018210.0,70603784.7,德福科技,10492423
75,中信证券股份有限公司浙江分公司,2025-01-17,4,4,211720606.26,142781638.64,68938967.62,天下秀 大连友谊 博通集成 好想你 美邦股份 电光科技,10520724
76,东方财富证券股份有限公司拉萨团结路第一证券营业部,2025-01-15,13,8,253673589.87,186080498.4,67593091.47,*ST康佳A 柏星龙 哈空调 骏创科技 南京公用 广博股份 天和磁材 利欧股份 海得控制 先达股份 比依股份 广百股份 康盛股份 德力股份 好想你 ST围海 跨境通 华塑科技 惠通科技,10484371
77,东方财富证券股份有限公司拉萨团结路第二证券营业部,2025-01-15,11,5,169433766.5,101843347.34,67590419.16,柏星龙 英洛华 天和磁材 海得控制 星图测控 比依股份 骏创科技 福石控股 鸿智科技 佳云科技 立方退 惠通科技,10495103
78,国投证券股份有限公司深圳安信金融大厦证券营业部,2025-01-10,1,0,65025318.0,,65025318.0,方正科技,10131677
79,中信证券股份有限公司浙江分公司,2025-01-15,7,2,149781737.38,84769644.47,65012092.91,先达股份 *ST康佳A 南京公用 博菲电气 广博股份 海得控制 好想你 跨境通,10520724
80,东方财富证券股份有限公司拉萨团结路第一证券营业部,2025-01-17,19,11,337939424.29,273943576.27,63995848.02,星图测控 巨轮智能 苏豪弘业 骏创科技 东港股份 哈空调 康强电子 宁波东力 博通集成 天和磁材 先达股份 广百股份 福达股份 ST如意 德创环保 遥望科技 五洲新春 康盛股份 锦和商管 歌力思 好想你 电光科技 钧崴电子 强达电路,10484371
81,国泰君安证券股份有限公司上海分公司,2025-01-16,1,0,62762163.0,80100.0,62682063.0,东方国信,10201214
82,华宝证券股份有限公司上海东大名路证券营业部,2025-01-13,3,0,62704725.0,166418.0,62538307.0,大连友谊 康盛股份 好想你,10456831
83,爱建证券有限责任公司上海浦东新区前滩大道证券营业部,2025-01-10,1,0,62259681.0,0.0,62259681.0,建设工业,10491827
84,华鑫证券有限责任公司南昌分公司,2025-01-15,1,0,61811160.0,,61811160.0,苏豪弘业,10455924
85,东方财富证券股份有限公司拉萨团结路第二证券营业部,2025-01-13,16,15,282947000.34,221413813.15,61533187.19,顺钠股份 星图测控 ST宁科 骏创科技 建设工业 鲁抗医药 神剑股份 天和磁材 康盛股份 福达股份 五洲新春 锦和商管 茂硕电源 京泉华 蒙娜丽莎 ST迪威迅 威士顿 无线传媒 黄山谷捷 博实结 强达电路,10495103
86,东方财富证券股份有限公司拉萨团结路第一证券营业部,2025-01-13,19,15,392979791.3,332290307.66,60689483.64,骏创科技 ST宁科 顺钠股份 鲁抗医药 中百集团 天和磁材 建设工业 东方新能 共进股份 神剑股份 中恒电气 海鸥股份 梦洁股份 锦和商管 良品铺子 德力股份 麦迪科技 茂硕电源 京泉华 蒙娜丽莎 泰永长征 威士顿 黄山谷捷 强达电路,10484371
87,国泰君安证券股份有限公司北京知春路证券营业部,2025-01-13,1,0,60581517.6,,60581517.6,五洲新春,10025390
88,国信证券股份有限公司浙江互联网分公司,2025-01-16,4,4,250502750.64,190174874.99,60327875.65,东百集团 中百集团 先达股份 利欧股份 好想你 跨境通,10000213448
89,中国中金财富证券有限公司杭州江河汇证券营业部,2025-01-14,2,0,59156595.0,17246.0,59139349.0,粤宏远A 哈空调,10185896
90,国泰君安证券股份有限公司广州珠江新城证券营业部,2025-01-15,2,0,58748575.8,,58748575.8,国旅联合 来伊份,10000186653
91,申万宏源证券有限公司南宁英华路证券营业部,2025-01-15,1,0,57981312.0,95283.0,57886029.0,巨轮智能,10061327
92,中信证券股份有限公司西安朱雀大街证券营业部,2025-01-13,1,0,57825876.0,,57825876.0,五洲新春,10453418
93,中国银河证券股份有限公司绍兴证券营业部,2025-01-13,3,2,76911056.0,20398236.0,56512820.0,强达电路 哈空调 先达股份 美邦股份 茂莱光学,10023543
94,国投证券股份有限公司西安朱雀大街证券营业部,2025-01-14,2,0,55692100.0,0.0,55692100.0,埃夫特 骏创科技,10561512
95,中信证券股份有限公司上海溧阳路证券营业部,2025-01-16,2,0,54289632.36,407683.0,53881949.36,*ST动力 壹网壹创,10045025
96,国泰君安证券股份有限公司南京太平南路证券营业部,2025-01-14,3,2,98260573.0,45500350.54,52760222.46,拓日新能 华胜天成 安硕信息 康尼机电,10025054
97,方正证券股份有限公司温州怀江路证券营业部,2025-01-15,1,0,50891522.9,25308.0,50866214.9,巨轮智能,10495041
98,方正证券股份有限公司乐山龙游路证券营业部,2025-01-17,1,0,50721174.2,136540.0,50584634.2,金奥博,10057044
99,华鑫证券有限责任公司深圳财富大厦证券营业部,2025-01-10,3,0,49758233.6,0.0,49758233.6,福达股份 广百股份 德福科技,10000734168
100,麦高证券有限责任公司北京第二分公司,2025-01-10,1,1,116311380.25,66697439.2,49613941.05,肇民科技,10488161
101,麦高证券有限责任公司北京分公司,2025-01-10,1,1,116311380.25,66697439.2,49613941.05,巨轮智能,10488161
102,华林证券股份有限公司深圳分公司,2025-01-13,2,0,49582198.0,9923.0,49572275.0,北方铜业 安培龙,10000279530
103,国泰君安证券股份有限公司宁波广福街证券营业部,2025-01-17,1,0,49477626.1,,49477626.1,五洲新春,10023415
104,中信证券股份有限公司深圳分公司,2025-01-10,1,0,49836836.0,390001.0,49446835.0,德福科技,10492423
105,国泰君安证券股份有限公司北京知春路证券营业部,2025-01-15,2,1,60905392.0,11543563.0,49361829.0,南京公用 建设工业,10025390
106,中泰证券股份有限公司威海海滨北路证券营业部,2025-01-10,1,0,68506246.0,19262211.0,49244035.0,中坚科技,10065510
107,国盛证券有限责任公司宁波桑田路证券营业部,2025-01-15,3,2,159654810.54,111003537.32,48651273.22,粤宏远A 苏豪弘业 金奥博,10456710
108,东吴证券股份有限公司苏州干将东路证券营业部,2025-01-17,1,0,48463215.0,28602.0,48434613.0,ST汇洲,10141748
109,申万宏源证券有限公司成都天府四街证券营业部,2025-01-15,1,0,49139432.0,813206.59,48326225.41,巨轮智能,10025425
110,平安证券股份有限公司深圳分公司,2025-01-10,3,1,108154972.97,60802868.26,47352104.71,江钨装备 粤宏远A 弘讯科技,10048273
111,华泰证券股份有限公司北京东三环北路证券营业部,2025-01-17,1,0,47343650.0,110744.0,47232906.0,ST汇洲,10079640
112,开源证券股份有限公司西安永城路证券营业部,2025-01-14,1,0,46908244.4,0.0,46908244.4,立方退,10495079
113,高盛（中国）证券有限责任公司上海浦东新区世纪大道证券营业部,2025-01-13,4,6,92662500.45,45934458.0,46728042.45,华资实业 五洲新春 灵康药业 锦和商管 *ST四通 野马电池 茂莱光学,10000399618
114,方正证券股份有限公司乐山龙游路证券营业部,2025-01-16,1,0,46068426.2,83412.0,45985014.2,金奥博,10057044
115,东吴证券股份有限公司上海西藏南路证券营业部,2025-01-15,2,0,54118005.7,8950189.0,45167816.7,金瑞矿业 英洛华,10143030
116,国泰君安证券股份有限公司总部,2025-01-17,8,5,164592811.96,119975021.53,44617790.43,哈空调 红星发展 光大嘉宝 天和磁材 先达股份 福达股份 德创环保 格尔软件 歌力思 一鸣食品,10023614
117,上海证券有限责任公司杭州学院路证券营业部,2025-01-15,1,0,44680414.0,63910.0,44616504.0,汉威科技,10176801
118,中信证券股份有限公司上海分公司,2025-01-16,7,5,128576325.54,84203020.32,44373305.22,红星发展 卓郎智能 济高发展 弘讯科技 博通集成 先达股份 共进股份 福达股份 鸿泉技术,10135341
119,国金证券股份有限公司宁波江澄南路证券营业部,2025-01-10,1,0,67901289.0,24932850.0,42968439.0,双林股份,10000125619
120,中国银河证券股份有限公司厦门嘉禾路证券营业部,2025-01-17,3,1,54175487.92,11576011.0,42599476.92,红星发展 万和电气 闽发铝业 好想你,10023542
121,华泰证券股份有限公司上海普陀区江宁路证券营业部,2025-01-17,1,0,44679898.0,2476377.0,42203521.0,东港股份,10079785
122,华鑫证券有限责任公司深圳财富大厦证券营业部,2025-01-13,2,0,41516879.0,0.0,41516879.0,雅化集团 福达股份,10000734168
123,金元证券股份有限公司东阳中山路证券营业部,2025-01-14,1,0,41438945.11,0.0,41438945.11,慈星股份,10441337
124,中信证券股份有限公司东阳吴宁西路证券营业部,2025-01-13,2,1,62601222.0,21817073.0,40784149.0,康尼机电 雅化集团 金奥博,10124373
125,方正证券股份有限公司温州怀江路证券营业部,2025-01-16,1,0,40668730.74,0.0,40668730.74,金奥博,10495041
126,爱建证券有限责任公司上海浦东新区前滩大道证券营业部,2025-01-16,1,0,40433350.0,,40433350.0,天下秀,10491827
127,申港证券股份有限公司陕西分公司,2025-01-15,1,0,40180314.0,160036.0,40020278.0,英洛华,10948128
128,华鑫证券有限责任公司长沙芙蓉中路证券营业部,2025-01-13,1,0,39972017.0,,39972017.0,弘讯科技,10000278700
129,国泰君安证券股份有限公司宜昌沿江大道证券营业部,2025-01-16,2,1,152385570.0,112516132.0,39869438.0,广百股份 挖金客,10026729
130,中信证券（山东）有限责任公司淄博分公司,2025-01-15,2,0,39850674.0,474909.0,39375765.0,汉威科技 华塑科技,10492356
131,申港证券股份有限公司深圳深南东路证券营业部,2025-01-15,1,0,39358414.0,,39358414.0,来伊份,10747429
132,申港证券股份有限公司深圳深南东路证券营业部,2025-01-13,1,0,39329592.0,,39329592.0,来伊份,10747429
133,中国银河证券股份有限公司北京中关村大街证券营业部,2025-01-17,4,3,88477075.8,49174488.0,39302587.8,大连友谊 哈空调 宁波东力 锦和商管 广百股份 康盛股份 壹网壹创,10115140
134,中信建投证券股份有限公司泉州分公司,2025-01-16,1,0,38555876.0,711170.0,37844706.0,金奥博,10003306
135,东方财富证券股份有限公司昌都两江大道证券营业部,2025-01-15,4,2,161696152.0,123882179.76,37813972.24,哈空调 *ST康佳A 利欧股份 康盛股份 好想你,10342919
136,华泰证券股份有限公司上海武定路证券营业部,2025-01-13,2,1,57170489.25,19598830.7,37571658.55,哈空调 无线传媒,10098087
137,中国国际金融股份有限公司深圳分公司,2025-01-17,1,0,37256102.35,24253.0,37231849.35,圣邦股份,10484767
138,兴业证券股份有限公司厦门湖里大道证券营业部,2025-01-17,1,0,37221374.0,347730.0,36873644.0,ST汇洲,10119151
139,申万宏源证券有限公司南宁英华路证券营业部,2025-01-14,1,0,36787388.0,0.0,36787388.0,国星光电,10061327
140,东方财富证券股份有限公司昌都两江大道证券营业部,2025-01-16,4,5,118800624.0,82020669.16,36779954.84,先达股份 *ST康佳A 美邦股份 中百集团 东港股份 中利集团 好想你 摩登大道,10342919
141,国泰君安证券股份有限公司北京知春路证券营业部,2025-01-17,1,0,36933454.0,302890.4,36630563.6,金奥博,10025390
142,国泰君安证券股份有限公司上海分公司,2025-01-17,1,0,36500000.0,0.0,36500000.0,康盛股份,10201214
143,中信建投证券股份有限公司安徽分公司,2025-01-14,1,0,36389000.0,,36389000.0,埃夫特,10158366
144,中信证券股份有限公司东阳吴宁西路证券营业部,2025-01-14,2,0,35865269.0,,35865269.0,康尼机电 腾龙股份,10124373
145,财信证券股份有限公司长沙金马路证券营业部,2025-01-16,1,0,35464513.0,0.0,35464513.0,挖金客,10000071785
146,华鑫证券有限责任公司上海光复路证券营业部,2025-01-10,1,0,35457787.0,203044.0,35254743.0,建设工业,10993987
147,华泰证券股份有限公司天津东丽开发区二纬路证券营业部,2025-01-13,1,1,73609634.48,38490740.0,35118894.48,天和磁材 五洲新春,10147201
148,中国银河证券股份有限公司北京中关村大街证券营业部,2025-01-14,2,1,44884654.0,9782443.0,35102211.0,弘讯科技 好想你 万控智造,10115140
149,华鑫证券有限责任公司佛山顺德近良路证券营业部,2025-01-16,1,0,35128456.0,49445.0,35079011.0,金奥博,10456801
150,中信证券股份有限公司上海溧阳路证券营业部,2025-01-15,2,0,36892590.0,2908239.0,33984351.0,跨境通 立方退,10045025
151,国泰君安证券股份有限公司上海松江中山东路证券营业部,2025-01-14,2,1,68793395.0,34845296.21,33948098.79,康尼机电 腾龙股份,10134445
152,平安证券股份有限公司深圳分公司,2025-01-14,3,1,40539217.38,6620362.0,33918855.38,久盛电气 万控智造 黄山谷捷 天和磁材,10048273
153,招商证券股份有限公司深圳前海大道证券营业部,2025-01-13,1,0,33852749.69,,33852749.69,天和磁材,10046536
154,东海证券股份有限公司福州长乐北路证券营业部,2025-01-10,1,0,33215952.0,,33215952.0,博通集成,10913655
155,长城证券股份有限公司西安锦业路证券营业部,2025-01-14,1,0,32986768.0,,32986768.0,海鸥股份,10484324
156,中国银河证券股份有限公司大连黄河路证券营业部,2025-01-16,1,1,63194801.97,30224870.2,32969931.77,建设工业 东方国信,10030463
157,国信证券股份有限公司烟台环山路证券营业部,2025-01-10,1,0,32664993.0,62468.0,32602525.0,雄韬股份,10033696
158,东亚前海证券有限责任公司上海分公司,2025-01-10,1,0,32564576.0,,32564576.0,来伊份,10924074
159,浙商证券股份有限公司杭州五星路证券营业部,2025-01-13,1,0,31441124.0,,31441124.0,苏豪弘业,10949092
160,华鑫证券有限责任公司江苏分公司,2025-01-10,1,0,31426059.0,,31426059.0,五洲新春,10442978
161,湘财证券股份有限公司北京分公司,2025-01-13,1,0,31357220.0,46100.02,31311119.98,雄韬股份,10484729
162,中国银河证券股份有限公司大连黄河路证券营业部,2025-01-14,1,0,31196528.0,39392.0,31157136.0,建设工业,10030463
163,东吴证券股份有限公司苏州干将东路证券营业部,2025-01-13,1,0,31145483.8,,31145483.8,来伊份,10141748
164,上海证券有限责任公司苏州中心广场证券营业部,2025-01-13,1,0,30475593.0,21440.0,30454153.0,中百集团,10547746
165,中国中金财富证券有限公司杭州环球中心证券营业部,2025-01-17,2,0,31899221.76,1597820.62,30301401.14,星图测控,10185896
166,中国中金财富证券有限公司杭州江河汇证券营业部,2025-01-17,2,0,31899221.76,1597820.62,30301401.14,*ST柳化,10185896
167,国泰君安证券股份有限公司扬州文汇西路证券营业部,2025-01-17,1,0,30112706.0,95222.0,30017484.0,金奥博,10456740
168,国泰君安证券股份有限公司上海陆家嘴东路证券营业部,2025-01-17,1,0,30056935.24,203662.0,29853273.24,遥望科技,10025382
169,中泰证券股份有限公司湖北分公司,2025-01-13,1,0,29835606.58,44064.0,29791542.58,康盛股份,10484897
170,华福证券有限责任公司南京胜太路证券营业部,2025-01-16,2,0,29617252.0,0.0,29617252.0,*ST冀凯 思美传媒,10747353
171,上海证券有限责任公司崇明区堡镇中路证券营业部,2025-01-16,1,0,29424751.24,,29424751.24,红星发展,10048468
172,东亚前海证券有限责任公司苏州留园路营业部,2025-01-14,3,0,29393248.71,0.0,29393248.71,海达尔 鸿智科技,10000526027
173,东亚前海证券有限责任公司苏州分公司,2025-01-14,3,0,29393248.71,0.0,29393248.71,苏豪弘业,10000526027
174,东吴证券股份有限公司上海西藏南路证券营业部,2025-01-16,2,1,45308615.7,16127451.0,29181164.7,宁波东力 卓郎智能 金瑞矿业,10143030
175,华林证券股份有限公司深圳分公司,2025-01-15,2,1,52493314.0,23611713.0,28881601.0,粤宏远A 利欧股份 壹网壹创,10000279530
176,国泰君安证券股份有限公司成都北一环路证券营业部,2025-01-15,1,0,29137973.0,572920.0,28565053.0,富春股份,10026897
177,申万宏源证券有限公司深圳金田路证券营业部,2025-01-15,1,0,28565529.23,106800.0,28458729.23,惠通科技,10093706
178,华鑫证券有限责任公司深圳财富大厦证券营业部,2025-01-15,2,1,34147512.0,6244646.0,27902866.0,红星发展 德力股份 金瑞矿业,10000734168
179,招商证券股份有限公司上海肇嘉浜路证券营业部,2025-01-13,1,0,27872671.0,71007.0,27801664.0,神剑股份,10048282
180,中信证券股份有限公司上海徐汇区漕溪北路证券营业部,2025-01-10,1,0,27964495.0,180258.0,27784237.0,博实股份,10131242
181,中泰证券股份有限公司深圳分公司,2025-01-15,1,0,28128444.0,765345.0,27363099.0,利欧股份,10484895
182,中国中金财富证券有限公司宜兴阳羡东路证券营业部,2025-01-15,1,0,27354316.99,0.0,27354316.99,壹网壹创,10467534
183,中国银河证券股份有限公司郑州东风路证券营业部,2025-01-16,1,0,27387926.5,192784.0,27195142.5,东港股份,10026867
184,海通证券股份有限公司福州五一北路证券营业部,2025-01-16,2,1,31840910.0,4782745.0,27058165.0,苏豪汇鸿 华媒控股 思美传媒,10030191
185,联储证券股份有限公司杭州环城北路证券营业部,2025-01-13,1,0,26750000.0,,26750000.0,哈空调,10000866017
186,联储证券股份有限公司浙江分公司,2025-01-15,1,0,26158505.0,0.0,26158505.0,金奥博,10638001
187,联储证券股份有限公司浙江分公司,2025-01-13,1,0,26158505.0,0.0,26158505.0,金奥博,10638001
188,光大证券股份有限公司广州环市东路证券营业部,2025-01-16,1,0,26075066.0,0.0,26075066.0,广百股份,10000005076
189,东方财富证券股份有限公司拉萨金融城南环路证券营业部,2025-01-17,19,12,500898187.3,474833720.85,26064466.45,大连友谊 苏豪弘业 巨轮智能 哈空调 宁波东力 天下秀 博通集成 广百股份 天和磁材 先达股份 ST如意 遥望科技 福达股份 五洲新春 康盛股份 好想你 来伊份 歌力思 电光科技 一鸣食品 金奥博 钧崴电子 强达电路,10678762
190,中信建投证券股份有限公司深圳深南中路中核大厦证券营业部,2025-01-10,1,0,25902567.0,0.0,25902567.0,震裕科技,10137032
191,世纪证券有限责任公司深圳深南大道中证券营业部,2025-01-13,1,0,25781000.0,,25781000.0,长光华芯,10021996
192,中信证券股份有限公司浙江分公司,2025-01-14,6,4,136777555.13,111036111.24,25741443.89,华胜天成 顺钠股份 海鸥股份 海得控制 麦迪科技 好想你 凯尔达 电光科技,10520724
193,平安证券股份有限公司上海红宝石路证券营业部,2025-01-13,1,0,25549179.52,,25549179.52,天和磁材,10000125646
194,东方证券股份有限公司厦门仙岳路证券营业部,2025-01-16,1,0,25255710.0,0.0,25255710.0,ST汇洲,10492163
195,华鑫证券有限责任公司上海光复路证券营业部,2025-01-17,1,0,25697429.3,483882.09,25213547.21,瀛通通讯,10993987
196,国投证券股份有限公司西安曲江池南路证券营业部,2025-01-16,1,0,24899353.0,0.0,24899353.0,壹网壹创,10573482
197,华泰证券股份有限公司深圳后海中心路证券营业部,2025-01-10,1,0,28096371.0,3345130.0,24751241.0,欣天科技,10448450
198,国信证券股份有限公司苏州分公司,2025-01-17,1,0,24727952.0,0.0,24727952.0,先锋电子,10000383338
199,华鑫证券有限责任公司佛山顺德近良路证券营业部,2025-01-10,1,1,42769507.0,18132212.58,24637294.42,建设工业 电光科技,10456801
200,开源证券股份有限公司西安西大街证券营业部,2025-01-16,8,7,239638073.0,215055079.78,24582993.22,华媒控股 *ST柳化 宁波东力 鹏欣资源 广百股份 卓郎智能 金瑞矿业 苏豪汇鸿 金安国纪 弘讯科技 跨境通 福达股份,10046745
201,中国银河证券股份有限公司大连黄河路证券营业部,2025-01-17,2,1,80329247.8,55821814.0,24507433.8,康盛股份 电光科技 科泰电源,10030463
202,东海证券股份有限公司泉州丰泽街证券营业部,2025-01-10,1,0,24292210.4,,24292210.4,来伊份,10384545
203,兴业证券股份有限公司厦门湖里大道证券营业部,2025-01-16,1,0,24739495.4,656863.0,24082632.4,立方退,10119151
204,华泰证券股份有限公司舟山体育路证券营业部,2025-01-16,1,0,24050795.08,59675.0,23991120.08,思美传媒,10181023
205,中国银河证券股份有限公司上海长宁区镇宁路证券营业部,2025-01-15,1,0,23969948.0,,23969948.0,弘讯科技,10030486
206,华泰证券股份有限公司武汉高新大道证券营业部,2025-01-17,1,0,23775068.6,51462.94,23723605.66,大连友谊,10123766
207,东方财富证券股份有限公司拉萨东环路第二证券营业部,2025-01-15,9,8,191278265.66,167662153.87,23616111.79,哈空调 柏星龙 *ST康佳A 星图测控 英洛华 海得控制 骏创科技 康盛股份 德力股份 跨境通 福石控股 佳云科技 惠通科技,10472087
208,东莞证券股份有限公司湛江军民路证券营业部,2025-01-16,1,0,23539896.94,55650.0,23484246.94,壹网壹创,10206324
209,华泰证券股份有限公司湖南分公司,2025-01-16,1,0,23300387.2,,23300387.2,来伊份,10401973
210,华泰证券股份有限公司天津东丽开发区二纬路证券营业部,2025-01-15,3,2,144463137.68,121296582.35,23166555.33,五洲新春 鸿智科技 利欧股份 好想你,10147201
211,光大证券股份有限公司广州马场路证券营业部,2025-01-17,1,0,23114644.0,,23114644.0,*ST柳化,10331995
212,招商证券股份有限公司上海世纪大道证券营业部,2025-01-10,1,2,44536277.7,21560273.5,22976004.2,博实股份 华培动力,10046548
213,华泰证券股份有限公司深圳前海证券营业部,2025-01-10,1,0,47124774.82,24257221.01,22867553.81,国货航,10443747
214,华泰证券股份有限公司东莞国贸中心证券营业部,2025-01-15,1,0,22845018.32,,22845018.32,东阳光,10000678954
215,国泰君安证券股份有限公司上海江苏路证券营业部,2025-01-17,1,0,22834746.0,,22834746.0,一鸣食品,10025080
216,国泰君安证券股份有限公司深圳前海证券营业部,2025-01-15,1,0,23418630.8,801713.0,22616917.8,金奥博,10537511
217,招商证券股份有限公司晋江崇德路证券营业部,2025-01-17,1,0,22594886.0,,22594886.0,苏豪弘业,10456457
218,华泰证券股份有限公司舟山体育路证券营业部,2025-01-10,1,0,22618189.62,37078.0,22581111.62,粤宏远A,10181023
219,国泰君安证券股份有限公司深圳前海证券营业部,2025-01-13,1,0,23244874.8,669881.0,22574993.8,金奥博,10537511
220,国盛证券有限责任公司南昌金融大街证券营业部,2025-01-16,1,0,22531794.32,125212.0,22406582.32,*ST康佳A,10456701
221,华鑫证券有限责任公司南京清凉门大街证券营业部,2025-01-13,2,1,38827296.4,16686224.6,22141071.8,金奥博 安培龙,10993985
222,东亚前海证券有限责任公司上海分公司,2025-01-14,1,0,22118846.93,0.0,22118846.93,海达尔,10924074
223,华鑫证券有限责任公司金华双龙南街证券营业部,2025-01-17,1,0,22062106.0,0.0,22062106.0,三德科技,10000055278
224,东方证券股份有限公司湘潭湖湘北路证券营业部,2025-01-13,1,0,21911098.0,,21911098.0,弘讯科技,10436790
225,中信建投证券股份有限公司安徽分公司,2025-01-17,1,1,69926601.0,48063592.0,21863009.0,金奥博,10158366
226,长江证券股份有限公司武汉友谊大道证券营业部,2025-01-15,1,0,22165238.0,315341.0,21849897.0,大连友谊,10025414
227,华泰证券股份有限公司南京大光路证券营业部,2025-01-15,1,0,21781433.0,,21781433.0,弘讯科技,10021771
228,开源证券股份有限公司西安高新成章路证券营业部,2025-01-15,1,0,21723949.72,0.0,21723949.72,福石控股,10657381
229,国盛证券有限责任公司宁波天童南路证券营业部,2025-01-16,2,0,22139880.86,429605.0,21710275.86,宁波东力 金瑞矿业,10664100
230,中国银河证券股份有限公司北京中关村大街证券营业部,2025-01-16,3,1,44898456.6,23220019.0,21678437.6,三维通信 弘讯科技 先达股份 福达股份,10115140
231,中国银河证券股份有限公司上海长宁区镇宁路证券营业部,2025-01-16,1,0,21658909.0,,21658909.0,弘讯科技,10030486
232,长江证券股份有限公司武汉友谊大道证券营业部,2025-01-13,1,0,21365866.0,0.0,21365866.0,大连友谊,10025414
233,东方证券股份有限公司湘潭湖湘北路证券营业部,2025-01-17,1,0,21374445.34,89755.0,21284690.34,瀛通通讯,10436790
234,国泰君安证券股份有限公司宜昌沿江大道证券营业部,2025-01-15,4,3,177127318.0,155998458.6,21128859.4,英洛华 双良节能 巨轮智能 弘讯科技 广百股份 宝鼎科技 汉威科技,10026729
235,华鑫证券有限责任公司上海分公司,2025-01-13,3,3,102354933.5,81336824.71,21018108.79,大连友谊 福达股份 金奥博 安培龙 德福科技 强达电路,10274545
236,广发证券股份有限公司郑州农业路证券营业部,2025-01-15,2,0,21287964.0,284873.0,21003091.0,南京公用 宁波东力,10031937
237,麦高证券有限责任公司北京第二分公司,2025-01-15,1,0,20999550.0,0.0,20999550.0,*ST新元,10488161
238,华鑫证券有限责任公司上海陆家嘴证券营业部,2025-01-15,1,0,20976774.0,8877.0,20967897.0,壹网壹创,10000055316
239,东莞证券股份有限公司南京分公司,2025-01-13,2,3,60850289.0,39920613.0,20929676.0,建设工业 梦洁股份 好想你 黄山谷捷,10485003
240,国海证券股份有限公司北京第一分公司,2025-01-14,1,0,20909055.5,,20909055.5,康尼机电,10023780
241,国海证券股份有限公司北京第一分公司,2025-01-13,1,0,20909055.5,,20909055.5,康尼机电,10023780
242,华源证券股份有限公司江苏分公司,2025-01-15,1,0,20872046.0,0.0,20872046.0,壹网壹创,10484864
243,海通证券股份有限公司上海黄浦区中山南路证券营业部,2025-01-17,1,0,20774500.0,,20774500.0,清溢光电,10000503778
244,国泰君安证券股份有限公司郑州黄河路证券营业部,2025-01-15,1,0,21122896.18,362549.67,20760346.51,惠通科技,10026725
245,华泰证券股份有限公司江西分公司,2025-01-16,1,0,20734700.0,,20734700.0,鸿泉技术,10427427
246,开源证券股份有限公司西安高新成章路证券营业部,2025-01-16,1,0,20701625.0,,20701625.0,引力传媒,10657381
247,华鑫证券有限责任公司上海宛平南路证券营业部,2025-01-15,1,0,20637017.0,,20637017.0,德创环保,10028416
248,东方证券股份有限公司杭州龙井路证券营业部,2025-01-13,1,0,20590796.0,,20590796.0,苏豪弘业,10086482
249,华鑫证券有限责任公司杭州分公司,2025-01-16,1,1,29117567.52,8614687.0,20502880.52,金安国纪 *ST冀凯,10000055313
250,广发证券股份有限公司上海高科东路证券营业部,2025-01-16,1,0,20464200.0,,20464200.0,鸿泉技术,10456514
251,中国银河证券股份有限公司厦门嘉禾路证券营业部,2025-01-13,2,1,52168641.0,31754900.0,20413741.0,来伊份 中百集团,10023542
252,东方证券股份有限公司杭州龙井路证券营业部,2025-01-16,2,0,20243636.0,,20243636.0,国旅联合 美邦股份,10086482
253,招商证券股份有限公司深圳梅康路证券营业部,2025-01-17,1,0,20208700.0,,20208700.0,清溢光电,10635360
254,摩根大通证券（中国）有限公司上海银城中路证券营业部,2025-01-15,1,0,20142100.0,,20142100.0,康为世纪,10000100571
255,华泰证券股份有限公司广州珠江西路证券营业部,2025-01-10,1,0,27721159.0,7647595.0,20073564.0,肇民科技,10194296
256,华鑫证券有限责任公司深圳益田路证券营业部,2025-01-13,1,0,20066407.64,0.0,20066407.64,立方退,10495078
257,申万宏源证券有限公司上海松江区人民北路证券营业部,2025-01-17,1,0,20006000.0,,20006000.0,纳芯微,10021690
258,中国银河证券股份有限公司深圳深业上城证券营业部,2025-01-15,1,0,19997205.0,,19997205.0,红星发展,10025294
259,华泰证券股份有限公司南京大光路证券营业部,2025-01-16,1,1,22194758.0,2233180.0,19961578.0,*ST元成 引力传媒,10021771
260,长城证券股份有限公司上海中兴路证券营业部,2025-01-13,1,0,19840518.0,0.0,19840518.0,金奥博,10456186
261,华鑫证券有限责任公司上海茅台路证券营业部,2025-01-10,2,0,19824207.0,,19824207.0,信达地产 福达股份,10028419
262,招商证券股份有限公司晋江崇德路证券营业部,2025-01-14,1,0,19835129.0,12497.0,19822632.0,粤宏远A,10456457
263,中信证券股份有限公司杭州凤起路证券营业部,2025-01-16,1,0,19742351.6,77723.0,19664628.6,思美传媒,10046604
264,国泰君安证券股份有限公司深圳福田中心区华融大厦证券营业部,2025-01-13,1,0,19675062.0,50178.0,19624884.0,慈星股份,10026941
265,方正证券股份有限公司南京太平门东街证券营业部,2025-01-16,1,0,28794758.0,9170481.0,19624277.0,三维通信,10138349
266,国泰君安证券股份有限公司绵阳剑南路证券营业部,2025-01-10,1,0,19601530.26,,19601530.26,天和磁材,10705812
267,国信证券股份有限公司深圳泰然九路证券营业部,2025-01-13,1,0,19568400.0,,19568400.0,长光华芯,10078443
268,光大证券股份有限公司丹阳中新路证券营业部,2025-01-13,1,0,19465698.52,,19465698.52,天和磁材,10067894
269,东方财富证券股份有限公司拉萨金融城南环路证券营业部,2025-01-14,11,10,215439381.33,196003652.88,19435728.45,顺钠股份 *ST博信 哈空调 海得控制 卓郎智能 福达股份 建设工业 比依股份 中利集团 国星光电 *ST大药 好想你 麦迪科技 电光科技 威士顿,10678762
270,中国银河证券股份有限公司北京珠市口大街证券营业部,2025-01-17,1,0,19229664.11,,19229664.11,先达股份,10023592
271,国联证券股份有限公司上海分公司,2025-01-17,1,0,19149700.0,,19149700.0,清溢光电,10485046
272,高盛（中国）证券有限责任公司上海浦东新区世纪大道证券营业部,2025-01-17,4,2,49080251.68,30078778.0,19001473.68,红星发展 格尔软件 锦和商管 一鸣食品,10000399618
273,中国银河证券股份有限公司北京朝阳门北大街证券营业部,2025-01-15,1,0,20398961.0,1409491.0,18989470.0,大连友谊,10137410
274,华泰证券股份有限公司成都蜀金路证券营业部,2025-01-14,3,0,18960342.42,0.0,18960342.42,海达尔 哈空调 比依股份,10175321
275,国泰君安证券股份有限公司三亚迎宾路证券营业部,2025-01-17,1,1,31560000.0,12610979.77,18949020.23,*ST柳化 德创环保,10564207
276,国投证券股份有限公司深圳深南大道华侨城大厦证券营业部,2025-01-10,1,0,18907880.0,0.0,18907880.0,飞龙股份,10537515
277,东亚前海证券有限责任公司苏州分公司,2025-01-13,1,0,18889712.0,,18889712.0,苏豪弘业,10000526027
278,联储证券股份有限公司杭州环城北路证券营业部,2025-01-15,1,0,18725340.0,,18725340.0,*ST柳化,10000866017
279,东方财富证券股份有限公司拉萨团结路第一证券营业部,2025-01-10,21,17,415421968.83,396708618.04,18713350.79,中百集团 西磁科技 中化装备 星图测控 国货航 东百集团 巨轮智能 友好集团 骏创科技 济高发展 海得控制 蔚蓝锂芯 万控智造 建设工业 天和磁材 日海智能 国星光电 比依股份 祥和实业 电光科技 五洲新春 雄韬股份 *ST吉药 贝仕达克 同星科技 威士顿 钧崴电子 黄山谷捷 强达电路,10484371
280,方正证券股份有限公司杭州滨江通和路证券营业部,2025-01-14,1,0,18826266.0,131015.0,18695251.0,ST云动,10139307
281,联储证券股份有限公司宁波分公司,2025-01-13,1,0,18636250.0,,18636250.0,海鸥股份,10915756
282,国盛证券有限责任公司萍乡分公司,2025-01-17,1,0,18626981.0,,18626981.0,红星发展,10076705
283,世纪证券有限责任公司广东分公司,2025-01-16,1,0,18615123.32,0.0,18615123.32,遥望科技,10134744
284,甬兴证券有限公司青岛分公司,2025-01-15,1,0,18324917.0,0.0,18324917.0,壹网壹创,10000170393
285,中信证券股份有限公司西安朱雀大街证券营业部,2025-01-15,1,0,18213889.0,0.0,18213889.0,福石控股,10453418
286,东方财富证券股份有限公司拉萨东环路第二证券营业部,2025-01-14,6,9,166567569.16,148390876.44,18176692.72,海得控制 骏创科技 天下秀 比依股份 海鸥股份 拓日新能 巨能股份 电光科技 ST百利 三丰智能 威士顿 黄山谷捷,10472087
287,国信证券股份有限公司浙江互联网分公司,2025-01-15,3,1,54216642.58,36110115.56,18106527.02,先达股份 粤宏远A 康盛股份 跨境通,10000213448
288,国新证券股份有限公司北京中关村大街证券营业部,2025-01-13,3,0,18091848.0,0.0,18091848.0,大连友谊 方大特钢 康尼机电,10919501
289,华泰证券股份有限公司上海徐汇区龙启路证券营业部,2025-01-14,1,0,18046267.0,,18046267.0,华胜天成,10046455
290,华鑫证券有限责任公司上海自贸试验区分公司,2025-01-10,1,0,17985877.88,,17985877.88,华培动力,10048297
291,中信证券股份有限公司东阳吴宁西路证券营业部,2025-01-10,1,0,17965940.0,0.0,17965940.0,金奥博,10124373
292,国盛证券有限责任公司慈溪慈甬路证券营业部,2025-01-15,1,0,17845568.0,0.0,17845568.0,壹网壹创,10666751
293,国盛证券有限责任公司上海徐汇区虹桥路证券营业部,2025-01-16,1,0,17837588.0,0.0,17837588.0,金安国纪,10046686
294,国融证券股份有限公司浙江分公司,2025-01-17,1,0,17693138.0,0.0,17693138.0,三德科技,10915706
295,东莞证券股份有限公司四川分公司,2025-01-16,1,0,31227410.0,13537073.0,17690337.0,中百集团,10477736
296,东方财富证券股份有限公司昌都两江大道证券营业部,2025-01-17,4,4,83584796.0,65994736.42,17590059.58,东港股份 *ST富润 哈空调 好想你 先达股份 金奥博 歌力思,10342919
297,首创证券股份有限公司徐州新淮海西路证券营业部,2025-01-16,1,0,17494306.63,0.0,17494306.63,思美传媒,10000614974
298,甬兴证券有限公司天津解放北路证券营业部,2025-01-17,1,0,17323740.0,,17323740.0,苏豪弘业,10000565545
299,中国中金财富证券有限公司广州天河路证券营业部,2025-01-10,1,0,17273760.0,530.0,17273230.0,立方退,10023646
300,中信证券股份有限公司东阳吴宁西路证券营业部,2025-01-17,1,0,17682159.0,637397.0,17044762.0,奕东电子,10124373
301,恒泰证券股份有限公司上海九江路证券营业部,2025-01-14,1,0,16937583.0,,16937583.0,哈空调,10034079
302,华泰证券股份有限公司上海武定路证券营业部,2025-01-15,1,1,29100385.0,12233258.89,16867126.11,好想你 哈空调,10098087
303,华宝证券股份有限公司深圳福华一路证券营业部,2025-01-16,1,0,16781256.0,0.0,16781256.0,遥望科技,10108338
304,华鑫证券有限责任公司湖州大线场路证券营业部,2025-01-10,1,0,16585182.0,0.0,16585182.0,康盛股份,10993984
305,华鑫证券有限责任公司上海宛平南路证券营业部,2025-01-13,2,2,37934767.0,21362827.0,16571940.0,德力股份 苏豪弘业 哈空调 福达股份,10028416
306,东方证券股份有限公司厦门仙岳路证券营业部,2025-01-13,2,0,16444115.0,0.0,16444115.0,ST迪威迅 麦迪科技,10492163
307,上海证券有限责任公司宁波北仑新大路证券营业部,2025-01-14,1,0,16431998.0,,16431998.0,苏豪弘业,10000004537
308,中国银河证券股份有限公司绍兴证券营业部,2025-01-16,2,0,16342263.0,,16342263.0,狮头股份 歌力思,10023543
309,东亚前海证券有限责任公司深圳分公司,2025-01-16,1,0,16335716.0,11490.0,16324226.0,遥望科技,10924068
310,东吴证券股份有限公司苏州相城采莲路证券营业部,2025-01-10,1,0,16291563.0,,16291563.0,苏豪弘业,10139145
311,东亚前海证券有限责任公司北京分公司,2025-01-16,1,0,16221000.0,0.0,16221000.0,挖金客,10924073
312,东方财富证券股份有限公司拉萨团结路第二证券营业部,2025-01-16,11,10,157534061.37,141347999.81,16186061.56,柏星龙 ST信通 *ST康佳A 东百集团 星图测控 云里物里 济高发展 建设工业 弘讯科技 中利集团 立方退 骏创科技 慧翰股份 天和磁材 鸿智科技 英思特,10495103
313,招商证券股份有限公司北京景辉街证券营业部,2025-01-10,1,0,16100000.0,,16100000.0,奥康国际,10023769
314,联储证券股份有限公司重庆江北嘴证券营业部,2025-01-15,1,0,15965566.6,,15965566.6,苏豪弘业,10516789
315,东莞证券股份有限公司南京分公司,2025-01-10,3,5,129536932.0,113641037.98,15895894.02,中百集团 银座股份 建设工业 来伊份 雄韬股份 凯伦股份 华塑科技 黄山谷捷,10485003
316,东方财富证券股份有限公司上海东方路证券营业部,2025-01-17,1,0,15884300.0,,15884300.0,清溢光电,10028472
317,中国银河证券股份有限公司厦门湖滨中路证券营业部,2025-01-14,1,0,16007973.0,159822.0,15848151.0,ST云动,10030457
318,中国银河证券股份有限公司北京中关村大街证券营业部,2025-01-10,2,1,20266178.5,4434412.0,15831766.5,万控智造 速达股份 凯伦股份,10115140
319,广发证券股份有限公司上海南泉北路证券营业部,2025-01-10,1,0,16099427.0,343036.0,15756391.0,中百集团,10000584247
320,国信证券股份有限公司深圳红岭中路证券营业部,2025-01-10,3,1,21601775.16,5847662.81,15754112.35,星图测控 巨能股份 鸿智科技,10045166
321,东海证券股份有限公司泉州丰泽街证券营业部,2025-01-16,1,0,15704436.0,0.0,15704436.0,ST汇洲,10384545
322,中国中金财富证券有限公司广州番禺桥南路证券营业部,2025-01-14,1,0,16021695.0,358477.0,15663218.0,ST云动,10174528
323,申港证券股份有限公司四川分公司,2025-01-10,1,0,15613800.0,0.0,15613800.0,立方退,10915779
324,上海证券有限责任公司宁波北仑新大路证券营业部,2025-01-15,1,1,30828144.0,15245245.16,15582898.84,苏豪弘业,10000004537
325,东方财富证券股份有限公司拉萨东环路第一证券营业部,2025-01-14,7,7,146845131.18,131286870.02,15558261.16,星图测控 卓郎智能 顺钠股份 比依股份 海得控制 巨能股份 拓日新能 中利集团 三丰智能 威士顿 黄山谷捷,10428246
326,国融证券股份有限公司浙江分公司,2025-01-10,1,0,15980337.0,439285.0,15541052.0,凯伦股份,10915706
327,国金证券股份有限公司上海静安区南京西路证券营业部,2025-01-15,3,0,17314403.0,1775649.0,15538754.0,长龄液压 德力股份 壹网壹创,10342130
328,国金证券股份有限公司深圳分公司,2025-01-13,2,0,17161444.0,1650390.0,15511054.0,美邦股份 华塑科技,10000104821
329,国泰君安证券股份有限公司南京双龙大道证券营业部,2025-01-14,1,0,15405600.0,,15405600.0,天下秀,10456732
330,金元证券股份有限公司东阳中山路证券营业部,2025-01-15,1,1,48959064.0,33628711.98,15330352.02,建设工业,10441337
331,联储证券股份有限公司杭州西湖桃源岭证券营业部,2025-01-15,1,0,15307547.0,,15307547.0,*ST柳化,10000866015
332,东方财富证券股份有限公司拉萨团结路第一证券营业部,2025-01-14,13,11,267909233.45,252610630.11,15298603.34,天和磁材 骏创科技 顺钠股份 福达股份 海得控制 比依股份 拓日新能 海鸥股份 天罡股份 建设工业 麦迪科技 国星光电 电光科技 汉威科技 久盛电气 华塑科技 威士顿 黄山谷捷,10484371
333,上海证券有限责任公司上海分公司,2025-01-14,1,0,15281518.9,,15281518.9,浙江荣泰,10913317
334,东方证券股份有限公司洛阳南昌路营业部,2025-01-14,1,0,15212814.99,0.0,15212814.99,星图测控,10918123
335,东吴证券股份有限公司苏州西北街证券营业部,2025-01-15,1,0,15294191.0,137039.0,15157152.0,广百股份,10028577
336,广发证券股份有限公司西安南广济街证券营业部,2025-01-16,1,0,15124860.0,,15124860.0,爱慕股份,10060377
337,中国银河证券股份有限公司深圳深业上城证券营业部,2025-01-17,1,0,15097365.0,,15097365.0,光大嘉宝,10025294
338,国金证券股份有限公司成都东城根街证券营业部,2025-01-13,1,0,15069197.0,41990.0,15027207.0,好想你,10290537
339,大通证券股份有限公司无锡中南路证券营业部,2025-01-17,1,0,15020051.0,,15020051.0,格尔软件,10131419
340,甬兴证券有限公司宁波和源路证券营业部,2025-01-16,1,0,14968918.0,,14968918.0,爱慕股份,10000147202
341,华宝证券股份有限公司上海东大名路证券营业部,2025-01-15,5,3,84219184.0,69250536.79,14968647.21,南京公用 大连友谊 广百股份 康盛股份 跨境通 佳云科技 *ST新元,10456831
342,申万宏源证券有限公司无锡分公司,2025-01-14,1,0,14965142.0,,14965142.0,浙江荣泰,10112214
343,国投证券股份有限公司长沙五一大道证券营业部,2025-01-17,1,1,22322780.79,7401644.6,14921136.19,天和磁材,10000339863
344,国泰君安证券股份有限公司上海海阳西路证券营业部,2025-01-13,1,0,14913152.0,,14913152.0,苏豪弘业,10000526029
345,国泰君安证券股份有限公司总部,2025-01-10,9,12,307281104.52,292417498.92,14863605.6,江钨装备 中化装备 锦江在线 哈药股份 友好集团 济高发展 弘讯科技 禾望电气 博通集成 万控智造 华培动力 旭升集团 力鼎光电 时空科技 福莱新材,10023614
346,国盛证券有限责任公司杭州义蓬中路证券营业部,2025-01-16,1,0,14878018.0,68940.0,14809078.0,遥望科技,10456637
347,广发证券股份有限公司肇庆新元北路证券营业部,2025-01-15,1,0,14794990.0,,14794990.0,超讯科技,10023745
348,联储证券股份有限公司杭州西湖桃源岭证券营业部,2025-01-14,1,0,14778361.0,,14778361.0,苏豪弘业,10000866015
349,广发证券股份有限公司郑州农业路证券营业部,2025-01-14,1,0,14759486.0,,14759486.0,华胜天成,10031937
350,国泰君安证券股份有限公司上海四平路证券营业部,2025-01-10,1,0,14743767.0,,14743767.0,福莱新材,10023412
351,华泰证券股份有限公司佛山灯湖东路证券营业部,2025-01-15,1,0,14676244.8,,14676244.8,苏豪弘业,10265139
352,高盛（中国）证券有限责任公司上海浦东新区世纪大道证券营业部,2025-01-16,1,1,19127389.0,4493171.0,14634218.0,卓郎智能 济高发展,10000399618
353,华泰证券股份有限公司郑州如意西路证券营业部,2025-01-13,1,0,14832282.0,259417.0,14572865.0,国星光电,10133760
354,中泰证券股份有限公司常州惠国路证券营业部,2025-01-16,3,1,21618259.0,7215733.2,14402525.8,济高发展 华媒控股 中利集团,10741097
355,财通证券股份有限公司金华分公司,2025-01-14,1,0,14331600.0,37631.0,14293969.0,安硕信息,10913508
356,中国中金财富证券有限公司南昌红谷中大道证券营业部,2025-01-16,1,0,14281639.0,,14281639.0,共进股份,10028588
357,中泰证券股份有限公司深圳分公司,2025-01-16,1,0,14231937.6,35010.0,14196927.6,广百股份,10484895
358,国泰君安证券股份有限公司宜昌沿江大道证券营业部,2025-01-13,2,1,113216097.0,99057864.0,14158233.0,北方铜业 安培龙,10026729
359,国金证券股份有限公司福州长乐中路证券营业部,2025-01-10,1,0,14017440.0,0.0,14017440.0,立方退,10384570
360,财通证券股份有限公司温岭中华路证券营业部,2025-01-16,1,0,13951070.0,,13951070.0,狮头股份,10022026
361,中信建投证券股份有限公司厦门杏东路证券营业部,2025-01-14,1,0,14023144.73,100452.15,13922692.58,骏创科技,10146924
362,国投证券股份有限公司北京远大路证券营业部,2025-01-10,1,0,13904151.0,14570.0,13889581.0,德福科技,10046724
363,华鑫证券有限责任公司南京清凉门大街证券营业部,2025-01-10,1,0,13878172.0,11470.0,13866702.0,金奥博,10993985
364,国投证券股份有限公司西安曲江池南路证券营业部,2025-01-10,1,0,13827909.0,0.0,13827909.0,飞龙股份,10573482
365,中泰证券股份有限公司湖南分公司,2025-01-14,1,0,13776179.86,6130.0,13770049.86,顺钠股份,10506947
366,国泰君安证券股份有限公司上海商城路证券营业部,2025-01-17,1,0,13737015.0,,13737015.0,格尔软件,10025203
367,东方证券股份有限公司张家港东环路证券营业部,2025-01-13,1,1,22450684.0,8770210.0,13680474.0,北方铜业 雅化集团,10702252
368,华鑫证券有限责任公司绍兴胜利东路证券营业部,2025-01-16,1,0,13660475.0,0.0,13660475.0,*ST动力,10000170384
369,国泰君安证券股份有限公司深圳前海证券营业部,2025-01-17,1,1,20532578.04,6937169.0,13595409.04,瀛通通讯 *ST柳化,10537511
370,国泰君安证券股份有限公司三亚迎宾路证券营业部,2025-01-16,1,0,13539104.3,,13539104.3,*ST柳化,10564207
371,东方证券股份有限公司张家港东环路证券营业部,2025-01-17,1,0,13330000.0,,13330000.0,光大嘉宝,10702252
372,国金证券股份有限公司上海奉贤区金碧路证券营业部,2025-01-15,1,0,13264130.0,,13264130.0,超讯科技,10467671
373,长城证券股份有限公司北京西直门外大街证券营业部,2025-01-13,1,0,13216869.0,6448.0,13210421.0,中恒电气,10025275
374,长江证券股份有限公司武汉新华路证券营业部,2025-01-16,1,0,13719485.0,650831.0,13068654.0,英思特,10025412
375,甬兴证券有限公司上海分公司,2025-01-16,1,0,18868396.0,5829254.0,13039142.0,ST汇洲,10000169317
376,东方证券股份有限公司深圳深南大道证券营业部,2025-01-13,1,0,13025921.0,6360.0,13019561.0,中恒电气,10078196
377,中山证券有限责任公司广州琶洲大道东证券营业部,2025-01-14,1,0,13001685.0,0.0,13001685.0,ST云动,10709452
378,国泰君安证券股份有限公司三亚迎宾路证券营业部,2025-01-10,1,0,12852840.0,,12852840.0,友好集团,10564207
379,光大证券股份有限公司北京总部基地证券营业部,2025-01-15,1,0,12804600.0,,12804600.0,苏豪弘业,10637135
380,中国银河证券股份有限公司上海虹井路证券营业部,2025-01-13,1,0,20072396.32,7357458.0,12714938.32,中百集团,10135465
381,东莞证券股份有限公司成都高升桥路证券营业部,2025-01-17,1,0,12678266.0,0.0,12678266.0,闽发铝业,10000234303
382,华宝证券股份有限公司上海东大名路证券营业部,2025-01-10,1,0,12542441.0,63694.0,12478747.0,广百股份,10456831
383,国金证券股份有限公司深圳湾一号证券营业部,2025-01-16,3,0,16991211.03,4518650.92,12472560.11,柏星龙 骏创科技 鸿智科技,10396105
384,国泰君安证券股份有限公司临沂沂蒙路证券营业部,2025-01-10,1,0,12448083.34,,12448083.34,福莱新材,10148549
385,中国银河证券股份有限公司厦门自贸金融中心证券营业部,2025-01-13,1,0,12444395.0,0.0,12444395.0,博实结,10671759
386,东北证券股份有限公司武汉香港路证券营业部,2025-01-16,1,1,32245804.0,19846357.0,12399447.0,天下秀 引力传媒,10083742
387,中信证券股份有限公司宜昌西陵一路证券营业部,2025-01-16,1,0,12309680.0,0.0,12309680.0,金安国纪,10638946
388,华鑫证券有限责任公司上海宛平南路证券营业部,2025-01-10,2,1,42082717.0,29893504.0,12189213.0,福达股份 五洲新春,10028416
389,东兴证券股份有限公司上海肇嘉浜路证券营业部,2025-01-14,1,0,12151560.0,,12151560.0,天下秀,10045064
390,华源证券股份有限公司江苏分公司,2025-01-16,1,0,12020946.0,,12020946.0,国旅联合,10484864
391,中国银河证券股份有限公司大连一德街证券营业部,2025-01-13,1,0,11987168.0,0.0,11987168.0,中恒电气,10023593
392,中国银河证券股份有限公司平湖解放西路证券营业部,2025-01-10,1,0,11932657.0,,11932657.0,奥康国际,10160485
393,国信证券股份有限公司深圳红岭中路证券营业部,2025-01-14,5,3,36740690.62,24849260.21,11891430.41,星图测控 云里物里 骏创科技 巨能股份 旺成科技 鸿智科技,10045166
394,海通证券股份有限公司北京中关村南大街证券营业部,2025-01-16,1,0,11834798.0,,11834798.0,济高发展,10025071
395,财信证券股份有限公司杭州西湖国贸中心证券营业部,2025-01-16,1,0,11852550.0,50007.0,11802543.0,宁波东力,10656871
396,首创证券股份有限公司徐州新淮海西路证券营业部,2025-01-17,2,1,27752031.05,15971348.2,11780682.85,思美传媒 瀛通通讯,10000614974
397,国金证券股份有限公司成都东城根街证券营业部,2025-01-15,1,0,11712693.0,,11712693.0,双良节能,10290537
398,国金证券股份有限公司深圳分公司,2025-01-10,1,1,26199735.0,14555689.0,11644046.0,天创转债 江钨装备 来伊份,10000104821
399,国泰君安证券股份有限公司仙居西门街证券营业部,2025-01-10,1,0,11609936.56,,11609936.56,祥和实业,10150359
400,广发证券股份有限公司珠海山场路证券营业部,2025-01-17,1,0,11584350.0,,11584350.0,博通集成,10141667
401,华泰证券股份有限公司总部,2025-01-14,2,0,11539483.0,,11539483.0,国旅联合 腾龙股份,10028451
402,恒泰证券股份有限公司杭州民和路证券营业部,2025-01-15,1,0,11492742.0,,11492742.0,德创环保,10495051
403,华泰证券股份有限公司总部,2025-01-16,1,0,11484163.0,,11484163.0,福达股份,10028451
404,华鑫证券有限责任公司深圳财富大厦证券营业部,2025-01-16,2,1,34163355.0,22745545.0,11417810.0,红星发展 金瑞矿业,10000734168
405,国泰君安证券股份有限公司上海宛平南路证券营业部,2025-01-10,2,2,65134827.0,53798303.0,11336524.0,弘讯科技 国货航 万控智造 飞龙股份,10023418
406,国金证券股份有限公司成都东城根街证券营业部,2025-01-17,1,0,11710625.0,397196.0,11313429.0,强达电路,10290537
407,中国银河证券股份有限公司长兴金陵北路证券营业部,2025-01-13,1,0,11244592.0,42316.0,11202276.0,京泉华,10146891
408,天风证券股份有限公司浙江分公司,2025-01-14,1,0,11174017.92,0.0,11174017.92,久盛电气,10570378
409,中信建投证券股份有限公司南昌北京东路证券营业部,2025-01-13,1,0,11115654.0,,11115654.0,先达股份,10131328
410,申港证券股份有限公司深圳分公司,2025-01-13,1,0,11100321.47,,11100321.47,美邦股份,10787117
411,中信证券股份有限公司杭州新天地证券营业部,2025-01-17,1,1,15456196.8,4363385.0,11092811.8,福达股份 锦和商管,10133941
412,广发证券股份有限公司珠海横琴环岛东路证券营业部,2025-01-14,1,0,10988044.0,,10988044.0,麦迪科技,10000262430
413,天风证券股份有限公司杭州教工路证券营业部,2025-01-17,1,0,10908843.0,,10908843.0,博通集成,10456542
414,中国银河证券股份有限公司绍兴证券营业部,2025-01-17,2,2,38202303.0,27360224.96,10842078.04,壹网壹创 福达股份 歌力思 清溢光电,10023543
415,中信证券股份有限公司上海浦东新区东方路证券营业部,2025-01-17,1,0,10794671.0,,10794671.0,光大嘉宝,10045021
416,华鑫证券有限责任公司深圳益田路证券营业部,2025-01-16,1,0,10716092.0,,10716092.0,爱慕股份,10495078
417,中泰证券股份有限公司招远温泉路证券营业部,2025-01-15,1,0,15427977.0,4750229.0,10677748.0,宝鼎科技,10103085
418,华泰证券股份有限公司杭州学院路证券营业部,2025-01-17,1,0,10468182.0,,10468182.0,德创环保,10361223
419,华鑫证券有限责任公司深圳益田路证券营业部,2025-01-10,1,0,10460114.5,10500.0,10449614.5,郑中设计,10495078
420,中信证券股份有限公司杭州崇仁路证券营业部,2025-01-10,1,0,10390329.0,,10390329.0,东百集团,10136923
421,华鑫证券有限责任公司上海分公司,2025-01-15,5,6,102532528.8,92460457.37,10072071.43,红星发展 大连友谊 德创环保 博菲电气 巨轮智能 宁波东力 金奥博 富春股份 *ST新元 英特科技,10274545
422,平安证券股份有限公司北京望京证券营业部,2025-01-14,1,0,10359146.2,313071.0,10046075.2,久盛电气,10338758
423,光大证券股份有限公司丹阳中新路证券营业部,2025-01-16,1,0,10033124.0,,10033124.0,天和磁材,10067894
424,中信证券股份有限公司杭州凤起路证券营业部,2025-01-17,1,1,34901633.0,24880702.25,10020930.75,思美传媒 金奥博,10046604
425,国泰君安证券股份有限公司成都北一环路证券营业部,2025-01-10,1,0,9988533.0,,9988533.0,信达地产,10026897
426,中国银河证券股份有限公司重庆万象城证券营业部,2025-01-16,1,0,9965942.0,8575.0,9957367.0,博实结,10339781
427,华鑫证券有限责任公司上海茅台路证券营业部,2025-01-16,1,0,9916980.0,,9916980.0,国旅联合,10028419
428,华鑫证券有限责任公司上海茅台路证券营业部,2025-01-15,1,0,9916980.0,,9916980.0,国旅联合,10028419
429,华鑫证券有限责任公司上海茅台路证券营业部,2025-01-13,1,0,9916980.0,,9916980.0,福达股份,10028419
430,中信证券股份有限公司东阳吴宁西路证券营业部,2025-01-16,2,1,23649290.0,13825895.0,9823395.0,苏豪汇鸿 鸿泉技术,10124373
431,华泰证券股份有限公司江西分公司,2025-01-14,1,0,9720748.0,,9720748.0,腾龙股份,10427427
432,国信证券股份有限公司佛山顺德大良证券营业部,2025-01-10,1,0,9706068.0,25899.0,9680169.0,金奥博,10028422
433,中国银河证券股份有限公司北京安贞门证券营业部,2025-01-13,2,0,9775388.92,96425.0,9678963.92,博实结 野马电池,10023519
434,沪股通专用,2025-01-13,9,8,441431611.94,431762432.23,9669179.71,哈药股份 鲁抗医药 万控智造 康尼机电 共进股份 五洲新春 良品铺子 力鼎光电 长光华芯 茂莱光学,10434470
435,东吴证券股份有限公司海宁海州西路证券营业部,2025-01-16,1,0,9753638.0,116960.0,9636678.0,姚记科技,10583934
436,国泰君安证券股份有限公司深圳福田中心区华融大厦证券营业部,2025-01-14,1,0,31070888.0,21474808.0,9596080.0,慈星股份,10026941
437,上海证券有限责任公司上海分公司,2025-01-17,1,0,9804053.0,233764.0,9570289.0,钧崴电子,10913317
438,国盛证券有限责任公司深圳梅园路证券营业部,2025-01-10,1,0,9558088.0,,9558088.0,苏豪弘业,10456723
439,华源证券股份有限公司武汉分公司,2025-01-10,1,0,9504249.0,,9504249.0,苏豪弘业,10000722572
440,中国银河证券股份有限公司北京金融街证券营业部,2025-01-17,1,0,9474848.0,,9474848.0,来伊份,10030485
441,财信证券股份有限公司杭州西湖国贸中心证券营业部,2025-01-10,1,0,9349730.0,0.0,9349730.0,立方退,10656871
442,国泰君安证券股份有限公司上海宛平南路证券营业部,2025-01-13,1,1,29119323.0,19782161.0,9337162.0,弘讯科技 雅化集团,10023418
443,东方财富证券股份有限公司山南香曲东路证券营业部,2025-01-13,3,1,23494587.2,14202543.0,9292044.2,威士顿 先达股份 力鼎光电,10281327
444,东方证券股份有限公司洛阳南昌路营业部,2025-01-10,1,0,9242848.97,0.0,9242848.97,星图测控,10918123
445,申港证券股份有限公司福建分公司,2025-01-10,1,0,9157340.0,0.0,9157340.0,立方退,10768240
446,东莞证券股份有限公司湖北分公司,2025-01-10,1,0,9014998.0,,9014998.0,锦江在线,10682464
447,国泰君安证券股份有限公司苏州苏州大道东证券营业部,2025-01-10,1,0,8828948.0,28406.0,8800542.0,天迈科技,10426030
448,上海证券有限责任公司临平路证券营业部,2025-01-15,1,0,8742363.0,,8742363.0,超讯科技,10028432
449,东吴证券股份有限公司上海西藏南路证券营业部,2025-01-14,1,2,14374978.02,5634642.34,8740335.68,黄山谷捷 卓郎智能 巨能股份,10143030
450,财达证券股份有限公司唐山北新道证券营业部,2025-01-13,1,0,8706519.0,,8706519.0,美邦股份,10108317
451,湘财证券股份有限公司上海陆家嘴证券营业部,2025-01-17,1,0,8699966.0,,8699966.0,来伊份,10429176
452,招商证券股份有限公司上海江苏路证券营业部,2025-01-17,1,0,8759848.0,73195.0,8686653.0,东港股份,10128358
453,东莞证券股份有限公司厦门分公司,2025-01-10,1,0,8658910.7,,8658910.7,锦江在线,10145500
454,中信建投证券股份有限公司汕头海滨路证券营业部,2025-01-16,1,0,8639458.0,,8639458.0,金瑞矿业,10282096
455,中信建投证券股份有限公司汕头海滨路证券营业部,2025-01-15,1,0,8639458.0,,8639458.0,金瑞矿业,10282096
456,天风证券股份有限公司成都高华横街证券营业部,2025-01-10,1,0,8637340.0,,8637340.0,时空科技,10138480
457,国泰君安证券股份有限公司广州珠江新城证券营业部,2025-01-13,1,0,8544626.32,,8544626.32,美邦股份,10000186653
458,中泰证券股份有限公司常州惠国路证券营业部,2025-01-10,1,0,8517672.0,,8517672.0,时空科技,10741097
459,东方财富证券股份有限公司山南香曲东路证券营业部,2025-01-15,1,1,14862522.06,6421457.01,8441065.05,骏创科技 比依股份,10281327
460,光大证券股份有限公司苏州苏惠路证券营业部,2025-01-10,1,0,8423505.0,,8423505.0,锦江在线,10118980
461,国投证券股份有限公司西安曲江池南路证券营业部,2025-01-17,1,0,8389376.2,,8389376.2,光大嘉宝,10573482
462,中国中金财富证券有限公司深圳分公司,2025-01-14,1,0,8323613.0,5540.0,8318073.0,黄山谷捷,10048460
463,国信证券股份有限公司北京分公司,2025-01-16,2,0,11200615.8,2888549.58,8312066.22,柏星龙 骏创科技,10122926
464,国盛证券有限责任公司宁波天童南路证券营业部,2025-01-14,1,0,8284500.0,,8284500.0,卓郎智能,10664100
465,东亚前海证券有限责任公司浙江分公司,2025-01-13,1,0,8387920.4,132446.0,8255474.4,京泉华,10000011376
466,联储证券股份有限公司深圳分公司,2025-01-14,1,0,8162754.5,0.0,8162754.5,华塑科技,10913335
467,方正证券股份有限公司温州小南路证券营业部,2025-01-10,1,0,8983590.0,831455.0,8152135.0,天迈科技,10026996
468,申万宏源证券有限公司上海嘉定区塔城路证券营业部,2025-01-16,1,0,11384705.0,3286171.0,8098534.0,*ST动力,10048537
469,长江证券股份有限公司西安太白北路证券营业部,2025-01-15,1,0,8069548.0,,8069548.0,建设机械,10082574
470,国信证券股份有限公司北京分公司,2025-01-10,2,0,10127759.15,2070283.05,8057476.1,星图测控 巨能股份,10122926
471,东方财富证券股份有限公司拉萨团结路第二证券营业部,2025-01-17,8,6,94926910.28,86871284.08,8055626.2,星图测控 苏豪弘业 东港股份 骏创科技 康强电子 遥望科技 鸿智科技 天和磁材 钧崴电子 强达电路,10495103
472,南京证券股份有限公司常熟吉祥商城证券营业部,2025-01-10,1,0,7976502.84,,7976502.84,万控智造,10055716
473,长江证券股份有限公司上海东明路证券营业部,2025-01-10,1,0,7982873.0,11293.0,7971580.0,天迈科技,10093321
474,国泰君安证券股份有限公司上海天山路证券营业部,2025-01-15,1,0,7941791.0,,7941791.0,德创环保,10048511
475,中信证券华南股份有限公司佛山分公司,2025-01-13,1,0,7932528.0,,7932528.0,*ST四通,10913504
476,国泰君安证券股份有限公司揭阳黄岐山大道证券营业部,2025-01-13,1,0,7814044.0,0.0,7814044.0,大连友谊,10547767
477,国投证券股份有限公司福州分公司,2025-01-17,1,0,7763934.0,14780.0,7749154.0,三德科技,10116663
478,华鑫证券有限责任公司上海宛平南路证券营业部,2025-01-17,1,2,100218858.92,92487644.72,7731214.2,德创环保 五洲新春,10028416
479,东海证券股份有限公司长沙芙蓉中路证券营业部,2025-01-17,1,0,7624862.0,0.0,7624862.0,闽发铝业,10436793
480,东方财富证券股份有限公司拉萨东城区江苏大道证券营业部,2025-01-10,1,1,17202625.0,9606827.0,7595798.0,威士顿 哈药股份,10708576
481,华泰证券股份有限公司江西分公司,2025-01-10,1,1,27677413.0,20142483.0,7534930.0,博实股份 博通集成,10427427
482,上海证券有限责任公司苏州中心广场证券营业部,2025-01-10,1,0,7495040.0,,7495040.0,苏豪弘业,10547746
483,国盛证券有限责任公司宁波天童南路证券营业部,2025-01-15,1,0,7406556.86,,7406556.86,金瑞矿业,10664100
484,国泰君安证券股份有限公司重庆观音桥步行街营业部,2025-01-15,1,0,7338922.07,0.0,7338922.07,鸿智科技,10719914
485,中国银河证券股份有限公司广州天河北路证券营业部,2025-01-16,1,0,7320257.62,,7320257.62,*ST柳化,10023537
486,华泰证券股份有限公司苏州新市路证券营业部,2025-01-17,1,0,7365730.72,47940.0,7317790.72,星图测控,10026756
487,国信证券股份有限公司佛山分公司,2025-01-13,1,0,7218022.0,,7218022.0,*ST四通,10046442
488,方正证券股份有限公司杭州新业路证券营业部,2025-01-16,1,0,7176033.02,,7176033.02,先达股份,10101331
489,国盛证券有限责任公司宁波天童南路证券营业部,2025-01-17,1,1,22365528.0,15203640.0,7161888.0,康强电子 宁波东力,10664100
490,申万宏源证券有限公司浙江杭州华浙广场证券营业部,2025-01-15,1,0,7221915.51,97676.38,7124239.13,星图测控,10041879
491,东方证券股份有限公司杭州龙井路证券营业部,2025-01-17,1,0,7111907.0,,7111907.0,天和磁材,10086482
492,南京证券股份有限公司常熟吉祥商城证券营业部,2025-01-13,1,0,7099285.0,,7099285.0,万控智造,10055716
493,广发证券股份有限公司广州中山三路中华广场证券营业部,2025-01-13,1,0,7074204.0,,7074204.0,华资实业,10022059
494,华源证券股份有限公司山东分公司,2025-01-17,1,0,7012632.0,,7012632.0,德创环保,10484866
495,渤海证券股份有限公司天津中山路分公司,2025-01-14,1,0,7017015.2,8065.26,7008949.94,骏创科技,10046729
496,广发证券股份有限公司上海长宁路证券营业部,2025-01-10,1,0,6941306.0,3630.0,6937676.0,天迈科技,10110346
497,平安证券股份有限公司北京市分公司,2025-01-15,1,0,8288982.0,1356881.0,6932101.0,宝鼎科技,10023369
498,中信证券股份有限公司深圳分公司,2025-01-16,1,0,6930624.0,,6930624.0,美邦股份,10492423
499,广发证券股份有限公司中山市中山四路证券营业部,2025-01-13,1,0,6841412.0,,6841412.0,共进股份,10048489
500,东方财富证券股份有限公司山南香曲东路证券营业部,2025-01-10,2,3,33968550.58,27210616.32,6757934.26,西磁科技 天和磁材 立方退 钧崴电子 星图测控,10281327
501,中国银河证券股份有限公司北京朝阳门北大街证券营业部,2025-01-17,1,0,6753719.0,5034.0,6748685.0,大连友谊,10137410
502,光大证券股份有限公司北京东中街证券营业部,2025-01-13,1,0,6718873.0,0.0,6718873.0,德力股份,10028449
503,国金证券股份有限公司德阳岷江东路证券营业部,2025-01-16,1,0,6712972.0,,6712972.0,国旅联合,10340382
504,国金证券股份有限公司德阳岷江东路证券营业部,2025-01-15,1,0,6712972.0,,6712972.0,国旅联合,10340382
505,粤开证券股份有限公司山东分公司,2025-01-17,1,0,12383411.0,5705513.3,6677897.7,思美传媒,10532642
506,招商证券股份有限公司杭州天目山路证券营业部,2025-01-14,1,0,6651500.0,,6651500.0,凯尔达,10108628
507,中国银河证券股份有限公司杭州东宁路证券营业部,2025-01-14,1,0,6681669.78,65615.0,6616054.78,华塑科技,10030469
508,东亚前海证券有限责任公司苏州留园路证券营业部,2025-01-10,1,0,6587447.18,,6587447.18,银座股份,10000526027
509,中信证券（山东）有限责任公司青岛分公司,2025-01-10,1,0,6577455.0,0.0,6577455.0,华塑科技,10030231
510,浙商证券股份有限公司永康九铃东路证券营业部,2025-01-16,1,0,6572164.0,,6572164.0,*ST元成,10046773
511,华鑫证券有限责任公司长沙芙蓉中路证券营业部,2025-01-16,1,0,6498960.0,0.0,6498960.0,*ST冀凯,10000278700
512,国金证券股份有限公司上海静安区南京西路证券营业部,2025-01-10,1,0,6474520.0,,6474520.0,中化装备,10342130
513,中国银河证券股份有限公司北京安贞门证券营业部,2025-01-16,2,0,10104765.0,3658998.0,6445767.0,先达股份 博实结,10023519
514,中国银河证券股份有限公司如皋健康路证券营业部,2025-01-13,1,0,6408078.0,0.0,6408078.0,博实结,10499350
515,广发证券股份有限公司无锡太湖东大道证券营业部,2025-01-10,1,0,6552070.0,144658.0,6407412.0,凯伦股份,10145309
516,海通证券股份有限公司南京广州路证券营业部,2025-01-13,1,0,6393680.0,70447.0,6323233.0,德力股份,10048429
517,申万宏源西部证券有限公司乌鲁木齐人民路证券营业部,2025-01-10,1,0,6249599.0,,6249599.0,友好集团,10022011
518,华福证券有限责任公司上海宛平南路证券营业部,2025-01-13,1,0,6246744.0,0.0,6246744.0,德力股份,10058644
519,平安证券股份有限公司深圳深南大道证券营业部,2025-01-14,1,0,12635687.0,6418553.94,6217133.06,粤宏远A,10146911
520,申万宏源证券有限公司上海闵行区莘松路证券营业部,2025-01-13,1,0,6200677.0,,6200677.0,方大特钢,10462050
521,华泰证券股份有限公司盐城分公司,2025-01-15,1,0,6192017.0,,6192017.0,哈空调,10401800
522,东莞证券股份有限公司东莞长安分公司,2025-01-17,1,0,6185138.0,42269.0,6142869.0,闽发铝业,10449176
523,平安证券股份有限公司山东分公司,2025-01-16,1,0,6239868.0,106704.0,6133164.0,*ST冀凯,10390301
524,粤开证券股份有限公司山东分公司,2025-01-16,1,0,6127728.0,0.0,6127728.0,*ST冀凯,10532642
525,平安证券股份有限公司深圳分公司,2025-01-17,1,1,29616013.96,23495708.0,6120305.96,壹网壹创 光大嘉宝,10048273
526,华泰证券股份有限公司沈阳青年大街证券营业部,2025-01-16,1,0,6135038.0,16960.0,6118078.0,博实结,10109192
527,华泰证券股份有限公司成都蜀金路证券营业部,2025-01-10,2,1,9968929.7,3850917.22,6118012.48,西磁科技 信达地产,10175321
528,中信证券股份有限公司北京首体南路证券营业部,2025-01-13,1,0,6030572.0,,6030572.0,共进股份,10050624
529,华泰证券股份有限公司苏州苏州大道东证券营业部,2025-01-14,1,0,5986481.0,,5986481.0,哈空调,10397699
530,爱建证券有限责任公司上海江宁路证券营业部,2025-01-17,1,0,5966686.0,0.0,5966686.0,三德科技,10508940
531,华创证券有限责任公司北京万寿路证券营业部,2025-01-14,1,0,5900983.74,0.0,5900983.74,海达尔,10516826
532,中信证券股份有限公司杭州新天地证券营业部,2025-01-13,1,0,5885000.0,,5885000.0,哈空调,10133941
533,中泰证券股份有限公司常州惠国路证券营业部,2025-01-14,1,1,9840000.0,4009874.2,5830125.8,卓郎智能 中利集团,10741097
534,中信建投证券股份有限公司广州市黄埔东路证券营业部,2025-01-13,1,0,5773185.0,,5773185.0,哈空调,10051462
535,渤海证券股份有限公司沈阳分公司,2025-01-13,1,0,5759402.0,,5759402.0,华资实业,10152449
536,国金证券股份有限公司上海静安区南京西路证券营业部,2025-01-17,1,0,5738454.0,,5738454.0,来伊份,10342130
537,广发证券股份有限公司苏州分公司（对外营业部）,2025-01-14,1,1,8129453.4,2391708.0,5737745.4,*ST步森,10424414
538,光大证券股份有限公司北京月坛北街营业部,2025-01-15,1,0,5904795.27,180474.13,5724321.14,星图测控,10021726
539,国盛证券有限责任公司福建分公司,2025-01-14,1,0,5701615.84,0.0,5701615.84,华塑科技,10941149
540,摩根大通证券（中国）有限公司上海银城中路证券营业部,2025-01-16,1,0,5675666.0,,5675666.0,鹏欣资源,10000100571
541,中原证券股份有限公司洛阳开元大道证券营业部,2025-01-15,1,0,5899224.0,249800.0,5649424.0,航天电器,10140820
542,华西证券股份有限公司北京紫竹院路证券营业部,2025-01-16,1,0,5569120.0,0.0,5569120.0,博实结,10030384
543,华泰证券股份有限公司北京东三环北路证券营业部,2025-01-10,1,0,5551604.0,,5551604.0,时空科技,10079640
544,平安证券股份有限公司深圳深南东路罗湖商务中心证券营业部,2025-01-14,2,0,11150603.0,5608602.0,5542001.0,ST百利 威士顿,10143566
545,兴业证券股份有限公司南京分公司,2025-01-15,1,0,5602963.97,98869.0,5504094.97,华塑科技,10077331
546,华林证券股份有限公司深圳泰然路证券营业部,2025-01-13,1,0,5491385.0,,5491385.0,*ST四通,10654997
547,国信证券股份有限公司浙江互联网分公司,2025-01-14,4,2,57425376.8,51935728.0,5489648.8,卓郎智能 顺钠股份 粤宏远A 国星光电 电光科技,10000213448
548,华鑫证券有限责任公司深圳分公司,2025-01-14,1,0,5428406.0,6494.0,5421912.0,博菲电气,10030347
549,华鑫证券有限责任公司上海东大名路证券营业部,2025-01-10,1,0,5405680.0,,5405680.0,福达股份,10026767
550,中信建投证券股份有限公司上海华灵路证券营业部,2025-01-10,1,0,7880888.5,2526942.74,5353945.76,星图测控,10021794
551,湘财证券股份有限公司上海陆家嘴证券营业部,2025-01-16,1,0,5326706.4,,5326706.4,先达股份,10429176
552,中信证券股份有限公司湖北分公司,2025-01-16,1,0,5291800.0,,5291800.0,鸿泉技术,10135343
553,中信证券股份有限公司余姚南雷路证券营业部,2025-01-10,1,0,5264653.0,,5264653.0,比依股份,10073046
554,国新证券股份有限公司北京中关村大街证券营业部,2025-01-17,1,0,5180048.0,,5180048.0,德创环保,10919501
555,东北证券股份有限公司南京溧水双塘南路证券营业部,2025-01-16,1,0,5176756.0,,5176756.0,狮头股份,10000186631
556,恒泰证券股份有限公司临河胜利北路证券营业部,2025-01-16,1,0,5145714.9,0.0,5145714.9,云里物里,10030423
557,华泰证券股份有限公司深圳竹子林四路证券营业部,2025-01-16,1,0,5343282.02,232324.0,5110958.02,星图测控,10046450
558,申万宏源证券有限公司武汉中山路证券营业部,2025-01-13,1,0,5144099.0,71024.0,5073075.0,强达电路,10025462
559,长城证券股份有限公司长沙五一中路证券营业部,2025-01-13,1,0,6261835.52,1217287.5,5044548.02,星图测控,10025236
560,大通证券股份有限公司上海南车站路证券营业部,2025-01-17,1,0,5010805.0,,5010805.0,德创环保,10026751
561,光大证券股份有限公司广州马场路营业部,2025-01-14,1,0,4998607.02,0.0,4998607.02,天罡股份,10331995
562,江海证券有限公司哈尔滨金江路证券营业部,2025-01-13,1,0,13714691.0,8716354.0,4998337.0,梦洁股份,10000110051
563,东亚前海证券有限责任公司深圳福华三路证券营业部,2025-01-14,1,0,4922904.0,,4922904.0,国旅联合,10000761245
564,湘财证券股份有限公司北京朝外大街证券营业部,2025-01-17,1,0,4915141.0,,4915141.0,哈空调,10026785
565,国金证券股份有限公司上海奉贤区金碧路证券营业部,2025-01-14,1,0,6396568.06,1555467.0,4841101.06,华塑科技,10467671
566,华福证券有限责任公司广州花城大道证券营业部,2025-01-14,1,0,4838492.9,0.0,4838492.9,天罡股份,10682501
567,广发证券股份有限公司深圳福华一路证券营业部,2025-01-14,1,0,4818400.0,3454.0,4814946.0,博菲电气,10000147203
568,中国银河证券股份有限公司中山小榄升平东路证券营业部,2025-01-15,1,0,4801571.8,,4801571.8,长龄液压,10050531
569,华鑫证券有限责任公司上海世纪大道证券营业部,2025-01-17,1,0,4800544.0,0.0,4800544.0,三德科技,10000319748
570,广发证券股份有限公司厦门环岛东路证券营业部,2025-01-13,1,0,4789041.0,,4789041.0,华资实业,10000076951
571,中国国际金融股份有限公司北京建国门外大街证券营业部,2025-01-17,1,1,10906614.75,6118752.0,4787862.75,哈空调 红星发展,10050414
572,国泰君安证券股份有限公司南京太平南路证券营业部,2025-01-16,2,1,162149672.0,157395235.0,4754437.0,天下秀 利欧股份 天孚通信,10025054
573,国泰君安证券股份有限公司余姚舜水南路证券营业部,2025-01-10,1,0,4734106.0,,4734106.0,比依股份,10101619
574,开源证券股份有限公司云南分公司,2025-01-13,1,0,4709664.0,,4709664.0,方大特钢,10583925
575,国联证券股份有限公司无锡中山路证券营业部,2025-01-15,1,0,4716583.85,13200.0,4703383.85,柏星龙,10030315
576,招商证券股份有限公司深圳深南大道车公庙证券营业部,2025-01-15,1,0,5015967.0,314417.0,4701550.0,博菲电气,10114164
577,开源证券股份有限公司西安曲江新区分公司,2025-01-13,1,0,4679199.0,,4679199.0,方大特钢,10000353963
578,东北证券股份有限公司内蒙古分公司,2025-01-10,1,0,5754158.7,1171021.0,4583137.7,同星科技,10509062
579,华鑫证券有限责任公司上海红宝石路证券营业部,2025-01-15,1,1,30296893.0,25731552.0,4565341.0,利欧股份 富春股份,10582975
580,东莞证券股份有限公司四川分公司,2025-01-13,2,1,9865815.94,5337598.0,4528217.94,骏创科技 东方新能,10477736
581,平安证券股份有限公司深圳金田路证券营业部,2025-01-16,1,0,11305060.0,6819183.0,4485877.0,东港股份,10388201
582,海通证券股份有限公司福州五一北路证券营业部,2025-01-15,1,0,4481349.0,,4481349.0,苏豪汇鸿,10030191
583,长城证券股份有限公司佛山三水张边路证券营业部,2025-01-10,1,0,4420835.48,0.0,4420835.48,骏创科技,10338831
584,中国中金财富证券有限公司东莞分公司,2025-01-13,1,0,4382590.0,,4382590.0,海鸥股份,10128113
585,英大证券有限责任公司湖北分公司,2025-01-10,1,0,4371000.0,,4371000.0,比依股份,10030116
586,甬兴证券有限公司宁波四明中路证券营业部,2025-01-10,1,0,4369563.0,,4369563.0,信达地产,10000740912
587,华西证券股份有限公司无锡分公司,2025-01-15,1,0,4364890.0,,4364890.0,长龄液压,10000071829
588,东方财富证券股份有限公司山南香曲东路证券营业部,2025-01-14,2,1,9394118.28,5059409.68,4334708.6,星图测控 龙津退 ST百利,10281327
589,国投证券股份有限公司招远温泉路证券营业部,2025-01-13,1,0,6793275.0,2546035.0,4247240.0,招金黄金,10321544
590,东莞证券股份有限公司湖北分公司,2025-01-15,1,0,4174313.0,,4174313.0,长龄液压,10682464
591,光大证券股份有限公司广州马场路营业部,2025-01-15,1,1,8784200.0,4629457.29,4154742.71,天罡股份,10331995
592,光大证券股份有限公司广州马场路证券营业部,2025-01-15,1,1,8784200.0,4629457.29,4154742.71,红星发展,10331995
593,方正证券股份有限公司南阳人民路证券营业部,2025-01-14,1,0,4116584.0,0.0,4116584.0,博菲电气,10339357
594,开源证券股份有限公司榆林分公司,2025-01-13,1,0,4066422.0,,4066422.0,方大特钢,10021949
595,东莞证券股份有限公司江苏常熟营业部,2025-01-14,1,0,4005204.18,0.0,4005204.18,鸿智科技,10000667965
596,东吴证券股份有限公司苏州竹辉路证券营业部,2025-01-16,1,0,3968014.0,,3968014.0,长龄液压,10046736
597,国泰君安证券股份有限公司南京太平南路证券营业部,2025-01-13,2,2,29642417.0,25703489.54,3938927.46,康尼机电 日海智能 蒙娜丽莎 慈星股份,10025054
598,平安证券股份有限公司南通工农南路证券营业部,2025-01-10,1,1,14863944.54,10948203.0,3915741.54,凯伦股份,10338760
599,华福证券有限责任公司南平滨江中路证券营业部,2025-01-14,1,0,3902872.0,0.0,3902872.0,博菲电气,10083978
600,中银国际证券股份有限公司黑龙江分公司,2025-01-15,1,0,3852760.1,0.0,3852760.1,天罡股份,10131854
601,中国银河证券股份有限公司南京江宁金箔路证券营业部,2025-01-16,1,0,4554214.0,746959.0,3807255.0,中利集团,10436738
602,中信证券股份有限公司杭州凤起路证券营业部,2025-01-13,1,0,3801250.0,,3801250.0,海鸥股份,10046604
603,中国中金财富证券有限公司广州番禺桥南路证券营业部,2025-01-13,1,0,3669266.0,0.0,3669266.0,ST天圣,10174528
604,国信证券股份有限公司深圳南海大道证券营业部,2025-01-15,1,0,3650597.0,14725.0,3635872.0,博菲电气,10000257377
605,财通证券股份有限公司杭州文二西路证券营业部,2025-01-13,1,0,4940575.23,1350259.11,3590316.12,骏创科技,10082583
606,中山证券有限责任公司广州琶洲大道东证券营业部,2025-01-15,1,0,3575244.0,,3575244.0,长龄液压,10709452
607,国泰君安证券股份有限公司合肥长江西路证券营业部,2025-01-13,1,0,3556411.0,0.0,3556411.0,ST天圣,10025201
608,中信证券(山东)有限责任公司青岛南京路证券营业部,2025-01-14,1,0,3543192.1,0.0,3543192.1,旺成科技,10066452
609,华泰证券股份有限公司江阴福泰路证券营业部,2025-01-16,1,0,3522897.0,,3522897.0,长龄液压,10134905
610,方正证券股份有限公司哈尔滨赣水路证券营业部,2025-01-13,1,0,9678778.4,6217708.0,3461070.4,京泉华,10106624
611,海通证券股份有限公司滁州会峰路证券营业部,2025-01-10,1,0,4934135.0,1473420.38,3460714.62,黄山谷捷,10456346
612,华龙证券股份有限公司西安兴庆路证券营业部,2025-01-15,1,0,3410675.0,,3410675.0,比依股份,10561524
613,平安证券股份有限公司杭州杭大路证券营业部,2025-01-13,1,0,3756860.0,361266.0,3395594.0,黄山谷捷,10000136805
614,华安证券股份有限公司郑州国基路营业部,2025-01-15,1,0,3362775.8,0.0,3362775.8,鸿智科技,10977835
615,招商证券股份有限公司北京西直门北大街证券营业部,2025-01-13,1,0,4068529.0,713337.96,3355191.04,潜能恒信,10081652
616,西部证券股份有限公司福建分公司,2025-01-10,1,0,8580936.0,5265288.0,3315648.0,郑中设计,10784627
617,华泰证券股份有限公司南京草场门大街证券营业部,2025-01-16,1,0,3310536.4,50360.0,3260176.4,云里物里,10125435
618,中信证券股份有限公司长沙芙蓉中路证券营业部,2025-01-13,1,0,3204382.0,,3204382.0,ST宁科,10915606
619,招商证券股份有限公司深圳壹海城证券营业部,2025-01-13,1,0,3181519.56,0.0,3181519.56,ST天圣,10046534
620,中信建投证券股份有限公司上海市华灵路证券营业部,2025-01-16,1,1,9047075.59,5869968.37,3177107.22,济高发展,10021794
621,中信建投证券股份有限公司上海华灵路证券营业部,2025-01-16,1,1,9047075.59,5869968.37,3177107.22,星图测控,10021794
622,东海证券股份有限公司南京洪武北路营业部,2025-01-14,1,0,3143698.0,0.0,3143698.0,鸿智科技,10098655
623,华西证券股份有限公司无锡分公司,2025-01-16,1,0,3068624.0,,3068624.0,长龄液压,10000071829
624,中信证券股份有限公司杭州延安路证券营业部,2025-01-17,1,0,3062127.0,,3062127.0,锦和商管,10046704
625,中信证券股份有限公司余姚南雷路证券营业部,2025-01-15,1,0,3059461.0,,3059461.0,比依股份,10073046
626,平安证券股份有限公司芜湖黄山中路证券营业部,2025-01-15,1,0,3599281.45,553973.15,3045308.3,鸿智科技,10338764
627,国泰君安证券股份有限公司广东广州珠江新城营业部,2025-01-14,1,0,3011725.71,0.0,3011725.71,鸿智科技,10000186653
628,恒泰证券股份有限公司西安科技四路证券营业部,2025-01-17,1,0,3010516.0,,3010516.0,锦和商管,10532301
629,中国中金财富证券有限公司广州番禺桥南路证券营业部,2025-01-16,1,0,3008660.0,,3008660.0,ST信通,10174528
630,国信证券股份有限公司浙江互联网分公司,2025-01-10,3,2,44439809.0,41448110.51,2991698.49,中百集团 东百集团 神雾节能 电光科技,10000213448
631,东方证券股份有限公司杭州龙井路证券营业部,2025-01-15,1,0,2988096.0,,2988096.0,国旅联合,10086482
632,国信证券股份有限公司北京分公司,2025-01-13,1,0,5056913.57,2084114.12,2972799.45,骏创科技,10122926
633,中泰证券股份有限公司莱芜鲁中东大街证券营业部,2025-01-17,1,0,2985179.0,19908.0,2965271.0,ST如意,10113586
634,东方财富证券股份有限公司山南香曲东路证券营业部,2025-01-17,3,2,22526569.6,19572332.78,2954236.82,哈空调 骏创科技 万和电气 钧崴电子,10281327
635,中泰证券股份有限公司淄博青年路证券营业部,2025-01-16,1,0,2841920.43,0.0,2841920.43,鸿智科技,10109082
636,中国中金财富证券有限公司深圳爱国路证券营业部,2025-01-10,1,0,2829832.51,2895.0,2826937.51,巨能股份,10030338
637,国信证券股份有限公司北京丰台科技园证券营业部,2025-01-14,1,0,3156381.96,347000.0,2809381.96,旺成科技,10436912
638,中泰证券股份有限公司北京大望路证券营业部,2025-01-15,1,0,2713669.0,,2713669.0,苏豪汇鸿,10940111
639,广发证券股份有限公司昆明广福路证券营业部,2025-01-14,1,0,2635442.0,0.0,2635442.0,龙津退,10131610
640,信达证券股份有限公司上海铁岭路证券营业部,2025-01-15,1,0,2579580.0,,2579580.0,苏豪汇鸿,10119573
641,财通证券股份有限公司温岭中华路证券营业部,2025-01-14,1,0,2569216.62,0.0,2569216.62,云里物里,10022026
642,中信证券股份有限公司上海黄浦区淮海中路证券营业部,2025-01-15,1,0,2568697.0,,2568697.0,建设机械,10066376
643,东方财富证券股份有限公司宁波宁穿路证券营业部,2025-01-16,1,0,2550000.0,,2550000.0,ST信通,10658361
644,中信证券股份有限公司杭州文三路证券营业部,2025-01-13,1,0,2544373.0,,2544373.0,力鼎光电,10122883
645,中信证券股份有限公司杭州崇仁路证券营业部,2025-01-17,1,0,2448492.0,,2448492.0,锦和商管,10136923
646,西部证券股份有限公司西安航天基地证券营业部,2025-01-10,1,1,10273455.0,7860400.0,2413055.0,友好集团,10000584251
647,华泰证券股份有限公司南京大光路证券营业部,2025-01-14,1,0,2391632.0,,2391632.0,ST百利,10021771
648,长江证券股份有限公司慈溪新城大道证券营业部,2025-01-17,1,0,2367860.0,,2367860.0,哈空调,10085106
649,国盛证券有限责任公司武汉京汉大道证券营业部,2025-01-10,1,0,2308822.0,0.0,2308822.0,神雾节能,10147207
650,华泰证券股份有限公司北京苏州街证券营业部,2025-01-13,1,0,2295918.0,,2295918.0,野马电池,10098021
651,国联证券股份有限公司无锡锡北镇泉山路证券营业部,2025-01-10,1,0,2250839.53,0.0,2250839.53,鸿智科技,10913650
652,国信证券股份有限公司深圳红岭中路证券营业部,2025-01-13,1,1,15191657.29,12947522.94,2244134.35,星图测控 骏创科技,10045166
653,光大证券股份有限公司深圳金田路证券营业部,2025-01-15,1,0,2220407.01,0.0,2220407.01,*ST康佳B,10086806
654,东方财富证券股份有限公司马鞍山湖东北路证券营业部,2025-01-10,1,0,2093538.37,0.0,2093538.37,西磁科技,11004114
655,中信证券股份有限公司成都天府大道证券营业部,2025-01-17,1,0,2116497.99,30159.9,2086338.09,鸿智科技,10492204
656,中信证券股份有限公司台州分公司,2025-01-15,1,0,2081098.0,0.0,2081098.0,博菲电气,10145019
657,中信建投证券股份有限公司广州珠江新城证券营业部,2025-01-14,1,0,2322465.16,261203.55,2061261.61,云里物里,10537531
658,国泰君安证券股份有限公司江西南昌站前路营业部,2025-01-10,1,0,2767151.13,713562.28,2053588.85,西磁科技,10026928
659,浙商证券股份有限公司天津南马路证券营业部,2025-01-13,1,0,2041199.0,,2041199.0,灵康药业,10429351
660,恒泰证券股份有限公司沈阳奉天街证券营业部,2025-01-13,1,0,2007990.0,0.0,2007990.0,ST迪威迅,10054782
661,中国国际金融股份有限公司北京建国门外大街证券营业部,2025-01-13,2,5,45927733.19,43962838.8,1964894.39,哈药股份 弘讯科技 万控智造 良品铺子 力鼎光电 野马电池,10050414
662,华鑫证券有限责任公司江苏分公司,2025-01-16,2,2,40302521.0,38446395.0,1856126.0,*ST冀凯 博通集成 歌力思,10442978
663,国盛证券有限责任公司永康城南路证券营业部,2025-01-16,1,0,1835216.0,,1835216.0,*ST元成,10456653
664,中国中金财富证券有限公司宿迁洪泽湖路证券营业部,2025-01-13,1,0,1835000.0,0.0,1835000.0,ST天圣,10140835
665,华泰证券股份有限公司深圳深南大道证券营业部,2025-01-14,1,0,1809261.0,9510.0,1799751.0,恒久退,10206039
666,东莞证券股份有限公司四川分公司,2025-01-14,1,0,1888474.0,91930.0,1796544.0,恒久退,10477736
667,中信证券股份有限公司成都天府大道证券营业部,2025-01-10,1,0,1784619.4,0.0,1784619.4,鸿智科技,10492204
668,东方证券股份有限公司无锡新生路证券营业部,2025-01-13,1,0,1751890.0,,1751890.0,灵康药业,10517841
669,国信证券股份有限公司北京分公司,2025-01-17,1,0,2258766.35,513125.11,1745641.24,鸿智科技,10122926
670,国联证券股份有限公司上海分公司,2025-01-16,1,0,1744145.0,,1744145.0,长龄液压,10485046
671,华泰证券股份有限公司溧水珍珠北路证券营业部,2025-01-17,1,1,10339700.0,8597359.0,1742341.0,*ST柳化,10191555
672,中国中金财富证券有限公司北京宋庄路证券营业部,2025-01-10,1,0,2430959.97,727363.97,1703596.0,鸿智科技,10025074
673,中信证券股份有限公司常州分公司,2025-01-15,1,0,1690097.34,0.0,1690097.34,天罡股份,10026911
674,国信证券股份有限公司上海北京东路证券营业部,2025-01-15,1,0,1683891.28,10524.0,1673367.28,天罡股份,10045169
675,东方财富证券股份有限公司江苏分公司,2025-01-17,1,0,1573301.0,,1573301.0,*ST富润,10549265
676,国信证券股份有限公司深圳互联网分公司,2025-01-14,1,1,3552790.69,2002002.74,1550787.95,云里物里 天罡股份,10136477
677,国信证券股份有限公司义乌稠江街道总部经济园证券营业部,2025-01-13,1,0,1536413.0,0.0,1536413.0,ST天圣,10036792
678,南京证券股转交易单元80营业部,2025-01-14,1,0,2553471.78,1050367.52,1503104.26,巨能股份,10000921796
679,中信证券股份有限公司浙江分公司,2025-01-13,2,4,72823295.99,71329015.72,1494280.27,ST宁科 顺钠股份 共进股份 中百集团 梦洁股份,10520724
680,光大证券股份有限公司宁波北仑新碶证券营业部,2025-01-16,1,0,1486944.0,,1486944.0,*ST元成,10144697
681,东方财富证券股份有限公司拉萨东环路第一证券营业部,2025-01-16,3,3,38925202.79,37468624.5,1456578.29,广百股份 柏星龙 天和磁材 慧翰股份 云里物里 骏创科技,10428246
682,华泰证券股份有限公司广州琶洲大道证券营业部,2025-01-13,1,0,1445829.0,24264.0,1421565.0,潜能恒信,10454160
683,山西证券股份有限公司大连五五路证券营业部,2025-01-16,1,0,1406551.0,,1406551.0,ST信通,10134780
684,东方财富证券股份有限公司拉萨东环路第一证券营业部,2025-01-15,8,1,111832422.82,110495011.83,1337410.99,柏星龙 天和磁材 博菲电气 星图测控 海得控制 骏创科技 康盛股份 佳云科技 惠通科技,10428246
685,东海证券股份有限公司南京分公司,2025-01-16,1,0,1283943.0,0.0,1283943.0,摩登大道,10000583799
686,江海证券有限公司哈尔滨松花江街证券营业部,2025-01-10,1,1,14533125.0,13255216.0,1277909.0,奥康国际,10055868
687,中信证券股份有限公司绍兴分公司,2025-01-10,1,0,1277184.0,0.0,1277184.0,中利集团,10126138
688,华鑫证券有限责任公司南昌分公司,2025-01-10,1,0,1275904.0,0.0,1275904.0,中利集团,10455924
689,华泰证券股份有限公司上海黄浦区来福士广场证券营业部,2025-01-17,1,0,1267088.0,,1267088.0,*ST富润,10021773
690,中信证券股份有限公司北京复外大街证券营业部,2025-01-17,1,0,1254627.0,,1254627.0,*ST富润,10022040
691,方正证券股份有限公司诸暨东二路证券营业部,2025-01-17,1,0,1246724.0,,1246724.0,*ST富润,10355422
692,方正证券股份有限公司宁波中山西路证券营业部,2025-01-15,1,0,2175224.0,947635.0,1227589.0,ST围海,10078359
693,长江证券股份有限公司胶州北京东路证券营业部,2025-01-15,1,0,1313931.0,95340.0,1218591.0,ST围海,10338859
694,国泰君安证券股份有限公司深圳红荔西路证券营业部,2025-01-10,1,1,11500000.0,10330671.0,1169329.0,奥康国际,10046632
695,光大证券股份有限公司宁波环城北路证券营业部,2025-01-14,1,0,1167924.0,0.0,1167924.0,龙津退,10384553
696,国盛证券有限责任公司南昌桃花路证券营业部,2025-01-10,1,1,11500000.0,10343442.0,1156558.0,奥康国际,10035542
697,中信证券股份有限公司诸暨暨东路证券营业部,2025-01-17,1,0,1140816.0,,1140816.0,*ST富润,10071021
698,光大证券股份有限公司余姚南雷南路证券营业部,2025-01-15,1,0,1252607.0,123770.0,1128837.0,ST围海,10382801
699,华福证券有限责任公司南京胜太路证券营业部,2025-01-17,1,1,15967432.52,14860939.0,1106493.52,思美传媒,10747353
700,东海证券股份有限公司上海长宁区长顺路证券营业部,2025-01-14,1,0,1097724.0,830.0,1096894.0,龙津退,10089544
701,东方财富证券股份有限公司拉萨东城区江苏大道证券营业部,2025-01-14,1,0,2128806.0,1056731.0,1072075.0,中利集团,10708576
702,华林证券股份有限公司西藏分公司,2025-01-14,1,0,1049838.0,,1049838.0,*ST大药,10502387
703,海通证券股份有限公司上海宝山区牡丹江路证券营业部,2025-01-14,1,1,11967615.0,10924769.0,1042846.0,安硕信息 苏豪弘业,10028446
704,广发证券股份有限公司青岛香港东路证券营业部,2025-01-10,0,1,10176292.0,9147540.0,1028752.0,博实股份,10062568
705,申万宏源证券有限公司大连金马路证券营业部,2025-01-16,1,0,1028500.0,,1028500.0,ST信通,10030801
706,招商证券股份有限公司宁波中山东路证券营业部,2025-01-15,1,0,1019859.0,0.0,1019859.0,ST围海,10126117
707,中信证券（山东）有限责任公司淄博柳泉路证券营业部,2025-01-15,1,0,977970.83,0.0,977970.83,*ST康佳B,10072473
708,国泰君安证券股份有限公司上海大渡河路证券营业部,2025-01-14,1,0,971660.25,,971660.25,*ST大药,10775327
709,华泰证券股份有限公司宁波柳汀街证券营业部,2025-01-14,1,0,940000.0,,940000.0,*ST大药,10113550
710,中国中金财富证券有限公司宿迁洪泽湖路证券营业部,2025-01-14,1,0,940000.0,,940000.0,*ST大药,10140835
711,华泰证券股份有限公司张家港杨舍东街证券营业部,2025-01-14,1,0,1485542.0,582064.0,903478.0,*ST步森,10021788
712,中泰证券股份有限公司蓬莱钟楼北路证券营业部,2025-01-13,1,1,5426751.0,4537051.0,889700.0,野马电池,10106698
713,东方财富证券股份有限公司拉萨达孜区虎峰大道证券营业部,2025-01-14,1,0,1010233.0,183526.0,826707.0,龙津退,10708575
714,国盛证券有限责任公司苏南分公司,2025-01-16,1,1,5629765.0,4885275.0,744490.0,中利集团,10666747
715,国新证券股份有限公司上海浦东新区云鹃北路证券营业部,2025-01-16,1,0,711458.0,0.0,711458.0,摩登大道,10000492004
716,兴业证券股份有限公司湖北分公司,2025-01-16,1,0,694166.0,0.0,694166.0,摩登大道,10484737
717,国泰君安证券股份有限公司绍兴崇贤街证券营业部,2025-01-17,1,0,679763.0,,679763.0,美邦股份,10025061
718,浙商证券股份有限公司玉环长兴路证券营业部,2025-01-14,1,0,668422.0,0.0,668422.0,恒久退,10287615
719,华泰证券股份有限公司江阴福泰路证券营业部,2025-01-14,1,0,659437.0,14310.0,645127.0,*ST步森,10134905
720,光大证券股份有限公司惠州惠沙堤证券营业部,2025-01-15,1,0,706328.69,67554.84,638773.85,*ST康佳B,10021745
721,中信证券（山东）有限责任公司淄博柳泉路证券营业部,2025-01-14,3,0,630244.51,0.0,630244.51,*ST康佳B 汇丽B *ST凌云B,10072473
722,浙商证券股份有限公司海盐长安北路证券营业部,2025-01-17,1,0,614061.0,,614061.0,美邦股份,10960583
723,东海证券股份有限公司杭州江南大道证券营业部,2025-01-14,1,0,609224.0,0.0,609224.0,恒久退,10737541
724,中泰证券股份有限公司常州惠国路证券营业部,2025-01-15,1,1,8521101.8,7938207.0,582894.8,南京公用 *ST新元,10741097
725,中国中金财富证券有限公司广州体育东路证券营业部,2025-01-14,1,0,537400.94,0.0,537400.94,*ST康佳B,10023649
726,国金证券股份有限公司深圳湾一号证券营业部,2025-01-14,1,0,707397.0,171305.0,536092.0,恒久退,10396105
727,招商证券股份有限公司重庆金沙门路证券营业部,2025-01-17,1,0,533197.0,,533197.0,美邦股份,10920895
728,国金证券股份有限公司上海互联网证券分公司,2025-01-14,1,0,744306.0,261812.0,482494.0,恒久退,10074763
729,广发证券股份有限公司广州中山三路中华广场证券营业部,2025-01-10,1,0,333824.0,0.0,333824.0,中利集团,10022059
730,国盛证券有限责任公司长春景阳大路证券营业部,2025-01-10,1,0,268462.0,0.0,268462.0,中利集团,10456713
731,国信证券股份有限公司深圳互联网分公司,2025-01-16,2,1,7124371.08,6873707.82,250663.26,云里物里 鸿智科技,10136477
732,国元证券股份有限公司上海斜土路证券营业部,2025-01-14,2,0,180720.74,0.0,180720.74,*ST凌云B *ST康佳B,10026825
733,中国银河证券股份有限公司如东通海路证券营业部,2025-01-10,1,0,158096.0,,158096.0,*ST美讯,10000233754
734,光大证券股份有限公司丹阳中新路证券营业部,2025-01-10,1,1,4673839.0,4528432.75,145406.25,同星科技,10067894
735,中银国际证券股份有限公司陕西分公司,2025-01-14,1,1,1064748.0,922607.0,142141.0,龙津退,10146348
736,平安证券股份有限公司上海塔城路证券营业部,2025-01-10,1,0,123292.0,,123292.0,*ST美讯,10000173242
737,华福证券有限责任公司福州上三路证券营业部,2025-01-14,1,0,110578.0,,110578.0,*ST博信,10318917
738,平安证券股份有限公司兰州分公司,2025-01-10,1,0,104364.0,,104364.0,*ST美讯,10000242743
739,华泰证券股份有限公司福建分公司,2025-01-10,1,0,98889.0,,98889.0,*ST博信,10399307
740,国泰君安证券股份有限公司嘉兴秀洲大道证券营业部,2025-01-10,1,0,95933.0,,95933.0,*ST博信,10182840
741,信达证券股份有限公司辽阳武圣路证券营业部,2025-01-14,1,0,90969.28,,90969.28,汇丽B,10119410
742,方正证券股份有限公司龙港龙港大道证券营业部,2025-01-10,1,0,82740.0,,82740.0,*ST美讯,10139304
743,华泰证券股份有限公司大连港兴路证券营业部,2025-01-13,0,1,1403498.12,1330609.0,72889.12,潜能恒信,10080007
744,华安证券股份有限公司潜山皖潜大道证券营业部,2025-01-10,1,0,69750.0,,69750.0,*ST博信,10148527
745,兴业证券股份有限公司安徽分公司,2025-01-17,0,1,4850374.0,4786545.0,63829.0,先锋电子,10146952
746,华泰证券股份有限公司沈阳青年大街证券营业部,2025-01-14,1,0,62700.0,,62700.0,*ST博信,10109192
747,财通证券股份有限公司杭州丽水路证券营业部,2025-01-10,1,0,62500.0,,62500.0,*ST博信,10082588
748,华鑫证券有限责任公司广州分公司,2025-01-14,1,0,51000.0,,51000.0,*ST博信,10000268534
749,广发证券股份有限公司上海玉兰路证券营业部,2025-01-14,1,0,51000.0,,51000.0,*ST博信,10028728
750,浙商证券股份有限公司北京朝阳门北大街证券营业部,2025-01-14,1,0,51000.0,,51000.0,*ST博信,10031786
751,中国银河证券股份有限公司石家庄胜利北街证券营业部,2025-01-14,1,0,42968.0,,42968.0,*ST凌云B,10031777
752,东北证券股份有限公司大连分公司,2025-01-14,1,0,40587.1,,40587.1,*ST凌云B,10058478
753,国泰君安证券股份有限公司绵阳剑南路证券营业部,2025-01-14,1,0,38454.0,,38454.0,*ST博信,10705812
754,国元证券股份有限公司江苏分公司,2025-01-14,1,0,34191.85,,34191.85,汇丽B,10128343
755,招商证券股份有限公司北京建国路证券营业部,2025-01-14,1,0,28781.2,,28781.2,汇丽B,10025049
756,华泰证券股份有限公司常州东横街证券营业部,2025-01-14,1,1,27892557.78,27888511.0,4046.78,汉威科技,10021989
757,万联证券股份有限公司衡阳解放大道证券营业部,2025-01-15,1,1,1196266.63,1198192.94,-1926.31,*ST康佳B,10147233
758,海通证券股份有限公司上海徐汇区建国西路证券营业部,2025-01-14,0,1,,32731.9,-32731.9,*ST凌云B,10028440
759,中国银河证券股份有限公司上海长宁区镇宁路证券营业部,2025-01-14,0,1,,38943.8,-38943.8,*ST凌云B,10030486
760,中国银河证券股份有限公司北京阜成路证券营业部,2025-01-14,0,1,,42467.8,-42467.8,*ST凌云B,10040786
761,恒泰证券股份有限公司杭州钱江路证券营业部,2025-01-14,0,1,0.0,45846.19,-45846.19,*ST康佳B,10099847
762,中信证券股份有限公司深圳深南中路中信大厦证券营业部,2025-01-14,0,1,0.0,54971.46,-54971.46,*ST康佳B,10134015
763,广发证券股份有限公司北京建外大街证券营业部,2025-01-14,0,1,0.0,60468.6,-60468.6,*ST康佳B,10099834
764,东吴证券股份有限公司苏州工业园区胜浦证券营业部,2025-01-13,0,1,1331761.0,1411108.0,-79347.0,潜能恒信,10462987
765,华鑫证券有限责任公司西安科技路证券营业部,2025-01-14,0,1,,81600.0,-81600.0,*ST博信,10030387
766,申万宏源证券有限公司上海黄浦区新昌路证券营业部,2025-01-14,0,1,,88493.6,-88493.6,汇丽B,10048531
767,联储证券股份有限公司杭州环城北路证券营业部,2025-01-14,1,1,28940000.0,29033693.0,-93693.0,哈空调 弘讯科技,10000866017
768,中国中金财富证券有限公司北京宋庄路证券营业部,2025-01-14,0,1,,95973.4,-95973.4,汇丽B,10025074
769,光大证券股份有限公司东莞石龙证券营业部,2025-01-14,0,1,0.0,98948.62,-98948.62,*ST康佳B,10023770
770,国信证券股份有限公司佛山南海大沥证券营业部,2025-01-14,0,1,0.0,103676.16,-103676.16,*ST康佳B,10028421
771,中信证券（山东）有限责任公司菏泽和平路证券营业部,2025-01-10,0,1,,110740.0,-110740.0,*ST博信,10399922
772,招商证券股份有限公司深圳建安路证券营业部,2025-01-14,1,1,3654415.43,3767273.34,-112857.91,旺成科技,10046531
773,申万宏源证券有限公司南通分公司,2025-01-14,1,2,37545.9,160600.8,-123054.9,汇丽B *ST凌云B,10025460
774,财信证券股份有限公司杭州西湖国贸中心证券营业部,2025-01-13,0,1,9624112.0,9751067.38,-126955.38,立方退,10656871
775,国海证券股份有限公司玉林分公司,2025-01-10,0,1,,127031.31,-127031.31,*ST博信,10189630
776,国泰君安证券股份有限公司巴彦淖尔金川大道证券营业部,2025-01-10,0,1,0.0,141361.0,-141361.0,中利集团,10551743
777,国海证券股份有限公司玉林分公司,2025-01-14,0,1,,173400.0,-173400.0,*ST博信,10189630
778,国信证券股份有限公司绵阳临园路证券营业部,2025-01-10,0,1,0.0,197375.0,-197375.0,中利集团,10045165
779,广发证券股份有限公司广州寺右新马路证券营业部,2025-01-10,0,1,,224553.0,-224553.0,*ST博信,10467464
780,华鑫证券有限责任公司上海漕溪北路证券营业部,2025-01-16,0,1,10272532.0,10507508.0,-234976.0,思美传媒,10048457
781,财通证券股份有限公司绍兴柯桥区钱清钱门大道证券营业部,2025-01-10,0,1,,245750.0,-245750.0,*ST博信,10175014
782,中国中金财富证券有限公司南通如东青园北路证券营业部,2025-01-17,0,1,3302387.0,3581743.0,-279356.0,闽发铝业,10426963
783,中信建投证券股份有限公司北京海淀分公司,2025-01-10,0,1,,287000.0,-287000.0,*ST美讯,10028733
784,方正证券股份有限公司嘉兴中山西路证券营业部,2025-01-17,0,1,4184953.0,4476494.0,-291541.0,先锋电子,10093281
785,国泰君安证券股份有限公司揭阳黄岐山大道证券营业部,2025-01-15,0,1,7852618.0,8152054.0,-299436.0,大连友谊,10547767
786,财通证券股份有限公司杭州文二西路证券营业部,2025-01-14,0,1,,306000.0,-306000.0,*ST博信,10082583
787,浙商证券股份有限公司杭州五星路证券营业部,2025-01-15,1,1,31450889.0,31756953.15,-306064.15,苏豪弘业,10949092
788,方正证券股份有限公司台州解放路证券营业部,2025-01-10,0,1,,345808.0,-345808.0,*ST美讯,10028815
789,中信建投证券股份有限公司上海华灵路证券营业部,2025-01-14,1,0,6309426.01,6695999.76,-386573.75,星图测控,10021794
790,华福证券有限责任公司杭州塘苗路证券营业部,2025-01-16,0,1,0.0,389200.0,-389200.0,摩登大道,10709082
791,中国银河证券股份有限公司南京江宁金箔路证券营业部,2025-01-13,1,1,7312097.64,7728032.36,-415934.72,招金黄金,10436738
792,东海证券股份有限公司上海长宁区长顺路证券营业部,2025-01-10,0,1,,416724.0,-416724.0,*ST美讯,10089544
793,国金证券股份有限公司成都龙泉驿区龙平路证券营业部,2025-01-16,0,1,0.0,424000.0,-424000.0,摩登大道,10131688
794,招商证券股份有限公司南通工农路证券营业部,2025-01-16,0,1,0.0,435080.0,-435080.0,摩登大道,10511830
795,方正证券股份有限公司温州黎明西路证券营业部,2025-01-10,0,1,,444000.0,-444000.0,*ST美讯,10144865
796,华泰证券股份有限公司溧阳南大街证券营业部,2025-01-10,0,1,0.0,512000.0,-512000.0,中利集团,10103742
797,湘财证券股份有限公司杭州五星路证券营业部,2025-01-16,1,1,7927497.0,8444576.0,-517079.0,歌力思,10916991
798,东方财富证券股份有限公司拉萨东环路第二证券营业部,2025-01-16,8,9,185291894.43,185815193.94,-523299.51,东百集团 柏星龙 *ST康佳A 天和磁材 星图测控 跨境通 共进股份 骏创科技 鸿智科技 *ST元成 摩登大道 来伊份 慧翰股份 英思特,10472087
799,招商证券股份有限公司上海牡丹江路证券营业部,2025-01-10,0,1,2605379.0,3133218.0,-527839.0,天创转债 *ST吉药,10176549
800,中国银河证券股份有限公司湖州证券营业部,2025-01-10,0,1,,539604.0,-539604.0,*ST美讯,10030473
801,国海证券股份有限公司厦门厦禾路证券营业部,2025-01-10,0,1,5512459.0,6064009.0,-551550.0,郑中设计,10000568562
802,招商证券股份有限公司晋江崇德路证券营业部,2025-01-15,1,0,19837059.0,20391976.81,-554917.81,粤宏远A,10456457
803,华鑫证券有限责任公司上海西藏中路证券营业部,2025-01-17,0,1,6200884.0,6774820.0,-573936.0,万和电气,10000246624
804,国金证券股份有限公司福州长乐中路证券营业部,2025-01-13,1,1,14027612.0,14621528.18,-593916.18,立方退,10384570
805,华泰证券股份有限公司北京西三环国际财经中心证券营业部,2025-01-14,1,1,61584939.69,62187222.0,-602282.31,蓝色光标,10048188
806,中信建投证券股份有限公司上海营口路证券营业部,2025-01-14,0,1,1266892.17,1886046.34,-619154.17,云里物里,10028716
807,华泰证券股份有限公司成都蜀金路证券营业部,2025-01-13,1,1,5357103.85,5981625.0,-624521.15,海鸥股份 德力股份,10175321
808,国金证券股份有限公司成都东城根街证券营业部,2025-01-14,1,2,16280648.0,16911630.82,-630982.82,好想你 福达股份 *ST大药,10290537
809,光大证券股份有限公司杭州延安路证券营业部,2025-01-16,0,1,4582760.0,5269331.0,-686571.0,挖金客,10123110
810,华宝证券股份有限公司上海东大名路证券营业部,2025-01-17,2,3,77423806.0,78153600.0,-729794.0,广百股份 纳芯微 康盛股份 电光科技 瀛通通讯,10456831
811,海通证券股份有限公司济南舜华路证券营业部,2025-01-16,1,1,7954731.0,8689625.0,-734894.0,狮头股份,10108361
812,中国银河证券股份有限公司北京学院南路证券营业部,2025-01-15,1,1,11891874.0,12629670.0,-737796.0,德力股份 佳云科技,10023559
813,申港证券股份有限公司四川分公司,2025-01-13,1,1,15613800.0,16383421.0,-769621.0,立方退,10915779
814,中泰证券股份有限公司招远温泉路证券营业部,2025-01-13,1,1,9936009.0,10768332.0,-832323.0,招金黄金,10103085
815,万和证券股份有限公司深圳深南大道证券营业部,2025-01-16,0,1,8649888.0,9507420.0,-857532.0,ST汇洲,10549171
816,中国银河证券股份有限公司宁波宁穿路证券营业部,2025-01-14,0,1,1203474.4,2066249.49,-862775.09,旺成科技,10133382
817,兴业证券股份有限公司仙游鲤城街证券营业部,2025-01-16,0,1,,880000.0,-880000.0,ST信通,10325944
818,平安证券股份有限公司浙江分公司,2025-01-13,0,1,970792.0,1876327.0,-905535.0,潜能恒信,10038679
819,上海证券有限责任公司闵行区虹梅路证券营业部,2025-01-14,0,1,0.0,915800.0,-915800.0,龙津退,10048447
820,西部证券股份有限公司咸阳西兰路证券营业部,2025-01-14,0,1,1227.0,936748.0,-935521.0,龙津退,10025223
821,国元证券股份有限公司芜湖文化路证券营业部,2025-01-14,0,1,0.0,953850.0,-953850.0,*ST步森,10026837
822,国信证券股份有限公司重庆红锦大道证券营业部,2025-01-16,0,1,,965608.5,-965608.5,ST信通,10126116
823,中信建投证券股份有限公司泸州迎晖路证券营业部,2025-01-14,0,1,0.0,998837.0,-998837.0,*ST步森,10198162
824,华鑫证券有限责任公司上海茅台路证券营业部,2025-01-14,1,1,9865841.0,10865449.0,-999608.0,国旅联合 福达股份,10028419
825,中国中金财富证券有限公司广州天河路证券营业部,2025-01-13,1,1,17352120.0,18363878.42,-1011758.42,立方退,10023646
826,国信证券股份有限公司深圳互联网分公司,2025-01-17,1,1,3612165.97,4625741.91,-1013575.94,鸿智科技,10136477
827,广发证券股份有限公司深圳深南东路证券营业部,2025-01-15,0,1,0.0,1020603.73,-1020603.73,*ST康佳B,10022062
828,海通证券股份有限公司福州五一北路证券营业部,2025-01-10,1,0,20294673.05,21321993.0,-1027319.95,康盛股份,10030191
829,国联证券股份有限公司无锡梅村镇锡义路证券营业部,2025-01-17,0,1,,1043642.0,-1043642.0,*ST富润,10384809
830,国信证券股份有限公司深圳泰然九路证券营业部,2025-01-15,1,1,710718.64,1781328.29,-1070609.65,*ST康佳B,10078443
831,华鑫证券有限责任公司合肥梅山路证券营业部,2025-01-17,0,1,,1089137.0,-1089137.0,美邦股份,10456799
832,东吴证券股份有限公司上海西藏南路证券营业部,2025-01-13,2,1,44516235.81,45607119.0,-1090883.19,先达股份 建设工业 雄韬股份,10143030
833,申万宏源证券有限公司黄冈浠水丽文大道证券营业部,2025-01-14,0,1,,1134800.0,-1134800.0,国旅联合,10146947
834,华泰证券股份有限公司扬州文昌中路证券营业部,2025-01-15,0,1,230840.0,1381000.0,-1150160.0,ST围海,10021787
835,德邦证券股份有限公司沈阳文化路证券营业部,2025-01-16,1,1,11541888.0,12699432.0,-1157544.0,爱慕股份,10022242
836,中国中金财富证券有限公司深圳分公司,2025-01-10,0,1,30887372.0,32056920.0,-1169548.0,双林股份,10048460
837,东莞证券股份有限公司东莞长安分公司,2025-01-15,0,1,,1182000.0,-1182000.0,国旅联合,10449176
838,国信证券股份有限公司北京分公司,2025-01-14,2,1,9731828.41,10975672.99,-1243844.58,云里物里 骏创科技,10122926
839,东吴证券股份有限公司吴江盛泽镇西环路证券营业部,2025-01-16,0,1,,1258490.0,-1258490.0,ST信通,10139147
840,国信证券股份有限公司清远静福路证券营业部,2025-01-17,0,1,,1263500.0,-1263500.0,美邦股份,10436942
841,中国中金财富证券有限公司广州番禺桥南路证券营业部,2025-01-17,0,1,,1265668.0,-1265668.0,*ST富润,10174528
842,招商证券股份有限公司上海牡丹江路证券营业部,2025-01-14,0,1,,1275313.0,-1275313.0,*ST大药,10176549
843,国盛证券有限责任公司长沙茶子山东路证券营业部,2025-01-13,1,1,12820500.0,14122974.0,-1302474.0,先达股份,10583074
844,东方证券股份有限公司沈阳市府大路证券营业部,2025-01-14,0,1,0.0,1342806.0,-1342806.0,恒久退,10159821
845,华泰证券股份有限公司总部,2025-01-10,0,1,,1397963.0,-1397963.0,信达地产,10028451
846,广发证券股份有限公司荆州江津路证券营业部,2025-01-10,0,1,0.0,1415307.0,-1415307.0,中利集团,10104786
847,国元证券股份有限公司深圳百花二路证券营业部,2025-01-15,0,1,0.0,1435937.56,-1435937.56,*ST康佳B,10026914
848,海通证券股份有限公司昆明东风西路证券营业部,2025-01-15,0,1,,1439749.0,-1439749.0,苏豪汇鸿,10023384
849,申万宏源证券有限公司上海闵行区东川路证券营业部,2025-01-13,0,1,0.0,1467633.0,-1467633.0,ST天圣,10131320
850,万联证券股份有限公司广州滨江东路证券营业部,2025-01-10,0,1,,1476623.0,-1476623.0,信达地产,10030148
851,国金证券股份有限公司上海静安区南京西路证券营业部,2025-01-14,0,1,,1506153.0,-1506153.0,*ST大药,10342130
852,华鑫证券有限责任公司上海光复路证券营业部,2025-01-15,0,1,,1513748.0,-1513748.0,国旅联合,10993987
853,国元证券股份有限公司福建分公司,2025-01-14,0,1,,1524224.0,-1524224.0,*ST大药,10189632
854,平安证券股份有限公司北京金融大街证券营业部,2025-01-15,0,1,,1576000.0,-1576000.0,国旅联合,10143856
855,华鑫证券有限责任公司上海嘉定棋盘路证券营业部,2025-01-10,1,0,16573526.0,18176852.0,-1603326.0,贝仕达克,10026771
856,财达证券股份有限公司衡水育才大街证券营业部,2025-01-14,0,1,0.0,1636491.2,-1636491.2,云里物里,10108316
857,国投证券股份有限公司丽水丽青路证券营业部,2025-01-13,0,1,0.0,1679572.0,-1679572.0,ST迪威迅,10456536
858,联储证券股份有限公司杭州环城北路证券营业部,2025-01-16,1,1,18666070.0,20369022.5,-1702952.5,*ST柳化,10000866017
859,平安证券股份有限公司珠海园林路证券营业部,2025-01-17,0,1,,1703995.0,-1703995.0,*ST富润,10022104
860,东兴证券股份有限公司上海肇嘉浜路证券营业部,2025-01-13,1,1,10539500.0,12331163.2,-1791663.2,哈空调 麦迪科技,10045064
861,华福证券有限责任公司福州上三路证券营业部,2025-01-16,0,1,,1804549.0,-1804549.0,国旅联合,10318917
862,中信建投证券股份有限公司上海华灵路证券营业部,2025-01-13,1,2,6318729.56,8133896.52,-1815166.96,ST天圣 星图测控,10021794
863,国金证券股份有限公司深圳分公司,2025-01-16,2,2,43183638.22,45001395.59,-1817757.37,三维通信 星图测控 来伊份 美邦股份,10000104821
864,诚通证券股份有限公司济南汉峪金谷证券营业部,2025-01-10,0,1,,1843283.0,-1843283.0,信达地产,10637840
865,平安证券股份有限公司北京市分公司,2025-01-14,0,1,46498.48,1910294.49,-1863796.01,云里物里,10023369
866,华源证券股份有限公司慈溪浒山路证券营业部,2025-01-15,0,1,0.0,1875390.0,-1875390.0,ST围海,10000856641
867,中国银河证券股份有限公司厦门民族路证券营业部,2025-01-17,0,1,0.0,1885928.0,-1885928.0,三德科技,10030498
868,东吴证券股份有限公司三亚凤凰路证券营业部,2025-01-14,0,1,0.0,1891857.24,-1891857.24,恒久退,10145902
869,中信建投证券股份有限公司襄阳长虹路证券营业部,2025-01-10,0,1,,1899080.0,-1899080.0,福达股份,10021817
870,国泰君安证券股份有限公司琼海金海路证券营业部,2025-01-17,0,1,,1907885.0,-1907885.0,美邦股份,10140599
871,诚通证券股份有限公司重庆江北城证券营业部,2025-01-16,0,1,,1930600.0,-1930600.0,国旅联合,10061947
872,诚通证券股份有限公司重庆江北城证券营业部,2025-01-15,0,1,,1930600.0,-1930600.0,国旅联合,10061947
873,中信建投证券股份有限公司北京东城分公司,2025-01-15,0,1,8531486.0,10498735.0,-1967249.0,宁波东力,10048194
874,中国银河证券股份有限公司深圳深业上城证券营业部,2025-01-16,1,1,19997205.0,22004529.0,-2007324.0,红星发展,10025294
875,东吴证券股份有限公司常熟阜湖路证券营业部,2025-01-16,0,1,2618284.0,4650637.0,-2032353.0,中利集团,10046695
876,中国银河证券股份有限公司杭州凤起路证券营业部,2025-01-10,0,1,42038205.0,44093771.98,-2055566.98,双林股份,10388011
877,东莞证券股份有限公司东莞长安分公司,2025-01-16,0,1,,2058392.0,-2058392.0,国旅联合,10449176
878,海通证券股份有限公司亳州魏武大道证券营业部,2025-01-13,0,1,0.0,2071440.0,-2071440.0,ST迪威迅,10456364
879,东莞证券股份有限公司东莞常平分公司,2025-01-14,0,1,5143146.0,7216323.0,-2073177.0,ST云动,10484995
880,国信证券股份有限公司深圳泰然九路证券营业部,2025-01-10,1,1,704516.87,2781222.45,-2076705.58,西磁科技 中利集团,10078443
881,中信建投证券股份有限公司北京鸿翼分公司,2025-01-17,0,1,13471279.0,15560266.0,-2088987.0,好想你,10000093785
882,中信证券股份有限公司北京总部证券营业部,2025-01-17,0,1,16577945.7,18673605.36,-2095659.66,圣邦股份,10361413
883,浙商证券股份有限公司海宁水月亭西路证券营业部,2025-01-13,0,1,345407.0,2451161.0,-2105754.0,博实结,10147231
884,华泰证券股份有限公司常州东横街证券营业部,2025-01-15,0,2,31466879.1,33613332.0,-2146452.9,汉威科技 壹网壹创,10021989
885,国泰君安证券股份有限公司宜昌沿江大道证券营业部,2025-01-10,1,1,54123658.0,56297506.0,-2173848.0,肇民科技 北特科技,10026729
886,平安证券股份有限公司济南解放路证券营业部,2025-01-14,0,1,,2187128.0,-2187128.0,卓郎智能,10000039707
887,中信证券股份有限公司杭州文居街证券营业部,2025-01-16,0,1,0.0,2194811.51,-2194811.51,柏星龙,10146341
888,国投证券股份有限公司广州花都保利金融中心证券营业部,2025-01-13,0,1,,2202054.4,-2202054.4,灵康药业,10135172
889,东方财富证券股份有限公司拉萨团结路第二证券营业部,2025-01-10,17,15,202989570.92,205241155.96,-2251585.04,中化装备 星图测控 中百集团 蔚蓝锂芯 哈药股份 骏创科技 建设工业 济高发展 巨能股份 鸿智科技 银座股份 中利集团 天和磁材 *ST吉药 欣天科技 天迈科技 祥和实业 威士顿 五洲新春 钧崴电子 黄山谷捷 强达电路,10495103
890,浙商证券股份有限公司北京北辰东路证券营业部,2025-01-17,1,1,5448556.0,7722122.0,-2273566.0,大连友谊,10176585
891,华安证券股份有限公司黄山延安路证券营业部,2025-01-14,0,1,,2285000.0,-2285000.0,卓郎智能,10400281
892,中信证券股份有限公司成都天府大道证券营业部,2025-01-14,0,1,561636.76,2860588.4,-2298951.64,鸿智科技,10492204
893,兴业证券股份有限公司南京分公司,2025-01-10,0,1,0.0,2300992.8,-2300992.8,鸿智科技,10077331
894,平安证券股份有限公司上海分公司,2025-01-14,0,1,135685.3,2482339.96,-2346654.66,旺成科技,10048192
895,申万宏源证券有限公司盐城解放南路证券营业部,2025-01-14,0,1,,2348835.0,-2348835.0,国旅联合,10061790
896,广发证券股份有限公司江西分公司（对外营业部）,2025-01-14,0,1,,2361414.0,-2361414.0,国旅联合,10145318
897,光大证券股份有限公司合肥北一环路证券营业部,2025-01-17,0,1,0.0,2401750.0,-2401750.0,三德科技,10274409
898,国金证券股份有限公司上海静安区南京西路证券营业部,2025-01-13,0,1,100959.0,2521507.0,-2420548.0,无线传媒,10342130
899,中信建投证券股份有限公司上海营口路证券营业部,2025-01-10,0,1,192302.26,2627993.43,-2435691.17,巨能股份,10028716
900,国信证券股份有限公司佛山三水证券营业部,2025-01-15,0,1,,2459160.0,-2459160.0,苏豪汇鸿,10512201
901,平安证券股份有限公司银川凤凰北街证券营业部,2025-01-14,0,1,1583028.14,4063508.74,-2480480.6,鸿智科技,10174511
902,长江证券股份有限公司武汉珞瑜路证券营业部,2025-01-14,0,1,654900.0,3162400.0,-2507500.0,恒久退,10046506
903,德邦证券股份有限公司常州太湖东路证券营业部,2025-01-14,0,2,,2518785.0,-2518785.0,*ST博信 ST百利,10436230
904,华鑫证券有限责任公司上海光复路证券营业部,2025-01-16,0,1,,2535890.0,-2535890.0,ST信通,10993987
905,东吴证券股份有限公司嘉兴纺工路证券营业部,2025-01-16,0,1,0.0,2546950.0,-2546950.0,遥望科技,10455203
906,诚通证券股份有限公司重庆江北城证券营业部,2025-01-14,0,1,,2551190.0,-2551190.0,国旅联合,10061947
907,上海证券有限责任公司天津友谊路证券营业部,2025-01-14,0,1,,2620000.0,-2620000.0,天下秀,10594237
908,国金证券股份有限公司上海奉贤区金碧路证券营业部,2025-01-16,0,1,505082.9,3142839.38,-2637756.48,云里物里,10467671
909,中泰证券股份有限公司淄博青年路证券营业部,2025-01-17,0,1,2447.5,2702092.17,-2699644.67,鸿智科技,10109082
910,平安证券股份有限公司泉州滨海街证券营业部,2025-01-10,0,1,,2740440.0,-2740440.0,福达股份,10193178
911,华泰证券股份有限公司杭州学院路证券营业部,2025-01-14,0,1,0.0,2748282.0,-2748282.0,*ST步森,10361223
912,摩根大通证券（中国）有限公司上海银城中路证券营业部,2025-01-10,0,1,,2766071.0,-2766071.0,时空科技,10000100571
913,国信证券股份有限公司浙江互联网分公司,2025-01-17,2,1,35972900.0,38742260.13,-2769360.13,大连友谊 康盛股份 电光科技,10000213448
914,东北证券股份有限公司黑龙江分公司,2025-01-10,0,1,0.0,2788532.93,-2788532.93,西磁科技,10448119
915,海通证券股份有限公司南宁双拥路证券营业部,2025-01-15,0,1,,2801201.0,-2801201.0,苏豪汇鸿,10383110
916,国海证券股份有限公司上海黄浦区中山南路证券营业部,2025-01-10,0,1,0.0,2831790.0,-2831790.0,立方退,10123441
917,兴业证券股份有限公司杭州学院路证券营业部,2025-01-15,0,1,0.0,2832842.0,-2832842.0,ST围海,10088096
918,国泰君安证券股份有限公司北京知春路证券营业部,2025-01-10,1,1,34681055.0,37516311.0,-2835256.0,来伊份,10025390
919,平安证券股份有限公司芜湖黄山中路证券营业部,2025-01-16,0,1,182768.42,3026036.74,-2843268.32,鸿智科技,10338764
920,中国银河证券股份有限公司石家庄红旗大街证券营业部,2025-01-17,0,1,,2873144.0,-2873144.0,锦和商管,10030494
921,华鑫证券有限责任公司深圳财富大厦证券营业部,2025-01-17,1,1,17752080.0,20638784.42,-2886704.42,康盛股份 福达股份,10000734168
922,广发证券股份有限公司重庆石杨路证券营业部,2025-01-16,0,1,,2900540.0,-2900540.0,ST信通,10023746
923,华鑫证券有限责任公司上海莲花路证券营业部,2025-01-17,0,1,9944407.0,12875630.0,-2931223.0,瀛通通讯,10048435
924,华创证券有限责任公司安顺虹山湖路证券营业部,2025-01-10,0,1,0.0,2955211.0,-2955211.0,神雾节能,10145200
925,国金证券股份有限公司深圳湾一号证券营业部,2025-01-17,1,2,10062986.85,13019959.54,-2956972.69,骏创科技 歌力思 鸿智科技,10396105
926,浙商证券股份有限公司杭州五星路证券营业部,2025-01-16,2,2,41136036.0,44105772.0,-2969736.0,ST汇洲 摩登大道 立方退,10949092
927,国联证券股份有限公司深圳壹方中心证券营业部,2025-01-14,0,1,8985.0,2980718.32,-2971733.32,旺成科技,10340388
928,国泰君安证券股份有限公司深圳宝安壹方中心证券营业部,2025-01-15,0,1,47056.0,3043949.0,-2996893.0,博菲电气,10705816
929,平安证券股份有限公司江苏分公司,2025-01-13,0,1,8641003.0,11658367.0,-3017364.0,慈星股份,10030173
930,东方财富证券股份有限公司合肥创新大道证券营业部,2025-01-16,0,1,,3040536.0,-3040536.0,狮头股份,10339072
931,中信建投证券股份有限公司南京王府大街证券营业部,2025-01-16,0,1,,3058598.0,-3058598.0,*ST元成,10086878
932,中泰证券股份有限公司济南舜耕路证券营业部,2025-01-14,0,1,5389.0,3089078.0,-3083689.0,恒久退,10055855
933,华安证券股份有限公司郑州国基路营业部,2025-01-16,0,1,0.0,3129001.77,-3129001.77,鸿智科技,10977835
934,华泰证券股份有限公司总部,2025-01-13,1,1,2924778.0,6055897.18,-3131119.18,灵康药业 良品铺子,10028451
935,中信建投证券股份有限公司南昌北京东路证券营业部,2025-01-17,0,1,,3138534.0,-3138534.0,美邦股份,10131328
936,中信建投证券股份有限公司厦门杏东路证券营业部,2025-01-16,0,1,3573260.81,6717346.71,-3144085.9,骏创科技,10146924
937,东方证券股份有限公司南通人民中路证券营业部,2025-01-17,0,1,,3145454.0,-3145454.0,*ST富润,10492161
938,平安证券股份有限公司北京望京证券营业部,2025-01-13,0,1,227533.0,3395778.0,-3168245.0,东方新能,10338758
939,申万宏源证券有限公司盐城解放南路证券营业部,2025-01-17,0,1,0.0,3219163.0,-3219163.0,闽发铝业,10061790
940,国信证券股份有限公司河南分公司,2025-01-14,0,1,0.0,3234721.91,-3234721.91,巨能股份,10456788
941,宏信证券有限责任公司成都人民南路证券营业部,2025-01-14,0,1,,3324599.56,-3324599.56,ST百利,10001575871
942,国信证券股份有限公司浙江互联网分公司,2025-01-13,0,1,18618832.0,22002654.0,-3383822.0,中百集团,10000213448
943,华泰证券股份有限公司上海徐汇区龙启路证券营业部,2025-01-10,1,1,9095283.0,12481372.08,-3386089.08,锦江在线 华培动力,10046455
944,光大证券股份有限公司佛山绿景路证券营业部,2025-01-16,0,1,,3425800.0,-3425800.0,国旅联合,10128928
945,光大证券股份有限公司佛山绿景路证券营业部,2025-01-15,0,1,,3425800.0,-3425800.0,国旅联合,10128928
946,中信证券华南股份有限公司潮州潮州大道证券营业部,2025-01-13,0,1,,3433086.0,-3433086.0,*ST四通,10636517
947,国信证券股份有限公司北京分公司,2025-01-15,0,1,5031539.73,8498841.48,-3467301.75,骏创科技,10122926
948,中国中金财富证券有限公司厦门分公司,2025-01-14,0,2,0.0,3477677.0,-3477677.0,*ST大药 龙津退,10142917
949,南京证券股转交易单元80营业部,2025-01-10,0,1,375553.1,3894246.34,-3518693.24,巨能股份,10000921796
950,招商证券股份有限公司上海梅花路证券营业部,2025-01-13,0,1,,3526437.0,-3526437.0,方大特钢,10449126
951,华泰证券股份有限公司武汉中北路证券营业部,2025-01-17,0,1,863273.0,4390287.0,-3527014.0,大连友谊,10021705
952,国海证券股份有限公司上海世纪大道证券营业部,2025-01-13,0,1,,3534994.0,-3534994.0,灵康药业,10192603
953,方正证券股份有限公司南阳人民路证券营业部,2025-01-15,0,1,2940.0,3554837.6,-3551897.6,博菲电气,10339357
954,华林证券股份有限公司深圳分公司,2025-01-16,1,1,28646804.79,32211106.08,-3564301.29,宁波东力 壹网壹创,10000279530
955,浙商证券股份有限公司宁波中山东路证券营业部,2025-01-10,0,1,0.0,3566064.0,-3566064.0,神雾节能,10583030
956,招商证券股份有限公司深圳益田路免税商务大厦证券营业部,2025-01-10,0,1,160229.0,3728879.45,-3568650.45,同星科技,10081709
957,中信建投证券股份有限公司台州市府大道证券营业部,2025-01-13,0,1,,3589850.0,-3589850.0,哈空调,10443746
958,麦高证券有限责任公司北京第二分公司,2025-01-17,1,1,52613821.0,56212064.0,-3598243.0,奕东电子,10488161
959,麦高证券有限责任公司北京分公司,2025-01-17,1,1,52613821.0,56212064.0,-3598243.0,巨轮智能,10488161
960,国信证券股份有限公司天津友谊路证券营业部,2025-01-14,0,1,,3648013.0,-3648013.0,比依股份,10045177
961,国盛证券有限责任公司南昌金融大街证券营业部,2025-01-13,0,1,2814880.0,6485060.0,-3670180.0,慈星股份,10456701
962,海通证券股份有限公司北京中关村南大街证券营业部,2025-01-10,0,1,,3671577.0,-3671577.0,时空科技,10025071
963,申万宏源证券有限公司浙江杭州华浙广场证券营业部,2025-01-13,0,1,3200712.26,6880089.05,-3679376.79,星图测控,10041879
964,国泰君安证券股份有限公司北京通州新华西街证券营业部,2025-01-13,0,1,,3706288.17,-3706288.17,万控智造,10145581
965,英大证券有限责任公司横岗证券营业部,2025-01-10,0,1,3938898.0,7705068.0,-3766170.0,速达股份,10030113
966,国信证券股份有限公司佛山南海大道证券营业部,2025-01-10,0,1,4744.0,3796278.0,-3791534.0,金奥博,10025210
967,华鑫证券有限责任公司深圳分公司,2025-01-15,0,1,937900.0,4774110.0,-3836210.0,博菲电气,10030347
968,中信建投证券股份有限公司上海营口路证券营业部,2025-01-13,1,1,5289888.61,9141918.97,-3852030.36,东方新能 星图测控,10028716
969,东亚前海证券有限责任公司上海分公司,2025-01-13,1,1,28893049.5,32782655.4,-3889605.9,来伊份,10924074
970,华福证券有限责任公司上海宛平南路证券营业部,2025-01-15,0,1,5093.0,3897086.0,-3891993.0,德力股份,10058644
971,中国银河证券股份有限公司北京金融街证券营业部,2025-01-15,0,1,470705.0,4389296.0,-3918591.0,德力股份,10030485
972,东北证券股份有限公司内蒙古分公司,2025-01-13,0,1,,3923680.0,-3923680.0,华资实业,10509062
973,国盛证券有限责任公司苏南分公司,2025-01-14,2,1,7975616.01,11934776.0,-3959159.99,海达尔 顺钠股份 中利集团,10666747
974,中国银河证券股份有限公司广州环市东路证券营业部,2025-01-16,0,1,,3975959.0,-3975959.0,长龄液压,10030456
975,摩根大通证券（中国）有限公司上海银城中路证券营业部,2025-01-13,0,1,,3987718.0,-3987718.0,*ST四通,10000100571
976,国泰君安证券股份有限公司深圳香蜜湖路证券营业部,2025-01-16,0,1,16221.0,4055250.0,-4039029.0,挖金客,10025386
977,华安证券股份有限公司池州分公司,2025-01-16,0,1,,4057634.0,-4057634.0,鹏欣资源,10048328
978,太平洋证券股份有限公司上海分公司,2025-01-10,0,1,0.0,4058737.0,-4058737.0,神雾节能,10509009
979,平安证券股份有限公司上海红宝石路证券营业部,2025-01-17,0,1,,4094248.0,-4094248.0,来伊份,10000125646
980,光大证券股份有限公司东莞三元路营业部,2025-01-15,0,1,0.0,4171438.04,-4171438.04,柏星龙,10145909
981,东方证券股份有限公司汕头长平路证券营业部,2025-01-17,0,1,,4173390.0,-4173390.0,来伊份,10173185
982,申万宏源证券有限公司上海静安区康定路证券营业部,2025-01-16,0,1,,4196754.0,-4196754.0,鹏欣资源,10041881
983,国金证券股份有限公司深圳湾一号证券营业部,2025-01-15,0,1,2517128.33,6733391.93,-4216263.6,星图测控,10396105
984,申万宏源证券有限公司北京紫竹院路证券营业部,2025-01-16,1,1,11988331.0,16210366.0,-4222035.0,慧翰股份,10179931
985,中国银河证券股份有限公司中山小榄升平东路证券营业部,2025-01-16,0,1,,4228370.0,-4228370.0,长龄液压,10050531
986,国金证券股份有限公司上海奉贤区金碧路证券营业部,2025-01-10,0,1,2711238.0,6942141.48,-4230903.48,华塑科技,10467671
987,广发证券股份有限公司深圳福华一路证券营业部,2025-01-15,0,1,2934.0,4234335.0,-4231401.0,博菲电气,10000147203
988,方正证券股份有限公司上海长宁区延安西路证券营业部,2025-01-17,0,1,0.0,4256640.0,-4256640.0,三德科技,10117602
989,华泰证券股份有限公司盐城分公司,2025-01-17,0,1,,4290417.0,-4290417.0,哈空调,10401800
990,中泰证券股份有限公司北京大望路证券营业部,2025-01-17,1,2,11687400.0,15998776.0,-4311376.0,先锋电子 瀛通通讯,10940111
991,华西证券股份有限公司北京紫竹院路证券营业部,2025-01-15,0,1,47164.0,4371075.25,-4323911.25,鸿智科技,10030384
992,上海证券有限责任公司温州乐清伯乐东路证券营业部,2025-01-14,1,1,13797400.0,18131700.0,-4334300.0,凯尔达,10144187
993,东吴证券股份有限公司苏州工业园区现代大道二部营业部,2025-01-15,0,1,960556.63,5324065.15,-4363508.52,柏星龙,10097640
994,华泰证券股份有限公司无锡解放西路证券营业部,2025-01-14,0,1,51319.0,4432008.0,-4380689.0,中利集团,10021777
995,浙商证券股份有限公司临海崇和路证券营业部,2025-01-13,0,1,0.0,4392814.0,-4392814.0,大连友谊,10021968
996,五矿证券有限公司福州八一七中路证券营业部,2025-01-15,0,1,,4393424.15,-4393424.15,红星发展,10397634
997,方正证券股份有限公司浙江分公司,2025-01-16,0,1,13924.0,4410322.24,-4396398.24,云里物里,10026998
998,东方证券股份有限公司北京望京证券营业部,2025-01-16,0,1,0.0,4422640.0,-4422640.0,挖金客,10000107599
999,东莞证券股份有限公司江苏常熟营业部,2025-01-15,0,1,0.0,4427199.18,-4427199.18,鸿智科技,10000667965
1000,海通证券股份有限公司长沙五一大道证券营业部,2025-01-14,0,1,2258163.0,6731170.0,-4473007.0,立方退,10099191
1001,国海证券股份有限公司南宁友爱路证券营业部,2025-01-13,0,1,,4494378.22,-4494378.22,ST宁科,10027090
1002,东海证券股份有限公司南京分公司,2025-01-14,0,1,,4513222.0,-4513222.0,ST百利,10000583799
1003,华福证券有限责任公司广州花城大道证券营业部,2025-01-15,0,1,0.0,4537237.42,-4537237.42,天罡股份,10682501
1004,招商证券股份有限公司深圳龙华证券营业部,2025-01-13,0,1,9153.0,4550483.5,-4541330.5,强达电路,10456463
1005,广发证券股份有限公司揭阳临江北路证券营业部,2025-01-13,0,1,0.0,4565361.0,-4565361.0,ST天圣,10174564
1006,招商证券股份有限公司桂林中山北路证券营业部,2025-01-10,0,1,,4579022.0,-4579022.0,福达股份,10028651
1007,华金证券股份有限公司上海宁夏路证券营业部,2025-01-10,0,1,0.0,4592158.87,-4592158.87,骏创科技,10435948
1008,招商证券股份有限公司长沙芙蓉中路证券营业部,2025-01-15,0,1,30920.0,4629276.0,-4598356.0,柏星龙,10099002
1009,国泰君安证券股份有限公司临海巾山中路证券营业部,2025-01-14,0,1,,4603340.0,-4603340.0,天下秀,10025171
1010,中国银河证券股份有限公司上海青浦区明珠路证券营业部,2025-01-13,0,1,0.0,4605912.0,-4605912.0,日海智能,10436685
1011,中泰证券股份有限公司福州五一北路证券营业部,2025-01-15,0,1,,4621526.0,-4621526.0,德创环保,10913636
1012,光大证券股份有限公司慈溪三北西大街证券营业部,2025-01-13,0,1,3768981.0,8407264.0,-4638283.0,慈星股份,10128270
1013,申万宏源证券有限公司福建分公司,2025-01-17,0,1,0.0,4674200.0,-4674200.0,闽发铝业,10570376
1014,中国银河证券股份有限公司杭州东宁路证券营业部,2025-01-15,0,1,629997.0,5304556.6,-4674559.6,华塑科技,10030469
1015,华泰证券股份有限公司天津勤俭道证券营业部,2025-01-15,0,1,0.0,4680321.46,-4680321.46,天罡股份,10096588
1016,国信证券股份有限公司辽宁分公司,2025-01-16,0,1,0.0,4682215.0,-4682215.0,挖金客,10078272
1017,招商证券股份有限公司桂林中山北路证券营业部,2025-01-13,0,1,,4735949.0,-4735949.0,福达股份,10028651
1018,中国银河证券股份有限公司桂林中山中路证券营业部,2025-01-13,0,1,,4750265.0,-4750265.0,哈空调,10101590
1019,华泰证券股份有限公司深圳竹子林四路证券营业部,2025-01-17,0,1,4754.0,4805815.67,-4801061.67,星图测控,10046450
1020,国盛证券有限责任公司深圳梅园路证券营业部,2025-01-16,1,2,19987845.0,24797589.0,-4809744.0,爱慕股份 引力传媒,10456723
1021,中信建投证券股份有限公司昆山长江中路证券营业部,2025-01-13,0,1,0.0,4817228.57,-4817228.57,骏创科技,10456932
1022,招商证券股份有限公司深圳文锦渡深润大厦证券营业部,2025-01-16,0,1,,4853566.0,-4853566.0,歌力思,10046532
1023,浙商证券股份有限公司富阳江滨西大道证券营业部,2025-01-15,0,1,,4880400.0,-4880400.0,金瑞矿业,10140731
1024,万和证券股份有限公司烟台黄海路证券营业部,2025-01-13,0,1,,4934785.0,-4934785.0,华资实业,10919004
1025,国盛证券有限责任公司抚州分公司,2025-01-13,0,1,,4952754.0,-4952754.0,方大特钢,10046682
1026,中国银河证券股份有限公司宁波潜龙路证券营业部,2025-01-15,0,1,,4972800.0,-4972800.0,德创环保,10176802
1027,方正证券股份有限公司吉首人民路证券营业部,2025-01-17,0,1,48605.0,5042100.0,-4993495.0,强达电路,10049305
1028,中信证券股份有限公司北京北三环中路证券营业部,2025-01-16,0,1,,5014568.0,-5014568.0,苏豪汇鸿,10045008
1029,兴业证券股份有限公司福州新权路香格里拉证券营业部,2025-01-16,0,1,1973419.0,6988907.0,-5015488.0,博实结,10076065
1030,东北证券股份有限公司内蒙古分公司,2025-01-15,0,1,601889.0,5622777.0,-5020888.0,宝鼎科技,10509062
1031,中泰证券股份有限公司厦门厦禾路证券营业部,2025-01-10,0,1,,5028160.0,-5028160.0,福达股份,10103014
1032,国投证券股份有限公司武汉中北路证券营业部,2025-01-15,0,1,808687.74,5851070.85,-5042383.11,柏星龙,10108752
1033,华泰证券股份有限公司武汉高新大道证券营业部,2025-01-15,1,1,17485260.36,22533075.0,-5047814.64,大连友谊,10123766
1034,华龙证券股份有限公司长沙芙蓉中路证券营业部,2025-01-17,0,1,0.0,5063561.0,-5063561.0,瀛通通讯,10573248
1035,光大证券股份有限公司西宁黄河路证券营业部,2025-01-16,0,1,,5077878.0,-5077878.0,金瑞矿业,10108687
1036,中信证券股份有限公司上海青浦区徐民路证券营业部,2025-01-17,0,1,,5145200.6,-5145200.6,来伊份,10436250
1037,中泰证券股份有限公司北京学院南路证券营业部,2025-01-15,0,1,,5203455.0,-5203455.0,红星发展,10442688
1038,中泰证券股份有限公司厦门厦禾路证券营业部,2025-01-13,0,1,,5225836.0,-5225836.0,福达股份,10103014
1039,中泰证券股份有限公司长沙潇湘北路证券营业部,2025-01-17,0,1,0.0,5230642.0,-5230642.0,三德科技,10921343
1040,广发证券股份有限公司武汉京汉大道证券营业部,2025-01-13,0,1,,5238289.0,-5238289.0,良品铺子,10026970
1041,中信证券股份有限公司余姚南雷路证券营业部,2025-01-14,0,1,0.0,5244281.0,-5244281.0,海达尔,10073046
1042,英大证券有限责任公司重庆分公司,2025-01-16,0,1,,5291908.0,-5291908.0,狮头股份,10145197
1043,招商证券股份有限公司深圳文锦渡深润大厦证券营业部,2025-01-13,0,1,6609.0,5334375.0,-5327766.0,日海智能,10046532
1044,湘财证券股份有限公司乌鲁木齐克拉玛伊东路证券营业部,2025-01-10,0,1,211900.0,5544560.0,-5332660.0,凯伦股份,10025143
1045,中泰证券股份有限公司潍坊四平路证券营业部,2025-01-13,0,1,0.0,5340124.0,-5340124.0,大连友谊,10048372
1046,广发证券股份有限公司广州马场路广发证券大厦证券营业部,2025-01-14,0,1,,5346700.0,-5346700.0,奥普特,10135364
1047,中国中金财富证券有限公司佛山季华五路证券营业部,2025-01-10,0,1,1548246.0,6896893.0,-5348647.0,黄山谷捷,10177323
1048,东方财富证券股份有限公司江苏分公司,2025-01-14,0,1,362927.06,5724362.9,-5361435.84,海达尔,10549265
1049,中银国际证券股份有限公司杭州庆春路证券营业部,2025-01-15,0,1,,5383406.0,-5383406.0,金瑞矿业,10037314
1050,中银国际证券股份有限公司杭州庆春路证券营业部,2025-01-16,0,1,,5388518.0,-5388518.0,金瑞矿业,10037314
1051,华泰证券股份有限公司沈阳大西路证券营业部,2025-01-14,0,1,,5415610.0,-5415610.0,ST百利,10145021
1052,广发证券股份有限公司汕头海滨路证券营业部,2025-01-17,0,1,0.0,5419524.0,-5419524.0,奕东电子,10022057
1053,招商证券股份有限公司上海陆家嘴东路证券营业部,2025-01-16,0,1,,5433064.0,-5433064.0,长龄液压,10081712
1054,摩根大通证券（中国）有限公司上海银城中路证券营业部,2025-01-14,0,1,,5445030.0,-5445030.0,比依股份,10000100571
1055,国金证券股份有限公司成都新都区马超西路证券营业部,2025-01-14,1,1,4692196.0,10140270.0,-5448074.0,华塑科技 国旅联合,10147651
1056,国泰君安证券股份有限公司连云港巨龙南路证券营业部,2025-01-10,0,1,,5449709.0,-5449709.0,友好集团,10467673
1057,国泰君安证券股份有限公司无锡湖滨路证券营业部,2025-01-16,0,1,,5483360.0,-5483360.0,爱慕股份,10101617
1058,国投证券股份有限公司镇江中山东路证券营业部,2025-01-13,0,1,,5504130.0,-5504130.0,方大特钢,10108754
1059,中国银河证券股份有限公司合肥徽州大道证券营业部,2025-01-17,0,1,,5547363.0,-5547363.0,锦和商管,10030495
1060,广发证券股份有限公司广州中山三路中华广场证券营业部,2025-01-16,1,1,727226.0,6299542.0,-5572316.0,金瑞矿业 摩登大道,10022059
1061,国信证券股份有限公司广州东风中路证券营业部,2025-01-15,0,1,,5579924.0,-5579924.0,金瑞矿业,10045172
1062,长城证券股份有限公司长沙五一中路证券营业部,2025-01-14,0,1,2531998.66,8112591.84,-5580593.18,星图测控,10025236
1063,中信建投证券股份有限公司成都市南一环路证券营业部,2025-01-16,0,1,,5589276.0,-5589276.0,长龄液压,10028734
1064,中泰证券股份有限公司潍坊东风东街证券营业部,2025-01-14,0,1,,5622500.0,-5622500.0,奥普特,10124780
1065,财信证券股份有限公司泰安灵山大街证券营业部,2025-01-16,0,1,0.0,5633400.0,-5633400.0,遥望科技,10000238966
1066,国信证券股份有限公司烟台环山路证券营业部,2025-01-14,0,1,,5650197.2,-5650197.2,ST百利,10033696
1067,东亚前海证券有限责任公司上海分公司,2025-01-16,1,1,24995974.0,30648430.0,-5652456.0,引力传媒,10924074
1068,华林证券股份有限公司浏阳世纪大道证券营业部,2025-01-15,0,1,,5684976.2,-5684976.2,长龄液压,10663001
1069,东方财富证券股份有限公司拉萨团结路第二证券营业部,2025-01-14,10,9,237624225.16,243314174.59,-5689949.43,天和磁材 星图测控 顺钠股份 比依股份 海得控制 巨能股份 旺成科技 拓日新能 鸿智科技 建设工业 中利集团 汉威科技 银之杰 三丰智能 威士顿 黄山谷捷,10495103
1070,国信证券股份有限公司上海北京东路证券营业部,2025-01-13,0,1,1672533.0,7370810.0,-5698277.0,慈星股份,10045169
1071,方正证券股份有限公司北京佟麟阁路证券营业部,2025-01-16,0,1,,5737006.0,-5737006.0,爱慕股份,10094095
1072,国投证券股份有限公司长沙五一大道证券营业部,2025-01-10,0,1,,5778135.0,-5778135.0,比依股份,10000339863
1073,招商证券股份有限公司上海陆家嘴东路证券营业部,2025-01-15,0,1,,5781635.0,-5781635.0,长龄液压,10081712
1074,华西证券股份有限公司南昌红谷中大道证券营业部,2025-01-15,0,1,,5783006.0,-5783006.0,长龄液压,10533645
1075,华泰证券股份有限公司武汉高新大道证券营业部,2025-01-13,0,1,41839.0,5836730.0,-5794891.0,大连友谊,10123766
1076,海通证券股份有限公司淄博桓台东岳路证券营业部,2025-01-15,0,1,,5807935.8,-5807935.8,先达股份,10143117
1077,招商证券股份有限公司北京安外大街证券营业部,2025-01-15,0,1,,5820458.0,-5820458.0,金瑞矿业,10156202
1078,中银国际证券股份有限公司中银昆山登云路证券营业部,2025-01-10,0,1,0.0,5852416.8,-5852416.8,骏创科技,10668289
1079,华泰证券股份有限公司上海普陀区江宁路证券营业部,2025-01-14,0,2,0.0,5899035.0,-5899035.0,中利集团 恒久退,10079785
1080,国泰君安证券股份有限公司邳州珠江路证券营业部,2025-01-16,0,1,,5904350.0,-5904350.0,苏豪汇鸿,10134437
1081,光大证券股份有限公司北京月坛北街营业部,2025-01-16,0,1,25775.0,5942453.09,-5916678.09,星图测控,10021726
1082,招商证券股份有限公司北京安外大街证券营业部,2025-01-16,0,1,,5948258.0,-5948258.0,金瑞矿业,10156202
1083,光大证券股份有限公司余姚南雷南路证券营业部,2025-01-17,0,1,0.0,6080994.0,-6080994.0,瀛通通讯,10382801
1084,宏信证券有限责任公司成都人民南路证券营业部,2025-01-15,0,1,0.0,6102328.0,-6102328.0,*ST新元,10001575871
1085,中泰证券股份有限公司上海花园石桥路证券营业部,2025-01-15,0,1,16216.0,6128535.18,-6112319.18,惠通科技,10920292
1086,国元证券股份有限公司珠海九洲大道富华里证券营业部,2025-01-10,0,1,71637.95,6195036.6,-6123398.65,骏创科技,10561561
1087,华鑫证券有限责任公司上海莘庄证券营业部,2025-01-17,0,1,,6130892.0,-6130892.0,*ST柳化,10048295
1088,中信建投证券股份有限公司南昌北京东路证券营业部,2025-01-16,0,1,,6161740.0,-6161740.0,歌力思,10131328
1089,东方财富证券股份有限公司山南香曲东路证券营业部,2025-01-16,1,2,9137218.12,15312914.66,-6175696.54,鹏欣资源 云里物里 骏创科技,10281327
1090,华泰证券股份有限公司徐州淮海东路证券营业部,2025-01-13,0,1,,6179954.0,-6179954.0,良品铺子,10030308
1091,东方财富证券股份有限公司拉萨东城区江苏大道证券营业部,2025-01-13,0,2,6716920.0,12931079.0,-6214159.0,方大特钢 威士顿,10708576
1092,方正证券股份有限公司杭州新业路证券营业部,2025-01-15,0,1,,6257463.0,-6257463.0,先达股份,10101331
1093,华安证券股份有限公司滁州分公司,2025-01-14,0,1,0.0,6286070.2,-6286070.2,海达尔,10048330
1094,东方证券股份有限公司上海浦东新区源深路证券营业部,2025-01-10,0,1,,6290529.0,-6290529.0,万控智造,10023739
1095,国信证券股份有限公司深圳罗湖人民南路证券营业部,2025-01-10,0,1,0.0,6360000.0,-6360000.0,立方退,10408852
1096,华泰证券股份有限公司张家港杨舍东街证券营业部,2025-01-10,0,1,0.0,6368969.0,-6368969.0,德福科技,10021788
1097,国投证券股份有限公司北京复兴门外大街证券营业部,2025-01-10,0,1,0.0,6380140.0,-6380140.0,立方退,10104770
1098,兴业证券股份有限公司惠安中山南路证券营业部,2025-01-10,0,1,17841.0,6427237.0,-6409396.0,日海智能,10573167
1099,中信建投证券股份有限公司大连分公司,2025-01-16,0,1,0.0,6426025.0,-6426025.0,*ST冀凯,10049163
1100,国泰君安证券股份有限公司重庆观音桥步行街营业部,2025-01-16,0,1,0.0,6455658.96,-6455658.96,鸿智科技,10719914
1101,中信证券华南股份有限公司东莞分公司,2025-01-14,0,1,2033.0,6579380.71,-6577347.71,立方退,10126115
1102,海通证券股份有限公司北京光华路证券营业部,2025-01-16,0,1,,6584386.0,-6584386.0,爱慕股份,10028481
1103,国投证券股份有限公司北京宏福路证券营业部,2025-01-15,0,1,0.0,6627536.81,-6627536.81,星图测控,10941513
1104,华泰证券股份有限公司郑州经三路证券营业部,2025-01-10,0,1,85495.0,6730565.0,-6645070.0,欣天科技,10081598
1105,国泰君安证券股份有限公司南昌进贤军湖路证券营业部,2025-01-16,0,1,3034741.0,9720717.61,-6685976.61,思美传媒,10148550
1106,国金证券股份有限公司成都武成大街证券营业部,2025-01-13,1,2,1766322.0,8506164.0,-6739842.0,ST迪威迅 共进股份,10112547
1107,海通证券股份有限公司上海普陀区铜川路营业部,2025-01-13,0,1,10578.0,6754788.67,-6744210.67,星图测控,10048512
1108,国金证券股份有限公司德阳岷江东路证券营业部,2025-01-13,0,1,,6764672.0,-6764672.0,美邦股份,10340382
1109,中航证券有限公司四川分公司,2025-01-13,0,1,,6796572.0,-6796572.0,共进股份,10941170
1110,东方证券股份有限公司光新路营业部,2025-01-14,1,1,56895.8,6896488.06,-6839592.26,海达尔,10031925
1111,东方证券股份有限公司上海普陀区光新路证券营业部,2025-01-14,1,1,56895.8,6896488.06,-6839592.26,汇丽B,10031925
1112,东莞证券股份有限公司常熟东南大道证券营业部,2025-01-16,0,1,,6848750.0,-6848750.0,美邦股份,10000667965
1113,长城证券股份有限公司长沙五一中路证券营业部,2025-01-15,0,1,1484777.67,8411104.02,-6926326.35,星图测控,10025236
1114,国都证券股份有限公司厦门七星西路证券营业部,2025-01-10,0,1,0.0,6938955.8,-6938955.8,同星科技,10456545
1115,申万宏源证券有限公司浙江杭州华浙广场证券营业部,2025-01-14,0,1,360522.8,7373574.7,-7013051.9,星图测控,10041879
1116,光大证券股份有限公司佛山顺德北滘怡福路证券营业部,2025-01-13,0,1,,7027970.8,-7027970.8,野马电池,10147199
1117,中国中金财富证券有限公司东莞分公司,2025-01-15,0,1,0.0,7095080.0,-7095080.0,*ST新元,10128113
1118,万联证券股份有限公司深圳分公司,2025-01-13,0,1,2603468.92,9727400.0,-7123931.08,德力股份,10000213455
1119,瑞银证券有限责任公司上海浦东新区花园石桥路第二证券营业部,2025-01-16,0,1,,7145869.0,-7145869.0,济高发展,10342152
1120,申万宏源证券有限公司深圳滨海大道证券营业部,2025-01-13,0,1,0.0,7163640.0,-7163640.0,招金黄金,10000083885
1121,海通证券股份有限公司深圳分公司红岭南路证券营业部,2025-01-13,0,1,289926.0,7485632.0,-7195706.0,招金黄金,10023407
1122,国金证券股份有限公司深圳分公司,2025-01-14,0,1,1667076.0,8870269.0,-7203193.0,华塑科技,10000104821
1123,浙商证券股份有限公司湖南分公司,2025-01-17,0,1,0.0,7292478.0,-7292478.0,ST如意,10000103158
1124,国泰君安证券股份有限公司广州东风中路证券营业部,2025-01-16,0,1,,7308686.17,-7308686.17,美邦股份,10025179
1125,中信建投证券股份有限公司安徽分公司,2025-01-10,1,1,58684649.0,66034118.0,-7349469.0,国星光电 方正科技,10158366
1126,招商证券股份有限公司宁波中山东路证券营业部,2025-01-17,0,1,213883.0,7597151.0,-7383268.0,康强电子,10126117
1127,国信证券股份有限公司深圳泰然九路证券营业部,2025-01-14,1,1,1900394.45,9330620.83,-7430226.38,星图测控 *ST康佳B,10078443
1128,联储证券股份有限公司深圳分公司,2025-01-15,0,1,0.0,7447461.0,-7447461.0,华塑科技,10913335
1129,申港证券股份有限公司深圳分公司,2025-01-17,0,1,,7495082.0,-7495082.0,美邦股份,10787117
1130,财通证券股份有限公司台州临海杜桥滨海西路证券营业部,2025-01-13,0,1,,7501250.0,-7501250.0,海鸥股份,10713850
1131,国泰君安证券股份有限公司九江甘棠路证券营业部,2025-01-10,0,1,0.0,7553001.0,-7553001.0,德福科技,10023413
1132,华泰证券股份有限公司深圳益田路荣超商务中心证券营业部,2025-01-16,0,1,43776.0,7673747.0,-7629971.0,英思特,10142874
1133,申万宏源证券有限公司浙江杭州华浙广场证券营业部,2025-01-16,0,1,9836.0,7662088.6,-7652252.6,星图测控,10041879
1134,中信证券（山东）有限责任公司济南阳光新路证券营业部,2025-01-16,0,1,,7653625.0,-7653625.0,狮头股份,10436599
1135,招商证券股份有限公司上海世纪大道证券营业部,2025-01-16,0,1,0.0,7665082.0,-7665082.0,遥望科技,10046548
1136,平安证券股份有限公司深圳深南大道证券营业部,2025-01-10,0,1,165773.0,7861902.0,-7696129.0,郑中设计,10146911
1137,华福证券有限责任公司福州五一北路证券营业部,2025-01-14,0,1,15388.0,7712994.0,-7697606.0,ST云动,10065786
1138,华鑫证券有限责任公司佛山南海海五路证券营业部,2025-01-10,0,1,1433851.0,9163716.0,-7729865.0,郑中设计,10000302200
1139,东方财富证券股份有限公司拉萨达孜区虎峰大道证券营业部,2025-01-16,0,1,5017086.0,12815541.0,-7798455.0,华媒控股,10708575
1140,湘财证券股份有限公司上海陆家嘴证券营业部,2025-01-13,0,1,,7861688.0,-7861688.0,海鸥股份,10429176
1141,海通证券股份有限公司太原晋祠路证券营业部,2025-01-13,0,1,28892.0,7902799.0,-7873907.0,北方铜业,10108382
1142,国泰君安证券股份有限公司无锡湖滨路证券营业部,2025-01-17,0,1,,7912828.0,-7912828.0,来伊份,10101617
1143,渤海证券股份有限公司天津雍和道证券营业部,2025-01-15,0,1,0.0,7917211.35,-7917211.35,天罡股份,10206152
1144,湘财证券股份有限公司北京朝外大街证券营业部,2025-01-10,0,1,,7981698.0,-7981698.0,苏豪弘业,10026785
1145,国信证券股份有限公司深圳红岭中路证券营业部,2025-01-16,3,2,31578695.26,39614714.04,-8036018.78,慧翰股份 柏星龙 云里物里 骏创科技 鸿智科技,10045166
1146,中国中金财富证券有限公司杭州江河汇证券营业部,2025-01-15,1,2,52097409.0,60208159.39,-8110750.39,粤宏远A 哈空调,10185896
1147,东北证券股份有限公司合肥临泉路证券营业部,2025-01-13,0,1,0.0,8135910.0,-8135910.0,ST迪威迅,10158336
1148,中国银河证券股份有限公司绍兴证券营业部,2025-01-15,2,1,19450623.0,27602056.83,-8151433.83,双良节能 汉威科技 建设机械,10023543
1149,国泰君安证券股份有限公司顺德大良证券营业部,2025-01-15,0,1,418229.0,8588782.0,-8170553.0,佳云科技,10064718
1150,东方证券股份有限公司上海静安区乌鲁木齐北路证券营业部,2025-01-14,1,1,21913300.0,30103500.0,-8190200.0,埃夫特,10206363
1151,东方财富证券股份有限公司上海东方路证券营业部,2025-01-10,0,1,,8195637.0,-8195637.0,比依股份,10028472
1152,华福证券有限责任公司芜湖北京中路证券营业部,2025-01-15,0,1,0.0,8209137.26,-8209137.26,英特科技,10663075
1153,世纪证券有限责任公司吉安吉州大道证券营业部,2025-01-17,0,1,0.0,8219057.0,-8219057.0,强达电路,10158360
1154,东吴证券股份有限公司张家港杨舍证券营业部,2025-01-16,0,1,,8228671.6,-8228671.6,长龄液压,10030319
1155,国泰君安证券股份有限公司浙江杭州延安路营业部,2025-01-14,0,1,39455.26,8293601.23,-8254145.97,骏创科技,10093902
1156,华泰证券股份有限公司舟山体育路证券营业部,2025-01-17,1,1,13675051.2,21977059.68,-8302008.48,思美传媒,10181023
1157,华福证券有限责任公司上海临港新片区分公司,2025-01-10,0,1,,8449237.0,-8449237.0,济高发展,10000298129
1158,甬兴证券有限公司宁波和源路证券营业部,2025-01-15,0,1,0.0,8463632.0,-8463632.0,南京公用,10000147202
1159,中信证券（山东）有限责任公司青岛分公司,2025-01-14,0,1,192000.0,8766803.25,-8574803.25,华塑科技,10030231
1160,中信建投证券股份有限公司长沙车站北路证券营业部,2025-01-17,0,1,1604235.0,10214633.3,-8610398.3,东港股份,10318912
1161,中信建投证券股份有限公司南昌桃苑大街证券营业部,2025-01-13,0,1,,8651607.0,-8651607.0,先达股份,10127746
1162,麦高证券有限责任公司北京分公司,2025-01-16,0,1,6110735.0,14796922.0,-8686187.0,好想你,10488161
1163,海通证券股份有限公司上海南翔镇证券营业部,2025-01-17,0,1,,8690413.8,-8690413.8,格尔软件,10048464
1164,国海证券股份有限公司深圳深南大道证券营业部,2025-01-15,0,1,,8692000.0,-8692000.0,康为世纪,10082502
1165,长江证券股份有限公司南昌赣江中大道证券营业部,2025-01-15,0,1,,8725107.0,-8725107.0,双良节能,10132748
1166,中泰证券股份有限公司威海青岛中路证券营业部,2025-01-14,0,1,0.0,8734137.0,-8734137.0,博菲电气,10737988
1167,瑞银证券有限责任公司上海浦东新区花园石桥路第二证券营业部,2025-01-15,0,2,,8739689.0,-8739689.0,红星发展 建设机械,10342152
1168,东莞证券股份有限公司厦门分公司,2025-01-13,0,1,,8752500.0,-8752500.0,海鸥股份,10145500
1169,东兴证券股份有限公司南昌赣江中大道证券营业部,2025-01-15,0,1,,8780376.0,-8780376.0,双良节能,10180967
1170,浙商证券股份有限公司东阳环城北路证券营业部,2025-01-10,0,1,291043.0,9214563.5,-8923520.5,郑中设计,10119571
1171,万联证券股份有限公司内江兰桂大道证券营业部,2025-01-14,0,1,,8932534.0,-8932534.0,万控智造,10083744
1172,华泰证券股份有限公司北京东三环北路证券营业部,2025-01-15,0,1,0.0,8933105.0,-8933105.0,*ST新元,10079640
1173,金元证券股份有限公司东阳中山路证券营业部,2025-01-10,2,1,94629533.6,103569699.79,-8940166.19,国货航 天和磁材,10441337
1174,东吴证券股份有限公司吴江盛泽镇西环路证券营业部,2025-01-17,0,1,,9015600.0,-9015600.0,清溢光电,10139147
1175,中信证券股份有限公司桐乡振兴东路证券营业部,2025-01-15,0,1,395716.0,9426173.0,-9030457.0,华塑科技,10147191
1176,中泰证券股份有限公司上海花园石桥路证券营业部,2025-01-10,0,1,8428.0,9096169.88,-9087741.88,钧崴电子,10920292
1177,国元证券股份有限公司深圳益田路证券营业部,2025-01-15,0,1,247278.0,9369456.0,-9122178.0,宝鼎科技,10786295
1178,中国中金财富证券有限公司福建分公司,2025-01-13,0,1,,9129918.0,-9129918.0,康尼机电,10161630
1179,渤海证券股份有限公司天津郑州道证券营业部,2025-01-14,0,1,0.0,9182254.43,-9182254.43,天罡股份,10021888
1180,平安证券股份有限公司江苏分公司,2025-01-14,0,1,580354.38,9777144.42,-9196790.04,鸿智科技,10030173
1181,华泰证券股份有限公司无锡解放西路证券营业部,2025-01-15,0,1,0.0,9231916.0,-9231916.0,壹网壹创,10021777
1182,广发证券股份有限公司厦门环岛东路证券营业部,2025-01-10,0,1,,9304495.56,-9304495.56,华培动力,10000076951
1183,海通证券股份有限公司上海宝山区牡丹江路证券营业部,2025-01-15,1,1,4410524.65,13767276.0,-9356751.35,英特科技 苏豪弘业,10028446
1184,东方证券股份有限公司上海浦东新区源深路证券营业部,2025-01-14,1,1,6143840.0,15593076.58,-9449236.58,万控智造 天罡股份,10023739
1185,财达证券股份有限公司唐山北新道证券营业部,2025-01-16,0,1,,9451072.0,-9451072.0,美邦股份,10108317
1186,中信证券股份有限公司深圳前海分公司,2025-01-13,0,1,,9463100.0,-9463100.0,茂莱光学,10410457
1187,招商证券股份有限公司北京朝外大街证券营业部,2025-01-16,1,1,8815533.29,18289735.98,-9474202.69,柏星龙,10023769
1188,招商证券股份有限公司北京景辉街证券营业部,2025-01-16,1,1,8815533.29,18289735.98,-9474202.69,慧翰股份,10023769
1189,中信证券股份有限公司上海分公司,2025-01-13,4,4,54547328.55,64058740.52,-9511411.97,招金黄金 ST宁科 华资实业 哈药股份 *ST四通 长光华芯,10135341
1190,湘财证券股份有限公司上海张杨路证券营业部,2025-01-16,0,1,,9526000.0,-9526000.0,国旅联合,10025440
1191,华泰证券股份有限公司南京宁双路证券营业部,2025-01-10,1,1,8145714.62,17687283.0,-9541568.38,弘讯科技 华培动力,10089531
1192,中信建投证券股份有限公司厦门杏东路证券营业部,2025-01-15,0,1,796560.69,10399236.62,-9602675.93,骏创科技,10146924
1193,国泰君安证券股份有限公司上海天山路证券营业部,2025-01-17,0,1,,9614228.0,-9614228.0,德创环保,10048511
1194,中泰证券股份有限公司济南历山路证券营业部,2025-01-17,0,1,4846.0,9633782.0,-9628936.0,奕东电子,10104730
1195,上海证券有限责任公司宁波北仑新大路证券营业部,2025-01-13,0,1,0.0,9657480.0,-9657480.0,好想你,10000004537
1196,中信证券股份有限公司启东公园南路证券营业部,2025-01-16,0,1,,9669062.0,-9669062.0,鹏欣资源,10152447
1197,中信建投证券股份有限公司襄阳长虹路证券营业部,2025-01-13,0,1,,9721154.0,-9721154.0,福达股份,10021817
1198,国信证券股份有限公司深圳红岭中路证券营业部,2025-01-17,1,1,7231125.55,16972145.07,-9741019.52,骏创科技 鸿智科技,10045166
1199,申万宏源证券有限公司成都火车南站东路证券营业部,2025-01-13,0,1,30840.0,9863300.0,-9832460.0,雅化集团,10136381
1200,东海证券股份有限公司泉州丰泽街证券营业部,2025-01-17,1,1,10569906.0,20415351.0,-9845445.0,ST汇洲 来伊份,10384545
1201,华泰证券股份有限公司武汉中北路证券营业部,2025-01-14,0,1,,9860000.0,-9860000.0,凯尔达,10021705
1202,华泰证券股份有限公司南京清凉门大街证券营业部,2025-01-14,0,2,,9885877.0,-9885877.0,天下秀 汇丽B,10125435
1203,中国银河证券股份有限公司青田龙津路证券营业部,2025-01-13,0,1,0.0,9906934.96,-9906934.96,ST天圣,10133779
1204,华泰证券股份有限公司总部,2025-01-15,0,1,,9945700.0,-9945700.0,康为世纪,10028451
1205,华泰证券股份有限公司天津勤俭道证券营业部,2025-01-14,0,1,160002.12,10213977.95,-10053975.83,天罡股份,10096588
1206,申万宏源证券有限公司合肥潜山路证券营业部,2025-01-14,0,1,,10174400.0,-10174400.0,凯尔达,10181403
1207,国元证券股份有限公司池州分公司,2025-01-13,0,1,,10222900.0,-10222900.0,长光华芯,10180991
1208,大同证券有限责任公司上海长寿路证券营业部,2025-01-10,0,1,0.0,10248676.0,-10248676.0,飞龙股份,10028412
1209,长城国瑞证券有限公司北京远大路证券营业部,2025-01-10,0,1,,10322054.0,-10322054.0,苏豪弘业,10064550
1210,中国中金财富证券有限公司深圳爱国路证券营业部,2025-01-15,0,1,28073.0,10351814.0,-10323741.0,富春股份,10030338
1211,天风证券股份有限公司杭州教工路证券营业部,2025-01-16,0,1,21233.0,10466713.0,-10445480.0,英思特,10456542
1212,中信建投证券股份有限公司上海临港新片区水芸路证券营业部,2025-01-14,0,1,0.0,10540680.0,-10540680.0,安硕信息,10000550650
1213,中山证券有限责任公司温州瓯江路证券营业部,2025-01-10,0,1,1469074.0,12149895.0,-10680821.0,天迈科技,10000075677
1214,光大证券股份有限公司上海市浦东新区耀元路证券营业部,2025-01-14,0,1,0.0,10681268.0,-10681268.0,立方退,10000013563
1215,海通证券股份有限公司汕头中山中路证券营业部,2025-01-13,0,1,,10725700.0,-10725700.0,茂莱光学,10040292
1216,中国中金财富证券有限公司上海分公司,2025-01-16,1,1,15616447.0,26386035.0,-10769588.0,共进股份 歌力思,10022016
1217,华鑫证券有限责任公司成都交子大道证券营业部,2025-01-10,0,1,8764.0,10783574.0,-10774810.0,强达电路,10456795
1218,兴业证券股份有限公司厦门湖里大道证券营业部,2025-01-14,1,1,23872924.78,34730636.0,-10857711.22,国星光电 立方退,10119151
1219,中信证券股份有限公司宁波天童北路证券营业部,2025-01-16,0,1,76042.0,11100789.98,-11024747.98,宁波东力,10140902
1220,华泰证券股份有限公司江阴福泰路证券营业部,2025-01-13,0,1,,11049402.0,-11049402.0,康尼机电,10134905
1221,东亚前海证券有限责任公司北京分公司,2025-01-13,0,1,,11050334.34,-11050334.34,美邦股份,10924073
1222,方正证券股份有限公司杭州滨江通和路证券营业部,2025-01-10,0,1,,11071455.0,-11071455.0,济高发展,10139307
1223,南京证券股份有限公司临沂通达路证券营业部,2025-01-16,0,1,826668.0,11922862.0,-11096194.0,华媒控股,10429249
1224,中国银河证券股份有限公司娄底乐坪大道证券营业部,2025-01-13,0,1,319511.0,11463349.0,-11143838.0,茂硕电源,10143842
1225,广发证券股份有限公司郑州农业路证券营业部,2025-01-10,0,1,,11146315.0,-11146315.0,中化装备,10031937
1226,华鑫证券有限责任公司上海分公司,2025-01-14,2,2,31703312.0,42933952.8,-11230640.8,浙江荣泰 粤宏远A 博菲电气 安硕信息,10274545
1227,招商证券交易单元(052300),2025-01-13,0,1,0.0,11260063.04,-11260063.04,德力股份,10003194
1228,东方财富证券股份有限公司昌都两江大道证券营业部,2025-01-14,2,2,19795441.0,31082817.0,-11287376.0,ST百利 中利集团 好想你 电光科技,10342919
1229,中泰证券股份有限公司湖南分公司,2025-01-13,0,1,12650.0,11305094.0,-11292444.0,中恒电气,10506947
1230,东亚前海证券有限责任公司深圳福华三路证券营业部,2025-01-10,0,1,,11344597.0,-11344597.0,力鼎光电,10000761245
1231,东方财富证券股份有限公司拉萨东环路第二证券营业部,2025-01-17,7,11,84439305.75,95870091.49,-11430785.74,康强电子 星图测控 哈空调 宁波东力 骏创科技 鸿智科技 天和磁材 福达股份 广百股份 来伊份 ST如意 钧崴电子 强达电路,10472087
1232,中国中金财富证券有限公司泉州丰泽街证券营业部,2025-01-10,0,1,,11505731.0,-11505731.0,中化装备,10436603
1233,中原证券股份有限公司西峡人民路证券营业部,2025-01-10,0,1,269610.0,11799499.0,-11529889.0,飞龙股份,10199794
1234,招商证券股份有限公司扬州汶河北路证券营业部,2025-01-13,0,1,2496.0,11654180.0,-11651684.0,神剑股份,10046635
1235,中信建投证券股份有限公司龙岩龙岩大道证券营业部,2025-01-16,0,1,0.0,11879430.0,-11879430.0,ST汇洲,10777275
1236,光大证券股份有限公司烟台锦华街证券营业部,2025-01-17,0,1,132250.0,12020080.0,-11887830.0,康强电子,10104772
1237,华福证券有限责任公司龙岩解放南路证券营业部,2025-01-15,0,1,0.0,11903547.0,-11903547.0,壹网壹创,10083431
1238,中国银河证券股份有限公司上海浦东新区源深路证券营业部,2025-01-10,0,1,,11912625.0,-11912625.0,江钨装备,10030475
1239,国信证券股份有限公司渭南金水路证券营业部,2025-01-10,0,1,,11921510.0,-11921510.0,奥康国际,10436986
1240,国泰君安证券股份有限公司桂林穿山东路证券营业部,2025-01-13,0,1,,11939769.0,-11939769.0,福达股份,10134436
1241,东方证券股份有限公司厦门仙岳路证券营业部,2025-01-14,0,1,,11950203.0,-11950203.0,麦迪科技,10492163
1242,华泰证券股份有限公司郑州如意西路证券营业部,2025-01-14,0,1,14035447.96,25992449.2,-11957001.24,国星光电,10133760
1243,恒泰证券股份有限公司杭州民和路证券营业部,2025-01-17,0,1,,11986732.0,-11986732.0,德创环保,10495051
1244,申万宏源证券有限公司上海浦东新区世纪大道证券营业部,2025-01-10,0,1,0.0,12032096.0,-12032096.0,金奥博,10103995
1245,财通证券股份有限公司宁波分公司,2025-01-17,0,1,,12256642.0,-12256642.0,德创环保,10484949
1246,联储证券股份有限公司浙江分公司,2025-01-10,1,1,23750251.78,36042795.35,-12292543.57,飞龙股份 雄韬股份,10638001
1247,中泰证券股份有限公司深圳分公司,2025-01-10,0,1,,12447077.0,-12447077.0,银座股份,10484895
1248,申万宏源证券有限公司上海松江区人民北路证券营业部,2025-01-13,0,1,1494154.0,14035558.0,-12541404.0,好想你,10021690
1249,兴业证券股份有限公司福州浦上大道证券营业部,2025-01-16,0,1,,12577546.0,-12577546.0,共进股份,10637695
1250,申万宏源证券有限公司上海第二分公司,2025-01-10,0,1,,12618310.0,-12618310.0,福莱新材,10372201
1251,中国银河证券股份有限公司张家港人民中路证券营业部,2025-01-17,0,1,2580.0,12625994.0,-12623414.0,科泰电源,10499356
1252,中泰证券股份有限公司北京总部证券营业部,2025-01-17,0,1,11980.0,12657264.0,-12645284.0,东港股份,10442687
1253,方正证券股份有限公司杭州平澜路证券营业部,2025-01-14,0,2,0.0,12654972.75,-12654972.75,*ST博信 云里物里,10034057
1254,财信证券股份有限公司西安大庆路证券营业部,2025-01-16,0,1,0.0,12681745.0,-12681745.0,挖金客,10517948
1255,东方财富证券股份有限公司上海东方路证券营业部,2025-01-16,2,1,84390715.1,97082571.0,-12691855.9,共进股份 三维通信,10028472
1256,中信建投证券股份有限公司上海青浦证券营业部,2025-01-10,0,1,,12832258.0,-12832258.0,力鼎光电,10021795
1257,平安证券股份有限公司杭州杭大路证券营业部,2025-01-14,0,1,231562.0,13109726.95,-12878164.95,天罡股份,10000136805
1258,方正证券股份有限公司杭州新业路证券营业部,2025-01-17,0,1,,12892400.0,-12892400.0,先达股份,10101331
1259,华福证券有限责任公司厦门仙岳路证券营业部,2025-01-17,0,1,,12914862.2,-12914862.2,红星发展,10158343
1260,广发证券股份有限公司郑州农业路证券营业部,2025-01-16,0,1,37234.0,13166627.0,-13129393.0,宁波东力,10031937
1261,国信证券股份有限公司福州五一中路证券营业部,2025-01-17,0,1,,13196600.0,-13196600.0,清溢光电,10046440
1262,国金证券股份有限公司成都温江区柳城商业新街证券营业部,2025-01-13,0,1,,13206968.0,-13206968.0,海鸥股份,10147650
1263,国泰君安证券股份有限公司南昌站前路营业部,2025-01-15,0,2,0.0,13224200.0,-13224200.0,康为世纪,10026928
1264,国泰君安证券股份有限公司南昌站前路证券营业部,2025-01-15,0,2,0.0,13224200.0,-13224200.0,壹网壹创,10026928
1265,浙商证券股份有限公司临海崇和路证券营业部,2025-01-15,0,1,23824.0,13339354.0,-13315530.0,大连友谊,10021968
1266,国投证券股份有限公司西安朱雀大街证券营业部,2025-01-15,0,1,0.0,13412998.6,-13412998.6,骏创科技,10561512
1267,海通证券股份有限公司上海徐汇区建国西路证券营业部,2025-01-17,0,1,0.0,13421718.0,-13421718.0,三德科技,10028440
1268,华泰证券股份有限公司厦门厦禾路证券营业部,2025-01-16,0,1,3913.0,13433687.0,-13429774.0,*ST冀凯,10206041
1269,东吴证券股份有限公司吴江盛泽镇西环路证券营业部,2025-01-13,0,1,,13500400.0,-13500400.0,长光华芯,10139147
1270,首创证券股份有限公司绍兴曲屯路证券营业部,2025-01-15,0,1,0.0,13558522.21,-13558522.21,鸿智科技,10941506
1271,中泰证券股份有限公司深圳分公司,2025-01-13,0,1,,13576556.79,-13576556.79,麦迪科技,10484895
1272,东莞证券股份有限公司北京分公司,2025-01-10,0,1,1364851.0,14958621.4,-13593770.4,海得控制,10484994
1273,东吴证券股份有限公司上海西藏南路证券营业部,2025-01-17,1,2,31915382.08,45509649.05,-13594266.97,天和磁材 康强电子 宁波东力,10143030
1274,中信建投证券股份有限公司十堰北京北路证券营业部,2025-01-15,0,1,,13632872.0,-13632872.0,德创环保,10028739
1275,深股通专用,2025-01-16,8,8,1203179286.14,1216842252.27,-13662966.13,*ST康佳A 利欧股份 建设工业 姚记科技 金安国纪 东方国信 天孚通信 壹网壹创 博实结,10634757
1276,中泰证券股份有限公司湖北分公司,2025-01-16,0,1,0.0,13691460.0,-13691460.0,ST汇洲,10484897
1277,长江证券股份有限公司长沙晚报大道证券营业部,2025-01-13,0,1,,13733860.0,-13733860.0,苏豪弘业,10121134
1278,申万宏源证券有限公司上海静安区洛川东路证券营业部,2025-01-15,0,1,,13980400.0,-13980400.0,康为世纪,10025183
1279,国泰君安证券股份有限公司深圳益田路证券营业部,2025-01-10,0,1,3530.0,14040866.0,-14037336.0,电光科技,10025388
1280,华鑫证券有限责任公司湖州大线场路证券营业部,2025-01-13,0,1,6223.0,14161854.0,-14155631.0,康盛股份,10993984
1281,东莞证券股份有限公司浙江分公司,2025-01-17,0,1,0.0,14254315.0,-14254315.0,挖金客,10338950
1282,东方证券股份有限公司上海杨浦区安波路证券营业部,2025-01-17,0,1,9024.0,14272867.0,-14263843.0,科泰电源,10031926
1283,国泰君安证券股份有限公司河源越王大道证券营业部,2025-01-10,0,1,634440.0,14926584.0,-14292144.0,海得控制,10708141
1284,长城证券股份有限公司大连五惠路证券营业部,2025-01-15,0,1,,14397807.46,-14397807.46,*ST柳化,10025232
1285,华泰证券股份有限公司常熟金沙江路证券营业部,2025-01-17,0,1,,14501700.0,-14501700.0,清溢光电,10021990
1286,中银国际证券股份有限公司南京洪武北路证券营业部,2025-01-10,0,1,,14504130.0,-14504130.0,苏豪弘业,10071020
1287,中泰证券股份有限公司上海建国中路证券营业部,2025-01-14,0,1,,14515950.0,-14515950.0,腾龙股份,10102873
1288,海通证券股份有限公司上海黄浦区福州路证券营业部,2025-01-14,0,1,,14537390.0,-14537390.0,腾龙股份,10028456
1289,南京证券股份有限公司常熟吉祥商城证券营业部,2025-01-14,0,1,,14657737.66,-14657737.66,万控智造,10055716
1290,东北证券股份有限公司南京中山北路证券营业部,2025-01-14,0,1,,14762837.0,-14762837.0,康尼机电,10089533
1291,恒泰证券股份有限公司杭州民和路证券营业部,2025-01-13,0,1,4018051.0,18792207.0,-14774156.0,德力股份,10495051
1292,方正证券股份有限公司鞍山胜利南路证券营业部,2025-01-15,0,1,,14830353.0,-14830353.0,*ST柳化,10147245
1293,银泰证券有限责任公司上海长宁区延安西路证券营业部,2025-01-14,0,1,0.0,14873857.32,-14873857.32,博菲电气,10048486
1294,渤海证券股份有限公司天津奉化道证券营业部,2025-01-16,0,2,6507330.0,21391204.0,-14883874.0,慧翰股份 博实结,10021939
1295,甬兴证券有限公司北京分公司,2025-01-13,0,1,,14901710.48,-14901710.48,麦迪科技,10000213384
1296,中信建投证券股份有限公司长沙车站北路证券营业部,2025-01-16,0,1,6985155.0,21898847.0,-14913692.0,东港股份,10318912
1297,海通证券股份有限公司鞍山二道街证券营业部,2025-01-15,0,1,,15005762.0,-15005762.0,*ST柳化,10023387
1298,中国中金财富证券有限公司上海分公司,2025-01-17,0,1,,15018918.19,-15018918.19,歌力思,10022016
1299,恒泰证券股份有限公司临河胜利北路证券营业部,2025-01-14,0,1,0.0,15129876.44,-15129876.44,骏创科技,10030423
1300,华泰证券股份有限公司总部,2025-01-17,0,2,,15144354.83,-15144354.83,红星发展 格尔软件,10028451
1301,万联证券股份有限公司永州芝山路证券营业部,2025-01-15,0,1,4639803.0,19786061.0,-15146258.0,中恒电气,10140766
1302,中国银河证券股份有限公司武汉中南路证券营业部,2025-01-17,0,1,3786.0,15155367.8,-15151581.8,东港股份,10074762
1303,光大证券股份有限公司北京总部基地证券营业部,2025-01-13,1,1,15007418.0,30195500.8,-15188082.8,美邦股份,10637135
1304,长城证券股份有限公司北京西直门外大街证券营业部,2025-01-10,0,1,,15272865.92,-15272865.92,华培动力,10025275
1305,东方证券股份有限公司上海杨浦区杨树浦路证券营业部,2025-01-13,0,1,29417.0,15314198.0,-15284781.0,立方退,10139140
1306,华泰证券股份有限公司吴江盛泽广州路证券营业部,2025-01-17,0,1,,15351600.0,-15351600.0,清溢光电,10140929
1307,国泰君安证券股份有限公司桂林穿山东路证券营业部,2025-01-14,0,1,,15378106.0,-15378106.0,福达股份,10134436
1308,东亚前海证券有限责任公司北京分公司,2025-01-17,0,1,0.0,15404358.0,-15404358.0,挖金客,10924073
1309,信达证券股份有限公司台州玉兰路证券营业部,2025-01-15,0,1,59250.0,15479889.0,-15420639.0,福石控股,10397651
1310,海通证券股份有限公司福州五一北路证券营业部,2025-01-13,0,1,1889342.0,17348657.0,-15459315.0,康盛股份,10030191
1311,西南证券股份有限公司浙江分公司,2025-01-15,0,1,3526506.0,18994939.0,-15468433.0,广博股份,10544217
1312,招商证券股份有限公司深圳科技园高新南一道证券营业部,2025-01-13,0,1,352422.0,15847592.0,-15495170.0,金奥博,10128338
1313,恒泰证券股份有限公司上海九江路证券营业部,2025-01-15,0,1,,15551574.0,-15551574.0,哈空调,10034079
1314,南京证券股份有限公司张家港东环路证券营业部,2025-01-17,0,1,,15755906.6,-15755906.6,博通集成,10040929
1315,海通证券股份有限公司新余劳动南路证券营业部,2025-01-10,0,1,0.0,15777480.0,-15777480.0,德福科技,10113920
1316,湘财证券股份有限公司上海江宁路证券营业部,2025-01-10,0,1,,15796207.0,-15796207.0,奥康国际,10025437
1317,申万宏源证券有限公司盐城解放南路证券营业部,2025-01-15,0,1,565182.0,16439919.0,-15874737.0,佳云科技,10061790
1318,华福证券有限责任公司上海宛平南路证券营业部,2025-01-10,0,1,0.0,15954499.36,-15954499.36,日海智能,10058644
1319,恒泰证券股份有限公司上海九江路证券营业部,2025-01-17,0,1,,16096500.0,-16096500.0,哈空调,10034079
1320,中山证券有限责任公司温州瓯江路证券营业部,2025-01-13,0,1,,16208829.04,-16208829.04,天和磁材,10000075677
1321,华鑫证券有限责任公司上海莘庄证券营业部,2025-01-14,0,1,,16239865.0,-16239865.0,麦迪科技,10048295
1322,国泰君安证券股份有限公司临海巾山中路证券营业部,2025-01-13,0,1,,16302137.0,-16302137.0,麦迪科技,10025171
1323,东吴证券股份有限公司太仓港经济技术开发区浮桥证券营业部,2025-01-14,0,1,3992.0,16385615.0,-16381623.0,粤宏远A,10467412
1324,招商证券股份有限公司上海娄山关路证券营业部,2025-01-13,0,1,,16394973.0,-16394973.0,共进股份,10122836
1325,广发证券股份有限公司杭州学院路证券营业部,2025-01-15,0,1,0.0,16396200.0,-16396200.0,壹网壹创,10104133
1326,中信证券股份有限公司北京金融大街证券营业部,2025-01-16,0,1,,16409748.0,-16409748.0,*ST柳化,10470757
1327,华泰证券股份有限公司上海武定路证券营业部,2025-01-17,0,1,,16418345.89,-16418345.89,哈空调,10098087
1328,财通证券股份有限公司南京中山北路证券营业部,2025-01-14,0,1,0.0,16420674.75,-16420674.75,天罡股份,10027025
1329,国泰君安证券股份有限公司襄阳长虹路证券营业部,2025-01-13,0,1,,16517285.0,-16517285.0,福达股份,10140604
1330,东方证券股份有限公司上海杨浦区杨树浦路证券营业部,2025-01-14,0,1,121644.0,16672758.0,-16551114.0,立方退,10139140
1331,华宝证券股份有限公司上海东大名路证券营业部,2025-01-14,0,1,1665567.0,18285023.0,-16619456.0,好想你,10456831
1332,国泰君安证券股份有限公司三亚迎宾路证券营业部,2025-01-15,2,2,215051989.2,231686431.77,-16634442.57,好想你 来伊份,10564207
1333,中国国际金融股份有限公司上海分公司,2025-01-10,10,7,353085236.54,369764395.89,-16679159.35,粤宏远A 江钨装备 哈药股份 济高发展 北特科技 国货航 蔚蓝锂芯 博通集成 国星光电 旭升集团 中坚科技 力鼎光电 欣天科技 华塑科技,10088113
1334,红塔证券股份有限公司北京万泉庄路证券营业部,2025-01-17,0,1,1086.0,16768290.0,-16767204.0,ST汇洲,10069910
1335,光大证券股份有限公司北京总部基地证券营业部,2025-01-10,0,1,,16779840.0,-16779840.0,来伊份,10637135
1336,联储证券股份有限公司杭州西湖桃源岭证券营业部,2025-01-16,0,1,,16825990.0,-16825990.0,*ST柳化,10000866015
1337,东方证券股份有限公司杭州龙井路证券营业部,2025-01-10,0,1,,16849712.6,-16849712.6,银座股份,10086482
1338,上海证券有限责任公司崇明区堡镇中路证券营业部,2025-01-17,0,1,,16902497.0,-16902497.0,红星发展,10048468
1339,甬兴证券有限公司北京分公司,2025-01-15,0,1,0.0,16935714.0,-16935714.0,南京公用,10000213384
1340,中信证券（山东）有限责任公司龙口南山路证券营业部,2025-01-16,0,1,,17012500.0,-17012500.0,鸿泉技术,10484583
1341,西部证券股份有限公司北京新街口北大街证券营业部,2025-01-13,0,1,,17537892.0,-17537892.0,苏豪弘业,10046700
1342,金元证券股份有限公司东阳中山路证券营业部,2025-01-13,0,1,,17562565.48,-17562565.48,天和磁材,10441337
1343,华林证券股份有限公司深圳分公司,2025-01-17,1,2,28778976.0,46360832.0,-17581856.0,*ST柳化 宁波东力 康盛股份,10000279530
1344,国投证券股份有限公司长沙五一大道证券营业部,2025-01-13,0,1,334661.0,17976832.0,-17642171.0,茂硕电源,10000339863
1345,招商证券股份有限公司福州六一中路证券营业部,2025-01-17,1,1,53677565.16,71323582.0,-17646016.84,金奥博,10318896
1346,中信建投证券股份有限公司杭州庆春路证券营业部,2025-01-14,1,1,136178200.0,153824300.0,-17646100.0,绿的谐波,10033779
1347,中国国际金融股份有限公司上海分公司,2025-01-17,0,2,24762063.0,42562211.99,-17800148.99,川发龙蟒 科泰电源,10088113
1348,长城国瑞证券有限公司北京远大路证券营业部,2025-01-17,0,1,,17893035.0,-17893035.0,红星发展,10064550
1349,光大证券股份有限公司丹阳中新路证券营业部,2025-01-14,0,1,,17911209.42,-17911209.42,天和磁材,10067894
1350,东吴证券股份有限公司苏州相城采莲路证券营业部,2025-01-13,0,1,,17913456.0,-17913456.0,苏豪弘业,10139145
1351,国泰君安证券股份有限公司襄阳长虹路证券营业部,2025-01-14,0,1,,18219585.0,-18219585.0,福达股份,10140604
1352,海通证券股份有限公司大理榆华路证券营业部,2025-01-14,0,1,,18248700.0,-18248700.0,埃夫特,10456401
1353,华鑫证券有限责任公司深圳财富大厦证券营业部,2025-01-14,0,1,,18380639.0,-18380639.0,福达股份,10000734168
1354,华宝证券股份有限公司上海东大名路证券营业部,2025-01-16,0,1,820902.0,19292811.0,-18471909.0,姚记科技,10456831
1355,招商证券股份有限公司深圳福民路证券营业部,2025-01-15,0,1,872975.0,19368179.0,-18495204.0,金奥博,10046529
1356,摩根大通证券（中国）有限公司上海银城中路证券营业部,2025-01-17,0,2,,18526084.0,-18526084.0,光大嘉宝 格尔软件,10000100571
1357,国泰君安证券股份有限公司深圳金田路证券营业部,2025-01-13,0,1,75698.0,18639482.0,-18563784.0,雄韬股份,10025385
1358,海通证券股份有限公司上虞市民大道证券营业部,2025-01-17,0,1,,18581400.0,-18581400.0,纳芯微,10375811
1359,中泰证券股份有限公司天津红旗路证券营业部,2025-01-10,0,1,5239.0,18637337.0,-18632098.0,博实股份,10124808
1360,东吴证券股份有限公司苏州西北街证券营业部,2025-01-17,0,1,3420365.0,22148691.0,-18728326.0,广百股份,10028577
1361,华鑫证券有限责任公司深圳益田路证券营业部,2025-01-14,0,1,1707515.0,20637947.91,-18930432.91,立方退,10495078
1362,海通证券股份有限公司福州五一北路证券营业部,2025-01-17,0,1,240866.0,19265094.57,-19024228.57,思美传媒,10030191
1363,华泰证券股份有限公司江西分公司,2025-01-15,1,1,11314246.0,30397256.16,-19083010.16,佳云科技 立方退,10427427
1364,中信证券股份有限公司杭州教工路证券营业部,2025-01-15,0,1,,19179155.8,-19179155.8,超讯科技,10334359
1365,东方财富证券股份有限公司拉萨东环路第一证券营业部,2025-01-17,4,4,104652081.32,123886976.75,-19234895.43,星图测控 巨轮智能 骏创科技 鸿智科技 广百股份 ST如意 遥望科技 钧崴电子,10428246
1366,华鑫证券有限责任公司山东分公司,2025-01-14,0,1,,19357966.0,-19357966.0,弘讯科技,10918500
1367,光大证券股份有限公司上海淮海中路证券营业部,2025-01-13,0,1,627255.0,20110692.0,-19483437.0,神剑股份,10125410
1368,湘财证券股份有限公司北京朝外大街证券营业部,2025-01-14,0,2,,19488545.9,-19488545.9,哈空调 *ST凌云B,10026785
1369,国金证券股份有限公司成都东城根街证券营业部,2025-01-10,0,1,,19559688.0,-19559688.0,天和磁材,10290537
1370,中国银河证券股份有限公司上海宜川路证券营业部,2025-01-15,1,1,6877900.0,26453570.0,-19575670.0,福石控股 华塑科技,10140531
1371,华泰证券股份有限公司佛山灯湖东路证券营业部,2025-01-17,0,1,,19688760.0,-19688760.0,苏豪弘业,10265139
1372,深股通专用,2025-01-13,10,11,315139454.2,334852418.94,-19712964.74,北方铜业 建设工业 国星光电 雅化集团 雄韬股份 潜能恒信 慈星股份 德福科技 无线传媒 博实结 强达电路,10634757
1373,平安证券股份有限公司深圳分公司,2025-01-15,1,1,5887410.67,25608734.04,-19721323.37,天和磁材 航天电器,10048273
1374,中泰证券股份有限公司上海申长路证券营业部,2025-01-13,0,1,5667.0,19727553.0,-19721886.0,国星光电,10115171
1375,华鑫证券有限责任公司上海分公司,2025-01-17,1,2,12315459.9,32153673.05,-19838213.15,万和电气 挖金客,10274545
1376,国金证券股份有限公司深圳湾一号证券营业部,2025-01-10,0,1,1057529.0,20900349.28,-19842820.28,天迈科技,10396105
1377,联储证券股份有限公司宁波分公司,2025-01-14,1,1,30300551.6,50337380.24,-20036828.64,海鸥股份,10915756
1378,平安证券股份有限公司深圳分公司,2025-01-13,1,2,5352565.0,25465929.01,-20113364.01,弘讯科技 无线传媒 黄山谷捷,10048273
1379,国盛证券有限责任公司南昌桃花路证券营业部,2025-01-16,1,1,20666454.0,40813498.0,-20147044.0,ST汇洲 *ST柳化,10035542
1380,沪股通专用,2025-01-15,5,5,318929303.13,339095642.2,-20166339.07,双良节能 东阳光 苏豪汇鸿 超讯科技 五洲新春,10434470
1381,中国银河证券股份有限公司上海虹井路证券营业部,2025-01-10,0,1,259459.0,20726248.0,-20466789.0,海得控制,10135465
1382,东方证券股份有限公司杭州龙井路证券营业部,2025-01-14,0,1,,20727392.08,-20727392.08,苏豪弘业,10086482
1383,中国国际金融股份有限公司北京建国门外大街证券营业部,2025-01-10,3,5,52417949.96,73309164.65,-20891214.69,江钨装备 广百股份 锦江在线 哈药股份 弘讯科技 万控智造 福莱新材,10050414
1384,华泰证券股份有限公司江阴福泰路证券营业部,2025-01-15,0,1,,21089771.5,-21089771.5,长龄液压,10134905
1385,华鑫证券有限责任公司上海光复路证券营业部,2025-01-13,0,1,,21093825.0,-21093825.0,来伊份,10993987
1386,中国银河证券股份有限公司厦门嘉禾路证券营业部,2025-01-15,1,1,10383607.0,31486627.0,-21103020.0,宁波东力 来伊份,10023542
1387,申万宏源证券有限公司北京丽泽路证券营业部,2025-01-10,0,1,0.0,21292082.0,-21292082.0,德福科技,10167869
1388,国泰君安证券股份有限公司九江甘棠路证券营业部,2025-01-13,0,1,129132.0,21650044.0,-21520912.0,德福科技,10023413
1389,东莞证券股份有限公司湛江军民路证券营业部,2025-01-17,0,1,24203.0,21562434.1,-21538231.1,壹网壹创,10206324
1390,中信证券股份有限公司东阳吴宁西路证券营业部,2025-01-15,1,2,25341717.0,47074156.0,-21732439.0,苏豪汇鸿 金奥博 佳云科技,10124373
1391,中国国际金融股份有限公司上海分公司,2025-01-13,5,8,93294625.05,115061157.18,-21766532.13,哈药股份 日海智能 万控智造 中恒电气 雅化集团 灵康药业 雄韬股份 泰永长征 力鼎光电 华塑科技 强达电路,10088113
1392,平安证券股份有限公司上海红宝石路证券营业部,2025-01-14,0,1,,21780300.0,-21780300.0,天和磁材,10000125646
1393,甬兴证券有限公司宁波和源路证券营业部,2025-01-14,0,1,,21822907.06,-21822907.06,海鸥股份,10000147202
1394,招商证券股份有限公司北京金融大街证券营业部,2025-01-14,0,1,,21891002.0,-21891002.0,苏豪弘业,10081713
1395,开源证券股份有限公司西安西大街证券营业部,2025-01-14,1,3,15040922.0,37085139.08,-22044217.08,哈空调 国旅联合 卓郎智能 海鸥股份,10046745
1396,华西证券股份有限公司成都高升桥路证券营业部,2025-01-13,0,1,,22153915.0,-22153915.0,康尼机电,10028632
1397,国信证券股份有限公司上海分公司,2025-01-10,0,1,322695.0,22611149.0,-22288454.0,震裕科技,10141911
1398,中信证券股份有限公司上海万源路证券营业部,2025-01-13,0,1,,22793330.86,-22793330.86,哈空调,10045019
1399,中国银河证券股份有限公司厦门嘉禾路证券营业部,2025-01-16,0,2,16599743.9,39427994.0,-22828250.1,中百集团 宁波东力,10023542
1400,华西证券股份有限公司成都高升桥路证券营业部,2025-01-14,0,1,,22854266.0,-22854266.0,康尼机电,10028632
1401,光大证券股份有限公司广州环市东路证券营业部,2025-01-14,0,1,0.0,22939913.0,-22939913.0,拓日新能,10000005076
1402,民生证券股份有限公司洛阳凯旋路证券营业部,2025-01-10,0,1,11095.0,23312983.0,-23301888.0,粤宏远A,10142890
1403,中国银河证券股份有限公司厦门嘉禾路证券营业部,2025-01-10,1,2,10603765.0,33958264.86,-23354499.86,郑中设计 济高发展 弘讯科技,10023542
1404,招商证券股份有限公司深圳科技园高新南一道证券营业部,2025-01-15,0,1,431402.0,23814624.0,-23383222.0,金奥博,10128338
1405,中国银河证券股份有限公司上海世界路证券营业部,2025-01-13,0,1,,23727251.0,-23727251.0,哈空调,10030487
1406,国泰君安证券股份有限公司广州珠江新城证券营业部,2025-01-10,0,1,,24167176.0,-24167176.0,银座股份,10000186653
1407,西部证券股份有限公司北京新街口北大街证券营业部,2025-01-10,0,1,,24290000.0,-24290000.0,苏豪弘业,10046700
1408,西部证券股份有限公司北京新街口北大街证券营业部,2025-01-14,0,1,,24388985.0,-24388985.0,苏豪弘业,10046700
1409,国信证券股份有限公司广州东风中路证券营业部,2025-01-16,0,2,88033.0,24803443.0,-24715410.0,华媒控股 金瑞矿业,10045172
1410,东亚前海证券有限责任公司苏州分公司,2025-01-15,2,2,31149005.82,55944231.64,-24795225.82,金奥博 苏豪弘业 国旅联合,10000526027
1411,东亚前海证券有限责任公司苏州留园路营业部,2025-01-15,2,2,31149005.82,55944231.64,-24795225.82,鸿智科技,10000526027
1412,光大证券股份有限公司慈溪三北西大街证券营业部,2025-01-14,0,1,8538856.0,33467659.99,-24928803.99,慈星股份,10128270
1413,国泰君安证券股份有限公司上海江苏路证券营业部,2025-01-14,0,1,,25139081.6,-25139081.6,浙江荣泰,10025080
1414,国泰君安证券股份有限公司上海宛平南路证券营业部,2025-01-14,0,1,,25236285.0,-25236285.0,浙江荣泰,10023418
1415,东北证券股份有限公司青岛分公司,2025-01-15,0,1,11970.0,25279168.0,-25267198.0,利欧股份,10192764
1416,华鑫证券有限责任公司南京清凉门大街证券营业部,2025-01-17,1,2,19281730.8,44693489.8,-25411759.0,万和电气 金奥博,10993985
1417,华鑫证券有限责任公司长沙芙蓉中路证券营业部,2025-01-14,0,1,,25486405.0,-25486405.0,弘讯科技,10000278700
1418,中国银河证券股份有限公司晋中迎宾街证券营业部,2025-01-16,0,1,977620.0,27028727.14,-26051107.14,东方国信,10031776
1419,国投证券股份有限公司云南分公司,2025-01-10,0,3,3159235.0,29297857.76,-26138622.76,海得控制 金奥博 华塑科技,10484156
1420,东海证券股份有限公司泉州丰泽街证券营业部,2025-01-13,0,1,,26387453.2,-26387453.2,来伊份,10384545
1421,光大证券股份有限公司广州环市东路证券营业部,2025-01-17,0,1,0.0,26878352.34,-26878352.34,广百股份,10000005076
1422,华泰证券股份有限公司天津华昌道证券营业部,2025-01-15,0,1,0.0,27055740.54,-27055740.54,天罡股份,10116813
1423,华泰证券股份有限公司舟山体育路证券营业部,2025-01-14,0,1,,27157401.0,-27157401.0,弘讯科技,10181023
1424,中信证券股份有限公司深圳深南大道证券营业部,2025-01-10,1,1,9533841.0,37225981.58,-27692140.58,郑中设计,10052124
1425,东方证券股份有限公司湘潭湖湘北路证券营业部,2025-01-10,0,1,1863570.0,29638689.0,-27775119.0,康盛股份,10436790
1426,华泰证券股份有限公司上海武定路证券营业部,2025-01-16,1,4,26085388.0,54427165.4,-28341777.4,卓郎智能 中利集团 弘讯科技 好想你 *ST元成,10098087
1427,东方财富证券股份有限公司宁波宁穿路证券营业部,2025-01-14,0,1,,28364600.0,-28364600.0,埃夫特,10658361
1428,招商证券股份有限公司深圳前海大道证券营业部,2025-01-14,0,1,,28405724.89,-28405724.89,天和磁材,10046536
1429,开源证券股份有限公司西安西大街证券营业部,2025-01-10,5,7,112786858.0,141205631.57,-28418773.57,神雾节能 苏豪弘业 日海智能 信达地产 金奥博 博通集成 天和磁材 强达电路 华培动力 祥和实业 力鼎光电,10046745
1430,中国银河证券股份有限公司北京中关村大街证券营业部,2025-01-15,3,3,76475986.0,105127319.52,-28651333.52,建设工业 弘讯科技 中恒电气 德力股份 好想你,10115140
1431,海通证券股份有限公司汕头中山中路证券营业部,2025-01-16,0,1,,28743865.0,-28743865.0,引力传媒,10040292
1432,国泰君安证券股份有限公司深圳前海证券营业部,2025-01-16,0,1,2669523.0,31621824.92,-28952301.92,金奥博,10537511
1433,中信证券（山东）有限责任公司寿光农圣东街证券营业部,2025-01-10,0,1,0.0,29174329.14,-29174329.14,震裕科技,10665303
1434,华福证券有限责任公司福州鼓屏路证券营业部,2025-01-15,0,1,0.0,29666382.0,-29666382.0,壹网壹创,10067553
1435,中银国际证券股份有限公司海南分公司,2025-01-16,0,1,5348.0,29935129.0,-29929781.0,东港股份,10057262
1436,中国银河证券股份有限公司武汉中南路证券营业部,2025-01-16,0,1,3656251.0,33642669.0,-29986418.0,东港股份,10074762
1437,国盛证券有限责任公司宁波桑田路证券营业部,2025-01-16,1,2,35168611.8,65189853.9,-30021242.1,金奥博 济高发展 福达股份,10456710
1438,中国国际金融股份有限公司上海分公司,2025-01-15,5,5,95406233.46,125503827.99,-30097594.53,粤宏远A 东阳光 中恒电气 弘讯科技 宝鼎科技 天和磁材 汉威科技 立方退 英特科技,10088113
1439,东方证券股份有限公司厦门仙岳路证券营业部,2025-01-10,0,2,29326720.2,59424860.0,-30098139.8,建设工业 银座股份,10492163
1440,开源证券股份有限公司西安永城路证券营业部,2025-01-15,1,1,26005912.0,56176814.8,-30170902.8,立方退 *ST柳化,10495079
1441,华安证券股份有限公司铜陵淮河路证券营业部,2025-01-16,0,1,5326717.0,35541754.0,-30215037.0,三维通信,10027030
1442,国信证券股份有限公司深圳红岭中路证券营业部,2025-01-15,0,3,4863525.68,35227131.92,-30363606.24,*ST康佳B 星图测控 骏创科技,10045166
1443,海通证券股份有限公司新余劳动南路证券营业部,2025-01-13,0,1,90332.0,30503257.12,-30412925.12,德福科技,10113920
1444,华鑫证券有限责任公司南昌分公司,2025-01-17,0,1,,30589020.0,-30589020.0,苏豪弘业,10455924
1445,华鑫证券有限责任公司江苏分公司,2025-01-13,0,1,,30887956.0,-30887956.0,五洲新春,10442978
1446,沪股通专用,2025-01-17,4,5,484809135.79,515835575.77,-31026439.98,生益科技 天下秀 五洲新春 纳芯微 清溢光电,10434470
1447,中国中金财富证券有限公司宜兴阳羡东路证券营业部,2025-01-16,0,1,0.0,31178653.17,-31178653.17,壹网壹创,10467534
1448,浙商证券股份有限公司杭州五星路证券营业部,2025-01-10,2,2,57107653.53,88286612.71,-31178959.18,雄韬股份 方正科技 钧崴电子 博通集成,10949092
1449,中国中金财富证券有限公司深圳爱国路证券营业部,2025-01-17,0,1,,31234000.0,-31234000.0,纳芯微,10030338
1450,国金证券股份有限公司成都温江区柳城商业新街证券营业部,2025-01-14,0,1,,31539580.2,-31539580.2,海鸥股份,10147650
1451,国盛证券有限责任公司上海浦东新区世纪大道证券营业部,2025-01-10,0,2,0.0,31567230.0,-31567230.0,粤宏远A 日海智能,10456650
1452,国泰君安证券股份有限公司北京知春路证券营业部,2025-01-14,0,1,10737004.0,42706198.66,-31969194.66,建设工业,10025390
1453,华泰证券股份有限公司昆山黑龙江北路证券营业部,2025-01-17,0,1,,32063612.0,-32063612.0,苏豪弘业,10131609
1454,国泰君安证券股份有限公司上海江苏路证券营业部,2025-01-10,2,2,294938409.34,327354360.96,-32415951.62,建设工业 方正科技 禾望电气,10025080
1455,光大证券股份有限公司宁波和义路证券营业部,2025-01-10,0,1,69978.0,32531451.0,-32461473.0,震裕科技,10112228
1456,兴业证券股份有限公司惠安中山南路证券营业部,2025-01-16,0,1,55073.0,32852994.26,-32797921.26,思美传媒,10573167
1457,兴业证券股份有限公司佛山魁奇路证券营业部,2025-01-14,0,1,5279.0,32852116.4,-32846837.4,拓日新能,11003855
1458,中泰证券股份有限公司湖北分公司,2025-01-17,0,1,2805.0,33059426.28,-33056621.28,ST汇洲,10484897
1459,中泰证券股份有限公司湖北分公司,2025-01-15,0,1,106866.0,33309064.06,-33202198.06,康盛股份,10484897
1460,中国中金财富证券有限公司深圳分公司,2025-01-16,0,2,1357268.0,34826661.1,-33469393.1,三维通信 狮头股份,10048460
1461,海通证券股份有限公司杭州市心北路证券营业部,2025-01-17,0,1,5702.0,33738890.0,-33733188.0,金奥博,10068882
1462,华鑫证券有限责任公司南京清凉门大街证券营业部,2025-01-15,0,1,195274.0,34339758.66,-34144484.66,*ST康佳A,10993985
1463,联储证券股份有限公司浙江分公司,2025-01-17,0,1,891524.0,35783699.0,-34892175.0,金奥博,10638001
1464,广发证券股份有限公司烟台环山路证券营业部,2025-01-15,0,1,85801.0,35042797.0,-34956996.0,*ST康佳A,10374215
1465,东莞证券股份有限公司南京分公司,2025-01-15,4,4,113031258.34,148479962.56,-35448704.22,建设工业 鸿智科技 苏豪弘业 金奥博 立方退 *ST柳化 先达股份 来伊份,10485003
1466,联储证券股份有限公司浙江分公司,2025-01-16,1,2,26389386.0,61884269.88,-35494883.88,金安国纪 金奥博,10638001
1467,国泰君安证券股份有限公司广州珠江新城证券营业部,2025-01-16,1,2,25916459.0,61662757.32,-35746298.32,狮头股份 来伊份 美邦股份,10000186653
1468,华西证券股份有限公司三台恒昌路证券营业部,2025-01-16,0,1,,35911000.0,-35911000.0,鸿泉技术,10140684
1469,海通证券股份有限公司上海黄浦区中山南路证券营业部,2025-01-15,0,1,,36166000.0,-36166000.0,康为世纪,10000503778
1470,瑞银证券有限责任公司上海浦东新区花园石桥路第二证券营业部,2025-01-10,0,3,,36218007.0,-36218007.0,锦江在线 信达地产 弘讯科技,10342152
1471,中信证券股份有限公司杭州凤起路证券营业部,2025-01-10,0,1,15876213.0,52389085.06,-36512872.06,国货航,10046604
1472,平安证券股份有限公司上海分公司,2025-01-10,1,1,14379085.0,51434521.13,-37055436.13,粤宏远A 威士顿,10048192
1473,中信证券股份有限公司上海浦东新区东方路证券营业部,2025-01-15,0,1,,37197425.0,-37197425.0,超讯科技,10045021
1474,华鑫证券有限责任公司上海宛平南路证券营业部,2025-01-14,0,2,,37985098.0,-37985098.0,苏豪弘业 福达股份,10028416
1475,爱建证券有限责任公司厦门湖滨一里证券营业部,2025-01-16,0,1,,38042536.0,-38042536.0,天下秀,10030438
1476,信达证券股份有限公司杭州景昙路证券营业部,2025-01-17,0,1,146637.0,38226139.0,-38079502.0,遥望科技,10122002
1477,中信证券股份有限公司桐庐迎春南路证券营业部,2025-01-15,0,1,,38627272.4,-38627272.4,超讯科技,10339329
1478,华泰证券股份有限公司上海武定路证券营业部,2025-01-14,2,3,9706256.0,48826463.46,-39120207.46,中利集团 哈空调 *ST步森 卓郎智能 汇丽B,10098087
1479,中信证券股份有限公司苏州分公司,2025-01-17,0,1,,39399400.0,-39399400.0,纳芯微,10045040
1480,中山证券有限责任公司厦门湖滨南路证券营业部,2025-01-10,0,1,,39405243.0,-39405243.0,北特科技,10709446
1481,中国中金财富证券有限公司成都天府大道证券营业部,2025-01-10,0,1,0.0,39580786.9,-39580786.9,康盛股份,10000252915
1482,国泰君安证券股份有限公司总部,2025-01-13,12,14,303984504.63,344036172.74,-40051668.11,华资实业 哈空调 哈药股份 鲁抗医药 弘讯科技 万控智造 灵康药业 锦和商管 良品铺子 *ST四通 麦迪科技 力鼎光电 野马电池 长光华芯 茂莱光学,10023614
1483,国泰君安证券股份有限公司顺德大良证券营业部,2025-01-14,0,1,,40375300.0,-40375300.0,埃夫特,10064718
1484,国泰君安证券股份有限公司上海海阳西路证券营业部,2025-01-17,0,1,,40807417.5,-40807417.5,五洲新春,10000526029
1485,金元证券股份有限公司东阳中山路证券营业部,2025-01-16,0,1,6555338.0,47529868.0,-40974530.0,建设工业,10441337
1486,湘财证券股份有限公司北京朝外大街证券营业部,2025-01-13,0,1,,41264881.0,-41264881.0,哈空调,10026785
1487,华林证券股份有限公司深圳分公司,2025-01-10,1,2,25659026.48,67251242.0,-41592215.52,粤宏远A 海得控制 国星光电,10000279530
1488,中国银河证券股份有限公司大连黄河路证券营业部,2025-01-13,0,1,23756.0,41723258.0,-41699502.0,茂硕电源,10030463
1489,中信证券股份有限公司苏州吴江文苑路证券营业部,2025-01-14,0,1,0.0,41702907.0,-41702907.0,慈星股份,10477797
1490,华鑫证券有限责任公司杭州分公司,2025-01-14,0,2,229335.0,42083464.0,-41854129.0,弘讯科技 粤宏远A,10000055313
1491,中国中金财富证券有限公司上海浦东新区世纪大道证券营业部,2025-01-13,0,1,2311813.0,44343955.8,-42032142.8,安培龙,10000258272
1492,国泰君安证券股份有限公司北京知春路证券营业部,2025-01-16,0,1,8695944.94,51517477.0,-42821532.06,建设工业,10025390
1493,中信建投证券股份有限公司成都南一环路证券营业部,2025-01-10,0,1,394315.0,43263977.86,-42869662.86,康盛股份,10028734
1494,国信证券股份有限公司广州东风中路证券营业部,2025-01-17,0,1,,43352434.28,-43352434.28,生益科技,10045172
1495,方正证券股份有限公司上海长宁区延安西路证券营业部,2025-01-13,0,1,,43359988.68,-43359988.68,五洲新春,10117602
1496,爱建证券有限责任公司上海浦东新区前滩大道证券营业部,2025-01-17,0,1,,43791609.0,-43791609.0,天下秀,10491827
1497,中国银河证券股份有限公司绍兴证券营业部,2025-01-10,1,2,19695695.0,63888129.0,-44192434.0,强达电路 弘讯科技,10023543
1498,华泰证券股份有限公司成都蜀金路证券营业部,2025-01-15,0,3,597841.0,45663351.52,-45065510.52,建设工业 哈空调 比依股份,10175321
1499,中信证券股份有限公司上海分公司,2025-01-15,2,3,42198904.59,87615046.56,-45416141.97,红星发展 东阳光 建设机械 天和磁材 德创环保,10135341
1500,广发证券股份有限公司济南龙奥西路证券营业部,2025-01-13,0,1,,46217664.0,-46217664.0,先达股份,10022058
1501,东方财富证券股份有限公司拉萨东环路第一证券营业部,2025-01-13,6,8,115775750.5,162057704.34,-46281953.84,顺钠股份 星图测控 ST宁科 大连友谊 鲁抗医药 力鼎光电 康盛股份 国星光电 ST天圣 蒙娜丽莎 威士顿 博实结 强达电路,10428246
1502,国盛证券有限责任公司南昌金融大街证券营业部,2025-01-15,0,1,13187644.0,60223702.0,-47036058.0,巨轮智能,10456701
1503,高盛（中国）证券有限责任公司上海浦东新区世纪大道证券营业部,2025-01-14,3,2,29056804.13,76188243.0,-47131438.87,国旅联合 天和磁材 腾龙股份 东鹏饮料 凯尔达,10000399618
1504,东海证券股份有限公司福州长乐北路证券营业部,2025-01-17,0,2,0.0,47404639.55,-47404639.55,ST汇洲 博通集成,10913655
1505,中国中金财富证券有限公司杭州江河汇证券营业部,2025-01-13,0,1,9475.0,47838019.0,-47828544.0,神剑股份,10185896
1506,国信证券股份有限公司上海分公司,2025-01-16,0,1,354640.0,48339304.0,-47984664.0,天孚通信,10141911
1507,中信证券股份有限公司杭州滨盛路证券营业部,2025-01-14,0,1,0.0,48196448.0,-48196448.0,慈星股份,10583011
1508,国泰君安证券股份有限公司上海松江中山东路证券营业部,2025-01-15,1,1,47603330.6,96116996.0,-48513665.4,福石控股,10134445
1509,爱建证券有限责任公司上海浦东新区前滩大道证券营业部,2025-01-13,0,1,0.0,48917423.0,-48917423.0,建设工业,10491827
1510,联储证券股份有限公司重庆江北嘴证券营业部,2025-01-17,0,1,,49185607.2,-49185607.2,苏豪弘业,10516789
1511,开源证券股份有限公司西安西大街证券营业部,2025-01-13,3,4,55234293.0,104911219.79,-49676926.79,金奥博 苏豪弘业 哈空调 麦迪科技 慈星股份 强达电路,10046745
1512,申万宏源证券有限公司北京劲松九区证券营业部,2025-01-13,0,1,,49807992.0,-49807992.0,苏豪弘业,10025152
1513,国泰君安证券股份有限公司南京太平南路证券营业部,2025-01-17,1,2,50501183.0,100329011.0,-49827828.0,天下秀 川发龙蟒 康盛股份,10025054
1514,申万宏源证券有限公司北京劲松九区证券营业部,2025-01-15,0,1,,49843775.0,-49843775.0,苏豪弘业,10025152
1515,申港证券股份有限公司陕西分公司,2025-01-17,0,1,,50170601.0,-50170601.0,五洲新春,10948128
1516,国金证券股份有限公司深圳分公司,2025-01-17,0,1,,50926446.44,-50926446.44,五洲新春,10000104821
1517,华福证券有限责任公司福清清宏路证券营业部,2025-01-13,0,1,109417.0,51574152.0,-51464735.0,安培龙,10021924
1518,中国银河证券股份有限公司北京中关村大街证券营业部,2025-01-13,4,4,58499937.0,110841829.96,-52341892.96,弘讯科技 顺钠股份 万控智造 雄韬股份 华塑科技 锦和商管,10115140
1519,光大证券股份有限公司宁海民生路证券营业部,2025-01-10,0,1,886448.0,53248553.23,-52362105.23,震裕科技,10101282
1520,申万宏源证券有限公司北京丽泽路证券营业部,2025-01-13,0,1,0.0,53410172.94,-53410172.94,德福科技,10167869
1521,西部证券股份有限公司西安大庆路证券营业部,2025-01-16,0,1,73399.0,53988908.8,-53915509.8,天孚通信,10023431
1522,东吴证券股份有限公司苏州干将东路证券营业部,2025-01-16,0,1,,54733822.0,-54733822.0,来伊份,10141748
1523,瑞银证券有限责任公司上海浦东新区花园石桥路第二证券营业部,2025-01-17,0,3,,55622158.92,-55622158.92,光大嘉宝 博通集成 一鸣食品,10342152
1524,中国银河证券股份有限公司北京雍和宫证券营业部,2025-01-16,0,1,5544.0,55751792.0,-55746248.0,东港股份,10993997
1525,华泰证券股份有限公司上海普陀区江宁路证券营业部,2025-01-16,0,2,174150.0,56096402.7,-55922252.7,*ST元成 东港股份,10079785
1526,国泰君安证券股份有限公司宁波广福街证券营业部,2025-01-13,0,1,9246816.0,65662012.62,-56415196.62,国星光电,10023415
1527,中国银河证券股份有限公司大连黄河路证券营业部,2025-01-15,1,2,72849500.0,133553337.6,-60703837.6,东阳光 建设工业,10030463
1528,长江证券股份有限公司聊城东昌西路证券营业部,2025-01-16,0,1,,61215828.0,-61215828.0,红星发展,10944827
1529,华鑫证券有限责任公司佛山顺德近良路证券营业部,2025-01-13,0,1,0.0,61631834.0,-61631834.0,建设工业,10456801
1530,招商证券股份有限公司长沙芙蓉中路证券营业部,2025-01-16,0,1,114207.0,61942083.0,-61827876.0,挖金客,10099002
1531,东方证券股份有限公司杭州新业路证券营业部,2025-01-13,0,1,10290.0,62829465.0,-62819175.0,神剑股份,10060970
1532,中国中金财富证券有限公司西宁证券营业部,2025-01-15,0,1,,63266747.47,-63266747.47,*ST柳化,10174529
1533,中信建投证券股份有限公司泉州分公司,2025-01-14,0,1,58592.0,63824555.04,-63765963.04,建设工业,10003306
1534,西部证券股份有限公司北京新街口北大街证券营业部,2025-01-15,0,1,,66962173.0,-66962173.0,苏豪弘业,10046700
1535,国泰君安证券股份有限公司上海江苏路证券营业部,2025-01-16,0,2,14159385.51,82380158.8,-68220773.29,广百股份 壹网壹创,10025080
1536,中泰证券股份有限公司上海浦东新区江耀路证券营业部,2025-01-16,0,1,,68265790.2,-68265790.2,天下秀,10448359
1537,东亚前海证券有限责任公司上海分公司,2025-01-15,1,2,5084844.0,73627534.8,-68542690.8,来伊份 华塑科技,10924074
1538,国泰君安证券股份有限公司北京光华路证券营业部,2025-01-13,0,1,114408.0,69574261.0,-69459853.0,建设工业,10949120
1539,国盛证券有限责任公司宁波桑田路证券营业部,2025-01-13,2,3,65883447.57,136992782.32,-71109334.75,弘讯科技 神剑股份 国星光电 金奥博,10456710
1540,中信证券股份有限公司西安朱雀大街证券营业部,2025-01-16,0,1,,71493912.0,-71493912.0,五洲新春,10453418
1541,东方证券股份有限公司上海黄浦区中山南路第一证券营业部,2025-01-17,0,1,,71935038.35,-71935038.35,生益科技,10023738
1542,中国银河证券股份有限公司绍兴证券营业部,2025-01-14,3,3,99940619.53,172278064.05,-72337444.52,海得控制 哈空调 福达股份 汉威科技 三丰智能 慈星股份,10023543
1543,东亚前海证券有限责任公司苏州分公司,2025-01-17,1,3,16429282.0,89193985.43,-72764703.43,博通集成 先锋电子 歌力思 金奥博,10000526027
1544,中国国际金融股份有限公司北京建国门外大街证券营业部,2025-01-16,1,2,1767466.0,76190000.66,-74422534.66,广百股份 天和磁材 长龄液压,10050414
1545,国泰君安证券股份有限公司总部,2025-01-15,4,8,42880866.6,117970371.9,-75089505.3,红星发展 东阳光 金瑞矿业 苏豪汇鸿 建设机械 弘讯科技 天和磁材 先达股份 德创环保 比依股份 长龄液压,10023614
1546,中信建投证券股份有限公司北京东城分公司,2025-01-13,0,1,58263.0,75661810.0,-75603547.0,雅化集团,10048194
1547,国泰君安证券股份有限公司上海松江中山东路证券营业部,2025-01-10,1,2,48279127.0,129939200.49,-81660073.49,康盛股份 飞龙股份,10134445
1548,国信证券股份有限公司上海漕溪北路证券营业部,2025-01-16,0,1,281185.0,82604976.48,-82323791.48,天孚通信,10023425
1549,中信证券股份有限公司苏州分公司,2025-01-14,0,1,,82585800.0,-82585800.0,绿的谐波,10045040
1550,华泰证券股份有限公司苏州人民路证券营业部,2025-01-16,0,1,829275.0,83707165.0,-82877890.0,建设工业,10021776
1551,国盛证券有限责任公司宁波桑田路证券营业部,2025-01-10,2,5,118298182.18,201958064.16,-83659881.98,粤宏远A 弘讯科技 康盛股份 来伊份 凯伦股份 天迈科技,10456710
1552,高盛（中国）证券有限责任公司上海浦东新区世纪大道证券营业部,2025-01-15,0,3,,91513418.24,-91513418.24,建设机械 天和磁材 五洲新春,10000399618
1553,中国国际金融股份有限公司上海分公司,2025-01-14,4,8,246079204.0,338289855.59,-92210651.59,粤宏远A 华胜天成 弘讯科技 东鹏饮料 银之杰 绿的谐波 安硕信息 奥普特 华塑科技,10088113
1554,国泰君安证券股份有限公司总部,2025-01-16,5,10,73372252.0,167694807.45,-94322555.45,红星发展 卓郎智能 济高发展 博通集成 天和磁材 先达股份 *ST元成 引力传媒 歌力思 鸿泉技术,10023614
1555,中信证券股份有限公司总部(非营业场所),2025-01-15,1,1,9613032.0,105987332.6,-96374300.6,超讯科技,10045029
1556,中国国际金融股份有限公司北京建国门外大街证券营业部,2025-01-15,0,2,205274.0,96873376.91,-96668102.91,广百股份 天和磁材,10050414
1557,中泰证券股份有限公司济南纬二路证券营业部,2025-01-16,0,1,,101459476.0,-101459476.0,天下秀,10122104
1558,东方证券股份有限公司上海长宁区长宁路证券营业部,2025-01-10,0,1,,103253661.0,-103253661.0,北特科技,10031921
1559,东莞证券股份有限公司南京分公司,2025-01-16,3,6,100984960.87,204671486.9,-103686526.03,*ST柳化 鸿智科技 中百集团 爱慕股份 建设工业 来伊份 *ST动力 立方退 歌力思,10485003
1560,招商证券股份有限公司深圳科技园高新南一道证券营业部,2025-01-10,0,3,1260263.08,105190446.99,-103930183.91,金奥博 方正科技 肇民科技,10128338
1561,招商证券股份有限公司上海娄山关路证券营业部,2025-01-10,0,2,48245.01,108345503.56,-108297258.55,鸿智科技 飞龙股份,10122836
1562,东方财富证券股份有限公司拉萨金融城南环路证券营业部,2025-01-13,12,16,257473210.92,366706429.99,-109233219.07,骏创科技 哈药股份 顺钠股份 鲁抗医药 北方铜业 中百集团 共进股份 建设工业 麦迪科技 东方新能 日海智能 神剑股份 中恒电气 梦洁股份 康盛股份 国星光电 好想你 茂硕电源 京泉华 蒙娜丽莎 泰永长征 威士顿,10678762
1563,深股通专用,2025-01-17,8,9,715554345.6,833016062.07,-117461716.47,巨轮智能 ST汇洲 遥望科技 川发龙蟒 万和电气 圣邦股份 壹网壹创 奕东电子 强达电路,10634757
1564,国泰君安证券股份有限公司总部,2025-01-14,2,7,46185117.72,166170807.17,-119985689.45,万控智造 腾龙股份 比依股份 海鸥股份 麦迪科技 绿的谐波 凯尔达,10023614
1565,华泰证券股份有限公司天津东丽开发区二纬路证券营业部,2025-01-16,1,2,37490763.0,159303209.0,-121812446.0,博通集成 利欧股份,10147201
1566,中信证券股份有限公司上海凯滨路证券营业部,2025-01-16,0,2,,131351510.0,-131351510.0,弘讯科技 五洲新春,10492220
1567,财通证券股份有限公司新昌江滨西路证券营业部,2025-01-10,0,1,23183796.0,155646269.74,-132462473.74,三花智控,10654091
1568,深股通专用,2025-01-10,11,11,1838305317.3,1980481350.86,-142176033.56,巨轮智能 三花智控 利欧股份 蔚蓝锂芯 建设工业 国星光电 飞龙股份 博实股份 雄韬股份 双林股份 震裕科技 德福科技 强达电路,10634757
1569,华泰证券股份有限公司成都蜀金路证券营业部,2025-01-16,0,2,11418962.0,157476434.0,-146057472.0,慧翰股份 天下秀,10175321
1570,中信证券股份有限公司西安朱雀大街证券营业部,2025-01-10,0,1,250917.0,148331431.0,-148080514.0,利欧股份,10453418
1571,国信证券股份有限公司浙江分公司,2025-01-10,0,1,15563472.0,177368956.0,-161805484.0,三花智控,10467899
1572,中信证券股份有限公司上海分公司,2025-01-10,3,9,41521822.91,203982042.96,-162460220.05,苏豪弘业 江钨装备 锦江在线 哈药股份 济高发展 禾望电气 福达股份 旭升集团 力鼎光电 时空科技 福莱新材,10135341
1573,国泰君安证券股份有限公司咸宁咸宁大道证券营业部,2025-01-15,1,4,78482772.1,245890771.12,-167407999.02,*ST康佳A 弘讯科技 巨轮智能 富春股份 立方退,10429230
1574,东方财富证券股份有限公司昌都两江大道证券营业部,2025-01-10,6,4,283342875.99,477357720.61,-194014844.62,利欧股份 中化装备 日海智能 东百集团 友好集团 国星光电 来伊份 雄韬股份,10342919
1575,国泰君安证券股份有限公司上海分公司,2025-01-13,0,2,,211661293.0,-211661293.0,五洲新春 来伊份,10201214
1576,沪股通专用,2025-01-14,9,8,986787209.1,1200954472.5,-214167263.4,华胜天成 天下秀 万控智造 康尼机电 浙江荣泰 东鹏饮料 绿的谐波 埃夫特 奥普特,10434470
1577,国泰君安证券股份有限公司三亚迎宾路证券营业部,2025-01-14,0,2,0.0,214727141.77,-214727141.77,国星光电 好想你,10564207
1578,国泰君安证券股份有限公司宁波广福街证券营业部,2025-01-14,1,1,23048464.0,243657129.94,-220608665.94,蓝色光标 埃夫特,10023415
1579,国泰君安证券股份有限公司上海分公司,2025-01-15,0,1,,241716436.0,-241716436.0,五洲新春,10201214
1580,深股通专用,2025-01-14,9,8,830778737.57,1131201038.07,-300422300.5,ST云动 拓日新能 建设工业 国星光电 汉威科技 蓝色光标 银之杰 三丰智能 慈星股份,10634757
1581,中泰证券股份有限公司德州三八中路证券营业部,2025-01-16,0,2,147715.0,344345290.8,-344197575.8,华媒控股 天下秀,10078444
