序号,代码,名称,收盘价,涨跌幅,买方机构数,卖方机构数,机构买入总额,机构卖出总额,机构买入净额,市场总成交额,机构净买额占总成交额比,换手率,流通市值,上榜原因,上榜日期
1,300963,中洲特材,31.5,6.4549,4,0,418512689.29,73988160.45,344524528.84,2985079069,11.54155454098,46.128,63.17,日换手率达到30%的前5只证券,2025-05-20
2,688648,中邮科技,68.48,14.6877,2,2,3555887500.0,3261196300.0,294691200.0,8252508500,3.57092876669,18.3155,45.29,有价格涨跌幅限制的连续30个交易日内收盘价格涨幅偏离值累计达到200%的证券,2025-05-29
3,300047,天源迪科,17.7,8.4559,4,1,416517647.64,160754366.33,255763281.31,8080496482,3.165192657156,48.9047,97.3,连续三个交易日内，涨幅偏离值累计达到30%的证券,2025-05-07
4,688799,华纳药厂,46.36,12.9354,3,1,286457232.54,38667619.51,247789613.03,1653921900,14.98194159168,13.2419,60.88,有价格涨跌幅限制的连续3个交易日内收盘价格涨幅偏离值累计达到30%的证券,2025-05-30
5,300468,四方精创,24.79,7.2696,2,1,346017621.16,119001104.13,227016517.03,10234307275,2.218191333619,42.4341,131.34,连续三个交易日内，涨幅偏离值累计达到30%的证券,2025-05-30
6,300204,舒泰神,26.5,15.0174,4,2,250913826.7,72508553.1,178405273.6,2778128609,6.42177878382,13.2308,125.07,连续三个交易日内，涨幅偏离值累计达到30%的证券,2025-05-30
7,300047,天源迪科,17.7,8.4559,3,0,246101273.87,78220887.45,167880386.42,4746856162,3.536664703766,48.9047,97.3,日换手率达到30%的前5只证券,2025-05-07
8,002094,青岛金王,7.61,9.9711,4,0,169893746.0,14103668.05,155790077.95,1006124647,15.484172703106,19.5999,52.54,日涨幅偏离值达到7%的前5只证券,2025-05-06
9,002570,贝因美,6.56,10.0671,3,0,158389707.6,4283317.0,154106390.6,1632090503,9.442269918043,23.4065,70.85,日涨幅偏离值达到7%的前5只证券,2025-05-20
10,002977,*ST天箭,48.71,10.0045,3,0,161969635.48,8732057.12,153237578.36,1487683558,10.300414865511,46.2379,32.45,日涨幅偏离值达到7%的前5只证券,2025-05-13
11,002977,*ST天箭,48.71,10.0045,3,0,161969635.48,8732057.12,153237578.36,1487683558,10.300414865511,46.2379,32.45,日换手率达到20%的前5只证券,2025-05-13
12,300468,四方精创,24.79,7.2696,2,1,237151543.16,85112958.13,152038585.03,5758603023,2.640199097294,42.4341,131.34,日换手率达到30%的前5只证券,2025-05-30
13,688648,中邮科技,68.48,14.6877,2,2,2508526200.0,2367074300.0,141451900.0,6165045600,2.294417741209,18.3155,45.29,有价格涨跌幅限制的连续10个交易日内收盘价格涨幅偏离值累计达到100%的证券,2025-05-29
14,300963,中洲特材,18.17,20.0132,4,0,141140430.35,535556.0,140604874.35,1093394557,12.859481826559,31.7485,36.44,日涨幅达到15%的前5只证券,2025-05-06
15,002427,尤夫股份,7.81,10.0,4,1,160540088.12,32838117.0,127701971.12,1473419968,8.667044962974,10.294,76.91,连续三个交易日内，涨幅偏离值累计达到20%的证券,2025-05-14
16,600990,四创电子,29.1,10.0189,1,0,116616256.26,0.0,116616256.26,3284710067,3.550275484938,17.4149,78.28,非ST、*ST和S证券连续三个交易日内收盘价格涨幅偏离值累计达到20%的证券,2025-05-29
17,002640,跨境通,5.31,2.3121,4,1,217419205.0,104971812.0,112447393.0,2890442472,3.890317627467,39.6066,74.19,日振幅值达到15%的前5只证券,2025-05-16
18,002640,跨境通,5.31,2.3121,4,1,217419205.0,104971812.0,112447393.0,2890442472,3.890317627467,39.6066,74.19,日换手率达到20%的前5只证券,2025-05-16
19,603630,拉芳家化,21.97,10.015,1,1,130050549.2,19013211.0,111037338.2,1137191505,9.764172323816,7.0737,49.48,非ST、*ST和S证券连续三个交易日内收盘价格涨幅偏离值累计达到20%的证券,2025-05-15
20,002779,中坚科技,114.39,10.001,3,1,147820692.4,36811814.0,111008878.4,1046244778,10.610220546305,8.0127,135.48,日涨幅偏离值达到7%的前5只证券,2025-05-12
21,300204,舒泰神,26.5,15.0174,4,1,131892987.6,21404065.86,110488921.74,1572871716,7.024661999835,13.2308,125.07,日涨幅达到15%的前5只证券,2025-05-30
22,000678,襄阳轴承,16.82,10.0065,3,1,146527003.72,37071259.0,109455744.72,1829165268,5.983917726564,24.9954,77.31,日振幅值达到15%的前5只证券,2025-05-12
23,000678,襄阳轴承,16.82,10.0065,3,1,146527003.72,37071259.0,109455744.72,1829165268,5.983917726564,24.9954,77.31,日涨幅偏离值达到7%的前5只证券,2025-05-12
24,603955,大千生态,39.55,5.5793,1,1,150744645.2,44911095.2,105833550.0,2323942625,4.554051759346,15.4916,53.68,非ST、*ST和S证券连续三个交易日内收盘价格涨幅偏离值累计达到20%的证券,2025-05-21
25,002338,奥普光电,51.65,10.0106,2,0,115128478.0,12010984.0,103117494.0,3214484213,3.207901708864,26.4274,123.96,日涨幅偏离值达到7%的前5只证券,2025-05-09
26,603507,振江股份,27.52,3.8883,3,0,102888761.08,0.0,102888761.08,1407740584,7.308787020095,27.8593,50.72,有价格涨跌幅限制的日换手率达到20%的前五只证券,2025-05-06
27,002727,一心堂,19.01,10.0116,3,2,207976257.89,106454855.14,101521402.75,1838541369,5.521844896273,25.3711,75.53,日涨幅偏离值达到7%的前5只证券,2025-05-23
28,002338,奥普光电,45.45,-10.0,3,0,142335560.4,43314905.08,99020655.32,2010147445,4.926039409015,17.8556,109.08,日跌幅偏离值达到7%的前5只证券,2025-05-13
29,688382,益方生物,23.46,15.6235,4,2,122438286.75,25057210.76,97381075.99,476309100,20.44493292066,5.343,94.14,有价格涨跌幅限制的日收盘价格涨幅达到15%的前五只证券,2025-05-20
30,300723,一品红,50.6,6.4591,3,0,96961953.2,0.0,96961953.2,2336066406,4.150650553039,5.5038,211.33,连续三个交易日内，涨幅偏离值累计达到30%的证券,2025-05-21
31,002640,跨境通,5.06,10.0,3,1,163989563.0,67425980.19,96563582.81,2647064092,3.647950312266,39.4285,70.7,日涨幅偏离值达到7%的前5只证券,2025-05-14
32,002640,跨境通,5.06,10.0,3,1,163989563.0,67425980.19,96563582.81,2647064092,3.647950312266,39.4285,70.7,日换手率达到20%的前5只证券,2025-05-14
33,002640,跨境通,5.06,10.0,3,1,163989563.0,67425980.19,96563582.81,2647064092,3.647950312266,39.4285,70.7,日振幅值达到15%的前5只证券,2025-05-14
34,603194,中力股份,41.24,10.0027,2,0,92285417.76,0.0,92285417.76,1266961201,7.283997149018,41.243,20.55,非ST、*ST和S证券连续三个交易日内收盘价格涨幅偏离值累计达到20%的证券,2025-05-30
35,300607,拓斯达,38.02,2.2593,2,0,120054398.89,31063052.0,88991346.89,5044508575,1.764123215709,38.3632,128.39,日换手率达到30%的前5只证券,2025-05-13
36,301112,信邦智能,40.26,16.157,4,0,104521504.58,16951459.75,87570044.83,745502983,11.746437885145,54.401,14.6,日换手率达到30%的前5只证券,2025-05-26
37,300204,舒泰神,14.78,4.4523,3,2,149294357.1,72398355.61,76896001.49,1919434280,4.006180481991,14.4421,69.76,连续三个交易日内，涨幅偏离值累计达到30%的证券,2025-05-22
38,000678,襄阳轴承,18.15,10.0,2,1,123791273.4,51401719.0,72389554.4,1969871652,3.674836090286,24.6157,83.42,日振幅值达到15%的前5只证券,2025-05-14
39,000678,襄阳轴承,18.15,10.0,2,1,123791273.4,51401719.0,72389554.4,1969871652,3.674836090286,24.6157,83.42,日涨幅偏离值达到7%的前5只证券,2025-05-14
40,603194,中力股份,41.24,10.0027,2,1,82245321.76,11763320.38,70482001.38,824918401,8.54411797513,41.243,20.55,有价格涨跌幅限制的日换手率达到20%的前五只证券,2025-05-30
41,002165,红宝丽,12.44,9.9912,1,0,95071555.48,26456668.0,68614887.48,3604542981,1.903566911025,41.2836,90.52,日换手率达到20%的前5只证券,2025-05-16
42,002165,红宝丽,12.44,9.9912,1,0,95071555.48,26456668.0,68614887.48,3604542981,1.903566911025,41.2836,90.52,日振幅值达到15%的前5只证券,2025-05-16
43,002165,红宝丽,12.44,9.9912,1,0,95071555.48,26456668.0,68614887.48,3604542981,1.903566911025,41.2836,90.52,日涨幅偏离值达到7%的前5只证券,2025-05-16
44,300255,常山药业,28.24,20.017,1,1,115071465.8,49707704.95,65363760.85,3754551362,1.740920673281,10.6342,258.7,连续三个交易日内，涨幅偏离值累计达到30%的证券,2025-05-07
45,300204,舒泰神,14.15,20.017,3,1,80414380.0,15458480.94,64955899.06,506951984,12.813027882341,8.0097,66.79,日涨幅达到15%的前5只证券,2025-05-21
46,301662,宏工科技,79.03,5.9525,4,1,78686989.63,15023280.0,63663709.63,509114958,12.504780822016,41.3324,12.47,日换手率达到30%的前5只证券,2025-05-23
47,688135,利扬芯片,24.9,15.4917,1,0,62193738.83,0.0,62193738.83,1132093400,5.493693261528,22.5795,50.1,有价格涨跌幅限制的日收盘价格涨幅达到15%的前五只证券,2025-05-20
48,002553,南方精工,25.0,6.929,2,1,139029275.0,77972887.0,61056388.0,2813127279,2.170409723577,46.4481,62.7,日换手率达到20%的前5只证券,2025-05-09
49,688136,科兴制药,41.81,15.5611,3,2,73803091.79,13102560.44,60700531.35,278438800,21.800313515932,3.4637,83.47,有价格涨跌幅限制的日收盘价格涨幅达到15%的前五只证券,2025-05-20
50,301536,星宸科技,63.97,19.9962,2,1,88798282.0,28972328.0,59825954.0,1326901394,4.508696295785,11.8625,119.36,日涨幅达到15%的前5只证券,2025-05-26
51,002471,中超控股,4.12,-5.2874,4,2,152948668.5,94211928.4,58736740.1,1947191667,3.016484771142,35.1279,53.77,日换手率达到20%的前5只证券,2025-05-20
52,002553,南方精工,23.1,6.0119,3,2,148767309.4,91314507.0,57452802.4,2594196776,2.214666324911,44.6205,57.93,日换手率达到20%的前5只证券,2025-05-06
53,002510,天汽模,8.23,-2.8335,2,1,133000951.44,75724892.14,57276059.3,4992057285,1.147343790948,56.8764,82.7,日换手率达到20%的前5只证券,2025-05-22
54,300872,天阳科技,19.5,4.7261,2,0,112708069.18,58160644.01,54547425.17,4181210920,1.304584394657,32.1281,76.79,连续三个交易日内，涨幅偏离值累计达到30%的证券,2025-05-30
55,002809,红墙股份,17.31,3.8392,3,0,62855361.35,8576715.77,54278645.58,1318650691,4.116226226586,53.7397,23.84,日换手率达到20%的前5只证券,2025-05-14
56,688552,航天南湖,34.28,4.2262,2,0,54240587.06,0.0,54240587.06,1139122400,4.761611839079,37.864,29.76,有价格涨跌幅限制的日换手率达到30%的前五只证券,2025-05-22
57,002165,红宝丽,11.16,0.1795,1,1,160387657.16,108130640.08,52257017.08,9121272263,0.572913685429,29.0948,81.2,连续三个交易日内，跌幅偏离值累计达到20%的证券,2025-05-12
58,002427,尤夫股份,9.43,10.035,3,1,92161595.89,40068176.0,52093419.89,1532564109,3.399102170283,17.1856,92.86,日涨幅偏离值达到7%的前5只证券,2025-05-19
59,002427,尤夫股份,9.43,10.035,3,1,92161595.89,40068176.0,52093419.89,1532564109,3.399102170283,17.1856,92.86,日振幅值达到15%的前5只证券,2025-05-19
60,300255,常山药业,28.24,20.017,1,0,60582642.6,9284002.0,51298640.6,2673734530,1.91861383486,10.6342,258.7,日涨幅达到15%的前5只证券,2025-05-07
61,002549,凯美特气,10.26,9.9678,1,0,55180854.0,5574023.0,49606831.0,1317955355,3.763923475238,19.0252,71.04,日涨幅偏离值达到7%的前5只证券,2025-05-26
62,002040,南京港,10.23,10.0,3,0,60469606.85,10900990.1,49568616.75,1000383464,4.954961625595,19.3583,49.71,连续三个交易日内，涨幅偏离值累计达到20%的证券,2025-05-16
63,002549,凯美特气,11.29,10.039,1,0,55186499.0,7252780.0,47933719.0,2399306866,1.997815272371,14.0302,78.17,连续三个交易日内，涨幅偏离值累计达到20%的证券,2025-05-27
64,002094,青岛金王,8.64,1.8868,3,2,143132767.05,96463218.28,46669548.77,2240807780,2.082710939624,38.0114,59.66,日换手率达到20%的前5只证券,2025-05-16
65,000096,广聚能源,15.03,-10.0,2,0,66737145.0,20192011.0,46545134.0,1679852746,2.770786553216,8.2602,76.78,连续三个交易日内，跌幅偏离值累计达到20%的证券,2025-05-29
66,688648,中邮科技,50.0,18.1754,1,1,86418814.65,40583928.76,45834885.89,1656307800,2.767292763459,23.2932,33.06,有价格涨跌幅限制的连续3个交易日内收盘价格涨幅偏离值累计达到30%的证券,2025-05-21
67,002094,青岛金王,8.15,9.9865,2,3,107571342.1,61941269.0,45630073.1,1516857718,3.008197312017,27.8452,56.27,日涨幅偏离值达到7%的前5只证券,2025-05-13
68,000510,新金路,5.91,10.0559,3,3,103250333.0,57903233.0,45347100.0,960833785,4.719557191674,17.3798,35.85,连续三个交易日内，涨幅偏离值累计达到20%的证券,2025-05-26
69,301501,恒鑫生活,72.85,14.1313,4,2,88842166.21,43532770.77,45309395.44,647461531,6.998005791946,38.4084,17.62,日换手率达到30%的前5只证券,2025-05-14
70,688648,中邮科技,50.0,18.1754,1,0,45043573.15,0.0,45043573.15,728265800,6.185045782735,23.2932,33.06,有价格涨跌幅限制的日收盘价格涨幅达到15%的前五只证券,2025-05-21
71,000859,国风新材,7.92,10.0,1,0,54826132.06,10371581.0,44454551.06,1546265046,2.874963200843,22.161,70.95,日涨幅偏离值达到7%的前5只证券,2025-05-23
72,605133,嵘泰股份,41.78,10.0053,4,1,81896996.61,37675849.56,44221147.05,811039033,5.452406758578,6.1511,77.26,非ST、*ST和S证券连续三个交易日内收盘价格涨幅偏离值累计达到20%的证券,2025-05-06
73,002094,青岛金王,8.72,6.6015,2,3,141195147.0,97036696.0,44158451.0,2366077029,1.866315020972,38.8945,60.21,日换手率达到20%的前5只证券,2025-05-22
74,688336,三生国健,32.81,20.0073,2,2,70707916.52,27205084.53,43502831.99,377621700,11.520215069738,1.9698,202.37,有价格涨跌幅限制的日收盘价格涨幅达到15%的前五只证券,2025-05-19
75,002272,川润股份,10.85,0.9302,4,2,120784842.09,77554855.8,43229986.29,1690410763,2.557365773824,39.2795,41.96,日换手率达到20%的前5只证券,2025-05-07
76,300399,天利科技,25.44,20.0,3,0,48216720.0,5027329.0,43189391.0,1116508739,3.868253735182,23.186,50.26,日涨幅达到15%的前5只证券,2025-05-14
77,601579,会稽山,18.72,9.9882,2,1,67928660.97,25496303.0,42432357.97,1520385758,2.790894202128,5.6715,89.76,非ST、*ST和S证券连续三个交易日内收盘价格涨幅偏离值累计达到20%的证券,2025-05-21
78,301535,浙江华远,19.77,6.9227,3,3,58521825.73,16293201.32,42228624.41,382196580,11.048927860631,32.8056,11.84,日换手率达到30%的前5只证券,2025-05-06
79,300255,常山药业,36.9,15.6015,3,2,282542541.13,240327740.65,42214800.48,5426836372,0.777889687218,7.0267,338.03,连续三个交易日内，涨幅偏离值累计达到30%的证券,2025-05-29
80,300840,酷特智能,24.41,20.0098,2,0,49279259.0,7468201.0,41811058.0,963583049,4.339123445913,22.8079,43.23,日涨幅达到15%的前5只证券,2025-05-13
81,002735,王子新材,21.85,10.0201,1,0,58387814.42,17274190.0,41113624.42,2900699981,1.417369072614,49.4777,61.31,日涨幅偏离值达到7%的前5只证券,2025-05-29
82,002735,王子新材,21.85,10.0201,1,0,58387814.42,17274190.0,41113624.42,2900699981,1.417369072614,49.4777,61.31,日换手率达到20%的前5只证券,2025-05-29
83,301518,长华化学,28.31,6.9917,3,0,51904891.7,10847950.0,41056941.7,811410216,5.05994882618,53.6609,15.13,日换手率达到30%的前5只证券,2025-05-14
84,002195,岩山科技,5.67,10.0971,1,0,49018653.1,8049436.0,40969217.1,2587223997,1.583520296175,8.4073,318.26,日涨幅偏离值达到7%的前5只证券,2025-05-06
85,300815,玉禾田,22.32,20.0,3,3,94704293.48,54220995.77,40483297.71,1669034408,2.425552014743,14.0716,86.34,连续三个交易日内，涨幅偏离值累计达到30%的证券,2025-05-28
86,300149,睿智医药,10.27,19.9766,2,0,63679803.0,23479242.08,40200560.92,2178265728,1.845530616547,33.3537,51.05,连续三个交易日内，涨幅偏离值累计达到30%的证券,2025-05-30
87,301076,新瀚新材,42.5,16.5981,3,4,116338630.45,76510271.62,39828358.83,1351875080,2.94615674327,38.5675,35.9,日换手率达到30%的前5只证券,2025-05-16
88,301076,新瀚新材,42.5,16.5981,3,4,116338630.45,76510271.62,39828358.83,1351875080,2.94615674327,38.5675,35.9,日涨幅达到15%的前5只证券,2025-05-16
89,301277,新天地,15.29,20.0157,2,2,53122213.86,13370054.46,39752159.4,845479902,4.701727303744,57.7388,15.45,日换手率达到30%的前5只证券,2025-05-23
90,301277,新天地,15.29,20.0157,2,2,53122213.86,13370054.46,39752159.4,845479902,4.701727303744,57.7388,15.45,日涨幅达到15%的前5只证券,2025-05-23
91,300121,阳谷华泰,15.08,19.9682,2,1,61365013.62,21796036.15,39568977.47,1163135873,3.401922199162,19.1094,65.28,日涨幅达到15%的前5只证券,2025-05-23
92,002915,中欣氟材,22.37,9.9803,1,0,41458095.0,2483410.0,38974685.0,1526941445,2.55246755713,24.4019,64.49,日涨幅偏离值达到7%的前5只证券,2025-05-16
93,002915,中欣氟材,22.37,9.9803,1,0,41458095.0,2483410.0,38974685.0,1526941445,2.55246755713,24.4019,64.49,日振幅值达到15%的前5只证券,2025-05-16
94,603900,莱绅通灵,9.78,10.0112,2,1,47033639.2,8297961.0,38735678.2,607608017,6.375109793853,13.8852,33.4,非ST、*ST和S证券连续三个交易日内收盘价格涨幅偏离值累计达到20%的证券,2025-05-21
95,002094,青岛金王,8.9,-1.1111,2,1,131820530.8,93352834.0,38467696.8,2744690405,1.401531361421,43.8713,61.45,日换手率达到20%的前5只证券,2025-05-28
96,300281,金明精机,8.7,20.0,3,2,81678722.08,43308918.4,38369803.68,1204137018,3.186498139865,11.4019,34.57,连续三个交易日内，涨幅偏离值累计达到30%的证券,2025-05-07
97,002735,王子新材,15.67,2.6868,2,1,82762421.42,45647079.01,37115342.41,2674740711,1.387623938925,62.7322,43.97,日振幅值达到15%的前5只证券,2025-05-21
98,002735,王子新材,15.67,2.6868,2,1,82762421.42,45647079.01,37115342.41,2674740711,1.387623938925,62.7322,43.97,日换手率达到20%的前5只证券,2025-05-21
99,002427,尤夫股份,10.69,9.9794,2,1,68713820.58,31877485.29,36836335.29,2232734592,1.649830455531,21.4559,105.27,日涨幅偏离值达到7%的前5只证券,2025-05-28
100,002915,中欣氟材,23.57,9.986,1,0,57239504.6,20442479.0,36797025.6,2691742190,1.367033802,41.9246,67.95,日换手率达到20%的前5只证券,2025-05-07
101,002915,中欣氟材,23.57,9.986,1,0,57239504.6,20442479.0,36797025.6,2691742190,1.367033802,41.9246,67.95,日涨幅偏离值达到7%的前5只证券,2025-05-07
102,301317,鑫磊股份,31.8,-2.7523,3,0,44534834.34,8033135.0,36501699.34,731907793,4.987199164854,54.0678,14.25,日换手率达到30%的前5只证券,2025-05-12
103,300468,四方精创,23.11,19.9896,1,0,48807381.0,12635899.0,36171482.0,3053705100,1.184511300715,27.0748,122.44,日涨幅达到15%的前5只证券,2025-05-29
104,300884,狄耐克,14.44,-1.2987,3,0,54972278.84,19023840.48,35948438.36,1416615135,2.537629132418,48.1135,27.64,日换手率达到30%的前5只证券,2025-05-08
105,603900,莱绅通灵,7.38,9.9851,1,0,35204480.0,0.0,35204480.0,596337301,5.903450939756,19.0017,25.2,非ST、*ST和S证券连续三个交易日内收盘价格涨幅偏离值累计达到20%的证券,2025-05-06
106,688336,三生国健,39.37,19.9939,1,1,55832042.7,20790614.75,35041427.95,529629400,6.616216537451,0.6261,242.83,有价格涨跌幅限制的连续3个交易日内收盘价格涨幅偏离值累计达到30%的证券,2025-05-20
107,300240,飞力达,9.82,20.0489,2,2,58165016.0,23678226.16,34486789.84,1034497661,3.333674994167,32.1684,35.68,日涨幅达到15%的前5只证券,2025-05-14
108,002809,红墙股份,17.31,3.8392,2,0,66309821.75,31885893.27,34423928.48,2801578543,1.228733299875,53.7397,23.84,连续三个交易日内，涨幅偏离值累计达到20%的证券,2025-05-14
109,001316,润贝航科,45.3,-6.9051,3,1,45159296.0,10944820.0,34214476.0,495349871,6.907133321934,38.9866,12.32,日换手率达到20%的前5只证券,2025-05-13
110,300464,星徽股份,6.13,19.9609,3,2,51055455.0,16925255.0,34130200.0,496925159,6.86827772389,24.37,21.78,日涨幅达到15%的前5只证券,2025-05-27
111,301501,恒鑫生活,94.32,20.0,4,3,84367118.97,51149210.32,33217908.65,673775538,4.93011496805,31.6867,22.81,日涨幅达到15%的前5只证券,2025-05-23
112,301082,久盛电气,27.19,19.9912,1,1,56326914.0,23178382.4,33148531.6,1974841565,1.6785413163,37.2701,56.89,日涨幅达到15%的前5只证券,2025-05-29
113,300703,创源股份,22.2,11.0,4,3,186516773.08,153978934.75,32537838.33,2719175562,1.196606750396,36.6823,37.66,连续三个交易日内，涨幅偏离值累计达到30%的证券,2025-05-28
114,301335,天元宠物,39.22,-3.9196,3,2,62989310.62,30533713.15,32455597.47,985959105,3.291779274152,50.4702,19.56,日换手率达到30%的前5只证券,2025-05-22
115,301662,宏工科技,81.01,2.5054,3,1,40303392.77,8094417.0,32208975.77,505882938,6.366883195812,38.8572,12.78,日换手率达到30%的前5只证券,2025-05-26
116,301335,天元宠物,30.9,15.2985,3,2,47476537.24,16180839.08,31295698.16,573927726,5.452898813256,38.9099,15.41,日换手率达到30%的前5只证券,2025-05-16
117,300804,广康生化,41.26,20.0116,3,1,39666398.09,9474955.68,30191442.41,415161147,7.272222516044,41.5507,11.35,日换手率达到30%的前5只证券,2025-05-29
118,002915,中欣氟材,23.72,6.0349,3,1,125773887.1,95648986.3,30124900.8,2427374581,1.241048704876,36.5527,68.39,日换手率达到20%的前5只证券,2025-05-19
119,688552,航天南湖,35.66,-8.5641,1,0,30104605.64,0.0,30104605.64,1033137000,2.913902574392,33.4697,29.95,有价格涨跌幅限制的日换手率达到30%的前五只证券,2025-05-15
120,300723,一品红,47.53,19.995,1,0,30025637.7,0.0,30025637.7,748364681,4.012166589674,3.8576,198.51,日涨幅达到15%的前5只证券,2025-05-20
121,002809,红墙股份,12.52,5.1217,3,1,43596803.64,13759389.0,29837414.64,728839595,4.093824600734,43.21,17.24,日换手率达到20%的前5只证券,2025-05-08
122,002290,禾盛新材,31.22,10.007,4,3,55703080.38,26498912.2,29204168.18,344202982,8.484577330013,1.1588,77.19,连续三个交易日内，涨幅偏离值累计达到20%的证券,2025-05-07
123,300149,睿智医药,10.27,19.9766,2,0,47112395.0,19408616.08,27703778.92,1637342935,1.69199611931,33.3537,51.05,日换手率达到30%的前5只证券,2025-05-30
124,300149,睿智医药,10.27,19.9766,2,0,47112395.0,19408616.08,27703778.92,1637342935,1.69199611931,33.3537,51.05,日涨幅达到15%的前5只证券,2025-05-30
125,002471,中超控股,6.06,9.9819,2,1,85940202.6,58384132.0,27556070.6,2978483375,0.925171207309,38.2855,79.08,日换手率达到20%的前5只证券,2025-05-29
126,002471,中超控股,6.06,9.9819,2,1,85940202.6,58384132.0,27556070.6,2978483375,0.925171207309,38.2855,79.08,日涨幅偏离值达到7%的前5只证券,2025-05-29
127,002094,青岛金王,9.0,10.0244,1,2,73227489.0,46381764.0,26845725.0,2007012522,1.337596288301,33.7897,62.14,日涨幅偏离值达到7%的前5只证券,2025-05-27
128,002664,信质集团,18.95,9.9826,1,1,41324469.0,14504283.0,26820186.0,1012873685,2.64792998349,5.5778,76.29,连续三个交易日内，涨幅偏离值累计达到20%的证券,2025-05-06
129,002065,东华软件,11.04,9.9602,1,3,94795945.26,68180138.0,26615807.26,2525098406,1.054050297476,8.1871,321.03,日涨幅偏离值达到7%的前5只证券,2025-05-08
130,300032,金龙机电,5.92,20.0811,1,2,70952603.96,44390360.64,26562243.32,1687250773,1.574291370617,23.9849,47.55,连续三个交易日内，涨幅偏离值累计达到30%的证券,2025-05-08
131,002165,红宝丽,12.79,9.9742,1,1,84795379.0,58325646.0,26469733.0,4406739140,0.600664848975,50.1108,93.06,日涨幅偏离值达到7%的前5只证券,2025-05-21
132,002165,红宝丽,12.79,9.9742,1,1,84795379.0,58325646.0,26469733.0,4406739140,0.600664848975,50.1108,93.06,日换手率达到20%的前5只证券,2025-05-21
133,002392,北京利尔,6.39,-9.1038,3,0,37920709.0,11566121.0,26354588.0,616210594,4.276880056366,8.2367,73.09,日跌幅偏离值达到7%的前5只证券,2025-05-13
134,000565,渝三峡A,9.96,7.0968,1,0,28644289.58,2382651.0,26261638.58,1540864057,1.704344939497,38.3558,43.19,日换手率达到20%的前5只证券,2025-05-12
135,000565,渝三峡A,9.96,7.0968,1,0,28644289.58,2382651.0,26261638.58,1540864057,1.704344939497,38.3558,43.19,日振幅值达到15%的前5只证券,2025-05-12
136,603040,新坐标,39.0,-4.8316,1,0,26227654.6,0.0,26227654.6,1061753072,2.47022168258,18.802,52.67,有价格涨跌幅限制的日价格振幅达到15%的前五只证券,2025-05-08
137,002537,海联金汇,8.33,10.0396,1,0,27898911.0,1793494.0,26105417.0,1274367479,2.04849993665,2.4609,97.8,连续三个交易日内，涨幅偏离值累计达到20%的证券,2025-05-30
138,300069,金利华电,22.91,20.0105,3,2,45525421.92,19801119.0,25724302.92,528292820,4.869326620793,21.8279,26.8,日涨幅达到15%的前5只证券,2025-05-26
139,002165,红宝丽,12.16,-2.2508,2,1,134136893.45,108684676.32,25452217.13,3690722519,0.689626949709,41.0911,88.48,日换手率达到20%的前5只证券,2025-05-19
140,002074,国轩高科,26.65,9.9876,0,2,72390227.39,46969016.73,25421210.66,3329746385,0.763457864975,7.4103,459.99,日涨幅偏离值达到7%的前5只证券,2025-05-21
141,001206,依依股份,24.35,6.1465,3,2,82876360.36,57859249.94,25017110.42,1687190338,1.48276752519,33.4587,25.89,连续三个交易日内，涨幅偏离值累计达到20%的证券,2025-05-21
142,603011,合锻智能,15.03,10.0293,1,0,24981718.0,0.0,24981718.0,1731776992,1.442548210041,24.6959,74.31,有价格涨跌幅限制的日换手率达到20%的前五只证券,2025-05-26
143,688722,同益中,22.8,17.5864,1,0,24796062.43,0.0,24796062.43,536655100,4.620483888069,11.0724,51.1,有价格涨跌幅限制的日收盘价格涨幅达到15%的前五只证券,2025-05-06
144,002173,创新医疗,11.62,10.0379,1,0,34752188.09,10171186.0,24581002.09,1433525135,1.714724178171,30.2183,48.37,日涨幅偏离值达到7%的前5只证券,2025-05-30
145,300918,南山智尚,24.92,19.9807,1,3,72990382.61,48527437.91,24462944.7,1024320593,2.388211744172,10.3318,108.33,日涨幅达到15%的前5只证券,2025-05-06
146,002345,潮宏基,11.28,10.0488,1,0,23688665.0,0.0,23688665.0,1594698183,1.485463848428,6.3014,97.8,连续三个交易日内，涨幅偏离值累计达到20%的证券,2025-05-20
147,603350,安乃达,39.4,0.6386,2,0,22974444.17,0.0,22974444.17,382868644,6.000607396306,33.1618,11.43,有价格涨跌幅限制的日换手率达到20%的前五只证券,2025-05-13
148,000096,广聚能源,15.03,-10.0,2,0,30731846.0,7798854.0,22932992.0,638063056,3.594157628208,8.2602,76.78,日跌幅偏离值达到7%的前5只证券,2025-05-29
149,300703,创源股份,19.02,20.0,2,3,75838241.6,53411148.0,22427093.6,790303650,2.837781857644,26.3774,32.27,日涨幅达到15%的前5只证券,2025-05-20
150,001367,海森药业,25.05,10.0132,1,2,27746599.52,5403365.08,22343234.44,231861438,9.636459875661,4.4091,9.7,连续三个交易日内，涨幅偏离值累计达到20%的证券,2025-05-23
151,001222,源飞宠物,18.62,-10.0048,3,0,26441543.08,4456673.19,21984869.89,525523788,4.183420501985,34.0652,14.63,日振幅值达到15%的前5只证券,2025-05-22
152,001222,源飞宠物,18.62,-10.0048,3,0,26441543.08,4456673.19,21984869.89,525523788,4.183420501985,34.0652,14.63,日跌幅偏离值达到7%的前5只证券,2025-05-22
153,002510,天汽模,7.0,10.0629,1,1,46148618.0,24243079.0,21905539.0,1396366561,1.568752762478,2.5459,70.34,连续三个交易日内，涨幅偏离值累计达到20%的证券,2025-05-19
154,600468,百利电气,7.01,10.0471,1,0,21567728.0,0.0,21567728.0,1349061260,1.598721172973,19.6712,76.25,有价格涨跌幅限制的日价格振幅达到15%的前五只证券,2025-05-30
155,600468,百利电气,7.01,10.0471,1,0,21567728.0,0.0,21567728.0,1349061260,1.598721172973,19.6712,76.25,有价格涨跌幅限制的日收盘价格涨幅偏离值达到7%的前五只证券,2025-05-30
156,301137,哈焊华通,32.99,20.0073,1,2,42780092.5,21360838.73,21419253.77,861262727,2.48695933291,14.6273,33.55,连续三个交易日内，涨幅偏离值累计达到30%的证券,2025-05-26
157,002560,通达股份,8.39,-9.9785,1,0,26810150.59,5781375.0,21028775.59,1381170744,1.52253265437,35.387,38.0,日跌幅偏离值达到7%的前5只证券,2025-05-20
158,002560,通达股份,8.39,-9.9785,1,0,26810150.59,5781375.0,21028775.59,1381170744,1.52253265437,35.387,38.0,日换手率达到20%的前5只证券,2025-05-20
159,002868,绿康生化,21.44,4.9951,4,1,32219426.0,11236767.94,20982658.06,253710364,8.270319638972,2.5235,33.03,连续三个交易日内，涨幅偏离值累计达到12%的ST证券、*ST证券和未完成股改证券,2025-05-16
160,301459,丰茂股份,69.51,-1.1238,3,1,39824683.0,19142004.95,20682678.05,648642638,3.188609079689,45.7593,13.9,日换手率达到30%的前5只证券,2025-05-21
161,920006,晟楠科技,33.86,12.5665,1,0,20598607.36,0.0,20598607.36,574573900,3.58502315542,48.8019,11.61,当日换手率达到20%的前5只股票,2025-05-07
162,301396,宏景科技,96.0,12.6893,2,3,107314700.0,86950024.0,20364676.0,1838890469,1.107443664716,38.6652,47.82,日换手率达到30%的前5只证券,2025-05-13
163,002365,永安药业,24.63,10.0045,1,2,82819456.49,62556484.25,20262972.24,2051686032,0.987625393162,34.681,60.48,日涨幅偏离值达到7%的前5只证券,2025-05-28
164,301559,中集环科,18.62,19.9742,1,1,24910432.2,5299394.0,19611038.2,579053090,3.386742690554,36.3341,16.76,日涨幅达到15%的前5只证券,2025-05-14
165,300032,金龙机电,5.92,20.0811,1,1,34109511.0,14554506.16,19555004.84,1057933523,1.848415275144,23.9849,47.55,日涨幅达到15%的前5只证券,2025-05-08
166,300511,雪榕生物,6.88,20.0698,1,0,23764522.24,4280275.2,19484247.04,681124994,2.860597865537,21.3245,33.46,日涨幅达到15%的前5只证券,2025-05-20
167,300920,润阳科技,40.79,6.5013,3,3,86775986.86,67312118.7,19463868.16,683884915,2.846073620442,11.7435,22.59,连续三个交易日内，涨幅偏离值累计达到30%的证券,2025-05-23
168,002809,红墙股份,18.39,9.988,1,0,30479911.87,11020470.6,19459441.27,1200152689,1.621413795791,49.7866,25.33,日振幅值达到15%的前5只证券,2025-05-16
169,002809,红墙股份,18.39,9.988,1,0,30479911.87,11020470.6,19459441.27,1200152689,1.621413795791,49.7866,25.33,日换手率达到20%的前5只证券,2025-05-16
170,301335,天元宠物,37.08,20.0,2,4,88969784.26,69617868.78,19351915.48,1352246328,1.431093956722,46.0298,18.49,连续三个交易日内，涨幅偏离值累计达到30%的证券,2025-05-19
171,002365,永安药业,20.36,9.9946,2,3,72861628.72,54089880.0,18771748.72,1716431556,1.093649709153,34.9299,50.0,日换手率达到20%的前5只证券,2025-05-23
172,002365,永安药业,20.36,9.9946,2,3,72861628.72,54089880.0,18771748.72,1716431556,1.093649709153,34.9299,50.0,日涨幅偏离值达到7%的前5只证券,2025-05-23
173,002735,王子新材,15.67,2.6868,2,2,109608202.8,90988220.01,18619982.79,4431362569,0.420186398654,62.7322,43.97,连续三个交易日内，涨幅偏离值累计达到20%的证券,2025-05-21
174,300095,华伍股份,9.42,-11.8803,4,2,71017450.48,52440941.34,18576509.14,1219721522,1.523012327399,36.5007,31.91,日换手率达到30%的前5只证券,2025-05-13
175,301509,金凯生科,35.92,20.0134,1,3,35900567.24,17555833.0,18344734.24,496522540,3.694642793054,26.3664,20.38,日涨幅达到15%的前5只证券,2025-05-06
176,301138,华研精机,38.95,19.9938,2,1,29099303.5,10988706.08,18110597.42,540872605,3.348403533952,21.6557,26.7,日涨幅达到15%的前5只证券,2025-05-22
177,688336,三生国健,58.9,15.3093,2,1,44476802.69,26717421.86,17759380.83,1203888100,1.475168732875,3.4562,363.29,有价格涨跌幅限制的日收盘价格涨幅达到15%的前五只证券,2025-05-27
178,000953,中哲精化,7.56,5.5866,2,0,23312036.8,5682889.0,17629147.8,819549700,2.151077329416,30.6223,27.68,日换手率达到20%的前5只证券,2025-05-23
179,600476,*ST湘邮,19.15,4.874,1,0,17450901.0,0.0,17450901.0,968223470,1.802362940035,30.9018,30.84,有价格涨跌幅限制的日换手率达到20%的前五只证券,2025-05-27
180,300575,中旗股份,7.12,20.0675,2,1,34016108.0,16587606.0,17428502.0,491401541,3.546692581495,21.4299,24.4,日涨幅达到15%的前5只证券,2025-05-27
181,301251,威尔高,36.71,13.4075,2,0,23174014.0,5823351.0,17350663.0,626077531,2.771328172772,32.0686,19.8,日换手率达到30%的前5只证券,2025-05-12
182,301518,长华化学,28.83,7.0951,4,3,45862904.8,29049957.0,16812947.8,567567070,2.962283875983,38.7965,15.41,日换手率达到30%的前5只证券,2025-05-19
183,000566,海南海药,5.4,-7.8498,2,3,56924707.0,40547498.0,16377209.0,728081552,2.249364642603,11.5693,62.96,日跌幅偏离值达到7%的前5只证券,2025-05-26
184,002882,金龙羽,23.77,1.8423,1,0,20442948.92,4071403.0,16371545.92,1736444410,0.942820042249,30.3947,58.65,日振幅值达到15%的前5只证券,2025-05-26
185,000677,ST海龙,6.12,10.0719,2,2,63987513.0,47844925.75,16142587.25,1629717732,0.990514303983,19.3923,52.88,连续三个交易日内，涨幅偏离值累计达到20%的证券,2025-05-20
186,688331,荣昌生物,56.35,16.0898,2,1,45720220.36,30568403.3,15151817.06,569924200,2.658567062076,6.5779,91.41,有价格涨跌幅限制的日收盘价格涨幅达到15%的前五只证券,2025-05-20
187,301082,久盛电气,27.19,19.9912,2,2,119361493.8,104211640.0,15149853.8,3420729523,0.4428837094,37.2701,56.89,连续三个交易日内，涨幅偏离值累计达到30%的证券,2025-05-29
188,301662,宏工科技,83.3,19.9942,2,1,31301338.29,16573111.14,14728227.15,639836939,2.301871969602,52.8815,13.14,日涨幅达到15%的前5只证券,2025-05-21
189,301662,宏工科技,83.3,19.9942,2,1,31301338.29,16573111.14,14728227.15,639836939,2.301871969602,52.8815,13.14,日换手率达到30%的前5只证券,2025-05-21
190,300546,雄帝科技,25.0,13.2246,1,0,32223537.4,17496216.0,14727321.4,2129576774,0.691560951444,61.6216,33.54,日换手率达到30%的前5只证券,2025-05-30
191,688648,中邮科技,55.2,20.0,3,2,58364838.92,43641223.04,14723615.88,671297500,2.193307122401,19.2611,36.5,有价格涨跌幅限制的日收盘价格涨幅达到15%的前五只证券,2025-05-26
192,603350,安乃达,41.6,-2.781,2,0,14572547.83,0.0,14572547.83,387847393,3.757289102108,31.8524,12.06,有价格涨跌幅限制的日换手率达到20%的前五只证券,2025-05-19
193,000677,ST海龙,6.4,9.9656,1,1,25562020.5,11110263.0,14451757.5,989132190,1.461054209549,19.178,55.29,日振幅值达到15%的前5只证券,2025-05-27
194,001316,润贝航科,47.26,10.0093,3,4,45196813.45,31195211.05,14001602.4,612074615,2.287564629682,13.654,12.86,连续三个交易日内，涨幅偏离值累计达到20%的证券,2025-05-07
195,300997,欢乐家,20.87,20.0115,1,2,26539144.08,12696179.01,13842965.07,606100756,2.2839379316,8.2711,80.56,日涨幅达到15%的前5只证券,2025-05-28
196,002365,永安药业,22.39,3.2749,2,2,207809205.32,194265624.38,13543580.94,5406525399,0.250504343187,34.3351,54.98,连续三个交易日内，涨幅偏离值累计达到20%的证券,2025-05-27
197,301560,众捷汽车,41.8,4.867,3,1,28910080.3,15436925.36,13473154.94,564405141,2.38714249061,57.9016,9.66,日换手率达到30%的前5只证券,2025-05-08
198,301277,新天地,15.8,-3.7172,3,2,33462339.4,20122927.2,13339412.2,676254518,1.972543154233,42.8962,15.96,日换手率达到30%的前5只证券,2025-05-28
199,601083,锦江航运,11.81,6.205,1,0,13327175.0,0.0,13327175.0,564337331,2.361561829763,25.3235,22.93,有价格涨跌幅限制的日换手率达到20%的前五只证券,2025-05-13
200,300130,新国都,28.07,14.013,2,3,193192957.4,179892045.91,13300911.49,5497131329,0.241960955523,27.9973,121.89,连续三个交易日内，涨幅偏离值累计达到30%的证券,2025-05-29
201,300095,华伍股份,9.74,19.9507,1,0,27687798.0,14687155.0,13000643.0,1591597617,0.816829760307,32.183,32.99,连续三个交易日内，涨幅偏离值累计达到30%的证券,2025-05-08
202,300584,海辰药业,35.16,20.0,1,1,24108125.65,11324449.78,12783675.87,1124867511,1.13646058269,39.8581,28.87,日涨幅达到15%的前5只证券,2025-05-23
203,300069,金利华电,23.4,20.0,1,0,12714000.0,0.0,12714000.0,406808546,3.125303075614,5.2284,27.38,连续三个交易日内，涨幅偏离值累计达到30%的证券,2025-05-20
204,002165,红宝丽,12.38,-9.5029,1,0,41357363.0,28698219.0,12659144.0,4038459299,0.313464691922,43.1114,90.08,日跌幅偏离值达到7%的前5只证券,2025-05-08
205,002165,红宝丽,12.38,-9.5029,1,0,41357363.0,28698219.0,12659144.0,4038459299,0.313464691922,43.1114,90.08,日换手率达到20%的前5只证券,2025-05-08
206,000565,渝三峡A,12.74,10.0173,1,0,18964790.0,6311021.0,12653769.0,1875388791,0.674727771688,35.0149,55.24,日涨幅偏离值达到7%的前5只证券,2025-05-15
207,300696,爱乐达,23.4,9.7561,2,0,23006051.2,10469570.0,12536481.2,1420021515,0.882837412502,39.4312,39.48,日换手率达到30%的前5只证券,2025-05-08
208,300963,中洲特材,24.66,20.0,2,3,175197726.79,162675663.06,12522063.73,4695517500,0.266681228001,41.6093,49.45,连续三个交易日内，涨幅偏离值累计达到30%的证券,2025-05-16
209,002640,跨境通,4.56,8.3135,3,2,162385044.75,150538839.0,11846205.75,2431794892,0.487138359776,38.7307,63.71,日换手率达到20%的前5只证券,2025-05-12
210,603822,ST嘉澳,52.71,-9.9282,1,0,11762979.0,0.0,11762979.0,281916390,4.172506252652,6.7635,40.49,有价格涨跌幅限制的日收盘价格跌幅偏离值达到7%的前五只证券,2025-05-06
211,920475,三友科技,24.67,29.9789,1,0,11693580.0,0.0,11693580.0,239155400,4.889532078306,24.9241,10.37,当日换手率达到20%的前5只股票,2025-05-29
212,920475,三友科技,24.67,29.9789,1,0,11693580.0,0.0,11693580.0,239155400,4.889532078306,24.9241,10.37,当日收盘价涨幅达到20%的前5只股票,2025-05-29
213,920781,瑞奇智造,14.04,30.0,1,0,11658816.0,0.0,11658816.0,675401000,1.726206505469,50.7469,14.33,当日收盘价涨幅达到20%的前5只股票,2025-05-26
214,920781,瑞奇智造,14.04,30.0,1,0,11658816.0,0.0,11658816.0,675401000,1.726206505469,50.7469,14.33,当日换手率达到20%的前5只股票,2025-05-26
215,300095,华伍股份,10.69,9.641,2,2,43519647.0,31868083.59,11651563.41,1619539966,0.719436608828,47.0733,36.21,日换手率达到30%的前5只证券,2025-05-12
216,002550,千红制药,7.76,8.078,1,1,44094542.0,32677526.0,11417016.0,3196338502,0.357190453791,19.8256,74.32,连续三个交易日内，涨幅偏离值累计达到20%的证券,2025-05-30
217,002040,南京港,13.18,10.0167,2,0,36978342.06,25726493.56,11251848.5,1576257302,0.713833235584,26.4112,64.05,日涨幅偏离值达到7%的前5只证券,2025-05-21
218,002040,南京港,13.18,10.0167,2,0,36978342.06,25726493.56,11251848.5,1576257302,0.713833235584,26.4112,64.05,日振幅值达到15%的前5只证券,2025-05-21
219,301112,信邦智能,40.04,-0.5464,4,4,87561252.0,76314770.0,11246482.0,515499453,2.181667106444,35.6617,14.52,日换手率达到30%的前5只证券,2025-05-27
220,300997,欢乐家,20.87,20.0115,2,3,62504985.57,51359153.25,11145832.32,1346751153,0.827608893831,8.2711,80.56,连续三个交易日内，涨幅偏离值累计达到30%的证券,2025-05-28
221,301662,宏工科技,62.81,-0.6171,2,2,29531101.96,18453689.7,11077412.26,430916598,2.570662701649,44.8669,9.91,日换手率达到30%的前5只证券,2025-05-13
222,920128,胜业电气,39.3,0.1274,1,0,10946837.33,0.0,10946837.33,378706600,2.890585305352,45.794,8.14,当日换手率达到20%的前5只股票,2025-05-27
223,301662,宏工科技,74.59,-10.4562,1,0,14577840.0,3644978.12,10932861.88,451341293,2.422304816679,37.4167,11.77,日换手率达到30%的前5只证券,2025-05-22
224,002825,纳尔股份,12.08,10.0182,3,2,77128336.95,66278297.99,10850038.96,1511540904,0.717813122443,17.1,31.44,连续三个交易日内，涨幅偏离值累计达到20%的证券,2025-05-13
225,603630,拉芳家化,28.26,3.2517,1,3,71411740.6,60967000.4,10444740.2,664356778,1.572158295945,10.5797,63.64,有价格涨跌幅限制的日价格振幅达到15%的前五只证券,2025-05-21
226,301079,邵阳液压,28.22,2.0984,2,2,27928021.0,17612080.11,10315940.89,609698825,1.691973227929,31.4687,19.64,日换手率达到30%的前5只证券,2025-05-06
227,605080,浙江自然,27.84,-9.7861,1,0,10193494.0,0.0,10193494.0,351272103,2.901879743066,8.8865,39.07,有价格涨跌幅限制的日收盘价格跌幅偏离值达到7%的前五只证券,2025-05-29
228,605369,拱东医疗,26.75,-9.9933,2,1,14111797.0,4144743.0,9967054.0,161231496,6.181828146034,3.8067,42.15,有价格涨跌幅限制的日收盘价格跌幅偏离值达到7%的前五只证券,2025-05-22
229,002809,红墙股份,16.04,4.2235,1,0,13549207.47,3613045.0,9936162.47,826224260,1.202598731487,38.8438,22.09,日换手率达到20%的前5只证券,2025-05-21
230,300584,海辰药业,35.16,20.0,2,3,73878983.65,63952995.28,9925988.37,2009023511,0.494070294133,39.8581,28.87,连续三个交易日内，涨幅偏离值累计达到30%的证券,2025-05-23
231,920128,胜业电气,39.52,0.5598,1,0,9685853.88,0.0,9685853.88,273635600,3.53969069814,32.3781,8.18,当日换手率达到20%的前5只股票,2025-05-28
232,002651,利君股份,11.89,9.9907,1,0,26278900.0,16865045.0,9413855.0,2197479104,0.428393379617,13.7606,67.23,连续三个交易日内，涨幅偏离值累计达到20%的证券,2025-05-14
233,301613,新铝时代,56.91,11.5445,2,1,24700571.35,15325062.7,9375508.65,721487767,1.299468830772,36.3431,20.47,日换手率达到30%的前5只证券,2025-05-22
234,300946,恒而达,70.56,20.0,1,0,14300384.6,4972491.28,9327893.32,795484656,1.172605059022,20.2663,39.87,日涨幅达到15%的前5只证券,2025-05-14
235,002124,天邦食品,3.59,10.1227,2,1,22255466.0,12950522.0,9304944.0,710041580,1.310478746893,10.6894,70.81,日振幅值达到15%的前5只证券,2025-05-08
236,003036,泰坦股份,14.04,-10.0,3,0,17872769.0,8629274.0,9243495.0,165328013,5.591003504046,5.2297,30.33,日跌幅偏离值达到7%的前5只证券,2025-05-23
237,301595,太力科技,41.08,-5.9739,2,0,9428708.78,261961.0,9166747.78,370845183,2.471852999638,38.4707,9.49,日换手率达到30%的前5只证券,2025-05-26
238,301518,长华化学,25.57,-9.6786,4,3,45624304.85,36542468.0,9081836.85,541423694,1.677399225531,38.3844,13.67,日换手率达到30%的前5只证券,2025-05-15
239,301560,众捷汽车,39.86,-2.5428,1,0,9340000.1,311448.0,9028552.1,515441123,1.751616566302,54.0124,9.21,日换手率达到30%的前5只证券,2025-05-07
240,000561,烽火电子,9.57,10.0,2,1,33921308.04,25247556.69,8673751.35,1168154643,0.742517388599,17.8579,57.59,连续三个交易日内，涨幅偏离值累计达到20%的证券,2025-05-23
241,300095,华伍股份,9.74,19.9507,1,0,19237514.0,10588467.0,8649047.0,1015920339,0.851350904985,32.183,32.99,日涨幅达到15%的前5只证券,2025-05-08
242,300530,领湃科技,35.04,20.0,1,1,15710500.0,7645627.0,8064873.0,676598255,1.191973662421,12.9917,55.46,日涨幅达到15%的前5只证券,2025-05-21
243,688070,纵横股份,47.11,19.9949,1,0,7933696.8,0.0,7933696.8,353202900,2.246215079208,9.0859,41.26,有价格涨跌幅限制的日收盘价格涨幅达到15%的前五只证券,2025-05-30
244,001212,中旗新材,57.53,10.0,4,4,193367878.59,185781169.65,7586708.94,972589359,0.780052636788,11.3571,88.59,日涨幅偏离值达到7%的前5只证券,2025-05-30
245,300946,恒而达,49.0,20.0098,1,2,55314341.8,47750670.17,7563671.63,1079823780,0.700454256527,3.771,27.69,连续三个交易日内，涨幅偏离值累计达到30%的证券,2025-05-12
246,300815,玉禾田,22.32,20.0,1,2,35141595.48,27782804.16,7358791.32,1185493049,0.620736774982,14.0716,86.34,日涨幅达到15%的前5只证券,2025-05-28
247,002253,川大智胜,9.6,5.0328,3,2,25567236.0,18455376.43,7111859.57,294690481,2.413331963037,1.4955,19.94,连续三个交易日内，涨幅偏离值累计达到12%的ST证券、*ST证券和未完成股改证券,2025-05-21
248,603350,安乃达,41.8,0.4808,1,0,7013852.0,0.0,7013852.0,389822071,1.799244455812,31.3979,12.12,有价格涨跌幅限制的日换手率达到20%的前五只证券,2025-05-20
249,000096,广聚能源,16.7,-9.973,1,1,42381941.0,35485364.21,6896576.79,1041789690,0.661993188856,11.4846,85.31,日跌幅偏离值达到7%的前5只证券,2025-05-28
250,002735,王子新材,18.32,-3.3755,1,1,66378936.74,59508699.64,6870237.1,3247757805,0.211537852035,61.7799,51.41,日换手率达到20%的前5只证券,2025-05-26
251,002735,王子新材,18.32,-3.3755,1,1,66378936.74,59508699.64,6870237.1,3247757805,0.211537852035,61.7799,51.41,日振幅值达到15%的前5只证券,2025-05-26
252,001332,锡装股份,40.57,10.0054,1,1,11465379.5,4650400.5,6814979.0,242023016,2.81583921754,13.8354,10.95,连续三个交易日内，涨幅偏离值累计达到20%的证券,2025-05-27
253,002849,威星智能,16.97,-10.0212,3,0,21720856.0,14981715.6,6739140.4,370223912,1.820287718207,11.3235,32.23,日跌幅偏离值达到7%的前5只证券,2025-05-16
254,000004,国华退,9.47,4.9889,3,2,23825687.59,17603581.0,6222106.59,314185609,1.980391975878,9.9059,11.96,连续三个交易日内，涨幅偏离值累计达到12%的ST证券、*ST证券和未完成股改证券,2025-05-21
255,001335,信凯科技,39.0,1.5361,3,2,18058088.56,11894912.0,6163176.56,321617468,1.916306535937,36.4018,8.96,日换手率达到20%的前5只证券,2025-05-08
256,603331,百达精工,10.62,-7.4913,1,0,5999401.0,0.0,5999401.0,501317099,1.19672778207,23.1939,21.47,有价格涨跌幅限制的日收盘价格跌幅偏离值达到7%的前五只证券,2025-05-12
257,300771,智莱科技,12.9,20.0,1,2,27600925.5,22192494.0,5408431.5,567662733,0.952754370789,25.803,23.37,日涨幅达到15%的前5只证券,2025-05-26
258,002165,红宝丽,11.14,-10.0162,1,1,43113970.0,37820510.08,5293459.92,2739852270,0.193202384594,32.79,81.06,日跌幅偏离值达到7%的前5只证券,2025-05-09
259,002898,赛隆退,6.9,5.0228,2,2,9541824.96,4459203.0,5082621.96,119765138,4.243824242076,6.8201,6.99,连续三个交易日内，涨幅偏离值累计达到12%的ST证券、*ST证券和未完成股改证券,2025-05-07
260,002528,*ST英飞,2.35,4.9107,3,1,8408326.1,3357449.42,5050876.68,130076728,3.882997948718,2.0592,24.67,连续三个交易日内，涨幅偏离值累计达到12%的ST证券、*ST证券和未完成股改证券,2025-05-06
261,002868,绿康生化,24.82,4.9915,3,0,14878895.0,9839663.6,5039231.4,173247679,2.908686239889,4.4448,38.23,连续三个交易日内，涨幅偏离值累计达到12%的ST证券、*ST证券和未完成股改证券,2025-05-21
262,002882,金龙羽,23.35,-8.3595,1,0,20934181.0,16051712.0,4882469.0,1543817643,0.316259437903,25.7699,57.61,日跌幅偏离值达到7%的前5只证券,2025-05-29
263,300858,科拓生物,17.59,19.9864,3,4,40969155.5,36172952.78,4796202.72,448468519,1.069462518951,13.8969,33.34,日涨幅达到15%的前5只证券,2025-05-27
264,920128,胜业电气,39.25,12.1749,1,0,4412179.62,0.0,4412179.62,289655100,1.52325286867,37.3394,8.12,当日换手率达到20%的前5只股票,2025-05-26
265,002365,永安药业,15.3,-0.7138,3,1,51416832.25,47015600.0,4401232.25,1417638225,0.310462300775,36.5106,37.57,日换手率达到20%的前5只证券,2025-05-20
266,002551,尚荣医疗,3.81,-9.7156,1,0,7467528.0,3072583.1,4394944.9,660604377,0.665291519859,27.8473,23.29,日跌幅偏离值达到7%的前5只证券,2025-05-16
267,920262,太湖雪,31.69,14.0338,1,0,4502652.68,119474.24,4383178.44,361077100,1.213917592669,37.5831,9.88,当日换手率达到20%的前5只股票,2025-05-13
268,002471,中超控股,4.35,10.1266,2,3,115638039.0,111447397.47,4190641.53,2867073412,0.146164430686,41.6385,56.77,连续三个交易日内，涨幅偏离值累计达到20%的证券,2025-05-19
269,301317,鑫磊股份,41.45,8.6216,1,1,31892579.54,27813915.0,4078664.54,1992495402,0.204701327587,61.7329,18.57,连续三个交易日内，涨幅偏离值累计达到30%的证券,2025-05-14
270,300204,舒泰神,19.2,10.9827,3,3,224755235.39,220803268.32,3951967.07,3179411863,0.12429868291,13.8085,90.62,连续三个交易日内，涨幅偏离值累计达到30%的证券,2025-05-27
271,001316,润贝航科,48.66,-4.998,1,0,7328136.0,3385780.0,3942356.0,640979993,0.615051334371,48.0415,13.24,日换手率达到20%的前5只证券,2025-05-12
272,001316,润贝航科,48.66,-4.998,1,0,7328136.0,3385780.0,3942356.0,640979993,0.615051334371,48.0415,13.24,日振幅值达到15%的前5只证券,2025-05-12
273,002693,双成药业,8.58,5.0184,1,1,13981524.59,10046139.0,3935385.59,779790193,0.504672362557,15.5534,35.28,连续三个交易日内，涨幅偏离值累计达到12%的ST证券、*ST证券和未完成股改证券,2025-05-22
274,301501,恒鑫生活,84.0,15.3054,5,5,143918845.69,140047843.77,3871001.92,1384967563,0.279501269446,39.7282,20.31,连续三个交易日内，涨幅偏离值累计达到30%的证券,2025-05-15
275,300040,九洲集团,7.9,5.1931,2,2,43513479.78,39745035.0,3768444.78,1228086307,0.306855044187,32.3315,37.68,日换手率达到30%的前5只证券,2025-05-09
276,000691,亚太实业,5.27,4.9801,1,0,5557127.0,1808971.0,3748156.0,249646547,1.501385076237,2.3557,17.04,连续三个交易日内，涨幅偏离值累计达到12%的ST证券、*ST证券和未完成股改证券,2025-05-21
277,002809,红墙股份,15.3,6.546,1,0,8603494.0,4925140.0,3678354.0,739315762,0.497534908501,36.4091,21.07,日换手率达到20%的前5只证券,2025-05-27
278,002651,利君股份,10.81,9.9695,1,0,17615775.0,14026732.0,3589043.0,1274152310,0.281680845518,21.1136,61.13,日涨幅偏离值达到7%的前5只证券,2025-05-13
279,002977,*ST天箭,41.9,-9.4054,3,2,73170821.14,69787684.12,3383137.02,981133942,0.344819078739,34.3977,27.91,日跌幅偏离值达到7%的前5只证券,2025-05-15
280,002907,华森制药,17.09,9.9743,1,2,25448983.0,22080716.56,3368266.44,735142041,0.458178998363,11.94,52.79,连续三个交易日内，涨幅偏离值累计达到20%的证券,2025-05-28
281,002819,东方中科,35.1,-5.2632,1,1,35087348.0,31721593.4,3365754.6,2200690812,0.152940821202,24.6666,82.53,日振幅值达到15%的前5只证券,2025-05-20
282,300132,诺斯贝尔,6.4,20.075,1,1,16385082.0,13085004.0,3300078.0,646198968,0.510690694882,21.0392,32.52,日涨幅达到15%的前5只证券,2025-05-15
283,603280,南方路机,26.22,4.6289,1,0,3283248.0,0.0,3283248.0,217601206,1.508837225838,30.2033,7.33,有价格涨跌幅限制的日换手率达到20%的前五只证券,2025-05-12
284,300804,广康生化,42.25,2.3994,3,2,36484253.97,33210144.63,3274109.34,585787600,0.558924316595,49.9324,11.62,日换手率达到30%的前5只证券,2025-05-30
285,301079,邵阳液压,32.55,6.9668,2,3,61564026.2,58844612.0,2719414.2,883099273,0.307939807352,39.4025,22.65,日换手率达到30%的前5只证券,2025-05-29
286,002471,中超控股,5.51,-3.3333,1,1,42896147.0,40311765.0,2584382.0,3866669240,0.066837421036,51.8207,71.91,日换手率达到20%的前5只证券,2025-05-28
287,002898,赛隆退,10.2,5.0463,1,0,5272343.5,2832503.6,2439839.9,238937433,1.021120830406,22.8874,10.33,连续三个交易日内，涨幅偏离值累计达到12%的ST证券、*ST证券和未完成股改证券,2025-05-23
288,002813,路畅科技,27.7,-5.3639,2,0,19409425.0,17020312.0,2389113.0,800238591,0.298550085796,22.2156,33.2,日振幅值达到15%的前5只证券,2025-05-21
289,002571,德力股份,6.82,-10.0264,3,3,25633835.0,23737927.11,1895907.89,223229434,0.849309096936,10.3249,20.34,日跌幅偏离值达到7%的前5只证券,2025-05-09
290,000820,神雾节能,2.65,5.1587,1,0,3417176.0,1565246.0,1851930.0,109996547,1.68362557781,4.9384,7.87,连续三个交易日内，涨幅偏离值累计达到12%的ST证券、*ST证券和未完成股改证券,2025-05-21
291,300815,玉禾田,26.78,19.9821,0,1,21532331.31,19764641.87,1767689.44,1343285216,0.131594498245,13.761,103.6,日涨幅达到15%的前5只证券,2025-05-29
292,002168,ST惠程,3.03,4.8443,2,2,11576694.2,9825004.5,1751689.7,189827332,0.922780550906,3.398,23.76,连续三个交易日内，涨幅偏离值累计达到12%的ST证券、*ST证券和未完成股改证券,2025-05-16
293,002650,ST加加,7.01,4.9401,1,0,5556501.5,3906670.0,1649831.5,282876031,0.583234816385,3.1746,80.75,连续三个交易日内，涨幅偏离值累计达到12%的ST证券、*ST证券和未完成股改证券,2025-05-09
294,002963,豪尔赛,11.64,-6.3556,1,0,2486929.0,1053617.5,1433311.5,223985903,0.639911476929,15.7005,14.32,日跌幅偏离值达到7%的前5只证券,2025-05-12
295,002355,兴民智通,6.89,10.0639,1,2,20753710.0,19420105.0,1333605.0,551538660,0.241797193328,9.7902,42.59,连续三个交易日内，涨幅偏离值累计达到20%的证券,2025-05-06
296,002630,*ST华西,3.27,-4.9419,3,0,1147928.0,0.0,1147928.0,4071126,28.196818275828,0.0448,34.78,连续三个交易日内，跌幅偏离值累计达到12%的ST证券、*ST证券和未完成股改证券,2025-05-06
297,000576,甘化科工,9.14,-8.4168,1,1,11787762.0,10733464.0,1054298.0,849357262,0.12412892044,20.9925,39.65,日跌幅偏离值达到7%的前5只证券,2025-05-16
298,002809,红墙股份,13.77,9.984,1,1,41604494.32,40552050.75,1052443.57,2003837308,0.05252140809,38.0163,18.97,连续三个交易日内，涨幅偏离值累计达到20%的证券,2025-05-09
299,002130,沃尔核材,21.21,10.0104,0,2,34419648.0,33391494.0,1028154.0,2430501070,0.042302141426,9.4882,264.94,日涨幅偏离值达到7%的前5只证券,2025-05-08
300,000669,ST金鸿,2.22,5.2133,1,0,1730600.0,818625.0,911975.0,61033823,1.49421247953,1.9432,15.11,连续三个交易日内，涨幅偏离值累计达到12%的ST证券、*ST证券和未完成股改证券,2025-05-23
301,300631,久吾高科,24.58,20.0195,1,1,12491556.0,11601732.0,889824.0,512607449,0.173587801296,18.0048,29.44,日涨幅达到15%的前5只证券,2025-05-19
302,002286,保龄宝,11.3,-10.0318,3,2,50850432.8,50063840.0,786592.8,885243210,0.088856123505,20.6616,41.77,日跌幅偏离值达到7%的前5只证券,2025-05-22
303,301089,拓新药业,31.48,20.0152,2,3,23461130.0,22726828.0,734302.0,479180457,0.153241224527,17.9708,28.64,日涨幅达到15%的前5只证券,2025-05-15
304,002808,恒久退,3.93,5.0802,1,1,2346451.0,1649873.0,696578.0,72908024,0.955420215476,0.827,7.34,连续三个交易日内，涨幅偏离值累计达到12%的ST证券、*ST证券和未完成股改证券,2025-05-19
305,002560,通达股份,8.26,9.9867,0,3,38124952.2,37475691.0,649261.2,1065956397,0.060908795315,29.211,37.41,日涨幅偏离值达到7%的前5只证券,2025-05-15
306,000004,国华退,8.53,5.0493,2,3,23660035.0,23116758.44,543276.56,314171830,0.172923383997,11.5964,10.77,连续三个交易日内，涨幅偏离值累计达到12%的ST证券、*ST证券和未完成股改证券,2025-05-13
307,002040,南京港,8.45,10.026,2,2,28012556.0,27475669.0,536887.0,908101522,0.059121913904,13.9423,41.06,连续三个交易日内，涨幅偏离值累计达到20%的证券,2025-05-14
308,000504,南华生物,6.9,3.7594,1,1,10179929.0,9740391.89,439537.11,207475583,0.211850042132,4.3088,21.44,连续三个交易日内，涨幅偏离值累计达到12%的ST证券、*ST证券和未完成股改证券,2025-05-12
309,002907,华森制药,20.63,10.0267,0,1,10395723.44,10048131.0,347592.44,781999909,0.044449166298,4.4163,63.72,连续三个交易日内，涨幅偏离值累计达到20%的证券,2025-05-30
310,000518,四环生物,1.81,-5.2356,1,0,308786.0,0.0,308786.0,7159880,4.312725911607,0.2437,18.63,连续三个交易日内，跌幅偏离值累计达到12%的ST证券、*ST证券和未完成股改证券,2025-05-06
311,002717,*ST岭南,2.11,-4.955,1,0,271265.0,0.0,271265.0,14549363,1.864445886737,0.1805,33.78,连续三个交易日内，跌幅偏离值累计达到12%的ST证券、*ST证券和未完成股改证券,2025-05-09
312,301317,鑫磊股份,41.45,8.6216,1,1,17602715.54,17393747.0,208968.54,1113581814,0.018765441153,61.7329,18.57,日换手率达到30%的前5只证券,2025-05-14
313,002860,星帅尔,13.04,10.0422,4,2,139103658.2,138898452.3,205205.9,2091228725,0.009812695166,22.3909,45.59,连续三个交易日内，涨幅偏离值累计达到20%的证券,2025-05-06
314,000668,荣丰控股,6.38,4.9342,1,1,6849463.0,6667420.0,182043.0,113569863,0.160291643567,5.3901,9.37,连续三个交易日内，涨幅偏离值累计达到12%的ST证券、*ST证券和未完成股改证券,2025-05-16
315,300963,中洲特材,24.66,20.0,0,2,45955027.49,45781391.47,173636.02,1989622549,0.00872708344,41.6093,49.45,日换手率达到30%的前5只证券,2025-05-16
316,300963,中洲特材,24.66,20.0,0,2,45955027.49,45781391.47,173636.02,1989622549,0.00872708344,41.6093,49.45,日涨幅达到15%的前5只证券,2025-05-16
317,688211,中科微至,34.97,15.4506,1,1,7430552.61,7269360.12,161192.49,206386900,0.078102093689,4.5784,46.02,有价格涨跌幅限制的日收盘价格涨幅达到15%的前五只证券,2025-05-28
318,002431,ST棕榈,2.4,10.0917,0,2,5861153.86,5774932.0,86221.86,231884034,0.037183180969,1.2878,43.51,连续三个交易日内，涨幅偏离值累计达到20%的证券,2025-05-20
319,123099,普利转退,82.1,1.7525,1,0,125915.0,72115.0,53800.0,2198317,2.447326750419,,,退市整理期,2025-05-16
320,123099,普利转退,76.5,2.0054,1,1,508049.0,477840.0,30209.0,4588817,0.658317819168,,,退市整理期,2025-05-08
321,002094,青岛金王,8.48,-5.4627,2,1,88024428.0,87994714.14,29713.86,2574241236,0.001154276436,42.7318,58.55,日换手率达到20%的前5只证券,2025-05-15
322,123099,普利转退,79.001,0.0013,1,1,729607.0,729336.0,271.0,12938448,0.002094532513,,,退市整理期,2025-05-21
323,123099,普利转退,77.999,1.5295,1,1,313777.0,313536.0,241.0,5577780,0.00432071541,,,退市整理期,2025-05-13
324,123099,普利转退,76.824,0.2924,0,1,90089.0,89878.0,211.0,1873389,0.011263010512,,,退市整理期,2025-05-12
325,123099,普利转退,74.996,0.8011,1,1,499575.0,499639.0,-64.0,5322314,-0.001202484483,,,退市整理期,2025-05-07
326,920779,武汉蓝电,46.82,-9.7881,1,0,2447219.52,2447320.62,-101.1,268357900,-3.767357e-05,28.0917,9.38,当日换手率达到20%的前5只股票,2025-05-22
327,123099,普利转退,79.0,0.0013,1,1,146705.0,146908.0,-203.0,3443497,-0.005895169939,,,退市整理期,2025-05-20
328,123099,普利转退,74.4,-0.0134,1,1,627638.0,628665.0,-1027.0,14188334,-0.00723834102,,,退市整理期,2025-05-06
329,123099,普利转退,80.661,3.4129,1,1,229604.0,230804.0,-1200.0,4158607,-0.028855816383,,,退市整理期,2025-05-14
330,002569,*ST步森,8.61,5.0,0,1,1965628.0,1978277.0,-12649.0,96664580,-0.013085454879,0.8385,12.05,连续三个交易日内，涨幅偏离值累计达到12%的ST证券、*ST证券和未完成股改证券,2025-05-12
331,003004,声迅股份,18.37,-5.0155,0,1,0.0,44088.0,-44088.0,458219,-9.621600151892,0.0214,12.09,连续三个交易日内，跌幅偏离值累计达到12%的ST证券、*ST证券和未完成股改证券,2025-05-07
332,002231,*ST奥维,3.55,5.0296,2,3,14228466.0,14303217.07,-74751.07,478817235,-0.015611608049,19.2672,10.47,连续三个交易日内，涨幅偏离值累计达到12%的ST证券、*ST证券和未完成股改证券,2025-05-22
333,301287,康力源,35.52,-1.0585,1,2,6697647.0,6807108.0,-109461.0,251090406,-0.043594258237,39.1192,6.05,日换手率达到30%的前5只证券,2025-05-21
334,002365,永安药业,12.05,3.7005,1,1,16290282.0,16492784.47,-202502.47,1014575760,-0.019959324674,35.2469,29.59,日振幅值达到15%的前5只证券,2025-05-07
335,002713,东易日盛,4.68,4.9327,0,1,1643480.0,1856322.0,-212842.0,192444133,-0.110599370676,0.3971,19.2,连续三个交易日内，涨幅偏离值累计达到12%的ST证券、*ST证券和未完成股改证券,2025-05-07
336,000826,*ST启环,2.28,10.1449,1,1,8724808.0,8994586.0,-269778.0,203508116,-0.132563754853,2.3694,32.49,连续三个交易日内，涨幅偏离值累计达到20%的证券,2025-05-29
337,300879,大叶股份,34.08,20.0,4,3,122728119.52,123110335.64,-382216.12,1573780552,-0.024286494042,25.519,68.51,日涨幅达到15%的前5只证券,2025-05-06
338,002816,*ST和科,17.66,4.9941,0,1,0.0,498274.0,-498274.0,24535228,-2.030851313059,0.1239,17.66,连续三个交易日内，涨幅偏离值累计达到12%的ST证券、*ST证券和未完成股改证券,2025-05-19
339,301076,新瀚新材,39.98,2.2506,2,2,49072002.77,49656730.0,-584727.23,1030416993,-0.056746660233,31.5787,33.77,日换手率达到30%的前5只证券,2025-05-06
340,300344,立方退,4.97,-19.9678,0,1,0.0,594412.0,-594412.0,13141251,-4.523252770988,0.293,31.78,连续三个交易日内，跌幅偏离值累计达到30%的证券,2025-05-06
341,300344,立方退,4.97,-19.9678,0,1,0.0,594412.0,-594412.0,9312786,-6.382751627708,0.293,31.78,日跌幅达到15%的前5只证券,2025-05-06
342,002141,贤丰控股,2.37,4.8673,1,1,3205992.0,3829956.0,-623964.0,157371078,-0.396492168656,1.7845,24.45,连续三个交易日内，涨幅偏离值累计达到12%的ST证券、*ST证券和未完成股改证券,2025-05-06
343,002168,ST惠程,2.51,5.0209,0,1,157506.0,864638.0,-707132.0,41420843,-1.707188817958,0.2022,19.68,连续三个交易日内，涨幅偏离值累计达到12%的ST证券、*ST证券和未完成股改证券,2025-05-07
344,301156,美农生物,23.8,20.0202,3,4,44153618.21,44886347.28,-732729.07,412060532,-0.177820735814,29.4894,15.32,日涨幅达到15%的前5只证券,2025-05-15
345,600592,龙溪股份,26.74,-7.8567,1,1,57932613.32,58689544.9,-756931.58,2197516704,-0.034444861266,20.5891,106.84,有价格涨跌幅限制的日收盘价格跌幅偏离值达到7%的前五只证券,2025-05-19
346,000638,*ST万方,3.93,5.0802,1,1,2877437.2,3649454.0,-772016.8,117703504,-0.655899589871,0.3161,12.19,连续三个交易日内，涨幅偏离值累计达到12%的ST证券、*ST证券和未完成股改证券,2025-05-15
347,000697,炼石航空,7.13,4.3924,1,1,9278062.0,10061503.0,-783441.0,584551848,-0.134024210629,5.5736,42.13,连续三个交易日内，涨幅偏离值累计达到12%的ST证券、*ST证券和未完成股改证券,2025-05-09
348,688184,ST帕瓦,8.86,-20.0361,0,1,0.0,824635.64,-824635.64,6357400,-12.971271903608,0.7141,8.9,有价格涨跌幅限制的日收盘价格跌幅达到15%的前五只证券,2025-05-06
349,603192,汇得科技,21.41,10.0206,0,1,0.0,888515.0,-888515.0,24393912,-3.642363717636,0.8217,29.69,有价格涨跌幅限制的日收盘价格涨幅偏离值达到7%的前五只证券,2025-05-22
350,600770,综艺股份,5.67,10.0971,0,1,0.0,895860.0,-895860.0,89456168,-1.001451347659,1.2136,73.71,有价格涨跌幅限制的日收盘价格涨幅偏离值达到7%的前五只证券,2025-05-19
351,600179,安通控股,2.73,-8.3893,1,1,8227349.0,9173019.13,-945670.13,327282870,-0.288945807032,3.1662,102.22,有价格涨跌幅限制的日收盘价格跌幅偏离值达到7%的前五只证券,2025-05-28
352,002471,中超控股,4.28,10.0257,0,1,8123375.0,9132648.0,-1009273.0,744108969,-0.135635107497,13.436,55.85,日涨幅偏离值达到7%的前5只证券,2025-05-22
353,301112,信邦智能,42.94,15.5855,4,4,80806259.6,81917455.07,-1111195.47,630024979,-0.176373240274,42.0335,15.57,日换手率达到30%的前5只证券,2025-05-29
354,688646,逸飞激光,25.35,-20.0063,0,1,0.0,1196748.15,-1196748.15,11356700,-10.537816002888,0.772,14.71,有价格涨跌幅限制的日收盘价格跌幅达到15%的前五只证券,2025-05-06
355,002808,恒久退,4.78,5.0549,1,1,2393556.0,3604420.0,-1210864.0,98619005,-1.227820134669,0.5263,8.93,连续三个交易日内，涨幅偏离值累计达到12%的ST证券、*ST证券和未完成股改证券,2025-05-27
356,002620,*ST瑞和,3.9,5.1213,0,1,2806240.0,4141348.0,-1335108.0,239223784,-0.558100025706,0.4365,12.3,连续三个交易日内，涨幅偏离值累计达到12%的ST证券、*ST证券和未完成股改证券,2025-05-07
357,002819,东方中科,30.8,10.0,0,1,13495485.0,14844428.28,-1348943.28,1138184504,-0.118517101161,16.1611,72.42,日涨幅偏离值达到7%的前5只证券,2025-05-08
358,002259,升达林业,4.36,3.3175,1,2,18368792.88,19746036.38,-1377243.5,689200115,-0.199832163406,13.1594,32.8,连续三个交易日内，涨幅偏离值累计达到20%的证券,2025-05-23
359,605199,ST葫芦娃,11.2,-5.0042,1,2,75083.0,1474895.23,-1399812.23,3374050,-41.487595915887,0.0328,44.81,ST、*ST证券连续三个交易日内收盘价格跌幅偏离值累计达到12%的证券,2025-05-07
360,603906,龙蟠科技,11.2,10.0196,0,1,0.0,1421280.0,-1421280.0,65201270,-2.17983484064,1.0302,63.29,有价格涨跌幅限制的日收盘价格涨幅偏离值达到7%的前五只证券,2025-05-12
361,301662,宏工科技,62.86,0.0796,3,3,29453280.0,30895701.79,-1442421.79,398856582,-0.361639209454,39.9278,9.92,日换手率达到30%的前5只证券,2025-05-14
362,000691,亚太实业,4.25,4.9383,0,1,3463551.9,4976080.0,-1512528.1,289716912,-0.522071041541,13.226,13.74,连续三个交易日内，涨幅偏离值累计达到12%的ST证券、*ST证券和未完成股改证券,2025-05-12
363,000820,神雾节能,2.92,5.036,0,1,1823272.0,3341360.0,-1518088.0,115936448,-1.309413929949,6.6931,8.67,连续三个交易日内，涨幅偏离值累计达到12%的ST证券、*ST证券和未完成股改证券,2025-05-23
364,002099,海翔药业,6.4,9.9656,1,1,18309273.0,19892273.0,-1583000.0,1136626321,-0.139271805584,7.9877,103.4,连续三个交易日内，涨幅偏离值累计达到20%的证券,2025-05-23
365,002250,联化科技,8.36,10.0,0,1,18994118.0,20624580.0,-1630462.0,2637873888,-0.061809702405,16.6791,75.79,连续三个交易日内，涨幅偏离值累计达到20%的证券,2025-05-29
366,002574,明牌珠宝,7.45,10.0443,2,2,37508813.0,39157771.8,-1648958.8,1213910925,-0.135838533622,22.0469,39.34,连续三个交易日内，涨幅偏离值累计达到20%的证券,2025-05-28
367,002816,*ST和科,17.63,-4.1848,2,1,25319040.0,26969715.0,-1650675.0,608208991,-0.271399309189,11.188,17.63,连续三个交易日内，跌幅偏离值累计达到12%的ST证券、*ST证券和未完成股改证券,2025-05-29
368,002045,国光电器,16.17,10.0,0,1,8910529.0,10570366.0,-1659837.0,893907477,-0.185683310936,10.1058,90.85,日涨幅偏离值达到7%的前5只证券,2025-05-22
369,000609,*ST中迪,3.09,5.102,1,2,7664934.0,9382027.0,-1717093.0,265653178,-0.646366443996,7.1018,8.99,连续三个交易日内，涨幅偏离值累计达到12%的ST证券、*ST证券和未完成股改证券,2025-05-20
370,300584,海辰药业,27.48,20.0,2,3,28268417.0,30052773.0,-1784356.0,502717521,-0.354942074915,24.2199,22.57,日涨幅达到15%的前5只证券,2025-05-21
371,002094,青岛金王,8.97,10.0613,2,3,214229146.94,216131084.9,-1901937.96,4641448241,-0.040977252384,52.8935,61.93,连续三个交易日内，涨幅偏离值累计达到20%的证券,2025-05-14
372,300963,中洲特材,33.82,20.0142,1,3,60196918.62,62232603.0,-2035684.38,2486481217,-0.081870088786,40.0209,67.82,日涨幅达到15%的前5只证券,2025-05-23
373,000668,荣丰控股,7.65,4.9383,2,2,7260785.0,9297255.16,-2036470.16,110745516,-1.838873693089,4.1475,11.23,连续三个交易日内，涨幅偏离值累计达到12%的ST证券、*ST证券和未完成股改证券,2025-05-28
374,002650,ST加加,7.78,2.7741,0,1,1702702.0,3777497.0,-2074795.0,250336624,-0.828802021393,1.5264,89.62,连续三个交易日内，涨幅偏离值累计达到12%的ST证券、*ST证券和未完成股改证券,2025-05-22
375,002981,朝阳科技,27.8,-7.0545,1,2,8994800.0,11073981.37,-2079181.37,545154466,-0.381393072913,16.3299,33.2,日跌幅偏离值达到7%的前5只证券,2025-05-14
376,600770,综艺股份,6.24,10.0529,0,1,0.0,2228928.0,-2228928.0,43907142,-5.076458859472,0.5413,81.12,有价格涨跌幅限制的日收盘价格涨幅偏离值达到7%的前五只证券,2025-05-20
377,600770,综艺股份,6.24,10.0529,0,1,0.0,2228928.0,-2228928.0,133363310,-1.671320245426,0.5413,81.12,非ST、*ST和S证券连续三个交易日内收盘价格涨幅偏离值累计达到20%的证券,2025-05-20
378,002427,尤夫股份,9.72,9.9548,2,1,120252543.28,122531464.35,-2278921.07,3838931486,-0.059363421262,13.9718,95.72,连续三个交易日内，涨幅偏离值累计达到20%的证券,2025-05-27
379,002431,ST棕榈,2.9,9.8485,0,2,11291431.0,13629386.76,-2337955.76,565858812,-0.413169453302,1.9893,52.57,连续三个交易日内，涨幅偏离值累计达到20%的证券,2025-05-22
380,301053,远信工业,32.66,19.9853,1,2,12985083.0,15436949.0,-2451866.0,242228584,-1.012211671931,10.3974,24.72,日涨幅达到15%的前5只证券,2025-05-09
381,000695,滨海能源,12.51,10.0264,0,2,0.0,2475399.0,-2475399.0,27555417,-8.983347992883,0.6146,27.74,连续三个交易日内，涨幅偏离值累计达到20%的证券,2025-05-21
382,301156,美农生物,24.81,13.8073,2,3,35929049.0,38425176.5,-2496127.5,606215961,-0.411755489889,40.3163,15.79,日换手率达到30%的前5只证券,2025-05-20
383,000903,ST云动,5.56,10.099,0,1,0.0,2525000.0,-2525000.0,254205680,-0.993290157797,1.1069,106.77,连续三个交易日内，涨幅偏离值累计达到20%的证券,2025-05-29
384,002094,青岛金王,9.79,10.0,2,2,131262811.47,133837484.0,-2574672.53,2359681378,-0.10911102465,37.0262,67.6,日涨幅偏离值达到7%的前5只证券,2025-05-29
385,002813,路畅科技,26.61,10.0041,0,2,8978968.0,11561963.81,-2582995.81,408913464,-0.631672966875,5.8737,31.89,连续三个交易日内，涨幅偏离值累计达到20%的证券,2025-05-19
386,000565,渝三峡A,11.58,9.9715,1,1,66981499.68,69632352.0,-2650852.32,4656825847,-0.056924016639,34.6491,50.21,连续三个交易日内，涨幅偏离值累计达到20%的证券,2025-05-14
387,605060,联德股份,19.53,10.0282,0,1,0.0,2765448.0,-2765448.0,52614845,-5.256022326018,1.1533,46.99,有价格涨跌幅限制的日收盘价格涨幅偏离值达到7%的前五只证券,2025-05-08
388,002177,御银股份,6.34,10.0694,1,1,28807930.18,31577795.0,-2769864.82,1218354383,-0.227344757703,3.2678,42.43,连续三个交易日内，涨幅偏离值累计达到20%的证券,2025-05-30
389,002365,永安药业,14.01,2.6374,1,2,29608249.0,32403094.0,-2794845.0,1160656856,-0.240798560363,33.3688,34.4,日换手率达到20%的前5只证券,2025-05-16
390,603926,铁流股份,14.01,9.9686,1,1,14378547.16,17285226.16,-2906679.0,756482595,-0.384236070891,8.9353,32.16,非ST、*ST和S证券连续三个交易日内收盘价格涨幅偏离值累计达到20%的证券,2025-05-20
391,300118,东方日升,11.17,16.9634,0,1,5415379.0,8460224.0,-3044845.0,1298235782,-0.234537134334,12.6554,103.53,日涨幅达到15%的前5只证券,2025-05-13
392,605136,丽人丽妆,9.43,10.035,0,1,0.0,3127931.0,-3127931.0,116519739,-2.684464475156,3.0855,37.76,有价格涨跌幅限制的日收盘价格涨幅偏离值达到7%的前五只证券,2025-05-16
393,002194,武汉凡谷,14.47,10.038,0,1,9803614.0,13039587.0,-3235973.0,1751974404,-0.184704353706,25.0759,73.93,日涨幅偏离值达到7%的前5只证券,2025-05-09
394,301488,豪恩汽电,80.25,8.7398,0,1,9282544.0,12598982.0,-3316438.0,1535083093,-0.216042897946,53.9292,18.79,连续三个交易日内，涨幅偏离值累计达到30%的证券,2025-05-19
395,001277,速达股份,38.89,-6.0855,1,1,9739750.0,13211810.0,-3472060.0,306912557,-1.131286394385,38.2621,7.39,日振幅值达到15%的前5只证券,2025-05-22
396,001277,速达股份,38.89,-6.0855,1,1,9739750.0,13211810.0,-3472060.0,306912557,-1.131286394385,38.2621,7.39,日换手率达到20%的前5只证券,2025-05-22
397,002819,东方中科,37.05,10.0059,1,1,41579493.0,45084223.85,-3504730.85,2485524285,-0.141005697315,16.3407,87.11,连续三个交易日内，涨幅偏离值累计达到20%的证券,2025-05-19
398,002570,贝因美,6.88,4.878,4,3,248260711.75,251827544.07,-3566832.32,3310890401,-0.107730304782,44.132,74.3,日换手率达到20%的前5只证券,2025-05-21
399,000561,烽火电子,10.79,9.9898,0,1,12117615.0,15773086.0,-3655471.0,1286565366,-0.284126333306,20.3887,64.93,日振幅值达到15%的前5只证券,2025-05-27
400,000561,烽火电子,10.79,9.9898,0,1,12117615.0,15773086.0,-3655471.0,1286565366,-0.284126333306,20.3887,64.93,日涨幅偏离值达到7%的前5只证券,2025-05-27
401,603291,联合水务,12.71,10.0433,0,1,0.0,3666396.0,-3666396.0,183675442,-1.996127495368,11.687,16.52,有价格涨跌幅限制的日收盘价格涨幅偏离值达到7%的前五只证券,2025-05-12
402,000668,荣丰控股,5.38,5.0781,1,3,5924183.58,9630588.43,-3706404.85,130819711,-2.833215898176,5.0763,7.9,连续三个交易日内，涨幅偏离值累计达到12%的ST证券、*ST证券和未完成股改证券,2025-05-07
403,002963,豪尔赛,13.81,10.0398,0,2,1435570.0,5166628.0,-3731058.0,97954869,-3.808956142854,2.1647,16.99,连续三个交易日内，涨幅偏离值累计达到20%的证券,2025-05-08
404,002973,侨银股份,14.8,10.0372,1,2,21589150.0,25339968.92,-3750818.92,767192231,-0.488902098906,16.5659,32.99,连续三个交易日内，涨幅偏离值累计达到20%的证券,2025-05-29
405,002471,中超控股,4.71,10.0467,0,1,28195096.97,31983839.0,-3788742.03,1820973406,-0.208061359793,17.6919,61.47,连续三个交易日内，涨幅偏离值累计达到20%的证券,2025-05-23
406,002136,安纳达,12.17,10.0362,0,1,4814862.41,8649170.0,-3834307.59,725805972,-0.528282728156,19.4903,26.1,连续三个交易日内，涨幅偏离值累计达到20%的证券,2025-05-19
407,002105,信隆健康,9.14,-9.9507,1,1,10082694.0,13972586.0,-3889892.0,815334341,-0.477091642581,23.6077,33.31,日跌幅偏离值达到7%的前5只证券,2025-05-21
408,002735,王子新材,18.96,9.9768,1,0,42252403.08,46278460.48,-4026057.4,3254108689,-0.123722278042,66.0378,53.2,日涨幅偏离值达到7%的前5只证券,2025-05-23
409,002735,王子新材,18.96,9.9768,1,0,42252403.08,46278460.48,-4026057.4,3254108689,-0.123722278042,66.0378,53.2,日振幅值达到15%的前5只证券,2025-05-23
410,002735,王子新材,18.96,9.9768,1,0,42252403.08,46278460.48,-4026057.4,3254108689,-0.123722278042,66.0378,53.2,日换手率达到20%的前5只证券,2025-05-23
411,301260,格力博,24.88,20.0193,0,2,20365703.0,24451656.0,-4085953.0,897559267,-0.45522932582,17.8605,52.81,日涨幅达到15%的前5只证券,2025-05-27
412,002165,红宝丽,11.69,-8.6005,2,1,117027228.64,121135328.74,-4108100.1,3539422292,-0.116066966897,40.0225,85.06,日换手率达到20%的前5只证券,2025-05-22
413,300422,博世科,5.76,20.0,1,1,10246584.24,14577949.66,-4331365.42,648604342,-0.667797783568,17.167,29.75,连续三个交易日内，涨幅偏离值累计达到30%的证券,2025-05-28
414,002259,升达林业,3.83,4.9315,1,2,5529805.93,10074111.0,-4544305.07,194175465,-2.34030858121,2.2228,28.81,连续三个交易日内，涨幅偏离值累计达到12%的ST证券、*ST证券和未完成股改证券,2025-05-09
415,000989,九芝堂,8.64,-6.7961,1,0,6136716.0,10748957.61,-4612241.61,570432597,-0.808551550921,9.2482,59.97,日跌幅偏离值达到7%的前5只证券,2025-05-07
416,301335,天元宠物,37.08,20.0,1,3,38990842.78,43691576.2,-4700733.42,778318602,-0.603960050283,46.0298,18.49,日涨幅达到15%的前5只证券,2025-05-19
417,301335,天元宠物,37.08,20.0,1,3,38990842.78,43691576.2,-4700733.42,778318602,-0.603960050283,46.0298,18.49,日换手率达到30%的前5只证券,2025-05-19
418,301277,新天地,15.81,0.7648,1,1,8619472.28,13423998.6,-4804526.32,851779349,-0.564057619575,51.5651,15.97,日换手率达到30%的前5只证券,2025-05-30
419,301138,华研精机,43.41,11.4506,2,3,52592710.0,57438569.55,-4845859.55,1331759863,-0.363868868903,27.9078,29.76,连续三个交易日内，涨幅偏离值累计达到30%的证券,2025-05-23
420,301662,宏工科技,67.37,7.1747,0,1,3069633.02,8042005.98,-4972372.96,493822017,-1.006916012009,45.926,10.63,日换手率达到30%的前5只证券,2025-05-15
421,300695,兆丰股份,83.0,11.6041,3,4,73759092.32,79052045.64,-5292953.32,900892774,-0.587523118484,6.4447,58.87,连续三个交易日内，涨幅偏离值累计达到30%的证券,2025-05-06
422,301665,泰禾股份,34.11,9.6785,0,1,303518.0,5604460.0,-5300942.0,564462351,-0.939113475081,48.0736,12.25,日换手率达到30%的前5只证券,2025-05-19
423,301024,霍普股份,45.56,19.9895,0,1,3680375.0,9012019.5,-5331644.5,327671120,-1.6271328703,5.6776,27.43,连续三个交易日内，涨幅偏离值累计达到30%的证券,2025-05-30
424,000695,滨海能源,13.64,-10.0264,2,2,22389794.0,27842947.99,-5453153.99,796222352,-0.684878285105,25.6639,30.24,日跌幅偏离值达到7%的前5只证券,2025-05-27
425,000929,兰州黄河,6.67,5.0394,1,3,10258602.35,15865559.78,-5606957.43,175584638,-3.193307509054,6.0827,12.39,连续三个交易日内，涨幅偏离值累计达到12%的ST证券、*ST证券和未完成股改证券,2025-05-07
426,301089,拓新药业,37.78,20.0127,1,2,34580962.78,40280962.98,-5700000.2,1423699596,-0.400365373146,30.2146,34.37,连续三个交易日内，涨幅偏离值累计达到30%的证券,2025-05-16
427,301105,鸿铭股份,39.72,20.0,0,2,2536035.0,8358390.45,-5822355.45,155145824,-3.752827694544,24.3672,6.53,日涨幅达到15%的前5只证券,2025-05-22
428,601866,中远海发,2.61,10.1266,0,1,0.0,5832567.0,-5832567.0,854813911,-0.682320084517,3.451,256.5,有价格涨跌幅限制的日收盘价格涨幅偏离值达到7%的前五只证券,2025-05-14
429,600636,退市国化,7.36,4.9929,0,1,0.0,6025805.04,-6025805.04,250026417,-2.410067349003,0.5964,32.28,ST、*ST证券连续三个交易日内收盘价格涨幅偏离值累计达到12%的证券,2025-05-07
430,688336,三生国健,39.37,19.9939,0,1,0.0,6038216.27,-6038216.27,152007800,-3.972306861885,0.6261,242.83,有价格涨跌幅限制的日收盘价格涨幅达到15%的前五只证券,2025-05-20
431,300845,捷安高科,17.7,20.0,2,4,35025212.98,41079426.64,-6054213.66,620689453,-0.975401407377,35.7581,18.11,日涨幅达到15%的前5只证券,2025-05-14
432,301636,泽润新能,65.96,99.516,0,2,0.0,6071175.46,-6071175.46,812520361,-0.747202870403,79.0098,9.99,无价格涨跌幅限制的证券,2025-05-16
433,301277,新天地,14.38,-5.9516,4,1,49566504.42,55656790.24,-6090285.82,707951743,-0.860268497142,47.9065,14.53,日换手率达到30%的前5只证券,2025-05-26
434,300507,苏奥传感,8.74,20.0549,0,1,1197474.0,7500961.0,-6303487.0,606437419,-1.039429098949,9.1149,67.44,日涨幅达到15%的前5只证券,2025-05-07
435,002868,绿康生化,19.43,5.027,0,2,3599326.5,9960352.0,-6361025.5,179309975,-3.547502307108,0.2056,29.93,连续三个交易日内，涨幅偏离值累计达到12%的ST证券、*ST证券和未完成股改证券,2025-05-07
436,000520,凤凰航运,5.6,10.0196,1,1,13714562.0,20299372.4,-6584810.4,1395962354,-0.471704009863,18.1256,56.68,连续三个交易日内，涨幅偏离值累计达到20%的证券,2025-05-14
437,301317,鑫磊股份,38.16,20.0,1,2,14289864.0,20877550.91,-6587686.91,878913588,-0.749526119512,57.3188,17.1,日换手率达到30%的前5只证券,2025-05-13
438,301317,鑫磊股份,38.16,20.0,1,2,14289864.0,20877550.91,-6587686.91,878913588,-0.749526119512,57.3188,17.1,日涨幅达到15%的前5只证券,2025-05-13
439,002431,ST棕榈,2.61,-10.0,0,1,2181078.0,8769941.0,-6588863.0,563730009,-1.168797632698,11.5763,47.31,日跌幅偏离值达到7%的前5只证券,2025-05-23
440,001390,古麒绒材,32.0,164.9007,0,1,0.0,6776138.34,-6776138.34,1278978750,-0.529808516365,79.8042,15.68,无价格涨跌幅限制的证券,2025-05-29
441,301089,拓新药业,37.78,20.0127,0,2,16502523.78,23278934.98,-6776411.2,944519139,-0.71744562076,30.2146,34.37,日涨幅达到15%的前5只证券,2025-05-16
442,002331,皖通科技,9.19,0.989,0,1,20158413.8,26936455.52,-6778041.72,2618395226,-0.258862438057,35.3688,36.38,连续三个交易日内，涨幅偏离值累计达到20%的证券,2025-05-14
443,002973,侨银股份,13.36,-9.7297,0,1,2645857.0,9444301.0,-6798444.0,657380195,-1.034172317893,20.3087,29.78,日振幅值达到15%的前5只证券,2025-05-30
444,603725,天安新材,8.99,4.7786,0,1,0.0,6867525.08,-6867525.08,449052132,-1.529338041312,18.4328,25.77,有价格涨跌幅限制的日价格振幅达到15%的前五只证券,2025-05-23
445,301335,天元宠物,40.82,-8.2697,1,0,19849507.2,26770952.2,-6921445.0,1338087229,-0.517264110291,61.6124,20.36,日换手率达到30%的前5只证券,2025-05-21
446,002253,川大智胜,8.05,-2.0681,0,2,1755325.0,8676890.0,-6921565.0,337267073,-2.052250443078,19.7243,16.72,连续三个交易日内，跌幅偏离值累计达到12%的ST证券、*ST证券和未完成股改证券,2025-05-06
447,301105,鸿铭股份,38.0,-4.3303,0,1,0.0,6938594.0,-6938594.0,300887293,-2.306044210381,45.3936,6.25,日换手率达到30%的前5只证券,2025-05-23
448,300240,飞力达,10.19,3.7678,3,3,131730020.0,138727199.5,-6997179.5,3101622592,-0.225597386286,38.349,37.03,连续三个交易日内，涨幅偏离值累计达到30%的证券,2025-05-15
449,301316,慧博云通,41.76,20.0,0,1,0.0,7049088.0,-7049088.0,119536817,-5.897001590732,0.6486,101.4,连续三个交易日内，涨幅偏离值累计达到30%的证券,2025-05-21
450,002743,富煌钢构,8.25,10.0,1,2,18365786.0,25629792.0,-7264006.0,762308933,-0.952895300782,14.8577,35.85,连续三个交易日内，涨幅偏离值累计达到20%的证券,2025-05-30
451,300047,天源迪科,16.32,20.0,0,1,11225658.3,18513484.0,-7287825.7,2033277573,-0.358427486575,23.6612,89.71,日涨幅达到15%的前5只证券,2025-05-06
452,002286,保龄宝,9.53,-6.1084,2,3,22203037.9,29571519.0,-7368481.1,516149322,-1.427587092713,14.3574,35.22,日跌幅偏离值达到7%的前5只证券,2025-05-12
453,002909,集泰股份,6.48,-5.5394,0,1,11818290.0,19200177.12,-7381887.12,2195336635,-0.336253083118,17.6462,24.69,连续三个交易日内，跌幅偏离值累计达到20%的证券,2025-05-21
454,002909,集泰股份,6.92,10.0159,0,2,1058784.0,8668717.0,-7609933.0,162589288,-4.680463942987,1.5884,26.37,连续三个交易日内，涨幅偏离值累计达到20%的证券,2025-05-14
455,300581,晨曦航空,18.06,20.0,1,1,39833176.34,47631302.24,-7798125.9,2520306075,-0.309411859827,27.5736,99.35,日涨幅达到15%的前5只证券,2025-05-12
456,002813,路畅科技,24.93,-10.0,0,1,1773665.0,9630746.0,-7857081.0,298686123,-2.630547720491,9.9466,29.88,日跌幅偏离值达到7%的前5只证券,2025-05-22
457,002364,中恒电气,17.28,9.9936,0,1,0.0,7893670.0,-7893670.0,668965002,-1.179982506768,6.9682,96.44,日涨幅偏离值达到7%的前5只证券,2025-05-22
458,002514,*ST宝馨,5.46,10.0806,2,4,29767952.0,37714745.0,-7946793.0,384272126,-2.068011823475,1.9857,30.25,连续三个交易日内，涨幅偏离值累计达到20%的证券,2025-05-07
459,002991,甘源食品,66.24,-5.2632,3,4,16379745.0,24801923.68,-8422178.68,244357727,-3.446659446132,7.3972,32.91,日跌幅偏离值达到7%的前5只证券,2025-05-06
460,300584,海辰药业,29.3,6.623,1,2,17688104.0,26169381.0,-8481277.0,884156000,-0.95925119549,36.8279,24.06,日换手率达到30%的前5只证券,2025-05-22
461,600575,淮河能源,3.84,10.0287,0,1,0.0,9063304.0,-9063304.0,706669301,-1.282538237783,4.8551,149.23,有价格涨跌幅限制的日收盘价格涨幅偏离值达到7%的前五只证券,2025-05-09
462,920396,常辅股份,49.6,22.0172,0,1,0.0,9085596.14,-9085596.14,688357000,-1.319895946435,37.6227,21.0,当日换手率达到20%的前5只股票,2025-05-19
463,920396,常辅股份,49.6,22.0172,0,1,0.0,9085596.14,-9085596.14,688357000,-1.319895946435,37.6227,21.0,当日收盘价涨幅达到20%的前5只股票,2025-05-19
464,920396,常辅股份,49.6,22.0172,0,1,0.0,9085596.14,-9085596.14,688357000,-1.319895946435,37.6227,21.0,当日价格振幅达到30%的前5只股票,2025-05-19
465,688280,精进电动,8.38,20.0573,0,1,0.0,9101191.1,-9101191.1,473914700,-1.920428106577,11.41,43.62,有价格涨跌幅限制的日收盘价格涨幅达到15%的前五只证券,2025-05-06
466,002520,日发精机,7.26,10.0,1,2,36312464.75,45502025.0,-9189560.25,1271491720,-0.722738505132,24.9124,52.09,日涨幅偏离值达到7%的前5只证券,2025-05-16
467,002909,集泰股份,7.53,-10.0358,0,1,2817177.0,12163255.12,-9346078.12,987490512,-0.946447384195,33.0397,28.69,日跌幅偏离值达到7%的前5只证券,2025-05-19
468,300575,中旗股份,7.74,8.7079,2,2,40095553.0,49494560.54,-9399007.54,1733507697,-0.542195893117,45.6585,26.53,连续三个交易日内，涨幅偏离值累计达到30%的证券,2025-05-28
469,603721,中广天择,16.36,-0.3047,0,1,0.0,9410124.0,-9410124.0,426966843,-2.203947251239,20.5162,21.27,ST、*ST证券连续三个交易日内收盘价格跌幅偏离值累计达到12%的证券,2025-05-08
470,001222,源飞宠物,20.72,9.9788,2,3,39349761.6,48906517.08,-9556755.48,865204183,-1.104566490521,23.0473,16.27,连续三个交易日内，涨幅偏离值累计达到20%的证券,2025-05-20
471,002365,永安药业,18.51,9.9822,2,2,69977425.0,79549058.5,-9571633.5,2671868598,-0.358237433801,33.2076,45.45,连续三个交易日内，涨幅偏离值累计达到20%的证券,2025-05-22
472,000695,滨海能源,15.0,9.9707,0,2,12870734.0,22498825.0,-9628091.0,894264429,-1.076649220049,30.3403,33.26,日振幅值达到15%的前5只证券,2025-05-28
473,002514,*ST宝馨,6.51,1.4019,1,2,36977437.2,46608982.0,-9631544.8,1518043170,-0.634471073705,24.1816,36.07,连续三个交易日内，涨幅偏离值累计达到20%的证券,2025-05-14
474,001367,海森药业,23.94,-7.2093,0,2,3074653.0,12821356.26,-9746703.26,452660320,-2.153204694416,48.2183,9.27,日换手率达到20%的前5只证券,2025-05-27
475,000048,京基智农,16.88,-9.8291,0,1,6749584.16,17033260.01,-10283675.85,557226233,-1.84551179413,6.2077,88.92,日跌幅偏离值达到7%的前5只证券,2025-05-21
476,603332,苏州龙杰,11.86,10.0186,0,1,0.0,10294900.0,-10294900.0,142954580,-7.201518132543,0.9124,25.66,非ST、*ST和S证券连续三个交易日内收盘价格涨幅偏离值累计达到20%的证券,2025-05-12
477,300379,东通退,5.76,20.0,0,1,0.0,10301152.0,-10301152.0,710358293,-1.450134685765,24.9458,30.33,日涨幅达到15%的前5只证券,2025-05-08
478,301335,天元宠物,38.75,-2.1465,0,1,6767166.0,17218470.29,-10451304.29,792331927,-1.319056311358,40.2234,19.33,日换手率达到30%的前5只证券,2025-05-27
479,300740,水羊股份,16.91,20.0142,1,2,25258505.44,35758808.5,-10500303.06,996807234,-1.053393545095,17.8417,60.43,日涨幅达到15%的前5只证券,2025-05-28
480,002265,建设工业,24.06,10.0137,0,3,32506765.0,43008381.85,-10501616.85,1343257517,-0.781802202265,14.4258,96.99,日涨幅偏离值达到7%的前5只证券,2025-05-07
481,301320,豪江智能,19.71,-0.152,1,3,25164445.0,35754281.4,-10589836.4,572462555,-1.849874076043,40.4746,13.34,日换手率达到30%的前5只证券,2025-05-28
482,002471,中超控股,3.77,-4.798,0,1,20758601.0,31700210.88,-10941609.88,2282469945,-0.479375857893,42.6274,49.2,日换手率达到20%的前5只证券,2025-05-09
483,002471,中超控股,3.77,-4.798,0,1,20758601.0,31700210.88,-10941609.88,2282469945,-0.479375857893,42.6274,49.2,日振幅值达到15%的前5只证券,2025-05-09
484,301277,新天地,15.69,-0.6962,2,2,17587993.16,28594322.34,-11006329.18,670414693,-1.641719564759,42.3488,15.85,日换手率达到30%的前5只证券,2025-05-29
485,301302,华如科技,27.92,19.9828,0,1,0.0,11207088.0,-11207088.0,404108985,-2.773283548744,17.8736,23.52,日涨幅达到15%的前5只证券,2025-05-12
486,920128,胜业电气,38.13,-15.0401,0,1,0.0,11207974.45,-11207974.45,324916200,-3.449496962601,39.0333,7.89,当日换手率达到20%的前5只股票,2025-05-30
487,603518,锦泓集团,10.99,10.01,1,2,33862907.0,45211916.04,-11349009.04,1114849386,-1.017985853741,30.3523,37.81,有价格涨跌幅限制的日换手率达到20%的前五只证券,2025-05-29
488,301518,长华化学,23.7,-0.1685,1,1,11016073.0,22389102.11,-11373029.11,588929548,-1.931135761251,46.2266,12.67,日换手率达到30%的前5只证券,2025-05-08
489,920419,路斯股份,31.78,18.0974,0,1,0.0,11407857.54,-11407857.54,770122800,-1.481303701176,26.0063,29.75,当日价格振幅达到30%的前5只股票,2025-05-20
490,002431,ST棕榈,2.7,-9.0909,0,2,6010945.0,17476084.78,-11465139.78,657862169,-1.74278751998,13.0761,48.95,日跌幅偏离值达到7%的前5只证券,2025-05-29
491,920781,瑞奇智造,15.29,8.9031,0,1,0.0,11529668.43,-11529668.43,753575800,-1.529994518136,52.7965,15.61,当日换手率达到20%的前5只股票,2025-05-27
492,603577,汇金通,10.29,10.0535,0,1,0.0,11594000.0,-11594000.0,229782437,-5.045642369961,0.9583,34.9,非ST、*ST和S证券连续三个交易日内收盘价格涨幅偏离值累计达到20%的证券,2025-05-27
493,301387,光大同创,40.5,0.3469,3,3,37166927.0,48781507.3,-11614580.3,584066346,-1.988572082528,34.204,17.17,日换手率达到30%的前5只证券,2025-05-06
494,002103,广博股份,12.38,7.5586,1,2,109466008.34,121123308.56,-11657300.22,3082568164,-0.378168449157,37.1075,46.68,连续三个交易日内，涨幅偏离值累计达到20%的证券,2025-05-28
495,605167,利柏特,11.73,10.0375,0,1,0.0,11657857.0,-11657857.0,344323610,-3.385726874785,6.7612,52.68,有价格涨跌幅限制的日收盘价格涨幅偏离值达到7%的前五只证券,2025-05-28
496,688280,精进电动,10.06,20.0477,2,2,505396300.0,517124000.0,-11727700.0,1861395300,-0.630048867105,17.697,52.37,有价格涨跌幅限制的连续10个交易日内收盘价格涨幅偏离值累计达到100%的证券,2025-05-07
497,920475,三友科技,23.21,-5.9181,0,1,0.0,11886755.99,-11886755.99,406654500,-2.923060236638,38.0744,9.76,当日换手率达到20%的前5只股票,2025-05-30
498,601022,宁波远洋,9.19,10.0599,0,1,0.0,11928833.0,-11928833.0,769039985,-1.551133001231,34.5525,22.85,有价格涨跌幅限制的日换手率达到20%的前五只证券,2025-05-13
499,601022,宁波远洋,9.19,10.0599,0,1,0.0,11928833.0,-11928833.0,769039985,-1.551133001231,34.5525,22.85,有价格涨跌幅限制的日收盘价格涨幅偏离值达到7%的前五只证券,2025-05-13
500,601022,宁波远洋,10.11,10.0109,0,1,0.0,12061274.0,-12061274.0,1380158853,-0.873904766381,24.7288,25.14,非ST、*ST和S证券连续三个交易日内收盘价格涨幅偏离值累计达到20%的证券,2025-05-14
501,001222,源飞宠物,20.69,-0.1448,0,1,0.0,12066449.8,-12066449.8,771947763,-1.563117399694,45.1603,16.25,日换手率达到20%的前5只证券,2025-05-21
502,002878,元隆雅图,19.15,9.9943,0,1,2863048.0,15116037.0,-12252989.0,1271272325,-0.963836682278,15.3404,44.85,连续三个交易日内，涨幅偏离值累计达到20%的证券,2025-05-30
503,603681,永冠新材,18.63,9.9764,0,1,0.0,12254995.0,-12254995.0,686185065,-1.785960613993,20.7005,35.61,有价格涨跌幅限制的日价格振幅达到15%的前五只证券,2025-05-27
504,603518,锦泓集团,9.08,10.0606,0,2,0.0,12302808.0,-12302808.0,124080426,-9.91518839563,4.008,31.24,有价格涨跌幅限制的日收盘价格涨幅偏离值达到7%的前五只证券,2025-05-27
505,301079,邵阳液压,30.43,7.0348,2,3,42143372.46,54454822.5,-12311450.04,931561592,-1.321592704737,44.1553,21.18,日换手率达到30%的前5只证券,2025-05-28
506,002076,星光股份,1.67,5.0314,0,2,1588933.0,14020839.0,-12431906.0,356759851,-3.484670700796,21.8524,17.18,连续三个交易日内，日均换手率与前五个交易日的日均换手率的比值达到30倍，且换手率累计达20%的证券,2025-05-07
507,603900,莱绅通灵,12.6,10.0437,0,1,0.0,12451214.4,-12451214.4,882678244,-1.410617570404,21.1754,43.03,有价格涨跌幅限制的日收盘价格涨幅偏离值达到7%的前五只证券,2025-05-26
508,603900,莱绅通灵,12.6,10.0437,0,1,0.0,12451214.4,-12451214.4,882678244,-1.410617570404,21.1754,43.03,有价格涨跌幅限制的日价格振幅达到15%的前五只证券,2025-05-26
509,300879,大叶股份,40.9,20.0117,0,1,8933874.0,21461233.87,-12527359.87,1840138240,-0.680783627974,24.206,82.22,日涨幅达到15%的前5只证券,2025-05-07
510,300095,华伍股份,9.75,0.1027,2,1,31882480.5,44503483.38,-12621002.88,1872713782,-0.673941901924,52.1755,33.03,日换手率达到30%的前5只证券,2025-05-09
511,002427,尤夫股份,9.43,-10.0191,1,1,15176519.0,27815325.0,-12638806.0,979660769,-1.290120662166,10.3983,92.86,日跌幅偏离值达到7%的前5只证券,2025-05-30
512,688382,益方生物,29.1,20.0,2,2,58754951.83,71509512.6,-12754560.77,436069500,-2.924891736294,3.9365,116.78,有价格涨跌幅限制的日收盘价格涨幅达到15%的前五只证券,2025-05-29
513,603900,莱绅通灵,12.15,-10.0,0,1,0.0,13047462.6,-13047462.6,888572239,-1.468362618968,21.0341,41.49,有价格涨跌幅限制的日收盘价格跌幅偏离值达到7%的前五只证券,2025-05-29
514,002354,天娱数科,7.34,10.045,0,1,9668395.0,22718231.0,-13049836.0,2780873710,-0.469271076679,24.9177,119.0,日涨幅偏离值达到7%的前5只证券,2025-05-07
515,300804,广康生化,34.38,20.0,1,3,20533896.77,33860290.09,-13326393.32,524204274,-2.542213785918,41.9211,9.45,连续三个交易日内，涨幅偏离值累计达到30%的证券,2025-05-28
516,002365,永安药业,21.68,6.4833,2,3,81801848.5,95309574.0,-13507725.5,1819911305,-0.742218890717,34.8757,53.24,日换手率达到20%的前5只证券,2025-05-26
517,002598,ST章鼓,11.57,9.981,0,2,5660507.0,19295445.9,-13634938.9,742916864,-1.835324995395,23.7228,32.64,日涨幅偏离值达到7%的前5只证券,2025-05-09
518,601579,会稽山,23.46,9.9859,0,1,0.0,13872440.0,-13872440.0,664633603,-2.087231210908,3.2386,112.48,非ST、*ST和S证券连续三个交易日内收盘价格涨幅偏离值累计达到20%的证券,2025-05-27
519,002651,利君股份,14.17,10.0155,0,2,46730265.72,60627462.0,-13897196.28,3270118240,-0.424975345234,12.5372,80.13,连续三个交易日内，涨幅偏离值累计达到20%的证券,2025-05-16
520,600200,退市苏吴,2.75,-4.8443,0,1,0.0,13899602.0,-13899602.0,492517992,-2.822151114431,24.5906,19.55,ST、*ST证券连续三个交易日内收盘价格跌幅偏离值累计达到12%的证券,2025-05-08
521,300945,曼卡龙,20.16,20.0,1,3,27927208.9,41844723.66,-13917514.76,556143039,-2.50250633093,12.4688,48.05,日涨幅达到15%的前5只证券,2025-05-20
522,688648,中邮科技,59.71,5.4388,1,1,35709958.35,49767113.92,-14057155.57,2071963100,-0.678446231499,18.0309,39.49,有价格涨跌幅限制的连续3个交易日内收盘价格涨幅偏离值累计达到30%的证券,2025-05-28
523,002809,红墙股份,14.44,-9.9751,0,1,0.0,14290647.5,-14290647.5,564040638,-2.533620192806,27.637,19.89,日跌幅偏离值达到7%的前5只证券,2025-05-22
524,603163,圣晖集成,28.56,-9.82,0,1,0.0,14322309.0,-14322309.0,282323758,-5.07300876889,27.3591,10.0,有价格涨跌幅限制的日收盘价格跌幅偏离值达到7%的前五只证券,2025-05-21
525,002471,中超控股,5.18,9.9788,1,2,54643768.52,69122424.8,-14478656.28,2775999237,-0.521565571309,41.8259,67.6,日涨幅偏离值达到7%的前5只证券,2025-05-26
526,002471,中超控股,5.18,9.9788,1,2,54643768.52,69122424.8,-14478656.28,2775999237,-0.521565571309,41.8259,67.6,日换手率达到20%的前5只证券,2025-05-26
527,301357,北方长龙,37.06,8.2044,3,3,18323613.0,32820231.81,-14496618.81,316756305,-4.576584137765,36.7507,8.82,日换手率达到30%的前5只证券,2025-05-07
528,002583,海能达,12.86,10.0086,0,1,7389784.0,21965909.0,-14576125.0,1693109553,-0.86090855575,10.8196,164.96,日涨幅偏离值达到7%的前5只证券,2025-05-08
529,002853,皮阿诺,13.63,-7.8431,0,3,4405567.0,19080331.12,-14674764.12,152135418,-9.645856509232,8.4285,18.04,日跌幅偏离值达到7%的前5只证券,2025-05-12
530,300366,ST创意,7.9,10.3352,1,2,13196127.0,28213265.0,-15017138.0,1520743630,-0.987486496984,25.3399,41.91,连续三个交易日内，涨幅偏离值累计达到30%的证券,2025-05-06
531,002471,中超控股,5.7,10.0386,1,2,50073539.0,65207103.0,-15133564.0,2151470670,-0.70340554538,29.9569,74.38,日涨幅偏离值达到7%的前5只证券,2025-05-27
532,002735,王子新材,12.61,10.0349,1,3,86234997.44,101507611.91,-15272614.47,2017628330,-0.756958764055,5.4855,35.38,连续三个交易日内，涨幅偏离值累计达到20%的证券,2025-05-16
533,002462,嘉事堂,13.49,-6.5789,1,2,7617453.0,22967387.98,-15349934.98,541798280,-2.833145756757,13.1706,39.32,日跌幅偏离值达到7%的前5只证券,2025-05-08
534,002825,纳尔股份,11.24,-10.008,0,2,2867706.23,18322285.6,-15454579.37,460847750,-3.353510865573,15.31,29.25,日跌幅偏离值达到7%的前5只证券,2025-05-15
535,600448,华纺股份,3.25,10.1695,0,1,0.0,15458000.0,-15458000.0,418602268,-3.692765467769,9.9513,20.47,非ST、*ST和S证券连续三个交易日内收盘价格涨幅偏离值累计达到20%的证券,2025-05-07
536,600448,华纺股份,2.95,10.0746,0,1,0.0,15458000.0,-15458000.0,170127435,-9.086130053039,9.4143,18.58,有价格涨跌幅限制的日收盘价格涨幅偏离值达到7%的前五只证券,2025-05-06
537,002365,永安药业,19.95,-10.0135,0,1,0.0,15668708.06,-15668708.06,1067955732,-1.467168309557,21.3176,48.99,日跌幅偏离值达到7%的前5只证券,2025-05-30
538,002560,通达股份,7.69,-8.3433,0,1,8339697.0,24046462.0,-15706765.0,981264308,-1.600666086797,27.6737,34.83,日跌幅偏离值达到7%的前5只证券,2025-05-21
539,301518,长华化学,26.46,20.0,0,4,9987289.0,25934403.68,-15947114.68,438233535,-3.63895352737,34.0812,14.14,日涨幅达到15%的前5只证券,2025-05-13
540,688552,航天南湖,40.93,19.9941,0,1,0.0,15951703.84,-15951703.84,980508900,-1.626880066055,31.1938,34.38,有价格涨跌幅限制的日收盘价格涨幅达到15%的前五只证券,2025-05-12
541,688552,航天南湖,40.93,19.9941,0,1,0.0,15951703.84,-15951703.84,980508900,-1.626880066055,31.1938,34.38,有价格涨跌幅限制的日换手率达到30%的前五只证券,2025-05-12
542,603398,*ST沐邦,5.5,-5.0086,0,1,0.0,16161130.76,-16161130.76,910027191,-1.775895371021,21.5404,23.85,ST、*ST证券连续三个交易日内收盘价格跌幅偏离值累计达到12%的证券,2025-05-13
543,002052,同洲电子,9.49,2.3732,2,3,27237430.0,43459215.0,-16221785.0,591869369,-2.740771164997,4.1888,68.62,连续三个交易日内，涨幅偏离值累计达到12%的ST证券、*ST证券和未完成股改证券,2025-05-09
544,002811,郑中设计,11.24,9.9804,0,3,9873964.27,26453184.16,-16579219.89,607143937,-2.730690183932,15.8813,31.82,连续三个交易日内，涨幅偏离值累计达到20%的证券,2025-05-16
545,600770,综艺股份,6.11,-9.882,0,1,0.0,17037715.47,-17037715.47,1428956973,-1.192318298726,17.5611,79.43,有价格涨跌幅限制的日收盘价格跌幅偏离值达到7%的前五只证券,2025-05-26
546,001367,海森药业,25.8,2.994,2,1,13790335.38,31109278.78,-17318943.4,638211753,-2.713667261468,62.0896,9.99,日换手率达到20%的前5只证券,2025-05-26
547,301066,万事利,18.7,20.0257,0,4,18299465.77,36019566.0,-17720100.23,505492743,-3.50551031155,15.1579,35.3,日涨幅达到15%的前5只证券,2025-05-09
548,002755,奥赛康,17.7,-5.801,4,3,22746128.0,40482174.6,-17736046.6,240364567,-7.378810787865,1.4463,164.28,日跌幅偏离值达到7%的前5只证券,2025-05-06
549,002215,诺普信,12.33,9.9911,2,2,79769962.0,97768155.33,-17998193.33,2581635544,-0.697162439208,20.0641,96.1,连续三个交易日内，涨幅偏离值累计达到20%的证券,2025-05-27
550,301317,鑫磊股份,38.3,-7.5995,2,3,24061191.2,42259335.27,-18198144.07,847675646,-2.146828702213,47.7088,17.16,日换手率达到30%的前5只证券,2025-05-15
551,002571,德力股份,6.4,-6.1584,0,2,5680257.0,23878637.0,-18198380.0,404611150,-4.497745551501,21.7862,19.09,日跌幅偏离值达到7%的前5只证券,2025-05-12
552,000565,渝三峡A,14.01,9.9686,0,1,2631464.0,20906077.38,-18274613.38,1882452433,-0.970787524808,32.9021,60.75,日涨幅偏离值达到7%的前5只证券,2025-05-16
553,002165,红宝丽,12.28,5.7709,1,1,41138901.0,59549097.0,-18410196.0,3384677505,-0.543927625979,38.4255,89.35,日换手率达到20%的前5只证券,2025-05-14
554,000062,深圳华强,28.18,9.9922,0,1,0.0,18852736.6,-18852736.6,1731125034,-1.089045345063,6.174,294.46,日涨幅偏离值达到7%的前5只证券,2025-05-06
555,300804,广康生化,34.38,20.0,0,3,3499937.17,22548331.32,-19048394.15,379233039,-5.022873059855,41.9211,9.45,日换手率达到30%的前5只证券,2025-05-28
556,300804,广康生化,34.38,20.0,0,3,3499937.17,22548331.32,-19048394.15,379233039,-5.022873059855,41.9211,9.45,日涨幅达到15%的前5只证券,2025-05-28
557,603900,莱绅通灵,11.45,6.4126,0,1,0.0,19138265.36,-19138265.36,901098564,-2.123881462539,24.2099,39.1,有价格涨跌幅限制的日价格振幅达到15%的前五只证券,2025-05-23
558,002727,一心堂,17.19,9.9808,0,1,0.0,19223208.0,-19223208.0,1149873617,-1.671767028637,7.1675,68.3,连续三个交易日内，涨幅偏离值累计达到20%的证券,2025-05-21
559,002365,永安药业,13.65,9.9919,2,4,102038951.0,121734867.03,-19695916.03,1539546908,-1.279331985771,31.5362,33.52,连续三个交易日内，涨幅偏离值累计达到20%的证券,2025-05-15
560,603192,汇得科技,21.41,10.0206,0,1,0.0,19745489.52,-19745489.52,156695013,-12.601223958544,0.8217,29.69,非ST、*ST和S证券连续三个交易日内收盘价格涨幅偏离值累计达到20%的证券,2025-05-22
561,002900,哈三联,13.92,10.0395,2,4,47127309.0,66992633.3,-19865324.3,1012352090,-1.962293997931,31.3447,24.09,连续三个交易日内，涨幅偏离值累计达到20%的证券,2025-05-16
562,002471,中超控股,4.2,1.2048,1,1,22604170.75,42530910.24,-19926739.49,2255271171,-0.883562905704,40.4013,54.81,日换手率达到20%的前5只证券,2025-05-13
563,603518,锦泓集团,9.99,10.022,1,3,42759641.65,62800442.02,-20040800.37,652314303,-3.072261374284,19.1032,34.37,有价格涨跌幅限制的日收盘价格涨幅偏离值达到7%的前五只证券,2025-05-28
564,600550,保变电气,9.41,10.0585,0,1,0.0,20083216.6,-20083216.6,2825288553,-0.710837715272,9.1403,173.29,非ST、*ST和S证券连续三个交易日内收盘价格涨幅偏离值累计达到20%的证券,2025-05-20
565,001356,富岭股份,15.97,-0.1251,0,1,0.0,20214558.0,-20214558.0,864125119,-2.339309152752,43.391,19.4,日换手率达到20%的前5只证券,2025-05-13
566,300771,智莱科技,12.69,-1.6279,3,2,38680209.0,59045691.39,-20365482.39,860959062,-2.365441434891,36.7166,22.99,日换手率达到30%的前5只证券,2025-05-27
567,002040,南京港,13.18,10.0167,1,1,32803282.0,53170124.9,-20366842.9,3243504866,-0.627927003085,26.4112,64.05,连续三个交易日内，涨幅偏离值累计达到20%的证券,2025-05-21
568,000576,甘化科工,9.98,-0.8937,0,1,1540581.0,22170523.05,-20629942.05,1269567717,-1.624957989539,28.4324,43.3,日振幅值达到15%的前5只证券,2025-05-15
569,002365,永安药业,10.61,-10.0085,2,3,23892615.5,44620589.0,-20727973.5,705673960,-2.937330080878,25.7647,26.05,日跌幅偏离值达到7%的前5只证券,2025-05-09
570,002551,尚荣医疗,4.39,10.0251,0,3,23210151.28,43971441.46,-20761290.18,940047423,-2.208536470824,18.9891,26.83,连续三个交易日内，涨幅偏离值累计达到20%的证券,2025-05-14
571,002365,永安药业,18.51,9.9822,1,2,30515667.0,51386689.5,-20871022.5,1417542335,-1.472338566876,33.2076,45.45,日涨幅偏离值达到7%的前5只证券,2025-05-22
572,002909,集泰股份,8.37,9.9869,0,2,9349607.0,30954057.96,-21604450.96,1030899626,-2.095689086999,31.7792,31.89,连续三个交易日内，涨幅偏离值累计达到20%的证券,2025-05-16
573,603102,百合股份,50.22,10.011,1,1,35876865.0,57520812.0,-21643947.0,588306297,-3.679026913424,16.9388,18.01,非ST、*ST和S证券连续三个交易日内收盘价格涨幅偏离值累计达到20%的证券,2025-05-19
574,600137,浪莎股份,20.44,10.0108,0,1,0.0,21699582.0,-21699582.0,192101788,-11.295877162788,1.4882,19.87,非ST、*ST和S证券连续三个交易日内收盘价格涨幅偏离值累计达到20%的证券,2025-05-20
575,002164,宁波东力,9.93,-8.0556,1,1,16865935.0,38940173.0,-22074238.0,1147352539,-1.923928108377,23.4311,47.64,日跌幅偏离值达到7%的前5只证券,2025-05-13
576,000545,金浦钛业,2.43,3.4043,0,2,504339.0,22583967.22,-22079628.22,399796311,-5.522719347953,16.4523,23.95,日振幅值达到15%的前5只证券,2025-05-08
577,301076,新瀚新材,42.52,6.3532,1,2,25828688.0,48004713.4,-22176025.4,1285625651,-1.724920888343,37.2784,35.92,日换手率达到30%的前5只证券,2025-05-07
578,002667,*ST威领,13.33,-9.8106,2,3,22071326.0,44419271.0,-22347945.0,501716106,-4.454300895017,15.3705,31.41,日跌幅偏离值达到7%的前5只证券,2025-05-21
579,000559,万向钱潮,8.44,10.0391,0,1,0.0,22436896.0,-22436896.0,734551770,-3.054501658882,2.6929,278.84,日涨幅偏离值达到7%的前5只证券,2025-05-09
580,301560,众捷汽车,39.83,-4.7129,1,3,5669745.0,28161309.6,-22491564.6,373272734,-6.025504289847,40.1284,9.2,日换手率达到30%的前5只证券,2025-05-09
581,300472,*ST新元,3.14,0.641,0,4,4068743.0,26633931.56,-22565188.56,207009667,-10.900548214495,29.293,7.72,日振幅值达到30%的前5只证券,2025-05-06
582,603630,拉芳家化,24.88,9.9912,1,2,22301009.4,45570790.6,-23269781.2,535100252,-4.348676927926,10.0683,56.03,有价格涨跌幅限制的日价格振幅达到15%的前五只证券,2025-05-19
583,300886,华业香料,27.16,20.0177,0,3,8546345.0,32659409.06,-24113064.06,274900680,-8.771554897572,24.7236,11.8,日涨幅达到15%的前5只证券,2025-05-15
584,002997,瑞鹄模具,38.84,-8.8691,0,1,0.0,24171948.4,-24171948.4,713649886,-3.387087824743,8.6237,81.3,日跌幅偏离值达到7%的前5只证券,2025-05-09
585,301260,格力博,20.5,20.0234,0,4,23584999.04,47952390.0,-24367390.96,694177478,-3.510253750987,17.274,43.52,日涨幅达到15%的前5只证券,2025-05-16
586,002103,广博股份,12.38,7.5586,1,1,24725777.94,49146943.0,-24421165.06,1663720708,-1.467864464424,37.1075,46.68,日换手率达到20%的前5只证券,2025-05-28
587,002882,金龙羽,26.15,10.0126,0,2,10643657.0,35088129.0,-24444472.0,1474633310,-1.657664439982,24.394,64.52,日涨幅偏离值达到7%的前5只证券,2025-05-27
588,603011,合锻智能,16.19,7.7179,0,1,0.0,24899883.0,-24899883.0,2572725105,-0.967840790748,32.753,80.05,有价格涨跌幅限制的日换手率达到20%的前五只证券,2025-05-27
589,920174,五新智能,55.69,29.9953,0,1,0.0,25052864.57,-25052864.57,985373200,-2.542474726327,22.1734,48.31,当日收盘价涨幅达到20%的前5只股票,2025-05-20
590,300840,酷特智能,25.16,3.0725,2,2,58420226.0,84091229.82,-25671003.82,1675118135,-1.532489159041,39.6617,44.55,日换手率达到30%的前5只证券,2025-05-14
591,300884,狄耐克,13.19,-8.6565,1,3,21225325.54,47247360.1,-26022034.56,838235514,-3.104382255987,32.1825,25.25,日换手率达到30%的前5只证券,2025-05-09
592,002190,成飞集成,39.48,10.0028,0,1,0.0,26034416.68,-26034416.68,2519030881,-1.033509230727,18.2278,141.63,日涨幅偏离值达到7%的前5只证券,2025-05-19
593,301535,浙江华远,22.88,3.4358,0,5,6275894.0,32831298.24,-26555404.24,578975712,-4.586618003071,42.1714,13.71,日换手率达到30%的前5只证券,2025-05-21
594,002691,*ST冀凯,9.67,4.2026,2,3,28133098.0,54798304.56,-26665206.56,456477851,-5.841511587383,14.8706,32.49,日振幅值达到15%的前5只证券,2025-05-09
595,603918,金桥信息,16.7,-7.8875,0,2,0.0,26792434.92,-26792434.92,608139092,-4.405642602564,9.7478,60.97,有价格涨跌幅限制的日收盘价格跌幅偏离值达到7%的前五只证券,2025-05-15
596,002549,凯美特气,9.8,9.9888,0,2,7561074.0,34889325.13,-27328251.13,1088541534,-2.510538208825,16.9438,67.85,日涨幅偏离值达到7%的前5只证券,2025-05-13
597,000559,万向钱潮,9.0,-7.5975,0,1,21641528.88,49053113.24,-27411584.36,3347779516,-0.818798974932,11.1403,297.34,日跌幅偏离值达到7%的前5只证券,2025-05-14
598,603926,铁流股份,12.77,-8.8508,0,1,0.0,28278185.69,-28278185.69,427370957,-6.616777585567,14.1357,29.31,有价格涨跌幅限制的日收盘价格跌幅偏离值达到7%的前五只证券,2025-05-21
599,301137,哈焊华通,39.59,20.0061,3,2,79471767.35,107772791.38,-28301024.03,1411997290,-2.004325661985,38.4701,40.26,日换手率达到30%的前5只证券,2025-05-27
600,301137,哈焊华通,39.59,20.0061,3,2,79471767.35,107772791.38,-28301024.03,1411997290,-2.004325661985,38.4701,40.26,日涨幅达到15%的前5只证券,2025-05-27
601,002294,信立泰,38.55,-5.7457,3,3,63512085.51,91998686.5,-28486600.99,680721845,-4.184763747372,1.5932,429.67,日跌幅偏离值达到7%的前5只证券,2025-05-12
602,002617,露笑科技,8.23,10.0267,0,2,30598523.0,59188025.7,-28589502.7,2099145840,-1.361958857513,13.8451,155.67,日涨幅偏离值达到7%的前5只证券,2025-05-21
603,300945,曼卡龙,20.16,20.0,3,5,108529007.3,137498795.94,-28969788.64,1227654405,-2.359767416792,12.4688,48.05,连续三个交易日内，涨幅偏离值累计达到30%的证券,2025-05-20
604,002598,ST章鼓,11.57,9.981,1,4,24105609.24,53196095.33,-29090486.09,949673532,-3.063209103947,23.7228,32.64,连续三个交易日内，涨幅偏离值累计达到20%的证券,2025-05-09
605,002809,红墙股份,17.1,-7.0147,0,1,1690.0,29829341.07,-29827651.07,1091283579,-2.733263071486,45.7802,23.55,日换手率达到20%的前5只证券,2025-05-19
606,002809,红墙股份,17.1,-7.0147,0,1,1690.0,29829341.07,-29827651.07,1091283579,-2.733263071486,45.7802,23.55,日跌幅偏离值达到7%的前5只证券,2025-05-19
607,300546,雄帝科技,25.0,13.2246,1,2,44539895.1,74605027.82,-30065132.72,3320516823,-0.90543533801,61.6216,33.54,连续三个交易日内，涨幅偏离值累计达到30%的证券,2025-05-30
608,001316,润贝航科,51.99,10.0085,0,3,3720216.0,33902135.04,-30181919.04,488497357,-6.178522484821,36.1905,14.15,日换手率达到20%的前5只证券,2025-05-08
609,301335,天元宠物,44.5,20.0108,1,2,22858774.0,53132060.31,-30273286.31,1042678620,-2.903414890199,50.2478,22.19,日涨幅达到15%的前5只证券,2025-05-20
610,301335,天元宠物,44.5,20.0108,1,2,22858774.0,53132060.31,-30273286.31,1042678620,-2.903414890199,50.2478,22.19,日换手率达到30%的前5只证券,2025-05-20
611,002105,信隆健康,9.23,10.0119,2,4,58623458.0,89099633.97,-30476175.97,1205148332,-2.528831942158,27.2768,33.64,连续三个交易日内，涨幅偏离值累计达到20%的证券,2025-05-19
612,002560,通达股份,9.32,2.5303,0,1,1047493.0,31575544.0,-30528051.0,2338092624,-1.305681848813,53.1273,42.21,日换手率达到20%的前5只证券,2025-05-19
613,600212,绿能慧充,7.87,10.0699,0,2,0.0,30612963.0,-30612963.0,293535321,-10.42905599766,7.53,40.52,有价格涨跌幅限制的日收盘价格涨幅偏离值达到7%的前五只证券,2025-05-29
614,688206,概伦电子,27.77,20.0086,0,1,0.0,30946381.88,-30946381.88,591776100,-5.229407182886,12.2497,49.55,有价格涨跌幅限制的日收盘价格涨幅达到15%的前五只证券,2025-05-29
615,600881,亚泰集团,1.97,10.0559,0,1,0.0,30950670.0,-30950670.0,456143970,-6.785285356288,7.3391,63.67,有价格涨跌幅限制的日收盘价格涨幅偏离值达到7%的前五只证券,2025-05-20
616,000722,湖南发展,15.49,10.0142,0,2,15256064.0,46397158.0,-31141094.0,2747907117,-1.133265888332,19.0559,71.9,连续三个交易日内，涨幅偏离值累计达到20%的证券,2025-05-21
617,002365,永安药业,11.62,-9.9923,0,1,1358978.0,32703566.0,-31344588.0,708482140,-4.424188872284,1.3422,28.53,连续三个交易日内，跌幅偏离值累计达到20%的证券,2025-05-06
618,002471,中超控股,4.35,10.1266,2,3,76082930.0,107523946.47,-31441016.47,2230171956,-1.409802342165,41.6385,56.77,日涨幅偏离值达到7%的前5只证券,2025-05-19
619,002471,中超控股,4.35,10.1266,2,3,76082930.0,107523946.47,-31441016.47,2230171956,-1.409802342165,41.6385,56.77,日换手率达到20%的前5只证券,2025-05-19
620,002571,德力股份,6.09,-4.8438,2,4,57084827.0,89449873.0,-32365046.0,947601990,-3.415468344468,17.6395,18.17,连续三个交易日内，跌幅偏离值累计达到20%的证券,2025-05-13
621,301459,丰茂股份,70.3,6.9202,1,1,12725592.9,45107798.0,-32382205.1,682877786,-4.742020572917,50.4663,14.06,日换手率达到30%的前5只证券,2025-05-20
622,002250,联化科技,7.6,9.9855,0,2,0.0,32411420.0,-32411420.0,1049184040,-3.089202538765,15.3129,68.9,日涨幅偏离值达到7%的前5只证券,2025-05-28
623,300963,中洲特材,34.42,1.7741,1,1,28325390.95,61021760.81,-32696369.86,3049018217,-1.072357314158,43.0615,69.02,日换手率达到30%的前5只证券,2025-05-26
624,002735,王子新材,17.24,10.0191,1,2,58813834.88,91604299.6,-32790464.72,3165925138,-1.035730893521,67.1148,48.37,日涨幅偏离值达到7%的前5只证券,2025-05-22
625,002735,王子新材,17.24,10.0191,1,2,58813834.88,91604299.6,-32790464.72,3165925138,-1.035730893521,67.1148,48.37,日换手率达到20%的前5只证券,2025-05-22
626,002040,南京港,14.13,7.2079,0,2,5550197.0,38360415.29,-32810218.29,1645556593,-1.993867511429,27.2823,68.66,日振幅值达到15%的前5只证券,2025-05-22
627,301571,国科天成,50.03,-6.8169,1,1,13912237.0,47011795.85,-33099558.85,744520577,-4.445754741041,40.714,17.95,日换手率达到30%的前5只证券,2025-05-23
628,603518,锦泓集团,9.99,10.022,1,3,42759641.65,75945362.02,-33185720.37,776394729,-4.274336124454,19.1032,34.37,非ST、*ST和S证券连续三个交易日内收盘价格涨幅偏离值累计达到20%的证券,2025-05-28
629,605138,盛泰集团,8.49,9.9741,0,2,0.0,33313042.85,-33313042.85,540976135,-6.157950544343,7.1596,47.17,非ST、*ST和S证券连续三个交易日内收盘价格涨幅偏离值累计达到20%的证券,2025-05-15
630,002735,王子新材,18.81,2.6747,0,1,1908855.0,35556698.27,-33647843.27,2813344117,-1.196008802005,54.6673,52.78,日换手率达到20%的前5只证券,2025-05-27
631,300963,中洲特材,29.59,19.9919,1,1,24152349.34,57976688.24,-33824338.9,2032784087,-1.663941542848,39.4526,59.34,日振幅值达到30%的前5只证券,2025-05-19
632,300963,中洲特材,29.59,19.9919,1,1,24152349.34,57976688.24,-33824338.9,2032784087,-1.663941542848,39.4526,59.34,日涨幅达到15%的前5只证券,2025-05-19
633,002809,红墙股份,13.77,9.984,0,3,12671994.0,46634544.6,-33962550.6,686930022,-4.944106315388,38.0163,18.97,日换手率达到20%的前5只证券,2025-05-09
634,000722,湖南发展,14.08,10.0,0,2,5517527.0,40035879.0,-34518352.0,1414431953,-2.440439211429,22.441,65.35,日涨幅偏离值达到7%的前5只证券,2025-05-20
635,000559,万向钱潮,8.44,10.0391,0,2,7478325.0,42277813.0,-34799488.0,1252273403,-2.778904983259,2.6929,278.84,连续三个交易日内，涨幅偏离值累计达到20%的证券,2025-05-09
636,301501,恒鑫生活,83.79,-0.25,1,4,17272381.8,52112753.8,-34840372.0,782914659,-4.450085536079,40.1941,20.26,日换手率达到30%的前5只证券,2025-05-16
637,002584,西陇科学,10.51,1.7425,1,1,20578354.0,55589008.0,-35010654.0,1564516549,-2.237793778684,31.2839,49.23,日换手率达到20%的前5只证券,2025-05-23
638,002735,王子新材,11.46,7.6056,2,3,43327141.4,78476732.2,-35149590.8,1242765634,-2.828336239623,38.7575,32.16,日换手率达到20%的前5只证券,2025-05-15
639,603102,百合股份,49.42,-1.593,0,1,0.0,35201310.52,-35201310.52,564946076,-6.230915128969,30.3632,17.72,有价格涨跌幅限制的日换手率达到20%的前五只证券,2025-05-20
640,603166,福达股份,18.07,9.9817,0,1,0.0,35349033.0,-35349033.0,1642615588,-2.151996684936,9.5385,115.47,非ST、*ST和S证券连续三个交易日内收盘价格涨幅偏离值累计达到20%的证券,2025-05-06
641,000510,新金路,6.27,6.0914,1,3,63657312.0,99178063.41,-35520751.41,1369000943,-2.594647694848,36.9654,38.04,日换手率达到20%的前5只证券,2025-05-27
642,002977,*ST天箭,40.25,10.0027,0,3,17635548.28,53309230.3,-35673682.02,1058737794,-3.369453912212,22.5899,26.81,连续三个交易日内，涨幅偏离值累计达到20%的证券,2025-05-09
643,002981,朝阳科技,25.28,-9.0647,2,4,12125405.0,47993630.6,-35868225.6,384953600,-9.317545179471,12.503,30.19,日跌幅偏离值达到7%的前5只证券,2025-05-15
644,002977,*ST天箭,46.25,-5.0503,3,3,98856291.6,134812976.88,-35956685.28,1129357165,-3.183818759409,36.2315,30.81,日换手率达到20%的前5只证券,2025-05-14
645,600212,绿能慧充,8.66,10.0381,0,2,0.0,36480911.0,-36480911.0,1128012438,-3.234087654626,19.3218,44.58,非ST、*ST和S证券连续三个交易日内收盘价格涨幅偏离值累计达到20%的证券,2025-05-30
646,300753,爱朋医疗,24.69,13.1012,1,3,20202498.48,56781771.07,-36579272.59,850866722,-4.29906019876,41.1569,20.35,日换手率达到30%的前5只证券,2025-05-08
647,301518,长华化学,26.92,5.2796,3,4,24197220.0,61285585.6,-37088365.6,555853561,-6.672326706566,39.1525,14.39,日换手率达到30%的前5只证券,2025-05-16
648,002278,神开股份,9.14,2.5814,2,4,49357779.0,87646169.54,-38288390.54,1215235082,-3.150698256422,39.4276,30.55,日换手率达到20%的前5只证券,2025-05-29
649,002427,尤夫股份,9.43,10.035,1,3,169928972.07,208437098.39,-38508126.32,4765653398,-0.808034556944,17.1856,92.86,连续三个交易日内，涨幅偏离值累计达到20%的证券,2025-05-19
650,300927,江天化学,36.83,20.0065,0,3,8877869.0,47667670.71,-38789801.71,892661165,-4.345411588506,19.3224,51.89,日涨幅达到15%的前5只证券,2025-05-19
651,300575,中旗股份,7.74,8.7079,0,2,6079445.0,45010954.54,-38931509.54,1242106156,-3.134314193029,45.6585,26.53,日换手率达到30%的前5只证券,2025-05-28
652,300927,江天化学,36.83,20.0065,2,4,66662494.8,106021718.16,-39359223.36,1491639430,-2.638655332408,19.3224,51.89,连续三个交易日内，涨幅偏离值累计达到30%的证券,2025-05-19
653,000158,常山北明,24.82,10.0177,1,1,79676879.0,119045947.0,-39369068.0,6247857317,-0.630121111967,16.3568,394.12,日涨幅偏离值达到7%的前5只证券,2025-05-06
654,603586,金麒麟,18.71,0.6455,0,1,0.0,39539889.55,-39539889.55,816509809,-4.842549239969,21.8654,36.68,有价格涨跌幅限制的日价格振幅达到15%的前五只证券,2025-05-07
655,002809,红墙股份,16.72,-3.4084,0,3,23077036.4,63470755.25,-40393718.85,1181352542,-3.419277261774,48.9109,23.03,日换手率达到20%的前5只证券,2025-05-15
656,000722,湖南发展,13.14,-10.0,0,3,10969559.0,51602491.33,-40632932.33,1131426152,-3.591302203699,18.2265,60.99,日跌幅偏离值达到7%的前5只证券,2025-05-23
657,002403,爱仕达,17.31,5.8716,3,3,81745012.6,122500164.77,-40755152.17,2173098445,-1.875439755791,24.3067,51.44,连续三个交易日内，涨幅偏离值累计达到20%的证券,2025-05-22
658,301082,久盛电气,22.62,-16.8076,2,3,42024333.0,82861637.8,-40837304.8,1452410316,-2.811692009491,29.2139,47.33,日跌幅达到15%的前5只证券,2025-05-30
659,001226,拓山重工,27.77,3.1192,0,4,2558544.0,43435189.82,-40876645.82,200996031,-20.337041292124,37.771,5.18,日换手率达到20%的前5只证券,2025-05-08
660,002094,青岛金王,9.6,-1.9408,1,2,104748240.7,145965437.2,-41217196.5,3434736471,-1.200010447614,49.6285,66.28,日换手率达到20%的前5只证券,2025-05-30
661,301260,格力博,21.57,5.2195,1,2,36025513.28,77674803.12,-41649289.84,2054029895,-2.027686643772,22.6485,45.79,连续三个交易日内，涨幅偏离值累计达到30%的证券,2025-05-19
662,002215,诺普信,12.33,9.9911,1,2,41482348.0,83203975.0,-41721627.0,1850528344,-2.254579192763,20.0641,96.1,日涨幅偏离值达到7%的前5只证券,2025-05-27
663,002471,中超控股,5.7,10.0386,1,3,145859965.52,188677523.3,-42817557.78,4927469907,-0.868956251142,29.9569,74.38,连续三个交易日内，涨幅偏离值累计达到20%的证券,2025-05-27
664,000565,渝三峡A,11.58,9.9715,0,2,7499713.0,50973866.53,-43474153.53,1630542805,-2.666238101612,34.6491,50.21,日涨幅偏离值达到7%的前5只证券,2025-05-14
665,002427,尤夫股份,10.48,-1.9645,0,2,27294824.0,71425887.59,-44131063.59,2124496301,-2.077248313835,20.7392,103.2,日振幅值达到15%的前5只证券,2025-05-29
666,002365,永安药业,22.17,-9.9878,0,1,0.0,45675226.1,-45675226.1,1610426041,-2.836220039738,29.1565,54.44,日跌幅偏离值达到7%的前5只证券,2025-05-29
667,603119,浙江荣泰,43.61,-8.3824,0,1,0.0,46074806.7,-46074806.7,1075564173,-4.283780350501,11.8388,88.91,有价格涨跌幅限制的日收盘价格跌幅偏离值达到7%的前五只证券,2025-05-09
668,000420,吉林化纤,5.04,10.0437,0,2,6241190.26,52849696.0,-46608505.74,2560679935,-1.820161321333,21.9835,123.88,日涨幅偏离值达到7%的前5只证券,2025-05-19
669,000420,吉林化纤,5.04,10.0437,0,2,6241190.26,52849696.0,-46608505.74,2560679935,-1.820161321333,21.9835,123.88,日振幅值达到15%的前5只证券,2025-05-19
670,301396,宏景科技,85.54,0.7894,2,4,48820999.8,95960887.8,-47139888.0,1342613114,-3.511055233146,30.9476,42.61,日换手率达到30%的前5只证券,2025-05-06
671,301277,新天地,16.41,14.1168,1,4,23535071.58,71155482.87,-47620411.29,981142917,-4.85356521103,62.9338,16.58,日换手率达到30%的前5只证券,2025-05-27
672,002229,鸿博股份,17.12,10.0257,0,1,9292697.0,57165802.97,-47873105.97,2737375954,-1.748868506719,33.8171,84.43,日换手率达到20%的前5只证券,2025-05-26
673,002229,鸿博股份,17.12,10.0257,0,1,9292697.0,57165802.97,-47873105.97,2737375954,-1.748868506719,33.8171,84.43,日涨幅偏离值达到7%的前5只证券,2025-05-26
674,002735,王子新材,18.96,9.9768,1,2,105832874.16,154038764.08,-48205889.92,6420033826,-0.7508666033,66.0378,53.2,连续三个交易日内，涨幅偏离值累计达到20%的证券,2025-05-23
675,688336,三生国健,47.24,19.9898,0,1,0.0,48367054.34,-48367054.34,394852600,-12.249394923574,1.3668,291.37,有价格涨跌幅限制的日收盘价格涨幅达到15%的前五只证券,2025-05-21
676,920174,五新智能,42.84,29.9757,0,2,0.0,48758572.89,-48758572.89,733262400,-6.649539495002,20.6489,37.16,当日收盘价涨幅达到20%的前5只股票,2025-05-19
677,002651,利君股份,8.13,10.0135,0,2,0.0,50488575.0,-50488575.0,1506639491,-3.351072058153,23.27,45.97,连续三个交易日内，涨幅偏离值累计达到20%的证券,2025-05-08
678,002510,天汽模,7.41,-9.9635,1,3,99016160.71,149907221.06,-50891060.35,2829516229,-1.798578139557,37.2066,74.46,日换手率达到20%的前5只证券,2025-05-23
679,002510,天汽模,7.41,-9.9635,1,3,99016160.71,149907221.06,-50891060.35,2829516229,-1.798578139557,37.2066,74.46,日跌幅偏离值达到7%的前5只证券,2025-05-23
680,603639,海利尔,16.28,10.0,0,1,0.0,51645295.0,-51645295.0,741825683,-6.96191789844,11.1001,55.33,非ST、*ST和S证券连续三个交易日内收盘价格涨幅偏离值累计达到20%的证券,2025-05-28
681,002342,巨力索具,5.88,1.0309,1,3,36561411.0,88550148.0,-51988737.0,1328642960,-3.912920066953,24.1856,56.14,日振幅值达到15%的前5只证券,2025-05-30
682,301459,丰茂股份,65.75,20.0037,0,4,5793620.0,58142048.1,-52348428.1,543214919,-9.636780263025,43.8176,13.15,日涨幅达到15%的前5只证券,2025-05-19
683,301459,丰茂股份,65.75,20.0037,0,4,5793620.0,58142048.1,-52348428.1,543214919,-9.636780263025,43.8176,13.15,日换手率达到30%的前5只证券,2025-05-19
684,002379,宏桥控股,10.8,-9.396,0,2,1715827.0,54179575.55,-52463748.55,1234136129,-4.251050375821,9.5027,122.73,日振幅值达到15%的前5只证券,2025-05-23
685,002427,尤夫股份,8.49,-9.9682,1,2,27907435.0,80463399.74,-52555964.74,1573475747,-3.340119149609,18.2771,83.61,日跌幅偏离值达到7%的前5只证券,2025-05-20
686,688448,磁谷科技,33.76,20.0142,0,2,0.0,53208865.92,-53208865.92,217911700,-24.417626919528,13.8616,16.2,有价格涨跌幅限制的日收盘价格涨幅达到15%的前五只证券,2025-05-08
687,002553,南方精工,23.49,1.6883,1,3,78938506.0,132149102.44,-53210596.44,2409152824,-2.208684974648,40.6873,58.91,日换手率达到20%的前5只证券,2025-05-07
688,301112,信邦智能,37.32,-17.7611,0,3,13076141.0,66535659.61,-53459518.61,866251533,-6.171362078271,59.9009,13.53,日换手率达到30%的前5只证券,2025-05-22
689,301112,信邦智能,37.32,-17.7611,0,3,13076141.0,66535659.61,-53459518.61,866251533,-6.171362078271,59.9009,13.53,日跌幅达到15%的前5只证券,2025-05-22
690,603900,莱绅通灵,13.5,-2.5974,0,2,0.0,53729945.23,-53729945.23,1274846740,-4.21461996522,28.1117,46.1,有价格涨跌幅限制的日价格振幅达到15%的前五只证券,2025-05-28
691,000997,新大陆,31.35,10.0,0,2,9447408.0,65858434.0,-56411026.0,1524684292,-3.699849621065,4.9498,321.78,日涨幅偏离值达到7%的前5只证券,2025-05-12
692,301459,丰茂股份,70.3,6.9202,1,3,36093477.9,93238508.94,-57145031.04,1338696336,-4.268707510678,50.4663,14.06,连续三个交易日内，涨幅偏离值累计达到30%的证券,2025-05-20
693,002165,红宝丽,11.63,-4.3586,1,2,72008336.54,131505208.0,-59496871.46,2991221990,-1.989049012708,34.2338,84.62,日换手率达到20%的前5只证券,2025-05-20
694,301501,恒鑫生活,84.0,15.3054,3,5,55076679.48,114830646.0,-59753966.52,737506032,-8.102166480992,39.7282,20.31,日换手率达到30%的前5只证券,2025-05-15
695,300879,大叶股份,40.9,20.0117,3,2,106321612.52,167148836.76,-60827224.24,3413918791,-1.781741979345,24.206,82.22,连续三个交易日内，涨幅偏离值累计达到30%的证券,2025-05-07
696,600881,亚泰集团,1.97,10.0559,0,1,0.0,60950712.0,-60950712.0,872802815,-6.983331280846,7.3391,63.67,非ST、*ST和S证券连续三个交易日内收盘价格涨幅偏离值累计达到20%的证券,2025-05-20
697,002471,中超控股,5.45,-10.066,0,2,22783633.0,84822808.3,-62039175.3,2685033159,-2.310555275344,37.3008,71.12,日换手率达到20%的前5只证券,2025-05-30
698,002471,中超控股,5.45,-10.066,0,2,22783633.0,84822808.3,-62039175.3,2685033159,-2.310555275344,37.3008,71.12,日跌幅偏离值达到7%的前5只证券,2025-05-30
699,688131,皓元医药,44.1,15.264,0,2,0.0,62078766.25,-62078766.25,566256900,-10.963003938672,6.5619,90.93,有价格涨跌幅限制的日收盘价格涨幅达到15%的前五只证券,2025-05-30
700,002915,中欣氟材,20.34,-10.0,0,3,19535888.0,86304801.6,-66768913.6,1645471799,-4.057736731834,27.0149,58.64,日跌幅偏离值达到7%的前5只证券,2025-05-15
701,000678,襄阳轴承,18.04,-0.6061,1,2,59888973.0,127587967.0,-67698994.0,2883575495,-2.347744809088,35.6345,82.91,日振幅值达到15%的前5只证券,2025-05-15
702,603011,合锻智能,11.25,4.3599,0,1,0.0,68977810.0,-68977810.0,1750563664,-3.940319990556,31.167,55.62,有价格涨跌幅限制的日换手率达到20%的前五只证券,2025-05-07
703,002286,保龄宝,12.56,9.9825,2,4,117760954.44,187489729.61,-69728775.17,2241236438,-3.111174438705,18.1737,46.42,连续三个交易日内，涨幅偏离值累计达到20%的证券,2025-05-21
704,002915,中欣氟材,21.45,-8.9945,0,2,3732675.86,74117846.4,-70385170.54,1857303948,-3.789642003173,30.2485,61.84,日跌幅偏离值达到7%的前5只证券,2025-05-08
705,002094,青岛金王,8.97,10.0613,1,3,85618845.84,158837118.9,-73218273.06,3124590523,-2.343291785629,52.8935,61.93,日涨幅偏离值达到7%的前5只证券,2025-05-14
706,002094,青岛金王,8.97,10.0613,1,3,85618845.84,158837118.9,-73218273.06,3124590523,-2.343291785629,52.8935,61.93,日换手率达到20%的前5只证券,2025-05-14
707,603630,拉芳家化,27.37,10.008,1,3,22301009.4,96230118.8,-73929109.4,1070882088,-6.903571385536,8.8097,61.64,非ST、*ST和S证券连续三个交易日内收盘价格涨幅偏离值累计达到20%的证券,2025-05-20
708,601083,锦江航运,14.29,10.0077,0,1,0.0,79503712.65,-79503712.65,2546819460,-3.121686240374,56.4095,27.74,非ST、*ST和S证券连续三个交易日内收盘价格涨幅偏离值累计达到20%的证券,2025-05-15
709,601083,锦江航运,14.29,10.0077,0,1,0.0,79503712.65,-79503712.65,1547751337,-5.136723887708,56.4095,27.74,有价格涨跌幅限制的日换手率达到20%的前五只证券,2025-05-15
710,920174,五新智能,55.69,29.9953,0,3,0.0,82153734.31,-82153734.31,1718635700,-4.780171522679,22.1734,48.31,北交所股票最近3个有成交的交易日以内收盘价涨跌幅偏离值累计达到+40%(-40%),2025-05-20
711,002640,跨境通,5.19,2.5692,1,3,104066310.5,186550022.0,-82483711.5,3409601174,-2.419160109663,46.1474,72.51,日换手率达到20%的前5只证券,2025-05-15
712,688552,航天南湖,40.08,-2.0767,0,2,0.0,88667728.91,-88667728.91,1803293000,-4.916989580174,51.4848,33.66,有价格涨跌幅限制的日换手率达到30%的前五只证券,2025-05-13
713,002042,华孚时尚,5.57,-9.8706,2,2,47946868.87,138843594.86,-90896725.99,1042454469,-8.719491228926,10.7932,94.73,日跌幅偏离值达到7%的前5只证券,2025-05-08
714,603014,威高血净,41.41,56.2642,0,5,0.0,92647653.17,-92647653.17,1150187686,-8.055003048433,69.7099,15.78,无价格涨跌幅限制的证券,2025-05-19
715,688552,航天南湖,30.7,20.0156,2,3,49173050.84,143871931.61,-94698880.77,838254700,-11.297148798569,35.5055,25.79,有价格涨跌幅限制的日换手率达到30%的前五只证券,2025-05-08
716,688552,航天南湖,30.7,20.0156,2,3,49173050.84,143871931.61,-94698880.77,838254700,-11.297148798569,35.5055,25.79,有价格涨跌幅限制的日收盘价格涨幅达到15%的前五只证券,2025-05-08
717,300546,雄帝科技,22.08,20.0,0,4,0.0,102674683.52,-102674683.52,1190940049,-8.621314196816,42.8991,29.62,日换手率达到30%的前5只证券,2025-05-29
718,002640,跨境通,4.6,0.8772,1,3,70523848.3,173442049.0,-102918200.7,2759040801,-3.730216699322,41.5511,64.27,日换手率达到20%的前5只证券,2025-05-13
719,002553,南方精工,26.22,4.88,0,2,19929488.0,132992362.0,-113062874.0,2942268702,-3.84271069203,45.9329,65.76,日换手率达到20%的前5只证券,2025-05-12
720,000678,襄阳轴承,15.29,4.6543,3,4,247595216.44,363697654.94,-116102438.5,5118644491,-2.268226259982,27.3303,70.27,连续三个交易日内，涨幅偏离值累计达到20%的证券,2025-05-09
721,002427,尤夫股份,8.59,9.9872,0,4,26650203.54,172202102.92,-145551899.38,1673368668,-8.698137007308,20.7997,84.59,日涨幅偏离值达到7%的前5只证券,2025-05-15
722,603900,莱绅通灵,10.76,10.0204,0,1,0.0,147879881.4,-147879881.4,738012968,-20.037572212417,20.5482,36.75,有价格涨跌幅限制的日收盘价格涨幅偏离值达到7%的前五只证券,2025-05-22
723,688552,航天南湖,30.7,20.0156,2,3,49522306.13,199727724.76,-150205418.63,1265158200,-11.872461375186,35.5055,25.79,有价格涨跌幅限制的连续3个交易日内收盘价格涨幅偏离值累计达到30%的证券,2025-05-08
724,688336,三生国健,56.69,20.0042,0,3,0.0,150795681.05,-150795681.05,1265350000,-11.917309918205,3.731,349.66,有价格涨跌幅限制的日收盘价格涨幅达到15%的前五只证券,2025-05-22
725,603056,德邦股份,17.19,9.9808,0,1,0.0,153717306.0,-153717306.0,1251450671,-12.283129456247,3.2992,175.31,非ST、*ST和S证券连续三个交易日内收盘价格涨幅偏离值累计达到20%的证券,2025-05-28
726,688336,三生国健,56.69,20.0042,2,2,856300900.0,1020375900.0,-164075000.0,2189832000,-7.49258390598,3.731,349.66,有价格涨跌幅限制的连续10个交易日内收盘价格涨幅偏离值累计达到100%的证券,2025-05-22
727,688336,三生国健,56.69,20.0042,0,2,0.0,164410738.21,-164410738.21,1660202600,-9.903052688268,3.731,349.66,有价格涨跌幅限制的连续3个交易日内收盘价格涨幅偏离值累计达到30%的证券,2025-05-22
728,605133,嵘泰股份,38.62,-8.157,0,3,0.0,173945522.3,-173945522.3,812316355,-21.413519650235,10.9648,71.42,有价格涨跌幅限制的日收盘价格跌幅偏离值达到7%的前五只证券,2025-05-08
729,603900,莱绅通灵,12.6,10.0437,0,2,0.0,182177242.76,-182177242.76,2521789776,-7.224124885182,21.1754,43.03,非ST、*ST和S证券连续三个交易日内收盘价格涨幅偏离值累计达到20%的证券,2025-05-26
730,688552,航天南湖,34.11,11.1075,1,3,22358252.25,216579840.3,-194221588.05,1470421700,-13.208563777997,52.8532,28.65,有价格涨跌幅限制的日换手率达到30%的前五只证券,2025-05-09
731,600551,时代出版,9.77,10.0225,0,3,0.0,208269815.21,-208269815.21,1025347834,-20.312113441301,12.7422,66.25,非ST、*ST和S证券连续三个交易日内收盘价格涨幅偏离值累计达到20%的证券,2025-05-30
732,302132,中航成飞,83.2,20.0058,0,1,0.0,212979500.48,-212979500.48,7235590610,-2.943498491825,16.0829,491.51,日涨幅达到15%的前5只证券,2025-05-08
733,688552,航天南湖,40.93,19.9941,0,3,0.0,232609311.14,-232609311.14,2450930600,-9.49065269902,31.1938,34.38,有价格涨跌幅限制的连续3个交易日内收盘价格涨幅偏离值累计达到30%的证券,2025-05-12
734,603056,德邦股份,20.8,9.9947,0,3,0.0,249306848.0,-249306848.0,836018703,-29.820726151865,0.4063,212.12,非ST、*ST和S证券连续三个交易日内收盘价格涨幅偏离值累计达到20%的证券,2025-05-30
735,302132,中航成飞,83.2,20.0058,0,1,0.0,472006398.95,-472006398.95,11535787626,-4.09167032415,16.0829,491.51,连续三个交易日内，涨幅偏离值累计达到30%的证券,2025-05-08
