序号,营业部名称,上榜日,买入个股数,卖出个股数,买入总金额,卖出总金额,总买卖净额,买入股票,营业部代码
1,深股通专用,2025-05-30,9,9,1891480377.01,1112213492.86,779266884.15,ST云动 恒宝股份 联化科技 融发核电 海联金汇 千红制药 雪人集团 华森制药 四方精创 天阳科技,10634757
2,国泰海通证券股份有限公司上海长宁区江苏路证券营业部,2025-05-12,1,3,696782354.5,50355346.67,646427007.83,华电辽能 德力股份 中国瑞林 中航成飞,10025080
3,开源证券股份有限公司西安太华路证券营业部,2025-05-23,18,7,668873987.72,192435095.71,476438892.01,天元智能 烽火电子 福华尚纬 国风新材 京华激光 海森药业 海翔药业 升达林业 塞力医疗 中超控股 一心堂 天安新材 金龙羽 阳谷华泰 海辰药业 中洲特材 华研精机 新天地 恒鑫生活 国科天成,10477800
4,深股通专用,2025-05-07,9,9,1511106210.6,1112048902.47,399057308.13,宗申动力 鸿博股份 建设工业 天娱数科 天源迪科 常山药业 苏奥传感 晨曦航空 爱乐达,10634757
5,国泰海通证券股份有限公司上海江苏路证券营业部,2025-05-08,2,2,440378824.6,80576433.0,359802391.6,中欣氟材 中航成飞,10025080
6,国泰海通证券股份有限公司上海长宁区江苏路证券营业部,2025-05-08,2,2,440378824.6,80576433.0,359802391.6,国芳集团 天和磁材,10025080
7,国泰海通证券股份有限公司上海新闸路证券营业部,2025-05-07,7,2,487419551.44,134872931.2,352546620.24,红宝丽 天娱数科 中超控股 天源迪科 常山药业 金明精机 晨曦航空 大叶股份 狄耐克,10430845
8,国泰海通证券股份有限公司上海松江中山东路证券营业部,2025-05-08,3,1,464517136.0,130681159.6,333835976.4,金龙机电 晨曦航空 中航成飞,10134445
9,国泰海通证券股份有限公司上海浦东新区海阳西路证券营业部,2025-05-23,1,2,392489456.2,60051750.0,332437706.2,金龙羽 海辰药业 慧博云通,10000526029
10,国泰海通证券股份有限公司上海松江区中山东路证券营业部,2025-05-21,5,0,318619185.79,16278318.0,302340867.79,中邮科技 国轩高科 保龄宝 一心堂 王子新材,10134445
11,国泰海通证券股份有限公司三亚迎宾路证券营业部,2025-05-16,2,1,407909444.0,115947218.44,291962225.56,红宝丽 拓新药业,10564207
12,开源证券股份有限公司西安太华路证券营业部,2025-05-07,13,2,302903462.68,34137331.14,268766131.54,华阳新材 天娱数科 湖南天雁 中超控股 航天长峰 电光科技 华伍股份 南方路机 金明精机 金麒麟 苏奥传感 春光科技 爱乐达 狄耐克,10477800
13,国泰海通证券股份有限公司总部,2025-05-26,17,8,518074250.12,250863700.84,267210549.28,浪莎股份 ST交昂 大西洋 锦江在线 鼎龙科技 合锻智能 肯特催化 云中马 天元智能 通达电气 京华激光 永冠新材 莱绅通灵 雪龙集团 正和生态 均瑶健康 安凯微 中邮科技 汉邦科技,10004865
14,国泰海通证券股份有限公司上海海阳西路证券营业部,2025-05-08,4,2,426216333.23,167266323.62,258950009.61,中欣氟材 狄耐克 中航成飞,10000526029
15,国泰海通证券股份有限公司上海浦东新区海阳西路证券营业部,2025-05-08,4,2,426216333.23,167266323.62,258950009.61,华胜天成 豪能股份 嵘泰股份,10000526029
16,国泰海通证券股份有限公司上海静安区新闸路证券营业部,2025-05-29,7,3,378586232.4,123795832.0,254790400.4,青岛金王 远东股份 中超控股 合锻智能 京华激光 雪人集团 福龙马 四方精创 久盛电气,10430845
17,深股通专用,2025-05-28,9,9,891979011.76,645856867.76,246122144.0,广聚能源 联化科技 融发核电 雪人集团 金龙羽 华森制药 水羊股份 玉禾田 欢乐家,10634757
18,国泰海通证券股份有限公司宜昌沿江大道证券营业部,2025-05-29,6,1,286751954.81,45135018.0,241616936.81,汇金通 粤电力A 中超控股 雪人集团 四方精创 广康生化 久盛电气,10026729
19,深股通专用,2025-05-29,12,12,1725047544.35,1491339936.09,233707608.26,广聚能源 粤电力A 鸿博股份 联化科技 融发核电 雪人集团 金龙羽 新国都 常山药业 四方精创 拉卡拉 玉禾田 天阳科技,10634757
20,开源证券股份有限公司西安太华路证券营业部,2025-05-16,14,7,396788165.94,172588173.9,224199992.04,*ST华幸 日发精机 百利电气 王子新材 安乃达 红墙股份 *ST东珠 安正时尚 郑中设计 哈三联 集泰股份 中欣氟材 中洲特材 拓新药业 格力博 豪恩汽电,10477800
21,国泰海通证券股份有限公司上海静安区新闸路证券营业部,2025-05-26,7,2,282736874.68,61911295.0,220825579.68,融发核电 保变电气 智莱科技 大西洋 锦江在线 合锻智能 苏州龙杰,10430845
22,开源证券股份有限公司西安太华路证券营业部,2025-05-26,12,7,395955263.94,176673609.54,219281654.4,天元智能 海森药业 通达电气 鸿博股份 京华激光 永冠新材 金利华电 雪龙集团 会畅科技 中科信息 正和生态 智莱科技 均瑶健康 中洲特材 哈焊华通 新天地 星宸科技,10477800
23,开源证券股份有限公司西安太华路证券营业部,2025-05-14,10,5,442213015.22,235468594.34,206744420.88,*ST三房 凤凰航运 宁波远洋 襄阳轴承 展鹏科技 长久物流 青岛金王 尚荣医疗 集泰股份 飞力达 鑫磊股份 中集环科,10477800
24,东方财富证券股份有限公司拉萨金融城南环路证券营业部,2025-05-15,24,6,506741515.13,304561773.95,202179741.18,退市苏吴 国航远洋 渝三峡A 返利科技 甘化科工 襄阳轴承 华纺股份 星光股份 渤海化学 青岛金王 皖通科技 连云港 尤夫股份 锦江航运 尚荣医疗 跨境通 国芳集团 红墙股份 中远海发 京运通 中欣氟材 朝阳科技 大叶股份 金桥信息 迎丰股份,10678762
25,甬兴证券有限公司宁波和源路证券营业部,2025-05-12,4,0,200266953.05,34524.0,200232429.05,苏州龙杰 利君股份 航天南湖 中航成飞,10000147202
26,开源证券股份有限公司西安太华路证券营业部,2025-05-27,16,11,447144709.6,249008346.77,198136362.83,烽火电子 黄河旋风 长城电工 ST云动 *ST湘邮 锡装股份 宿迁联盛 英联股份 通达电气 中旗股份 智莱科技 京华激光 永冠新材 科拓生物 雪龙集团 哈焊华通 美邦股份 正和生态 格力博 均瑶健康 新天地 科捷智能,10477800
27,国泰海通证券股份有限公司上海静安区新闸路证券营业部,2025-05-08,4,3,554064469.62,363171080.1,190893389.52,沃尔核材 红宝丽 海能达 晨曦航空 狄耐克 中航成飞,10430845
28,国盛证券有限责任公司宁波天童南路证券营业部,2025-05-30,6,2,259567130.0,71531332.36,188035797.64,百利电气 御银股份 富煌钢构 久事动娱 德邦股份 中力股份,10664100
29,国泰海通证券股份有限公司上海静安区新闸路证券营业部,2025-05-16,4,0,184827678.78,0.0,184827678.78,红宝丽 利君股份 中洲特材 格力博,10430845
30,国泰海通证券股份有限公司北京金融街证券营业部,2025-05-15,3,0,182084136.29,152851.0,181931285.29,渝三峡A 中毅达 成飞集成,10124786
31,中信证券股份有限公司上海分公司,2025-05-06,11,5,301755884.0,123942162.9,177813721.1,曙光股份 华电辽能 龙溪股份 ST新华锦 天和磁材 福达股份 南方路机 日盈电子 莱绅通灵 大地熊 精进电动 九联科技 同益中,10135341
32,联储证券股份有限公司上海松林路证券营业部,2025-05-27,3,1,199399625.23,22156719.0,177242906.23,ST海龙 中超控股 金龙羽,10516788
33,国泰海通证券股份有限公司上海长宁区江苏路证券营业部,2025-05-30,5,4,356163221.21,180018710.97,176144510.24,国芳集团 ST云动 德邦股份 千红制药 丽人丽妆 睿智医药 雄帝科技 天阳科技,10025080
34,国泰海通证券股份有限公司成都北一环路证券营业部,2025-05-30,4,3,286073003.2,110619470.66,175453532.54,德邦股份 ST云动 福龙马 恒宝股份 海联金汇 元隆雅图,10026897
35,开源证券股份有限公司西安太华路证券营业部,2025-05-29,10,5,310722780.29,136914740.21,173808040.08,粤电力A ST金顶 *ST启环 雪人集团 远东股份 侨银股份 四创电子 永冠新材 雄帝科技 安正时尚 概伦电子,10477800
36,深股通专用,2025-05-09,6,6,417921090.44,244915267.3,173005823.14,万向钱潮 成飞集成 武汉凡谷 奥普光电 山东墨龙 利君股份 瑞鹄模具,10634757
37,国信证券股份有限公司浙江互联网分公司,2025-05-20,11,4,266592174.91,97942340.28,168649834.63,华纺股份 渝三峡A 红宝丽 尤夫股份 宁波海运 利君股份 连云港 红墙股份 宁波远洋 京运通 苏州龙杰 迎丰股份,10000213448
38,国泰海通证券股份有限公司上海松江区中山东路证券营业部,2025-05-14,4,1,210882969.85,43880607.32,167002362.53,襄阳轴承 锦龙股份 尤夫股份 跨境通,10134445
39,国泰海通证券股份有限公司三亚迎宾路证券营业部,2025-05-22,3,1,219614254.7,52748475.62,166865779.08,华纺股份 红宝丽 中超控股,10564207
40,东方财富证券股份有限公司拉萨东环路第二证券营业部,2025-05-15,24,7,506523799.31,339892380.09,166631419.22,芭薇股份 华纺股份 渝三峡A 渤海化学 甘化科工 襄阳轴承 连云港 锦江航运 皖通科技 华光源海 尤夫股份 国芳集团 尚荣医疗 国航远洋 中远海发 跨境通 红墙股份 京运通 纳尔股份 天和磁材 中欣氟材 飞力达 金桥信息 普利退 大叶股份,10472087
41,东方财富证券股份有限公司拉萨东环路第二证券营业部,2025-05-08,15,6,324781792.32,160159646.0,164622146.32,华胜天成 润贝航科 晟楠科技 红宝丽 汉商集团 七丰精工 全筑股份 鸿博股份 天和磁材 通易航天 海能达 *ST东珠 红墙股份 金麒麟 东通退 *ST利达 春光智能 爱乐达 长华化学,10472087
42,东亚前海证券有限责任公司苏州分公司,2025-05-29,6,1,171393147.67,7101402.52,164291745.15,新安洁 粤电力A 汇得科技 福华尚纬 ST云动 通达电气 福龙马,10000526027
43,深股通专用,2025-05-08,12,13,1169607566.25,1005865426.56,163742139.69,视觉中国 华孚时尚 东华软件 沃尔核材 鸿博股份 奥普光电 海能达 利君股份 东方中科 东通退 晨曦航空 爱乐达 中航成飞,10634757
44,国泰海通证券股份有限公司上海静安区新闸路证券营业部,2025-05-12,4,3,371930221.8,209994594.7,161935627.1,襄阳轴承 红宝丽 南方精工 拓斯达 恒而达 中航成飞,10430845
45,国泰海通证券股份有限公司上海浦东新区海阳西路证券营业部,2025-05-09,3,1,268850623.98,107266288.09,161584335.89,华胜天成 万向钱潮 航天长峰 奥普光电,10000526029
46,开源证券股份有限公司西安太华路证券营业部,2025-05-20,13,7,325752546.04,166636662.37,159115883.67,浪莎股份 湖南发展 安彩高科 源飞宠物 永安药业 尤夫股份 宜宾纸业 ST棕榈 亚泰集团 欧菲光 京运通 雪榕生物 迎丰股份 创源股份 曼卡龙 三生国健 丰茂股份,10477800
47,东方财富证券股份有限公司拉萨东环路第二证券营业部,2025-05-30,19,6,386161568.57,228531162.45,157630406.12,退市创兴 胜业电气 渝三峡A 三友科技 百利电气 ST云动 瑞奇智造 青岛金王 *ST湘邮 浩淼科技 安纳达 国芳集团 巨力索具 永安药业 汇得科技 福华尚纬 融发核电 尤夫股份 中超控股 雪人集团 侨银股份 久盛电气 新天地,10472087
48,国泰海通证券股份有限公司宜昌沿江大道证券营业部,2025-05-16,2,0,169822184.2,12526015.0,157296169.2,通达股份 利君股份,10026729
49,国盛证券有限责任公司宁波天童南路证券营业部,2025-05-15,4,1,178426604.36,22788294.0,155638310.36,展鹏科技 吉林化纤 永安药业 通达股份 川宁生物,10664100
50,中国国际金融股份有限公司上海分公司,2025-05-30,6,3,291724763.29,136087419.28,155637344.01,中旗新材 合锻智能 安纳达 正和生态 睿智医药 国光连锁 科捷智能 四方精创 广康生化,10088113
51,东方财富证券股份有限公司拉萨金融城南环路证券营业部,2025-05-23,15,8,364446057.82,209622245.48,154823812.34,晟楠科技 廊坊发展 湖南发展 中哲精化 宝光股份 南京港 安纳达 西昌电力 ST棕榈 乐山电力 综艺股份 天汽模 连云港 塞力医疗 西陇科学 王子新材 *ST正平 丽人丽妆,10678762
52,国金证券股份有限公司深圳分公司,2025-05-16,2,2,193673321.51,40900438.08,152772883.43,华光源海 宁波远洋 甘化科工 利君股份,10000104821
53,开源证券股份有限公司西安太华路证券营业部,2025-05-06,10,4,198334010.92,46513267.58,151820743.34,深圳华强 华阳新材 兆丰股份 华纺股份 南山智尚 金凯生科 京运通 南方路机 迪生力 莱绅通灵 正和生态 九联科技,10477800
54,国泰海通证券股份有限公司上海松江中山东路证券营业部,2025-05-06,3,0,151986976.0,214359.0,151772617.0,岩山科技 天源迪科 中洲特材,10134445
55,国泰海通证券股份有限公司上海分公司,2025-05-23,1,0,151569604.0,41700.0,151527904.0,慧博云通,10201214
56,国泰海通证券股份有限公司上海松江区中山东路证券营业部,2025-05-07,3,2,238522827.13,87025670.3,151497156.83,大众交通,10134445
57,国泰海通证券股份有限公司上海松江中山东路证券营业部,2025-05-07,3,2,238522827.13,87025670.3,151497156.83,天娱数科 天源迪科 常山药业 晨曦航空,10134445
58,东方财富证券股份有限公司拉萨团结路第一证券营业部,2025-05-22,19,8,444996498.74,294198590.52,150797908.22,晟楠科技 重庆港 南京港 国光电器 科创新材 青岛金王 宁新新材 华纺股份 武汉蓝电 红宝丽 *ST奥维 百利电气 中毅达 保龄宝 中恒电气 乐山电力 连云港 中超控股 宁波远洋 天汽模 利君股份 路畅科技 苏州龙杰 信邦智能,10484371
59,国联民生证券股份有限公司宁波战船街证券营业部,2025-05-26,1,0,147517884.96,3630.0,147514254.96,融发核电,10000152109
60,国泰海通证券股份有限公司上海新闸路证券营业部,2025-05-06,4,1,199518294.0,52696472.0,146821822.0,常山北明 岩山科技 南方精工 天源迪科 南山智尚,10430845
61,华鑫证券有限责任公司上海宛平南路证券营业部,2025-05-30,3,2,315453103.38,169915168.77,145537934.61,恒宝股份 四方精创 雄帝科技 天阳科技,10028416
62,东北证券股份有限公司青岛分公司,2025-05-08,2,0,145312100.22,18555.0,145293545.22,高测股份 沃尔核材,10192764
63,国泰海通证券股份有限公司上海松江区中山东路证券营业部,2025-05-20,4,1,172318239.5,28177958.0,144140281.5,*ST九鼎 梦网科技 欧菲光 创源股份,10134445
64,深股通专用,2025-05-16,4,3,322504748.11,181135578.02,141369170.09,成飞集成 利君股份 格力博 豪恩汽电,10634757
65,中国银河证券股份有限公司沈阳大北关街证券营业部,2025-05-22,3,2,319053174.64,178973151.2,140080023.44,中毅达 永安药业 宜宾纸业 王子新材,10023594
66,国泰海通证券股份有限公司上海松江区中山东路证券营业部,2025-05-26,4,1,181446029.5,45004114.0,136441915.5,ST交昂 会畅科技 莱绅通灵 智莱科技 星宸科技,10134445
67,中信证券股份有限公司北京安外大街证券营业部,2025-05-07,1,0,138400448.8,3011829.0,135388619.8,常山药业,10045007
68,国盛证券有限责任公司宁波天童南路证券营业部,2025-05-21,4,2,224262994.1,90872032.88,133390961.22,湖南发展 国轩高科 保龄宝 贝因美 慧博云通,10664100
69,东方财富证券股份有限公司拉萨团结路第一证券营业部,2025-05-19,20,11,311996818.89,181452231.71,130544587.18,天工股份 退市锦港 渝三峡A 芭薇股份 华阳新材 华纺股份 红宝丽 常辅股份 尤夫股份 宁波远洋 锦江航运 通达股份 国航远洋 苏州龙杰 恒久退 迎丰股份 红墙股份 *ST和科 集泰股份 中欣氟材 豪恩汽电 太力科技 泰禾股份,10484371
70,国泰海通证券股份有限公司上海松江区中山东路证券营业部,2025-05-27,6,3,262633484.0,133397665.47,129235818.53,ST交昂 诺普信 尤夫股份 英联股份 星徽股份 智莱科技 格力博,10134445
71,国盛证券有限责任公司宁波桑田路营业部,2025-05-07,3,0,129537506.87,774810.54,128762696.33,通易航天,10456710
72,国盛证券有限责任公司宁波桑田路证券营业部,2025-05-07,3,0,129537506.87,774810.54,128762696.33,宗申动力 大众交通,10456710
73,深股通专用,2025-05-27,6,6,621528756.19,495732313.13,125796443.06,烽火电子 ST云动 诺普信 凯美特气 雪人集团 金龙羽 格力博,10634757
74,中泰证券股份有限公司湖北分公司,2025-05-21,1,0,124269822.0,31681.0,124238141.0,露笑科技,10484897
75,联储证券股份有限公司上海松林路证券营业部,2025-05-22,3,0,123626277.8,0.0,123626277.8,空港股份 王子新材 莱绅通灵,10516788
76,国元证券股份有限公司宁波分公司,2025-05-19,2,0,121138609.98,43056.0,121095553.98,吉林化纤 中超控股,10000583825
77,开源证券股份有限公司西安太华路证券营业部,2025-05-28,13,6,406005300.8,285103790.45,120901510.35,晋西车轴 滨海能源 乐惠国际 广博股份 江苏新能 明牌珠宝 美邦股份 利柏特 雪人集团 华森制药 博世科 中旗股份 欢乐家 新天地,10477800
78,华林证券股份有限公司北京分公司,2025-05-20,4,2,213502158.5,92614920.47,120887238.03,保变电气 湖南发展 东方中科 宁波海运 天元宠物 连云港,10065511
79,中泰证券股份有限公司湖北分公司,2025-05-27,2,0,120677038.17,83805.0,120593233.17,青岛金王 诺普信,10484897
80,国泰海通证券股份有限公司成都北一环路证券营业部,2025-05-22,2,1,147785526.0,27265640.0,120519886.0,浪莎股份 中恒电气 昆仑万维,10026897
81,甬兴证券有限公司天津解放北路证券营业部,2025-05-16,1,0,120419439.0,,120419439.0,宁波海运,10000565545
82,国泰海通证券股份有限公司北京国贸证券营业部,2025-05-14,1,0,118640000.0,0.0,118640000.0,成飞集成,10949120
83,深股通专用,2025-05-20,8,7,609391797.63,492360425.09,117031372.54,湖南发展 梦网科技 潮宏基 欧菲光 万安科技 利君股份 东方中科 一品红 豪恩汽电,10634757
84,浙商证券股份有限公司宁波分公司,2025-05-29,3,0,117236465.26,381621.0,116854844.26,莱绅通灵 联化科技 金龙羽,10484761
85,浙商证券股份有限公司杭州五星路证券营业部,2025-05-09,1,0,115790155.28,117300.0,115672855.28,奥普光电,10949092
86,国盛证券有限责任公司宁波天童南路证券营业部,2025-05-09,1,0,115402946.0,149369.0,115253577.0,万向钱潮,10664100
87,东方财富证券股份有限公司拉萨东环路第二证券营业部,2025-05-19,23,9,342288086.96,227113817.17,115174269.79,退市锦港 芭薇股份 渝三峡A 华光源海 华纺股份 ST交昂 常辅股份 成飞集成 尤夫股份 宁波远洋 国航远洋 锦江航运 威高血净 通达股份 苏州龙杰 恒久退 红墙股份 拉芳家化 迎丰股份 *ST和科 普利转退 普利退 江天化学 豪恩汽电 太力科技 泰禾股份,10472087
88,东方证券股份有限公司无锡新生路证券营业部,2025-05-16,1,0,117050952.78,1959713.0,115091239.78,中洲特材,10517841
89,中国银河证券股份有限公司沈阳大北关街证券营业部,2025-05-16,2,1,149435469.68,34430256.0,115005213.68,南京港 中洲特材 拓新药业,10023594
90,中国银河证券股份有限公司沈阳大北关街证券营业部,2025-05-19,2,0,113501514.88,0.0,113501514.88,中毅达 太力科技,10023594
91,中信证券股份有限公司上海溧阳路证券营业部,2025-05-06,5,2,162617405.87,49133592.0,113483813.87,春光智能 龙溪股份 南山智尚 福达股份 嵘泰股份,10045025
92,开源证券股份有限公司西安太华路证券营业部,2025-05-21,11,8,348076113.62,234707600.27,113368513.35,宝光股份 湖南发展 大有能源 依依股份 乐山电力 会稽山 国轩高科 信隆健康 常青股份 安纳达 莱绅通灵 露笑科技 三生国健 王子新材 路畅科技 舒泰神,10477800
93,东方财富证券股份有限公司拉萨东环路第二证券营业部,2025-05-22,14,8,316678163.49,203940268.29,112737895.2,*ST奥维 *ST华幸 晟楠科技 天汽模 华纺股份 科创新材 宁新新材 红墙股份 百利电气 信邦智能 无锡鼎邦 中毅达 乐山电力 宜宾纸业 连云港 宁波远洋 苏州龙杰,10472087
94,国泰海通证券股份有限公司宜昌沿江大道证券营业部,2025-05-23,4,3,203129505.0,91379144.0,111750361.0,永安药业 合锻智能 苏州龙杰 中超控股 西陇科学 雪人集团 国科天成,10026729
95,广发证券股份有限公司深圳深南东路证券营业部,2025-05-29,1,0,111176084.78,234644.0,110941440.78,粤电力A,10022062
96,浙商证券股份有限公司宁波分公司,2025-05-23,1,0,110737335.0,350234.0,110387101.0,海辰药业,10484761
97,中泰证券股份有限公司湖北分公司,2025-05-09,2,0,108663059.12,49991.0,108613068.12,武汉凡谷 红墙股份,10484897
98,东方财富证券股份有限公司拉萨金融城南环路证券营业部,2025-05-28,19,13,438870694.17,330694368.22,108176325.95,骑士乳业 晋西车轴 广博股份 中毅达 安纳达 宜宾纸业 成飞集成 国芳集团 融发核电 鼎龙科技 中超控股 合锻智能 雪人集团 汇得科技 利君股份 苏州龙杰 王子新材 郑中设计 京华激光 金龙羽 中旗股份 永冠新材 *ST正平 莱绅通灵 美邦股份 利柏特,10678762
99,东方财富证券股份有限公司拉萨团结路第一证券营业部,2025-05-30,16,9,341190019.38,233198706.5,107991312.88,三友科技 百利电气 青岛金王 路桥信息 安纳达 *ST湘邮 巨力索具 浩淼科技 国芳集团 永安药业 融发核电 汇得科技 尤夫股份 福华尚纬 中超控股 正和生态 丽人丽妆 *ST华西 国光连锁 雪人集团 侨银股份 新天地,10484371
100,国盛证券有限责任公司宁波桑田路证券营业部,2025-05-29,4,1,119296448.88,11362660.0,107933788.88,王子新材 福龙马 合兴股份 美邦股份 宏柏新材,10456710
101,华泰证券股份有限公司上海武定路证券营业部,2025-05-16,2,0,109777049.2,2802889.0,106974160.2,红宝丽 日发精机,10098087
102,国泰海通证券股份有限公司北京国贸证券营业部,2025-05-29,2,0,105381950.04,,105381950.04,四创电子 合锻智能,10949120
103,中泰证券股份有限公司湖北分公司,2025-05-26,1,0,104918929.2,47567.0,104871362.2,鸿博股份,10484897
104,东亚前海证券有限责任公司深圳分公司,2025-05-14,1,0,104768052.0,13008.0,104755044.0,恒而达,10924068
105,国泰海通证券股份有限公司北京金融街证券营业部,2025-05-21,2,0,104109367.8,,104109367.8,乐山电力 三生国健,10124786
106,东方财富证券股份有限公司拉萨团结路第一证券营业部,2025-05-15,24,12,459124621.95,355566565.43,103558056.52,芭薇股份 退市苏吴 渝三峡A 华纺股份 甘化科工 襄阳轴承 渤海化学 星光股份 皖通科技 锦江航运 华光源海 尤夫股份 万德股份 国芳集团 尚荣医疗 中远海发 国航远洋 跨境通 京运通 红墙股份 纳尔股份 中欣氟材 肯特催化 *ST天箭 展鹏科技 朝阳科技 ST百利 大叶股份,10484371
107,华林证券股份有限公司北京分公司,2025-05-09,3,0,102239956.6,31350.0,102208606.6,华纺股份 鑫磊股份 航天南湖,10065511
108,国盛证券有限责任公司宁波天童南路证券营业部,2025-05-26,2,0,102782698.0,1379312.0,101403386.0,武汉凡谷 鸿博股份,10664100
109,中国银河证券股份有限公司北京中关村大街证券营业部,2025-05-28,6,1,126048520.63,25246913.0,100801607.63,永冠新材 青岛金王 正和生态 尤夫股份 雪人集团 欢乐家 新天地,10115140
110,国泰海通证券股份有限公司南京太平南路证券营业部,2025-05-23,2,0,101556166.5,899828.0,100656338.5,国风新材 慧博云通,10025054
111,开源证券股份有限公司西安太华路证券营业部,2025-05-13,7,5,192368785.6,92457221.83,99911563.77,ST交昂 润贝航科 宁波远洋 富岭股份 青岛金王 京运通 中超控股 凯美特气 东方日升 鑫磊股份 宏工科技,10477800
112,沪股通专用,2025-05-16,3,3,289781148.86,189902673.4,99878475.46,*ST华幸 连云港 锦江航运,10434470
113,东方财富证券股份有限公司拉萨团结路第一证券营业部,2025-05-14,21,20,510027076.21,410475632.63,99551443.58,方大新材 华纺股份 渝三峡A 七丰精工 襄阳轴承 连云港 志晟信息 宁波远洋 锦江航运 南京港 国芳集团 红宝丽 皖通科技 华光源海 天和磁材 尤夫股份 肯特催化 *ST宝馨 百达精工 长久物流 跨境通 国航远洋 麒盛科技 春光科技 *ST岭南 雅运股份 迎丰股份 红墙股份 朝阳科技 飞力达 鑫磊股份,10484371
114,东方财富证券股份有限公司拉萨团结路第一证券营业部,2025-05-23,17,9,301367061.67,202612344.17,98754717.5,浪莎股份 晟楠科技 湖南发展 辰光医疗 廊坊发展 国风新材 中哲精化 宁新新材 南京港 宝光股份 无锡鼎邦 西昌电力 安纳达 ST棕榈 乐山电力 天汽模 综艺股份 连云港 塞力医疗 王子新材 *ST正平 泰坦股份 丽人丽妆 恒鑫生活,10484371
115,方正证券股份有限公司温州怀江路证券营业部,2025-05-22,1,1,135269743.0,36739633.0,98530110.0,利君股份 昆仑万维,10495041
116,深股通专用,2025-05-15,4,3,189983254.81,91505459.49,98477795.32,吉林化纤 成飞集成 川宁生物 中集环科,10634757
117,华林证券股份有限公司北京分公司,2025-05-28,3,3,223451941.0,126828702.63,96623238.37,莱绅通灵 广博股份 融发核电 明牌珠宝,10065511
118,国盛证券有限责任公司宁波天童南路证券营业部,2025-05-16,3,2,154824047.7,59235959.5,95588088.2,红宝丽 永安药业 通达股份 中欣氟材,10664100
119,甬兴证券有限公司安徽分公司,2025-05-28,1,0,95100422.38,0.0,95100422.38,尤夫股份,10000923632
120,爱建证券有限责任公司上海浦东新区前滩大道证券营业部,2025-05-16,3,1,110440812.0,16724934.0,93715878.0,宁波海运 成飞集成 集泰股份,10491827
121,国泰海通证券股份有限公司上海浦东新区海阳西路证券营业部,2025-05-14,2,0,93640000.0,184830.0,93455170.0,万向钱潮 成飞集成,10000526029
122,东方财富证券股份有限公司拉萨金融城南环路证券营业部,2025-05-16,14,11,354238826.48,260924333.75,93314492.73,万德股份 *ST华幸 渝三峡A 华纺股份 甘化科工 ST交昂 茂化实华 青岛金王 连云港 红宝丽 锦江航运 尚荣医疗 跨境通 迎丰股份 盛泰集团 国光连锁 利君股份 红墙股份 中欣氟材 普利退,10678762
123,国信证券股份有限公司浙江互联网分公司,2025-05-30,8,3,205114037.89,113304779.87,91809258.02,国芳集团 渝三峡A 丽人丽妆 青岛金王 国光连锁 巨力索具 尤夫股份 中超控股 雪人集团 侨银股份,10000213448
124,国泰海通证券股份有限公司上海徐汇区宛平南路证券营业部,2025-05-29,2,0,91108956.0,,91108956.0,合锻智能 福华尚纬,10023418
125,东方财富证券股份有限公司拉萨金融城南环路证券营业部,2025-05-08,10,9,249722477.09,158856045.2,90866431.89,退市创兴 晟楠科技 视觉中国 东华软件 退市苏吴 华胜天成 红宝丽 汉商集团 全筑股份 鸿博股份 肯特催化 红墙股份 *ST东珠 中欣氟材 金麒麟 普利退 长华化学 *ST利达,10678762
126,国泰海通证券股份有限公司宜昌沿江大道证券营业部,2025-05-08,3,1,158893078.2,68041327.0,90851751.2,海能达 晨曦航空 爱朋医疗,10026729
127,深股通专用,2025-05-06,9,9,643372042.24,552851402.17,90520640.07,深圳华强 常山北明 新能股份 岩山科技 鸿博股份 信质集团 奥赛康 甘源食品 天源迪科 ST创意,10634757
128,国泰海通证券股份有限公司上海长宁区江苏路证券营业部,2025-05-29,4,0,94307758.4,4503105.0,89804653.4,永冠新材 神开股份 玉禾田 天阳科技,10025080
129,中国银河证券股份有限公司杭州双龙街证券营业部,2025-05-14,1,0,88879156.0,0.0,88879156.0,成飞集成,10763954
130,国盛证券有限责任公司宁波天童南路证券营业部,2025-05-20,3,2,143035996.21,54721021.93,88314974.28,ST海龙 梦网科技 安纳达 中超控股 贝因美,10664100
131,深股通专用,2025-05-12,9,9,819111269.34,730919497.02,88191772.32,万向钱潮 新大陆 信立泰 利君股份 晨曦航空 拓斯达 威尔高 昆船智能 中航成飞,10634757
132,东亚前海证券有限责任公司上海分公司,2025-05-14,1,2,112148519.58,24480194.29,87668325.29,天工股份 凤凰航运 锦龙股份,10924074
133,沪股通专用,2025-05-13,8,8,276762726.64,189217965.08,87544761.56,万通发展 汇通能源 航天长峰 连云港 宁波远洋 锦江航运 京运通 *ST沐邦 航天南湖,10434470
134,中国银河证券股份有限公司北京学院南路证券营业部,2025-05-30,1,0,101525138.24,14042540.5,87482597.74,雄帝科技,10023559
135,开源证券股份有限公司西安永城路证券营业部,2025-05-21,1,0,87320575.0,155998.0,87164577.0,南京港,10495079
136,东方财富证券股份有限公司拉萨金融城南环路证券营业部,2025-05-12,11,2,237393972.29,150629793.11,86764179.18,渝三峡A 返利科技 华电辽能 中国瑞林 亚太实业 百达精工 润贝航科 麒盛科技 红宝丽 *ST正平 南方精工 利君股份,10678762
137,东方财富证券股份有限公司拉萨东环路第二证券营业部,2025-05-20,21,14,350954537.18,265147055.56,85807481.62,芭薇股份 华纺股份 渝三峡A 湖南发展 旭杰科技 梦网科技 五新智能 宁波海运 安纳达 连云港 红宝丽 华光源海 路斯股份 尤夫股份 宁波远洋 通达股份 保丽洁 锦江航运 贝因美 京运通 利君股份 红墙股份 迎丰股份 集泰股份 普利退 美农生物 豪恩汽电,10472087
138,国盛证券有限责任公司南昌金融大街证券营业部,2025-05-20,1,0,85738833.86,,85738833.86,保变电气,10456701
139,华林证券股份有限公司北京分公司,2025-05-21,3,3,187829759.54,102288456.9,85541302.64,湖南发展 南京港 领湃科技 天元宠物,10065511
140,联储证券股份有限公司上海松林路证券营业部,2025-05-26,2,1,161204422.8,75946798.0,85257624.8,莱绅通灵 中超控股,10516788
141,东方财富证券股份有限公司拉萨东环路第一证券营业部,2025-05-19,11,1,130426380.25,46373684.65,84052695.6,退市锦港 芭薇股份 通达股份 华光源海 华纺股份 普利退 国航远洋 豪恩汽电 威高血净 长华化学 太力科技 泰禾股份,10428246
142,东亚前海证券有限责任公司苏州分公司,2025-05-27,3,0,84015971.0,36652.0,83979319.0,京华激光 烽火电子 哈焊华通,10000526027
143,沪股通专用,2025-05-06,4,2,101671451.91,19101205.61,82570246.3,华银电力 茂业商业 京运通 九联科技,10434470
144,国泰海通证券股份有限公司上海静安区新闸路证券营业部,2025-05-21,3,2,178609554.72,96049110.92,82560443.8,红宝丽 航天动力 乐山电力 海辰药业,10430845
145,华安证券股份有限公司大连解放路证券营业部,2025-05-20,1,0,82502910.22,,82502910.22,亚泰集团,10127600
146,国金证券股份有限公司宁波江澄南路证券营业部,2025-05-29,1,0,82405316.2,0.0,82405316.2,新国都,10000125619
147,国信证券股份有限公司浙江互联网分公司,2025-05-23,6,1,100748005.0,18414132.06,82333872.94,南京港 西昌电力 乐山电力 综艺股份 连云港 苏州龙杰 莱绅通灵,10000213448
148,中泰证券股份有限公司湖北分公司,2025-05-30,1,0,82767234.0,725830.0,82041404.0,创新医疗,10484897
149,方正证券股份有限公司宁波中山西路证券营业部,2025-05-21,1,0,80286541.38,0.0,80286541.38,郑中设计,10078359
150,东亚前海证券有限责任公司深圳分公司,2025-05-30,1,0,80156583.0,188678.0,79967905.0,联化科技,10924068
151,华林证券股份有限公司北京分公司,2025-05-29,3,0,97776920.5,18029524.4,79747396.1,雄帝科技 玉禾田 天阳科技,10065511
152,中信证券股份有限公司浙江分公司,2025-05-27,4,1,108055230.17,28521057.0,79534173.17,雪人集团 浪莎股份 红墙股份 京华激光,10520724
153,东亚前海证券有限责任公司苏州分公司,2025-05-06,2,1,114093501.55,34695037.78,79398463.77,常山北明 倍益康 新瀚新材,10000526027
154,中信建投证券股份有限公司江阴澄江西路证券营业部,2025-05-29,1,0,79339137.5,,79339137.5,宏柏新材,10698621
155,国信证券股份有限公司浙江互联网分公司,2025-05-15,8,2,226689238.95,147469350.5,79219888.45,华纺股份 渝三峡A 连云港 襄阳轴承 国芳集团 青岛金王 尤夫股份 跨境通 红墙股份 中欣氟材,10000213448
156,爱建证券有限责任公司上海浦东新区前滩大道证券营业部,2025-05-22,1,1,116258139.52,37120352.65,79137786.87,综艺股份 三生国健,10491827
157,中信证券股份有限公司上海分公司,2025-05-16,2,1,89169259.98,10477430.0,78691829.98,ST新华锦 连云港,10135341
158,中信证券股份有限公司杭州凤起路证券营业部,2025-05-08,2,0,78640723.05,0.0,78640723.05,高测股份 华孚时尚,10046604
159,国泰海通证券股份有限公司宜昌沿江大道证券营业部,2025-05-26,4,4,300181460.0,221729688.68,78451771.32,合锻智能 永安药业 ST棕榈 苏州龙杰 中超控股 雪人集团,10026729
160,东亚前海证券有限责任公司上海分公司,2025-05-16,2,1,85983527.0,7555938.0,78427589.0,宁波海运 亚振家居 洪通燃气,10924074
161,东方财富证券股份有限公司拉萨东环路第二证券营业部,2025-05-28,19,13,415218984.96,336949032.39,78269952.57,波导股份 华光源海 青岛金王 广博股份 鼎龙科技 瑞奇智造 合锻智能 骑士乳业 保丽洁 安纳达 汇得科技 成飞集成 宇顺电子 尤夫股份 苏州龙杰 中超控股 亚振家居 雪人集团 永冠新材 莱绅通灵 利君股份 美邦股份 王子新材 郑中设计 正和生态 金龙羽 利柏特 中旗股份,10472087
162,东方财富证券股份有限公司拉萨东环路第二证券营业部,2025-05-07,14,11,419651124.51,341435245.47,78215879.04,星光股份 华阳新材 晟楠科技 红宝丽 茂业商业 华阳变速 南方路机 一致魔芋 *ST东珠 鸿博股份 慧为智能 天娱数科 锦好医疗 正和生态 南方精工 东易日盛 中欣氟材 声迅股份 天源迪科 金明精机 大叶股份 新瀚新材 众捷汽车,10472087
163,东亚前海证券有限责任公司苏州分公司,2025-05-07,3,2,155825981.0,77621700.04,78204280.96,川润股份 华胜天成 中欣氟材 大众交通 *ST东珠,10000526027
164,国盛证券有限责任公司宁波桑田路证券营业部,2025-05-28,1,0,78140832.0,,78140832.0,国芳集团,10456710
165,兴业证券股份有限公司厦门湖里大道证券营业部,2025-05-15,1,0,78518400.2,529306.0,77989094.2,王子新材,10119151
166,广发证券股份有限公司上海浦东新区东方路证券营业部,2025-05-28,1,0,78663092.71,718039.0,77945053.71,王子新材,10140582
167,浙商证券股份有限公司宁波分公司,2025-05-20,1,0,77882817.52,,77882817.52,利扬芯片,10484761
168,爱建证券有限责任公司上海浦东新区前滩大道证券营业部,2025-05-30,3,0,77719785.0,5468.0,77714317.0,华森制药 德邦股份 久盛电气,10491827
169,国泰海通证券股份有限公司南京太平南路证券营业部,2025-05-08,2,1,80621528.0,3554774.0,77066754.0,立航科技 沃尔核材 利君股份,10025054
170,华宝证券股份有限公司上海东大名路证券营业部,2025-05-06,3,0,88595504.0,11904655.0,76690849.0,深圳华强 渝三峡A 欧通转债 天源迪科,10456831
171,广发证券股份有限公司南京汉中路证券营业部,2025-05-07,1,0,76446349.0,,76446349.0,中毅达,10046692
172,中信证券股份有限公司浙江分公司,2025-05-16,6,1,138015112.2,62341502.4,75673609.8,华纺股份 青岛金王 红宝丽 锦江航运 *ST东珠 尚荣医疗 国光连锁,10520724
173,国泰海通证券股份有限公司上海长宁区江苏路证券营业部,2025-05-20,6,0,80831648.08,5203463.34,75628184.74,湖南发展 亚泰集团 锦江航运 苏州龙杰 丽人丽妆,10025080
174,国泰海通证券股份有限公司上海江苏路营业部,2025-05-20,6,0,80831648.08,5203463.34,75628184.74,路斯股份,10025080
175,甬兴证券有限公司安徽分公司,2025-05-16,1,0,75562208.0,,75562208.0,宁波远洋,10000923632
176,沪股通专用,2025-05-14,7,6,231397882.99,155981183.88,75416699.11,*ST三房 连云港 宁波远洋 锦江航运 中远海发 长久物流 航天南湖,10434470
177,高盛(中国)证券有限责任公司上海浦东新区世纪大道证券营业部,2025-05-27,7,5,118850108.8,43520078.4,75330030.4,退市创兴 *ST湘邮 ST交昂 顺景科技 合锻智能 肯特催化 通达电气 美邦股份 正和生态,10000399618
178,中信证券股份有限公司西安朱雀大街证券营业部,2025-05-20,1,0,75247666.69,,75247666.69,利扬芯片,10453418
179,华鑫证券有限责任公司上海光复路证券营业部,2025-05-06,3,0,75161376.37,149919.0,75011457.37,ST新华锦 红宝丽 金凯生科,10993987
180,东方财富证券股份有限公司拉萨团结路第一证券营业部,2025-05-08,16,10,275491221.64,200502117.87,74989103.77,视觉中国 退市创兴 晟楠科技 润贝航科 上海凤凰 通易航天 红宝丽 汉商集团 国芳集团 鸿博股份 美心翼申 全筑股份 海能达 天和磁材 迪生力 利君股份 *ST东珠 东通退 金麒麟 众捷汽车,10484371
181,深股通专用,2025-05-26,9,10,678493246.51,603715119.06,74778127.45,海南海药 武汉凡谷 鸿博股份 陕天然气 融发核电 凯美特气 雪人集团 金龙羽 中科信息 星宸科技,10634757
182,东方财富证券股份有限公司拉萨团结路第一证券营业部,2025-05-07,14,7,278273375.86,203512351.89,74761023.97,九芝堂 大众交通 晟楠科技 茂业商业 宗申动力 华阳变速 一致魔芋 合锻智能 星光股份 鸿博股份 慧为智能 *ST东珠 天娱数科 南方精工 *ST瑞和 东易日盛 中欣氟材 大叶股份 新瀚新材,10484371
183,华林证券股份有限公司北京分公司,2025-05-14,5,2,148792516.0,74055893.0,74736623.0,国芳集团 成飞集成 皖通科技 利君股份 红墙股份 中集环科,10065511
184,中泰证券股份有限公司江西分公司,2025-05-21,1,0,74721036.5,14814.0,74706222.5,露笑科技,10668235
185,中国国际金融股份有限公司上海分公司,2025-05-06,7,1,123256570.83,48806309.6,74450261.23,福达股份 青岛金王 日盈电子 ST创意 新瀚新材 光大同创 浙江华远,10088113
186,申万宏源证券有限公司财富管理事业部,2025-05-20,1,0,74303738.96,,74303738.96,拉芳家化,10001003806
187,国泰海通证券股份有限公司宜昌沿江大道证券营业部,2025-05-22,4,4,250812546.0,177334548.2,73477997.8,红宝丽 永安药业 中超控股 舒泰神 国科天成 宏工科技,10026729
188,国泰海通证券股份有限公司成都北一环路证券营业部,2025-05-26,2,0,73802258.0,498753.0,73303505.0,保变电气 雪人集团,10026897
189,华鑫证券有限责任公司上海云锦路证券营业部,2025-05-21,2,0,73178700.0,252513.0,72926187.0,国轩高科 大有能源,10048457
190,华鑫证券有限责任公司上海分公司,2025-05-26,4,1,116679423.36,43924746.0,72754677.36,ST交昂 武汉凡谷 均瑶健康 凯美特气 雪人集团,10274545
191,广发证券股份有限公司深圳深南东路证券营业部,2025-05-15,1,0,72070483.66,111213.0,71959270.66,中集环科,10022062
192,沪股通专用,2025-05-08,3,5,260874278.59,189109257.13,71765021.46,退市苏吴 华胜天成 航天长峰 航天南湖 高测股份,10434470
193,东方财富证券股份有限公司拉萨东环路第一证券营业部,2025-05-23,12,3,153510299.46,81848269.9,71662029.56,湖南发展 晟楠科技 浪莎股份 南京港 辰光医疗 宝光股份 ST棕榈 常辅股份 西昌电力 天汽模 连云港 苏州龙杰 王子新材 赛隆退 鸿铭股份,10428246
194,华宝证券股份有限公司深圳福华一路证券营业部,2025-05-22,2,0,71469817.0,47495.0,71422322.0,中超控股 慧博云通,10108338
195,东方财富证券股份有限公司拉萨团结路第一证券营业部,2025-05-13,12,9,196949093.32,125604983.25,71344110.07,电投产融 卓兆点胶 连云港 润贝航科 太湖雪 锦江航运 华光源海 富岭股份 *ST沐邦 国航远洋 麒盛科技 青岛金王 宁波东力 春光科技 中超控股 *ST华西 跨境通 长华化学,10484371
196,国泰海通证券股份有限公司成都北一环路证券营业部,2025-05-23,3,1,86963019.0,17283951.0,69679068.0,烽火电子 中超控股 阳谷华泰,10026897
197,国泰海通证券股份有限公司湛江万豪世家证券营业部,2025-05-20,1,0,70174254.0,510287.0,69663967.0,欧菲光,10456753
198,中信建投证券股份有限公司杭州庆春路证券营业部,2025-05-28,1,1,123727646.0,54129544.32,69598101.68,融发核电 京华激光,10033779
199,东海证券股份有限公司福州长乐北路证券营业部,2025-05-08,2,0,69102319.0,0.0,69102319.0,视觉中国 奥普光电,10913655
200,广发证券股份有限公司上海浦东新区东方路证券营业部,2025-05-19,1,0,69086856.8,,69086856.8,拉芳家化,10140582
201,国泰海通证券股份有限公司北京金融街证券营业部,2025-05-29,2,1,93209187.0,24163168.0,69046019.0,福华尚纬 丽人丽妆,10124786
202,湘财证券股份有限公司杭州五星路证券营业部,2025-05-06,1,0,68885706.0,0.0,68885706.0,信质集团,10916991
203,开源证券股份有限公司西安高新成章路证券营业部,2025-05-28,2,0,68476181.56,11720.0,68464461.56,雪人集团 晋西车轴,10657381
204,东方财富证券股份有限公司拉萨金融城南环路证券营业部,2025-05-20,17,14,357839421.75,289539129.12,68300292.63,华纺股份 芭薇股份 渝三峡A 旭杰科技 梦网科技 安纳达 宁波海运 红宝丽 尤夫股份 连云港 欧菲光 通达股份 宁波远洋 锦江航运 贝因美 万安科技 苏州龙杰 安乃达 红墙股份 迎丰股份 东方中科 集泰股份 普利退,10678762
205,开源证券股份有限公司西安高新成章路证券营业部,2025-05-26,2,0,81308781.0,14048525.0,67260256.0,保变电气 雪人集团,10657381
206,联储证券股份有限公司上海中山西路证券营业部,2025-05-19,4,1,102156383.94,35019588.1,67136795.84,国航远洋 连云港 天汽模 中洲特材 天元宠物,10048125
207,中泰证券股份有限公司湖北分公司,2025-05-16,1,0,66631528.1,4474.0,66627054.1,中欣氟材,10484897
208,广发证券股份有限公司郑州农业路证券营业部,2025-05-06,1,0,66569774.19,413624.0,66156150.19,常山北明,10031937
209,华泰证券股份有限公司总部,2025-05-26,4,1,67976534.52,1901227.2,66075307.32,大西洋 锦江在线 正和生态 均瑶健康 安凯微,10028451
210,华宝证券股份有限公司上海东大名路证券营业部,2025-05-16,3,0,83369931.0,17890844.0,65479087.0,成飞集成 通达股份 红墙股份,10456831
211,东方财富证券股份有限公司拉萨东环路第二证券营业部,2025-05-13,14,11,209252641.02,143914770.91,65337870.11,卓兆点胶 电投产融 连云港 富岭股份 宁波远洋 七丰精工 太湖雪 青岛金王 宁波东力 锦江航运 华光源海 国航远洋 中超控股 京运通 苏州龙杰 *ST华西 跨境通 *ST沐邦 麒盛科技 华伍股份 春光科技 普利退,10472087
212,东方财富证券股份有限公司昌都两江大道证券营业部,2025-05-29,4,1,152069067.06,86743942.08,65325124.98,汇得科技 融发核电 苏州龙杰 郑中设计,10342919
213,中泰证券股份有限公司湖北分公司,2025-05-07,1,0,65329211.0,6450.0,65322761.0,红宝丽,10484897
214,东方财富证券股份有限公司拉萨团结路第一证券营业部,2025-05-09,12,8,214265432.41,148981664.86,65283767.55,华胜天成 莱赛激光 炼石航空 红宝丽 茂业商业 慧为智能 顺景科技 永安药业 全筑股份 中超控股 南方精工 ST章鼓 *ST冀凯 红墙股份 九洲集团,10484371
215,国信证券股份有限公司浙江互联网分公司,2025-05-08,2,0,95204170.0,29936068.26,65268101.74,红宝丽 国芳集团,10000213448
216,中国银河证券股份有限公司沈阳大北关街证券营业部,2025-05-14,3,2,130789724.6,66243632.2,64546092.4,中毅达 南京港 红墙股份,10023594
217,东方财富证券股份有限公司拉萨金融城南环路证券营业部,2025-05-30,19,10,404681645.65,340741667.13,63939978.52,峆一药业 百利电气 ST云动 青岛金王 瑞奇智造 安纳达 浩淼科技 *ST湘邮 国芳集团 巨力索具 永安药业 翠微股份 汇得科技 融发核电 中超控股 福华尚纬 京华激光 正和生态 *ST华西 雪人集团 丽人丽妆 国光连锁 侨银股份,10678762
218,华鑫证券有限责任公司深圳益田路证券营业部,2025-05-22,3,0,63727911.0,0.0,63727911.0,浪莎股份 青岛金王 东贝集团,10495078
219,国泰海通证券股份有限公司宜昌沿江大道证券营业部,2025-05-13,4,1,118994646.0,55272476.48,63722169.52,青岛金王 中超控股 东方日升 酷特智能 长华化学,10026729
220,国泰海通证券股份有限公司北京金融街证券营业部,2025-05-12,1,0,63831877.5,140268.0,63691609.5,渝三峡A,10124786
221,广发证券股份有限公司上海浦东新区东方路证券营业部,2025-05-20,1,1,69376655.8,6280451.0,63096204.8,浪莎股份 拉芳家化,10140582
222,东方财富证券股份有限公司拉萨东环路第一证券营业部,2025-05-15,9,4,169175205.51,106305432.99,62869772.52,华光源海 退市苏吴 甘化科工 国航远洋 华纺股份 星光股份 皖通科技 国芳集团 京运通 尚荣医疗 普利退 大叶股份 鑫磊股份,10428246
223,天风证券股份有限公司深圳分公司,2025-05-23,1,0,61834652.08,,61834652.08,京华激光,10915765
224,国金证券股份有限公司深圳分公司,2025-05-26,2,1,77889979.0,16102998.0,61786981.0,空港股份 中超控股 苏州龙杰,10000104821
225,东方财富证券股份有限公司拉萨金融城南环路证券营业部,2025-05-22,13,11,332804082.02,271029791.58,61774290.44,*ST华幸 晟楠科技 南京港 宁新新材 天汽模 华纺股份 武汉蓝电 ST加加 王子新材 百利电气 宜宾纸业 红墙股份 连云港 路畅科技 宁波远洋 海辰药业 东贝集团 天元宠物 苏州龙杰 丽人丽妆,10678762
226,中国银河证券股份有限公司北京中关村大街证券营业部,2025-05-13,2,1,86993155.0,25900312.0,61092843.0,跨境通 拓斯达,10115140
227,国泰海通证券股份有限公司成都北一环路证券营业部,2025-05-12,2,0,62079788.67,1363602.0,60716186.67,万向钱潮 华如科技,10026897
228,东方证券股份有限公司无锡新生路证券营业部,2025-05-28,3,0,60666391.96,0.0,60666391.96,劲旅环境 国芳集团 利柏特,10517841
229,国泰海通证券股份有限公司成都北一环路证券营业部,2025-05-08,2,0,60909920.0,463755.0,60446165.0,高测股份 东华软件,10026897
230,国泰海通证券股份有限公司上海松江区中山东路证券营业部,2025-05-29,1,0,60518132.0,146453.0,60371679.0,四方精创,10134445
231,中信建投证券股份有限公司福清福和路证券营业部,2025-05-20,1,0,60296480.6,47214.0,60249266.6,一品红,10126278
232,兴业证券股份有限公司厦门湖里大道证券营业部,2025-05-16,1,1,79249112.2,19050338.0,60198774.2,王子新材 中洲特材,10119151
233,华泰证券股份有限公司常熟金沙江路证券营业部,2025-05-15,1,0,60097334.0,,60097334.0,锦江航运,10021990
234,华鑫证券有限责任公司上海分公司,2025-05-07,3,0,60827399.93,863063.0,59964336.93,肯特催化 宗申动力 爱乐达,10274545
235,东方财富证券股份有限公司拉萨东环路第一证券营业部,2025-05-21,11,8,158279524.61,98390675.22,59888849.39,退市苏吴 胜业电气 亚太实业 灵鸽科技 航天动力 依依股份 成飞集成 宁波远洋 宁新新材 *ST南置 *ST岭南 集泰股份 领湃科技 武汉蓝电 浙江华远,10428246
236,华鑫证券有限责任公司深圳益田路证券营业部,2025-05-27,3,0,80519923.8,20843974.63,59675949.17,黄河旋风 尤夫股份 科捷智能,10495078
237,爱建证券有限责任公司上海浦东新区前滩大道证券营业部,2025-05-29,2,0,59455793.0,0.0,59455793.0,均瑶健康 鸿博股份,10491827
238,中泰证券股份有限公司湖北分公司,2025-05-14,1,0,59444620.0,17488.0,59427132.0,跨境通,10484897
239,高盛(中国)证券有限责任公司上海浦东新区世纪大道证券营业部,2025-05-14,3,1,66067853.38,6762771.0,59305082.38,天和磁材 雅运股份 航天南湖,10000399618
240,甬兴证券有限公司宁波和源路证券营业部,2025-05-30,3,1,81791252.79,22555831.66,59235421.13,路桥信息 绿能慧充 时代出版,10000147202
241,英大证券有限责任公司深圳华侨城证券营业部,2025-05-30,1,0,72036059.15,12808088.0,59227971.15,四方精创,10030156
242,华鑫证券有限责任公司深圳益田路证券营业部,2025-05-30,2,0,76273882.92,17479298.0,58794584.92,*ST莫高 恒宝股份,10495078
243,国联民生证券股份有限公司宁波战船街证券营业部,2025-05-09,2,0,58685828.97,0.0,58685828.97,成飞集成 星德胜,10000152109
244,东方证券股份有限公司张家港东环路证券营业部,2025-05-14,2,0,58528827.82,0.0,58528827.82,航天南湖 *ST天箭,10702252
245,东方财富证券股份有限公司拉萨东环路第二证券营业部,2025-05-23,18,12,288393096.18,230132937.54,58260158.64,晟楠科技 浪莎股份 湖南发展 廊坊发展 辰光医疗 国风新材 南京港 常辅股份 安纳达 宁新新材 西昌电力 天汽模 乐山电力 无锡鼎邦 综艺股份 西陇科学 连云港 雪人集团 肯特催化 苏州龙杰 王子新材 塞力医疗 金龙羽 *ST正平 中洲特材 鸿铭股份,10472087
246,国泰海通证券股份有限公司西安雁展路证券营业部,2025-05-28,1,0,58252882.0,1025.0,58251857.0,广博股份,10702241
247,东方财富证券股份有限公司拉萨东环路第一证券营业部,2025-05-30,9,4,146260424.96,88033612.25,58226812.71,国芳集团 瑞奇智造 安纳达 汇得科技 融发核电 中超控股 京华激光 正和生态 华森制药 新天地,10428246
248,东北证券股份有限公司内蒙古分公司,2025-05-12,1,0,60445532.0,2227597.0,58217935.0,新大陆,10509062
249,东方财富证券股份有限公司拉萨金融城南环路证券营业部,2025-05-29,18,13,504190110.94,446131577.49,58058533.45,瑞奇智造 ST金顶 古麒绒材 合锻智能 青岛金王 汇得科技 鸿博股份 神开股份 苏州龙杰 京华激光 永安药业 融发核电 永冠新材 安正时尚 莱绅通灵 尤夫股份 ST棕榈 美邦股份 中超控股 丽人丽妆 雪人集团 王子新材 郑中设计 金龙羽,10678762
250,联储证券股份有限公司上海松林路证券营业部,2025-05-20,1,0,57996501.43,0.0,57996501.43,ST海龙,10516788
251,东方财富证券股份有限公司拉萨团结路第二证券营业部,2025-05-19,13,9,147832083.02,89928343.64,57903739.38,天工股份 退市锦港 江天化学 芭薇股份 豪恩汽电 *ST海华 锦江航运 五新智能 威高血净 长华化学 华光源海 常辅股份 太力科技 泰禾股份 国航远洋,10495103
252,财通证券股份有限公司温岭中华路证券营业部,2025-05-14,2,0,57674427.86,256689.0,57417738.86,恒而达 中集环科,10022026
253,华鑫证券有限责任公司江苏分公司,2025-05-27,2,0,57405416.0,27913.0,57377503.0,金龙羽 会稽山,10442978
254,国联民生证券股份有限公司北京分公司,2025-05-27,1,0,57324975.0,0.0,57324975.0,凯美特气,10485044
255,中国国际金融股份有限公司上海分公司,2025-05-13,5,4,142852654.91,85837749.18,57014905.73,润贝航科 航天长峰 宁波东力 锦江航运 奥普光电 凯美特气 *ST天箭 华伍股份 拓斯达,10088113
256,中信建投证券股份有限公司安徽分公司,2025-05-12,1,0,57185165.15,186884.0,56998281.15,万向钱潮,10158366
257,华林证券股份有限公司北京分公司,2025-05-16,4,2,123689989.79,66857897.15,56832092.64,华纺股份 南京港 利君股份 拓新药业 格力博,10065511
258,广发证券股份有限公司郑州农业路证券营业部,2025-05-21,3,1,62374207.26,5683752.0,56690455.26,安纳达 王子新材 信邦智能 天元宠物,10031937
259,摩根大通证券(中国)有限公司上海银城中路证券营业部,2025-05-30,3,2,162152847.76,105535799.13,56617048.63,绿能慧充 合锻智能 华纳药厂,10000100571
260,瑞银证券有限责任公司上海浦东新区花园石桥路第二证券营业部,2025-05-06,7,4,126383181.71,69775353.4,56607828.31,华电辽能 汉商集团 天和磁材 福达股份 南方路机 日盈电子 大地熊 精进电动 九联科技,10342152
261,华泰证券股份有限公司上海武定路证券营业部,2025-05-20,1,2,60488148.11,3893255.84,56594892.27,浙文互联 普利退 保丽洁,10098087
262,平安证券股份有限公司天津分公司,2025-05-08,1,0,56589375.0,,56589375.0,华胜天成,10030167
263,国盛证券有限责任公司深圳粤海街道证券营业部,2025-05-19,1,0,56431649.0,0.0,56431649.0,东方中科,10516527
264,爱建证券有限责任公司上海浦东新区前滩大道证券营业部,2025-05-08,2,0,55893096.0,0.0,55893096.0,奥普光电 航天长峰,10491827
265,浙商证券股份有限公司杭州五星路证券营业部,2025-05-12,3,0,55770372.71,0.0,55770372.71,航天长峰 苏州龙杰,10949092
266,浙商证券股份有限公司杭州城星路证券营业部,2025-05-12,3,0,55770372.71,0.0,55770372.71,乐创技术,10949092
267,华鑫证券有限责任公司深圳益田路证券营业部,2025-05-07,1,0,55644429.0,0.0,55644429.0,宗申动力,10495078
268,东方财富证券股份有限公司拉萨东环路第一证券营业部,2025-05-22,5,6,119208281.08,63835041.17,55373239.91,*ST华幸 晟楠科技 中超控股 宁新新材 华纺股份 红墙股份 百利电气 信邦智能 宁波远洋 正和生态,10428246
269,国盛证券有限责任公司宁波桑田路证券营业部,2025-05-12,3,2,98299444.18,42935084.61,55364359.57,航天南湖 宏达高科 中坚科技 豪尔赛,10456710
270,东亚前海证券有限责任公司上海分公司,2025-05-06,1,0,59052062.0,3809007.0,55243055.0,红宝丽,10924074
271,国金证券股份有限公司深圳分公司,2025-05-30,4,2,127440213.22,72225545.67,55214667.55,胜业电气 合锻智能 雪人集团 京华激光 路桥信息 瑞奇智造,10000104821
272,广发证券股份有限公司上海浦东新区东方路证券营业部,2025-05-15,1,0,54870834.0,,54870834.0,拉芳家化,10140582
273,国泰海通证券股份有限公司成都北一环路证券营业部,2025-05-16,2,1,61288312.0,6746588.0,54541724.0,王子新材 盛泰集团 豪恩汽电,10026897
274,中信建投证券股份有限公司杭州庆春路证券营业部,2025-05-27,1,0,54433460.04,,54433460.04,京华激光,10033779
275,甬兴证券有限公司宁波和源路证券营业部,2025-05-07,4,2,112050642.6,57678949.0,54371693.6,绿康生化 华胜天成 大叶股份 麒盛科技 纬德信息,10000147202
276,中国银河证券股份有限公司沈阳大北关街证券营业部,2025-05-30,3,3,194882337.48,140560809.12,54321528.36,华森制药 *ST湘邮 舒泰神 翠微股份 京华激光,10023594
277,华鑫证券有限责任公司上海陆家嘴证券营业部,2025-05-13,2,0,54182840.0,7950.0,54174890.0,电投产融 酷特智能,10000055316
278,国泰海通证券股份有限公司北京国贸证券营业部,2025-05-28,1,0,54151882.0,,54151882.0,合锻智能,10949120
279,东亚前海证券有限责任公司上海分公司,2025-05-08,4,1,62145034.44,8079486.0,54065548.44,东方中科 国芳集团 安乃达 亚振家居 高测股份,10924074
280,中国银河证券股份有限公司绍兴证券营业部,2025-05-29,1,1,78918981.6,25017025.8,53901955.8,久盛电气 汇金通,10023543
281,联储证券股份有限公司上海松林路证券营业部,2025-05-15,1,0,53920818.0,63924.0,53856894.0,吉林化纤,10516788
282,甬兴证券有限公司宁波和源路证券营业部,2025-05-29,4,1,63684890.27,9874074.28,53810815.99,路桥信息 联明股份 合兴股份 均瑶健康,10000147202
283,麦高证券有限责任公司北京第二分公司,2025-05-26,4,1,66068402.51,12305235.8,53763166.71,会畅科技 中科信息 哈焊华通,10488161
284,麦高证券有限责任公司北京分公司,2025-05-26,4,1,66068402.51,12305235.8,53763166.71,鼎龙科技,10488161
285,中信建投证券股份有限公司福清福和路证券营业部,2025-05-21,1,0,62873958.6,9136291.0,53737667.6,一品红,10126278
286,东方财富证券股份有限公司拉萨团结路第二证券营业部,2025-05-21,12,4,140746431.48,87184432.81,53561998.67,退市苏吴 胜业电气 国轩高科 灵鸽科技 通达股份 航天动力 康力源 肯特催化 苏州龙杰 宁新新材 天元宠物 浙江华远 拱东医疗 武汉蓝电,10495103
287,东方财富证券股份有限公司拉萨团结路第二证券营业部,2025-05-15,15,8,243268830.89,189745298.38,53523532.51,退市苏吴 天工股份 甘化科工 皖通科技 华纺股份 锦江航运 纳尔股份 朝阳科技 芭薇股份 展鹏科技 ST百利 飞力达 华光源海 盛泰集团 大叶股份 国航远洋 恒鑫生活,10495103
288,华泰证券股份有限公司总部,2025-05-30,3,0,53482955.0,,53482955.0,绿能慧充 中力股份 菲林格尔,10028451
289,浙商证券股份有限公司杭州五星路证券营业部,2025-05-20,3,1,88817067.64,35394799.5,53422268.14,浪莎股份 利君股份 利扬芯片 金利华电,10949092
290,中信证券股份有限公司杭州凤起路证券营业部,2025-05-29,1,0,53406085.98,,53406085.98,丽人丽妆,10046604
291,国泰海通证券股份有限公司总部,2025-05-29,15,12,302226836.92,248882430.44,53344406.48,绿能慧充 ST信通 ST金顶 联明股份 合锻智能 苏州龙杰 福华尚纬 通达电气 锦泓集团 汇金通 京华激光 永冠新材 福龙马 *ST四通 安正时尚 浙江自然 宏柏新材 汉邦科技,10004865
292,广发证券股份有限公司天津环湖中路证券营业部,2025-05-29,1,0,53167056.0,18610.0,53148446.0,联化科技,10021807
293,长城证券股份有限公司长沙五一中路证券营业部,2025-05-22,1,0,75575539.0,22434128.0,53141411.0,永安药业,10025236
294,东亚前海证券有限责任公司苏州分公司,2025-05-16,2,1,58407323.0,5296539.7,53110783.3,万德股份 成飞集成 *ST东珠,10000526027
295,广发证券股份有限公司天津环湖中路证券营业部,2025-05-28,1,0,53086436.0,0.0,53086436.0,联化科技,10021807
296,东方财富证券股份有限公司拉萨团结路第一证券营业部,2025-05-28,17,12,361747789.84,308693407.57,53054382.27,华光源海 波导股份 滨海能源 *ST精伦 瑞奇智造 青岛金王 中毅达 广博股份 骑士乳业 安纳达 国芳集团 成飞集成 合锻智能 雪人集团 汇得科技 利君股份 王子新材 苏州龙杰 郑中设计 永冠新材 金龙羽 中旗股份 *ST正平 莱绅通灵,10484371
297,国泰海通证券股份有限公司宜昌沿江大道证券营业部,2025-05-09,1,0,53266837.0,271760.0,52995077.0,南方精工,10026729
298,东方财富证券股份有限公司拉萨团结路第一证券营业部,2025-05-06,17,7,175721189.33,122771239.01,52949950.32,*ST精伦 国华退 倍益康 东贝集团 深圳华强 九菱科技 青岛金王 南方路机 广道退 鸿博股份 *ST东珠 步步高 川大智胜 永安药业 安记食品 大地熊 *ST岭南 红墙股份 中欣氟材 天元股份,10484371
299,中国银河证券股份有限公司成都益州大道证券营业部,2025-05-21,1,0,52875357.0,68589.0,52806768.0,湖南发展,10030491
300,国泰海通证券股份有限公司总部,2025-05-13,5,7,118575026.6,66042957.28,52532069.32,退市华嵘 ST交昂 宁波海运 连云港 苏州龙杰 安乃达 亚振家居 *ST沐邦 哈森股份 航天南湖,10004865
301,华林证券股份有限公司北京分公司,2025-05-26,3,1,83419475.28,31025924.0,52393551.28,凯美特气 雪人集团 金龙羽 哈焊华通,10065511
302,国泰海通证券股份有限公司成都北一环路证券营业部,2025-05-29,4,2,132641955.89,80337920.36,52304035.53,粤电力A ST金顶 拉卡拉 玉禾田 合锻智能,10026897
303,长江证券股份有限公司昆明白龙路证券营业部,2025-05-30,1,0,52272920.0,9581.0,52263339.0,睿智医药,10338860
304,中国银河证券股份有限公司北京安贞门证券营业部,2025-05-12,1,0,53330238.0,1129706.0,52200532.0,新大陆,10023519
305,东方证券股份有限公司汕头长平路证券营业部,2025-05-30,1,0,52062837.44,9299.0,52053538.44,元隆雅图,10173185
306,长江证券股份有限公司武汉彭刘杨路证券营业部,2025-05-14,1,0,52134907.5,314096.0,51820811.5,鑫磊股份,10025113
307,国泰海通证券股份有限公司上海静安区新闸路证券营业部,2025-05-15,3,2,127746783.6,76112387.0,51634396.6,吉林化纤 京运通 襄阳轴承 青岛金王 中欣氟材,10430845
308,中信证券股份有限公司大连分公司,2025-05-06,2,0,51635199.92,146733.0,51488466.92,新瀚新材 龙溪股份,10074420
309,国泰海通证券股份有限公司北京金融街证券营业部,2025-05-23,1,2,139794130.28,88331892.0,51462238.28,乐山电力 丽人丽妆,10124786
310,东方财富证券股份有限公司拉萨团结路第二证券营业部,2025-05-08,15,8,170344725.6,119034042.35,51310683.25,退市苏吴 视觉中国 晟楠科技 信凯科技 全筑股份 七丰精工 嘉事堂 *ST元成 红墙股份 金麒麟 东通退 高测股份 通易航天 晨曦航空 爱乐达 长华化学 春光智能,10495103
311,中信建投证券股份有限公司安徽分公司,2025-05-22,1,0,51295622.0,,51295622.0,三生国健,10158366
312,国泰海通证券股份有限公司三亚迎宾路证券营业部,2025-05-26,1,0,50999382.0,2040.0,50997342.0,凯美特气,10564207
313,国泰海通证券股份有限公司三亚迎宾路证券营业部,2025-05-06,1,0,50934940.0,,50934940.0,茂业商业,10564207
314,国联民生证券股份有限公司北京分公司,2025-05-23,1,0,50933940.0,0.0,50933940.0,中超控股,10485044
315,国泰海通证券股份有限公司三亚迎宾路证券营业部,2025-05-15,1,0,50867868.0,0.0,50867868.0,拓新药业,10564207
316,财通证券股份有限公司温岭中华路证券营业部,2025-05-27,1,0,50705877.8,,50705877.8,百利电气,10022026
317,国泰海通证券股份有限公司三亚迎宾路证券营业部,2025-05-20,1,0,50534634.4,,50534634.4,华纺股份,10564207
318,联储证券股份有限公司杭州环城北路证券营业部,2025-05-14,1,0,50364099.0,0.0,50364099.0,凤凰航运,10000866017
319,中信证券股份有限公司浙江分公司,2025-05-07,1,2,126434454.9,76254859.34,50179595.56,华胜天成 红宝丽 南方精工,10520724
320,国泰海通证券股份有限公司北京金融街证券营业部,2025-05-27,1,0,50138534.0,,50138534.0,会稽山,10124786
321,沪股通专用,2025-05-22,8,6,509866990.32,459760850.32,50106140.0,重庆港 *ST华幸 百利电气 连云港 宁波远洋 拱东医疗 三生国健 航天南湖,10434470
322,国泰海通证券股份有限公司北京国贸证券营业部,2025-05-16,1,0,50209055.0,254234.0,49954821.0,利君股份,10949120
323,爱建证券有限责任公司上海浦东新区前滩大道证券营业部,2025-05-15,1,0,49950004.0,0.0,49950004.0,成飞集成,10491827
324,爱建证券有限责任公司上海浦东新区前滩大道证券营业部,2025-05-12,1,0,49947612.0,0.0,49947612.0,拓斯达,10491827
325,国盛证券有限责任公司宁波天童南路证券营业部,2025-05-28,2,1,72769275.0,22906142.0,49863133.0,联化科技 晋西车轴 德邦股份,10664100
326,中国银河证券股份有限公司沈阳大北关街证券营业部,2025-05-21,2,1,115583173.22,65934590.0,49648583.22,中毅达 中邮科技,10023594
327,中泰证券股份有限公司江西分公司,2025-05-26,1,0,49666781.0,46048.0,49620733.0,鸿博股份,10668235
328,海通证券股份有限公司长沙五一大道证券营业部,2025-05-22,1,0,49846487.92,244210.0,49602277.92,王子新材,10099191
329,东亚前海证券有限责任公司苏州分公司,2025-05-19,4,1,88024286.6,38470714.28,49553572.32,安彩高科 郑中设计 宁波远洋 路畅科技 中洲特材,10000526027
330,联储证券股份有限公司杭州环城北路证券营业部,2025-05-21,2,0,49474936.0,0.0,49474936.0,安纳达 慧博云通,10000866017
331,东方财富证券股份有限公司拉萨团结路第一证券营业部,2025-05-27,14,8,287236720.01,237766892.32,49469827.69,胜业电气 浪莎股份 新金路 黄河旋风 瑞奇智造 烽火电子 长城电工 骑士乳业 ST海龙 退市创兴 滨海能源 海森药业 百利电气 雪人集团 宁波远洋 王子新材 合锻智能 肯特催化 金龙羽,10484371
332,东亚前海证券有限责任公司浙江分公司,2025-05-08,2,0,49220328.0,8920.0,49211408.0,亚振家居 华伍股份,10000011376
333,国信证券股份有限公司浙江互联网分公司,2025-05-12,1,2,200710779.0,151607279.3,49103499.7,襄阳轴承 红宝丽,10000213448
334,中信证券(山东)有限责任公司洛阳中州中路证券营业部,2025-05-08,1,0,48805664.37,,48805664.37,航天南湖,10206360
335,联储证券股份有限公司浙江分公司,2025-05-12,2,0,48707450.3,14443.0,48693007.3,利君股份 晨曦航空,10638001
336,华宝证券股份有限公司上海东大名路证券营业部,2025-05-22,2,1,56387791.0,7702937.0,48684854.0,中超控股 郑中设计 宏工科技,10456831
337,麦高证券有限责任公司成都丽都路证券营业部,2025-05-29,2,0,48666298.39,0.0,48666298.39,雄帝科技 概伦电子,10506068
338,国金证券股份有限公司深圳分公司,2025-05-20,1,1,64990963.01,16397843.93,48593119.08,宁波海运 正弦电气,10000104821
339,长城证券股份有限公司长沙五一中路证券营业部,2025-05-16,1,0,59056448.44,10503710.0,48552738.44,成飞集成,10025236
340,长城证券股份有限公司长沙五一中路证券营业部,2025-05-15,1,0,59007194.44,10464231.0,48542963.44,成飞集成,10025236
341,中国中金财富证券有限公司广州番禺东兴路证券营业部,2025-05-06,2,1,98886762.0,50356396.0,48530366.0,龙溪股份 川大智胜,10174528
342,海通证券股份有限公司北京中关村南大街证券营业部,2025-05-19,1,0,47962558.33,34986.0,47927572.33,集泰股份,10025071
343,广发证券股份有限公司南京汉中路证券营业部,2025-05-15,1,0,47834717.41,,47834717.41,中毅达,10046692
344,中信证券股份有限公司上海溧阳路证券营业部,2025-05-13,2,0,47812689.49,,47812689.49,麒盛科技 航天南湖,10045025
345,华鑫证券有限责任公司成都交子大道证券营业部,2025-05-12,3,0,52302449.36,4585536.0,47716913.36,宏达高科 华如科技 昆船智能,10456795
346,光大证券股份有限公司南通工农路证券营业部,2025-05-23,1,0,47585299.21,0.0,47585299.21,宏桥控股,10384552
347,国泰海通证券股份有限公司襄阳檀溪路证券营业部,2025-05-29,1,0,47197443.66,60094.0,47137349.66,王子新材,10079360
348,国泰海通证券股份有限公司成都北一环路证券营业部,2025-05-21,1,1,73259201.32,26131231.83,47127969.49,露笑科技 航天动力,10026897
349,华林证券股份有限公司北京分公司,2025-05-13,4,2,115458252.0,68770270.73,46687981.27,航天南湖 电投产融 利君股份 东方日升 鑫磊股份,10065511
350,国元证券股份有限公司宁波分公司,2025-05-14,1,0,58811177.0,12190112.0,46621065.0,万向钱潮,10000583825
351,国信证券股份有限公司浙江互联网分公司,2025-05-22,9,7,305467691.99,258857278.34,46610413.65,华纺股份 南京港 青岛金王 中毅达 红宝丽 连云港 利君股份 宁波远洋 红墙股份 东贝集团 苏州龙杰 丽人丽妆 拱东医疗,10000213448
352,东方财富证券股份有限公司拉萨金融城南环路证券营业部,2025-05-14,11,13,441807206.91,395469746.38,46337460.53,华纺股份 志晟信息 凤凰航运 万向钱潮 渝三峡A 连云港 华光源海 锦江航运 襄阳轴承 百达精工 麒盛科技 锦龙股份 国航远洋 春光科技 青岛金王 雅运股份 迎丰股份 红宝丽 *ST岭南 红墙股份 朝阳科技,10678762
353,财通证券股份有限公司温岭中华路证券营业部,2025-05-29,1,1,67863010.2,21640376.08,46222634.12,丽人丽妆,10022026
354,方正证券股份有限公司乐山龙游路证券营业部,2025-05-06,1,0,46329210.0,137277.0,46191933.0,红宝丽,10057044
355,华鑫证券有限责任公司上海光复路证券营业部,2025-05-07,3,2,77303408.0,31144966.24,46158441.76,润贝航科 电光科技 中欣氟材,10993987
356,华鑫证券有限责任公司上海宛平南路证券营业部,2025-05-22,2,0,46671085.0,691432.0,45979653.0,海辰药业 鸿铭股份,10028416
357,国盛证券有限责任公司杭州江锦路证券营业部,2025-05-16,1,0,45978220.0,,45978220.0,宁波远洋,10941153
358,国信证券股份有限公司深圳互联网分公司,2025-05-13,1,0,47546988.0,1627615.0,45919373.0,宏景科技,10136477
359,中泰证券股份有限公司江西分公司,2025-05-30,1,0,45882524.0,16995.0,45865529.0,创新医疗,10668235
360,中国银河证券股份有限公司杭州双龙街证券营业部,2025-05-22,1,0,45833407.5,,45833407.5,综艺股份,10763954
361,东方财富证券股份有限公司拉萨团结路第一证券营业部,2025-05-20,17,17,340987049.54,295254655.65,45732393.89,芭薇股份 华纺股份 渝三峡A 梦网科技 胜业电气 旭杰科技 保变电气 红宝丽 尤夫股份 华光源海 宁波海运 欧菲光 佳合科技 通达股份 连云港 宁波远洋 贝因美 万安科技 锦江航运 利君股份 红墙股份 京运通 苏州龙杰 丽人丽妆 集泰股份 豪恩汽电,10484371
362,浙商证券股份有限公司杭州五星路证券营业部,2025-05-28,2,0,45280739.0,0.0,45280739.0,联化科技 玉禾田,10949092
363,东方证券股份有限公司厦门仙岳路证券营业部,2025-05-21,2,0,45303923.0,92631.0,45211292.0,金龙羽 领湃科技,10492163
364,中信证券股份有限公司西安朱雀大街证券营业部,2025-05-12,1,0,45209443.0,1856.0,45207587.0,万向钱潮,10453418
365,国泰海通证券股份有限公司上海徐汇区宛平南路证券营业部,2025-05-23,2,2,106816709.78,61884613.64,44932096.14,永安药业 京华激光 赛隆退,10023418
366,东亚前海证券有限责任公司上海分公司,2025-05-23,2,2,91513791.5,46683236.07,44830555.43,浪莎股份 赛隆退 综艺股份 慧博云通,10924074
367,浙商证券股份有限公司宁波分公司,2025-05-28,1,0,44620222.82,0.0,44620222.82,联化科技,10484761
368,东方财富证券股份有限公司上海东方路证券营业部,2025-05-29,1,0,44544386.0,,44544386.0,ST金顶,10028472
369,华泰证券股份有限公司总部,2025-05-28,2,0,43977424.0,,43977424.0,乐惠国际 锦泓集团,10028451
370,国泰海通证券股份有限公司上海长宁区江苏路证券营业部,2025-05-28,3,1,54666378.0,10843718.44,43822659.56,滨海能源 国芳集团 美邦股份,10025080
371,方正证券股份有限公司重庆金开大道证券营业部,2025-05-21,1,0,43613557.5,,43613557.5,会稽山,10485013
372,联储证券股份有限公司上海松林路证券营业部,2025-05-30,1,0,43573385.0,0.0,43573385.0,元隆雅图,10516788
373,国泰海通证券股份有限公司南京太平南路证券营业部,2025-05-19,2,0,43857731.0,385434.0,43472297.0,安纳达 尤夫股份,10025054
374,华源证券股份有限公司武汉分公司,2025-05-28,2,0,43331615.0,0.0,43331615.0,水羊股份 苏州龙杰,10000722572
375,恒泰证券股份有限公司上海河南南路证券营业部,2025-05-23,2,0,44433813.0,1172869.0,43260944.0,金龙羽 海辰药业,10456489
376,华泰证券股份有限公司镇江黄山南路证券营业部,2025-05-30,1,0,43194258.0,,43194258.0,福龙马,10408855
377,五矿证券有限公司深圳滨海大道证券营业部,2025-05-13,1,0,43109799.0,69483.0,43040316.0,宏景科技,10537368
378,国信证券股份有限公司杭州迎宾路证券营业部,2025-05-15,1,0,43073235.0,86781.0,42986454.0,永安药业,10510597
379,国盛证券有限责任公司宁波桑田路证券营业部,2025-05-14,4,2,103399534.12,60443259.74,42956274.38,嘉诚国际 万向钱潮 成飞集成 集泰股份 长华化学,10456710
380,国盛证券有限责任公司宁波桑田路营业部,2025-05-14,4,2,103399534.12,60443259.74,42956274.38,天工股份,10456710
381,中国银河证券股份有限公司绍兴证券营业部,2025-05-12,2,0,43452968.93,537815.0,42915153.93,渝三峡A 宏达高科,10023543
382,天风证券股份有限公司上海浦东分公司,2025-05-20,1,0,42846088.0,,42846088.0,三生国健,10944812
383,东方财富证券股份有限公司拉萨金融城南环路证券营业部,2025-05-19,14,14,347824517.78,305083338.32,42741179.46,退市锦港 常辅股份 吉林化纤 *ST华幸 渝三峡A 华纺股份 国航远洋 连云港 红宝丽 宁波远洋 成飞集成 尤夫股份 锦江航运 苏州龙杰 *ST集友 天汽模 迎丰股份 通达股份 集泰股份 太力科技,10678762
384,国泰海通证券股份有限公司上海静安区新闸路证券营业部,2025-05-20,2,1,74213544.0,31594888.0,42618656.0,欧菲光 中超控股 一品红,10430845
385,华鑫证券有限责任公司上海光复路证券营业部,2025-05-28,1,0,42800678.0,197463.0,42603215.0,永安药业,10993987
386,中信证券股份有限公司上海分公司,2025-05-07,8,6,174070294.82,131473603.22,42596691.6,湖南天雁 合锻智能 天和磁材 肯特催化 南方路机 金麒麟 春光科技 *ST四通 正和生态 精进电动,10135341
387,华鑫证券有限责任公司上海光复路证券营业部,2025-05-22,2,0,42565148.0,,42565148.0,宝光股份 综艺股份,10993987
388,华鑫证券有限责任公司上海红宝石路证券营业部,2025-05-07,1,0,42846366.0,386632.0,42459734.0,宗申动力,10582975
389,东方财富证券股份有限公司拉萨东环路第二证券营业部,2025-05-21,19,16,366693168.29,324378391.92,42314776.37,航天动力 东方碳素 国华退 华纺股份 灵鸽科技 渝三峡A 宁波海运 亚太实业 宁新新材 湖南发展 连云港 宁波远洋 武汉蓝电 信隆健康 肯特催化 安纳达 红宝丽 圣晖集成 苏州龙杰 成飞集成 通达股份 红墙股份 集泰股份 普利退 一品红 浙江华远,10472087
390,开源证券股份有限公司西安高新成章路证券营业部,2025-05-22,2,0,42007814.0,0.0,42007814.0,浪莎股份 国光电器,10657381
391,华宝证券股份有限公司上海东大名路证券营业部,2025-05-08,4,3,84202656.0,42284945.59,41917710.41,豪24转债 天邦食品 *ST沐邦 海能达 利君股份 华伍股份 爱乐达,10456831
392,国泰海通证券股份有限公司宜昌沿江大道证券营业部,2025-05-20,1,0,41915915.0,,41915915.0,苏州龙杰,10026729
393,东亚前海证券有限责任公司上海分公司,2025-05-22,2,1,55544164.0,13672705.0,41871459.0,双成药业 浪莎股份 综艺股份,10924074
394,长江证券股份有限公司深圳红荔路证券营业部,2025-05-08,1,0,41877218.0,79797.0,41797421.0,金龙机电,10046511
395,中国银河证券股份有限公司厦门嘉禾路证券营业部,2025-05-29,2,1,52776057.59,11072653.0,41703404.59,古麒绒材 汇得科技 王子新材,10023542
396,华鑫证券有限责任公司上海茅台路证券营业部,2025-05-08,3,0,41664304.0,,41664304.0,上海凤凰 佳力图 磁谷科技,10028419
397,东莞证券股份有限公司厦门分公司,2025-05-07,3,0,57909931.48,16323852.98,41586078.5,建设工业 华阳变速 慧为智能,10145500
398,东方财富证券股份有限公司拉萨东环路第二证券营业部,2025-05-09,15,11,252503321.71,210967017.03,41536304.68,华阳新材 晟楠科技 渝三峡A 芭薇股份 华胜天成 炼石航空 莱赛激光 茂业商业 红宝丽 中超控股 全筑股份 慧为智能 南方精工 ST章鼓 利君股份 *ST岭南 红墙股份 九洲集团 华伍股份 狄耐克 众捷汽车,10472087
399,南京证券股份有限公司镇江中山东路证券营业部,2025-05-27,1,0,41528106.0,,41528106.0,会稽山,10066071
400,财通证券股份有限公司温岭中华路证券营业部,2025-05-16,1,2,55563090.64,14097455.91,41465634.73,洪通燃气 拓新药业 芭薇股份,10022026
401,国融证券股份有限公司青岛分公司,2025-05-30,1,0,41186019.0,0.0,41186019.0,海联金汇,10467512
402,东方财富证券股份有限公司拉萨东环路第一证券营业部,2025-05-13,7,2,77301101.6,36156573.17,41144528.43,卓兆点胶 *ST沐邦 富岭股份 七丰精工 麒盛科技 鑫磊股份 华光源海 国航远洋,10428246
403,世纪证券有限责任公司深圳罗湖分公司,2025-05-12,1,0,41091700.0,,41091700.0,华纺股份,10000926098
404,华泰证券股份有限公司上海武定路证券营业部,2025-05-26,1,0,41066564.84,,41066564.84,空港股份,10098087
405,华鑫证券有限责任公司上海分公司,2025-05-29,2,1,43502411.9,2442615.0,41059796.9,*ST四通 鸿博股份 天阳转债,10274545
406,华鑫证券有限责任公司深圳财富大厦证券营业部,2025-05-26,3,0,41086659.42,53465.0,41033194.42,郑中设计 通达电气 永冠新材,10000734168
407,华鑫证券有限责任公司上海宛平南路证券营业部,2025-05-13,1,0,40957583.04,2050.0,40955533.04,宁波东力,10028416
408,长江证券股份有限公司上海分公司,2025-05-19,1,0,40917241.0,,40917241.0,*ST华幸,10484958
409,国联民生证券股份有限公司北京分公司,2025-05-16,1,0,40623920.0,6141.0,40617779.0,中欣氟材,10485044
410,中信证券股份有限公司上海分公司,2025-05-15,6,2,146829377.84,106289563.6,40539814.24,宏工科技 退市苏吴 返利科技 中毅达 ST新华锦 航天南湖,10135341
411,华鑫证券有限责任公司上海分公司,2025-05-06,2,1,52241993.2,11718921.0,40523072.2,诚邦股份 岩山科技 正和生态 欧通转债,10274545
412,东北证券股份有限公司盐城腾飞路证券营业部,2025-05-20,1,0,40426632.76,0.0,40426632.76,丰茂股份,10637140
413,兴业证券股份有限公司武汉新华路证券营业部,2025-05-19,1,0,40413434.0,,40413434.0,龙溪股份,10056120
414,平安证券股份有限公司杭州杭大路证券营业部,2025-05-06,1,0,41704749.0,1295450.0,40409299.0,鸿博股份,10000136805
415,国泰海通证券股份有限公司深圳益田路证券营业部,2025-05-09,1,0,40454843.28,181963.0,40272880.28,*ST天箭,10025388
416,东莞证券股份有限公司常熟东南大道证券营业部,2025-05-07,4,0,71947984.9,31676515.0,40271469.9,肯特催化 红宝丽 *ST东珠 绿康生化,10000667965
417,国泰海通证券股份有限公司上海松江区中山东路证券营业部,2025-05-19,1,0,40309484.0,41032.0,40268452.0,吉林化纤,10134445
418,国泰海通证券股份有限公司上海江苏路证券营业部,2025-05-07,2,0,51433351.0,11172387.48,40260963.52,天娱数科,10025080
419,国泰海通证券股份有限公司上海长宁区江苏路证券营业部,2025-05-07,2,0,51433351.0,11172387.48,40260963.52,*ST凌云B,10025080
420,国泰海通证券股份有限公司上海松江区中山东路证券营业部,2025-05-28,1,0,40271234.82,11050.0,40260184.82,水羊股份,10134445
421,国金证券股份有限公司上海静安区南京西路证券营业部,2025-05-09,4,1,53382785.37,13126058.89,40256726.48,ST海钦 ST章鼓 *ST网达 众捷汽车 麒盛科技,10342130
422,中信证券股份有限公司浙江分公司,2025-05-28,4,4,175693786.47,135554575.35,40139211.12,成飞集成 安通控股 融发核电 中毅达 京华激光 雪人集团 郑中设计,10520724
423,国金证券股份有限公司海南分公司,2025-05-28,1,0,40082350.0,,40082350.0,德邦股份,10000213458
424,中国银河证券股份有限公司沈阳大北关街证券营业部,2025-05-08,1,0,42647958.0,2594010.0,40053948.0,中欣氟材,10023594
425,华泰证券股份有限公司上海武定路证券营业部,2025-05-13,3,0,40053559.0,109497.0,39944062.0,*ST华西 华纺股份 *ST沐邦,10098087
426,华鑫证券有限责任公司深圳益田路证券营业部,2025-05-16,2,0,39920132.0,0.0,39920132.0,日发精机 宁波海运,10495078
427,浙商证券股份有限公司丽水分公司,2025-05-09,1,0,39774094.0,0.0,39774094.0,山东墨龙,10021969
428,中信建投证券股份有限公司杭州庆春路证券营业部,2025-05-20,1,0,39700574.0,,39700574.0,亚泰集团,10033779
429,方正证券股份有限公司乐山龙游路证券营业部,2025-05-28,1,0,39694921.55,,39694921.55,合锻智能,10057044
430,国泰海通证券股份有限公司宜昌沿江大道证券营业部,2025-05-21,3,2,122851324.5,83160240.61,39691083.89,乐山电力 安纳达 苏州龙杰 舒泰神 宏工科技,10026729
431,联储证券股份有限公司上海松林路证券营业部,2025-05-29,1,1,54534589.3,14890447.3,39644142.0,莱绅通灵 中超控股,10516788
432,国投证券股份有限公司西安朱雀大街证券营业部,2025-05-14,1,0,39476932.0,48322.0,39428610.0,红宝丽,10561512
433,中泰证券股份有限公司江西分公司,2025-05-09,1,0,39344907.0,0.0,39344907.0,武汉凡谷,10668235
434,国泰海通证券股份有限公司深圳深南大道京基一百证券营业部,2025-05-09,1,0,42349072.0,3010077.0,39338995.0,红墙股份,10717069
435,国泰海通证券股份有限公司南京太平南路证券营业部,2025-05-15,2,0,39872226.0,604830.0,39267396.0,通达股份 京运通,10025054
436,华鑫证券有限责任公司上海茅台路证券营业部,2025-05-29,3,1,49642508.0,10382643.0,39259865.0,远东股份 联明股份 概伦电子,10028419
437,国泰海通证券股份有限公司成都北一环路证券营业部,2025-05-07,2,1,49803781.0,10565515.0,39238266.0,大众交通 京运通,10026897
438,东方证券股份有限公司福州五四路证券营业部,2025-05-21,2,0,42464578.8,3290948.84,39173629.96,郑中设计 领湃科技,10456965
439,国金证券股份有限公司宁波江澄南路证券营业部,2025-05-15,1,0,39119499.64,0.0,39119499.64,成飞集成,10000125619
440,海通证券股份有限公司长沙五一大道营业部,2025-05-12,1,0,39062740.8,12500.0,39050240.8,七丰精工,10099191
441,联储证券股份有限公司重庆江北嘴证券营业部,2025-05-16,1,0,39008654.0,,39008654.0,宁波远洋,10516789
442,国盛证券有限责任公司南昌金融大街证券营业部,2025-05-23,1,0,39312119.0,315871.0,38996248.0,国风新材,10456701
443,沪股通专用,2025-05-09,5,3,256549480.93,217763929.63,38785551.3,华胜天成 淮河能源 茂业商业 浙江荣泰 航天南湖,10434470
444,沪股通专用,2025-05-29,3,4,168515291.82,129730688.06,38784603.76,远东股份 四创电子 概伦电子 益方生物,10434470
445,光大证券股份有限公司上海淮海中路证券营业部,2025-05-28,1,1,95839000.86,57145556.18,38693444.68,德邦股份,10125410
446,金元证券股份有限公司海南分公司,2025-05-19,1,0,38618234.6,34902.0,38583332.6,成飞集成,10023498
447,东方证券股份有限公司无锡新生路证券营业部,2025-05-22,1,0,38360258.0,72552.0,38287706.0,中恒电气,10517841
448,甬兴证券有限公司宁波和源路证券营业部,2025-05-21,2,0,38120246.0,0.0,38120246.0,华纺股份 信邦智能,10000147202
449,国海证券股份有限公司上海世纪大道证券营业部,2025-05-15,1,0,38109925.3,34758.0,38075167.3,宏工科技,10192603
450,国盛证券有限责任公司南昌金融大街证券营业部,2025-05-21,2,0,38049409.0,17615.0,38031794.0,宁波海运 湖南发展,10456701
451,国泰海通证券股份有限公司深圳益田路证券营业部,2025-05-26,1,0,38004609.0,,38004609.0,永冠新材,10025388
452,国信证券股份有限公司浙江互联网分公司,2025-05-19,7,5,253993353.04,216095744.22,37897608.82,华纺股份 渝三峡A 连云港 宁波远洋 红宝丽 尤夫股份 迎丰股份 利君股份 红墙股份,10000213448
453,国信证券股份有限公司浙江互联网分公司,2025-05-28,4,3,181747810.5,143867617.68,37880192.82,国芳集团 尤夫股份 苏州龙杰 中超控股 利君股份 王子新材,10000213448
454,华泰证券股份有限公司苏州人民路证券营业部,2025-05-27,1,0,37785303.8,149541.0,37635762.8,诺普信,10021776
455,国盛证券有限责任公司佛山分公司,2025-05-09,1,0,37495905.02,,37495905.02,星德胜,10941260
456,五矿证券有限公司深圳滨海大道证券营业部,2025-05-30,1,0,37264596.16,,37264596.16,久事动娱,10537368
457,东北证券股份有限公司青岛分公司,2025-05-16,1,1,41174426.24,3949581.0,37224845.24,ST惠程 宁波海运,10192764
458,国金证券股份有限公司海南分公司,2025-05-30,1,0,37170682.6,,37170682.6,中力股份,10000213458
459,广发证券股份有限公司南京汉中路证券营业部,2025-05-28,1,0,37130471.4,,37130471.4,乐惠国际,10046692
460,开源证券股份有限公司西安高新成章路证券营业部,2025-05-12,1,0,37107237.0,0.0,37107237.0,万向钱潮,10657381
461,开源证券股份有限公司西安太华路证券营业部,2025-05-22,5,5,193273392.35,156246808.59,37026583.76,浪莎股份 保龄宝 永安药业 爱仕达 中超控股 舒泰神 华研精机 国科天成,10477800
462,中信证券股份有限公司杭州凤起路证券营业部,2025-05-07,2,1,47473318.0,10463737.0,37009581.0,纬德信息 *ST宝馨 晨曦航空,10046604
463,中信证券股份有限公司上海分公司,2025-05-08,8,8,148686673.28,111806525.28,36880148.0,退市苏吴 新坐标 天和磁材 肯特催化 立航科技 金麒麟 中广天择 佳力图 联德股份 明新旭腾 嵘泰股份,10135341
464,中国国际金融股份有限公司上海分公司,2025-05-26,7,5,144237219.32,107538700.56,36698518.76,保变电气 永安药业 鼎龙科技 ST棕榈 肯特催化 金龙羽 天元智能 新天地 莱绅通灵 星宸科技 雪龙集团,10088113
465,广发证券股份有限公司上海浦东新区东方路证券营业部,2025-05-29,1,0,36674566.0,,36674566.0,锦泓集团,10140582
466,华鑫证券有限责任公司上海分公司,2025-05-19,1,0,36729494.0,65352.0,36664142.0,天汽模,10274545
467,国泰海通证券股份有限公司深圳益田路证券营业部,2025-05-06,1,0,36930056.8,322150.0,36607906.8,中欣氟材,10025388
468,中国中金财富证券有限公司南昌红谷中大道证券营业部,2025-05-29,1,0,36619114.95,35880.0,36583234.95,鸿博股份,10028588
469,华安证券股份有限公司广州番禺丽江花园证券营业部,2025-05-29,1,0,36536758.0,0.0,36536758.0,广聚能源,10173191
470,华安证券股份有限公司广州番禺丽江花园证券营业部,2025-05-28,1,0,36532243.0,0.0,36532243.0,广聚能源,10173191
471,招商证券股份有限公司上海牡丹江路证券营业部,2025-05-12,1,0,39335875.0,3086528.0,36249347.0,新大陆,10176549
472,东吴证券股份有限公司上海西藏南路证券营业部,2025-05-30,2,0,36218368.32,,36218368.32,久事动娱 纵横股份,10143030
473,中信建投证券股份有限公司安徽分公司,2025-05-16,1,0,36178619.0,3580.0,36175039.0,成飞集成,10158366
474,华泰证券股份有限公司深圳前海证券营业部,2025-05-20,1,0,36432344.0,260072.0,36172272.0,贝因美,10443747
475,高盛(中国)证券有限责任公司上海浦东新区世纪大道证券营业部,2025-05-16,6,3,82625560.18,46498223.75,36127336.43,*ST华幸 ST交昂 ST新华锦 天和磁材 安乃达 *ST东珠 国光连锁,10000399618
476,国盛证券有限责任公司深圳粤海街道证券营业部,2025-05-23,1,0,36014826.0,,36014826.0,京华激光,10516527
477,联储证券股份有限公司浙江分公司,2025-05-16,1,0,37362472.0,1462567.0,35899905.0,通达股份,10638001
478,国盛证券有限责任公司南昌金融大街证券营业部,2025-05-22,1,0,35959513.1,101119.0,35858394.1,青岛金王,10456701
479,中信证券(山东)有限责任公司淄博分公司,2025-05-15,2,0,35757061.08,,35757061.08,ST新华锦 海程邦达,10492356
480,申万宏源证券有限公司九江分公司,2025-05-12,1,0,35748358.0,,35748358.0,航天长峰,10470591
481,东方财富证券股份有限公司拉萨团结路第一证券营业部,2025-05-12,9,9,266164989.91,230538371.48,35626618.43,晟楠科技 百达精工 渝三峡A 七丰精工 *ST正平 襄阳轴承 华光源海 莱赛激光 润贝航科 红宝丽 保龄宝 南方精工 德力股份 豪尔赛 拓斯达 宏工科技,10484371
482,中国银河证券股份有限公司北京安贞门证券营业部,2025-05-21,1,0,40053371.7,4560010.0,35493361.7,保龄宝,10023519
483,中国银河证券股份有限公司沈阳大北关街证券营业部,2025-05-07,1,0,35662865.48,170091.0,35492774.48,中欣氟材,10023594
484,华鑫证券有限责任公司上海分公司,2025-05-20,3,1,43197880.9,7846523.0,35351357.9,浪莎股份 梦网科技 雪榕转债 金利华电,10274545
485,国泰海通证券股份有限公司上海长宁区江苏路证券营业部,2025-05-09,2,0,35313685.16,,35313685.16,华电辽能 中国瑞林,10025080
486,中国银河证券股份有限公司大连人民路证券营业部,2025-05-09,1,0,35438753.0,134129.0,35304624.0,鑫磊股份,10023511
487,华泰证券股份有限公司莱阳昌山路证券营业部,2025-05-20,1,0,35142434.71,,35142434.71,荣昌生物,10133638
488,中信建投证券股份有限公司长沙芙蓉中路证券营业部,2025-05-28,1,0,35717997.07,741437.0,34976560.07,永安药业,10021915
489,华林证券股份有限公司北京分公司,2025-05-30,2,3,165576148.46,130619581.03,34956567.43,联化科技 雄帝科技 天阳科技 久盛电气,10065511
490,华泰证券股份有限公司江西分公司,2025-05-14,2,1,49735755.24,14835088.0,34900667.24,苏州龙杰 成飞集成 天利科技,10427427
491,华泰证券股份有限公司南京大光路证券营业部,2025-05-21,2,0,36643527.6,1773414.0,34870113.6,大千生态 国华退,10021771
492,麦高证券有限责任公司成都丽都路证券营业部,2025-05-06,1,0,34793846.0,0.0,34793846.0,深圳华强,10506068
493,中泰证券股份有限公司浙江分公司,2025-05-08,1,0,34638795.0,0.0,34638795.0,华孚时尚,10000585097
494,华鑫证券有限责任公司上海分公司,2025-05-21,4,2,75085823.37,40468395.91,34617427.46,苏州龙杰 南京港 一心堂 金龙羽 赛隆退,10274545
495,国金证券股份有限公司无锡解放西路证券营业部,2025-05-30,1,1,37856854.33,3444796.24,34412058.09,峆一药业 皓元医药,10709435
496,华宝证券股份有限公司上海东大名路证券营业部,2025-05-15,1,0,35345817.0,940894.0,34404923.0,通达股份,10456831
497,国泰海通证券股份有限公司深圳益田路证券营业部,2025-05-19,1,0,34339084.0,0.0,34339084.0,利君股份,10025388
498,华泰证券股份有限公司深圳前海证券营业部,2025-05-07,2,0,39719326.0,5386955.0,34332371.0,电光科技 苏奥传感,10443747
499,高盛(中国)证券有限责任公司上海浦东新区世纪大道证券营业部,2025-05-21,5,5,130113539.8,95831560.94,34281978.86,*ST尔雅 乐山电力 退市岩石 宁波海运 肯特催化 常青股份 莱绅通灵 中邮科技,10000399618
500,华鑫证券有限责任公司上海宛平南路证券营业部,2025-05-08,3,0,34144730.0,16970.0,34127760.0,山东墨龙 中欣氟材 豪尔赛,10028416
501,国泰海通证券股份有限公司总部,2025-05-12,10,8,104157452.15,70031595.89,34125856.26,返利科技 华电辽能 赛福天 中国瑞林 南方路机 百达精工 苏州龙杰 安乃达 ST东尼 春光科技 天微电子 航天南湖 中邮科技,10004865
502,广发证券股份有限公司上海浦东新区东方路证券营业部,2025-05-14,1,0,34731640.0,632512.0,34099128.0,利君股份,10140582
503,国泰海通证券股份有限公司广州珠江新城证券营业部,2025-05-21,1,0,34088333.28,,34088333.28,中毅达,10000186653
504,东亚前海证券有限责任公司浙江分公司,2025-05-23,2,0,34032166.41,37697.32,33994469.09,海森药业 新天地,10000011376
505,兴业证券股份有限公司厦门湖里大道证券营业部,2025-05-12,1,0,34131026.0,232303.0,33898723.0,恒而达,10119151
506,甬兴证券有限公司台州分公司,2025-05-08,1,0,33897200.0,,33897200.0,航天长峰,10000505782
507,财通证券股份有限公司杭州东湖南路证券营业部,2025-05-09,1,1,42208082.74,8393382.0,33814700.74,华纺股份 麒盛科技,10082587
508,华鑫证券有限责任公司深圳益田路证券营业部,2025-05-13,1,0,33802061.0,0.0,33802061.0,青岛金王,10495078
509,甬兴证券有限公司天津解放北路证券营业部,2025-05-27,1,0,33744632.0,0.0,33744632.0,金龙羽,10000565545
510,深股通专用,2025-05-22,4,4,248742060.33,215059314.76,33682745.57,国光电器 昆仑万维 国科天成 新铝时代,10634757
511,中信建投证券股份有限公司杭州庆春路证券营业部,2025-05-26,1,0,33546624.04,,33546624.04,京华激光,10033779
512,上海证券有限责任公司宁波北仑新大路证券营业部,2025-05-20,3,0,34100099.83,609290.65,33490809.18,胜业电气 曼卡龙 佳合科技,10000004537
513,中国银河证券股份有限公司沈阳大北关街证券营业部,2025-05-26,2,1,99628796.18,66167268.41,33461527.77,苏州龙杰 永安药业 京华激光,10023594
514,中信建投证券股份有限公司北京东城分公司,2025-05-27,1,1,39908439.38,6489443.91,33418995.47,ST海龙 骑士乳业,10048194
515,国泰海通证券股份有限公司深圳益田路证券营业部,2025-05-22,1,0,33638374.0,290938.0,33347436.0,利君股份,10025388
516,联储证券股份有限公司宁波分公司,2025-05-13,2,0,33336073.0,0.0,33336073.0,宏景科技 退市创兴,10915756
517,东方证券股份有限公司上海浦东新区张杨路证券营业部,2025-05-15,1,1,33260035.8,5850.0,33254185.8,拉芳家化 *ST凌云B,10094413
518,开源证券股份有限公司西安太华路证券营业部,2025-05-09,7,6,225682693.4,192482690.88,33200002.52,春光科技 武汉凡谷 佳力图 中超控股 迎丰股份 南方精工 ST章鼓 *ST冀凯 侨银股份 *ST天箭 远信工业 鑫磊股份,10477800
519,东方财富证券股份有限公司拉萨东环路第一证券营业部,2025-05-16,7,3,59543013.62,26344787.83,33198225.79,盛泰集团 七丰精工 甘化科工 万德股份 国光连锁 茂化实华 森萱医药 泽润新能,10428246
520,财通证券股份有限公司绍兴人民中路证券营业部,2025-05-20,1,0,33192303.09,,33192303.09,荣昌生物,10026980
521,国泰海通证券股份有限公司北京国贸证券营业部,2025-05-27,1,0,33088423.0,,33088423.0,合锻智能,10949120
522,东方财富证券股份有限公司拉萨东环路第二证券营业部,2025-05-12,13,10,354867546.3,321794797.83,33072748.47,晟楠科技 渝三峡A 宜宾纸业 航天长峰 七丰精工 襄阳轴承 百达精工 红宝丽 *ST正平 南方精工 迎丰股份 莱赛激光 利君股份 乐创技术 豪尔赛 华伍股份 普利退 中航成飞,10472087
523,华鑫证券有限责任公司南京清凉门大街证券营业部,2025-05-19,1,0,33099860.0,28435.0,33071425.0,吉林化纤,10993985
524,国盛证券有限责任公司宁波桑田路证券营业部,2025-05-09,2,1,38280384.93,5219385.0,33060999.93,豪尔赛 顺景科技 航天南湖,10456710
525,山西证券股份有限公司湖南分公司,2025-05-09,1,0,33058518.6,,33058518.6,麒盛科技,10698470
526,中信证券股份有限公司上海徐汇区漕溪北路证券营业部,2025-05-08,1,0,33240144.0,238582.0,33001562.0,东华软件,10131242
527,五矿证券有限公司深圳滨海大道证券营业部,2025-05-20,1,0,32989371.94,,32989371.94,浙文互联,10537368
528,瑞银证券有限责任公司上海浦东新区花园石桥路第二证券营业部,2025-05-09,6,3,67224216.19,34314882.76,32909333.43,华阳新材 华电辽能 全筑股份 *ST网达 中国瑞林 星德胜 安乃达 春光科技,10342152
529,华源证券股份有限公司武汉分公司,2025-05-19,1,0,32799889.0,0.0,32799889.0,利君股份,10000722572
530,申万宏源证券有限公司上海闵行区东川路证券营业部,2025-05-19,1,0,32790476.5,138616.0,32651860.5,丰茂股份,10131320
531,兴业证券股份有限公司厦门湖里大道证券营业部,2025-05-19,1,0,32552150.0,,32552150.0,龙溪股份,10119151
532,长江证券股份有限公司昆明白龙路证券营业部,2025-05-16,1,0,32908562.96,436482.0,32472080.96,中洲特材,10338860
533,光大证券股份有限公司昆明人民中路营业部,2025-05-20,2,0,32640983.24,186347.43,32454635.81,五新智能 佳合科技,10048514
534,华宝证券股份有限公司上海东大名路证券营业部,2025-05-09,1,0,32788982.0,335692.0,32453290.0,鑫磊股份,10456831
535,平安证券股份有限公司深圳分公司,2025-05-13,1,0,32532801.88,91680.0,32441121.88,*ST天箭,10048273
536,东方证券股份有限公司厦门仙岳路证券营业部,2025-05-08,4,1,56701485.65,24277044.0,32424441.65,奥普光电 退市创兴 退市熊猫 迪生力,10492163
537,东方证券股份有限公司厦门仙岳路营业部,2025-05-08,4,1,56701485.65,24277044.0,32424441.65,七丰精工,10492163
538,高盛(中国)证券有限责任公司上海浦东新区世纪大道证券营业部,2025-05-29,4,4,78978561.22,46634372.0,32344189.22,苏州龙杰 通达电气 福龙马 *ST四通 浙江自然 汉邦科技,10000399618
539,国泰海通证券股份有限公司襄阳檀溪路证券营业部,2025-05-27,1,0,32774043.0,443067.0,32330976.0,青岛金王,10079360
540,广发证券股份有限公司天津环湖中路证券营业部,2025-05-30,1,0,32214227.0,,32214227.0,绿能慧充,10021807
541,中泰证券股份有限公司湖北分公司,2025-05-13,1,0,32192765.0,4840.0,32187925.0,电投产融,10484897
542,兴业证券股份有限公司上海天钥桥路证券营业部,2025-05-19,1,0,32159018.0,,32159018.0,龙溪股份,10027015
543,中泰证券股份有限公司江西分公司,2025-05-27,1,0,32194032.0,45507.0,32148525.0,青岛金王,10668235
544,东方财富证券股份有限公司拉萨团结路第二证券营业部,2025-05-30,9,7,139197121.28,107132965.15,32064156.13,永安药业 汇得科技 三友科技 融发核电 峆一药业 海联金汇 瑞奇智造 *ST华西 浩淼科技 睿智医药 广康生化 久盛电气 新天地,10495103
545,光大证券股份有限公司广州马场路证券营业部,2025-05-15,1,0,32000207.0,60438.0,31939769.0,渝三峡A,10331995
546,华鑫证券有限责任公司江苏分公司,2025-05-20,1,0,31929299.0,,31929299.0,拉芳家化,10442978
547,甬兴证券有限公司宁波和源路证券营业部,2025-05-09,2,0,31903861.47,0.0,31903861.47,佳力图 润贝航科,10000147202
548,华泰证券股份有限公司常州东横街证券营业部,2025-05-06,1,0,37451562.0,5573278.0,31878284.0,南方精工,10021989
549,中国国际金融股份有限公司北京建国门外大街证券营业部,2025-05-13,3,3,62324250.46,30467052.99,31857197.47,航天长峰 锦江航运 安乃达 *ST沐邦 哈森股份 航天南湖,10050414
550,联储证券股份有限公司浙江分公司,2025-05-29,1,0,32074069.0,258826.0,31815243.0,拉卡拉,10638001
551,中泰证券股份有限公司常州惠国路证券营业部,2025-05-28,5,2,60409268.0,28698508.0,31710760.0,劲旅环境 乐惠国际 华森制药 汇得科技 南都物业 江苏新能 利柏特,10741097
552,广发证券股份有限公司郑州农业路证券营业部,2025-05-16,1,0,32153682.0,458519.0,31695163.0,永安药业,10031937
553,国泰海通证券股份有限公司北京国贸证券营业部,2025-05-26,1,0,31547900.0,,31547900.0,合锻智能,10949120
554,中国银河证券股份有限公司成都科华北路证券营业部,2025-05-19,1,0,31508609.0,,31508609.0,日盈电子,10042432
555,东莞证券股份有限公司成都高升桥路证券营业部,2025-05-09,1,0,31505310.89,,31505310.89,星德胜,10000234303
556,浙商证券股份有限公司宁波分公司,2025-05-21,2,1,47169553.8,15677139.0,31492414.8,空港股份 露笑科技 路畅科技,10484761
557,国盛证券有限责任公司杭州江锦路证券营业部,2025-05-06,1,0,31465575.31,2435.0,31463140.31,星帅尔,10941153
558,山西证券股份有限公司湖南分公司,2025-05-06,1,0,31420862.9,,31420862.9,汉商集团,10698470
559,国融证券股份有限公司深圳沙河西路证券营业部,2025-05-30,1,0,31351934.0,0.0,31351934.0,御银股份,10140742
560,华泰证券股份有限公司湖南分公司,2025-05-08,1,0,33003200.0,1664965.0,31338235.0,东方中科,10401973
561,华鑫证券有限责任公司苏州总官堂路证券营业部,2025-05-29,1,0,31302520.0,0.0,31302520.0,拉卡拉,10456807
562,华泰证券股份有限公司深圳益田路证券营业部,2025-05-23,1,0,31267947.0,,31267947.0,合锻智能,10434562
563,国泰海通证券股份有限公司上海静安区新闸路证券营业部,2025-05-09,2,2,130621267.0,99523647.27,31097619.73,襄阳轴承 中超控股 南方精工,10430845
564,粤开证券股份有限公司深圳深南大道证券营业部,2025-05-29,1,1,45481201.52,14429860.0,31051341.52,侨银股份 天阳科技,10747420
565,东莞证券股份有限公司常熟东南大道证券营业部,2025-05-29,1,0,31000424.0,,31000424.0,通达电气,10000667965
566,国泰海通证券股份有限公司上海徐汇区宛平南路证券营业部,2025-05-22,1,0,30928177.0,,30928177.0,通达电气,10023418
567,浙商证券股份有限公司宁波分公司,2025-05-16,1,0,31209829.0,300233.0,30909596.0,王子新材,10484761
568,中信证券股份有限公司北京安外大街证券营业部,2025-05-20,1,1,52328728.0,21801063.28,30527664.72,苏州龙杰 潮宏基,10045007
569,中信证券股份有限公司杭州凤起路证券营业部,2025-05-19,1,0,30457825.0,88552.0,30369273.0,通达股份,10046604
570,国泰海通证券股份有限公司东莞总部一路证券营业部,2025-05-16,1,0,30356293.0,,30356293.0,丽人丽妆,10000673606
571,华林证券股份有限公司北京分公司,2025-05-23,1,0,30275190.0,35824.0,30239366.0,金龙羽,10065511
572,华泰证券股份有限公司上海武定路证券营业部,2025-05-06,4,1,32955155.83,2768800.38,30186355.45,卓兆点胶 京运通 新能股份 贤丰控股 川大智胜,10098087
573,国投证券股份有限公司西安朱雀大街证券营业部,2025-05-12,1,0,30208791.6,64121.0,30144670.6,晨曦航空,10561512
574,中国银河证券股份有限公司北京中关村大街证券营业部,2025-05-09,2,0,30143676.98,0.0,30143676.98,*ST网达 山东墨龙,10115140
575,华源证券股份有限公司江苏分公司,2025-05-19,2,0,30115980.0,0.0,30115980.0,万安科技 综艺股份,10484864
576,国泰海通证券股份有限公司上海浦东新区海阳西路证券营业部,2025-05-12,2,3,292300260.0,262209157.8,30091102.2,万向钱潮 航天长峰 宏达高科 拓斯达 中航成飞,10000526029
577,财通证券股份有限公司温岭中华路证券营业部,2025-05-30,1,1,76353761.99,46267103.0,30086658.99,丽人丽妆,10022026
578,华福证券有限责任公司杭州五星路证券营业部,2025-05-29,1,0,30005524.0,,30005524.0,通达电气,10709086
579,广发证券股份有限公司广州马场路广发证券大厦证券营业部,2025-05-09,2,0,29979854.0,0.0,29979854.0,佳力图 豪尔赛,10135364
580,华鑫证券有限责任公司上海云锦路证券营业部,2025-05-22,1,0,29928960.0,0.0,29928960.0,中恒电气,10048457
581,华鑫证券有限责任公司成都交子大道证券营业部,2025-05-26,2,0,29905229.0,0.0,29905229.0,科捷智能 中科信息,10456795
582,国泰海通证券股份有限公司成都北一环路证券营业部,2025-05-27,1,0,29956059.0,62807.0,29893252.0,ST云动,10026897
583,湘财证券股份有限公司杭州五星路证券营业部,2025-05-20,1,0,29873260.12,,29873260.12,铁流股份,10916991
584,国泰海通证券股份有限公司温岭万昌中路证券营业部,2025-05-08,1,0,29868832.0,,29868832.0,豪能股份,10719913
585,中国银河证券股份有限公司厦门嘉禾路证券营业部,2025-05-21,2,1,91602198.2,61745698.0,29856500.2,红宝丽 成飞集成 利君股份,10023542
586,山西证券股份有限公司浙江分公司,2025-05-21,2,0,29805273.0,0.0,29805273.0,滨海能源 天汽模,10737984
587,国盛证券有限责任公司杭州江锦路证券营业部,2025-05-20,1,0,29801694.1,0.0,29801694.1,天元宠物,10941153
588,东方证券股份有限公司无锡新生路证券营业部,2025-05-27,2,0,29867884.8,155460.0,29712424.8,智莱科技 均瑶健康,10517841
589,中泰证券股份有限公司北京朝外大街证券营业部,2025-05-07,1,0,29708487.05,,29708487.05,纬德信息,10021899
590,甬兴证券有限公司深圳分公司,2025-05-22,2,0,29634998.69,,29634998.69,重庆港 空港股份,10000383419
591,中国国际金融股份有限公司上海分公司,2025-05-16,4,3,98811738.78,69191442.94,29620295.84,天和磁材 利君股份 国光连锁 红墙股份 新瀚新材 长华化学,10088113
592,中国银河证券股份有限公司临沂沂蒙路证券营业部,2025-05-21,1,0,34965774.0,5368435.0,29597339.0,成飞集成,10421349
593,国信证券股份有限公司深圳泰然九路证券营业部,2025-05-20,1,0,29583431.71,,29583431.71,正弦电气,10078443
594,中信证券股份有限公司北京安外大街证券营业部,2025-05-26,2,0,29960712.43,426365.0,29534347.43,科捷智能 郑中设计,10045007
595,中泰证券股份有限公司青岛青石路证券营业部,2025-05-08,1,0,29422512.0,0.0,29422512.0,沃尔核材,10000504271
596,国金证券股份有限公司深圳分公司,2025-05-29,2,0,32047901.61,2633539.19,29414362.42,胜业电气 京华激光,10000104821
597,国泰海通证券股份有限公司上海徐汇区宛平南路证券营业部,2025-05-16,2,0,29378770.46,0.0,29378770.46,郑中设计 *ST东珠,10023418
598,东方财富证券股份有限公司拉萨东环路第一证券营业部,2025-05-28,10,5,141405416.38,112050530.93,29354885.45,华光源海 苏州龙杰 安纳达 瑞奇智造 成飞集成 永冠新材 明牌珠宝 骑士乳业 莱绅通灵 王子新材 郑中设计 赛隆退 中旗股份,10428246
599,上海证券有限责任公司上海分公司,2025-05-28,1,0,29263502.0,,29263502.0,德邦股份,10913317
600,联储证券股份有限公司杭州西湖桃源岭证券营业部,2025-05-12,1,0,29159900.0,0.0,29159900.0,恒而达,10000866015
601,中信证券股份有限公司上海溧阳路证券营业部,2025-05-30,1,0,29155103.24,,29155103.24,京华激光,10045025
602,华鑫证券有限责任公司上海梅园路证券营业部,2025-05-08,1,0,29124832.0,0.0,29124832.0,奥普光电,10000228198
603,华鑫证券有限责任公司上海光复路证券营业部,2025-05-26,2,1,37212798.58,8144334.0,29068464.58,鼎龙科技 苏州龙杰 永冠新材,10993987
604,华鑫证券有限责任公司上海光复路证券营业部,2025-05-09,3,0,41461996.0,12412336.58,29049659.42,*ST天箭 淮河能源 迎丰股份,10993987
605,国联民生证券股份有限公司无锡中山路证券营业部,2025-05-29,1,0,31387043.3,2491136.0,28895907.3,拉卡拉,10030315
606,华泰证券股份有限公司深圳益田路证券营业部,2025-05-16,1,0,28808878.34,54942.0,28753936.34,恒鑫生活,10434562
607,申万宏源证券有限公司上海闵行区东川路证券营业部,2025-05-20,2,1,95749215.44,67207210.0,28542005.44,利扬芯片 丰茂股份,10131320
608,华泰证券股份有限公司北京东三环北路证券营业部,2025-05-23,1,1,38011051.0,9523499.0,28487552.0,雪人集团 宝光股份,10079640
609,沪股通专用,2025-05-19,4,6,205095702.68,176765114.1,28330588.58,*ST华幸 百利电气 综艺股份 连云港 锦江航运 三生国健,10434470
610,中国银河证券股份有限公司柳州友谊路证券营业部,2025-05-26,1,0,30012627.64,1781105.0,28231522.64,中超控股,10339031
611,广发证券股份有限公司南京汉中路证券营业部,2025-05-22,1,1,55126206.0,26926212.51,28199993.49,中毅达 宜宾纸业,10046692
612,华泰证券股份有限公司总部,2025-05-08,2,0,28159072.41,,28159072.41,明新旭腾 磁谷科技,10028451
613,中国银河证券股份有限公司成都武阳大道证券营业部,2025-05-14,1,0,28313358.0,206904.0,28106454.0,利君股份,10768379
614,国泰海通证券股份有限公司上海静安区新闸路证券营业部,2025-05-14,2,1,79780373.0,51686069.44,28094303.56,襄阳轴承 青岛金王 长华化学,10430845
615,联储证券股份有限公司重庆江北嘴证券营业部,2025-05-22,1,1,54917643.6,26859410.0,28058233.6,中毅达 宜宾纸业,10516789
616,麦高证券有限责任公司北京分公司,2025-05-28,3,1,32863425.1,4833398.2,28030026.9,鼎龙科技 正和生态,10488161
617,麦高证券有限责任公司北京第二分公司,2025-05-28,3,1,32863425.1,4833398.2,28030026.9,博世科,10488161
618,东方财富证券股份有限公司拉萨团结路第二证券营业部,2025-05-28,11,9,132642894.93,104651712.1,27991182.83,华光源海 波导股份 成飞集成 *ST精伦 瑞奇智造 利君股份 金龙羽 鼎龙科技 骑士乳业 中旗股份 江苏新能 新天地 *ST正平,10495103
619,中信证券股份有限公司上海徐汇区漕溪北路证券营业部,2025-05-14,1,0,27983453.0,15836.0,27967617.0,锦龙股份,10131242
620,联储证券股份有限公司宁波分公司,2025-05-20,2,1,48433768.0,20502973.0,27930795.0,浙文互联 渝三峡A 万安科技,10915756
621,国泰海通证券股份有限公司上海长宁区江苏路证券营业部,2025-05-26,2,0,31235085.68,3387997.71,27847087.97,海森药业 ST棕榈,10025080
622,中国银河证券股份有限公司广州华夏路证券营业部,2025-05-20,1,1,41016811.3,13208074.96,27808736.34,五新智能 丰茂股份,10141412
623,财通证券股份有限公司杭州东湖南路证券营业部,2025-05-08,2,0,27808772.0,57956.0,27750816.0,金浦钛业 华纺股份,10082587
624,东方财富证券股份有限公司拉萨团结路第二证券营业部,2025-05-07,10,5,121711266.95,94110180.67,27601086.28,永安药业 *ST春天 晟楠科技 南方精工 华阳变速 金麒麟 *ST瑞和 一致魔芋 广道退 金明精机 爱乐达 大叶股份 新瀚新材 众捷汽车,10495103
625,世纪证券有限责任公司深圳罗湖分公司,2025-05-08,2,0,27587156.0,0.0,27587156.0,山东墨龙 航天长峰,10000926098
626,爱建证券有限责任公司上海浦东新区前滩大道证券营业部,2025-05-19,1,0,27526727.34,,27526727.34,综艺股份,10491827
627,国信证券股份有限公司北京分公司,2025-05-06,3,0,27497830.0,,27497830.0,曙光股份 ST新华锦 南方路机,10122926
628,天风证券股份有限公司深圳分公司,2025-05-30,1,0,27495809.72,,27495809.72,京华激光,10915765
629,高盛(中国)证券有限责任公司上海浦东新区世纪大道证券营业部,2025-05-08,9,8,93097315.78,65670737.21,27426578.57,退市创兴 华电辽能 上海凤凰 天和磁材 肯特催化 立航科技 迪生力 *ST沐邦 中广天择 佳力图 联德股份 明新旭腾 嵘泰股份,10000399618
630,中国中金财富证券有限公司南昌红谷中大道证券营业部,2025-05-26,1,0,27417407.0,11143.0,27406264.0,雪人集团,10028588
631,中泰证券股份有限公司东营广饶正安路证券营业部,2025-05-30,1,0,27373864.0,25588.0,27348276.0,联化科技,10174514
632,国联民生证券股份有限公司北京分公司,2025-05-29,1,0,27326779.0,,27326779.0,福华尚纬,10485044
633,山西证券股份有限公司浙江分公司,2025-05-14,1,0,27316898.0,,27316898.0,苏州龙杰,10737984
634,东方财富证券股份有限公司拉萨团结路第二证券营业部,2025-05-23,8,7,110000409.05,82685051.16,27315357.89,*ST正平 晟楠科技 中洲特材 鸿铭股份 辰光医疗 常辅股份 华研精机 宁新新材 新天地 无锡鼎邦 国科天成,10495103
635,中国中金财富证券有限公司南昌红谷中大道证券营业部,2025-05-21,2,0,27304560.6,15953.0,27288607.6,源飞宠物 信邦智能,10028588
636,甬兴证券有限公司宁波和源路证券营业部,2025-05-16,1,0,27266845.0,,27266845.0,丽人丽妆,10000147202
637,华泰证券股份有限公司上海浦东新区世纪大道证券营业部,2025-05-30,1,0,27250651.0,,27250651.0,久事动娱,10441054
638,国泰海通证券股份有限公司宜昌沿江大道证券营业部,2025-05-07,6,5,216996852.6,189756565.4,27240287.2,*ST东珠 红宝丽 建设工业 中超控股 天源迪科 晨曦航空 大叶股份 狄耐克,10026729
639,华鑫证券有限责任公司上海光复路证券营业部,2025-05-15,2,2,40194442.0,12959046.0,27235396.0,华纺股份 茂化实华 *ST万方,10993987
640,东方财富证券股份有限公司拉萨东环路第二证券营业部,2025-05-14,12,17,344603112.22,317380674.77,27222437.45,宁波远洋 吉林碳谷 渝三峡A 志晟信息 襄阳轴承 锦江航运 天和磁材 红宝丽 肯特催化 尤夫股份 华光源海 嘉诚国际 跨境通 长久物流 麒盛科技 春光科技 雅运股份 *ST岭南 国航远洋 红墙股份 朝阳科技 飞力达 酷特智能 恒鑫生活,10472087
641,中信建投证券股份有限公司长沙市芙蓉中路证券营业部,2025-05-22,1,0,27148856.6,,27148856.6,宜宾纸业,10021915
642,国投证券股份有限公司青岛东海西路证券营业部,2025-05-08,1,0,27099361.03,,27099361.03,航天南湖,10103010
643,国泰海通证券股份有限公司南京太平南路证券营业部,2025-05-28,1,0,27512407.0,425060.0,27087347.0,滨海能源,10025054
644,申万宏源证券有限公司上海嘉定区塔城路证券营业部,2025-05-06,1,0,27043509.0,,27043509.0,振江股份,10048537
645,东方财富证券股份有限公司拉萨团结路第二证券营业部,2025-05-26,9,8,118554623.0,91575593.05,26979029.95,胜业电气 退市锦港 永安药业 辰光医疗 空港股份 *ST岭南 中洲特材 保变电气 常辅股份 锦江在线 瑞奇智造 太力科技 综艺股份 中科美菱,10495103
646,东方财富证券股份有限公司拉萨东环路第一证券营业部,2025-05-29,8,4,109401782.47,82451435.31,26950347.16,古麒绒材 瑞奇智造 汇得科技 永安药业 永冠新材 ST棕榈 美邦股份 王子新材 丽人丽妆 新天地,10428246
647,华泰证券股份有限公司江西分公司,2025-05-30,1,0,27165131.0,226477.0,26938654.0,雄帝科技,10427427
648,东北证券股份有限公司青岛分公司,2025-05-21,1,0,26934372.0,0.0,26934372.0,领湃科技,10192764
649,方正证券股份有限公司重庆金开大道证券营业部,2025-05-22,1,0,26934045.2,,26934045.2,航天南湖,10485013
650,华福证券有限责任公司杭州五星路证券营业部,2025-05-12,1,0,26908276.62,5476.0,26902800.62,七丰精工,10709086
651,财通证券股份有限公司温岭中华路证券营业部,2025-05-09,2,0,27264812.72,444027.0,26820785.72,红墙股份 华电辽能,10022026
652,中国国际金融股份有限公司上海分公司,2025-05-15,5,4,111113574.45,84297020.18,26816554.27,中毅达 永安药业 渤海化学 红墙股份 中欣氟材 国芳集团 鑫磊股份 长华化学,10088113
653,中信建投证券股份有限公司杭州庆春路证券营业部,2025-05-23,1,1,45319954.6,18571046.37,26748908.23,京华激光,10033779
654,中信证券(山东)有限责任公司青岛香港东路证券营业部,2025-05-28,1,0,26751553.0,39063.0,26712490.0,永安药业,10492200
655,东方财富证券股份有限公司拉萨东环路第一证券营业部,2025-05-07,7,3,92779875.91,66114796.51,26665079.4,宗申动力 中毅达 晟楠科技 星光股份 茂业商业 华阳变速 鸿博股份 ST葫芦娃 一致魔芋 *ST瑞和,10428246
656,东方财富证券股份有限公司拉萨团结路第二证券营业部,2025-05-14,9,9,204308893.96,177646923.96,26661970.0,锦龙股份 肯特催化 天工股份 长久物流 吉林碳谷 红墙股份 麒盛科技 方大新材 飞力达 七丰精工 酷特智能 志晟信息 华光源海 国航远洋,10495103
657,东方财富证券股份有限公司拉萨团结路第一证券营业部,2025-05-29,11,12,373522804.52,346868891.59,26653912.93,合锻智能 古麒绒材 汇得科技 青岛金王 鸿博股份 苏州龙杰 永冠新材 神开股份 融发核电 莱绅通灵 美邦股份 中超控股 丽人丽妆 雪人集团 王子新材 郑中设计 金龙羽 新天地,10484371
658,中国银河证券股份有限公司杭州双龙街证券营业部,2025-05-12,1,0,26644000.13,,26644000.13,航天南湖,10763954
659,国泰海通证券股份有限公司深圳深南大道京基一百证券营业部,2025-05-14,1,0,28450217.2,1845038.0,26605179.2,恒而达,10717069
660,中国银河证券股份有限公司厦门嘉禾路证券营业部,2025-05-27,1,0,26602776.23,,26602776.23,三生国健,10023542
661,麦高证券有限责任公司北京分公司,2025-05-07,3,0,26586072.0,,26586072.0,天和磁材 南方路机 正和生态,10488161
662,东亚前海证券有限责任公司浙江分公司,2025-05-19,2,0,26541526.0,24000.0,26517526.0,久吾高科 百利电气,10000011376
663,东方证券股份有限公司厦门仙岳路证券营业部,2025-05-14,3,1,63711977.85,37194494.0,26517483.85,锦龙股份 长久物流 青岛金王 *ST岭南,10492163
664,麦高证券有限责任公司北京第二分公司,2025-05-27,2,0,26439905.8,,26439905.8,黄河旋风,10488161
665,麦高证券有限责任公司北京分公司,2025-05-27,2,0,26439905.8,,26439905.8,正和生态,10488161
666,国泰海通证券股份有限公司成都北一环路证券营业部,2025-05-14,2,1,68340305.0,41904745.0,26435560.0,*ST宝馨 天利科技,10026897
667,华鑫证券有限责任公司深圳益田路证券营业部,2025-05-19,1,0,26447463.0,13988.0,26433475.0,天汽模,10495078
668,中银国际证券股份有限公司上海新华路证券营业部,2025-05-22,1,0,26454526.21,48924.0,26405602.21,郑中设计,10131919
669,中信证券股份有限公司上海万源路证券营业部,2025-05-29,1,0,26358929.82,,26358929.82,宏柏新材,10045019
670,沪股通专用,2025-05-26,1,1,73572932.36,47271436.0,26301496.36,保变电气,10434470
671,广发证券股份有限公司郑州农业路证券营业部,2025-05-19,2,0,26268515.6,,26268515.6,日盈电子 苏州龙杰,10031937
672,中信证券股份有限公司北京上地证券营业部,2025-05-28,1,0,26191336.98,0.0,26191336.98,邵阳液压,10484149
673,麦高证券有限责任公司成都丽都路证券营业部,2025-05-14,2,0,26171075.0,,26171075.0,宁波远洋 锦江航运,10506068
674,华泰证券股份有限公司深圳深南大道证券营业部,2025-05-27,1,0,26127617.0,,26127617.0,ST交昂,10206039
675,海通证券股份有限公司汕头中山中路证券营业部,2025-05-09,1,0,25976660.6,,25976660.6,春光科技,10040292
676,中信证券股份有限公司上海分公司,2025-05-14,1,1,74575188.2,48697418.6,25877769.6,中毅达,10135341
677,光大证券股份有限公司汕头华山路证券营业部,2025-05-26,1,0,25870020.68,,25870020.68,安凯微,10220309
678,上海证券有限责任公司崇明区堡镇中路证券营业部,2025-05-30,1,0,25829529.5,,25829529.5,中力股份,10048468
679,中信证券股份有限公司长兴明珠路证券营业部,2025-05-21,1,0,25750679.0,,25750679.0,铁流股份,10140897
680,中国国际金融股份有限公司北京建国门外大街证券营业部,2025-05-12,3,0,25738352.48,,25738352.48,安乃达 春光科技 航天南湖,10050414
681,国泰海通证券股份有限公司深圳深南大道京基一百证券营业部,2025-05-26,1,0,25629032.0,,25629032.0,保变电气,10717069
682,东海证券股份有限公司福州长乐北路证券营业部,2025-05-29,1,0,25564764.0,0.0,25564764.0,ST云动,10913655
683,华西证券股份有限公司合肥长江西路证券营业部,2025-05-15,1,0,25369420.58,,25369420.58,迎丰股份,10919183
684,浙商证券股份有限公司宁波分公司,2025-05-12,1,0,25349574.0,,25349574.0,航天长峰,10484761
685,东亚前海证券有限责任公司深圳分公司,2025-05-29,1,0,31835217.0,6504413.0,25330804.0,联化科技,10924068
686,国元证券股份有限公司无锡学前街证券营业部,2025-05-20,1,0,25404171.0,82658.0,25321513.0,梦网科技,10128343
687,上海证券有限责任公司崇明区堡镇中路证券营业部,2025-05-16,1,0,25520028.85,201837.4,25318191.45,天元宠物,10048468
688,中信证券(山东)有限责任公司淄博分公司,2025-05-12,1,0,25309965.96,,25309965.96,航天南湖,10492356
689,华宝证券股份有限公司上海东大名路证券营业部,2025-05-12,1,1,43204932.0,17955104.0,25249828.0,新大陆 鑫磊股份,10456831
690,国盛证券有限责任公司杭州江锦路证券营业部,2025-05-15,1,0,25245128.0,0.0,25245128.0,吉林化纤,10941153
691,华宝证券股份有限公司上海东大名路证券营业部,2025-05-14,2,0,34554002.0,9318467.0,25235535.0,锦龙股份 南京港,10456831
692,申万宏源证券有限公司济南历山路证券营业部,2025-05-28,1,0,25195118.8,0.0,25195118.8,玉禾田,10167868
693,华福证券有限责任公司惠安东南街证券营业部,2025-05-20,1,0,25149372.0,,25149372.0,浙文互联,10145540
694,中国中金财富证券有限公司宁波狮子街证券营业部,2025-05-23,1,0,26441029.0,1341590.0,25099439.0,海翔药业,10428523
695,国金证券股份有限公司北京崇文门外大街证券营业部,2025-05-08,1,0,25066205.0,0.0,25066205.0,华伍股份,10510717
696,东方财富证券股份有限公司拉萨东环路第二证券营业部,2025-05-27,13,12,260839814.34,235796034.53,25043779.81,瑞奇智造 浪莎股份 新金路 黄河旋风 骑士乳业 烽火电子 保丽洁 百利电气 宁波远洋 中科美菱 ST海龙 肯特催化 海森药业 雪龙集团 青岛金王 尤夫股份 中超控股 雪人集团 王子新材 红墙股份,10472087
697,华宝证券股份有限公司上海东大名路证券营业部,2025-05-23,1,0,25898726.0,854955.0,25043771.0,国风新材 阳谷转债,10456831
698,华泰证券股份有限公司常州东横街证券营业部,2025-05-30,1,0,27330796.34,2332272.0,24998524.34,巨力索具,10021989
699,国盛证券有限责任公司宁波桑田路证券营业部,2025-05-20,1,0,25322111.94,463155.8,24858956.14,天元宠物,10456710
700,恒泰证券股份有限公司上海河南南路证券营业部,2025-05-08,1,0,24800394.0,0.0,24800394.0,华伍股份,10456489
701,华鑫证券有限责任公司上海宛平南路证券营业部,2025-05-28,3,0,24781776.8,0.0,24781776.8,悦达投资 广康生化 南都物业,10028416
702,瑞银证券有限责任公司上海浦东新区花园石桥路第二证券营业部,2025-05-13,3,3,59424475.88,34653976.4,24770499.48,航天长峰 安乃达 春光科技 哈森股份 航天南湖,10342152
703,华林证券股份有限公司北京分公司,2025-05-19,1,0,24746810.0,,24746810.0,连云港,10065511
704,国泰海通证券股份有限公司上海静安区新闸路证券营业部,2025-05-22,4,2,158178659.46,133434092.2,24744567.26,重庆港 国光电器 红宝丽 利君股份 王子新材 海辰药业,10430845
705,华鑫证券有限责任公司江苏分公司,2025-05-29,1,0,24803769.0,112892.0,24690877.0,雄帝科技,10442978
706,国泰海通证券股份有限公司上海浦东新区商城路证券营业部,2025-05-29,1,0,24685250.0,29283.0,24655967.0,邵阳液压,10025203
707,华鑫证券有限责任公司上海宛平南路证券营业部,2025-05-20,3,1,33627609.0,8990954.0,24636655.0,浪莎股份 金利华电 空港股份,10028416
708,恒泰证券股份有限公司上海河南南路证券营业部,2025-05-28,1,0,24681114.0,63012.0,24618102.0,永安药业,10456489
709,联储证券股份有限公司杭州西湖桃源岭证券营业部,2025-05-29,1,0,24582206.0,0.0,24582206.0,ST云动,10000866015
710,中国银河证券股份有限公司广州华夏路证券营业部,2025-05-14,1,0,24539351.88,0.0,24539351.88,中集环科,10141412
711,长城证券股份有限公司长沙五一中路证券营业部,2025-05-07,1,0,24537897.25,,24537897.25,精进电动,10025236
712,天风证券股份有限公司上海浦东分公司,2025-05-27,1,0,24535284.0,,24535284.0,*ST湘邮,10944812
713,浙商证券股份有限公司杭州五星路证券营业部,2025-05-19,1,1,38241748.28,13737008.46,24504739.82,利君股份 洪通燃气,10949092
714,广发证券股份有限公司郑州农业路证券营业部,2025-05-15,1,0,24562576.0,71659.0,24490917.0,吉林化纤,10031937
715,国泰海通证券股份有限公司广州东风中路证券营业部,2025-05-15,1,0,24382792.0,,24382792.0,中远海发,10025179
716,甬兴证券有限公司天津解放北路证券营业部,2025-05-29,2,1,62779248.1,38467147.66,24312100.44,青岛金王 均瑶健康 尤夫股份,10000565545
717,华源证券股份有限公司江苏分公司,2025-05-21,2,0,24309827.0,0.0,24309827.0,安纳达 天汽模,10484864
718,国金证券股份有限公司深圳分公司,2025-05-08,2,0,29066153.58,4812648.95,24253504.63,华纺股份 七丰精工,10000104821
719,华泰证券股份有限公司吴江盛泽广州路证券营业部,2025-05-13,1,0,24660307.0,438757.0,24221550.0,奥普光电,10140929
720,方正证券股份有限公司浙江分公司,2025-05-15,1,0,24196366.0,,24196366.0,ST交昂,10026998
721,甬兴证券有限公司宁波分公司,2025-05-08,1,0,24196160.0,,24196160.0,航天长峰,10000170392
722,财信证券股份有限公司杭州长生路证券营业部,2025-05-22,1,0,24191378.42,0.0,24191378.42,郑中设计,10656871
723,中国国际金融股份有限公司北京建国门外大街证券营业部,2025-05-26,3,0,24072657.64,,24072657.64,肯特催化 天元智能 汉邦科技,10050414
724,华鑫证券有限责任公司江苏分公司,2025-05-22,1,0,24003553.0,0.0,24003553.0,中恒电气,10442978
725,东海证券股份有限公司福州长乐北路证券营业部,2025-05-19,1,0,24000108.0,0.0,24000108.0,万安科技,10913655
726,海通证券股份有限公司国际部Y,2025-05-19,1,0,23975087.0,,23975087.0,百合股份,10022092
727,国泰海通证券股份有限公司上海静安区新闸路证券营业部,2025-05-28,3,3,157083331.72,133168090.28,23915241.44,青岛金王 合锻智能 雪人集团 苏州龙杰 创源股份 京华激光,10430845
728,国泰海通证券股份有限公司广州东风中路证券营业部,2025-05-12,1,0,24667108.0,771110.0,23895998.0,跨境通,10025179
729,东北证券股份有限公司青岛分公司,2025-05-09,3,1,57313213.0,33450304.0,23862909.0,航天长峰 万向钱潮 万事利,10192764
730,华林证券股份有限公司北京分公司,2025-05-12,2,2,89474761.04,65617727.0,23857034.04,利君股份 华纺股份 航天南湖 鑫磊股份,10065511
731,华源证券股份有限公司江苏分公司,2025-05-30,2,0,23796411.0,0.0,23796411.0,霍普股份 汇金通,10484864
732,国泰海通证券股份有限公司成都龙腾东路营业部,2025-05-28,1,2,38894448.62,15172546.0,23721902.62,赛隆退,10564259
733,国泰海通证券股份有限公司成都龙腾东路证券营业部,2025-05-28,1,2,38894448.62,15172546.0,23721902.62,锦泓集团,10564259
734,联储证券股份有限公司浙江分公司,2025-05-27,1,0,23624703.0,,23624703.0,永冠新材,10638001
735,国泰海通证券股份有限公司襄阳檀溪路证券营业部,2025-05-12,1,0,23798935.0,198202.0,23600733.0,襄阳轴承,10079360
736,国盛证券有限责任公司深圳梅园路证券营业部,2025-05-15,1,0,23464320.0,,23464320.0,华纺股份,10456723
737,东方证券股份有限公司汕头长平路证券营业部,2025-05-20,2,0,23449867.8,0.0,23449867.8,源飞宠物 空港股份,10173185
738,华鑫证券有限责任公司深圳益田路证券营业部,2025-05-15,2,2,75693460.05,52308033.0,23385427.05,茂化实华 渤海化学 京运通,10495078
739,东方财富证券股份有限公司拉萨金融城南环路证券营业部,2025-05-13,7,4,104758143.2,81466286.94,23291856.26,电投产融 国航远洋 锦江航运 润贝航科 麒盛科技 春光科技 富岭股份 中超控股 跨境通 普利退,10678762
740,广发证券股份有限公司泉州温陵路证券营业部,2025-05-21,1,0,23481186.0,227654.0,23253532.0,一心堂,10435951
741,中信建投证券股份有限公司江阴澄江西路证券营业部,2025-05-08,1,0,23246545.0,127480.0,23119065.0,海能达,10698621
742,中国银河证券股份有限公司柳州友谊路证券营业部,2025-05-09,1,0,23173541.42,56230.0,23117311.42,中超控股,10339031
743,中国国际金融股份有限公司上海分公司,2025-05-23,6,4,83673009.69,60635827.53,23037182.16,湖南发展 西昌电力 中哲精化 乐山电力 ST棕榈 天安新材 新天地 莱绅通灵 国科天成,10088113
744,国盛证券有限责任公司深圳梅园路证券营业部,2025-05-09,1,0,22986775.0,0.0,22986775.0,*ST天箭,10456723
745,财信证券股份有限公司杭州长生路证券营业部,2025-05-12,1,0,22962907.05,,22962907.05,麒盛科技,10656871
746,中银国际证券股份有限公司上海欧阳路证券营业部,2025-05-12,1,0,22907265.36,,22907265.36,麒盛科技,10047162
747,国盛证券有限责任公司宁波天童南路证券营业部,2025-05-14,2,1,74601835.2,51701202.2,22900633.0,皖通科技 展鹏科技,10664100
748,广发证券股份有限公司上海浦东新区东方路证券营业部,2025-05-27,1,0,22883491.0,,22883491.0,会稽山,10140582
749,华鑫证券有限责任公司上海分公司,2025-05-27,2,1,49912729.0,27032684.0,22880045.0,凯美特气 汇金通,10274545
750,东方财富证券股份有限公司拉萨金融城南环路证券营业部,2025-05-27,10,9,347821553.65,324978195.75,22843357.9,百利电气 新金路 ST海龙 宁波远洋 ST云动 海森药业 肯特催化 美邦股份 青岛金王 尤夫股份 中超控股 凯美特气 雪人集团 王子新材 红墙股份 金龙羽,10678762
751,光大证券股份有限公司汕头华山路证券营业部,2025-05-19,1,0,22805994.75,,22805994.75,百合股份,10220309
752,华福证券有限责任公司北京方庄路证券营业部,2025-05-06,1,0,22758771.37,,22758771.37,同益中,10582984
753,广发证券股份有限公司温州瓯江路证券营业部,2025-05-06,1,0,22687987.0,,22687987.0,华银电力,10065996
754,中泰证券股份有限公司常州惠国路证券营业部,2025-05-19,3,0,34433587.0,11775310.0,22658277.0,百利电气 信隆健康 丰茂股份,10741097
755,东亚前海证券有限责任公司浙江分公司,2025-05-16,2,0,22636217.28,10028.0,22626189.28,百利电气 郑中设计,10000011376
756,兴业证券股份有限公司厦门湖里大道证券营业部,2025-05-28,1,0,22932222.0,385626.0,22546596.0,水羊股份,10119151
757,华泰证券股份有限公司荆州江津中路证券营业部,2025-05-09,1,0,22535114.96,,22535114.96,浙江荣泰,10093205
758,中泰证券股份有限公司常州惠国路证券营业部,2025-05-09,2,0,22613485.0,90851.0,22522634.0,远信工业 万事利,10741097
759,中信证券股份有限公司浙江分公司,2025-05-09,1,0,22476194.07,,22476194.07,航天长峰,10520724
760,东亚前海证券有限责任公司深圳分公司,2025-05-20,1,0,22448097.0,,22448097.0,综艺股份,10924068
761,东亚前海证券有限责任公司深圳分公司,2025-05-19,1,0,22448097.0,,22448097.0,综艺股份,10924068
762,东亚前海证券有限责任公司四川分公司,2025-05-23,2,0,22336138.83,0.0,22336138.83,海森药业 天元智能,10000242108
763,华泰证券股份有限公司深圳前海证券营业部,2025-05-26,1,0,39310438.32,16976934.84,22333503.48,中超控股,10443747
764,中国银河证券股份有限公司北京中关村大街证券营业部,2025-05-19,1,0,23051466.6,793112.0,22258354.6,中欣氟材,10115140
765,华源证券股份有限公司武汉分公司,2025-05-09,1,0,22228756.0,0.0,22228756.0,成飞集成,10000722572
766,国金证券股份有限公司北京崇文门外大街证券营业部,2025-05-16,2,0,22181302.68,0.0,22181302.68,百利电气 郑中设计,10510717
767,海通证券股份有限公司北京亮马桥路证券营业部,2025-05-30,1,0,22178790.0,0.0,22178790.0,劲旅环境,10467679
768,中信证券股份有限公司宁波天童北路证券营业部,2025-05-22,1,1,25899857.05,3721409.0,22178448.05,东贝集团 郑中设计,10140902
769,中国银河证券股份有限公司沈阳大北关街证券营业部,2025-05-09,1,0,22168032.0,,22168032.0,中毅达,10023594
770,东方证券股份有限公司无锡新生路证券营业部,2025-05-08,1,0,22244626.4,133123.0,22111503.4,爱朋医疗,10517841
771,国泰海通证券股份有限公司北京金融街证券营业部,2025-05-16,2,1,132464467.0,110402205.0,22062262.0,渝三峡A 成飞集成,10124786
772,华泰证券股份有限公司溧水珍珠北路证券营业部,2025-05-15,1,0,22052360.0,,22052360.0,渤海化学,10191555
773,中信证券股份有限公司北京安外大街证券营业部,2025-05-27,2,1,53371920.04,31323985.64,22047934.4,滨海能源 科捷智能 舒泰神,10045007
774,中信证券股份有限公司上海徐汇区漕溪北路证券营业部,2025-05-26,1,0,22070128.0,46869.0,22023259.0,武汉凡谷,10131242
775,海通证券股份有限公司汕头中山中路证券营业部,2025-05-19,1,0,22005959.0,,22005959.0,百合股份,10040292
776,中国银河证券股份有限公司杭州双龙街证券营业部,2025-05-15,1,0,21967620.48,39960.0,21927660.48,渝三峡A,10763954
777,联储证券股份有限公司浙江分公司,2025-05-22,1,0,21858594.0,0.0,21858594.0,国光电器,10638001
778,东方财富证券股份有限公司拉萨东环路第一证券营业部,2025-05-08,9,3,99390909.67,77562565.61,21828344.06,晟楠科技 鸿博股份 退市苏吴 东通退 通易航天 汉商集团 国芳集团 全筑股份 长华化学 迪生力 众捷汽车,10428246
779,中信证券股份有限公司长兴明珠路证券营业部,2025-05-07,1,0,21825282.0,3157.0,21822125.0,*ST宝馨,10140897
780,东北证券股份有限公司青岛分公司,2025-05-07,1,0,21769488.0,0.0,21769488.0,建设工业,10192764
781,东方证券股份有限公司福州五四路证券营业部,2025-05-30,1,1,30169450.0,8463423.0,21706027.0,元隆雅图 侨银股份,10456965
782,中国银河证券股份有限公司绍兴证券营业部,2025-05-20,1,0,21705263.0,,21705263.0,湖南天雁,10023543
783,东方证券股份有限公司无锡新生路证券营业部,2025-05-26,2,0,29337072.0,7689572.92,21647499.08,均瑶健康 哈焊华通,10517841
784,华鑫证券有限责任公司深圳财富大厦证券营业部,2025-05-08,1,0,21638952.0,,21638952.0,华纺股份,10000734168
785,申万宏源证券有限公司桐乡和平路证券营业部,2025-05-28,2,0,21850363.0,237580.0,21612783.0,亚振家居 广康生化,10025151
786,华林证券股份有限公司北京分公司,2025-05-07,3,1,66528587.98,44940387.0,21588200.98,华胜天成 晨曦航空 肯特催化 狄耐克,10065511
787,财通证券股份有限公司杭州东湖南路证券营业部,2025-05-22,1,0,31408819.86,9825646.8,21583173.06,郑中设计,10082587
788,国投证券股份有限公司深圳深南大道华侨城大厦证券营业部,2025-05-23,1,0,21542964.2,,21542964.2,先达股份,10537515
789,国泰海通证券股份有限公司绵阳剑南路证券营业部,2025-05-30,1,0,21534175.0,7660.0,21526515.0,元隆雅图,10705812
790,国投证券股份有限公司西安朱雀大街证券营业部,2025-05-23,1,0,21629496.05,103279.0,21526217.05,中洲特材,10561512
791,海通证券股份有限公司北京中关村南大街证券营业部,2025-05-09,1,0,21489556.0,,21489556.0,淮河能源,10025071
792,财通证券股份有限公司杭州东湖南路证券营业部,2025-05-14,1,0,21988328.0,517058.0,21471270.0,尚荣医疗,10082587
793,国泰海通证券股份有限公司南宁民族大道证券营业部,2025-05-27,1,0,21750891.51,296913.0,21453978.51,格力博,10163378
794,华鑫证券有限责任公司上海云锦路证券营业部,2025-05-26,2,0,21453542.0,,21453542.0,汇得科技 科捷智能,10048457
795,海通证券股份有限公司合肥黄山路证券营业部,2025-05-08,1,0,21432906.0,3590.0,21429316.0,天邦食品,10169698
796,摩根大通证券(中国)有限公司上海银城中路证券营业部,2025-05-06,4,2,73665662.98,52274344.8,21391318.18,华电辽能 东贝集团 日盈电子 大地熊 精进电动,10000100571
797,国泰海通证券股份有限公司宜昌沿江大道证券营业部,2025-05-06,3,2,95001571.22,73653332.63,21348238.59,鸿博股份 南方精工 天源迪科 大叶股份 南山智尚,10026729
798,华鑫证券有限责任公司上海西藏中路证券营业部,2025-05-26,1,0,21313208.0,0.0,21313208.0,武汉凡谷,10000246624
799,光大证券股份有限公司佛山绿景路证券营业部,2025-05-30,1,0,21290152.8,,21290152.8,科捷智能,10128928
800,海通证券股份有限公司长沙五一大道营业部,2025-05-07,1,0,21337351.7,48060.0,21289291.7,慧为智能,10099191
801,山西证券股份有限公司浙江分公司,2025-05-09,1,0,21277400.0,20245.0,21257155.0,成飞集成,10737984
802,麦高证券有限责任公司成都丽都路证券营业部,2025-05-16,1,0,21219550.0,0.0,21219550.0,格力博,10506068
803,华鑫证券有限责任公司江苏分公司,2025-05-12,1,0,21193646.0,,21193646.0,华纺股份,10442978
804,华泰证券股份有限公司南通分公司,2025-05-29,1,0,21184800.0,,21184800.0,益方生物,10485130
805,中信证券股份有限公司上海分公司,2025-05-13,2,1,29368158.0,8187869.0,21180289.0,退市华嵘 ST交昂 航天长峰,10135341
806,海通证券股份有限公司深圳分公司华富路证券营业部,2025-05-16,2,0,21201104.61,21880.0,21179224.61,安乃达,10030213
807,海通证券股份有限公司深圳分公司华富路营业部,2025-05-16,2,0,21201104.61,21880.0,21179224.61,森萱医药,10030213
808,爱建证券有限责任公司上海江宁路证券营业部,2025-05-14,2,0,28103803.2,6928992.0,21174811.2,宁波海运 恒而达,10508940
809,联储证券股份有限公司重庆江北嘴证券营业部,2025-05-20,1,0,21168490.78,0.0,21168490.78,天元宠物,10516789
810,海通证券股份有限公司宜兴氿滨南路证券营业部,2025-05-26,1,0,21184340.0,54007.0,21130333.0,金龙羽,10456376
811,联储证券股份有限公司上海中山西路证券营业部,2025-05-22,1,0,28165197.8,7108466.2,21056731.6,天元宠物,10048125
812,中国银河证券股份有限公司杭州双龙街证券营业部,2025-05-09,1,0,21053706.18,,21053706.18,航天南湖,10763954
813,华鑫证券有限责任公司上海陆家嘴证券营业部,2025-05-19,1,0,21051360.0,48708.0,21002652.0,万安科技,10000055316
814,国信证券股份有限公司北京分公司,2025-05-12,2,1,26007600.37,5052603.24,20954997.13,昆船智能 赛福天 晟楠科技,10122926
815,财通证券股份有限公司杭州东湖南路证券营业部,2025-05-30,2,1,29536554.0,8656836.4,20879717.6,汇金通 均瑶健康 科捷智能,10082587
816,国泰海通证券股份有限公司总部,2025-05-21,8,12,302402966.55,281531726.69,20871239.86,*ST尔雅 宝光股份 退市华嵘 中毅达 乐山电力 退市岩石 宁波海运 中衡设计 苏州龙杰 拉芳家化 莱绅通灵 铁流股份 大千生态 中邮科技,10004865
817,恒泰证券股份有限公司上海张杨路证券营业部,2025-05-21,1,0,21052957.0,225814.0,20827143.0,金龙羽,10040886
818,财通证券股份有限公司宁波天童南路证券营业部,2025-05-13,1,0,23688830.0,2897135.0,20791695.0,宁波东力,10126796
819,国泰海通证券股份有限公司上海长宁区天山路证券营业部,2025-05-13,1,0,20782081.42,,20782081.42,连云港,10048511
820,中泰证券股份有限公司北京大望路证券营业部,2025-05-27,2,0,20776281.0,0.0,20776281.0,中旗股份 宿迁联盛,10940111
821,长江证券股份有限公司温岭横湖中路证券营业部,2025-05-12,2,0,20752525.15,,20752525.15,麒盛科技 迎丰股份,10429182
822,国投证券股份有限公司西安曲江池南路证券营业部,2025-05-06,2,0,20723186.0,0.0,20723186.0,京运通 兴民智通,10573482
823,国泰海通证券股份有限公司深圳深南大道京基一百证券营业部,2025-05-13,1,0,20937011.0,243644.0,20693367.0,纳尔股份,10717069
824,中原证券股份有限公司郑州经三路证券营业部,2025-05-08,1,0,20681302.68,,20681302.68,新坐标,10064884
825,申万宏源证券有限公司济南历山路证券营业部,2025-05-20,1,0,20666809.27,0.0,20666809.27,曼卡龙,10167868
826,国盛证券有限责任公司南昌桃花路证券营业部,2025-05-06,1,0,20669181.0,3130.0,20666051.0,兴民智通,10035542
827,招商证券股份有限公司深圳深南中路证券营业部,2025-05-27,1,0,20642693.09,,20642693.09,三生国健,10128380
828,中信建投证券股份有限公司南昌桃苑大街证券营业部,2025-05-23,2,0,20570876.0,0.0,20570876.0,福华尚纬 滨海能源,10127746
829,开源证券股份有限公司上海浦东南路证券营业部,2025-05-23,1,0,20564093.0,0.0,20564093.0,升达林业,10680645
830,东莞证券股份有限公司南京分公司,2025-05-06,2,1,29605185.0,9085632.9,20519552.1,华阳新材 *ST东珠 安记食品,10485003
831,中泰证券股份有限公司淄博人民西路证券营业部,2025-05-19,1,0,20497542.6,,20497542.6,吉华集团,10021702
832,联储证券股份有限公司宁波分公司,2025-05-29,1,0,20463498.9,0.0,20463498.9,ST云动,10915756
833,甬兴证券有限公司台州分公司,2025-05-21,1,0,20441520.0,0.0,20441520.0,慧博云通,10000505782
834,华泰证券股份有限公司成都锦晖西二街证券营业部,2025-05-07,1,0,20504911.0,69090.0,20435821.0,苏奥传感,10149532
835,华鑫证券有限责任公司上海宛平南路证券营业部,2025-05-14,2,0,20414154.0,,20414154.0,锦江航运 长久物流,10028416
836,甬兴证券有限公司天津解放北路证券营业部,2025-05-07,1,0,20400935.56,,20400935.56,精进电动,10000565545
837,联储证券股份有限公司上海中山西路证券营业部,2025-05-07,1,0,20400935.56,,20400935.56,精进电动,10048125
838,联储证券股份有限公司上海中山西路证券营业部,2025-05-15,1,0,20392402.19,0.0,20392402.19,国航远洋,10048125
839,联储证券股份有限公司重庆江北嘴证券营业部,2025-05-29,1,0,42106965.5,21728395.0,20378570.5,尤夫股份,10516789
840,中信证券股份有限公司西安朱雀大街证券营业部,2025-05-23,1,0,20371744.0,,20371744.0,先达股份,10453418
841,国泰海通证券股份有限公司成都龙腾东路营业部,2025-05-12,2,0,20494104.0,123675.0,20370429.0,亚太实业 *ST和科,10564259
842,华鑫证券有限责任公司深圳财富大厦证券营业部,2025-05-13,3,2,40632716.0,20303464.58,20329251.42,ST交昂 京运通 百达精工,10000734168
843,华西证券股份有限公司武汉青年路证券营业部,2025-05-14,1,0,20326868.46,,20326868.46,锦江航运,10000037332
844,粤开证券股份有限公司深圳深南大道证券营业部,2025-05-30,1,1,68960394.52,48667391.08,20293003.44,天阳科技 霍普股份,10747420
845,财通证券股份有限公司绍兴袍江袍中北路证券营业部,2025-05-22,1,0,20282343.0,,20282343.0,中毅达,10456250
846,中国银河证券股份有限公司厦门嘉禾路证券营业部,2025-05-07,1,0,20265457.0,,20265457.0,华纺股份,10023542
847,国泰海通证券股份有限公司成都双庆路证券营业部,2025-05-28,1,0,20497052.0,241239.0,20255813.0,博世科,10025380
848,招商证券股份有限公司深圳深南中路证券营业部,2025-05-19,1,1,28189417.4,7933894.0,20255523.4,久吾高科 三生国健,10128380
849,中信证券股份有限公司东阳吴宁西路证券营业部,2025-05-29,1,1,33466020.48,13227107.8,20238912.68,粤电力A ST金顶,10124373
850,财通证券股份有限公司杭州东湖南路证券营业部,2025-05-19,1,0,20220400.6,,20220400.6,吉华集团,10082587
851,国金证券股份有限公司南京双龙大道证券营业部,2025-05-30,1,0,20157290.0,0.0,20157290.0,元隆雅图,10000550648
852,东方证券股份有限公司上海浦东新区源深路证券营业部,2025-05-19,1,0,20152222.0,,20152222.0,*ST集友,10023739
853,开源证券股份有限公司西安高新成章路证券营业部,2025-05-06,1,0,20151400.0,,20151400.0,天和磁材,10657381
854,华鑫证券有限责任公司乐清双雁路证券营业部,2025-05-23,1,0,20135837.0,0.0,20135837.0,宏桥控股,10385108
855,国泰海通证券股份有限公司上海长宁区江苏路证券营业部,2025-05-15,4,3,83058213.0,62932101.4,20126111.6,ST交昂 永安药业 国芳集团 中欣氟材 诺斯贝尔 川宁生物,10025080
856,国泰海通证券股份有限公司上海江苏路营业部,2025-05-15,4,3,83058213.0,62932101.4,20126111.6,芭薇股份,10025080
857,东兴证券股份有限公司深圳金田路证券营业部,2025-05-29,1,0,20122230.0,20720.0,20101510.0,ST云动,10136645
858,瑞银证券有限责任公司上海浦东新区花园石桥路第二证券营业部,2025-05-07,3,5,68000430.09,47908815.22,20091614.87,湖南天雁 合锻智能 天和磁材 肯特催化 南方路机 春光科技 精进电动,10342152
859,中泰证券股份有限公司常州惠国路证券营业部,2025-05-22,3,1,32723908.0,12662711.11,20061196.89,廊坊发展 华研精机 科新发展 汇得科技,10741097
860,高盛(中国)证券有限责任公司上海浦东新区世纪大道证券营业部,2025-05-09,4,2,36140672.39,16090124.0,20050548.39,华阳新材 顺景科技 星德胜 春光科技 佳力图 迎丰股份,10000399618
861,广发证券股份有限公司郑州农业路证券营业部,2025-05-30,3,1,46760000.95,26735165.48,20024835.47,京华激光 安纳达 领先股份 侨银股份,10031937
862,联储证券股份有限公司浙江分公司,2025-05-09,1,0,20007919.0,0.0,20007919.0,成飞集成,10638001
863,中国银河证券股份有限公司杭州市民街证券营业部,2025-05-08,1,0,19999840.0,,19999840.0,豪能股份,10388011
864,国泰海通证券股份有限公司上海奉贤区茂园路证券营业部,2025-05-27,1,0,19972700.02,,19972700.02,三生国健,10000614959
865,申万宏源证券有限公司无锡分公司,2025-05-09,1,0,19958647.0,,19958647.0,浙江荣泰,10112214
866,申港证券股份有限公司上海分公司,2025-05-09,1,0,19957248.0,,19957248.0,航天长峰,10738126
867,中国银河证券股份有限公司北京金融街证券营业部,2025-05-22,2,0,20359233.0,407237.0,19951996.0,百利电气 路畅科技,10030485
868,国泰海通证券股份有限公司南京太平南路证券营业部,2025-05-26,1,0,19946096.0,,19946096.0,通达电气,10025054
869,东北证券股份有限公司上海局门路证券营业部,2025-05-16,1,0,19849612.0,,19849612.0,丽人丽妆,10091173
870,华鑫证券有限责任公司上海茅台路证券营业部,2025-05-13,1,0,19849415.0,,19849415.0,京运通,10028419
871,华鑫证券有限责任公司上海茅台路证券营业部,2025-05-21,1,0,19844136.0,0.0,19844136.0,一心堂,10028419
872,华鑫证券有限责任公司上海茅台路证券营业部,2025-05-27,1,0,19826228.0,,19826228.0,黄河旋风,10028419
873,国泰海通证券股份有限公司南京太平南路证券营业部,2025-05-21,1,0,19824477.0,,19824477.0,大有能源,10025054
874,广发证券股份有限公司上海南泉北路证券营业部,2025-05-08,1,0,19968476.8,152179.5,19816297.3,晨曦航空,10000584247
875,甬兴证券有限公司宁波和源路证券营业部,2025-05-19,1,0,19809636.0,0.0,19809636.0,万安科技,10000147202
876,东方证券股份有限公司无锡新生路证券营业部,2025-05-09,3,1,28268579.0,8489018.0,19779561.0,安乃达 红墙股份 迎丰股份 万事利,10517841
877,平安证券股份有限公司银川凤凰北街证券营业部,2025-05-28,2,0,19828965.0,79578.0,19749387.0,亚振家居 广康生化,10174511
878,国金证券股份有限公司深圳分公司,2025-05-07,3,1,45014927.8,25269436.0,19745491.8,华阳新材 中欣氟材 华纺股份 北方长龙,10000104821
879,国泰海通证券股份有限公司北京金融街证券营业部,2025-05-28,1,0,19739545.0,,19739545.0,中毅达,10124786
880,财通证券股份有限公司温岭中华路证券营业部,2025-05-08,1,1,26839565.0,7100953.0,19738612.0,山东墨龙 东方中科,10022026
881,国金证券股份有限公司深圳湾一号证券营业部,2025-05-13,3,0,31008872.45,11362273.72,19646598.73,*ST华西 七丰精工 太湖雪,10396105
882,国投证券股份有限公司西安曲江池南路证券营业部,2025-05-20,2,1,37768155.0,18161942.0,19606213.0,保变电气 亚泰集团,10573482
883,国信证券股份有限公司深圳红岭中路证券营业部,2025-05-27,3,2,54194185.45,34596301.54,19597883.91,胜业电气 瑞奇智造 骑士乳业 保丽洁 中科美菱,10045166
884,东方证券股份有限公司杭州金鸡路证券营业部,2025-05-27,1,0,19616638.0,27008.0,19589630.0,格力博,10000076997
885,浙商证券股份有限公司深圳后海大道证券营业部,2025-05-09,1,0,19584402.05,,19584402.05,麒盛科技,10030396
886,长江证券股份有限公司温岭横湖中路证券营业部,2025-05-29,1,0,19568852.9,,19568852.9,汇金通,10429182
887,东北证券股份有限公司青岛分公司,2025-05-15,1,1,63315207.0,43748753.06,19566453.94,吉林化纤 川宁生物,10192764
888,中信证券股份有限公司深圳滨海大道证券营业部,2025-05-21,2,0,19505280.14,,19505280.14,*ST尔雅 拉芳家化,10434522
889,广发证券股份有限公司韶关解放路证券营业部,2025-05-14,1,0,19458298.0,,19458298.0,中远海发,10177324
890,长江证券股份有限公司上海分公司,2025-05-16,1,0,19436160.0,,19436160.0,*ST华幸,10484958
891,华泰证券股份有限公司江西分公司,2025-05-08,1,0,19617421.0,216498.0,19400923.0,华伍股份,10427427
892,中信证券股份有限公司杭州凤起路证券营业部,2025-05-23,1,1,43599024.0,24209017.0,19390007.0,南京港 丽人丽妆,10046604
893,国信证券股份有限公司上海北京东路证券营业部,2025-05-14,2,0,22531331.0,3186947.0,19344384.0,鑫磊股份 国芳集团,10045169
894,国金证券股份有限公司北京崇文门外大街证券营业部,2025-05-22,2,0,19290294.52,0.0,19290294.52,空港股份 路畅科技,10510717
895,国泰海通证券股份有限公司成都北一环路证券营业部,2025-05-13,1,0,19697350.0,428654.0,19268696.0,东方日升,10026897
896,中信建投证券股份有限公司北京望京证券营业部,2025-05-22,1,0,19259979.0,,19259979.0,华纺股份,10146933
897,甬兴证券有限公司天津解放北路证券营业部,2025-05-19,1,0,19254615.4,0.0,19254615.4,天元宠物,10000565545
898,爱建证券有限责任公司上海江宁路证券营业部,2025-05-29,1,0,19207500.0,,19207500.0,合兴股份,10508940
899,东方财富证券股份有限公司拉萨团结路第二证券营业部,2025-05-09,10,8,125569787.38,106370126.17,19199661.21,渝三峡A 晟楠科技 ST椰岛 中超控股 芭薇股份 七丰精工 红墙股份 莱赛激光 九洲集团 慧为智能 华伍股份,10495103
900,中信建投证券股份有限公司东莞东莞大道证券营业部,2025-05-30,1,0,19198086.53,0.0,19198086.53,路桥信息,10451918
901,中国银河证券股份有限公司柳州友谊路证券营业部,2025-05-29,1,0,19184963.0,,19184963.0,福华尚纬,10339031
902,中国国际金融股份有限公司上海分公司,2025-05-20,6,5,180466696.82,161291661.9,19175034.92,贵航股份 永安药业 浙文互联 中超控股 通达股份 连云港 百合股份 中洲特材 迎丰股份 美农生物 益方生物,10088113
903,华鑫证券有限责任公司上海分公司,2025-05-28,1,0,19140798.0,,19140798.0,锦泓集团,10274545
904,华鑫证券有限责任公司南京清凉门大街证券营业部,2025-05-30,1,0,19149876.0,15281.0,19134595.0,御银股份,10993985
905,财通证券股份有限公司杭州丽水路第二证券营业部,2025-05-29,2,0,19142326.49,56810.72,19085515.77,机科股份 瑞奇智造,10082588
906,中国国际金融股份有限公司上海分公司,2025-05-22,4,3,69826521.99,50742170.96,19084351.03,源飞宠物 科新发展 乐山电力 国光电器 正和生态 永安药业 天元宠物,10088113
907,中信证券股份有限公司北京总部证券营业部,2025-05-27,1,0,19145737.0,78557.0,19067180.0,ST海龙,10361413
908,联储证券股份有限公司浙江分公司,2025-05-07,1,0,19049844.0,0.0,19049844.0,中超控股,10638001
909,东方证券股份有限公司汕头长平路证券营业部,2025-05-27,1,0,19011481.0,,19011481.0,通达电气,10173185
910,长江证券股份有限公司上海东明路证券营业部,2025-05-06,1,0,20465364.99,1503462.0,18961902.99,信质集团,10093321
911,中泰证券股份有限公司北京大望路证券营业部,2025-05-12,2,0,18952770.0,0.0,18952770.0,赛福天 宏工科技,10940111
912,联储证券股份有限公司上海中山西路证券营业部,2025-05-21,1,0,18907388.61,,18907388.61,中邮科技,10048125
913,海通证券股份有限公司嵊州高杨路证券营业部,2025-05-15,1,0,19025638.8,121090.0,18904548.8,纳尔股份,10108377
914,中银国际证券股份有限公司上海欧阳路证券营业部,2025-05-06,1,0,18896048.64,,18896048.64,汉商集团,10047162
915,甬兴证券有限公司天津解放北路证券营业部,2025-05-15,1,0,18895747.0,,18895747.0,连云港,10000565545
916,国金证券股份有限公司成都武成大街证券营业部,2025-05-06,2,0,19112039.91,257114.05,18854925.86,广道退 迪生力,10112547
917,第一创业证券股份有限公司佛山第一分公司,2025-05-27,1,0,18837037.0,,18837037.0,宁波远洋,10115975
918,湘财证券股份有限公司杭州五星路证券营业部,2025-05-12,1,0,18835600.0,0.0,18835600.0,恒而达,10916991
919,华鑫证券有限责任公司杭州分公司,2025-05-07,1,0,20455230.86,1649779.02,18805451.84,慧为智能,10000055313
920,华泰证券股份有限公司北京东三环北路证券营业部,2025-05-21,1,0,42551438.78,23787730.6,18763708.18,王子新材,10079640
921,联储证券股份有限公司宁波分公司,2025-05-14,1,0,18728907.0,0.0,18728907.0,渝三峡A,10915756
922,华鑫证券有限责任公司金华双龙南街证券营业部,2025-05-29,1,0,18717475.7,,18717475.7,均瑶健康,10000055278
923,华鑫证券有限责任公司无锡人民中路证券营业部,2025-05-06,1,0,18687846.5,,18687846.5,同益中,10000144336
924,东方证券股份有限公司无锡新生路证券营业部,2025-05-20,1,0,18848852.0,180634.0,18668218.0,金利华电,10517841
925,甬兴证券有限公司北京分公司,2025-05-14,1,0,18660796.0,,18660796.0,苏州龙杰,10000213384
926,浙商证券股份有限公司丽水分公司,2025-05-28,1,0,18719956.0,64132.0,18655824.0,滨海能源,10021969
927,华泰证券股份有限公司上海静安区威海路证券营业部,2025-05-08,1,0,18628854.95,,18628854.95,安乃达,10101046
928,信达证券股份有限公司温州瓯江路证券营业部,2025-05-29,1,0,18600106.0,,18600106.0,汇金通,10638007
929,麦高证券有限责任公司成都丽都路证券营业部,2025-05-15,1,0,18595738.0,0.0,18595738.0,通达股份,10506068
930,中国中金财富证券有限公司重庆两江新区证券营业部,2025-05-22,1,0,18542530.0,,18542530.0,拱东医疗,10159803
931,华鑫证券有限责任公司上海云锦路证券营业部,2025-05-07,1,0,18535792.0,0.0,18535792.0,苏奥传感,10048457
932,国金证券股份有限公司深圳湾一号证券营业部,2025-05-08,4,0,42493775.89,23971139.62,18522636.27,春光智能 东通退 美心翼申 众捷汽车,10396105
933,东亚前海证券有限责任公司浙江分公司,2025-05-27,1,0,18506907.8,,18506907.8,均瑶健康,10000011376
934,国盛证券有限责任公司南昌桃花路证券营业部,2025-05-15,1,0,18482960.0,,18482960.0,展鹏科技,10035542
935,甬兴证券有限公司台州分公司,2025-05-30,1,0,18480932.0,,18480932.0,时代出版,10000505782
936,上海证券有限责任公司上海分公司,2025-05-20,1,0,18478080.0,2160.0,18475920.0,ST棕榈,10913317
937,国信证券股份有限公司北京分公司,2025-05-29,3,2,28675840.85,10214212.48,18461628.37,胜业电气 广康生化 机科股份 信邦智能,10122926
938,华鑫证券有限责任公司上海分公司,2025-05-15,2,1,70663820.0,52262848.0,18400972.0,吉林化纤 茂化实华 通达股份,10274545
939,长城证券股份有限公司西安锦业路营业部,2025-05-12,1,1,60528513.2,42134016.36,18394496.84,七丰精工,10484324
940,华鑫证券有限责任公司深圳益田路证券营业部,2025-05-20,2,1,36528561.67,18136255.0,18392306.67,三生国健 湖南发展 雪榕生物,10495078
941,华鑫证券有限责任公司上海嘉定棋盘路证券营业部,2025-05-26,1,0,18378194.0,10536.0,18367658.0,中科信息,10026771
942,中信证券股份有限公司杭州凤起路证券营业部,2025-05-21,1,0,18310053.0,,18310053.0,铁流股份,10046604
943,财信证券股份有限公司杭州长生路证券营业部,2025-05-06,1,0,18306596.89,,18306596.89,汉商集团,10656871
944,中信证券股份有限公司杭州凤起路证券营业部,2025-05-27,2,0,18284290.85,13350.0,18270940.85,百利电气 恒久退,10046604
945,华西证券股份有限公司成都龙腾东路证券营业部,2025-05-27,1,0,18312966.0,72343.0,18240623.0,哈焊华通,10414809
946,华泰证券股份有限公司上海徐汇区龙启路证券营业部,2025-05-06,2,1,37493874.0,19260650.0,18233224.0,信质集团 华银电力,10046455
947,国金证券股份有限公司北京崇文门外大街证券营业部,2025-05-30,1,0,18172576.51,,18172576.51,时代出版,10510717
948,浙商证券股份有限公司丽水分公司,2025-05-30,1,0,18160872.0,,18160872.0,福华尚纬,10021969
949,方正证券股份有限公司温州怀江路证券营业部,2025-05-12,1,0,18155931.23,,18155931.23,中邮科技,10495041
950,东方财富证券股份有限公司拉萨金融城南环路证券营业部,2025-05-07,9,6,240220132.51,222072957.91,18147174.6,广道退 大众交通 亚太实业 茂业商业 九芝堂 红宝丽 肯特催化 金麒麟 鸿博股份 川润股份 天娱数科 南方精工 *ST瑞和 中欣氟材,10678762
951,东亚前海证券有限责任公司浙江分公司,2025-05-20,2,1,32748548.75,14611686.0,18136862.75,*ST九鼎 创源股份,10000011376
952,中信建投证券股份有限公司上海营口路证券营业部,2025-05-07,5,1,25048013.04,6957206.44,18090806.6,荣丰控股 艾艾精工 兰州黄河 *ST四通 永安药业 赛隆退,10028716
953,广发证券股份有限公司郑州农业路证券营业部,2025-05-07,1,0,18145090.0,61760.0,18083330.0,永安药业,10031937
954,信达证券股份有限公司温州瓯江路证券营业部,2025-05-19,1,0,18082275.0,,18082275.0,吉华集团,10638007
955,瑞银证券有限责任公司上海浦东新区花园石桥路第二证券营业部,2025-05-22,5,6,95380213.75,77318479.67,18061734.08,廊坊发展 百利电气 乐山电力 宜宾纸业 连云港 东贝集团 汇得科技 通达电气 *ST集友 退市太和 航天南湖,10342152
956,中泰证券股份有限公司常州惠国路证券营业部,2025-05-14,2,0,18010647.0,0.0,18010647.0,*ST三房 集泰股份,10741097
957,东方证券股份有限公司福州五四路证券营业部,2025-05-29,2,0,18000000.0,0.0,18000000.0,*ST启环 侨银股份,10456965
958,国泰海通证券股份有限公司深圳深南大道京基一百营业部,2025-05-07,1,0,18120164.8,138540.0,17981624.8,通易航天,10717069
959,中国国际金融股份有限公司上海分公司,2025-05-12,3,1,30045048.0,12097541.0,17947507.0,华电辽能 信立泰 南方路机 鑫磊股份,10088113
960,华泰证券股份有限公司北京月坛南街证券营业部,2025-05-29,1,0,17887011.8,,17887011.8,ST信通,10072922
961,联储证券股份有限公司上海中山西路证券营业部,2025-05-29,3,1,79454342.4,61587151.18,17867191.22,青岛金王 京华激光 尤夫股份 均瑶健康,10048125
962,华鑫证券有限责任公司深圳益田路证券营业部,2025-05-08,1,0,17808202.0,,17808202.0,华电辽能,10495078
963,国泰海通证券股份有限公司深圳海岸城海德三道证券营业部,2025-05-29,1,0,17797266.0,,17797266.0,福华尚纬,10125886
964,长江证券股份有限公司武汉汉阳大道证券营业部,2025-05-08,1,0,17786429.0,0.0,17786429.0,金龙机电,10549246
965,中信证券股份有限公司杭州凤起路证券营业部,2025-05-16,1,0,17788057.83,10580.0,17777477.83,拓新药业,10046604
966,长江证券股份有限公司温岭横湖中路证券营业部,2025-05-07,1,0,17756053.72,,17756053.72,麒盛科技,10429182
967,开源证券股份有限公司西安高新成章路证券营业部,2025-05-30,1,0,17728400.0,0.0,17728400.0,尤夫股份,10657381
968,国新证券股份有限公司北京中关村大街证券营业部,2025-05-21,1,0,20875690.0,3157875.0,17717815.0,金龙羽,10919501
969,麦高证券有限责任公司北京第二分公司,2025-05-22,1,1,20998159.0,3288187.0,17709972.0,国科天成,10488161
970,麦高证券有限责任公司北京分公司,2025-05-22,1,1,20998159.0,3288187.0,17709972.0,拱东医疗,10488161
971,国泰海通证券股份有限公司上海分公司,2025-05-09,1,0,17648940.0,0.0,17648940.0,利君股份,10201214
972,中信建投证券股份有限公司南昌北京东路证券营业部,2025-05-23,1,0,17651726.0,4542.0,17647184.0,滨海能源,10131328
973,中信证券股份有限公司北京紫竹院路证券营业部,2025-05-14,1,0,17580205.01,,17580205.01,中远海发,10120512
974,华鑫证券有限责任公司南京清凉门大街证券营业部,2025-05-26,1,0,32987403.0,15433638.0,17553765.0,融发核电,10993985
975,信达证券股份有限公司温州瓯江路证券营业部,2025-05-15,1,0,17534914.66,,17534914.66,苏州龙杰,10638007
976,国泰海通证券股份有限公司上海长宁区江苏路证券营业部,2025-05-22,3,2,71716975.2,54210461.0,17506514.2,乐山电力 利君股份 三生国健 海辰药业 华研精机,10025080
977,华福证券有限责任公司杭州五星路证券营业部,2025-05-22,2,0,17468160.0,0.0,17468160.0,宝光股份 ST棕榈,10709086
978,东方财富证券股份有限公司泉州田安路证券营业部,2025-05-29,1,0,17448694.0,,17448694.0,京华激光,10374709
979,华鑫证券有限责任公司绍兴胜利东路证券营业部,2025-05-27,1,0,17447832.0,,17447832.0,科捷智能,10000170384
980,财通证券股份有限公司杭州丽水路证券营业部,2025-05-28,1,0,17445857.0,,17445857.0,利柏特,10082588
981,华鑫证券有限责任公司上海光复路证券营业部,2025-05-27,3,1,23956237.0,6532126.0,17424111.0,长城电工 宿迁联盛 汇金通,10993987
982,中国银河证券股份有限公司广州华夏路证券营业部,2025-05-21,2,1,30032570.54,12621700.84,17410869.7,中邮科技 丰茂股份,10141412
983,东亚前海证券有限责任公司浙江分公司,2025-05-30,2,1,40841142.8,23435725.68,17405417.12,时代出版 霍普股份 均瑶健康,10000011376
984,东方证券股份有限公司无锡新生路证券营业部,2025-05-15,2,0,17400711.98,,17400711.98,ST新华锦 安正时尚,10517841
985,华宝证券股份有限公司杭州学院路证券营业部,2025-05-15,1,0,17406746.0,6794.0,17399952.0,宏工科技,10108337
986,平安证券股份有限公司温州市府路证券营业部,2025-05-15,1,0,17382689.56,,17382689.56,苏州龙杰,10000039714
987,中信证券股份有限公司浙江分公司,2025-05-15,3,2,81488519.57,64128302.77,17360216.8,华纺股份 渝三峡A 中毅达 青岛金王 尤夫股份,10520724
988,东莞证券股份有限公司厦门分公司,2025-05-23,2,0,18038136.12,697380.29,17340755.83,空港股份 晟楠科技,10145500
989,粤开证券股份有限公司陕西分公司,2025-05-19,1,0,17337020.0,,17337020.0,*ST华幸,10507252
990,粤开证券股份有限公司陕西分公司,2025-05-16,1,0,17337020.0,,17337020.0,*ST华幸,10507252
991,上海证券有限责任公司上海分公司,2025-05-27,1,0,17405981.0,74744.0,17331237.0,ST云动,10913317
992,恒泰证券股份有限公司上海河南南路证券营业部,2025-05-27,1,0,17340382.34,9989.0,17330393.34,新天地,10456489
993,东方证券股份有限公司厦门仙岳路证券营业部,2025-05-23,1,0,30056791.0,12734554.0,17322237.0,金龙羽,10492163
994,招商证券股份有限公司成都天府三街证券营业部,2025-05-12,2,0,18193019.98,872193.0,17320826.98,*ST步森 *ST和科,10641124
995,东海证券股份有限公司福州长乐北路证券营业部,2025-05-28,1,0,17290988.0,,17290988.0,海利尔,10913655
996,中国银河证券股份有限公司北京学院南路证券营业部,2025-05-09,1,0,17293204.6,12358.0,17280846.6,狄耐克,10023559
997,华泰证券股份有限公司北京东三环北路证券营业部,2025-05-22,1,0,17217974.0,,17217974.0,宝光股份,10079640
998,中信证券股份有限公司宁波天童北路证券营业部,2025-05-06,1,1,20438625.47,3260733.45,17177892.02,汉商集团 美心翼申,10140902
999,联储证券股份有限公司上海松林路证券营业部,2025-05-09,1,0,17145600.0,,17145600.0,麒盛科技,10516788
1000,麦高证券有限责任公司成都丽都路证券营业部,2025-05-13,1,0,17110550.0,,17110550.0,宁波远洋,10506068
1001,国信证券股份有限公司北京分公司,2025-05-20,3,2,57315551.0,40216776.97,17098774.03,空港股份 雪榕生物 迎丰股份 普利退,10122926
1002,海通证券股份有限公司广州东风西路营业部,2025-05-14,1,1,24185926.8,7091173.3,17094753.5,方大新材 华光源海,10023380
1003,中银国际证券股份有限公司上海欧阳路证券营业部,2025-05-20,1,0,17054029.78,,17054029.78,苏州龙杰,10047162
1004,联储证券股份有限公司宁波分公司,2025-05-07,1,0,17025975.0,0.0,17025975.0,中超控股,10915756
1005,国信证券股份有限公司浙江互联网分公司,2025-05-13,4,1,60460988.6,43441841.0,17019147.6,宁波东力 连云港 跨境通 春光科技 哈森股份,10000213448
1006,中信建投证券股份有限公司厦门分公司,2025-05-16,1,0,17003089.07,2508.0,17000581.07,集泰股份,10470577
1007,东莞证券股份有限公司江苏常熟营业部,2025-05-15,2,1,29883593.24,12891899.96,16991693.28,天工股份,10000667965
1008,东莞证券股份有限公司常熟东南大道证券营业部,2025-05-15,2,1,29883593.24,12891899.96,16991693.28,华纺股份,10000667965
1009,东吴证券股份有限公司苏州相城区珍珠湖路证券营业部,2025-05-20,1,0,16945362.0,,16945362.0,综艺股份,10467454
1010,东吴证券股份有限公司苏州相城区珍珠湖路证券营业部,2025-05-19,1,0,16945362.0,,16945362.0,综艺股份,10467454
1011,中国中金财富证券有限公司杭州江河汇证券营业部,2025-05-07,1,0,17004287.0,66805.0,16937482.0,电光科技,10185896
1012,爱建证券有限责任公司上海江宁路证券营业部,2025-05-21,1,0,16936612.0,0.0,16936612.0,天汽模,10508940
1013,中信证券股份有限公司东阳吴宁西路证券营业部,2025-05-21,1,1,28262069.0,11340289.0,16921780.0,金龙羽 宝光股份,10124373
1014,东莞证券股份有限公司江苏常熟营业部,2025-05-06,2,0,16918685.54,0.0,16918685.54,卓兆点胶,10000667965
1015,东莞证券股份有限公司常熟东南大道证券营业部,2025-05-06,2,0,16918685.54,0.0,16918685.54,*ST东珠,10000667965
1016,华鑫证券有限责任公司南京清凉门大街证券营业部,2025-05-14,2,1,27549807.7,10631408.7,16918399.0,南京港 尚荣医疗,10993985
1017,华鑫证券有限责任公司南京清凉门大街证券营业部,2025-05-08,1,0,17012783.0,113274.0,16899509.0,利君股份,10993985
1018,招商证券股份有限公司深圳福华三路证券营业部,2025-05-26,1,0,17275351.0,411360.0,16863991.0,宏工科技,10194673
1019,东亚前海证券有限责任公司浙江分公司,2025-05-14,3,0,41411982.19,24585537.0,16826445.19,展鹏科技 皖通科技 捷安高科,10000011376
1020,广发证券股份有限公司西安南广济街证券营业部,2025-05-13,1,0,16941159.2,123121.0,16818038.2,利君股份,10060377
1021,东方证券股份有限公司厦门仙岳路营业部,2025-05-06,2,0,16806714.13,0.0,16806714.13,卓兆点胶,10492163
1022,东方证券股份有限公司厦门仙岳路证券营业部,2025-05-06,2,0,16806714.13,0.0,16806714.13,华纺股份,10492163
1023,华泰证券股份有限公司深圳深南大道证券营业部,2025-05-26,1,0,16806557.0,,16806557.0,ST交昂,10206039
1024,广发证券股份有限公司上海浦东新区东方路证券营业部,2025-05-22,1,1,69934246.0,53128267.25,16805978.75,利君股份 昆仑万维,10140582
1025,联储证券股份有限公司上海松林路证券营业部,2025-05-13,1,0,16796805.0,0.0,16796805.0,鑫磊股份,10516788
1026,浙商证券股份有限公司三门南山路证券营业部,2025-05-13,2,0,16788378.0,,16788378.0,万通发展 安乃达,10140798
1027,东方证券股份有限公司常熟李闸路证券营业部,2025-05-08,1,0,16777286.0,,16777286.0,佳力图,10663857
1028,兴业证券股份有限公司成都航空路证券营业部,2025-05-16,1,0,18529271.0,1768566.0,16760705.0,日发精机,10127437
1029,联储证券股份有限公司上海松林路证券营业部,2025-05-16,1,0,16758221.4,0.0,16758221.4,红墙股份,10516788
1030,东方证券股份有限公司上海浦东新区银城中路证券营业部,2025-05-09,1,0,16809053.33,127566.0,16681487.33,万向钱潮,10472062
1031,财通证券股份有限公司绍兴袍江袍中北路证券营业部,2025-05-16,1,0,16721244.0,51768.0,16669476.0,永安药业,10456250
1032,国金证券股份有限公司上海浦东新区云鹃北路证券营业部,2025-05-19,1,0,16648949.88,,16648949.88,威高血净,10000503113
1033,国盛证券有限责任公司湖北分公司,2025-05-28,1,0,16627186.0,,16627186.0,海利尔,10941277
1034,国泰海通证券股份有限公司上海静安区新闸路证券营业部,2025-05-13,2,1,90880586.0,74286014.88,16594571.12,凯美特气 拓斯达 长华化学,10430845
1035,浙商证券股份有限公司深圳后海大道证券营业部,2025-05-06,1,1,21582295.0,4999803.0,16582492.0,ST新华锦 华银电力,10030396
1036,中国银河证券股份有限公司柳州友谊路证券营业部,2025-05-07,1,0,16575135.22,,16575135.22,精进电动,10339031
1037,摩根大通证券(中国)有限公司上海银城中路证券营业部,2025-05-14,1,0,16570729.0,,16570729.0,天和磁材,10000100571
1038,国融证券股份有限公司青岛分公司,2025-05-12,1,0,16569280.0,,16569280.0,龙蟠科技,10467512
1039,华源证券股份有限公司深圳分公司,2025-05-13,1,0,16526857.2,0.0,16526857.2,恒而达,10484869
1040,长江证券股份有限公司上海都市路证券营业部,2025-05-27,1,0,16483794.0,,16483794.0,退市创兴,10637982
1041,东方财富证券股份有限公司拉萨团结路第二证券营业部,2025-05-29,8,8,119958856.93,103482130.17,16476726.76,胜业电气 美邦股份 古麒绒材 汉邦科技 新安洁 鸿博股份 三友科技 永安药业 金龙羽 机科股份 新天地 瑞奇智造,10495103
1042,中国银河证券股份有限公司大连人民路证券营业部,2025-05-28,1,0,16497729.0,37452.0,16460277.0,玉禾田,10023511
1043,中国银河证券股份有限公司宜昌新世纪证券营业部,2025-05-13,1,0,16514369.55,69014.0,16445355.55,鑫磊股份,10025301
1044,中信证券股份有限公司桐乡振兴东路证券营业部,2025-05-28,1,0,17108856.0,669517.0,16439339.0,利君股份,10147191
1045,方正证券股份有限公司杭州滨江通和路证券营业部,2025-05-26,1,0,16365770.0,,16365770.0,综艺股份,10139307
1046,东方财富证券股份有限公司拉萨团结路第二证券营业部,2025-05-27,10,4,177514819.53,161179739.37,16335080.16,长城电工 瑞奇智造 海森药业 永安药业 宁波远洋 顺景科技 金龙羽 骑士乳业 中科美菱 智莱科技 新天地 天元宠物,10495103
1047,东海证券股份有限公司常州劳动西路证券营业部,2025-05-28,1,0,16333724.0,,16333724.0,海利尔,10027003
1048,申万宏源证券有限公司上海闵行区碧江路证券营业部,2025-05-23,1,0,16367893.0,46471.0,16321422.0,国科天成,10025191
1049,浙商证券股份有限公司杭州城星路证券营业部,2025-05-07,1,1,35005725.65,18707442.4,16298283.25,慧为智能,10949092
1050,中银国际证券股份有限公司上海欧阳路证券营业部,2025-05-19,1,0,16293897.8,,16293897.8,吉华集团,10047162
1051,华源证券股份有限公司武汉分公司,2025-05-14,1,0,16285082.0,0.0,16285082.0,飞力达,10000722572
1052,中信建投证券股份有限公司南昌北京东路证券营业部,2025-05-30,3,1,34543092.76,18263578.26,16279514.5,均瑶健康 路桥信息 霍普股份,10131328
1053,财通证券股份有限公司温岭中华路证券营业部,2025-05-19,1,0,44899146.0,28620137.0,16279009.0,东方中科,10022026
1054,中信建投证券股份有限公司广州珠江新城证券营业部,2025-05-13,1,0,16276890.0,,16276890.0,安乃达,10537531
1055,东海证券股份有限公司苏州吴江中山南路证券营业部,2025-05-20,1,0,16259815.0,0.0,16259815.0,万安科技,10456962
1056,华源证券股份有限公司江苏分公司,2025-05-09,2,3,46947743.39,30705289.57,16242453.82,ST椰岛 华纺股份 中毅达 安乃达,10484864
1057,中信证券股份有限公司东阳吴宁西路证券营业部,2025-05-20,1,0,16186268.0,,16186268.0,湖南天雁,10124373
1058,中山证券有限责任公司东莞钱屋街证券营业部,2025-05-28,1,0,16115827.24,,16115827.24,苏州龙杰,10663816
1059,信达证券股份有限公司温州瓯江路证券营业部,2025-05-26,1,0,16111807.0,8478.0,16103329.0,ST棕榈,10638007
1060,华泰证券股份有限公司上海武定路证券营业部,2025-05-07,2,0,16103098.0,,16103098.0,ST长园 京运通,10098087
1061,联储证券股份有限公司浙江分公司,2025-05-06,1,0,16121439.58,23592.0,16097847.58,渝三峡A,10638001
1062,民生证券股份有限公司河南分公司,2025-05-09,1,0,16100737.0,28964.0,16071773.0,鑫磊股份,10399420
1063,海通证券股份有限公司国际部Y,2025-05-20,1,0,16068156.5,,16068156.5,百合股份,10022092
1064,平安证券股份有限公司湖北分公司,2025-05-21,1,0,16078886.0,35776.0,16043110.0,京基智农,10091245
1065,中国银河证券股份有限公司杭州景芳证券营业部,2025-05-06,1,0,16125248.08,88038.0,16037210.08,渝三峡A,10145141
1066,华泰证券股份有限公司总部,2025-05-19,1,1,23279241.75,7243652.26,16035589.49,百合股份 三生国健,10028451
1067,国金证券股份有限公司深圳湾一号证券营业部,2025-05-20,3,3,43808390.28,27822161.15,15986229.13,胜业电气 通达股份 旭杰科技 五新智能 集泰股份 华光源海,10396105
1068,国信证券股份有限公司吉林分公司,2025-05-23,1,0,15963099.0,6438.0,15956661.0,西陇科学,10448164
1069,长江证券股份有限公司上海安远路证券营业部,2025-05-23,1,0,18410891.0,2462955.0,15947936.0,宏桥控股,10682345
1070,中国国际金融股份有限公司北京建国门外大街证券营业部,2025-05-06,1,0,15945029.26,,15945029.26,华银电力,10050414
1071,金元证券股份有限公司海南分公司,2025-05-14,1,0,15943891.0,,15943891.0,宁波远洋,10023498
1072,东海证券股份有限公司福建厦门分公司,2025-05-16,1,0,15897850.0,0.0,15897850.0,集泰股份,10458658
1073,金元证券股份有限公司海南分公司,2025-05-13,1,0,15890449.0,,15890449.0,宁波远洋,10023498
1074,中信证券股份有限公司北京安外大街证券营业部,2025-05-22,2,1,64856331.6,49010982.69,15845348.91,舒泰神 空港股份 三生国健,10045007
1075,海通证券股份有限公司乌鲁木齐友好北路证券营业部,2025-05-14,1,0,15845290.57,,15845290.57,中远海发,10049340
1076,国金证券股份有限公司南京双龙大道证券营业部,2025-05-09,2,2,42525824.32,26709744.0,15816080.32,华纺股份 中毅达 百达精工,10000550648
1077,华泰证券股份有限公司南京清凉门大街证券营业部,2025-05-09,1,0,20239831.0,4431983.0,15807848.0,山东墨龙,10125435
1078,华福证券有限责任公司厦门分公司,2025-05-20,1,0,15782742.0,,15782742.0,*ST九鼎,10494414
1079,华泰证券股份有限公司上海静安区威海路证券营业部,2025-05-30,1,0,15773677.8,0.0,15773677.8,劲旅环境,10101046
1080,中国银河证券股份有限公司北京中关村大街证券营业部,2025-05-21,1,0,15762650.0,,15762650.0,*ST华幸,10115140
1081,广发证券股份有限公司郑州农业路证券营业部,2025-05-29,1,0,16006148.0,266137.0,15740011.0,侨银股份,10031937
1082,粤开证券股份有限公司深圳深南大道证券营业部,2025-05-27,2,2,30123344.54,14397423.0,15725921.54,滨海能源 顺景科技 天元宠物,10747420
1083,国金证券股份有限公司深圳湾一号证券营业部,2025-05-09,6,2,45534551.72,29829632.84,15704918.88,晟楠科技 炼石航空 芭薇股份 同洲电子 升达林业 七丰精工 众捷汽车,10396105
1084,招商证券股份有限公司福州六一中路证券营业部,2025-05-06,1,0,15646869.48,,15646869.48,*ST东珠,10318896
1085,麦高证券有限责任公司成都丽都路证券营业部,2025-05-09,2,0,40149253.0,24515720.2,15633532.8,武汉凡谷 鑫磊股份,10506068
1086,华泰证券股份有限公司上海浦东新区世纪大道证券营业部,2025-05-08,1,0,15614144.0,,15614144.0,豪能股份,10441054
1087,华泰证券股份有限公司上海武定路证券营业部,2025-05-19,2,0,15950809.58,339552.14,15611257.44,天工股份 华阳新材,10098087
1088,广发证券股份有限公司西安南广济街证券营业部,2025-05-30,1,0,15649827.68,43832.0,15605995.68,劲旅环境,10060377
1089,中信证券(山东)有限责任公司临沂金雀山路证券营业部,2025-05-22,1,0,15603000.0,0.0,15603000.0,速达股份,10141406
1090,华鑫证券有限责任公司成都交子大道证券营业部,2025-05-15,2,0,15593184.6,0.0,15593184.6,华业香料 美农生物,10456795
1091,华鑫证券有限责任公司江苏分公司,2025-05-08,1,0,15574944.0,,15574944.0,豪能股份,10442978
1092,中国银河证券股份有限公司深圳深南大道证券营业部,2025-05-21,1,0,15582075.0,11835.0,15570240.0,京基智农,10031772
1093,华林证券股份有限公司浙江分公司,2025-05-26,1,1,24803925.18,9241649.0,15562276.18,郑中设计 天元智能,10000133800
1094,中银国际证券股份有限公司上海新华路证券营业部,2025-05-30,1,0,25799611.0,10268098.0,15531513.0,舒泰神,10131919
1095,国金证券股份有限公司上海静安区南京西路证券营业部,2025-05-07,4,0,15563697.59,60570.0,15503127.59,*ST步森 华纺股份 ST长园 *ST起步,10342130
1096,华鑫证券有限责任公司上海宛平南路证券营业部,2025-05-12,2,0,15460848.0,,15460848.0,苏州龙杰 ST东尼,10028416
1097,中信证券股份有限公司北京安外大街证券营业部,2025-05-09,1,0,15436048.0,,15436048.0,浙江荣泰,10045007
1098,华泰证券股份有限公司深圳深南大道基金大厦证券营业部,2025-05-16,1,0,15427749.0,,15427749.0,天和磁材,10149531
1099,湘财证券股份有限公司北京建国门内大街证券营业部,2025-05-28,1,0,15422700.0,,15422700.0,江苏新能,10145221
1100,中信建投证券股份有限公司上海营口路证券营业部,2025-05-13,3,1,21700827.2,6308374.0,15392453.2,国华退 退市华嵘 宏工科技 亚振家居,10028716
1101,东方财富证券股份有限公司拉萨金融城南环路证券营业部,2025-05-09,12,10,252444897.25,237087190.39,15357706.86,晟楠科技 华胜天成 渝三峡A 茂业商业 襄阳轴承 润贝航科 全筑股份 迎丰股份 红宝丽 中超控股 南方精工 ST章鼓 利君股份 *ST冀凯 *ST岭南 红墙股份,10678762
1102,招商证券股份有限公司上海牡丹江路证券营业部,2025-05-19,1,0,15318007.63,,15318007.63,威高血净,10176549
1103,国泰海通证券股份有限公司临沂沂蒙路证券营业部,2025-05-22,1,0,15264202.0,0.0,15264202.0,速达股份,10148549
1104,中银国际证券股份有限公司上海欧阳路证券营业部,2025-05-29,1,0,15245195.4,,15245195.4,益方生物,10047162
1105,国元证券股份有限公司温岭太平东城路证券营业部,2025-05-19,1,0,15180607.71,10944.0,15169663.71,郑中设计,10657359
1106,国金证券股份有限公司北京崇文门外大街证券营业部,2025-05-19,1,0,15166925.0,0.0,15166925.0,久吾高科,10510717
1107,万联证券股份有限公司广州珠江新城证券营业部,2025-05-13,1,0,15165826.0,0.0,15165826.0,利君股份,10537542
1108,万联证券股份有限公司南昌丰和中大道证券营业部,2025-05-07,1,0,15441128.0,276000.0,15165128.0,大叶股份,10561432
1109,平安证券股份有限公司温州市府路证券营业部,2025-05-19,1,0,15159414.6,,15159414.6,吉华集团,10000039714
1110,华源证券股份有限公司江苏分公司,2025-05-08,2,1,22278000.0,7124136.0,15153864.0,迪生力 安乃达 亚振家居,10484864
1111,天风证券股份有限公司浙江分公司,2025-05-08,2,0,15220375.77,72670.78,15147704.99,佳力图 美心翼申,10570378
1112,华鑫证券有限责任公司上海云锦路证券营业部,2025-05-16,1,0,15144580.0,,15144580.0,丽人丽妆,10048457
1113,国元证券股份有限公司涡阳紫光大道证券营业部,2025-05-12,1,0,15151708.0,19778.0,15131930.0,德力股份,10737550
1114,国金证券股份有限公司杭州利一路证券营业部,2025-05-28,1,0,15107840.0,,15107840.0,海利尔,10123442
1115,中银国际证券股份有限公司重庆江北证券营业部,2025-05-14,1,0,15160238.0,62280.0,15097958.0,*ST天箭,10060291
1116,中国银河证券股份有限公司北京翠林路证券营业部,2025-05-13,1,0,15085061.0,0.0,15085061.0,宏工科技,10984266
1117,国泰海通证券股份有限公司上海浦东新区海阳西路证券营业部,2025-05-22,1,0,15084376.0,0.0,15084376.0,海辰药业,10000526029
1118,东北证券股份有限公司杭州教工路证券营业部,2025-05-30,1,0,15076642.0,,15076642.0,绿能慧充,10949067
1119,中国银河证券股份有限公司深圳深南大道证券营业部,2025-05-22,1,0,15061483.0,,15061483.0,宝光股份,10031772
1120,国盛证券有限责任公司抚州分公司,2025-05-09,1,0,15031161.0,0.0,15031161.0,豪尔赛,10046682
1121,东兴证券股份有限公司杭州绍兴路证券营业部,2025-05-26,1,0,15023869.0,,15023869.0,综艺股份,10117901
1122,东海证券股份有限公司福州长乐北路证券营业部,2025-05-22,1,0,15022978.0,0.0,15022978.0,慧博云通,10913655
1123,中信证券股份有限公司东阳吴宁西路证券营业部,2025-05-16,2,1,22679165.0,7657249.0,15021916.0,百利电气 安正时尚,10124373
1124,山西证券股份有限公司浙江分公司,2025-05-28,1,0,15013549.0,0.0,15013549.0,劲旅环境,10737984
1125,国信证券股份有限公司北京通州北苑证券营业部,2025-05-23,1,0,15009796.0,0.0,15009796.0,滨海能源,10340390
1126,光大证券股份有限公司昆明人民中路证券营业部,2025-05-16,1,0,15004865.0,0.0,15004865.0,集泰股份,10048514
1127,东吴证券股份有限公司武汉新华路证券营业部,2025-05-14,1,0,14999931.0,,14999931.0,中远海发,10668330
1128,华泰证券股份有限公司总部,2025-05-13,1,0,14983045.0,,14983045.0,连云港,10028451
1129,国泰海通证券股份有限公司上海闵行区号文路证券营业部,2025-05-29,1,0,14957608.0,,14957608.0,通达电气,10000584249
1130,长城证券股份有限公司西安锦业路营业部,2025-05-08,1,0,14894929.63,0.0,14894929.63,七丰精工,10484324
1131,招商证券股份有限公司深圳科技园高新南一道证券营业部,2025-05-06,1,1,19492888.0,4605046.5,14887841.5,贤丰控股 新瀚新材,10128338
1132,国新证券股份有限公司北京中关村大街证券营业部,2025-05-06,2,0,14879470.6,,14879470.6,华阳新材 诚邦股份,10919501
1133,甬兴证券有限公司青岛分公司,2025-05-28,1,0,14863640.0,,14863640.0,海利尔,10000170393
1134,东莞证券股份有限公司厦门分公司,2025-05-13,1,0,14876266.0,36360.0,14839906.0,凯美特气,10145500
1135,中原证券股份有限公司平顶山分公司,2025-05-23,1,0,15413769.0,623548.0,14790221.0,润阳科技,10484833
1136,兴业证券股份有限公司福州工业路证券营业部,2025-05-30,1,1,15096586.4,316888.43,14779697.97,劲旅环境 深深房B,10057576
1137,华泰证券股份有限公司江西分公司,2025-05-16,1,0,14765492.0,0.0,14765492.0,豪恩汽电,10427427
1138,开源证券股份有限公司西安永城路证券营业部,2025-05-19,1,0,14743084.0,0.0,14743084.0,久吾高科,10495079
1139,东方财富证券股份有限公司山南香曲东路证券营业部,2025-05-08,6,0,24150817.06,9460619.86,14690197.2,东通退 晟楠科技 退市创兴 退市苏吴 美心翼申 *ST元成,10281327
1140,平安证券股份有限公司深圳分公司,2025-05-12,1,0,15856885.0,1169616.0,14687269.0,渝三峡A,10048273
1141,财通证券股份有限公司杭州丽水路证券营业部,2025-05-12,1,0,14996459.03,325267.8,14671191.23,宏工科技,10082588
1142,东方证券股份有限公司厦门仙岳路证券营业部,2025-05-09,2,2,50040599.88,35381205.6,14659394.28,*ST天箭 中国瑞林 麒盛科技,10492163
1143,东方证券股份有限公司厦门仙岳路营业部,2025-05-09,2,2,50040599.88,35381205.6,14659394.28,七丰精工,10492163
1144,中信建投证券股份有限公司长沙市芙蓉中路证券营业部,2025-05-29,1,0,14653970.0,,14653970.0,永冠新材,10021915
1145,广发证券股份有限公司总部,2025-05-26,1,0,14607469.0,,14607469.0,锦江在线,10005679
1146,国泰海通证券股份有限公司总部,2025-05-14,9,7,195639975.55,181036562.49,14603413.06,连云港 国芳集团 天和磁材 肯特催化 百达精工 苏州龙杰 嘉诚国际 春光科技 雅运股份 迎丰股份 航天南湖,10004865
1147,开源证券股份有限公司西安西大街证券营业部,2025-05-14,1,0,14593136.0,,14593136.0,宁波海运,10046745
1148,华泰证券股份有限公司总部,2025-05-22,1,0,14563899.0,,14563899.0,东贝集团,10028451
1149,东方财富证券股份有限公司拉萨东环路第一证券营业部,2025-05-20,9,5,89576771.86,75020267.31,14556504.55,华纺股份 芭薇股份 通达股份 胜业电气 旭杰科技 贵航股份 贝因美 集泰股份 五新智能 宁波远洋 华光源海 普利退 京运通,10428246
1150,中国中金财富证券有限公司深圳桃园路证券营业部,2025-05-14,1,0,14531515.0,,14531515.0,苏州龙杰,10028593
1151,国泰海通证券股份有限公司成都天府二街第一证券营业部,2025-05-20,1,0,14520415.0,0.0,14520415.0,一品红,10564228
1152,华鑫证券有限责任公司杭州分公司,2025-05-29,1,0,14518014.0,,14518014.0,均瑶健康,10000055313
1153,财通证券股份有限公司温岭中华路证券营业部,2025-05-23,2,2,88000956.84,73502254.0,14498702.84,南京港 苏州龙杰 丽人丽妆,10022026
1154,长江证券股份有限公司上海东明路证券营业部,2025-05-23,1,0,18393015.14,3907656.0,14485359.14,宏桥控股,10093321
1155,爱建证券有限责任公司上海锦康路证券营业部,2025-05-12,1,0,14412312.86,0.0,14412312.86,宏工科技,10767850
1156,民生证券股份有限公司河南分公司,2025-05-15,1,0,14586459.0,176836.0,14409623.0,鑫磊股份,10399420
1157,东亚前海证券有限责任公司深圳分公司,2025-05-13,1,0,14382480.0,0.0,14382480.0,恒而达,10924068
1158,中国银河证券股份有限公司成都益州大道证券营业部,2025-05-22,1,0,14362859.0,,14362859.0,空港股份,10030491
1159,中国中金财富证券有限公司厦门分公司,2025-05-14,1,0,14360000.0,,14360000.0,苏州龙杰,10142917
1160,中国中金财富证券有限公司安徽分公司,2025-05-21,1,0,14359009.5,0.0,14359009.5,信邦智能,10526794
1161,高盛(中国)证券有限责任公司上海浦东新区世纪大道证券营业部,2025-05-20,2,1,28319375.11,13969051.78,14350323.33,安乃达 正弦电气,10000399618
1162,国新证券股份有限公司长沙韶山路证券营业部,2025-05-07,2,1,19790849.0,5473975.0,14316874.0,华纺股份 航天长峰 纬德信息,10143353
1163,东海证券股份有限公司福建厦门分公司,2025-05-22,1,0,14311416.0,0.0,14311416.0,慧博云通,10458658
1164,东海证券股份有限公司南京分公司,2025-05-30,1,0,14294948.0,,14294948.0,退市创兴,10000583799
1165,华福证券有限责任公司杭州江南大道证券营业部,2025-05-13,1,0,14263165.0,,14263165.0,华纺股份,10787866
1166,中信证券股份有限公司宁波天童北路证券营业部,2025-05-15,1,0,14254786.42,,14254786.42,苏州龙杰,10140902
1167,华鑫证券有限责任公司江苏分公司,2025-05-23,1,0,14248254.0,0.0,14248254.0,滨海能源,10442978
1168,东方证券股份有限公司张家港东环路证券营业部,2025-05-08,1,0,14224958.0,,14224958.0,华纺股份,10702252
1169,中山证券有限责任公司上海徐汇分公司,2025-05-07,1,0,14212800.0,,14212800.0,纬德信息,10045116
1170,国金证券股份有限公司深圳分公司,2025-05-06,1,3,25845347.83,11667652.0,14177695.83,四环生物 星光股份 天元股份 宏景科技,10000104821
1171,国泰海通证券股份有限公司青岛松岭路证券营业部,2025-05-14,1,0,14135026.0,0.0,14135026.0,鑫磊股份,10564225
1172,联储证券股份有限公司烟台分公司,2025-05-13,2,0,14111820.2,0.0,14111820.2,国华退 亚振家居,10536229
1173,国泰海通证券股份有限公司南京太平南路证券营业部,2025-05-07,1,0,14103805.74,,14103805.74,麒盛科技,10025054
1174,兴业证券股份有限公司漳浦印石中路证券营业部,2025-05-22,1,0,14051355.46,,14051355.46,航天南湖,10472088
1175,东莞证券股份有限公司江苏常熟营业部,2025-05-19,2,1,35013818.0,21003107.62,14010710.38,天工股份,10000667965
1176,东莞证券股份有限公司常熟东南大道证券营业部,2025-05-19,2,1,35013818.0,21003107.62,14010710.38,成飞集成 安彩高科,10000667965
1177,恒泰证券股份有限公司上海河南南路证券营业部,2025-05-12,1,0,13977589.0,,13977589.0,迎丰股份,10456489
1178,广发证券股份有限公司上海浦东新区东方路证券营业部,2025-05-09,1,0,14015409.43,39274.0,13976135.43,瑞鹄模具,10140582
1179,华鑫证券有限责任公司上海分公司,2025-05-16,2,0,35151012.0,21176453.0,13974559.0,荣丰控股 通达股份,10274545
1180,兴业证券股份有限公司厦门湖里大道证券营业部,2025-05-27,1,0,13964543.6,,13964543.6,均瑶健康,10119151
1181,兴业证券股份有限公司厦门湖里大道证券营业部,2025-05-26,1,0,13964543.6,,13964543.6,均瑶健康,10119151
1182,甬兴证券有限公司台州分公司,2025-05-15,1,0,13953472.0,,13953472.0,综艺股份,10000505782
1183,开源证券股份有限公司西安高新成章路证券营业部,2025-05-07,1,1,34703499.0,20752364.77,13951134.23,大众交通 天和磁材,10657381
1184,华鑫证券有限责任公司上海金山证券营业部,2025-05-22,1,0,13933463.0,13447.0,13920016.0,国科天成,10048296
1185,平安证券股份有限公司深圳金田路证券营业部,2025-05-26,1,1,18624355.6,4755124.34,13869231.26,中科美菱 ST棕榈,10388201
1186,南京证券股份有限公司温州市府路证券营业部,2025-05-29,1,0,13790394.0,,13790394.0,合兴股份,10000302209
1187,国信证券股份有限公司北京分公司,2025-05-26,1,0,14339975.0,560676.0,13779299.0,智莱科技,10122926
1188,华泰证券股份有限公司长沙芙蓉中路证券营业部,2025-05-22,1,0,13762985.0,,13762985.0,通达电气,10087871
1189,中国中金财富证券有限公司杭州教工路证券营业部,2025-05-15,1,0,13729551.12,0.0,13729551.12,宏工科技,10142047
1190,国信证券股份有限公司北京分公司,2025-05-19,2,2,38120629.0,24394747.0,13725882.0,安纳达 华阳新材 万安科技 迎丰股份,10122926
1191,甬兴证券有限公司深圳分公司,2025-05-19,1,0,13720017.73,0.0,13720017.73,常辅股份,10000383419
1192,广发证券股份有限公司绍兴云东路证券营业部,2025-05-28,1,0,13671240.0,36028.0,13635212.0,广康生化,10110350
1193,华鑫证券有限责任公司佛山顺德近良路营业部,2025-05-15,1,0,13606393.3,0.0,13606393.3,芭薇股份,10456801
1194,光大证券股份有限公司苏州邓尉路证券营业部,2025-05-22,1,0,13599817.46,0.0,13599817.46,速达股份,10594183
1195,中信建投证券股份有限公司上海营口路证券营业部,2025-05-20,2,1,20584463.5,6988794.91,13595668.59,丽人丽妆 佳合科技 保丽洁,10028716
1196,东莞证券股份有限公司东莞分公司,2025-05-19,1,0,13835473.0,265077.0,13570396.0,集泰股份,10484999
1197,英大证券有限责任公司深圳华侨城证券营业部,2025-05-15,1,0,13510285.0,,13510285.0,ST交昂,10030156
1198,华鑫证券有限责任公司深圳益田路证券营业部,2025-05-21,1,0,13477859.0,,13477859.0,常青股份,10495078
1199,中信建投证券股份有限公司上海营口路证券营业部,2025-05-09,3,0,13465471.59,,13465471.59,ST椰岛 ST海钦 顺景科技,10028716
1200,财信证券股份有限公司杭州长生路证券营业部,2025-05-14,1,0,13437878.0,0.0,13437878.0,尚荣医疗,10656871
1201,东亚前海证券有限责任公司深圳分公司,2025-05-12,1,0,13405510.0,,13405510.0,华纺股份,10924068
1202,上海证券有限责任公司宁波北仑新大路证券营业部,2025-05-07,2,0,21481188.94,8076776.68,13404412.26,慧为智能 锦好医疗,10000004537
1203,国信证券股份有限公司深圳泰然九路证券营业部,2025-05-26,1,0,13905088.0,524167.0,13380921.0,信邦智能,10078443
1204,国泰海通证券股份有限公司重庆观音桥步行街证券营业部,2025-05-19,1,0,13379167.0,0.0,13379167.0,路畅科技,10719914
1205,华泰证券股份有限公司总部,2025-05-07,2,0,13378477.51,,13378477.51,京运通 ST葫芦娃,10028451
1206,国泰海通证券股份有限公司北京金融街证券营业部,2025-05-30,2,1,82063454.0,68688937.0,13374517.0,合锻智能 丽人丽妆,10124786
1207,东方财富证券股份有限公司昌都两江大道证券营业部,2025-05-16,2,1,23885446.0,10517618.0,13367828.0,渝三峡A 盛泰集团 普利退,10342919
1208,浙商证券股份有限公司宁波分公司,2025-05-09,1,0,13340000.0,0.0,13340000.0,侨银股份,10484761
1209,东方证券股份有限公司常熟李闸路证券营业部,2025-05-26,1,0,13344905.0,12385.0,13332520.0,会畅科技,10663857
1210,华泰证券股份有限公司上海武定路证券营业部,2025-05-29,2,0,13332211.8,,13332211.8,合兴股份 汇丽B,10098087
1211,中信证券股份有限公司长兴明珠路证券营业部,2025-05-09,1,0,13330662.0,3760.0,13326902.0,侨银股份,10140897
1212,海通证券股份有限公司长沙五一大道营业部,2025-05-26,1,0,13430495.64,112109.04,13318386.6,瑞奇智造,10099191
1213,国元证券股份有限公司温岭太平东城路证券营业部,2025-05-26,1,1,23193612.5,9880393.0,13313219.5,郑中设计 天元智能,10657359
1214,浙商证券股份有限公司宁波分公司,2025-05-19,1,0,13305000.0,0.0,13305000.0,路畅科技,10484761
1215,华鑫证券有限责任公司上海金山证券营业部,2025-05-26,1,0,13322465.0,19830.0,13302635.0,会畅科技,10048296
1216,方正证券股份有限公司广州兴盛路证券营业部,2025-05-09,1,0,13277375.2,,13277375.2,春光科技,10160533
1217,招商证券股份有限公司上海娄山关路证券营业部,2025-05-28,1,0,13483151.66,241059.0,13242092.66,华森制药,10122836
1218,财通证券股份有限公司杭州丽水路证券营业部,2025-05-08,1,0,13237350.0,,13237350.0,明新旭腾,10082588
1219,国泰海通证券股份有限公司成都顺城大街证券营业部,2025-05-19,1,0,13757775.55,536233.0,13221542.55,郑中设计,10025180
1220,广发证券股份有限公司西安金花北路证券营业部,2025-05-22,1,0,13387985.19,167418.0,13220567.19,新铝时代,10143410
1221,东莞证券股份有限公司南京分公司,2025-05-12,1,1,20142122.99,6954579.0,13187543.99,百达精工 宏达高科,10485003
1222,华鑫证券有限责任公司上海光复路证券营业部,2025-05-12,3,1,23423286.0,10246371.0,13176915.0,苏州龙杰 华如科技 迎丰股份,10993987
1223,长城证券股份有限公司西安锦业路营业部,2025-05-16,1,1,23323142.74,10146372.66,13176770.08,七丰精工 万德股份,10484324
1224,国金证券股份有限公司上海奉贤区金碧路证券营业部,2025-05-13,1,0,16409817.0,3266518.0,13143299.0,东方日升,10467671
1225,中国银河证券股份有限公司北京金融街证券营业部,2025-05-23,1,0,13088079.0,,13088079.0,空港股份,10030485
1226,中泰证券股份有限公司东营广饶正安路证券营业部,2025-05-23,1,0,13084702.0,,13084702.0,莱绅通灵,10174514
1227,华泰证券股份有限公司成都人民南路证券营业部,2025-05-20,1,0,13073373.0,,13073373.0,百合股份,10026964
1228,中信证券股份有限公司浙江分公司,2025-05-23,2,1,20163998.0,7094919.0,13069079.0,廊坊发展 综艺股份 苏州龙杰,10520724
1229,光大证券股份有限公司宁波甬江大道证券营业部,2025-05-12,1,0,13064251.74,,13064251.74,航天南湖,10106213
1230,招商证券股份有限公司深圳深南大道车公庙证券营业部,2025-05-21,1,0,13421037.44,363894.0,13057143.44,丰茂股份,10114164
1231,甬兴证券有限公司天津解放北路证券营业部,2025-05-13,1,0,13029120.0,,13029120.0,苏州龙杰,10000565545
1232,东方财富证券股份有限公司山南香曲东路证券营业部,2025-05-23,3,0,19709784.28,6699254.79,13010529.49,*ST正平 常辅股份 宁新新材,10281327
1233,招商证券股份有限公司上海世纪大道证券营业部,2025-05-22,1,0,13500765.0,562541.0,12938224.0,保龄宝,10046548
1234,东方证券股份有限公司无锡新生路证券营业部,2025-05-06,2,0,12918361.0,0.0,12918361.0,诚邦股份 金凯生科,10517841
1235,联储证券股份有限公司重庆江北嘴证券营业部,2025-05-19,3,2,76648056.5,63763825.6,12884230.9,中毅达 中洲特材 国航远洋 宁波远洋 天元宠物,10516789
1236,国盛证券有限责任公司南昌金融大街证券营业部,2025-05-30,1,1,29347320.0,16476836.27,12870483.73,创新医疗 御银股份,10456701
1237,国泰海通证券股份有限公司深圳深南大道京基一百证券营业部,2025-05-30,1,1,27226065.4,14364582.0,12861483.4,联化科技 霍普股份,10717069
1238,华宝证券股份有限公司上海东大名路证券营业部,2025-05-30,1,0,12851625.0,0.0,12851625.0,富煌钢构,10456831
1239,中国银河证券股份有限公司绍兴证券营业部,2025-05-08,1,0,12891943.6,72602.0,12819341.6,狄耐克,10023543
1240,中国银河证券股份有限公司温州三友路证券营业部,2025-05-29,1,0,12810326.54,,12810326.54,汉邦科技,10030472
1241,粤开证券股份有限公司深圳深南大道证券营业部,2025-05-20,1,0,12809850.0,,12809850.0,空港股份,10747420
1242,东方财富证券股份有限公司山南香曲东路证券营业部,2025-05-28,2,0,16039968.79,3250048.42,12789920.37,*ST正平 骑士乳业,10281327
1243,长江证券股份有限公司深圳福华路证券营业部,2025-05-14,1,0,12788598.0,0.0,12788598.0,飞力达,10133333
1244,国联民生证券股份有限公司无锡中山路证券营业部,2025-05-30,1,0,12749134.0,,12749134.0,领先股份,10030315
1245,华西证券股份有限公司武汉青年路证券营业部,2025-05-07,1,0,12739844.2,0.0,12739844.2,润贝航科,10000037332
1246,长江证券股份有限公司武汉汉阳大道证券营业部,2025-05-29,1,0,12736468.33,,12736468.33,概伦电子,10549246
1247,长城证券股份有限公司长沙五一中路证券营业部,2025-05-23,1,0,26835201.0,14106141.5,12729059.5,永安药业,10025236
1248,平安证券股份有限公司福州长乐北路证券营业部,2025-05-16,1,0,13408128.21,704712.17,12703416.04,天工股份,10476445
1249,东北证券股份有限公司佛山分公司,2025-05-26,1,0,12674577.0,,12674577.0,通达电气,10533627
1250,海通证券股份有限公司长沙五一大道营业部,2025-05-15,2,1,22340030.44,9665502.0,12674528.44,天工股份,10099191
1251,海通证券股份有限公司长沙五一大道证券营业部,2025-05-15,2,1,22340030.44,9665502.0,12674528.44,迎丰股份,10099191
1252,海通证券股份有限公司苏州南园北路证券营业部,2025-05-16,1,0,13242866.9,573015.0,12669851.9,恒鑫生活,10769972
1253,财信证券股份有限公司杭州长生路证券营业部,2025-05-07,1,0,12668933.0,,12668933.0,麒盛科技,10656871
1254,中国银河证券股份有限公司桂林中山中路证券营业部,2025-05-09,1,0,12665152.55,,12665152.55,中国瑞林,10101590
1255,国新证券股份有限公司长沙韶山路证券营业部,2025-05-08,1,0,12661632.0,,12661632.0,上海凤凰,10143353
1256,中信证券股份有限公司上海溧阳路证券营业部,2025-05-22,1,0,12658182.0,,12658182.0,通达电气,10045025
1257,湘财证券股份有限公司西安沣惠南路证券营业部,2025-05-13,1,0,12656070.0,,12656070.0,京运通,10025147
1258,中国银河证券股份有限公司深圳福华一路证券营业部,2025-05-13,1,0,12652222.0,,12652222.0,华纺股份,10141519
1259,国泰海通证券股份有限公司上海徐汇区宛平南路证券营业部,2025-05-19,1,1,25023332.0,12384891.48,12638440.52,安纳达 郑中设计,10023418
1260,长城证券股份有限公司长沙五一中路证券营业部,2025-05-19,1,0,12774443.75,158095.0,12616348.75,太力科技,10025236
1261,中信证券股份有限公司北京复外大街证券营业部,2025-05-13,1,0,12606698.0,,12606698.0,麒盛科技,10022040
1262,华鑫证券有限责任公司湖州大线场路证券营业部,2025-05-21,1,0,12605076.0,0.0,12605076.0,海辰药业,10993984
1263,东方证券股份有限公司株洲长江北路证券营业部,2025-05-30,1,0,12589187.0,,12589187.0,汇金通,10492166
1264,财通证券股份有限公司温岭中华路证券营业部,2025-05-22,2,1,50158773.19,37582311.7,12576461.49,宜宾纸业 南京港 丽人丽妆,10022026
1265,中国银河证券股份有限公司大连人民路证券营业部,2025-05-07,1,0,13175105.0,602053.0,12573052.0,永安药业,10023511
1266,广发证券股份有限公司珠海三台石路证券营业部,2025-05-15,1,0,12503279.24,,12503279.24,航天南湖,10111648
1267,华鑫证券有限责任公司绍兴胜利东路证券营业部,2025-05-09,1,0,12499812.0,,12499812.0,华电辽能,10000170384
1268,东方证券股份有限公司福州五四路证券营业部,2025-05-26,1,0,12472250.1,0.0,12472250.1,海森药业,10456965
1269,国金证券股份有限公司成都双楠路证券营业部,2025-05-08,1,0,12466035.0,6653.0,12459382.0,豪尔赛,10025246
1270,东亚前海证券有限责任公司苏州分公司,2025-05-26,1,0,12452346.0,,12452346.0,汇得科技,10000526027
1271,国泰海通证券股份有限公司深圳滨海大道创投大厦证券营业部,2025-05-08,1,0,12443938.0,,12443938.0,中广天择,10144325
1272,联储证券股份有限公司杭州西湖桃源岭证券营业部,2025-05-21,1,0,12427776.0,0.0,12427776.0,慧博云通,10000866015
1273,上海证券有限责任公司崇明区堡镇中路证券营业部,2025-05-28,1,0,12508742.0,82588.0,12426154.0,豪江智能,10048468
1274,申万宏源证券有限公司深圳彩田路证券营业部,2025-05-30,1,0,12403590.36,,12403590.36,科捷智能,10061793
1275,国信证券股份有限公司浙江互联网分公司,2025-05-29,5,3,149209202.94,136807953.88,12401249.06,尤夫股份 苏州龙杰 ST棕榈 莱绅通灵 中超控股 雪人集团 王子新材,10000213448
1276,广发证券股份有限公司合肥紫云路证券营业部,2025-05-09,1,0,14356739.0,1962720.0,12394019.0,瑞鹄模具,10000584246
1277,国泰海通证券股份有限公司成都龙腾东路证券营业部,2025-05-30,2,1,18767300.0,6377957.0,12389343.0,退市创兴,10564259
1278,国泰海通证券股份有限公司成都龙腾东路营业部,2025-05-30,2,1,18767300.0,6377957.0,12389343.0,*ST华西,10564259
1279,财通证券股份有限公司德清德清大道证券营业部,2025-05-12,1,0,13361275.9,972095.0,12389180.9,南华生物,10269974
1280,国金证券股份有限公司深圳分公司,2025-05-22,1,1,18103618.0,5718718.56,12384899.44,渤海股份 ST棕榈,10000104821
1281,中信证券股份有限公司北京紫竹院路证券营业部,2025-05-22,1,0,12383024.0,,12383024.0,重庆港,10120512
1282,华鑫证券有限责任公司深圳益田路证券营业部,2025-05-09,2,1,29790117.0,17409821.0,12380296.0,红墙股份 华电辽能 百达精工,10495078
1283,财通证券股份有限公司杭州丽水路证券营业部,2025-05-14,1,0,12375851.0,12398.0,12363453.0,宏工科技,10082588
1284,华源证券股份有限公司江苏分公司,2025-05-26,1,0,13734150.46,1381666.59,12352483.87,瑞奇智造,10484864
1285,中泰证券股份有限公司余姚四明西路证券营业部,2025-05-16,1,0,12350835.0,,12350835.0,天和磁材,10467508
1286,东方财富证券股份有限公司拉萨团结路第二证券营业部,2025-05-20,11,7,123166317.75,110819528.17,12346789.58,芭薇股份 贵航股份 *ST中迪 旭杰科技 欧菲光 锦江航运 五新智能 通达股份 美农生物 佳合科技 豪恩汽电 路斯股份 保丽洁,10495103
1287,东北证券股份有限公司九台站前路证券营业部,2025-05-29,1,0,12283000.0,0.0,12283000.0,广聚能源,10132757
1288,东方财富证券股份有限公司拉萨东城区江苏大道证券营业部,2025-05-16,1,0,17542810.0,5261170.0,12281640.0,永安药业,10708576
1289,广发证券股份有限公司郑州农业路证券营业部,2025-05-20,2,1,25255830.1,12979255.46,12276574.64,苏州龙杰 安纳达 永安药业,10031937
1290,国盛证券有限责任公司抚州分公司,2025-05-27,1,0,12284596.0,8114.0,12276482.0,锡装股份,10046682
1291,华鑫证券有限责任公司上海茅台路证券营业部,2025-05-07,1,0,12273174.4,,12273174.4,湖南天雁,10028419
1292,华泰证券股份有限公司永嘉阳光大道证券营业部,2025-05-09,1,0,12268687.0,0.0,12268687.0,同洲电子,10166020
1293,方正证券股份有限公司上海杨高南路证券营业部,2025-05-16,1,0,12249120.0,,12249120.0,锦江航运,10158325
1294,招商证券股份有限公司深圳深南中路证券营业部,2025-05-20,1,1,28177537.4,15934847.68,12242689.72,三生国健,10128380
1295,中信证券股份有限公司上海徐汇区漕溪北路证券营业部,2025-05-27,1,0,12253084.0,33404.0,12219680.0,星徽股份,10131242
1296,中泰证券股份有限公司常州惠国路证券营业部,2025-05-29,1,0,12218428.0,,12218428.0,联明股份,10741097
1297,华泰证券股份有限公司上海武定路证券营业部,2025-05-09,3,0,12215256.6,,12215256.6,ST椰岛 ST海钦 汇丽B,10098087
1298,国金证券股份有限公司台州云西路证券营业部,2025-05-14,1,0,12201344.0,0.0,12201344.0,集泰股份,10000627510
1299,平安证券股份有限公司深圳金田路证券营业部,2025-05-15,1,0,12470233.0,303508.0,12166725.0,尚荣医疗,10388201
1300,东兴证券股份有限公司上海肇嘉浜路证券营业部,2025-05-29,1,0,12151944.0,0.0,12151944.0,*ST启环,10045064
1301,中银国际证券股份有限公司上海欧阳路证券营业部,2025-05-09,1,0,12148687.82,,12148687.82,麒盛科技,10047162
1302,招商证券股份有限公司上海肇嘉浜路证券营业部,2025-05-19,1,0,12146470.4,,12146470.4,拉芳家化,10048282
1303,中国银河证券股份有限公司桂林中山中路证券营业部,2025-05-28,1,0,12091885.12,,12091885.12,悦达投资,10101590
1304,国泰海通证券股份有限公司上海长宁区天山路证券营业部,2025-05-22,1,0,12087768.0,2112.0,12085656.0,ST棕榈,10048511
1305,国金证券股份有限公司深圳湾一号证券营业部,2025-05-07,3,0,13803933.47,1720104.0,12083829.47,亚太实业 ST长园 星光股份,10396105
1306,华源证券股份有限公司武汉分公司,2025-05-29,1,1,33516000.0,21433726.72,12082273.28,苏州龙杰 天阳科技,10000722572
1307,中泰证券股份有限公司常州惠国路证券营业部,2025-05-27,1,0,12079124.0,,12079124.0,锦泓集团,10741097
1308,中国银河证券股份有限公司大连黄河路证券营业部,2025-05-13,1,0,12077969.0,,12077969.0,百达精工,10030463
1309,东海证券股份有限公司南京分公司,2025-05-27,1,0,12007118.0,,12007118.0,退市创兴,10000583799
1310,海通证券股份有限公司深圳分公司华富路证券营业部,2025-05-28,2,1,20465586.0,8463624.0,12001962.0,晋西车轴 永冠新材 江苏新能,10030213
1311,东莞证券股份有限公司苏州聚茂街证券营业部,2025-05-22,1,0,11994787.0,,11994787.0,宝光股份,10583882
1312,海通证券股份有限公司上海宝山区牡丹江路证券营业部,2025-05-08,1,0,12008793.0,17079.0,11991714.0,红墙股份,10028446
1313,华泰证券股份有限公司常州花园街证券营业部,2025-05-20,1,0,15122811.96,3133253.0,11989558.96,丰茂股份,10380901
1314,中国银河证券股份有限公司绍兴证券营业部,2025-05-30,1,0,11984104.0,,11984104.0,福华尚纬,10023543
1315,华源证券股份有限公司江苏分公司,2025-05-06,1,0,11982120.0,,11982120.0,茂业商业,10484864
1316,财通证券股份有限公司山西分公司,2025-05-07,1,0,11967889.5,,11967889.5,华阳新材,10000353949
1317,国泰海通证券股份有限公司上海浦东新区福山路证券营业部,2025-05-13,1,0,11955975.0,,11955975.0,ST交昂,10023613
1318,国信证券股份有限公司深圳红岭中路证券营业部,2025-05-15,1,0,12229702.61,274898.3,11954804.31,天工股份,10045166
1319,中信证券股份有限公司上海浦东新区联洋证券营业部,2025-05-08,1,0,11954575.6,,11954575.6,安乃达,10119244
1320,中信证券股份有限公司杭州文三路证券营业部,2025-05-09,1,0,11903922.0,,11903922.0,华纺股份,10122883
1321,国金证券股份有限公司南京双龙大道证券营业部,2025-05-08,2,0,14787026.66,2886247.96,11900778.7,七丰精工 金浦钛业,10000550648
1322,湘财证券股份有限公司西安沣惠南路证券营业部,2025-05-19,1,0,11896500.0,,11896500.0,百利电气,10025147
1323,东方证券股份有限公司福州五四路证券营业部,2025-05-08,1,0,11895244.0,0.0,11895244.0,润贝航科,10456965
1324,东亚前海证券有限责任公司四川分公司,2025-05-30,1,0,11879544.0,,11879544.0,菲林格尔,10000242108
1325,湘财证券股份有限公司西安沣惠南路证券营业部,2025-05-09,1,0,11876370.0,0.0,11876370.0,万事利,10025147
1326,华鑫证券有限责任公司江苏分公司,2025-05-09,1,0,11859260.0,0.0,11859260.0,侨银股份,10442978
1327,天风证券股份有限公司浙江分公司,2025-05-09,1,0,11853709.0,,11853709.0,佳力图,10570378
1328,国盛证券有限责任公司南昌桃花路证券营业部,2025-05-09,1,0,11820000.0,,11820000.0,华纺股份,10035542
1329,中国银河证券股份有限公司北京翠林路证券营业部,2025-05-29,1,0,13318376.81,1498465.37,11819911.44,机科股份,10984266
1330,华泰证券股份有限公司上海浦东新区妙境路证券营业部,2025-05-20,1,0,11818800.0,0.0,11818800.0,ST棕榈,10089529
1331,国投证券股份有限公司上海樱花路证券营业部,2025-05-29,1,0,11802350.0,0.0,11802350.0,*ST和科,10110940
1332,招商证券股份有限公司深圳前海大道证券营业部,2025-05-06,1,0,11798675.04,,11798675.04,*ST东珠,10046536
1333,东吴证券股份有限公司宁波前河南路证券营业部,2025-05-20,1,0,11798592.0,,11798592.0,综艺股份,10638004
1334,华鑫证券有限责任公司江苏分公司,2025-05-07,1,0,11797877.0,0.0,11797877.0,华伍股份,10442978
1335,财通证券股份有限公司丽水缙云仙都路证券营业部,2025-05-09,1,0,11796418.0,0.0,11796418.0,山东墨龙,10657335
1336,国信证券股份有限公司北京分公司,2025-05-27,1,0,13024651.0,1241175.18,11783475.82,新天地,10122926
1337,国投证券股份有限公司西安曲江池南路证券营业部,2025-05-12,1,0,11769943.28,0.0,11769943.28,宏工科技,10573482
1338,东吴证券股份有限公司苏州相城采莲路证券营业部,2025-05-12,1,0,11812159.0,42238.0,11769921.0,昆船智能,10139145
1339,华泰证券股份有限公司上海普陀区江宁路证券营业部,2025-05-22,1,0,11767772.0,1714.0,11766058.0,双成药业,10079785
1340,国新证券股份有限公司北京中关村大街证券营业部,2025-05-20,2,0,16884042.38,5123695.6,11760346.78,源飞宠物 ST棕榈,10919501
1341,华泰证券股份有限公司总部,2025-05-09,1,1,20991409.0,9238049.0,11753360.0,中国瑞林 春光科技,10028451
1342,中信证券股份有限公司苏州分公司,2025-05-28,1,0,11901497.0,152124.0,11749373.0,豪江智能,10045040
1343,华泰证券股份有限公司上海普陀区江宁路证券营业部,2025-05-06,2,0,11898880.0,152384.0,11746496.0,新能股份 川大智胜,10079785
1344,国金证券股份有限公司上海互联网证券分公司,2025-05-16,1,0,12939298.6,1194362.2,11744936.4,天元宠物,10074763
1345,国融证券股份有限公司青岛分公司,2025-05-22,1,0,11735762.0,0.0,11735762.0,慧博云通,10467512
1346,长江证券股份有限公司温岭横湖中路证券营业部,2025-05-21,1,0,11731144.0,0.0,11731144.0,郑中设计,10429182
1347,长城证券股份有限公司西安锦业路营业部,2025-05-15,1,0,11717372.99,0.0,11717372.99,万德股份,10484324
1348,海通证券股份有限公司天津水上公园东路证券营业部,2025-05-15,1,0,11717228.8,0.0,11717228.8,*ST天箭,10074488
1349,红塔证券股份有限公司上海徐汇区桂林路证券营业部,2025-05-23,1,0,11700119.0,0.0,11700119.0,升达林业,10046653
1350,德邦证券股份有限公司上海志丹路证券营业部,2025-05-27,1,0,11696476.0,,11696476.0,福华尚纬,10022241
1351,联储证券股份有限公司宁波分公司,2025-05-30,1,0,11695252.0,0.0,11695252.0,霍普股份,10915756
1352,国盛证券有限责任公司慈溪慈甬路证券营业部,2025-05-21,1,0,11671920.0,0.0,11671920.0,慧博云通,10666751
1353,中信证券股份有限公司浙江分公司,2025-05-30,1,2,53642283.0,42000544.0,11641739.0,福华尚纬 渝三峡A 福龙马,10520724
1354,光大证券股份有限公司东莞南城鸿福路营业部,2025-05-21,1,0,12071217.4,440259.48,11630957.92,灵鸽科技,10046595
1355,世纪证券有限责任公司深圳罗湖分公司,2025-05-22,1,0,11590443.0,0.0,11590443.0,慧博云通,10000926098
1356,国新证券股份有限公司北京中关村大街证券营业部,2025-05-08,1,0,11582832.0,,11582832.0,上海凤凰,10919501
1357,国泰海通证券股份有限公司南京双龙大道证券营业部,2025-05-26,1,0,11599444.8,39888.0,11559556.8,金利华电,10456732
1358,招商证券股份有限公司上海肇嘉浜路证券营业部,2025-05-22,1,0,13137818.26,1579359.0,11558459.26,天元宠物,10048282
1359,爱建证券有限责任公司上海江宁路证券营业部,2025-05-13,1,0,11548320.0,0.0,11548320.0,恒而达,10508940
1360,中信建投证券股份有限公司北京朝阳分公司,2025-05-16,1,0,11612452.19,74481.76,11537970.43,天工股份,10021813
1361,招商证券股份有限公司晋江崇德路证券营业部,2025-05-30,1,0,11527316.0,4990.0,11522326.0,渝三峡A,10456457
1362,中国中金财富证券有限公司上海浦东新区世纪大道证券营业部,2025-05-12,1,0,11516112.45,0.0,11516112.45,成电光信,10000258272
1363,国泰海通证券股份有限公司上海长宁区江苏路证券营业部,2025-05-19,3,1,39155716.92,27653633.0,11502083.92,*ST华幸 通达股份 百利电气 郑中设计,10025080
1364,五矿证券有限公司深圳金田路证券营业部,2025-05-22,1,0,11487280.0,,11487280.0,浪莎股份,10144028
1365,联储证券股份有限公司杭州西湖桃源岭证券营业部,2025-05-23,1,0,11475405.0,0.0,11475405.0,海森药业,10000866015
1366,国联民生证券股份有限公司上海分公司,2025-05-07,1,0,11451096.0,0.0,11451096.0,*ST和科,10485046
1367,中信证券股份有限公司杭州教工路证券营业部,2025-05-06,1,0,11436622.0,,11436622.0,莱绅通灵,10334359
1368,招商证券股份有限公司深圳福华三路证券营业部,2025-05-27,1,0,11592358.0,162503.0,11429855.0,天元宠物,10194673
1369,招商证券股份有限公司深圳前海路证券营业部,2025-05-20,1,0,11704637.89,282791.06,11421846.83,五新智能,10046536
1370,海通证券股份有限公司国际部Y,2025-05-07,1,0,11415756.0,,11415756.0,春光科技,10022092
1371,中泰证券股份有限公司常州惠国路证券营业部,2025-05-16,1,0,11409048.0,,11409048.0,百利电气,10741097
1372,中国银河证券股份有限公司广州华夏路证券营业部,2025-05-26,1,0,11402334.68,0.0,11402334.68,海森药业,10141412
1373,中泰证券股份有限公司上海花园石桥路证券营业部,2025-05-29,1,0,11374703.0,,11374703.0,远东股份,10920292
1374,民生证券股份有限公司郑州济源路证券营业部,2025-05-13,1,0,11376631.0,3786.0,11372845.0,德力股份,10030134
1375,中信证券股份有限公司北京复外大街证券营业部,2025-05-14,1,0,11371823.0,,11371823.0,麒盛科技,10022040
1376,华泰证券股份有限公司南京清凉门大街证券营业部,2025-05-14,1,0,11368522.0,,11368522.0,航天南湖,10125435
1377,国海证券股份有限公司上海世纪大道证券营业部,2025-05-22,1,0,11328307.49,0.0,11328307.49,宏工科技,10192603
1378,国金证券股份有限公司上海静安区南京西路证券营业部,2025-05-15,3,3,30489334.51,19171556.8,11317777.71,退市苏吴 *ST万方 星光股份 皖通科技 华业香料 中集环科,10342130
1379,长城证券股份有限公司西安锦业路营业部,2025-05-23,1,0,11310369.13,0.0,11310369.13,辰光医疗,10484324
1380,东亚前海证券有限责任公司浙江分公司,2025-05-28,2,0,11430384.0,125186.0,11305198.0,劲旅环境 赛隆退,10000011376
1381,国投证券股份有限公司云南分公司,2025-05-12,1,0,11416488.0,128072.0,11288416.0,华如科技,10484156
1382,中信证券股份有限公司上海浦东新区东方路证券营业部,2025-05-27,2,1,27744792.0,16464120.09,11280671.91,锦泓集团 英联股份,10045021
1383,国盛证券有限责任公司萍乡分公司,2025-05-16,1,0,11274964.64,0.0,11274964.64,长华化学,10076705
1384,国泰海通证券股份有限公司北京国贸证券营业部,2025-05-22,1,1,89718720.12,78450755.9,11267964.22,利君股份 昆仑万维,10949120
1385,东方财富证券股份有限公司拉萨东城区江苏大道证券营业部,2025-05-15,1,0,20835320.89,9582135.53,11253185.36,国航远洋,10708576
1386,中泰证券股份有限公司常州惠国路证券营业部,2025-05-12,1,0,11249020.0,,11249020.0,赛福天,10741097
1387,国泰海通证券股份有限公司深圳龙华壹成中心证券营业部,2025-05-20,1,0,11245260.0,,11245260.0,空港股份,10140601
1388,恒泰证券股份有限公司沈阳奉天街证券营业部,2025-05-30,1,0,11243187.0,,11243187.0,退市创兴,10054782
1389,国盛证券有限责任公司金华双龙南街证券营业部,2025-05-08,1,0,11234435.0,0.0,11234435.0,豪尔赛,10456721
1390,中国银河证券股份有限公司深圳深南大道证券营业部,2025-05-09,1,0,11630903.0,401678.0,11229225.0,鑫磊股份,10031772
1391,东北证券股份有限公司内蒙古分公司,2025-05-14,1,0,11225839.86,,11225839.86,麒盛科技,10509062
1392,国投证券股份有限公司成都交子大道证券营业部,2025-05-21,1,0,11165376.0,,11165376.0,常青股份,10397499
1393,中泰证券股份有限公司常州惠国路证券营业部,2025-05-07,1,0,11149059.0,,11149059.0,航天长峰,10741097
1394,上海证券有限责任公司乐清虹桥飞虹南路证券营业部,2025-05-09,1,0,11133040.85,,11133040.85,ST椰岛,10140752
1395,天风证券股份有限公司成都双成三路证券营业部,2025-05-30,1,0,11129938.0,,11129938.0,*ST湘邮,10583039
1396,国泰海通证券股份有限公司揭阳黄岐山大道证券营业部,2025-05-13,1,0,11157151.0,28935.0,11128216.0,凯美特气,10547767
1397,国投证券股份有限公司云南分公司,2025-05-07,1,0,11128144.0,0.0,11128144.0,通易航天,10484156
1398,长江证券股份有限公司上海福州路证券营业部,2025-05-07,1,0,11648818.99,536974.05,11111844.94,晟楠科技,10025119
1399,华林证券股份有限公司北京分公司,2025-05-08,3,2,88840640.38,77741541.8,11099098.58,华纺股份 视觉中国 晨曦航空 肯特催化,10065511
1400,华西证券股份有限公司武汉青年路证券营业部,2025-05-15,1,0,11087895.0,,11087895.0,ST新华锦,10000037332
1401,华泰证券股份有限公司成都人民南路证券营业部,2025-05-09,1,0,11068412.92,,11068412.92,春光科技,10026964
1402,民生证券股份有限公司新乡和平路证券营业部,2025-05-07,1,0,11065705.0,0.0,11065705.0,九芝堂,10021878
1403,东方证券股份有限公司福州五四路证券营业部,2025-05-09,1,1,23924630.0,12870807.43,11053822.57,润贝航科 成飞集成,10456965
1404,平安证券股份有限公司深圳金田路证券营业部,2025-05-30,1,0,11044428.0,,11044428.0,汇金通,10388201
1405,甬兴证券有限公司上海分公司,2025-05-29,1,0,11022111.0,,11022111.0,绿能慧充,10000169317
1406,五矿证券有限公司深圳金田路证券营业部,2025-05-20,1,0,11017160.0,,11017160.0,浪莎股份,10144028
1407,华鑫证券有限责任公司上海茅台路证券营业部,2025-05-06,1,0,11012737.75,,11012737.75,九联科技,10028419
1408,国金证券股份有限公司上海静安区南京西路证券营业部,2025-05-16,1,0,11456609.18,480777.0,10975832.18,郑中设计,10342130
1409,中信证券股份有限公司成都人民南路证券营业部,2025-05-06,1,0,10990600.0,53889.0,10936711.0,川大智胜,10467743
1410,光大证券股份有限公司东莞南城鸿福路营业部,2025-05-07,1,0,10970798.43,39260.0,10931538.43,通易航天,10046595
1411,渤海证券股份有限公司天津中山路分公司,2025-05-28,1,0,10913721.0,,10913721.0,艾艾精工,10046729
1412,中国银河证券股份有限公司北京中关村大街证券营业部,2025-05-14,2,1,47465202.49,36556044.0,10909158.49,麒盛科技 跨境通 鑫磊股份,10115140
1413,信达证券股份有限公司上海黄浦区南京西路证券营业部,2025-05-21,1,0,10934831.2,26920.0,10907911.2,源飞宠物,10104992
1414,国金证券股份有限公司上海静安区南京西路证券营业部,2025-05-29,1,0,18110171.0,7213374.0,10896797.0,永安药业,10342130
1415,中国银河证券股份有限公司绍兴证券营业部,2025-05-06,1,0,11060066.0,173905.0,10886161.0,兴民智通,10023543
1416,中信证券股份有限公司桐乡振兴东路证券营业部,2025-05-21,1,0,11059921.0,197676.0,10862245.0,源飞宠物,10147191
1417,海通证券股份有限公司国际部Y,2025-05-12,1,0,10858195.0,,10858195.0,春光科技,10022092
1418,中国银河证券股份有限公司厦门嘉禾路证券营业部,2025-05-06,2,0,10834091.0,0.0,10834091.0,安记食品 *ST岭南,10023542
1419,华源证券股份有限公司江苏分公司,2025-05-16,1,1,21132471.0,10346720.4,10785750.6,甘化科工 南京港,10484864
1420,财通证券股份有限公司东北分公司,2025-05-20,1,0,10834479.5,53592.0,10780887.5,安纳达,10159777
1421,长城证券股份有限公司深圳分公司,2025-05-26,1,0,10775000.0,0.0,10775000.0,海南海药,10915710
1422,东莞证券股份有限公司北京分公司,2025-05-26,1,0,10769924.0,,10769924.0,莱绅通灵,10484994
1423,东方财富证券股份有限公司山南香曲东路证券营业部,2025-05-15,4,1,30179180.38,19417701.0,10761479.38,展鹏科技 星光股份 华光源海 迎丰股份 恒鑫生活,10281327
1424,华鑫证券有限责任公司上海宛平南路证券营业部,2025-05-15,4,2,35738869.0,24983195.0,10755674.0,茂化实华 锦江航运 华业香料 海程邦达 美农生物,10028416
1425,国金证券股份有限公司北京崇文门外大街证券营业部,2025-05-07,1,0,10723535.0,0.0,10723535.0,华伍股份,10510717
1426,中国银河证券股份有限公司温州三友路证券营业部,2025-05-26,1,0,10720104.82,,10720104.82,汉邦科技,10030472
1427,光大证券股份有限公司沈阳十一纬路证券营业部,2025-05-19,1,0,10720076.0,,10720076.0,ST交昂,10151903
1428,华鑫证券有限责任公司深圳财富大厦证券营业部,2025-05-19,1,0,10685673.71,,10685673.71,迎丰股份,10000734168
1429,华泰证券股份有限公司上海黄河路证券营业部,2025-05-23,1,0,10822776.55,160604.62,10662171.93,晟楠科技,10046455
1430,国泰海通证券股份有限公司潮州潮州大道证券营业部,2025-05-14,1,0,10641295.83,0.0,10641295.83,尚荣医疗,10551744
1431,申万宏源证券有限公司湘潭建设北路证券营业部,2025-05-21,1,0,10639054.91,0.0,10639054.91,京基智农,10338703
1432,海通证券股份有限公司广州东风西路营业部,2025-05-27,1,0,11256370.65,621013.62,10635357.03,瑞奇智造,10023380
1433,长城国瑞证券有限公司上海陆家浜路证券营业部,2025-05-20,1,0,10632528.0,,10632528.0,空港股份,10028524
1434,开源证券股份有限公司西安高新成章路证券营业部,2025-05-23,1,1,36747900.0,26135220.0,10612680.0,雪人集团 合锻智能,10657381
1435,国信证券股份有限公司北京分公司,2025-05-14,1,0,10587967.0,,10587967.0,迎丰股份,10122926
1436,中信建投证券股份有限公司北京农大南路证券营业部,2025-05-19,1,0,10694070.0,123304.0,10570766.0,丰茂股份,10146934
1437,长城证券股份有限公司重庆观音桥步行街证券营业部,2025-05-21,1,0,10564201.0,0.0,10564201.0,京基智农,10148603
1438,甬兴证券有限公司宁波分公司,2025-05-13,1,0,10525882.05,,10525882.05,苏州龙杰,10000170392
1439,招商证券股份有限公司深圳湾科技生态园证券营业部,2025-05-06,1,0,10470017.0,,10470017.0,曙光股份,10993260
1440,国元证券股份有限公司温岭太平东城路证券营业部,2025-05-23,1,0,10466945.0,,10466945.0,天元智能,10657359
1441,中信证券(山东)有限责任公司淄博分公司,2025-05-21,1,0,10432011.0,,10432011.0,莱绅通灵,10492356
1442,华鑫证券有限责任公司深圳财富大厦证券营业部,2025-05-28,1,0,10427098.0,,10427098.0,悦达投资,10000734168
1443,东方财富证券股份有限公司昌都两江大道证券营业部,2025-05-22,2,0,14133402.0,3708803.93,10424598.07,红墙股份 苏州龙杰,10342919
1444,国金证券股份有限公司深圳湾一号证券营业部,2025-05-19,2,1,21318736.18,10897855.54,10420880.64,集泰股份 华光源海 常辅股份,10396105
1445,上海证券有限责任公司浦东新区商城路证券营业部,2025-05-21,1,0,10407599.4,,10407599.4,*ST华幸,10028436
1446,华鑫证券有限责任公司深圳财富大厦证券营业部,2025-05-12,1,0,10398324.0,,10398324.0,迎丰股份,10000734168
1447,联储证券股份有限公司浙江分公司,2025-05-13,1,1,25958030.0,15570724.0,10387306.0,百达精工 利君股份,10638001
1448,国盛证券有限责任公司宁波天童南路证券营业部,2025-05-19,4,2,145033194.29,134659747.87,10373446.42,华阳新材 安纳达 红宝丽 中超控股 天汽模,10664100
1449,中信证券股份有限公司上海静安区山西北路证券营业部,2025-05-13,1,0,10360722.0,,10360722.0,汇通能源,10137033
1450,国泰海通证券股份有限公司成都龙腾东路营业部,2025-05-22,1,0,19659376.0,9305845.0,10353531.0,双成药业,10564259
1451,联储证券股份有限公司杭州环城北路证券营业部,2025-05-23,1,0,12741915.5,2388929.0,10352986.5,安纳达,10000866017
1452,中国银河证券股份有限公司广州华夏路证券营业部,2025-05-19,1,0,10386686.48,74752.0,10311934.48,五新智能,10141412
1453,华泰证券股份有限公司江西分公司,2025-05-29,1,1,19124852.0,8816850.8,10308001.2,ST金顶 汇得科技,10427427
1454,国泰海通证券股份有限公司绵阳剑南路证券营业部,2025-05-15,1,0,10295222.0,,10295222.0,ST交昂,10705812
1455,中国中金财富证券有限公司广州番禺东兴路证券营业部,2025-05-13,2,1,23237779.6,12945797.0,10291982.6,*ST华西 *ST沐邦,10174528
1456,甬兴证券有限公司宁波和源路证券营业部,2025-05-26,1,0,10275906.0,,10275906.0,汇得科技,10000147202
1457,华泰证券股份有限公司上海徐汇区龙启路证券营业部,2025-05-19,1,0,10272415.0,,10272415.0,ST交昂,10046455
1458,申港证券股份有限公司湖北分公司,2025-05-27,1,0,10263470.0,,10263470.0,*ST湘邮,10912750
1459,平安证券股份有限公司广东分公司,2025-05-20,1,0,10612227.0,375071.0,10237156.0,美农生物,10109041
1460,中国中金财富证券有限公司南昌红谷中大道证券营业部,2025-05-08,1,0,10223060.0,,10223060.0,磁谷科技,10028588
1461,国信证券股份有限公司深圳泰然九路证券营业部,2025-05-27,1,0,10763314.0,541592.0,10221722.0,信邦智能,10078443
1462,万和证券股份有限公司华南分公司,2025-05-16,1,0,10222281.0,2472.0,10219809.0,集泰股份,10000272093
1463,中国银河证券股份有限公司北京金融街证券营业部,2025-05-12,2,0,10237747.0,38940.0,10198807.0,德力股份 ST东尼,10030485
1464,国金证券股份有限公司深圳分公司,2025-05-09,1,1,23643606.4,13467375.0,10176231.4,华纺股份 百达精工,10000104821
1465,东海证券股份有限公司长沙芙蓉中路证券营业部,2025-05-07,1,0,10167814.0,,10167814.0,华纺股份,10436793
1466,国泰海通证券股份有限公司深圳福田中心区华融大厦证券营业部,2025-05-19,1,0,10144776.0,,10144776.0,华阳新材,10026941
1467,金元证券股份有限公司广州花城大道证券营业部,2025-05-20,1,0,10273014.0,138000.0,10135014.0,丰茂股份,10191535
1468,平安证券股份有限公司深圳深南东路罗湖商务中心证券营业部,2025-05-08,1,0,10122926.0,,10122926.0,国芳集团,10143566
1469,平安证券股份有限公司北京金融大街证券营业部,2025-05-09,1,1,20895645.0,10774232.0,10121413.0,润贝航科 瑞鹄模具,10143856
1470,中国银河证券股份有限公司上海五莲路证券营业部,2025-05-12,1,0,10212064.0,101971.0,10110093.0,威尔高,10025306
1471,山西证券股份有限公司浙江分公司,2025-05-08,1,0,10100482.0,0.0,10100482.0,山东墨龙,10737984
1472,中泰证券股份有限公司北京大望路证券营业部,2025-05-14,1,0,10099488.0,,10099488.0,宁波海运,10940111
1473,国泰海通证券股份有限公司深圳龙华壹成中心证券营业部,2025-05-21,1,0,10094243.2,,10094243.2,三生国健,10140601
1474,中国银河证券股份有限公司厦门嘉禾路证券营业部,2025-05-23,1,0,10080658.0,,10080658.0,空港股份,10023542
1475,中信证券股份有限公司上海浦东新区东方路证券营业部,2025-05-07,1,0,13339604.98,3269391.6,10070213.38,通易航天,10045021
1476,甬兴证券有限公司北京分公司,2025-05-19,1,0,10065440.0,,10065440.0,洪通燃气,10000213384
1477,天风证券股份有限公司杭州教工路证券营业部,2025-05-06,1,1,10776106.8,720076.0,10056030.8,普利退 金凯生科,10456542
1478,中国银河证券股份有限公司北京安贞门证券营业部,2025-05-09,1,0,10038776.0,,10038776.0,*ST网达,10023519
1479,光大证券股份有限公司昆明人民中路证券营业部,2025-05-12,1,0,10010379.0,,10010379.0,迎丰股份,10048514
1480,长江证券股份有限公司温岭横湖中路证券营业部,2025-05-23,1,0,10005006.0,,10005006.0,天元智能,10429182
1481,渤海证券股份有限公司天津中山路分公司,2025-05-19,1,0,10710000.0,717994.63,9992005.37,五新智能,10046729
1482,国联民生证券股份有限公司宁波战船街证券营业部,2025-05-12,1,0,9984984.0,0.0,9984984.0,威尔高,10000152109
1483,中国银河证券股份有限公司宜昌新世纪证券营业部,2025-05-26,1,0,9966890.48,,9966890.48,科捷智能,10025301
1484,大同证券有限责任公司吕梁八一街证券营业部,2025-05-16,1,0,9958147.0,0.0,9958147.0,尚荣医疗,10180778
1485,国融证券股份有限公司青岛分公司,2025-05-26,1,0,9957009.6,,9957009.6,科捷智能,10467512
1486,华鑫证券有限责任公司上海云锦路证券营业部,2025-05-08,1,0,9949100.0,,9949100.0,佳力图,10048457
1487,东莞证券股份有限公司常熟东南大道证券营业部,2025-05-22,2,1,25680373.39,15735139.02,9945234.37,ST棕榈 华纺股份 空港股份,10000667965
1488,华鑫证券有限责任公司上海云锦路证券营业部,2025-05-28,1,0,9944064.0,0.0,9944064.0,博世科,10048457
1489,爱建证券有限责任公司上海锦康路证券营业部,2025-05-27,1,0,9889719.0,,9889719.0,汇金通,10767850
1490,开源证券股份有限公司云南分公司,2025-05-22,2,0,9885119.0,0.0,9885119.0,廊坊发展 鸿铭股份,10583925
1491,中国银河证券股份有限公司宜昌新世纪证券营业部,2025-05-19,1,0,9881235.42,,9881235.42,三生国健,10025301
1492,申万宏源证券有限公司吉林分公司,2025-05-06,1,0,9879054.44,0.0,9879054.44,美心翼申,10099130
1493,江海证券有限公司深圳分公司,2025-05-16,1,0,9872918.99,0.0,9872918.99,华光源海,10913336
1494,财达证券股份有限公司深圳分公司,2025-05-12,1,0,9846552.0,0.0,9846552.0,德力股份,10000383320
1495,开源证券股份有限公司西安曲江新区分公司,2025-05-22,2,0,9837212.0,0.0,9837212.0,廊坊发展 鸿铭股份,10000353963
1496,东方证券股份有限公司福州五四路证券营业部,2025-05-14,1,0,9829591.44,0.0,9829591.44,捷安高科,10456965
1497,麦高证券有限责任公司北京分公司,2025-05-06,2,0,9801704.0,,9801704.0,南方路机 正和生态,10488161
1498,东亚前海证券有限责任公司四川分公司,2025-05-07,1,0,9799633.0,,9799633.0,航天长峰,10000242108
1499,浙商证券股份有限公司苏州苏州大道东证券营业部,2025-05-26,1,0,17118775.0,7346436.0,9772339.0,新金路,10456415
1500,东吴证券股份有限公司苏州相城采莲路证券营业部,2025-05-27,1,0,9792483.0,27293.0,9765190.0,中旗股份,10139145
1501,兴业证券股份有限公司绍兴分公司,2025-05-29,1,0,9735581.72,0.0,9735581.72,机科股份,10561543
1502,华鑫证券有限责任公司深圳财富大厦证券营业部,2025-05-29,1,1,20571461.0,10838516.0,9732945.0,联明股份,10000734168
1503,东方证券股份有限公司上海浦东新区银城中路证券营业部,2025-05-15,1,0,9730490.0,,9730490.0,ST新华锦,10472062
1504,湘财证券股份有限公司西安沣惠南路证券营业部,2025-05-07,1,1,22751540.0,13078158.0,9673382.0,麒盛科技 狄耐克,10025147
1505,中国银河证券股份有限公司北京翠林路证券营业部,2025-05-22,2,1,18069132.15,8417773.94,9651358.21,新铝时代 宏工科技,10984266
1506,国投证券股份有限公司福州分公司,2025-05-27,1,0,9650950.0,,9650950.0,均瑶健康,10116663
1507,国新证券股份有限公司衡阳临江路证券营业部,2025-05-15,1,0,12883004.0,3241231.0,9641773.0,茂化实华,10145334
1508,中信建投证券股份有限公司北京鸿翼分公司,2025-05-08,1,0,9638940.0,,9638940.0,国芳集团,10000093785
1509,甬兴证券有限公司上海分公司,2025-05-15,1,0,9634304.0,,9634304.0,综艺股份,10000169317
1510,平安证券股份有限公司北京市分公司,2025-05-30,1,0,9606334.0,,9606334.0,北投科技,10023369
1511,山西证券股份有限公司浙江分公司,2025-05-27,1,0,9603657.0,,9603657.0,汇金通,10737984
1512,中信证券股份有限公司北京安外大街证券营业部,2025-05-19,1,0,9601191.0,,9601191.0,苏州龙杰,10045007
1513,国泰海通证券股份有限公司东莞总部一路证券营业部,2025-05-21,1,0,9600077.8,0.0,9600077.8,源飞宠物,10000673606
1514,东方财富证券股份有限公司上海东方路证券营业部,2025-05-06,1,0,9774128.2,176423.0,9597705.2,邵阳液压,10028472
1515,德邦证券股份有限公司宜昌沿江大道证券营业部,2025-05-19,1,0,9589260.0,,9589260.0,洪通燃气,10000272777
1516,东亚前海证券有限责任公司苏州分公司,2025-05-13,1,0,9629369.9,65910.0,9563459.9,七丰精工,10000526027
1517,中信证券股份有限公司上海宝山区同济路证券营业部,2025-05-13,1,0,9556504.0,,9556504.0,安乃达,10436248
1518,国金证券股份有限公司北京崇文门外大街证券营业部,2025-05-14,1,0,9555240.24,0.0,9555240.24,捷安高科,10510717
1519,金元证券股份有限公司广州花城大道证券营业部,2025-05-12,1,0,9514035.68,,9514035.68,中邮科技,10191535
1520,申万宏源证券有限公司桐乡和平路证券营业部,2025-05-06,1,0,9500302.0,,9500302.0,ST嘉澳,10025151
1521,中国中金财富证券有限公司安徽分公司,2025-05-22,1,0,11092489.1,1605760.0,9486729.1,海辰药业,10526794
1522,光大证券股份有限公司宁波镇海城关证券营业部,2025-05-28,1,0,9571971.0,99087.0,9472884.0,豪江智能,10106557
1523,申万宏源证券有限公司温州分公司,2025-05-16,1,0,9969671.0,504935.0,9464736.0,绿康生化,10488931
1524,爱建证券有限责任公司山东第二分公司,2025-05-08,1,0,9455939.0,0.0,9455939.0,山东墨龙,10701802
1525,华安证券股份有限公司平顶山凌云路证券营业部,2025-05-06,1,0,9443618.0,,9443618.0,松发股份,10583950
1526,广发证券股份有限公司上海浦东新区东方路证券营业部,2025-05-26,1,0,9440720.53,,9440720.53,安凯微,10140582
1527,金元证券股份有限公司海南分公司,2025-05-09,1,0,20268726.8,10841041.0,9427685.8,*ST天箭,10023498
1528,华源证券股份有限公司武汉分公司,2025-05-16,1,0,9413026.0,,9413026.0,丽人丽妆,10000722572
1529,爱建证券有限责任公司山东第二分公司,2025-05-16,1,0,9410197.0,,9410197.0,丽人丽妆,10701802
1530,华泰证券股份有限公司总部,2025-05-14,1,0,9402210.0,,9402210.0,嘉诚国际,10028451
1531,国金证券股份有限公司北京崇文门外大街证券营业部,2025-05-28,1,0,9402191.0,0.0,9402191.0,劲旅环境,10510717
1532,国信证券股份有限公司深圳泰然九路证券营业部,2025-05-22,1,0,9394805.15,,9394805.15,退市太和,10078443
1533,中国银河证券股份有限公司德清证券营业部,2025-05-12,1,0,9472950.0,86317.0,9386633.0,南华生物,10023544
1534,方正证券股份有限公司长沙星沙开元东路证券营业部,2025-05-16,1,1,16853046.42,7493773.4,9359273.02,华光源海,10159808
1535,国联民生证券股份有限公司常熟海虞北路证券营业部,2025-05-27,1,0,9346104.5,0.0,9346104.5,胜业电气,10635254
1536,华泰证券股份有限公司泰州分公司,2025-05-26,1,0,9342164.63,,9342164.63,汉邦科技,10423500
1537,上海证券有限责任公司宁波北仑新大路证券营业部,2025-05-19,2,0,10717937.44,1377000.0,9340937.44,五新智能 恒久退,10000004537
1538,国信证券股份有限公司深圳深南中路证券营业部,2025-05-13,1,0,9367636.0,29670.0,9337966.0,北京利尔,10456790
1539,国信证券股份有限公司郑州龙湖中环路证券营业部,2025-05-20,1,0,9337286.0,0.0,9337286.0,曼卡龙,10133263
1540,中信建投证券股份有限公司北京望京证券营业部,2025-05-16,1,0,9317543.0,,9317543.0,迎丰股份,10146933
1541,国联民生证券股份有限公司宁波战船街证券营业部,2025-05-16,1,0,9286822.0,,9286822.0,ST新华锦,10000152109
1542,国信证券股份有限公司杭州分公司,2025-05-29,1,0,9772226.17,499156.64,9273069.53,机科股份,10429232
1543,国泰海通证券股份有限公司合肥创新大道证券营业部,2025-05-15,1,0,9265863.0,,9265863.0,综艺股份,10000381778
1544,华宝证券股份有限公司上海东大名路证券营业部,2025-05-28,1,0,9576825.0,322528.0,9254297.0,欢乐家,10456831
1545,海通证券股份有限公司深圳分公司华富路证券营业部,2025-05-27,1,0,9253655.0,,9253655.0,永冠新材,10030213
1546,东方证券股份有限公司张家港东环路证券营业部,2025-05-28,1,0,9180463.13,,9180463.13,中科微至,10702252
1547,中信建投证券股份有限公司北京望京证券营业部,2025-05-20,1,0,9168528.64,,9168528.64,迎丰股份,10146933
1548,海通证券股份有限公司汕头中山中路证券营业部,2025-05-12,1,0,9161485.15,,9161485.15,春光科技,10040292
1549,国元证券股份有限公司淮南卧龙山路证券营业部,2025-05-27,1,0,9151169.0,,9151169.0,永冠新材,10456762
1550,申港证券股份有限公司四川分公司,2025-05-12,1,0,9130896.0,0.0,9130896.0,*ST和科,10915779
1551,国泰海通证券股份有限公司深圳益田路证券营业部,2025-05-15,1,1,23490028.92,14366998.97,9123029.95,华纺股份 甘化科工,10025388
1552,华西证券股份有限公司江苏分公司,2025-05-13,1,0,9117776.6,,9117776.6,汇通能源,10502395
1553,平安证券股份有限公司泉州滨海街证券营业部,2025-05-23,1,1,13832307.92,4725008.0,9107299.92,安纳达 天元智能,10193178
1554,华泰证券股份有限公司南京止马营证券营业部,2025-05-08,1,0,9094595.09,12946.0,9081649.09,通易航天,10021767
1555,国泰海通证券股份有限公司广东东莞体育路营业部,2025-05-23,1,0,9080130.92,0.0,9080130.92,辰光医疗,10098746
1556,中国银河证券股份有限公司青岛即墨区墨城路证券营业部,2025-05-12,1,0,9079722.0,,9079722.0,*ST起步,10678752
1557,东亚前海证券有限责任公司四川分公司,2025-05-20,2,1,15262690.0,6190221.0,9072469.0,空港股份 湖南天雁 综艺股份,10000242108
1558,中国中金财富证券有限公司湛江乐山路证券营业部,2025-05-15,1,0,9061626.0,,9061626.0,连云港,10160622
1559,申万宏源证券有限公司深圳深南大道证券营业部,2025-05-07,1,0,9047530.0,,9047530.0,金麒麟,10384831
1560,国盛证券有限责任公司宁波天童南路证券营业部,2025-05-27,1,1,37923430.36,28880327.96,9043102.4,英联股份,10664100
1561,东海证券股份有限公司杭州江南大道证券营业部,2025-05-08,1,0,9020659.0,0.0,9020659.0,山东墨龙,10737541
1562,甬兴证券有限公司宁波和源路证券营业部,2025-05-08,1,0,8969998.24,,8969998.24,磁谷科技,10000147202
1563,江海证券有限公司北京东三环北路证券营业部,2025-05-23,1,0,13092772.0,4123038.0,8969734.0,润阳科技,10076767
1564,中信证券(山东)有限责任公司青岛西海岸新区庐山路证券营业部,2025-05-16,1,0,8941771.0,,8941771.0,亚振家居,10048348
1565,华泰证券股份有限公司上海武定路证券营业部,2025-05-12,1,0,8936459.19,,8936459.19,*ST起步,10098087
1566,平安证券股份有限公司深圳深南大道证券营业部,2025-05-13,1,0,8924360.0,,8924360.0,汇通能源,10146911
1567,华鑫证券有限责任公司南京清凉门大街证券营业部,2025-05-09,1,1,27470465.0,18559309.0,8911156.0,万向钱潮 利君股份,10993985
1568,中信建投证券股份有限公司上海市华灵路证券营业部,2025-05-13,1,0,8902965.0,,8902965.0,百达精工,10021794
1569,招商证券股份有限公司北京上地农大南路证券营业部,2025-05-07,1,0,8901484.0,,8901484.0,春光科技,10456466
1570,海通证券股份有限公司长沙五一大道证券营业部,2025-05-19,1,0,8888872.0,,8888872.0,迎丰股份,10099191
1571,申万宏源证券有限公司深圳彩田路证券营业部,2025-05-09,1,0,8877636.44,1380.0,8876256.44,狄耐克,10061793
1572,华鑫证券有限责任公司绍兴胜利东路证券营业部,2025-05-06,1,0,8872446.0,,8872446.0,安记食品,10000170384
1573,东吴证券股份有限公司常州通江中路证券营业部,2025-05-30,1,0,8871903.79,0.0,8871903.79,瑞奇智造,10342156
1574,天风证券股份有限公司深圳分公司,2025-05-13,1,0,8865170.0,,8865170.0,万通发展,10915765
1575,东方证券股份有限公司张家港东环路证券营业部,2025-05-21,1,0,8868535.34,21775.0,8846760.34,路畅科技,10702252
1576,海通证券股份有限公司深圳分公司华富路证券营业部,2025-05-22,1,0,8822593.0,,8822593.0,莱绅通灵,10030213
1577,国泰海通证券股份有限公司绵阳剑南路证券营业部,2025-05-08,1,0,8811488.0,,8811488.0,安乃达,10705812
1578,华泰证券股份有限公司江西分公司,2025-05-28,1,0,8805938.0,,8805938.0,汇得科技,10427427
1579,中国中金财富证券有限公司河南分公司,2025-05-20,1,0,8797823.0,,8797823.0,亚泰集团,10484803
1580,金元证券股份有限公司海南分公司,2025-05-20,1,0,8787229.0,,8787229.0,湖南天雁,10023498
1581,东亚前海证券有限责任公司北京分公司,2025-05-07,1,0,8772905.0,,8772905.0,华纺股份,10924073
1582,东亚前海证券有限责任公司苏州分公司,2025-05-09,1,0,25876586.39,17113695.0,8762891.39,华伍股份,10000526027
1583,瑞银证券有限责任公司上海花园石桥路证券营业部,2025-05-28,2,0,8758954.0,,8758954.0,返利科技 艾艾精工,10110478
1584,华鑫证券有限责任公司杭州分公司,2025-05-15,1,0,10276101.73,1517501.2,8758600.53,天工股份,10000055313
1585,华鑫证券有限责任公司上海宛平南路证券营业部,2025-05-23,1,2,40090083.0,31345768.98,8744314.02,浪莎股份 海辰药业 鸿铭股份,10028416
1586,信达证券股份有限公司深圳湾科技生态园证券营业部,2025-05-28,1,0,8731133.0,0.0,8731133.0,赛隆退,10104991
1587,国信证券股份有限公司浙江分公司,2025-05-27,1,0,8657151.8,,8657151.8,退市创兴,10467899
1588,中国银河证券股份有限公司北京中关村大街证券营业部,2025-05-26,1,0,8784463.0,149465.0,8634998.0,陕天然气,10115140
1589,国联民生证券股份有限公司上海分公司,2025-05-16,1,0,8625461.0,,8625461.0,亚振家居,10485046
1590,兴业证券股份有限公司厦门湖里大道证券营业部,2025-05-07,1,2,30194786.0,21579098.98,8615687.02,麒盛科技 华伍股份 众捷汽车,10119151
1591,东方财富证券股份有限公司拉萨团结路第一证券营业部,2025-05-26,8,9,156826619.0,148215897.96,8610721.04,浪莎股份 辰光医疗 南京港 常辅股份 武汉凡谷 保变电气 苏州龙杰 鸿博股份 莱绅通灵 *ST岭南 正和生态 王子新材 金龙羽 太力科技,10484371
1592,华林证券股份有限公司绍兴金柯桥大道证券营业部,2025-05-07,2,0,8597745.0,0.0,8597745.0,九芝堂 *ST步森,10456827
1593,国盛证券有限责任公司上海浦东新区东方路证券营业部,2025-05-09,1,0,8594277.99,,8594277.99,安乃达,10499301
1594,广发证券股份有限公司成都新光路证券营业部,2025-05-07,1,0,8579130.16,,8579130.16,*ST东珠,10052218
1595,华泰证券股份有限公司南京止马营证券营业部,2025-05-30,1,0,8576894.0,,8576894.0,退市创兴,10021767
1596,申港证券股份有限公司上海闵行区古北路证券营业部,2025-05-22,1,0,8559718.0,,8559718.0,汇得科技,10641236
1597,国泰海通证券股份有限公司成都北一环路证券营业部,2025-05-06,2,1,24842416.0,16290961.0,8551455.0,京运通 兴民智通,10026897
1598,中国国际金融股份有限公司北京建国门外大街证券营业部,2025-05-15,1,1,14036055.0,5497882.5,8538172.5,天和磁材 肯特催化,10050414
1599,华泰证券股份有限公司上海武定路证券营业部,2025-05-27,1,1,13253525.26,4722235.21,8531290.05,保丽洁 黄河旋风,10098087
1600,世纪证券有限责任公司广东分公司,2025-05-20,1,0,8521807.0,,8521807.0,安彩高科,10134744
1601,财达证券股份有限公司深圳分公司,2025-05-13,1,0,9902176.0,1386038.0,8516138.0,德力股份,10000383320
1602,国泰海通证券股份有限公司成都双庆路证券营业部,2025-05-09,1,0,20736893.0,12222093.33,8514799.67,鑫磊股份,10025380
1603,东莞证券股份有限公司厦门分公司,2025-05-22,1,0,9409052.0,897505.0,8511547.0,宏工科技,10145500
1604,华鑫证券有限责任公司上海分公司,2025-05-14,1,0,8493098.0,629.0,8492469.0,集泰股份,10274545
1605,国泰海通证券股份有限公司东莞体育路证券营业部,2025-05-09,1,0,8499690.0,11344.0,8488346.0,润贝航科,10098746
1606,开源证券股份有限公司西安西大街证券营业部,2025-05-07,2,0,8545004.0,57623.0,8487381.0,*ST宝馨 *ST起步,10046745
1607,中泰证券股份有限公司常州惠国路证券营业部,2025-05-15,1,0,8486805.0,,8486805.0,大有能源,10741097
1608,国泰海通证券股份有限公司成都双庆路证券营业部,2025-05-30,1,0,11042787.07,2565348.0,8477439.07,华森制药,10025380
1609,华福证券有限责任公司漳州延安北路证券营业部,2025-05-12,1,0,8506689.43,35860.0,8470829.43,华光源海,10050805
1610,麦高证券有限责任公司沈阳兴华南街证券营业部,2025-05-19,1,0,8462400.0,,8462400.0,洪通燃气,10055521
1611,联储证券股份有限公司浙江分公司,2025-05-21,1,0,8459879.0,0.0,8459879.0,安纳达,10638001
1612,国盛证券有限责任公司深圳梅园路证券营业部,2025-05-19,1,1,28929304.5,20493920.0,8435384.5,利君股份 华纺股份,10456723
1613,中国银河证券股份有限公司南昌高新大道证券营业部,2025-05-27,1,0,8421105.0,,8421105.0,雪龙集团,10030454
1614,国泰海通证券股份有限公司上海静安区新闸路证券营业部,2025-05-23,4,3,209982348.5,201576540.2,8405808.3,西陇科学 合锻智能 雪人集团 苏州龙杰 王子新材 海辰药业,10430845
1615,麦高证券有限责任公司北京分公司,2025-05-21,2,1,13750816.0,5350250.0,8400566.0,康力源 大有能源 拱东医疗,10488161
1616,中国中金财富证券有限公司广州分公司,2025-05-26,1,0,9279082.77,886690.0,8392392.77,胜业电气,10031840
1617,华泰证券股份有限公司江西分公司,2025-05-06,1,0,8387978.0,,8387978.0,精进电动,10427427
1618,海通证券股份有限公司淮安淮海北路证券营业部,2025-05-15,1,0,8742304.0,371681.0,8370623.0,拓新药业,10071071
1619,西南证券股份有限公司重庆嘉陵桥西村证券营业部,2025-05-13,1,0,8598712.2,234043.66,8364668.54,七丰精工,10023629
1620,浙商证券股份有限公司杭州五星路证券营业部,2025-05-16,1,0,8353539.0,,8353539.0,洪通燃气,10949092
1621,浙商证券股份有限公司杭州杭大路证券营业部,2025-05-22,1,0,8269954.76,15309.0,8254645.76,宏工科技,10021964
1622,华安证券股份有限公司重庆分公司,2025-05-13,1,0,9510289.0,1277994.0,8232295.0,北京利尔,10670085
1623,财通证券股份有限公司绍兴袍江袍中北路证券营业部,2025-05-26,1,0,8205600.0,,8205600.0,浪莎股份,10456250
1624,国泰海通证券股份有限公司成都龙腾东路营业部,2025-05-06,1,0,8205128.03,0.0,8205128.03,交投生态,10564259
1625,招商证券股份有限公司上海牡丹江路证券营业部,2025-05-16,1,0,10559202.62,2403313.44,8155889.18,泽润新能,10176549
1626,华西证券股份有限公司遂宁遂州南路证券营业部,2025-05-09,1,0,8168290.0,17157.0,8151133.0,润贝航科,10028636
1627,财通证券股份有限公司台州路桥双水路证券营业部,2025-05-07,1,0,8145064.0,,8145064.0,肯特催化,10429133
1628,招商证券股份有限公司青岛西海岸新区证券营业部,2025-05-12,1,0,8106052.63,,8106052.63,安乃达,10176547
1629,瑞银证券有限责任公司上海浦东新区花园石桥路第二证券营业部,2025-05-12,5,7,53870723.25,45778409.76,8092313.49,返利科技 华电辽能 赛福天 中国瑞林 南方路机 安乃达 春光科技 天微电子 中邮科技,10342152
1630,国信证券股份有限公司上海北京东路证券营业部,2025-05-20,1,0,9730721.89,1645923.04,8084798.85,华光源海,10045169
1631,国泰海通证券股份有限公司上海浦东新区福山路证券营业部,2025-05-14,1,0,8078814.0,,8078814.0,展鹏科技,10023613
1632,中信证券股份有限公司上海分公司,2025-05-20,5,4,68657747.31,60586567.0,8071180.31,宜宾纸业 连云港 百合股份 苏州龙杰 安乃达 科兴制药 正弦电气,10135341
1633,国泰海通证券股份有限公司上海徐汇区宛平南路证券营业部,2025-05-26,1,1,32511618.0,24462484.96,8049133.04,京华激光,10023418
1634,华泰证券股份有限公司无锡解放西路证券营业部,2025-05-08,1,0,8044151.0,,8044151.0,中广天择,10021777
1635,申万宏源证券有限公司上海浦东新区关岳西路证券营业部,2025-05-14,1,0,8045977.72,3888.0,8042089.72,七丰精工,10021698
1636,中信建投证券股份有限公司厦门杏东路证券营业部,2025-05-29,1,0,8450250.51,426208.8,8024041.71,三友科技,10146924
1637,华鑫证券有限责任公司上海光复路证券营业部,2025-05-14,1,0,8018376.0,,8018376.0,展鹏科技,10993987
1638,长江证券股份有限公司武汉恒安路证券营业部,2025-05-07,1,0,8016159.5,0.0,8016159.5,绿康生化,10737585
1639,世纪证券有限责任公司广东分公司,2025-05-19,1,0,8000699.0,,8000699.0,安彩高科,10134744
1640,国泰海通证券股份有限公司上海徐汇区宛平南路证券营业部,2025-05-27,1,1,32518026.0,24520136.96,7997889.04,京华激光,10023418
1641,中国银河证券股份有限公司桂林中山中路证券营业部,2025-05-21,1,0,7975288.0,,7975288.0,常青股份,10101590
1642,平安证券股份有限公司金华宾虹路证券营业部,2025-05-14,1,0,7968976.0,,7968976.0,百达精工,10193183
1643,东北证券股份有限公司内蒙古分公司,2025-05-13,1,0,7958125.0,0.0,7958125.0,润贝航科,10509062
1644,平安证券股份有限公司芜湖黄山中路证券营业部,2025-05-27,1,0,8918238.68,976635.0,7941603.68,红墙股份,10338764
1645,中信建投证券股份有限公司北京远大路证券营业部,2025-05-07,1,0,7936468.0,,7936468.0,湖南天雁,10429361
1646,中国银河证券股份有限公司桂林中山中路证券营业部,2025-05-14,1,0,7934931.05,,7934931.05,长久物流,10101590
1647,中国国际金融股份有限公司上海分公司,2025-05-07,4,4,90601269.38,82675028.01,7926241.37,天和磁材 永安药业 南方路机 南方精工 天源迪科 苏奥传感 新瀚新材 北方长龙,10088113
1648,东亚前海证券有限责任公司四川分公司,2025-05-28,1,0,7919019.0,,7919019.0,南都物业,10000242108
1649,华福证券有限责任公司海南分公司,2025-05-07,1,0,7910184.31,0.0,7910184.31,慧为智能,10511619
1650,华泰证券股份有限公司莱阳昌山路证券营业部,2025-05-30,1,1,38282523.49,30375209.0,7907314.49,联化科技 皓元医药,10133638
1651,摩根大通证券(中国)有限公司上海银城中路证券营业部,2025-05-23,2,1,57757191.09,49865751.0,7891440.09,合锻智能 肯特催化,10000100571
1652,东方证券股份有限公司张家港东环路证券营业部,2025-05-20,1,0,7874000.0,,7874000.0,三生国健,10702252
1653,中银国际证券股份有限公司杭州环球中心证券营业部,2025-05-30,1,0,7859276.0,,7859276.0,国光连锁,10037314
1654,国金证券股份有限公司上海静安区南京西路证券营业部,2025-05-14,1,0,29111362.4,21260002.8,7851359.6,皖通科技,10342130
1655,光大证券股份有限公司北京总部基地证券营业部,2025-05-08,1,0,7842820.0,0.0,7842820.0,润贝航科,10637135
1656,国泰海通证券股份有限公司海口国贸大道证券营业部,2025-05-26,1,0,7841013.0,,7841013.0,正和生态,10025373
1657,甬兴证券有限公司青岛分公司,2025-05-27,1,0,7830022.0,,7830022.0,福华尚纬,10000170393
1658,国泰海通证券股份有限公司临沂北京路第一证券营业部,2025-05-15,1,0,7870429.9,64121.0,7806308.9,纳尔股份,10026936
1659,中国银河证券股份有限公司北京学院南路证券营业部,2025-05-21,1,0,10690522.0,2899676.0,7790846.0,通达股份,10023559
1660,国泰海通证券股份有限公司南宁民族大道证券营业部,2025-05-14,1,0,7952626.65,163043.0,7789583.65,长华化学,10163378
1661,东方证券股份有限公司无锡新生路证券营业部,2025-05-13,1,0,7779240.0,0.0,7779240.0,长华化学,10517841
1662,联储证券股份有限公司杭州西湖桃源岭证券营业部,2025-05-14,1,0,7767984.0,,7767984.0,宁波海运,10000866015
1663,联储证券股份有限公司杭州西湖桃源岭证券营业部,2025-05-13,1,0,7767984.0,,7767984.0,宁波海运,10000866015
1664,上海证券有限责任公司宁波北仑新大路证券营业部,2025-05-27,1,0,9279961.93,1524045.6,7755916.33,胜业电气,10000004537
1665,东莞证券股份有限公司佛山禅城季华五路证券营业部,2025-05-12,1,0,7738424.0,0.0,7738424.0,德力股份,10000667967
1666,信达证券股份有限公司盘锦兴隆台街证券营业部,2025-05-26,1,0,7725610.0,0.0,7725610.0,陕天然气,10109171
1667,国泰海通证券股份有限公司成都龙腾东路证券营业部,2025-05-16,1,0,7722013.0,,7722013.0,亚振家居,10564259
1668,华泰证券股份有限公司厦门厦禾路证券营业部,2025-05-22,1,1,7749920.6,30202.3,7719718.3,莱绅通灵 天雁B股,10206041
1669,国泰海通证券股份有限公司广东东莞体育路营业部,2025-05-20,1,0,8911051.73,1198666.4,7712385.33,路斯股份,10098746
1670,国新证券股份有限公司江苏分公司,2025-05-08,1,0,7711680.98,,7711680.98,磁谷科技,10131289
1671,国泰海通证券股份有限公司杭州滨江科技馆街证券营业部,2025-05-21,1,0,7705159.0,0.0,7705159.0,天汽模,10737546
1672,华林证券股份有限公司浙江分公司,2025-05-08,1,0,7767299.0,62160.0,7705139.0,金浦钛业,10000133800
1673,南京证券股份有限公司温州市府路证券营业部,2025-05-30,1,0,7696800.0,,7696800.0,*ST莫高,10000302209
1674,东亚前海证券有限责任公司上海分公司,2025-05-28,2,0,9741045.0,2057160.0,7683885.0,荣丰控股 赛隆退,10924074
1675,浙商证券股份有限公司杭州杭大路证券营业部,2025-05-14,1,0,7686800.92,6436.0,7680364.92,宏工科技,10021964
1676,招商证券股份有限公司深圳深南大道车公庙证券营业部,2025-05-29,1,0,8296507.0,655777.0,7640730.0,广聚能源,10114164
1677,广发证券股份有限公司郑州农业路证券营业部,2025-05-28,1,1,14704656.95,7064892.0,7639764.95,安纳达,10031937
1678,光大证券股份有限公司宁波甬江大道证券营业部,2025-05-21,1,0,7627181.44,,7627181.44,三生国健,10106213
1679,长城国瑞证券有限公司北京远大路证券营业部,2025-05-27,1,0,7617792.0,,7617792.0,退市创兴,10064550
1680,中信建投证券股份有限公司北京鸿翼分公司,2025-05-19,1,0,11108350.0,3499233.65,7609116.35,红墙股份,10000093785
1681,东方财富证券股份有限公司昌都两江大道证券营业部,2025-05-13,1,1,8729392.72,1134481.0,7594911.72,百达精工 普利退,10342919
1682,华西证券股份有限公司南通工农路证券营业部,2025-05-16,1,0,7571131.0,0.0,7571131.0,茂化实华,10000615726
1683,招商证券股份有限公司深圳深南东路证券营业部,2025-05-21,1,0,11408274.0,3848383.02,7559890.98,宏工科技,10122927
1684,东方证券股份有限公司常熟李闸路证券营业部,2025-05-09,1,1,16777286.0,9223231.0,7554055.0,佳力图,10663857
1685,联储证券股份有限公司宁波分公司,2025-05-09,1,0,10729653.97,3176879.0,7552774.97,豪尔赛,10915756
1686,华鑫证券有限责任公司上海梅园路证券营业部,2025-05-09,1,0,7551739.0,0.0,7551739.0,ST章鼓,10000228198
1687,招商证券股份有限公司上海世纪大道证券营业部,2025-05-12,1,0,7934930.0,399882.0,7535048.0,保龄宝,10046548
1688,平安证券股份有限公司上海巨鹿路证券营业部,2025-05-20,1,0,7531358.0,,7531358.0,锦江航运,10022101
1689,华西证券股份有限公司乐山嘉定南路证券营业部,2025-05-08,1,0,7511016.0,,7511016.0,退市熊猫,10028639
1690,国泰海通证券股份有限公司东莞总部一路证券营业部,2025-05-22,1,0,7492100.0,,7492100.0,汇得科技,10000673606
1691,中国银河证券股份有限公司大同万金街证券营业部,2025-05-15,1,0,7474087.55,,7474087.55,海程邦达,10671755
1692,国盛证券有限责任公司宁波桑田路证券营业部,2025-05-13,1,0,7712773.0,246041.0,7466732.0,长华化学,10456710
1693,华安证券股份有限公司大连解放路证券营业部,2025-05-06,1,0,7430729.27,,7430729.27,精进电动,10127600
1694,五矿证券有限公司深圳滨海大道证券营业部,2025-05-23,1,0,7412836.8,,7412836.8,天安新材,10537368
1695,兴业证券股份有限公司武汉徐东大街证券营业部,2025-05-29,1,0,7411537.44,0.0,7411537.44,三友科技,10561571
1696,东北证券股份有限公司四川第二分公司,2025-05-28,1,0,7545184.65,140883.12,7404301.53,骑士乳业,10000383333
1697,中信证券股份有限公司上海徐汇区漕溪北路证券营业部,2025-05-20,1,1,63195926.5,55793915.38,7402011.12,保变电气,10131242
1698,华鑫证券有限责任公司上海茅台路证券营业部,2025-05-14,1,0,7400848.0,,7400848.0,*ST三房,10028419
1699,湘财证券股份有限公司南京水西门大街证券营业部,2025-05-12,1,0,7399232.0,0.0,7399232.0,*ST和科,10000351821
1700,申港证券股份有限公司深圳深南东路证券营业部,2025-05-19,1,0,7398904.0,,7398904.0,洪通燃气,10747429
1701,金元证券股份有限公司徐州北京南路证券营业部,2025-05-15,1,0,7391440.0,,7391440.0,海程邦达,10708997
1702,东北证券股份有限公司青岛分公司,2025-05-14,1,0,7390380.0,,7390380.0,宁波海运,10192764
1703,中国银河证券股份有限公司桂林中山中路证券营业部,2025-05-06,1,0,7382198.0,,7382198.0,华纺股份,10101590
1704,国泰海通证券股份有限公司广东东莞体育路营业部,2025-05-21,1,0,7374321.48,0.0,7374321.48,宁新新材,10098746
1705,方正证券股份有限公司长沙星沙开元东路证券营业部,2025-05-20,1,1,13415524.42,6042574.69,7372949.73,华光源海,10159808
1706,湘财证券股份有限公司哈尔滨中山路证券营业部,2025-05-16,1,0,7321128.0,,7321128.0,ST交昂,10126503
1707,光大证券股份有限公司东莞南城鸿福路营业部,2025-05-30,1,0,7303549.04,2479.0,7301070.04,三友科技,10046595
1708,川财证券有限责任公司上海分公司,2025-05-06,1,0,7299304.5,,7299304.5,ST嘉澳,10516465
1709,恒泰证券股份有限公司吉林通潭大路证券营业部,2025-05-14,1,0,10960776.0,3661634.0,7299142.0,恒鑫生活,10100161
1710,中信证券股份有限公司上虞王充路证券营业部,2025-05-15,1,0,7284250.0,,7284250.0,金桥信息,10128929
1711,长城证券股份有限公司西安锦业路营业部,2025-05-06,1,0,7278485.09,0.0,7278485.09,慧为智能,10484324
1712,东莞证券股份有限公司厦门分公司,2025-05-08,1,0,7276311.46,0.0,7276311.46,七丰精工,10145500
1713,申港证券股份有限公司上海世纪大道证券营业部,2025-05-14,1,0,7275310.0,,7275310.0,宁波海运,10000260708
1714,民生证券股份有限公司郑州济源路证券营业部,2025-05-12,1,0,7274483.0,3786.0,7270697.0,德力股份,10030134
1715,华鑫证券有限责任公司绍兴胜利东路证券营业部,2025-05-08,1,0,7249928.0,0.0,7249928.0,金浦钛业,10000170384
1716,国泰海通证券股份有限公司广东东莞松山湖营业部,2025-05-08,1,0,7244186.17,0.0,7244186.17,美心翼申,10000673606
1717,华鑫证券有限责任公司上海分公司,2025-05-30,2,1,30923261.51,23679136.0,7244125.51,*ST莫高 时代出版,10274545
1718,国盛证券有限责任公司长沙茶子山东路证券营业部,2025-05-06,1,0,7242308.0,,7242308.0,华纺股份,10583074
1719,南京证券股份有限公司南通姚港路证券营业部,2025-05-23,1,0,7238030.16,,7238030.16,天安新材,10084146
1720,国盛证券有限责任公司长沙茶子山东路证券营业部,2025-05-21,1,0,7232389.0,,7232389.0,中衡设计,10583074
1721,中信证券股份有限公司苏州分公司,2025-05-29,1,0,8991301.0,1772333.0,7218968.0,*ST和科,10045040
1722,浙商证券股份有限公司深圳分公司,2025-05-09,1,0,7528770.25,313353.0,7215417.25,狄耐克,10122633
1723,国融证券股份有限公司杭州市心北路证券营业部,2025-05-08,1,0,7211582.0,0.0,7211582.0,豪尔赛,10400324
1724,平安证券股份有限公司江苏分公司,2025-05-29,1,0,7208642.97,,7208642.97,ST信通,10030173
1725,国投证券股份有限公司深圳下梅林二街证券营业部,2025-05-27,1,0,7192458.69,0.0,7192458.69,胜业电气,10658420
1726,华泰证券股份有限公司无锡和风路证券营业部,2025-05-13,1,0,7186880.0,,7186880.0,华升股份,10045497
1727,东莞证券股份有限公司厦门分公司,2025-05-12,1,0,7173837.03,0.0,7173837.03,乐创技术,10145500
1728,中国银河证券股份有限公司深圳深南大道证券营业部,2025-05-08,1,0,7172948.0,0.0,7172948.0,嘉事堂,10031772
1729,光大证券股份有限公司昆明人民中路营业部,2025-05-29,1,0,7155043.54,4160.0,7150883.54,三友科技,10048514
1730,中信建投证券股份有限公司北京德胜门证券营业部,2025-05-15,1,1,18212534.0,11064366.0,7148168.0,ST新华锦,10698622
1731,兴业证券股份有限公司重庆分公司,2025-05-21,1,0,7135915.0,,7135915.0,拱东医疗,10127614
1732,东亚前海证券有限责任公司上海分公司,2025-05-19,1,0,7135414.0,0.0,7135414.0,双成药业,10924074
1733,国金证券股份有限公司上海静安区南京西路证券营业部,2025-05-12,1,1,12151912.92,5024021.0,7127891.92,*ST步森 *ST正平,10342130
1734,国泰海通证券股份有限公司成都龙腾东路营业部,2025-05-07,1,0,7137655.0,16944.0,7120711.0,*ST瑞和,10564259
1735,湘财证券股份有限公司北京分公司,2025-05-29,1,0,7117000.0,,7117000.0,汇得科技,10484729
1736,信达证券股份有限公司深圳分公司,2025-05-23,1,0,7108609.93,,7108609.93,汉邦科技,10924070
1737,广发证券股份有限公司杭州向往街证券营业部,2025-05-28,1,0,7099397.6,,7099397.6,亚振家居,10000466157
1738,广发证券股份有限公司梅州梅江二路证券营业部,2025-05-06,1,0,7093500.0,,7093500.0,松发股份,10025340
1739,东北证券股份有限公司上海局门路证券营业部,2025-05-27,1,0,7081092.0,,7081092.0,福华尚纬,10091173
1740,中信证券(山东)有限责任公司青岛秦岭路证券营业部,2025-05-13,1,0,7074819.0,,7074819.0,亚振家居,10140879
1741,国泰海通证券股份有限公司广州人民中路证券营业部,2025-05-07,1,0,7068425.0,,7068425.0,华纺股份,10026736
1742,中信建投证券股份有限公司温州大南路证券营业部,2025-05-07,1,0,7064360.45,0.0,7064360.45,众捷汽车,10332004
1743,兴业证券股份有限公司湛江分公司,2025-05-29,1,0,7058558.33,0.0,7058558.33,ST棕榈,10000213456
1744,兴业证券股份有限公司深圳后海证券营业部,2025-05-06,1,0,7027211.0,,7027211.0,ST嘉澳,10594253
1745,华鑫证券有限责任公司成都交子大道证券营业部,2025-05-30,1,0,7020000.0,,7020000.0,华远控股,10456795
1746,瑞银证券有限责任公司上海浦东新区花园石桥路第二证券营业部,2025-05-14,4,2,44437407.59,37423239.29,7014168.3,天和磁材 肯特催化 嘉诚国际 航天南湖,10342152
1747,国投证券股份有限公司广州新港东路证券营业部,2025-05-12,1,0,7008516.0,,7008516.0,联合水务,10952421
1748,东海证券股份有限公司南京分公司,2025-05-07,2,0,7416513.0,410193.0,7006320.0,亚太实业 星光股份,10000583799
1749,浙商证券股份有限公司杭州杭大路证券营业部,2025-05-21,1,0,7002900.6,,7002900.6,铁流股份,10021964
1750,华泰证券股份有限公司上海武定路证券营业部,2025-05-28,2,1,13613616.0,6625582.0,6988034.0,波导股份 *ST精伦,10098087
1751,海通证券股份有限公司上海宝山区牡丹江路证券营业部,2025-05-23,1,0,6962756.0,,6962756.0,浪莎股份,10028446
1752,方正证券股份有限公司北京安慧东里证券营业部,2025-05-13,1,0,6959868.0,,6959868.0,万通发展,10152450
1753,山西证券股份有限公司西安唐延路证券营业部,2025-05-15,1,0,6959778.0,,6959778.0,展鹏科技,10023504
1754,平安证券股份有限公司银川凤凰北街证券营业部,2025-05-16,1,0,6945239.0,,6945239.0,亚振家居,10174511
1755,国信证券股份有限公司浙江分公司,2025-05-22,1,0,7420883.89,486381.0,6934502.89,无锡鼎邦,10467899
1756,甬兴证券有限公司深圳分公司,2025-05-26,1,0,6923964.0,,6923964.0,汇得科技,10000383419
1757,华福证券有限责任公司湖州苕溪西路证券营业部,2025-05-22,1,0,6911187.0,0.0,6911187.0,速达股份,10737980
1758,方正证券股份有限公司上海康沈路证券营业部,2025-05-15,1,0,6896169.0,,6896169.0,金桥信息,10000066484
1759,招商证券股份有限公司济南经十路证券营业部,2025-05-21,1,0,7159136.0,296656.0,6862480.0,*ST威领,10093214
1760,东莞证券股份有限公司南京分公司,2025-05-19,1,0,6999053.96,137531.34,6861522.62,五新智能,10485003
1761,上海证券有限责任公司宁波北仑新大路证券营业部,2025-05-29,1,0,6808735.29,0.0,6808735.29,三友科技,10000004537
1762,中信证券股份有限公司东阳吴宁西路证券营业部,2025-05-15,1,0,6796039.0,,6796039.0,安正时尚,10124373
1763,招商证券股份有限公司深圳深南东路证券营业部,2025-05-13,1,0,8928284.88,2133777.0,6794507.88,宏工科技,10122927
1764,海通证券股份有限公司泰州鼓楼南路证券营业部,2025-05-27,1,0,6789495.0,,6789495.0,锦泓集团,10135512
1765,光大证券股份有限公司惠州惠沙堤证券营业部,2025-05-13,1,0,6765423.0,,6765423.0,哈森股份,10021745
1766,国新证券股份有限公司北京中关村大街证券营业部,2025-05-28,1,0,6753348.48,,6753348.48,悦达投资,10919501
1767,西南证券股份有限公司浙江分公司,2025-05-08,1,0,6752195.4,,6752195.4,汉商集团,10544217
1768,方正证券股份有限公司上海浦东新区成山路证券营业部,2025-05-23,1,0,6745489.0,0.0,6745489.0,ST棕榈,10502153
1769,海通证券股份有限公司长沙五一大道证券营业部,2025-05-14,2,1,37751237.34,31013201.06,6738036.28,迎丰股份 *ST天箭,10099191
1770,海通证券股份有限公司长沙五一大道营业部,2025-05-14,2,1,37751237.34,31013201.06,6738036.28,志晟信息,10099191
1771,华泰证券股份有限公司上海静安区广中西路证券营业部,2025-05-06,2,0,6737291.0,0.0,6737291.0,交投生态 立方退,10142714
1772,国信证券股份有限公司成都二环路证券营业部,2025-05-21,1,0,6733431.0,,6733431.0,退市岩石,10045173
1773,东北证券股份有限公司白山分公司,2025-05-06,1,0,6756970.64,30849.0,6726121.64,邵阳液压,10321546
1774,中国银河证券股份有限公司台州黄岩委羽街证券营业部,2025-05-23,1,0,6723840.0,,6723840.0,福华尚纬,10436667
1775,东北证券股份有限公司黑龙江分公司,2025-05-06,1,0,6709218.81,0.0,6709218.81,慧为智能,10448119
1776,浙商证券股份有限公司杭州五星路证券营业部,2025-05-30,1,0,6697800.0,,6697800.0,*ST莫高,10949092
1777,中信证券股份有限公司上海青浦区徐民路证券营业部,2025-05-09,1,0,6695327.45,0.0,6695327.45,七丰精工,10436250
1778,中国中金财富证券有限公司广州分公司,2025-05-20,1,0,7229655.11,536478.88,6693176.23,胜业电气,10031840
1779,海通证券股份有限公司蚌埠中荣街证券营业部,2025-05-29,1,0,6829968.0,139740.0,6690228.0,*ST启环,10101887
1780,中国银河证券股份有限公司沈阳大北关街证券营业部,2025-05-27,3,1,163829299.42,157157655.91,6671643.51,京华激光 永安药业 舒泰神,10023594
1781,平安证券股份有限公司上海分公司,2025-05-30,1,0,8750796.0,2089947.0,6660849.0,侨银股份,10048192
1782,国信证券股份有限公司福州五一中路证券营业部,2025-05-14,1,0,6761742.34,103859.78,6657882.56,天工股份,10046440
1783,中泰证券股份有限公司南京泰山路证券营业部,2025-05-09,1,0,6644552.0,,6644552.0,安乃达,10484899
1784,光大证券股份有限公司泉州田安路证券营业部,2025-05-30,1,0,6616227.76,0.0,6616227.76,渝三峡A,10145535
1785,东海证券股份有限公司上海浦东新区苗圃路证券营业部,2025-05-21,1,0,6585123.32,,6585123.32,铁流股份,10078221
1786,高盛(中国)证券有限责任公司上海浦东新区世纪大道证券营业部,2025-05-12,3,4,25419113.57,18886822.45,6532291.12,赛福天 南方路机 苏州龙杰 安乃达 天微电子 中邮科技,10000399618
1787,东海证券股份有限公司南京分公司,2025-05-12,1,0,6526002.0,,6526002.0,*ST起步,10000583799
1788,国信证券股份有限公司上海北京东路证券营业部,2025-05-12,1,0,6908493.95,401742.77,6506751.18,成电光信,10045169
1789,国盛证券有限责任公司上海浦东新区东方路证券营业部,2025-05-08,1,0,6489401.66,0.0,6489401.66,众捷汽车,10499301
1790,兴业证券股份有限公司山东分公司,2025-05-07,1,0,6481800.0,,6481800.0,华纺股份,10484738
1791,国泰海通证券股份有限公司深圳益田路证券营业部,2025-05-23,1,0,6480387.0,,6480387.0,宝光股份,10025388
1792,国联民生证券股份有限公司北京分公司,2025-05-30,1,3,66548237.4,60086050.0,6462187.4,福华尚纬 舒泰神 福龙马 霍普股份,10485044
1793,东吴证券股份有限公司苏州永昌泾大道证券营业部,2025-05-20,1,0,6425881.0,0.0,6425881.0,ST棕榈,10467654
1794,国盛证券有限责任公司苏南分公司,2025-05-15,1,0,6416393.85,0.0,6416393.85,万德股份,10666747
1795,华泰证券股份有限公司南通人民中路证券营业部,2025-05-26,1,0,6417670.72,4530.0,6413140.72,中科美菱,10026976
1796,中国中金财富证券有限公司深圳宝安中心路证券营业部,2025-05-06,1,0,6410000.0,,6410000.0,松发股份,10147263
1797,东方证券股份有限公司上海杨浦区控江路证券营业部,2025-05-12,1,1,7692976.0,1288891.4,6404084.6,保龄宝 *ST凌云B,10125915
1798,国信证券股份有限公司上海北京东路证券营业部,2025-05-29,1,0,6379582.5,,6379582.5,汉邦科技,10045169
1799,恒泰证券股份有限公司上海河南南路证券营业部,2025-05-30,1,1,25087582.6,18718309.0,6369273.6,翠微股份 中旗新材,10456489
1800,兴业证券股份有限公司惠州分公司,2025-05-08,2,0,6357071.0,,6357071.0,退市熊猫 *ST利达,10000076651
1801,中国中金财富证券有限公司深圳壹方中心证券营业部,2025-05-15,1,0,6355986.0,0.0,6355986.0,华业香料,10143348
1802,东海证券股份有限公司长沙芙蓉中路证券营业部,2025-05-06,1,0,6355172.0,0.0,6355172.0,交投生态,10436793
1803,世纪证券有限责任公司陕西分公司,2025-05-15,1,0,6337573.77,,6337573.77,综艺股份,10484707
1804,兴业证券股份有限公司佛山顺德国泰南路证券营业部,2025-05-23,1,0,6333112.4,,6333112.4,天安新材,10000062681
1805,东莞证券股份有限公司揭阳分公司,2025-05-09,1,0,6320928.0,,6320928.0,迎丰股份,10485002
1806,光大证券股份有限公司东莞南城鸿福路营业部,2025-05-27,1,0,6430882.53,117310.0,6313572.53,骑士乳业,10046595
1807,中国银河证券股份有限公司深圳罗湖证券营业部,2025-05-08,1,0,6312204.96,4269.0,6307935.96,嘉事堂,10030468
1808,东亚前海证券有限责任公司苏州分公司,2025-05-15,1,0,6280912.41,0.0,6280912.41,万德股份,10000526027
1809,中国中金财富证券有限公司四川分公司,2025-05-12,1,0,6273946.0,3798.0,6270148.0,南华生物,10397657
1810,国联民生证券股份有限公司深圳分公司,2025-05-14,1,0,6269549.82,,6269549.82,嘉诚国际,10538960
1811,华源证券股份有限公司湖北分公司,2025-05-20,1,0,6236880.0,,6236880.0,综艺股份,10509170
1812,甬兴证券有限公司安徽分公司,2025-05-20,1,0,6234384.0,,6234384.0,综艺股份,10000923632
1813,中国中金财富证券有限公司广州番禺东兴路证券营业部,2025-05-29,1,0,6232427.0,,6232427.0,ST信通,10174528
1814,华泰证券股份有限公司上海普陀区江宁路证券营业部,2025-05-12,1,0,6216361.28,,6216361.28,*ST起步,10079785
1815,东亚前海交易单元(006110),2025-05-27,2,2,44155567.0,37957085.0,6198482.0,锡装股份 凯美特气 科拓生物,10001008536
1816,东方财富证券股份有限公司山南香曲东路证券营业部,2025-05-09,1,0,12346364.5,6163332.0,6183032.5,渝三峡A,10281327
1817,华创证券有限责任公司龙岩龙岩大道证券营业部,2025-05-27,1,0,6179951.0,,6179951.0,长城电工,10000573985
1818,华福证券有限责任公司泉州田安路证券营业部,2025-05-22,1,0,11182742.0,5005577.0,6177165.0,双成药业,10048344
1819,中国中金财富证券有限公司广州番禺东兴路证券营业部,2025-05-07,2,1,13056918.0,6892175.0,6164743.0,ST长园 退市国化,10174528
1820,财通证券股份有限公司杭州九和路证券营业部,2025-05-15,1,0,6159949.0,,6159949.0,盛泰集团,10456237
1821,财通证券股份有限公司台州临海杜桥滨海西路证券营业部,2025-05-06,1,1,18774867.61,12618015.1,6156852.51,茂业商业 东贝集团,10713850
1822,国投证券股份有限公司上海浦东新区环湖西一路证券营业部,2025-05-23,1,0,6150145.31,,6150145.31,汉邦科技,10000627507
1823,爱建证券有限责任公司上海江宁路证券营业部,2025-05-19,1,0,6140262.4,,6140262.4,洪通燃气,10508940
1824,招商证券股份有限公司青岛金家岭金融区证券营业部,2025-05-16,1,0,6142016.0,12182.0,6129834.0,威星智能,10105668
1825,华泰证券股份有限公司北京东三环北路证券营业部,2025-05-15,1,0,6100059.0,,6100059.0,迎丰股份,10079640
1826,国泰海通证券股份有限公司四川绵阳剑南路营业部,2025-05-21,2,1,17681867.0,11592350.0,6089517.0,宁新新材,10705812
1827,国泰海通证券股份有限公司绵阳剑南路证券营业部,2025-05-21,2,1,17681867.0,11592350.0,6089517.0,郑中设计,10705812
1828,招商证券股份有限公司上海翔殷路证券营业部,2025-05-15,1,0,6086311.96,,6086311.96,返利科技,10040900
1829,国信证券股份有限公司深圳泰然九路证券营业部,2025-05-30,2,0,6137615.09,53145.47,6084469.62,北投科技 深深房B,10078443
1830,广发证券股份有限公司台州东海大道证券营业部,2025-05-14,1,0,6081989.0,,6081989.0,百达精工,10429205
1831,华福证券有限责任公司厦门分公司,2025-05-23,1,0,6075241.5,,6075241.5,汉邦科技,10494414
1832,兴业证券股份有限公司晋江泉安路营业部,2025-05-20,1,0,6055381.83,0.0,6055381.83,芭薇股份,10152210
1833,中航证券有限公司樟树营业部,2025-05-16,1,0,6044489.68,0.0,6044489.68,芭薇股份,10456893
1834,广发证券股份有限公司郑州农业路证券营业部,2025-05-22,1,1,37422547.0,31393046.2,6029500.8,王子新材 信邦智能,10031937
1835,国新证券股份有限公司北京中关村大街证券营业部,2025-05-14,1,0,13270264.0,7245921.0,6024343.0,尚荣医疗,10919501
1836,国信证券股份有限公司深圳红岭中路证券营业部,2025-05-28,2,2,19594105.36,13574420.57,6019684.79,胜业电气 瑞奇智造 骑士乳业 保丽洁,10045166
1837,西南证券股份有限公司广东分公司,2025-05-27,1,0,6011525.29,,6011525.29,长城电工,10023599
1838,财达证券股份有限公司邯郸人民路证券营业部,2025-05-08,1,0,6626700.0,625141.0,6001559.0,嘉事堂,10108314
1839,东亚前海证券有限责任公司深圳分公司,2025-05-27,1,0,5995968.0,,5995968.0,福华尚纬,10924068
1840,国泰海通证券股份有限公司成都北一环路证券营业部,2025-05-15,1,0,5992421.0,,5992421.0,盛泰集团,10026897
1841,东方财富证券股份有限公司拉萨团结路第一证券营业部,2025-05-21,18,17,376343453.84,370354831.58,5988622.26,胜业电气 退市苏吴 国华退 航天动力 渝三峡A 南京港 华纺股份 宁波海运 国轩高科 连云港 信隆健康 宁波远洋 安纳达 红宝丽 肯特催化 成飞集成 圣晖集成 *ST南置 苏州龙杰 通达股份 利君股份 *ST岭南 红墙股份 路畅科技 集泰股份 康力源 浙江华远,10484371
1842,中信建投证券股份有限公司唐山卫国路证券营业部,2025-05-16,1,0,5961753.0,0.0,5961753.0,威星智能,10449415
1843,华泰证券股份有限公司北京苏州街证券营业部,2025-05-07,2,1,6542856.69,586223.0,5956633.69,退市沪科 退市国化 艾艾精工,10098021
1844,红塔证券股份有限公司昆明春城路证券营业部,2025-05-06,1,0,5919717.6,,5919717.6,大地熊,10046647
1845,华泰证券股份有限公司上海普陀区江宁路证券营业部,2025-05-08,1,1,15598061.0,9681012.0,5917049.0,退市熊猫 中广天择,10079785
1846,中国中金财富证券有限公司西宁西关大街新宁广场证券营业部,2025-05-16,1,0,5879508.62,0.0,5879508.62,森萱医药,10174529
1847,摩根大通证券(中国)有限公司上海银城中路证券营业部,2025-05-12,1,0,5873267.0,,5873267.0,中国瑞林,10000100571
1848,中信证券(山东)有限责任公司青岛西海岸新区庐山路证券营业部,2025-05-13,1,0,5859954.8,,5859954.8,亚振家居,10048348
1849,天风证券股份有限公司杭州教工路证券营业部,2025-05-08,1,0,5858386.0,,5858386.0,联德股份,10456542
1850,国盛证券有限责任公司杭州义蓬中路证券营业部,2025-05-08,1,0,5858077.71,0.0,5858077.71,豪尔赛,10456637
1851,华泰证券股份有限公司南通人民中路证券营业部,2025-05-16,1,0,5835972.0,,5835972.0,*ST集友,10026976
1852,海通证券股份有限公司武汉中北路证券营业部,2025-05-19,1,0,5826942.0,,5826942.0,*ST海华,10030229
1853,国泰海通证券股份有限公司成都顺城大街证券营业部,2025-05-07,1,0,5844025.0,25542.0,5818483.0,*ST和科,10025180
1854,东吴证券股份有限公司嘉兴中山西路证券营业部,2025-05-06,1,0,5817469.0,,5817469.0,ST嘉澳,10000367973
1855,东方财富证券股份有限公司山南香曲东路证券营业部,2025-05-19,2,1,34304724.72,28489493.4,5815231.32,普利转退 豪恩汽电 泰禾股份,10281327
1856,广发证券股份有限公司广州马场路广发证券大厦证券营业部,2025-05-22,1,0,5812520.0,,5812520.0,退市太和,10135364
1857,方正证券股份有限公司岳阳华容迎宾北路证券营业部,2025-05-20,1,0,5812307.2,0.0,5812307.2,佳合科技,10400258
1858,东北证券股份有限公司青岛分公司,2025-05-27,1,0,5778283.0,,5778283.0,福华尚纬,10192764
1859,中国中金财富证券有限公司深圳市深圳湾一号证券营业部,2025-05-20,1,0,5777498.0,,5777498.0,贵航股份,10031838
1860,国盛证券有限责任公司宁波桑田路证券营业部,2025-05-06,1,0,5760708.0,39832.0,5720876.0,新能股份,10456710
1861,国泰海通证券股份有限公司成都龙腾东路证券营业部,2025-05-27,1,0,5720400.0,,5720400.0,锦泓集团,10564259
1862,恒泰证券股份有限公司沈阳奉天街证券营业部,2025-05-07,3,1,9657527.0,3944040.84,5713486.16,退市国化 荣丰控股 ST惠程,10054782
1863,中泰证券股份有限公司唐山大里路证券营业部,2025-05-20,1,0,5709807.24,0.0,5709807.24,佳合科技,10467507
1864,兴业证券股份有限公司山东分公司,2025-05-20,1,0,5705197.14,,5705197.14,安彩高科,10484738
1865,兴业证券股份有限公司山东分公司,2025-05-19,1,0,5705197.14,,5705197.14,安彩高科,10484738
1866,华宝证券股份有限公司上海东大名路证券营业部,2025-05-13,1,1,23370804.0,17686090.0,5684714.0,电投产融 富岭股份,10456831
1867,招商证券股份有限公司珠海人民西路证券营业部,2025-05-26,1,0,6169916.0,496705.0,5673211.0,陕天然气,10046553
1868,山西证券股份有限公司太原坞城路证券营业部,2025-05-13,1,0,5665863.0,,5665863.0,华升股份,10022032
1869,金元证券股份有限公司深圳深南大道营业部,2025-05-08,1,1,11391976.75,5732102.88,5659873.87,晟楠科技 美心翼申,10025284
1870,华鑫证券有限责任公司杭州分公司,2025-05-12,1,0,8167389.5,2513535.79,5653853.71,七丰精工,10000055313
1871,东吴证券股份有限公司苏州工业园区融安街二部营业部,2025-05-30,1,0,5650512.21,0.0,5650512.21,浩淼科技,10001012886
1872,国新证券股份有限公司长沙韶山路证券营业部,2025-05-22,1,0,5649238.0,,5649238.0,汇得科技,10143353
1873,中国国际金融股份有限公司上海分公司,2025-05-14,4,2,113545436.11,107897215.95,5648220.16,万向钱潮 中毅达 *ST天箭 肯特催化 长华化学,10088113
1874,华宝证券股份有限公司深圳福华一路证券营业部,2025-05-19,1,0,5646753.0,,5646753.0,综艺股份,10108338
1875,光大证券股份有限公司海口国贸大道证券营业部,2025-05-22,1,0,5645320.95,,5645320.95,退市太和,10021721
1876,申港证券股份有限公司四川分公司,2025-05-21,1,0,5641794.0,0.0,5641794.0,滨海能源,10915779
1877,东北证券股份有限公司黑龙江分公司,2025-05-30,1,0,5637281.29,0.0,5637281.29,浩淼科技,10448119
1878,国信证券股份有限公司浙江分公司,2025-05-20,1,0,6156113.46,520211.01,5635902.45,胜业电气,10467899
1879,方正证券股份有限公司长沙黄兴中路证券营业部,2025-05-28,1,0,5629827.0,0.0,5629827.0,赛隆退,10117770
1880,中信证券股份有限公司浙江分公司,2025-05-20,2,5,102289493.42,96671924.86,5617568.56,宁波远洋 渝三峡A 京运通 尤夫股份 利君股份 红墙股份 东方中科,10520724
1881,华鑫证券有限责任公司成都交子大道证券营业部,2025-05-22,1,1,6879634.74,1263190.0,5616444.74,鸿铭股份 汇得科技,10456795
1882,华泰证券股份有限公司厦门厦禾路证券营业部,2025-05-27,1,0,5660657.76,52327.5,5608330.26,中科美菱,10206041
1883,招商证券股份有限公司济南经十路证券营业部,2025-05-07,1,1,22958474.0,17354669.0,5603805.0,中毅达,10093214
1884,国泰海通证券股份有限公司德清云岫南路证券营业部,2025-05-12,1,0,5586268.0,0.0,5586268.0,南华生物,10551746
1885,平安证券股份有限公司北京市分公司,2025-05-21,1,0,5583796.0,,5583796.0,肯特催化,10023369
1886,中信建投证券股份有限公司北京青年路证券营业部,2025-05-09,1,0,5711038.61,143629.5,5567409.11,慧为智能,10429358
1887,国泰海通证券股份有限公司南宁民族大道证券营业部,2025-05-13,1,0,5552736.0,,5552736.0,宁波海运,10163378
1888,中信证券股份有限公司杭州新天地证券营业部,2025-05-13,1,0,5544000.0,,5544000.0,宁波海运,10133941
1889,申万宏源证券有限公司厦门分公司,2025-05-30,1,0,5570212.22,30246.4,5539965.82,路桥信息,10025155
1890,平安证券股份有限公司深圳深南东路罗湖商务中心证券营业部,2025-05-21,1,0,9957299.0,4417638.63,5539660.37,*ST威领,10143566
1891,方正证券股份有限公司上海杨高南路证券营业部,2025-05-30,1,0,5523062.73,,5523062.73,科捷智能,10158325
1892,浙商证券股份有限公司台州环城东路证券营业部,2025-05-14,1,0,5625209.52,103469.6,5521739.92,吉林碳谷,10021967
1893,国信证券股份有限公司深圳龙华分公司,2025-05-06,1,0,5512215.2,,5512215.2,正和生态,10290877
1894,东莞证券股份有限公司南京分公司,2025-05-09,1,1,22918076.0,17407113.0,5510963.0,百达精工,10485003
1895,东方证券股份有限公司福州五四路证券营业部,2025-05-27,1,1,16482077.05,10979723.13,5502353.92,锡装股份 海森药业,10456965
1896,海通证券股份有限公司金华回溪街证券营业部,2025-05-30,1,0,5493244.0,,5493244.0,北投科技,10456357
1897,东海证券股份有限公司南京分公司,2025-05-06,1,0,5579975.0,91104.0,5488871.0,贤丰控股,10000583799
1898,国信证券股份有限公司厦门湖滨北路证券营业部,2025-05-12,1,0,5486880.0,,5486880.0,龙蟠科技,10086712
1899,华鑫证券有限责任公司深圳财富大厦证券营业部,2025-05-22,1,0,5476316.82,,5476316.82,宝光股份,10000734168
1900,海通证券股份有限公司长沙五一大道证券营业部,2025-05-08,1,0,5526213.0,50880.0,5475333.0,润贝航科,10099191
1901,华林证券股份有限公司西藏分公司,2025-05-09,1,0,5496900.0,47085.0,5449815.0,宇顺电子,10502387
1902,光大证券股份有限公司广州珠江新城证券营业部,2025-05-30,1,0,5433434.54,,5433434.54,科捷智能,10021719
1903,甬兴证券有限公司宁波和源路证券营业部,2025-05-27,1,0,5413019.0,,5413019.0,长城电工,10000147202
1904,平安证券股份有限公司深圳深南东路罗湖商务中心证券营业部,2025-05-09,1,0,7201573.74,1790829.0,5410744.74,ST加加,10143566
1905,国泰海通证券股份有限公司厦门鹭江道证券营业部,2025-05-16,1,0,5408291.0,,5408291.0,亚振家居,10040921
1906,平安证券股份有限公司佛山季华六路证券营业部,2025-05-27,1,0,5382909.0,,5382909.0,肯特催化,10193181
1907,国信证券股份有限公司上海张杨路证券营业部,2025-05-21,1,0,5353020.0,,5353020.0,拱东医疗,10147192
1908,招商证券股份有限公司上海牡丹江路证券营业部,2025-05-29,1,0,5328385.5,,5328385.5,汇得科技,10176549
1909,财通证券股份有限公司温州人民东路证券营业部,2025-05-23,1,0,5321107.72,0.0,5321107.72,晟楠科技,10061029
1910,国信证券股份有限公司深圳互联网分公司,2025-05-14,1,0,5920694.46,607526.84,5313167.62,方大新材,10136477
1911,恒泰证券股份有限公司沈阳奉天街证券营业部,2025-05-28,1,0,5282186.0,,5282186.0,*ST精伦,10054782
1912,华泰证券股份有限公司上海武定路证券营业部,2025-05-21,1,0,6508892.0,1227643.0,5281249.0,*ST南置,10098087
1913,招商证券股份有限公司深圳前海大道证券营业部,2025-05-29,1,0,5347239.0,71802.0,5275437.0,郑中设计,10046536
1914,平安证券股份有限公司上海分公司,2025-05-07,2,0,5843430.9,568927.46,5274503.44,一致魔芋 声迅股份,10048192
1915,五矿证券有限公司广州分公司,2025-05-07,1,0,5270226.0,0.0,5270226.0,亚太实业,10913507
1916,民生证券股份有限公司郑州郑汴路证券营业部,2025-05-08,1,0,5250141.0,,5250141.0,退市苏吴,10159575
1917,长城证券股份有限公司武汉云林街证券营业部,2025-05-23,1,0,5243250.21,,5243250.21,肯特催化,10165350
1918,金元证券股份有限公司成都鹭岛路证券营业部,2025-05-29,1,0,5228169.0,,5228169.0,ST信通,10051245
1919,华鑫证券有限责任公司上海红宝石路证券营业部,2025-05-29,1,0,5217096.0,,5217096.0,宏柏新材,10582975
1920,申万宏源证券有限公司金华八一北街证券营业部,2025-05-16,1,0,5200638.0,,5200638.0,洪通燃气,10112351
1921,国联民生证券股份有限公司宁波战船街证券营业部,2025-05-07,1,0,5196835.0,0.0,5196835.0,绿康生化,10000152109
1922,华泰证券股份有限公司北京东三环北路证券营业部,2025-05-07,1,0,6052931.14,858126.0,5194805.14,众捷汽车,10079640
1923,华泰证券股份有限公司江西分公司,2025-05-27,1,0,5188062.94,,5188062.94,科捷智能,10427427
1924,东莞证券股份有限公司厦门分公司,2025-05-27,1,0,5184000.0,,5184000.0,科捷智能,10145500
1925,开源证券股份有限公司云南分公司,2025-05-08,1,0,5177576.0,0.0,5177576.0,拓山重工,10583925
1926,开源证券股份有限公司西安曲江新区分公司,2025-05-08,1,0,5147956.0,0.0,5147956.0,拓山重工,10000353963
1927,招商证券股份有限公司深圳科技园高新南一道证券营业部,2025-05-07,1,0,13760513.0,8634531.0,5125982.0,新瀚新材,10128338
1928,华西证券股份有限公司宜宾北正街证券营业部,2025-05-12,1,0,5123696.0,,5123696.0,宜宾纸业,10028633
1929,财信证券股份有限公司杭州长生路证券营业部,2025-05-15,1,1,17983094.58,12865980.0,5117114.58,尚荣医疗 苏州龙杰,10656871
1930,东方证券股份有限公司青岛苗岭路证券营业部,2025-05-28,1,0,5107989.6,,5107989.6,亚振家居,10918118
1931,中山证券有限责任公司中山分公司,2025-05-21,1,0,5103281.0,,5103281.0,拱东医疗,10045112
1932,恒泰证券股份有限公司沈阳奉天街证券营业部,2025-05-27,1,0,5102254.0,478.0,5101776.0,恒久退,10054782
1933,国新证券股份有限公司北京中关村大街证券营业部,2025-05-07,2,2,22952265.0,17868517.6,5083747.4,华阳新材 航天长峰 春光科技,10919501
1934,国泰海通证券股份有限公司南宁民族大道证券营业部,2025-05-30,1,0,5077705.0,,5077705.0,北投科技,10163378
1935,海通证券股份有限公司深圳分公司华富路营业部,2025-05-30,1,0,5928713.7,859543.26,5069170.44,路桥信息,10030213
1936,华泰证券股份有限公司永嘉阳光大道证券营业部,2025-05-23,1,0,5062260.0,0.0,5062260.0,赛隆退,10166020
1937,申万宏源证券有限公司长沙五一大道证券营业部,2025-05-13,1,0,5061408.0,,5061408.0,华升股份,10041883
1938,国融证券股份有限公司深圳沙河西路证券营业部,2025-05-09,1,0,5061308.0,0.0,5061308.0,豪尔赛,10140742
1939,申港证券股份有限公司上海分公司,2025-05-20,1,0,5022455.0,,5022455.0,安彩高科,10738126
1940,平安证券股份有限公司深圳蛇口招商路招商大厦证券营业部,2025-05-22,1,0,5565006.6,547384.0,5017622.6,源飞宠物,10145970
1941,国投证券股份有限公司深圳深南大道本元大厦证券营业部,2025-05-19,1,0,5017302.0,,5017302.0,*ST海华,10429126
1942,申港证券股份有限公司福建分公司,2025-05-20,1,0,5011389.0,,5011389.0,安彩高科,10768240
1943,中银国际证券股份有限公司武汉黄孝河路证券营业部,2025-05-06,1,0,5010481.5,,5010481.5,正和生态,10053617
1944,国盛证券有限责任公司宁波桑田路营业部,2025-05-15,1,1,7811729.66,2807629.56,5004100.1,芭薇股份,10456710
1945,国盛证券有限责任公司宁波桑田路证券营业部,2025-05-15,1,1,7811729.66,2807629.56,5004100.1,ST百利,10456710
1946,开源证券股份有限公司西安阎良人民路证券营业部,2025-05-12,1,0,4998843.0,,4998843.0,联合水务,10657382
1947,长城证券股份有限公司广州花都天贵路证券营业部,2025-05-29,1,0,4998441.0,0.0,4998441.0,郑中设计,10456207
1948,中国银河证券股份有限公司青田龙津路证券营业部,2025-05-12,1,0,4992411.0,0.0,4992411.0,贤丰控股,10133779
1949,华源证券股份有限公司深圳分公司,2025-05-15,1,0,4958016.0,,4958016.0,综艺股份,10484869
1950,长江证券股份有限公司昆明白龙路证券营业部,2025-05-28,1,1,22205946.48,17251659.5,4954286.98,郑中设计 博世科,10338860
1951,方正证券股份有限公司陕西分公司,2025-05-12,1,0,5192078.93,252529.45,4939549.48,莱赛激光,10485011
1952,平安证券股份有限公司深圳蛇口招商路招商大厦证券营业部,2025-05-28,1,0,5163563.0,226210.0,4937353.0,宇顺电子,10145970
1953,华西证券股份有限公司上海延安西路证券营业部,2025-05-07,1,0,4921495.0,,4921495.0,正和生态,10426005
1954,恒泰证券股份有限公司沈阳奉天街证券营业部,2025-05-12,1,0,4910025.0,0.0,4910025.0,亚太实业,10054782
1955,国金证券股份有限公司成都天府大道证券营业部,2025-05-22,1,0,4902890.0,,4902890.0,汇得科技,10152709
1956,国投证券股份有限公司深圳深南大道本元大厦证券营业部,2025-05-07,1,0,4890927.8,0.0,4890927.8,兰州黄河,10429126
1957,东亚前海证券有限责任公司四川分公司,2025-05-22,1,0,4889542.0,,4889542.0,廊坊发展,10000242108
1958,甬兴证券有限公司杭州金城路证券营业部,2025-05-20,1,0,4869543.0,,4869543.0,安彩高科,10000170390
1959,东海证券股份有限公司南京分公司,2025-05-16,1,0,4854660.0,0.0,4854660.0,ST惠程,10000583799
1960,长江证券股份有限公司上海文诚路证券营业部,2025-05-21,1,0,4842774.67,0.0,4842774.67,东方碳素,10637992
1961,开源证券股份有限公司深圳分公司,2025-05-08,1,0,4839908.0,0.0,4839908.0,拓山重工,10544200
1962,开源证券股份有限公司西安西大街证券营业部,2025-05-08,1,0,4839908.0,25092.0,4814816.0,拓山重工,10046745
1963,中信证券股份有限公司浙江分公司,2025-05-26,3,2,47490432.43,42692005.62,4798426.81,南京港 浪莎股份 凯美特气 退市锦港 中洲特材,10520724
1964,浙商证券股份有限公司深圳分公司,2025-05-22,1,0,4790871.9,,4790871.9,退市太和,10122633
1965,广发证券股份有限公司上海漕溪北路证券营业部,2025-05-30,1,0,4786926.0,,4786926.0,菲林格尔,10022061
1966,东莞证券股份有限公司四川分公司,2025-05-20,1,0,4755344.82,,4755344.82,三生国健,10477736
1967,浙商证券股份有限公司苏州苏州大道东证券营业部,2025-05-08,1,0,4726933.0,,4726933.0,*ST利达,10456415
1968,国金证券股份有限公司上海奉贤区金碧路证券营业部,2025-05-07,1,0,4709924.0,,4709924.0,退市国化,10467671
1969,摩根大通证券(中国)有限公司上海银城中路证券营业部,2025-05-26,3,2,190359184.0,185649264.0,4709920.0,ST交昂 合锻智能 肯特催化 云中马,10000100571
1970,开源证券股份有限公司云南分公司,2025-05-28,1,0,4709790.0,,4709790.0,南都物业,10583925
1971,开源证券股份有限公司西安曲江新区分公司,2025-05-28,1,0,4689101.0,,4689101.0,南都物业,10000353963
1972,长江证券股份有限公司荆州北京西路证券营业部,2025-05-28,1,0,4685547.0,,4685547.0,安通控股,10119782
1973,东亚前海证券有限责任公司上海分公司,2025-05-09,1,2,35808108.73,31132193.0,4675915.73,航天长峰 同洲电子 安乃达,10924074
1974,广发证券股份有限公司广州洛溪新城证券营业部,2025-05-09,1,0,4673200.0,0.0,4673200.0,ST加加,10043881
1975,方正证券股份有限公司杭州滨江通和路证券营业部,2025-05-20,1,1,18308265.52,13654012.78,4654252.74,亚泰集团,10139307
1976,招商证券股份有限公司长沙芙蓉中路证券营业部,2025-05-23,1,0,4706889.24,54052.52,4652836.72,宁新新材,10099002
1977,东莞证券股份有限公司揭阳分公司,2025-05-07,1,0,4637045.0,0.0,4637045.0,锦好医疗,10485002
1978,兴业证券股份有限公司金华分公司,2025-05-26,1,0,4645395.12,8488.0,4636907.12,太力科技,10664123
1979,华安证券股份有限公司六安分公司,2025-05-22,1,0,4631233.02,0.0,4631233.02,科创新材,10048329
1980,长城证券股份有限公司西安锦业路营业部,2025-05-14,2,1,35773223.94,31168930.73,4604293.21,吉林碳谷 七丰精工 志晟信息,10484324
1981,海通证券股份有限公司新余劳动南路证券营业部,2025-05-21,1,0,16604376.0,12025983.0,4578393.0,依依股份,10113920
1982,国泰海通证券股份有限公司北京通州新华西街营业部,2025-05-14,1,0,4595134.98,25289.0,4569845.98,方大新材,10145581
1983,海通证券股份有限公司济南舜华路证券营业部,2025-05-19,1,0,4561774.0,,4561774.0,安彩高科,10108361
1984,中信证券(山东)有限责任公司青岛南京路证券营业部,2025-05-28,1,0,4555775.0,,4555775.0,亚振家居,10066452
1985,招商证券股份有限公司南充滨江中路证券营业部,2025-05-12,1,0,5400229.98,848085.0,4552144.98,*ST步森,10506058
1986,国泰海通证券股份有限公司成都龙腾东路营业部,2025-05-26,1,0,5201229.0,650916.0,4550313.0,*ST岭南,10564259
1987,东吴证券股份有限公司苏州西北街二部营业部,2025-05-08,1,0,5179740.25,634963.6,4544776.65,春光智能,10028577
1988,财通证券股份有限公司丽水分公司,2025-05-23,1,0,4526760.0,,4526760.0,福华尚纬,10159701
1989,兴业证券股份有限公司厦门湖里大道证券营业部,2025-05-06,1,0,4519145.63,0.0,4519145.63,卓兆点胶,10119151
1990,国金证券股份有限公司深圳湾一号证券营业部,2025-05-27,1,0,4492538.52,,4492538.52,顺景科技,10396105
1991,国金证券股份有限公司深圳湾一号证券营业部,2025-05-23,3,2,20662377.17,16199786.82,4462590.35,*ST正平 无锡鼎邦 神雾节能 赛隆退,10396105
1992,国海证券股份有限公司南宁飞云路营业部,2025-05-29,1,0,8184699.33,3723344.8,4461354.53,新安洁,10111663
1993,东方财富证券股份有限公司拉萨东城区江苏大道证券营业部,2025-05-14,1,0,7975738.22,3515447.81,4460290.41,七丰精工,10708576
1994,方正证券股份有限公司台州解放路证券营业部,2025-05-08,1,0,4452221.0,,4452221.0,金麒麟,10028815
1995,上海证券有限责任公司苏州中心广场证券营业部,2025-05-21,1,0,4430992.0,,4430992.0,空港股份,10547746
1996,联储证券股份有限公司烟台分公司,2025-05-19,1,0,4424821.0,0.0,4424821.0,双成药业,10536229
1997,国信证券股份有限公司广州分公司,2025-05-20,1,0,7420612.0,3014298.0,4406314.0,豪恩汽电,10456782
1998,长城证券股份有限公司西安锦业路营业部,2025-05-29,1,0,4401763.82,0.0,4401763.82,路桥信息,10484324
1999,民生证券股份有限公司郑州桐柏路证券营业部,2025-05-12,1,0,7917166.0,3518673.0,4398493.0,润贝航科,10028796
2000,国泰海通证券股份有限公司深圳香蜜湖路证券营业部,2025-05-13,2,1,10549326.0,6151626.0,4397700.0,国华退 退市华嵘,10025386
2001,东方财富证券股份有限公司拉萨东城区江苏大道证券营业部,2025-05-19,2,1,23581313.11,19197723.55,4383589.56,*ST海华 双成药业 国航远洋,10708576
2002,东北证券股份有限公司四川第二分公司,2025-05-20,2,0,7116976.95,2735754.86,4381222.09,*ST中迪 保丽洁,10000383333
2003,广发证券股份有限公司上海顾北路证券营业部,2025-05-28,1,0,4375300.0,,4375300.0,安通控股,10456515
2004,招商证券股份有限公司成都人民南路证券营业部,2025-05-13,1,0,4369766.0,,4369766.0,华升股份,10030392
2005,国投证券股份有限公司绍兴延安东路证券营业部,2025-05-19,1,0,4357604.0,,4357604.0,*ST集友,10747313
2006,中信证券股份有限公司上海徐汇区漕溪北路证券营业部,2025-05-28,1,1,10484543.0,6134885.0,4349658.0,宇顺电子 晋西车轴,10131242
2007,国泰海通证券股份有限公司潍坊东风东街第一证券营业部,2025-05-08,1,0,4330040.0,,4330040.0,退市创兴,10140602
2008,招商证券股份有限公司武汉青年路证券营业部,2025-05-21,1,0,5008900.0,678989.0,4329911.0,亚太实业,10103086
2009,东方财富证券股份有限公司昌都两江大道证券营业部,2025-05-08,1,0,4317987.0,,4317987.0,迪生力,10342919
2010,开源证券股份有限公司西安西大街证券营业部,2025-05-21,1,0,4309697.0,,4309697.0,大有能源,10046745
2011,东兴证券股份有限公司三明列东街证券营业部,2025-05-08,1,0,4305443.82,0.0,4305443.82,春光智能,10117516
2012,第一创业证券股份有限公司海南分公司,2025-05-07,1,0,4472013.0,168441.0,4303572.0,兰州黄河,10657339
2013,华鑫证券有限责任公司佛山南海海五路证券营业部,2025-05-12,1,0,4292167.0,,4292167.0,联合水务,10000302200
2014,恒泰证券股份有限公司上海河南南路证券营业部,2025-05-14,1,1,21206781.2,16920000.0,4286781.2,迎丰股份 恒而达,10456489
2015,平安证券股份有限公司安徽分公司,2025-05-22,1,0,4267208.0,,4267208.0,*ST集友,10143857
2016,国融证券股份有限公司浙江分公司,2025-05-07,1,0,6520142.86,2261828.0,4258314.86,绿康生化,10915706
2017,华安证券股份有限公司六安分公司,2025-05-26,1,0,4263043.43,11103.4,4251940.03,胜业电气,10048329
2018,中邮证券有限责任公司云南分公司,2025-05-07,1,0,4249016.8,0.0,4249016.8,东易日盛,10000133802
2019,中国银河证券股份有限公司福州证券营业部,2025-05-08,1,0,4231142.3,,4231142.3,肯特催化,10030496
2020,国泰海通证券股份有限公司上海长宁区江苏路证券营业部,2025-05-23,1,0,4271270.0,50393.0,4220877.0,泰坦股份,10025080
2021,上海证券有限责任公司苏州人民路证券营业部,2025-05-21,1,0,4214528.0,,4214528.0,空港股份,10054136
2022,东方证券股份有限公司汕头长平路证券营业部,2025-05-26,1,1,12897610.6,8723247.0,4174363.6,鼎龙科技 莱绅通灵,10173185
2023,广发证券股份有限公司安徽分公司(对外营业部),2025-05-21,1,0,4173718.0,0.0,4173718.0,康力源,10098022
2024,东莞证券股份有限公司揭阳分公司,2025-05-08,1,0,4161181.57,0.0,4161181.57,春光智能,10485002
2025,甬兴证券有限公司宁波和源路证券营业部,2025-05-15,1,0,4158653.0,0.0,4158653.0,*ST万方,10000147202
2026,长江证券股份有限公司上海临港新片区证券营业部,2025-05-21,1,0,4154199.0,,4154199.0,退市华嵘,10594120
2027,海通证券股份有限公司徐州中山北路证券营业部,2025-05-12,1,0,4151783.0,0.0,4151783.0,*ST步森,10338991
2028,东方证券股份有限公司重庆金州大道证券营业部,2025-05-22,1,0,4150126.24,0.0,4150126.24,科创新材,10436792
2029,国投证券股份有限公司连云港郁州北路证券营业部,2025-05-07,1,0,4150000.0,0.0,4150000.0,东易日盛,10537512
2030,浙商证券股份有限公司杭州五星路证券营业部,2025-05-08,1,1,17725616.0,13583386.0,4142230.0,嘉事堂 狄耐克,10949092
2031,中信建投证券股份有限公司成都南一环路证券营业部,2025-05-12,1,0,4133140.0,0.0,4133140.0,*ST步森,10028734
2032,国泰海通证券股份有限公司成都双庆路证券营业部,2025-05-13,1,0,4129020.0,,4129020.0,苏州龙杰,10025380
2033,国信证券股份有限公司深圳互联网分公司,2025-05-28,1,0,8207093.36,4079791.81,4127301.55,瑞奇智造,10136477
2034,国新证券股份有限公司长沙韶山路证券营业部,2025-05-12,1,0,4123124.0,,4123124.0,联合水务,10143353
2035,中信证券股份有限公司杭州凤起路证券营业部,2025-05-06,1,0,4118469.72,,4118469.72,天微电子,10046604
2036,东方证券股份有限公司常熟李闸路证券营业部,2025-05-12,1,0,4117378.61,,4117378.61,中国瑞林,10663857
2037,东方财富证券股份有限公司拉萨金融城南环路证券营业部,2025-05-06,9,9,170872769.65,166756944.06,4115825.59,渝三峡A 华银电力 倍益康 茂业商业 青岛金王 美心翼申 安记食品 岩山科技 交投生态 鸿博股份 步步高 *ST英飞 红墙股份 中欣氟材 天元股份,10678762
2038,平安证券股份有限公司银川凤凰北街证券营业部,2025-05-19,1,0,4955983.0,846788.0,4109195.0,泰禾股份,10174511
2039,中国银河证券股份有限公司昆山萧林路证券营业部,2025-05-30,1,0,4284253.23,183339.91,4100913.32,胜业电气,10678766
2040,海通证券股份有限公司广州东风西路证券营业部,2025-05-29,1,1,10503882.15,6409403.01,4094479.14,绿能慧充,10023380
2041,海通证券股份有限公司广州东风西路营业部,2025-05-29,1,1,10503882.15,6409403.01,4094479.14,瑞奇智造,10023380
2042,中国银河证券股份有限公司青田龙津路证券营业部,2025-05-27,1,0,4094027.51,,4094027.51,顺景科技,10133779
2043,平安证券股份有限公司深圳金融科技证券分公司,2025-05-15,1,0,4076330.0,,4076330.0,肯特催化,10000297999
2044,国泰海通证券股份有限公司深圳香蜜湖路证券营业部,2025-05-12,2,1,12050121.0,7976329.0,4073792.0,返利科技 南华生物 贤丰控股,10025386
2045,华鑫证券有限责任公司上海陆家嘴证券营业部,2025-05-21,1,0,4071288.0,,4071288.0,宝光股份,10000055316
2046,华泰证券股份有限公司郑州经三路证券营业部,2025-05-12,1,0,4085818.75,15101.44,4070717.31,华光源海,10081598
2047,国信证券股份有限公司厦门湖滨北路证券营业部,2025-05-09,1,0,4252915.76,192481.9,4060433.86,芭薇股份,10086712
2048,平安证券股份有限公司东莞石竹路证券营业部,2025-05-06,1,0,4080000.0,21420.0,4058580.0,新能股份,10977846
2049,申港证券股份有限公司申港证券上海古北路营业部,2025-05-29,1,0,4056727.62,0.0,4056727.62,路桥信息,10641236
2050,招商证券股份有限公司郑州北龙湖证券营业部,2025-05-28,1,0,4055298.0,0.0,4055298.0,宇顺电子,10993262
2051,长城证券股份有限公司前海分公司,2025-05-08,1,0,4048546.29,,4048546.29,*ST利达,10473812
2052,银泰证券有限责任公司无锡兴源北路证券营业部,2025-05-06,1,0,4047774.89,0.0,4047774.89,九菱科技,10118663
2053,招商证券交易单元(052300),2025-05-12,1,0,4216219.0,170097.0,4046122.0,皮阿诺,10003194
2054,中信建投证券股份有限公司北京东城分公司,2025-05-28,1,0,4566253.64,522953.61,4043300.03,胜业电气,10048194
2055,国信证券股份有限公司深圳互联网分公司,2025-05-21,2,0,10570776.38,6538682.35,4032094.03,胜业电气 武汉蓝电,10136477
2056,中国国际金融股份有限公司北京建国门外大街证券营业部,2025-05-07,1,0,4019363.41,,4019363.41,正和生态,10050414
2057,中国中金财富证券有限公司广州海珠广场证券营业部,2025-05-27,1,0,4006840.92,0.0,4006840.92,保丽洁,10046671
2058,中国银河证券股份有限公司北京翠林路证券营业部,2025-05-30,1,0,4002380.01,0.0,4002380.01,胜业电气,10984266
2059,中国银河证券股份有限公司荆门证券营业部,2025-05-30,1,0,3988137.11,0.0,3988137.11,胜业电气,10023516
2060,五矿证券有限公司深圳滨海大道证券营业部,2025-05-28,1,0,3977437.72,,3977437.72,中科微至,10537368
2061,世纪证券有限责任公司东莞鸿福路证券营业部,2025-05-12,1,0,3983071.0,10686.0,3972385.0,贤丰控股,10187838
2062,海通证券股份有限公司深圳分公司华富路证券营业部,2025-05-29,1,1,10516041.0,6546725.89,3969315.11,ST信通 永冠新材,10030213
2063,招商证券股份有限公司深圳深南中路证券营业部,2025-05-06,1,0,3964224.5,0.0,3964224.5,卓兆点胶,10128380
2064,国投证券股份有限公司柳州晨华路证券营业部,2025-05-20,1,0,3960054.0,0.0,3960054.0,佳合科技,10537523
2065,海通证券股份有限公司广州东风西路营业部,2025-05-09,1,0,4828703.63,870099.37,3958604.26,芭薇股份,10023380
2066,兴业证券股份有限公司武汉徐东大街证券营业部,2025-05-07,1,0,3957846.92,0.0,3957846.92,锦好医疗,10561571
2067,联储证券股份有限公司上海松林路证券营业部,2025-05-28,2,2,109307621.25,105355992.76,3951628.49,莱绅通灵 中超控股 金龙羽,10516788
2068,招商证券股份有限公司龙口港城大道证券营业部,2025-05-12,1,0,3951191.0,,3951191.0,宜宾纸业,10507635
2069,东北证券股份有限公司南京溧水双塘南路证券营业部,2025-05-09,1,0,3947160.0,,3947160.0,迎丰股份,10000186631
2070,中国中金财富证券有限公司广州分公司,2025-05-07,1,0,3943700.68,0.0,3943700.68,锦好医疗,10031840
2071,华泰证券股份有限公司深圳彩田路证券营业部,2025-05-09,1,0,3942000.0,0.0,3942000.0,宇顺电子,10021775
2072,中国中金财富证券有限公司广州番禺东兴路证券营业部,2025-05-08,1,0,3933936.0,,3933936.0,退市熊猫,10174528
2073,国信证券股份有限公司河南分公司,2025-05-12,1,0,3928284.01,,3928284.01,天微电子,10456788
2074,长江证券股份有限公司上海黄兴路证券营业部,2025-05-21,1,0,4289729.6,370433.46,3919296.14,胜业电气,10123440
2075,浙商证券股份有限公司象山靖南大街证券营业部,2025-05-30,1,0,3910636.0,,3910636.0,正和生态,10140802
2076,中国中金财富证券有限公司广州体育东路证券营业部,2025-05-21,1,0,5328099.0,1434556.0,3893543.0,亚太实业,10023649
2077,中原证券股份有限公司黄河金三角示范区分公司,2025-05-09,1,0,3880680.0,0.0,3880680.0,宇顺电子,10484147
2078,中泰证券股份有限公司江苏分公司,2025-05-12,1,0,3870279.59,,3870279.59,天微电子,10495585
2079,平安证券股份有限公司深圳蛇口招商路招商大厦证券营业部,2025-05-26,1,0,3862689.0,,3862689.0,浪莎股份,10145970
2080,兴业证券股份有限公司济南泺源大街证券营业部,2025-05-07,1,0,3853500.0,3266.3,3850233.7,锦好医疗,10040859
2081,华鑫证券有限责任公司上海分公司,2025-05-12,1,0,3849877.0,,3849877.0,ST东尼,10274545
2082,中泰证券股份有限公司威海海滨北路证券营业部,2025-05-21,1,0,3847949.6,0.0,3847949.6,胜业电气,10065510
2083,华鑫证券有限责任公司上海云锦路证券营业部,2025-05-27,1,1,17252928.0,13416367.26,3836560.74,科捷智能,10048457
2084,中信证券(山东)有限责任公司临沂金雀山路证券营业部,2025-05-12,1,0,3814684.0,,3814684.0,宜宾纸业,10141406
2085,海通证券股份有限公司北京中关村南大街证券营业部,2025-05-21,1,1,47985762.33,44172500.72,3813261.61,集泰股份,10025071
2086,中国银河证券股份有限公司北京珠市口大街证券营业部,2025-05-30,1,0,3808459.49,0.0,3808459.49,峆一药业,10023592
2087,国泰海通证券股份有限公司临沂沂蒙路证券营业部,2025-05-12,1,0,3806257.0,,3806257.0,宜宾纸业,10148549
2088,国泰海通证券股份有限公司广东东莞体育路营业部,2025-05-12,1,1,11163622.86,7361438.0,3802184.86,七丰精工,10098746
2089,国泰海通证券股份有限公司东莞体育路证券营业部,2025-05-12,1,1,11163622.86,7361438.0,3802184.86,润贝航科,10098746
2090,中信证券股份有限公司芜湖北京路证券营业部,2025-05-23,1,0,3801180.0,0.0,3801180.0,泰坦股份,10339052
2091,东吴证券股份有限公司上海西藏南路证券营业部,2025-05-12,1,0,5126987.45,1337732.05,3789255.4,华光源海,10143030
2092,天风证券股份有限公司杭州教工路证券营业部,2025-05-13,1,0,3757810.1,,3757810.1,华升股份,10456542
2093,平安证券股份有限公司上海分公司,2025-05-27,1,0,4247105.61,501223.0,3745882.61,保丽洁,10048192
2094,中泰证券股份有限公司深圳科苑南路证券营业部,2025-05-22,1,0,3726402.0,,3726402.0,廊坊发展,10921344
2095,兴业证券股份有限公司福州分公司,2025-05-07,1,0,3708870.0,0.0,3708870.0,ST惠程,10915660
2096,华鑫证券有限责任公司江苏分公司,2025-05-14,1,0,3699630.0,,3699630.0,宁波海运,10442978
2097,华鑫证券有限责任公司广州分公司,2025-05-22,1,0,3690326.0,,3690326.0,廊坊发展,10000268534
2098,东方财富证券股份有限公司山南香曲东路证券营业部,2025-05-29,1,0,4410637.27,727569.69,3683067.58,路桥信息,10281327
2099,中国银河证券股份有限公司北京珠市口大街证券营业部,2025-05-16,1,0,3671842.03,4680.0,3667162.03,万德股份,10023592
2100,财通证券股份有限公司深圳凤凰大道证券营业部,2025-05-07,1,0,3666358.0,0.0,3666358.0,赛隆退,10933334
2101,华鑫证券有限责任公司上海莘庄证券营业部,2025-05-21,1,0,3664551.0,0.0,3664551.0,滨海能源,10048295
2102,东吴证券股份有限公司苏州工业园区苏州大道东证券营业部,2025-05-30,1,0,3631489.0,0.0,3631489.0,胜业电气,10046828
2103,华西证券股份有限公司深圳民田路证券营业部,2025-05-30,1,0,3622471.0,,3622471.0,领先股份,10078200
2104,国泰海通证券股份有限公司杭州延安路证券营业部,2025-05-15,1,0,3620334.0,,3620334.0,肯特催化,10093902
2105,华西证券股份有限公司成都高升桥路证券营业部,2025-05-21,1,0,3618668.0,,3618668.0,退市岩石,10028632
2106,光大证券股份有限公司苏州苏惠路证券营业部,2025-05-09,1,0,3613500.0,0.0,3613500.0,宇顺电子,10118980
2107,东兴证券股份有限公司北京北四环中路证券营业部,2025-05-12,1,0,3611357.0,,3611357.0,南方路机,10117902
2108,国泰海通证券股份有限公司新余中山路证券营业部,2025-05-09,1,0,3608832.0,,3608832.0,中毅达,10564222
2109,长江证券股份有限公司长沙金星中路证券营业部,2025-05-29,1,0,5801166.4,2202132.72,3599033.68,新安洁,10719946
2110,东吴证券股份有限公司苏州工业园区苏州大道东证券营业部,2025-05-27,1,0,3609687.26,44831.6,3564855.66,海森药业,10046828
2111,华泰证券股份有限公司北京东三环北路证券营业部,2025-05-16,1,1,9816996.0,6257893.0,3559103.0,迎丰股份 恒鑫生活,10079640
2112,东亚前海证券有限责任公司深圳福华三路证券营业部,2025-05-06,1,1,7056731.0,3498570.0,3558161.0,松发股份,10000761245
2113,东海证券股份有限公司威海东海路证券营业部,2025-05-07,1,1,5881167.0,2326483.0,3554684.0,*ST和科,10000508735
2114,国泰海通证券股份有限公司浙江绍兴崇贤街营业部,2025-05-30,1,0,3551861.93,0.0,3551861.93,峆一药业,10025061
2115,华鑫证券有限责任公司上海光复路证券营业部,2025-05-21,2,1,29781238.0,26233095.0,3548143.0,宝光股份 南京港 金龙羽,10993987
2116,国信证券股份有限公司浙江互联网分公司,2025-05-06,3,3,36823591.07,33276861.5,3546729.57,东贝集团 步步高 双成药业 *ST岭南 红墙股份,10000213448
2117,国泰海通证券股份有限公司深圳香蜜湖路证券营业部,2025-05-07,3,1,11599036.05,8054314.08,3544721.97,荣丰控股 *ST四通 兰州黄河 赛隆退,10025386
2118,中信证券华南股份有限公司广州东风东路证券营业部,2025-05-28,1,0,3540868.16,,3540868.16,中科微至,10588620
2119,国信证券股份有限公司上海张杨路证券营业部,2025-05-16,1,0,3527426.2,0.0,3527426.2,荣丰控股,10147192
2120,长江证券股份有限公司广东分公司,2025-05-09,1,0,3549314.0,33700.0,3515614.0,升达林业,10484955
2121,中信证券股份有限公司平湖建国北路证券营业部,2025-05-26,1,0,3509956.0,13153.0,3496803.0,陕天然气,10191240
2122,华泰证券股份有限公司上海武定路证券营业部,2025-05-08,2,1,29189944.0,25696081.75,3493862.25,退市熊猫 中广天择 *ST利达,10098087
2123,东北证券股份有限公司南京溧水双塘南路证券营业部,2025-05-21,1,0,3481765.0,,3481765.0,宝光股份,10000186631
2124,平安证券股份有限公司深圳深南东路罗湖商务中心证券营业部,2025-05-23,1,0,3675029.0,200891.0,3474138.0,鸿铭股份,10143566
2125,中国中金财富证券有限公司岳阳金鹗中路证券营业部,2025-05-15,1,0,3469727.0,,3469727.0,ST百利,10517827
2126,国盛证券有限责任公司青岛分公司,2025-05-19,1,0,3468284.0,0.0,3468284.0,*ST和科,10456644
2127,中信证券股份有限公司北京北三环中路证券营业部,2025-05-08,1,0,3467764.0,,3467764.0,立航科技,10045008
2128,长城证券股份有限公司广州昌岗中路证券营业部,2025-05-09,1,0,5279714.0,1825000.0,3454714.0,升达林业,10456183
2129,华泰证券股份有限公司上海徐汇区天钥桥路证券营业部,2025-05-15,1,0,3444530.0,,3444530.0,ST百利,10028564
2130,国投证券股份有限公司盐城世纪大道证券营业部,2025-05-09,1,0,3440997.0,0.0,3440997.0,宇顺电子,10564239
2131,中信建投证券股份有限公司广州珠江新城证券营业部,2025-05-28,1,0,3935681.22,496204.2,3439477.02,胜业电气,10537531
2132,国信证券股份有限公司河南分公司,2025-05-28,1,0,3437720.0,,3437720.0,ST海钦,10456788
2133,国投证券股份有限公司深圳安信金融大厦证券营业部,2025-05-06,1,0,11690160.0,8267715.0,3422445.0,宏景科技,10131677
2134,东方财富证券股份有限公司拉萨东城区江苏大道证券营业部,2025-05-07,1,0,4519558.19,1102979.15,3416579.04,华阳变速,10708576
2135,世纪证券有限责任公司湖南分公司,2025-05-06,1,0,4406188.14,1000959.35,3405228.79,春光智能,10040838
2136,长江证券股份有限公司深圳福华路证券营业部,2025-05-21,1,0,3396891.0,,3396891.0,*ST尔雅,10133333
2137,高盛(中国)证券有限责任公司上海浦东新区世纪大道证券营业部,2025-05-26,11,6,226201214.0,222806406.33,3394807.67,ST交昂 大西洋 合锻智能 肯特催化 云中马 天元智能 京华激光 雪龙集团 正和生态 中邮科技 汉邦科技,10000399618
2138,中国银河证券股份有限公司合肥祁门路证券营业部,2025-05-28,1,0,3394416.8,0.0,3394416.8,宇顺电子,10140856
2139,中泰证券股份有限公司深圳分公司,2025-05-22,1,0,3361202.0,,3361202.0,廊坊发展,10484895
2140,财通证券股份有限公司徐州中山北路证券营业部,2025-05-21,1,1,6702558.0,3347748.0,3354810.0,川大智胜,10000000417
2141,东亚前海证券有限责任公司上海分公司,2025-05-26,1,0,3329302.0,,3329302.0,云中马,10924074
2142,东方财富证券股份有限公司山南香曲东路证券营业部,2025-05-27,1,1,22174962.22,18847954.05,3327008.17,瑞奇智造 滨海能源,10281327
2143,财通证券股份有限公司衢州龙游人民路证券营业部,2025-05-21,1,0,3323583.0,,3323583.0,退市华嵘,10435857
2144,中泰证券股份有限公司江苏分公司,2025-05-14,1,0,3319888.0,,3319888.0,*ST三房,10495585
2145,中信建投证券股份有限公司北京朝外大街证券营业部,2025-05-07,1,0,3310750.0,0.0,3310750.0,东易日盛,10526803
2146,第一创业证券股份有限公司海南分公司,2025-05-28,1,0,3309255.0,,3309255.0,艾艾精工,10657339
2147,华泰证券股份有限公司上海普陀区江宁路证券营业部,2025-05-21,1,0,4037930.0,736033.0,3301897.0,*ST南置,10079785
2148,中泰证券股份有限公司江苏分公司,2025-05-15,1,0,3299460.0,,3299460.0,大有能源,10495585
2149,申万宏源证券有限公司北京紫竹院路证券营业部,2025-05-16,1,0,3298369.0,,3298369.0,*ST集友,10179931
2150,东方财富证券股份有限公司山南香曲东路证券营业部,2025-05-20,2,1,24306607.87,21033592.69,3273015.18,五新智能 *ST中迪 豪恩汽电,10281327
2151,华金证券股份有限公司上海宁夏路证券营业部,2025-05-21,1,0,3269411.0,,3269411.0,退市华嵘,10435948
2152,国信证券股份有限公司浙江互联网分公司,2025-05-09,3,2,60817232.0,57571511.51,3245720.49,茂业商业 红宝丽 *ST岭南,10000213448
2153,光大证券股份有限公司北京总部基地证券营业部,2025-05-16,1,0,3454645.0,239292.0,3215353.0,荣丰控股,10637135
2154,中信证券股份有限公司苏州分公司,2025-05-08,1,0,3215000.0,,3215000.0,亚振家居,10045040
2155,华创证券有限责任公司北京西直门证券营业部,2025-05-08,1,0,3215000.0,,3215000.0,亚振家居,10516826
2156,华安证券股份有限公司平顶山凌云路证券营业部,2025-05-23,1,0,3193313.5,0.0,3193313.5,鸿铭股份,10583950
2157,东吴证券股份有限公司上海西藏南路证券营业部,2025-05-09,1,0,4568234.0,1387686.0,3180548.0,众捷汽车,10143030
2158,海通证券股份有限公司齐齐哈尔卜奎大街证券营业部,2025-05-21,1,0,3156921.0,,3156921.0,圣晖集成,10102848
2159,开源证券股份有限公司浙江分公司,2025-05-27,1,0,3150283.5,,3150283.5,汇金通,10000346792
2160,国金证券股份有限公司深圳湾一号证券营业部,2025-05-28,2,2,24497630.59,21380408.33,3117222.26,*ST正平 瑞奇智造 保丽洁,10396105
2161,国泰海通证券股份有限公司深圳红荔西路证券营业部,2025-05-06,1,0,3111328.12,,3111328.12,天微电子,10046632
2162,国信证券股份有限公司深圳金田路证券营业部,2025-05-12,1,0,4299685.0,1194042.0,3105643.0,皮阿诺,10000228195
2163,中邮证券有限责任公司郴州证券营业部,2025-05-20,1,0,4684583.0,1584074.0,3100509.0,*ST中迪,10000043665
2164,平安证券股份有限公司深圳深南东路罗湖商务中心证券营业部,2025-05-19,1,0,5248372.06,2156427.46,3091944.6,华光源海,10143566
2165,民生证券股份有限公司郑州郑汴路证券营业部,2025-05-14,1,0,3089210.0,5400.0,3083810.0,*ST岭南,10159575
2166,中信证券华南股份有限公司中山分公司,2025-05-09,1,0,3048800.0,,3048800.0,中毅达,10052121
2167,东方证券股份有限公司上海浦东新区源深路证券营业部,2025-05-16,1,1,10795194.5,7751400.0,3043794.5,ST新华锦 *ST集友,10023739
2168,广发证券股份有限公司温州瓯江路证券营业部,2025-05-16,1,0,3032440.0,,3032440.0,*ST集友,10065996
2169,中国银河证券股份有限公司如皋健康路证券营业部,2025-05-26,1,0,3023901.0,,3023901.0,汇得科技,10499350
2170,华鑫证券有限责任公司绍兴胜利东路证券营业部,2025-05-28,1,1,6497820.0,3476193.0,3021627.0,正和生态 广康生化,10000170384
2171,华泰证券股份有限公司深圳深南大道基金大厦证券营业部,2025-05-07,1,0,3018650.8,,3018650.8,*ST四通,10149531
2172,东方证券股份有限公司上海浦东新区北门大街证券营业部,2025-05-12,1,0,3009245.0,0.0,3009245.0,皮阿诺,10484162
2173,开源证券股份有限公司西安阎良人民路证券营业部,2025-05-08,1,0,2999808.0,,2999808.0,联德股份,10657382
2174,中信建投证券股份有限公司上海营口路证券营业部,2025-05-23,1,0,3033175.82,36239.98,2996935.84,无锡鼎邦,10028716
2175,海通证券股份有限公司汕头中山中路证券营业部,2025-05-20,1,1,26643054.0,23649533.04,2993520.96,百合股份 安乃达,10040292
2176,中信证券股份有限公司浙江分公司,2025-05-14,1,1,18018208.4,15034119.0,2984089.4,华纺股份 国芳集团,10520724
2177,中国银河证券股份有限公司义乌稠州北路证券营业部,2025-05-23,1,0,2968832.53,18512.0,2950320.53,无锡鼎邦,10143145
2178,上海证券有限责任公司宁波北仑新大路证券营业部,2025-05-12,1,0,2939202.01,,2939202.01,天微电子,10000004537
2179,联储证券股份有限公司苏州华池街时代广场证券营业部,2025-05-07,0,1,6531498.0,3595320.0,2936178.0,中超控股,10516787
2180,中信证券股份有限公司福州振武路证券营业部,2025-05-07,1,0,2959600.0,33300.0,2926300.0,亚太实业,10152035
2181,世纪证券有限责任公司深圳罗湖分公司,2025-05-21,1,0,2924838.0,0.0,2924838.0,滨海能源,10000926098
2182,恒泰证券股份有限公司沈阳奉天街证券营业部,2025-05-21,2,1,9406199.0,6482629.0,2923570.0,国华退 神雾节能 绿康生化,10054782
2183,国信证券股份有限公司深圳互联网分公司,2025-05-15,1,0,11022890.33,8112071.62,2910818.71,华光源海,10136477
2184,中泰证券股份有限公司西安锦业路证券营业部,2025-05-09,1,0,2903220.0,,2903220.0,迎丰股份,10000152152
2185,中信建投证券股份有限公司长沙市芙蓉中路证券营业部,2025-05-06,1,1,9399684.0,6512708.0,2886976.0,迪生力,10021915
2186,东吴证券股份有限公司苏州永昌泾大道证券营业部,2025-05-13,1,0,2884050.0,,2884050.0,苏州龙杰,10467654
2187,中信证券股份有限公司苏州分公司,2025-05-07,1,1,5885000.0,3006341.3,2878658.7,*ST和科 赛隆退,10045040
2188,国元证券股份有限公司杭州密渡桥路证券营业部,2025-05-09,1,0,4156163.27,1289932.0,2866231.27,ST加加,10104070
2189,平安证券股份有限公司银川凤凰北街证券营业部,2025-05-21,1,0,3792320.0,946663.0,2845657.0,绿康生化,10174511
2190,中国银河证券股份有限公司北京中关村大街证券营业部,2025-05-12,2,1,37529923.0,34685396.52,2844526.48,跨境通 华电辽能 晨曦航空,10115140
2191,国海证券股份有限公司梧州吉祥路证券营业部,2025-05-16,1,0,2838137.0,,2838137.0,*ST集友,10133479
2192,世纪证券有限责任公司深圳深南分公司,2025-05-21,1,0,2804056.0,,2804056.0,*ST尔雅,10021996
2193,中航证券有限公司南昌广场南路证券营业部,2025-05-22,1,0,2800428.0,,2800428.0,汇得科技,10021985
2194,瑞银证券有限责任公司上海浦东新区花园石桥路第二证券营业部,2025-05-08,4,4,92283758.64,89486189.48,2797569.16,华电辽能 新坐标 天和磁材 肯特催化 中广天择 嵘泰股份,10342152
2195,中信证券股份有限公司宁海气象北路证券营业部,2025-05-09,1,0,2796901.0,,2796901.0,ST海钦,10509016
2196,华泰证券股份有限公司深圳深南大道证券营业部,2025-05-08,1,0,2791621.0,,2791621.0,退市创兴,10206039
2197,长城证券股份有限公司潮州枫春路证券营业部,2025-05-23,1,0,2787792.0,0.0,2787792.0,神雾节能,10456203
2198,国信证券股份有限公司深圳互联网分公司,2025-05-07,1,1,7365827.12,4578623.47,2787203.65,华阳变速 广道退,10136477
2199,中泰证券股份有限公司广东分公司,2025-05-07,1,0,3055364.0,274357.0,2781007.0,亚太实业,10000000258
2200,广发证券股份有限公司苏州分公司(对外营业部),2025-05-07,1,0,2778080.0,,2778080.0,艾艾精工,10424414
2201,浙商证券股份有限公司三门南山路证券营业部,2025-05-20,1,0,2769716.88,0.0,2769716.88,普利退,10140798
2202,瑞银证券有限责任公司上海花园石桥路证券营业部,2025-05-09,1,0,2765687.0,,2765687.0,ST海钦,10110478
2203,东亚前海证券有限责任公司四川分公司,2025-05-21,1,1,11481464.0,8719248.2,2762215.8,中衡设计 莱绅通灵,10000242108
2204,中信建投证券股份有限公司上海营口路证券营业部,2025-05-27,1,0,2984786.04,224448.89,2760337.15,中科美菱,10028716
2205,中信证券股份有限公司长兴明珠路证券营业部,2025-05-06,1,0,2729984.0,,2729984.0,天微电子,10140897
2206,光大证券股份有限公司东莞南城鸿福路证券营业部,2025-05-09,1,0,2723200.0,,2723200.0,中毅达,10046595
2207,上海证券有限责任公司宁波北仑新大路证券营业部,2025-05-26,1,0,4318643.8,1605443.97,2713199.83,胜业电气,10000004537
2208,中泰证券股份有限公司宁波分公司,2025-05-15,1,0,2698941.0,,2698941.0,ST百利,10425720
2209,国泰海通证券股份有限公司深圳香蜜湖路营业部,2025-05-27,1,0,2984573.1,289871.65,2694701.45,中科美菱,10025386
2210,东北证券股份有限公司长春建设街证券营业部,2025-05-23,1,0,2693582.0,0.0,2693582.0,神雾节能,10023677
2211,国金证券股份有限公司上海互联网证券分公司,2025-05-15,1,0,3200793.0,519158.0,2681635.0,*ST万方,10074763
2212,国联民生证券股份有限公司广州华夏路证券营业部,2025-05-21,1,0,2681350.0,,2681350.0,圣晖集成,10059372
2213,国元证券股份有限公司涡阳紫光大道证券营业部,2025-05-13,1,1,16805473.0,14130365.0,2675108.0,德力股份,10737550
2214,财通证券股份有限公司绍兴袍江袍中北路证券营业部,2025-05-06,1,1,18653344.0,15985236.5,2668107.5,茂业商业 永安药业,10456250
2215,国投证券股份有限公司深圳宝安海秀路证券营业部,2025-05-22,1,0,2645238.0,,2645238.0,拱东医疗,10114593
2216,东北证券股份有限公司宁波江安路证券营业部,2025-05-12,1,0,2637000.0,5805.0,2631195.0,豪尔赛,10131282
2217,中国银河证券股份有限公司北京珠市口大街证券营业部,2025-05-23,1,1,4329442.0,1709206.0,2620236.0,ST金鸿 神雾节能,10023592
2218,中邮证券有限责任公司郴州证券营业部,2025-05-23,1,0,2668303.0,50250.0,2618053.0,ST金鸿,10000043665
2219,东方财富证券股份有限公司山南香曲东路证券营业部,2025-05-26,1,1,13018053.04,10439407.45,2578645.59,瑞奇智造 通达电气,10281327
2220,东方财富证券股份有限公司山南香曲东路证券营业部,2025-05-14,2,1,22258054.76,19691991.04,2566063.72,长久物流 华光源海 *ST宝馨,10281327
2221,东方财富证券股份有限公司拉萨东城区江苏大道证券营业部,2025-05-09,1,0,4297308.0,1732281.5,2565026.5,众捷汽车,10708576
2222,中信证券股份有限公司苏州分公司,2025-05-06,1,0,2562833.74,,2562833.74,天微电子,10045040
2223,瑞银证券有限责任公司上海花园石桥路证券营业部,2025-05-07,1,0,2542070.0,,2542070.0,*ST四通,10110478
2224,浙商证券股份有限公司苏州苏州大道东证券营业部,2025-05-23,1,1,12797786.81,10259760.0,2538026.81,中哲精化,10456415
2225,东方证券股份有限公司张家港东环路证券营业部,2025-05-29,1,1,9828350.0,7300750.0,2527600.0,福华尚纬 侨银股份,10702252
2226,国信证券股份有限公司佛山分公司,2025-05-21,1,0,4242071.0,1716705.0,2525366.0,亚太实业,10046442
2227,上海证券有限责任公司苏州中心广场证券营业部,2025-05-14,1,0,8059172.5,5536196.79,2522975.71,天工股份,10547746
2228,东海证券股份有限公司泉州丰泽街证券营业部,2025-05-30,1,1,8506106.0,6004293.0,2501813.0,*ST华西,10384545
2229,国盛证券有限责任公司宁波桑田路证券营业部,2025-05-27,1,0,2520894.0,22022.0,2498872.0,恒久退,10456710
2230,申万宏源证券有限公司上海浦东新区成山路证券营业部,2025-05-14,1,0,2465830.0,0.0,2465830.0,*ST岭南,10119212
2231,国泰海通证券股份有限公司广西南宁民族大道营业部,2025-05-19,1,0,7385729.63,4919914.66,2465814.97,天工股份,10163378
2232,华泰证券股份有限公司上海浦东新区世纪大道证券营业部,2025-05-16,1,0,3403596.0,969227.0,2434369.0,ST惠程,10441054
2233,财通证券股份有限公司台州临海杜桥滨海西路证券营业部,2025-05-12,1,0,2426390.4,,2426390.4,龙蟠科技,10713850
2234,华西证券股份有限公司济南分公司,2025-05-13,1,0,2416127.0,,2416127.0,退市华嵘,10000044760
2235,国泰海通证券股份有限公司深圳金田路证券营业部,2025-05-08,1,0,2410002.0,,2410002.0,联德股份,10025385
2236,东方证券股份有限公司上海嘉定区曹安公路证券营业部,2025-05-14,1,0,2369857.0,,2369857.0,雅运股份,10331991
2237,国金证券股份有限公司成都温江区柳城商业新街证券营业部,2025-05-27,1,0,2364642.0,,2364642.0,汇金通,10147650
2238,平安证券股份有限公司温州市府路证券营业部,2025-05-21,1,0,2360000.0,,2360000.0,圣晖集成,10000039714
2239,东方财富证券股份有限公司拉萨团结路第二证券营业部,2025-05-06,15,8,96263782.36,93909318.56,2354463.8,华阳新材 永安药业 卓兆点胶 *ST英飞 倍益康 华电辽能 红墙股份 天元股份 九菱科技 华银电力 东贝集团 广道退 *ST动力 ST创意 春光智能 *ST新元 美心翼申 中洲特材 光大同创,10495103
2240,广发证券股份有限公司上海高科东路证券营业部,2025-05-19,1,0,2344844.0,0.0,2344844.0,普利退,10456514
2241,中信建投证券股份有限公司北京朝阳分公司,2025-05-23,1,0,2345276.0,11676.0,2333600.0,神雾节能,10021813
2242,平安证券股份有限公司银川凤凰北街证券营业部,2025-05-12,1,0,3353718.0,1037255.0,2316463.0,皮阿诺,10174511
2243,中国中金财富证券有限公司广州分公司,2025-05-28,1,0,2310225.71,0.0,2310225.71,保丽洁,10031840
2244,国泰海通证券股份有限公司泸州星光路证券营业部,2025-05-06,1,0,2343128.0,33434.0,2309694.0,*ST动力,10145356
2245,华泰证券股份有限公司北京月坛南街证券营业部,2025-05-06,1,0,2289084.0,29312.0,2259772.0,*ST动力,10072922
2246,华鑫证券有限责任公司上海景东路营业部,2025-05-14,1,0,7295871.13,5042521.01,2253350.12,七丰精工,10048299
2247,申万宏源证券有限公司乐清伯乐东路证券营业部,2025-05-12,1,0,2250894.8,0.0,2250894.8,普利转退 普利退,10944802
2248,湘财证券股份有限公司长沙湘府中路证券营业部,2025-05-21,1,0,2222775.0,0.0,2222775.0,赛隆退,10000268224
2249,东海证券股份有限公司泉州丰泽街证券营业部,2025-05-21,1,1,6860735.0,4639275.0,2221460.0,*ST南置 *ST岭南,10384545
2250,万和证券股份有限公司华南分公司,2025-05-21,1,0,2200738.0,0.0,2200738.0,赛隆退,10000272093
2251,中国中金财富证券有限公司太原晋祠路证券营业部,2025-05-06,1,0,2149871.15,0.0,2149871.15,广道退,10030332
2252,中信证券(山东)有限责任公司淄博分公司,2025-05-22,1,1,13324952.6,11175544.0,2149408.6,莱绅通灵,10492356
2253,东方证券股份有限公司厦门仙岳路证券营业部,2025-05-30,1,0,7576784.0,5435206.0,2141578.0,*ST华西,10492163
2254,长江证券股份有限公司武汉新华路证券营业部,2025-05-19,1,0,2127312.0,0.0,2127312.0,恒久退,10025412
2255,华泰证券股份有限公司郑州如意西路证券营业部,2025-05-29,1,0,2115137.0,,2115137.0,*ST四通,10133760
2256,摩根大通证券(中国)有限公司上海银城中路证券营业部,2025-05-08,2,2,24224912.0,22111558.6,2113353.4,华电辽能 立航科技 磁谷科技,10000100571
2257,平安证券股份有限公司深圳分公司,2025-05-21,1,1,32886539.0,30775667.15,2110871.85,一品红 中毅达,10048273
2258,国元证券股份有限公司绍兴金柯桥大道证券营业部,2025-05-22,1,0,3981066.0,1879042.5,2102023.5,ST加加,10180994
2259,甬兴证券有限公司天津解放北路证券营业部,2025-05-28,1,1,38082275.0,35986870.0,2095405.0,尤夫股份 金龙羽,10000565545
2260,国元证券股份有限公司深圳深圳湾证券营业部,2025-05-28,1,0,2155127.0,78000.0,2077127.0,荣丰控股,10026914
2261,中信证券股份有限公司温岭万昌中路证券营业部,2025-05-28,1,0,2074890.0,,2074890.0,ST海钦,10030290
2262,东亚前海证券有限责任公司上海分公司,2025-05-15,1,0,2066544.0,,2066544.0,大有能源,10924074
2263,中国银河证券股份有限公司台州银座北街证券营业部,2025-05-06,1,0,2087633.58,31587.0,2056046.58,广道退,10023545
2264,东方财富证券股份有限公司山南香曲东路证券营业部,2025-05-16,1,0,7644092.76,5595718.32,2048374.44,天工股份,10281327
2265,华源证券股份有限公司江苏分公司,2025-05-23,2,1,19551516.0,17503582.32,2047933.68,福华尚纬 南京港 升达林业,10484864
2266,国金证券股份有限公司上海静安区南京西路证券营业部,2025-05-27,1,0,8269912.4,6223265.6,2046646.8,天元宠物,10342130
2267,联储证券股份有限公司宁波分公司,2025-05-21,2,1,12265851.83,10230000.0,2035851.83,滨海能源 郑中设计 赛隆退,10915756
2268,信达证券股份有限公司北京东长安街证券营业部,2025-05-29,1,0,2026668.0,,2026668.0,*ST四通,10124806
2269,国泰海通证券股份有限公司深圳香蜜湖路营业部,2025-05-23,1,0,2904567.6,887001.13,2017566.47,无锡鼎邦,10025386
2270,中泰证券股份有限公司湖南分公司,2025-05-13,1,0,1989204.0,,1989204.0,退市创兴,10506947
2271,东方证券股份有限公司张家港东环路证券营业部,2025-05-30,1,2,24611235.44,22628855.49,1982379.95,科捷智能 劲旅环境 侨银股份,10702252
2272,国盛证券有限责任公司北京分公司,2025-05-13,1,0,1976468.0,,1976468.0,退市创兴,10485048
2273,财通证券股份有限公司杭州上塘路证券营业部,2025-05-06,1,0,1964727.7,0.0,1964727.7,广道退,10063083
2274,国信证券股份有限公司深圳红岭中路证券营业部,2025-05-26,2,2,13179911.81,11219879.5,1960032.31,胜业电气 辰光医疗 中科美菱,10045166
2275,中国中金财富证券有限公司上海徐汇区淮海中路证券营业部,2025-05-22,1,0,1937472.0,,1937472.0,科新发展,10099131
2276,国金证券股份有限公司上海静安区南京西路证券营业部,2025-05-22,1,0,4964449.0,3034135.0,1930314.0,ST加加,10342130
2277,中信证券股份有限公司杭州凤起路证券营业部,2025-05-20,1,1,28457432.0,26534303.0,1923129.0,铁流股份 通达股份,10046604
2278,东亚前海证券有限责任公司上海分公司,2025-05-20,1,1,17444859.0,15526510.02,1918348.98,*ST九鼎 湖南发展,10924074
2279,中信建投证券股份有限公司广州中山三路证券营业部,2025-05-22,1,0,2847095.0,945742.84,1901352.16,武汉蓝电,10396945
2280,申港证券股份有限公司四川分公司,2025-05-13,1,0,1900450.0,,1900450.0,退市创兴,10915779
2281,兴业证券股份有限公司湖北分公司,2025-05-12,1,0,1896160.0,,1896160.0,龙蟠科技,10484737
2282,国联民生证券股份有限公司上海分公司,2025-05-13,1,0,1893863.0,,1893863.0,退市创兴,10485046
2283,中泰证券股份有限公司宁波分公司,2025-05-28,1,0,3898827.0,2009628.0,1889199.0,荣丰控股,10425720
2284,申万宏源证券有限公司金华八一北街证券营业部,2025-05-28,1,0,1965664.66,126217.99,1839446.67,保丽洁,10112351
2285,申万宏源证券有限公司深圳上步中路证券营业部,2025-05-06,1,0,1832000.0,0.0,1832000.0,*ST动力,10026956
2286,国信证券股份有限公司漳州水仙大街证券营业部,2025-05-14,1,0,1830633.0,0.0,1830633.0,宇顺电子,10437006
2287,国元证券股份有限公司深圳益田路证券营业部,2025-05-09,1,0,1830464.0,,1830464.0,中毅达,10786295
2288,中信证券股份有限公司杭州凤起路证券营业部,2025-05-22,1,1,22792972.0,20974061.0,1818911.0,丽人丽妆 南京港,10046604
2289,招商证券股份有限公司厦门湖滨东路证券营业部,2025-05-12,1,0,1815520.0,,1815520.0,龙蟠科技,10339367
2290,金元证券股份有限公司烟台迎春大街证券营业部,2025-05-07,1,0,1794000.0,0.0,1794000.0,普利转退 普利退,10467707
2291,湘财证券股份有限公司南京水西门大街证券营业部,2025-05-28,1,0,1788986.0,,1788986.0,ST海钦,10000351821
2292,天风证券股份有限公司上海浦东分公司,2025-05-28,1,0,18276360.0,16491401.0,1784959.0,广聚能源,10944812
2293,中信建投证券股份有限公司南昌井冈山大道证券营业部,2025-05-21,1,0,2268361.0,484950.0,1783411.0,神雾节能,10021824
2294,中信建投证券股份有限公司南昌北京东路证券营业部,2025-05-29,1,1,7676000.0,5908811.79,1767188.21,新安洁 路桥信息,10131328
2295,广发证券股份有限公司广州中山三路中华广场证券营业部,2025-05-07,2,1,4953105.0,3198231.0,1754874.0,荣丰控股 *ST起步,10022059
2296,国泰海通证券股份有限公司深圳香蜜湖路营业部,2025-05-20,1,0,3543462.73,1801302.86,1742159.87,保丽洁,10025386
2297,华源证券股份有限公司江苏分公司,2025-05-07,3,1,14776918.0,13043373.14,1733544.86,东易日盛 *ST春天 *ST和科 茂业商业,10484864
2298,华泰证券股份有限公司总部,2025-05-20,2,2,36610494.0,34880367.5,1730126.5,宜宾纸业 百合股份 铁流股份,10028451
2299,平安证券股份有限公司云南分公司,2025-05-21,1,0,2198438.0,471799.0,1726639.0,神雾节能,10927557
2300,长江证券股份有限公司武汉光谷大道证券营业部,2025-05-06,1,0,1715993.69,0.0,1715993.69,广道退,10003297
2301,招商证券股份有限公司北京中关村南大街证券营业部,2025-05-07,1,0,1715720.0,,1715720.0,原尚股份,10506043
2302,国金证券股份有限公司都江堰都江大道证券营业部,2025-05-21,1,0,1714916.0,8810.0,1706106.0,赛隆退,10111671
2303,中信证券股份有限公司东阳吴宁西路证券营业部,2025-05-22,2,1,34081073.0,32387766.0,1693307.0,重庆港 宝光股份,10124373
2304,联储证券股份有限公司台州黄岩西街证券营业部,2025-05-07,1,0,1690505.07,,1690505.07,原尚股份,10997833
2305,招商证券股份有限公司上海江苏路证券营业部,2025-05-08,1,0,1675000.0,,1675000.0,*ST元成,10128358
2306,中国银河证券股份有限公司温岭中华路证券营业部,2025-05-08,1,0,1670920.0,,1670920.0,*ST元成,10671740
2307,招商证券股份有限公司上海长柳路证券营业部,2025-05-26,1,0,1667722.97,,1667722.97,退市锦港,10509025
2308,中信建投证券股份有限公司北京东城分公司,2025-05-12,1,0,6298871.93,4644852.69,1654019.24,成电光信,10048194
2309,深股通专用,2025-05-14,3,4,167181911.8,165529202.46,1652709.34,万向钱潮 锦龙股份 利君股份 中集环科,10634757
2310,平安证券股份有限公司天津分公司,2025-05-22,1,0,1634943.0,0.0,1634943.0,渤海股份,10030167
2311,国金证券股份有限公司宁波江澄南路证券营业部,2025-05-07,1,0,1634769.0,,1634769.0,退市沪科,10000125619
2312,诚通证券股份有限公司北京望京证券营业部,2025-05-07,1,0,1599360.0,,1599360.0,退市沪科,10283670
2313,国泰海通证券股份有限公司成都龙腾东路营业部,2025-05-23,1,0,3237696.0,1648382.0,1589314.0,神雾节能,10564259
2314,国盛证券有限责任公司上饶玉山人民大道证券营业部,2025-05-22,1,0,1558521.0,0.0,1558521.0,渤海股份,10147205
2315,恒泰证券股份有限公司沈阳奉天街证券营业部,2025-05-16,2,1,9136428.0,7586280.0,1550148.0,亚振家居 荣丰控股 ST惠程,10054782
2316,华泰证券股份有限公司沈阳大西路证券营业部,2025-05-14,1,0,1545896.0,0.0,1545896.0,宇顺电子,10145021
2317,恒泰证券股份有限公司上海古北路证券营业部,2025-05-07,1,0,1537500.0,0.0,1537500.0,普利退,10507224
2318,广发证券股份有限公司汕头潮南峡山证券营业部,2025-05-22,1,0,1517058.0,0.0,1517058.0,渤海股份,10429201
2319,中国银河证券股份有限公司深圳深业上城证券营业部,2025-05-07,1,0,1514402.0,,1514402.0,原尚股份,10025294
2320,国投证券股份有限公司重庆洪湖东路证券营业部,2025-05-06,1,0,1514000.0,0.0,1514000.0,国华退,10103559
2321,东吴证券股份有限公司杭州环城北路证券营业部,2025-05-27,1,0,1505427.0,,1505427.0,汇金通,10102484
2322,国投证券股份有限公司深圳龙华大道证券营业部,2025-05-28,1,0,2207468.07,705792.38,1501675.69,保丽洁,10484154
2323,湘财证券股份有限公司上海浦明路证券营业部,2025-05-23,1,0,1490952.0,0.0,1490952.0,ST金鸿,10702679
2324,万联证券股份有限公司衡阳证券营业部,2025-05-06,1,0,1488500.0,0.0,1488500.0,*ST动力,10022085
2325,万和证券股份有限公司华南分公司,2025-05-14,1,0,1456022.0,0.0,1456022.0,宇顺电子,10000272093
2326,国金证券股份有限公司深圳湾一号证券营业部,2025-05-15,1,1,11098046.8,9666427.0,1431619.8,星光股份,10396105
2327,广发证券股份有限公司南京汉中路证券营业部,2025-05-09,1,0,7995197.0,6589547.0,1405650.0,炼石航空,10046692
2328,中信建投证券股份有限公司南昌北京东路证券营业部,2025-05-08,1,0,1387000.0,,1387000.0,*ST沐邦,10131328
2329,东北证券股份有限公司四川第二分公司,2025-05-08,1,0,1378000.0,0.0,1378000.0,普利退,10000383333
2330,兴业证券股份有限公司晋江泉安路营业部,2025-05-15,1,1,26954369.57,25589601.73,1364767.84,芭薇股份,10152210
2331,海通证券股份有限公司深圳红岭北路证券营业部,2025-05-06,1,0,1325000.0,,1325000.0,*ST精伦,10026852
2332,国泰海通证券股份有限公司贵阳中华中路证券营业部,2025-05-08,1,0,1320985.6,,1320985.6,*ST元成,10093401
2333,中国银河证券股份有限公司南京江宁金箔路证券营业部,2025-05-21,1,0,2644173.0,1325505.0,1318668.0,神雾节能,10436738
2334,国金证券股份有限公司成都高新区交子大道证券营业部,2025-05-06,1,0,1293276.0,0.0,1293276.0,普利转退 普利退,10666739
2335,国信证券股份有限公司深圳红岭中路证券营业部,2025-05-06,1,0,3593071.35,2317264.33,1275807.02,美心翼申,10045166
2336,华泰证券股份有限公司永嘉阳光大道证券营业部,2025-05-07,1,0,1270528.0,,1270528.0,*ST起步,10166020
2337,海通证券股份有限公司保定东风东路证券营业部,2025-05-06,1,0,1270066.0,0.0,1270066.0,永安药业,10338989
2338,西南证券股份有限公司重庆第二分公司,2025-05-07,1,0,1279764.0,22800.0,1256964.0,ST惠程,10023631
2339,国信证券股份有限公司北京分公司,2025-05-22,1,2,17227832.34,16037521.01,1190311.33,晟楠科技 鸿铭股份 华研精机,10122926
2340,长江证券股份有限公司枣庄青檀中路证券营业部,2025-05-07,1,0,1189503.0,0.0,1189503.0,ST惠程,10637843
2341,兴业证券股份有限公司南昌洪城路证券营业部,2025-05-22,1,0,1174785.0,0.0,1174785.0,渤海股份,10146953
2342,国信证券股份有限公司上海中江路证券营业部,2025-05-13,1,0,3054164.3,1885474.6,1168689.7,卓兆点胶,10522962
2343,东吴证券股份有限公司哈尔滨创新路证券营业部,2025-05-07,1,0,2672015.78,1507430.0,1164585.78,广道退,10511626
2344,中泰证券股份有限公司潍坊东风西街证券营业部,2025-05-06,1,0,1162000.0,0.0,1162000.0,永安药业,10113634
2345,中信证券股份有限公司杭州新天地证券营业部,2025-05-06,2,0,1156105.0,0.0,1156105.0,星光股份 *ST精伦,10133941
2346,广发证券股份有限公司海口龙昆北路证券营业部,2025-05-06,1,0,1136000.0,0.0,1136000.0,普利退,10081622
2347,华泰证券股份有限公司上海浦东新区世纪大道证券营业部,2025-05-07,1,0,1135000.0,4560.0,1130440.0,ST惠程,10441054
2348,招商证券股份有限公司上海牡丹江路证券营业部,2025-05-26,1,0,1120684.0,,1120684.0,退市锦港,10176549
2349,平安证券股份有限公司银川凤凰北街证券营业部,2025-05-26,1,0,1117328.0,,1117328.0,退市锦港,10174511
2350,中国中金财富证券有限公司广州天河路证券营业部,2025-05-22,1,0,1115461.0,,1115461.0,汇得科技,10023646
2351,上海证券有限责任公司宁波北仑新大路证券营业部,2025-05-06,1,1,7125184.81,6023198.93,1101985.88,倍益康 慧为智能,10000004537
2352,海通证券股份有限公司南京常府街证券营业部,2025-05-22,1,0,1095924.0,0.0,1095924.0,渤海股份,10023381
2353,中国国际金融股份有限公司上海分公司,2025-05-21,3,3,72811563.75,71723069.02,1088494.73,宁波海运 京基智农 中邮科技 通达股份 贝因美 天元宠物,10088113
2354,万联证券股份有限公司广州寺右新马路证券营业部,2025-05-13,1,0,1240960.0,168830.0,1072130.0,普利退,10176542
2355,海通证券股份有限公司深圳高新园证券营业部,2025-05-19,1,0,1057320.0,0.0,1057320.0,*ST和科,10456358
2356,国联民生证券股份有限公司无锡梁清路证券营业部,2025-05-07,1,0,1052532.0,0.0,1052532.0,*ST步森,10023904
2357,国金证券股份有限公司成都高新区交子大道证券营业部,2025-05-07,1,0,1036500.0,0.0,1036500.0,普利转退 普利退,10666739
2358,中信建投证券股份有限公司佛山季华西路证券营业部,2025-05-19,1,0,1035680.0,0.0,1035680.0,*ST和科,10048127
2359,中泰证券股份有限公司宁波分公司,2025-05-23,1,0,1820014.0,784922.0,1035092.0,ST金鸿,10425720
2360,国信证券股份有限公司深圳互联网分公司,2025-05-09,1,2,9384996.33,8366116.92,1018879.41,德力股份 晟楠科技 莱赛激光,10136477
2361,中航证券有限公司上海漕溪北路证券营业部,2025-05-16,1,0,1006220.0,0.0,1006220.0,普利退,10046803
2362,国投证券股份有限公司揭阳分公司,2025-05-06,1,0,1003968.0,0.0,1003968.0,永安药业,10103900
2363,广发证券股份有限公司上海高科东路证券营业部,2025-05-06,1,0,999754.0,0.0,999754.0,普利退,10456514
2364,中信证券股份有限公司上海浦东新区联洋证券营业部,2025-05-14,1,0,999184.0,0.0,999184.0,宇顺电子,10119244
2365,华林证券股份有限公司四川分公司,2025-05-15,1,1,6032504.96,5047250.31,985254.65,纳尔股份 肯特催化,10000354002
2366,方正证券股份有限公司深圳怡景路证券营业部,2025-05-09,1,0,977335.0,0.0,977335.0,*ST华西,10117525
2367,华泰证券股份有限公司镇江丹徒谷阳中大道证券营业部,2025-05-06,1,0,960765.0,,960765.0,逸飞激光,10338937
2368,长城证券股份有限公司苏州东吴北路证券营业部,2025-05-06,1,0,957600.0,,957600.0,*ST精伦,10057261
2369,中国中金财富证券有限公司深圳爱国路证券营业部,2025-05-09,1,0,3102088.0,2159116.0,942972.0,德力股份,10030338
2370,恒泰证券股份有限公司上海古北路证券营业部,2025-05-08,1,0,941000.0,0.0,941000.0,普利转退 普利退,10507224
2371,华鑫证券有限责任公司西安科技路证券营业部,2025-05-07,1,0,936435.0,,936435.0,*ST春天,10030387
2372,国信证券股份有限公司厦门金钟路证券营业部,2025-05-07,1,0,935936.0,,935936.0,*ST起步,10426413
2373,华泰证券股份有限公司成都蜀金路证券营业部,2025-05-14,1,1,8018976.0,7088256.0,930720.0,宁波海运,10175321
2374,中泰证券股份有限公司章丘双山北路证券营业部,2025-05-15,1,0,922240.0,0.0,922240.0,普利退,10135464
2375,申万宏源证券有限公司长沙湘江中路证券营业部,2025-05-08,1,0,916128.0,0.0,916128.0,普利退,10103998
2376,广发证券股份有限公司上海高科东路证券营业部,2025-05-08,1,0,913303.0,0.0,913303.0,普利退,10456514
2377,方正证券股份有限公司乌鲁木齐黄河路证券营业部,2025-05-21,1,0,910429.0,0.0,910429.0,普利退,10051003
2378,平安证券股份有限公司深圳龙华人民路证券营业部,2025-05-13,1,0,908594.0,0.0,908594.0,普利退,10000186636
2379,中泰证券股份有限公司北京大望路证券营业部,2025-05-13,1,1,10099488.0,9194007.9,905480.1,宏工科技 宁波海运,10940111
2380,中信建投证券股份有限公司北京鸿翼分公司,2025-05-26,1,0,905016.0,,905016.0,退市锦港,10000093785
2381,国元证券股份有限公司合肥宿州路证券营业部,2025-05-06,1,0,900073.0,0.0,900073.0,国华退,10026916
2382,国新证券股份有限公司广州珠江东路证券营业部,2025-05-07,1,0,899000.0,,899000.0,*ST春天,10145335
2383,国元证券股份有限公司淮南朝阳西路证券营业部,2025-05-07,1,0,869240.0,,869240.0,*ST春天,10769964
2384,国盛证券有限责任公司青岛分公司,2025-05-07,0,1,3803789.0,2942500.0,861289.0,*ST和科,10456644
2385,东海证券股份有限公司南京洪武北路证券营业部,2025-05-07,1,0,977002.0,118400.0,858602.0,*ST步森,10098655
2386,华福证券有限责任公司厦门分公司,2025-05-09,1,0,9896430.2,9052189.0,844241.2,同洲电子,10494414
2387,国信证券股份有限公司惠州分公司,2025-05-06,1,0,835000.0,0.0,835000.0,星光股份,10448123
2388,诚通证券股份有限公司石家庄联盟路证券营业部,2025-05-06,1,0,814723.65,,814723.65,逸飞激光,10135187
2389,国投证券股份有限公司厦门民族路证券营业部,2025-05-21,1,0,4716222.0,3945153.0,771069.0,*ST岭南,10436147
2390,广发证券股份有限公司上海高科东路证券营业部,2025-05-07,1,0,761640.16,0.0,761640.16,普利退,10456514
2391,光大证券股份有限公司东莞厚街证券营业部,2025-05-09,1,0,761000.0,0.0,761000.0,普利退,10147195
2392,国投证券股份有限公司宁波分公司,2025-05-06,1,0,760500.0,,760500.0,逸飞激光,10488979
2393,联储证券股份有限公司浙江分公司,2025-05-23,1,1,39384626.0,38641928.36,742697.64,中哲精化 安纳达,10638001
2394,申万宏源证券有限公司乐清伯乐东路证券营业部,2025-05-14,1,0,833897.0,98000.0,735897.0,普利转退 普利退,10944802
2395,中泰证券股份有限公司宁波分公司,2025-05-09,1,1,3548250.0,2815149.0,733101.0,顺景科技,10425720
2396,爱建证券有限责任公司上海江宁路证券营业部,2025-05-07,1,0,731992.86,,731992.86,*ST春天,10508940
2397,国泰海通证券股份有限公司总部,2025-05-07,7,9,79334385.44,78606334.67,728050.77,华纺股份 退市国化 湖南天雁 合锻智能 南方路机 *ST东珠 金麒麟 春光科技 原尚股份 *ST四通 正和生态 纬德信息,10004865
2398,中信证券股份有限公司宁海气象北路证券营业部,2025-05-20,1,0,715000.0,0.0,715000.0,普利退,10509016
2399,申万宏源证券有限公司乐清伯乐东路证券营业部,2025-05-09,1,0,748663.0,38000.0,710663.0,普利退,10944802
2400,中泰证券股份有限公司沂水长安中路证券营业部,2025-05-06,1,0,699927.0,0.0,699927.0,四环生物,10193208
2401,财信证券股份有限公司长沙湘府路证券营业部,2025-05-14,1,0,699432.0,0.0,699432.0,宇顺电子,10000139558
2402,中国银河证券股份有限公司湖州证券营业部,2025-05-06,1,0,698309.76,,698309.76,ST帕瓦,10030473
2403,东方财富证券股份有限公司上海徐汇区云锦路证券营业部,2025-05-06,1,0,692552.0,0.0,692552.0,永安药业,10663558
2404,招商证券股份有限公司深圳福民路证券营业部,2025-05-21,1,0,691933.4,0.0,691933.4,普利退,10046529
2405,国泰海通证券股份有限公司成都龙腾东路营业部,2025-05-21,1,1,4599961.0,3923287.0,676674.0,*ST南置,10564259
2406,招商证券股份有限公司深圳益田路免税商务大厦证券营业部,2025-05-26,1,0,667533.32,,667533.32,海科B,10081709
2407,平安证券股份有限公司深圳深南东路罗湖商务中心证券营业部,2025-05-07,1,1,7659338.69,6996304.68,663034.01,通易航天 众捷汽车,10143566
2408,华鑫证券有限责任公司上海茅台路证券营业部,2025-05-12,1,1,9935355.0,9278578.0,656777.0,百达精工 ST东尼,10028419
2409,华安证券股份有限公司巢湖市巢湖路证券营业部,2025-05-14,1,0,656412.0,0.0,656412.0,普利退,10027029
2410,国投证券股份有限公司梅州丰顺证券营业部,2025-05-07,1,0,655545.0,,655545.0,艾艾精工,10143727
2411,申万宏源证券有限公司乐清伯乐东路证券营业部,2025-05-13,1,1,1315077.0,660643.0,654434.0,普利转退 普利退,10944802
2412,中原证券股份有限公司郑州互联网分公司,2025-05-07,1,0,699890.0,45954.0,653936.0,普利退,10918742
2413,长江证券股份有限公司厦门鹭江道证券营业部,2025-05-21,1,0,645339.0,0.0,645339.0,普利退,10021881
2414,华宝证券股份有限公司上海东大名路证券营业部,2025-05-20,1,1,22410141.0,21773297.04,636843.96,潮宏基 雪榕转债,10456831
2415,方正证券股份有限公司长沙星沙开元东路证券营业部,2025-05-14,1,1,21885697.71,21267323.48,618374.23,华光源海,10159808
2416,平安证券股份有限公司芜湖黄山中路证券营业部,2025-05-07,1,1,1633833.0,1018080.0,615753.0,退市沪科,10338764
2417,中航证券有限公司上海漕溪北路证券营业部,2025-05-19,1,0,612258.0,0.0,612258.0,普利退,10046803
2418,国信证券股份有限公司杭州市心中路证券营业部,2025-05-14,1,0,611520.0,270.0,611250.0,普利退,10040644
2419,中国中金财富证券有限公司广州科学大道证券营业部,2025-05-12,1,0,609224.0,0.0,609224.0,普利退,10199680
2420,光大证券股份有限公司泰州东进路证券营业部,2025-05-16,1,0,568649.0,0.0,568649.0,普利退,10960566
2421,湘财证券股份有限公司乌鲁木齐克拉玛伊东路证券营业部,2025-05-06,1,0,553000.0,0.0,553000.0,四环生物,10025143
2422,万联证券股份有限公司广州寺右新马路证券营业部,2025-05-06,1,0,549272.0,0.0,549272.0,普利退,10176542
2423,长城证券股份有限公司苏州东吴北路证券营业部,2025-05-28,1,1,5304319.78,4764597.0,539722.78,返利科技 *ST精伦,10057261
2424,东吴证券股份有限公司上海西藏南路证券营业部,2025-05-06,1,0,649478.0,110231.0,539247.0,普利退,10143030
2425,申万宏源证券有限公司长沙湘江中路证券营业部,2025-05-13,1,0,1080400.0,546000.0,534400.0,普利退,10103998
2426,中银国际证券股份有限公司南京洪武北路证券营业部,2025-05-15,1,0,528000.0,0.0,528000.0,普利退,10071020
2427,广发证券股份有限公司上海高科东路证券营业部,2025-05-20,1,0,699380.0,178000.0,521380.0,普利退,10456514
2428,东方财富证券股份有限公司昌都两江大道证券营业部,2025-05-12,1,1,855332.0,339724.0,515608.0,普利退,10342919
2429,华西证券股份有限公司四川互联网证券分公司,2025-05-21,1,0,10224232.0,9714092.0,510140.0,*ST威领,10000213427
2430,申万宏源证券有限公司上海静安区延长中路证券营业部,2025-05-07,1,0,502632.0,,502632.0,艾艾精工,10048530
2431,中信证券股份有限公司常州分公司,2025-05-06,1,0,485181.0,0.0,485181.0,立方退,10026911
2432,申万宏源证券有限公司温州分公司,2025-05-06,1,0,482209.0,2391.0,479818.0,国华退,10488931
2433,申万宏源证券有限公司乐清伯乐东路证券营业部,2025-05-08,1,0,882125.0,411666.76,470458.24,普利退,10944802
2434,联储证券股份有限公司宁波分公司,2025-05-06,1,1,7849052.0,7383085.0,465967.0,交投生态,10915756
2435,国泰海通证券股份有限公司宜昌沿江大道证券营业部,2025-05-12,2,1,53635418.14,53182772.0,452646.14,南方精工 晨曦航空 昆船智能,10026729
2436,财通证券股份有限公司杭州文一西路证券营业部,2025-05-06,1,0,451230.0,,451230.0,逸飞激光,10657336
2437,中国银河证券股份有限公司郑州陇海路证券营业部,2025-05-06,1,0,445998.0,0.0,445998.0,*ST岭南,10023536
2438,海通证券股份有限公司泰州鼓楼南路证券营业部,2025-05-15,1,0,433445.0,0.0,433445.0,普利退,10135512
2439,浙商证券股份有限公司台州环城东路证券营业部,2025-05-16,1,0,427127.6,0.0,427127.6,普利退,10021967
2440,中信证券股份有限公司杭州环城北路证券营业部,2025-05-08,1,0,426600.0,,426600.0,*ST沐邦,10132924
2441,华鑫证券有限责任公司西安解放路证券营业部,2025-05-16,1,0,422100.0,0.0,422100.0,普利退,10028645
2442,广发证券股份有限公司湛江乐金路证券营业部,2025-05-06,1,0,397317.84,,397317.84,ST帕瓦,10028444
2443,东亚前海证券有限责任公司浙江分公司,2025-05-06,2,1,17999947.0,17614257.84,385689.16,天元股份 华阳新材 华纺股份,10000011376
2444,广发证券股份有限公司承德裕华路证券营业部,2025-05-09,1,0,382121.0,0.0,382121.0,*ST岭南,10499320
2445,华泰证券股份有限公司北京苏州街证券营业部,2025-05-08,1,0,379206.0,,379206.0,*ST沐邦,10098021
2446,国泰海通证券股份有限公司四川绵阳剑南路营业部,2025-05-22,1,0,6548558.0,6170375.6,378182.4,宁新新材,10705812
2447,万联证券股份有限公司广州寺右新马路证券营业部,2025-05-09,1,0,372400.0,0.0,372400.0,普利退,10176542
2448,国金证券股份有限公司上海奉贤区金碧路证券营业部,2025-05-12,1,0,372324.0,77.0,372247.0,普利退,10467671
2449,东亚前海证券有限责任公司浙江分公司,2025-05-21,1,1,7474057.0,7105321.75,368735.25,中衡设计 圣晖集成,10000011376
2450,广发证券股份有限公司杭州富春路证券营业部,2025-05-27,1,1,38582990.0,38230697.0,352293.0,英联股份,10106408
2451,国金证券股份有限公司成都双楠路证券营业部,2025-05-06,1,0,335500.0,0.0,335500.0,*ST华西,10025246
2452,申万宏源证券有限公司北京安定路证券营业部,2025-05-06,1,0,334000.0,0.0,334000.0,星光股份,10025452
2453,中信证券股份有限公司台州分公司,2025-05-08,1,0,331326.0,,331326.0,*ST沐邦,10145019
2454,中泰证券股份有限公司淄博青年路证券营业部,2025-05-30,1,0,319737.1,0.0,319737.1,深深房B,10109082
2455,海通证券股份有限公司深圳分公司华富路营业部,2025-05-07,1,0,1856444.87,1538192.03,318252.84,广道退,10030213
2456,平安证券股份有限公司深圳香蜜湖证券营业部,2025-05-30,1,0,318216.82,0.0,318216.82,深深房B,10512175
2457,方正证券股份有限公司长沙星沙开元东路证券营业部,2025-05-13,1,1,8184992.29,7870763.1,314229.19,华光源海,10159808
2458,中信证券股份有限公司温州府东路证券营业部,2025-05-09,1,0,312995.0,0.0,312995.0,*ST华西,10421348
2459,国投证券股份有限公司汕头红领巾路证券营业部,2025-05-09,1,0,311000.0,0.0,311000.0,*ST华西,10123221
2460,招商证券股份有限公司郑州商务外环路证券营业部,2025-05-06,1,0,309613.0,0.0,309613.0,国华退,10124341
2461,国泰海通证券股份有限公司上海杨浦区四平路证券营业部,2025-05-07,1,0,307611.0,,307611.0,艾艾精工,10023412
2462,海通证券股份有限公司鹤岗东解放路证券营业部,2025-05-08,1,0,306900.0,,306900.0,退市锦港,10048446
2463,华林证券股份有限公司江门台山证券营业部,2025-05-08,1,0,296178.0,,296178.0,退市锦港,10331771
2464,中信证券股份有限公司杭州文居街证券营业部,2025-05-06,1,0,294220.0,0.0,294220.0,星光股份,10146341
2465,华泰证券股份有限公司无锡解放西路证券营业部,2025-05-06,1,0,289254.0,0.0,289254.0,立方退,10021777
2466,中国银河证券股份有限公司上海长宁区镇宁路证券营业部,2025-05-09,1,0,284733.0,,284733.0,中毅达B,10030486
2467,华林证券股份有限公司西藏分公司,2025-05-08,1,0,283952.0,,283952.0,退市锦港,10502387
2468,国联民生证券股份有限公司北京分公司,2025-05-19,1,1,41347849.0,41067142.0,280707.0,中欣氟材 中洲特材,10485044
2469,中国银河证券股份有限公司广州中山二路证券营业部,2025-05-06,1,0,275200.0,0.0,275200.0,*ST华西,10031771
2470,长江证券股份有限公司台州市府大道证券营业部,2025-05-09,1,1,15117666.0,14846835.0,270831.0,春光科技,10176509
2471,中信建投证券股份有限公司北京京南分公司,2025-05-06,1,0,258508.0,0.0,258508.0,星光股份,10126190
2472,长江证券股份有限公司上海天钥桥路证券营业部,2025-05-30,1,0,250315.62,0.0,250315.62,深深房B,10028413
2473,中信证券股份有限公司杭州新天地证券营业部,2025-05-09,1,0,250160.0,0.0,250160.0,*ST华西,10133941
2474,兴业证券股份有限公司长乐西洋中路证券营业部,2025-05-06,1,0,248080.0,,248080.0,ST帕瓦,10140807
2475,海通证券股份有限公司鞍山二道街证券营业部,2025-05-06,1,0,246000.0,0.0,246000.0,*ST岭南,10023387
2476,国联民生证券股份有限公司无锡县前东街证券营业部,2025-05-06,1,0,246000.0,0.0,246000.0,*ST岭南,10046721
2477,国投证券股份有限公司临安万马路证券营业部,2025-05-06,1,0,232875.0,0.0,232875.0,立方退,10583927
2478,海通证券股份有限公司杭州富春路证券营业部,2025-05-26,2,1,248481.1,16320.0,232161.1,海科B 汇丽B 退市锦B,10030180
2479,广发证券股份有限公司湖南分公司(对外营业部),2025-05-06,1,0,227200.0,0.0,227200.0,四环生物,10141818
2480,平安证券股份有限公司河南分公司,2025-05-07,1,0,222968.0,,222968.0,艾艾精工,10174512
2481,东北证券股份有限公司四川第二分公司,2025-05-19,0,1,847458.0,629068.0,218390.0,*ST和科,10000383333
2482,万联证券股份有限公司广州寺右新马路证券营业部,2025-05-12,1,0,377300.0,177100.0,200200.0,普利退,10176542
2483,招商证券股份有限公司丹东金桥证券营业部,2025-05-08,1,0,198000.0,,198000.0,退市锦港,10682547
2484,东方证券股份有限公司常熟李闸路证券营业部,2025-05-16,1,1,9425036.0,9227281.0,197755.0,豪恩汽电 丽人丽妆,10663857
2485,东方财富证券股份有限公司拉萨达孜区虎峰大道证券营业部,2025-05-08,1,0,196115.0,,196115.0,退市锦港,10708575
2486,方正证券股份有限公司长沙黄兴中路证券营业部,2025-05-06,1,0,188363.0,0.0,188363.0,立方退,10117770
2487,招商证券股份有限公司深圳壹海城证券营业部,2025-05-30,1,0,186280.14,0.0,186280.14,深深房B,10046534
2488,国泰海通证券股份有限公司长沙芙蓉中路证券营业部,2025-05-06,1,0,183393.0,0.0,183393.0,立方退,10148538
2489,东方证券股份有限公司厦门仙岳路证券营业部,2025-05-12,3,4,54035710.76,53854312.12,181398.64,亚太实业 返利科技 华纺股份 中国瑞林 *ST正平,10492163
2490,东方证券股份有限公司厦门仙岳路营业部,2025-05-12,3,4,54035710.76,53854312.12,181398.64,七丰精工,10492163
2491,中信证券股份有限公司杭州金城路证券营业部,2025-05-06,1,0,179680.0,,179680.0,*ST精伦,10028548
2492,平安证券股份有限公司深圳深南大道证券营业部,2025-05-06,1,0,177620.0,0.0,177620.0,双成药业,10146911
2493,华泰证券股份有限公司广州珠江西路证券营业部,2025-05-06,1,0,177200.0,,177200.0,ST帕瓦,10194296
2494,中银国际证券股份有限公司上海欧阳路证券营业部,2025-05-22,1,0,158501.0,,158501.0,汇丽B,10047162
2495,中信建投证券股份有限公司上海华灵路证券营业部,2025-05-12,1,1,9328852.68,9175879.32,152973.36,成电光信,10021794
2496,平安证券股份有限公司上海静安分公司,2025-05-06,1,0,144990.0,0.0,144990.0,双成药业,10000282111
2497,方正证券股份有限公司宁波江澄北路证券营业部,2025-05-21,1,1,4301508.98,4162904.0,138604.98,退市岩石,10094949
2498,海通证券股份有限公司福州五一北路证券营业部,2025-05-06,1,0,138470.0,0.0,138470.0,双成药业,10030191
2499,华西证券股份有限公司上海杨树浦路证券营业部,2025-05-09,1,0,132184.8,,132184.8,中毅达B,10030373
2500,恒泰证券股份有限公司上海海伦路证券营业部,2025-05-06,1,0,129520.0,0.0,129520.0,双成药业,10046628
2501,华泰证券股份有限公司宜昌西陵一路证券营业部,2025-05-06,1,0,126800.0,0.0,126800.0,双成药业,10118643
2502,华泰证券股份有限公司苏州何山路证券营业部,2025-05-20,1,0,108116.5,,108116.5,天雁B股,10098281
2503,东方财富证券股份有限公司拉萨金融城南环路证券营业部,2025-05-21,22,18,441684312.22,441580755.89,103556.33,退市苏吴 胜业电气 渝三峡A *ST华幸 东方碳素 南京港 灵鸽科技 华纺股份 乐山电力 信隆健康 宁波海运 宁新新材 安纳达 连云港 红宝丽 宁波远洋 肯特催化 成飞集成 通达股份 苏州龙杰 利君股份 拱东医疗 *ST岭南 王子新材 红墙股份 路畅科技 集泰股份 领湃科技 天元宠物,10678762
2504,光大证券股份有限公司上海徐汇区东安路证券营业部,2025-05-22,1,0,98397.55,,98397.55,汇丽B,10021734
2505,东方财富证券股份有限公司昌都两江大道证券营业部,2025-05-27,1,2,36419188.75,36323165.13,96023.62,王子新材 恒久退 红墙股份,10342919
2506,湘财证券股份有限公司绍兴平江路证券营业部,2025-05-07,1,0,90898.0,0.0,90898.0,声迅股份,10000302211
2507,海通证券股份有限公司杭州富春路证券营业部,2025-05-28,1,0,90468.2,,90468.2,汇丽B,10030180
2508,海通证券股份有限公司嵊州高杨路证券营业部,2025-05-22,1,0,81334.6,,81334.6,汇丽B,10108377
2509,海通证券股份有限公司杭州富春路证券营业部,2025-05-23,1,0,80779.3,,80779.3,汇丽B,10030180
2510,华泰证券股份有限公司苏州何山路证券营业部,2025-05-26,1,1,123299.7,47970.98,75328.72,汇丽B,10098281
2511,申万宏源证券有限公司上海黄浦区新昌路证券营业部,2025-05-28,1,0,73777.4,,73777.4,汇丽B,10048531
2512,招商证券股份有限公司北京海淀大街证券营业部,2025-05-07,1,0,73097.0,,73097.0,ST葫芦娃,10028687
2513,东莞证券股份有限公司湖北分公司,2025-05-07,1,0,67790.0,,67790.0,ST葫芦娃,10682464
2514,海通证券股份有限公司杭州富春路证券营业部,2025-05-29,1,0,67780.2,,67780.2,汇丽B,10030180
2515,海通证券股份有限公司上海静安区北京西路证券营业部,2025-05-26,1,0,66712.0,,66712.0,汇丽B,10048465
2516,海通证券股份有限公司上海静安区北京西路证券营业部,2025-05-23,1,0,63566.0,,63566.0,汇丽B,10048465
2517,华鑫证券有限责任公司上海宛平南路证券营业部,2025-05-06,2,1,29080486.0,29023826.0,56660.0,华电辽能 中欣氟材 莱绅通灵,10028416
2518,光大证券股份有限公司宁波甬江大道证券营业部,2025-05-27,1,0,56175.94,,56175.94,*ST凌云B,10106213
2519,联储证券股份有限公司杭州西湖桃源岭证券营业部,2025-05-15,1,1,8539544.0,8485755.0,53789.0,盛泰集团,10000866015
2520,华鑫证券有限责任公司西安解放路证券营业部,2025-05-26,2,0,53373.0,,53373.0,海科B 退市锦B,10028645
2521,华泰证券股份有限公司张家港杨舍东街证券营业部,2025-05-22,1,0,53361.0,,53361.0,汇丽B,10021788
2522,中国银河证券股份有限公司太原桃园证券营业部,2025-05-09,1,0,52700.0,,52700.0,中毅达B,10021925
2523,国联民生证券股份有限公司宜兴人民南路证券营业部,2025-05-23,1,0,51271.4,,51271.4,汇丽B,10112873
2524,招商证券股份有限公司南京庐山路证券营业部,2025-05-28,1,0,50310.62,,50310.62,汇丽B,10064583
2525,东海证券股份有限公司常州劳动西路证券营业部,2025-05-27,1,0,50120.0,,50120.0,汇丽B,10027003
2526,恒泰证券股份有限公司沈阳奉天街证券营业部,2025-05-19,1,1,5195700.0,5146781.0,48919.0,*ST海华,10054782
2527,华泰证券股份有限公司上海奉贤区望园南路证券营业部,2025-05-29,1,1,14052174.7,14003755.0,48419.7,邵阳液压,10089878
2528,中信证券股份有限公司上海世博馆路证券营业部,2025-05-20,1,0,45215.1,,45215.1,天雁B股,10045024
2529,湘财证券股份有限公司北京中关村南大街证券营业部,2025-05-28,1,0,44515.21,,44515.21,汇丽B,10025436
2530,华泰证券股份有限公司苏州何山路证券营业部,2025-05-23,1,0,43783.7,,43783.7,汇丽B,10098281
2531,海通证券股份有限公司成都人民西路证券营业部,2025-05-13,1,0,41456.6,,41456.6,退市锦B,10030192
2532,华泰证券股份有限公司姜堰东大街证券营业部,2025-05-20,1,0,41063.31,,41063.31,天雁B股,10143711
2533,湘财证券股份有限公司北京中关村南大街证券营业部,2025-05-29,1,0,40182.4,,40182.4,汇丽B,10025436
2534,湘财证券股份有限公司北京中关村南大街证券营业部,2025-05-20,1,0,39660.0,,39660.0,汇丽B,10025436
2535,西部证券股份有限公司西安莲湖路第一证券营业部,2025-05-20,1,0,39610.6,,39610.6,天雁B股,10025220
2536,光大证券股份有限公司上海宝山华和路证券营业部,2025-05-20,1,0,39080.0,,39080.0,汇丽B,10342133
2537,申万宏源证券有限公司上海黄浦区新昌路证券营业部,2025-05-26,1,0,39068.7,,39068.7,汇丽B,10048531
2538,广发证券股份有限公司南通工农南路证券营业部,2025-05-22,1,0,37571.7,,37571.7,天雁B股,10146976
2539,中国中金财富证券有限公司宁波海晏北路证券营业部,2025-05-07,1,0,36740.0,0.0,36740.0,声迅股份,10281423
2540,中泰证券股份有限公司宁波分公司,2025-05-07,1,1,2149262.0,2112856.0,36406.0,退市沪科,10425720
2541,中信建投证券股份有限公司天津解放南路证券营业部,2025-05-06,0,1,2399860.79,2364107.92,35752.87,广道退,10021827
2542,国泰海通证券股份有限公司南京太平南路证券营业部,2025-05-22,1,0,34003.4,,34003.4,天雁B股,10025054
2543,中信证券股份有限公司北京安外大街证券营业部,2025-05-12,1,0,33375.1,,33375.1,*ST凌云B,10045007
2544,华泰证券股份有限公司苏州人民路证券营业部,2025-05-26,1,0,33020.0,,33020.0,退市锦B,10021776
2545,财通证券股份有限公司永康九铃东路证券营业部,2025-05-27,1,0,30565.5,,30565.5,*ST凌云B,10025353
2546,方正证券股份有限公司绍兴胜利东路证券营业部,2025-05-22,1,0,30247.0,,30247.0,天雁B股,10028817
2547,申万宏源证券有限公司上海普陀区武宁路证券营业部,2025-05-29,1,0,29175.2,,29175.2,汇丽B,10048528
2548,国联民生证券股份有限公司宜兴人民南路证券营业部,2025-05-26,1,1,51271.4,22620.0,28651.4,汇丽B,10112873
2549,招商证券股份有限公司北京海淀大街证券营业部,2025-05-26,1,0,27710.2,,27710.2,退市锦B,10028687
2550,申万宏源证券有限公司上海黄浦区新昌路证券营业部,2025-05-27,1,0,26737.23,,26737.23,汇丽B,10048531
2551,华泰证券股份有限公司徐州建国西路证券营业部,2025-05-13,1,0,26124.7,,26124.7,退市锦B,10021781
2552,海通证券股份有限公司杭州富春路证券营业部,2025-05-13,1,0,25970.0,,25970.0,退市锦B,10030180
2553,华泰证券股份有限公司苏州何山路证券营业部,2025-05-28,1,1,79740.7,53943.98,25796.72,汇丽B,10098281
2554,海通证券股份有限公司上海徐汇区建国西路证券营业部,2025-05-22,1,0,25533.4,,25533.4,天雁B股,10028440
2555,国联民生证券股份有限公司宜兴人民南路证券营业部,2025-05-22,1,0,25471.8,,25471.8,汇丽B,10112873
2556,海通证券股份有限公司大庆纬二路证券营业部,2025-05-13,1,0,24751.0,,24751.0,退市锦B,10101904
2557,金元证券股份有限公司北京广渠门内大街证券营业部,2025-05-26,1,0,24205.66,,24205.66,汇丽B,10084119
2558,华泰证券股份有限公司苏州何山路证券营业部,2025-05-29,1,1,104427.1,80467.5,23959.6,汇丽B,10098281
2559,华泰证券股份有限公司深圳科苑路百度国际大厦证券营业部,2025-05-21,1,0,23375.5,,23375.5,汇丽B,10101228
2560,财通证券股份有限公司永康九铃东路证券营业部,2025-05-21,1,0,22883.85,,22883.85,汇丽B,10025353
2561,华泰证券股份有限公司深圳科苑路百度国际大厦证券营业部,2025-05-20,1,0,21454.4,,21454.4,汇丽B,10101228
2562,华泰证券股份有限公司深圳科苑路百度国际大厦证券营业部,2025-05-19,1,0,21454.4,,21454.4,汇丽B,10101228
2563,中信建投证券股份有限公司锦州解放路证券营业部,2025-05-13,1,0,21088.9,,21088.9,退市锦B,10058155
2564,海通证券股份有限公司上海静安区北京西路证券营业部,2025-05-21,1,0,20838.4,,20838.4,汇丽B,10048465
2565,东北证券股份有限公司湖南分公司,2025-05-27,1,0,19879.3,,19879.3,汇丽B,10173182
2566,光大证券股份有限公司上海宝山华和路证券营业部,2025-05-19,1,0,19760.0,,19760.0,汇丽B,10342133
2567,国元证券股份有限公司上海斜土路证券营业部,2025-05-26,1,0,18804.75,,18804.75,汇丽B,10026825
2568,光大证券股份有限公司上海宝山华和路证券营业部,2025-05-09,1,0,18720.0,,18720.0,汇丽B,10342133
2569,德邦证券股份有限公司丹东锦山大街证券营业部,2025-05-07,1,0,18370.0,0.0,18370.0,声迅股份,10021808
2570,华泰证券股份有限公司西安朱雀大街证券营业部,2025-05-09,1,0,18256.8,,18256.8,汇丽B,10080054
2571,中国银河证券股份有限公司上海长宁区镇宁路证券营业部,2025-05-27,1,0,18024.6,,18024.6,*ST凌云B,10030486
2572,招商证券股份有限公司北京建国路证券营业部,2025-05-26,1,1,30966.94,13575.6,17391.34,退市锦B,10025049
2573,华泰证券股份有限公司张家港杨舍东街证券营业部,2025-05-20,1,0,16701.9,,16701.9,汇丽B,10021788
2574,华泰证券股份有限公司张家港杨舍东街证券营业部,2025-05-19,1,0,16701.9,,16701.9,汇丽B,10021788
2575,首创证券股份有限公司上海共和新路证券营业部,2025-05-20,1,0,16301.2,,16301.2,汇丽B,10108625
2576,红塔证券股份有限公司上海徐汇区桂林路证券营业部,2025-05-22,1,0,16233.6,,16233.6,汇丽B,10046653
2577,国联民生证券股份有限公司宜兴人民南路证券营业部,2025-05-27,1,0,15079.8,,15079.8,汇丽B,10112873
2578,申万宏源证券有限公司上海杨浦区黄兴路证券营业部,2025-05-26,1,0,14861.0,,14861.0,退市锦B,10025184
2579,海通证券股份有限公司上海静安区北京西路证券营业部,2025-05-09,1,0,14318.2,,14318.2,汇丽B,10048465
2580,申万宏源证券有限公司上海浦东新区成山路证券营业部,2025-05-27,1,0,13780.0,,13780.0,*ST凌云B,10119212
2581,华泰证券股份有限公司大连港兴路证券营业部,2025-05-27,1,0,13209.6,,13209.6,汇丽B,10080007
2582,长江证券股份有限公司上海张杨路证券营业部,2025-05-09,1,0,12786.0,,12786.0,汇丽B,10028414
2583,招商证券股份有限公司合肥北一环证券营业部,2025-05-20,1,0,11918.5,,11918.5,*ST凌云B,10055611
2584,申万宏源证券有限公司上海徐汇区天钥桥路证券营业部,2025-05-20,1,0,11122.2,,11122.2,汇丽B,10509166
2585,招商证券股份有限公司合肥北一环证券营业部,2025-05-15,1,0,10925.4,,10925.4,*ST凌云B,10055611
2586,首创证券股份有限公司上海共和新路证券营业部,2025-05-19,1,0,10781.2,,10781.2,汇丽B,10108625
2587,中国中金财富证券有限公司鞍山南胜利路证券营业部,2025-05-27,1,0,10500.0,,10500.0,*ST凌云B,10028592
2588,中国银河证券股份有限公司上海长宁区镇宁路证券营业部,2025-05-19,1,0,10275.2,,10275.2,汇丽B,10030486
2589,国泰海通证券股份有限公司北京方庄路证券营业部,2025-05-20,1,0,10230.3,,10230.3,汇丽B,10025204
2590,东兴证券股份有限公司福州学军路证券营业部,2025-05-26,1,0,9620.0,,9620.0,海科B,10182605
2591,华西证券股份有限公司成都高升桥路证券营业部,2025-05-20,1,0,9412.8,,9412.8,汇丽B,10028632
2592,东兴证券股份有限公司上海虹口区杨树浦路证券营业部,2025-05-15,1,0,8550.0,,8550.0,*ST凌云B,10112596
2593,东兴证券股份有限公司上海虹口区杨树浦路证券营业部,2025-05-12,1,0,8450.0,,8450.0,*ST凌云B,10112596
2594,西部证券股份有限公司北京新街口北大街证券营业部,2025-05-12,1,0,7836.9,,7836.9,*ST凌云B,10046700
2595,中国中金财富证券有限公司扬州文昌东路证券营业部,2025-05-15,1,0,7020.0,,7020.0,*ST凌云B,10140832
2596,浙商证券股份有限公司上海长乐路证券营业部,2025-05-20,1,0,6660.0,,6660.0,汇丽B,10046757
2597,中信证券股份有限公司上海徐汇区漕溪北路证券营业部,2025-05-12,1,0,6490.0,,6490.0,*ST凌云B,10131242
2598,申万宏源证券有限公司上海静安区中兴路证券营业部,2025-05-15,1,0,6207.0,,6207.0,*ST凌云B,10028420
2599,国泰海通证券股份有限公司青岛南京路证券营业部,2025-05-12,1,0,6106.4,,6106.4,*ST凌云B,10025401
2600,华泰证券股份有限公司南京长江路证券营业部,2025-05-20,1,0,5310.0,,5310.0,*ST凌云B,10021768
2601,广发证券股份有限公司上海玉兰路证券营业部,2025-05-26,1,0,5304.4,,5304.4,海科B,10028728
2602,招商证券股份有限公司南京庐山路证券营业部,2025-05-20,1,0,5106.0,,5106.0,*ST凌云B,10064583
2603,华泰证券股份有限公司海口国兴大道证券营业部,2025-05-15,1,0,5069.7,,5069.7,*ST凌云B,10206040
2604,中国银河证券股份有限公司珠海吉大路证券营业部,2025-05-08,1,0,3679.6,,3679.6,退市锦B,10070129
2605,东兴证券股份有限公司上海虹口区杨树浦路证券营业部,2025-05-20,1,0,3330.0,,3330.0,*ST凌云B,10112596
2606,招商证券股份有限公司上海翔殷路证券营业部,2025-05-07,1,0,3180.0,,3180.0,*ST凌云B,10040900
2607,国信证券股份有限公司上海北京东路证券营业部,2025-05-08,1,0,2690.6,,2690.6,退市锦B,10045169
2608,国泰海通证券股份有限公司石家庄裕华东路证券营业部,2025-05-08,1,0,2363.2,,2363.2,退市锦B,10025094
2609,中国银河证券股份有限公司北京望京证券营业部,2025-05-20,1,0,1643.6,,1643.6,*ST凌云B,10030474
2610,招商证券股份有限公司北京车公庄西路证券营业部,2025-05-08,1,0,1240.0,,1240.0,退市锦B,10028688
2611,海通证券股份有限公司大庆纬二路证券营业部,2025-05-07,1,0,1113.0,,1113.0,*ST凌云B,10101904
2612,中国银河证券股份有限公司杭州体育场路证券营业部,2025-05-07,1,0,1427270.56,1426322.82,947.74,广道退,10023577
2613,中信证券(山东)有限责任公司青岛连云港路证券营业部,2025-05-07,1,0,795.0,,795.0,*ST凌云B,10027095
2614,大通证券股份有限公司大连昆明街证券营业部,2025-05-07,1,0,779.1,,779.1,*ST凌云B,10139138
2615,国投证券股份有限公司佛山三水三兴路证券营业部,2025-05-08,0,1,,393.71,-393.71,退市锦B,10109165
2616,海通证券股份有限公司嵊州高杨路证券营业部,2025-05-23,1,1,33128.5,33561.94,-433.44,汇丽B,10108377
2617,湘财证券股份有限公司杭州文二西路证券营业部,2025-05-07,0,1,,524.7,-524.7,*ST凌云B,10025148
2618,广发证券股份有限公司上海杨树浦路证券营业部,2025-05-07,0,1,,901.8,-901.8,*ST凌云B,10061966
2619,国泰海通证券股份有限公司上海闵行区号文路证券营业部,2025-05-07,0,1,,1590.0,-1590.0,*ST凌云B,10000584249
2620,平安证券股份有限公司深圳龙华人民路证券营业部,2025-05-19,1,1,833448.0,835261.0,-1813.0,普利退,10000186636
2621,中银国际证券股份有限公司上海欧阳路证券营业部,2025-05-08,0,1,,2151.4,-2151.4,退市锦B,10047162
2622,广发证券股份有限公司江门天长路证券营业部,2025-05-07,0,1,,2623.5,-2623.5,*ST凌云B,10096185
2623,爱建证券有限责任公司宁波槐树路证券营业部,2025-05-07,0,1,,2929.6,-2929.6,*ST凌云B,10030297
2624,中银国际证券股份有限公司北京宣外大街证券营业部,2025-05-08,0,1,,4216.0,-4216.0,退市锦B,10075499
2625,中国银河证券股份有限公司北京金融街证券营业部,2025-05-09,1,1,58403.4,62622.2,-4218.8,中毅达B,10030485
2626,申万宏源证券有限公司大连分公司,2025-05-20,0,1,,4440.0,-4440.0,*ST凌云B,10397413
2627,华泰证券股份有限公司上海黄浦区黄陂南路证券营业部,2025-05-27,0,1,,5350.0,-5350.0,*ST凌云B,10025324
2628,东北证券股份有限公司湖南分公司,2025-05-20,0,1,,5670.0,-5670.0,*ST凌云B,10173182
2629,上海证券有限责任公司温州乐清伯乐东路证券营业部,2025-05-20,0,1,,5848.5,-5848.5,*ST凌云B,10144187
2630,中国银河证券股份有限公司上海新闸路证券营业部,2025-05-15,0,1,,5908.2,-5908.2,*ST凌云B,10025305
2631,东方证券股份有限公司上海浦东新区张杨路证券营业部,2025-05-20,0,1,,6150.0,-6150.0,*ST凌云B,10094413
2632,海通证券股份有限公司绍兴劳动路证券营业部,2025-05-20,0,1,,6330.0,-6330.0,*ST凌云B,10030188
2633,申万宏源证券有限公司上海静安区北京西路证券营业部,2025-05-08,0,1,,6563.2,-6563.2,退市锦B,10048523
2634,东北证券股份有限公司大连分公司,2025-05-12,0,1,,6800.0,-6800.0,*ST凌云B,10058478
2635,华泰证券股份有限公司无锡解放西路证券营业部,2025-05-27,0,1,,6830.0,-6830.0,*ST凌云B,10021777
2636,海通证券股份有限公司上海徐汇区建国西路证券营业部,2025-05-15,0,1,,6875.7,-6875.7,*ST凌云B,10028440
2637,长江证券股份有限公司青岛香港东路证券营业部,2025-05-27,0,1,,7100.0,-7100.0,汇丽B,10046515
2638,国信证券股份有限公司北京国贸证券营业部,2025-05-27,0,1,,8000.0,-8000.0,*ST凌云B,10045170
2639,华创证券有限责任公司兰州天水路证券营业部,2025-05-28,0,1,10843362.0,10852040.0,-8678.0,联化科技,10000071816
2640,中银国际证券股份有限公司深圳中心四路证券营业部,2025-05-15,0,1,,8845.2,-8845.2,*ST凌云B,10129897
2641,中信证券(山东)有限责任公司青岛海口路证券营业部,2025-05-20,0,1,,10855.8,-10855.8,汇丽B,10419324
2642,方正证券股份有限公司长沙黄兴中路证券营业部,2025-05-08,0,1,,11364.58,-11364.58,退市锦B,10117770
2643,招商证券股份有限公司深圳福民路证券营业部,2025-05-19,0,1,,11514.9,-11514.9,汇丽B,10046529
2644,国泰海通证券股份有限公司昆明人民中路证券营业部,2025-05-13,0,1,,11574.14,-11574.14,退市锦B,10025200
2645,申万宏源证券有限公司上海静安区昌化路证券营业部,2025-05-09,0,1,,12351.76,-12351.76,汇丽B,10048533
2646,海通证券股份有限公司上海普陀区铜川路证券营业部,2025-05-12,0,1,,12763.6,-12763.6,*ST凌云B,10048512
2647,中国中金财富证券有限公司广州科学大道证券营业部,2025-05-13,0,1,648060.0,661188.0,-13128.0,普利退,10199680
2648,华泰证券股份有限公司徐州建国西路证券营业部,2025-05-09,0,1,,13260.0,-13260.0,汇丽B,10021781
2649,财通证券股份有限公司杭州新业路证券营业部,2025-05-19,0,1,,13709.6,-13709.6,汇丽B,10058854
2650,恒泰证券股份有限公司沈阳奉天街证券营业部,2025-05-22,1,1,4145971.0,4159958.0,-13987.0,ST加加,10054782
2651,海通证券股份有限公司嵊州高杨路证券营业部,2025-05-27,0,1,,14140.0,-14140.0,汇丽B,10108377
2652,申万宏源证券有限公司上海浦东新区成山路证券营业部,2025-05-09,0,1,,14491.8,-14491.8,汇丽B,10119212
2653,中信证券股份有限公司杭州延安路证券营业部,2025-05-19,0,1,,14545.8,-14545.8,汇丽B,10046704
2654,华泰证券股份有限公司上海黄浦区黄陂南路证券营业部,2025-05-09,0,1,,14562.5,-14562.5,汇丽B,10025324
2655,财信证券股份有限公司温州车站大道证券营业部,2025-05-12,0,1,,15090.2,-15090.2,*ST凌云B,10074845
2656,中泰证券股份有限公司青岛香港东路证券营业部,2025-05-27,0,1,,15110.0,-15110.0,*ST凌云B,10104598
2657,申万宏源证券有限公司上海黄浦区广东路证券营业部,2025-05-19,0,1,,16063.0,-16063.0,汇丽B,10021701
2658,光大证券股份有限公司乌鲁木齐民主路证券营业部,2025-05-20,0,1,,16178.5,-16178.5,汇丽B,10048518
2659,光大证券股份有限公司乌鲁木齐民主路证券营业部,2025-05-19,0,1,,16178.5,-16178.5,汇丽B,10048518
2660,东吴证券股份有限公司苏州竹辉路证券营业部,2025-05-13,0,1,,16430.0,-16430.0,退市锦B,10046736
2661,中航证券有限公司上海漕溪北路证券营业部,2025-05-26,0,1,,16438.86,-16438.86,退市锦B,10046803
2662,中信建投证券股份有限公司大连分公司,2025-05-20,0,1,,16479.8,-16479.8,汇丽B,10049163
2663,广发证券股份有限公司江门台山环市中路证券营业部,2025-05-15,0,1,,16550.7,-16550.7,*ST凌云B,10197607
2664,中信建投证券股份有限公司上海张杨北路证券营业部,2025-05-21,0,1,,17590.7,-17590.7,汇丽B,10145733
2665,广发证券股份有限公司上海杨树浦路证券营业部,2025-05-27,0,1,,18480.0,-18480.0,汇丽B,10061966
2666,长江证券股份有限公司成都光华村街证券营业部,2025-05-13,0,1,,19328.4,-19328.4,退市锦B,10026942
2667,华泰证券股份有限公司深圳科苑路百度国际大厦证券营业部,2025-05-27,0,1,,19459.9,-19459.9,汇丽B,10101228
2668,华泰证券股份有限公司张家港杨舍东街证券营业部,2025-05-21,0,1,,21909.0,-21909.0,汇丽B,10021788
2669,华泰证券股份有限公司深圳科苑路百度国际大厦证券营业部,2025-05-29,0,1,,21981.5,-21981.5,汇丽B,10101228
2670,长城证券股份有限公司深圳后海中心路证券营业部,2025-05-27,0,1,,22627.5,-22627.5,*ST凌云B,10023479
2671,华泰证券股份有限公司西安朱雀大街证券营业部,2025-05-21,0,1,,23448.4,-23448.4,汇丽B,10080054
2672,中泰证券股份有限公司芜湖中山南路证券营业部,2025-05-15,1,1,504546.24,528000.0,-23453.76,普利退,10106214
2673,方正证券股份有限公司长沙星沙开元东路证券营业部,2025-05-12,1,1,4588954.41,4612815.69,-23861.28,华光源海,10159808
2674,中信建投证券股份有限公司常州分公司,2025-05-07,0,1,0.0,23881.0,-23881.0,声迅股份,10374014
2675,申万宏源证券有限公司上海黄浦区新昌路证券营业部,2025-05-20,0,1,,24313.4,-24313.4,天雁B股,10048531
2676,华泰证券股份有限公司上海武定路证券营业部,2025-05-23,0,1,,24650.0,-24650.0,汇丽B,10098087
2677,中国中金财富证券有限公司北京宋庄路证券营业部,2025-05-22,0,1,,25098.0,-25098.0,汇丽B,10025074
2678,国泰海通证券股份有限公司贵阳中华中路证券营业部,2025-05-20,0,1,,25618.8,-25618.8,汇丽B,10093401
2679,上海证券有限责任公司苏州人民路证券营业部,2025-05-20,0,1,,25811.5,-25811.5,天雁B股,10054136
2680,广发证券股份有限公司广州黄埔大道证券营业部,2025-05-20,0,1,,26563.8,-26563.8,汇丽B,10030122
2681,申万宏源证券有限公司上海普陀区武宁路证券营业部,2025-05-09,0,1,,26664.26,-26664.26,汇丽B,10048528
2682,国信证券股份有限公司上海北京东路证券营业部,2025-05-22,0,1,,26893.34,-26893.34,汇丽B,10045169
2683,招商证券股份有限公司上海陆家嘴东路证券营业部,2025-05-29,0,1,,26958.5,-26958.5,汇丽B,10081712
2684,方正证券股份有限公司长沙万家丽中路证券营业部,2025-05-20,0,1,,27560.0,-27560.0,天雁B股,10117526
2685,中国银河证券股份有限公司上海长宁区镇宁路证券营业部,2025-05-20,0,1,,28194.0,-28194.0,汇丽B,10030486
2686,光大证券股份有限公司福州五一北路证券营业部,2025-05-26,0,1,,28722.5,-28722.5,汇丽B,10028450
2687,中国中金财富证券有限公司北京北三环东路证券营业部,2025-05-22,0,1,,29246.8,-29246.8,天雁B股,10025073
2688,金元证券股份有限公司北京广渠门内大街证券营业部,2025-05-28,0,1,,29301.6,-29301.6,汇丽B,10084119
2689,中信证券股份有限公司嘉兴分公司,2025-05-23,0,1,,29500.0,-29500.0,汇丽B,10030292
2690,申万宏源证券有限公司济南历山路证券营业部,2025-05-29,1,1,29775682.0,29805353.28,-29671.28,玉禾田 久盛电气,10167868
2691,广发证券股份有限公司北京中关村东路证券营业部,2025-05-26,0,1,,29750.0,-29750.0,海科B,10093414
2692,国泰海通证券股份有限公司兰州酒泉路证券营业部,2025-05-23,0,1,,30385.0,-30385.0,汇丽B,10142107
2693,申万宏源证券有限公司上海静安区北京西路证券营业部,2025-05-28,0,1,,30477.0,-30477.0,汇丽B,10048523
2694,财通证券股份有限公司永康九铃东路证券营业部,2025-05-22,0,1,,30511.8,-30511.8,汇丽B,10025353
2695,东海证券股份有限公司浙江分公司,2025-05-07,0,1,0.0,30944.0,-30944.0,声迅股份,10152607
2696,光大证券股份有限公司南京中山路证券营业部,2025-05-26,0,1,,31483.0,-31483.0,海科B,10133094
2697,海通证券股份有限公司嵊州高杨路证券营业部,2025-05-26,0,1,,33561.94,-33561.94,汇丽B,10108377
2698,海通证券股份有限公司上海徐汇区建国西路证券营业部,2025-05-12,0,1,,34027.2,-34027.2,*ST凌云B,10028440
2699,中泰证券股份有限公司厦门厦禾路证券营业部,2025-05-27,0,1,,36229.6,-36229.6,汇丽B,10103014
2700,兴业证券股份有限公司上海锦康路证券营业部,2025-05-29,0,1,,37360.0,-37360.0,汇丽B,10083078
2701,国金证券股份有限公司宁波江澄南路证券营业部,2025-05-12,1,1,19660000.0,19699193.0,-39193.0,襄阳轴承 利君股份,10000125619
2702,招商证券股份有限公司北京西直门北大街证券营业部,2025-05-20,0,1,,39220.0,-39220.0,天雁B股,10081652
2703,中银国际证券股份有限公司北京宣外大街证券营业部,2025-05-13,0,1,,39750.0,-39750.0,退市锦B,10075499
2704,华泰证券股份有限公司杭州学院路证券营业部,2025-05-13,0,1,,39927.87,-39927.87,退市锦B,10361223
2705,东吴证券股份有限公司苏州狮山路证券营业部,2025-05-22,0,1,,39965.8,-39965.8,天雁B股,10028578
2706,申万宏源证券有限公司上海宝山区同泰路证券营业部,2025-05-26,0,1,,43571.26,-43571.26,海科B,10048534
2707,宏信证券有限责任公司成都人民南路证券营业部,2025-05-09,1,0,7782736.66,7827776.0,-45039.34,炼石航空,10001575871
2708,国泰海通证券股份有限公司淄博鲁泰大道证券营业部,2025-05-06,1,1,2112070.94,2157887.96,-45817.02,*ST英飞,10456742
2709,华安证券股份有限公司合肥长江中路证券营业部,2025-05-26,0,1,,46405.58,-46405.58,退市锦B,10048364
2710,东北证券股份有限公司北京朝阳分公司,2025-05-21,0,1,1847883.0,1894437.44,-46554.44,神雾节能,10110597
2711,招商证券股份有限公司苏州华池街证券营业部,2025-05-09,0,1,,46726.4,-46726.4,中毅达B,10472850
2712,申万宏源证券有限公司上海浦东新区成山路证券营业部,2025-05-26,0,1,,46940.3,-46940.3,退市锦B,10119212
2713,申万宏源证券有限公司上海黄浦区新昌路证券营业部,2025-05-29,0,1,,47072.1,-47072.1,汇丽B,10048531
2714,东亚前海证券有限责任公司四川分公司,2025-05-29,1,1,12400201.8,12448384.0,-48182.2,安正时尚,10000242108
2715,中国银河证券股份有限公司石家庄胜利北街证券营业部,2025-05-22,0,1,,49000.0,-49000.0,天雁B股,10031777
2716,华泰证券股份有限公司深圳科苑路百度国际大厦证券营业部,2025-05-26,1,1,45444.7,94638.3,-49193.6,汇丽B,10101228
2717,中信证券股份有限公司义乌城中中路证券营业部,2025-05-30,0,1,77788.89,129540.97,-51752.08,深深房B,10028546
2718,中国银河证券股份有限公司北京翠林路证券营业部,2025-05-23,1,1,15087128.0,15143118.03,-55990.03,宏工科技,10984266
2719,华泰证券股份有限公司苏州何山路证券营业部,2025-05-22,0,1,,56499.4,-56499.4,天雁B股,10098281
2720,招商证券股份有限公司深圳水贝证券营业部,2025-05-09,0,1,,56626.2,-56626.2,中毅达B,10119245
2721,光大证券股份有限公司上海宝山华和路证券营业部,2025-05-26,0,1,,59170.0,-59170.0,汇丽B,10342133
2722,华鑫证券有限责任公司西安解放路证券营业部,2025-05-20,0,1,,60519.2,-60519.2,天雁B股,10028645
2723,国投证券股份有限公司上海黄浦区中山东二路证券营业部,2025-05-26,0,1,,62225.96,-62225.96,海科B,10104825
2724,海通证券股份有限公司上海普陀区金沙江路证券营业部,2025-05-22,0,1,,65744.3,-65744.3,汇丽B,10023645
2725,海通证券股份有限公司上海普陀区金沙江路证券营业部,2025-05-21,0,1,,65744.3,-65744.3,汇丽B,10023645
2726,东北证券股份有限公司青岛分公司,2025-05-26,1,1,31558402.0,31634377.0,-75975.0,融发核电,10192764
2727,海通证券股份有限公司上海静安区北京西路证券营业部,2025-05-28,0,1,,78328.38,-78328.38,汇丽B,10048465
2728,中信证券股份有限公司大连分公司,2025-05-09,0,1,,81201.8,-81201.8,中毅达B,10074420
2729,华泰证券股份有限公司深圳科苑路百度国际大厦证券营业部,2025-05-22,0,1,,85162.8,-85162.8,汇丽B,10101228
2730,国泰海通证券股份有限公司深圳福华三路营业部,2025-05-30,1,1,10190948.48,10276499.44,-85550.96,浩淼科技,10081030
2731,华泰证券股份有限公司苏州何山路证券营业部,2025-05-09,0,1,,87734.7,-87734.7,中毅达B,10098281
2732,华西证券股份有限公司杭州学院路证券营业部,2025-05-21,1,1,11448026.0,11537468.0,-89442.0,退市华嵘 绿康生化,10028640
2733,平安证券股份有限公司江苏分公司,2025-05-08,0,1,553824.0,650666.0,-96842.0,普利退,10030173
2734,方正证券股份有限公司成都抚琴西路证券营业部,2025-05-27,0,1,10625373.0,10730372.0,-104999.0,星徽股份,10050946
2735,华泰证券股份有限公司无锡解放西路证券营业部,2025-05-26,0,1,,105676.5,-105676.5,海科B,10021777
2736,光大证券股份有限公司上海徐汇区东安路证券营业部,2025-05-26,0,1,,108750.87,-108750.87,汇丽B,10021734
2737,光大证券股份有限公司上海徐汇区东安路证券营业部,2025-05-23,0,1,,108750.87,-108750.87,汇丽B,10021734
2738,申万宏源证券有限公司上海徐汇区天钥桥路证券营业部,2025-05-22,1,1,60383.4,172996.1,-112612.7,汇丽B,10509166
2739,广发证券股份有限公司厦门环岛东路证券营业部,2025-05-21,0,1,3540000.0,3672021.0,-132021.0,川大智胜,10000076951
2740,上海证券有限责任公司温州谢池商城证券营业部,2025-05-12,1,1,5846932.5,5982080.0,-135147.5,皮阿诺,10113720
2741,招商证券股份有限公司上海世纪大道证券营业部,2025-05-07,0,1,,142240.0,-142240.0,ST葫芦娃,10046548
2742,中泰证券股份有限公司常州惠国路证券营业部,2025-05-06,2,2,23469837.0,23614820.0,-144983.0,曙光股份 诚邦股份 莱绅通灵 正和生态,10741097
2743,海通证券股份有限公司嵊州高杨路证券营业部,2025-05-28,0,1,,162504.12,-162504.12,汇丽B,10108377
2744,平安证券股份有限公司深圳分公司,2025-05-30,0,1,0.0,164204.34,-164204.34,深深房B,10048273
2745,光大证券股份有限公司证券投资部,2025-05-07,0,1,,171360.0,-171360.0,ST葫芦娃,10143237
2746,东吴证券股份有限公司深圳分公司,2025-05-07,0,1,0.0,183700.0,-183700.0,声迅股份,10484988
2747,华鑫证券有限责任公司上海陆家嘴证券营业部,2025-05-06,0,1,0.0,185730.0,-185730.0,*ST岭南,10000055316
2748,国投证券股份有限公司佛山乐从证券营业部,2025-05-07,0,1,,186000.0,-186000.0,*ST春天,10108229
2749,长城证券股份有限公司前海分公司,2025-05-07,1,0,1007369.0,1193374.0,-186005.0,*ST步森,10473812
2750,申万宏源证券有限公司深圳上步中路证券营业部,2025-05-07,0,1,34571886.8,34761021.0,-189134.2,常山药业,10026956
2751,中泰证券股份有限公司章丘双山北路证券营业部,2025-05-07,0,1,348000.0,544000.0,-196000.0,普利退,10135464
2752,中银国际证券股份有限公司四川分公司,2025-05-07,0,1,,196294.0,-196294.0,*ST春天,10058982
2753,光大证券股份有限公司东莞南城鸿福路证券营业部,2025-05-22,0,1,3297673.0,3496200.0,-198527.0,ST加加,10046595
2754,国信证券股份有限公司绵阳临园路证券营业部,2025-05-28,0,1,1476688.76,1682806.65,-206117.89,保丽洁,10045165
2755,平安证券股份有限公司惠州文昌一路证券营业部,2025-05-06,0,1,0.0,207418.0,-207418.0,国华退,10955604
2756,申万宏源证券有限公司深圳上步中路证券营业部,2025-05-29,1,1,61119017.0,61330202.75,-211185.75,常山药业,10026956
2757,国金证券股份有限公司北京崇文门外大街证券营业部,2025-05-21,1,1,7488557.0,7702779.5,-214222.5,中衡设计 圣晖集成,10510717
2758,平安证券股份有限公司江苏分公司,2025-05-16,0,1,191905.0,406674.0,-214769.0,普利退,10030173
2759,东吴证券股份有限公司苏州汾湖分公司,2025-05-07,0,1,,216160.0,-216160.0,ST葫芦娃,10397278
2760,申万宏源证券有限公司上海杨浦区黄兴路证券营业部,2025-05-06,0,1,0.0,227100.0,-227100.0,国华退,10025184
2761,中国银河证券股份有限公司北京翠林路证券营业部,2025-05-21,1,1,19020304.31,19248445.38,-228141.07,宏工科技,10984266
2762,广发证券股份有限公司焦作人民路证券营业部,2025-05-16,0,1,194200.0,450000.0,-255800.0,普利退,10492001
2763,中信建投证券股份有限公司东三环中路证券营业部,2025-05-06,0,1,4887.0,271500.0,-266613.0,四环生物,10198155
2764,国信证券股份有限公司河北分公司,2025-05-06,0,1,0.0,269386.0,-269386.0,国华退,10456775
2765,申万宏源证券有限公司上海浦东新区关岳西路证券营业部,2025-05-20,0,1,355940.0,633932.1,-277992.1,普利退,10021698
2766,华鑫证券有限责任公司南昌分公司,2025-05-28,2,2,5737799.71,6019494.3,-281694.59,ST海钦 艾艾精工,10455924
2767,东吴证券股份有限公司上海西藏南路证券营业部,2025-05-14,0,1,0.0,287500.0,-287500.0,宇顺电子,10143030
2768,华鑫证券有限责任公司上海凯旋北路证券营业部,2025-05-06,0,1,0.0,294300.0,-294300.0,*ST华西,10025335
2769,中国中金财富证券有限公司广州分公司,2025-05-06,0,1,0.0,297961.0,-297961.0,星光股份,10031840
2770,招商证券股份有限公司深圳益田路免税商务大厦证券营业部,2025-05-30,0,1,32653.47,335450.67,-302797.2,深深房B,10081709
2771,东方财富证券股份有限公司昌都两江大道证券营业部,2025-05-23,1,1,6379620.47,6690790.4,-311169.93,宝光股份 苏州龙杰,10342919
2772,方正证券股份有限公司南京浦江路证券营业部,2025-05-06,0,1,324053.0,636096.0,-312043.0,普利退,10045054
2773,广发证券股份有限公司广州寺右新马路证券营业部,2025-05-06,1,1,228698.0,546960.0,-318262.0,四环生物 *ST精伦,10467464
2774,国盛证券有限责任公司黄山洽阳路证券营业部,2025-05-06,1,1,13166927.0,13489927.0,-323000.0,迪生力,10456595
2775,湘财证券股份有限公司上海陆家嘴证券营业部,2025-05-06,0,1,770.0,329870.0,-329100.0,双成药业,10429176
2776,中国中金财富证券有限公司肥东公园路证券营业部,2025-05-06,0,1,0.0,330326.0,-330326.0,星光股份,10142918
2777,方正证券股份有限公司杭州南山路证券营业部,2025-05-08,0,1,12241993.0,12576628.0,-334635.0,爱朋医疗,10034054
2778,国盛证券有限责任公司合肥徽州大道证券营业部,2025-05-06,1,1,13749480.0,14085184.0,-335704.0,迪生力,10159827
2779,东方财富证券股份有限公司拉萨东城区江苏大道证券营业部,2025-05-12,0,1,0.0,337804.0,-337804.0,普利退,10708576
2780,民生证券股份有限公司郑州郑汴路证券营业部,2025-05-06,0,1,0.0,359406.0,-359406.0,*ST岭南,10159575
2781,平安证券股份有限公司四川分公司,2025-05-13,0,1,,362343.0,-362343.0,退市创兴,10483321
2782,平安证券股份有限公司江苏分公司,2025-05-12,0,1,139072.0,503025.0,-363953.0,普利退,10030173
2783,中信建投证券股份有限公司上海五莲路证券营业部,2025-05-06,0,1,0.0,369360.0,-369360.0,双成药业,10048487
2784,海通证券股份有限公司上饶解放路证券营业部,2025-05-06,0,1,0.0,378500.0,-378500.0,国华退,10456404
2785,平安证券股份有限公司客户资产管理部,2025-05-08,0,1,,385362.0,-385362.0,*ST沐邦,10194832
2786,山西证券股份有限公司太原府西街证券营业部,2025-05-06,0,1,,385812.0,-385812.0,*ST精伦,10022035
2787,招商证券股份有限公司深圳文锦渡深润大厦证券营业部,2025-05-14,0,1,0.0,388800.0,-388800.0,宇顺电子,10046532
2788,东海证券股份有限公司洛阳九都东路证券营业部,2025-05-07,0,1,,390920.0,-390920.0,*ST起步,10079782
2789,光大证券股份有限公司东莞厚街证券营业部,2025-05-15,0,1,0.0,391827.3,-391827.3,普利退,10147195
2790,平安证券股份有限公司北京望京证券营业部,2025-05-06,0,1,0.0,395280.0,-395280.0,双成药业,10338758
2791,华泰证券股份有限公司上海长宁区凯旋路证券营业部,2025-05-15,0,1,0.0,398500.0,-398500.0,普利退,10334670
2792,华泰证券股份有限公司常州和平北路证券营业部,2025-05-13,0,1,,398796.0,-398796.0,退市创兴,10124413
2793,华泰证券股份有限公司连云港通灌南路证券营业部,2025-05-06,0,1,0.0,401475.71,-401475.71,四环生物,10030305
2794,方正证券股份有限公司青岛分公司,2025-05-07,0,1,,409600.0,-409600.0,*ST起步,10000066482
2795,中信证券股份有限公司深圳深南大道证券营业部,2025-05-06,0,1,0.0,411180.0,-411180.0,双成药业,10052124
2796,国泰海通证券股份有限公司潍坊东风东街第一证券营业部,2025-05-19,1,1,8356192.0,8781220.0,-425028.0,双成药业,10140602
2797,中国银河证券股份有限公司厦门湖滨中路证券营业部,2025-05-13,0,1,,425070.0,-425070.0,退市创兴,10030457
2798,国元证券股份有限公司杭州密渡桥路证券营业部,2025-05-15,0,1,0.0,431200.0,-431200.0,普利退,10104070
2799,华泰证券股份有限公司北京苏州街证券营业部,2025-05-06,0,1,0.0,434953.6,-434953.6,*ST华西,10098021
2800,华福证券有限责任公司泉州分公司,2025-05-08,0,1,,437400.0,-437400.0,*ST沐邦,10485091
2801,国盛证券有限责任公司宜春袁山中路证券营业部,2025-05-13,0,1,,439753.0,-439753.0,退市创兴,10145580
2802,东海证券股份有限公司洛阳青岛路证券营业部,2025-05-07,0,1,,441540.0,-441540.0,*ST春天,10140197
2803,中国中金财富证券有限公司广州天河路证券营业部,2025-05-30,0,1,0.0,442485.95,-442485.95,深深房B,10023646
2804,民生证券股份有限公司新密青屏大街证券营业部,2025-05-06,0,1,,444780.0,-444780.0,*ST精伦,10022070
2805,国投证券股份有限公司西安曲江池南路证券营业部,2025-05-07,1,1,10462773.0,10911859.0,-449086.0,京运通,10573482
2806,中信建投证券股份有限公司重庆龙山路证券营业部,2025-05-09,0,1,0.0,461354.67,-461354.67,普利退,10146923
2807,中国银河证券股份有限公司长沙韶山北路证券营业部,2025-05-15,1,1,3710579.0,4174543.0,-463964.0,肯特催化,10023517
2808,国金证券股份有限公司上海互联网证券分公司,2025-05-07,0,1,21452.0,486057.2,-464605.2,普利退,10074763
2809,方正证券股份有限公司南京浦江路证券营业部,2025-05-07,0,1,0.0,470700.0,-470700.0,普利退,10045054
2810,中信建投证券股份有限公司天津解放南路证券营业部,2025-05-27,1,1,4058407.42,4536487.06,-478079.64,保丽洁,10021827
2811,东莞证券股份有限公司北京分公司,2025-05-09,0,1,422.0,486402.0,-485980.0,*ST岭南,10484994
2812,广发证券股份有限公司惠州下埔路证券营业部,2025-05-21,0,1,0.0,506655.0,-506655.0,滨海能源,10022068
2813,财达证券股份有限公司上海浦东新区长岛路证券营业部,2025-05-14,0,1,0.0,507200.0,-507200.0,宇顺电子,10129807
2814,方正证券股份有限公司长沙芙蓉路证券营业部,2025-05-06,0,1,,514907.76,-514907.76,ST帕瓦,10128049
2815,国投证券股份有限公司广州猎德大道证券营业部,2025-05-06,0,1,1713370.93,2233896.1,-520525.17,广道退,10104914
2816,中信建投证券股份有限公司杭州庆春路证券营业部,2025-05-07,0,1,,542412.0,-542412.0,艾艾精工,10033779
2817,东方证券股份有限公司福州五四路证券营业部,2025-05-22,1,1,34517539.0,35063492.69,-545953.69,中恒电气 郑中设计,10456965
2818,东海证券股份有限公司南京分公司,2025-05-28,1,1,5335722.0,5883742.0,-548020.0,赛隆退,10000583799
2819,中信建投证券股份有限公司济南经四路证券营业部,2025-05-08,0,1,,549000.0,-549000.0,退市锦港,10028750
2820,瑞银证券有限责任公司上海浦东新区花园石桥路第二证券营业部,2025-05-26,7,6,82709905.55,83271596.51,-561690.96,ST交昂 大西洋 鼎龙科技 肯特催化 云中马 天元智能 雪龙集团 均瑶健康 安凯微,10342152
2821,华泰证券股份有限公司苏州分公司,2025-05-16,0,1,0.0,562546.76,-562546.76,普利退,10485134
2822,招商证券股份有限公司成都人民南路证券营业部,2025-05-21,0,1,,567240.0,-567240.0,空港股份,10030392
2823,平安证券股份有限公司芜湖黄山中路证券营业部,2025-05-06,0,1,722566.4,1289839.4,-567273.0,广道退,10338764
2824,大通证券股份有限公司柳州文昌路证券营业部,2025-05-22,0,1,,573788.0,-573788.0,汇得科技,10057477
2825,民生证券股份有限公司深圳福华路证券营业部,2025-05-19,0,1,0.0,575118.0,-575118.0,*ST和科,10297772
2826,国信证券股份有限公司北京分公司,2025-05-08,1,2,15349461.25,15924852.1,-575390.85,美心翼申 爱朋医疗 长华化学,10122926
2827,国信证券股份有限公司浙江分公司,2025-05-16,0,1,920.0,578982.0,-578062.0,普利转退 普利退,10467899
2828,中国银河证券股份有限公司汕头澄海证券营业部,2025-05-19,0,1,0.0,582780.0,-582780.0,*ST和科,10133747
2829,国盛证券有限责任公司宁波桑田路证券营业部,2025-05-30,2,1,155462071.4,156045941.0,-583869.6,福龙马 ST云动,10456710
2830,海通证券股份有限公司上海杨浦区周家嘴路证券营业部,2025-05-07,0,1,,593632.0,-593632.0,*ST起步,10028426
2831,东方财富证券股份有限公司太原晋阳街证券营业部,2025-05-09,0,1,0.0,599400.0,-599400.0,*ST岭南,10385401
2832,西南证券股份有限公司金华八一南街证券营业部,2025-05-08,0,1,,601550.0,-601550.0,*ST元成,10165923
2833,浙商证券股份有限公司德清余英坊证券营业部,2025-05-09,0,1,0.0,605000.0,-605000.0,普利退,10985306
2834,国新证券股份有限公司衡阳临江路证券营业部,2025-05-16,1,1,8045125.0,8650584.0,-605459.0,洪通燃气 茂化实华,10145334
2835,光大证券股份有限公司上海淮海中路证券营业部,2025-05-09,0,1,0.0,607110.0,-607110.0,*ST华西,10125410
2836,华福证券有限责任公司杭州五星路证券营业部,2025-05-21,1,1,17178445.16,17790066.21,-611621.05,南京港 信邦智能,10709086
2837,财通证券股份有限公司台州分公司,2025-05-06,0,1,,615823.16,-615823.16,ST帕瓦,10484950
2838,华西证券股份有限公司南充涪江路证券营业部,2025-05-06,0,1,0.0,622326.0,-622326.0,星光股份,10030378
2839,国投证券股份有限公司厦门民族路证券营业部,2025-05-12,1,1,3447138.0,4077305.0,-630167.0,贤丰控股,10436147
2840,国泰海通证券股份有限公司福州杨桥东路证券营业部,2025-05-07,0,1,,638000.0,-638000.0,原尚股份,10126544
2841,国金证券股份有限公司上海互联网证券分公司,2025-05-06,0,1,0.0,642555.0,-642555.0,*ST华西,10074763
2842,中国中金财富证券有限公司广州分公司,2025-05-27,0,1,4377301.27,5022825.41,-645524.14,胜业电气,10031840
2843,东莞证券股份有限公司揭阳分公司,2025-05-12,1,1,6320928.0,6969303.0,-648375.0,迎丰股份,10485002
2844,国泰海通证券股份有限公司上海黄陂南路证券营业部,2025-05-06,0,1,0.0,649400.0,-649400.0,四环生物,10025383
2845,东方证券股份有限公司重庆金州大道证券营业部,2025-05-21,0,1,,652000.0,-652000.0,空港股份,10436792
2846,平安证券股份有限公司深圳深南东路罗湖商务中心证券营业部,2025-05-22,1,1,2623193.63,3280724.22,-657530.59,科新发展 无锡鼎邦,10143566
2847,申万宏源证券有限公司杭州体育场路证券营业部,2025-05-08,0,1,0.0,677204.0,-677204.0,普利退,10028803
2848,东吴证券股份有限公司上海西藏南路证券营业部,2025-05-08,0,1,0.0,681914.0,-681914.0,普利退,10143030
2849,东吴证券股份有限公司上海浦东新区银城中路证券营业部,2025-05-06,0,1,8098843.0,8788717.0,-689874.0,兴民智通,10000614971
2850,广发证券股份有限公司海口龙昆北路证券营业部,2025-05-07,0,1,210720.0,902500.0,-691780.0,普利退,10081622
2851,中信建投证券股份有限公司北京马家堡西路证券营业部,2025-05-08,0,1,0.0,700500.0,-700500.0,普利退,10124382
2852,国金证券股份有限公司上海奉贤区金碧路证券营业部,2025-05-23,0,1,886770.0,1589281.0,-702511.0,ST金鸿,10467671
2853,申万宏源证券有限公司上海徐汇区天钥桥路证券营业部,2025-05-21,1,1,60383.4,764361.0,-703977.6,滨海能源 汇丽B,10509166
2854,中国银河证券股份有限公司德阳凯江路证券营业部,2025-05-07,0,1,,705536.0,-705536.0,*ST起步,10506059
2855,中山证券有限责任公司中山分公司,2025-05-06,0,1,0.0,724000.0,-724000.0,四环生物,10045112
2856,申万宏源证券有限公司上海闵行区东川路证券营业部,2025-05-29,1,1,59486161.0,60217023.0,-730862.0,新国都,10131320
2857,中信证券股份有限公司如皋福寿路证券营业部,2025-05-08,0,1,,732005.26,-732005.26,退市锦港,10048136
2858,国金证券股份有限公司乌鲁木齐南湖路证券营业部,2025-05-12,0,1,6131193.05,6870282.66,-739089.61,成电光信,10716260
2859,浙商证券股份有限公司义乌江滨北路证券营业部,2025-05-19,0,1,0.0,745715.23,-745715.23,普利退,10046762
2860,中信建投证券股份有限公司上海控江路证券营业部,2025-05-08,0,1,,747813.0,-747813.0,退市锦港,10021798
2861,财达证券股份有限公司保定莲池北大街证券营业部,2025-05-06,0,1,0.0,750470.0,-750470.0,立方退,10104734
2862,华鑫证券有限责任公司西安分公司,2025-05-08,0,1,,751024.0,-751024.0,亚振家居,10484856
2863,平安证券股份有限公司江苏分公司,2025-05-20,0,1,281210.0,1041809.05,-760599.05,普利退,10030173
2864,国信证券股份有限公司安徽分公司,2025-05-06,0,1,,762300.0,-762300.0,*ST精伦,10103081
2865,华鑫证券有限责任公司成都交子大道证券营业部,2025-05-07,0,1,,762910.0,-762910.0,*ST春天,10456795
2866,东北证券股份有限公司佛山分公司,2025-05-19,0,1,7508890.0,8272105.0,-763215.0,路畅科技,10533627
2867,中国中金财富证券有限公司杭州环城北路证券营业部,2025-05-06,0,1,,763802.88,-763802.88,ST帕瓦,10467727
2868,中泰证券股份有限公司章丘双山北路证券营业部,2025-05-14,0,1,86000.0,863000.0,-777000.0,普利退,10135464
2869,长江证券股份有限公司上海东门路证券营业部,2025-05-22,0,1,31808211.0,32586701.0,-778490.0,昆仑万维,10436176
2870,华安证券股份有限公司南京胜太西路证券营业部,2025-05-09,0,1,0.0,780700.0,-780700.0,*ST岭南,10655064
2871,平安证券股份有限公司福州长乐北路证券营业部,2025-05-26,0,1,6361490.98,7149785.24,-788294.26,瑞奇智造,10476445
2872,海通证券股份有限公司丹阳金陵西路证券营业部,2025-05-09,0,1,0.0,789260.0,-789260.0,普利退,10108373
2873,华泰证券股份有限公司深圳前海证券营业部,2025-05-09,2,1,35227356.0,36018541.0,-791185.0,华阳新材 中超控股 利君股份,10443747
2874,东方证券股份有限公司上海静安区万荣路证券营业部,2025-05-14,0,1,0.0,794400.0,-794400.0,宇顺电子,10133265
2875,海通证券股份有限公司青岛福州南路证券营业部,2025-05-14,0,1,0.0,801520.0,-801520.0,普利退,10030220
2876,中国银河证券股份有限公司太原桃园证券营业部,2025-05-21,0,1,,803264.0,-803264.0,空港股份,10021925
2877,中泰证券股份有限公司烟台正阳路证券营业部,2025-05-08,0,1,,805563.0,-805563.0,*ST沐邦,10120179
2878,东方财富证券股份有限公司拉萨江苏东路证券营业部,2025-05-06,0,1,49176.0,855288.0,-806112.0,普利退,10697104
2879,华泰证券股份有限公司深圳深南大道基金大厦证券营业部,2025-05-21,0,1,8008.0,815500.0,-807492.0,普利退,10149531
2880,平安证券股份有限公司杭州曙光路证券营业部,2025-05-15,0,1,,807817.0,-807817.0,大有能源,10000136805
2881,中泰证券股份有限公司上海周家嘴路证券营业部,2025-05-06,0,1,,810760.88,-810760.88,ST帕瓦,10113621
2882,招商证券交易单元(052300),2025-05-23,1,1,18393921.0,19208617.0,-814696.0,西陇科学,10003194
2883,国投证券股份有限公司上海黄浦区中山南路证券营业部,2025-05-19,0,1,,822143.0,-822143.0,安彩高科,10418611
2884,光大证券股份有限公司汉中东大街证券营业部,2025-05-07,1,1,12475493.0,13304965.0,-829472.0,湖南天雁,10397301
2885,方正证券股份有限公司沈阳分公司,2025-05-23,0,1,609260.0,1444631.0,-835371.0,ST金鸿,10081544
2886,申万宏源证券有限公司上海闵行区莘松路证券营业部,2025-05-08,0,1,,838720.0,-838720.0,*ST元成,10462050
2887,华鑫证券有限责任公司深圳益田路证券营业部,2025-05-12,1,1,10084690.0,10925505.0,-840815.0,百达精工 苏州龙杰,10495078
2888,东莞证券股份有限公司东莞分公司,2025-05-27,0,1,,849954.0,-849954.0,汇金通,10484999
2889,中信证券股份有限公司杭州新天地证券营业部,2025-05-21,1,1,4507447.3,5360055.46,-852608.16,绿康生化,10133941
2890,国盛证券有限责任公司南昌金融大街证券营业部,2025-05-29,0,1,8660221.4,9514028.0,-853806.6,粤电力A,10456701
2891,国联民生证券股份有限公司上海虹口区飞虹路证券营业部,2025-05-07,0,1,,862223.0,-862223.0,原尚股份,10028571
2892,天风证券股份有限公司浙江分公司,2025-05-06,0,1,10065474.0,10947106.1,-881632.1,ST创意,10570378
2893,中国中金财富证券有限公司北京分公司,2025-05-06,0,1,0.0,885543.0,-885543.0,*ST动力,10048294
2894,中泰证券股份有限公司威海分公司,2025-05-07,0,1,,886195.0,-886195.0,原尚股份,10191298
2895,中信证券(山东)有限责任公司青岛西海岸新区长江中路,2025-05-06,0,1,0.0,903863.0,-903863.0,*ST动力,10484148
2896,中山证券有限责任公司深圳粤海分公司,2025-05-21,0,1,0.0,905526.0,-905526.0,普利退,10549198
2897,中国银河证券股份有限公司廊坊永兴路证券营业部,2025-05-07,0,1,0.0,908937.0,-908937.0,ST惠程,10133778
2898,申万宏源证券有限公司上海浦东新区靖海路证券营业部,2025-05-08,0,1,2510082.0,3419262.0,-909180.0,信凯科技,10025188
2899,华福证券有限责任公司海南分公司,2025-05-19,0,1,,913086.0,-913086.0,安彩高科,10511619
2900,海通证券股份有限公司金华回溪街证券营业部,2025-05-19,0,1,,914000.0,-914000.0,安彩高科,10456357
2901,华创证券有限责任公司重庆分公司,2025-05-07,0,1,0.0,921000.0,-921000.0,ST惠程,10913173
2902,中国银河证券股份有限公司重庆沙南街证券营业部,2025-05-14,0,1,0.0,922823.6,-922823.6,普利退,10436614
2903,中原证券股份有限公司郑州互联网分公司,2025-05-21,0,1,0.0,922984.0,-922984.0,普利退,10918742
2904,中信证券(山东)有限责任公司青岛香港中路证券营业部,2025-05-21,0,1,0.0,925000.0,-925000.0,赛隆退,10134745
2905,方正证券股份有限公司南通青年中路证券营业部,2025-05-13,0,1,6371458.0,7307190.0,-935732.0,电投产融,10000062560
2906,中信建投证券股份有限公司济南和平路证券营业部,2025-05-20,0,1,,936000.0,-936000.0,综艺股份,10062142
2907,国盛证券有限责任公司宁波天童南路证券营业部,2025-05-29,1,2,56370410.0,57311867.0,-941457.0,联明股份 联化科技,10664100
2908,华鑫证券有限责任公司上海梅园路证券营业部,2025-05-20,0,1,6647550.0,7590822.0,-943272.0,金利华电,10000228198
2909,中信证券股份有限公司东阳吴宁西路证券营业部,2025-05-27,1,1,10611822.0,11564969.0,-953147.0,长城电工,10124373
2910,中泰证券股份有限公司菏泽人民路证券营业部,2025-05-15,0,1,,956310.0,-956310.0,大有能源,10113581
2911,世纪证券有限责任公司南昌沿江南大道证券营业部,2025-05-13,0,1,,957870.0,-957870.0,苏州龙杰,10021997
2912,信达证券股份有限公司山东第一分公司,2025-05-22,0,1,,959168.0,-959168.0,汇得科技,10000303348
2913,国新证券股份有限公司衡阳临江路证券营业部,2025-05-21,0,1,0.0,973295.0,-973295.0,赛隆退,10145334
2914,光大证券股份有限公司泰州东进路证券营业部,2025-05-19,0,1,0.0,975033.53,-975033.53,普利退,10960566
2915,中国银河证券股份有限公司福州湖东路证券营业部,2025-05-21,0,1,,975392.0,-975392.0,空港股份,10023580
2916,东吴证券股份有限公司苏州石路证券营业部,2025-05-08,0,1,,984576.0,-984576.0,*ST沐邦,10030320
2917,华鑫证券有限责任公司成都交子大道证券营业部,2025-05-09,0,1,0.0,984760.0,-984760.0,*ST华西,10456795
2918,麦高证券有限责任公司成都丽都路证券营业部,2025-05-19,1,0,21219550.0,22210447.0,-990897.0,格力博,10506068
2919,西部证券股份有限公司厦门桃园路证券营业部,2025-05-13,0,1,,999630.0,-999630.0,苏州龙杰,10000614966
2920,国信证券股份有限公司上海北京东路证券营业部,2025-05-07,0,2,0.0,1006332.0,-1006332.0,艾艾精工 声迅股份,10045169
2921,东方财富证券股份有限公司昌都两江大道证券营业部,2025-05-26,0,1,4512444.0,5521534.0,-1009090.0,*ST岭南,10342919
2922,中银国际证券股份有限公司北京宣外大街证券营业部,2025-05-27,0,1,,1029000.0,-1029000.0,汇金通,10075499
2923,上海证券有限责任公司宁波北仑新大路证券营业部,2025-05-08,0,1,,1031465.0,-1031465.0,*ST元成,10000004537
2924,浙商证券股份有限公司上海长乐路证券营业部,2025-05-06,0,1,0.0,1036700.0,-1036700.0,普利退,10046757
2925,招商证券股份有限公司武汉青年路证券营业部,2025-05-06,0,1,,1042822.95,-1042822.95,逸飞激光,10103086
2926,华福证券有限责任公司福州上三路证券营业部,2025-05-19,0,1,,1055670.0,-1055670.0,安彩高科,10318917
2927,中泰证券股份有限公司上海滨江大道证券营业部,2025-05-06,0,1,,1059503.25,-1059503.25,逸飞激光,10123448
2928,第一创业证券股份有限公司青岛分公司,2025-05-07,0,1,,1064836.0,-1064836.0,*ST起步,10159692
2929,天风证券股份有限公司乐山至乐路证券营业部,2025-05-08,0,1,,1070244.0,-1070244.0,联德股份,10658406
2930,中信建投证券股份有限公司南通工农北路证券营业部,2025-05-15,0,1,1339772.0,2415288.0,-1075516.0,*ST万方,10324759
2931,中信建投证券股份有限公司上海营口路证券营业部,2025-05-19,0,1,732002.0,1815737.8,-1083735.8,恒久退,10028716
2932,中信证券股份有限公司诸暨暨东路证券营业部,2025-05-19,0,1,,1089488.0,-1089488.0,安彩高科,10071021
2933,南京证券股份有限公司宁波锦寓路证券营业部,2025-05-08,0,1,,1095682.36,-1095682.36,退市锦港,10142146
2934,中信证券股份有限公司武汉建设大道证券营业部,2025-05-06,0,2,0.0,1098623.6,-1098623.6,立方退 逸飞激光,10045032
2935,东兴证券股份有限公司北京大望路证券营业部,2025-05-23,0,1,8777213.0,9886589.44,-1109376.44,升达林业,10127383
2936,国盛证券有限责任公司金华双龙南街证券营业部,2025-05-16,1,1,18083880.0,19203582.0,-1119702.0,南京港,10456721
2937,国信证券股份有限公司永康五洲路证券营业部,2025-05-08,0,1,,1124928.0,-1124928.0,联德股份,10477765
2938,华泰证券股份有限公司上海长宁区凯旋路证券营业部,2025-05-19,0,1,49200.0,1188620.0,-1139420.0,普利退,10334670
2939,国泰海通证券股份有限公司深圳香蜜湖路证券营业部,2025-05-09,1,1,3609510.45,4751265.0,-1141754.55,ST椰岛 顺景科技,10025386
2940,东方证券股份有限公司广州平月路证券营业部,2025-05-15,0,1,,1143000.0,-1143000.0,大有能源,10074764
2941,中信证券股份有限公司深圳前海分公司,2025-05-14,0,1,0.0,1152046.0,-1152046.0,普利退,10410457
2942,国信证券股份有限公司广州东风中路证券营业部,2025-05-07,0,1,,1156906.0,-1156906.0,原尚股份,10045172
2943,中航证券有限公司萍乡建设中路证券营业部,2025-05-27,0,1,,1160712.0,-1160712.0,汇金通,10449408
2944,光大证券股份有限公司东莞厚街证券营业部,2025-05-14,0,1,0.0,1174020.3,-1174020.3,普利退,10147195
2945,中泰证券股份有限公司威海海滨北路证券营业部,2025-05-27,0,1,2848277.76,4049495.98,-1201218.22,胜业电气,10065510
2946,东亚前海证券有限责任公司浙江分公司,2025-05-07,1,1,11222152.0,12427358.0,-1205206.0,华伍股份 华阳新材,10000011376
2947,光大证券股份有限公司泰州东进路证券营业部,2025-05-27,0,1,1455729.0,2672906.0,-1217177.0,恒久退,10960566
2948,东莞证券股份有限公司苏州聚茂街证券营业部,2025-05-19,0,1,12578604.44,13802030.76,-1223426.32,安纳达,10583882
2949,国海证券股份有限公司福建分公司,2025-05-13,0,1,0.0,1234800.0,-1234800.0,恒而达,10570233
2950,招商证券股份有限公司北京光明路证券营业部,2025-05-21,0,1,0.0,1251000.0,-1251000.0,滨海能源,10048190
2951,国泰海通证券股份有限公司深圳香蜜湖路证券营业部,2025-05-19,0,1,410287.0,1668998.0,-1258711.0,恒久退,10025386
2952,国盛证券有限责任公司青岛分公司,2025-05-16,0,1,2215681.0,3478227.0,-1262546.0,荣丰控股,10456644
2953,华鑫证券有限责任公司河南分公司,2025-05-07,0,1,0.0,1275600.0,-1275600.0,ST惠程,10456796
2954,兴业证券股份有限公司福州工业路证券营业部,2025-05-29,0,1,7416426.0,8696212.0,-1279786.0,信邦智能,10057576
2955,华泰证券股份有限公司深圳益田路荣超商务中心证券营业部,2025-05-07,0,1,,1284404.0,-1284404.0,*ST四通,10142874
2956,中泰证券股份有限公司北京分公司,2025-05-08,0,1,,1293224.0,-1293224.0,退市创兴,10484890
2957,申万宏源证券有限公司上海金山区蒙山路证券营业部,2025-05-07,0,1,,1298099.0,-1298099.0,退市沪科,10028417
2958,华泰证券股份有限公司杭州解放东路证券营业部,2025-05-16,0,1,1968311.9,3267679.0,-1299367.1,森萱医药,10092832
2959,太平洋证券股份有限公司无锡永丰路证券营业部,2025-05-23,0,1,453796.0,1759110.0,-1305314.0,ST金鸿,10502407
2960,国信证券股份有限公司辽宁分公司,2025-05-09,0,1,2170719.5,3483742.5,-1313023.0,宇顺电子,10078272
2961,财通证券股份有限公司杭州上塘路证券营业部,2025-05-07,0,1,726210.0,2050673.46,-1324463.46,广道退,10063083
2962,华西证券股份有限公司杭州学院路证券营业部,2025-05-07,0,1,0.0,1331100.0,-1331100.0,*ST步森,10028640
2963,中信证券股份有限公司如皋福寿路证券营业部,2025-05-19,0,1,,1332211.86,-1332211.86,综艺股份,10048136
2964,长江证券股份有限公司武汉武珞路证券营业部,2025-05-06,0,1,0.0,1337167.72,-1337167.72,广道退,10025413
2965,开源证券股份有限公司河南分公司,2025-05-08,0,1,,1337974.0,-1337974.0,退市锦港,10664120
2966,中国银河证券股份有限公司北京望京证券营业部,2025-05-26,0,1,,1343330.0,-1343330.0,退市锦港,10030474
2967,中信证券股份有限公司九江长江大道证券营业部,2025-05-12,0,1,,1344000.0,-1344000.0,龙蟠科技,10436586
2968,东方财富证券股份有限公司日喀则山东路证券营业部,2025-05-20,0,1,,1353456.0,-1353456.0,综艺股份,10685084
2969,光大证券股份有限公司上海人民北路证券营业部,2025-05-12,0,1,,1361920.0,-1361920.0,龙蟠科技,10159811
2970,浙商证券股份有限公司永康九铃东路证券营业部,2025-05-08,0,1,,1363207.0,-1363207.0,*ST元成,10046773
2971,中山证券有限责任公司北京分公司,2025-05-07,0,1,,1381880.0,-1381880.0,艾艾精工,10045113
2972,华西证券股份有限公司深圳民田路证券营业部,2025-05-06,0,1,0.0,1381950.84,-1381950.84,普利转退 普利退,10078200
2973,国投证券股份有限公司潮州城新西路证券营业部,2025-05-27,0,1,,1390120.0,-1390120.0,福华尚纬,10104691
2974,招商证券股份有限公司上海陆家嘴东路证券营业部,2025-05-14,0,1,,1397394.0,-1397394.0,*ST三房,10081712
2975,兴业证券股份有限公司上海金陵东路营业部,2025-05-26,0,1,1969513.88,3393365.52,-1423851.64,胜业电气,10027014
2976,国金证券股份有限公司北京崇文门外大街证券营业部,2025-05-06,1,1,8895664.0,10344545.02,-1448881.02,天元股份 华阳新材,10510717
2977,申万宏源证券有限公司安徽分公司,2025-05-12,0,1,,1468320.0,-1468320.0,龙蟠科技,10025461
2978,东莞证券股份有限公司四川分公司,2025-05-23,2,2,27329593.0,28798933.05,-1469340.05,无锡鼎邦 空港股份 合锻智能 福华尚纬,10477736
2979,上海证券有限责任公司崇明区堡镇中路证券营业部,2025-05-19,1,1,25532922.85,27002574.6,-1469651.75,天元宠物,10048468
2980,东北证券股份有限公司四川第二分公司,2025-05-09,0,1,0.0,1474740.46,-1474740.46,普利退,10000383333
2981,东方财富证券股份有限公司拉萨团结路第二证券营业部,2025-05-13,8,6,84145609.46,85631325.11,-1485715.65,富岭股份 卓兆点胶 汇通能源 七丰精工 中超控股 春光科技 太湖雪 哈森股份 华伍股份 华光源海 国航远洋,10495103
2982,太平洋证券股份有限公司无锡永丰路证券营业部,2025-05-12,0,1,0.0,1493711.96,-1493711.96,*ST步森,10502407
2983,方正证券股份有限公司长沙星沙开元东路证券营业部,2025-05-28,1,1,5245673.31,6749987.38,-1504314.07,华光源海,10159808
2984,中信建投证券股份有限公司天津解放南路证券营业部,2025-05-29,0,1,906694.75,2429287.51,-1522592.76,三友科技,10021827
2985,中国中金财富证券有限公司广州天河路证券营业部,2025-05-14,0,1,19318238.0,20845048.0,-1526810.0,成飞集成,10023646
2986,东方财富证券股份有限公司昌都两江大道证券营业部,2025-05-14,2,1,8021890.31,9569790.2,-1547899.89,百达精工 朝阳科技 普利转退 普利退,10342919
2987,南京证券股份有限公司南京常府街证券营业部,2025-05-09,0,1,,1554309.0,-1554309.0,ST海钦,10030355
2988,恒泰证券股份有限公司上海张杨路证券营业部,2025-05-14,0,1,,1565408.0,-1565408.0,*ST三房,10040886
2989,中信证券股份有限公司杭州凤起路证券营业部,2025-05-30,1,1,28339111.0,29904620.0,-1565509.0,丽人丽妆,10046604
2990,上海证券有限责任公司上海浦东新区商城路证券营业部,2025-05-07,0,1,0.0,1585812.43,-1585812.43,广道退,10028436
2991,东吴证券股份有限公司苏州西北街证券营业部,2025-05-06,1,1,3284875.91,4873910.86,-1589034.95,天微电子,10028577
2992,东吴证券股份有限公司苏州西北街二部营业部,2025-05-06,1,1,3284875.91,4873910.86,-1589034.95,春光智能,10028577
2993,国泰海通证券股份有限公司顺德大良证券营业部,2025-05-14,1,1,11775682.12,13370199.5,-1594517.38,恒而达,10064718
2994,国泰海通证券股份有限公司广东顺德大良营业部,2025-05-14,1,1,11775682.12,13370199.5,-1594517.38,志晟信息,10064718
2995,中国银河证券股份有限公司上海纪念路证券营业部,2025-05-23,0,1,,1595960.0,-1595960.0,福华尚纬,10030476
2996,国信证券股份有限公司上海北京东路证券营业部,2025-05-21,0,2,0.0,1615929.8,-1615929.8,赛隆退 汇丽B,10045169
2997,华泰证券股份有限公司永嘉阳光大道证券营业部,2025-05-28,0,1,4240971.0,5861303.0,-1620332.0,赛隆退,10166020
2998,中信证券股份有限公司上海黄浦区淮海中路证券营业部,2025-05-19,0,1,,1647135.0,-1647135.0,综艺股份,10066376
2999,中信证券股份有限公司陕西分公司,2025-05-15,0,1,,1650646.0,-1650646.0,综艺股份,10045039
3000,东海证券股份有限公司上海浦东新区苗圃路证券营业部,2025-05-19,0,1,0.0,1654866.0,-1654866.0,*ST和科,10078221
3001,国金证券股份有限公司上海静安区南京西路证券营业部,2025-05-08,0,1,3770441.0,5426046.0,-1655605.0,众捷汽车,10342130
3002,中信证券股份有限公司安徽分公司,2025-05-15,0,1,,1691389.0,-1691389.0,安正时尚,10152446
3003,东北证券股份有限公司长春丹江街证券营业部,2025-05-20,0,1,,1693062.0,-1693062.0,综艺股份,10145881
3004,东北证券股份有限公司长春丹江街证券营业部,2025-05-19,0,1,,1693062.0,-1693062.0,综艺股份,10145881
3005,西部证券股份有限公司渭南东风街证券营业部,2025-05-21,0,1,,1695022.0,-1695022.0,宝光股份,10025219
3006,中信证券股份有限公司如皋福寿路证券营业部,2025-05-15,0,1,,1697207.51,-1697207.51,综艺股份,10048136
3007,大通证券股份有限公司福州五四路证券营业部,2025-05-07,0,1,,1697404.0,-1697404.0,*ST四通,10342140
3008,招商证券股份有限公司深圳福民路证券营业部,2025-05-14,0,1,0.0,1698048.0,-1698048.0,宇顺电子,10046529
3009,中国中金财富证券有限公司重庆两江新区证券营业部,2025-05-23,0,1,,1700000.0,-1700000.0,福华尚纬,10159803
3010,方正证券股份有限公司上海浦东新区成山路证券营业部,2025-05-07,1,1,17143632.0,18859968.0,-1716336.0,电光科技,10502153
3011,中信证券股份有限公司深圳深南中路中信大厦证券营业部,2025-05-16,0,1,896953.8,2614754.2,-1717800.4,荣丰控股,10134015
3012,国泰海通证券股份有限公司南京太平南路证券营业部,2025-05-27,1,1,20061786.0,21782954.0,-1721168.0,通达电气,10025054
3013,太平洋证券股份有限公司新疆分公司,2025-05-21,0,1,0.0,1723306.0,-1723306.0,赛隆退,10509010
3014,沪股通专用,2025-05-20,10,12,508836325.12,510561328.48,-1725003.36,*ST九鼎 安彩高科 贵航股份 保变电气 综艺股份 亚泰集团 浙文互联 连云港 锦江航运 京运通 荣昌生物 三生国健 益方生物,10434470
3015,平安证券股份有限公司上海巨鹿路证券营业部,2025-05-08,0,1,,1734171.0,-1734171.0,亚振家居,10022101
3016,东方证券股份有限公司上海黄浦区中山南路第一证券营业部,2025-05-06,0,1,0.0,1736695.0,-1736695.0,立方退,10023738
3017,中信证券股份有限公司东阳吴宁西路证券营业部,2025-05-26,1,1,17278159.0,19015904.0,-1737745.0,永冠新材,10124373
3018,国泰海通证券股份有限公司成都交子大道证券营业部,2025-05-09,0,1,0.0,1738730.0,-1738730.0,*ST华西,10999156
3019,华鑫证券有限责任公司宁波分公司,2025-05-09,0,1,0.0,1754825.6,-1754825.6,*ST华西,10499310
3020,中泰证券股份有限公司济南历山路证券营业部,2025-05-15,0,1,0.0,1757920.0,-1757920.0,*ST万方,10104730
3021,金元证券股份有限公司上海东方路证券营业部,2025-05-06,0,1,0.0,1764840.0,-1764840.0,*ST英飞,10025286
3022,东吴证券股份有限公司姜堰人民中路证券营业部,2025-05-29,0,1,,1767420.0,-1767420.0,*ST四通,10196685
3023,国新证券股份有限公司宁波创苑路证券营业部,2025-05-27,0,1,,1768520.0,-1768520.0,福华尚纬,10492144
3024,申万宏源证券有限公司武汉中山路证券营业部,2025-05-06,0,1,13442.0,1794902.0,-1781460.0,*ST动力,10025462
3025,申万宏源证券有限公司上海闵行区七莘路证券营业部,2025-05-14,0,1,,1790048.0,-1790048.0,*ST三房,10025442
3026,财通证券股份有限公司丽水分公司,2025-05-13,0,1,0.0,1793400.0,-1793400.0,恒而达,10159701
3027,中信证券股份有限公司镇江分公司,2025-05-21,0,1,9873499.0,11679272.0,-1805773.0,郑中设计,10188594
3028,华鑫证券有限责任公司杭州分公司,2025-05-13,1,1,7421765.0,9238482.28,-1816717.28,恒而达 七丰精工,10000055313
3029,长江证券股份有限公司厦门湖滨北路证券营业部,2025-05-27,0,1,,1836884.0,-1836884.0,锦泓集团,10168987
3030,海通证券股份有限公司杭州市心北路证券营业部,2025-05-21,0,1,,1838328.98,-1838328.98,*ST尔雅,10068882
3031,湘财证券股份有限公司上海陆家嘴证券营业部,2025-05-27,0,1,,1843968.0,-1843968.0,汇金通,10429176
3032,国盛证券有限责任公司宁波天童南路证券营业部,2025-05-08,1,3,77831970.0,79680540.0,-1848570.0,视觉中国 华胜天成 全筑股份 *ST元成,10664100
3033,华鑫证券有限责任公司上海茅台路证券营业部,2025-05-09,2,2,29839239.0,31689467.0,-1850228.0,淮河能源 成飞集成 ST章鼓,10028419
3034,国泰海通证券股份有限公司安徽合肥创新大道营业部,2025-05-06,1,1,3608820.59,5470820.23,-1861999.64,广道退,10000381778
3035,华西证券股份有限公司成都龙腾东路证券营业部,2025-05-06,0,1,,1870200.0,-1870200.0,天微电子,10414809
3036,东吴证券股份有限公司苏州工业园区苏州大道东证券营业部,2025-05-21,0,1,,1871419.0,-1871419.0,宝光股份,10046828
3037,中国银河证券股份有限公司哈尔滨景江西路证券营业部,2025-05-07,0,1,0.0,1886367.0,-1886367.0,*ST步森,10992435
3038,华福证券有限责任公司福州达道路证券营业部,2025-05-15,0,1,,1890742.0,-1890742.0,综艺股份,10030521
3039,中泰证券股份有限公司上海滨江大道证券营业部,2025-05-09,0,1,,1905440.0,-1905440.0,迎丰股份,10123448
3040,东方财富证券股份有限公司泉州田安路证券营业部,2025-05-12,0,1,2934000.0,4842351.0,-1908351.0,皮阿诺,10374709
3041,东吴证券股份有限公司苏州工业园区苏州大道东证券营业部,2025-05-09,0,1,1475.0,1914640.4,-1913165.4,*ST华西,10046828
3042,东方财富证券股份有限公司拉萨东城区江苏大道证券营业部,2025-05-26,0,1,5442165.46,7358925.11,-1916759.65,常辅股份,10708576
3043,瑞银证券有限责任公司上海浦东新区花园石桥路第二证券营业部,2025-05-20,3,3,45540938.14,47464022.77,-1923084.63,宜宾纸业 百合股份 安乃达 铁流股份 正弦电气,10342152
3044,中国银河证券股份有限公司武汉积玉桥证券营业部,2025-05-12,0,1,0.0,1923289.0,-1923289.0,*ST步森,10139832
3045,长城证券股份有限公司南昌红谷南大道证券营业部,2025-05-21,0,1,0.0,1924337.0,-1924337.0,神雾节能,10436163
3046,山西证券股份有限公司长治英雄南路证券营业部,2025-05-09,0,1,,1957050.0,-1957050.0,迎丰股份,10098283
3047,兴业证券股份有限公司厦门建业路证券营业部,2025-05-07,0,1,22575.0,1993600.0,-1971025.0,*ST步森,10052794
3048,长城证券股份有限公司前海分公司,2025-05-27,0,1,791511.71,2764879.94,-1973368.23,中科美菱,10473812
3049,浙商证券股份有限公司湖州双子大厦证券营业部,2025-05-12,0,1,,1976732.0,-1976732.0,ST东尼,10105365
3050,国投证券股份有限公司郑州花园路证券营业部,2025-05-27,0,1,338800.0,2315790.0,-1976990.0,恒久退,10143732
3051,开源证券股份有限公司榆林分公司,2025-05-14,0,1,,1980980.0,-1980980.0,宁波海运,10021949
3052,恒泰证券股份有限公司南京水西门大街证券营业部,2025-05-12,0,1,0.0,1984400.0,-1984400.0,*ST步森,10145207
3053,南京证券股份有限公司银川文化东街证券营业部,2025-05-27,0,1,,1988239.0,-1988239.0,锦泓集团,10085179
3054,银泰证券有限责任公司宁波中山东路证券营业部,2025-05-22,0,1,,1998718.0,-1998718.0,廊坊发展,10399924
3055,国新证券股份有限公司厦门民族路证券营业部,2025-05-28,0,1,,2010000.0,-2010000.0,ST海钦,10682295
3056,招商证券股份有限公司北京北三环东路证券营业部,2025-05-21,0,1,0.0,2018400.0,-2018400.0,慧博云通,10046546
3057,招商证券股份有限公司北京光明路证券营业部,2025-05-26,0,1,,2040000.0,-2040000.0,退市锦港,10048190
3058,华泰证券股份有限公司上海奉贤区望园南路证券营业部,2025-05-28,1,1,12936152.8,14983230.0,-2047077.2,邵阳液压,10089878
3059,申万宏源证券有限公司上海黄浦区新昌路证券营业部,2025-05-30,0,1,,2054625.0,-2054625.0,菲林格尔,10048531
3060,中信建投证券股份有限公司北京鸿翼分公司,2025-05-20,1,1,18783803.0,20840264.3,-2056461.3,渝三峡A 红墙股份,10000093785
3061,中国银河证券股份有限公司台州银座北街证券营业部,2025-05-07,0,1,40171.56,2099560.62,-2059389.06,广道退,10023545
3062,国信证券股份有限公司北京分公司,2025-05-09,3,2,22235464.55,24294989.91,-2059525.36,晟楠科技 华纺股份 升达林业 利君股份 万事利,10122926
3063,光大证券股份有限公司东莞厚街证券营业部,2025-05-13,0,1,94684.0,2164760.0,-2070076.0,普利退,10147195
3064,东吴证券股份有限公司吴江盛泽镇西环路证券营业部,2025-05-06,0,1,,2074101.0,-2074101.0,松发股份,10139147
3065,国金证券股份有限公司深圳湾一号证券营业部,2025-05-16,2,2,21257215.91,23331394.11,-2074178.2,天工股份 七丰精工 华光源海,10396105
3066,东吴证券股份有限公司苏州工业园区苏州大道东证券营业部,2025-05-06,0,1,2616.0,2078998.4,-2076382.4,*ST华西,10046828
3067,国投证券股份有限公司佛山顺德容奇大道证券营业部,2025-05-21,0,1,0.0,2088696.0,-2088696.0,慧博云通,10111564
3068,中信证券股份有限公司上海宝山区同济路证券营业部,2025-05-06,0,1,0.0,2090648.0,-2090648.0,*ST岭南,10436248
3069,招商证券股份有限公司南昌北京西路证券营业部,2025-05-07,0,1,11750.0,2107762.0,-2096012.0,*ST和科,10141746
3070,中信建投证券股份有限公司泉州分公司,2025-05-21,0,1,,2113132.0,-2113132.0,*ST尔雅,10003306
3071,中信证券股份有限公司总部(非营业场所),2025-05-26,0,1,,2122200.0,-2122200.0,均瑶健康,10045029
3072,招商证券股份有限公司上海长柳路证券营业部,2025-05-27,0,1,71676.0,2195011.0,-2123335.0,恒久退,10509025
3073,光大证券股份有限公司上海金山区卫清西路证券营业部,2025-05-07,0,1,,2153600.0,-2153600.0,退市沪科,10159769
3074,国金证券股份有限公司成都龙泉驿区龙平路证券营业部,2025-05-06,0,1,,2170323.77,-2170323.77,天微电子,10131688
3075,中信建投证券股份有限公司北京远大路证券营业部,2025-05-08,0,1,,2173983.0,-2173983.0,亚振家居,10429361
3076,申港证券股份有限公司深圳分公司,2025-05-07,0,1,15847482.0,18022662.0,-2175180.0,电光科技,10787117
3077,国信证券股份有限公司浙江分公司,2025-05-23,0,1,,2184022.0,-2184022.0,福华尚纬,10467899
3078,国投证券股份有限公司海南分公司,2025-05-27,0,1,,2184400.0,-2184400.0,福华尚纬,10120975
3079,中国银河证券股份有限公司庄河世纪大街证券营业部,2025-05-07,0,1,,2203488.0,-2203488.0,退市沪科,10436611
3080,浙商证券股份有限公司杭州杭大路证券营业部,2025-05-07,0,1,46009.0,2250133.0,-2204124.0,亚太实业,10021964
3081,财通证券股份有限公司长兴明珠路证券营业部,2025-05-14,0,1,,2207554.0,-2207554.0,*ST三房,10142789
3082,方正证券股份有限公司广州东风中路证券营业部,2025-05-07,0,1,0.0,2208307.0,-2208307.0,亚太实业,10000479512
3083,申万宏源证券有限公司上海闵行区莘松路证券营业部,2025-05-28,0,1,192616.0,2404602.0,-2211986.0,荣丰控股,10462050
3084,东吴证券股份有限公司上海西藏南路证券营业部,2025-05-16,1,1,9175132.01,11389154.96,-2214022.95,绿康生化 天工股份,10143030
3085,财通证券股份有限公司深圳凤凰大道证券营业部,2025-05-21,0,1,0.0,2220000.0,-2220000.0,赛隆退,10933334
3086,华鑫证券有限责任公司上海云锦路营业部,2025-05-23,0,1,0.0,2224019.64,-2224019.64,无锡鼎邦,10048457
3087,招商证券股份有限公司北京车公庄西路证券营业部,2025-05-07,0,1,0.0,2250424.0,-2250424.0,*ST和科,10028688
3088,招商证券股份有限公司深圳建安路证券营业部,2025-05-28,0,1,,2255800.0,-2255800.0,ST海钦,10046531
3089,招商证券股份有限公司深圳建安路证券营业部,2025-05-09,0,1,,2257350.0,-2257350.0,ST海钦,10046531
3090,华福证券有限责任公司惠安东南街证券营业部,2025-05-06,0,1,0.0,2260203.0,-2260203.0,*ST英飞,10145540
3091,国金证券股份有限公司南安江北大道证券营业部,2025-05-15,0,1,,2268079.0,-2268079.0,综艺股份,10000237376
3092,中国中金财富证券有限公司自贡丹桂南大街证券营业部,2025-05-09,0,1,0.0,2277600.0,-2277600.0,宇顺电子,10030329
3093,中国中金财富证券有限公司广州番禺东兴路证券营业部,2025-05-21,0,1,,2278500.0,-2278500.0,宝光股份,10174528
3094,中信建投证券股份有限公司上海市徐家汇路证券营业部,2025-05-21,0,1,,2288866.0,-2288866.0,*ST尔雅,10021799
3095,招商证券股份有限公司深圳南山南油大道证券营业部,2025-05-07,0,1,824627.0,3121279.5,-2296652.5,*ST瑞和,10046530
3096,国泰海通证券股份有限公司郑州黄河路证券营业部,2025-05-28,0,1,0.0,2335872.0,-2335872.0,劲旅环境,10026725
3097,中银国际证券股份有限公司合肥滨湖新区证券营业部,2025-05-29,0,1,0.0,2344926.0,-2344926.0,*ST启环,10181393
3098,平安证券股份有限公司北京市分公司,2025-05-06,0,1,738291.0,3092741.4,-2354450.4,新能股份,10023369
3099,东北证券股份有限公司通化分公司,2025-05-08,0,1,,2356480.0,-2356480.0,退市创兴,10080051
3100,国信证券股份有限公司浙江互联网分公司,2025-05-14,6,8,296202651.82,298567135.47,-2364483.65,华纺股份 渝三峡A 襄阳轴承 连云港 国芳集团 青岛金王 红宝丽 尤夫股份 跨境通 *ST岭南 红墙股份,10000213448
3101,中信证券股份有限公司东阳吴宁西路证券营业部,2025-05-19,2,2,31979967.0,34350093.0,-2370126.0,华阳新材 百利电气,10124373
3102,东方证券股份有限公司上海徐汇广元西路证券营业部,2025-05-22,0,1,,2373000.0,-2373000.0,廊坊发展,10031891
3103,国元证券股份有限公司肥西名邦广场证券营业部,2025-05-16,0,1,0.0,2380534.64,-2380534.64,森萱医药,10641132
3104,西部证券股份有限公司上海开鲁路证券营业部,2025-05-20,0,1,,2406064.0,-2406064.0,安彩高科,10023434
3105,东北证券股份有限公司四川分公司,2025-05-21,0,1,,2419313.0,-2419313.0,大有能源,10436249
3106,国投证券股份有限公司上海普陀区江宁路证券营业部,2025-05-14,1,1,9249791.07,11669650.72,-2419859.65,天工股份,10116382
3107,国金证券股份有限公司上海静安区南京西路证券营业部,2025-05-26,1,2,16595971.96,19016919.15,-2420947.19,空港股份 新天地 太力科技,10342130
3108,方正证券股份有限公司广州兴盛路证券营业部,2025-05-06,0,1,,2425704.0,-2425704.0,曙光股份,10160533
3109,上海证券有限责任公司宁波北仑新大路证券营业部,2025-05-28,1,1,5604009.26,8042642.25,-2438632.99,胜业电气 保丽洁,10000004537
3110,方正证券股份有限公司广东分公司,2025-05-06,0,1,0.0,2452992.0,-2452992.0,新能股份,10353101
3111,中信建投证券股份有限公司上海徐家汇路证券营业部,2025-05-12,0,1,2179480.0,4633785.0,-2454305.0,乐创技术,10021799
3112,华泰证券股份有限公司南通人民中路证券营业部,2025-05-27,0,1,23150.0,2484261.45,-2461111.45,中科美菱,10026976
3113,申万宏源西部证券有限公司乌鲁木齐新华南路证券营业部,2025-05-09,0,1,0.0,2498790.0,-2498790.0,宇顺电子,10123449
3114,华西证券股份有限公司南充涪江路证券营业部,2025-05-07,0,1,602500.0,3111190.0,-2508690.0,星光股份,10030378
3115,华泰证券股份有限公司江阴福泰路证券营业部,2025-05-14,0,1,,2514649.0,-2514649.0,*ST三房,10134905
3116,国泰海通证券股份有限公司南京金融城证券营业部,2025-05-28,0,1,62527.0,2578830.0,-2516303.0,劲旅环境,10101591
3117,招商证券股份有限公司北京安立路证券营业部,2025-05-21,0,1,0.0,2520000.0,-2520000.0,神雾节能,10096716
3118,中国中金财富证券有限公司太原晋祠路证券营业部,2025-05-07,0,1,0.0,2522725.09,-2522725.09,广道退,10030332
3119,国泰海通证券股份有限公司安徽合肥创新大道营业部,2025-05-22,0,1,1323904.34,3848456.63,-2524552.29,武汉蓝电,10000381778
3120,第一创业证券股份有限公司长沙分公司,2025-05-16,0,1,0.0,2531316.0,-2531316.0,荣丰控股,10057240
3121,平安证券股份有限公司深圳分公司,2025-05-06,1,1,10130966.0,12667109.0,-2536143.0,ST创意 浙江华远,10048273
3122,国新证券股份有限公司北京中关村大街证券营业部,2025-05-29,0,1,3837990.0,6376068.0,-2538078.0,广康生化,10919501
3123,中国银河证券股份有限公司上海纪念路证券营业部,2025-05-21,0,1,0.0,2541000.0,-2541000.0,天汽模,10030476
3124,联储证券股份有限公司宁波分公司,2025-05-22,1,1,11827818.0,14381313.0,-2553495.0,双成药业,10915756
3125,天风证券股份有限公司上海浦东分公司,2025-05-06,0,1,1408682.86,3962266.74,-2553583.88,春光智能,10944812
3126,中信证券股份有限公司总部(非营业场所),2025-05-27,0,1,,2564375.0,-2564375.0,均瑶健康,10045029
3127,国金证券股份有限公司上海奉贤区金碧路证券营业部,2025-05-21,0,1,,2579734.0,-2579734.0,退市岩石,10467671
3128,上海证券有限责任公司宁波北仑新大路证券营业部,2025-05-22,1,1,2602354.0,5183796.0,-2581442.0,汇得科技 路畅科技,10000004537
3129,国投证券股份有限公司枣庄青檀中路证券营业部,2025-05-08,0,1,0.0,2585232.0,-2585232.0,豪尔赛,10564245
3130,国泰海通证券股份有限公司南京太平南路证券营业部,2025-05-16,0,1,20025400.0,22611196.0,-2585796.0,通达股份,10025054
3131,招商证券股份有限公司深圳水贝证券营业部,2025-05-21,0,1,0.0,2592282.0,-2592282.0,天汽模,10119245
3132,国泰海通证券股份有限公司杭州延安路证券营业部,2025-05-12,0,1,,2595040.0,-2595040.0,龙蟠科技,10093902
3133,招商证券股份有限公司烟台长江路证券营业部,2025-05-19,0,1,,2599801.0,-2599801.0,退市锦港,10176550
3134,海通证券股份有限公司兰州通达街证券营业部,2025-05-07,0,1,0.0,2605855.0,-2605855.0,东易日盛,10145229
3135,中信证券股份有限公司上海浦东新区东方路证券营业部,2025-05-21,1,1,5499721.0,8107823.0,-2608102.0,京基智农 川大智胜,10045021
3136,浙商证券股份有限公司金华分公司,2025-05-13,0,1,,2608854.53,-2608854.53,退市华嵘,10915773
3137,华泰证券股份有限公司深圳后海阿里云大厦证券营业部,2025-05-16,0,1,0.0,2612951.77,-2612951.77,森萱医药,10448450
3138,国泰海通证券股份有限公司南京溧水中山路证券营业部,2025-05-16,0,1,,2624328.0,-2624328.0,百利电气,10145927
3139,国泰海通证券股份有限公司安徽合肥创新大道营业部,2025-05-27,0,1,373659.25,2999782.58,-2626123.33,保丽洁,10000381778
3140,中信证券华南股份有限公司广州花都曙光路证券营业部,2025-05-22,0,1,507231.0,3146761.0,-2639530.0,ST加加,10048238
3141,财通证券股份有限公司杭州丽水路证券营业部,2025-05-15,1,1,15736650.4,18386607.31,-2649956.91,宏工科技,10082588
3142,申万宏源证券有限公司盐城解放南路证券营业部,2025-05-12,0,1,,2684540.28,-2684540.28,苏州龙杰,10061790
3143,财达证券股份有限公司湖南分公司营业部,2025-05-16,0,1,5558442.73,8244176.0,-2685733.27,华光源海,10456257
3144,东海证券股份有限公司泉州丰泽街证券营业部,2025-05-26,0,1,2618085.0,5310139.0,-2692054.0,*ST岭南,10384545
3145,中信建投证券股份有限公司天津解放南路证券营业部,2025-05-28,0,1,682971.77,3392906.08,-2709934.31,保丽洁,10021827
3146,华泰证券股份有限公司南京民智路证券营业部,2025-05-12,0,1,,2717463.0,-2717463.0,ST东尼,10026855
3147,国投证券股份有限公司深圳深南大道华侨城大厦证券营业部,2025-05-06,0,1,,2730000.0,-2730000.0,松发股份,10537515
3148,中信建投证券股份有限公司上海徐家汇路证券营业部,2025-05-09,0,1,0.0,2737500.0,-2737500.0,宇顺电子,10021799
3149,国信证券股份有限公司深圳互联网分公司,2025-05-16,1,1,8750787.76,11493407.63,-2742619.87,芭薇股份 七丰精工,10136477
3150,招商证券股份有限公司上海牡丹江路证券营业部,2025-05-06,0,1,713826.0,3484223.0,-2770397.0,川大智胜,10176549
3151,联储证券股份有限公司宁波分公司,2025-05-16,1,1,5560964.0,8333370.0,-2772406.0,洪通燃气 威星智能,10915756
3152,中信证券股份有限公司临安万马路证券营业部,2025-05-21,0,1,,2777229.0,-2777229.0,*ST尔雅,10180311
3153,兴业证券股份有限公司上杭紫金南路证券营业部,2025-05-28,1,1,3676420.0,6467000.0,-2790580.0,宇顺电子,10140814
3154,招商证券股份有限公司上海世纪大道证券营业部,2025-05-14,0,1,,2791429.0,-2791429.0,嘉诚国际,10046548
3155,国泰海通证券股份有限公司仙居西门街证券营业部,2025-05-29,0,1,0.0,2797500.0,-2797500.0,*ST启环,10150359
3156,中银国际证券股份有限公司呼和浩特新华东街证券营业部,2025-05-30,1,1,13753755.0,16566000.0,-2812245.0,富煌钢构,10663841
3157,招商证券股份有限公司北京北三环东路证券营业部,2025-05-26,0,1,,2813420.0,-2813420.0,正和生态,10046546
3158,广发证券股份有限公司广州广州大道南营业部,2025-05-20,0,1,4483736.24,7297822.62,-2814086.38,芭薇股份,10786412
3159,中信证券股份有限公司浙江分公司,2025-05-13,0,1,,2820102.0,-2820102.0,京运通,10520724
3160,国信证券股份有限公司成都二环路证券营业部,2025-05-08,0,1,,2846542.0,-2846542.0,立航科技,10045173
3161,中泰证券股份有限公司新泰府前街证券营业部,2025-05-06,0,1,,2849567.18,-2849567.18,天微电子,10107883
3162,光大证券股份有限公司重庆民权路证券营业部,2025-05-15,0,1,104700.0,2954600.0,-2849900.0,*ST万方,10021714
3163,东方证券股份有限公司厦门仙岳路证券营业部,2025-05-22,0,1,2373000.0,5228810.0,-2855810.0,*ST奥维,10492163
3164,东兴证券股份有限公司深圳金田路证券营业部,2025-05-23,1,1,28479085.76,31353441.14,-2874355.38,滨海能源,10136645
3165,海通证券股份有限公司南昌红谷中大道证券营业部,2025-05-27,0,1,,2875636.0,-2875636.0,锦泓集团,10158352
3166,华福证券有限责任公司苏州东吴北路证券营业部,2025-05-08,0,1,0.0,2875953.81,-2875953.81,信凯科技,10000031467
3167,招商证券股份有限公司深圳福华三路证券营业部,2025-05-22,1,1,4739868.46,7624631.0,-2884762.54,ST加加 宏工科技,10194673
3168,国投证券股份有限公司黑龙江分公司,2025-05-21,0,1,,2885558.0,-2885558.0,大有能源,10508175
3169,长城证券股份有限公司上海人民广场证券营业部,2025-05-21,0,1,0.0,2888500.0,-2888500.0,神雾节能,10737577
3170,国泰海通证券股份有限公司北京金融街证券营业部,2025-05-14,2,1,138926361.85,141822296.0,-2895934.15,中毅达 渝三峡A,10124786
3171,国泰海通证券股份有限公司深圳香蜜湖路证券营业部,2025-05-08,0,1,,2898175.0,-2898175.0,立航科技,10025386
3172,长城国瑞证券有限公司厦门厦禾路证券营业部,2025-05-15,0,1,,2904000.0,-2904000.0,ST百利,10118641
3173,国金证券股份有限公司深圳分公司,2025-05-13,1,2,20230862.0,23140600.99,-2909738.99,华升股份 利君股份 华纺股份,10000104821
3174,中泰证券股份有限公司北京大望路证券营业部,2025-05-07,0,1,13897680.0,16817952.0,-2920272.0,电光科技,10940111
3175,海通证券股份有限公司北京密云鼓楼东大街证券营业部,2025-05-07,0,1,0.0,2928797.0,-2928797.0,兰州黄河,10166009
3176,华泰证券股份有限公司总部,2025-05-29,1,1,14323473.36,17270282.88,-2946809.52,锦泓集团 概伦电子,10028451
3177,海通证券股份有限公司广州东风西路证券营业部,2025-05-28,0,1,,2951163.0,-2951163.0,利柏特,10023380
3178,中国银河证券股份有限公司北京中关村大街证券营业部,2025-05-29,2,3,65546378.28,68497831.16,-2951452.88,永冠新材 联化科技 雪人集团 玉禾田 新天地,10115140
3179,中信证券(山东)有限责任公司青岛秦岭路证券营业部,2025-05-26,0,1,,2966546.41,-2966546.41,科捷智能,10140879
3180,中国中金财富证券有限公司深圳分公司,2025-05-26,0,1,,2967269.0,-2967269.0,正和生态,10048460
3181,华泰证券股份有限公司徐州建国西路证券营业部,2025-05-21,0,1,0.0,2980593.0,-2980593.0,天汽模,10021781
3182,平安证券股份有限公司上海分公司,2025-05-12,0,1,674588.45,3656382.29,-2981793.84,莱赛激光,10048192
3183,国泰海通证券股份有限公司重庆解放碑证券营业部,2025-05-20,0,1,1616788.0,4615054.0,-2998266.0,*ST中迪,10093403
3184,东莞证券股份有限公司湖南分公司,2025-05-22,0,1,0.0,3010797.23,-3010797.23,无锡鼎邦,10477735
3185,太平洋证券股份有限公司深圳分公司,2025-05-16,0,1,,3015324.0,-3015324.0,洪通燃气,10112719
3186,申万宏源证券有限公司上海虹口区中山北一路证券营业部,2025-05-21,0,1,,3019921.0,-3019921.0,退市华嵘,10046694
3187,华西证券股份有限公司广汉湖南路证券营业部,2025-05-06,0,1,,3041980.31,-3041980.31,大地熊,10062236
3188,国金证券股份有限公司上海静安区南京西路证券营业部,2025-05-30,3,2,33200722.7,36253798.29,-3053075.59,永安药业 三友科技 路桥信息,10342130
3189,招商证券股份有限公司上海长柳路证券营业部,2025-05-07,0,1,171718.0,3234476.0,-3062758.0,亚太实业,10509025
3190,国金证券股份有限公司上海静安区南京西路证券营业部,2025-05-19,1,1,10382092.42,13445070.84,-3062978.42,郑中设计,10342130
3191,国信证券股份有限公司深圳泰然九路证券营业部,2025-05-09,2,1,14896400.49,17959537.32,-3063136.83,七丰精工 永安药业 瑞鹄模具,10078443
3192,中银国际证券股份有限公司中银深圳分支,2025-05-21,0,1,1804801.4,4868629.77,-3063828.37,武汉蓝电,10521648
3193,广发证券股份有限公司沈阳小西路证券营业部,2025-05-22,0,1,,3070900.0,-3070900.0,拱东医疗,10031929
3194,广发证券股份有限公司武汉京汉大道证券营业部,2025-05-29,0,1,0.0,3092215.0,-3092215.0,*ST启环,10026970
3195,中信证券股份有限公司海盐海丰中路证券营业部,2025-05-16,0,1,,3106656.0,-3106656.0,百利电气,10140898
3196,中信证券股份有限公司浙江分公司,2025-05-22,4,3,74091920.22,77203988.71,-3112068.49,利君股份 *ST华幸 红墙股份 宁波远洋 苏州龙杰,10520724
3197,中国银河证券股份有限公司合肥祁门路证券营业部,2025-05-21,0,1,,3114507.0,-3114507.0,退市岩石,10140856
3198,国元证券股份有限公司合肥望江西路中安创谷证券营业部,2025-05-26,0,1,,3116963.41,-3116963.41,安凯微,10026830
3199,财达证券股份有限公司唐山新城道证券营业部,2025-05-29,0,1,0.0,3116973.0,-3116973.0,*ST启环,10146854
3200,华泰证券股份有限公司深圳前海证券营业部,2025-05-30,0,1,,3117426.0,-3117426.0,正和生态,10443747
3201,申港证券股份有限公司安徽分公司,2025-05-06,0,1,0.0,3123456.0,-3123456.0,永安药业,10948131
3202,华西证券股份有限公司雅安朝阳街证券营业部,2025-05-22,0,1,0.0,3125218.91,-3125218.91,无锡鼎邦,10028638
3203,兴业证券股份有限公司济南泺源大街证券营业部,2025-05-16,0,1,,3145687.0,-3145687.0,亚振家居,10040859
3204,华泰证券股份有限公司北京月坛南街证券营业部,2025-05-19,0,1,4340132.0,7486245.0,-3146113.0,双成药业,10072922
3205,麦高证券有限责任公司北京分公司,2025-05-30,0,1,,3152202.7,-3152202.7,正和生态,10488161
3206,德邦证券股份有限公司宜昌沿江大道证券营业部,2025-05-07,0,1,,3162857.0,-3162857.0,正和生态,10000272777
3207,广发证券股份有限公司深圳东滨路营业部,2025-05-28,0,1,0.0,3175093.09,-3175093.09,胜业电气,10000076942
3208,华泰证券股份有限公司深圳龙岗大道证券营业部,2025-05-28,0,1,,3180270.0,-3180270.0,艾艾精工,10159783
3209,海通证券股份有限公司太仓上海西路证券营业部,2025-05-07,0,1,0.0,3193498.4,-3193498.4,赛隆退,10426690
3210,中信建投证券股份有限公司上海营口路证券营业部,2025-05-21,0,1,,3197641.0,-3197641.0,退市华嵘,10028716
3211,中信建投证券股份有限公司北京东城分公司,2025-05-29,0,2,5615478.47,8835407.36,-3219928.89,胜业电气 机科股份,10048194
3212,东方证券股份有限公司无锡新生路证券营业部,2025-05-07,0,1,18186308.0,21411005.0,-3224697.0,狄耐克,10517841
3213,财达证券股份有限公司沧州广场街营业部,2025-05-06,0,1,6018.0,3230802.0,-3224784.0,卓兆点胶,10108308
3214,东海证券股份有限公司湖南分公司,2025-05-29,0,1,0.0,3227872.14,-3227872.14,三友科技,10070085
3215,中信证券股份有限公司海宁海昌南路证券营业部,2025-05-28,0,1,319594.11,3549523.84,-3229929.73,胜业电气,10124406
3216,广发证券股份有限公司上海漕溪北路证券营业部,2025-05-15,0,1,,3241075.0,-3241075.0,安正时尚,10022061
3217,东北证券股份有限公司四川第二分公司,2025-05-06,0,1,0.0,3247854.97,-3247854.97,卓兆点胶,10000383333
3218,招商证券股份有限公司深圳科技园高新南一道证券营业部,2025-05-28,0,1,,3273518.0,-3273518.0,返利科技,10128338
3219,国泰海通证券股份有限公司临沂沂蒙路证券营业部,2025-05-06,0,1,,3280344.0,-3280344.0,大地熊,10148549
3220,中泰证券股份有限公司常州惠国路证券营业部,2025-05-23,1,1,8899200.0,12181630.06,-3282430.06,廊坊发展 福华尚纬,10741097
3221,中信证券股份有限公司浙江分公司,2025-05-19,4,3,111126797.17,114415957.88,-3289160.71,华纺股份 渝三峡A 中毅达 尤夫股份 宁波远洋 红墙股份 苏州龙杰,10520724
3222,东方证券股份有限公司重庆洪湖西路证券营业部,2025-05-16,0,1,,3289184.0,-3289184.0,丽人丽妆,10918122
3223,财通证券股份有限公司台州路桥双水路证券营业部,2025-05-14,0,1,,3290530.0,-3290530.0,肯特催化,10429133
3224,开源证券股份有限公司湖南分公司,2025-05-22,0,1,0.0,3296625.0,-3296625.0,ST加加,10484363
3225,国信证券股份有限公司上海漕溪北路证券营业部,2025-05-07,0,1,0.0,3309600.0,-3309600.0,中超控股,10023425
3226,中信证券股份有限公司杭州庆春路证券营业部,2025-05-23,0,1,10490.0,3329774.6,-3319284.6,海森药业,10045037
3227,东莞证券股份有限公司东莞分公司,2025-05-21,0,1,93932.0,3428745.0,-3334813.0,康力源,10484999
3228,国泰海通证券股份有限公司上海长宁区江苏路证券营业部,2025-05-21,3,2,28658754.48,32012352.38,-3353597.9,湖南发展 苏州龙杰 海辰药业 拉芳家化 常青股份,10025080
3229,华泰证券股份有限公司天津东丽开发区二纬路证券营业部,2025-05-19,0,1,8819638.0,12176937.0,-3357299.0,天汽模,10147201
3230,国泰海通证券股份有限公司成都北一环路证券营业部,2025-05-20,1,1,30282116.0,33639719.0,-3357603.0,ST海龙,10026897
3231,申万宏源证券有限公司金华八一北街证券营业部,2025-05-19,1,1,4996109.69,8355216.26,-3359106.57,芭薇股份 洪通燃气,10112351
3232,东吴证券股份有限公司苏州吴中区木渎镇证券营业部,2025-05-07,0,1,0.0,3365659.0,-3365659.0,赛隆退,10145504
3233,中泰证券股份有限公司上海花园石桥路证券营业部,2025-05-16,0,1,0.0,3369815.85,-3369815.85,泽润新能,10920292
3234,国泰海通证券股份有限公司广州东风中路证券营业部,2025-05-07,0,1,15638920.0,19012293.0,-3373373.0,电光科技,10025179
3235,申万宏源证券有限公司嘉善体育南路证券营业部,2025-05-28,0,1,,3375788.92,-3375788.92,中科微至,10375105
3236,招商证券股份有限公司无锡新生路证券营业部,2025-05-26,0,1,0.0,3383014.53,-3383014.53,中科美菱,10046549
3237,中信证券股份有限公司杭州古墩路证券营业部,2025-05-13,0,1,,3386880.0,-3386880.0,宁波海运,10436589
3238,国投证券股份有限公司江西分公司,2025-05-29,0,1,0.0,3397160.0,-3397160.0,ST云动,10488976
3239,国投证券股份有限公司南昌红谷中大道证券营业部,2025-05-12,0,1,0.0,3403805.0,-3403805.0,南华生物,10456538
3240,国投证券股份有限公司南昌阳明东路证券营业部,2025-05-26,0,1,,3408480.0,-3408480.0,科捷智能,10119352
3241,国海证券股份有限公司山东分公司,2025-05-07,0,1,,3421000.0,-3421000.0,ST长园,10485034
3242,华泰证券股份有限公司佛山灯湖东路证券营业部,2025-05-22,0,1,,3429438.56,-3429438.56,科新发展,10265139
3243,国投证券股份有限公司广西分公司,2025-05-07,0,1,0.0,3451850.0,-3451850.0,东易日盛,10104824
3244,财通证券股份有限公司杭州金城路证券营业部,2025-05-28,0,1,,3452565.99,-3452565.99,中科微至,10093485
3245,东方财富证券股份有限公司拉萨东城区江苏大道证券营业部,2025-05-06,0,1,866893.0,4324010.0,-3457117.0,贤丰控股,10708576
3246,中泰证券股份有限公司上海花园石桥路证券营业部,2025-05-19,0,1,0.0,3466064.35,-3466064.35,太力科技,10920292
3247,东方证券股份有限公司杭州新业路证券营业部,2025-05-23,0,1,,3468000.0,-3468000.0,福华尚纬,10060970
3248,西南证券股份有限公司上海普陀区宜君路证券营业部,2025-05-28,0,1,,3473177.7,-3473177.7,中科微至,10133095
3249,华安证券股份有限公司绍兴解放大道证券营业部,2025-05-16,0,1,954797.0,4449822.0,-3495025.0,ST惠程,10437349
3250,招商证券股份有限公司武汉中北路证券营业部,2025-05-14,0,1,,3502104.0,-3502104.0,肯特催化,10060813
3251,国投证券股份有限公司长沙五一大道证券营业部,2025-05-23,0,1,,3502379.72,-3502379.72,肯特催化,10000339863
3252,申万宏源证券有限公司上海浦东新区川沙路证券营业部,2025-05-09,0,1,0.0,3521392.41,-3521392.41,芭薇股份,10021699
3253,国投证券股份有限公司吉安尚德路证券营业部,2025-05-13,0,1,,3523500.0,-3523500.0,苏州龙杰,10668302
3254,中信建投证券股份有限公司广州珠江新城证券营业部,2025-05-08,0,1,391917.19,3916492.5,-3524575.31,美心翼申,10537531
3255,华泰证券股份有限公司深圳益田路荣超商务中心证券营业部,2025-05-19,0,1,1263744.0,4791256.0,-3527512.0,双成药业,10142874
3256,中国银河证券股份有限公司大连黄河路证券营业部,2025-05-22,1,1,32450812.0,35987765.0,-3536953.0,通达电气,10030463
3257,招商证券股份有限公司上海世纪大道证券营业部,2025-05-16,0,1,,3538584.0,-3538584.0,百利电气,10046548
3258,海通证券股份有限公司广州东风西路营业部,2025-05-30,0,1,107055.44,3657293.36,-3550237.92,瑞奇智造,10023380
3259,海通证券股份有限公司上海普陀区铜川路证券营业部,2025-05-19,0,1,8805.0,3560769.4,-3551964.4,普利退,10048512
3260,信达证券股份有限公司泉州丰泽街营业部,2025-05-20,0,1,0.0,3554121.04,-3554121.04,佳合科技,10668237
3261,东莞证券股份有限公司四川分公司,2025-05-21,1,2,9233791.84,12789135.05,-3555343.21,退市岩石 *ST岭南 东方碳素,10477736
3262,广发证券股份有限公司上海浦东新区东方路证券营业部,2025-05-06,0,1,,3564501.0,-3564501.0,诚邦股份,10140582
3263,恒泰证券股份有限公司上海河南南路证券营业部,2025-05-29,1,1,18700703.0,22275204.0,-3574501.0,永安药业 锦泓集团,10456489
3264,长江证券股份有限公司武汉新华路证券营业部,2025-05-14,0,1,,3587046.0,-3587046.0,嘉诚国际,10025412
3265,东方证券股份有限公司汕头长平路证券营业部,2025-05-21,1,1,8153979.0,11747350.8,-3593371.8,源飞宠物 中衡设计,10173185
3266,财通证券股份有限公司山西分公司,2025-05-09,0,1,,3593741.24,-3593741.24,华阳新材,10000353949
3267,国金证券股份有限公司深圳湾一号证券营业部,2025-05-22,1,1,5029302.8,8624802.01,-3595499.21,武汉蓝电 *ST奥维,10396105
3268,华福证券有限责任公司海南分公司,2025-05-28,0,1,0.0,3599224.0,-3599224.0,胜业电气,10511619
3269,广发证券股份有限公司佛山季华六路营业部,2025-05-07,0,1,400565.8,4010268.59,-3609702.79,华阳变速,10122845
3270,民生证券股份有限公司郑州郑汴路证券营业部,2025-05-12,0,1,,3614598.0,-3614598.0,返利科技,10159575
3271,信达证券股份有限公司深圳湾科技生态园证券营业部,2025-05-22,0,1,813.0,3621915.0,-3621102.0,渤海股份,10104991
3272,财通证券股份有限公司杭州丽水路证券营业部,2025-05-21,0,1,6250691.0,9895050.45,-3644359.45,宏工科技,10082588
3273,东莞证券股份有限公司东莞厚街分公司,2025-05-06,0,1,,3649922.0,-3649922.0,京运通,10484997
3274,中国银河证券股份有限公司漳州水仙大街证券营业部,2025-05-26,0,1,0.0,3665258.26,-3665258.26,胜业电气,10176555
3275,中国银河证券股份有限公司厦门嘉禾路证券营业部,2025-05-12,1,1,18496767.8,22163740.65,-3666972.85,华纺股份 航天南湖,10023542
3276,国金证券股份有限公司上海静安区南京西路证券营业部,2025-05-06,0,1,1778276.77,5445758.68,-3667481.91,倍益康,10342130
3277,中信建投证券股份有限公司南昌桃苑大街证券营业部,2025-05-06,0,1,0.0,3668796.56,-3668796.56,春光智能,10127746
3278,国信证券股份有限公司上海张杨路证券营业部,2025-05-28,0,1,0.0,3672000.0,-3672000.0,荣丰控股,10147192
3279,东吴证券股份有限公司上海西藏南路证券营业部,2025-05-13,0,1,3137295.9,6815168.67,-3677872.77,华光源海,10143030
3280,华泰证券股份有限公司常州和平北路证券营业部,2025-05-20,0,1,,3678666.0,-3678666.0,安彩高科,10124413
3281,海通证券股份有限公司成都金凤路证券营业部,2025-05-30,0,1,0.0,3690360.0,-3690360.0,霍普股份,10102852
3282,招商证券股份有限公司深圳深南大道车公庙证券营业部,2025-05-27,0,1,3917772.0,7611727.16,-3693955.16,红墙股份,10114164
3283,中国银河证券股份有限公司平湖解放西路证券营业部,2025-05-14,0,1,,3696300.0,-3696300.0,宁波海运,10160485
3284,东兴证券股份有限公司成都二环路南二段证券营业部,2025-05-21,0,1,,3697308.0,-3697308.0,大有能源,10030088
3285,国信证券股份有限公司深圳互联网分公司,2025-05-26,0,1,1164015.57,4875263.84,-3711248.27,中科美菱,10136477
3286,东海证券股份有限公司南京分公司,2025-05-09,0,1,,3714645.0,-3714645.0,ST海钦,10000583799
3287,国泰海通证券股份有限公司三亚迎宾路证券营业部,2025-05-27,1,1,51053182.0,54769756.0,-3716574.0,凯美特气,10564207
3288,浙商证券股份有限公司金华分公司,2025-05-20,0,1,101694.0,3825499.0,-3723805.0,ST棕榈,10915773
3289,平安证券股份有限公司厦门国际金融中心证券营业部,2025-05-28,0,1,,3730725.0,-3730725.0,江苏新能,10787610
3290,海通证券股份有限公司北京知春路证券营业部,2025-05-15,0,1,,3732180.0,-3732180.0,ST百利,10061373
3291,华龙证券股份有限公司北京安外大街证券营业部,2025-05-14,0,1,0.0,3745148.0,-3745148.0,集泰股份,10046638
3292,广发证券股份有限公司晋江崇德路证券营业部,2025-05-14,0,1,,3748000.0,-3748000.0,展鹏科技,10000139559
3293,国信证券股份有限公司深圳互联网分公司,2025-05-06,2,3,15481591.6,19234176.74,-3752585.14,倍益康 *ST华西 广道退 美心翼申,10136477
3294,国元证券股份有限公司广州珠江东路证券营业部,2025-05-12,0,1,0.0,3753001.0,-3753001.0,贤丰控股,10166824
3295,华泰证券股份有限公司天津勤俭道证券营业部,2025-05-23,0,1,0.0,3769000.0,-3769000.0,ST金鸿,10096588
3296,国联民生证券股份有限公司上海虹口区飞虹路证券营业部,2025-05-14,0,1,148426.68,3920813.01,-3772386.33,方大新材,10028571
3297,广发证券股份有限公司北京朝阳门证券营业部,2025-05-19,0,1,,3775724.0,-3775724.0,*ST海华,10030127
3298,国信证券股份有限公司北京国贸证券营业部,2025-05-21,0,1,0.0,3776277.44,-3776277.44,普利转退 普利退,10045170
3299,信达证券股份有限公司深圳分公司,2025-05-22,0,1,149021.04,3926884.94,-3777863.9,无锡鼎邦,10924070
3300,中信证券(山东)有限责任公司邹城凫山南路证券营业部,2025-05-13,0,1,0.0,3801901.78,-3801901.78,卓兆点胶,10173090
3301,方正证券股份有限公司怀化迎丰路证券营业部,2025-05-06,0,1,,3817238.0,-3817238.0,华电辽能,10145514
3302,中国中金财富证券有限公司北京北三环东路证券营业部,2025-05-06,0,1,6630.0,3855300.0,-3848670.0,贤丰控股,10025073
3303,湘财证券股份有限公司南京水西门大街证券营业部,2025-05-22,0,1,0.0,3849555.0,-3849555.0,渤海股份,10000351821
3304,东兴证券股份有限公司莆田梅园东路证券营业部,2025-05-13,0,1,0.0,3851400.0,-3851400.0,恒而达,10112753
3305,国联民生证券股份有限公司常熟海虞北路证券营业部,2025-05-28,0,1,993840.32,4848912.21,-3855071.89,胜业电气,10635254
3306,华安证券股份有限公司郑州国基路证券营业部,2025-05-06,0,1,,3855186.0,-3855186.0,京运通,10977835
3307,中信证券股份有限公司杭州延安路证券营业部,2025-05-30,0,1,0.0,3867754.65,-3867754.65,浩淼科技,10046704
3308,高盛(中国)证券有限责任公司上海浦东新区世纪大道证券营业部,2025-05-07,4,5,51306373.71,55174372.74,-3867999.03,中毅达 退市国化 天和磁材 肯特催化 *ST四通 正和生态 纬德信息 精进电动,10000399618
3309,中信建投证券股份有限公司北京鸿翼分公司,2025-05-13,0,1,554613.23,4425991.91,-3871378.68,太湖雪,10000093785
3310,华泰证券股份有限公司南京止马营证券营业部,2025-05-20,0,1,,3872715.0,-3872715.0,综艺股份,10021767
3311,甬兴证券有限公司宁波和源路证券营业部,2025-05-20,2,2,26353327.0,30228062.0,-3874735.0,安彩高科 保变电气 湖南天雁 丽人丽妆,10000147202
3312,中信建投证券股份有限公司上海营口路证券营业部,2025-05-12,2,2,14510377.52,18400751.24,-3890373.72,返利科技 莱赛激光 南华生物 利君股份,10028716
3313,华泰证券股份有限公司上海静安区广中西路证券营业部,2025-05-28,0,1,,3891978.0,-3891978.0,艾艾精工,10142714
3314,东莞证券股份有限公司东莞东城分公司,2025-05-16,0,1,,3892018.68,-3892018.68,盛泰集团,10484996
3315,中国银河证券股份有限公司南昌阳明路证券营业部,2025-05-14,0,1,0.0,3892565.26,-3892565.26,方大新材,10030454
3316,东方财富证券股份有限公司上海分公司,2025-05-21,0,1,0.0,3897600.0,-3897600.0,慧博云通,10494612
3317,光大证券股份有限公司北京总部基地证券营业部,2025-05-21,0,1,,3898116.0,-3898116.0,退市华嵘,10637135
3318,东莞证券股份有限公司常熟东南大道证券营业部,2025-05-21,2,2,37671701.0,41578741.8,-3907040.8,空港股份 利君股份 路畅科技 绿康生化,10000667965
3319,国信证券股份有限公司深圳红岭中路证券营业部,2025-05-08,1,1,4487706.63,8394950.14,-3907243.51,信凯科技 美心翼申,10045166
3320,英大证券有限责任公司东莞东城证券营业部,2025-05-21,0,1,0.0,3908989.0,-3908989.0,康力源,10526834
3321,国泰海通证券股份有限公司深圳华强北路证券营业部,2025-05-30,0,1,0.0,3909048.0,-3909048.0,霍普股份,10025466
3322,中银国际证券股份有限公司上海新华路证券营业部,2025-05-21,0,1,382158.0,4292632.0,-3910474.0,舒泰神,10131919
3323,首创证券股份有限公司北京长阳祥云街证券营业部,2025-05-22,0,1,,3921221.6,-3921221.6,退市太和,10385323
3324,中信证券股份有限公司浙江分公司,2025-05-21,4,4,108439407.0,112363504.37,-3924097.37,渝三峡A *ST华幸 信隆健康 华纺股份 宁波远洋 利君股份 红墙股份,10520724
3325,国联民生证券股份有限公司上海虹口区飞虹路证券营业部,2025-05-15,0,1,,3928449.0,-3928449.0,退市苏吴,10028571
3326,东吴证券股份有限公司无锡东亭中路证券营业部,2025-05-20,0,1,,3937000.0,-3937000.0,三生国健,10342144
3327,广发证券股份有限公司江门天长路证券营业部,2025-05-30,0,1,,3942000.0,-3942000.0,*ST莫高,10096185
3328,海通证券股份有限公司沈阳大西路证券营业部,2025-05-07,0,1,,3959554.48,-3959554.48,纬德信息,10030217
3329,中信建投证券股份有限公司天津解放南路证券营业部,2025-05-21,0,1,17098.0,3984785.0,-3967687.0,*ST南置,10021827
3330,广发证券股份有限公司包头钢铁大街营业部,2025-05-06,0,1,0.0,3969550.79,-3969550.79,九菱科技,10000076943
3331,华泰证券股份有限公司荆州江津中路证券营业部,2025-05-06,0,1,,3978970.0,-3978970.0,松发股份,10093205
3332,广发证券股份有限公司随州烈山大道营业部,2025-05-07,0,1,23119.19,4006124.0,-3983004.81,华阳变速,10145313
3333,华西证券股份有限公司合肥长江西路证券营业部,2025-05-28,0,1,2515106.33,6499204.09,-3984097.76,安纳达,10919183
3334,上海证券有限责任公司宁波北仑新大路证券营业部,2025-05-15,1,1,7003847.41,10994495.8,-3990648.39,万德股份,10000004537
3335,东吴证券股份有限公司台州东海大道证券营业部,2025-05-12,0,1,1304792.0,5296049.2,-3991257.2,宏工科技,10537744
3336,湘财证券股份有限公司上海张杨路证券营业部,2025-05-26,0,1,,3999272.0,-3999272.0,锦江在线,10025440
3337,方正证券股份有限公司衡阳长丰大道证券营业部,2025-05-07,0,1,,4002600.0,-4002600.0,航天长峰,10139312
3338,国信证券股份有限公司东莞分公司,2025-05-22,0,1,0.0,4008800.0,-4008800.0,慧博云通,10145930
3339,金元证券股份有限公司温州汤家桥路证券营业部,2025-05-21,0,1,309375.0,4321322.0,-4011947.0,国华退,10526603
3340,光大证券股份有限公司佛山南庄证券营业部,2025-05-09,0,1,0.0,4022819.0,-4022819.0,ST加加,10636559
3341,恒泰证券股份有限公司沈阳奉天街证券营业部,2025-05-23,0,1,23288.0,4046205.0,-4022917.0,神雾节能,10054782
3342,兴业证券股份有限公司广州分公司,2025-05-12,0,1,5251220.24,9275624.0,-4024403.76,润贝航科,10436881
3343,广发证券股份有限公司深圳深南东路证券营业部,2025-05-22,0,1,,4035720.0,-4035720.0,宝光股份,10022062
3344,国信证券股份有限公司北京分公司,2025-05-07,0,1,,4036197.0,-4036197.0,南方路机,10122926
3345,广发证券股份有限公司徐州彭城路证券营业部,2025-05-07,0,1,,4042111.5,-4042111.5,退市国化,10000351793
3346,申万宏源证券有限公司上海静安区北京西路证券营业部,2025-05-27,0,1,0.0,4057000.0,-4057000.0,锡装股份,10048523
3347,国信证券股份有限公司河南分公司,2025-05-21,0,1,273000.0,4345232.0,-4072232.0,川大智胜,10456788
3348,华泰证券股份有限公司南京分公司,2025-05-09,0,1,,4077010.0,-4077010.0,华阳新材,10455383
3349,中国中金财富证券有限公司北京北三环东路证券营业部,2025-05-12,0,1,6734.0,4088504.0,-4081770.0,贤丰控股,10025073
3350,东海证券股份有限公司深圳深南大道证券营业部,2025-05-22,0,1,0.0,4087188.0,-4087188.0,鸿铭股份,10028780
3351,华鑫证券有限责任公司上海宛平南路证券营业部,2025-05-16,0,1,,4090926.0,-4090926.0,洪通燃气,10028416
3352,中信建投证券股份有限公司福州东街证券营业部,2025-05-15,1,1,35287107.7,39392893.2,-4105785.5,大叶股份 ST新华锦,10028772
3353,中信建投证券股份有限公司北京东城分公司,2025-05-22,0,1,269987.73,4385170.48,-4115182.75,无锡鼎邦,10048194
3354,华鑫证券有限责任公司上海景东路营业部,2025-05-30,0,1,0.0,4116561.36,-4116561.36,瑞奇智造,10048299
3355,万联证券股份有限公司辽宁分公司,2025-05-06,0,1,,4128000.0,-4128000.0,天微电子,10456982
3356,华鑫证券有限责任公司深圳益田路证券营业部,2025-05-23,1,1,10338552.0,14477714.0,-4139162.0,浪莎股份 天元智能,10495078
3357,华泰证券股份有限公司上海黄浦区黄陂南路证券营业部,2025-05-14,0,1,,4139838.0,-4139838.0,宁波海运,10025324
3358,东方财富证券股份有限公司昌都两江大道证券营业部,2025-05-15,0,1,4648813.0,8789089.0,-4140276.0,星光股份,10342919
3359,中国中金财富证券有限公司靖江人民南路证券营业部,2025-05-14,0,1,,4144500.0,-4144500.0,展鹏科技,10467729
3360,平安证券股份有限公司潍坊民生东街证券营业部,2025-05-16,0,1,,4148257.0,-4148257.0,丽人丽妆,10000075675
3361,中信证券(山东)有限责任公司城阳正阳路证券营业部,2025-05-28,0,1,0.0,4149479.19,-4149479.19,华光源海,10427021
3362,海通证券股份有限公司长沙五一大道营业部,2025-05-20,1,1,19134951.36,23287899.0,-4152947.64,路斯股份,10099191
3363,海通证券股份有限公司长沙五一大道证券营业部,2025-05-20,1,1,19134951.36,23287899.0,-4152947.64,迎丰股份,10099191
3364,中国银河证券股份有限公司湖州适园路证券营业部,2025-05-15,0,1,,4164183.0,-4164183.0,海程邦达,10141823
3365,方正证券股份有限公司温岭泽楚路证券营业部,2025-05-29,0,1,,4166342.0,-4166342.0,绿能慧充,10145523
3366,麦高证券有限责任公司北京分公司,2025-05-09,1,1,21413708.0,25581426.0,-4167718.0,南方精工 全筑股份,10488161
3367,华西证券股份有限公司眉山湖滨路证券营业部,2025-05-26,0,1,57094.55,4228156.64,-4171062.09,中科美菱,10143755
3368,国信证券股份有限公司惠州开城大道证券营业部,2025-05-09,0,1,0.0,4183323.6,-4183323.6,ST加加,10080003
3369,海通证券股份有限公司上海杨浦区周家嘴路营业部,2025-05-06,0,1,494920.18,4679119.12,-4184198.94,九菱科技,10028426
3370,华泰证券股份有限公司江西分公司,2025-05-19,1,1,29691167.0,33876180.0,-4185013.0,天元宠物 豪恩汽电,10427427
3371,财通证券股份有限公司上海浦东新区张杨路证券营业部,2025-05-21,0,1,37042.0,4228671.0,-4191629.0,康力源,10494964
3372,华龙证券股份有限公司长沙芙蓉中路证券营业部,2025-05-14,0,1,,4209941.0,-4209941.0,展鹏科技,10573248
3373,浙商证券股份有限公司杭州五星路证券营业部,2025-05-22,0,1,,4212151.0,-4212151.0,浪莎股份,10949092
3374,华鑫证券有限责任公司上海云锦路证券营业部,2025-05-12,0,1,0.0,4216170.0,-4216170.0,豪尔赛,10048457
3375,广发证券股份有限公司宝鸡公园路证券营业部,2025-05-20,0,1,,4227747.45,-4227747.45,三生国健,10429160
3376,国信证券股份有限公司内蒙古分公司,2025-05-27,0,1,,4237484.0,-4237484.0,黄河旋风,10400274
3377,中国银河证券股份有限公司中山黄圃新丰北路证券营业部,2025-05-07,0,1,,4237760.0,-4237760.0,ST长园,10140873
3378,平安证券股份有限公司上海分公司,2025-05-20,0,1,1149503.69,5388804.74,-4239301.05,华光源海,10048192
3379,华安证券股份有限公司宿州淮海路营业部,2025-05-12,0,1,0.0,4256977.05,-4256977.05,华光源海,10048327
3380,华泰证券股份有限公司永嘉阳光大道证券营业部,2025-05-22,0,1,,4271301.0,-4271301.0,科新发展,10166020
3381,华泰证券股份有限公司杭州解放东路证券营业部,2025-05-20,0,1,14615.0,4291872.99,-4277257.99,ST棕榈,10092832
3382,华福证券有限责任公司广东分公司,2025-05-12,0,1,0.0,4279661.36,-4279661.36,华如科技,10462535
3383,信达证券股份有限公司深圳分公司,2025-05-27,0,1,0.0,4281071.46,-4281071.46,保丽洁,10924070
3384,华泰证券股份有限公司镇江黄山南路证券营业部,2025-05-09,0,1,4381406.0,8670366.76,-4288960.76,狄耐克,10408855
3385,申万宏源证券有限公司北京紫竹院路营业部,2025-05-22,0,1,1700.0,4301184.49,-4299484.49,科创新材,10179931
3386,国泰海通证券股份有限公司上海黄浦区黄陂南路证券营业部,2025-05-30,0,1,,4299913.0,-4299913.0,华远控股,10025383
3387,平安证券股份有限公司福州长乐北路证券营业部,2025-05-19,1,1,5520327.95,9824630.85,-4304302.9,天工股份,10476445
3388,东北证券股份有限公司揭阳临江南路证券营业部,2025-05-09,0,1,,4304369.0,-4304369.0,顺景科技,10641111
3389,中信证券华南股份有限公司广州番禺福华路证券营业部,2025-05-15,0,1,0.0,4334001.0,-4334001.0,华业香料,10145365
3390,平安证券股份有限公司深圳深南东路罗湖商务中心证券营业部,2025-05-13,0,1,,4342531.0,-4342531.0,京运通,10143566
3391,华泰证券股份有限公司南京户部街证券营业部,2025-05-09,0,1,83844.0,4437170.54,-4353326.54,莱赛激光,10026855
3392,华安证券股份有限公司六安分公司,2025-05-27,0,1,61611.0,4421740.36,-4360129.36,胜业电气,10048329
3393,广发证券股份有限公司江门开平东兴大道证券营业部,2025-05-06,0,1,,4365383.0,-4365383.0,京运通,10030096
3394,民生证券股份有限公司北京顺义府前东街证券营业部,2025-05-29,0,1,78476.35,4445944.38,-4367468.03,路桥信息,10148609
3395,华安证券股份有限公司新乡金穗大道营业部,2025-05-20,0,1,21171.65,4392550.78,-4371379.13,胜业电气,10747308
3396,财通证券股份有限公司温岭松门滨海大道证券营业部,2025-05-13,0,1,711600.0,5105727.24,-4394127.24,卓兆点胶,10664406
3397,平安证券股份有限公司湖南分公司,2025-05-08,0,1,5240260.0,9643166.0,-4402906.0,金龙机电,10174508
3398,中泰证券股份有限公司内蒙古分公司,2025-05-12,0,1,1223441.0,5626604.14,-4403163.14,华光源海,10000539650
3399,国信证券股份有限公司苏州旺墩路证券营业部,2025-05-28,0,1,,4403364.0,-4403364.0,悦达投资,10436982
3400,中国中金财富证券有限公司广州分公司,2025-05-21,0,1,2737674.81,7146400.08,-4408725.27,胜业电气,10031840
3401,中泰证券股份有限公司上海周家嘴路证券营业部,2025-05-21,0,1,0.0,4408866.0,-4408866.0,天汽模,10113621
3402,开源证券股份有限公司福州分公司,2025-05-28,0,1,,4433310.0,-4433310.0,ST海钦,10001010846
3403,国元证券股份有限公司诸暨东二路证券营业部,2025-05-08,0,1,,4462767.35,-4462767.35,高测股份,10456756
3404,申万宏源证券有限公司上海闵行区龙茗路证券营业部,2025-05-07,0,1,0.0,4466715.0,-4466715.0,*ST和科,10026737
3405,国泰海通证券股份有限公司深圳香蜜湖路证券营业部,2025-05-16,0,1,1593116.0,6079751.0,-4486635.0,绿康生化,10025386
3406,中原证券股份有限公司许昌分公司,2025-05-27,0,1,,4504371.0,-4504371.0,黄河旋风,10537726
3407,财信证券股份有限公司长沙湘江中路证券营业部,2025-05-20,0,1,321631.9,4835206.0,-4513574.1,佳合科技,10021992
3408,东吴证券股份有限公司张家港杨舍四部营业部,2025-05-12,0,1,22020.0,4538987.36,-4516967.36,莱赛激光,10030319
3409,浙商证券股份有限公司衢州分公司,2025-05-30,0,1,,4518041.04,-4518041.04,菲林格尔,10046774
3410,国金证券股份有限公司深圳湾一号证券营业部,2025-05-06,2,4,26076352.38,30595049.24,-4518696.86,*ST新元 东贝集团 卓兆点胶 倍益康 美心翼申 慧为智能,10396105
3411,中银国际证券股份有限公司中银深圳分支,2025-05-06,0,1,39858.0,4562771.43,-4522913.43,慧为智能,10521648
3412,中银国际证券股份有限公司深圳中心四路证券营业部,2025-05-08,0,1,6519122.9,11051449.0,-4532326.1,天邦食品,10129897
3413,国金证券股份有限公司成都龙泉驿区龙平路证券营业部,2025-05-15,0,1,0.0,4542849.65,-4542849.65,华业香料,10131688
3414,中国银河证券股份有限公司沈阳北站路证券营业部,2025-05-30,0,1,0.0,4554980.37,-4554980.37,峆一药业,10031760
3415,中泰证券股份有限公司上海中山北一路证券营业部,2025-05-27,0,1,,4555383.0,-4555383.0,汇金通,10113620
3416,财通证券股份有限公司杭州丽水路证券营业部,2025-05-22,0,1,7804126.0,12361723.18,-4557597.18,宏工科技,10082588
3417,东方财富证券股份有限公司拉萨东环路第一证券营业部,2025-05-09,4,7,55445274.36,60008086.06,-4562811.7,ST椰岛 晟楠科技 渝三峡A 芭薇股份 润贝航科 全筑股份 ST加加 利君股份 普利转退 九洲集团 普利退,10428246
3418,华鑫证券有限责任公司上海新松江路营业部,2025-05-21,0,1,86000.0,4651509.18,-4565509.18,东方碳素,10026772
3419,世纪证券有限责任公司湖南分公司,2025-05-23,0,1,72959.67,4645144.35,-4572184.68,晟楠科技,10040838
3420,广发证券股份有限公司广州中山三路中华广场证券营业部,2025-05-28,0,1,1185593.0,5771021.0,-4585428.0,荣丰控股,10022059
3421,麦高证券有限责任公司北京分公司,2025-05-12,0,1,,4587654.0,-4587654.0,南方路机,10488161
3422,招商证券股份有限公司上海牡丹江路证券营业部,2025-05-21,0,1,411968.0,5001321.0,-4589353.0,绿康生化,10176549
3423,中信证券(山东)有限责任公司青岛香港中路证券营业部,2025-05-23,0,1,0.0,4599046.0,-4599046.0,赛隆退,10134745
3424,国信证券股份有限公司上海北京东路证券营业部,2025-05-23,0,1,1568216.0,6169209.5,-4600993.5,赛隆退,10045169
3425,国盛证券有限责任公司苏南分公司,2025-05-13,0,1,0.0,4603223.4,-4603223.4,太湖雪,10666747
3426,长城证券股份有限公司广州昌岗中路证券营业部,2025-05-21,0,1,0.0,4610572.0,-4610572.0,亚太实业,10456183
3427,华泰证券股份有限公司宁波柳汀街证券营业部,2025-05-15,0,1,,4619326.0,-4619326.0,退市苏吴,10113550
3428,中信建投证券股份有限公司温州大南路证券营业部,2025-05-21,0,1,0.0,4623659.6,-4623659.6,胜业电气,10332004
3429,华泰证券股份有限公司常州和平北路证券营业部,2025-05-28,0,1,,4623905.0,-4623905.0,悦达投资,10124413
3430,申万宏源证券有限公司襄阳沿江大道证券营业部,2025-05-07,0,1,,4647782.44,-4647782.44,纬德信息,10025165
3431,浙商证券股份有限公司上海第一分公司,2025-05-27,0,1,,4652503.0,-4652503.0,顺景科技,10021962
3432,海通证券股份有限公司北京工人体育场北路证券营业部,2025-05-07,0,1,0.0,4657014.0,-4657014.0,星光股份,10152189
3433,中国银河证券股份有限公司广州东风中路证券营业部,2025-05-06,0,1,0.0,4659200.0,-4659200.0,慧为智能,10023585
3434,中信证券股份有限公司深圳深业上城证券营业部,2025-05-22,0,1,0.0,4660230.0,-4660230.0,慧博云通,10583026
3435,华泰证券股份有限公司苏州人民路证券营业部,2025-05-30,0,1,963843.0,5627512.79,-4663669.79,峆一药业,10021776
3436,中泰证券股份有限公司义乌诚信大道证券营业部,2025-05-28,0,1,,4671412.0,-4671412.0,南都物业,10442706
3437,国元证券股份有限公司宁波分公司,2025-05-09,0,1,11460876.0,16142640.0,-4681764.0,渝三峡A,10000583825
3438,国投证券股份有限公司上海黄浦区中山东二路证券营业部,2025-05-27,0,1,0.0,4687590.0,-4687590.0,锡装股份,10104825
3439,中国中金财富证券有限公司苏州苏绣路证券营业部,2025-05-21,0,1,,4689101.0,-4689101.0,中衡设计,10028623
3440,国信证券股份有限公司绵阳临园路证券营业部,2025-05-20,0,1,105961.23,4801779.06,-4695817.83,保丽洁,10045165
3441,中国银河证券股份有限公司柳州友谊路证券营业部,2025-05-30,0,1,45156.0,4749288.44,-4704132.44,胜业电气,10339031
3442,国信证券股份有限公司广州珠江东路证券营业部,2025-05-08,0,1,21496.79,4737331.68,-4715834.89,七丰精工,10116002
3443,广发证券股份有限公司葫芦岛海辰路证券营业部,2025-05-27,0,1,,4721279.0,-4721279.0,黄河旋风,10080002
3444,东方财富证券股份有限公司山南香曲东路证券营业部,2025-05-21,0,1,,4722979.08,-4722979.08,退市苏吴,10281327
3445,华鑫证券有限责任公司上海景东路证券营业部,2025-05-26,0,1,4171.0,4732786.0,-4728615.0,太力科技,10048299
3446,广发证券股份有限公司宜兴东虹东路证券营业部,2025-05-06,0,1,299429.0,5037861.0,-4738432.0,交投生态,10414343
3447,财通证券股份有限公司新昌江滨西路证券营业部,2025-05-13,0,1,,4747008.0,-4747008.0,宁波海运,10654091
3448,东方财富证券股份有限公司拉萨团结路第二证券营业部,2025-05-22,6,4,80026853.5,84779027.48,-4752173.98,苏州龙杰 昆仑万维 晟楠科技 信邦智能 科创新材 宁新新材 国科天成 武汉蓝电 无锡鼎邦,10495103
3449,国泰海通证券股份有限公司深圳滨海大道创投大厦营业部,2025-05-21,0,1,0.0,4773302.42,-4773302.42,东方碳素,10144325
3450,申万宏源证券有限公司宁波分公司,2025-05-12,0,1,201258.6,4976290.75,-4775032.15,乐创技术,10168985
3451,华泰证券股份有限公司南京庐山路证券营业部,2025-05-08,0,1,,4777759.0,-4777759.0,退市苏吴,10021770
3452,华泰证券股份有限公司姜堰东大街证券营业部,2025-05-14,0,1,,4787870.0,-4787870.0,展鹏科技,10143711
3453,东北证券股份有限公司青岛分公司,2025-05-12,1,1,16577441.0,21371045.0,-4793604.0,航天长峰 华如科技,10192764
3454,中信证券华南股份有限公司中山小榄证券营业部,2025-05-22,0,1,0.0,4795527.0,-4795527.0,慧博云通,10495288
3455,国信证券股份有限公司深圳红岭中路证券营业部,2025-05-07,0,1,483000.83,5278690.39,-4795689.56,晟楠科技,10045166
3456,国都证券股份有限公司厦门七星西路证券营业部,2025-05-09,0,1,0.0,4799382.0,-4799382.0,众捷汽车,10456545
3457,华西证券股份有限公司合肥长江西路证券营业部,2025-05-23,0,1,2110966.0,6927760.0,-4816794.0,安纳达,10919183
3458,国泰海通证券股份有限公司上海浦东新区福山路证券营业部,2025-05-15,1,1,2686955.0,7512419.31,-4825464.31,大有能源 展鹏科技,10023613
3459,东方财富证券股份有限公司拉萨东环路第一证券营业部,2025-05-12,6,6,163658398.35,168488475.74,-4830077.39,晟楠科技 返利科技 渝三峡A *ST起步 润贝航科 *ST正平 南方精工 利君股份 豪尔赛 普利转退 鑫磊股份 宏工科技 中航成飞,10428246
3460,广发证券股份有限公司石家庄建设北大街证券营业部,2025-05-07,0,2,0.0,4843265.0,-4843265.0,绿康生化 普利退,10119261
3461,中国银河证券股份有限公司合肥金城证券营业部,2025-05-06,0,1,,4849000.0,-4849000.0,诚邦股份,10023512
3462,国泰海通证券股份有限公司揭阳黄岐山大道证券营业部,2025-05-23,0,1,0.0,4856756.4,-4856756.4,赛隆退,10547767
3463,华鑫证券有限责任公司深圳财富大厦证券营业部,2025-05-07,1,1,6496100.0,11359975.0,-4863875.0,华纺股份 金麒麟,10000734168
3464,东莞证券股份有限公司厦门分公司,2025-05-16,0,1,0.0,4868544.87,-4868544.87,万德股份,10145500
3465,国泰海通证券股份有限公司上海佳杰路证券营业部,2025-05-07,0,1,,4881909.0,-4881909.0,春光科技,10000790852
3466,中国银河证券股份有限公司南宁园湖南路证券营业部,2025-05-26,0,1,,4905315.0,-4905315.0,通达电气,10023529
3467,申万宏源西部证券有限公司喀什克孜都维路证券营业部,2025-05-06,0,1,,4906482.0,-4906482.0,诚邦股份,10114040
3468,南京证券股份有限公司昆明人民西路证券营业部,2025-05-08,0,1,,4907601.33,-4907601.33,高测股份,10089879
3469,中银国际证券股份有限公司安阳铁西路证券营业部,2025-05-28,0,1,,4908864.0,-4908864.0,安通控股,10668321
3470,甬兴证券有限公司安徽分公司,2025-05-29,1,1,58498357.43,63408242.26,-4909884.83,尤夫股份,10000923632
3471,国信证券股份有限公司深圳南海大道证券营业部,2025-05-21,0,1,0.0,4917700.0,-4917700.0,亚太实业,10000257377
3472,中信建投证券股份有限公司北京农大南路证券营业部,2025-05-21,0,1,0.0,4923504.0,-4923504.0,慧博云通,10146934
3473,东方财富证券股份有限公司昌都两江大道证券营业部,2025-05-20,3,1,44965762.0,49895266.33,-4929504.33,红墙股份 东方中科 集泰股份,10342919
3474,东方财富证券股份有限公司拉萨团结路第二证券营业部,2025-05-12,11,10,215436113.56,220369414.79,-4933301.23,华电辽能 晟楠科技 渝三峡A 百达精工 七丰精工 贤丰控股 天微电子 南方精工 中坚科技 华光源海 华伍股份 莱赛激光 拓斯达 乐创技术 普利退 中航成飞,10495103
3475,中国银河证券股份有限公司绍兴证券营业部,2025-05-14,0,1,250450.0,5193750.0,-4943300.0,中集环科,10023543
3476,中国中金财富证券有限公司无锡清扬路证券营业部,2025-05-20,0,1,19760.0,4974082.63,-4954322.63,旭杰科技,10166619
3477,德邦证券股份有限公司北京朝阳北路证券营业部,2025-05-12,0,1,0.0,4973427.0,-4973427.0,*ST和科,10087955
3478,招商证券股份有限公司深圳文锦渡深润大厦证券营业部,2025-05-22,0,1,,4975715.0,-4975715.0,科新发展,10046532
3479,平安证券股份有限公司芜湖黄山中路证券营业部,2025-05-20,0,1,,4976145.0,-4976145.0,湖南天雁,10338764
3480,中泰证券股份有限公司济南舜耕路证券营业部,2025-05-08,0,1,19315.0,5008711.0,-4989396.0,奥普光电,10055855
3481,方正证券股份有限公司上海南奉公路证券营业部,2025-05-07,0,1,0.0,4990660.0,-4990660.0,绿康生化,10491971
3482,东方财富证券股份有限公司山南香曲东路证券营业部,2025-05-13,0,2,0.0,4995254.0,-4995254.0,京运通 恒而达,10281327
3483,爱建证券有限责任公司上海江宁路证券营业部,2025-05-22,0,1,5296974.3,10294300.0,-4997325.7,速达股份,10508940
3484,中泰证券股份有限公司义乌诚信大道证券营业部,2025-05-26,0,1,,5010545.1,-5010545.1,汇得科技,10442706
3485,中信建投证券股份有限公司威海新威路证券营业部,2025-05-22,0,1,0.0,5011000.0,-5011000.0,慧博云通,10537517
3486,平安证券股份有限公司上海分公司,2025-05-14,0,1,136240.0,5158002.88,-5021762.88,集泰股份,10048192
3487,财通证券股份有限公司绍兴县柯桥湖西路证券营业部,2025-05-19,0,1,462900.0,5495019.0,-5032119.0,路畅科技,10163610
3488,东吴证券股份有限公司苏州工业园区苏州大道东证券营业部,2025-05-22,0,1,,5036479.0,-5036479.0,宝光股份,10046828
3489,中信建投证券股份有限公司上海营口路证券营业部,2025-05-22,1,1,27470.7,5066798.15,-5039327.45,天雁B股 科创新材,10028716
3490,海通证券股份有限公司景德镇解放路证券营业部,2025-05-16,0,1,,5040000.0,-5040000.0,百利电气,10455213
3491,上海证券有限责任公司苏州中心广场证券营业部,2025-05-07,0,1,0.0,5050866.63,-5050866.63,众捷汽车,10547746
3492,五矿证券有限公司广州分公司,2025-05-06,0,1,0.0,5052400.0,-5052400.0,交投生态,10913507
3493,平安证券股份有限公司广东分公司,2025-05-22,0,1,57431.0,5113185.0,-5055754.0,路畅科技,10109041
3494,中信建投证券股份有限公司南京王府大街证券营业部,2025-05-16,0,1,,5056239.0,-5056239.0,洪通燃气,10086878
3495,中国银河证券股份有限公司台州银座北街证券营业部,2025-05-08,0,1,,5067186.0,-5067186.0,佳力图,10023545
3496,平安证券股份有限公司北京市分公司,2025-05-12,0,1,0.0,5067205.47,-5067205.47,*ST和科,10023369
3497,兴业证券股份有限公司厦门鹭江道证券营业部,2025-05-12,0,1,,5081638.0,-5081638.0,苏州龙杰,10140815
3498,华鑫证券有限责任公司上海莘庄证券营业部,2025-05-27,0,1,3583.0,5093657.0,-5090074.0,锡装股份,10048295
3499,中国中金财富证券有限公司深圳分公司,2025-05-15,1,1,11728643.8,16819179.16,-5090535.36,中远海发 航天南湖,10048460
3500,国联民生证券股份有限公司无锡清扬路证券营业部,2025-05-22,0,1,0.0,5116369.0,-5116369.0,中恒电气,10028572
3501,广发证券股份有限公司广州中山三路中华广场证券营业部,2025-05-16,0,1,1865701.0,6987412.0,-5121711.0,荣丰控股,10022059
3502,华泰证券股份有限公司湖南分公司,2025-05-20,0,1,,5122980.0,-5122980.0,湖南天雁,10401973
3503,国元证券股份有限公司佛山季华五路证券营业部,2025-05-12,0,1,0.0,5128940.0,-5128940.0,昆船智能,10154386
3504,恒泰证券股份有限公司上海东方路证券营业部,2025-05-07,0,1,63602.42,5194437.82,-5130835.4,晟楠科技,10484350
3505,财通证券股份有限公司台州路桥双水路证券营业部,2025-05-08,0,1,,5137141.76,-5137141.76,肯特催化,10429133
3506,国新证券股份有限公司衡阳临江路证券营业部,2025-05-22,0,1,,5145672.0,-5145672.0,浪莎股份,10145334
3507,东兴证券股份有限公司泉州丰泽街证券营业部,2025-05-23,0,1,0.0,5146498.08,-5146498.08,海森药业,10115918
3508,中信建投证券股份有限公司厦门杏东路证券营业部,2025-05-20,0,1,230680.34,5378216.65,-5147536.31,胜业电气,10146924
3509,申万宏源证券有限公司河北分公司,2025-05-14,0,1,161000.0,5309076.78,-5148076.78,方大新材,10146943
3510,东方证券股份有限公司上海松江区沪亭北路证券营业部,2025-05-29,0,1,,5152137.0,-5152137.0,天阳转债 绿能慧充,10180781
3511,海通证券股份有限公司深圳深南大道证券营业部,2025-05-27,0,1,3980.0,5156877.0,-5152897.0,ST云动,10456409
3512,华泰证券股份有限公司上海静安区广中西路证券营业部,2025-05-08,0,1,,5160018.0,-5160018.0,退市熊猫,10142714
3513,广发证券股份有限公司珠海高新金唐路证券营业部,2025-05-12,0,1,0.0,5165200.0,-5165200.0,华如科技,10429209
3514,国泰海通证券股份有限公司北京方庄路证券营业部,2025-05-16,0,1,0.0,5170927.0,-5170927.0,ST惠程,10025204
3515,英大证券有限责任公司湖北分公司,2025-05-28,0,1,,5180429.0,-5180429.0,返利科技,10030116
3516,财通证券股份有限公司杭州文二西路证券营业部,2025-05-07,0,1,0.0,5183643.0,-5183643.0,兰州黄河,10082583
3517,国信证券股份有限公司上海漕溪北路证券营业部,2025-05-09,0,1,392394.0,5576668.0,-5184274.0,升达林业,10023425
3518,申万宏源证券有限公司沈阳宁山中路证券营业部,2025-05-07,0,1,0.0,5187300.0,-5187300.0,锦好医疗,10025364
3519,国信证券股份有限公司深圳泰九分公司,2025-05-08,0,1,,5187646.0,-5187646.0,上海凤凰,10524557
3520,中银国际证券股份有限公司武汉黄孝河路证券营业部,2025-05-07,0,1,,5194543.0,-5194543.0,正和生态,10053617
3521,中国中金财富证券有限公司安徽分公司,2025-05-23,0,1,8095001.0,13291101.0,-5196100.0,海辰药业,10526794
3522,广发证券股份有限公司上海南泉北路证券营业部,2025-05-15,0,1,114391.0,5332136.21,-5217745.21,美农生物,10000584247
3523,长江证券股份有限公司鹰潭交通路证券营业部,2025-05-08,0,1,,5220000.0,-5220000.0,上海凤凰,10517902
3524,中国中金财富证券有限公司深圳桃园路证券营业部,2025-05-06,0,1,267233.4,5500725.0,-5233491.6,九菱科技,10028593
3525,财通证券股份有限公司湖州人民路证券营业部,2025-05-07,0,1,,5245559.0,-5245559.0,航天长峰,10022008
3526,中国银河证券股份有限公司永康五洲路证券营业部,2025-05-29,0,1,2723345.0,7977648.46,-5254303.46,ST棕榈,10664396
3527,广发证券股份有限公司广州中山三路中华广场证券营业部,2025-05-22,0,1,,5270669.0,-5270669.0,科新发展,10022059
3528,中信证券股份有限公司温岭万昌中路证券营业部,2025-05-13,0,1,589500.0,5891264.0,-5301764.0,国华退,10030290
3529,华鑫证券有限责任公司上海云锦路证券营业部,2025-05-13,1,1,12716676.0,18030761.0,-5314085.0,富岭股份 长华化学,10048457
3530,国信证券股份有限公司深圳红岭中路证券营业部,2025-05-20,0,2,4542016.82,9856249.83,-5314233.01,佳合科技 保丽洁,10045166
3531,第一创业证券股份有限公司佛山第一分公司,2025-05-29,0,1,0.0,5320082.08,-5320082.08,路桥信息,10115975
3532,国泰海通证券股份有限公司福建福州华林路营业部,2025-05-20,0,1,14232.0,5337950.73,-5323718.73,佳合科技,10026735
3533,平安证券股份有限公司天津分公司,2025-05-09,1,1,60188757.87,65514863.0,-5326105.13,华胜天成,10030167
3534,湘财证券股份有限公司上海陆家嘴证券营业部,2025-05-19,0,1,1582019.0,6911673.0,-5329654.0,久吾高科,10429176
3535,浙商证券股份有限公司苏州苏州大道东证券营业部,2025-05-14,0,1,0.0,5350145.0,-5350145.0,朝阳科技,10456415
3536,开源证券股份有限公司云南分公司,2025-05-23,0,1,0.0,5362525.63,-5362525.63,鸿铭股份,10583925
3537,兴业证券股份有限公司广州分公司,2025-05-09,0,1,,5367072.0,-5367072.0,中毅达,10436881
3538,光大证券股份有限公司深圳深湾一路证券营业部,2025-05-27,0,1,,5376624.0,-5376624.0,福华尚纬,10127095
3539,广发证券股份有限公司南京泰山路证券营业部,2025-05-09,0,1,2985075.0,8381669.0,-5396594.0,ST章鼓,10000762404
3540,恒泰证券股份有限公司上海徐家汇路证券营业部,2025-05-06,0,1,,5399676.75,-5399676.75,逸飞激光,10502449
3541,国金证券股份有限公司成都东城根街证券营业部,2025-05-30,0,1,,5400000.0,-5400000.0,*ST莫高,10290537
3542,国新证券股份有限公司岳阳大道证券营业部,2025-05-26,0,1,,5409508.0,-5409508.0,科捷智能,10437420
3543,财通证券股份有限公司湖州人民路证券营业部,2025-05-12,0,1,7683.0,5419792.0,-5412109.0,昆船智能,10022008
3544,中信证券股份有限公司四川分公司,2025-05-07,0,1,0.0,5419444.72,-5419444.72,锦好医疗,10045043
3545,大通证券股份有限公司抚顺新华大街证券营业部,2025-05-28,0,1,227102.2,5651841.78,-5424739.58,保丽洁,10132751
3546,平安证券股份有限公司福州长乐北路证券营业部,2025-05-27,0,1,7756241.89,13186454.45,-5430212.56,瑞奇智造,10476445
3547,上海证券有限责任公司上海证券有限责任公司上海分公司,2025-05-29,0,1,0.0,5435734.94,-5435734.94,新安洁,10913317
3548,中信证券股份有限公司新疆分公司,2025-05-08,0,1,0.0,5437442.0,-5437442.0,拓山重工,10000353969
3549,长江证券股份有限公司胶州北京东路证券营业部,2025-05-27,0,1,,5442121.6,-5442121.6,汇金通,10338859
3550,中国银河证券股份有限公司北京学院南路证券营业部,2025-05-12,1,1,34036160.0,39479606.02,-5443446.02,华伍股份 晨曦航空,10023559
3551,平安证券股份有限公司银川凤凰北街证券营业部,2025-05-29,0,1,,5446105.0,-5446105.0,美邦股份,10174511
3552,国金证券股份有限公司上海互联网证券分公司,2025-05-27,1,1,11481348.0,16929846.0,-5448498.0,锦泓集团 永冠新材,10074763
3553,中国中金财富证券有限公司深圳分公司,2025-05-22,0,1,,5449973.06,-5449973.06,正和生态,10048460
3554,中泰证券股份有限公司上海周家嘴路证券营业部,2025-05-22,0,1,162530.0,5619230.71,-5456700.71,新铝时代,10113621
3555,东莞证券股份有限公司四川分公司,2025-05-29,0,1,529149.31,5987727.68,-5458578.37,新安洁,10477736
3556,麦高证券有限责任公司北京第二分公司,2025-05-23,2,1,21888836.48,27349580.22,-5460743.74,国科天成,10488161
3557,麦高证券有限责任公司北京分公司,2025-05-23,2,1,21888836.48,27349580.22,-5460743.74,安纳达 华研精机,10488161
3558,招商证券股份有限公司深圳建安路证券营业部,2025-05-16,0,1,558596.0,6022188.0,-5463592.0,豪恩汽电,10046531
3559,信达证券股份有限公司丹东青年大街证券营业部,2025-05-16,0,1,,5480005.4,-5480005.4,ST交昂,10134496
3560,招商证券股份有限公司深圳益田路免税商务大厦证券营业部,2025-05-28,0,1,853299.0,6345427.3,-5492128.3,宇顺电子,10081709
3561,招商证券股份有限公司上海牡丹江路证券营业部,2025-05-14,0,1,1122588.0,6621270.0,-5498682.0,恒鑫生活,10176549
3562,大通证券股份有限公司大连黑石礁街证券营业部,2025-05-14,0,1,,5500050.0,-5500050.0,宁波海运,10331779
3563,华泰证券股份有限公司天津东丽开发区二纬路证券营业部,2025-05-21,0,1,0.0,5508272.0,-5508272.0,天汽模,10147201
3564,华泰证券股份有限公司包头东河区证券营业部,2025-05-27,0,1,1328216.88,6845995.5,-5517778.62,骑士乳业,10081033
3565,东莞证券股份有限公司长安分公司,2025-05-07,0,1,81369.19,5604895.8,-5523526.61,晟楠科技,10449176
3566,广发证券股份有限公司山西分公司(对外营业部),2025-05-07,0,1,4250.0,5532860.0,-5528610.0,东易日盛,10030098
3567,中信建投证券股份有限公司北京时代花园南路证券营业部,2025-05-19,0,1,0.0,5535502.85,-5535502.85,天工股份,10307661
3568,瑞银证券有限责任公司上海浦东新区花园石桥路第二证券营业部,2025-05-16,3,3,24148869.21,29692064.0,-5543194.79,ST新华锦 安乃达 安正时尚 国光连锁,10342152
3569,光大证券股份有限公司宁波和义路营业部,2025-05-20,0,1,14036.0,5558904.33,-5544868.33,旭杰科技,10112228
3570,中国中金财富证券有限公司芜湖九华中路证券营业部,2025-05-21,0,1,0.0,5545188.0,-5545188.0,安纳达,10594169
3571,平安证券股份有限公司深圳深南大道证券营业部,2025-05-09,0,1,172699.0,5719657.0,-5546958.0,万事利,10146911
3572,广发证券股份有限公司中山兴中道证券营业部,2025-05-27,0,1,,5556984.0,-5556984.0,顺景科技,10078198
3573,国联民生证券股份有限公司宜兴荆邑中路证券营业部,2025-05-07,0,1,0.0,5559177.0,-5559177.0,中超控股,10573292
3574,平安证券股份有限公司河北分公司,2025-05-19,0,1,22684.76,5585122.14,-5562437.38,芭薇股份,10483027
3575,世纪证券有限责任公司江西分公司,2025-05-08,0,1,,5565187.32,-5565187.32,磁谷科技,10484932
3576,信达证券股份有限公司仙居庆丰街证券营业部,2025-05-19,0,1,,5578001.0,-5578001.0,*ST集友,10000288665
3577,海通证券股份有限公司乐山嘉州大道证券营业部,2025-05-30,0,1,,5583000.0,-5583000.0,*ST莫高,10456396
3578,海通证券股份有限公司呼和浩特新华东街证券营业部,2025-05-29,0,1,,5586000.0,-5586000.0,均瑶健康,10384817
3579,国元证券股份有限公司淮北分公司,2025-05-14,0,1,114032.0,5709656.0,-5595624.0,中集环科,10026844
3580,海通证券股份有限公司厦门展鸿路证券营业部,2025-05-20,0,1,,5596764.0,-5596764.0,亚泰集团,10338993
3581,华鑫证券有限责任公司上海云锦路证券营业部,2025-05-09,1,1,5349645.0,10953719.0,-5604074.0,成飞集成 远信工业,10048457
3582,国盛证券有限责任公司苏南分公司,2025-05-16,0,1,0.0,5612078.89,-5612078.89,万德股份,10666747
3583,中国中金财富证券有限公司大连星海广场证券营业部,2025-05-12,0,1,11262.0,5630082.0,-5618820.0,宏工科技,10030334
3584,中信证券股份有限公司苏州分公司,2025-05-19,0,1,117059.0,5736052.0,-5618993.0,双成药业,10045040
3585,长江证券股份有限公司上海仙霞路证券营业部,2025-05-20,0,1,1941.0,5622675.0,-5620734.0,雪榕生物,10025378
3586,华泰证券股份有限公司成都天府广场证券营业部,2025-05-08,0,1,,5623405.0,-5623405.0,退市熊猫,10081032
3587,平安证券股份有限公司北京市分公司,2025-05-15,0,1,,5628703.0,-5628703.0,海程邦达,10023369
3588,光大证券股份有限公司丹阳中新路证券营业部,2025-05-27,0,1,,5634579.0,-5634579.0,顺景科技,10067894
3589,国信证券股份有限公司深圳前海分公司,2025-05-26,0,1,,5640409.0,-5640409.0,云中马,10000268026
3590,国泰海通证券股份有限公司泰州鼓楼南路第二证券营业部,2025-05-14,0,1,,5649645.0,-5649645.0,展鹏科技,10467422
3591,东方财富证券股份有限公司拉萨江苏东路证券营业部,2025-05-29,0,1,3370901.0,9020574.0,-5649673.0,*ST和科,10697104
3592,五矿证券有限公司湖南分公司,2025-05-27,0,1,0.0,5651918.0,-5651918.0,ST云动,10000133772
3593,兴业证券股份有限公司深圳东海国际证券营业部,2025-05-28,0,1,,5654550.0,-5654550.0,江苏新能,10055505
3594,中信证券股份有限公司北京紫竹院路证券营业部,2025-05-27,0,1,4651572.0,10309733.0,-5658161.0,信邦智能,10120512
3595,中国银河证券股份有限公司厦门湖滨中路证券营业部,2025-05-12,0,1,256169.0,5915203.0,-5659034.0,宏工科技,10030457
3596,国泰海通证券股份有限公司重庆朝天门证券营业部,2025-05-21,0,1,,5668010.0,-5668010.0,圣晖集成,10025392
3597,海通证券股份有限公司上海徐汇区建国西路证券营业部,2025-05-20,1,1,4166565.4,9838898.0,-5672332.6,天雁B股 曼卡龙,10028440
3598,国金证券股份有限公司南京双龙大道证券营业部,2025-05-13,0,1,,5692324.0,-5692324.0,华升股份,10000550648
3599,东海证券股份有限公司上海普陀区中潭路证券营业部,2025-05-22,0,1,0.0,5693017.36,-5693017.36,科创新材,10116224
3600,国泰海通证券股份有限公司绵阳剑南路证券营业部,2025-05-13,0,1,,5694286.0,-5694286.0,华升股份,10705812
3601,长江证券股份有限公司上海仙霞路证券营业部,2025-05-26,0,1,,5695511.0,-5695511.0,汇得科技,10025378
3602,宏信证券有限责任公司成都人民南路证券营业部,2025-05-22,0,1,22632.0,5718692.0,-5696060.0,新铝时代,10001575871
3603,万联证券股份有限公司永州芝山路证券营业部,2025-05-06,1,1,7655896.0,13356286.0,-5700390.0,永安药业,10140766
3604,太平洋证券股份有限公司新疆分公司,2025-05-08,0,1,0.0,5715044.0,-5715044.0,豪尔赛,10509010
3605,华福证券有限责任公司平潭金井湾大道证券营业部,2025-05-21,0,1,,5716807.0,-5716807.0,中衡设计,10158344
3606,中信建投证券股份有限公司上海营口路证券营业部,2025-05-30,0,1,,5723057.02,-5723057.02,纵横股份,10028716
3607,国信证券股份有限公司深圳互联网分公司,2025-05-20,1,2,10260994.93,15985366.21,-5724371.28,胜业电气 华光源海 佳合科技,10136477
3608,中信建投证券股份有限公司苏州分公司,2025-05-16,0,1,3986408.82,9715103.83,-5728695.01,七丰精工,10134014
3609,东吴证券股份有限公司上海西藏南路证券营业部,2025-05-21,1,1,7140353.0,12872355.0,-5732002.0,信隆健康 浙江华远,10143030
3610,国泰海通证券股份有限公司南宁民族大道证券营业部,2025-05-15,0,1,1307188.0,7047517.1,-5740329.1,长华化学,10163378
3611,华源证券股份有限公司江苏分公司,2025-05-29,0,1,,5740546.0,-5740546.0,均瑶健康,10484864
3612,海通证券股份有限公司广州珠江西路证券营业部,2025-05-22,0,1,0.0,5747440.0,-5747440.0,ST棕榈,10176522
3613,中国中金财富证券有限公司海口龙华路证券营业部,2025-05-20,0,1,0.0,5756067.37,-5756067.37,胜业电气,10028586
3614,财通证券股份有限公司玉环广陵路证券营业部,2025-05-12,0,1,11055.0,5781204.0,-5770149.0,威尔高,10056293
3615,中银国际证券股份有限公司杭州环球中心证券营业部,2025-05-28,0,1,,5778765.0,-5778765.0,南都物业,10037314
3616,国泰海通证券股份有限公司四川绵阳剑南路营业部,2025-05-23,0,1,35244.16,5821572.41,-5786328.25,宁新新材,10705812
3617,国海证券股份有限公司温州江滨西路证券营业部,2025-05-27,0,1,,5791857.0,-5791857.0,汇金通,10588670
3618,爱建证券有限责任公司上海江宁路证券营业部,2025-05-30,0,1,,5793389.04,-5793389.04,皓元医药,10508940
3619,东方证券股份有限公司上海静安区延平路证券营业部,2025-05-23,0,1,522847.0,6319536.0,-5796689.0,泰坦股份 阳谷转债,10685296
3620,申万宏源证券有限公司上海浦东新区世纪大道证券营业部,2025-05-21,0,1,,5797580.0,-5797580.0,圣晖集成,10103995
3621,招商证券股份有限公司佛山顺德东乐路证券营业部,2025-05-26,0,1,0.0,5807964.01,-5807964.01,胜业电气,10463830
3622,方正证券股份有限公司杭州白石巷证券营业部,2025-05-26,0,1,9787.0,5835163.0,-5825376.0,智莱科技,10054518
3623,东北证券股份有限公司宁波分公司,2025-05-20,0,1,,5843235.0,-5843235.0,空港股份,10570369
3624,东亚前海证券有限责任公司四川分公司,2025-05-06,1,2,10190416.0,16038218.0,-5847802.0,华阳新材 曙光股份 莱绅通灵,10000242108
3625,上海证券有限责任公司崇明区堡镇中路证券营业部,2025-05-12,0,1,,5860755.48,-5860755.48,安乃达,10048468
3626,中信证券股份有限公司上海万源路证券营业部,2025-05-07,0,1,,5860805.26,-5860805.26,ST长园,10045019
3627,兴业证券股份有限公司晋江泉安路营业部,2025-05-19,0,1,0.0,5860822.57,-5860822.57,芭薇股份,10152210
3628,中信建投证券股份有限公司南昌桃苑大街证券营业部,2025-05-29,0,1,1273.05,5867358.41,-5866085.36,新安洁,10127746
3629,信达证券股份有限公司温州瓯江路证券营业部,2025-05-27,0,1,,5890744.0,-5890744.0,汇金通,10638007
3630,招商证券股份有限公司北京安外大街证券营业部,2025-05-29,0,1,,5895342.0,-5895342.0,绿能慧充,10156202
3631,国信证券股份有限公司深圳互联网分公司,2025-05-22,2,2,14404401.52,20301879.94,-5897478.42,晟楠科技 宁新新材 武汉蓝电 无锡鼎邦,10136477
3632,国信证券股份有限公司杭州分公司,2025-05-14,0,1,,5897540.0,-5897540.0,中远海发,10429232
3633,中国银河证券股份有限公司北京建国路证券营业部,2025-05-22,0,1,126371.0,6032376.44,-5906005.44,国科天成,10023581
3634,海通证券股份有限公司深圳宝安证券营业部,2025-05-16,0,1,,5909514.0,-5909514.0,ST交昂,10456377
3635,国元证券股份有限公司温岭太平东城路证券营业部,2025-05-08,1,1,6376257.0,12303772.0,-5927515.0,金浦钛业 汉商集团,10657359
3636,国泰海通证券股份有限公司深圳香蜜湖路营业部,2025-05-22,0,1,55435.41,5987849.86,-5932414.45,科创新材,10025386
3637,华泰证券股份有限公司南通工农路证券营业部,2025-05-15,0,1,5776.0,5938468.0,-5932692.0,拓新药业,10021785
3638,兴业证券股份有限公司厦门湖里大道证券营业部,2025-05-08,1,1,30434508.0,36369441.0,-5934933.0,华伍股份,10119151
3639,国泰海通证券股份有限公司潍坊东风东街第一证券营业部,2025-05-29,0,1,5261525.0,11198725.0,-5937200.0,*ST和科,10140602
3640,中信建投证券股份有限公司上海浦东新区福山路证券营业部,2025-05-30,0,1,,5938575.0,-5938575.0,纵横股份,10028719
3641,国泰海通证券股份有限公司上海长宁区江苏路证券营业部,2025-05-14,3,3,55889699.72,61830201.58,-5940501.86,国芳集团 *ST宝馨 朝阳科技 酷特智能,10025080
3642,国泰海通证券股份有限公司上海江苏路营业部,2025-05-14,3,3,55889699.72,61830201.58,-5940501.86,华光源海,10025080
3643,中信证券股份有限公司宜兴新城路证券营业部,2025-05-07,0,1,0.0,5941680.0,-5941680.0,中超控股,10000359703
3644,中国银河证券股份有限公司苏州三香路证券营业部,2025-05-22,0,1,57914.0,6001499.0,-5943585.0,路畅科技,10067727
3645,国信证券股份有限公司浙江互联网分公司,2025-05-26,3,4,64403321.09,70350617.85,-5947296.76,南京港 浪莎股份 王子新材 苏州龙杰 莱绅通灵 正和生态,10000213448
3646,中国银河证券股份有限公司青田龙津路证券营业部,2025-05-08,0,1,,5964177.0,-5964177.0,退市熊猫,10133779
3647,中信证券股份有限公司上海石化证券营业部,2025-05-20,0,1,19350.0,6003353.0,-5984003.0,雪榕生物,10045022
3648,华泰证券股份有限公司常州和平北路证券营业部,2025-05-22,0,1,159751.0,6148344.27,-5988593.27,国科天成,10124413
3649,中信证券股份有限公司天津迎水道证券营业部,2025-05-19,0,1,5580307.0,11572549.0,-5992242.0,天汽模,10045015
3650,华泰证券股份有限公司深圳深南大道证券营业部,2025-05-06,0,2,53197.1,6046485.54,-5993288.44,美心翼申 *ST动力,10206039
3651,国投证券股份有限公司深圳深南大道华侨城大厦证券营业部,2025-05-29,0,1,0.0,5996636.05,-5996636.05,广康生化,10537515
3652,浙商证券股份有限公司天津分公司,2025-05-22,0,1,0.0,6013200.0,-6013200.0,慧博云通,10484764
3653,华泰证券股份有限公司溧水珍珠北路证券营业部,2025-05-12,0,1,0.0,6018592.0,-6018592.0,威尔高,10191555
3654,联储证券股份有限公司宁波分公司,2025-05-19,0,1,,6021768.53,-6021768.53,洪通燃气,10915756
3655,中信证券股份有限公司台州分公司,2025-05-27,0,1,103635.13,6132974.19,-6029339.06,胜业电气,10145019
3656,国投证券股份有限公司上海普陀区江宁路证券营业部,2025-05-12,0,1,,6032796.0,-6032796.0,安乃达,10116382
3657,华泰证券股份有限公司成都锦晖西二街证券营业部,2025-05-22,0,1,5693.0,6040214.0,-6034521.0,新铝时代,10149532
3658,粤开证券股份有限公司深圳深南大道证券营业部,2025-05-16,0,1,,6044996.0,-6044996.0,*ST集友,10747420
3659,国投证券股份有限公司柳州晨华路证券营业部,2025-05-16,0,1,,6045467.0,-6045467.0,迎丰股份,10537523
3660,国信证券股份有限公司深圳互联网分公司,2025-05-08,0,1,2733363.08,8782305.13,-6048942.05,七丰精工,10136477
3661,华鑫证券有限责任公司上海分公司,2025-05-08,2,3,24428740.0,30480991.0,-6052251.0,豪24转债 爱乐达 上海凤凰 爱朋医疗 肯特催化 长华化学,10274545
3662,中信证券华南股份有限公司广州临江大道天德广场证券营业部,2025-05-16,0,1,2163101.0,8222509.0,-6059408.0,天元宠物,10135342
3663,中泰证券股份有限公司潍坊四平路证券营业部,2025-05-30,0,1,,6064119.22,-6064119.22,纵横股份,10048372
3664,西南证券股份有限公司上海普陀区宜君路证券营业部,2025-05-27,0,1,,6064760.0,-6064760.0,福华尚纬,10133095
3665,国泰海通证券股份有限公司杭州延安路证券营业部,2025-05-30,0,1,,6069161.51,-6069161.51,皓元医药,10093902
3666,华泰证券股份有限公司深圳分公司,2025-05-28,0,1,,6081741.0,-6081741.0,艾艾精工,10206254
3667,华安证券股份有限公司马鞍山分公司,2025-05-23,0,1,14492.0,6099726.0,-6085234.0,新天地,10119520
3668,中信建投证券股份有限公司北京朝外大街证券营业部,2025-05-12,0,1,921999.0,7015362.0,-6093363.0,南华生物,10526803
3669,中国中金财富证券有限公司深圳分公司,2025-05-07,0,1,543370.0,6637229.0,-6093859.0,禾盛新材,10048460
3670,招商证券股份有限公司佛山季华五路证券营业部,2025-05-14,0,1,,6100559.2,-6100559.2,嘉诚国际,10046656
3671,中国中金财富证券有限公司广州分公司,2025-05-30,0,1,108480.3,6212634.0,-6104153.7,峆一药业,10031840
3672,光大证券股份有限公司宁波甬江大道证券营业部,2025-05-07,0,1,1307029.0,7412864.0,-6105835.0,*ST宝馨,10106213
3673,东吴证券股份有限公司苏州西北街证券营业部,2025-05-07,0,1,,6115241.0,-6115241.0,春光科技,10028577
3674,光大证券股份有限公司东莞厚街证券营业部,2025-05-21,0,1,0.0,6128040.0,-6128040.0,海辰药业,10147195
3675,招商证券股份有限公司上海世纪大道证券营业部,2025-05-26,0,1,3625988.0,9759014.0,-6133026.0,中科信息,10046548
3676,中航证券有限公司抚州赣东大道证券营业部,2025-05-13,0,1,,6133062.34,-6133062.34,锦江航运,10146330
3677,平安证券股份有限公司芜湖黄山中路证券营业部,2025-05-22,0,1,,6135654.0,-6135654.0,廊坊发展,10338764
3678,华林证券股份有限公司开平东兴大道证券营业部,2025-05-06,0,1,,6152022.0,-6152022.0,京运通,10140657
3679,国泰海通证券股份有限公司宿迁青海湖路证券营业部,2025-05-07,0,1,0.0,6153736.0,-6153736.0,禾盛新材,10000740981
3680,长江证券股份有限公司温岭横湖中路证券营业部,2025-05-08,0,1,,6156344.52,-6156344.52,汉商集团,10429182
3681,信达证券股份有限公司长沙八一路证券营业部,2025-05-29,0,1,0.0,6158475.0,-6158475.0,ST云动,10397646
3682,招商证券股份有限公司深圳沙头角金融路证券营业部,2025-05-21,0,1,0.0,6166876.17,-6166876.17,宁新新材,10046534
3683,申万宏源证券有限公司金华八一北街证券营业部,2025-05-15,0,1,9964223.17,16132113.3,-6167890.13,芭薇股份,10112351
3684,国金证券股份有限公司上海静安区南京西路证券营业部,2025-05-21,1,3,16762381.54,22942739.85,-6180358.31,东方碳素 亚太实业 *ST岭南 郑中设计,10342130
3685,国信证券股份有限公司青岛分公司,2025-05-22,0,1,,6189817.0,-6189817.0,正和生态,10485070
3686,中国银河证券股份有限公司上海五莲路证券营业部,2025-05-29,0,1,239903.96,6430397.11,-6190493.15,新安洁,10025306
3687,国金证券股份有限公司北京长椿街证券营业部,2025-05-30,0,1,,6204897.0,-6204897.0,华远控股,10095954
3688,国融证券股份有限公司浙江分公司,2025-05-06,0,1,,6213825.52,-6213825.52,精进电动,10915706
3689,广发证券股份有限公司杭州金华南路证券营业部,2025-05-09,0,1,0.0,6217741.0,-6217741.0,侨银股份,10078167
3690,广发证券股份有限公司葫芦岛海辰路营业部,2025-05-07,0,1,6680.0,6227118.54,-6220438.54,锦好医疗,10080002
3691,海通证券股份有限公司上海宝山区牡丹江路证券营业部,2025-05-26,0,1,,6228246.99,-6228246.99,浪莎股份,10028446
3692,东方财富证券股份有限公司拉萨团结路第二证券营业部,2025-05-16,9,6,114772392.55,121010781.98,-6238389.43,安正时尚 茂化实华 天工股份 盛泰集团 中欣氟材 芭薇股份 七丰精工 中洲特材 华光源海 森萱医药 天元宠物 长华化学 泽润新能,10495103
3693,国金证券股份有限公司重庆江北嘴证券营业部,2025-05-28,0,1,4509046.0,10748038.0,-6238992.0,滨海能源,10436846
3694,国泰海通证券股份有限公司深圳深南大道京基一百证券营业部,2025-05-28,0,1,,6257570.8,-6257570.8,亚振家居,10717069
3695,国信证券股份有限公司深圳互联网分公司,2025-05-23,1,3,10507071.68,16767175.63,-6260103.95,辰光医疗 宁新新材 无锡鼎邦,10136477
3696,华泰证券股份有限公司郑州经三路证券营业部,2025-05-23,0,1,248044.0,6514000.0,-6265956.0,新天地,10081598
3697,中信建投证券股份有限公司珠海凤凰北路证券营业部,2025-05-22,0,1,,6280000.0,-6280000.0,退市太和,10698642
3698,华泰证券股份有限公司南京长江路证券营业部,2025-05-14,0,1,198454.0,6502707.5,-6304253.5,南京港,10021768
3699,上海证券有限责任公司宁波北仑新大路证券营业部,2025-05-16,0,1,19989.9,6332213.92,-6312224.02,万德股份,10000004537
3700,中国银河证券股份有限公司湖州证券营业部,2025-05-12,0,1,,6334376.1,-6334376.1,*ST起步,10030473
3701,中信证券股份有限公司杭州金城路证券营业部,2025-05-23,0,1,71719.0,6432790.0,-6361071.0,泰坦股份,10028548
3702,国融证券股份有限公司湖北分公司,2025-05-14,0,1,,6381083.0,-6381083.0,雅运股份,10784252
3703,华西证券股份有限公司烟台迎春大街证券营业部,2025-05-28,0,1,,6381529.0,-6381529.0,亚振家居,10000003251
3704,华泰证券股份有限公司厦门厦禾路证券营业部,2025-05-21,0,1,253032.0,6637383.44,-6384351.44,领湃科技,10206041
3705,海通证券股份有限公司上海普陀区大华一路证券营业部,2025-05-30,0,1,,6385074.0,-6385074.0,领先股份,10124405
3706,国泰海通证券股份有限公司温岭万昌中路证券营业部,2025-05-21,0,1,16835814.86,23222177.18,-6386362.32,一心堂,10719913
3707,东海证券股份有限公司北京分公司,2025-05-22,0,1,0.0,6399485.0,-6399485.0,华研精机,10093350
3708,招商证券股份有限公司大连星海广场证券营业部,2025-05-06,0,1,0.0,6406293.08,-6406293.08,川大智胜,10339360
3709,国信证券股份有限公司成都沙湾路证券营业部,2025-05-21,0,1,16772.7,6425099.73,-6408327.03,宁新新材,10000740964
3710,中航证券有限公司湖北分公司,2025-05-14,0,1,0.0,6408336.0,-6408336.0,天利科技,10000999684
3711,国投证券股份有限公司厦门民族路证券营业部,2025-05-06,0,1,2800.0,6431906.0,-6429106.0,邵阳液压,10436147
3712,兴业证券股份有限公司上海金陵东路营业部,2025-05-08,0,1,2479.0,6464102.17,-6461623.17,春光智能,10027014
3713,华林证券股份有限公司江门聚德街证券营业部,2025-05-28,0,1,,6472620.0,-6472620.0,艾艾精工,10030154
3714,中信证券股份有限公司总部(非营业场所),2025-05-13,0,1,,6476321.0,-6476321.0,锦江航运,10045029
3715,中信证券股份有限公司杭州文三路证券营业部,2025-05-13,0,1,0.0,6483006.0,-6483006.0,润贝航科,10122883
3716,中国银河证券股份有限公司昆明东风西路证券营业部,2025-05-06,0,1,28364.0,6518932.0,-6490568.0,金凯生科,10154231
3717,渤海证券股份有限公司深圳分公司,2025-05-06,0,1,,6502789.83,-6502789.83,九联科技,10046733
3718,信达证券股份有限公司北京西单北大街证券营业部,2025-05-20,0,1,,6515250.78,-6515250.78,科兴制药,10104990
3719,中泰证券股份有限公司河南分公司,2025-05-20,0,1,,6541462.0,-6541462.0,浪莎股份,10508966
3720,国融证券股份有限公司杭州市心北路证券营业部,2025-05-09,0,1,0.0,6548064.7,-6548064.7,豪尔赛,10400324
3721,银泰证券有限责任公司大连五五路证券营业部,2025-05-21,0,1,3386.0,6578777.0,-6575391.0,领湃科技,10118659
3722,中泰证券股份有限公司芜湖中山南路证券营业部,2025-05-06,0,1,54600.0,6637486.6,-6582886.6,*ST新元,10106214
3723,东方证券股份有限公司无锡新生路证券营业部,2025-05-30,1,2,60962149.9,67550476.14,-6588326.24,劲旅环境 雄帝科技 天阳科技,10517841
3724,中国中金财富证券有限公司常州通江南路证券营业部,2025-05-30,0,1,,6600000.0,-6600000.0,*ST莫高,10549263
3725,招商证券股份有限公司深圳文锦渡深润大厦证券营业部,2025-05-30,0,1,,6613666.0,-6613666.0,领先股份,10046532
3726,东方财富证券股份有限公司昌都两江大道证券营业部,2025-05-21,0,2,5851774.0,12468495.44,-6616721.44,肯特催化 红墙股份,10342919
3727,兴业证券股份有限公司吉安分公司,2025-05-27,0,1,0.0,6621506.2,-6621506.2,骑士乳业,10637692
3728,方正证券股份有限公司深圳翔鸽路证券营业部,2025-05-30,0,1,11482692.0,18104231.99,-6621539.99,创新医疗,10495039
3729,华福证券有限责任公司福鼎南大路证券营业部,2025-05-08,0,1,0.0,6627092.0,-6627092.0,奥普光电,10083973
3730,中国银河证券股份有限公司福州证券营业部,2025-05-07,0,1,,6635730.0,-6635730.0,肯特催化,10030496
3731,中国中金财富证券有限公司天津分公司,2025-05-28,0,1,,6646511.0,-6646511.0,亚振家居,10355407
3732,方正证券股份有限公司瑞安罗阳大道证券营业部,2025-05-12,0,1,928577.0,7576272.0,-6647695.0,威尔高,10477746
3733,申万宏源证券有限公司北京东四环中路证券营业部,2025-05-15,0,1,,6652791.0,-6652791.0,综艺股份,10144804
3734,国泰海通证券股份有限公司广东东莞体育路营业部,2025-05-22,0,1,147796.12,6813719.18,-6665923.06,宁新新材,10098746
3735,海通证券股份有限公司上海宝山区牡丹江路证券营业部,2025-05-30,0,1,,6666061.0,-6666061.0,国光连锁,10028446
3736,广发证券股份有限公司汕头迎宾路证券营业部,2025-05-28,0,1,,6667983.3,-6667983.3,波导股份,10048502
3737,广发证券股份有限公司上海龙华路营业部,2025-05-08,0,1,0.0,6669814.16,-6669814.16,春光智能,10456513
3738,海通证券股份有限公司广州东风西路证券营业部,2025-05-12,0,1,36187.0,6712491.0,-6676304.0,保龄宝,10023380
3739,中国银河证券股份有限公司北京金融街证券营业部,2025-05-06,0,1,66251.0,6744635.0,-6678384.0,天元股份,10030485
3740,申万宏源证券有限公司上海杨浦区黄兴路证券营业部,2025-05-15,0,1,,6686513.54,-6686513.54,海程邦达,10025184
3741,兴业证券股份有限公司上海锦康路证券营业部,2025-05-21,0,1,0.0,6700346.0,-6700346.0,舒泰神,10083078
3742,华泰证券股份有限公司镇江丹阳凤凰路证券营业部,2025-05-06,0,1,13357.0,6720850.0,-6707493.0,中洲特材,10397277
3743,中泰证券股份有限公司南京泰山路证券营业部,2025-05-12,0,1,,6721977.0,-6721977.0,安乃达,10484899
3744,华鑫证券有限责任公司上海分公司,2025-05-09,1,2,18138576.0,24860641.07,-6722065.07,侨银股份 *ST网达 百达精工,10274545
3745,申万宏源证券有限公司上海浦东新区东方路证券营业部,2025-05-29,0,1,,6757408.0,-6757408.0,远东股份,10021695
3746,东方证券股份有限公司北海北海大道证券营业部,2025-05-30,0,1,,6757461.0,-6757461.0,北投科技,10158337
3747,中国银河证券股份有限公司烟台证券营业部,2025-05-08,0,1,,6759842.0,-6759842.0,*ST利达,10031763
3748,中国银河证券股份有限公司常德建设路证券营业部,2025-05-16,0,1,85200.0,6855594.0,-6770394.0,豪恩汽电,10671743
3749,长江证券股份有限公司深圳龙华民旺路证券营业部,2025-05-09,0,1,0.0,6777045.0,-6777045.0,升达林业,10139131
3750,国泰海通证券股份有限公司沈阳青年大街证券营业部,2025-05-19,0,1,,6789820.5,-6789820.5,ST交昂,10135461
3751,中国中金财富证券有限公司广州番禺东兴路证券营业部,2025-05-12,0,1,,6791406.0,-6791406.0,*ST正平,10174528
3752,中信证券股份有限公司福州振武路证券营业部,2025-05-12,0,1,0.0,6816674.0,-6816674.0,亚太实业,10152035
3753,国新证券股份有限公司长沙韶山路证券营业部,2025-05-26,0,1,,6836565.0,-6836565.0,汇得科技,10143353
3754,信达证券股份有限公司深圳分公司,2025-05-26,0,1,,6854553.33,-6854553.33,汉邦科技,10924070
3755,国泰海通证券股份有限公司北京建国路营业部,2025-05-07,0,1,68544.0,6944540.41,-6875996.41,晟楠科技,10467473
3756,信达证券股份有限公司重庆分公司,2025-05-28,0,1,0.0,6876247.76,-6876247.76,宇顺电子,10000583837
3757,国元证券股份有限公司绍兴金柯桥大道证券营业部,2025-05-14,0,1,,6879258.0,-6879258.0,迎丰股份,10180994
3758,东方财富证券股份有限公司昌都两江大道证券营业部,2025-05-09,2,2,4398930.0,11282062.42,-6883132.42,全筑股份 ST加加 *ST岭南 普利退,10342919
3759,国海证券股份有限公司深圳深南大道证券营业部,2025-05-29,0,1,,6889124.32,-6889124.32,ST信通,10082502
3760,华源证券股份有限公司江西分公司,2025-05-16,0,1,,6932029.0,-6932029.0,安乃达,10526567
3761,爱建证券有限责任公司上海浦东新区前滩大道证券营业部,2025-05-20,2,1,37944197.58,44917683.47,-6973485.89,安彩高科 综艺股份 宁波海运,10491827
3762,国泰海通证券股份有限公司深圳香蜜湖路证券营业部,2025-05-15,0,1,,6976058.0,-6976058.0,返利科技,10025386
3763,浙商证券股份有限公司东阳环城北路证券营业部,2025-05-23,0,1,496116.0,7476120.97,-6980004.97,海森药业,10119571
3764,招商证券股份有限公司西安北大街证券营业部,2025-05-12,0,1,182490.0,7174920.0,-6992430.0,华如科技,10112578
3765,海通证券股份有限公司上海黄浦区福州路营业部,2025-05-13,0,1,30270.42,7030523.05,-7000252.63,太湖雪,10028456
3766,财通证券股份有限公司温岭中华路证券营业部,2025-05-15,2,1,20597105.57,27602627.52,-7005521.95,芭薇股份 中集环科,10022026
3767,兴业证券股份有限公司深圳东海国际证券营业部,2025-05-23,0,1,0.0,7014384.0,-7014384.0,泰坦股份,10055505
3768,中国银河证券股份有限公司深圳深南大道证券营业部,2025-05-23,0,1,,7019481.0,-7019481.0,宝光股份,10031772
3769,南京证券股份有限公司镇江中山东路证券营业部,2025-05-16,0,1,,7022079.6,-7022079.6,*ST华幸,10066071
3770,华鑫证券有限责任公司泉州杏秀路证券营业部,2025-05-16,0,1,,7034061.38,-7034061.38,ST交昂,10662969
3771,东莞证券股份有限公司北京分公司,2025-05-14,0,1,,7039842.0,-7039842.0,中远海发,10484994
3772,申万宏源证券有限公司合肥潜山路证券营业部,2025-05-28,0,1,0.0,7068768.0,-7068768.0,劲旅环境,10181403
3773,长城证券股份有限公司苏州东吴北路证券营业部,2025-05-15,0,1,,7077573.0,-7077573.0,返利科技,10057261
3774,世纪证券有限责任公司广东分公司,2025-05-29,0,1,,7083048.0,-7083048.0,均瑶健康,10134744
3775,国金证券股份有限公司成都东城根街证券营业部,2025-05-26,0,1,,7108449.35,-7108449.35,科捷智能,10290537
3776,中国银河证券股份有限公司台州黄岩委羽街证券营业部,2025-05-12,0,1,0.0,7113470.77,-7113470.77,华光源海,10436667
3777,华泰证券股份有限公司淮安富誉路证券营业部,2025-05-27,0,1,0.0,7119288.0,-7119288.0,中旗股份,10259083
3778,上海证券有限责任公司宁波北仑新大路证券营业部,2025-05-30,0,1,225578.33,7349776.85,-7124198.52,三友科技,10000004537
3779,华林证券股份有限公司江门聚德街证券营业部,2025-05-19,0,1,0.0,7134049.0,-7134049.0,双成药业,10030154
3780,东方财富证券股份有限公司拉萨东城区江苏大道证券营业部,2025-05-23,1,1,7599365.56,14736757.94,-7137392.38,常辅股份 恒鑫生活,10708576
3781,中信证券股份有限公司永康金城路证券营业部,2025-05-09,0,1,0.0,7144327.5,-7144327.5,宇顺电子,10124370
3782,联储证券股份有限公司北京分公司,2025-05-23,0,1,,7146720.04,-7146720.04,天安新材,10680659
3783,国信证券股份有限公司深圳互联网分公司,2025-05-29,0,1,1066776.14,8214260.96,-7147484.82,瑞奇智造,10136477
3784,国盛证券有限责任公司深圳梅园路证券营业部,2025-05-21,1,1,39160578.0,46324454.0,-7163876.0,中毅达 乐山电力,10456723
3785,华宝证券股份有限公司舟山港航国际大厦证券营业部,2025-05-30,0,1,,7168200.0,-7168200.0,纵横股份,10026981
3786,国信证券股份有限公司深圳红岭中路证券营业部,2025-05-12,2,2,13222613.44,20393580.36,-7170966.92,晟楠科技 成电光信,10045166
3787,英大证券有限责任公司深圳华侨城证券营业部,2025-05-28,0,1,62174.0,7234393.5,-7172219.5,宇顺电子,10030156
3788,广发证券股份有限公司武汉京汉大道证券营业部,2025-05-16,0,1,,7176870.0,-7176870.0,百利电气,10026970
3789,中信建投证券股份有限公司温州大南路证券营业部,2025-05-08,0,1,0.0,7186077.88,-7186077.88,众捷汽车,10332004
3790,财信证券股份有限公司南京金源路证券营业部,2025-05-09,0,1,2181814.0,9369762.0,-7187948.0,炼石航空,10561220
3791,国元证券股份有限公司绍兴金柯桥大道证券营业部,2025-05-19,0,1,,7194376.0,-7194376.0,迎丰股份,10180994
3792,兴业证券股份有限公司上海金陵东路证券营业部,2025-05-19,0,1,198994.0,7402965.0,-7203971.0,久吾高科,10027014
3793,中国中金财富证券有限公司苏州干将西路证券营业部,2025-05-30,0,1,0.0,7219607.52,-7219607.52,路桥信息,10028623
3794,华鑫证券有限责任公司成都交子大道证券营业部,2025-05-23,0,1,0.0,7228038.0,-7228038.0,鸿铭股份,10456795
3795,国海证券股份有限公司南宁凤凰岭路证券营业部,2025-05-30,0,1,,7250652.0,-7250652.0,北投科技,10046792
3796,中泰证券股份有限公司上海中山北一路证券营业部,2025-05-20,0,1,6870.0,7277504.0,-7270634.0,雪榕生物,10113620
3797,国都证券股份有限公司济南分公司,2025-05-08,0,1,0.0,7280505.0,-7280505.0,山东墨龙,10456547
3798,海通证券股份有限公司咸阳沈兴北路证券营业部,2025-05-27,0,1,1635.0,7285814.84,-7284179.84,科拓生物,10108296
3799,平安证券股份有限公司河北分公司,2025-05-12,0,1,13144.98,7299429.11,-7286284.13,成电光信,10483027
3800,甬兴证券有限公司上海分公司,2025-05-28,0,1,213840.0,7504704.0,-7290864.0,博世科,10000169317
3801,广发证券股份有限公司汕头潮阳棉北证券营业部,2025-05-08,0,1,,7295276.8,-7295276.8,豪能股份,10429202
3802,西部证券股份有限公司西安金花南路证券营业部,2025-05-26,0,1,,7295816.1,-7295816.1,汉邦科技,10026909
3803,信达证券股份有限公司东阳江滨北街证券营业部,2025-05-26,0,1,0.0,7296777.0,-7296777.0,金利华电,10000110056
3804,平安证券股份有限公司深圳深南东路罗湖商务中心证券营业部,2025-05-12,0,1,939516.0,8242454.0,-7302938.0,昆船智能,10143566
3805,第一创业证券股份有限公司深圳红岭北路证券营业部,2025-05-07,0,1,238228.05,7544586.97,-7306358.92,通易航天,10264956
3806,财通证券股份有限公司杭州转塘沙秀路证券营业部,2025-05-15,0,1,0.0,7315411.0,-7315411.0,诺斯贝尔,10583061
3807,中国银河证券股份有限公司台州银座北街证券营业部,2025-05-26,0,1,,7319451.0,-7319451.0,云中马,10023545
3808,中国中金财富证券有限公司深圳宝安中心路证券营业部,2025-05-28,0,1,,7324639.45,-7324639.45,*ST精伦,10147263
3809,西南证券股份有限公司重庆万州证券营业部,2025-05-20,0,1,0.0,7324813.92,-7324813.92,*ST中迪,10148463
3810,海通证券股份有限公司上海黄浦区福州路证券营业部,2025-05-26,0,1,,7325014.2,-7325014.2,汇得科技,10028456
3811,国投证券股份有限公司福州分公司,2025-05-29,0,1,,7343728.0,-7343728.0,均瑶健康,10116663
3812,上海证券有限责任公司宁波北仑新大路证券营业部,2025-05-21,0,1,2310376.2,9657533.35,-7347157.15,胜业电气,10000004537
3813,世纪证券有限责任公司吉安吉州大道证券营业部,2025-05-07,0,1,,7349540.0,-7349540.0,京运通,10158360
3814,中国银河证券股份有限公司深圳深业上城证券营业部,2025-05-30,0,1,,7351610.0,-7351610.0,领先股份,10025294
3815,华西证券股份有限公司杭州学院路证券营业部,2025-05-12,0,1,0.0,7366869.0,-7366869.0,保龄宝,10028640
3816,国盛证券有限责任公司景德镇广场南路证券营业部,2025-05-29,0,1,,7372625.56,-7372625.56,汉邦科技,10046681
3817,中信建投证券股份有限公司重庆龙山路证券营业部,2025-05-19,0,1,,7380906.0,-7380906.0,拉芳家化,10146923
3818,财通证券股份有限公司杭州东湖南路证券营业部,2025-05-12,1,1,14112788.03,21497698.95,-7384910.92,麒盛科技,10082587
3819,方正证券股份有限公司长沙星沙开元东路证券营业部,2025-05-19,1,1,6896408.15,14282477.74,-7386069.59,华光源海,10159808
3820,中银国际证券股份有限公司北京东三环北路证券营业部,2025-05-13,0,1,0.0,7397260.0,-7397260.0,北京利尔,10677333
3821,东方财富证券股份有限公司拉萨金融城南环路证券营业部,2025-05-26,10,9,200322804.12,207721315.71,-7398511.59,辰光医疗 空港股份 南京港 保变电气 武汉凡谷 常辅股份 鸿博股份 综艺股份 合锻智能 永安药业 莱绅通灵 凯美特气 正和生态 雪人集团 *ST岭南 王子新材,10678762
3822,东方证券股份有限公司张家港东环路证券营业部,2025-05-22,0,1,0.0,7404357.0,-7404357.0,路畅科技,10702252
3823,海通证券股份有限公司上海嘉定区洪德路证券营业部,2025-05-13,0,1,,7412976.0,-7412976.0,哈森股份,10025068
3824,华泰证券股份有限公司厦门厦禾路证券营业部,2025-05-20,0,1,,7423786.01,-7423786.01,三生国健,10206041
3825,中信建投证券股份有限公司苏州分公司,2025-05-07,0,1,52567.19,7483685.23,-7431118.04,一致魔芋,10134014
3826,广发证券股份有限公司广州寺右新马路证券营业部,2025-05-22,0,1,951560.0,8404120.0,-7452560.0,国光电器,10467464
3827,中泰证券股份有限公司天津红旗路证券营业部,2025-05-26,0,1,,7456130.74,-7456130.74,安凯微,10124808
3828,广发证券股份有限公司汕头金砂路证券营业部,2025-05-14,0,1,,7487006.8,-7487006.8,雅运股份,10026965
3829,中信证券股份有限公司苏州分公司,2025-05-12,0,1,24048.0,7515000.0,-7490952.0,*ST和科,10045040
3830,国信证券股份有限公司北京分公司,2025-05-15,3,3,31787443.0,39291329.0,-7503886.0,退市苏吴 诺斯贝尔 ST交昂 迎丰股份,10122926
3831,国泰海通证券股份有限公司成都顺城大街证券营业部,2025-05-12,0,1,0.0,7515000.0,-7515000.0,*ST和科,10025180
3832,中泰证券股份有限公司上海申长路证券营业部,2025-05-29,0,1,,7537950.0,-7537950.0,远东股份,10115171
3833,华福证券有限责任公司厦门湖滨南路证券营业部,2025-05-21,0,1,654742.49,8195074.91,-7540332.42,武汉蓝电 普利转退,10030080
3834,华宝证券股份有限公司上海东大名路证券营业部,2025-05-27,1,1,20327513.0,27880163.0,-7552650.0,新金路 ST云动,10456831
3835,光大证券股份有限公司宁波北仑新碶证券营业部,2025-05-19,0,1,421224.0,7975119.0,-7553895.0,泰禾股份,10144697
3836,财通证券股份有限公司新昌江滨西路证券营业部,2025-05-09,0,1,4831497.0,12385877.0,-7554380.0,远信工业,10654091
3837,诚通证券股份有限公司南京中山东路证券营业部,2025-05-16,0,1,133065.0,7691568.0,-7558503.0,尚荣医疗,10000854038
3838,华龙证券股份有限公司长沙芙蓉中路证券营业部,2025-05-12,0,1,,7570000.0,-7570000.0,赛福天,10573248
3839,中信建投证券股份有限公司佛山南海大道证券营业部,2025-05-22,0,1,0.0,7581423.2,-7581423.2,鸿铭股份,10048126
3840,招商证券股份有限公司北京车公庄西路证券营业部,2025-05-20,0,1,8557.0,7593028.98,-7584471.98,旭杰科技,10028688
3841,华西证券股份有限公司烟台迎春大街证券营业部,2025-05-13,0,1,,7595820.0,-7595820.0,亚振家居,10000003251
3842,光大证券股份有限公司北京丽泽路证券营业部,2025-05-09,0,1,0.0,7617968.15,-7617968.15,升达林业,10163736
3843,江海证券有限公司哈尔滨红军街证券营业部,2025-05-28,0,1,0.0,7626900.0,-7626900.0,新天地,10025253
3844,华泰证券股份有限公司上海宝山区牡丹江路证券营业部,2025-05-19,0,1,4939087.0,12586711.0,-7647624.0,天汽模,10046458
3845,国信证券股份有限公司深圳红岭中路证券营业部,2025-05-09,2,3,20193862.95,27855385.03,-7661522.08,晟楠科技 芭薇股份 莱赛激光 慧为智能,10045166
3846,东方证券股份有限公司兰州南昌路证券营业部,2025-05-08,0,1,541113.0,8205409.84,-7664296.84,信凯科技,10517796
3847,第一创业证券股份有限公司青岛分公司,2025-05-12,0,1,,7683890.0,-7683890.0,*ST起步,10159692
3848,华泰证券股份有限公司上海普陀区江宁路证券营业部,2025-05-28,0,1,,7687676.9,-7687676.9,*ST精伦,10079785
3849,万和证券股份有限公司北京分公司,2025-05-27,0,1,,7704040.0,-7704040.0,长城电工,10668449
3850,华宝证券股份有限公司上海东大名路证券营业部,2025-05-26,1,1,28271820.0,35983191.0,-7711371.0,新金路 中超控股,10456831
3851,国投证券股份有限公司深圳下梅林二街证券营业部,2025-05-29,0,1,0.0,7751784.3,-7751784.3,胜业电气,10658420
3852,中信证券股份有限公司北京国贸证券营业部,2025-05-12,0,1,4828.0,7758968.0,-7754140.0,华如科技,10045038
3853,招商证券股份有限公司寿光圣城街证券营业部,2025-05-08,0,1,767735.0,8523380.0,-7755645.0,山东墨龙,10456473
3854,粤开证券股份有限公司深圳深南大道证券营业部,2025-05-12,0,1,0.0,7764750.0,-7764750.0,亚太实业,10747420
3855,平安证券股份有限公司上海分公司,2025-05-28,1,1,7198893.86,14965227.47,-7766333.61,中毅达 骑士乳业,10048192
3856,中国银河证券股份有限公司宁波大榭信创路证券营业部,2025-05-12,0,1,0.0,7766646.91,-7766646.91,乐创技术,10510600
3857,兴业证券股份有限公司武汉徐东大街证券营业部,2025-05-30,0,1,0.0,7767935.79,-7767935.79,三友科技,10561571
3858,中信证券股份有限公司深圳分公司,2025-05-22,0,1,3196507.0,10978325.0,-7781818.0,天元宠物,10492423
3859,平安证券股份有限公司广东分公司,2025-05-23,0,1,,7783490.0,-7783490.0,先达股份,10109041
3860,申万宏源证券有限公司嘉兴分公司,2025-05-23,0,1,471004.0,8255473.0,-7784469.0,中哲精化,10025448
3861,国信证券股份有限公司深圳红岭中路证券营业部,2025-05-16,0,1,4116468.05,11907793.51,-7791325.46,天工股份,10045166
3862,华鑫证券有限责任公司绍兴胜利东路证券营业部,2025-05-29,0,1,0.0,7798140.0,-7798140.0,广康生化,10000170384
3863,海通证券股份有限公司上海杨浦区周家嘴路营业部,2025-05-23,0,1,0.0,7831923.97,-7831923.97,常辅股份,10028426
3864,光大证券股份有限公司惠州惠沙堤证券营业部,2025-05-29,0,1,,7839302.0,-7839302.0,ST信通,10021745
3865,国海证券股份有限公司上海世纪大道证券营业部,2025-05-26,0,1,81230.0,7922198.0,-7840968.0,宏工科技,10192603
3866,国投证券股份有限公司长沙五一大道证券营业部,2025-05-09,0,1,,7843159.0,-7843159.0,安乃达,10000339863
3867,东方财富证券股份有限公司上海东方路证券营业部,2025-05-22,0,1,,7852295.0,-7852295.0,宜宾纸业,10028472
3868,中泰证券股份有限公司烟台北大街证券营业部,2025-05-06,0,1,,7852935.5,-7852935.5,同益中,10103084
3869,平安证券股份有限公司金华宾虹路证券营业部,2025-05-13,0,1,,7856239.0,-7856239.0,百达精工,10193183
3870,恒泰证券股份有限公司深圳梅林路证券营业部,2025-05-07,0,1,53556.0,7915674.53,-7862118.53,*ST瑞和,10122837
3871,中国银河证券股份有限公司上海安业路证券营业部,2025-05-07,0,1,14729.0,7878004.05,-7863275.05,一致魔芋,10023574
3872,中国中金财富证券有限公司天津蓟州兴华大街证券营业部,2025-05-06,0,1,,7880383.0,-7880383.0,华纺股份,10499327
3873,光大证券股份有限公司昆明人民中路营业部,2025-05-30,0,1,0.0,7895840.24,-7895840.24,三友科技,10048514
3874,浙商证券股份有限公司平湖城南东路证券营业部,2025-05-26,0,1,0.0,7899982.0,-7899982.0,金利华电,10000066475
3875,招商证券股份有限公司北京上地农大南路证券营业部,2025-05-12,0,1,,7902447.0,-7902447.0,春光科技,10456466
3876,国信证券股份有限公司吉林分公司,2025-05-14,0,1,199188.95,8121415.63,-7922226.68,吉林碳谷,10448164
3877,华泰证券股份有限公司济南解放路证券营业部,2025-05-29,0,1,,7924499.2,-7924499.2,宏柏新材,10041882
3878,东吴证券股份有限公司苏州工业园区扬富路二部营业部,2025-05-07,0,1,310629.7,8235672.99,-7925043.29,一致魔芋,10000980684
3879,粤开证券股份有限公司深圳深南大道证券营业部,2025-05-19,0,1,,7928465.0,-7928465.0,*ST集友,10747420
3880,方正证券股份有限公司温岭安平东路证券营业部,2025-05-07,0,1,0.0,7929552.96,-7929552.96,锦好医疗,10355420
3881,华西证券股份有限公司攀枝花三线大道证券营业部,2025-05-20,0,1,,7941910.0,-7941910.0,安彩高科,10028635
3882,华泰证券股份有限公司岳阳岳阳大道证券营业部,2025-05-28,0,1,,7948378.0,-7948378.0,悦达投资,10093203
3883,江海证券有限公司北京酒仙桥北路证券营业部,2025-05-26,0,1,0.0,7955490.0,-7955490.0,陕天然气,10637680
3884,华西证券股份有限公司成都高升桥路证券营业部,2025-05-09,0,1,644792.0,8611016.0,-7966224.0,炼石航空,10028632
3885,中泰证券股份有限公司天津红旗路证券营业部,2025-05-12,0,1,0.0,7983386.17,-7983386.17,乐创技术,10124808
3886,东方证券股份有限公司张家港东环路证券营业部,2025-05-13,0,1,,7986439.92,-7986439.92,华升股份,10702252
3887,光大证券股份有限公司东莞南城鸿福路证券营业部,2025-05-16,0,1,11679.0,8004686.67,-7993007.67,郑中设计,10046595
3888,华龙证券股份有限公司长沙芙蓉中路证券营业部,2025-05-21,0,1,0.0,7999534.45,-7999534.45,东方碳素,10573248
3889,华鑫证券有限责任公司成都交子大道证券营业部,2025-05-20,0,1,,8003240.0,-8003240.0,空港股份,10456795
3890,东方证券股份有限公司汕头长平路证券营业部,2025-05-08,0,1,,8018505.0,-8018505.0,迪生力,10173185
3891,东方财富证券股份有限公司山南香曲东路证券营业部,2025-05-12,1,2,18468254.2,26491004.6,-8022750.4,拓斯达 晟楠科技 乐创技术,10281327
3892,华鑫证券有限责任公司杭州分公司,2025-05-16,0,1,384976.39,8419767.58,-8034791.19,天工股份,10000055313
3893,国投证券股份有限公司佛山北滘证券营业部,2025-05-06,0,1,,8056215.0,-8056215.0,东贝集团,10104641
3894,华泰证券股份有限公司成都蜀金路证券营业部,2025-05-06,0,2,10458.0,8066807.0,-8056349.0,永安药业 立方退,10175321
3895,华泰证券股份有限公司深圳益田路荣超商务中心证券营业部,2025-05-13,0,1,,8059528.0,-8059528.0,亚振家居,10142874
3896,国泰海通证券股份有限公司郑州黄河路证券营业部,2025-05-26,0,1,1207784.0,9276831.0,-8069047.0,哈焊华通,10026725
3897,国泰海通证券股份有限公司揭阳黄岐山大道证券营业部,2025-05-30,0,1,174285.0,8245554.0,-8071269.0,渝三峡A,10547767
3898,中信建投证券股份有限公司南昌北京东路证券营业部,2025-05-22,0,1,0.0,8072277.0,-8072277.0,渤海股份,10131328
3899,广发证券股份有限公司惠州下埔路证券营业部,2025-05-29,0,1,28716.0,8107361.5,-8078645.5,郑中设计,10022068
3900,联储证券股份有限公司上海中山西路证券营业部,2025-05-28,1,1,21783426.33,29869202.0,-8085775.67,金龙羽 京华激光,10048125
3901,中国银河证券股份有限公司杭州东宁路证券营业部,2025-05-22,0,1,40650.0,8130000.0,-8089350.0,渤海股份,10030469
3902,东莞证券股份有限公司东莞东城分公司,2025-05-06,0,1,,8107007.79,-8107007.79,同益中,10484996
3903,国联民生证券股份有限公司南通海门南海路证券营业部,2025-05-26,0,1,0.0,8114688.85,-8114688.85,瑞奇智造,10456566
3904,第一创业证券股份有限公司佛山第一分公司,2025-05-20,0,1,,8119238.0,-8119238.0,宁波远洋,10115975
3905,兴业证券股份有限公司南昌洪城路证券营业部,2025-05-16,0,1,,8130366.0,-8130366.0,迎丰股份,10146953
3906,中国银河证券股份有限公司桂林中山中路证券营业部,2025-05-07,0,1,,8136180.0,-8136180.0,华纺股份,10101590
3907,东亚前海证券有限责任公司浙江分公司,2025-05-22,2,1,15645004.0,23790423.67,-8145419.67,浪莎股份 郑中设计 路畅科技,10000011376
3908,华鑫证券有限责任公司绍兴胜利东路证券营业部,2025-05-16,0,1,0.0,8157475.0,-8157475.0,茂化实华,10000170384
3909,国泰海通证券股份有限公司绵阳剑南路证券营业部,2025-05-09,0,1,,8159224.0,-8159224.0,安乃达,10705812
3910,国金证券股份有限公司南京双龙大道证券营业部,2025-05-21,0,1,0.0,8169136.4,-8169136.4,源飞宠物,10000550648
3911,华鑫证券有限责任公司上海宛平南路证券营业部,2025-05-09,2,2,17982245.68,26161259.0,-8179013.32,豪尔赛 淮河能源 *ST网达 远信工业,10028416
3912,中国银河证券股份有限公司长沙韶山北路证券营业部,2025-05-26,0,1,,8184739.0,-8184739.0,肯特催化,10023517
3913,华泰证券股份有限公司苏州苏州大道东证券营业部,2025-05-08,0,1,157824.0,8354067.0,-8196243.0,红墙股份,10397699
3914,江海证券有限公司广东分公司,2025-05-30,0,1,0.0,8197723.0,-8197723.0,霍普股份,10913319
3915,中信建投证券股份有限公司北京朝阳分公司,2025-05-22,0,1,812808.0,9015096.6,-8202288.6,源飞宠物,10021813
3916,中国中金财富证券有限公司上海浦东新区世纪大道证券营业部,2025-05-20,0,1,,8203587.0,-8203587.0,贵航股份,10000258272
3917,中信证券股份有限公司北京三里河东路证券营业部,2025-05-26,0,1,4365069.0,12572750.72,-8207681.72,宏工科技,10048236
3918,中国银河证券股份有限公司成都龙腾路证券营业部,2025-05-09,0,1,,8219328.0,-8219328.0,中毅达,10143847
3919,华泰证券股份有限公司成都蜀金路证券营业部,2025-05-22,0,1,12080.0,8248830.0,-8236750.0,中恒电气,10175321
3920,华福证券有限责任公司杭州五星路证券营业部,2025-05-28,0,1,0.0,8242707.5,-8242707.5,欢乐家,10709086
3921,恒泰证券股份有限公司北京榴乡路证券营业部,2025-05-27,0,1,,8253707.0,-8253707.0,长城电工,10435858
3922,华源证券股份有限公司江苏分公司,2025-05-20,2,3,36861805.0,45121895.0,-8260090.0,安纳达 *ST九鼎 万安科技 综艺股份,10484864
3923,中泰证券股份有限公司北京大望路证券营业部,2025-05-20,0,1,,8274915.0,-8274915.0,湖南天雁,10940111
3924,东北证券股份有限公司内蒙古分公司,2025-05-08,0,1,,8277406.0,-8277406.0,国芳集团,10509062
3925,华福证券有限责任公司杭州五星路证券营业部,2025-05-13,0,1,4548574.27,12828579.36,-8280005.09,七丰精工,10709086
3926,海通证券股份有限公司青岛福州南路证券营业部,2025-05-06,0,1,,8281411.18,-8281411.18,大地熊,10030220
3927,财通证券股份有限公司新昌江滨西路证券营业部,2025-05-16,0,1,6088737.0,14370204.0,-8281467.0,日发精机,10654091
3928,华安证券股份有限公司郑州商都路证券营业部,2025-05-27,0,1,0.0,8339570.56,-8339570.56,中旗股份,10173193
3929,东北证券股份有限公司上海永嘉路证券营业部,2025-05-07,0,1,683825.61,9084255.83,-8400430.22,慧为智能,10031821
3930,长城证券股份有限公司西安锦业路营业部,2025-05-09,1,1,11368624.44,19772789.12,-8404164.68,七丰精工,10484324
3931,财通证券股份有限公司深圳凤凰大道证券营业部,2025-05-12,0,1,0.0,8404758.0,-8404758.0,德力股份,10933334
3932,东北证券股份有限公司杭州市心北路证券营业部,2025-05-29,0,1,,8420816.0,-8420816.0,宏柏新材,10000104805
3933,东方证券股份有限公司无锡新生路证券营业部,2025-05-14,0,1,0.0,8423162.58,-8423162.58,长华化学,10517841
3934,联储证券股份有限公司宁波分公司,2025-05-12,1,1,3869613.0,12296809.8,-8427196.8,亚太实业 豪尔赛,10915756
3935,国融证券股份有限公司青岛分公司,2025-05-27,0,1,,8436122.16,-8436122.16,科捷智能,10467512
3936,财通证券股份有限公司台州临海杜桥滨海西路证券营业部,2025-05-14,0,1,,8452386.0,-8452386.0,迎丰股份,10713850
3937,国投证券股份有限公司西安南关正街证券营业部,2025-05-14,0,1,,8454133.0,-8454133.0,迎丰股份,10666712
3938,中信证券华南股份有限公司广州花城广场证券营业部,2025-05-13,0,1,1353650.0,9811367.16,-8457717.16,北京利尔,10453521
3939,中信证券(山东)有限责任公司淄博世纪路证券营业部,2025-05-06,0,1,0.0,8470200.0,-8470200.0,交投生态,10467536
3940,申万宏源证券有限公司上海闵行区东川路证券营业部,2025-05-21,0,1,,8489198.0,-8489198.0,三生国健,10131320
3941,国泰海通证券股份有限公司济南胜利大街证券营业部,2025-05-26,0,1,17915.0,8511255.0,-8493340.0,会畅科技,10021909
3942,中信建投证券股份有限公司天津解放南路证券营业部,2025-05-23,0,1,178534.0,8672401.0,-8493867.0,中哲精化,10021827
3943,华鑫证券有限责任公司成都交子大道证券营业部,2025-05-27,0,1,,8500450.0,-8500450.0,科捷智能,10456795
3944,平安证券股份有限公司深圳深南东路罗湖商务中心证券营业部,2025-05-26,0,1,2441967.0,10953485.0,-8511518.0,中科信息,10143566
3945,华宝证券股份有限公司舟山港航国际大厦证券营业部,2025-05-26,0,1,,8520546.0,-8520546.0,通达电气,10026981
3946,中国中金财富证券有限公司深圳宝安中心路证券营业部,2025-05-08,0,1,,8527855.25,-8527855.25,*ST利达,10147263
3947,华源证券股份有限公司慈溪浒山路证券营业部,2025-05-19,0,1,0.0,8528635.0,-8528635.0,丰茂股份,10000856641
3948,信达证券股份有限公司上海浦东新区源深路证券营业部,2025-05-09,0,1,0.0,8548503.0,-8548503.0,ST加加,10000272336
3949,光大证券股份有限公司慈溪三北西大街证券营业部,2025-05-14,0,1,0.0,8555562.0,-8555562.0,宏工科技,10128270
3950,中信证券股份有限公司宁波北仑新碶证券营业部,2025-05-22,0,1,,8600906.0,-8600906.0,百利电气,10146342
3951,海通证券股份有限公司营口辽河大街证券营业部,2025-05-15,0,1,,8616530.0,-8616530.0,盛泰集团,10112306
3952,财通证券股份有限公司江山中山路证券营业部,2025-05-07,0,1,0.0,8619516.04,-8619516.04,慧为智能,10180705
3953,中泰证券股份有限公司常德柳叶大道证券营业部,2025-05-16,0,1,0.0,8620148.0,-8620148.0,豪恩汽电,10709059
3954,国投证券股份有限公司蚌埠涂山东路证券营业部,2025-05-21,0,1,,8629553.0,-8629553.0,常青股份,10561216
3955,中国银河证券股份有限公司中山分公司,2025-05-27,0,1,0.0,8631533.0,-8631533.0,中旗股份,10030488
3956,中信建投证券股份有限公司上海营口路证券营业部,2025-05-08,0,2,4925645.07,13562046.65,-8636401.58,立航科技 七丰精工,10028716
3957,东莞证券股份有限公司厦门分公司,2025-05-26,0,1,,8640890.0,-8640890.0,空港股份,10145500
3958,国盛证券有限责任公司佛山分公司,2025-05-29,0,1,0.0,8668061.5,-8668061.5,机科股份,10941260
3959,中信证券股份有限公司上海浦东新区联洋证券营业部,2025-05-13,0,1,,8672603.0,-8672603.0,安乃达,10119244
3960,国信证券股份有限公司河南分公司,2025-05-22,0,1,0.0,8676304.0,-8676304.0,国科天成,10456788
3961,沪股通专用,2025-05-21,6,5,282085400.23,290768460.73,-8683060.5,*ST华幸 航天动力 大有能源 连云港 会稽山 三生国健,10434470
3962,国新证券股份有限公司衡阳临江路证券营业部,2025-05-19,0,1,,8694128.0,-8694128.0,洪通燃气,10145334
3963,上海证券有限责任公司崇明区堡镇中路证券营业部,2025-05-08,0,1,8341441.0,17054684.0,-8713243.0,东方中科,10048468
3964,华创证券有限责任公司兰州天水路证券营业部,2025-05-29,0,1,13748081.0,22479356.0,-8731275.0,联化科技,10000071816
3965,东方证券股份有限公司长沙芙蓉南路证券营业部,2025-05-08,0,1,0.0,8733444.0,-8733444.0,豪尔赛,10000073636
3966,中国银河证券股份有限公司青田龙津路证券营业部,2025-05-30,0,1,,8748985.0,-8748985.0,退市创兴,10133779
3967,招商证券股份有限公司广州科韵路证券营业部,2025-05-07,0,1,0.0,8757434.0,-8757434.0,金明精机,10702216
3968,国联民生证券股份有限公司宜兴人民南路证券营业部,2025-05-29,0,1,,8757535.0,-8757535.0,远东股份,10112873
3969,光大证券股份有限公司昆明人民中路证券营业部,2025-05-06,0,1,,8774238.1,-8774238.1,茂业商业,10048514
3970,广发证券股份有限公司杭州金华南路证券营业部,2025-05-30,0,1,3731313.0,12507591.0,-8776278.0,侨银股份,10078167
3971,华福证券有限责任公司南平分公司,2025-05-15,0,1,136969.0,8920834.0,-8783865.0,诺斯贝尔,10485088
3972,东海证券股份有限公司常州劳动西路证券营业部,2025-05-19,0,1,50465.0,8845818.92,-8795353.92,集泰股份,10027003
3973,中国中金财富证券有限公司云浮新兴东堤北路证券营业部,2025-05-30,0,1,,8797577.0,-8797577.0,退市创兴,10436840
3974,中国银河证券股份有限公司汕头嵩山路证券营业部,2025-05-26,0,1,162367.0,8960780.0,-8798413.0,哈焊华通,10424703
3975,广发证券股份有限公司深圳福华一路证券营业部,2025-05-19,0,1,,8800972.0,-8800972.0,拉芳家化,10000147203
3976,中国银河证券股份有限公司扬州文昌中路证券营业部,2025-05-15,0,1,42382.0,8860443.0,-8818061.0,茂化实华,10080013
3977,国投证券股份有限公司阳江分公司,2025-05-22,0,1,13480.0,8834437.0,-8820957.0,ST棕榈,10144342
3978,中信证券华南股份有限公司惠州麦地路证券营业部,2025-05-09,0,1,,8822326.0,-8822326.0,华阳新材,10137185
3979,中信证券股份有限公司桐乡振兴东路证券营业部,2025-05-22,0,1,584990.0,9411582.0,-8826592.0,源飞宠物,10147191
3980,东方证券股份有限公司福州五四路证券营业部,2025-05-13,0,1,6090.0,8839979.0,-8833889.0,宏工科技,10456965
3981,广发证券股份有限公司广州马场路广发证券大厦证券营业部,2025-05-12,0,1,0.0,8835498.0,-8835498.0,豪尔赛,10135364
3982,华泰证券股份有限公司上海黄浦区黄陂南路证券营业部,2025-05-13,0,2,,8846022.0,-8846022.0,宁波海运 京运通,10025324
3983,华泰证券股份有限公司深圳平安金融中心证券营业部,2025-05-29,0,1,,8847361.56,-8847361.56,ST信通,10046450
3984,中信证券股份有限公司上海分公司,2025-05-29,2,2,51610040.1,60458789.37,-8848749.27,绿能慧充 四创电子 益方生物,10135341
3985,国信证券股份有限公司佛山顺德大良证券营业部,2025-05-08,0,1,,8850127.0,-8850127.0,明新旭腾,10028422
3986,海通证券股份有限公司深圳分公司华富路证券营业部,2025-05-23,0,1,,8850238.0,-8850238.0,莱绅通灵,10030213
3987,财通证券股份有限公司新昌江滨西路证券营业部,2025-05-23,0,1,3670154.0,12522406.0,-8852252.0,泰坦股份,10654091
3988,国信证券股份有限公司北京分公司,2025-05-23,1,2,16597255.0,25450386.55,-8853131.55,塞力医疗 鸿铭股份 华研精机,10122926
3989,国元证券股份有限公司临沂八一路证券营业部,2025-05-12,0,1,,8871458.6,-8871458.6,宜宾纸业,10137160
3990,东吴证券股份有限公司上海西藏南路证券营业部,2025-05-15,0,1,1231285.0,10111278.54,-8879993.54,宏工科技,10143030
3991,华福证券有限责任公司佛山南海毅贤路证券营业部,2025-05-29,0,1,,8888050.0,-8888050.0,浙江自然,10682617
3992,平安证券股份有限公司上海分公司,2025-05-06,0,2,917825.33,9833143.63,-8915318.3,春光智能 慧为智能,10048192
3993,华龙证券股份有限公司上海大渡河路证券营业部,2025-05-08,0,1,,8931932.11,-8931932.11,高测股份,10046589
3994,太平洋证券股份有限公司西安分公司,2025-05-22,0,1,22080.0,8966290.0,-8944210.0,华研精机,10484187
3995,万联证券股份有限公司广州白云分公司,2025-05-26,0,1,63762.0,9015446.0,-8951684.0,ST棕榈,10045129
3996,中信证券华南股份有限公司广州临江大道证券营业部,2025-05-06,0,1,,8970793.36,-8970793.36,九联科技,10173089
3997,财通证券股份有限公司杭州丽水路证券营业部,2025-05-23,0,1,10023079.36,18996115.28,-8973035.92,宏工科技,10082588
3998,海通证券股份有限公司汕头中山中路证券营业部,2025-05-14,0,1,,8976726.0,-8976726.0,春光科技,10040292
3999,国融证券股份有限公司青岛分公司,2025-05-16,0,1,0.0,8993581.0,-8993581.0,茂化实华,10467512
4000,西部证券股份有限公司宝鸡分公司,2025-05-22,0,1,,9004757.0,-9004757.0,宝光股份,10025216
4001,东亚前海证券有限责任公司总部营业部,2025-05-26,1,2,10941504.0,19963744.0,-9022240.0,锦江在线 鼎龙科技 天元智能,10593553
4002,国盛证券有限责任公司佛山分公司,2025-05-07,0,1,0.0,9022864.25,-9022864.25,通易航天,10941260
4003,国泰海通证券股份有限公司上海浦东新区陆家嘴东路证券营业部,2025-05-22,0,1,574369.0,9613068.0,-9038699.0,速达股份,10025382
4004,海通证券股份有限公司咸阳沈兴北路营业部,2025-05-14,0,1,0.0,9042792.96,-9042792.96,吉林碳谷,10108296
4005,国泰海通证券股份有限公司上海江场路证券营业部,2025-05-06,1,1,16839461.0,25891123.69,-9051662.69,兆丰股份 大叶股份,10026724
4006,国信证券股份有限公司广州昌岗东路证券营业部,2025-05-07,0,1,1056000.0,10112381.0,-9056381.0,*ST瑞和,10146848
4007,中国银河证券股份有限公司南宁园湖南路证券营业部,2025-05-30,0,1,,9066570.0,-9066570.0,北投科技,10023529
4008,国泰海通证券股份有限公司北京中关村大街证券营业部,2025-05-07,0,1,,9068252.0,-9068252.0,华纺股份,10455923
4009,国信证券股份有限公司北京国贸证券营业部,2025-05-19,0,1,,9079668.0,-9079668.0,ST交昂,10045170
4010,中信建投证券股份有限公司上海市华灵路证券营业部,2025-05-14,0,1,,9098508.0,-9098508.0,百达精工,10021794
4011,东方财富证券股份有限公司泉州田安路证券营业部,2025-05-08,0,1,,9109880.0,-9109880.0,汉商集团,10374709
4012,华泰证券股份有限公司北京东三环北路证券营业部,2025-05-29,0,1,,9130909.23,-9130909.23,福华尚纬,10079640
4013,联储证券股份有限公司江苏分公司,2025-05-19,0,1,,9137307.0,-9137307.0,锦江航运,10663557
4014,五矿证券有限公司南京宁双路证券营业部,2025-05-09,0,1,,9169328.0,-9169328.0,淮河能源,10442788
4015,海通证券股份有限公司上海南翔镇证券营业部,2025-05-26,0,1,,9173117.47,-9173117.47,安凯微,10048464
4016,国泰海通证券股份有限公司顺德大良证券营业部,2025-05-29,1,1,20528392.0,29706252.0,-9177860.0,通达电气,10064718
4017,长江证券股份有限公司襄阳建华路证券营业部,2025-05-19,0,1,,9181901.0,-9181901.0,*ST华幸,10117603
4018,长江证券股份有限公司襄阳建华路证券营业部,2025-05-16,0,1,,9181901.0,-9181901.0,*ST华幸,10117603
4019,中国银河证券股份有限公司中山黄圃新丰北路证券营业部,2025-05-15,0,1,132989.0,9330452.0,-9197463.0,诺斯贝尔,10140873
4020,国投证券股份有限公司揭阳分公司,2025-05-30,0,1,,9216600.0,-9216600.0,*ST莫高,10103900
4021,海通证券股份有限公司济南泉城路营业部,2025-05-07,0,1,5105.0,9225266.26,-9220161.26,一致魔芋,10030199
4022,国泰海通证券股份有限公司总部,2025-05-08,8,13,175126900.44,184356480.3,-9229579.86,退市创兴 退市苏吴 华电辽能 上海凤凰 汉商集团 新坐标 天和磁材 立航科技 迪生力 安乃达 *ST东珠 中广天择 佳力图 明新旭腾 嵘泰股份,10004865
4023,万联证券股份有限公司北京西三环证券营业部,2025-05-22,0,1,0.0,9238850.0,-9238850.0,华研精机,10033819
4024,东方证券股份有限公司上海普陀区光新路证券营业部,2025-05-09,0,1,0.0,9242495.0,-9242495.0,德力股份,10031925
4025,国金证券股份有限公司成都武成大街证券营业部,2025-05-08,0,1,,9253667.0,-9253667.0,*ST利达,10112547
4026,国泰海通证券股份有限公司上海长宁区江苏路证券营业部,2025-05-13,2,2,34238007.0,43506899.5,-9268892.5,ST交昂 中超控股 连云港 酷特智能,10025080
4027,浙商证券股份有限公司杭州杭大路证券营业部,2025-05-15,0,1,27492.0,9307187.04,-9279695.04,宏工科技,10021964
4028,中信证券股份有限公司杭州市心北路证券营业部,2025-05-15,0,1,0.0,9288614.0,-9288614.0,茂化实华,10467741
4029,东北证券股份有限公司上海永嘉路证券营业部,2025-05-22,0,1,0.0,9321297.03,-9321297.03,武汉蓝电,10031821
4030,国泰海通证券股份有限公司福建福州华林路营业部,2025-05-06,0,1,642104.26,9970543.74,-9328439.48,慧为智能,10026735
4031,浙商证券股份有限公司玉环长兴路证券营业部,2025-05-16,0,1,0.0,9347250.84,-9347250.84,天元宠物,10287615
4032,华泰证券股份有限公司泰州分公司,2025-05-29,0,1,,9377254.69,-9377254.69,汉邦科技,10423500
4033,金元证券股份有限公司海南分公司,2025-05-08,0,1,48480.0,9446314.0,-9397834.0,润贝航科,10023498
4034,国泰海通证券股份有限公司广东东莞体育路营业部,2025-05-13,0,1,3200867.97,12621444.56,-9420576.59,七丰精工,10098746
4035,财通证券股份有限公司杭州新业路证券营业部,2025-05-07,0,1,,9427064.0,-9427064.0,金麒麟,10058854
4036,华泰证券股份有限公司南京江宁苏源大道证券营业部,2025-05-13,0,1,102812.0,9534572.0,-9431760.0,东方日升,10149526
4037,中信建投证券股份有限公司北京德胜门证券营业部,2025-05-16,0,1,,9432713.0,-9432713.0,ST新华锦,10698622
4038,海通证券股份有限公司西安雁塔路证券营业部,2025-05-27,0,1,22609.0,9472089.0,-9449480.0,烽火电子,10023385
4039,海通证券股份有限公司深圳分公司华富路证券营业部,2025-05-14,0,1,,9451130.0,-9451130.0,麒盛科技,10030213
4040,国元证券股份有限公司淮南卧龙山路证券营业部,2025-05-28,0,1,,9460041.0,-9460041.0,永冠新材,10456762
4041,东方财富证券股份有限公司山南香曲东路证券营业部,2025-05-30,1,2,6959818.0,16433350.0,-9473532.0,华森制药 退市创兴 领先股份,10281327
4042,财信证券股份有限公司杭州长生路证券营业部,2025-05-26,0,1,11322073.5,20802040.35,-9479966.85,郑中设计,10656871
4043,东亚前海证券有限责任公司苏州分公司,2025-05-14,0,1,0.0,9498754.65,-9498754.65,七丰精工,10000526027
4044,申万宏源证券有限公司吉林分公司,2025-05-08,0,1,0.0,9513478.58,-9513478.58,美心翼申,10099130
4045,甬兴证券有限公司青岛分公司,2025-05-08,0,1,,9524084.0,-9524084.0,迪生力,10000170393
4046,华福证券有限责任公司杭州五星路证券营业部,2025-05-23,0,1,0.0,9543940.0,-9543940.0,ST棕榈,10709086
4047,浙商证券股份有限公司杭州杭大路证券营业部,2025-05-29,0,1,,9559920.0,-9559920.0,浙江自然,10021964
4048,中国银河证券股份有限公司上海古北路证券营业部,2025-05-28,0,1,,9566000.0,-9566000.0,安通控股,10023560
4049,光大证券股份有限公司丹阳中新路营业部,2025-05-14,0,1,0.0,9573398.59,-9573398.59,天工股份,10067894
4050,渤海证券股份有限公司天津滨海新区第一分公司,2025-05-12,0,1,,9580738.0,-9580738.0,迎丰股份,10919809
4051,开源证券股份有限公司西安高新成章路证券营业部,2025-05-29,0,1,,9584003.0,-9584003.0,福华尚纬,10657381
4052,湘财证券股份有限公司北京朝外大街证券营业部,2025-05-06,0,1,,9587500.0,-9587500.0,华纺股份,10026785
4053,华泰证券股份有限公司北京东三环北路证券营业部,2025-05-19,0,1,214869.0,9809042.0,-9594173.0,泰禾股份,10079640
4054,中信证券华南股份有限公司东莞分公司,2025-05-06,0,1,,9598846.67,-9598846.67,同益中,10126115
4055,华福证券有限责任公司漳州延安北路证券营业部,2025-05-13,0,1,263791.2,9866463.82,-9602672.62,华光源海,10050805
4056,浙商证券股份有限公司衢州衢化路证券营业部,2025-05-07,0,1,,9602919.99,-9602919.99,航天长峰,10429314
4057,平安证券股份有限公司芜湖黄山中路证券营业部,2025-05-16,0,1,746301.0,10370863.0,-9624562.0,利君股份,10338764
4058,海通证券股份有限公司杭州环城西路证券营业部,2025-05-19,0,1,31291.0,9664056.0,-9632765.0,久吾高科,10023374
4059,中信证券股份有限公司北京紫竹院路证券营业部,2025-05-08,0,1,77705.0,9714693.0,-9636988.0,东方中科,10120512
4060,国投证券股份有限公司绍兴延安东路证券营业部,2025-05-22,0,1,,9640283.6,-9640283.6,*ST集友,10747313
4061,华福证券有限责任公司莆田东圳东路证券营业部,2025-05-12,0,1,5347688.4,14989261.55,-9641573.15,恒而达,10083969
4062,东亚前海证券有限责任公司苏州分公司,2025-05-30,3,4,119196157.24,128876860.12,-9680702.88,汇得科技 元隆雅图 福华尚纬 舒泰神 福龙马 霍普股份,10000526027
4063,中信证券(山东)有限责任公司平度人民路证券营业部,2025-05-23,0,1,,9687776.0,-9687776.0,塞力医疗,10027052
4064,东莞证券股份有限公司厦门分公司,2025-05-06,3,2,28727982.56,38419071.48,-9691088.92,永安药业 倍益康 慧为智能,10145500
4065,浙商证券股份有限公司永康望春西路证券营业部,2025-05-12,0,1,2284465.0,11989966.0,-9705501.0,中坚科技,10046773
4066,东吴证券股份有限公司常州通江中路证券营业部,2025-05-26,0,1,471345.15,10189412.36,-9718067.21,瑞奇智造,10342156
4067,国金证券股份有限公司宁波江澄南路证券营业部,2025-05-20,1,1,14234904.0,23959287.5,-9724383.5,京运通 创源股份,10000125619
4068,海通证券股份有限公司昆明东风西路证券营业部,2025-05-08,0,1,0.0,9741927.0,-9741927.0,东方中科,10023384
4069,国金证券股份有限公司深圳湾一号证券营业部,2025-05-29,1,2,7366518.55,17117692.61,-9751174.06,胜业电气 路桥信息 瑞奇智造,10396105
4070,国投证券股份有限公司济南经十路证券营业部,2025-05-08,0,1,0.0,9753700.0,-9753700.0,山东墨龙,10145698
4071,华福证券有限责任公司泉州田安路证券营业部,2025-05-16,0,1,,9759767.55,-9759767.55,锦江航运,10048344
4072,中银国际证券股份有限公司上海新华路证券营业部,2025-05-26,1,1,17235060.15,27000073.93,-9765013.78,郑中设计,10131919
4073,中信证券股份有限公司杭州环城北路证券营业部,2025-05-06,0,1,,9775594.0,-9775594.0,曙光股份,10132924
4074,华源证券股份有限公司江西分公司,2025-05-08,0,1,,9778216.0,-9778216.0,安乃达,10526567
4075,华泰证券股份有限公司绍兴府山证券营业部,2025-05-12,0,1,,9792420.0,-9792420.0,迎丰股份,10038635
4076,财通证券股份有限公司广州花城大道证券营业部,2025-05-29,0,1,0.0,9810440.0,-9810440.0,侨银股份,10000466129
4077,信达证券股份有限公司上海黄浦区南京西路证券营业部,2025-05-22,0,1,3932.0,9827274.2,-9823342.2,源飞宠物,10104992
4078,申万宏源证券有限公司上海黄浦区中山南一路证券营业部,2025-05-21,0,1,0.0,9823631.0,-9823631.0,京基智农,10028415
4079,江海证券有限公司深圳分公司,2025-05-19,0,1,143377.0,9969192.32,-9825815.32,华光源海,10913336
4080,中国银河证券股份有限公司南京江宁金箔路证券营业部,2025-05-28,0,1,,9828133.0,-9828133.0,*ST正平,10436738
4081,东莞证券股份有限公司四川分公司,2025-05-22,1,1,3452296.73,13309674.5,-9857377.77,重庆港 无锡鼎邦,10477736
4082,东莞证券股份有限公司常熟东南大道证券营业部,2025-05-26,0,1,0.0,9863680.04,-9863680.04,ST棕榈,10000667965
4083,中信证券股份有限公司杭州凤起路证券营业部,2025-05-26,0,1,,9869263.0,-9869263.0,苏州龙杰,10046604
4084,国联民生证券股份有限公司无锡清扬路证券营业部,2025-05-07,0,1,0.0,9892982.0,-9892982.0,星光股份,10028572
4085,中信建投证券股份有限公司北京朝阳分公司,2025-05-14,0,1,201536.52,10096299.0,-9894762.48,志晟信息,10021813
4086,招商证券股份有限公司上海世纪大道证券营业部,2025-05-19,0,1,166451.0,10084809.0,-9918358.0,安纳达,10046548
4087,国盛证券有限责任公司青岛分公司,2025-05-29,0,1,0.0,9929966.0,-9929966.0,*ST和科,10456644
4088,国金证券股份有限公司成都东城根街证券营业部,2025-05-27,0,2,17889844.0,27822157.55,-9932313.55,诺普信 科捷智能,10290537
4089,财信证券股份有限公司杭州庆春路证券营业部,2025-05-07,0,1,1811683.2,11771261.6,-9959578.4,爱乐达,10467445
4090,中信证券股份有限公司景德镇广场南路证券营业部,2025-05-26,0,1,,9973624.0,-9973624.0,锦江在线,10339046
4091,信达证券股份有限公司东阳江滨北街证券营业部,2025-05-20,0,1,0.0,9979880.0,-9979880.0,金利华电,10000110056
4092,国金证券股份有限公司成都武成大街证券营业部,2025-05-12,0,1,176984.0,10161147.0,-9984163.0,宏达高科,10112547
4093,方正证券股份有限公司广州兴盛路证券营业部,2025-05-12,0,1,,9987296.6,-9987296.6,春光科技,10160533
4094,中国银河证券股份有限公司温州三友路证券营业部,2025-05-23,0,1,,9990346.46,-9990346.46,汉邦科技,10030472
4095,国信证券股份有限公司深圳泰然九路证券营业部,2025-05-07,0,1,1119671.75,11127497.16,-10007825.41,一致魔芋,10078443
4096,上海证券有限责任公司深圳深湾二路证券营业部,2025-05-21,0,1,0.0,10010828.0,-10010828.0,信邦智能,10668411
4097,长江证券股份有限公司武汉武珞路证券营业部,2025-05-26,0,1,25119.0,10036750.0,-10011631.0,会畅科技,10025413
4098,中国银河证券股份有限公司上海宝山区上大路证券营业部,2025-05-12,0,1,,10022760.6,-10022760.6,*ST正平,10436689
4099,华泰证券股份有限公司厦门厦禾路证券营业部,2025-05-30,0,1,,10024917.38,-10024917.38,科捷智能,10206041
4100,申万宏源证券有限公司南宁中新路证券营业部,2025-05-08,0,1,,10055755.0,-10055755.0,华纺股份,10112334
4101,招商证券股份有限公司北京北三环东路证券营业部,2025-05-28,0,1,296464.0,10356625.2,-10060161.2,劲旅环境,10046546
4102,国投证券股份有限公司云南分公司,2025-05-08,0,1,37386.46,10099046.43,-10061659.97,通易航天,10484156
4103,东方财富证券股份有限公司山南香曲东路证券营业部,2025-05-06,0,2,5636039.0,15698464.0,-10062425.0,曙光股份 渝三峡A,10281327
4104,广发证券股份有限公司武汉京汉大道证券营业部,2025-05-07,0,1,,10081578.51,-10081578.51,京运通,10026970
4105,财通证券股份有限公司江山中山路证券营业部,2025-05-29,0,1,19900.0,10101603.78,-10081703.78,三友科技,10180705
4106,麦高证券有限责任公司北京分公司,2025-05-08,0,1,,10088575.36,-10088575.36,安乃达,10488161
4107,东北证券股份有限公司郑州花园路证券营业部,2025-05-07,0,1,,10089105.0,-10089105.0,肯特催化,10000521154
4108,广发证券股份有限公司上海水清南路证券营业部,2025-05-16,0,1,11184.0,10115896.0,-10104712.0,利君股份,10062638
4109,上海证券有限责任公司温州乐清伯乐东路证券营业部,2025-05-29,0,1,,10111542.0,-10111542.0,合兴股份,10144187
4110,财信证券股份有限公司湖北分公司,2025-05-12,0,1,,10127267.0,-10127267.0,联合水务,10511627
4111,华泰证券股份有限公司苏州何山路证券营业部,2025-05-16,0,1,40728.0,10185519.0,-10144791.0,威星智能,10098281
4112,中国银河证券股份有限公司北京兴华大街证券营业部,2025-05-06,0,1,,10145041.0,-10145041.0,天和磁材,10982904
4113,长江证券股份有限公司佛山普澜二路证券营业部,2025-05-16,0,1,4068.0,10152785.4,-10148717.4,南京港,10025415
4114,东方证券股份有限公司贵阳长岭北路证券营业部,2025-05-16,0,1,70625.0,10239208.64,-10168583.64,茂化实华,10511608
4115,方正证券股份有限公司杭州白石巷证券营业部,2025-05-08,0,1,0.0,10175702.0,-10175702.0,金龙机电,10054518
4116,海通证券股份有限公司马鞍山雨山西路证券营业部,2025-05-27,0,1,,10182600.0,-10182600.0,永冠新材,10158350
4117,麦高证券有限责任公司北京分公司,2025-05-14,0,1,,10195164.0,-10195164.0,天和磁材,10488161
4118,国信证券股份有限公司深圳龙华分公司,2025-05-27,0,1,,10196788.0,-10196788.0,正和生态,10290877
4119,光大证券股份有限公司深圳深湾一路证券营业部,2025-05-23,0,1,,10200000.0,-10200000.0,福华尚纬,10127095
4120,光大证券股份有限公司沈阳十一纬路证券营业部,2025-05-16,0,1,,10202579.0,-10202579.0,ST交昂,10151903
4121,国信证券股份有限公司深圳互联网分公司,2025-05-27,0,2,19401383.82,29608485.65,-10207101.83,瑞奇智造 保丽洁,10136477
4122,金元证券股份有限公司广州花城大道证券营业部,2025-05-21,0,1,0.0,10210063.0,-10210063.0,丰茂股份,10191535
4123,东亚前海证券有限责任公司苏州分公司,2025-05-20,1,1,22900252.0,33116075.86,-10215823.86,安彩高科 中洲特材,10000526027
4124,申万宏源证券有限公司上海浦东新区陆家嘴环路证券营业部,2025-05-07,0,1,2750740.0,12972000.0,-10221260.0,爱乐达,10093759
4125,国联民生证券股份有限公司苏州南天成路证券营业部,2025-05-30,0,1,1384692.0,11625882.0,-10241190.0,创新医疗,10000351806
4126,国投证券股份有限公司上海虹口区杨树浦路证券营业部,2025-05-26,0,1,,10253684.0,-10253684.0,锦江在线,10956072
4127,长城证券股份有限公司西安锦业路营业部,2025-05-27,0,1,0.0,10261071.93,-10261071.93,瑞奇智造,10484324
4128,中国中金财富证券有限公司宜兴阳羡东路证券营业部,2025-05-19,0,1,0.0,10270404.24,-10270404.24,郑中设计,10467534
4129,海通证券股份有限公司上海浦东南路证券营业部,2025-05-30,0,1,,10276165.0,-10276165.0,退市创兴,10113847
4130,中信证券股份有限公司上海浦东新区东方路证券营业部,2025-05-09,0,1,8400.0,10287836.0,-10279436.0,ST加加,10045021
4131,中山证券有限责任公司广州分公司,2025-05-12,0,1,,10282813.0,-10282813.0,联合水务,10108230
4132,华泰证券股份有限公司上海浦东新区东方路证券营业部,2025-05-13,0,1,0.0,10292548.0,-10292548.0,酷特智能,10000240587
4133,华泰证券股份有限公司南京清凉门大街证券营业部,2025-05-15,0,1,,10295357.48,-10295357.48,航天南湖,10125435
4134,中信建投证券股份有限公司上海营口路证券营业部,2025-05-15,2,2,7547341.26,17856445.0,-10309103.74,*ST万方 返利科技 连云港,10028716
4135,国盛证券有限责任公司金华双龙南街证券营业部,2025-05-09,0,1,0.0,10315919.62,-10315919.62,豪尔赛,10456721
4136,财通证券股份有限公司杭州文二西路证券营业部,2025-05-28,0,1,7800.0,10327175.92,-10319375.92,欢乐家,10082583
4137,华泰证券股份有限公司深圳益田路荣超商务中心证券营业部,2025-05-29,0,2,1358069.45,11691864.82,-10333795.37,三友科技 路桥信息,10142874
4138,中国银河证券股份有限公司上海杨浦区靖宇东路证券营业部,2025-05-23,0,1,,10346706.8,-10346706.8,*ST正平,10023591
4139,中国中金财富证券有限公司溧阳煤建路证券营业部,2025-05-12,0,1,,10350356.0,-10350356.0,宜宾纸业,10140833
4140,中银国际证券股份有限公司上海新华路证券营业部,2025-05-12,0,1,107206.0,10472469.0,-10365263.0,中坚科技,10131919
4141,浙商证券股份有限公司杭州城星路证券营业部,2025-05-27,2,1,10267786.73,20639076.66,-10371289.93,中科美菱,10949092
4142,浙商证券股份有限公司杭州五星路证券营业部,2025-05-27,2,1,10267786.73,20639076.66,-10371289.93,浪莎股份 汇金通,10949092
4143,浙商证券股份有限公司杭州江南大道证券营业部,2025-05-15,0,1,0.0,10378046.72,-10378046.72,芭薇股份,10184506
4144,平安证券股份有限公司江苏分公司,2025-05-28,0,1,928436.0,11309638.0,-10381202.0,邵阳液压,10030173
4145,国金证券股份有限公司成都龙泉驿区龙平路证券营业部,2025-05-08,0,1,,10408854.4,-10408854.4,豪能股份,10131688
4146,浙商证券股份有限公司成都董家湾北街证券营业部,2025-05-27,0,1,54998.0,10464528.0,-10409530.0,格力博,10159706
4147,中信建投证券股份有限公司北京望京证券营业部,2025-05-19,0,1,,10413140.0,-10413140.0,迎丰股份,10146933
4148,开源证券股份有限公司西安太华路证券营业部,2025-05-19,12,10,351029233.88,361445769.6,-10416535.72,华阳新材 吉林化纤 *ST华幸 信隆健康 百合股份 安纳达 成飞集成 安乃达 尤夫股份 吉华集团 红墙股份 迎丰股份 路畅科技 中欣氟材 江天化学 中洲特材 格力博 丰茂股份,10477800
4149,国泰海通证券股份有限公司绵阳剑南路证券营业部,2025-05-16,0,1,,10417894.76,-10417894.76,ST交昂,10705812
4150,中信证券(山东)有限责任公司寿光农圣东街证券营业部,2025-05-09,0,1,324266.0,10744591.0,-10420325.0,山东墨龙,10665303
4151,华泰证券股份有限公司永嘉阳光大道证券营业部,2025-05-08,0,1,0.0,10421246.0,-10421246.0,天邦食品,10166020
4152,国投证券股份有限公司广州琶洲大道证券营业部,2025-05-12,0,1,,10431654.99,-10431654.99,*ST起步,10342138
4153,中银国际证券股份有限公司北京宣外大街证券营业部,2025-05-30,0,1,43391.0,10521016.0,-10477625.0,海联金汇,10075499
4154,中国银河证券股份有限公司广州环市东路证券营业部,2025-05-20,0,1,0.0,10480497.72,-10480497.72,路斯股份,10030456
4155,广发证券股份有限公司辽阳民主路证券营业部,2025-05-27,0,1,,10487856.0,-10487856.0,雪龙集团,10028726
4156,华泰证券股份有限公司上海黄河路证券营业部,2025-05-22,0,1,175713.79,10667409.14,-10491695.35,晟楠科技,10046455
4157,申万宏源证券有限公司广州珠江西路证券营业部,2025-05-14,0,1,67545.0,10581345.34,-10513800.34,捷安高科,10025357
4158,中信证券股份有限公司台州分公司,2025-05-12,0,1,69511.0,10589596.65,-10520085.65,鑫磊股份,10145019
4159,东方证券股份有限公司福州五四路证券营业部,2025-05-15,0,1,5618886.0,16151022.0,-10532136.0,成飞集成,10456965
4160,中国银河证券股份有限公司广州华夏路证券营业部,2025-05-27,0,1,0.0,10538331.14,-10538331.14,海森药业,10141412
4161,中国国际金融股份有限公司北京建国门外大街证券营业部,2025-05-27,0,2,,10551901.0,-10551901.0,肯特催化 美邦股份,10050414
4162,国金证券股份有限公司成都武成大街证券营业部,2025-05-07,0,1,798946.0,11352515.0,-10553569.0,爱乐达,10112547
4163,平安证券股份有限公司深圳金田路证券营业部,2025-05-16,0,1,490742.0,11044582.0,-10553840.0,尚荣医疗,10388201
4164,招商证券股份有限公司上海世纪大道证券营业部,2025-05-06,0,1,,10572666.0,-10572666.0,ST嘉澳,10046548
4165,申万宏源证券有限公司青岛分公司,2025-05-23,0,1,0.0,10581822.0,-10581822.0,赛隆退,10048184
4166,中信建投证券股份有限公司长乐吴航路证券营业部,2025-05-23,0,1,13619411.0,24208230.0,-10588819.0,雪人集团,10388802
4167,中国中金财富证券有限公司广州番禺东兴路证券营业部,2025-05-14,0,1,105825.0,10705321.6,-10599496.6,恒而达,10174528
4168,中国中金财富证券有限公司深圳爱国路证券营业部,2025-05-13,0,1,,10611707.0,-10611707.0,宁波远洋,10030338
4169,国泰海通证券股份有限公司潮州潮州大道证券营业部,2025-05-15,0,1,0.0,10622988.16,-10622988.16,尚荣医疗,10551744
4170,方正证券股份有限公司郑州金水路证券营业部,2025-05-06,0,1,,10628019.0,-10628019.0,汉商集团,10467665
4171,海通证券股份有限公司上海金山区卫清西路证券营业部,2025-05-08,0,1,,10628842.0,-10628842.0,航天长峰,10083480
4172,海通证券股份有限公司上海金山区卫清西路证券营业部,2025-05-07,0,1,,10628842.0,-10628842.0,航天长峰,10083480
4173,中信证券股份有限公司常州分公司,2025-05-26,0,1,24731.0,10655973.0,-10631242.0,会畅科技,10026911
4174,财通证券股份有限公司台州临海杜桥滨海西路证券营业部,2025-05-26,0,1,,10643616.0,-10643616.0,空港股份,10713850
4175,中信建投证券股份有限公司东三环中路证券营业部,2025-05-13,0,1,0.0,10646094.0,-10646094.0,*ST华西,10198155
4176,财通证券股份有限公司绍兴上虞江扬路证券营业部,2025-05-14,0,1,21606.0,10704638.0,-10683032.0,中集环科,10456242
4177,平安证券股份有限公司上海塔城路证券营业部,2025-05-09,0,1,304014.0,10989165.0,-10685151.0,润贝航科,10000173242
4178,国泰海通证券股份有限公司上海江苏路证券营业部,2025-05-06,1,5,14588843.56,25274912.84,-10686069.28,新能股份 星光股份 邵阳液压,10025080
4179,国泰海通证券股份有限公司上海江苏路营业部,2025-05-06,1,5,14588843.56,25274912.84,-10686069.28,春光智能,10025080
4180,国泰海通证券股份有限公司上海长宁区江苏路证券营业部,2025-05-06,1,5,14588843.56,25274912.84,-10686069.28,*ST精伦 安记食品,10025080
4181,华宝证券股份有限公司成都天府大道证券营业部,2025-05-07,0,1,167258.0,10867765.0,-10700507.0,永安药业,10165921
4182,东方证券股份有限公司上海浦东新区牡丹路证券营业部,2025-05-22,0,1,,10705339.0,-10705339.0,*ST集友,10124617
4183,甬兴证券有限公司天津解放北路证券营业部,2025-05-22,0,1,0.0,10715452.0,-10715452.0,源飞宠物,10000565545
4184,浙商证券股份有限公司衢州分公司,2025-05-16,0,1,126033.0,10879456.0,-10753423.0,豪恩汽电,10046774
4185,招商证券股份有限公司北京建国路证券营业部,2025-05-12,0,1,5832.0,10772545.0,-10766713.0,昆船智能,10025049
4186,东北证券股份有限公司佛山分公司,2025-05-20,0,1,5224.0,10774636.0,-10769412.0,雪榕生物,10533627
4187,国金证券股份有限公司上海浦东新区芳甸路证券营业部,2025-05-21,0,1,170765.0,10941192.4,-10770427.4,源飞宠物,10436842
4188,浙商证券股份有限公司杭州杭大路证券营业部,2025-05-06,0,1,,10775104.0,-10775104.0,ST嘉澳,10021964
4189,东亚前海证券有限责任公司四川分公司,2025-05-08,0,1,,10782032.0,-10782032.0,航天长峰,10000242108
4190,湘财证券股份有限公司长沙新民路证券营业部,2025-05-07,0,1,,10788341.44,-10788341.44,湖南天雁,10025137
4191,广发证券股份有限公司武汉建设大道广发银行大厦证券营业部,2025-05-20,0,1,,10792376.0,-10792376.0,安乃达,10106409
4192,国投证券股份有限公司广州珠江东路证券营业部,2025-05-12,0,1,,10798467.0,-10798467.0,*ST起步,10671705
4193,华安证券股份有限公司温州市府路证券营业部,2025-05-22,1,1,23072126.0,33871464.12,-10799338.12,重庆港,10502386
4194,国信证券股份有限公司武汉中北路证券营业部,2025-05-07,0,1,502720.0,11303893.0,-10801173.0,苏奥传感,10079999
4195,中信建投证券股份有限公司福州东街证券营业部,2025-05-21,0,1,637275.0,11440801.0,-10803526.0,丰茂股份,10028772
4196,国元证券股份有限公司温岭太平东城路证券营业部,2025-05-29,1,1,14317319.2,25123268.0,-10805948.8,郑中设计 汇金通,10657359
4197,海通证券股份有限公司长沙五一大道营业部,2025-05-16,0,1,51515.0,10860040.17,-10808525.17,天工股份,10099191
4198,国信证券股份有限公司深圳泰然九路证券营业部,2025-05-14,0,1,,10810920.0,-10810920.0,宁波海运,10078443
4199,中信证券股份有限公司乐清金溪路证券营业部,2025-05-06,0,1,,10818183.82,-10818183.82,精进电动,10147240
4200,华鑫证券有限责任公司金华双龙南街证券营业部,2025-05-19,0,1,0.0,10824558.54,-10824558.54,郑中设计,10000055278
4201,华鑫证券有限责任公司深圳财富大厦证券营业部,2025-05-20,0,1,,10833856.23,-10833856.23,迎丰股份,10000734168
4202,财达证券股份有限公司唐山新城道证券营业部,2025-05-21,0,1,1381.0,10839180.0,-10837799.0,*ST威领,10146854
4203,国金证券股份有限公司上海奉贤区金碧路证券营业部,2025-05-20,0,2,428400.59,11270109.61,-10841709.02,保丽洁 金利华电,10467671
4204,财通证券股份有限公司新昌江滨西路证券营业部,2025-05-14,0,1,,10855708.0,-10855708.0,宁波海运,10654091
4205,中国银河证券股份有限公司绍兴证券营业部,2025-05-09,0,1,73789.0,10931600.0,-10857811.0,狄耐克,10023543
4206,国信证券股份有限公司深圳泰然九路证券营业部,2025-05-12,0,2,2289704.29,13209529.64,-10919825.35,润贝航科 七丰精工,10078443
4207,甬兴证券有限公司宁波和源路证券营业部,2025-05-14,0,1,,10940884.0,-10940884.0,苏州龙杰,10000147202
4208,华鑫证券有限责任公司杭州分公司,2025-05-09,0,1,200380.0,11160726.35,-10960346.35,慧为智能,10000055313
4209,华福证券有限责任公司杭州五星路证券营业部,2025-05-14,0,1,0.0,10961420.25,-10961420.25,七丰精工,10709086
4210,国元证券股份有限公司合肥天达路证券营业部,2025-05-28,0,1,0.0,10971072.0,-10971072.0,劲旅环境,10637281
4211,东方证券股份有限公司厦门仙岳路证券营业部,2025-05-27,1,1,33243569.0,44216953.0,-10973384.0,恒久退 金龙羽,10492163
4212,恒泰证券股份有限公司上海飞虹路证券营业部,2025-05-21,0,1,0.0,10974189.0,-10974189.0,舒泰神,10030422
4213,国盛证券有限责任公司上海浦东新区东方路证券营业部,2025-05-13,0,1,,10975340.0,-10975340.0,安乃达,10499301
4214,西部证券股份有限公司宝鸡金台大道证券营业部,2025-05-22,0,1,,10975830.0,-10975830.0,宝光股份,10118989
4215,甬兴证券有限公司宁波和源路证券营业部,2025-05-28,0,1,,10987412.0,-10987412.0,汇得科技,10000147202
4216,国元证券股份有限公司盐城解放南路证券营业部,2025-05-07,0,1,17208.0,11012387.0,-10995179.0,华伍股份,10137154
4217,中国银河证券股份有限公司深圳深南大道证券营业部,2025-05-15,0,1,558292.0,11574892.0,-11016600.0,鑫磊股份,10031772
4218,开源证券股份有限公司西安太华路证券营业部,2025-05-15,8,7,256463754.2,267481626.21,-11017872.01,大有能源 襄阳轴承 ST交昂 青岛金王 京运通 王子新材 诺斯贝尔 飞力达 展鹏科技 华业香料 安正时尚 拓新药业 中集环科,10477800
4219,国泰海通证券股份有限公司上海长宁区天山路证券营业部,2025-05-26,0,1,7672.0,11065292.0,-11057620.0,ST棕榈,10048511
4220,华泰证券股份有限公司郑州经三路证券营业部,2025-05-28,0,1,193119.0,11251810.0,-11058691.0,豪江智能,10081598
4221,平安证券股份有限公司江西分公司,2025-05-07,0,1,,11084924.82,-11084924.82,精进电动,10355219
4222,中信证券股份有限公司大连分公司,2025-05-07,0,1,381122.0,11466259.0,-11085137.0,新瀚新材,10074420
4223,申万宏源证券有限公司杭州文一西路证券营业部,2025-05-22,0,1,7864.28,11096835.09,-11088970.81,科创新材,10708137
4224,东方财富证券股份有限公司拉萨东环路第一证券营业部,2025-05-06,7,8,79080061.75,90169434.86,-11089373.11,九菱科技 南方路机 深圳华强 春光智能 青岛金王 贤丰控股 岩山科技 步步高 川大智胜 天元股份 *ST动力 ST创意 *ST新元 邵阳液压,10428246
4225,华泰证券股份有限公司北京东三环北路证券营业部,2025-05-06,0,2,36916.0,11128080.0,-11091164.0,浙江华远 华阳新材,10079640
4226,方正证券股份有限公司上海杨高南路证券营业部,2025-05-20,0,1,,11092690.0,-11092690.0,锦江航运,10158325
4227,国泰海通证券股份有限公司三亚迎宾路证券营业部,2025-05-23,1,1,110441063.56,121557310.92,-11116247.36,中超控股,10564207
4228,中信建投证券股份有限公司厦门杏东路证券营业部,2025-05-30,0,1,39187.55,11158029.1,-11118841.55,三友科技,10146924
4229,中国银河证券股份有限公司福州湖东路证券营业部,2025-05-29,0,1,0.0,11128085.0,-11128085.0,ST云动,10023580
4230,中信建投证券股份有限公司广州珠江新城证券营业部,2025-05-16,0,1,,11133886.0,-11133886.0,安乃达,10537531
4231,中国国际金融股份有限公司北京建国门外大街证券营业部,2025-05-23,0,1,,11149597.0,-11149597.0,西昌电力,10050414
4232,国盛证券有限责任公司抚州分公司,2025-05-12,0,1,156770.0,11311969.02,-11155199.02,豪尔赛,10046682
4233,国信证券股份有限公司上海新松江路证券营业部,2025-05-26,0,1,,11179640.0,-11179640.0,大西洋,10338877
4234,中国银河证券股份有限公司厦门嘉禾路证券营业部,2025-05-08,0,1,,11210407.0,-11210407.0,华纺股份,10023542
4235,广发证券股份有限公司上海水清南路证券营业部,2025-05-29,0,1,,11216876.0,-11216876.0,通达电气,10062638
4236,中信证券股份有限公司杭州凤起路证券营业部,2025-05-13,0,1,,11224015.0,-11224015.0,百达精工,10046604
4237,中信建投证券股份有限公司北京农大南路证券营业部,2025-05-07,0,1,,11236626.0,-11236626.0,麒盛科技,10146934
4238,华泰证券股份有限公司南京庐山路证券营业部,2025-05-07,0,1,1018787.0,12261690.0,-11242903.0,华伍股份,10021770
4239,万和证券股份有限公司台州分公司,2025-05-13,0,1,3009444.23,14252660.37,-11243216.14,国航远洋,10000289237
4240,中国中金财富证券有限公司深圳分公司,2025-05-13,0,1,819314.0,12066587.0,-11247273.0,凯美特气,10048460
4241,东莞证券股份有限公司四川分公司,2025-05-26,0,1,,11250512.0,-11250512.0,空港股份,10477736
4242,中信证券股份有限公司深圳分公司,2025-05-07,0,1,0.0,11263404.0,-11263404.0,*ST瑞和,10492423
4243,申万宏源证券有限公司吉林分公司,2025-05-29,0,1,,11267483.06,-11267483.06,汉邦科技,10099130
4244,广发证券股份有限公司广州环市东路证券营业部,2025-05-07,0,1,,11277860.0,-11277860.0,麒盛科技,10030121
4245,中泰证券股份有限公司常州惠国路证券营业部,2025-05-26,0,1,,11284201.0,-11284201.0,ST交昂,10741097
4246,东北证券股份有限公司内蒙古分公司,2025-05-06,0,3,15590647.0,26875529.0,-11284882.0,华电辽能 青岛金王 安记食品,10509062
4247,东北证券股份有限公司上海局门路证券营业部,2025-05-20,0,1,,11310458.0,-11310458.0,丽人丽妆,10091173
4248,国泰海通证券股份有限公司上海长宁区江苏路证券营业部,2025-05-27,2,2,20705394.0,32018309.58,-11312915.58,海森药业 雪龙集团 美邦股份 三生国健,10025080
4249,招商证券股份有限公司东莞鸿福路证券营业部,2025-05-15,0,1,1047883.4,12372005.49,-11324122.09,芭薇股份,10046551
4250,华福证券有限责任公司济宁红星中路证券营业部,2025-05-06,0,1,0.0,11353491.4,-11353491.4,南山智尚,10682498
4251,长江证券股份有限公司上海福州路证券营业部,2025-05-08,0,1,0.0,11357037.97,-11357037.97,晟楠科技,10025119
4252,国金证券股份有限公司成都双楠路证券营业部,2025-05-09,1,1,499748.0,11869405.0,-11369657.0,*ST华西 豪尔赛,10025246
4253,国盛证券有限责任公司萍乡分公司,2025-05-19,0,1,113291.0,11484835.86,-11371544.86,长华化学,10076705
4254,广发证券股份有限公司广西分公司(对外营业部),2025-05-30,0,1,,11384632.0,-11384632.0,北投科技,10030101
4255,中信建投证券股份有限公司福州东街证券营业部,2025-05-16,0,1,,11399502.0,-11399502.0,ST新华锦,10028772
4256,摩根大通证券(中国)有限公司上海银城中路证券营业部,2025-05-19,2,1,19951367.2,31361857.0,-11410489.8,日盈电子 *ST集友,10000100571
4257,中信建投证券股份有限公司广州中山三路证券营业部,2025-05-21,0,1,91749.0,11511651.43,-11419902.43,武汉蓝电,10396945
4258,东兴证券股份有限公司深圳南山证券营业部,2025-05-12,0,1,0.0,11427000.0,-11427000.0,中坚科技,10000228775
4259,中信建投证券股份有限公司台州市府大道证券营业部,2025-05-08,0,1,,11452383.0,-11452383.0,华纺股份,10443746
4260,中国银河证券股份有限公司厦门嘉禾路证券营业部,2025-05-30,0,1,227045.0,11722691.0,-11495646.0,渝三峡A,10023542
4261,第一创业证券股份有限公司武汉分公司,2025-05-14,0,1,,11519441.0,-11519441.0,雅运股份,10338931
4262,开源证券股份有限公司上海永泰路证券营业部,2025-05-19,0,1,0.0,11520059.31,-11520059.31,五新智能,10000186659
4263,中国中金财富证券有限公司南昌红谷中大道证券营业部,2025-05-22,0,1,13363.0,11550808.0,-11537445.0,源飞宠物,10028588
4264,中国银河证券股份有限公司北京金融街证券营业部,2025-05-26,0,1,,11549038.0,-11549038.0,空港股份,10030485
4265,东兴证券股份有限公司莆田梅园东路证券营业部,2025-05-14,0,1,211672.0,11774996.0,-11563324.0,恒而达,10112753
4266,中信证券股份有限公司东阳吴宁西路证券营业部,2025-05-06,0,1,,11580780.0,-11580780.0,汉商集团,10124373
4267,甬兴证券有限公司宁波分公司,2025-05-14,0,1,,11582503.16,-11582503.16,苏州龙杰,10000170392
4268,国信证券股份有限公司太仓上海东路证券营业部,2025-05-23,0,1,10660.0,11594590.0,-11583930.0,升达林业,10436984
4269,申港证券股份有限公司上海世纪大道证券营业部,2025-05-16,0,1,,11593999.0,-11593999.0,亚振家居,10000260708
4270,中信建投证券股份有限公司赣州登峰大道证券营业部,2025-05-15,0,1,,11612071.0,-11612071.0,京运通,10123633
4271,渤海证券股份有限公司天津中山路分公司,2025-05-20,0,1,0.0,11619496.25,-11619496.25,五新智能,10046729
4272,国泰海通证券股份有限公司上海长宁区天山路证券营业部,2025-05-21,0,1,91257.0,11715639.0,-11624382.0,信隆健康,10048511
4273,招商证券股份有限公司成都人民南路证券营业部,2025-05-08,0,1,,11626720.0,-11626720.0,豪24转债 豪能股份,10030392
4274,中泰证券股份有限公司杭州滨和路证券营业部,2025-05-15,0,1,,11644287.0,-11644287.0,ST新华锦,10456174
4275,长江证券股份有限公司济南经十路证券营业部,2025-05-23,0,1,487081.0,12134961.0,-11647880.0,阳谷华泰,10119307
4276,东方财富证券股份有限公司拉萨东城区江苏大道证券营业部,2025-05-21,0,1,5672503.19,17320540.32,-11648037.13,宁新新材,10708576
4277,中泰证券股份有限公司常州惠国路证券营业部,2025-05-21,0,2,11773168.0,23426433.8,-11653265.8,依依股份 铁流股份,10741097
4278,招商证券股份有限公司乐清旭阳路证券营业部,2025-05-29,0,1,,11656921.0,-11656921.0,合兴股份,10499334
4279,广发证券股份有限公司珠海市珠海大道证券营业部,2025-05-23,0,1,39702.0,11707913.0,-11668211.0,国风新材,10048493
4280,招商证券股份有限公司深圳深南大道车公庙证券营业部,2025-05-06,0,1,,11669194.5,-11669194.5,嵘泰股份,10114164
4281,中国银河证券股份有限公司杭州双龙街证券营业部,2025-05-16,0,1,10412964.0,22087158.84,-11674194.84,渝三峡A,10763954
4282,华宝证券股份有限公司杭州学院路证券营业部,2025-05-21,0,1,78440.0,11784756.54,-11706316.54,宏工科技,10108337
4283,摩根大通证券(中国)有限公司上海银城中路证券营业部,2025-05-27,1,2,46724437.0,58449469.0,-11725032.0,长城电工 合锻智能,10000100571
4284,海通证券股份有限公司北京中关村南大街证券营业部,2025-05-15,0,1,,11728961.0,-11728961.0,渤海化学,10025071
4285,中国中金财富证券有限公司深圳分公司,2025-05-09,0,1,4095245.0,15843255.0,-11748010.0,武汉凡谷,10048460
4286,中信证券股份有限公司杭州崇仁路证券营业部,2025-05-26,0,1,17504.0,11772814.0,-11755310.0,金利华电,10136923
4287,广发证券股份有限公司荣成石岛证券营业部,2025-05-20,0,1,,11799623.0,-11799623.0,百合股份,10384564
4288,首创证券股份有限公司长沙滨江路证券营业部,2025-05-08,0,1,0.0,11808000.0,-11808000.0,东通退,10397617
4289,浙商证券股份有限公司烟台长江路证券营业部,2025-05-15,0,1,0.0,11813838.0,-11813838.0,川宁生物,10784633
4290,国泰海通证券股份有限公司福建福州华林路营业部,2025-05-07,0,1,803873.27,12623113.97,-11819240.7,慧为智能,10026735
4291,东北证券股份有限公司常州花园街证券营业部,2025-05-26,0,1,5462.0,11832687.93,-11827225.93,常辅股份,10166661
4292,华泰证券股份有限公司上海浦东新区妙境路证券营业部,2025-05-22,0,1,496.0,11833227.0,-11832731.0,ST棕榈,10089529
4293,华宝证券股份有限公司杭州学院路证券营业部,2025-05-23,0,1,0.0,11870926.92,-11870926.92,宏工科技,10108337
4294,东莞证券股份有限公司南京分公司,2025-05-07,1,2,15644333.0,27515819.0,-11871486.0,华阳新材 *ST东珠,10485003
4295,中信证券股份有限公司杭州新城路证券营业部,2025-05-07,0,1,,11881473.64,-11881473.64,纬德信息,10140900
4296,国新证券股份有限公司北京中关村大街证券营业部,2025-05-30,0,1,5631.0,11895965.0,-11890334.0,元隆雅图,10919501
4297,浙商证券股份有限公司深圳后海大道证券营业部,2025-05-19,0,1,,11892960.5,-11892960.5,苏州龙杰,10030396
4298,华泰证券股份有限公司泰州分公司,2025-05-19,0,1,0.0,11924880.0,-11924880.0,万安科技,10423500
4299,长江证券股份有限公司上海临港新片区证券营业部,2025-05-13,0,1,,11928630.0,-11928630.0,百达精工,10594120
4300,中国银河证券股份有限公司上海宜川路证券营业部,2025-05-15,0,1,,11938267.96,-11938267.96,ST新华锦,10140531
4301,光大证券股份有限公司宁波甬江大道证券营业部,2025-05-13,0,1,7590987.0,19536915.88,-11945928.88,宁波东力,10106213
4302,浙商证券股份有限公司四川分公司,2025-05-26,0,1,0.0,11964434.0,-11964434.0,中科信息,10549645
4303,财通证券股份有限公司宁海金融中心证券营业部,2025-05-13,0,1,596627.0,12573729.0,-11977102.0,北京利尔,10137268
4304,财通证券股份有限公司海盐秦山路证券营业部,2025-05-08,0,1,1420734.48,13411448.15,-11990713.67,七丰精工,10142791
4305,国盛证券有限责任公司南昌桃花路证券营业部,2025-05-27,0,1,,12001980.0,-12001980.0,*ST湘邮,10035542
4306,中信建投证券股份有限公司上海浦东南路证券营业部,2025-05-21,0,1,,12002411.4,-12002411.4,拱东医疗,10125938
4307,中邮证券有限责任公司云南分公司,2025-05-29,0,1,0.0,12026429.0,-12026429.0,*ST和科,10000133802
4308,平安证券股份有限公司山东分公司,2025-05-21,0,1,,12027560.1,-12027560.1,*ST华幸,10390301
4309,东吴证券股份有限公司苏州狮山路二部营业部,2025-05-15,0,1,47207.0,12077349.26,-12030142.26,万德股份,10028578
4310,甬兴证券有限公司上海分公司,2025-05-30,0,1,,12033196.0,-12033196.0,绿能慧充,10000169317
4311,国金证券股份有限公司成都武成大街证券营业部,2025-05-09,0,1,,12038526.0,-12038526.0,百达精工,10112547
4312,华鑫证券有限责任公司佛山顺德近良路营业部,2025-05-16,0,1,0.0,12051018.07,-12051018.07,芭薇股份,10456801
4313,国联民生证券股份有限公司常州衡山路证券营业部,2025-05-20,0,1,,12077380.0,-12077380.0,湖南天雁,10145574
4314,海通证券股份有限公司上海共和新路证券营业部,2025-05-19,0,1,0.0,12090375.0,-12090375.0,泰禾股份,10028441
4315,长城证券股份有限公司西安锦业路营业部,2025-05-26,0,1,0.0,12099213.47,-12099213.47,辰光医疗,10484324
4316,中信建投证券股份有限公司北京朝阳分公司,2025-05-15,0,1,130266.62,12237643.57,-12107376.95,天工股份,10021813
4317,中国中金财富证券有限公司无锡分公司,2025-05-29,0,1,,12118249.4,-12118249.4,宏柏新材,10166619
4318,东方证券股份有限公司株洲长江北路证券营业部,2025-05-12,0,1,,12118282.0,-12118282.0,麒盛科技,10492166
4319,申万宏源证券有限公司重庆小新街证券营业部,2025-05-19,0,1,91797.0,12214333.0,-12122536.0,豪恩汽电,10025427
4320,财通证券股份有限公司湖州人民路证券营业部,2025-05-26,0,1,56879.0,12180720.0,-12123841.0,中科信息,10022008
4321,中信证券股份有限公司嵊州兴盛街证券营业部,2025-05-29,0,1,,12126374.0,-12126374.0,浙江自然,10199833
4322,中信证券股份有限公司总部(非营业场所),2025-05-20,0,1,,12187850.9,-12187850.9,浙文互联,10045029
4323,申万宏源证券有限公司上海静安区延长中路证券营业部,2025-05-28,0,1,1572.0,12200716.0,-12199144.0,水羊股份,10048530
4324,申万宏源证券有限公司黄山市黄山西路证券营业部,2025-05-21,0,1,,12214549.44,-12214549.44,拱东医疗,10442726
4325,招商证券股份有限公司上海牡丹江路证券营业部,2025-05-07,0,1,1757544.52,13986982.0,-12229437.48,九芝堂,10176549
4326,华鑫证券有限责任公司上海茅台路证券营业部,2025-05-30,0,1,,12229454.0,-12229454.0,久事动娱,10028419
4327,东北证券股份有限公司黑龙江分公司,2025-05-07,0,1,6709218.81,18946442.66,-12237223.85,慧为智能,10448119
4328,海通证券股份有限公司北京光华路证券营业部,2025-05-07,0,1,52230.0,12306936.0,-12254706.0,晨曦航空,10028481
4329,中国中金财富证券有限公司淮安水渡口大道证券营业部,2025-05-19,0,1,,12262348.0,-12262348.0,ST交昂,10107021
4330,国泰海通证券股份有限公司揭阳黄岐山大道证券营业部,2025-05-09,0,1,0.0,12263521.0,-12263521.0,山东墨龙,10547767
4331,东方证券股份有限公司福州五四路证券营业部,2025-05-23,0,1,2889341.0,15156136.0,-12266795.0,金龙羽,10456965
4332,东莞证券股份有限公司苏州聚茂街证券营业部,2025-05-23,0,1,,12288065.76,-12288065.76,宝光股份,10583882
4333,东方财富证券股份有限公司上海徐汇区云锦路证券营业部,2025-05-26,0,1,,12310296.71,-12310296.71,科捷智能,10663558
4334,国新证券股份有限公司长沙韶山路证券营业部,2025-05-19,0,1,,12319198.8,-12319198.8,吉华集团,10143353
4335,东方财富证券股份有限公司上海徐汇区云锦路证券营业部,2025-05-27,0,1,,12320420.71,-12320420.71,科捷智能,10663558
4336,平安证券股份有限公司浙江分公司,2025-05-23,0,1,,12329869.0,-12329869.0,福华尚纬,10038679
4337,浙商证券股份有限公司深圳后海大道证券营业部,2025-05-26,0,1,7733379.09,20082459.96,-12349080.87,郑中设计,10030396
4338,中泰证券股份有限公司诸城人民东路证券营业部,2025-05-13,0,1,2296.0,12370978.0,-12368682.0,酷特智能,10455327
4339,中泰证券股份有限公司烟台北大街证券营业部,2025-05-20,0,1,,12368763.0,-12368763.0,浪莎股份,10103084
4340,中国银河证券股份有限公司成都益州大道证券营业部,2025-05-23,0,1,,12386992.0,-12386992.0,空港股份,10030491
4341,东莞证券股份有限公司东莞分公司,2025-05-20,0,1,380199.0,12776868.0,-12396669.0,集泰股份,10484999
4342,方正证券股份有限公司怀化正清路证券营业部,2025-05-13,0,1,,12403043.0,-12403043.0,宁波远洋,10119413
4343,国投证券股份有限公司西安曲江池南路证券营业部,2025-05-14,0,1,12782.0,12422003.52,-12409221.52,宏工科技,10573482
4344,中国银河证券股份有限公司桂林中山中路证券营业部,2025-05-08,0,1,,12416207.68,-12416207.68,安乃达,10101590
4345,中国银河证券股份有限公司桂林中山中路证券营业部,2025-05-12,0,1,,12441196.1,-12441196.1,中国瑞林,10101590
4346,中国国际金融股份有限公司上海分公司,2025-05-29,1,4,51968052.0,64477247.67,-12509195.67,安正时尚 ST棕榈 *ST和科 邵阳液压 久盛电气,10088113
4347,招商证券股份有限公司上海肇嘉浜路证券营业部,2025-05-27,0,1,77090.0,12588239.99,-12511149.99,天元宠物,10048282
4348,国信证券股份有限公司深圳红岭中路证券营业部,2025-05-30,2,2,11688407.57,24209390.3,-12520982.73,胜业电气 峆一药业 路桥信息 浩淼科技,10045166
4349,光大证券股份有限公司扬州文昌西路证券营业部,2025-05-08,0,1,0.0,12523897.0,-12523897.0,天邦食品,10338897
4350,东方财富证券股份有限公司上海分公司,2025-05-19,0,1,,12548530.0,-12548530.0,安乃达,10494612
4351,开源证券股份有限公司西安永城路证券营业部,2025-05-22,1,1,30470696.0,43023369.0,-12552673.0,综艺股份 南京港,10495079
4352,海通证券股份有限公司佛山顺德东乐路证券营业部,2025-05-20,0,1,,12555326.0,-12555326.0,浙文互联,10158345
4353,中信证券股份有限公司台州分公司,2025-05-26,1,1,5534358.66,18102810.15,-12568451.49,智莱科技 胜业电气,10145019
4354,国信证券股份有限公司福州五一中路证券营业部,2025-05-15,0,1,95016.6,12687281.13,-12592264.53,天工股份,10046440
4355,东方财富证券股份有限公司拉萨东环路第一证券营业部,2025-05-27,6,4,113830030.35,126431640.47,-12601610.12,瑞奇智造 浪莎股份 金龙羽 百利电气 骑士乳业 雪龙集团 天元宠物 中科美菱,10428246
4356,财达证券股份有限公司唐山国防道证券营业部,2025-05-08,0,1,,12608288.0,-12608288.0,豪能股份,10108327
4357,海通证券股份有限公司广州东风西路营业部,2025-05-16,0,1,432610.81,13044488.79,-12611877.98,华光源海,10023380
4358,中信建投证券股份有限公司嘉兴洪兴路证券营业部,2025-05-12,0,1,267430.0,12893430.0,-12626000.0,华伍股份,10456938
4359,中国中金财富证券有限公司常州通江南路证券营业部,2025-05-28,0,1,,12629100.0,-12629100.0,悦达投资,10549263
4360,东吴证券股份有限公司苏州永昌泾大道证券营业部,2025-05-09,0,1,1299564.0,13928666.0,-12629102.0,瑞鹄模具,10467654
4361,申万宏源证券有限公司北京金融大街证券营业部,2025-05-27,0,1,,12631014.08,-12631014.08,长城电工,10140949
4362,海通证券股份有限公司贵阳富水北路营业部,2025-05-23,0,1,233484.28,12899062.89,-12665578.61,辰光医疗,10052795
4363,东兴证券股份有限公司莆田梅园东路证券营业部,2025-05-12,0,1,4713708.8,17379996.6,-12666287.8,恒而达,10112753
4364,国泰海通证券股份有限公司上海团结路营业部,2025-05-23,0,1,0.0,12684990.98,-12684990.98,常辅股份,10129384
4365,红塔证券股份有限公司北京丰科路证券营业部,2025-05-13,0,1,0.0,12690196.0,-12690196.0,*ST华西,10658411
4366,华泰证券股份有限公司南京清凉门大街证券营业部,2025-05-22,0,1,0.0,12720708.37,-12720708.37,鸿铭股份,10125435
4367,兴业证券股份有限公司安徽分公司,2025-05-06,0,1,82755.0,12815970.37,-12733215.37,南山智尚,10146952
4368,招商证券股份有限公司深圳福华三路证券营业部,2025-05-14,0,1,0.0,12740352.0,-12740352.0,天利科技,10194673
4369,华鑫证券有限责任公司深圳财富大厦证券营业部,2025-05-27,0,1,,12756269.47,-12756269.47,永冠新材,10000734168
4370,国元证券股份有限公司涡阳紫光大道证券营业部,2025-05-09,0,1,1234165.0,13991787.0,-12757622.0,德力股份,10737550
4371,海通证券股份有限公司长沙五一大道营业部,2025-05-27,0,1,72442.17,12843272.4,-12770830.23,瑞奇智造,10099191
4372,兴业证券股份有限公司台州分公司,2025-05-13,0,1,0.0,12777482.33,-12777482.33,鑫磊股份,10672587
4373,中泰证券股份有限公司阳谷谷山路证券营业部,2025-05-23,0,1,1299570.0,14088555.0,-12788985.0,阳谷华泰,10193220
4374,华泰证券股份有限公司苏州新市路证券营业部,2025-05-28,0,1,0.0,12789566.4,-12789566.4,玉禾田,10026756
4375,中国银河证券股份有限公司厦门嘉禾路证券营业部,2025-05-19,1,2,24144623.71,36974078.16,-12829454.45,成飞集成 郑中设计,10023542
4376,申万宏源证券有限公司无锡分公司,2025-05-21,0,1,14329.0,12846149.08,-12831820.08,灵鸽科技,10112214
4377,东莞证券股份有限公司湖南分公司,2025-05-09,0,2,2150.0,12834511.72,-12832361.72,茂业商业 永安药业,10477735
4378,申万宏源证券有限公司吉林分公司,2025-05-19,0,1,17132.0,12851000.0,-12833868.0,五新智能,10099130
4379,中国银河证券股份有限公司北京望京证券营业部,2025-05-29,0,2,,12848229.98,-12848229.98,ST信通 福华尚纬,10030474
4380,沪股通专用,2025-05-28,3,4,69829123.54,82681115.94,-12851992.4,安通控股 德邦股份 海利尔 江苏新能,10434470
4381,国金证券股份有限公司乌鲁木齐南湖路证券营业部,2025-05-06,0,1,,12853739.0,-12853739.0,天和磁材,10716260
4382,甬兴证券有限公司宁波分公司,2025-05-16,0,1,,12861632.0,-12861632.0,宁波海运,10000170392
4383,华泰证券股份有限公司深圳前海证券营业部,2025-05-12,1,1,31204903.0,44070299.0,-12865396.0,利君股份,10443747
4384,摩根大通证券(中国)有限公司上海银城中路证券营业部,2025-05-29,3,2,109617037.32,122484750.23,-12867712.91,ST金顶 合锻智能 锦泓集团 浙江自然,10000100571
4385,申万宏源证券有限公司上海浦东新区川沙路证券营业部,2025-05-28,0,1,,12888090.0,-12888090.0,悦达投资,10021699
4386,华源证券股份有限公司武汉分公司,2025-05-06,0,1,,12888938.0,-12888938.0,安记食品,10000722572
4387,天风证券股份有限公司上海浦东分公司,2025-05-29,1,0,18276360.0,31166385.0,-12890025.0,广聚能源,10944812
4388,中信证券(山东)有限责任公司淄博分公司,2025-05-16,0,1,,12907541.0,-12907541.0,ST新华锦,10492356
4389,申万宏源证券有限公司盐城东台望海东路证券营业部,2025-05-07,0,1,0.0,12927558.0,-12927558.0,华伍股份,10377930
4390,海通证券股份有限公司上海宝山区牡丹江路证券营业部,2025-05-09,0,1,72675.0,13020051.45,-12947376.45,红墙股份,10028446
4391,国信证券股份有限公司辽宁分公司,2025-05-08,0,1,59487.0,13012692.16,-12953205.16,爱乐达,10078272
4392,华福证券有限责任公司厦门分公司,2025-05-26,0,1,,12957363.13,-12957363.13,汉邦科技,10494414
4393,湘财证券股份有限公司杭州文二西路证券营业部,2025-05-23,0,1,68517.0,13028096.3,-12959579.3,润阳科技,10025148
4394,国金证券股份有限公司上海静安区南京西路证券营业部,2025-05-13,0,1,1039874.0,14030812.5,-12990938.5,北京利尔,10342130
4395,海通证券股份有限公司新余劳动南路证券营业部,2025-05-16,0,1,,12992956.0,-12992956.0,*ST华幸,10113920
4396,兴业证券股份有限公司成都航空路证券营业部,2025-05-27,0,1,,13000316.0,-13000316.0,百利电气,10127437
4397,中国银河证券股份有限公司庆元濛洲街证券营业部,2025-05-07,0,1,,13002960.0,-13002960.0,麒盛科技,10140865
4398,中国银河证券股份有限公司深圳南山海岸城证券营业部,2025-05-06,0,1,,13026000.0,-13026000.0,松发股份,10990232
4399,中银国际证券股份有限公司苏州竹辉路证券营业部,2025-05-26,0,1,25920.0,13055133.0,-13029213.0,新金路,10456851
4400,财通证券股份有限公司温岭中华路证券营业部,2025-05-12,0,1,,13052161.0,-13052161.0,华电辽能,10022026
4401,中信证券股份有限公司深圳滨海大道证券营业部,2025-05-15,0,1,,13063732.0,-13063732.0,ST新华锦,10434522
4402,华泰证券股份有限公司深圳前海证券营业部,2025-05-08,0,1,,13069099.0,-13069099.0,明新旭腾,10443747
4403,华泰证券股份有限公司上海分公司,2025-05-20,1,2,27665713.0,40744558.0,-13078845.0,潮宏基 曼卡龙,10290530
4404,海通证券股份有限公司上海金山区卫清西路证券营业部,2025-05-09,0,1,,13080422.0,-13080422.0,淮河能源,10083480
4405,方正证券股份有限公司台州解放路证券营业部,2025-05-13,0,1,,13084695.0,-13084695.0,百达精工,10028815
4406,华鑫证券有限责任公司绍兴胜利东路证券营业部,2025-05-12,0,1,,13113805.0,-13113805.0,华电辽能,10000170384
4407,海通证券股份有限公司新余劳动南路证券营业部,2025-05-19,0,1,,13120553.0,-13120553.0,*ST华幸,10113920
4408,中国银河证券股份有限公司上海长宁区镇宁路证券营业部,2025-05-16,0,1,188480.6,13358553.74,-13170073.14,七丰精工,10030486
4409,华泰证券股份有限公司广州珠江西路证券营业部,2025-05-22,0,1,,13177089.0,-13177089.0,宝光股份,10194296
4410,甬兴证券有限公司深圳分公司,2025-05-23,0,1,,13181537.0,-13181537.0,空港股份,10000383419
4411,麦高证券有限责任公司北京分公司,2025-05-15,0,2,,13188062.0,-13188062.0,大有能源 天和磁材,10488161
4412,渤海证券股份有限公司天津东一环路证券营业部,2025-05-06,0,1,,13199294.0,-13199294.0,华纺股份,10338797
4413,光大证券股份有限公司淮安承德路证券营业部,2025-05-09,0,1,0.0,13216356.0,-13216356.0,成飞集成,10511816
4414,财通证券股份有限公司杭州天目山路证券营业部,2025-05-20,0,1,,13217914.54,-13217914.54,荣昌生物,10122680
4415,国投证券股份有限公司上海碧云路证券营业部,2025-05-22,0,1,0.0,13229894.0,-13229894.0,信邦智能,10573442
4416,国信证券股份有限公司深圳互联网分公司,2025-05-19,0,2,3420006.79,16659303.97,-13239297.18,芭薇股份 华光源海,10136477
4417,华泰证券股份有限公司成都天府广场证券营业部,2025-05-26,0,1,192218.0,13445695.0,-13253477.0,陕天然气,10081032
4418,中信证券(山东)有限责任公司淄博分公司,2025-05-23,0,1,,13255387.2,-13255387.2,莱绅通灵,10492356
4419,东方财富证券股份有限公司拉萨东环路第一证券营业部,2025-05-14,6,7,130763279.2,144031443.93,-13268164.73,华纺股份 吉林碳谷 利君股份 志晟信息 *ST岭南 连云港 普利退 酷特智能 麒盛科技 春光科技 华光源海 国航远洋,10428246
4420,中信证券股份有限公司上海凯滨路证券营业部,2025-05-30,0,1,,13269008.0,-13269008.0,久事动娱,10492220
4421,申万宏源证券有限公司上海静安区洛川东路证券营业部,2025-05-14,0,1,30606.0,13317321.38,-13286715.38,红墙股份,10025183
4422,国泰海通证券股份有限公司上海松江区中山东路证券营业部,2025-05-30,1,1,55163797.0,68499517.0,-13335720.0,德邦股份 四方精创,10134445
4423,国泰海通证券股份有限公司东莞总部一路证券营业部,2025-05-28,0,1,,13342417.0,-13342417.0,汇得科技,10000673606
4424,华鑫证券有限责任公司湖州大线场路证券营业部,2025-05-22,0,1,0.0,13353661.0,-13353661.0,海辰药业,10993984
4425,长江证券股份有限公司上海都市路证券营业部,2025-05-30,0,1,,13383365.0,-13383365.0,退市创兴,10637982
4426,华泰证券股份有限公司常州花园街证券营业部,2025-05-21,0,1,186713.0,13590691.0,-13403978.0,丰茂股份,10380901
4427,平安证券股份有限公司深圳深南东路罗湖商务中心证券营业部,2025-05-20,0,1,4855616.0,18260183.0,-13404567.0,梦网科技,10143566
4428,光大证券股份有限公司东莞南城鸿福路营业部,2025-05-08,0,1,33276.5,13446197.67,-13412921.17,通易航天,10046595
4429,中信证券股份有限公司深圳分公司,2025-05-27,0,1,,13418253.0,-13418253.0,会稽山,10492423
4430,兴业证券股份有限公司台州分公司,2025-05-12,0,1,0.0,13426868.0,-13426868.0,鑫磊股份,10672587
4431,中信证券股份有限公司杭州凤起路证券营业部,2025-05-15,1,1,9563675.86,22992766.36,-13429090.5,中集环科,10046604
4432,爱建证券有限责任公司上海江宁路证券营业部,2025-05-16,0,1,,13433728.0,-13433728.0,宁波海运,10508940
4433,方正证券股份有限公司怀化正清路证券营业部,2025-05-14,0,1,,13448754.0,-13448754.0,宁波远洋,10119413
4434,联储证券股份有限公司上海中山西路证券营业部,2025-05-27,1,1,29890939.0,43384016.18,-13493077.18,金龙羽 天元宠物,10048125
4435,南京证券股份有限公司上海南车站路证券营业部,2025-05-30,0,1,0.0,13528650.0,-13528650.0,创新医疗,10030357
4436,民生证券股份有限公司河南分公司,2025-05-13,0,1,378095.0,13907681.0,-13529586.0,鑫磊股份,10399420
4437,中国中金财富证券有限公司重庆江北嘴证券营业部,2025-05-13,0,1,0.0,13545834.0,-13545834.0,*ST华西,10028584
4438,广发证券股份有限公司厦门环岛东路证券营业部,2025-05-19,0,1,,13556270.0,-13556270.0,华阳新材,10000076951
4439,国投证券股份有限公司上海虹口区杨树浦路证券营业部,2025-05-21,0,1,,13559494.0,-13559494.0,常青股份,10956072
4440,中国银河证券股份有限公司成都益州大道证券营业部,2025-05-07,0,1,23204.0,13600641.0,-13577437.0,永安药业,10030491
4441,华林证券股份有限公司东莞鸿福路证券营业部,2025-05-14,0,1,0.0,13594470.0,-13594470.0,锦龙股份,10467693
4442,国泰海通证券股份有限公司深圳龙华壹成中心证券营业部,2025-05-22,0,1,,13604666.41,-13604666.41,空港股份,10140601
4443,中国银河证券股份有限公司北京翠林路证券营业部,2025-05-26,1,1,11987167.16,25615250.55,-13628083.39,宏工科技,10984266
4444,光大证券股份有限公司西宁黄河路证券营业部,2025-05-30,0,1,0.0,13668000.0,-13668000.0,霍普股份,10108687
4445,中国国际金融股份有限公司北京建国门外大街证券营业部,2025-05-20,0,1,,13694759.04,-13694759.04,荣昌生物,10050414
4446,华西证券股份有限公司合肥长江西路证券营业部,2025-05-16,0,1,,13709864.0,-13709864.0,迎丰股份,10919183
4447,兴业证券股份有限公司上海金陵东路证券营业部,2025-05-16,0,1,1796.0,13711984.0,-13710188.0,威星智能,10027014
4448,中信建投证券股份有限公司荆州北京西路证券营业部,2025-05-14,0,1,31880.0,13748792.05,-13716912.05,红墙股份,10193306
4449,东海证券股份有限公司福州长乐北路证券营业部,2025-05-20,0,1,12643449.0,26390582.0,-13747133.0,万安科技,10913655
4450,中国银河证券股份有限公司金华证券营业部,2025-05-14,0,1,239036.0,13996478.43,-13757442.43,恒鑫生活,10023547
4451,摩根大通证券(中国)有限公司上海银城中路证券营业部,2025-05-22,1,2,10890410.0,24666780.46,-13776370.46,百利电气 宜宾纸业 退市太和,10000100571
4452,中国国际金融股份有限公司上海分公司,2025-05-09,4,5,40446528.28,54274578.8,-13828050.52,华阳新材 武汉凡谷 全筑股份 永安药业 中国瑞林 *ST冀凯 星德胜,10088113
4453,平安证券股份有限公司温州市府路证券营业部,2025-05-30,0,1,,13835557.0,-13835557.0,汇金通,10000039714
4454,甬兴证券有限公司北京分公司,2025-05-27,0,1,1104546.0,14943085.04,-13838539.04,红墙股份,10000213384
4455,中泰证券股份有限公司东营广饶正安路证券营业部,2025-05-29,0,1,,13871910.21,-13871910.21,莱绅通灵,10174514
4456,华鑫证券有限责任公司上海云锦路证券营业部,2025-05-14,0,1,0.0,13882232.24,-13882232.24,长华化学,10048457
4457,国金证券股份有限公司宁波江澄南路证券营业部,2025-05-14,0,1,7100634.0,21000005.0,-13899371.0,利君股份,10000125619
4458,华泰证券股份有限公司北京月坛南街证券营业部,2025-05-22,0,1,220493.0,14147507.0,-13927014.0,双成药业,10072922
4459,中国国际金融股份有限公司北京建国门外大街证券营业部,2025-05-16,0,1,,13974813.0,-13974813.0,天和磁材,10050414
4460,华鑫证券有限责任公司深圳益田路证券营业部,2025-05-26,0,2,,13993918.0,-13993918.0,汇得科技 天元智能,10495078
4461,国泰海通证券股份有限公司上海闵行区号文路证券营业部,2025-05-21,0,1,9988262.0,23991650.0,-14003388.0,信邦智能,10000584249
4462,华西证券股份有限公司杭州学院路证券营业部,2025-05-09,0,1,0.0,14005666.0,-14005666.0,侨银股份,10028640
4463,华宝证券股份有限公司上海东大名路证券营业部,2025-05-21,0,1,277160.0,14300860.0,-14023700.0,*ST威领,10456831
4464,山西证券股份有限公司浙江分公司,2025-05-23,0,1,0.0,14040698.0,-14040698.0,滨海能源,10737984
4465,东莞证券股份有限公司四川分公司,2025-05-06,0,2,2668921.47,16709857.58,-14040936.11,永安药业 倍益康,10477736
4466,高盛(中国)证券有限责任公司上海浦东新区世纪大道证券营业部,2025-05-22,5,5,46968920.3,61023124.0,-14054203.7,廊坊发展 科新发展 乐山电力 东贝集团 汇得科技 *ST集友 莱绅通灵 正和生态,10000399618
4467,中信证券股份有限公司上海宝山区同济路证券营业部,2025-05-16,0,1,,14056525.0,-14056525.0,安乃达,10436248
4468,华林证券股份有限公司鹤山东升路证券营业部,2025-05-30,0,1,124126.0,14182889.4,-14058763.4,新天地,10066510
4469,招商证券股份有限公司上海娄山关路证券营业部,2025-05-15,0,1,19678.0,14091666.0,-14071988.0,皖通科技,10122836
4470,招商证券股份有限公司上海浦东新区浦东南路证券营业部,2025-05-20,0,1,627528.0,14706341.0,-14078813.0,丰茂股份,10028648
4471,上海证券有限责任公司深圳深湾二路证券营业部,2025-05-26,0,1,0.0,14081099.0,-14081099.0,信邦智能,10668411
4472,国金证券股份有限公司北京崇文门外大街证券营业部,2025-05-26,0,1,8556.0,14099568.02,-14091012.02,新天地,10510717
4473,粤开证券股份有限公司深圳深南大道证券营业部,2025-05-22,0,1,,14098441.48,-14098441.48,空港股份,10747420
4474,中国中金财富证券有限公司北京建国门外大街证券营业部,2025-05-29,0,1,,14102289.11,-14102289.11,益方生物,10000256098
4475,瑞银证券有限责任公司上海浦东新区花园石桥路第二证券营业部,2025-05-27,6,8,92690628.0,106794887.9,-14104259.9,退市创兴 百利电气 *ST湘邮 ST交昂 宿迁联盛 肯特催化 通达电气 雪龙集团 美邦股份 均瑶健康,10342152
4476,东方证券股份有限公司汕头长平路证券营业部,2025-05-22,0,1,,14114450.05,-14114450.05,空港股份,10173185
4477,国泰海通证券股份有限公司成都顺城大街证券营业部,2025-05-21,0,1,24477.0,14157865.06,-14133388.06,郑中设计,10025180
4478,万联证券股份有限公司东莞常平振兴三街证券营业部,2025-05-30,0,1,0.0,14149716.5,-14149716.5,霍普股份,10449191
4479,华鑫证券有限责任公司湖州大线场路证券营业部,2025-05-30,0,1,992.0,14152030.0,-14151038.0,睿智医药,10993984
4480,中信证券华南股份有限公司广州增城云曦街证券营业部,2025-05-15,0,1,40990.0,14193749.57,-14152759.57,宏工科技,10045123
4481,甬兴证券有限公司杭州金城路证券营业部,2025-05-15,0,1,,14175685.88,-14175685.88,苏州龙杰,10000170390
4482,华福证券有限责任公司杭州江南大道证券营业部,2025-05-21,0,1,,14181466.4,-14181466.4,拱东医疗,10787866
4483,财通证券股份有限公司台州分公司,2025-05-09,0,1,0.0,14216810.0,-14216810.0,远信工业,10484950
4484,海通证券股份有限公司长沙五一大道证券营业部,2025-05-23,1,1,93391223.92,107610510.2,-14219286.28,王子新材,10099191
4485,摩根大通证券(中国)有限公司上海银城中路证券营业部,2025-05-21,2,3,74743918.6,88966427.4,-14222508.8,拉芳家化 大千生态 中邮科技,10000100571
4486,光大证券股份有限公司昆明人民中路证券营业部,2025-05-19,0,1,88640.0,14313096.0,-14224456.0,集泰股份,10048514
4487,海通证券股份有限公司深圳分公司华富路证券营业部,2025-05-19,0,1,,14232039.9,-14232039.9,安乃达,10030213
4488,中信建投证券股份有限公司厦门观日路证券营业部,2025-05-28,0,1,,14243807.91,-14243807.91,海利尔,10429365
4489,东亚前海证券有限责任公司深圳分公司,2025-05-09,1,1,8856426.0,23112395.0,-14255969.0,航天长峰 侨银股份,10924068
4490,中信证券股份有限公司杭州富春路证券营业部,2025-05-22,0,1,79040.0,14339211.0,-14260171.0,速达股份,10092685
4491,华泰证券股份有限公司张家港金港镇长江中路证券营业部,2025-05-28,0,1,,14276457.0,-14276457.0,利柏特,10131345
4492,中航证券有限公司泉州九灌路证券营业部,2025-05-28,0,1,6060.0,14282727.94,-14276667.94,利君股份,10124464
4493,中国中金财富证券有限公司厦门分公司,2025-05-15,0,1,,14297756.0,-14297756.0,苏州龙杰,10142917
4494,甬兴证券有限公司天津解放北路证券营业部,2025-05-14,0,1,,14337024.0,-14337024.0,苏州龙杰,10000565545
4495,西部证券股份有限公司西安大庆路证券营业部,2025-05-22,0,1,0.0,14356303.0,-14356303.0,速达股份,10023431
4496,国投证券股份有限公司佛山顺德政通路证券营业部,2025-05-15,0,1,,14368779.09,-14368779.09,锦江航运,10106376
4497,华泰证券股份有限公司镇江黄山南路证券营业部,2025-05-20,0,1,,14379826.0,-14379826.0,*ST九鼎,10408855
4498,招商证券股份有限公司贵阳金朱东路证券营业部,2025-05-20,0,1,,14431070.6,-14431070.6,华纺股份,10436875
4499,海通证券股份有限公司贵阳富水北路营业部,2025-05-26,0,1,0.0,14469865.31,-14469865.31,辰光医疗,10052795
4500,东吴证券股份有限公司昆山环城北路证券营业部,2025-05-13,0,1,2300.0,14484548.0,-14482248.0,酷特智能,10107356
4501,东莞证券股份有限公司四川分公司,2025-05-09,1,1,7420436.54,21904490.23,-14484053.69,麒盛科技 慧为智能,10477736
4502,申万宏源证券有限公司上海中兴路证券营业部,2025-05-20,0,1,0.0,14490627.34,-14490627.34,五新智能,10028420
4503,平安证券股份有限公司深圳深南东路罗湖商务中心证券营业部,2025-05-14,1,2,6723143.59,21214712.77,-14491569.18,方大新材 天利科技 华纺股份,10143566
4504,东方证券股份有限公司贵阳长岭北路证券营业部,2025-05-09,0,1,1293.0,14497366.0,-14496073.0,豪尔赛,10511608
4505,华泰证券股份有限公司广州天河城证券营业部,2025-05-28,0,1,13446.0,14513441.9,-14499995.9,广康生化,10074991
4506,华西证券股份有限公司武汉青年路证券营业部,2025-05-22,0,1,0.0,14523727.0,-14523727.0,保龄宝,10000037332
4507,国泰海通证券股份有限公司上海江苏路营业部,2025-05-16,1,3,70435672.11,84963661.95,-14527989.84,芭薇股份,10025080
4508,国泰海通证券股份有限公司上海长宁区江苏路证券营业部,2025-05-16,1,3,70435672.11,84963661.95,-14527989.84,永安药业 中洲特材,10025080
4509,国金证券股份有限公司深圳湾一号证券营业部,2025-05-21,2,3,11056374.24,25632218.49,-14575844.25,武汉蓝电 退市苏吴 *ST南置 通达股份,10396105
4510,中信建投证券股份有限公司江阴澄江西路证券营业部,2025-05-07,0,1,,14593369.0,-14593369.0,ST长园,10698621
4511,国泰海通证券股份有限公司总部,2025-05-28,16,17,409155396.64,423770801.43,-14615404.79,波导股份 返利科技 晋西车轴 ST海钦 宜宾纸业 国芳集团 鼎龙科技 合锻智能 乐惠国际 亚振家居 南都物业 锦泓集团 艾艾精工 永冠新材 莱绅通灵 美邦股份 正和生态 利柏特 中科微至 中邮科技,10004865
4512,中信证券股份有限公司北京安外大街证券营业部,2025-05-06,0,1,25587.28,14645011.06,-14619423.78,倍益康,10045007
4513,申万宏源证券有限公司上海黄浦区中山南一路证券营业部,2025-05-19,0,1,15790.0,14657930.14,-14642140.14,五新智能,10028415
4514,海通证券股份有限公司上海奉贤区金海公路证券营业部,2025-05-06,0,1,0.0,14649391.0,-14649391.0,信质集团,10145224
4515,东方证券股份有限公司上海静安区万荣路证券营业部,2025-05-27,0,1,0.0,14651288.0,-14651288.0,中旗股份,10133265
4516,东海证券股份有限公司福建厦门分公司,2025-05-19,0,1,6225.0,14710029.0,-14703804.0,集泰股份,10458658
4517,华泰证券股份有限公司南京分公司,2025-05-06,0,2,73381.0,14795121.0,-14721740.0,奥赛康 华阳新材,10455383
4518,广发证券股份有限公司厦门环岛东路证券营业部,2025-05-20,0,1,0.0,14745344.0,-14745344.0,ST海龙,10000076951
4519,国金证券股份有限公司台州云西路证券营业部,2025-05-16,0,1,0.0,14757984.0,-14757984.0,集泰股份,10000627510
4520,华福证券有限责任公司杭州江南大道证券营业部,2025-05-14,0,1,,14760155.8,-14760155.8,华纺股份,10787866
4521,汇丰前海证券有限责任公司深圳前海证券营业部,2025-05-08,0,1,500400.0,15304452.0,-14804052.0,爱朋医疗,10950393
4522,光大证券股份有限公司昆明人民中路证券营业部,2025-05-23,0,1,,14804277.0,-14804277.0,廊坊发展,10048514
4523,国泰海通证券股份有限公司深圳香蜜湖路营业部,2025-05-21,0,3,2665680.83,17480049.74,-14814368.91,东方碳素 宁新新材,10025386
4524,国泰海通证券股份有限公司深圳香蜜湖路证券营业部,2025-05-21,0,3,2665680.83,17480049.74,-14814368.91,退市华嵘,10025386
4525,东莞证券股份有限公司东莞长安分公司,2025-05-15,0,1,,14819997.16,-14819997.16,苏州龙杰,10449176
4526,浙商证券股份有限公司杭州城星路证券营业部,2025-05-06,1,1,8123178.35,22948435.5,-14825257.15,慧为智能,10949092
4527,浙商证券股份有限公司杭州五星路证券营业部,2025-05-06,1,1,8123178.35,22948435.5,-14825257.15,步步高,10949092
4528,财通证券股份有限公司杭州东湖南路证券营业部,2025-05-13,0,1,,14829974.96,-14829974.96,麒盛科技,10082587
4529,国投证券股份有限公司潮州城新西路证券营业部,2025-05-08,0,1,,14830457.6,-14830457.6,豪能股份,10104691
4530,南京证券股份有限公司浙江分公司,2025-05-06,0,1,0.0,14864314.0,-14864314.0,天源迪科,10941152
4531,东莞证券股份有限公司南京分公司,2025-05-08,0,1,,14877130.0,-14877130.0,全筑股份,10485003
4532,广发证券股份有限公司武汉沿江大道证券营业部,2025-05-06,0,1,90814.0,14993437.0,-14902623.0,渝三峡A,10031930
4533,国信证券股份有限公司深圳红岭中路证券营业部,2025-05-22,0,1,1765818.22,16690138.33,-14924320.11,晟楠科技,10045166
4534,银泰证券有限责任公司重庆江南大道证券营业部,2025-05-23,0,1,,14925000.0,-14925000.0,塞力医疗,10635343
4535,东方财富证券股份有限公司林芝广州大道证券营业部,2025-05-23,0,1,373891.0,15303512.0,-14929621.0,滨海能源,10159809
4536,国泰海通证券股份有限公司成都顺城大街证券营业部,2025-05-09,0,1,49718.0,15025731.0,-14976013.0,成飞集成,10025180
4537,中泰证券股份有限公司青岛青石路证券营业部,2025-05-06,1,1,69993572.0,84989013.7,-14995441.7,深圳华强 常山北明,10000504271
4538,中山证券有限责任公司东莞钱屋街证券营业部,2025-05-29,0,1,,15001686.8,-15001686.8,苏州龙杰,10663816
4539,平安证券股份有限公司深圳金田路证券营业部,2025-05-23,0,1,,15019897.0,-15019897.0,天元智能,10388201
4540,东方财富证券股份有限公司泉州田安路证券营业部,2025-05-30,0,1,,15028406.0,-15028406.0,京华激光,10374709
4541,国泰海通证券股份有限公司贵阳中华中路证券营业部,2025-05-16,0,1,,15061940.0,-15061940.0,*ST集友,10093401
4542,华金证券股份有限公司上海陆家嘴环路证券营业部,2025-05-27,0,1,0.0,15087616.4,-15087616.4,天元宠物,10537743
4543,东方财富证券股份有限公司拉萨东环路第二证券营业部,2025-05-06,16,19,240743190.27,255873971.85,-15130781.58,深圳华强 华阳新材 卓兆点胶 新能股份 九菱科技 青岛金王 华银电力 广道退 茂业商业 贤丰控股 东贝集团 春光智能 岩山科技 天和磁材 美心翼申 鸿博股份 步步高 南方路机 永安药业 安记食品 正和生态 南方精工 红墙股份 中欣氟材 天元股份 天源迪科 *ST新元 中洲特材 宏景科技 浙江华远,10472087
4544,中国银河证券股份有限公司青田龙津路证券营业部,2025-05-09,0,1,14883.0,15178945.0,-15164062.0,山东墨龙,10133779
4545,东亚前海证券有限责任公司北京分公司,2025-05-08,0,1,,15179842.2,-15179842.2,全筑股份,10924073
4546,国盛证券有限责任公司宁波桑田路证券营业部,2025-05-22,1,1,17175743.0,32359624.22,-15183881.22,永安药业 重庆港,10456710
4547,招商证券股份有限公司上海娄山关路证券营业部,2025-05-08,1,1,621980.8,15814904.0,-15192923.2,润贝航科 退市锦B,10122836
4548,国投证券股份有限公司茂名西粤南路证券营业部,2025-05-26,0,2,34524.0,15239393.16,-15204869.16,瑞奇智造 陕天然气,10106377
4549,海通证券股份有限公司上海宝山区牡丹江路证券营业部,2025-05-29,0,2,72944.0,15279656.07,-15206712.07,ST棕榈 郑中设计,10028446
4550,中信建投证券股份有限公司北京京南分公司,2025-05-07,0,1,40542.0,15320120.0,-15279578.0,晨曦航空,10126190
4551,华鑫证券有限责任公司上海金山证券营业部,2025-05-30,0,1,37556.0,15323374.82,-15285818.82,睿智医药,10048296
4552,招商证券股份有限公司北京安立路证券营业部,2025-05-23,0,1,0.0,15302268.16,-15302268.16,神雾节能,10096716
4553,中银国际证券股份有限公司北京东三环北路证券营业部,2025-05-30,0,1,0.0,15318714.0,-15318714.0,海联金汇,10677333
4554,财信证券股份有限公司杭州长生路证券营业部,2025-05-09,0,1,,15339296.0,-15339296.0,麒盛科技,10656871
4555,国金证券股份有限公司成都东城根街证券营业部,2025-05-07,0,2,0.0,15352595.51,-15352595.51,*ST步森 纬德信息,10290537
4556,招商证券股份有限公司佛山顺德东乐路证券营业部,2025-05-29,0,1,223600.0,15602414.37,-15378814.37,胜业电气,10463830
4557,光大证券股份有限公司深圳海天路证券营业部,2025-05-20,0,1,,15385205.76,-15385205.76,利扬芯片,10338901
4558,华泰证券股份有限公司镇江黄山南路证券营业部,2025-05-29,0,1,,15395285.04,-15395285.04,通达电气,10408855
4559,中信证券股份有限公司浙江分公司,2025-05-29,3,3,139208271.8,154606588.62,-15398316.82,福华尚纬 融发核电 合兴股份 郑中设计,10520724
4560,广发证券股份有限公司郑州农业路证券营业部,2025-05-27,0,1,11136431.0,26584461.0,-15448030.0,中超控股,10031937
4561,华泰证券股份有限公司深圳益田路荣超商务中心证券营业部,2025-05-09,0,1,11830.0,15469012.0,-15457182.0,瑞鹄模具,10142874
4562,国投证券股份有限公司上海普陀区江宁路证券营业部,2025-05-15,0,1,24267.0,15542011.8,-15517744.8,天工股份,10116382
4563,华泰证券股份有限公司江西分公司,2025-05-20,0,1,179085.0,15705800.0,-15526715.0,天元宠物,10427427
4564,财通证券股份有限公司温岭中华路证券营业部,2025-05-26,0,1,,15553599.0,-15553599.0,苏州龙杰,10022026
4565,华安证券股份有限公司浙江分公司,2025-05-07,0,1,5934.0,15569486.0,-15563552.0,爱乐达,10573462
4566,渤海证券股份有限公司天津东一环路证券营业部,2025-05-07,0,1,,15574745.0,-15574745.0,华纺股份,10338797
4567,国泰海通证券股份有限公司成都龙腾东路证券营业部,2025-05-29,0,1,,15576797.81,-15576797.81,锦泓集团,10564259
4568,摩根大通证券(中国)有限公司上海银城中路证券营业部,2025-05-13,0,1,,15612774.0,-15612774.0,汇通能源,10000100571
4569,平安证券股份有限公司深圳深南东路罗湖商务中心证券营业部,2025-05-06,0,1,1688584.55,17319793.0,-15631208.45,天源迪科,10143566
4570,华鑫证券有限责任公司上海云锦路证券营业部,2025-05-20,0,1,,15632733.0,-15632733.0,丽人丽妆,10048457
4571,平安证券股份有限公司广州华夏路证券营业部,2025-05-29,0,1,83365.0,15733839.0,-15650474.0,粤电力A,10030171
4572,东方财富证券股份有限公司昌都两江大道证券营业部,2025-05-19,0,2,15487056.0,31139924.88,-15652868.88,苏州龙杰 渝三峡A,10342919
4573,国元证券股份有限公司芜湖文化路证券营业部,2025-05-30,0,1,,15687596.0,-15687596.0,*ST湘邮,10026837
4574,长江证券股份有限公司宜昌沿江大道证券营业部,2025-05-16,0,1,11970.0,15723787.0,-15711817.0,茂化实华,10025417
4575,联储证券股份有限公司上海松林路证券营业部,2025-05-12,0,1,,15713053.0,-15713053.0,麒盛科技,10516788
4576,国泰海通证券股份有限公司深圳深南大道京基一百证券营业部,2025-05-06,0,1,,15719313.0,-15719313.0,茂业商业,10717069
4577,东北证券股份有限公司内蒙古分公司,2025-05-16,0,1,,15730940.0,-15730940.0,华纺股份,10509062
4578,华泰证券股份有限公司总部,2025-05-21,0,1,,15731876.0,-15731876.0,铁流股份,10028451
4579,国泰海通证券股份有限公司深圳深南大道京基一百证券营业部,2025-05-23,0,1,5108.0,15750838.0,-15745730.0,南京港,10717069
4580,国泰海通证券股份有限公司总部,2025-05-09,7,8,72147955.14,87926775.42,-15778820.28,ST椰岛 华阳新材 华电辽能 ST海钦 顺景科技 *ST网达 中国瑞林 星德胜 安乃达 春光科技,10004865
4581,中泰证券股份有限公司常州惠国路证券营业部,2025-05-30,0,1,,15779163.1,-15779163.1,汇得科技,10741097
4582,东方财富证券股份有限公司林芝广州大道证券营业部,2025-05-28,0,1,1278421.0,17113457.0,-15835036.0,滨海能源,10159809
4583,光大证券股份有限公司瑞安万松东路证券营业部,2025-05-21,0,1,0.0,15858920.4,-15858920.4,源飞宠物,10397540
4584,海通证券股份有限公司诸暨环城东路证券营业部,2025-05-27,0,1,,15871948.0,-15871948.0,会稽山,10429234
4585,华泰证券股份有限公司海门长江路证券营业部,2025-05-13,0,1,,15884824.0,-15884824.0,宁波远洋,10140916
4586,中信证券股份有限公司武汉光谷证券营业部,2025-05-28,0,1,0.0,15890131.0,-15890131.0,玉禾田,10332006
4587,申万宏源证券有限公司上海黄浦区中山南一路证券营业部,2025-05-26,0,1,36510.0,15942429.0,-15905919.0,海南海药,10028415
4588,华泰证券股份有限公司海门长江路证券营业部,2025-05-14,0,1,,15920209.0,-15920209.0,宁波远洋,10140916
4589,国信证券股份有限公司深圳南海大道证券营业部,2025-05-12,0,1,16920.0,15941630.0,-15924710.0,亚太实业,10000257377
4590,华宝证券股份有限公司上海东大名路证券营业部,2025-05-07,2,3,101610949.2,117541478.19,-15930528.99,建设工业 川润股份 永安药业 天源迪科 爱乐达,10456831
4591,海通证券股份有限公司丹阳金陵西路证券营业部,2025-05-06,0,1,1053703.0,17015461.0,-15961758.0,中洲特材,10108373
4592,国盛证券有限责任公司长沙茶子山东路证券营业部,2025-05-07,0,2,0.0,15982377.44,-15982377.44,华纺股份 众捷汽车,10583074
4593,红塔证券股份有限公司温州百里西路证券营业部,2025-05-26,0,1,0.0,15984989.0,-15984989.0,信邦智能,10021882
4594,国信证券股份有限公司上海北京东路证券营业部,2025-05-15,0,1,,15993735.0,-15993735.0,国芳集团,10045169
4595,国泰海通证券股份有限公司深圳人民南路证券营业部,2025-05-30,0,1,,16006442.0,-16006442.0,领先股份,10025084
4596,兴业证券股份有限公司上海分公司,2025-05-20,0,1,,16008451.6,-16008451.6,益方生物,10176899
4597,招商证券股份有限公司西安北大街证券营业部,2025-05-22,0,1,,16016172.0,-16016172.0,*ST集友,10112578
4598,华西证券股份有限公司武汉青年路证券营业部,2025-05-09,0,1,5405.0,16031951.86,-16026546.86,润贝航科,10000037332
4599,华源证券股份有限公司江苏分公司,2025-05-28,0,1,0.0,16050847.6,-16050847.6,瑞奇智造,10484864
4600,华安证券股份有限公司合肥金石广场证券营业部,2025-05-21,0,1,,16051143.95,-16051143.95,常青股份,10048366
4601,光大证券股份有限公司北京月坛北街证券营业部,2025-05-16,0,1,15294.0,16069723.6,-16054429.6,威星智能,10021726
4602,西南证券股份有限公司深圳中心五路证券营业部,2025-05-07,0,1,11988.0,16081600.0,-16069612.0,苏奥传感,10026787
4603,华鑫证券有限责任公司杭州分公司,2025-05-23,0,1,873073.0,16942913.0,-16069840.0,南京港,10000055313
4604,南京证券股份有限公司绍兴新昌人民西路证券营业部,2025-05-16,0,1,1349722.0,17429174.0,-16079452.0,日发精机,10355215
4605,华福证券有限责任公司杭州五星路证券营业部,2025-05-20,0,1,0.0,16156819.9,-16156819.9,永安药业,10709086
4606,中泰证券股份有限公司北京学院南路证券营业部,2025-05-07,0,1,0.0,16181490.0,-16181490.0,华伍股份,10442688
4607,海通证券股份有限公司国际部Y,2025-05-14,0,1,,16181720.0,-16181720.0,春光科技,10022092
4608,东方证券股份有限公司无锡新生路证券营业部,2025-05-21,0,1,21595.0,16203603.0,-16182008.0,路畅科技,10517841
4609,长江证券股份有限公司南京中山东路证券营业部,2025-05-23,0,1,623515.0,16813990.0,-16190475.0,国风新材,10079905
4610,英大证券有限责任公司上海陆家嘴证券营业部,2025-05-20,0,1,0.0,16214250.0,-16214250.0,金利华电,10475721
4611,国泰海通证券股份有限公司顺德大良证券营业部,2025-05-28,0,1,248586.0,16521678.0,-16273092.0,利君股份,10064718
4612,中国银河证券股份有限公司大连人民路证券营业部,2025-05-12,0,1,22904.0,16298155.03,-16275251.03,鑫磊股份,10023511
4613,华泰证券股份有限公司南京清凉门大街证券营业部,2025-05-28,0,1,78822.0,16357681.78,-16278859.78,广康生化,10125435
4614,中信建投证券股份有限公司北京富丰路证券营业部,2025-05-15,0,1,32594.0,16370308.0,-16337714.0,成飞集成,10198154
4615,国元证券股份有限公司芜湖文化路证券营业部,2025-05-22,0,1,,16343848.0,-16343848.0,莱绅通灵,10026837
4616,华福证券有限责任公司上海浦明路证券营业部,2025-05-22,0,1,,16360429.0,-16360429.0,莱绅通灵,10709092
4617,联储证券股份有限公司杭州西湖桃源岭证券营业部,2025-05-30,1,1,24121164.0,40505037.0,-16383873.0,ST云动 御银股份,10000866015
4618,中国银河证券股份有限公司西安友谊东路证券营业部,2025-05-07,0,1,,16394121.6,-16394121.6,湖南天雁,10031775
4619,广发证券股份有限公司武汉京汉大道证券营业部,2025-05-27,0,1,,16398762.0,-16398762.0,百利电气,10026970
4620,中信建投证券股份有限公司沈阳北站路证券营业部,2025-05-08,0,1,,16493143.0,-16493143.0,华电辽能,10156554
4621,招商证券股份有限公司深圳南山南油大道证券营业部,2025-05-19,0,1,,16523926.0,-16523926.0,*ST集友,10046530
4622,兴业证券股份有限公司福州鳌峰路证券营业部,2025-05-20,0,1,0.0,16546825.0,-16546825.0,一品红,10637688
4623,华鑫证券有限责任公司深圳财富大厦证券营业部,2025-05-09,2,1,32453120.0,49011230.0,-16558110.0,华纺股份 百达精工,10000734168
4624,东方证券股份有限公司张家港东环路证券营业部,2025-05-12,0,1,,16592598.8,-16592598.8,华纺股份,10702252
4625,中国银河证券股份有限公司北京珠市口大街证券营业部,2025-05-21,0,2,2109791.18,18744244.44,-16634453.26,神雾节能 宁新新材,10023592
4626,华泰证券股份有限公司北京苏州街证券营业部,2025-05-12,0,1,,16635363.8,-16635363.8,春光科技,10098021
4627,东莞证券股份有限公司河北分公司,2025-05-28,0,1,,16678860.0,-16678860.0,海利尔,10173188
4628,华泰证券股份有限公司上海奉贤区望园南路证券营业部,2025-05-13,0,1,0.0,16731600.0,-16731600.0,东方日升,10089878
4629,中信证券(山东)有限责任公司龙口南山路证券营业部,2025-05-15,0,1,,16763400.0,-16763400.0,海程邦达,10484583
4630,中泰证券股份有限公司淄博人民西路证券营业部,2025-05-20,0,1,,16803118.06,-16803118.06,京运通,10021702
4631,中信证券华南股份有限公司广州广州大道中证券营业部,2025-05-20,0,1,9193.0,16820218.0,-16811025.0,一品红,10588615
4632,信达证券股份有限公司温州瓯江路证券营业部,2025-05-06,0,1,0.0,16832336.0,-16832336.0,光大同创,10638007
4633,国盛证券有限责任公司深圳梅园路证券营业部,2025-05-30,0,1,,16834485.79,-16834485.79,汇得科技,10456723
4634,国盛证券有限责任公司深圳梅园路证券营业部,2025-05-28,0,1,,16834485.79,-16834485.79,汇得科技,10456723
4635,国泰海通证券股份有限公司上海虹口区大连路证券营业部,2025-05-21,0,1,43932.0,16901950.0,-16858018.0,舒泰神,10025082
4636,国信证券股份有限公司深圳红岭中路证券营业部,2025-05-23,0,3,7672449.88,24555279.42,-16882829.54,晟楠科技 辰光医疗 常辅股份,10045166
4637,国泰海通证券股份有限公司深圳深南大道京基一百营业部,2025-05-08,1,1,18120164.8,35020132.68,-16899967.88,通易航天,10717069
4638,广发证券股份有限公司泰州凤凰东路证券营业部,2025-05-29,0,1,,16916613.33,-16916613.33,福龙马,10467666
4639,恒泰证券股份有限公司上海河南南路证券营业部,2025-05-15,0,1,,16979584.0,-16979584.0,迎丰股份,10456489
4640,中国银河证券股份有限公司宁波大闸南路证券营业部,2025-05-20,0,1,27290.0,17187416.0,-17160126.0,创源股份,10023578
4641,国盛证券有限责任公司深圳梅园路证券营业部,2025-05-22,1,1,24548070.0,41752151.02,-17204081.02,乐山电力 综艺股份,10456723
4642,东方证券股份有限公司株洲长江北路证券营业部,2025-05-29,0,1,,17235780.0,-17235780.0,汇金通,10492166
4643,中信证券股份有限公司东阳吴宁西路证券营业部,2025-05-30,0,1,166748.0,17449760.0,-17283012.0,御银股份,10124373
4644,海通证券股份有限公司国际部Y,2025-05-09,1,1,14228590.0,31547673.98,-17319083.98,春光科技,10022092
4645,国投证券股份有限公司广州珠江东路证券营业部,2025-05-20,0,1,0.0,17374911.0,-17374911.0,ST棕榈,10671705
4646,华鑫证券有限责任公司江苏分公司,2025-05-13,1,1,4290840.0,21722827.0,-17431987.0,华纺股份 苏州龙杰,10442978
4647,国融证券股份有限公司青岛分公司,2025-05-29,0,1,,17506636.0,-17506636.0,ST金顶,10467512
4648,中泰证券股份有限公司济南二环东路证券营业部,2025-05-16,0,1,3445282.0,20963535.0,-17518253.0,日发精机,10143280
4649,国信证券股份有限公司深圳罗湖宝安北路证券营业部,2025-05-20,0,1,,17520115.39,-17520115.39,荣昌生物,10045167
4650,联储证券股份有限公司上海松林路证券营业部,2025-05-14,1,1,16796805.0,34322890.0,-17526085.0,鑫磊股份,10516788
4651,国盛证券有限责任公司宁波桑田路营业部,2025-05-08,1,1,21730472.55,39267962.54,-17537489.99,通易航天,10456710
4652,东方财富证券股份有限公司昌都两江大道证券营业部,2025-05-28,0,2,28010392.0,45570380.39,-17559988.39,王子新材 郑中设计,10342919
4653,申万宏源西部证券有限公司伊宁解放路证券营业部,2025-05-15,0,1,0.0,17584301.0,-17584301.0,川宁生物,10144823
4654,中信证券股份有限公司东阳吴宁西路证券营业部,2025-05-14,0,1,382219.0,17974794.0,-17592575.0,天利科技,10124373
4655,中信证券(山东)有限责任公司青岛南京路证券营业部,2025-05-06,0,2,,17606253.0,-17606253.0,ST新华锦 嵘泰股份,10066452
4656,沪股通专用,2025-05-12,4,3,87777230.52,105405432.57,-17628202.05,航天长峰 联合水务 ST东尼 航天南湖,10434470
4657,中信证券股份有限公司宜兴新城路证券营业部,2025-05-22,0,1,0.0,17661420.0,-17661420.0,中超控股,10000359703
4658,联储证券股份有限公司上海中山西路证券营业部,2025-05-20,1,1,25746949.93,43444504.92,-17697554.99,路斯股份 中洲特材,10048125
4659,财通证券股份有限公司杭州东湖南路证券营业部,2025-05-23,0,1,,17727239.0,-17727239.0,天元智能,10082587
4660,中国银河证券股份有限公司南昌高新大道证券营业部,2025-05-28,0,1,17730.0,17758672.0,-17740942.0,博世科,10030454
4661,西南证券股份有限公司浙江分公司,2025-05-29,0,1,120800.0,17871972.2,-17751172.2,玉禾田,10544217
4662,光大证券股份有限公司北京总部基地证券营业部,2025-05-13,0,1,3343325.98,21095961.0,-17752635.02,*ST天箭,10637135
4663,华泰证券股份有限公司扬州文昌中路证券营业部,2025-05-27,0,1,9644.0,17775526.0,-17765882.0,格力博,10021787
4664,中信建投证券股份有限公司福州东街证券营业部,2025-05-20,1,1,11271789.0,29039399.0,-17767610.0,永安药业 丰茂股份,10028772
4665,招商证券股份有限公司重庆金沙门路证券营业部,2025-05-13,0,1,15423.0,17789125.0,-17773702.0,*ST华西,10920895
4666,广发证券股份有限公司南京汉中路证券营业部,2025-05-12,1,1,4081510.0,21886940.2,-17805430.2,*ST步森 宜宾纸业,10046692
4667,国泰海通证券股份有限公司郑州黄河路证券营业部,2025-05-30,0,1,82054.0,17892528.69,-17810474.69,劲旅环境,10026725
4668,东吴证券股份有限公司徐州秦郡路证券营业部,2025-05-20,0,1,,17814022.7,-17814022.7,铁流股份,10196683
4669,方正证券股份有限公司怀化正清路证券营业部,2025-05-06,0,1,,17832975.0,-17832975.0,华电辽能,10119413
4670,中国中金财富证券有限公司北京北三环东路证券营业部,2025-05-23,0,1,,17833654.0,-17833654.0,连云港,10025073
4671,东海证券股份有限公司厦门嘉禾路证券营业部,2025-05-09,0,1,,17839197.36,-17839197.36,麒盛科技,10159709
4672,国泰海通证券股份有限公司上海分公司,2025-05-12,0,1,11112.0,17856341.1,-17845229.1,利君股份,10201214
4673,东北证券股份有限公司常州花园街证券营业部,2025-05-19,0,1,0.0,17856518.67,-17856518.67,常辅股份,10166661
4674,华西证券股份有限公司上海延安西路证券营业部,2025-05-20,0,1,,17870252.56,-17870252.56,三生国健,10426005
4675,华西证券股份有限公司上海延安西路证券营业部,2025-05-19,0,1,,17870252.56,-17870252.56,三生国健,10426005
4676,中信建投证券股份有限公司长沙市芙蓉中路证券营业部,2025-05-26,0,1,,17903491.0,-17903491.0,ST交昂,10021915
4677,中信证券股份有限公司东阳吴宁西路证券营业部,2025-05-09,2,2,22018007.0,39924070.6,-17906063.6,星德胜 万向钱潮 ST章鼓,10124373
4678,东莞证券股份有限公司湖北分公司,2025-05-26,0,1,,17925216.0,-17925216.0,大西洋,10682464
4679,粤开证券股份有限公司深圳深南大道证券营业部,2025-05-28,0,1,0.0,17945415.0,-17945415.0,滨海能源,10747420
4680,国盛证券有限责任公司深圳粤海街道证券营业部,2025-05-27,0,1,,17949796.0,-17949796.0,京华激光,10516527
4681,国盛证券有限责任公司深圳粤海街道证券营业部,2025-05-26,0,1,,17949796.0,-17949796.0,京华激光,10516527
4682,中国银河证券股份有限公司成都武阳大道证券营业部,2025-05-28,0,1,,17968036.0,-17968036.0,中毅达,10768379
4683,平安证券股份有限公司山西分公司,2025-05-20,0,1,,17968860.0,-17968860.0,*ST九鼎,10030170
4684,浙商证券股份有限公司苏州苏州大道东证券营业部,2025-05-27,0,1,0.0,17980623.0,-17980623.0,新金路,10456415
4685,国信证券股份有限公司浙江互联网分公司,2025-05-27,4,5,120289731.25,138319530.53,-18029799.28,浪莎股份 新金路 雪龙集团 青岛金王 尤夫股份 王子新材 红墙股份,10000213448
4686,金元证券股份有限公司深圳深南大道营业部,2025-05-22,0,1,242663.5,18301429.74,-18058766.24,晟楠科技,10025284
4687,广发证券股份有限公司郑州农业路证券营业部,2025-05-08,0,1,110611.0,18175309.0,-18064698.0,中欣氟材,10031937
4688,第一创业证券股份有限公司深圳海天分公司,2025-05-23,0,1,3740732.0,21805967.0,-18065235.0,阳谷华泰,10195293
4689,招商证券股份有限公司上海世纪大道证券营业部,2025-05-08,0,2,1806249.52,19877145.07,-18070895.55,七丰精工 航天长峰,10046548
4690,东方财富证券股份有限公司泉州田安路证券营业部,2025-05-27,0,1,,18080918.73,-18080918.73,三生国健,10374709
4691,东方证券股份有限公司北京学院路证券营业部,2025-05-13,0,1,,18103597.0,-18103597.0,万通发展,10342157
4692,平安证券股份有限公司山东分公司,2025-05-14,0,1,,18134142.8,-18134142.8,华纺股份,10390301
4693,国泰海通证券股份有限公司上海静安区新闸路证券营业部,2025-05-27,3,4,113855930.0,131995704.38,-18139774.38,合锻智能 烽火电子 ST云动 青岛金王 雪人集团 智莱科技,10430845
4694,兴业证券股份有限公司南昌洪城路证券营业部,2025-05-15,1,2,8183367.0,26336689.05,-18153322.05,红墙股份 连云港 迎丰股份,10146953
4695,中山证券有限责任公司广州分公司,2025-05-21,0,1,,18157115.13,-18157115.13,*ST华幸,10108230
4696,国金证券股份有限公司北京崇文门外大街证券营业部,2025-05-09,1,2,4316870.67,22495956.63,-18179085.96,麒盛科技 七丰精工 莱赛激光,10510717
4697,国投证券股份有限公司上海樱花路证券营业部,2025-05-23,0,1,0.0,18193523.01,-18193523.01,润阳科技,10110940
4698,财通证券股份有限公司绍兴人民中路证券营业部,2025-05-27,0,1,,18198233.0,-18198233.0,京华激光,10026980
4699,东北证券股份有限公司武汉香港路证券营业部,2025-05-09,0,1,,18216704.78,-18216704.78,星德胜,10083742
4700,东北证券股份有限公司北京三里河东路证券营业部,2025-05-14,0,1,1775600.0,20001356.63,-18225756.63,吉林碳谷,10048322
4701,中国银河证券股份有限公司厦门嘉禾路证券营业部,2025-05-13,0,1,,18263134.0,-18263134.0,华纺股份,10023542
4702,海通证券股份有限公司北京密云鼓楼东大街证券营业部,2025-05-09,0,1,0.0,18265128.0,-18265128.0,侨银股份,10166009
4703,中泰证券股份有限公司潍坊东风西街证券营业部,2025-05-28,0,1,74519.0,18343645.5,-18269126.5,永安药业,10113634
4704,中国银河证券股份有限公司洛阳太康路证券营业部,2025-05-15,0,1,14664.0,18298250.0,-18283586.0,通达股份,10436752
4705,东方财富证券股份有限公司山南香曲东路证券营业部,2025-05-07,0,2,3780343.0,22075336.0,-18294993.0,亚太实业 宗申动力,10281327
4706,东方证券股份有限公司汕头长平路证券营业部,2025-05-16,0,1,482168.41,18783390.0,-18301221.59,渝三峡A,10173185
4707,兴业证券股份有限公司深圳分公司,2025-05-26,0,1,,18308126.0,-18308126.0,永冠新材,10484736
4708,东北证券股份有限公司威海世昌大道证券营业部,2025-05-20,0,1,0.0,18368000.0,-18368000.0,贝因美,10436251
4709,申港证券股份有限公司上海分公司,2025-05-12,0,1,,18403718.89,-18403718.89,航天长峰,10738126
4710,华鑫证券有限责任公司宁波分公司,2025-05-08,0,1,1499472.0,19914069.0,-18414597.0,沃尔核材,10499310
4711,华鑫证券有限责任公司深圳财富大厦证券营业部,2025-05-06,0,1,,18422650.8,-18422650.8,振江股份,10000734168
4712,华鑫证券有限责任公司南京清凉门大街证券营业部,2025-05-12,0,1,136533.0,18600225.0,-18463692.0,利君股份,10993985
4713,东莞证券股份有限公司四川分公司,2025-05-28,0,2,2326992.0,20793322.82,-18466330.82,赛隆退 欢乐家,10477736
4714,国泰海通证券股份有限公司北京金融街证券营业部,2025-05-22,3,3,117807339.26,136297468.9,-18490129.64,中毅达 乐山电力 丽人丽妆 三生国健,10124786
4715,国金证券股份有限公司乌鲁木齐南湖路证券营业部,2025-05-26,0,1,,18518357.0,-18518357.0,综艺股份,10716260
4716,甬兴证券有限公司天津解放北路证券营业部,2025-05-21,1,1,11938094.8,30474453.84,-18536359.04,源飞宠物 天元宠物,10000565545
4717,天风证券股份有限公司浙江分公司,2025-05-21,0,1,,18541661.8,-18541661.8,拱东医疗,10570378
4718,甬兴证券有限公司北京分公司,2025-05-15,0,1,,18565991.86,-18565991.86,苏州龙杰,10000213384
4719,中泰证券股份有限公司新泰府前街证券营业部,2025-05-14,0,1,,18623484.0,-18623484.0,中远海发,10107883
4720,申万宏源证券有限公司盐城世纪大道证券营业部,2025-05-28,0,1,,18634492.0,-18634492.0,晋西车轴,10065787
4721,国信证券股份有限公司深圳红岭中路证券营业部,2025-05-14,0,2,431347.2,19068890.99,-18637543.79,天利科技 志晟信息,10045166
4722,海通证券股份有限公司杭州环城西路证券营业部,2025-05-26,0,1,0.0,18640864.44,-18640864.44,海森药业,10023374
4723,中信证券股份有限公司东阳吴宁西路证券营业部,2025-05-23,0,1,,18645670.81,-18645670.81,宝光股份,10124373
4724,中国银河证券股份有限公司宜昌新世纪证券营业部,2025-05-14,1,1,16574549.55,35252150.9,-18677601.35,鑫磊股份,10025301
4725,国盛证券有限责任公司宁波天童南路证券营业部,2025-05-23,0,1,460825.0,19161465.0,-18700640.0,ST棕榈,10664100
4726,湘财证券股份有限公司台州祥和路证券营业部,2025-05-07,0,1,,18700668.0,-18700668.0,合锻智能,10025138
4727,兴业证券股份有限公司福州五四路证券营业部,2025-05-20,0,1,216928.0,18945950.0,-18729022.0,普利转退 一品红,10046675
4728,华创证券有限责任公司深圳香梅路证券营业部,2025-05-15,0,1,2370391.3,21102702.7,-18732311.4,芭薇股份,10462862
4729,西部证券股份有限公司潍坊东风东街证券营业部,2025-05-09,0,1,,18752648.92,-18752648.92,中国瑞林,10118633
4730,广发证券股份有限公司佛山顺德南国东路证券营业部,2025-05-30,0,1,,18767844.0,-18767844.0,中力股份,10073139
4731,海通证券股份有限公司广州琶洲证券营业部,2025-05-30,0,1,127016.0,18897362.0,-18770346.0,睿智医药,10030186
4732,申万宏源证券有限公司上海闵行区莘松路证券营业部,2025-05-29,0,1,,18782400.0,-18782400.0,合兴股份,10462050
4733,中泰证券股份有限公司新泰府前街证券营业部,2025-05-15,0,1,,18783874.0,-18783874.0,中远海发,10107883
4734,长江证券股份有限公司昆明白龙路证券营业部,2025-05-19,0,1,18684261.0,37497858.12,-18813597.12,中洲特材,10338860
4735,中国银河证券股份有限公司沈阳大北关街证券营业部,2025-05-06,1,1,44156847.0,63000197.78,-18843350.78,渝三峡A 鸿博股份,10023594
4736,华鑫证券有限责任公司金华双龙南街证券营业部,2025-05-30,0,1,,18852081.5,-18852081.5,均瑶健康,10000055278
4737,联储证券股份有限公司浙江分公司,2025-05-20,0,1,0.0,18853271.74,-18853271.74,安纳达,10638001
4738,浙商证券股份有限公司台州环城东路证券营业部,2025-05-23,1,1,21795671.0,40666484.6,-18870813.6,海翔药业,10021967
4739,国泰海通证券股份有限公司襄阳檀溪路证券营业部,2025-05-14,0,1,,18903210.0,-18903210.0,国芳集团,10079360
4740,国金证券股份有限公司南京双龙大道证券营业部,2025-05-15,0,1,0.0,18934660.05,-18934660.05,甘化科工,10000550648
4741,长城证券股份有限公司成都金沙遗址路证券营业部,2025-05-16,0,1,0.0,18935070.1,-18935070.1,威星智能,10000100573
4742,中国银河证券股份有限公司北京中关村大街证券营业部,2025-05-15,0,2,870998.0,19808532.0,-18937534.0,鑫磊股份 长华化学,10115140
4743,中国银河证券股份有限公司沈阳大北关街证券营业部,2025-05-28,1,1,29065768.0,48019473.64,-18953705.64,苏州龙杰 京华激光,10023594
4744,华泰证券股份有限公司郑州经三路证券营业部,2025-05-08,0,1,490555.39,19449086.96,-18958531.57,七丰精工,10081598
4745,申万宏源证券有限公司青岛分公司,2025-05-14,0,1,0.0,18961905.91,-18961905.91,吉林碳谷,10048184
4746,申万宏源证券有限公司上海浦东新区靖海路证券营业部,2025-05-15,0,1,45710.0,19021088.8,-18975378.8,纳尔股份,10025188
4747,国泰海通证券股份有限公司三亚迎宾路证券营业部,2025-05-21,1,2,56603948.0,75588275.8,-18984327.8,红宝丽 航天动力 华纺股份,10564207
4748,华鑫证券有限责任公司上海红宝石路证券营业部,2025-05-20,0,1,,19008957.84,-19008957.84,保变电气,10582975
4749,财通证券股份有限公司绍兴袍江袍中北路证券营业部,2025-05-07,0,1,,19012664.85,-19012664.85,茂业商业,10456250
4750,第一创业证券股份有限公司郑州东风路证券营业部,2025-05-28,0,1,0.0,19019665.0,-19019665.0,永安药业,10516819
4751,广发证券股份有限公司上海南泉北路证券营业部,2025-05-20,0,1,183959.0,19218218.6,-19034259.6,美农生物,10000584247
4752,申万宏源证券有限公司上海静安区康定路证券营业部,2025-05-23,0,1,28134093.0,47184871.0,-19050778.0,雪人集团,10041881
4753,中信建投证券股份有限公司台州市府大道证券营业部,2025-05-09,0,1,,19051461.0,-19051461.0,华纺股份,10443746
4754,国泰海通证券股份有限公司石家庄裕华东路证券营业部,2025-05-23,0,1,43836.0,19106655.0,-19062819.0,滨海能源,10025094
4755,中信证券股份有限公司浙江分公司,2025-05-12,0,1,,19086068.86,-19086068.86,航天长峰,10520724
4756,中国银河证券股份有限公司北京阜成路证券营业部,2025-05-27,0,1,,19106222.4,-19106222.4,三生国健,10040786
4757,国金证券股份有限公司宁波江澄南路证券营业部,2025-05-27,0,1,0.0,19132105.8,-19132105.8,滨海能源,10000125619
4758,中信建投证券股份有限公司沈阳北站路证券营业部,2025-05-09,0,1,,19141488.0,-19141488.0,华电辽能,10156554
4759,浙商证券股份有限公司深圳后海大道证券营业部,2025-05-12,0,1,,19151466.49,-19151466.49,麒盛科技,10030396
4760,国信证券股份有限公司深圳泰九分公司,2025-05-28,0,1,,19166589.8,-19166589.8,海利尔,10524557
4761,招商证券股份有限公司福州六一中路证券营业部,2025-05-07,0,2,,19179109.4,-19179109.4,华纺股份 *ST东珠,10318896
4762,财通证券股份有限公司温岭中华路证券营业部,2025-05-28,0,1,,19216978.0,-19216978.0,中毅达,10022026
4763,南京证券股份有限公司南京常府街证券营业部,2025-05-15,0,1,33625.6,19270000.0,-19236374.4,万德股份,10030355
4764,招商证券股份有限公司北京车公庄西路证券营业部,2025-05-21,0,1,183578.86,19426310.41,-19242731.55,宁新新材,10028688
4765,招商证券股份有限公司北京上地农大南路证券营业部,2025-05-09,0,1,,19247211.0,-19247211.0,春光科技,10456466
4766,广发证券股份有限公司武汉沿江大道证券营业部,2025-05-09,0,1,20532.0,19281644.0,-19261112.0,渝三峡A,10031930
4767,财通证券股份有限公司台州临海杜桥滨海西路证券营业部,2025-05-07,0,1,,19266869.84,-19266869.84,茂业商业,10713850
4768,国信证券股份有限公司浙江互联网分公司,2025-05-16,6,8,296279081.2,315554663.2,-19275582.0,华纺股份 渝三峡A 连云港 甘化科工 青岛金王 红宝丽 迎丰股份 跨境通 利君股份 红墙股份 中欣氟材,10000213448
4769,华鑫证券有限责任公司杭州分公司,2025-05-30,0,1,,19299250.4,-19299250.4,均瑶健康,10000055313
4770,华泰证券股份有限公司上海徐汇区龙启路证券营业部,2025-05-09,0,1,,19312312.0,-19312312.0,*ST网达,10046455
4771,中泰证券股份有限公司北京学院南路证券营业部,2025-05-22,0,1,,19315150.0,-19315150.0,宝光股份,10442688
4772,华泰证券股份有限公司常熟金沙江路证券营业部,2025-05-19,0,1,,19365709.09,-19365709.09,锦江航运,10021990
4773,东莞证券股份有限公司常熟东南大道证券营业部,2025-05-09,0,1,,19416907.3,-19416907.3,麒盛科技,10000667965
4774,中国银河证券股份有限公司北京金融街证券营业部,2025-05-13,0,1,,19492287.0,-19492287.0,万通发展,10030485
4775,国泰海通证券股份有限公司北京亦庄宏达北路证券营业部,2025-05-08,0,1,,19534820.0,-19534820.0,*ST利达,10127590
4776,渤海证券股份有限公司天津东一环路证券营业部,2025-05-09,0,1,,19549127.6,-19549127.6,华纺股份,10338797
4777,渤海证券股份有限公司天津东一环路证券营业部,2025-05-08,0,1,,19549127.6,-19549127.6,华纺股份,10338797
4778,华泰证券股份有限公司南通人民中路证券营业部,2025-05-19,0,1,,19576843.8,-19576843.8,*ST集友,10026976
4779,国元证券股份有限公司湖南分公司,2025-05-20,0,1,169800.0,19762498.0,-19592698.0,ST海龙,10142712
4780,国海证券股份有限公司上海世纪大道证券营业部,2025-05-23,0,1,0.0,19603307.4,-19603307.4,宏工科技,10192603
4781,长江证券股份有限公司温岭横湖中路证券营业部,2025-05-13,0,1,,19615229.0,-19615229.0,麒盛科技,10429182
4782,国金证券股份有限公司南京双龙大道证券营业部,2025-05-12,0,1,,19622150.0,-19622150.0,华纺股份,10000550648
4783,华源证券股份有限公司江苏分公司,2025-05-15,0,1,0.0,19631757.66,-19631757.66,甘化科工,10484864
4784,华鑫证券有限责任公司上海金山证券营业部,2025-05-29,0,1,131875.0,19767174.0,-19635299.0,久盛电气,10048296
4785,国金证券股份有限公司深圳分公司,2025-05-27,0,1,7951666.0,27606450.5,-19654784.5,中超控股,10000104821
4786,广发证券股份有限公司武汉京汉大道证券营业部,2025-05-19,0,1,,19679240.0,-19679240.0,百利电气,10026970
4787,国金证券股份有限公司深圳分公司,2025-05-28,2,1,44989223.99,64673654.55,-19684430.56,安纳达 苏州龙杰 京华激光,10000104821
4788,国信证券股份有限公司深圳红岭中路证券营业部,2025-05-21,0,3,6267591.0,25991387.15,-19723796.15,东方碳素 灵鸽科技 宁新新材,10045166
4789,中国中金财富证券有限公司深圳分公司,2025-05-16,0,2,833155.0,20604686.0,-19771531.0,永安药业 绿康生化,10048460
4790,中国中金财富证券有限公司杭州江河汇证券营业部,2025-05-20,0,1,0.0,19778306.6,-19778306.6,天元宠物,10185896
4791,华鑫证券有限责任公司南京清凉门大街证券营业部,2025-05-16,0,1,1994.0,19785943.0,-19783949.0,南京港,10993985
4792,深股通专用,2025-05-23,9,9,467467185.97,487283349.26,-19816163.29,烽火电子 湖南发展 海翔药业 宏桥控股 雪人集团 一心堂 金龙羽 慧博云通 国科天成,10634757
4793,申万宏源证券有限公司杭州密渡桥路证券营业部,2025-05-30,0,1,13725.0,19841798.01,-19828073.01,劲旅环境,10025445
4794,华泰证券股份有限公司深圳深南大道基金大厦证券营业部,2025-05-26,0,1,15666.0,19845906.5,-19830240.5,智莱科技,10149531
4795,方正证券股份有限公司成都高升桥路证券营业部,2025-05-06,0,1,69893.0,19903062.0,-19833169.0,永安药业,10429141
4796,国泰海通证券股份有限公司厦门鹭江道证券营业部,2025-05-29,0,1,79652.0,19999509.6,-19919857.6,玉禾田,10040921
4797,华泰证券股份有限公司北京西三环国际财经中心证券营业部,2025-05-21,0,1,,19973821.0,-19973821.0,航天动力,10048188
4798,华鑫证券有限责任公司上海红宝石路证券营业部,2025-05-09,0,1,,19982168.28,-19982168.28,*ST网达,10582975
4799,中国中金财富证券有限公司成都滨江东路证券营业部,2025-05-12,0,1,,19999979.83,-19999979.83,中邮科技,10145953
4800,民生证券股份有限公司河南分公司,2025-05-14,0,1,1329563.0,21339319.0,-20009756.0,鑫磊股份,10399420
4801,国联民生证券股份有限公司北京分公司,2025-05-07,0,1,,20042094.4,-20042094.4,*ST东珠,10485044
4802,东吴证券股份有限公司苏州永昌泾大道证券营业部,2025-05-06,0,1,2622753.0,22729028.0,-20106275.0,永安药业,10467654
4803,东莞证券股份有限公司东莞石碣证券营业部,2025-05-08,0,1,,20119722.0,-20119722.0,新坐标,10145497
4804,华福证券有限责任公司上海黄浦马当路证券营业部,2025-05-21,0,1,,20214789.15,-20214789.15,中邮科技,10484354
4805,申港证券股份有限公司上海世纪大道证券营业部,2025-05-08,0,2,0.0,20242484.39,-20242484.39,亚振家居,10000260708
4806,申港证券股份有限公司申港证券上海世纪大道证券营业部,2025-05-08,0,2,0.0,20242484.39,-20242484.39,春光智能,10000260708
4807,中国银河证券股份有限公司青田龙津路证券营业部,2025-05-07,0,1,44000.0,20296726.85,-20252726.85,九芝堂,10133779
4808,华泰证券股份有限公司深圳益田路荣超商务中心证券营业部,2025-05-26,0,2,3250619.0,23507874.0,-20257255.0,ST交昂 信邦智能,10142874
4809,广发证券股份有限公司深圳广电金融中心证券营业部,2025-05-30,0,1,894677.0,21179422.0,-20284745.0,安纳达,10060883
4810,中信证券股份有限公司上海溧阳路证券营业部,2025-05-19,0,1,,20286734.0,-20286734.0,日盈电子,10045025
4811,中银国际证券股份有限公司深圳中心四路证券营业部,2025-05-28,0,1,83752.0,20393519.18,-20309767.18,玉禾田,10129897
4812,东方证券股份有限公司上海浦东新区源深路证券营业部,2025-05-22,0,1,,20339738.8,-20339738.8,*ST集友,10023739
4813,华泰证券股份有限公司成都蜀金路证券营业部,2025-05-13,1,3,8187826.0,28567614.38,-20379788.38,卓兆点胶 宁波海运 航天长峰,10175321
4814,高盛(中国)证券有限责任公司上海浦东新区世纪大道证券营业部,2025-05-23,5,8,107729165.75,128136309.16,-20407143.41,西昌电力 乐山电力 合锻智能 先达股份 肯特催化 京华激光 塞力医疗 莱绅通灵 汉邦科技,10000399618
4815,华鑫证券有限责任公司上海红宝石路证券营业部,2025-05-15,0,1,1216347.0,21693356.0,-20477009.0,吉林化纤,10582975
4816,浙商证券股份有限公司台州环城东路证券营业部,2025-05-28,0,1,1804938.0,22355233.24,-20550295.24,联化科技,10021967
4817,光大证券股份有限公司上海淮海中路证券营业部,2025-05-27,0,1,2032130.0,22591387.0,-20559257.0,烽火电子,10125410
4818,财达证券股份有限公司上海分公司,2025-05-21,0,1,0.0,20625210.0,-20625210.0,信邦智能,10000028741
4819,申万宏源证券有限公司济南历山路证券营业部,2025-05-19,0,1,0.0,20634928.2,-20634928.2,红墙股份,10167868
4820,粤开证券股份有限公司深圳深南大道证券营业部,2025-05-06,0,1,,20639580.0,-20639580.0,*ST东珠,10747420
4821,华鑫证券有限责任公司上海茅台路证券营业部,2025-05-15,0,1,,20651908.0,-20651908.0,京运通,10028419
4822,中信证券股份有限公司诸暨暨东路证券营业部,2025-05-21,0,1,5821749.0,26483152.25,-20661403.25,露笑科技,10071021
4823,东吴证券股份有限公司苏州相城采莲路证券营业部,2025-05-06,0,2,2749706.0,23446750.0,-20697044.0,永安药业 *ST岭南,10139145
4824,中泰证券股份有限公司厦门七星西路证券营业部,2025-05-29,0,1,,20704288.0,-20704288.0,远东股份,10103083
4825,中泰证券股份有限公司寿光公园北街证券营业部,2025-05-09,0,1,1229656.0,21941957.0,-20712301.0,山东墨龙,10148610
4826,中信建投证券股份有限公司安徽分公司,2025-05-08,0,1,63279.0,20786139.0,-20722860.0,天邦食品,10158366
4827,中国银河证券股份有限公司北京安贞门证券营业部,2025-05-07,0,1,5548608.0,26326021.0,-20777413.0,常山药业,10023519
4828,兴业证券股份有限公司福州工业路证券营业部,2025-05-07,0,1,,20785654.0,-20785654.0,合锻智能,10057576
4829,海通证券股份有限公司嵊州高杨路证券营业部,2025-05-13,0,1,5951081.41,26741051.51,-20789970.1,纳尔股份,10108377
4830,华泰证券股份有限公司上海徐汇区龙启路证券营业部,2025-05-29,0,1,249696.0,21045658.0,-20795962.0,神开股份,10046455
4831,华泰证券股份有限公司扬州博物馆路昌建中心证券营业部,2025-05-26,0,1,49260.0,20869953.0,-20820693.0,陕天然气,10131478
4832,国泰海通证券股份有限公司深圳益田路证券营业部,2025-05-21,0,1,12973.0,20834812.0,-20821839.0,南京港,10025388
4833,东海证券股份有限公司福州长乐北路证券营业部,2025-05-30,0,1,0.0,20847111.64,-20847111.64,劲旅环境,10913655
4834,华林证券股份有限公司北京分公司,2025-05-22,1,1,15710928.0,36596590.0,-20885662.0,通达电气 南京港,10065511
4835,招商证券股份有限公司深圳中心路证券营业部,2025-05-21,0,1,130700.0,21051576.0,-20920876.0,金龙羽,10456447
4836,招商证券股份有限公司湖州太湖路证券营业部,2025-05-29,0,1,260001.0,21254670.0,-20994669.0,久盛电气,10456486
4837,财通证券股份有限公司杭州东湖南路证券营业部,2025-05-15,0,1,118414.0,21126803.04,-21008389.04,尚荣医疗,10082587
4838,中银国际证券股份有限公司广东分公司,2025-05-22,0,2,38479.0,21048648.93,-21010169.93,武汉蓝电 中超控股,10122757
4839,招商证券股份有限公司深圳福华三路证券营业部,2025-05-28,1,1,15068910.0,36084777.0,-21015867.0,广聚能源,10194673
4840,上海证券有限责任公司上海分公司,2025-05-23,0,1,217257.0,21238722.07,-21021465.07,ST棕榈,10913317
4841,国泰海通证券股份有限公司北京亦庄宏达北路证券营业部,2025-05-29,0,1,1012376.0,22105851.0,-21093475.0,四方精创,10127590
4842,第一创业证券股份有限公司北京西城分公司,2025-05-12,0,1,249.0,21106535.0,-21106286.0,贤丰控股,10148608
4843,南京证券股份有限公司金坛东环二路证券营业部,2025-05-07,0,1,,21109191.4,-21109191.4,金麒麟,10142899
4844,摩根大通证券(中国)有限公司上海银城中路证券营业部,2025-05-20,0,1,,21120708.11,-21120708.11,正弦电气,10000100571
4845,华鑫证券有限责任公司深圳益田路证券营业部,2025-05-28,0,1,42744.0,21168222.0,-21125478.0,广博股份,10495078
4846,平安证券股份有限公司浙江分公司,2025-05-06,0,1,,21175648.0,-21175648.0,天和磁材,10038679
4847,国泰海通证券股份有限公司南京太平南路证券营业部,2025-05-29,0,1,,21208862.0,-21208862.0,汇金通,10025054
4848,国投证券股份有限公司潮州潮安彩文路证券营业部,2025-05-29,0,1,78267.0,21343723.0,-21265456.0,天阳科技,10123146
4849,华泰证券股份有限公司上海武定路证券营业部,2025-05-30,1,1,8425340.0,29723489.0,-21298149.0,国芳集团 *ST华西,10098087
4850,国泰海通证券股份有限公司深圳滨海大道创投大厦证券营业部,2025-05-22,0,2,34243.0,21441813.0,-21407570.0,*ST奥维 双成药业,10144325
4851,中信证券股份有限公司东阳吴宁西路证券营业部,2025-05-28,0,1,322720.0,21792900.0,-21470180.0,广博股份,10124373
4852,华泰证券股份有限公司郑州农业路证券营业部,2025-05-13,0,1,,21486833.0,-21486833.0,汇通能源,10114165
4853,东莞证券股份有限公司常熟东南大道证券营业部,2025-05-12,0,1,,21513241.91,-21513241.91,航天南湖,10000667965
4854,国投证券股份有限公司北京远大路证券营业部,2025-05-16,0,1,,21514752.0,-21514752.0,宁波海运,10046724
4855,东莞证券股份有限公司常熟东南大道证券营业部,2025-05-08,1,2,21179350.8,42696454.38,-21517103.58,肯特催化 *ST东珠,10000667965
4856,华鑫证券有限责任公司深圳财富大厦证券营业部,2025-05-14,0,2,,21520778.26,-21520778.26,百达精工 迎丰股份,10000734168
4857,国信证券股份有限公司浙江互联网分公司,2025-05-21,9,7,253699113.0,275228707.16,-21529594.16,渝三峡A 华纺股份 宁波海运 信隆健康 连云港 红宝丽 宁波远洋 利君股份 红墙股份,10000213448
4858,东亚前海证券有限责任公司浙江分公司,2025-05-09,1,1,4326053.8,25856776.74,-21530722.94,华伍股份 莱赛激光,10000011376
4859,中信证券股份有限公司上海浦东新区东方路证券营业部,2025-05-22,0,2,,21555410.1,-21555410.1,重庆港 汇丽B,10045021
4860,国泰海通证券股份有限公司北京金融街证券营业部,2025-05-07,1,1,13867516.37,35455095.17,-21587578.8,纬德信息,10124786
4861,中国银河证券股份有限公司蚌埠东海大道证券营业部,2025-05-12,0,1,,21623527.0,-21623527.0,宜宾纸业,10339026
4862,东方证券股份有限公司长沙芙蓉南路证券营业部,2025-05-12,0,1,,21639436.0,-21639436.0,赛福天,10000073636
4863,兴业证券股份有限公司绍兴分公司,2025-05-19,0,1,0.0,21653676.0,-21653676.0,万安科技,10561543
4864,东亚前海证券有限责任公司上海分公司,2025-05-21,1,1,7659334.0,29320759.18,-21661425.18,天汽模 王子新材,10924074
4865,华泰证券股份有限公司杭州学院路证券营业部,2025-05-07,0,1,489896.0,22163950.65,-21674054.65,九芝堂,10361223
4866,中信证券股份有限公司北京京城大厦证券营业部,2025-05-12,0,1,23239.0,21753254.56,-21730015.56,信立泰,10434778
4867,华泰证券股份有限公司台州中心大道证券营业部,2025-05-30,0,1,,21740202.0,-21740202.0,久事动娱,10437430
4868,华泰证券股份有限公司苏州人民路证券营业部,2025-05-29,0,1,118891.0,21861428.2,-21742537.2,天阳科技,10021776
4869,光大证券股份有限公司宁波悦盛路证券营业部,2025-05-23,0,1,13330.0,21766664.3,-21753334.3,阳谷华泰,10106407
4870,联储证券股份有限公司浙江分公司,2025-05-19,2,2,44360106.17,66117753.0,-21757646.83,安纳达 吉华集团 通达股份,10638001
4871,申万宏源证券有限公司上海虹口区黄浦路证券营业部,2025-05-08,0,1,0.0,21766800.0,-21766800.0,奥普光电,10027141
4872,财通证券股份有限公司杭州丽水路证券营业部,2025-05-26,0,1,619272.0,22416953.97,-21797681.97,宏工科技,10082588
4873,中银国际证券股份有限公司广东分公司,2025-05-23,0,1,175760.0,21975135.0,-21799375.0,中超控股,10122757
4874,申万宏源证券有限公司吉林分公司,2025-05-15,0,1,,21800888.0,-21800888.0,拉芳家化,10099130
4875,国泰海通证券股份有限公司南京太平南路证券营业部,2025-05-06,0,1,100779.0,21910003.0,-21809224.0,渝三峡A,10025054
4876,中国银河证券股份有限公司北京学院南路证券营业部,2025-05-13,0,1,410043.0,22270805.82,-21860762.82,华伍股份,10023559
4877,中国银河证券股份有限公司台州黄岩委羽街证券营业部,2025-05-07,0,1,80688.0,21946145.22,-21865457.22,川润股份,10436667
4878,甬兴证券有限公司宁波和源路证券营业部,2025-05-22,0,1,42570.0,21915195.0,-21872625.0,信邦智能,10000147202
4879,国泰海通证券股份有限公司上海长宁区天山路证券营业部,2025-05-14,0,1,,21945727.52,-21945727.52,连云港,10048511
4880,东莞证券股份有限公司北京西城太平街证券营业部,2025-05-29,0,1,3364.0,21996347.0,-21992983.0,天阳科技,10682292
4881,国盛证券有限责任公司深圳梅园路证券营业部,2025-05-23,0,1,,22068071.0,-22068071.0,综艺股份,10456723
4882,中信证券股份有限公司上海分公司,2025-05-30,1,3,17007428.0,39086257.0,-22078829.0,绿能慧充 百利电气 *ST湘邮 华远控股,10135341
4883,国盛证券有限责任公司深圳粤海街道证券营业部,2025-05-22,0,1,0.0,22109339.5,-22109339.5,永安药业,10516527
4884,海通证券股份有限公司长沙五一大道营业部,2025-05-13,0,1,108000.0,22222708.18,-22114708.18,七丰精工,10099191
4885,国泰海通证券股份有限公司南京太平南路证券营业部,2025-05-09,0,1,153443.0,22281431.0,-22127988.0,利君股份,10025054
4886,国泰海通证券股份有限公司武汉鲁磨路证券营业部,2025-05-29,0,1,181527.0,22348804.0,-22167277.0,广聚能源,10564230
4887,国信证券股份有限公司深圳金田路证券营业部,2025-05-15,0,1,37022.0,22224818.16,-22187796.16,川宁生物,10000228195
4888,联储证券股份有限公司浙江分公司,2025-05-28,0,1,,22192449.0,-22192449.0,永冠新材,10638001
4889,华泰证券股份有限公司上海徐汇区龙启路证券营业部,2025-05-20,0,1,,22193127.0,-22193127.0,亚泰集团,10046455
4890,长江证券股份有限公司温岭横湖中路证券营业部,2025-05-09,0,1,,22200000.0,-22200000.0,麒盛科技,10429182
4891,恒泰证券股份有限公司上海张杨路证券营业部,2025-05-23,0,1,255675.0,22513297.0,-22257622.0,金龙羽,10040886
4892,华泰证券股份有限公司江西分公司,2025-05-09,0,1,,22276313.14,-22276313.14,航天南湖,10427427
4893,东吴证券股份有限公司苏州工业园区扬富路证券营业部,2025-05-22,0,1,,22317871.42,-22317871.42,航天南湖,10097640
4894,国泰海通证券股份有限公司上海海阳西路证券营业部,2025-05-07,3,2,143187756.5,165508880.74,-22321124.24,红宝丽 狄耐克,10000526029
4895,国泰海通证券股份有限公司上海浦东新区海阳西路证券营业部,2025-05-07,3,2,143187756.5,165508880.74,-22321124.24,华胜天成 中毅达,10000526029
4896,国盛证券有限责任公司宁波天童南路证券营业部,2025-05-12,1,2,67056620.44,89378052.0,-22321431.56,万向钱潮 宏达高科 拓斯达,10664100
4897,东莞证券股份有限公司北京分公司,2025-05-30,0,1,,22356253.0,-22356253.0,中力股份,10484994
4898,中信证券华南股份有限公司惠州麦地路证券营业部,2025-05-21,0,1,17956.0,22455582.0,-22437626.0,金龙羽,10137185
4899,恒泰证券股份有限公司上海河南南路证券营业部,2025-05-26,0,1,454405.0,22925491.0,-22471086.0,金龙羽,10456489
4900,国元证券股份有限公司温岭太平东城路证券营业部,2025-05-22,0,1,0.0,22508013.02,-22508013.02,郑中设计,10657359
4901,国盛证券有限责任公司南昌金融大街证券营业部,2025-05-12,0,1,4022458.0,26581109.0,-22558651.0,跨境通,10456701
4902,东海证券股份有限公司北京西三环北路证券营业部,2025-05-13,0,1,0.0,22567605.0,-22567605.0,北京利尔,10064671
4903,江海证券有限公司上海国霞路证券营业部,2025-05-14,0,1,,22568702.0,-22568702.0,锦江航运,10061030
4904,国投证券股份有限公司杭州富阳依江路证券营业部,2025-05-29,0,1,0.0,22588181.0,-22588181.0,广聚能源,10709051
4905,五矿证券有限公司深圳金田路证券营业部,2025-05-23,0,1,,22591165.52,-22591165.52,浪莎股份,10144028
4906,华鑫证券有限责任公司上海宛平南路证券营业部,2025-05-27,0,1,,22595297.62,-22595297.62,浪莎股份,10028416
4907,五矿证券有限公司深圳金田路证券营业部,2025-05-27,0,1,,22612040.52,-22612040.52,浪莎股份,10144028
4908,湘财证券股份有限公司北京分公司,2025-05-23,0,1,,22615060.0,-22615060.0,天元智能,10484729
4909,开源证券股份有限公司西安太华路证券营业部,2025-05-08,7,7,164221093.0,186842687.83,-22621594.83,安乃达 金浦钛业 金麒麟 拓山重工 佳力图 东华软件 联德股份 天邦食品 嘉事堂 金龙机电 华伍股份 狄耐克 长华化学,10477800
4910,东亚前海证券有限责任公司上海分公司,2025-05-12,2,3,35727949.77,58417189.31,-22689239.54,宏达高科 航天长峰 *ST和科,10924074
4911,联储证券股份有限公司上海中山西路证券营业部,2025-05-06,0,1,0.0,22732810.0,-22732810.0,中欣氟材,10048125
4912,长江证券股份有限公司惠州金山湖证券营业部,2025-05-06,0,1,,22777028.04,-22777028.04,九联科技,10117604
4913,中信建投证券股份有限公司北京京西分公司,2025-05-15,0,1,6786350.0,29594279.0,-22807929.0,拓新药业,10048196
4914,中泰证券股份有限公司常州惠国路证券营业部,2025-05-08,0,2,32024.0,22896311.0,-22864287.0,金浦钛业 长华化学,10741097
4915,国金证券股份有限公司深圳湾一号证券营业部,2025-05-14,0,2,2665820.8,25534586.58,-22868765.78,国芳集团 七丰精工,10396105
4916,中信建投证券股份有限公司安徽分公司,2025-05-30,1,1,30458957.54,53362050.0,-22903092.46,恒宝股份,10158366
4917,中信证券股份有限公司宜兴新城路证券营业部,2025-05-23,0,1,5115.0,23014165.0,-23009050.0,中超控股,10000359703
4918,中信证券股份有限公司宁波天童北路证券营业部,2025-05-26,0,1,84858.0,23102874.22,-23018016.22,郑中设计,10140902
4919,华西证券股份有限公司武汉青年路证券营业部,2025-05-16,0,2,,23038513.0,-23038513.0,ST新华锦 锦江航运,10000037332
4920,招商证券股份有限公司深圳深南中路证券营业部,2025-05-21,0,1,,23111149.51,-23111149.51,三生国健,10128380
4921,华源证券股份有限公司深圳分公司,2025-05-14,0,1,16526857.2,39664457.28,-23137600.08,恒而达,10484869
4922,华泰证券股份有限公司上海武定路证券营业部,2025-05-14,1,2,4846786.0,28027169.2,-23180383.2,*ST岭南 华纺股份 集泰股份,10098087
4923,东北证券股份有限公司重庆沙南街证券营业部,2025-05-13,0,1,0.0,23203664.0,-23203664.0,*ST华西,10108396
4924,国泰海通证券股份有限公司南京太平南路证券营业部,2025-05-30,0,1,21647028.0,44857585.0,-23210557.0,元隆雅图,10025054
4925,国金证券股份有限公司宁波江澄南路证券营业部,2025-05-23,0,1,67510.0,23306951.2,-23239441.2,中洲特材,10000125619
4926,西部证券股份有限公司深圳分公司,2025-05-06,0,1,,23256443.9,-23256443.9,华银电力,10484728
4927,江海证券有限公司上海国霞路证券营业部,2025-05-15,0,1,,23260903.0,-23260903.0,锦江航运,10061030
4928,中国银河证券股份有限公司北京中关村大街证券营业部,2025-05-30,2,2,33576905.22,56846227.74,-23269322.52,恒宝股份 联化科技 华森制药 广康生化,10115140
4929,高盛(中国)证券有限责任公司上海浦东新区世纪大道证券营业部,2025-05-28,5,7,115813168.72,139105840.78,-23292672.06,返利科技 宜宾纸业 乐惠国际 南都物业 锦泓集团 美邦股份 正和生态 中邮科技,10000399618
4930,中银国际证券股份有限公司南京洪武北路证券营业部,2025-05-30,0,1,21297.0,23314990.0,-23293693.0,恒宝股份,10071020
4931,华鑫证券有限责任公司上海光复路证券营业部,2025-05-23,1,2,15387378.0,38752742.0,-23365364.0,宝光股份 综艺股份 苏州龙杰,10993987
4932,财信证券股份有限公司杭州长生路证券营业部,2025-05-13,0,1,,23371415.5,-23371415.5,麒盛科技,10656871
4933,长江证券股份有限公司温岭横湖中路证券营业部,2025-05-30,0,1,,23400452.8,-23400452.8,汇金通,10429182
4934,东方证券股份有限公司汕头长平路证券营业部,2025-05-14,0,1,,23423478.0,-23423478.0,中毅达,10173185
4935,财通证券股份有限公司玉环广陵路证券营业部,2025-05-29,0,1,33679525.6,57119525.0,-23439999.4,常山药业,10056293
4936,华泰证券股份有限公司上海浦东新区世纪大道证券营业部,2025-05-29,0,1,,23472000.6,-23472000.6,汇金通,10441054
4937,东北证券股份有限公司延边分公司,2025-05-22,0,1,,23479520.24,-23479520.24,浪莎股份,10079994
4938,国金证券股份有限公司成都双楠路证券营业部,2025-05-27,0,1,346366.0,23856292.0,-23509926.0,诺普信,10025246
4939,东方财富证券股份有限公司拉萨东环路第一证券营业部,2025-05-26,7,12,147910322.51,171510562.48,-23600239.97,浪莎股份 辰光医疗 南京港 常辅股份 武汉凡谷 退市锦港 通达电气 鸿博股份 瑞奇智造 凯美特气 中科美菱 *ST岭南 王子新材 金龙羽 中洲特材 太力科技,10428246
4940,方正证券股份有限公司龙港龙港大道证券营业部,2025-05-09,0,1,,23607528.0,-23607528.0,百达精工,10139304
4941,招商证券股份有限公司上海陆家嘴东路证券营业部,2025-05-20,0,1,,23608834.72,-23608834.72,利扬芯片,10081712
4942,东吴证券股份有限公司苏州西北街证券营业部,2025-05-13,0,1,,23715383.6,-23715383.6,春光科技,10028577
4943,中信证券股份有限公司上海分公司,2025-05-09,2,4,19060865.0,42852109.78,-23791244.78,淮河能源 中国瑞林 星德胜 安乃达 佳力图,10135341
4944,中信证券股份有限公司北京总部证券营业部,2025-05-13,0,2,5529842.0,29337066.0,-23807224.0,国华退 酷特智能,10361413
4945,国泰海通证券股份有限公司总部,2025-05-19,6,9,139292881.37,163104262.71,-23811381.34,*ST海华 华阳新材 *ST华幸 ST交昂 龙溪股份 百合股份 日盈电子 安乃达 *ST集友 拉芳家化 吉华集团 洪通燃气,10004865
4946,光大证券股份有限公司广州马场路证券营业部,2025-05-30,0,1,24508.0,23854163.0,-23829655.0,渝三峡A,10331995
4947,东莞证券股份有限公司厦门分公司,2025-05-09,0,2,3577927.92,27427885.11,-23849957.19,七丰精工 慧为智能,10145500
4948,国投证券股份有限公司西安朱雀大街证券营业部,2025-05-26,0,1,24382.0,23885942.08,-23861560.08,中洲特材,10561512
4949,国泰海通证券股份有限公司宜昌沿江大道证券营业部,2025-05-19,2,3,124743344.3,148608008.5,-23864664.2,通达股份 利君股份 东方中科 江天化学,10026729
4950,财通证券股份有限公司德清德清大道证券营业部,2025-05-23,0,1,,23881885.0,-23881885.0,京华激光,10269974
4951,国信证券股份有限公司广州珠江东路证券营业部,2025-05-12,0,2,110176.04,24012933.48,-23902757.44,七丰精工,10116002
4952,国信证券股份有限公司广州临江大道证券营业部,2025-05-12,0,2,110176.04,24012933.48,-23902757.44,威尔高,10116002
4953,兴业证券股份有限公司南京分公司,2025-05-08,0,1,,23954716.48,-23954716.48,磁谷科技,10077331
4954,华泰证券股份有限公司总部,2025-05-27,0,2,,23970275.1,-23970275.1,正和生态 均瑶健康,10028451
4955,广发证券股份有限公司深圳福华一路证券营业部,2025-05-20,0,1,,24045854.0,-24045854.0,拉芳家化,10000147203
4956,广发证券股份有限公司东莞厚街证券营业部,2025-05-20,0,1,,24186528.79,-24186528.79,利扬芯片,10355205
4957,国海证券股份有限公司上海世纪大道证券营业部,2025-05-21,0,1,0.0,24188909.08,-24188909.08,宏工科技,10192603
4958,中银国际证券股份有限公司上海欧阳路证券营业部,2025-05-13,0,1,,24189228.0,-24189228.0,麒盛科技,10047162
4959,光大证券股份有限公司瑞安万松东路证券营业部,2025-05-20,0,1,15144.0,24205027.2,-24189883.2,源飞宠物,10397540
4960,国泰海通证券股份有限公司上海徐汇区宛平南路证券营业部,2025-05-20,0,1,24441.0,24236022.0,-24211581.0,安纳达,10023418
4961,招商证券股份有限公司深圳海德三道证券营业部,2025-05-28,0,1,7412.0,24219156.0,-24211744.0,尤夫股份,10498915
4962,华泰证券股份有限公司荆州江津中路证券营业部,2025-05-22,0,1,0.0,24243495.0,-24243495.0,中恒电气,10093205
4963,国投证券股份有限公司青岛辽阳东路证券营业部,2025-05-16,0,1,0.0,24310006.0,-24310006.0,通达股份,10957327
4964,国投证券股份有限公司青岛辽阳东路证券营业部,2025-05-15,0,1,0.0,24310006.0,-24310006.0,通达股份,10957327
4965,国盛证券有限责任公司宁波天童南路证券营业部,2025-05-22,2,2,49769622.0,74110086.0,-24340464.0,爱仕达 ST棕榈 天汽模,10664100
4966,中国银河证券股份有限公司上海上南路证券营业部,2025-05-23,0,1,210172.0,24551214.0,-24341042.0,海翔药业,10031769
4967,东方证券股份有限公司厦门仙岳路证券营业部,2025-05-26,1,1,9755216.0,34104167.15,-24348951.15,*ST岭南 金龙羽,10492163
4968,中国中金财富证券有限公司深圳分公司,2025-05-06,0,1,,24352217.92,-24352217.92,*ST东珠,10048460
4969,华泰证券股份有限公司郑州经三路证券营业部,2025-05-14,1,1,39873208.73,64302834.76,-24429626.03,凤凰航运,10081598
4970,华泰证券股份有限公司深圳前海证券营业部,2025-05-15,0,1,2198742.0,26667171.0,-24468429.0,尤夫股份,10443747
4971,中信证券(山东)有限责任公司淄博分公司,2025-05-26,0,1,,24497623.2,-24497623.2,莱绅通灵,10492356
4972,华宝证券股份有限公司舟山港航国际大厦证券营业部,2025-05-22,0,1,,24517922.0,-24517922.0,通达电气,10026981
4973,东亚前海证券有限责任公司上海分公司,2025-05-27,0,1,,24544773.07,-24544773.07,浪莎股份,10924074
4974,中信建投证券股份有限公司北京亦庄荣华中路证券营业部,2025-05-07,0,1,19768.0,24582910.0,-24563142.0,常山药业,10317920
4975,东北证券股份有限公司内蒙古分公司,2025-05-15,0,1,13469209.0,38129427.02,-24660218.02,大叶股份,10509062
4976,中国银河证券股份有限公司宁波宁穿路证券营业部,2025-05-14,0,1,251164.0,24914981.0,-24663817.0,凤凰航运,10133382
4977,中信证券华南股份有限公司云南分公司,2025-05-21,0,1,0.0,24692323.0,-24692323.0,一心堂,10110458
4978,广发证券股份有限公司上海漕溪北路证券营业部,2025-05-12,0,1,,24716224.78,-24716224.78,中邮科技,10022061
4979,海通证券股份有限公司汕头中山中路证券营业部,2025-05-13,0,1,,24795155.6,-24795155.6,春光科技,10040292
4980,国泰海通证券股份有限公司上海海阳西路证券营业部,2025-05-06,1,1,41326756.0,66145933.9,-24819177.9,红宝丽 中欣氟材,10000526029
4981,中信证券股份有限公司上海张江园区证券营业部,2025-05-08,0,1,15896.0,24874942.0,-24859046.0,华伍股份,10412522
4982,中信证券股份有限公司上海张江园区证券营业部,2025-05-07,0,1,0.0,24874942.0,-24874942.0,华伍股份,10412522
4983,开源证券股份有限公司西安太华路证券营业部,2025-05-12,4,3,85475467.9,110351602.0,-24876134.1,赛福天 润贝航科 迎丰股份 宏达高科 南方精工 中坚科技 宏工科技,10477800
4984,国信证券股份有限公司广州东风中路证券营业部,2025-05-26,0,2,214418.0,25110321.0,-24895903.0,ST棕榈 会畅科技,10045172
4985,国新证券股份有限公司北京月坛证券营业部,2025-05-20,0,1,4699050.37,29621736.95,-24922686.58,路斯股份,10105562
4986,摩根大通证券(中国)有限公司上海银城中路证券营业部,2025-05-16,1,3,3957826.0,28936068.4,-24978242.4,天和磁材 *ST集友 安正时尚,10000100571
4987,东亚前海证券有限责任公司苏州分公司,2025-05-12,0,1,0.0,25008563.0,-25008563.0,华伍股份,10000526027
4988,国泰海通证券股份有限公司南京太平南路证券营业部,2025-05-20,1,2,16649257.0,41862025.64,-25212768.64,丽人丽妆 安纳达 尤夫股份,10025054
4989,财通证券股份有限公司绍兴人民中路证券营业部,2025-05-29,0,1,,25231452.0,-25231452.0,京华激光,10026980
4990,招商证券股份有限公司济南经十路证券营业部,2025-05-28,0,1,,25298303.0,-25298303.0,中毅达,10093214
4991,恒泰证券股份有限公司上海河南南路证券营业部,2025-05-09,0,1,1629767.0,26967384.96,-25337617.96,华伍股份,10456489
4992,中国银河证券股份有限公司北京学院南路证券营业部,2025-05-28,0,1,,25446015.24,-25446015.24,乐惠国际,10023559
4993,东方财富证券股份有限公司南京庐山路证券营业部,2025-05-07,0,1,296480.0,25776479.36,-25479999.36,九芝堂,10943298
4994,中信证券股份有限公司启东公园南路证券营业部,2025-05-07,0,1,1950.0,25509878.99,-25507928.99,通易航天,10152447
4995,光大证券股份有限公司昆明人民中路证券营业部,2025-05-22,1,1,14982337.0,40550901.0,-25568564.0,廊坊发展 宜宾纸业,10048514
4996,申万宏源证券有限公司九江分公司,2025-05-13,0,1,,25571598.0,-25571598.0,航天长峰,10470591
4997,兴业证券股份有限公司台州分公司,2025-05-09,0,1,0.0,25617351.0,-25617351.0,鑫磊股份,10672587
4998,财通证券股份有限公司温州分公司,2025-05-07,1,3,10714194.0,36365189.88,-25650995.88,建设工业 晨曦航空 北方长龙,10061029
4999,广发证券股份有限公司广州寺右新马路证券营业部,2025-05-13,1,1,16928863.6,42615619.0,-25686755.4,汇通能源,10467464
5000,国联民生证券股份有限公司宜兴人民南路证券营业部,2025-05-06,1,1,240355.0,25953684.3,-25713329.3,ST帕瓦 交投生态,10112873
5001,财通证券股份有限公司杭州东湖南路证券营业部,2025-05-29,0,1,,25725850.0,-25725850.0,汇金通,10082587
5002,中信证券股份有限公司启东公园南路证券营业部,2025-05-08,0,1,17782.0,25744657.78,-25726875.78,通易航天,10152447
5003,中信证券华南股份有限公司广州广州大道中证券营业部,2025-05-21,0,1,115602.0,25909779.0,-25794177.0,一品红,10588615
5004,华泰证券股份有限公司浙江分公司,2025-05-20,0,1,126154.0,25952292.0,-25826138.0,潮宏基,10453712
5005,东亚前海交易单元(006110),2025-05-26,0,2,0.0,25993177.52,-25993177.52,新金路 海森药业,10001008536
5006,招商证券股份有限公司深圳中心路证券营业部,2025-05-26,0,1,7539972.0,33552429.0,-26012457.0,金龙羽,10456447
5007,国信证券股份有限公司福州五一中路证券营业部,2025-05-12,0,1,355641.0,26412478.0,-26056837.0,新大陆,10046440
5008,金元证券股份有限公司成都鹭岛路证券营业部,2025-05-13,0,1,9741.0,26080733.04,-26070992.04,*ST天箭,10051245
5009,第一创业证券股份有限公司深圳红岭北路证券营业部,2025-05-08,0,1,1256026.23,27451785.29,-26195759.06,通易航天,10264956
5010,中信建投证券股份有限公司北京京西分公司,2025-05-16,0,1,6931084.0,33148372.0,-26217288.0,拓新药业,10048196
5011,天风证券股份有限公司深圳分公司,2025-05-28,0,1,,26242194.0,-26242194.0,京华激光,10915765
5012,方正证券股份有限公司怀化正清路证券营业部,2025-05-08,0,1,,26321939.0,-26321939.0,华电辽能,10119413
5013,中国银河证券股份有限公司大连人民路证券营业部,2025-05-20,0,1,9688570.0,36027316.71,-26338746.71,中洲特材,10023511
5014,国泰海通证券股份有限公司承德世纪中路证券营业部,2025-05-27,0,1,27783.0,26374899.0,-26347116.0,星徽股份,10456748
5015,中国银河证券股份有限公司襄阳证券营业部,2025-05-14,0,1,150444.0,26506282.0,-26355838.0,皖通科技,10025302
5016,海通证券股份有限公司石家庄翟营南大街营业部,2025-05-14,0,1,14515.24,26420067.5,-26405552.26,吉林碳谷,10145223
5017,国元证券股份有限公司绍兴金柯桥大道证券营业部,2025-05-20,0,1,,26414760.0,-26414760.0,迎丰股份,10180994
5018,申万宏源证券有限公司深圳彩田路证券营业部,2025-05-08,0,1,852604.33,27289127.67,-26436523.34,狄耐克,10061793
5019,国盛证券有限责任公司杭州江锦路证券营业部,2025-05-19,1,1,20519282.0,47048703.0,-26529421.0,连云港 宁波远洋,10941153
5020,国盛证券有限责任公司上海浦东新区世纪大道证券营业部,2025-05-07,0,1,0.0,26558705.0,-26558705.0,大叶股份,10456650
5021,平安证券股份有限公司深圳分公司,2025-05-22,0,1,,26564917.4,-26564917.4,中毅达,10048273
5022,华泰证券股份有限公司上海浦东新区世纪大道证券营业部,2025-05-20,0,2,1606796.98,28194215.6,-26587418.62,贵航股份 永安药业,10441054
5023,华源证券股份有限公司江苏分公司,2025-05-12,0,2,,26613759.34,-26613759.34,华纺股份 天微电子,10484864
5024,甬兴证券有限公司宁波分公司,2025-05-09,0,1,,26619420.0,-26619420.0,航天长峰,10000170392
5025,摩根大通证券(中国)有限公司上海银城中路证券营业部,2025-05-07,2,2,53835648.24,80479467.28,-26643819.04,合锻智能 原尚股份 精进电动,10000100571
5026,五矿证券有限公司杭州中山北路证券营业部,2025-05-29,0,1,0.0,26676886.0,-26676886.0,广聚能源,10022014
5027,招商证券股份有限公司上海世纪大道证券营业部,2025-05-30,0,1,8735894.0,35422976.0,-26687082.0,千红制药,10046548
5028,中信建投证券股份有限公司安徽分公司,2025-05-06,0,1,12734735.0,39443330.92,-26708595.92,红宝丽,10158366
5029,华鑫证券有限责任公司西安科技路营业部,2025-05-15,0,1,266158.08,27028832.62,-26762674.54,万德股份,10030387
5030,东方财富证券股份有限公司深圳分公司,2025-05-08,0,1,0.0,26851481.0,-26851481.0,华伍股份,10767197
5031,华鑫证券有限责任公司上海陆家嘴证券营业部,2025-05-14,0,1,159746.0,27043143.0,-26883397.0,酷特智能,10000055316
5032,东亚前海证券有限责任公司浙江分公司,2025-05-15,1,2,8476166.0,35401066.66,-26924900.66,展鹏科技 *ST天箭 诺斯贝尔,10000011376
5033,中国中金财富证券有限公司上海分公司,2025-05-09,0,1,,26949441.0,-26949441.0,*ST网达,10022016
5034,海通证券股份有限公司汕头中山中路证券营业部,2025-05-06,0,1,,27016198.85,-27016198.85,九联科技,10040292
5035,红塔证券股份有限公司广州珠江东路证券营业部,2025-05-27,0,1,0.0,27168174.0,-27168174.0,英联股份,10124471
5036,国盛证券有限责任公司宁波桑田路证券营业部,2025-05-26,0,2,,27183913.0,-27183913.0,综艺股份 云中马,10456710
5037,华鑫证券有限责任公司上海光复路证券营业部,2025-05-13,0,1,344621.0,27560410.28,-27215789.28,*ST天箭,10993987
5038,中泰证券股份有限公司德州三八中路证券营业部,2025-05-08,0,2,369401.0,27656343.27,-27286942.27,山东墨龙 利君股份,10078444
5039,开源证券股份有限公司西安永城路证券营业部,2025-05-23,0,1,,27292890.0,-27292890.0,综艺股份,10495079
5040,中信证券股份有限公司温岭万昌中路证券营业部,2025-05-08,0,2,2014177.0,29371751.0,-27357574.0,佳力图 金龙机电,10030290
5041,华鑫证券有限责任公司上海梅园路证券营业部,2025-05-15,0,1,23762780.0,51127298.0,-27364518.0,吉林化纤,10000228198
5042,华林证券股份有限公司北京分公司,2025-05-27,1,2,20611060.94,47987073.28,-27376012.34,哈焊华通 会稽山,10065511
5043,联储证券股份有限公司平顶山中兴路证券营业部,2025-05-23,0,1,156123.0,27563632.05,-27407509.05,烽火电子,10040208
5044,海通证券股份有限公司南京常府街证券营业部,2025-05-23,0,1,74438.0,27500994.0,-27426556.0,宏桥控股,10023381
5045,招商证券股份有限公司上海中山南路证券营业部,2025-05-30,0,1,4645258.0,32074756.0,-27429498.0,富煌钢构,10507234
5046,国泰海通证券股份有限公司三亚迎宾路证券营业部,2025-05-09,0,1,0.0,27452256.0,-27452256.0,渝三峡A,10564207
5047,国盛证券有限责任公司深圳梅园路证券营业部,2025-05-13,0,1,0.0,27456804.04,-27456804.04,*ST天箭,10456723
5048,浙商证券股份有限公司杭州杭大路证券营业部,2025-05-30,0,1,16013.0,27545382.0,-27529369.0,创新医疗,10021964
5049,联储证券股份有限公司浙江分公司,2025-05-08,0,1,71423.0,27625378.97,-27553955.97,嘉事堂,10638001
5050,中国中金财富证券有限公司深圳市深圳湾一号证券营业部,2025-05-15,0,1,34249.0,27607534.0,-27573285.0,王子新材,10031838
5051,山西证券股份有限公司浙江分公司,2025-05-15,0,1,,27598573.04,-27598573.04,苏州龙杰,10737984
5052,中信证券股份有限公司南通海门长江南路证券营业部,2025-05-16,0,1,,27745047.0,-27745047.0,宁波海运,10152445
5053,平安证券股份有限公司厦门国际金融中心证券营业部,2025-05-13,0,2,3226587.0,30999722.0,-27773135.0,恒而达 宏景科技,10787610
5054,中国中金财富证券有限公司福州五四路证券营业部,2025-05-06,0,1,2799981.0,30596310.69,-27796329.69,邵阳液压,10436843
5055,联储证券股份有限公司杭州环城北路证券营业部,2025-05-06,0,1,0.0,27875172.03,-27875172.03,渝三峡A,10000866017
5056,国泰海通证券股份有限公司上海长宁区天山路证券营业部,2025-05-19,1,1,24195196.0,52080964.0,-27885768.0,华阳新材,10048511
5057,申万宏源证券有限公司南昌中山西路证券营业部,2025-05-13,0,1,4496.0,27907413.2,-27902917.2,纳尔股份,10095298
5058,华鑫证券有限责任公司江苏分公司,2025-05-30,0,1,213701.0,28119859.84,-27906158.84,雄帝科技,10442978
5059,申万宏源证券有限公司上海静安区海宁路证券营业部,2025-05-06,0,1,,27924423.8,-27924423.8,振江股份,10025444
5060,华鑫证券有限责任公司江苏分公司,2025-05-28,0,1,91755.0,28070109.0,-27978354.0,金龙羽,10442978
5061,光大证券股份有限公司上海仙霞路证券营业部,2025-05-28,0,1,,27996514.4,-27996514.4,安通控股,10153944
5062,湘财证券股份有限公司杭州五星路证券营业部,2025-05-21,0,1,,28119571.02,-28119571.02,铁流股份,10916991
5063,联储证券股份有限公司浙江分公司,2025-05-14,1,2,27294304.0,55417776.1,-28123472.1,百达精工 成飞集成,10638001
5064,上海证券有限责任公司乐清虹桥飞虹南路证券营业部,2025-05-29,0,1,,28136487.0,-28136487.0,合兴股份,10140752
5065,中国银河证券股份有限公司绍兴证券营业部,2025-05-23,0,1,470734.0,28623224.17,-28152490.17,天汽模,10023543
5066,广发证券股份有限公司上海南泉北路证券营业部,2025-05-12,0,1,568975.4,28828949.86,-28259974.46,晨曦航空,10000584247
5067,东海证券股份有限公司福州长乐北路证券营业部,2025-05-14,0,2,15763315.64,44126375.94,-28363060.3,成飞集成 朝阳科技,10913655
5068,光大证券股份有限公司上海人民北路证券营业部,2025-05-30,0,1,2702.0,28412028.0,-28409326.0,联化科技,10159811
5069,华泰证券股份有限公司武汉高新大道证券营业部,2025-05-19,0,1,913578.0,29386003.0,-28472425.0,吉林化纤,10123766
5070,国新证券股份有限公司岳阳大道证券营业部,2025-05-27,0,2,,28483886.0,-28483886.0,宿迁联盛 科捷智能,10437420
5071,光大证券股份有限公司东莞大朗长富西路证券营业部,2025-05-30,0,2,,28745713.0,-28745713.0,翠微股份 领先股份,10147196
5072,东方证券股份有限公司张家港东环路证券营业部,2025-05-27,0,1,15432807.0,44180830.3,-28748023.3,舒泰神,10702252
5073,沪股通专用,2025-05-07,4,7,179976467.12,208834713.54,-28858246.42,华胜天成 ST长园 大众交通 茂业商业 航天长峰 京运通 麒盛科技,10434470
5074,粤开证券股份有限公司广州分公司,2025-05-09,0,1,51520.0,28946968.4,-28895448.4,华伍股份,10332000
5075,华西证券股份有限公司乐山嘉定南路证券营业部,2025-05-29,0,1,,28911847.0,-28911847.0,福华尚纬,10028639
5076,华泰证券股份有限公司深圳益田路证券营业部,2025-05-29,0,1,0.0,28922526.4,-28922526.4,天阳科技,10434562
5077,中信建投证券股份有限公司成都南一环路证券营业部,2025-05-09,0,1,184513.0,29118006.47,-28933493.47,*ST天箭,10028734
5078,中信证券股份有限公司上海浦东新区东方路证券营业部,2025-05-06,0,1,1802169.0,30807886.65,-29005717.65,星帅尔,10045021
5079,国金证券股份有限公司宁波江澄南路证券营业部,2025-05-13,0,2,5989230.0,35001602.94,-29012372.94,宁波东力 利君股份,10000125619
5080,光大证券股份有限公司广州马场路证券营业部,2025-05-08,0,1,774193.0,29876112.0,-29101919.0,鸿博股份,10331995
5081,广发证券股份有限公司上海南泉北路证券营业部,2025-05-16,0,1,,29105499.56,-29105499.56,连云港,10000584247
5082,深股通专用,2025-05-13,5,7,390756335.09,419901550.31,-29145215.22,电投产融 富岭股份 奥普光电 凯美特气 利君股份 东方日升 拓斯达,10634757
5083,摩根大通证券(中国)有限公司上海银城中路证券营业部,2025-05-28,2,3,91278301.76,120515991.99,-29237690.23,合锻智能 乐惠国际 中邮科技,10000100571
5084,广发证券股份有限公司福州古田路证券营业部,2025-05-23,0,1,210193.0,29459377.0,-29249184.0,雪人集团,10031928
5085,国元证券股份有限公司绍兴金柯桥大道证券营业部,2025-05-15,0,1,,29277256.0,-29277256.0,迎丰股份,10180994
5086,申万宏源证券有限公司上海崇明区川心街证券营业部,2025-05-07,0,1,,29307816.15,-29307816.15,纬德信息,10021689
5087,长江证券股份有限公司武汉武珞路证券营业部,2025-05-30,0,1,50627.0,29411964.0,-29361337.0,海联金汇,10025413
5088,国金证券股份有限公司深圳分公司,2025-05-12,0,2,8340786.89,37777158.34,-29436371.45,七丰精工 华纺股份,10000104821
5089,中银国际证券股份有限公司上海欧阳路证券营业部,2025-05-21,1,2,144912.9,29634448.17,-29489535.27,中衡设计 苏州龙杰 汇丽B,10047162
5090,光大证券股份有限公司广州马场路证券营业部,2025-05-20,0,1,21687.0,29511796.0,-29490109.0,渝三峡A,10331995
5091,上海证券有限责任公司上海分公司,2025-05-30,0,1,420025.0,29944306.45,-29524281.45,舒泰神,10913317
5092,沪股通专用,2025-05-30,4,5,154994940.82,184689509.28,-29694568.46,百利电气 北投科技 德邦股份 翠微股份 皓元医药,10434470
5093,甬兴证券有限公司安徽分公司,2025-05-21,0,1,0.0,29704844.94,-29704844.94,天元宠物,10000923632
5094,中信证券股份有限公司台州分公司,2025-05-06,0,1,,29783160.1,-29783160.1,振江股份,10145019
5095,国泰海通证券股份有限公司郑州黄河路证券营业部,2025-05-08,0,1,,29800513.2,-29800513.2,全筑股份,10026725
5096,招商证券股份有限公司深圳宝兴路证券营业部,2025-05-12,0,1,1935504.0,31813135.0,-29877631.0,跨境通,10028686
5097,东亚前海证券有限责任公司深圳分公司,2025-05-22,0,1,,29907752.0,-29907752.0,综艺股份,10924068
5098,中泰证券股份有限公司上海浦东新区江耀路证券营业部,2025-05-06,0,1,0.0,29954964.0,-29954964.0,兴民智通,10448359
5099,中国银河证券股份有限公司广州华夏路证券营业部,2025-05-15,0,1,155212.89,30127707.26,-29972494.37,中集环科,10141412
5100,广发证券股份有限公司海口和平大道证券营业部,2025-05-14,0,1,288191.0,30325624.0,-30037433.0,皖通科技,10030126
5101,国泰海通证券股份有限公司桂林穿山东路证券营业部,2025-05-16,0,1,40820.0,30133848.0,-30093028.0,中洲特材,10134436
5102,国盛证券有限责任公司杭州江锦路证券营业部,2025-05-21,0,1,0.0,30138924.9,-30138924.9,天元宠物,10941153
5103,中泰证券股份有限公司北京朝外大街证券营业部,2025-05-20,0,1,122849.61,30277007.59,-30154157.98,路斯股份,10021899
5104,广发证券股份有限公司广西分公司(对外营业部),2025-05-20,0,1,,30219639.0,-30219639.0,亚泰集团 普利转退,10030101
5105,华泰证券股份有限公司深圳前海证券营业部,2025-05-21,0,1,6060646.0,36294757.0,-30234111.0,贝因美,10443747
5106,国泰海通证券股份有限公司上海静安区江场路证券营业部,2025-05-30,0,1,,30264564.0,-30264564.0,绿能慧充,10026724
5107,中国国际金融股份有限公司北京建国门外大街证券营业部,2025-05-14,1,1,4944045.0,35217450.83,-30273405.83,肯特催化 航天南湖,10050414
5108,南京证券股份有限公司溧阳罗湾路证券营业部,2025-05-23,0,1,0.0,30339911.0,-30339911.0,海辰药业,10573254
5109,摩根大通证券(中国)有限公司上海银城中路证券营业部,2025-05-15,2,3,20823431.0,51333549.6,-30510118.6,渤海化学 天和磁材 拉芳家化 安正时尚,10000100571
5110,国信证券股份有限公司北京分公司,2025-05-30,1,3,20351041.98,50892592.97,-30541550.99,睿智医药 胜业电气 峆一药业 广康生化,10122926
5111,财通证券股份有限公司温岭中华路证券营业部,2025-05-21,0,1,354565.0,30910607.48,-30556042.48,王子新材,10022026
5112,国泰海通证券股份有限公司深圳益田路证券营业部,2025-05-13,0,1,4775.0,30589917.44,-30585142.44,*ST天箭,10025388
5113,中泰证券股份有限公司江西分公司,2025-05-28,0,1,1831408.0,32458437.6,-30627029.6,青岛金王,10668235
5114,中信建投证券股份有限公司新疆分公司,2025-05-30,0,1,264589.0,30900444.0,-30635855.0,恒宝股份,10198158
5115,国元证券股份有限公司上海中山北路证券营业部,2025-05-30,0,1,21510.0,30796064.0,-30774554.0,千红制药,10026912
5116,高盛(中国)证券有限责任公司上海浦东新区世纪大道证券营业部,2025-05-19,3,3,45348485.99,76147913.57,-30799427.58,华阳新材 ST交昂 龙溪股份 百合股份 安乃达,10000399618
5117,浙商证券股份有限公司台州环城东路证券营业部,2025-05-29,0,1,7320673.0,38148928.24,-30828255.24,联化科技,10021967
5118,长城证券股份有限公司杭州南大街证券营业部,2025-05-16,0,1,,30844605.0,-30844605.0,宁波远洋,10159805
5119,东方证券股份有限公司北京学院路证券营业部,2025-05-09,0,1,,30899110.0,-30899110.0,华电辽能,10342157
5120,东吴证券股份有限公司武汉新华路证券营业部,2025-05-15,0,2,,30953502.0,-30953502.0,渤海化学 中远海发,10668330
5121,华福证券有限责任公司杭州五星路证券营业部,2025-05-07,0,1,,31010538.0,-31010538.0,中毅达,10709086
5122,开源证券股份有限公司西安太华路证券营业部,2025-05-30,8,5,200657301.0,231750865.17,-31093564.17,华远控股 御银股份 菲林格尔 融发核电 海联金汇 纵横股份 千红制药 元隆雅图 华森制药 雄帝科技 霍普股份 久盛电气,10477800
5123,山西证券股份有限公司晋城黄华街证券营业部,2025-05-07,0,1,237555.0,31396067.39,-31158512.39,通易航天,10086646
5124,东海证券股份有限公司福州长乐北路证券营业部,2025-05-06,0,1,,31230921.0,-31230921.0,龙溪股份,10913655
5125,中信证券股份有限公司上海石化证券营业部,2025-05-26,0,1,0.0,31298628.0,-31298628.0,会畅科技,10045022
5126,国新证券股份有限公司北京中关村大街证券营业部,2025-05-23,0,1,,31332547.75,-31332547.75,先达股份,10919501
5127,招商证券股份有限公司上海世纪大道证券营业部,2025-05-29,0,2,0.0,31450821.32,-31450821.32,ST云动 四创电子,10046548
5128,华鑫证券有限责任公司上海光复路证券营业部,2025-05-29,1,1,8149366.0,39697992.0,-31548626.0,永安药业 安正时尚,10993987
5129,中国中金财富证券有限公司深圳市深圳湾一号证券营业部,2025-05-16,0,1,68338.0,31788396.0,-31720058.0,王子新材,10031838
5130,中信证券股份有限公司重庆分公司,2025-05-07,0,2,608730.0,32368413.0,-31759683.0,宗申动力 ST惠程,10436239
5131,东亚前海证券有限责任公司浙江分公司,2025-05-26,1,2,4793456.0,36724108.69,-31930652.69,空港股份 海森药业 新天地,10000011376
5132,华泰证券股份有限公司深圳益田路荣超商务中心证券营业部,2025-05-30,0,1,1382781.83,33336518.17,-31953736.34,路桥信息,10142874
5133,中信建投证券股份有限公司东三环中路证券营业部,2025-05-29,0,1,590362.0,32550170.0,-31959808.0,拉卡拉,10198155
5134,华泰证券股份有限公司上海武定路证券营业部,2025-05-22,1,2,16330812.68,48361722.0,-32030909.32,重庆港 国光电器 丽人丽妆,10098087
5135,国联民生证券股份有限公司南京分公司,2025-05-29,0,1,,32049357.0,-32049357.0,概伦电子,10488855
5136,山西证券股份有限公司湖南分公司,2025-05-12,0,1,,32078366.64,-32078366.64,麒盛科技,10698470
5137,东方证券股份有限公司厦门仙岳路证券营业部,2025-05-07,1,2,7959998.0,40092760.6,-32132762.6,狄耐克 ST长园 退市国化,10492163
5138,中国银河证券股份有限公司北京安贞门证券营业部,2025-05-30,0,1,,32170707.9,-32170707.9,汇金通,10023519
5139,海通证券股份有限公司北京中关村南大街证券营业部,2025-05-20,1,1,11088825.44,43295004.72,-32206179.28,集泰股份 雪榕生物,10025071
5140,华鑫证券有限责任公司上海西藏中路证券营业部,2025-05-12,0,1,179256.0,32393795.0,-32214539.0,跨境通,10000246624
5141,海通证券股份有限公司成都人民西路证券营业部,2025-05-29,0,1,11605715.0,43837538.0,-32231823.0,拉卡拉,10030192
5142,中国国际金融股份有限公司上海分公司,2025-05-27,4,5,89241429.07,121729281.2,-32487852.13,滨海能源 肯特催化 永安药业 永冠新材 金龙羽 正和生态 星徽股份 哈焊华通 新天地,10088113
5143,华鑫证券有限责任公司上海西藏中路证券营业部,2025-05-22,0,1,,32499651.59,-32499651.59,丽人丽妆,10000246624
5144,华泰证券股份有限公司南京大光路证券营业部,2025-05-30,0,1,268579.0,32797509.62,-32528930.62,舒泰神,10021771
5145,国泰海通证券股份有限公司上海浦东新区海阳西路证券营业部,2025-05-15,0,1,0.0,32620000.0,-32620000.0,成飞集成,10000526029
5146,中国银河证券股份有限公司上海世界路证券营业部,2025-05-20,0,1,183665.0,32839222.0,-32655557.0,欧菲光,10030487
5147,爱建证券有限责任公司上海浦东新区前滩大道证券营业部,2025-05-07,0,1,,32877684.0,-32877684.0,华胜天成,10491827
5148,中山证券有限责任公司广州分公司,2025-05-22,0,1,,32929365.13,-32929365.13,*ST华幸,10108230
5149,华源证券股份有限公司江苏分公司,2025-05-22,0,1,,32940325.35,-32940325.35,综艺股份,10484864
5150,华安证券股份有限公司合肥金石广场证券营业部,2025-05-30,0,1,,33113255.0,-33113255.0,时代出版,10048366
5151,湘财证券股份有限公司北京朝外大街证券营业部,2025-05-08,0,1,,33199000.0,-33199000.0,华纺股份,10026785
5152,华福证券有限责任公司福州鼓屏路证券营业部,2025-05-22,0,1,290254.0,33494166.0,-33203912.0,昆仑万维,10067553
5153,财通证券股份有限公司温岭中华路证券营业部,2025-05-13,0,1,290525.0,33547852.0,-33257327.0,奥普光电,10022026
5154,华林证券股份有限公司北京分公司,2025-05-06,0,2,14177472.48,47488869.63,-33311397.15,渝三峡A 光大同创,10065511
5155,广发证券股份有限公司台州东海大道证券营业部,2025-05-09,0,1,,33367100.44,-33367100.44,华纺股份,10429205
5156,华福证券有限责任公司莆田东圳东路证券营业部,2025-05-14,0,1,282200.0,33671472.0,-33389272.0,恒而达,10083969
5157,东方财富证券股份有限公司昌都两江大道证券营业部,2025-05-06,3,3,55184232.74,88627381.55,-33443148.81,红宝丽 逸飞激光 红墙股份 中欣氟材 *ST新元 宏景科技,10342919
5158,东方证券股份有限公司无锡新生路证券营业部,2025-05-19,2,1,28875700.0,62323226.59,-33447526.59,路畅科技 久吾高科 中洲特材,10517841
5159,华西证券股份有限公司峨眉山光辉路证券营业部,2025-05-29,0,1,,33541215.0,-33541215.0,福华尚纬,10030376
5160,世纪证券有限责任公司江西分公司,2025-05-22,0,1,251419.0,33856338.0,-33604919.0,昆仑万维,10484932
5161,兴业证券股份有限公司厦门湖里大道证券营业部,2025-05-30,0,2,,33653326.6,-33653326.6,国芳集团 均瑶健康,10119151
5162,国泰海通证券股份有限公司上海徐汇区宛平南路证券营业部,2025-05-28,0,1,,33657638.28,-33657638.28,京华激光,10023418
5163,中国银河证券股份有限公司昆明白塔路证券营业部,2025-05-28,0,1,20632.0,33687936.0,-33667304.0,博世科,10025303
5164,华泰证券股份有限公司江西分公司,2025-05-07,1,1,6705220.0,40378214.0,-33672994.0,纬德信息 精进电动,10427427
5165,东方财富证券股份有限公司拉萨团结路第一证券营业部,2025-05-16,16,16,332313036.1,365997263.71,-33684227.61,芭薇股份 华纺股份 渝三峡A 甘化科工 七丰精工 青岛金王 万德股份 ST交昂 连云港 森萱医药 红宝丽 尚荣医疗 宁波远洋 跨境通 锦江航运 利君股份 红墙股份 天和磁材 *ST东珠 哈三联 迎丰股份 盛泰集团 中欣氟材 国光连锁 恒鑫生活 泽润新能,10484371
5166,中航证券有限公司深圳华富路证券营业部,2025-05-13,0,1,54254.0,33794165.0,-33739911.0,东方日升,10046802
5167,海通证券股份有限公司汕头中山中路证券营业部,2025-05-21,0,1,,33940990.2,-33940990.2,大千生态,10040292
5168,广发证券股份有限公司郑州农业路证券营业部,2025-05-26,0,1,67934.0,34022947.0,-33955013.0,信邦智能,10031937
5169,国金证券股份有限公司深圳分公司,2025-05-23,3,3,99642271.98,133623660.98,-33981389.0,空港股份 神雾节能 ST棕榈 王子新材,10000104821
5170,东吴证券股份有限公司吴江盛泽镇西环路证券营业部,2025-05-09,0,1,594165.0,34734200.0,-34140035.0,奥普光电,10139147
5171,东莞证券股份有限公司常熟东南大道证券营业部,2025-05-16,1,3,68251283.48,102409051.21,-34157767.73,华纺股份 成飞集成,10000667965
5172,东莞证券股份有限公司江苏常熟营业部,2025-05-16,1,3,68251283.48,102409051.21,-34157767.73,天工股份,10000667965
5173,国泰海通证券股份有限公司襄阳檀溪路证券营业部,2025-05-28,0,1,198692.0,34397493.0,-34198801.0,青岛金王,10079360
5174,中国银河证券股份有限公司福州证券营业部,2025-05-23,0,1,59874.0,34267003.0,-34207129.0,国风新材,10030496
5175,平安证券股份有限公司洛阳滨河南路证券营业部,2025-05-16,0,1,20808.0,34299062.0,-34278254.0,通达股份,10000066513
5176,招商证券股份有限公司深圳福华三路证券营业部,2025-05-29,0,1,15295650.0,49618981.0,-34323331.0,广聚能源,10194673
5177,华鑫证券有限责任公司上海光复路证券营业部,2025-05-08,0,1,2109475.6,36632678.0,-34523202.4,中欣氟材,10993987
5178,华泰证券股份有限公司上海长宁区凯旋路证券营业部,2025-05-09,1,1,1111587.8,35646044.72,-34534456.92,炼石航空 中毅达B,10334670
5179,方正证券股份有限公司台州解放路证券营业部,2025-05-23,0,1,5627349.0,40172815.83,-34545466.83,海翔药业,10028815
5180,中信证券股份有限公司上海分公司,2025-05-28,6,8,75646710.01,110221982.27,-34575272.26,波导股份 返利科技 *ST精伦 晋西车轴 中毅达 ST海钦 宜宾纸业 悦达投资 乐惠国际 正和生态,10135341
5181,国泰海通证券股份有限公司镇江长江路证券营业部,2025-05-13,0,1,,34594789.6,-34594789.6,华纺股份,10467677
5182,东海证券股份有限公司福州长乐北路证券营业部,2025-05-09,0,1,20075835.0,54859315.0,-34783480.0,奥普光电,10913655
5183,财通证券股份有限公司温岭中华路证券营业部,2025-05-07,1,2,22945254.04,57913345.0,-34968090.96,中毅达 红宝丽 *ST步森,10022026
5184,华西证券股份有限公司成都南一环路证券营业部,2025-05-29,0,1,,35042248.0,-35042248.0,福华尚纬,10028628
5185,光大证券股份有限公司福州五一北路证券营业部,2025-05-20,0,1,892041.0,36159699.84,-35267658.84,万安科技,10028450
5186,海通证券股份有限公司长沙五一大道证券营业部,2025-05-06,0,2,168165.0,35475566.6,-35307401.6,中欣氟材 新瀚新材,10099191
5187,国泰海通证券股份有限公司上海松江区中山东路证券营业部,2025-05-22,1,2,61117761.0,96436751.96,-35318990.96,青岛金王 保龄宝 王子新材,10134445
5188,平安证券股份有限公司杭州杭大路证券营业部,2025-05-07,0,1,5704441.0,41026019.5,-35321578.5,鸿博股份,10000136805
5189,华泰证券股份有限公司总部,2025-05-12,0,2,,35331430.79,-35331430.79,中国瑞林 春光科技,10028451
5190,中国银河证券股份有限公司南京上海路证券营业部,2025-05-15,0,1,3242.0,35377822.92,-35374580.92,万德股份,10030460
5191,国金证券股份有限公司北京崇文门外大街证券营业部,2025-05-15,0,2,0.0,35387875.32,-35387875.32,展鹏科技 *ST天箭,10510717
5192,山西证券股份有限公司晋城黄华街证券营业部,2025-05-08,0,1,1125495.0,36601396.59,-35475901.59,通易航天,10086646
5193,方正证券股份有限公司杭州滨江通和路证券营业部,2025-05-06,0,1,,35510097.0,-35510097.0,ST嘉澳,10139307
5194,中信证券股份有限公司上海静安区山西北路证券营业部,2025-05-30,0,1,,35610019.0,-35610019.0,菲林格尔,10137033
5195,招商证券股份有限公司北京西直门北大街证券营业部,2025-05-09,0,1,0.0,35669702.0,-35669702.0,侨银股份,10081652
5196,光大证券股份有限公司苏州文苑路证券营业部,2025-05-22,0,1,,35683199.0,-35683199.0,综艺股份,10636560
5197,联储证券股份有限公司重庆江北嘴证券营业部,2025-05-28,1,1,81607493.0,117404840.0,-35797347.0,融发核电 尤夫股份,10516789
5198,中国中金财富证券有限公司深圳分公司,2025-05-30,0,1,3463795.0,39290067.0,-35826272.0,ST云动,10048460
5199,国联民生证券股份有限公司北京分公司,2025-05-08,0,1,,35854094.12,-35854094.12,*ST东珠,10485044
5200,东亚前海证券有限责任公司苏州分公司,2025-05-28,1,2,8083982.9,44015493.48,-35931510.58,汇得科技 京华激光,10000526027
5201,国泰海通证券股份有限公司上海徐汇区宛平南路证券营业部,2025-05-06,0,2,3303.0,36089674.24,-36086371.24,*ST东珠,10023418
5202,国泰海通证券股份有限公司上海宛平南路证券营业部,2025-05-06,0,2,3303.0,36089674.24,-36086371.24,金凯生科,10023418
5203,华福证券有限责任公司山东分公司,2025-05-26,0,1,0.0,36188463.0,-36188463.0,融发核电,10484171
5204,国投证券股份有限公司西安朱雀大街证券营业部,2025-05-07,0,1,,36196217.0,-36196217.0,天和磁材,10561512
5205,中泰证券股份有限公司上海浦东新区江耀路证券营业部,2025-05-14,0,1,63383.0,36460628.0,-36397245.0,皖通科技,10448359
5206,华泰证券股份有限公司北京东三环北路证券营业部,2025-05-26,0,2,2590994.64,39033171.48,-36442176.84,雪人集团 辰光医疗,10079640
5207,中信证券股份有限公司上海分公司,2025-05-27,1,4,6544280.0,43024182.6,-36479902.6,退市创兴 宿迁联盛 通达电气 正和生态 均瑶健康,10135341
5208,财通证券股份有限公司杭州文二西路证券营业部,2025-05-21,0,1,45380.0,36543758.0,-36498378.0,信邦智能,10082583
5209,东亚前海证券有限责任公司上海分公司,2025-05-30,2,1,43910669.01,80420846.3,-36510177.29,*ST莫高 元隆雅图,10924074
5210,东方财富证券股份有限公司拉萨东环路第二证券营业部,2025-05-26,8,14,152485470.96,189056284.09,-36570813.13,浪莎股份 辰光医疗 海南海药 常辅股份 退市锦港 南京港 锦江在线 武汉凡谷 中科美菱 凯美特气 综艺股份 王子新材 苏州龙杰 通达电气 中洲特材 信邦智能 太力科技,10472087
5211,方正证券股份有限公司湖北分公司,2025-05-29,0,1,57807.0,36638020.08,-36580213.08,拉卡拉,10176511
5212,中泰证券股份有限公司上海浦东新区江耀路证券营业部,2025-05-20,0,1,106903.0,36689000.0,-36582097.0,万安科技,10448359
5213,国泰海通证券股份有限公司东莞总部一路证券营业部,2025-05-20,0,1,,36624594.0,-36624594.0,丽人丽妆,10000673606
5214,中信证券股份有限公司南京洪武北路证券营业部,2025-05-16,0,1,11970.0,36705000.74,-36693030.74,新瀚新材,10045011
5215,中信证券(山东)有限责任公司滨州府前街证券营业部,2025-05-30,0,1,,36845924.0,-36845924.0,绿能慧充,10048354
5216,兴业证券股份有限公司厦门湖里大道证券营业部,2025-05-22,0,1,290148.0,37244821.32,-36954673.32,郑中设计,10119151
5217,中信建投证券股份有限公司杭州庆春路证券营业部,2025-05-29,4,3,163753222.64,200860481.64,-37107259.0,绿能慧充 融发核电 福华尚纬 久盛电气 京华激光,10033779
5218,华鑫证券有限责任公司上海西藏中路证券营业部,2025-05-06,0,1,673392.0,37784600.16,-37111208.16,鸿博股份,10000246624
5219,高盛(中国)证券有限责任公司上海浦东新区世纪大道证券营业部,2025-05-13,3,6,27730964.5,64921649.36,-37190684.86,退市创兴 万通发展 退市华嵘 ST交昂 亚振家居 春光科技 哈森股份,10000399618
5220,湘财证券股份有限公司北京建国门内大街证券营业部,2025-05-21,0,1,,37217161.52,-37217161.52,中邮科技,10145221
5221,甬兴证券有限公司台州分公司,2025-05-09,0,1,,37292025.0,-37292025.0,航天长峰,10000505782
5222,中国银河证券股份有限公司海口国兴大道证券营业部,2025-05-12,0,1,71894.0,37365842.4,-37293948.4,万向钱潮,10023518
5223,中信建投证券股份有限公司杭州萧山市心中路证券营业部,2025-05-20,0,1,2048532.0,39428780.0,-37380248.0,天元宠物,10429362
5224,中信建投证券股份有限公司北京市马家堡西路证券营业部,2025-05-21,1,1,993498.24,38421056.0,-37427557.76,空港股份,10124382
5225,中信建投证券股份有限公司北京马家堡西路证券营业部,2025-05-21,1,1,993498.24,38421056.0,-37427557.76,普利退,10124382
5226,国盛证券有限责任公司宁波桑田路证券营业部,2025-05-16,2,3,78436701.76,115971411.1,-37534709.34,渝三峡A 成飞集成 绿康生化 新瀚新材,10456710
5227,国盛证券有限责任公司宁波桑田路营业部,2025-05-16,2,3,78436701.76,115971411.1,-37534709.34,芭薇股份,10456710
5228,信达证券股份有限公司台州玉兰路证券营业部,2025-05-06,0,1,6315.0,37551996.0,-37545681.0,信质集团,10397651
5229,第一创业证券股份有限公司金华李渔东路证券营业部,2025-05-09,0,1,0.0,37577475.4,-37577475.4,万向钱潮,10190948
5230,兴业证券股份有限公司上海锦康路证券营业部,2025-05-06,0,1,110657.0,37798255.0,-37687598.0,星帅尔,10083078
5231,中信建投证券股份有限公司长乐吴航路证券营业部,2025-05-26,0,1,13832014.0,51622375.0,-37790361.0,雪人集团,10388802
5232,华福证券有限责任公司杭州江南大道证券营业部,2025-05-07,0,1,0.0,38180053.0,-38180053.0,狄耐克,10787866
5233,招商证券股份有限公司青岛五四广场证券营业部,2025-05-07,0,1,,38299529.0,-38299529.0,大众交通,10429567
5234,中信证券股份有限公司北京安外大街证券营业部,2025-05-21,0,1,,38308922.0,-38308922.0,会稽山,10045007
5235,长江证券股份有限公司上海分公司,2025-05-09,1,1,17069135.0,55548486.0,-38479351.0,润贝航科 瑞鹄模具,10484958
5236,华泰证券股份有限公司南京鱼市街证券营业部,2025-05-20,0,2,0.0,38586405.91,-38586405.91,佳合科技,10143413
5237,华泰证券股份有限公司南京中山东路第二证券营业部,2025-05-20,0,2,0.0,38586405.91,-38586405.91,铁流股份,10143413
5238,华安证券股份有限公司乌海滨河大道证券营业部,2025-05-22,0,1,,38659707.8,-38659707.8,*ST集友,10583898
5239,中国银河证券股份有限公司广州天河北路证券营业部,2025-05-22,0,1,,38817147.0,-38817147.0,通达电气,10023537
5240,海通证券股份有限公司南京广州路证券营业部,2025-05-23,0,2,1523085.0,40343029.0,-38819944.0,ST金鸿 宏桥控股,10048429
5241,中山证券有限责任公司浙江分公司,2025-05-08,0,1,557.0,38925608.0,-38925051.0,华孚时尚,10130649
5242,国泰海通证券股份有限公司深圳益田路证券营业部,2025-05-07,0,1,1401351.2,40398846.2,-38997495.0,中欣氟材,10025388
5243,华泰证券股份有限公司天津东丽开发区二纬路证券营业部,2025-05-09,0,1,246535.0,39657512.46,-39410977.46,渝三峡A,10147201
5244,东方证券股份有限公司厦门仙岳路证券营业部,2025-05-13,0,1,,39516833.0,-39516833.0,华纺股份,10492163
5245,国信证券股份有限公司蓬莱南关路证券营业部,2025-05-08,0,1,10658.0,39633640.74,-39622982.74,狄耐克,10331998
5246,平安证券股份有限公司潍坊民生东街证券营业部,2025-05-27,0,1,1950.0,39696761.0,-39694811.0,舒泰神,10000075675
5247,中信建投证券股份有限公司泉州分公司,2025-05-20,0,1,504183.0,40268454.99,-39764271.99,利君股份,10003306
5248,方正证券股份有限公司台州解放路证券营业部,2025-05-20,0,1,,39915038.99,-39915038.99,利扬芯片,10028815
5249,华泰证券股份有限公司成都蜀金路证券营业部,2025-05-19,0,2,4610840.0,44622218.44,-40011378.44,东方中科 江天化学,10175321
5250,国元证券股份有限公司宁波分公司,2025-05-20,0,1,441.0,40133052.0,-40132611.0,中超控股,10000583825
5251,中信证券股份有限公司诸暨暨东路证券营业部,2025-05-20,0,2,351772.0,40527197.96,-40175425.96,万安科技 雪榕生物,10071021
5252,国泰海通证券股份有限公司成都北一环路证券营业部,2025-05-19,2,2,60825324.0,101024653.96,-40199329.96,万安科技 豪恩汽电,10026897
5253,中信证券(山东)有限责任公司青岛连云港路证券营业部,2025-05-16,0,1,325666.0,40558264.0,-40232598.0,拓新药业,10027095
5254,开源证券股份有限公司西安高新成章路证券营业部,2025-05-27,0,1,16644.0,40265905.0,-40249261.0,雪人集团,10657381
5255,中国银河证券股份有限公司厦门嘉禾路证券营业部,2025-05-15,0,2,596348.0,40855551.66,-40259203.66,尚荣医疗 中毅达,10023542
5256,山西证券股份有限公司上海松花江路证券营业部,2025-05-14,0,1,93036.0,40373143.0,-40280107.0,*ST宝馨,10046823
5257,国泰海通证券股份有限公司总部,2025-05-22,9,10,203010218.11,243334751.43,-40324533.32,廊坊发展 科新发展 百利电气 中毅达 乐山电力 宜宾纸业 连云港 东贝集团 汇得科技 *ST集友 正和生态 退市太和 丽人丽妆 航天南湖,10004865
5258,甬兴证券有限公司宁波和源路证券营业部,2025-05-13,0,2,,40376974.04,-40376974.04,华升股份 航天南湖,10000147202
5259,川财证券有限责任公司乐山五通桥文化街证券营业部,2025-05-29,0,1,,40536930.69,-40536930.69,福华尚纬,10046603
5260,广发证券股份有限公司上海西藏南路证券营业部,2025-05-30,0,1,,40578119.25,-40578119.25,华纳药厂,10046827
5261,中国国际金融股份有限公司北京建国门外大街证券营业部,2025-05-28,0,2,,40588480.9,-40588480.9,国芳集团 鼎龙科技,10050414
5262,中泰证券股份有限公司上海花园石桥路证券营业部,2025-05-27,0,1,2977198.0,43951416.0,-40974218.0,诺普信,10920292
5263,招商证券股份有限公司上海世纪大道证券营业部,2025-05-09,0,2,,41134104.0,-41134104.0,航天长峰 佳力图,10046548
5264,中国国际金融股份有限公司上海分公司,2025-05-08,2,7,54617531.15,95843456.9,-41225925.75,视觉中国 新坐标 沃尔核材 天和磁材 海能达 迪生力 亚振家居 明新旭腾 嵘泰股份,10088113
5265,兴业证券股份有限公司福州工业路证券营业部,2025-05-26,0,1,,41244344.53,-41244344.53,中邮科技,10057576
5266,国泰海通证券股份有限公司顺德大良证券营业部,2025-05-21,1,1,49130449.77,90531348.72,-41400898.95,王子新材,10064718
5267,东海证券股份有限公司无锡分公司,2025-05-26,0,1,0.0,41405563.0,-41405563.0,融发核电,10000823643
5268,瑞银证券有限责任公司上海浦东新区花园石桥路第二证券营业部,2025-05-28,2,5,50518263.37,91971977.3,-41453713.93,晋西车轴 宜宾纸业 鼎龙科技 美邦股份 中邮科技,10342152
5269,国盛证券有限责任公司宁波桑田路证券营业部,2025-05-19,0,2,5788122.0,47582127.82,-41794005.82,渝三峡A 中毅达,10456710
5270,中国银河证券股份有限公司杭州双龙街证券营业部,2025-05-30,0,1,47498.0,41854899.47,-41807401.47,中超控股,10763954
5271,华泰证券股份有限公司常州和平北路证券营业部,2025-05-30,0,1,3788877.0,45614720.6,-41825843.6,千红制药,10124413
5272,中信证券华南股份有限公司广州临江大道证券营业部,2025-05-13,0,1,6587594.44,48453747.46,-41866153.02,中超控股,10173089
5273,西部证券股份有限公司北京新街口北大街证券营业部,2025-05-30,0,1,,41995589.0,-41995589.0,翠微股份,10046700
5274,湘财证券股份有限公司北京朝外大街证券营业部,2025-05-07,0,1,,42190850.0,-42190850.0,华纺股份,10026785
5275,中国银河证券股份有限公司成都武阳大道证券营业部,2025-05-20,0,1,31089.0,42232870.09,-42201781.09,利君股份,10768379
5276,中国银河证券股份有限公司厦门嘉禾路证券营业部,2025-05-20,0,1,2082141.0,44300688.0,-42218547.0,利君股份,10023542
5277,国泰海通证券股份有限公司上海江场路证券营业部,2025-05-07,0,1,765803.0,43174962.09,-42409159.09,大叶股份,10026724
5278,华泰证券股份有限公司深圳前海证券营业部,2025-05-27,1,1,48920748.32,91374900.84,-42454152.52,中超控股,10443747
5279,国金证券股份有限公司成都武成大街证券营业部,2025-05-30,0,1,177454.0,42643883.0,-42466429.0,元隆雅图,10112547
5280,世纪证券有限责任公司深圳罗湖分公司,2025-05-15,0,1,,42562288.0,-42562288.0,华纺股份,10000926098
5281,世纪证券有限责任公司深圳罗湖分公司,2025-05-13,0,1,,42562288.0,-42562288.0,华纺股份,10000926098
5282,中信证券股份有限公司深圳深业上城证券营业部,2025-05-29,0,1,8224.0,42679218.0,-42670994.0,拉卡拉,10583026
5283,中信证券股份有限公司上海浦东新区东方路证券营业部,2025-05-20,0,1,2422155.0,45439868.0,-43017713.0,丰茂股份,10045021
5284,中信建投证券股份有限公司厦门环城西路证券营业部,2025-05-08,1,1,26329234.0,69400793.0,-43071559.0,金龙机电,10737595
5285,中信证券股份有限公司北京安外大街证券营业部,2025-05-13,0,1,,43107900.0,-43107900.0,万通发展,10045007
5286,中信证券股份有限公司上海溧阳路证券营业部,2025-05-14,0,2,,43226321.09,-43226321.09,麒盛科技 航天南湖,10045025
5287,中国银河证券股份有限公司洛阳太康路证券营业部,2025-05-16,0,1,17256.0,43469871.0,-43452615.0,通达股份,10436752
5288,中国银河证券股份有限公司柳州友谊路证券营业部,2025-05-28,0,1,709843.0,44187991.52,-43478148.52,中超控股,10339031
5289,华鑫证券有限责任公司深圳财富大厦证券营业部,2025-05-15,0,3,38272.0,43548545.96,-43510273.96,尚荣医疗 京运通 迎丰股份,10000734168
5290,东方财富证券股份有限公司拉萨东环路第二证券营业部,2025-05-29,11,15,314052095.74,357815597.02,-43763501.28,新安洁 合锻智能 古麒绒材 苏州龙杰 瑞奇智造 青岛金王 鸿博股份 永冠新材 永安药业 莱绅通灵 美邦股份 ST棕榈 丽人丽妆 中超控股 雪人集团 王子新材 郑中设计 金龙羽 四方精创 邵阳液压 新天地,10472087
5291,中国银河证券股份有限公司杭州双龙街证券营业部,2025-05-26,0,1,,43818945.5,-43818945.5,综艺股份,10763954
5292,中国国际金融股份有限公司上海分公司,2025-05-28,4,8,78082741.91,121965853.13,-43883111.22,宜宾纸业 安纳达 永冠新材 永安药业 江苏新能 明牌珠宝 郑中设计 正和生态 华森制药 欢乐家 邵阳液压 豪江智能,10088113
5293,海通证券股份有限公司金华回溪街证券营业部,2025-05-12,0,1,0.0,43907383.0,-43907383.0,万向钱潮,10456357
5294,华泰证券股份有限公司大连港兴路证券营业部,2025-05-19,0,1,51800.0,43984915.0,-43933115.0,东方中科,10080007
5295,国泰海通证券股份有限公司上海浦东新区海阳西路证券营业部,2025-05-27,0,1,4762.0,43948501.0,-43943739.0,金龙羽,10000526029
5296,申万宏源证券有限公司上海嘉定区塔城路证券营业部,2025-05-13,0,1,9751.0,44211903.0,-44202152.0,宏景科技,10048537
5297,长江证券股份有限公司上海分公司,2025-05-22,0,1,,44315595.9,-44315595.9,*ST华幸,10484958
5298,国泰海通证券股份有限公司临海巾山中路证券营业部,2025-05-21,1,1,4904798.0,49385759.95,-44480961.95,大千生态 普利退,10025171
5299,中信证券华南股份有限公司广州临江大道证券营业部,2025-05-09,0,1,1528066.0,46040223.5,-44512157.5,中超控股,10173089
5300,甬兴证券有限公司青岛分公司,2025-05-16,0,1,,44610726.0,-44610726.0,宁波远洋,10000170393
5301,中国中金财富证券有限公司福州五四路证券营业部,2025-05-12,0,1,579474.0,45265775.0,-44686301.0,新大陆,10436843
5302,中国银河证券股份有限公司广州中山二路证券营业部,2025-05-29,0,1,279769.0,44988175.0,-44708406.0,粤电力A,10031771
5303,联储证券股份有限公司重庆江北嘴证券营业部,2025-05-30,0,1,9440.0,44726988.0,-44717548.0,尤夫股份,10516789
5304,华泰证券股份有限公司上海徐汇区龙启路证券营业部,2025-05-30,0,1,,44744364.0,-44744364.0,中力股份,10046455
5305,中国中金财富证券有限公司南京龙蟠中路证券营业部,2025-05-07,0,1,494284.0,45716577.0,-45222293.0,九芝堂,10426218
5306,国泰海通证券股份有限公司上海松江区中山东路证券营业部,2025-05-16,1,1,37662517.31,82913027.38,-45250510.07,丽人丽妆,10134445
5307,国盛证券有限责任公司苏南分公司,2025-05-22,0,1,,45383888.0,-45383888.0,*ST华幸,10666747
5308,国盛证券有限责任公司深圳梅园路证券营业部,2025-05-29,0,2,32234.0,45466133.0,-45433899.0,永安药业 尤夫股份,10456723
5309,国泰海通证券股份有限公司北京金融街证券营业部,2025-05-19,0,1,,45514327.0,-45514327.0,中毅达,10124786
5310,爱建证券有限责任公司上海浦东新区前滩大道证券营业部,2025-05-09,0,1,0.0,45740021.0,-45740021.0,奥普光电,10491827
5311,长城证券股份有限公司长沙五一中路证券营业部,2025-05-29,0,1,129653.0,46019609.9,-45889956.9,永安药业,10025236
5312,光大证券股份有限公司上海淮海中路证券营业部,2025-05-30,0,1,,45890371.0,-45890371.0,德邦股份,10125410
5313,太平洋证券股份有限公司汕头嵩山路证券营业部,2025-05-28,0,1,128178.0,46375056.0,-46246878.0,博世科,10519549
5314,东亚前海证券有限责任公司上海分公司,2025-05-07,1,1,14462960.0,60785439.0,-46322479.0,红宝丽 绿康生化,10924074
5315,国信证券股份有限公司北京分公司,2025-05-28,2,2,21482719.37,67926847.7,-46444128.33,胜业电气 中旗股份 骑士乳业 新天地,10122926
5316,华泰证券股份有限公司上海长宁区凯旋路证券营业部,2025-05-21,0,1,,46734313.0,-46734313.0,*ST华幸 普利转退,10334670
5317,东方证券股份有限公司上海长宁区遵义南路证券营业部,2025-05-30,0,1,0.0,46933837.0,-46933837.0,恒宝股份,10031924
5318,沪股通专用,2025-05-15,5,7,239572303.4,286632949.19,-47060645.79,大有能源 连云港 锦江航运 中远海发 京运通 金桥信息 航天南湖,10434470
5319,中信证券股份有限公司上海分公司,2025-05-22,3,5,34058534.29,81251934.21,-47193399.92,汇得科技 通达电气 *ST集友 莱绅通灵 正和生态 丽人丽妆 航天南湖,10135341
5320,华泰证券股份有限公司南京中山东路第二证券营业部,2025-05-14,0,1,375662.0,47768064.5,-47392402.5,南京港,10143413
5321,长城证券股份有限公司长沙五一中路证券营业部,2025-05-21,0,1,637771.0,48067368.6,-47429597.6,成飞集成,10025236
5322,招商证券股份有限公司北京望京阜安西路证券营业部,2025-05-29,0,1,,47442746.03,-47442746.03,概伦电子,10506034
5323,海通证券股份有限公司上海徐汇区建国西路证券营业部,2025-05-06,0,1,534550.0,48111037.53,-47576487.53,大叶股份,10028440
5324,太平洋证券股份有限公司河北分公司,2025-05-23,0,1,1514.0,47727336.0,-47725822.0,滨海能源,10677211
5325,国泰海通证券股份有限公司南昌丰和中大道证券营业部,2025-05-30,0,1,1022005.0,48777104.0,-47755099.0,ST云动,10543172
5326,浙商证券股份有限公司宁波分公司,2025-05-15,1,1,40928097.0,88688340.0,-47760243.0,吉林化纤,10484761
5327,甬兴证券有限公司天津解放北路证券营业部,2025-05-30,0,2,4080000.0,51945507.02,-47865507.02,青岛金王 尤夫股份,10000565545
5328,国盛证券有限责任公司苏南分公司,2025-05-21,0,2,1206582.0,49381907.0,-48175325.0,*ST南置 *ST华幸,10666747
5329,财通证券股份有限公司杭州东湖南路证券营业部,2025-05-26,1,1,20453147.53,68847627.04,-48394479.51,ST棕榈 郑中设计,10082587
5330,中信证券股份有限公司上海溧阳路证券营业部,2025-05-09,1,2,46671682.92,95345357.05,-48673674.13,远信工业 浙江荣泰,10045025
5331,爱建证券有限责任公司上海浦东新区前滩大道证券营业部,2025-05-21,1,1,18896000.0,67628142.0,-48732142.0,三生国健 成飞集成,10491827
5332,中国银河证券股份有限公司广州东风中路证券营业部,2025-05-30,0,1,570184.0,49658403.42,-49088219.42,睿智医药,10023585
5333,山西证券股份有限公司太原迎泽大街证券营业部,2025-05-21,1,1,35089396.0,84207128.0,-49117732.0,信邦智能,10025329
5334,中信证券股份有限公司上海分公司,2025-05-21,6,6,101651998.38,150943367.55,-49291369.17,露笑科技 宝光股份 退市岩石 会稽山 中衡设计 肯特催化 苏州龙杰 莱绅通灵 铁流股份 大千生态 中邮科技,10135341
5335,中泰证券股份有限公司湖北分公司,2025-05-06,0,1,47940.0,49717772.0,-49669832.0,南方精工,10484897
5336,招商证券股份有限公司北京安外大街证券营业部,2025-05-13,0,1,,49741332.0,-49741332.0,万通发展,10156202
5337,财通证券股份有限公司温岭泽国泽牧路证券营业部,2025-05-09,0,1,62225.0,49850679.88,-49788454.88,鑫磊股份,10664406
5338,国泰海通证券股份有限公司南京太平南路证券营业部,2025-05-12,0,2,219159.0,50081762.0,-49862603.0,利君股份 宜宾纸业,10025054
5339,国投证券股份有限公司浙江分公司,2025-05-06,0,1,0.0,49911804.32,-49911804.32,中洲特材,10488985
5340,东吴证券股份有限公司上海西藏南路证券营业部,2025-05-28,0,1,2607439.0,52575011.0,-49967572.0,豪江智能,10143030
5341,国泰海通证券股份有限公司宜昌沿江大道证券营业部,2025-05-28,1,2,42368867.0,92443350.5,-50074483.5,中超控股 创源股份,10026729
5342,国泰海通证券股份有限公司沈阳黄河南大街证券营业部,2025-05-06,0,1,,50125120.0,-50125120.0,曙光股份,10025368
5343,国盛证券有限责任公司南昌金融大街证券营业部,2025-05-07,0,1,,50191389.0,-50191389.0,华胜天成,10456701
5344,海通证券股份有限公司金华回溪街证券营业部,2025-05-09,0,1,0.0,50270700.0,-50270700.0,万向钱潮,10456357
5345,国海证券股份有限公司南宁滨湖路证券营业部,2025-05-28,0,1,153898.0,50445692.0,-50291794.0,博世科,10050416
5346,国泰海通证券股份有限公司总部,2025-05-16,5,10,197110720.49,247602075.62,-50491355.13,连云港 天和磁材 安乃达 *ST东珠 亚振家居 *ST集友 安正时尚 丽人丽妆 洪通燃气 国光连锁,10004865
5347,华鑫证券有限责任公司南京清凉门大街证券营业部,2025-05-06,0,1,290960.0,51110529.0,-50819569.0,鸿博股份,10993985
5348,天风证券股份有限公司上海浦东分公司,2025-05-21,0,1,,51132576.0,-51132576.0,三生国健,10944812
5349,东莞证券股份有限公司常熟东南大道证券营业部,2025-05-14,1,1,9855634.14,61179227.65,-51323593.51,万向钱潮,10000667965
5350,东莞证券股份有限公司江苏常熟营业部,2025-05-14,1,1,9855634.14,61179227.65,-51323593.51,天工股份,10000667965
5351,天风证券股份有限公司上海浦东分公司,2025-05-22,0,1,,51495392.0,-51495392.0,三生国健,10944812
5352,爱建证券有限责任公司上海浦东新区前滩大道证券营业部,2025-05-13,0,1,0.0,51655672.5,-51655672.5,拓斯达,10491827
5353,广发证券股份有限公司广州农林下路证券营业部,2025-05-20,0,1,18826.0,51788520.0,-51769694.0,一品红,10030100
5354,粤开证券股份有限公司深圳深南大道证券营业部,2025-05-09,0,1,1118.0,51842000.0,-51840882.0,华伍股份,10747420
5355,中信证券股份有限公司深圳深南大道证券营业部,2025-05-29,0,1,2156448.0,54103456.4,-51947008.4,广聚能源,10052124
5356,方正证券股份有限公司温州怀江路证券营业部,2025-05-20,0,1,561217.0,52544021.92,-51982804.92,利君股份,10495041
5357,国泰海通证券股份有限公司襄阳檀溪路证券营业部,2025-05-22,0,1,119833.0,52361161.28,-52241328.28,红宝丽,10079360
5358,中信证券(山东)有限责任公司洛阳中州中路证券营业部,2025-05-12,0,1,,52357985.87,-52357985.87,航天南湖,10206360
5359,中信证券(山东)有限责任公司洛阳中州中路证券营业部,2025-05-09,0,1,,52357985.87,-52357985.87,航天南湖,10206360
5360,华泰证券股份有限公司南京中山东路华泰证券大厦证券营业部,2025-05-23,0,1,2620600.0,55032766.0,-52412166.0,慧博云通,10021708
5361,国盛证券有限责任公司深圳粤海街道证券营业部,2025-05-20,0,1,57225.0,52540056.5,-52482831.5,东方中科,10516527
5362,中信证券股份有限公司深圳深南大道证券营业部,2025-05-28,0,1,1282835.0,54103456.4,-52820621.4,广聚能源,10052124
5363,海通证券股份有限公司上海徐汇区建国西路证券营业部,2025-05-07,0,1,742241.0,53689684.71,-52947443.71,大叶股份,10028440
5364,广发证券股份有限公司荣成石岛证券营业部,2025-05-19,0,2,0.0,53079404.85,-53079404.85,路畅科技 百合股份,10384564
5365,华泰证券股份有限公司马鞍山湖东中路证券营业部,2025-05-30,0,1,,53190938.6,-53190938.6,福龙马,10201787
5366,国泰海通证券股份有限公司三亚迎宾路证券营业部,2025-05-07,0,1,,53224351.98,-53224351.98,茂业商业,10564207
5367,华泰证券股份有限公司天津东丽开发区二纬路证券营业部,2025-05-06,0,1,3631161.0,56933024.0,-53301863.0,红宝丽,10147201
5368,国泰海通证券股份有限公司北京金融街证券营业部,2025-05-20,0,1,,53326175.17,-53326175.17,宁波海运,10124786
5369,中国银河证券股份有限公司沈阳大北关街证券营业部,2025-05-23,2,2,94242907.18,147644620.3,-53401713.12,永安药业 苏州龙杰 王子新材,10023594
5370,浙商证券股份有限公司上海浦东杨高南路证券营业部,2025-05-15,0,1,,53507735.0,-53507735.0,金桥信息,10484374
5371,诚通证券股份有限公司北京榴乡路证券营业部,2025-05-09,0,1,,53510208.8,-53510208.8,航天长峰,10176548
5372,华泰证券股份有限公司南京止马营证券营业部,2025-05-07,0,1,,53519142.0,-53519142.0,精进电动,10021767
5373,申万宏源证券有限公司深圳上步中路证券营业部,2025-05-16,0,1,,53600731.0,-53600731.0,宁波远洋,10026956
5374,中泰证券股份有限公司湖北分公司,2025-05-08,0,1,7996658.0,61597753.0,-53601095.0,红宝丽,10484897
5375,东方证券股份有限公司张家港东环路证券营业部,2025-05-15,0,2,2776376.0,56560950.08,-53784574.08,*ST天箭 航天南湖,10702252
5376,国联民生证券股份有限公司北京分公司,2025-05-26,0,1,5988.0,54115545.0,-54109557.0,中超控股,10485044
5377,开源证券股份有限公司上海永泰路证券营业部,2025-05-20,0,1,0.0,54425460.77,-54425460.77,五新智能,10000186659
5378,中泰证券股份有限公司湖北分公司,2025-05-19,0,1,12821807.0,67458474.6,-54636667.6,中欣氟材,10484897
5379,中国银河证券股份有限公司厦门嘉禾路证券营业部,2025-05-09,0,2,,55028956.99,-55028956.99,华胜天成 中毅达,10023542
5380,国泰海通证券股份有限公司上海松江区中山东路证券营业部,2025-05-15,1,2,87005424.0,142063332.0,-55057908.0,襄阳轴承 跨境通 川宁生物,10134445
5381,广发证券股份有限公司广州农林下路证券营业部,2025-05-21,0,1,1113605.0,56565738.0,-55452133.0,一品红,10030100
5382,国盛证券有限责任公司深圳梅园路证券营业部,2025-05-06,0,2,12080.0,56045218.99,-56033138.99,红宝丽 汉商集团,10456723
5383,联储证券股份有限公司上海松林路证券营业部,2025-05-23,2,3,116420650.8,172630415.0,-56209764.2,空港股份 王子新材 莱绅通灵,10516788
5384,中信证券股份有限公司上海分公司,2025-05-12,0,9,,56420924.55,-56420924.55,赛福天 中国瑞林 南方路机 联合水务 百达精工 安乃达 ST东尼 天微电子 中邮科技,10135341
5385,国信证券股份有限公司深圳泰九分公司,2025-05-07,0,1,2978359.0,59511514.16,-56533155.16,常山药业,10524557
5386,申万宏源证券有限公司盐城解放南路证券营业部,2025-05-08,0,2,1345847.0,57912548.65,-56566701.65,金浦钛业 金龙机电,10061790
5387,中国银河证券股份有限公司厦门嘉禾路证券营业部,2025-05-22,0,1,1151896.0,58076066.0,-56924170.0,红宝丽,10023542
5388,华泰证券股份有限公司吴江盛泽广州路证券营业部,2025-05-09,0,1,495840.0,57480707.0,-56984867.0,奥普光电,10140929
5389,中航证券有限公司福建分公司,2025-05-08,0,1,,57124325.04,-57124325.04,全筑股份,10000213411
5390,国泰海通证券股份有限公司成都北一环路证券营业部,2025-05-28,1,2,31654204.0,89277194.0,-57622990.0,德邦股份 中超控股,10026897
5391,华泰证券股份有限公司苏州何山路证券营业部,2025-05-21,0,1,18343.0,57648584.0,-57630241.0,露笑科技,10098281
5392,财信证券股份有限公司长沙湘江中路证券营业部,2025-05-09,0,1,,57634532.28,-57634532.28,浙江荣泰,10021992
5393,申万宏源证券有限公司上海浦东新区成山路证券营业部,2025-05-29,0,1,,57874070.16,-57874070.16,概伦电子,10119212
5394,中国中金财富证券有限公司淮安水渡口大道证券营业部,2025-05-27,0,1,,57939296.37,-57939296.37,ST交昂,10107021
5395,华泰证券股份有限公司上海长宁区凯旋路证券营业部,2025-05-22,0,1,,57940978.3,-57940978.3,*ST华幸,10334670
5396,华鑫证券有限责任公司深圳益田路证券营业部,2025-05-14,0,2,33943665.0,91947968.0,-58004303.0,苏州龙杰 青岛金王,10495078
5397,国信证券股份有限公司深圳红岭中路证券营业部,2025-05-29,1,4,13944282.47,72110721.46,-58166438.99,胜业电气 四方精创 机科股份 路桥信息,10045166
5398,中国银河证券股份有限公司广东分公司,2025-05-29,0,1,1897064.0,60093856.0,-58196792.0,广聚能源,10484778
5399,方正证券股份有限公司乐山龙游路证券营业部,2025-05-08,0,1,161879.0,58418464.0,-58256585.0,红宝丽,10057044
5400,信达证券股份有限公司南京汉中门大街证券营业部,2025-05-07,0,1,,58705518.0,-58705518.0,中毅达,10118500
5401,甬兴证券有限公司天津解放北路证券营业部,2025-05-20,0,1,,58980012.33,-58980012.33,宁波海运,10000565545
5402,东方证券股份有限公司厦门仙岳路证券营业部,2025-05-15,2,4,30241246.2,89221458.79,-58980212.59,星光股份 返利科技 青岛金王 华纺股份 王子新材,10492163
5403,甬兴证券有限公司上海仙霞路证券营业部,2025-05-22,0,1,60328.0,59255611.96,-59195283.96,天汽模,10000146990
5404,瑞银证券有限责任公司上海浦东新区花园石桥路第二证券营业部,2025-05-21,1,3,7909385.0,67260089.66,-59350704.66,会稽山 肯特催化 常青股份 中邮科技,10342152
5405,华泰证券股份有限公司广州琶洲大道证券营业部,2025-05-28,0,1,1181706.0,60795139.0,-59613433.0,融发核电,10454160
5406,华宝证券股份有限公司深圳福华一路证券营业部,2025-05-23,0,1,4590465.0,64656671.0,-60066206.0,慧博云通,10108338
5407,华龙证券股份有限公司深圳前海证券营业部,2025-05-08,0,1,90590.0,60175978.0,-60085388.0,华伍股份,10702230
5408,瑞银证券有限责任公司上海浦东新区花园石桥路第二证券营业部,2025-05-19,1,3,16206315.0,76516584.0,-60310269.0,百利电气 龙溪股份 连云港 日盈电子,10342152
5409,粤开证券股份有限公司深圳深南大道证券营业部,2025-05-08,0,1,0.0,60669582.0,-60669582.0,华伍股份,10747420
5410,瑞银证券有限责任公司上海浦东新区花园石桥路第二证券营业部,2025-05-15,1,6,3762474.0,64742375.22,-60979901.22,ST新华锦 连云港 天和磁材 肯特催化 安正时尚 航天南湖,10342152
5411,华泰证券股份有限公司常州和平北路证券营业部,2025-05-09,0,1,164689.0,61188123.0,-61023434.0,山东墨龙,10124413
5412,中泰证券股份有限公司湖北分公司,2025-05-15,0,1,1216712.0,62578297.0,-61361585.0,跨境通,10484897
5413,东方财富证券股份有限公司昌都两江大道证券营业部,2025-05-30,4,2,62922796.75,124561337.86,-61638541.11,*ST湘邮 渝三峡A 合锻智能 融发核电 国光连锁 新天地,10342919
5414,开源证券股份有限公司西安高新成章路证券营业部,2025-05-19,0,1,30312.0,61751536.25,-61721224.25,红宝丽,10657381
5415,国泰海通证券股份有限公司宜昌沿江大道证券营业部,2025-05-14,0,2,209044.0,63074255.0,-62865211.0,酷特智能 长华化学,10026729
5416,浙商证券股份有限公司杭州五星路证券营业部,2025-05-23,0,2,0.0,62994175.66,-62994175.66,浪莎股份 一心堂,10949092
5417,中信证券股份有限公司北京安外大街证券营业部,2025-05-23,0,2,208112.0,63240381.6,-63032269.6,空港股份 慧博云通,10045007
5418,国联民生证券股份有限公司北京分公司,2025-05-20,0,2,0.0,63453959.16,-63453959.16,安纳达 中洲特材,10485044
5419,中泰证券股份有限公司湖北分公司,2025-05-28,0,1,1891622.0,65537125.2,-63645503.2,青岛金王,10484897
5420,华泰证券股份有限公司湖南分公司,2025-05-30,0,1,956461.0,64777866.0,-63821405.0,融发核电,10401973
5421,国泰海通证券股份有限公司宁波广福街证券营业部,2025-05-08,0,1,30920.0,64188559.8,-64157639.8,华孚时尚,10023415
5422,广发证券股份有限公司上海浦东新区东方路证券营业部,2025-05-12,0,1,675480.0,64884423.0,-64208943.0,拓斯达,10140582
5423,广发证券股份有限公司北京阜成门南大街证券营业部,2025-05-29,0,1,323704.0,64726681.0,-64402977.0,融发核电,10030097
5424,华泰证券股份有限公司大连港兴路证券营业部,2025-05-20,0,1,19575.0,64570736.6,-64551161.6,东方中科,10080007
5425,国泰海通证券股份有限公司总部,2025-05-27,10,14,195974410.04,261096524.59,-65122114.55,浪莎股份 退市创兴 *ST湘邮 ST交昂 顺景科技 合锻智能 宿迁联盛 肯特催化 通达电气 汇金通 京华激光 永冠新材 雪龙集团 美邦股份 正和生态 均瑶健康,10004865
5426,国盛证券有限责任公司宁波天童南路证券营业部,2025-05-13,1,2,34311516.15,99566342.11,-65254825.96,纳尔股份 拓斯达,10664100
5427,国泰海通证券股份有限公司上海松江区中山东路证券营业部,2025-05-23,1,2,41210421.0,106762549.38,-65552128.38,一心堂 王子新材 阳谷华泰,10134445
5428,申万宏源证券有限公司上海普陀区武宁路证券营业部,2025-05-30,0,1,,65725354.27,-65725354.27,华纳药厂,10048528
5429,深股通专用,2025-05-19,4,6,257107934.11,323774771.25,-66666837.14,吉林化纤 万安科技 利君股份 东方中科 格力博 豪恩汽电,10634757
5430,方正证券股份有限公司邵阳邵水西路证券营业部,2025-05-30,0,1,51896.0,67149595.0,-67097699.0,联化科技,10117621
5431,国泰海通证券股份有限公司河源越王大道证券营业部,2025-05-30,0,1,33905615.05,101101626.62,-67196011.57,舒泰神,10708141
5432,华宝证券股份有限公司上海东大名路证券营业部,2025-05-19,2,4,29506683.0,97374228.5,-67867545.5,信隆健康 成飞集成 通达股份 红墙股份 丰茂股份,10456831
5433,国泰海通证券股份有限公司宜昌沿江大道证券营业部,2025-05-27,3,4,222995257.0,290927042.5,-67931785.5,百利电气 烽火电子 永安药业 合锻智能 中超控股,10026729
5434,招商证券股份有限公司昆明北京路证券营业部,2025-05-20,0,1,,69408233.0,-69408233.0,保变电气,10174525
5435,华鑫证券有限责任公司上海宛平南路证券营业部,2025-05-19,1,1,7933758.0,77842994.66,-69909236.66,龙溪股份 拉芳家化,10028416
5436,湘财证券股份有限公司北京朝外大街证券营业部,2025-05-09,0,1,,70234212.0,-70234212.0,华纺股份,10026785
5437,国投证券股份有限公司西安朱雀大街证券营业部,2025-05-06,1,2,36394371.0,106754123.0,-70359752.0,天和磁材 常山北明 中欣氟材,10561512
5438,申万宏源证券有限公司上海静安区康定路证券营业部,2025-05-27,0,1,4654250.0,75322324.74,-70668074.74,雪人集团,10041881
5439,国信证券股份有限公司杭州市心中路证券营业部,2025-05-19,0,1,,71190670.0,-71190670.0,吉华集团,10040644
5440,开源证券股份有限公司西安永城路证券营业部,2025-05-15,0,1,15735.0,71398939.0,-71383204.0,甘化科工,10495079
5441,金元证券股份有限公司苏州苏州大道西证券营业部,2025-05-22,0,1,,71421101.34,-71421101.34,空港股份,10066424
5442,国泰海通证券股份有限公司总部,2025-05-20,9,13,155144218.72,227317115.6,-72172896.88,浪莎股份 贵航股份 湖南天雁 宜宾纸业 浙文互联 百合股份 苏州龙杰 安乃达 拉芳家化 铁流股份 丽人丽妆 利扬芯片 科兴制药 正弦电气,10004865
5443,东方财富证券股份有限公司拉萨江苏东路证券营业部,2025-05-16,0,1,5684055.5,78000942.0,-72316886.5,渝三峡A,10697104
5444,沪股通专用,2025-05-23,0,2,,72888224.0,-72888224.0,综艺股份 连云港,10434470
5445,国金证券股份有限公司深圳分公司,2025-05-14,1,4,66429106.8,139339488.05,-72910381.25,万向钱潮 华纺股份 利君股份 中毅达,10000104821
5446,高盛(中国)证券有限责任公司上海浦东新区世纪大道证券营业部,2025-05-15,3,7,64402808.5,139093596.17,-74690787.67,ST交昂 ST新华锦 渤海化学 天和磁材 拉芳家化 安正时尚 航天南湖,10000399618
5447,中信建投证券股份有限公司福州东街证券营业部,2025-05-08,0,1,,74769330.17,-74769330.17,航天南湖,10028772
5448,海通证券股份有限公司国际部Y,2025-05-27,0,1,,75851147.0,-75851147.0,ST交昂,10022092
5449,宏信证券有限责任公司乐山嘉定中路证券营业部,2025-05-19,0,1,45701.0,76093055.5,-76047354.5,成飞集成,10074724
5450,中信证券(山东)有限责任公司济南经七路证券营业部,2025-05-15,0,1,0.0,76246988.2,-76246988.2,诺斯贝尔,10768385
5451,海通证券股份有限公司国际部Y,2025-05-13,0,1,,76716499.2,-76716499.2,春光科技,10022092
5452,东亚前海证券有限责任公司深圳分公司,2025-05-08,2,1,119584095.58,196769638.44,-77185542.86,中航成飞 退市熊猫 航天长峰,10924068
5453,国投证券股份有限公司杭州富阳依江路证券营业部,2025-05-06,0,1,12636717.0,90033698.24,-77396981.24,星帅尔,10709051
5454,国泰海通证券股份有限公司上海浦东新区锦康路证券营业部,2025-05-29,0,1,387894.0,77810098.0,-77422204.0,融发核电,10456750
5455,甬兴证券有限公司安徽分公司,2025-05-19,0,1,,77959916.0,-77959916.0,宁波远洋,10000923632
5456,华泰证券股份有限公司南通上海东路证券营业部,2025-05-08,0,1,,78279336.0,-78279336.0,华胜天成,10397595
5457,国联民生证券股份有限公司苏州中山南路证券营业部,2025-05-06,0,1,99750.0,78762836.04,-78663086.04,岩山科技,10000393615
5458,国泰海通证券股份有限公司北京国贸证券营业部,2025-05-08,0,1,82392.0,79461939.75,-79379547.75,红宝丽,10949120
5459,东莞证券股份有限公司四川分公司,2025-05-16,0,1,17338724.0,96752731.72,-79414007.72,成飞集成,10477736
5460,东方证券股份有限公司福州五四路证券营业部,2025-05-16,0,1,12722886.0,92298045.28,-79575159.28,成飞集成,10456965
5461,国融证券股份有限公司资产管理业务总部,2025-05-08,0,1,,79873888.0,-79873888.0,航天长峰,10062088
5462,长城证券股份有限公司杭州文一西路证券营业部,2025-05-16,0,1,,80551006.0,-80551006.0,宁波海运,10058793
5463,开源证券股份有限公司西安永城路证券营业部,2025-05-08,0,1,15102.0,80630493.09,-80615391.09,红宝丽,10495079
5464,甬兴证券有限公司安徽分公司,2025-05-30,0,1,0.0,81166517.85,-81166517.85,尤夫股份,10000923632
5465,中信证券股份有限公司天津大沽北路证券营业部,2025-05-08,0,1,50327.0,81748171.71,-81697844.71,奥普光电,10594238
5466,中信证券股份有限公司浙江分公司,2025-05-06,3,2,59895447.25,141677003.7,-81781556.45,东贝集团 红宝丽 *ST东珠 甘源食品,10520724
5467,方正证券股份有限公司宁波中山西路证券营业部,2025-05-22,0,1,203825.0,82122047.23,-81918222.23,郑中设计,10078359
5468,国金证券股份有限公司深圳分公司,2025-05-19,2,2,47763223.81,130294713.13,-82531489.32,中毅达 利君股份 宁波远洋 双成药业,10000104821
5469,中信证券股份有限公司台州分公司,2025-05-09,0,1,221903.0,84138096.28,-83916193.28,鑫磊股份,10145019
5470,东亚前海证券有限责任公司苏州分公司,2025-05-21,1,3,37128723.0,121394392.0,-84265669.0,南京港 成飞集成 路畅科技,10000526027
5471,中信建投证券股份有限公司无锡分公司,2025-05-09,0,1,6874769.1,91617781.0,-84743011.9,武汉凡谷,10456950
5472,方正证券股份有限公司杭州杭海路证券营业部,2025-05-19,0,1,31698.0,85091315.6,-85059617.6,天元宠物,10034055
5473,国金证券股份有限公司深圳分公司,2025-05-15,1,2,12579744.79,98331206.46,-85751461.67,华光源海 中毅达 金桥信息,10000104821
5474,瑞银证券有限责任公司上海浦东新区花园石桥路第二证券营业部,2025-05-30,4,4,33356405.14,119312878.02,-85956472.88,久事动娱 华远控股 中力股份 菲林格尔 福龙马 均瑶健康 纵横股份 皓元医药,10342152
5475,华福证券有限责任公司龙岩解放南路证券营业部,2025-05-19,0,1,,86004133.0,-86004133.0,华阳新材,10083431
5476,浙商证券股份有限公司宁波分公司,2025-05-13,0,3,7029441.0,93188326.2,-86158885.2,奥普光电 航天长峰 亚振家居,10484761
5477,国信证券股份有限公司杭州分公司,2025-05-26,0,1,1776406.0,88379641.0,-86603235.0,星宸科技,10429232
5478,华鑫证券有限责任公司上海宛平南路证券营业部,2025-05-29,1,4,59910411.82,146720892.77,-86810480.95,四方精创 雄帝科技 广康生化 天阳科技,10028416
5479,华鑫证券有限责任公司上海分公司,2025-05-22,0,5,2184828.0,89487204.13,-87302376.13,华纺股份 南京港 汇得科技 天汽模 苏州龙杰,10274545
5480,中国银河证券股份有限公司沈阳大北关街证券营业部,2025-05-20,1,3,70954724.8,158663899.41,-87709174.61,宜宾纸业 中洲特材 宁波海运,10023594
5481,国泰海通证券股份有限公司上海徐汇区宛平南路证券营业部,2025-05-30,0,2,,88918858.5,-88918858.5,合锻智能 福华尚纬,10023418
5482,海通证券股份有限公司深圳深南大道证券营业部,2025-05-29,0,1,3008.0,89661539.6,-89658531.6,广聚能源,10456409
5483,海通证券股份有限公司深圳深南大道证券营业部,2025-05-28,0,1,0.0,89661539.6,-89661539.6,广聚能源,10456409
5484,联储证券股份有限公司重庆江北嘴证券营业部,2025-05-21,1,2,33274661.48,124111698.33,-90837036.85,天元宠物 中毅达,10516789
5485,中国银河证券股份有限公司北京中关村大街证券营业部,2025-05-06,0,5,342022.0,91324013.38,-90981991.38,天元股份 华银电力 新瀚新材 茂业商业 安记食品,10115140
5486,甬兴证券有限公司安徽分公司,2025-05-09,0,1,,91418599.48,-91418599.48,浙江荣泰,10000923632
5487,宏信证券有限责任公司乐山嘉定中路证券营业部,2025-05-15,0,1,32300.0,91649470.0,-91617170.0,成飞集成,10074724
5488,宏信证券有限责任公司乐山嘉定中路证券营业部,2025-05-16,0,1,50056.0,92067675.0,-92017619.0,成飞集成,10074724
5489,中国银河证券股份有限公司北京中关村大街证券营业部,2025-05-07,0,2,22277413.0,114963598.26,-92686185.26,华阳新材 大叶股份,10115140
5490,国投证券股份有限公司北京复兴门外大街证券营业部,2025-05-28,0,1,4553936.0,97810867.0,-93256931.0,水羊股份,10104770
5491,瑞银证券有限责任公司上海浦东新区花园石桥路第二证券营业部,2025-05-29,2,7,13040138.65,106856511.48,-93816372.83,ST金顶 四创电子 联明股份 福龙马 *ST四通 浙江自然 宏柏新材 汉邦科技,10342152
5492,海通证券股份有限公司杭州富春路证券营业部,2025-05-20,0,1,666576.0,94528031.0,-93861455.0,潮宏基,10030180
5493,中泰证券股份有限公司上海浦东新区江耀路证券营业部,2025-05-30,0,1,26730.0,94273822.06,-94247092.06,恒宝股份,10448359
5494,沪股通专用,2025-05-27,2,4,103629484.73,198102526.09,-94473041.36,百利电气 宁波远洋 会稽山 三生国健,10434470
5495,招商证券股份有限公司深圳中心路证券营业部,2025-05-27,0,1,7625802.0,102568130.0,-94942328.0,金龙羽,10456447
5496,兴业证券股份有限公司厦门湖里大道证券营业部,2025-05-14,0,1,5494472.0,100635216.8,-95140744.8,恒而达,10119151
5497,国泰海通证券股份有限公司宜昌沿江大道证券营业部,2025-05-30,5,6,295401226.0,390619249.24,-95218023.24,百利电气 永安药业 中超控股 翠微股份 汇金通 千红制药 富煌钢构 睿智医药 四方精创 广康生化,10026729
5498,中信证券股份有限公司浙江分公司,2025-05-08,2,2,43501093.28,138983771.85,-95482678.57,东方中科 华胜天成 国芳集团 *ST东珠,10520724
5499,东方财富证券股份有限公司拉萨东环路第二证券营业部,2025-05-16,15,16,293989136.03,391936008.64,-97946872.61,华纺股份 芭薇股份 渝三峡A 华光源海 ST交昂 万德股份 茂化实华 红宝丽 森萱医药 连云港 永安药业 宁波远洋 尚荣医疗 跨境通 锦江航运 利君股份 *ST东珠 红墙股份 迎丰股份 盛泰集团 哈三联 中欣氟材 恒鑫生活 泽润新能,10472087
5500,广发证券股份有限公司广州环市东路证券营业部,2025-05-09,0,1,,98231630.54,-98231630.54,麒盛科技,10030121
5501,中银国际证券股份有限公司广东分公司,2025-05-19,0,1,828598.0,100684716.96,-99856118.96,中超控股,10122757
5502,广发证券股份有限公司福州古田路证券营业部,2025-05-26,0,1,1442577.0,101647784.82,-100205207.82,雪人集团,10031928
5503,东海证券股份有限公司无锡分公司,2025-05-28,0,1,0.0,101920000.0,-101920000.0,融发核电,10000823643
5504,方正证券股份有限公司宁波中山西路证券营业部,2025-05-13,0,1,146112.0,102957973.0,-102811861.0,酷特智能,10078359
5505,联储证券股份有限公司上海中山西路证券营业部,2025-05-30,0,4,26025.0,103622444.55,-103596419.55,劲旅环境 青岛金王 创新医疗 尤夫股份,10048125
5506,中信建投证券股份有限公司杭州庆春路证券营业部,2025-05-30,1,4,19288077.0,122966511.14,-103678434.14,绿能慧充 合锻智能 福华尚纬 京华激光,10033779
5507,中信证券股份有限公司温岭万昌中路证券营业部,2025-05-09,0,2,1389531.0,106362813.78,-104973282.78,佳力图 鑫磊股份,10030290
5508,高盛(中国)证券有限责任公司上海浦东新区世纪大道证券营业部,2025-05-06,6,11,73152608.73,178559418.86,-105406810.13,华电辽能 龙溪股份 ST新华锦 天和磁材 福达股份 南方路机 诚邦股份 振江股份 ST嘉澳 正和生态 大地熊 精进电动 同益中,10000399618
5509,中信证券股份有限公司上海分公司,2025-05-19,3,6,56168317.14,161972940.68,-105804623.54,*ST海华 百利电气 龙溪股份 中毅达 连云港 日盈电子 安乃达,10135341
5510,国泰海通证券股份有限公司上海静安区新闸路证券营业部,2025-05-30,4,5,284934246.28,391451974.04,-106517727.76,百利电气 青岛金王 创新医疗 翠微股份 中超控股 福龙马 雪人集团 四方精创,10430845
5511,中国国际金融股份有限公司上海分公司,2025-05-19,3,5,80686150.28,190484470.82,-109798320.54,ST交昂 利君股份 中毅达 日盈电子 红墙股份 *ST集友 江天化学,10088113
5512,东兴证券股份有限公司上海分公司,2025-05-08,0,1,0.0,110354190.0,-110354190.0,鸿博股份,10484992
5513,瑞银证券有限责任公司上海浦东新区花园石桥路第二证券营业部,2025-05-23,1,8,13454718.1,128639704.23,-115184986.13,西昌电力 乐山电力 连云港 先达股份 肯特催化 天元智能 京华激光 汉邦科技,10342152
5514,国金证券股份有限公司深圳分公司,2025-05-21,1,4,23010944.0,138980032.73,-115969088.73,利君股份 空港股份 海辰药业 中毅达 宁波海运,10000104821
5515,华林证券股份有限公司北京分公司,2025-05-15,0,5,665888.0,117042941.0,-116377053.0,国芳集团 青岛金王 皖通科技 红墙股份 中集环科,10065511
5516,国泰海通证券股份有限公司总部,2025-05-06,12,19,279005909.91,395670884.66,-116664974.75,曙光股份 华电辽能 华纺股份 龙溪股份 ST新华锦 汉商集团 福达股份 松发股份 南方路机 日盈电子 诚邦股份 迪生力 *ST东珠 振江股份 ST嘉澳 莱绅通灵 正和生态 嵘泰股份 大地熊 精进电动 天微电子 同益中,10004865
5517,中国银河证券股份有限公司杭州双龙街证券营业部,2025-05-21,0,1,93763.0,116781223.74,-116687460.74,成飞集成,10763954
5518,国元证券股份有限公司台州世纪大道证券营业部,2025-05-09,0,1,0.0,117795453.5,-117795453.5,鑫磊股份,10180996
5519,中信证券股份有限公司上海分公司,2025-05-23,5,9,55891242.45,173884959.33,-117993716.88,海辰药业 廊坊发展 先达股份 肯特催化 福华尚纬 京华激光 塞力医疗 天安新材 丽人丽妆 汉邦科技,10135341
5520,中泰证券股份有限公司上海浦东新区江耀路证券营业部,2025-05-22,0,1,,119899285.0,-119899285.0,综艺股份,10448359
5521,东方证券股份有限公司上海静安区万荣路证券营业部,2025-05-28,0,1,180238.0,120693038.7,-120512800.7,中旗股份,10133265
5522,中国中金财富证券有限公司成都滨江东路证券营业部,2025-05-30,0,1,119815.0,121513660.22,-121393845.22,ST云动,10145953
5523,国元证券股份有限公司上海中山北路证券营业部,2025-05-27,0,1,,122043049.69,-122043049.69,ST交昂,10026912
5524,申万宏源证券有限公司成都西一环路证券营业部,2025-05-15,0,1,6220.0,126239510.0,-126233290.0,川宁生物,10025125
5525,华鑫证券有限责任公司上海宛平南路证券营业部,2025-05-07,1,1,7454298.0,134216839.2,-126762541.2,禾盛新材 中欣氟材,10028416
5526,国泰海通证券股份有限公司上海浦东新区海阳西路证券营业部,2025-05-13,0,1,30441560.73,157406258.4,-126964697.67,拓斯达,10000526029
5527,中信证券(山东)有限责任公司青岛秦岭路证券营业部,2025-05-15,0,1,,127811813.0,-127811813.0,华纺股份,10140879
5528,高盛(中国)证券有限责任公司上海浦东新区世纪大道证券营业部,2025-05-30,4,6,99644807.5,229260909.4,-129616101.9,绿能慧充 华远控股 国芳集团 中力股份 福龙马 正和生态 国光连锁 均瑶健康,10000399618
5529,开源证券股份有限公司新疆分公司,2025-05-30,0,1,0.0,130973918.0,-130973918.0,恒宝股份,10924076
5530,中国银河证券股份有限公司上海长宁区镇宁路证券营业部,2025-05-26,0,1,11998.0,139782955.52,-139770957.52,星宸科技,10030486
5531,浙商证券股份有限公司杭州杭大路证券营业部,2025-05-16,0,1,,140868346.0,-140868346.0,宁波远洋,10021964
5532,国泰海通证券股份有限公司上海静安区新闸路证券营业部,2025-05-19,3,6,201372243.0,343058920.15,-141686677.15,红宝丽 中超控股 利君股份 中欣氟材 江天化学 中洲特材 格力博,10430845
5533,国泰海通证券股份有限公司总部,2025-05-15,9,13,117277109.57,260095771.73,-142818662.16,返利科技 ST交昂 ST新华锦 连云港 国芳集团 天和磁材 肯特催化 苏州龙杰 拉芳家化 海程邦达 安正时尚 ST百利 迎丰股份 盛泰集团,10004865
5534,浙商证券股份有限公司杭州五星路证券营业部,2025-05-13,1,3,13010889.0,156444929.56,-143434040.56,奥普光电 华纺股份 航天长峰 亚振家居,10949092
5535,东北证券股份有限公司青岛分公司,2025-05-06,0,1,11316655.0,154991334.76,-143674679.76,常山北明,10192764
5536,东亚前海证券有限责任公司苏州分公司,2025-05-08,0,3,0.0,156132499.98,-156132499.98,华胜天成 中欣氟材 *ST东珠,10000526027
5537,中信证券股份有限公司上海分公司,2025-05-26,3,11,47168739.4,204740340.39,-157571600.99,大西洋 鼎龙科技 合锻智能 肯特催化 云中马 京华激光 永冠新材 雪龙集团 均瑶健康 安凯微 中邮科技 汉邦科技,10135341
5538,国联民生证券股份有限公司宁波战船街证券营业部,2025-05-28,0,1,6200366.0,177897597.0,-171697231.0,融发核电,10000152109
5539,兴业证券股份有限公司厦门湖里大道证券营业部,2025-05-21,1,1,36695809.81,216920674.6,-180224864.79,王子新材 郑中设计 普利转退,10119151
5540,国泰海通证券股份有限公司总部,2025-05-30,14,17,373858845.07,556050590.34,-182191745.27,绿能慧充 *ST湘邮 久事动娱 华远控股 国芳集团 合锻智能 中力股份 菲林格尔 汇金通 京华激光 福龙马 领先股份 正和生态 国光连锁 均瑶健康 纵横股份 皓元医药 科捷智能 华纳药厂,10004865
5541,国泰海通证券股份有限公司总部,2025-05-23,7,8,116726140.66,304185320.38,-187459179.72,浪莎股份 廊坊发展 西昌电力 乐山电力 连云港 合锻智能 先达股份 京华激光 塞力医疗 莱绅通灵 丽人丽妆 汉邦科技,10004865
5542,华泰证券股份有限公司深圳益田路荣超商务中心证券营业部,2025-05-08,0,1,45064679.0,241632705.0,-196568026.0,中航成飞,10142874
5543,申万宏源证券有限公司上海静安区康定路证券营业部,2025-05-26,0,1,28238213.0,231160919.0,-202922706.0,雪人集团,10041881
5544,浙商证券股份有限公司湖州分公司,2025-05-29,0,1,338491.0,204785032.6,-204446541.6,久盛电气,10105365
5545,国金证券股份有限公司深圳湾一号证券营业部,2025-05-12,2,5,44779243.56,266229021.7,-221449778.14,*ST起步 晟楠科技 亚太实业 成电光信 中航成飞 *ST正平 莱赛激光,10396105
5546,中国银河证券股份有限公司沈阳大北关街证券营业部,2025-05-15,0,1,,226725388.61,-226725388.61,中毅达,10023594
5547,中原证券股份有限公司广州分公司,2025-05-22,0,1,9639.0,233392815.69,-233383176.69,天汽模,10436227
5548,五矿证券有限公司深圳深南大道证券营业部,2025-05-23,0,1,644735.0,243421206.0,-242776471.0,慧博云通,10442792
5549,深股通专用,2025-05-21,6,7,561578271.82,836876626.67,-275298354.85,京基智农 湖南发展 国轩高科 利君股份 一心堂 金龙羽 一品红,10634757
5550,广发证券股份有限公司北京朝阳门证券营业部,2025-05-08,0,1,39601643.0,366418804.11,-326817161.11,中航成飞,10030127
5551,招商证券股份有限公司北京景辉街证券营业部,2025-05-15,0,1,,329906737.86,-329906737.86,中远海发,10023769
5552,国泰海通证券股份有限公司三亚迎宾路证券营业部,2025-05-19,0,1,44634.0,357743693.0,-357699059.0,红宝丽,10564207
5553,长城证券股份有限公司武汉杨园南路证券营业部,2025-05-07,0,1,0.0,866250228.92,-866250228.92,常山药业,10456220
