code,date,open,high,low,close,preclose,volume,amount,turn,isST,limit_pct,limit_price,is_zhangting,pct_chg
sh.600017,2025-04-09,2.98,3.33,2.88,3.33,3.03,145584428.0,450753325.6,4.7334,0,0.1,3.33,True,9.90099009900991
sh.600032,2025-04-03,7.67,8.5,7.66,8.5,7.73,58330274.0,481275259.49,2.4257,0,0.1,8.5,True,9.961190168175937
sh.600051,2025-04-24,6.77,7.4,6.74,7.4,6.73,38338645.0,277027257.36,12.3323,0,0.1,7.4,True,9.955423476968805
sh.600051,2025-04-25,8.14,8.14,8.14,8.14,7.4,9422987.0,76703114.18,3.0311,0,0.1,8.14,True,10.000000000000009
sh.600053,2025-04-14,12.49,13.57,12.31,13.57,12.34,8497848.0,110211889.86,1.9601,0,0.1,13.57,True,9.967585089141018
sh.600053,2025-04-18,12.78,14.09,12.76,14.09,12.81,17220609.0,239317249.81,3.9721,0,0.1,14.09,True,9.992193598750966
sh.600063,2025-03-20,4.57,4.8,4.54,4.8,4.36,224165337.0,1061567841.91,11.6395,0,0.1,4.8,True,10.091743119266038
sh.600067,2025-03-04,2.51,2.77,2.49,2.77,2.52,70391089.0,189962706.88,5.058,0,0.1,2.77,True,9.92063492063493
sh.600081,2025-03-26,11.78,12.97,11.78,12.97,11.79,15234748.0,192685061.36,2.7548,0,0.1,12.97,True,10.008481764206966
sh.600081,2025-03-31,13.96,14.96,13.7,14.96,13.6,56753882.0,809562627.35,10.2624,0,0.1,14.96,True,10.000000000000009
sh.600094,2025-04-08,2.88,3.17,2.88,3.17,2.88,55752458.0,169333483.82,2.509,0,0.1,3.17,True,10.069444444444443
sh.600094,2025-04-09,3.21,3.49,3.02,3.49,3.17,85696833.0,287390245.13,3.8565,0,0.1,3.49,True,10.094637223974768
sh.600095,2025-03-31,7.58,7.58,7.58,7.58,6.89,13372492.0,101363489.36,0.4677,0,0.1,7.58,True,10.0145137880987
sh.600097,2025-03-20,9.68,10.66,9.65,10.66,9.69,10962300.0,112929449.0,4.5499,0,0.1,10.66,True,10.010319917440658
sh.600097,2025-03-21,11.73,11.73,11.73,11.73,10.66,6427400.0,75393402.0,2.6677,0,0.1,11.73,True,10.037523452157604
sh.600101,2025-04-01,10.91,12.0,10.7,12.0,10.91,120095512.0,1365248842.43,21.9207,0,0.1,12.0,True,9.990834097158574
sh.600101,2025-04-25,11.81,12.99,11.63,12.99,11.81,153974175.0,1930618537.51,28.1045,0,0.1,12.99,True,9.991532599491947
sh.600105,2025-03-03,5.47,5.92,5.41,5.92,5.38,220849449.0,1288253139.98,15.106,0,0.1,5.92,True,10.03717472118959
sh.600105,2025-03-25,6.6,7.26,6.51,7.26,6.6,132309406.0,941592612.52,9.0499,0,0.1,7.26,True,10.000000000000009
sh.600105,2025-04-22,6.0,6.14,5.88,6.14,5.58,133123961.0,808663883.26,9.1056,0,0.1,6.14,True,10.035842293906793
sh.600107,2025-03-12,4.69,5.12,4.64,5.12,4.65,27319083.0,136307790.96,7.5886,0,0.1,5.12,True,10.10752688172043
sh.600107,2025-04-14,4.52,4.87,4.49,4.87,4.43,11174600.0,52996487.0,3.1041,0,0.1,4.87,True,9.932279909706555
sh.600108,2025-04-08,2.96,3.25,2.84,3.25,2.95,212248654.0,660092213.26,10.9018,0,0.1,3.25,True,10.169491525423723
sh.600116,2025-04-28,7.43,7.61,7.42,7.61,6.92,129965775.0,984742256.67,6.7969,0,0.1,7.61,True,9.97109826589595
sh.600119,2025-04-22,7.4,8.01,7.4,8.01,7.28,17752014.0,141501202.14,4.86,0,0.1,8.01,True,10.027472527472515
sh.600126,2025-03-31,10.4,11.86,10.13,11.86,10.78,376090030.0,4209359013.02,11.1362,0,0.1,11.86,True,10.018552875695729
sh.600127,2025-04-10,6.84,7.89,6.82,7.89,7.17,98255618.0,731864310.16,15.3098,0,0.1,7.89,True,10.041841004184104
sh.600128,2025-03-26,9.43,10.41,9.34,10.41,9.46,33234002.0,338810603.82,13.4677,0,0.1,10.41,True,10.042283298097242
sh.600128,2025-04-15,9.28,10.21,9.24,10.21,9.28,39329710.0,388848360.15,15.938,0,0.1,10.21,True,10.021551724137945
sh.600129,2025-03-03,20.51,22.22,20.51,22.22,20.2,64931755.0,1411974339.96,11.6597,0,0.1,22.22,True,10.000000000000009
sh.600130,2025-04-11,2.8,3.11,2.75,3.11,2.83,45341000.0,135592702.0,6.0455,0,0.1,3.11,True,9.893992932862194
sh.600133,2025-03-06,9.46,10.35,9.44,10.35,9.41,65836687.0,667081847.85,6.1747,0,0.1,10.35,True,9.989373007438896
sh.600136,2025-03-04,2.2,2.36,2.2,2.36,2.25,14542546.0,33516480.78,0.7484,1,0.05,2.36,True,4.888888888888876
sh.600136,2025-03-12,2.3,2.42,2.29,2.42,2.3,7028300.0,16678208.0,0.3617,1,0.05,2.42,True,5.21739130434784
sh.600136,2025-04-21,1.98,2.03,1.96,2.03,1.93,5274600.0,10672559.0,0.2715,1,0.05,2.03,True,5.181347150259064
sh.600149,2025-04-28,4.41,4.86,4.21,4.86,4.42,55292438.0,259313665.23,14.5445,0,0.1,4.86,True,9.954751131221728
sh.600156,2025-03-26,5.23,5.8,5.23,5.8,5.27,18884151.0,105989666.8,4.6963,0,0.1,5.8,True,10.056925996204935
sh.600165,2025-03-07,3.52,3.73,3.38,3.73,3.55,17507196.0,62038421.19,2.5562,1,0.05,3.73,True,5.070422535211283
sh.600165,2025-03-10,3.82,3.92,3.8,3.92,3.73,24484624.0,95458256.92,3.575,1,0.05,3.92,True,5.093833780160861
sh.600165,2025-03-11,3.95,4.12,3.94,4.12,3.92,15844549.0,64267794.41,2.3135,1,0.05,4.12,True,5.102040816326525
sh.600165,2025-03-26,3.92,4.13,3.92,4.13,3.93,15828603.0,64654379.24,2.3111,1,0.05,4.13,True,5.089058524173029
sh.600165,2025-03-31,4.24,4.43,4.17,4.43,4.22,19697778.0,85626300.41,2.8761,1,0.05,4.43,True,4.976303317535535
sh.600165,2025-04-02,4.43,4.63,4.43,4.63,4.41,15783067.0,72231232.0,2.3045,1,0.05,4.63,True,4.9886621315192725
sh.600165,2025-04-10,4.36,4.44,4.29,4.44,4.23,20539250.0,90350006.5,2.9989,1,0.05,4.44,True,4.964539007092195
sh.600165,2025-04-11,4.5,4.66,4.47,4.66,4.44,14944277.0,69014928.82,2.182,1,0.05,4.66,True,4.954954954954949
sh.600165,2025-04-23,4.97,5.2,4.97,5.2,4.95,23706000.0,122021068.0,3.4613,1,0.05,5.2,True,5.050505050505061
sh.600168,2025-03-07,4.98,4.98,4.98,4.98,4.53,4515649.0,22487932.02,0.4546,0,0.1,4.98,True,9.933774834437092
sh.600171,2025-04-11,31.25,34.72,31.16,34.72,31.56,53151952.0,1773263918.28,7.4976,0,0.1,34.72,True,10.012674271229404
sh.600172,2025-03-10,4.18,4.59,4.17,4.59,4.17,123337237.0,557070819.75,9.664,0,0.1,4.59,True,10.07194244604317
sh.600172,2025-04-11,3.63,4.05,3.61,4.05,3.68,78448136.0,315007302.8,6.1467,0,0.1,4.05,True,10.05434782608694
sh.600173,2025-04-03,6.78,7.4,6.73,7.4,6.73,42461706.0,308920683.7,6.0624,0,0.1,7.4,True,9.955423476968805
sh.600178,2025-03-19,12.06,13.31,12.05,13.31,12.1,39350060.0,517120049.6,8.4356,0,0.1,13.31,True,10.000000000000009
sh.600180,2025-04-08,4.14,4.55,4.14,4.55,4.14,65763111.0,295030963.58,6.052,0,0.1,4.55,True,9.903381642512077
sh.600180,2025-04-10,5.51,5.51,5.51,5.51,5.01,9910922.0,54609180.22,0.9121,0,0.1,5.51,True,9.980039920159678
sh.600184,2025-04-09,11.03,12.35,10.93,12.35,11.23,11661506.0,138989551.4,2.2921,0,0.1,12.35,True,9.973285841495994
sh.600185,2025-03-19,6.0,6.27,6.0,6.27,5.7,76444466.0,473346109.76,4.0554,0,0.1,6.27,True,9.999999999999986
sh.600185,2025-04-09,5.62,6.26,5.52,6.26,5.69,98974880.0,604561630.2,5.2506,0,0.1,6.26,True,10.017574692442865
sh.600185,2025-04-10,6.87,6.89,6.57,6.89,6.26,155390381.0,1056995359.07,8.2435,0,0.1,6.89,True,10.063897763578279
sh.600186,2025-04-08,6.49,6.92,6.33,6.92,6.29,372147830.0,2466860128.09,20.8287,0,0.1,6.92,True,10.015898251192358
sh.600187,2025-04-10,3.14,3.45,3.14,3.45,3.14,68706411.0,225224380.95,4.2575,0,0.1,3.45,True,9.872611464968163
sh.600187,2025-04-18,3.61,3.98,3.61,3.98,3.62,154236811.0,588929442.48,9.5575,0,0.1,3.98,True,9.944751381215466
sh.600191,2025-04-16,8.21,8.21,7.97,8.21,7.46,25541901.0,209100962.21,5.2671,0,0.1,8.21,True,10.05361930294908
sh.600192,2025-03-03,6.64,7.28,6.64,7.28,6.62,11826221.0,85197637.88,2.6771,0,0.1,7.28,True,9.969788519637458
sh.600192,2025-04-11,5.8,6.42,5.76,6.42,5.84,6786601.0,42659256.25,1.5363,0,0.1,6.42,True,9.931506849315074
sh.600193,2025-04-08,2.73,3.03,2.67,3.03,2.75,21881775.0,64273014.25,5.1441,0,0.1,3.03,True,10.18181818181818
sh.600202,2025-03-28,5.06,5.67,5.06,5.67,5.15,40113101.0,223099598.27,10.4641,0,0.1,5.67,True,10.097087378640769
sh.600202,2025-04-01,5.56,6.23,5.42,6.23,5.66,73051873.0,439764113.85,19.0566,0,0.1,6.23,True,10.070671378091877
sh.600206,2025-04-15,17.55,17.55,17.55,17.55,15.95,18034702.0,316509020.1,2.1304,0,0.1,17.55,True,10.031347962382453
sh.600207,2025-04-11,4.27,4.27,4.15,4.27,3.88,25940400.0,110637544.0,2.3814,0,0.1,4.27,True,10.051546391752563
sh.600208,2025-03-17,3.24,3.25,3.12,3.25,2.95,398015538.0,1287433039.73,4.6783,0,0.1,3.25,True,10.169491525423723
sh.600211,2025-03-17,37.4,39.53,37.4,39.53,35.94,21277740.0,824003688.99,6.6014,0,0.1,39.53,True,9.988870339454659
sh.600212,2025-03-26,8.31,9.17,8.29,9.17,8.34,51819191.0,462180923.51,10.0656,0,0.1,9.17,True,9.95203836930456
sh.600227,2025-03-27,2.3,2.53,2.3,2.53,2.3,82020873.0,201450889.49,6.4199,0,0.1,2.53,True,10.000000000000009
sh.600227,2025-04-22,2.05,2.29,2.04,2.29,2.08,73538099.0,163482694.91,5.756,0,0.1,2.29,True,10.096153846153854
sh.600228,2025-03-07,5.15,5.65,5.15,5.65,5.14,88229077.0,489509587.13,21.1748,0,0.1,5.65,True,9.922178988326857
sh.600228,2025-03-14,5.47,6.05,5.38,6.05,5.5,76001084.0,446786321.6,18.2401,0,0.1,6.05,True,9.999999999999986
sh.600234,2025-03-10,5.21,5.46,5.21,5.46,5.2,3404700.0,18469744.0,1.2969,1,0.05,5.46,True,5.000000000000004
sh.600234,2025-03-13,5.53,5.75,5.46,5.75,5.48,4278500.0,24404626.0,1.6298,1,0.05,5.75,True,4.92700729927007
sh.600234,2025-03-14,5.8,6.04,5.7,6.04,5.75,2580394.0,15237340.14,0.9829,1,0.05,6.04,True,5.043478260869572
sh.600234,2025-03-17,6.28,6.34,6.16,6.34,6.04,4468855.0,28138536.7,1.7023,1,0.05,6.34,True,4.966887417218535
sh.600234,2025-04-11,5.58,5.85,5.58,5.85,5.57,1663446.0,9621254.82,0.6336,1,0.05,5.85,True,5.026929982046657
sh.600234,2025-04-15,6.0,6.31,5.99,6.31,6.01,2021000.0,12647198.0,0.7698,1,0.05,6.31,True,4.991680532445919
sh.600234,2025-04-23,6.29,6.56,6.22,6.56,6.25,3109338.0,20135959.09,1.1844,1,0.05,6.56,True,4.959999999999987
sh.600234,2025-04-28,6.95,7.27,6.78,7.27,6.92,2878118.0,20394972.34,1.0963,1,0.05,7.27,True,5.0578034682080775
sh.600238,2025-04-14,5.89,6.64,5.89,6.64,6.04,61009429.0,393084244.35,13.7099,0,0.1,6.64,True,9.93377483443707
sh.600239,2025-03-28,2.48,2.73,2.44,2.73,2.48,77021502.0,201460765.71,4.7968,0,0.1,2.73,True,10.080645161290324
sh.600239,2025-04-11,2.33,2.59,2.31,2.59,2.35,77133097.0,193384101.98,4.8037,0,0.1,2.59,True,10.212765957446802
sh.600243,2025-03-19,2.98,3.28,2.96,3.28,2.98,41570678.0,133781803.84,9.4726,0,0.1,3.28,True,10.067114093959727
sh.600243,2025-03-20,3.61,3.61,3.61,3.61,3.28,32842311.0,118560742.71,7.4837,0,0.1,3.61,True,10.060975609756095
sh.600243,2025-03-21,3.96,3.97,3.83,3.97,3.61,152281681.0,600172930.61,34.7002,0,0.1,3.97,True,9.972299168975084
sh.600249,2025-04-11,5.0,5.53,4.98,5.53,5.03,17593891.0,95194654.23,3.1989,0,0.1,5.53,True,9.940357852882698
sh.600249,2025-04-14,5.96,6.08,5.85,6.08,5.53,22929047.0,138225269.36,4.1689,0,0.1,6.08,True,9.945750452079572
sh.600249,2025-04-15,6.62,6.69,6.12,6.69,6.08,88011953.0,566145104.86,16.0022,0,0.1,6.69,True,10.032894736842103
sh.600249,2025-04-16,6.7,7.36,6.2,7.36,6.69,161465611.0,1106630249.92,29.3574,0,0.1,7.36,True,10.01494768310911
sh.600250,2025-04-17,9.01,9.96,8.85,9.96,9.05,27952489.0,266340990.14,8.9997,0,0.1,9.96,True,10.055248618784528
sh.600257,2025-04-10,4.7,5.2,4.68,5.2,4.73,40658000.0,204421563.0,8.4486,0,0.1,5.2,True,9.936575052854124
sh.600265,2025-04-02,15.55,17.05,15.46,17.05,15.5,3397292.0,57281215.51,2.6173,0,0.1,17.05,True,10.000000000000009
sh.600278,2025-04-10,6.66,6.79,6.47,6.79,6.17,14732223.0,99223308.17,1.6896,0,0.1,6.79,True,10.048622366288495
sh.600278,2025-04-22,6.66,7.1,6.65,7.1,6.45,36894027.0,255791836.34,4.2314,0,0.1,7.1,True,10.077519379844958
sh.600278,2025-04-29,7.3,7.9,7.03,7.9,7.18,41010809.0,314692150.2,4.7035,0,0.1,7.9,True,10.027855153203348
sh.600279,2025-04-09,5.0,5.19,5.0,5.19,4.72,40533634.0,208120885.12,3.4152,0,0.1,5.19,True,9.957627118644075
sh.600279,2025-04-16,5.06,5.61,5.05,5.61,5.1,81599129.0,449870816.62,6.8752,0,0.1,5.61,True,10.000000000000009
sh.600280,2025-04-08,3.1,3.42,3.1,3.42,3.11,51427763.0,171493460.46,4.5578,0,0.1,3.42,True,9.967845659163999
sh.600280,2025-04-25,3.32,3.66,3.32,3.66,3.33,98163400.0,355587785.0,8.6998,0,0.1,3.66,True,9.90990990990992
sh.600281,2025-03-03,3.49,3.87,3.49,3.87,3.52,17493007.0,66303898.83,3.4006,0,0.1,3.87,True,9.943181818181813
sh.600281,2025-03-07,3.73,4.1,3.67,4.1,3.73,41132410.0,162535423.9,7.9962,0,0.1,4.1,True,9.919571045576392
sh.600281,2025-04-28,3.56,3.66,3.45,3.66,3.33,36302730.0,130515496.74,7.0573,0,0.1,3.66,True,9.90990990990992
sh.600281,2025-04-29,3.68,4.03,3.65,4.03,3.66,43121000.0,167930541.0,8.3827,0,0.1,4.03,True,10.10928961748634
sh.600289,2025-03-03,4.6,4.83,4.6,4.83,4.6,4417159.0,20954557.16,0.7805,1,0.05,4.83,True,5.000000000000004
sh.600289,2025-03-04,5.07,5.07,5.07,5.07,4.83,1045400.0,5300178.0,0.1847,1,0.05,5.07,True,4.968944099378891
sh.600289,2025-03-05,5.32,5.32,5.32,5.32,5.07,2515303.0,13381411.96,0.4445,1,0.05,5.32,True,4.930966469428011
sh.600289,2025-03-06,5.59,5.59,5.59,5.59,5.32,895285.0,5004643.15,0.1582,1,0.05,5.59,True,5.07518796992481
sh.600289,2025-03-07,5.87,5.87,5.62,5.87,5.59,40058749.0,234356814.18,7.0785,1,0.05,5.87,True,5.008944543828275
sh.600289,2025-03-10,5.87,6.16,5.7,6.16,5.87,28523814.0,172821699.03,5.0402,1,0.05,6.16,True,4.940374787052804
sh.600289,2025-03-11,6.37,6.47,6.3,6.47,6.16,8101474.0,51906080.62,1.4316,1,0.05,6.47,True,5.032467532467533
sh.600289,2025-03-13,6.2,6.84,6.2,6.84,6.51,22987981.0,154542460.94,4.062,1,0.05,6.84,True,5.069124423963145
sh.600289,2025-03-14,7.18,7.18,7.18,7.18,6.84,1270888.0,9124975.84,0.2246,1,0.05,7.18,True,4.970760233918137
sh.600289,2025-03-17,7.52,7.54,7.38,7.54,7.18,17705058.0,133219707.75,3.1285,1,0.05,7.54,True,5.013927576601684
sh.600289,2025-03-18,7.92,7.92,7.92,7.92,7.54,935361.0,7408059.12,0.1653,1,0.05,7.92,True,5.039787798408479
sh.600289,2025-03-19,8.32,8.32,8.32,8.32,7.92,1786662.0,14865027.84,0.3157,1,0.05,8.32,True,5.050505050505061
sh.600289,2025-03-20,8.74,8.74,8.32,8.74,8.32,19638344.0,171208461.22,3.4701,1,0.05,8.74,True,5.048076923076916
sh.600289,2025-03-21,9.13,9.18,8.95,9.18,8.74,11698134.0,106749977.57,2.0671,1,0.05,9.18,True,5.034324942791746
sh.600289,2025-04-10,5.64,5.92,5.41,5.92,5.64,25044205.0,142880292.28,4.4254,1,0.05,5.92,True,4.964539007092195
sh.600289,2025-04-11,6.2,6.22,6.1,6.22,5.92,5744940.0,35635137.8,1.0151,1,0.05,6.22,True,5.067567567567566
sh.600289,2025-04-14,6.53,6.53,6.53,6.53,6.22,891604.0,5822174.12,0.1575,1,0.05,6.53,True,4.983922829581999
sh.600289,2025-04-15,6.86,6.86,6.79,6.86,6.53,21439461.0,147062555.09,3.7884,1,0.05,6.86,True,5.053598774885137
sh.600289,2025-04-16,7.08,7.2,6.63,7.2,6.86,46483008.0,325750743.47,8.2137,1,0.05,7.2,True,4.956268221574334
sh.600289,2025-04-22,6.15,6.69,6.15,6.69,6.37,22177628.0,144409014.63,3.9188,1,0.05,6.69,True,5.0235478806907485
sh.600289,2025-04-28,5.75,6.08,5.75,6.08,5.79,20986551.0,126586126.28,3.7084,1,0.05,6.08,True,5.0086355785837755
sh.600292,2025-04-14,13.66,14.74,13.53,14.74,13.4,77334414.0,1100849311.15,9.9043,0,0.1,14.74,True,10.000000000000009
sh.600300,2025-03-14,3.17,3.49,3.17,3.49,3.17,146152960.0,494942888.86,9.0377,0,0.1,3.49,True,10.094637223974768
sh.600300,2025-04-08,3.39,3.7,3.34,3.7,3.36,197696990.0,707753231.23,12.2251,0,0.1,3.7,True,10.119047619047628
sh.600300,2025-04-16,3.72,4.09,3.7,4.09,3.72,184846055.0,737338393.72,11.4304,0,0.1,4.09,True,9.946236559139777
sh.600300,2025-04-21,4.0,4.41,3.99,4.41,4.01,286271581.0,1234359629.77,17.7023,0,0.1,4.41,True,9.975062344139651
sh.600301,2025-03-14,26.75,26.75,26.08,26.75,24.32,42195779.0,1124683256.56,15.3252,0,0.1,26.75,True,9.991776315789469
sh.600301,2025-04-14,20.2,21.79,20.2,21.79,19.81,19559783.0,413771976.65,7.104,0,0.1,21.79,True,9.994952044422
sh.600302,2025-03-07,5.1,5.67,5.06,5.67,5.15,36375701.0,197754821.86,10.5129,0,0.1,5.67,True,10.097087378640769
sh.600302,2025-03-26,5.47,6.04,5.45,6.04,5.49,16830600.0,98565421.34,4.8642,0,0.1,6.04,True,10.018214936247727
sh.600302,2025-03-27,6.64,6.64,6.64,6.64,6.04,10051017.0,66738752.88,2.9048,0,0.1,6.64,True,9.93377483443707
sh.600303,2025-03-07,3.02,3.11,3.02,3.11,2.96,22038175.0,68144487.25,3.262,1,0.05,3.11,True,5.067567567567566
sh.600303,2025-03-11,3.07,3.27,3.06,3.27,3.11,17805900.0,56781297.5,2.6356,1,0.05,3.27,True,5.144694533762073
sh.600303,2025-04-10,3.1,3.18,3.06,3.18,3.03,10983500.0,34584946.0,1.6257,1,0.05,3.18,True,4.950495049504955
sh.600303,2025-04-11,3.34,3.34,3.34,3.34,3.18,566700.0,1892778.0,0.0839,1,0.05,3.34,True,5.031446540880502
sh.600303,2025-04-14,3.51,3.51,3.51,3.51,3.34,385710.0,1353842.1,0.0571,1,0.05,3.51,True,5.089820359281427
sh.600303,2025-04-15,3.69,3.69,3.69,3.69,3.51,1311802.0,4840549.38,0.1942,1,0.05,3.69,True,5.128205128205132
sh.600303,2025-04-16,3.87,3.87,3.82,3.87,3.69,22464754.0,86923662.98,3.3251,1,0.05,3.87,True,4.878048780487809
sh.600308,2025-04-21,3.3,3.65,3.26,3.65,3.32,38847355.0,137017983.2,2.561,0,0.1,3.65,True,9.93975903614459
sh.600308,2025-04-22,4.02,4.02,4.02,4.02,3.65,32548892.0,130846545.84,2.1458,0,0.1,4.02,True,10.136986301369856
sh.600310,2025-04-24,4.61,5.07,4.61,5.07,4.61,208388606.0,1037932907.7,14.2176,0,0.1,5.07,True,9.97830802603037
sh.600316,2025-03-04,34.62,37.4,34.0,37.4,34.0,39543134.0,1438720515.24,5.5142,0,0.1,37.4,True,9.999999999999986
sh.600318,2025-03-05,7.86,8.7,7.66,8.7,7.91,110871579.0,935823851.62,21.6239,0,0.1,8.7,True,9.987357774968375
sh.600318,2025-03-14,8.44,9.23,8.4,9.23,8.39,87806213.0,786451968.04,17.1253,0,0.1,9.23,True,10.011918951132293
sh.600318,2025-03-28,9.03,10.05,9.03,10.05,9.14,119978867.0,1170319683.35,23.4001,0,0.1,10.05,True,9.956236323851208
sh.600319,2025-03-27,5.44,6.0,5.41,6.0,5.45,24653737.0,145485967.0,7.8119,0,0.1,6.0,True,10.091743119266061
sh.600320,2025-03-20,4.06,4.47,4.06,4.47,4.06,142267249.0,615167190.87,4.2826,0,0.1,4.47,True,10.098522167487701
sh.600320,2025-03-21,4.85,4.92,4.79,4.92,4.47,115981725.0,567077307.37,3.4913,0,0.1,4.92,True,10.067114093959727
sh.600320,2025-03-24,5.41,5.41,5.41,5.41,4.92,93977949.0,508420704.09,2.829,0,0.1,5.41,True,9.959349593495936
sh.600336,2025-04-11,5.8,6.42,5.79,6.42,5.84,31182098.0,194353014.16,3.9075,0,0.1,6.42,True,9.931506849315074
sh.600337,2025-04-10,1.69,1.87,1.68,1.87,1.7,38285968.0,69034704.76,2.6643,0,0.1,1.87,True,10.000000000000009
sh.600337,2025-04-11,2.06,2.06,2.06,2.06,1.87,29790636.0,61368710.16,2.0731,0,0.1,2.06,True,10.160427807486627
sh.600337,2025-04-30,1.86,1.9,1.86,1.9,1.73,24032570.0,45547569.0,1.6724,0,0.1,1.9,True,9.826589595375722
sh.600340,2025-04-30,2.15,2.39,2.15,2.39,2.17,251303349.0,585364906.81,6.4547,0,0.1,2.39,True,10.138248847926267
sh.600343,2025-03-05,10.38,11.44,10.28,11.44,10.4,37460691.0,413670640.6,5.8697,0,0.1,11.44,True,9.999999999999986
sh.600343,2025-04-09,9.91,10.97,9.81,10.97,9.97,18604780.0,198491900.64,2.9152,0,0.1,10.97,True,10.03009027081243
sh.600345,2025-03-10,24.4,26.71,24.4,26.71,24.28,23660500.0,622706221.85,11.1839,0,0.1,26.71,True,10.00823723228994
sh.600348,2025-03-25,6.78,7.44,6.73,7.44,6.76,134646673.0,966265837.91,3.7324,0,0.1,7.44,True,10.059171597633142
sh.600353,2025-04-01,8.62,9.57,8.53,9.57,8.7,112735644.0,1026026827.59,13.6021,0,0.1,9.57,True,10.000000000000009
sh.600354,2025-04-07,5.99,6.35,5.85,6.35,5.77,141972294.0,880684812.14,26.8988,0,0.1,6.35,True,10.051993067590992
sh.600355,2025-04-08,2.73,3.03,2.71,3.03,2.75,66944400.0,196563040.09,13.6041,0,0.1,3.03,True,10.18181818181818
sh.600358,2025-03-25,3.56,3.78,3.56,3.78,3.6,19448857.0,72058405.52,3.8517,1,0.05,3.78,True,4.999999999999982
sh.600358,2025-03-27,3.91,4.14,3.86,4.14,3.94,20826155.0,83829454.63,4.1245,1,0.05,4.14,True,5.076142131979688
sh.600358,2025-04-09,3.9,4.11,3.81,4.11,3.91,15680606.0,62918414.17,3.1055,1,0.05,4.11,True,5.115089514066495
sh.600358,2025-04-28,4.04,4.21,4.04,4.21,4.01,13283046.0,55630179.26,2.6306,1,0.05,4.21,True,4.987531172069826
sh.600360,2025-03-04,5.55,5.83,5.46,5.83,5.55,39365865.0,225695428.73,4.0993,1,0.05,5.83,True,5.04504504504506
sh.600360,2025-03-11,6.37,6.75,6.31,6.75,6.43,43305041.0,284745779.33,4.5096,1,0.05,6.75,True,4.976671850699854
sh.600360,2025-03-13,6.77,7.07,6.69,7.07,6.73,48811246.0,337023269.36,5.0829,1,0.05,7.07,True,5.052005943536408
sh.600360,2025-03-24,6.01,6.29,5.94,6.29,5.99,30674196.0,191224740.2,3.1942,1,0.05,6.29,True,5.008347245409017
sh.600360,2025-03-25,6.56,6.6,6.49,6.6,6.29,14990336.0,98473157.38,1.561,1,0.05,6.6,True,4.9284578696343395
sh.600360,2025-03-26,6.79,6.93,6.7,6.93,6.6,63364044.0,433378724.91,6.5984,1,0.05,6.93,True,5.000000000000004
sh.600360,2025-04-15,6.65,6.99,6.65,6.99,6.66,18745900.0,129014463.0,1.9521,1,0.05,6.99,True,4.954954954954949
sh.600361,2025-03-07,3.99,4.27,3.99,4.27,3.88,132931757.0,560469451.09,7.9743,0,0.1,4.27,True,10.051546391752563
sh.600363,2025-03-03,48.75,53.11,48.75,53.11,48.28,27171066.0,1415268523.91,5.9912,0,0.1,53.11,True,10.004142502071245
sh.600363,2025-03-17,62.05,66.36,60.39,66.36,60.33,28169336.0,1822492459.85,6.2113,0,0.1,66.36,True,9.995027349577335
sh.600365,2025-04-21,2.58,2.68,2.57,2.68,2.55,2171020.0,5758601.6,0.5185,1,0.05,2.68,True,5.098039215686279
sh.600365,2025-04-22,2.81,2.81,2.81,2.81,2.68,1298900.0,3649909.0,0.3102,1,0.05,2.81,True,4.850746268656714
sh.600365,2025-04-23,2.95,2.95,2.89,2.95,2.81,22090904.0,65037102.92,5.2758,1,0.05,2.95,True,4.982206405693956
sh.600365,2025-04-24,2.95,3.1,2.93,3.1,2.95,13006384.0,39333651.24,3.1062,1,0.05,3.1,True,5.084745762711851
sh.600365,2025-04-28,3.1,3.15,3.03,3.15,3.0,18880200.0,58805670.96,4.509,1,0.05,3.15,True,5.000000000000004
sh.600367,2025-03-07,14.3,15.26,14.3,15.26,13.87,31853996.0,482352201.65,9.8934,0,0.1,15.26,True,10.021629416005773
sh.600367,2025-03-25,14.1,15.54,14.01,15.54,14.13,28656000.0,426630034.0,8.9001,0,0.1,15.54,True,9.97876857749469
sh.600368,2025-04-03,4.57,5.08,4.57,5.08,4.62,124994957.0,612660642.34,7.7653,0,0.1,5.08,True,9.956709956709965
sh.600370,2025-03-26,1.74,1.94,1.74,1.94,1.76,60068777.0,114388676.61,1.5416,0,0.1,1.94,True,10.22727272727273
sh.600370,2025-03-27,1.95,2.13,1.9,2.13,1.94,131766417.0,268522640.21,3.3816,0,0.1,2.13,True,9.793814432989677
sh.600370,2025-03-31,1.98,2.22,1.98,2.22,2.02,87302449.0,189635126.81,2.2405,0,0.1,2.22,True,9.90099009900991
sh.600370,2025-04-21,1.67,1.84,1.65,1.84,1.67,79483243.0,141419473.97,2.0398,0,0.1,1.84,True,10.179640718562876
sh.600370,2025-04-22,1.86,2.02,1.8,2.02,1.84,119481674.0,229774029.9,3.0663,0,0.1,2.02,True,9.782608695652172
sh.600371,2025-04-07,9.25,9.67,9.06,9.67,8.79,40828799.0,389185016.33,13.9548,0,0.1,9.67,True,10.011376564277597
sh.600371,2025-04-08,10.64,10.64,10.21,10.64,9.67,50027196.0,531070999.42,17.0988,0,0.1,10.64,True,10.031023784901771
sh.600371,2025-04-09,11.7,11.7,11.51,11.7,10.64,37035831.0,433153954.04,12.6584,0,0.1,11.7,True,9.962406015037573
sh.600375,2025-03-25,6.41,6.72,6.36,6.72,6.4,22511256.0,149248401.01,2.0696,1,0.05,6.72,True,4.999999999999982
sh.600376,2025-03-03,2.66,2.89,2.66,2.89,2.63,39918712.0,113829870.68,1.5475,0,0.1,2.89,True,9.88593155893538
sh.600381,2025-03-31,4.33,4.54,4.29,4.54,4.32,8931394.0,39806275.8,1.5214,1,0.05,4.54,True,5.092592592592582
sh.600381,2025-04-01,4.61,4.77,4.6,4.77,4.54,14966143.0,70886237.47,2.5493,1,0.05,4.77,True,5.066079295154169
sh.600381,2025-04-30,3.1,3.1,3.1,3.1,2.95,2238863.0,6940475.3,0.3814,1,0.05,3.1,True,5.084745762711851
sh.600382,2025-03-14,4.5,4.95,4.5,4.95,4.5,20459836.0,97949903.1,2.9464,0,0.1,4.95,True,10.000000000000009
sh.600389,2025-03-12,14.25,15.64,14.24,15.64,14.22,22829391.0,348161068.55,5.3011,0,0.1,15.64,True,9.985935302391002
sh.600391,2025-04-09,19.59,22.07,19.1,22.07,20.06,42102704.0,896611487.82,12.7534,0,0.1,22.07,True,10.019940179461617
sh.600391,2025-04-17,23.3,26.05,23.3,26.05,23.68,54192720.0,1373746639.61,16.4156,0,0.1,26.05,True,10.008445945945944
sh.600391,2025-04-21,24.95,26.63,24.94,26.63,24.21,26152880.0,687186207.17,7.922,0,0.1,26.63,True,9.995869475423369
sh.600396,2025-04-25,2.87,3.01,2.83,3.01,2.74,61160799.0,182035964.97,4.153,0,0.1,3.01,True,9.85401459854014
sh.600396,2025-04-28,3.31,3.31,3.23,3.31,3.01,60122499.0,198839095.69,4.0824,0,0.1,3.31,True,9.966777408637872
sh.600397,2025-03-07,5.15,5.69,5.15,5.69,5.17,46587130.0,258545762.7,4.706,0,0.1,5.69,True,10.058027079303677
sh.600397,2025-04-14,4.65,5.1,4.65,5.1,4.64,41014866.0,204581978.1,4.1431,0,0.1,5.1,True,9.913793103448265
sh.600399,2025-03-12,5.88,6.28,5.88,6.28,5.71,108579424.0,675733629.96,5.5058,0,0.1,6.28,True,9.982486865148864
sh.600400,2025-03-03,2.53,2.71,2.5,2.71,2.46,194531674.0,519439049.88,8.4897,0,0.1,2.71,True,10.162601626016254
sh.600403,2025-03-10,2.78,3.05,2.78,3.05,2.77,40310722.0,120895194.29,1.6861,0,0.1,3.05,True,10.10830324909746
sh.600403,2025-03-13,3.05,3.36,3.05,3.36,3.05,29264154.0,95448888.84,1.224,0,0.1,3.36,True,10.163934426229515
sh.600403,2025-03-14,3.66,3.7,3.47,3.7,3.36,41681774.0,151096220.4,1.7434,0,0.1,3.7,True,10.119047619047628
sh.600403,2025-03-18,3.62,3.98,3.46,3.98,3.62,101947852.0,386043263.16,4.2642,0,0.1,3.98,True,9.944751381215466
sh.600403,2025-03-19,3.91,4.38,3.84,4.38,3.98,91823387.0,390818922.05,3.8407,0,0.1,4.38,True,10.050251256281406
sh.600403,2025-03-25,3.7,3.97,3.51,3.97,3.61,58610780.0,221749966.97,2.4515,0,0.1,3.97,True,9.972299168975084
sh.600403,2025-04-14,3.4,3.65,3.35,3.65,3.32,23901100.0,84248058.0,0.9997,0,0.1,3.65,True,9.93975903614459
sh.600408,2025-03-20,1.91,2.11,1.91,2.11,1.92,59298931.0,121948212.23,5.8898,0,0.1,2.11,True,9.895833333333325
sh.600415,2025-04-09,11.91,13.37,11.71,13.37,12.15,132951693.0,1681843602.6,2.4249,0,0.1,13.37,True,10.041152263374475
sh.600419,2025-03-14,10.12,10.89,10.07,10.89,9.9,24634305.0,260614168.16,7.6936,0,0.1,10.89,True,10.000000000000009
sh.600421,2025-03-24,6.29,6.92,6.29,6.92,6.29,7943120.0,53875153.4,4.0609,0,0.1,6.92,True,10.015898251192358
sh.600421,2025-03-27,6.91,7.81,6.78,7.81,7.1,26429500.0,193592248.0,13.512,0,0.1,7.81,True,10.000000000000009
sh.600421,2025-04-15,5.84,6.42,5.83,6.42,5.84,17113800.0,109108942.0,8.7494,0,0.1,6.42,True,9.931506849315074
sh.600423,2025-03-10,3.14,3.45,3.14,3.45,3.14,61253853.0,207336075.85,7.6692,0,0.1,3.45,True,9.872611464968163
sh.600429,2025-03-14,4.25,4.64,4.25,4.64,4.22,69800279.0,312819671.18,4.6609,0,0.1,4.64,True,9.952606635071092
sh.600439,2025-04-15,3.29,3.62,3.24,3.62,3.29,67971083.0,236988955.07,6.0046,0,0.1,3.62,True,10.030395136778125
sh.600448,2025-04-17,2.68,2.96,2.65,2.96,2.69,79399332.0,231801453.42,12.6067,0,0.1,2.96,True,10.03717472118959
sh.600449,2025-03-06,13.48,14.72,13.33,14.72,13.38,26847246.0,386605971.19,5.6145,0,0.1,14.72,True,10.01494768310911
sh.600449,2025-03-12,14.59,15.93,14.59,15.93,14.48,18048830.0,280125785.22,3.7745,0,0.1,15.93,True,10.013812154696122
sh.600456,2025-03-13,29.87,32.86,29.6,32.86,29.87,38206065.0,1187626312.58,7.9966,0,0.1,32.86,True,10.010043521928358
sh.600456,2025-03-14,36.14,36.15,34.0,36.15,32.86,81069338.0,2866544291.71,16.968,0,0.1,36.15,True,10.012172854534395
sh.600463,2025-04-30,8.75,9.34,8.66,9.34,8.49,6568039.0,59827971.88,2.1893,0,0.1,9.34,True,10.011778563015316
sh.600467,2025-03-17,2.31,2.52,2.31,2.52,2.29,106053997.0,262662977.21,7.259,0,0.1,2.52,True,10.043668122270732
sh.600467,2025-03-21,2.53,2.79,2.5,2.79,2.54,328071497.0,896298164.82,22.4554,0,0.1,2.79,True,9.842519685039374
sh.600468,2025-03-25,4.42,4.85,4.42,4.85,4.41,42584343.0,202840780.35,3.915,0,0.1,4.85,True,9.977324263038545
sh.600468,2025-03-26,5.0,5.34,4.76,5.34,4.85,173935082.0,877700800.13,15.9906,0,0.1,5.34,True,10.103092783505163
sh.600470,2025-03-24,6.0,6.64,5.99,6.64,6.04,127244093.0,828155182.24,24.395,0,0.1,6.64,True,9.93377483443707
sh.600478,2025-03-03,4.75,5.09,4.75,5.09,4.63,77253940.0,388258043.54,4.6384,0,0.1,5.09,True,9.935205183585305
sh.600490,2025-03-14,3.76,3.96,3.72,3.96,3.6,249382781.0,971087477.56,12.5153,0,0.1,3.96,True,9.999999999999986
sh.600490,2025-04-10,3.7,3.77,3.61,3.77,3.43,98882344.0,371538283.36,4.9624,0,0.1,3.77,True,9.912536443148689
sh.600490,2025-04-21,4.51,4.84,4.48,4.84,4.4,125174159.0,596290620.15,6.2819,0,0.1,4.84,True,9.999999999999986
sh.600501,2025-04-22,17.46,19.18,17.39,19.18,17.44,27738682.0,513743299.84,6.5329,0,0.1,19.18,True,9.977064220183474
sh.600505,2025-04-15,12.09,13.2,11.85,13.2,12.0,54889279.0,685148692.64,15.056,0,0.1,13.2,True,9.999999999999986
sh.600505,2025-04-21,13.25,14.82,13.2,14.82,13.47,69281979.0,986943762.18,19.0039,0,0.1,14.82,True,10.022271714922049
sh.600505,2025-04-24,15.3,17.31,15.25,17.31,15.74,56953193.0,941062871.3,15.6221,0,0.1,17.31,True,9.97458703939007
sh.600505,2025-04-25,18.88,19.04,18.01,19.04,17.31,38057802.0,712296159.74,10.4392,0,0.1,19.04,True,9.994222992489888
sh.600506,2025-03-11,20.07,22.79,20.07,22.79,20.72,28872701.0,646023270.79,19.5473,0,0.1,22.79,True,9.990347490347485
sh.600506,2025-04-01,19.87,20.76,19.45,20.76,18.87,16711029.0,337250723.94,11.3136,0,0.1,20.76,True,10.015898251192379
sh.600510,2025-04-18,4.91,5.32,4.84,5.32,4.84,32963894.0,168745597.58,3.1941,0,0.1,5.32,True,9.917355371900838
sh.600515,2025-04-09,3.36,3.75,3.33,3.75,3.41,169696503.0,610203834.6,1.8493,0,0.1,3.75,True,9.97067448680351
sh.600536,2025-04-08,45.23,49.75,43.97,49.75,45.23,84617994.0,3984882428.83,10.0299,0,0.1,49.75,True,9.993367234136642
sh.600537,2025-03-26,3.0,3.3,2.97,3.3,3.0,62902188.0,201754719.5,5.314,0,0.1,3.3,True,9.999999999999986
sh.600537,2025-04-01,2.92,3.2,2.91,3.2,2.91,60810658.0,189391363.4,5.1373,0,0.1,3.2,True,9.965635738831624
sh.600539,2025-03-10,11.9,11.9,11.9,11.9,10.82,952861.0,11339045.9,0.4143,0,0.1,11.9,True,9.981515711645095
sh.600539,2025-03-11,13.09,13.09,13.09,13.09,11.9,1548892.0,20274996.28,0.6734,0,0.1,13.09,True,9.999999999999986
sh.600539,2025-03-12,14.4,14.4,14.4,14.4,13.09,845200.0,12170880.0,0.3675,0,0.1,14.4,True,10.007639419404125
sh.600539,2025-03-13,15.84,15.84,13.58,15.84,14.4,66105800.0,990981769.25,28.7417,0,0.1,15.84,True,9.999999999999986
sh.600539,2025-04-28,10.65,11.52,10.65,11.52,10.47,6318501.0,71398883.52,2.7472,0,0.1,11.52,True,10.028653295128919
sh.600540,2025-04-03,3.87,4.26,3.85,4.26,3.87,29122162.0,121458706.41,5.0092,0,0.1,4.26,True,10.077519379844958
sh.600540,2025-04-07,4.69,4.69,4.69,4.69,4.26,29783408.0,139684183.52,5.1229,0,0.1,4.69,True,10.093896713615047
sh.600540,2025-04-08,5.16,5.16,5.16,5.16,4.69,17819281.0,91947489.96,3.065,0,0.1,5.16,True,10.021321961620465
sh.600540,2025-04-09,5.68,5.68,5.68,5.68,5.16,9034367.0,51315204.56,1.554,0,0.1,5.68,True,10.077519379844958
sh.600540,2025-04-10,5.7,6.25,5.61,6.25,5.68,133825516.0,805825426.35,23.0187,0,0.1,6.25,True,10.035211267605648
sh.600550,2025-03-20,7.75,8.55,7.64,8.55,7.77,143078699.0,1186662854.16,7.7696,0,0.1,8.55,True,10.038610038610063
sh.600550,2025-04-11,8.14,8.24,7.93,8.24,7.49,50516213.0,412656097.36,2.7432,0,0.1,8.24,True,10.01335113484647
sh.600558,2025-03-25,5.12,5.67,5.1,5.67,5.15,32056707.0,177956945.8,3.5714,0,0.1,5.67,True,10.097087378640769
sh.600560,2025-03-10,17.08,18.9,16.87,18.9,17.18,13634735.0,249562764.5,6.0966,0,0.1,18.9,True,10.011641443538988
sh.600560,2025-03-11,20.7,20.79,20.69,20.79,18.9,11230836.0,233219404.29,5.0217,0,0.1,20.79,True,10.000000000000009
sh.600562,2025-04-21,18.68,20.44,18.64,20.44,18.58,14092767.0,280732876.9,1.142,0,0.1,20.44,True,10.01076426264802
sh.600568,2025-03-25,1.35,1.41,1.34,1.41,1.34,39069416.0,54622701.26,2.3408,1,0.05,1.41,True,5.223880597014907
sh.600568,2025-03-26,1.48,1.48,1.46,1.48,1.41,20228086.0,29935399.28,1.2119,1,0.05,1.48,True,4.964539007092195
sh.600571,2025-03-26,14.3,16.08,14.23,16.08,14.62,107221885.0,1651412648.84,23.4236,0,0.1,16.08,True,9.986320109439117
sh.600571,2025-03-31,14.23,15.94,13.2,15.94,14.49,70609648.0,1036160170.76,15.4253,0,0.1,15.94,True,10.006901311249127
sh.600571,2025-04-02,16.5,18.24,16.5,18.24,16.58,99734799.0,1797596135.76,21.788,0,0.1,18.24,True,10.012062726176119
sh.600571,2025-04-21,14.59,16.05,14.37,16.05,14.59,48725700.0,764318932.0,10.6446,0,0.1,16.05,True,10.006854009595623
sh.600571,2025-04-22,17.48,17.66,16.9,17.66,16.05,72494183.0,1260664668.29,15.837,0,0.1,17.66,True,10.031152647975073
sh.600575,2025-04-17,3.81,3.98,3.67,3.98,3.62,406838015.0,1573888714.99,10.4686,0,0.1,3.98,True,9.944751381215466
sh.600578,2025-04-28,4.15,4.22,4.03,4.22,3.84,188943930.0,787287998.52,2.8223,0,0.1,4.22,True,9.895833333333325
sh.600579,2025-03-21,8.32,9.14,8.15,9.14,8.31,55955412.0,489819390.72,11.3107,0,0.1,9.14,True,9.987966305655839
sh.600580,2025-03-24,26.44,29.37,25.6,29.37,26.7,227174856.0,6342639349.41,17.4398,0,0.1,29.37,True,10.000000000000009
sh.600588,2025-03-06,17.77,18.18,17.77,18.18,16.53,80071723.0,1449867329.17,2.3433,0,0.1,18.18,True,9.981851179673317
sh.600588,2025-03-07,19.44,20.0,18.56,20.0,18.18,353033309.0,6899669475.21,10.3317,0,0.1,20.0,True,10.011001100110018
sh.600589,2025-03-05,6.0,6.62,6.0,6.62,6.02,391894106.0,2483961907.25,26.5067,0,0.1,6.62,True,9.966777408637872
sh.600589,2025-03-06,6.95,7.28,6.85,7.28,6.62,169539907.0,1216254023.62,11.4673,0,0.1,7.28,True,9.969788519637458
sh.600589,2025-03-10,7.09,7.78,6.7,7.78,7.07,300082714.0,2182999847.46,20.2968,0,0.1,7.78,True,10.042432814710045
sh.600589,2025-03-11,7.5,8.56,7.5,8.56,7.78,426462028.0,3486934698.91,28.8448,0,0.1,8.56,True,10.025706940874034
sh.600589,2025-03-18,8.0,8.84,7.9,8.84,8.04,381882396.0,3205728363.74,25.8296,0,0.1,8.84,True,9.950248756218905
sh.600589,2025-03-28,6.69,7.01,6.69,7.01,6.37,260416046.0,1816377282.46,17.6139,0,0.1,7.01,True,10.047095761381474
sh.600589,2025-03-31,6.7,7.71,6.54,7.71,7.01,400362683.0,2799229739.87,27.0795,0,0.1,7.71,True,9.985734664764623
sh.600589,2025-04-21,6.01,6.64,5.86,6.64,6.04,174509082.0,1132004043.0,11.8034,0,0.1,6.64,True,9.93377483443707
sh.600589,2025-04-28,6.6,7.0,6.59,7.0,6.36,179666000.0,1246412311.0,12.1522,0,0.1,7.0,True,10.062893081761004
sh.600590,2025-03-05,9.46,9.77,9.45,9.77,8.88,107028230.0,1040341526.25,12.6875,0,0.1,9.77,True,10.022522522522515
sh.600590,2025-03-06,10.54,10.75,10.2,10.75,9.77,22652883.0,240479602.65,2.6854,0,0.1,10.75,True,10.030706243602872
sh.600590,2025-03-14,10.32,11.88,9.83,11.88,10.8,162577657.0,1781379174.58,19.2726,0,0.1,11.88,True,10.000000000000009
sh.600590,2025-04-10,8.99,9.79,8.87,9.79,8.9,134289238.0,1278623476.81,15.9192,0,0.1,9.79,True,9.999999999999986
sh.600590,2025-04-14,9.73,10.54,9.73,10.54,9.58,105598037.0,1093759583.66,12.518,0,0.1,10.54,True,10.020876826722326
sh.600590,2025-04-25,8.22,8.99,8.2,8.99,8.17,113864878.0,1003216887.76,13.498,0,0.1,8.99,True,10.036719706242359
sh.600592,2025-03-04,14.41,15.86,14.14,15.86,14.42,24737247.0,376524928.67,6.1912,0,0.1,15.86,True,9.986130374479885
sh.600592,2025-03-05,16.99,17.45,16.61,17.45,15.86,16785100.0,289622175.0,4.201,0,0.1,17.45,True,10.025220680958391
sh.600592,2025-03-06,19.2,19.2,19.08,19.2,17.45,12454517.0,239124158.4,3.1171,0,0.1,19.2,True,10.028653295128942
sh.600592,2025-04-23,17.25,18.83,17.25,18.83,17.12,42324400.0,778133343.0,10.5929,0,0.1,18.83,True,9.988317757009323
sh.600592,2025-04-30,20.0,22.44,19.39,22.44,20.4,67111467.0,1403489862.34,16.7966,0,0.1,22.44,True,10.000000000000009
sh.600593,2025-03-24,28.4,30.93,28.27,30.93,28.12,17438954.0,525015539.44,13.5396,0,0.1,30.93,True,9.992887624466572
sh.600593,2025-03-26,31.83,36.49,31.4,36.49,33.17,24369534.0,833479793.02,18.9204,0,0.1,36.49,True,10.009044317154059
sh.600593,2025-04-03,30.76,34.28,30.6,34.28,31.16,16625681.0,548734467.08,12.9081,0,0.1,34.28,True,10.01283697047497
sh.600594,2025-04-17,3.28,3.63,3.27,3.63,3.3,25672032.0,90662598.16,3.2417,0,0.1,3.63,True,10.000000000000009
sh.600597,2025-03-14,8.32,9.06,8.32,9.06,8.24,79891651.0,700787115.86,5.7957,0,0.1,9.06,True,9.951456310679617
sh.600598,2025-04-07,15.68,15.68,14.82,15.68,14.25,168922774.0,2616652662.21,9.5024,0,0.1,15.68,True,10.035087719298241
sh.600598,2025-04-08,16.05,17.25,15.3,17.25,15.68,185094749.0,3069493236.99,10.4122,0,0.1,17.25,True,10.012755102040828
sh.600598,2025-04-09,18.43,18.98,17.56,18.98,17.25,258656624.0,4837095089.88,14.5502,0,0.1,18.98,True,10.028985507246379
sh.600599,2025-04-22,9.65,10.29,9.65,10.29,9.8,2101900.0,20994450.0,1.2662,1,0.05,10.29,True,4.999999999999982
sh.600601,2025-03-14,4.91,5.4,4.87,5.4,4.91,363281354.0,1925855736.54,8.7112,0,0.1,5.4,True,9.97963340122201
sh.600602,2025-03-07,24.69,27.16,23.63,27.16,24.69,221651217.0,5711681752.51,20.6321,0,0.1,27.16,True,10.00405022276225
sh.600603,2025-04-22,6.98,7.33,6.96,7.33,6.98,8311093.0,60566863.69,0.6965,1,0.05,7.33,True,5.014326647564471
sh.600603,2025-04-23,7.43,7.7,7.34,7.7,7.33,11414996.0,85891715.68,0.9566,1,0.05,7.7,True,5.047748976807642
sh.600605,2025-04-14,32.05,34.4,32.05,34.4,31.27,4866140.0,164053322.8,2.359,0,0.1,34.4,True,10.009593859929634
sh.600608,2025-03-10,3.42,3.56,3.4,3.56,3.39,1351900.0,4767479.0,0.4246,1,0.05,3.56,True,5.014749262536866
sh.600608,2025-04-01,3.11,3.27,3.1,3.27,3.11,1729594.0,5620429.38,0.5433,1,0.05,3.27,True,5.144694533762073
sh.600608,2025-04-14,3.11,3.2,3.06,3.2,3.05,1772900.0,5593164.0,0.5569,1,0.05,3.2,True,4.918032786885251
sh.600609,2025-04-21,5.03,5.52,4.99,5.52,5.02,52586416.0,280772603.61,4.031,0,0.1,5.52,True,9.960159362549792
sh.600610,2025-03-10,4.04,4.43,4.04,4.43,4.03,33976263.0,144583973.9,4.794,0,0.1,4.43,True,9.92555831265507
sh.600610,2025-03-11,4.65,4.87,4.53,4.87,4.43,52151194.0,250026884.78,7.3584,0,0.1,4.87,True,9.932279909706555
sh.600610,2025-03-17,5.24,5.97,5.21,5.97,5.43,99911389.0,559907227.92,14.0973,0,0.1,5.97,True,9.944751381215466
sh.600610,2025-03-18,6.54,6.57,6.4,6.57,5.97,33030170.0,216044635.9,4.6605,0,0.1,6.57,True,10.050251256281406
sh.600610,2025-03-24,8.0,8.76,7.8,8.76,7.96,108605620.0,918553792.51,15.324,0,0.1,8.76,True,10.050251256281406
sh.600610,2025-03-25,9.0,9.64,9.0,9.64,8.76,69637047.0,660268670.58,9.8257,0,0.1,9.64,True,10.045662100456632
sh.600610,2025-03-26,10.45,10.6,10.04,10.6,9.64,106042182.0,1113910748.85,14.9624,0,0.1,10.6,True,9.958506224066376
sh.600610,2025-03-27,11.17,11.66,11.06,11.66,10.6,41865661.0,478035761.72,5.9072,0,0.1,11.66,True,10.000000000000009
sh.600610,2025-04-10,7.6,8.25,7.48,8.25,7.5,120955749.0,973476273.18,17.0666,0,0.1,8.25,True,10.000000000000009
sh.600610,2025-04-14,9.17,9.77,9.17,9.77,8.88,42241795.0,404497512.15,5.9602,0,0.1,9.77,True,10.022522522522515
sh.600610,2025-04-15,10.1,10.75,9.77,10.75,9.77,149347990.0,1547360893.66,21.0727,0,0.1,10.75,True,10.030706243602872
sh.600610,2025-04-28,9.33,9.92,8.77,9.92,9.02,118814308.0,1142687765.19,16.7645,0,0.1,9.92,True,9.977827050997789
sh.600615,2025-04-23,12.34,13.05,12.22,13.05,11.86,5795743.0,74720275.15,3.089,0,0.1,13.05,True,10.033726812816202
sh.600615,2025-04-24,14.36,14.36,13.77,14.36,13.05,31718085.0,453590004.52,16.9051,0,0.1,14.36,True,10.038314176245212
sh.600619,2025-03-03,11.2,12.31,10.89,12.31,11.19,66662607.0,794309181.1,8.4471,0,0.1,12.31,True,10.008936550491509
sh.600619,2025-03-04,12.57,13.54,12.44,13.54,12.31,161706125.0,2109641121.55,20.4905,0,0.1,13.54,True,9.991876523151898
sh.600619,2025-03-10,13.18,13.86,12.81,13.86,12.6,100100102.0,1345957252.12,12.6841,0,0.1,13.86,True,10.000000000000009
sh.600619,2025-03-27,12.27,13.62,12.26,13.62,12.38,93558528.0,1251651151.99,11.8552,0,0.1,13.62,True,10.016155088852985
sh.600622,2025-04-09,2.51,2.84,2.38,2.84,2.58,83770151.0,221641731.91,5.5858,0,0.1,2.84,True,10.077519379844958
sh.600624,2025-03-17,8.19,8.82,8.19,8.82,8.02,115069589.0,1004671632.52,16.9383,0,0.1,8.82,True,9.975062344139651
sh.600636,2025-04-30,6.3,6.68,6.3,6.68,6.36,29289092.0,191187607.54,6.6773,1,0.05,6.68,True,5.031446540880502
sh.600641,2025-03-10,14.78,15.8,14.67,15.8,14.36,48007118.0,736331827.32,5.1586,0,0.1,15.8,True,10.027855153203348
sh.600643,2025-04-14,4.66,5.09,4.65,5.09,4.63,33889831.0,165557265.7,2.131,0,0.1,5.09,True,9.935205183585305
sh.600644,2025-04-08,6.34,7.03,6.34,7.03,6.39,24358569.0,167219929.07,4.5242,0,0.1,7.03,True,10.015649452269182
sh.600644,2025-04-14,6.95,7.72,6.95,7.72,7.02,36955179.0,278464795.69,6.8639,0,0.1,7.72,True,9.971509971509974
sh.600644,2025-04-15,7.99,8.49,7.86,8.49,7.72,50678036.0,411392532.44,9.4127,0,0.1,8.49,True,9.974093264248719
sh.600644,2025-04-16,9.34,9.34,9.34,9.34,8.49,13401139.0,125166638.26,2.4891,0,0.1,9.34,True,10.011778563015316
sh.600644,2025-04-17,9.34,10.27,9.07,10.27,9.34,130331710.0,1276455804.1,24.2072,0,0.1,10.27,True,9.95717344753746
sh.600644,2025-04-21,10.55,11.76,10.55,11.76,10.69,70751003.0,817078706.64,13.141,0,0.1,11.76,True,10.009354536950422
sh.600644,2025-04-22,12.12,12.94,11.92,12.94,11.76,142873757.0,1800138166.33,26.5367,0,0.1,12.94,True,10.034013605442183
sh.600644,2025-04-24,11.68,12.86,11.2,12.86,11.69,123616337.0,1516627343.37,22.9599,0,0.1,12.86,True,10.008554319931573
sh.600664,2025-04-21,3.4,3.74,3.39,3.74,3.4,115476574.0,421050060.18,4.5851,0,0.1,3.74,True,10.000000000000009
sh.600666,2025-03-12,3.26,3.51,3.21,3.51,3.19,195377942.0,671116856.16,8.0743,0,0.1,3.51,True,10.03134796238243
sh.600668,2025-04-22,11.13,11.91,10.93,11.91,10.83,25248837.0,297250554.41,7.338,0,0.1,11.91,True,9.972299168975063
sh.600671,2025-03-18,10.46,10.95,10.43,10.95,10.43,2503272.0,27205061.4,2.0566,1,0.05,10.95,True,4.985618408437187
sh.600671,2025-04-03,11.11,11.77,11.11,11.77,11.21,4360382.0,50640781.74,3.5823,1,0.05,11.77,True,4.995539696699369
sh.600671,2025-04-10,10.57,10.99,10.57,10.99,10.47,2213101.0,24071458.77,1.8182,1,0.05,10.99,True,4.966571155682908
sh.600671,2025-04-17,12.09,12.65,12.03,12.65,12.05,4255116.0,53233715.4,3.4958,1,0.05,12.65,True,4.9792531120331995
sh.600671,2025-04-24,13.7,14.62,13.7,14.62,13.92,4790440.0,69216930.3,3.9356,1,0.05,14.62,True,5.028735632183912
sh.600678,2025-04-28,7.07,7.59,7.05,7.59,6.9,41066886.0,307492624.72,11.7674,0,0.1,7.59,True,9.999999999999986
sh.600679,2025-04-24,12.04,13.3,11.92,13.3,12.09,24192885.0,310647903.5,7.0391,0,0.1,13.3,True,10.008271298593897
sh.600685,2025-04-09,23.3,23.43,22.43,23.43,21.3,22771258.0,527472806.05,2.7721,0,0.1,23.43,True,9.999999999999986
sh.600689,2025-03-26,12.49,13.77,12.26,13.77,12.52,18362348.0,241050673.68,12.0643,0,0.1,13.77,True,9.984025559105426
sh.600692,2025-03-19,7.65,8.43,7.64,8.43,7.66,41686006.0,339089364.68,16.3468,0,0.1,8.43,True,10.052219321148815
sh.600693,2025-04-08,5.8,6.24,5.69,6.24,5.67,81092808.0,492985693.92,9.3322,0,0.1,6.24,True,10.052910052910068
sh.600693,2025-04-09,6.3,6.86,6.2,6.86,6.24,139907390.0,910020851.35,16.1007,0,0.1,6.86,True,9.935897435897445
sh.600694,2025-04-08,22.78,25.0,22.78,25.0,22.73,10362478.0,256060935.44,3.3101,0,0.1,25.0,True,9.986801583809935
sh.600696,2025-03-13,11.76,12.99,11.52,12.99,11.81,27922343.0,352224913.25,8.3482,0,0.1,12.99,True,9.991532599491947
sh.600697,2025-04-09,10.54,11.66,10.03,11.66,10.6,21668080.0,242826002.9,13.9456,0,0.1,11.66,True,10.000000000000009
sh.600697,2025-04-10,12.83,12.83,12.83,12.83,11.66,4065200.0,52156516.0,2.6164,0,0.1,12.83,True,10.034305317324188
sh.600697,2025-04-11,14.11,14.11,13.78,14.11,12.83,27256638.0,384128482.18,17.5424,0,0.1,14.11,True,9.976617303195635
sh.600697,2025-04-16,13.31,15.06,13.1,15.06,13.69,47414910.0,679789158.85,30.5162,0,0.1,15.06,True,10.007304601899204
sh.600698,2025-03-13,6.63,7.39,6.62,7.39,6.72,91323176.0,645644333.2,10.9982,0,0.1,7.39,True,9.970238095238093
sh.600698,2025-03-19,6.9,7.62,6.83,7.62,6.93,94949945.0,710239532.23,11.435,0,0.1,7.62,True,9.956709956709965
sh.600702,2025-03-14,54.1,59.59,54.1,59.59,54.17,20720794.0,1197758800.17,6.2296,0,0.1,59.59,True,10.005538120731039
sh.600708,2025-03-17,3.27,3.58,3.27,3.58,3.25,68605241.0,239087622.58,3.083,0,0.1,3.58,True,10.153846153846157
sh.600711,2025-03-10,5.25,5.4,5.18,5.4,5.14,164368679.0,874964861.74,5.3183,1,0.05,5.4,True,5.058365758754868
sh.600711,2025-03-14,5.73,5.85,5.73,5.85,5.57,118723357.0,691457422.37,3.8414,1,0.05,5.85,True,5.026929982046657
sh.600711,2025-03-19,5.88,6.08,5.78,6.08,5.79,169130436.0,1002166546.33,5.4724,1,0.05,6.08,True,5.0086355785837755
sh.600711,2025-04-14,5.36,5.54,5.36,5.54,5.28,54420986.0,297689245.36,1.7608,1,0.05,5.54,True,4.924242424242431
sh.600712,2025-03-10,5.7,6.24,5.68,6.24,5.67,34947990.0,213457360.65,6.4881,0,0.1,6.24,True,10.052910052910068
sh.600712,2025-04-11,5.96,6.45,5.83,6.45,5.86,55852755.0,349052429.75,10.3691,0,0.1,6.45,True,10.068259385665534
sh.600712,2025-04-14,7.1,7.1,7.1,7.1,6.45,7877596.0,55930931.6,1.4625,0,0.1,7.1,True,10.077519379844958
sh.600714,2025-03-06,10.68,11.7,10.47,11.7,10.64,38458546.0,434379313.94,13.3455,0,0.1,11.7,True,9.962406015037573
sh.600714,2025-03-07,11.9,12.87,11.88,12.87,11.7,36348652.0,461321424.87,12.6133,0,0.1,12.87,True,10.000000000000009
sh.600715,2025-04-10,2.05,2.05,2.04,2.05,1.95,8187800.0,16784722.0,0.3075,1,0.05,2.05,True,5.128205128205132
sh.600715,2025-04-17,2.18,2.28,2.18,2.28,2.17,46923242.0,105955404.76,1.7625,1,0.05,2.28,True,5.069124423963123
sh.600715,2025-04-29,2.27,2.36,2.26,2.36,2.25,36987200.0,86080872.0,1.3893,1,0.05,2.36,True,4.888888888888876
sh.600716,2025-03-20,3.38,3.72,3.37,3.72,3.38,45199896.0,162240359.73,4.8287,0,0.1,3.72,True,10.059171597633142
sh.600718,2025-03-06,11.45,12.49,11.42,12.49,11.35,83590201.0,1018234282.55,6.9444,0,0.1,12.49,True,10.044052863436125
sh.600718,2025-03-11,12.43,13.84,12.34,13.84,12.58,211991443.0,2877633960.75,17.6116,0,0.1,13.84,True,10.015898251192358
sh.600725,2025-03-12,3.23,3.56,3.23,3.56,3.24,87291202.0,302154153.88,7.0826,0,0.1,3.56,True,9.876543209876543
sh.600726,2025-04-25,2.3,2.5,2.28,2.5,2.27,124405538.0,306441888.68,4.5282,0,0.1,2.5,True,10.13215859030836
sh.600726,2025-04-28,2.7,2.75,2.6,2.75,2.5,338119057.0,917840504.41,12.3071,0,0.1,2.75,True,10.000000000000009
sh.600727,2025-03-25,8.02,8.81,8.02,8.81,8.01,92991605.0,790390066.78,17.5946,0,0.1,8.81,True,9.987515605493137
sh.600728,2025-03-06,5.35,5.84,5.33,5.84,5.31,137308421.0,782288954.84,6.4079,0,0.1,5.84,True,9.981167608286267
sh.600728,2025-03-07,6.42,6.42,6.42,6.42,5.84,75474073.0,484543548.66,3.5222,0,0.1,6.42,True,9.931506849315074
sh.600734,2025-03-04,4.26,4.87,4.26,4.87,4.43,168399169.0,798922663.5,7.766,0,0.1,4.87,True,9.932279909706555
sh.600735,2025-03-11,5.06,5.63,5.03,5.63,5.12,51835870.0,286435853.08,12.1837,0,0.1,5.63,True,9.9609375
sh.600735,2025-04-15,5.42,5.95,5.32,5.95,5.41,36612596.0,211673534.52,8.6056,0,0.1,5.95,True,9.981515711645095
sh.600735,2025-04-30,5.17,5.69,5.17,5.69,5.17,35371435.0,195645515.83,8.3139,0,0.1,5.69,True,10.058027079303677
sh.600738,2025-03-14,5.6,5.96,5.45,5.96,5.42,122435214.0,720774876.58,16.0958,0,0.1,5.96,True,9.963099630996307
sh.600738,2025-04-08,4.54,4.94,4.49,4.94,4.49,39293000.0,186879027.0,5.1656,0,0.1,4.94,True,10.022271714922049
sh.600738,2025-04-10,4.9,5.51,4.88,5.51,5.01,106295960.0,570963447.76,13.9741,0,0.1,5.51,True,9.980039920159678
sh.600738,2025-04-22,5.66,6.25,5.53,6.25,5.68,121229016.0,708874513.85,15.9372,0,0.1,6.25,True,10.035211267605648
sh.600743,2025-04-30,1.73,1.86,1.73,1.86,1.69,55239049.0,101474127.12,2.3545,0,0.1,1.86,True,10.059171597633142
sh.600744,2025-04-08,3.1,3.4,3.1,3.4,3.09,84841087.0,280312862.79,4.1771,0,0.1,3.4,True,10.032362459546928
sh.600744,2025-04-24,3.71,3.85,3.68,3.85,3.5,77157154.0,294365050.9,3.7987,0,0.1,3.85,True,10.000000000000009
sh.600744,2025-04-25,4.24,4.24,4.24,4.24,3.85,25999648.0,110238507.52,1.2801,0,0.1,4.24,True,10.129870129870122
sh.600744,2025-04-28,4.66,4.66,4.66,4.66,4.24,17201702.0,80159931.32,0.8469,0,0.1,4.66,True,9.905660377358494
sh.600746,2025-03-27,7.83,8.65,7.79,8.65,7.86,13185879.0,112149768.39,1.1308,0,0.1,8.65,True,10.050890585241735
sh.600746,2025-04-10,8.23,9.27,8.22,9.27,8.43,63310064.0,563010686.58,5.4293,0,0.1,9.27,True,9.964412811387891
sh.600751,2025-03-05,2.48,2.72,2.44,2.72,2.47,92214598.0,239961862.14,3.5837,0,0.1,2.72,True,10.121457489878537
sh.600751,2025-03-06,2.78,2.99,2.73,2.99,2.72,183360637.0,531090101.52,7.1258,0,0.1,2.99,True,9.926470588235304
sh.600751,2025-04-11,2.65,2.92,2.64,2.92,2.65,59270781.0,169050328.52,2.3034,0,0.1,2.92,True,10.188679245283016
sh.600753,2025-03-26,5.17,5.68,5.13,5.68,5.16,7761702.0,42823330.6,3.3702,0,0.1,5.68,True,10.077519379844958
sh.600753,2025-04-01,5.2,5.69,5.2,5.69,5.17,12088900.0,68580472.0,5.249,0,0.1,5.69,True,10.058027079303677
sh.600753,2025-04-10,5.1,5.54,5.04,5.54,5.04,5359600.0,29408806.0,2.3272,0,0.1,5.54,True,9.92063492063493
sh.600753,2025-04-11,5.99,6.09,5.54,6.09,5.54,15404037.0,89605087.38,6.6885,0,0.1,6.09,True,9.927797833935003
sh.600758,2025-03-20,3.87,4.26,3.86,4.26,3.87,68273014.0,285509150.74,5.1693,0,0.1,4.26,True,10.077519379844958
sh.600759,2025-03-21,2.31,2.54,2.31,2.54,2.31,520395864.0,1292524271.67,12.5588,0,0.1,2.54,True,9.956709956709965
sh.600764,2025-03-14,30.24,32.6,29.64,32.6,29.64,34671569.0,1085344383.58,4.879,0,0.1,32.6,True,9.986504723346833
sh.600764,2025-04-09,27.2,28.69,27.0,28.69,26.08,17241245.0,483779216.14,2.4262,0,0.1,28.69,True,10.007668711656459
sh.600769,2025-04-02,9.7,10.63,9.7,10.63,9.66,21291613.0,220481512.07,5.6781,0,0.1,10.63,True,10.041407867494833
sh.600771,2025-04-25,18.3,18.9,18.25,18.9,17.18,30043720.0,565055917.29,6.1377,0,0.1,18.9,True,10.011641443538988
sh.600774,2025-03-14,7.61,8.34,7.56,8.34,7.58,22115010.0,178232130.97,7.5006,0,0.1,8.34,True,10.026385224274414
sh.600774,2025-04-10,7.11,7.8,7.11,7.8,7.09,13951960.0,104942101.18,4.732,0,0.1,7.8,True,10.014104372355437
sh.600774,2025-04-29,7.41,8.16,7.39,8.16,7.42,12251058.0,97129367.28,4.1551,0,0.1,8.16,True,9.973045822102433
sh.600774,2025-04-30,8.98,8.98,8.98,8.98,8.16,7821176.0,70234160.48,2.6527,0,0.1,8.98,True,10.049019607843146
sh.600776,2025-04-18,10.04,11.09,9.99,11.09,10.08,31546221.0,335310153.68,3.2998,0,0.1,11.09,True,10.01984126984128
sh.600777,2025-03-21,2.17,2.19,2.16,2.19,2.09,99950749.0,218471841.96,1.57,1,0.05,2.19,True,4.784688995215314
sh.600777,2025-04-03,2.56,2.56,2.56,2.56,2.44,6886569.0,17629616.64,0.1082,1,0.05,2.56,True,4.918032786885251
sh.600777,2025-04-07,2.69,2.69,2.65,2.69,2.56,282122059.0,758344585.91,4.4316,1,0.05,2.69,True,5.078125
sh.600777,2025-04-21,2.98,2.98,2.98,2.98,2.84,12016298.0,35808568.04,0.1888,1,0.05,2.98,True,4.929577464788748
sh.600777,2025-04-22,3.13,3.13,3.13,3.13,2.98,42159794.0,131960155.22,0.6622,1,0.05,3.13,True,5.033557046979853
sh.600778,2025-04-08,5.43,6.09,5.42,6.09,5.54,39031095.0,231341737.54,12.5415,0,0.1,6.09,True,9.927797833935003
sh.600779,2025-03-14,48.44,53.32,48.44,53.32,48.47,19166598.0,991256292.09,3.9316,0,0.1,53.32,True,10.006189395502375
sh.600785,2025-04-08,11.1,11.88,11.06,11.88,10.8,9634901.0,112665399.88,4.2702,0,0.1,11.88,True,10.000000000000009
sh.600787,2025-04-08,5.49,6.01,5.49,6.01,5.46,90877328.0,539561814.08,4.1877,0,0.1,6.01,True,10.073260073260059
sh.600787,2025-04-09,6.48,6.61,6.16,6.61,6.01,229949470.0,1463519660.51,10.5964,0,0.1,6.61,True,9.98336106489186
sh.600787,2025-04-22,6.09,6.66,6.09,6.66,6.05,157795388.0,1012252281.68,7.2714,0,0.1,6.66,True,10.08264462809918
sh.600789,2025-03-26,10.18,10.87,10.15,10.87,9.88,194125087.0,2046972463.24,21.6014,0,0.1,10.87,True,10.020242914979738
sh.600789,2025-04-01,10.4,11.13,10.4,11.13,10.12,97940622.0,1055761227.24,10.8984,0,0.1,11.13,True,9.980237154150217
sh.600790,2025-04-22,3.44,3.78,3.43,3.78,3.44,32634199.0,119838279.36,2.2264,0,0.1,3.78,True,9.883720930232553
sh.600790,2025-04-23,4.0,4.16,3.94,4.16,3.78,42068727.0,172248919.52,2.87,0,0.1,4.16,True,10.052910052910068
sh.600793,2025-04-08,14.7,16.23,14.66,16.23,14.75,12524480.0,192887477.0,7.0798,0,0.1,16.23,True,10.033898305084744
sh.600793,2025-04-30,23.0,24.85,21.51,24.85,22.59,24432692.0,575365561.78,13.8113,0,0.1,24.85,True,10.004426737494466
sh.600794,2025-04-10,3.46,3.67,3.37,3.67,3.34,68279442.0,244695106.6,5.6329,0,0.1,3.67,True,9.880239520958089
sh.600794,2025-04-17,3.79,4.16,3.66,4.16,3.78,99209021.0,387730477.13,8.2664,0,0.1,4.16,True,10.052910052910068
sh.600794,2025-04-18,4.42,4.58,4.29,4.58,4.16,90601667.0,404720340.04,7.5492,0,0.1,4.58,True,10.096153846153854
sh.600794,2025-04-21,4.89,5.04,4.73,5.04,4.58,75782942.0,375486092.86,6.3144,0,0.1,5.04,True,10.043668122270732
sh.600794,2025-04-22,5.54,5.54,5.54,5.54,5.04,13097459.0,72559922.86,1.0913,0,0.1,5.54,True,9.92063492063493
sh.600797,2025-03-04,9.26,10.32,9.2,10.32,9.38,119136084.0,1166978161.86,11.5944,0,0.1,10.32,True,10.021321961620465
sh.600797,2025-03-18,12.5,13.2,12.2,13.2,12.0,405802358.0,5241287966.69,39.4931,0,0.1,13.2,True,9.999999999999986
sh.600797,2025-03-20,12.76,13.6,12.49,13.6,12.36,399698096.0,5336146972.43,38.8991,0,0.1,13.6,True,10.032362459546928
sh.600798,2025-04-09,2.72,3.01,2.59,3.01,2.74,48025250.0,137189768.5,3.9804,0,0.1,3.01,True,9.85401459854014
sh.600798,2025-04-10,3.16,3.31,3.1,3.31,3.01,67331628.0,218593927.86,5.5806,0,0.1,3.31,True,9.966777408637872
sh.600800,2025-03-27,3.15,3.49,3.14,3.49,3.17,52773029.0,180673535.99,4.7555,0,0.1,3.49,True,10.094637223974768
sh.600800,2025-04-16,2.71,2.99,2.58,2.99,2.72,73367752.0,212422336.47,6.6113,0,0.1,2.99,True,9.926470588235304
sh.600800,2025-04-17,2.97,3.29,2.95,3.29,2.99,82965912.0,267845316.1,7.4762,0,0.1,3.29,True,10.033444816053505
sh.600800,2025-04-24,3.01,3.3,2.97,3.3,3.0,56236564.0,175464148.54,5.0676,0,0.1,3.3,True,9.999999999999986
sh.600802,2025-03-10,4.11,4.51,4.11,4.51,4.1,12530646.0,55911880.19,2.7345,0,0.1,4.51,True,10.000000000000009
sh.600810,2025-04-18,7.57,8.23,7.53,8.23,7.48,25490141.0,203908997.73,2.5356,0,0.1,8.23,True,10.026737967914446
sh.600815,2025-03-05,2.72,2.99,2.71,2.99,2.72,33767499.0,98968419.23,1.9034,0,0.1,2.99,True,9.926470588235304
sh.600818,2025-03-11,10.98,12.22,10.91,12.22,11.11,21481101.0,255385649.22,9.0273,0,0.1,12.22,True,9.990999099909992
sh.600822,2025-04-25,9.58,10.54,9.5,10.54,9.58,27487522.0,283348311.38,6.9387,0,0.1,10.54,True,10.020876826722326
sh.600822,2025-04-28,11.03,11.59,10.62,11.59,10.54,61403972.0,683741849.02,15.5003,0,0.1,11.59,True,9.962049335863377
sh.600825,2025-03-10,6.98,7.79,6.83,7.79,7.08,79374982.0,584197877.37,7.5965,0,0.1,7.79,True,10.028248587570632
sh.600826,2025-04-14,7.84,8.25,7.79,8.25,7.5,17534529.0,143067783.96,2.3839,0,0.1,8.25,True,10.000000000000009
sh.600828,2025-04-08,2.93,3.12,2.87,3.12,2.84,20226635.0,61059318.16,1.1683,0,0.1,3.12,True,9.859154929577475
sh.600828,2025-04-14,3.37,3.72,3.37,3.72,3.38,34270908.0,123221842.92,1.9794,0,0.1,3.72,True,10.059171597633142
sh.600828,2025-04-24,3.66,3.95,3.64,3.95,3.59,18036465.0,70495172.75,1.0418,0,0.1,3.95,True,10.027855153203348
sh.600828,2025-04-25,4.35,4.35,4.35,4.35,3.95,7880805.0,34281501.75,0.4552,0,0.1,4.35,True,10.126582278481
sh.600828,2025-04-29,4.78,5.27,4.31,5.27,4.79,130958003.0,602395279.99,7.5639,0,0.1,5.27,True,10.020876826722326
sh.600829,2025-03-10,7.65,8.42,7.65,8.42,7.65,27560836.0,223706778.78,4.7528,0,0.1,8.42,True,10.065359477124169
sh.600831,2025-03-12,2.87,2.98,2.87,2.98,2.84,11646729.0,34546921.42,1.6382,1,0.05,2.98,True,4.929577464788748
sh.600831,2025-04-25,2.61,2.68,2.61,2.68,2.55,12922900.0,34519861.0,1.8177,1,0.05,2.68,True,5.098039215686279
sh.600835,2025-03-04,21.58,24.13,21.58,24.13,21.94,25958648.0,606026339.06,3.2187,0,0.1,24.13,True,9.981768459434814
sh.600841,2025-03-04,5.76,6.34,5.63,6.34,5.76,57020461.0,341099362.09,6.1969,0,0.1,6.34,True,10.069444444444443
sh.600841,2025-03-06,6.33,7.13,6.33,7.13,6.48,93841624.0,638886586.05,10.1986,0,0.1,7.13,True,10.030864197530853
sh.600841,2025-04-14,5.06,5.48,5.06,5.48,4.98,12733100.0,68023772.0,1.2208,0,0.1,5.48,True,10.040160642570273
sh.600844,2025-03-14,2.65,2.89,2.63,2.89,2.63,74105300.0,211167016.0,9.0072,0,0.1,2.89,True,9.88593155893538
sh.600844,2025-03-27,2.67,2.96,2.66,2.96,2.69,28532000.0,83163407.0,3.468,0,0.1,2.96,True,10.03717472118959
sh.600844,2025-04-01,2.71,2.96,2.7,2.96,2.69,27350814.0,80145997.44,3.3244,0,0.1,2.96,True,10.03717472118959
sh.600844,2025-04-14,2.85,3.15,2.85,3.15,2.86,69397979.0,211971487.89,8.4351,0,0.1,3.15,True,10.139860139860147
sh.600847,2025-03-04,9.29,10.32,9.29,10.32,9.38,7151825.0,71146147.0,4.6656,0,0.1,10.32,True,10.021321961620465
sh.600851,2025-04-01,6.23,6.85,6.22,6.85,6.23,19161338.0,129317854.3,2.5957,0,0.1,6.85,True,9.95184590690208
sh.600857,2025-03-31,8.3,8.93,8.12,8.93,8.12,12244089.0,105264482.97,5.4583,0,0.1,8.93,True,9.975369458128093
sh.600857,2025-04-17,9.31,10.23,9.31,10.23,9.3,15728987.0,156774654.7,7.0119,0,0.1,10.23,True,9.999999999999986
sh.600859,2025-04-09,13.15,14.73,12.92,14.73,13.39,56489828.0,787335907.72,4.9773,0,0.1,14.73,True,10.007468259895447
sh.600859,2025-04-10,15.9,16.2,15.5,16.2,14.73,78066867.0,1247620250.53,6.8785,0,0.1,16.2,True,9.979633401221989
sh.600860,2025-03-07,13.49,14.76,13.27,14.76,13.42,34947697.0,491890566.58,8.0297,0,0.1,14.76,True,9.985096870342769
sh.600860,2025-03-10,16.22,16.24,15.99,16.24,14.76,26878534.0,435955435.16,6.1757,0,0.1,16.24,True,10.027100271002709
sh.600860,2025-04-21,12.39,12.39,12.39,12.39,11.26,4883800.0,60510282.0,1.1221,0,0.1,12.39,True,10.035523978685612
sh.600860,2025-04-23,12.27,13.75,12.27,13.75,12.5,44606085.0,588807750.96,10.2488,0,0.1,13.75,True,10.000000000000009
sh.600865,2025-04-18,9.21,10.26,9.21,10.26,9.33,17802697.0,174166374.63,4.7317,0,0.1,10.26,True,9.967845659163977
sh.600865,2025-04-21,11.18,11.29,10.94,11.29,10.26,12642201.0,141886524.29,3.3601,0,0.1,11.29,True,10.038986354775826
sh.600865,2025-04-22,12.42,12.42,12.08,12.42,11.29,20557994.0,255100391.48,5.4641,0,0.1,12.42,True,10.008857395925608
sh.600866,2025-04-22,7.89,7.89,7.67,7.89,7.17,118146448.0,923353670.12,10.6498,0,0.1,7.89,True,10.041841004184104
sh.600876,2025-03-20,9.9,10.36,9.44,10.36,9.42,5834135.0,59489697.6,1.4745,0,0.1,10.36,True,9.97876857749469
sh.600876,2025-04-22,8.93,9.86,8.92,9.86,8.96,10745536.0,103668072.18,2.7157,0,0.1,9.86,True,10.044642857142838
sh.600882,2025-03-24,19.37,21.03,19.14,21.03,19.12,25483716.0,532734394.47,4.9768,0,0.1,21.03,True,9.98953974895398
sh.600882,2025-03-27,21.61,23.82,21.4,23.82,21.65,28263653.0,641069482.61,5.5197,0,0.1,23.82,True,10.023094688221711
sh.600882,2025-04-08,24.0,25.94,23.47,25.94,23.58,31600838.0,786818835.7,6.1714,0,0.1,25.94,True,10.008481764206966
sh.600889,2025-04-30,16.54,18.26,16.54,18.26,16.6,47028676.0,836850750.32,12.8372,0,0.1,18.26,True,10.000000000000009
sh.600892,2025-03-17,3.45,3.76,3.45,3.76,3.42,53014900.0,197745760.0,9.4785,0,0.1,3.76,True,9.941520467836252
sh.600892,2025-03-21,3.52,3.87,3.46,3.87,3.52,77684800.0,294400833.92,13.8892,0,0.1,3.87,True,9.943181818181813
sh.600895,2025-04-09,22.8,24.75,22.58,24.75,22.5,72839206.0,1758772280.32,4.7033,0,0.1,24.75,True,10.000000000000009
sh.600903,2025-04-10,6.77,7.58,6.77,7.58,6.89,40942829.0,293541442.73,3.5602,0,0.1,7.58,True,10.0145137880987
sh.600936,2025-03-11,3.48,3.77,3.48,3.77,3.43,30100400.0,111669281.0,1.8013,0,0.1,3.77,True,9.912536443148689
sh.600936,2025-03-12,4.15,4.15,4.02,4.15,3.77,61636136.0,255607515.4,3.6885,0,0.1,4.15,True,10.07957559681698
sh.600939,2025-04-17,2.51,2.77,2.49,2.77,2.52,20852836.0,55985989.72,1.0965,0,0.1,2.77,True,9.92063492063493
sh.600939,2025-04-22,2.73,3.01,2.73,3.01,2.74,55693451.0,161348363.22,2.9285,0,0.1,3.01,True,9.85401459854014
sh.600939,2025-04-30,2.71,2.97,2.7,2.97,2.7,30764271.0,89271167.95,1.6176,0,0.1,2.97,True,10.000000000000009
sh.600959,2025-03-12,3.42,3.73,3.42,3.73,3.39,87105823.0,317726122.09,1.7419,0,0.1,3.73,True,10.029498525073732
sh.600960,2025-03-10,3.61,3.96,3.61,3.96,3.6,49248950.0,191588640.0,5.1813,0,0.1,3.96,True,9.999999999999986
sh.600960,2025-03-20,4.15,4.44,4.09,4.44,4.04,25117332.0,109993684.08,2.6425,0,0.1,4.44,True,9.90099009900991
sh.600961,2025-03-07,8.3,9.02,8.3,9.02,8.2,75584047.0,674928683.5,10.0536,0,0.1,9.02,True,10.000000000000009
sh.600963,2025-04-21,4.31,4.76,4.26,4.76,4.33,52027274.0,238011055.33,2.9602,0,0.1,4.76,True,9.930715935334877
sh.600965,2025-03-26,5.08,5.53,5.07,5.53,5.03,24285286.0,130073326.94,2.9663,0,0.1,5.53,True,9.940357852882698
sh.600965,2025-04-07,5.7,5.94,5.68,5.94,5.4,78808215.0,466128562.76,9.626,0,0.1,5.94,True,10.000000000000009
sh.600965,2025-04-08,5.91,6.53,5.6,6.53,5.94,100239491.0,617945711.69,12.2437,0,0.1,6.53,True,9.932659932659927
sh.600967,2025-03-11,9.98,11.09,9.87,11.09,10.08,48769416.0,525055774.36,2.8706,0,0.1,11.09,True,10.01984126984128
sh.600967,2025-03-12,11.88,12.2,11.55,12.2,11.09,76204773.0,917538082.4,4.4855,0,0.1,12.2,True,10.009017132551845
sh.600967,2025-04-09,9.74,10.89,9.58,10.89,9.9,37483100.0,391791896.0,2.2063,0,0.1,10.89,True,10.000000000000009
sh.600969,2025-04-24,7.43,8.07,7.4,8.07,7.34,41822048.0,334013247.5,11.3017,0,0.1,8.07,True,9.945504087193457
sh.600975,2025-04-08,5.93,6.53,5.93,6.53,5.94,125209895.0,790700987.64,12.3122,0,0.1,6.53,True,9.932659932659927
sh.600979,2025-03-12,5.13,5.64,5.13,5.64,5.13,138759297.0,758328235.53,11.2606,0,0.1,5.64,True,9.941520467836252
sh.600979,2025-03-19,5.76,6.31,5.76,6.31,5.74,161865716.0,999659594.56,13.1357,0,0.1,6.31,True,9.93031358885017
sh.600981,2025-04-15,2.56,2.82,2.45,2.82,2.56,88305814.0,236102161.98,3.9379,0,0.1,2.82,True,10.15625
sh.600982,2025-03-13,4.37,4.84,4.35,4.84,4.4,88685508.0,421011168.53,7.9352,0,0.1,4.84,True,9.999999999999986
sh.600983,2025-04-25,10.11,10.11,10.11,10.11,9.19,2682300.0,27118053.0,0.35,0,0.1,10.11,True,10.010881392818272
sh.600986,2025-03-06,9.68,9.68,9.68,9.68,8.8,75962270.0,735314773.6,5.1071,0,0.1,9.68,True,9.999999999999986
sh.600986,2025-04-30,7.66,8.02,7.66,8.02,7.29,112528490.0,890940263.26,7.5656,0,0.1,8.02,True,10.013717421124824
sh.600988,2025-04-21,29.32,31.0,29.13,31.0,28.18,102402585.0,3083193012.89,6.1543,0,0.1,31.0,True,10.007097232079488
sh.600996,2025-03-12,10.49,10.79,10.21,10.79,9.81,38323270.0,409332991.59,3.0737,0,0.1,10.79,True,9.989806320081529
sh.601002,2025-04-11,4.05,4.47,4.0,4.47,4.06,18641199.0,81572504.5,1.9531,0,0.1,4.47,True,10.098522167487701
sh.601003,2025-04-29,3.27,3.27,3.24,3.27,2.97,40819938.0,133477382.26,1.5928,0,0.1,3.27,True,10.1010101010101
sh.601007,2025-04-16,6.94,7.69,6.91,7.69,6.99,41399903.0,310541680.17,10.6154,0,0.1,7.69,True,10.014306151645203
sh.601007,2025-04-17,7.95,8.46,7.86,8.46,7.69,69004147.0,568546293.4,17.6934,0,0.1,8.46,True,10.013003901170347
sh.601008,2025-04-03,3.83,4.25,3.83,4.25,3.86,85863823.0,357549240.65,6.9209,0,0.1,4.25,True,10.103626943005196
sh.601008,2025-04-07,4.44,4.68,4.31,4.68,4.25,173184782.0,792189548.11,13.9593,0,0.1,4.68,True,10.11764705882352
sh.601008,2025-04-08,4.95,5.15,4.88,5.15,4.68,54241132.0,273456069.62,4.372,0,0.1,5.15,True,10.042735042735051
sh.601008,2025-04-09,5.67,5.67,5.67,5.67,5.15,14781837.0,83813015.79,1.1915,0,0.1,5.67,True,10.097087378640769
sh.601008,2025-04-10,6.24,6.24,6.24,6.24,5.67,6298260.0,39301142.4,0.5077,0,0.1,6.24,True,10.052910052910068
sh.601008,2025-04-11,6.86,6.86,6.44,6.86,6.24,267471441.0,1801380466.78,21.5592,0,0.1,6.86,True,9.935897435897445
sh.601008,2025-04-16,5.5,6.52,5.43,6.52,5.93,305480195.0,1899731244.15,24.6228,0,0.1,6.52,True,9.94940978077572
sh.601008,2025-04-22,5.47,5.9,5.47,5.9,5.36,191771724.0,1102389953.19,15.4575,0,0.1,5.9,True,10.074626865671643
sh.601008,2025-04-23,6.0,6.49,6.0,6.49,5.9,289363687.0,1806209969.17,23.3238,0,0.1,6.49,True,9.999999999999986
sh.601010,2025-04-18,3.1,3.38,3.06,3.38,3.07,233496744.0,771808608.2,12.6351,0,0.1,3.38,True,10.097719869706845
sh.601015,2025-03-20,3.14,3.47,3.14,3.47,3.15,56929652.0,194348920.54,2.7873,0,0.1,3.47,True,10.158730158730167
sh.601020,2025-03-04,16.25,17.28,15.65,17.28,15.71,96878331.0,1605818476.04,11.8149,0,0.1,17.28,True,9.993634627625724
sh.601020,2025-03-05,17.3,19.01,17.3,19.01,17.28,99959409.0,1858700882.52,12.1907,0,0.1,19.01,True,10.011574074074069
sh.601020,2025-03-07,21.0,22.55,21.0,22.55,20.5,61193829.0,1349997015.56,7.463,0,0.1,22.55,True,10.000000000000009
sh.601020,2025-04-14,18.09,19.76,18.09,19.76,17.96,59141756.0,1131543154.52,7.2127,0,0.1,19.76,True,10.022271714922049
sh.601038,2025-04-08,13.49,13.66,13.25,13.66,12.42,12985238.0,176317631.0,1.7747,0,0.1,13.66,True,9.98389694041868
sh.601059,2025-03-14,16.95,18.46,16.8,18.46,16.78,130099235.0,2344712248.03,18.8113,0,0.1,18.46,True,10.011918951132293
sh.601068,2025-04-17,4.75,5.24,4.71,5.24,4.76,38301160.0,195231306.4,1.4964,0,0.1,5.24,True,10.084033613445387
sh.601068,2025-04-18,5.38,5.76,5.3,5.76,5.24,65299266.0,368396370.54,2.5512,0,0.1,5.76,True,9.923664122137389
sh.601069,2025-03-28,14.31,15.31,13.99,15.31,13.92,36646092.0,543484838.35,5.3577,0,0.1,15.31,True,9.985632183908045
sh.601069,2025-03-31,15.35,16.84,15.35,16.84,15.31,73881539.0,1202341582.44,10.8015,0,0.1,16.84,True,9.99346832135859
sh.601069,2025-04-03,16.12,17.05,15.9,17.05,15.5,91581392.0,1517360570.62,13.3892,0,0.1,17.05,True,10.000000000000009
sh.601069,2025-04-10,15.4,16.67,15.25,16.67,15.15,73746399.0,1194255591.44,10.7818,0,0.1,16.67,True,10.033003300330034
sh.601069,2025-04-21,17.99,19.17,17.79,19.17,17.43,61758343.0,1145454998.31,9.0291,0,0.1,19.17,True,9.982788296041312
sh.601083,2025-04-09,9.17,10.02,8.92,10.02,9.11,21179290.0,203912470.65,10.9104,0,0.1,10.02,True,9.989023051591662
sh.601083,2025-04-10,11.02,11.02,11.02,11.02,10.02,13724199.0,151240672.98,7.07,0,0.1,11.02,True,9.980039920159678
sh.601083,2025-04-15,11.2,11.52,11.2,11.52,10.47,28036725.0,320257742.34,14.443,0,0.1,11.52,True,10.028653295128919
sh.601086,2025-04-03,4.72,5.24,4.72,5.24,4.76,20135200.0,104855081.0,3.0233,0,0.1,5.24,True,10.084033613445387
sh.601086,2025-04-07,5.76,5.76,5.35,5.76,5.24,62846500.0,357586696.0,9.4364,0,0.1,5.76,True,9.923664122137389
sh.601086,2025-04-08,6.34,6.34,6.34,6.34,5.76,6574800.0,41684232.0,0.9872,0,0.1,6.34,True,10.069444444444443
sh.601086,2025-04-09,6.97,6.97,6.97,6.97,6.34,5231800.0,36465646.0,0.7856,0,0.1,6.97,True,9.936908517350162
sh.601086,2025-04-10,7.67,7.67,7.67,7.67,6.97,24682665.0,189316040.55,3.7061,0,0.1,7.67,True,10.04304160688665
sh.601086,2025-04-11,8.44,8.44,8.44,8.44,7.67,8156900.0,68844236.0,1.2248,0,0.1,8.44,True,10.039113428943924
sh.601086,2025-04-14,8.44,9.28,8.21,9.28,8.44,57387756.0,515968665.43,8.6168,0,0.1,9.28,True,9.952606635071092
sh.601086,2025-04-16,8.51,9.59,8.0,9.59,8.72,115176862.0,991814323.21,17.2938,0,0.1,9.59,True,9.977064220183474
sh.601086,2025-04-17,9.47,10.55,9.2,10.55,9.59,109937145.0,1113718821.46,16.5071,0,0.1,10.55,True,10.010427528675713
sh.601086,2025-04-18,10.5,11.61,9.94,11.61,10.55,101197445.0,1103867801.14,15.1948,0,0.1,11.61,True,10.047393364928903
sh.601086,2025-04-21,12.05,12.77,11.8,12.77,11.61,55181007.0,690712948.85,8.2854,0,0.1,12.77,True,9.991386735572782
sh.601086,2025-04-22,13.38,14.05,13.0,14.05,12.77,74884589.0,1018425523.57,11.2439,0,0.1,14.05,True,10.023492560689128
sh.601086,2025-04-24,11.39,13.92,11.39,13.92,12.65,122097620.0,1461621231.57,18.333,0,0.1,13.92,True,10.039525691699591
sh.601106,2025-03-25,2.8,3.1,2.77,3.1,2.82,109528300.0,329745692.14,1.5971,0,0.1,3.1,True,9.929078014184412
sh.601126,2025-03-12,16.62,18.27,16.53,18.27,16.61,62978597.0,1112327257.45,7.6911,0,0.1,18.27,True,9.993979530403374
sh.601136,2025-03-06,20.86,22.59,20.86,22.59,20.54,139466130.0,3095558624.24,28.9659,0,0.1,22.59,True,9.980525803310613
sh.601138,2025-04-10,17.9,17.96,17.5,17.96,16.33,253856136.0,4527281724.73,1.2784,0,0.1,17.96,True,9.981628903857942
sh.601155,2025-04-09,11.56,12.91,11.53,12.91,11.74,43089019.0,535677177.2,1.9103,0,0.1,12.91,True,9.965928449744466
sh.601177,2025-03-04,18.38,19.45,18.36,19.45,17.68,55815568.0,1076125491.56,13.9518,0,0.1,19.45,True,10.011312217194579
sh.601177,2025-03-06,20.12,22.91,20.02,22.91,20.83,93775177.0,2070995373.77,23.4403,0,0.1,22.91,True,9.98559769563132
sh.601177,2025-04-09,13.57,15.42,12.92,15.42,14.02,48242678.0,702877114.48,12.0589,0,0.1,15.42,True,9.985734664764623
sh.601177,2025-04-23,16.71,18.27,16.71,18.27,16.61,37409921.0,668117605.94,9.3511,0,0.1,18.27,True,9.993979530403374
sh.601188,2025-04-23,3.63,3.99,3.6,3.99,3.63,184798570.0,722252815.44,14.0437,0,0.1,3.99,True,9.917355371900838
sh.601218,2025-03-20,3.26,3.6,3.26,3.6,3.27,120194199.0,425314777.56,12.4035,0,0.1,3.6,True,10.091743119266061
sh.601218,2025-04-25,3.25,3.41,3.25,3.41,3.1,102513900.0,347602572.42,10.579,0,0.1,3.41,True,10.000000000000009
sh.601226,2025-03-21,7.01,7.6,7.0,7.6,6.91,30241365.0,224781898.0,2.602,0,0.1,7.6,True,9.985528219971052
sh.601279,2025-04-15,3.35,3.69,3.35,3.69,3.35,11660316.0,42225897.04,0.7353,0,0.1,3.69,True,10.149253731343277
sh.601311,2025-04-11,7.82,8.04,7.69,8.04,7.31,40379983.0,322625931.35,3.442,0,0.1,8.04,True,9.986320109439117
sh.601336,2025-03-14,48.74,53.71,48.71,53.71,48.83,66007849.0,3453488601.64,3.1652,0,0.1,53.71,True,9.99385623592055
sh.601339,2025-04-14,4.99,5.5,4.95,5.5,5.0,32725369.0,172904682.21,2.1823,0,0.1,5.5,True,10.000000000000009
sh.601388,2025-04-03,2.4,2.64,2.39,2.64,2.4,119620520.0,310024926.29,5.4343,0,0.1,2.64,True,10.000000000000009
sh.601388,2025-04-14,2.34,2.55,2.33,2.55,2.32,107677946.0,271469465.3,4.8917,0,0.1,2.55,True,9.913793103448265
sh.601399,2025-03-25,3.02,3.32,3.0,3.32,3.02,136127341.0,440340710.76,1.8871,0,0.1,3.32,True,9.93377483443707
sh.601515,2025-04-22,3.4,3.74,3.4,3.74,3.4,111155125.0,402817086.99,5.9301,0,0.1,3.74,True,10.000000000000009
sh.601519,2025-03-31,9.91,9.91,9.91,9.91,9.01,19624610.0,194479885.1,0.9793,0,0.1,9.91,True,9.98890122086571
sh.601566,2025-04-25,8.77,9.21,8.7,9.21,8.37,8567560.0,78581737.08,1.491,0,0.1,9.21,True,10.035842293906839
sh.601579,2025-04-02,11.64,12.18,11.64,12.18,11.07,42947764.0,516700275.62,8.9575,0,0.1,12.18,True,10.027100271002709
sh.601579,2025-04-10,12.22,13.65,12.15,13.65,12.41,42758981.0,549457544.79,8.9181,0,0.1,13.65,True,9.991941982272357
sh.601579,2025-04-25,13.22,14.6,13.22,14.6,13.27,31215179.0,442343887.72,6.5104,0,0.1,14.6,True,10.02260738507912
sh.601579,2025-04-29,13.8,15.42,13.8,15.42,14.02,33511658.0,498270805.59,6.9894,0,0.1,15.42,True,9.985734664764623
sh.601595,2025-03-06,24.28,26.7,24.27,26.7,24.27,16007744.0,415358725.38,3.5716,0,0.1,26.7,True,10.012360939431385
sh.601595,2025-03-28,27.8,30.24,27.53,30.24,27.49,17534960.0,517515914.49,3.9123,0,0.1,30.24,True,10.003637686431421
sh.601595,2025-04-30,29.8,32.76,29.74,32.76,29.78,13946236.0,441832072.51,3.1116,0,0.1,32.76,True,10.00671591672262
sh.601606,2025-04-09,10.98,12.2,10.85,12.2,11.09,23464606.0,278973371.96,3.2399,0,0.1,12.2,True,10.009017132551845
sh.601608,2025-03-21,4.85,5.26,4.85,5.26,4.78,171325141.0,885066770.62,3.7649,0,0.1,5.26,True,10.041841004184082
sh.601608,2025-03-24,5.79,5.79,5.39,5.79,5.26,595943355.0,3370797031.98,13.096,0,0.1,5.79,True,10.076045627376429
sh.601611,2025-03-03,8.23,8.81,8.19,8.81,8.01,83446254.0,717945891.63,2.7709,0,0.1,8.81,True,9.987515605493137
sh.601616,2025-03-12,4.68,5.13,4.66,5.13,4.66,94500584.0,465250588.36,11.0699,0,0.1,5.13,True,10.085836909871237
sh.601619,2025-03-19,3.49,3.85,3.47,3.85,3.5,147590286.0,556790274.53,6.0628,0,0.1,3.85,True,10.000000000000009
sh.601689,2025-03-14,57.6,63.78,57.31,63.78,57.98,58184306.0,3572770140.25,3.451,0,0.1,63.78,True,10.003449465332892
sh.601766,2025-04-08,6.69,7.02,6.69,7.02,6.38,316961707.0,2192347896.61,1.3029,0,0.1,7.02,True,10.03134796238243
sh.601789,2025-03-03,6.73,6.74,6.73,6.74,6.13,99603457.0,670899485.18,9.1648,0,0.1,6.74,True,9.951060358890707
sh.601789,2025-03-06,6.25,7.02,6.22,7.02,6.38,310045019.0,2100990550.06,28.5283,0,0.1,7.02,True,10.03134796238243
sh.601798,2025-03-17,7.0,7.52,7.0,7.52,6.84,10714100.0,79682002.0,3.0221,0,0.1,7.52,True,9.941520467836252
sh.601798,2025-03-21,7.72,8.28,7.68,8.28,7.53,38070775.0,305951438.1,10.7384,0,0.1,8.28,True,9.960159362549792
sh.601798,2025-04-17,6.51,6.51,6.51,6.51,5.92,3589704.0,23368973.04,1.0125,0,0.1,6.51,True,9.966216216216207
sh.601798,2025-04-18,7.16,7.16,7.16,7.16,6.51,8819904.0,63150512.64,2.4878,0,0.1,7.16,True,9.984639016897079
sh.601799,2025-03-20,125.08,136.43,124.68,136.43,124.03,6847016.0,916550903.04,2.3967,0,0.1,136.43,True,9.997581230347507
sh.601811,2025-03-28,14.72,15.86,14.65,15.86,14.42,15258113.0,233142943.46,1.9268,0,0.1,15.86,True,9.986130374479885
sh.601886,2025-03-20,6.05,6.26,6.01,6.26,5.69,38415055.0,237047911.44,3.3906,0,0.1,6.26,True,10.017574692442865
sh.601888,2025-04-09,60.8,66.87,59.6,66.87,60.79,68709317.0,4408998942.23,3.5191,0,0.1,66.87,True,10.001645007402548
sh.601890,2025-03-20,8.59,9.44,8.5,9.44,8.58,103763646.0,951565455.97,10.8155,0,0.1,9.44,True,10.023310023310007
sh.601890,2025-03-21,9.89,10.38,9.7,10.38,9.44,169102967.0,1731194224.42,17.6259,0,0.1,10.38,True,9.957627118644075
sh.601890,2025-03-24,11.1,11.42,10.54,11.42,10.38,261189453.0,2908288226.17,27.2242,0,0.1,11.42,True,10.019267822736012
sh.601929,2025-03-12,2.08,2.24,2.07,2.24,2.04,259061963.0,573477250.41,7.4234,0,0.1,2.24,True,9.80392156862746
sh.601933,2025-04-03,4.62,5.1,4.58,5.1,4.64,556107818.0,2779952494.51,6.1279,0,0.1,5.1,True,9.913793103448265
sh.601933,2025-04-08,5.29,5.7,5.1,5.7,5.18,526095441.0,2927295197.16,5.7972,0,0.1,5.7,True,10.038610038610042
sh.601952,2025-04-08,10.48,11.42,9.91,11.42,10.38,93120238.0,1014747742.23,6.7576,0,0.1,11.42,True,10.019267822736012
sh.601956,2025-03-07,5.69,5.69,5.69,5.69,5.17,12689980.0,72205986.2,2.0513,0,0.1,5.69,True,10.058027079303677
sh.601956,2025-04-23,5.15,5.62,5.13,5.62,5.11,35671429.0,195981361.68,5.7662,0,0.1,5.62,True,9.980430528375738
sh.601956,2025-04-24,6.18,6.18,6.18,6.18,5.62,9027960.0,55792792.8,1.4594,0,0.1,6.18,True,9.964412811387891
sh.601956,2025-04-25,6.8,6.8,6.8,6.8,6.18,6854792.0,46612585.6,1.1081,0,0.1,6.8,True,10.032362459546928
sh.601956,2025-04-28,7.48,7.48,7.48,7.48,6.8,6370650.0,47652462.0,1.0298,0,0.1,7.48,True,10.000000000000009
sh.603001,2025-03-14,5.03,5.52,5.0,5.52,5.02,16296960.0,85469149.0,4.0643,0,0.1,5.52,True,9.960159362549792
sh.603001,2025-03-17,6.07,6.07,6.07,6.07,5.52,3753400.0,22783138.0,0.9361,0,0.1,6.07,True,9.96376811594204
sh.603002,2025-04-17,5.12,5.7,5.12,5.7,5.18,42793059.0,237718429.3,3.8826,0,0.1,5.7,True,10.038610038610042
sh.603002,2025-04-18,5.5,6.27,5.45,6.27,5.7,84778492.0,497372789.0,7.4755,0,0.1,6.27,True,9.999999999999986
sh.603006,2025-03-26,11.25,12.41,11.21,12.41,11.28,5286000.0,64676604.0,2.079,0,0.1,12.41,True,10.017730496453915
sh.603006,2025-04-10,10.14,10.85,10.04,10.85,9.86,6153400.0,65101845.0,2.4202,0,0.1,10.85,True,10.040567951318469
sh.603007,2025-03-10,8.14,8.54,8.14,8.54,8.13,9569675.0,80632275.22,1.9146,1,0.05,8.54,True,5.043050430504281
sh.603007,2025-03-28,5.43,5.73,5.26,5.73,5.46,39845755.0,219843393.68,7.9718,1,0.05,5.73,True,4.94505494505495
sh.603007,2025-04-10,4.41,4.53,4.31,4.53,4.31,18584344.0,82875874.1,3.7181,1,0.05,4.53,True,5.104408352668233
sh.603007,2025-04-11,4.55,4.76,4.53,4.76,4.53,15129362.0,70426095.94,3.0269,1,0.05,4.76,True,5.077262693156714
sh.603007,2025-04-21,4.45,4.67,4.45,4.67,4.45,9837756.0,45211523.73,1.9682,1,0.05,4.67,True,4.9438202247190866
sh.603011,2025-03-03,7.7,8.39,7.68,8.39,7.63,49397000.0,404817020.0,9.991,0,0.1,8.39,True,9.960681520314552
sh.603011,2025-03-24,9.39,10.22,9.29,10.22,9.29,52032915.0,513622342.3,10.5241,0,0.1,10.22,True,10.01076426264802
sh.603011,2025-03-25,11.24,11.24,11.24,11.24,10.22,16593690.0,186513075.6,3.3562,0,0.1,11.24,True,9.980430528375738
sh.603011,2025-03-26,12.36,12.36,12.36,12.36,11.24,8311704.0,102732661.44,1.6811,0,0.1,12.36,True,9.964412811387891
sh.603011,2025-03-28,12.0,13.37,12.0,13.37,12.15,188180258.0,2451758793.63,38.0612,0,0.1,13.37,True,10.041152263374475
sh.603011,2025-04-01,12.66,14.04,12.31,14.04,12.76,136901736.0,1823640035.3,27.6897,0,0.1,14.04,True,10.03134796238243
sh.603011,2025-04-14,10.53,11.08,10.53,11.08,10.07,21840512.0,238414779.96,4.4175,0,0.1,11.08,True,10.029791459781535
sh.603012,2025-03-04,5.7,6.27,5.66,6.27,5.7,51029179.0,309872387.8,7.8931,0,0.1,6.27,True,9.999999999999986
sh.603012,2025-03-06,6.25,6.89,6.24,6.89,6.26,57356989.0,379388093.66,8.8719,0,0.1,6.89,True,10.063897763578279
sh.603015,2025-03-25,12.6,13.73,12.41,13.73,12.48,26790400.0,365551030.0,6.6277,0,0.1,13.73,True,10.016025641025639
sh.603021,2025-04-10,3.55,3.86,3.55,3.86,3.51,10004160.0,37746519.6,3.1268,0,0.1,3.86,True,9.971509971509974
sh.603021,2025-04-18,4.21,4.21,4.21,4.21,3.83,8089960.0,34058731.6,2.5285,0,0.1,4.21,True,9.921671018276768
sh.603023,2025-04-30,3.3,3.45,3.28,3.45,3.29,11464218.0,38975811.84,2.0541,1,0.05,3.45,True,4.863221884498481
sh.603028,2025-03-20,7.0,7.55,6.9,7.55,6.86,30567440.0,227381198.0,10.6492,0,0.1,7.55,True,10.058309037900859
sh.603028,2025-04-25,5.99,6.44,5.99,6.44,5.85,26107170.0,162644322.2,9.0953,0,0.1,6.44,True,10.085470085470094
sh.603029,2025-04-08,16.1,17.04,16.0,17.04,15.49,5076370.0,85820799.8,4.1835,0,0.1,17.04,True,10.00645577792123
sh.603029,2025-04-22,16.99,18.89,16.99,18.89,17.17,13795900.0,254793225.6,11.3694,0,0.1,18.89,True,10.017472335468835
sh.603030,2025-04-29,2.19,2.4,2.17,2.4,2.18,73802827.0,174179033.09,5.6041,0,0.1,2.4,True,10.091743119266038
sh.603030,2025-04-30,2.51,2.64,2.5,2.64,2.4,39007950.0,101558546.0,2.962,0,0.1,2.64,True,10.000000000000009
sh.603032,2025-03-03,15.2,16.4,15.2,16.4,14.91,10039285.0,162649677.09,4.3627,0,0.1,16.4,True,9.993293091884636
sh.603038,2025-04-02,14.25,15.71,14.2,15.71,14.28,21148271.0,323383074.34,7.8713,0,0.1,15.71,True,10.014005602240905
sh.603039,2025-03-06,74.21,74.21,74.21,74.21,67.46,2409151.0,178783095.71,0.9245,0,0.1,74.21,True,10.005929439667959
sh.603039,2025-04-17,62.41,68.54,62.41,68.54,62.31,3304972.0,220673843.4,1.2682,0,0.1,68.54,True,9.998395121168357
sh.603040,2025-04-29,30.43,31.54,30.1,31.54,28.67,5280790.0,164414251.32,3.9099,0,0.1,31.54,True,10.010463899546561
sh.603040,2025-04-30,32.5,34.69,32.5,34.69,31.54,12958570.0,437775432.31,9.5944,0,0.1,34.69,True,9.987317691819907
sh.603042,2025-03-12,14.21,15.55,14.15,15.55,14.14,26405814.0,397436954.86,16.443,0,0.1,15.55,True,9.971711456859978
sh.603042,2025-04-18,12.25,13.48,12.13,13.48,12.25,24267946.0,322081288.41,15.1118,0,0.1,13.48,True,10.04081632653062
sh.603042,2025-04-21,13.89,14.83,13.64,14.83,13.48,37125902.0,542235502.48,23.1185,0,0.1,14.83,True,10.014836795252213
sh.603045,2025-03-26,15.5,17.99,15.5,17.99,16.35,11274779.0,193960958.7,8.3242,0,0.1,17.99,True,10.030581039755337
sh.603048,2025-03-04,15.72,17.28,15.65,17.28,15.71,3455245.0,58122164.45,2.3524,0,0.1,17.28,True,9.993634627625724
sh.603048,2025-03-05,17.89,19.01,17.86,19.01,17.28,3766540.0,70434842.4,2.5644,0,0.1,19.01,True,10.011574074074069
sh.603048,2025-03-06,20.91,20.91,20.91,20.91,19.01,887900.0,18565989.0,0.6045,0,0.1,20.91,True,9.994739610731184
sh.603048,2025-03-07,23.0,23.0,20.03,23.0,20.91,26930551.0,603162661.99,18.3351,0,0.1,23.0,True,9.995217599234806
sh.603061,2025-04-11,71.1,79.16,71.1,79.16,71.96,2611355.0,201248791.8,6.2433,0,0.1,79.16,True,10.005558643690948
sh.603062,2025-03-28,46.75,47.96,46.1,47.96,43.6,2221796.0,105617674.29,6.688,0,0.1,47.96,True,10.000000000000009
sh.603063,2025-03-14,32.91,34.3,32.27,34.3,31.18,63517611.0,2141718574.8,14.084,0,0.1,34.3,True,10.006414368184725
sh.603063,2025-04-10,28.6,28.67,27.75,28.67,26.06,42199184.0,1202579229.33,9.3209,0,0.1,28.67,True,10.01534919416731
sh.603065,2025-04-28,7.7,8.42,7.39,8.42,7.65,19844959.0,157670697.25,10.0903,0,0.1,8.42,True,10.065359477124169
sh.603065,2025-04-29,9.26,9.26,9.26,9.26,8.42,6723057.0,62255507.82,3.4184,0,0.1,9.26,True,9.976247030878849
sh.603066,2025-03-25,12.68,13.24,12.68,13.24,12.04,10300300.0,135615054.0,3.5014,0,0.1,13.24,True,9.966777408637872
sh.603067,2025-04-22,17.65,19.39,17.65,19.39,17.63,23938792.0,452075275.27,4.7029,0,0.1,19.39,True,9.982983550765745
sh.603068,2025-03-26,33.23,36.5,33.23,36.5,33.18,7912921.0,285010401.5,5.2604,0,0.1,36.5,True,10.006027727546707
sh.603069,2025-04-09,16.2,18.13,15.7,18.13,16.48,13826715.0,233709435.54,4.3755,0,0.1,18.13,True,10.012135922330078
sh.603069,2025-04-14,19.4,21.02,19.4,21.02,19.11,22489275.0,456318649.5,7.1169,0,0.1,21.02,True,9.994767137624283
sh.603072,2025-03-19,37.9,41.72,37.5,41.72,37.93,20493535.0,812370363.2,31.6524,0,0.1,41.72,True,9.992090693382538
sh.603072,2025-03-24,40.82,44.86,40.82,44.86,40.78,14368261.0,625395467.89,22.1919,0,0.1,44.86,True,10.004904364884748
sh.603072,2025-03-26,43.2,50.38,43.2,50.38,45.8,37638882.0,1808165118.99,58.1335,0,0.1,50.38,True,10.000000000000009
sh.603072,2025-04-02,43.56,48.4,42.6,48.4,44.0,30611505.0,1437436189.09,47.2796,0,0.1,48.4,True,9.999999999999986
sh.603072,2025-04-03,49.06,53.24,47.26,53.24,48.4,30634864.0,1546906900.33,47.3157,0,0.1,53.24,True,10.000000000000009
sh.603072,2025-04-08,50.05,59.29,50.05,59.29,53.9,33596966.0,1900855119.4,51.8907,0,0.1,59.29,True,10.000000000000009
sh.603072,2025-04-14,54.13,59.39,54.13,59.39,53.99,20270212.0,1163748572.52,31.3075,0,0.1,59.39,True,10.001852194850901
sh.603076,2025-04-10,20.9,22.55,20.66,22.55,20.5,2225200.0,48164200.0,1.8436,0,0.1,22.55,True,10.000000000000009
sh.603078,2025-03-27,17.29,19.06,17.21,19.06,17.33,30915307.0,575730882.68,8.0167,0,0.1,19.06,True,9.982688978649733
sh.603078,2025-04-11,16.63,18.51,16.61,18.51,16.83,41346759.0,746794133.84,10.7217,0,0.1,18.51,True,9.982174688057066
sh.603079,2025-04-10,14.56,16.67,14.56,16.67,15.15,24030416.0,376559342.44,14.0374,0,0.1,16.67,True,10.033003300330034
sh.603081,2025-03-25,16.52,16.52,15.6,16.52,15.02,75070702.0,1230483838.14,18.4818,0,0.1,16.52,True,9.986684420772306
sh.603082,2025-04-15,38.21,38.21,38.21,38.21,34.74,416600.0,15918286.0,1.0272,0,0.1,38.21,True,9.988485895221633
sh.603086,2025-03-03,5.8,6.27,5.69,6.27,5.7,30048834.0,182649470.77,6.9107,0,0.1,6.27,True,9.999999999999986
sh.603086,2025-04-21,5.5,6.02,5.44,6.02,5.47,16488625.0,95703242.7,3.7921,0,0.1,6.02,True,10.05484460694699
sh.603086,2025-04-22,6.62,6.62,6.62,6.62,6.02,6956198.0,46050030.76,1.5998,0,0.1,6.62,True,9.966777408637872
sh.603086,2025-04-23,7.28,7.28,7.28,7.28,6.62,20181871.0,146924020.88,4.6415,0,0.1,7.28,True,9.969788519637458
sh.603086,2025-04-24,7.8,8.01,7.6,8.01,7.28,144703921.0,1143578737.16,33.2796,0,0.1,8.01,True,10.027472527472515
sh.603086,2025-04-29,7.94,8.78,7.6,8.78,7.98,112671516.0,933850913.84,25.9126,0,0.1,8.78,True,10.02506265664158
sh.603087,2025-04-25,48.38,49.81,47.54,49.81,45.28,42967299.0,2111235055.52,7.757,0,0.1,49.81,True,10.004416961130747
sh.603088,2025-03-06,10.34,11.2,10.3,11.2,10.18,18394278.0,201139860.8,4.2228,0,0.1,11.2,True,10.019646365422386
sh.603088,2025-03-26,10.85,11.99,10.82,11.99,10.9,35383215.0,407793190.49,8.123,0,0.1,11.99,True,10.000000000000009
sh.603090,2025-03-18,20.56,22.62,20.56,22.62,20.56,3521900.0,77046748.0,3.5219,0,0.1,22.62,True,10.019455252918297
sh.603090,2025-03-24,22.7,25.19,22.3,25.19,22.9,10927994.0,258271413.7,10.928,0,0.1,25.19,True,10.000000000000009
sh.603090,2025-03-26,23.22,25.87,22.5,25.87,23.52,9025653.0,221405795.59,9.0257,0,0.1,25.87,True,9.991496598639472
sh.603090,2025-04-15,20.94,22.64,20.55,22.64,20.58,5669700.0,124860364.0,5.6697,0,0.1,22.64,True,10.009718172983483
sh.603098,2025-03-28,9.8,10.82,9.8,10.82,9.84,12416612.0,133813046.14,2.3045,0,0.1,10.82,True,9.959349593495936
sh.603101,2025-04-11,7.44,7.8,7.44,7.8,7.09,18365199.0,141779546.41,3.9042,0,0.1,7.8,True,10.014104372355437
sh.603102,2025-03-13,37.0,39.45,37.0,39.45,35.86,2065145.0,80699294.65,5.7582,0,0.1,39.45,True,10.011154489682106
sh.603103,2025-04-10,14.1,15.97,14.01,15.97,14.52,25694700.0,391761903.77,4.0515,0,0.1,15.97,True,9.986225895316814
sh.603103,2025-04-21,14.76,16.24,14.72,16.24,14.76,11264691.0,179238104.84,1.7762,0,0.1,16.24,True,10.027100271002709
sh.603108,2025-03-10,22.84,22.84,22.84,22.84,20.76,9930544.0,226813624.96,1.6451,0,0.1,22.84,True,10.019267822736012
sh.603109,2025-03-18,23.3,26.06,23.29,26.06,23.69,26996943.0,663572754.47,12.9266,0,0.1,26.06,True,10.004221190375674
sh.603110,2025-04-15,14.5,15.99,14.38,15.99,14.54,10123484.0,154097735.56,5.0309,0,0.1,15.99,True,9.97248968363138
sh.603110,2025-04-16,15.99,17.59,15.52,17.59,15.99,39601044.0,676402895.16,19.6798,0,0.1,17.59,True,10.00625390869294
sh.603110,2025-04-21,17.4,18.8,17.2,18.8,17.09,32746660.0,592984308.0,16.2735,0,0.1,18.8,True,10.00585137507315
sh.603113,2025-04-28,6.0,6.09,5.81,6.09,5.54,28773029.0,173914557.61,3.3932,0,0.1,6.09,True,9.927797833935003
sh.603116,2025-04-17,4.8,5.39,4.77,5.39,4.9,12594946.0,65790790.34,2.1859,0,0.1,5.39,True,9.999999999999986
sh.603116,2025-04-18,5.39,5.93,5.09,5.93,5.39,39737486.0,215658874.14,6.8965,0,0.1,5.93,True,10.018552875695729
sh.603117,2025-04-03,5.51,6.06,5.47,6.06,5.51,31260140.0,182212148.2,5.217,0,0.1,6.06,True,9.981851179673317
sh.603117,2025-04-22,5.75,6.29,5.75,6.29,5.72,37858940.0,236977031.6,6.3183,0,0.1,6.29,True,9.965034965034981
sh.603119,2025-03-14,31.48,35.07,30.61,35.07,31.88,29839435.0,1000263958.58,14.6358,0,0.1,35.07,True,10.006273525721454
sh.603119,2025-04-02,37.9,41.69,37.52,41.69,37.9,16805435.0,673724874.62,8.2428,0,0.1,41.69,True,10.000000000000009
sh.603119,2025-04-21,34.9,39.44,34.89,39.44,35.85,18583745.0,707492756.76,9.1151,0,0.1,39.44,True,10.013947001394685
sh.603119,2025-04-23,39.99,42.68,39.8,42.68,38.8,23476732.0,974741953.43,11.515,0,0.1,42.68,True,10.000000000000009
sh.603119,2025-04-24,42.6,46.95,42.03,46.95,42.68,30023749.0,1327208074.09,14.7262,0,0.1,46.95,True,10.004686035613886
sh.603123,2025-03-04,7.83,8.66,7.81,8.66,7.87,40858537.0,342048711.2,6.264,0,0.1,8.66,True,10.038119440914862
sh.603123,2025-04-16,7.75,8.49,7.42,8.49,7.72,27368467.0,223096088.83,4.1958,0,0.1,8.49,True,9.974093264248719
sh.603123,2025-04-22,8.54,9.15,8.54,9.15,8.32,44430385.0,399960605.75,6.8116,0,0.1,9.15,True,9.975961538461542
sh.603123,2025-04-30,7.89,8.43,7.86,8.43,7.66,22317100.0,186245612.0,3.4214,0,0.1,8.43,True,10.052219321148815
sh.603125,2025-03-27,19.79,21.82,19.65,21.82,19.84,12555671.0,261990276.58,17.9873,0,0.1,21.82,True,9.979838709677423
sh.603128,2025-04-15,5.96,6.58,5.85,6.58,5.98,72378193.0,456484909.9,5.5291,0,0.1,6.58,True,10.033444816053505
sh.603128,2025-04-16,7.24,7.24,7.24,7.24,6.58,26573730.0,192393805.2,2.03,0,0.1,7.24,True,10.030395136778125
sh.603128,2025-04-17,7.89,7.96,7.3,7.96,7.24,384767852.0,2939489917.17,29.393,0,0.1,7.96,True,9.944751381215466
sh.603128,2025-04-22,7.1,7.62,7.09,7.62,6.93,262424159.0,1976227985.0,20.047,0,0.1,7.62,True,9.956709956709965
sh.603129,2025-04-10,155.61,155.61,151.32,155.61,141.46,2711809.0,420555934.43,1.7773,0,0.1,155.61,True,10.002827654460633
sh.603139,2025-03-18,18.82,18.82,18.52,18.82,17.11,8051100.0,151472029.0,8.0608,0,0.1,18.82,True,9.994155464640574
sh.603139,2025-03-21,20.7,20.7,20.7,20.7,18.82,526100.0,10890270.0,0.5267,0,0.1,20.7,True,9.989373007438896
sh.603139,2025-04-14,18.0,19.56,17.96,19.56,17.78,2741059.0,52195589.04,2.7444,0,0.1,19.56,True,10.011248593925748
sh.603158,2025-03-07,9.46,10.41,9.4,10.41,9.46,27284196.0,278152936.0,5.5591,0,0.1,10.41,True,10.042283298097242
sh.603166,2025-03-05,10.67,11.75,10.6,11.75,10.68,81084520.0,940448431.0,12.6891,0,0.1,11.75,True,10.018726591760307
sh.603166,2025-03-12,13.03,14.07,13.03,14.07,12.79,40025070.0,547366510.14,6.2636,0,0.1,14.07,True,10.007818608287744
sh.603166,2025-03-17,13.98,14.19,13.59,14.19,12.9,20923113.0,292743188.67,3.2743,0,0.1,14.19,True,9.999999999999986
sh.603166,2025-03-28,14.1,15.22,14.1,15.22,13.84,72484066.0,1097428603.92,11.3432,0,0.1,15.22,True,9.97109826589595
sh.603166,2025-04-09,10.6,12.28,10.04,12.28,11.16,51839131.0,583324940.41,8.1124,0,0.1,12.28,True,10.035842293906793
sh.603166,2025-04-30,15.06,16.43,14.98,16.43,14.94,36922360.0,583067189.6,5.7781,0,0.1,16.43,True,9.97322623828647
sh.603168,2025-03-14,7.1,7.81,7.03,7.81,7.1,41273258.0,317820653.83,12.7942,0,0.1,7.81,True,10.000000000000009
sh.603169,2025-03-25,5.78,6.45,5.78,6.45,5.86,66521466.0,417808575.45,5.0924,0,0.1,6.45,True,10.068259385665534
sh.603169,2025-03-31,6.6,7.4,6.43,7.4,6.73,139188590.0,1004368070.09,10.6552,0,0.1,7.4,True,9.955423476968805
sh.603169,2025-04-01,7.91,8.14,7.82,8.14,7.4,54694747.0,439826850.02,4.187,0,0.1,8.14,True,10.000000000000009
sh.603169,2025-04-03,8.36,9.56,8.36,9.56,8.69,243618810.0,2285751933.58,18.6496,0,0.1,9.56,True,10.011507479861926
sh.603171,2025-03-06,44.41,48.55,44.4,48.55,44.14,6283726.0,293839833.54,1.5481,0,0.1,48.55,True,9.99093792478476
sh.603171,2025-04-17,41.85,46.16,41.75,46.16,41.96,4648837.0,205785650.62,1.1453,0,0.1,46.16,True,10.0095328884652
sh.603173,2025-04-22,27.94,27.94,27.25,27.94,25.4,4863027.0,135191874.62,9.8164,0,0.1,27.94,True,10.000000000000009
sh.603178,2025-03-04,18.17,20.16,18.1,20.16,18.33,14158450.0,278291370.59,5.9889,0,0.1,20.16,True,9.983633387888723
sh.603178,2025-03-05,20.2,22.18,19.88,22.18,20.16,30429646.0,636386937.91,12.8715,0,0.1,22.18,True,10.01984126984128
sh.603178,2025-04-02,18.7,19.34,18.24,19.34,17.58,5072400.0,96563430.0,2.1456,0,0.1,19.34,True,10.011376564277597
sh.603178,2025-04-22,16.31,17.94,16.25,17.94,16.31,9762600.0,170180870.0,4.1295,0,0.1,17.94,True,9.993868792152071
sh.603178,2025-04-23,18.57,19.73,18.2,19.73,17.94,10968799.0,207709457.84,4.6397,0,0.1,19.73,True,9.977703455964315
sh.603182,2025-04-08,11.11,12.28,11.08,12.28,11.16,6675192.0,80744595.76,7.1716,0,0.1,12.28,True,10.035842293906793
sh.603183,2025-03-17,4.39,4.69,4.3,4.69,4.26,54394283.0,250883862.99,10.9412,0,0.1,4.69,True,10.093896713615047
sh.603185,2025-04-30,13.25,14.2,13.13,14.2,12.91,14385054.0,199456922.72,2.1185,0,0.1,14.2,True,9.992254066615015
sh.603188,2025-03-25,3.44,3.74,3.38,3.74,3.4,39739149.0,146463518.58,6.9697,0,0.1,3.74,True,10.000000000000009
sh.603188,2025-04-01,3.52,3.75,3.48,3.75,3.41,11551100.0,42526505.0,2.0259,0,0.1,3.75,True,9.97067448680351
sh.603188,2025-04-11,3.45,3.83,3.44,3.83,3.48,16759448.0,62810626.84,2.9394,0,0.1,3.83,True,10.057471264367823
sh.603188,2025-04-14,4.04,4.21,4.0,4.21,3.83,39510190.0,163994666.02,6.9295,0,0.1,4.21,True,9.921671018276768
sh.603188,2025-04-17,4.09,4.48,3.98,4.48,4.07,25395920.0,110580251.6,4.4541,0,0.1,4.48,True,10.073710073710075
sh.603189,2025-03-13,17.72,19.51,17.33,19.51,17.74,33608027.0,645488558.77,12.4683,0,0.1,19.51,True,9.977452085682103
sh.603192,2025-04-01,16.64,18.3,16.57,18.3,16.64,4295700.0,75441040.7,3.0979,0,0.1,18.3,True,9.975961538461542
sh.603196,2025-03-17,16.03,17.39,16.03,17.39,15.81,8611341.0,147187554.01,3.6337,0,0.1,17.39,True,9.993674889310554
sh.603200,2025-03-03,39.0,41.21,37.83,41.21,37.46,18936158.0,759469057.9,10.7911,0,0.1,41.21,True,10.010678056593703
sh.603205,2025-04-16,33.91,37.69,33.91,37.69,34.26,4488476.0,164729449.94,15.2675,0,0.1,37.69,True,10.01167542323409
sh.603205,2025-04-24,40.32,43.75,38.76,43.75,39.77,15784569.0,656164519.66,53.691,0,0.1,43.75,True,10.007543374402816
sh.603206,2025-03-11,18.2,20.3,17.83,20.3,18.45,13824028.0,273488682.1,15.8532,0,0.1,20.3,True,10.027100271002709
sh.603206,2025-03-12,22.33,22.33,22.33,22.33,20.3,7729473.0,172599132.09,8.8641,0,0.1,22.33,True,9.999999999999986
sh.603206,2025-03-13,24.56,24.56,23.55,24.56,22.33,40045307.0,977341295.66,45.9235,0,0.1,24.56,True,9.986565158978955
sh.603211,2025-03-18,19.56,21.31,19.46,21.31,19.37,21151220.0,433845314.8,31.1267,0,0.1,21.31,True,10.015487867836859
sh.603214,2025-03-14,20.78,21.29,20.1,21.29,19.35,13541665.0,283867236.15,9.7745,0,0.1,21.29,True,10.025839793281644
sh.603214,2025-03-17,23.42,23.42,22.99,23.42,21.29,16198573.0,378939173.02,11.6923,0,0.1,23.42,True,10.004697040864263
sh.603214,2025-04-08,19.5,21.54,19.5,21.54,19.58,14064050.0,298907623.8,10.1516,0,0.1,21.54,True,10.010214504596537
sh.603214,2025-04-10,21.5,24.53,21.36,24.53,22.3,20310324.0,476556333.52,14.6603,0,0.1,24.53,True,10.000000000000009
sh.603215,2025-04-14,14.7,15.55,14.5,15.55,14.14,3849900.0,58368161.0,2.0563,0,0.1,15.55,True,9.971711456859978
sh.603217,2025-03-26,17.23,18.92,17.17,18.92,17.2,9914829.0,184190385.37,4.7647,0,0.1,18.92,True,10.000000000000009
sh.603219,2025-03-06,18.53,20.31,18.46,20.31,18.46,11325620.0,222817531.4,2.0174,0,0.1,20.31,True,10.021668472372692
sh.603220,2025-03-06,27.0,29.26,26.8,29.26,26.6,84378465.0,2369995469.55,19.443,0,0.1,29.26,True,10.000000000000009
sh.603221,2025-04-03,9.6,10.48,9.54,10.48,9.53,6956900.0,71903267.0,2.8987,0,0.1,10.48,True,9.968520461699914
sh.603221,2025-04-07,11.53,11.53,11.53,11.53,10.48,7969350.0,91886605.5,3.3206,0,0.1,11.53,True,10.019083969465647
sh.603221,2025-04-08,11.53,12.68,11.3,12.68,11.53,31049751.0,374298465.07,12.9374,0,0.1,12.68,True,9.973980919340853
sh.603221,2025-04-09,13.9,13.95,11.8,13.95,12.68,43507515.0,580236453.34,18.1281,0,0.1,13.95,True,10.015772870662465
sh.603226,2025-03-27,6.37,7.01,6.28,7.01,6.37,10602679.0,71500839.23,2.9825,0,0.1,7.01,True,10.047095761381474
sh.603226,2025-04-11,6.0,6.6,5.85,6.6,6.0,6789097.0,43113117.47,1.9098,0,0.1,6.6,True,9.999999999999986
sh.603226,2025-04-24,6.23,6.82,6.18,6.82,6.2,8856461.0,59353958.54,2.4913,0,0.1,6.82,True,10.000000000000009
sh.603236,2025-04-10,69.16,69.16,67.09,69.16,62.87,18480011.0,1271768234.64,7.0627,0,0.1,69.16,True,10.00477175123271
sh.603237,2025-04-17,19.29,21.51,18.95,21.51,19.55,18966036.0,399587370.28,15.5618,0,0.1,21.51,True,10.025575447570345
sh.603237,2025-04-21,19.62,22.28,19.42,22.28,20.25,27449424.0,591923121.6,22.5225,0,0.1,22.28,True,10.024691358024707
sh.603238,2025-03-14,12.83,14.16,12.83,14.16,12.87,14571049.0,198658846.81,8.2086,0,0.1,14.16,True,10.023310023310028
sh.603238,2025-03-17,15.35,15.58,14.83,15.58,14.16,23280762.0,357353977.32,13.1153,0,0.1,15.58,True,10.028248587570632
sh.603238,2025-03-19,15.06,16.87,14.86,16.87,15.34,24667151.0,394895719.32,13.8963,0,0.1,16.87,True,9.973924380704059
sh.603238,2025-03-25,14.31,15.84,14.13,15.84,14.4,16528620.0,251418205.35,9.3114,0,0.1,15.84,True,9.999999999999986
sh.603238,2025-04-02,15.41,16.94,15.2,16.94,15.4,15979030.0,259945970.35,9.0018,0,0.1,16.94,True,10.000000000000009
sh.603255,2025-04-29,21.57,23.96,21.35,23.96,21.78,3839842.0,88406402.1,6.3285,0,0.1,23.96,True,10.009182736455458
sh.603256,2025-04-21,8.01,8.8,7.93,8.8,8.0,6138300.0,52264711.0,0.6978,0,0.1,8.8,True,10.000000000000009
sh.603261,2025-03-04,22.71,25.0,22.65,25.0,22.73,1967700.0,48391495.0,7.4825,0,0.1,25.0,True,9.986801583809935
sh.603261,2025-04-09,15.95,17.82,14.8,17.82,16.2,4374400.0,72683039.0,5.644,0,0.1,17.82,True,10.000000000000009
sh.603266,2025-03-18,16.88,18.48,16.88,18.48,16.8,9644890.0,175308287.6,4.8494,0,0.1,18.48,True,10.000000000000009
sh.603266,2025-04-02,16.9,18.71,16.83,18.71,17.01,11546868.0,210233434.68,5.8058,0,0.1,18.71,True,9.994121105232212
sh.603267,2025-03-11,44.37,49.29,44.0,49.29,44.81,19610933.0,945096314.45,8.4866,0,0.1,49.29,True,9.997768355277836
sh.603267,2025-03-12,50.65,54.22,50.0,54.22,49.29,22311700.0,1162972953.2,9.6554,0,0.1,54.22,True,10.002028809089069
sh.603267,2025-03-25,51.0,56.13,50.0,56.13,51.03,12008412.0,658047671.08,5.1966,0,0.1,56.13,True,9.994121105232212
sh.603267,2025-04-09,51.48,56.98,50.3,56.98,51.8,10611352.0,579745104.73,4.5921,0,0.1,56.98,True,10.000000000000009
sh.603268,2025-03-06,38.03,42.34,38.03,42.34,38.49,4941060.0,203688130.2,3.9793,0,0.1,42.34,True,10.00259807742272
sh.603268,2025-04-29,32.05,35.37,32.03,35.37,33.69,2624471.0,89591224.5,2.1136,1,0.05,35.37,True,4.986642920747997
sh.603268,2025-04-30,37.14,37.14,37.14,37.14,35.37,223680.0,8307475.2,0.1801,1,0.05,37.14,True,5.0042408821034945
sh.603270,2025-03-06,25.2,27.24,25.2,27.24,24.76,14021823.0,377109808.3,19.8282,0,0.1,27.24,True,10.016155088852985
sh.603270,2025-03-19,28.3,31.08,27.81,31.08,28.25,15928056.0,473227453.98,22.5238,0,0.1,31.08,True,10.017699115044243
sh.603271,2025-04-18,35.06,38.68,34.99,38.68,35.16,8584905.0,320796732.26,22.2578,0,0.1,38.68,True,10.011376564277597
sh.603273,2025-04-25,17.4,19.13,17.4,19.13,17.39,14531022.0,274218008.01,25.9212,0,0.1,19.13,True,10.005750431282333
sh.603275,2025-03-03,41.75,45.87,41.1,45.87,41.7,3352183.0,147748098.75,7.945,0,0.1,45.87,True,9.999999999999986
sh.603277,2025-04-10,19.88,20.52,19.88,20.52,18.65,1922342.0,39254899.96,0.4571,0,0.1,20.52,True,10.026809651474533
sh.603278,2025-03-20,11.61,12.8,11.35,12.8,11.64,65038884.0,807307846.7,19.0306,0,0.1,12.8,True,9.965635738831624
sh.603280,2025-03-21,24.96,28.0,24.72,28.0,25.45,9215656.0,249020109.18,32.9818,0,0.1,28.0,True,10.019646365422407
sh.603280,2025-03-24,30.78,30.8,29.81,30.8,28.0,5773341.0,177117567.57,20.6621,0,0.1,30.8,True,10.000000000000009
sh.603280,2025-04-25,22.65,24.86,22.47,24.86,22.6,6442163.0,155192318.8,23.0558,0,0.1,24.86,True,9.999999999999986
sh.603281,2025-04-11,23.32,25.41,23.3,25.41,23.1,7717434.0,193691981.0,3.0662,0,0.1,25.41,True,9.999999999999986
sh.603283,2025-03-06,61.08,66.79,61.08,66.79,60.72,10508968.0,684838459.84,5.3892,0,0.1,66.79,True,9.996706192358374
sh.603285,2025-03-25,23.82,26.51,23.79,26.51,24.1,14505337.0,371090973.09,36.2633,0,0.1,26.51,True,10.000000000000009
sh.603285,2025-03-26,28.91,29.16,28.0,29.16,26.51,9932643.0,287153147.17,24.8316,0,0.1,29.16,True,9.996227838551475
sh.603286,2025-04-29,28.34,31.67,28.15,31.67,28.79,19765180.0,613664529.8,17.2918,0,0.1,31.67,True,10.003473428273724
sh.603289,2025-03-25,9.88,10.67,9.67,10.67,9.7,26219288.0,272870341.55,8.9376,0,0.1,10.67,True,10.000000000000009
sh.603296,2025-04-10,64.53,64.53,64.0,64.53,58.66,10685359.0,689063203.1,1.8731,0,0.1,64.53,True,10.006818956699636
sh.603297,2025-03-12,107.03,107.03,104.45,107.03,97.3,5346211.0,569531431.42,4.8282,0,0.1,107.03,True,10.000000000000009
sh.603300,2025-03-05,10.6,10.6,10.6,10.6,9.64,28794591.0,305222664.6,1.4596,0,0.1,10.6,True,9.958506224066376
sh.603300,2025-03-06,11.66,11.66,11.66,11.66,10.6,36763734.0,428665138.44,1.8635,0,0.1,11.66,True,10.000000000000009
sh.603300,2025-03-07,12.3,12.83,12.16,12.83,11.66,840174549.0,10556058891.65,42.5878,0,0.1,12.83,True,10.034305317324188
sh.603308,2025-04-21,17.83,19.49,17.6,19.49,17.72,16229079.0,307797158.65,2.39,0,0.1,19.49,True,9.988713318284415
sh.603312,2025-03-31,37.48,40.26,37.48,40.26,36.6,7417526.0,292331044.59,14.1232,0,0.1,40.26,True,9.999999999999986
sh.603313,2025-04-03,6.3,6.83,6.3,6.83,6.21,30293146.0,205410216.82,5.3091,0,0.1,6.83,True,9.98389694041868
sh.603313,2025-04-08,6.61,7.47,6.58,7.47,6.79,58559184.0,409874815.2,10.263,0,0.1,7.47,True,10.014727540500722
sh.603313,2025-04-29,7.21,7.67,7.11,7.67,6.97,35855697.0,267199361.78,6.284,0,0.1,7.67,True,10.04304160688665
sh.603315,2025-03-06,12.32,13.34,12.18,13.34,12.13,23762700.0,306180346.74,7.5743,0,0.1,13.34,True,9.975267930750187
sh.603315,2025-03-17,13.23,14.55,13.09,14.55,13.23,28119932.0,391329433.32,8.9632,0,0.1,14.55,True,9.977324263038545
sh.603315,2025-03-18,16.01,16.01,16.01,16.01,14.55,6198560.0,99238945.6,1.9758,0,0.1,16.01,True,10.034364261168394
sh.603315,2025-03-19,17.61,17.61,17.61,17.61,16.01,24753200.0,435903852.0,7.8901,0,0.1,17.61,True,9.993753903810099
sh.603315,2025-03-20,16.87,19.37,16.5,19.37,17.61,72935608.0,1294764807.81,23.2482,0,0.1,19.37,True,9.994321408290752
sh.603315,2025-04-17,11.87,12.86,11.87,12.86,11.69,12067193.0,152072966.98,3.8464,0,0.1,12.86,True,10.008554319931573
sh.603316,2025-03-18,6.61,7.11,6.5,7.11,6.46,14531780.0,100249061.8,5.499,0,0.1,7.11,True,10.061919504643967
sh.603319,2025-04-23,31.35,33.77,31.02,33.77,30.7,27412581.0,900891599.05,11.3158,0,0.1,33.77,True,10.000000000000009
sh.603320,2025-03-04,17.48,19.29,17.27,19.29,17.54,7885524.0,146371616.97,5.2871,0,0.1,19.29,True,9.977194982896243
sh.603322,2025-04-30,31.22,32.23,30.89,32.23,29.3,11411244.0,359183162.12,7.2412,0,0.1,32.23,True,9.999999999999986
sh.603326,2025-03-03,6.8,7.39,6.73,7.39,6.72,7139550.0,51466457.5,2.2369,0,0.1,7.39,True,9.970238095238093
sh.603326,2025-03-11,7.67,8.61,7.67,8.61,7.83,12259516.0,102605564.58,3.841,0,0.1,8.61,True,9.961685823754785
sh.603326,2025-04-02,7.19,7.9,7.18,7.9,7.18,16545573.0,125994240.7,5.1838,0,0.1,7.9,True,10.027855153203348
sh.603326,2025-04-10,7.48,8.17,7.45,8.17,7.43,19769814.0,155443102.32,6.194,0,0.1,8.17,True,9.959623149394359
sh.603326,2025-04-25,8.73,9.57,8.65,9.57,8.7,17966399.0,167222709.03,5.629,0,0.1,9.57,True,10.000000000000009
sh.603329,2025-04-10,15.91,16.71,15.27,16.71,15.19,16102112.0,264039307.08,10.1427,0,0.1,16.71,True,10.00658327847268
sh.603329,2025-04-16,15.22,16.93,15.22,16.93,15.39,28214458.0,473835779.91,17.7722,0,0.1,16.93,True,10.00649772579596
sh.603333,2025-03-04,5.07,5.6,5.02,5.6,5.09,54724552.0,295087144.3,8.8048,0,0.1,5.6,True,10.019646365422386
sh.603335,2025-04-03,4.07,4.48,4.01,4.48,4.07,24881540.0,108375697.8,5.8115,0,0.1,4.48,True,10.073710073710075
sh.603335,2025-04-15,4.35,4.35,4.35,4.35,3.95,10524400.0,45781140.0,2.4581,0,0.1,4.35,True,10.126582278481
sh.603335,2025-04-24,4.49,4.49,4.31,4.49,4.08,51747679.0,230610835.14,12.0865,0,0.1,4.49,True,10.049019607843146
sh.603335,2025-04-29,3.95,4.39,3.95,4.39,3.99,34399043.0,149980485.66,8.0344,0,0.1,4.39,True,10.02506265664158
sh.603336,2025-03-17,4.69,5.1,4.65,5.1,4.64,43804390.0,216945744.33,7.6798,0,0.1,5.1,True,9.913793103448265
sh.603336,2025-04-01,4.51,4.96,4.5,4.96,4.51,40878668.0,196752462.17,7.1668,0,0.1,4.96,True,9.977827050997789
sh.603336,2025-04-07,5.35,5.76,5.35,5.76,5.24,90160686.0,504840083.44,15.8069,0,0.1,5.76,True,9.923664122137389
sh.603336,2025-04-08,5.98,6.34,5.52,6.34,5.76,102382593.0,624935272.26,17.9496,0,0.1,6.34,True,10.069444444444443
sh.603339,2025-04-10,10.56,11.35,10.55,11.35,10.32,8883770.0,96920104.58,2.8709,0,0.1,11.35,True,9.980620155038755
sh.603344,2025-03-12,26.1,28.73,26.1,28.73,26.12,20557539.0,573097234.71,42.271,0,0.1,28.73,True,9.992343032159257
sh.603348,2025-03-06,23.55,25.8,23.48,25.8,23.45,15268579.0,385218395.87,4.8552,0,0.1,25.8,True,10.021321961620465
sh.603351,2025-04-18,21.84,24.0,21.83,24.0,21.82,4619398.0,108055860.0,3.4107,0,0.1,24.0,True,9.990834097158574
sh.603351,2025-04-21,26.0,26.4,24.51,26.4,24.0,7257972.0,189939148.22,5.3588,0,0.1,26.4,True,9.999999999999986
sh.603351,2025-04-22,27.0,29.04,26.0,29.04,26.4,9557424.0,269152814.8,7.0566,0,0.1,29.04,True,10.000000000000009
sh.603351,2025-04-28,28.3,30.69,28.3,30.69,27.9,3946772.0,117943380.68,2.9141,0,0.1,30.69,True,10.000000000000009
sh.603353,2025-03-26,14.42,16.02,14.42,16.02,14.56,5230990.0,82474840.8,3.0695,0,0.1,16.02,True,10.027472527472515
sh.603353,2025-03-28,15.34,17.38,15.34,17.38,15.8,12731060.0,210316275.6,7.4705,0,0.1,17.38,True,9.999999999999986
sh.603353,2025-03-31,19.12,19.12,19.12,19.12,17.38,2067070.0,39522378.4,1.2129,0,0.1,19.12,True,10.011507479861926
sh.603353,2025-04-01,21.03,21.03,21.03,21.03,19.12,2469340.0,51930220.2,1.449,0,0.1,21.03,True,9.98953974895398
sh.603355,2025-03-20,27.97,29.59,27.97,29.59,26.9,6649552.0,195548082.23,1.1643,0,0.1,29.59,True,10.000000000000009
sh.603359,2025-03-12,5.65,6.02,5.46,6.02,5.47,33481328.0,193550584.37,7.5054,0,0.1,6.02,True,10.05484460694699
sh.603359,2025-03-19,5.42,5.94,5.35,5.94,5.4,34120226.0,192553965.26,7.6486,0,0.1,5.94,True,10.000000000000009
sh.603359,2025-03-20,6.08,6.53,5.97,6.53,5.94,62205789.0,387559793.76,13.9445,0,0.1,6.53,True,9.932659932659927
sh.603359,2025-03-21,7.18,7.18,7.18,7.18,6.53,11170994.0,80207736.92,2.5042,0,0.1,7.18,True,9.954058192955584
sh.603359,2025-03-24,7.38,7.9,7.38,7.9,7.18,114255381.0,889300705.59,25.6123,0,0.1,7.9,True,10.027855153203348
sh.603359,2025-04-15,5.03,5.42,4.85,5.42,4.93,46301803.0,239262068.79,10.3793,0,0.1,5.42,True,9.93914807302232
sh.603359,2025-04-17,5.14,5.58,5.09,5.58,5.07,26953936.0,145915935.48,6.0422,0,0.1,5.58,True,10.05917159763312
sh.603359,2025-04-23,5.54,5.94,5.46,5.94,5.4,37392940.0,215958509.59,8.3823,0,0.1,5.94,True,10.000000000000009
sh.603359,2025-04-25,6.0,6.36,5.82,6.36,5.78,97740156.0,613524118.84,21.9101,0,0.1,6.36,True,10.034602076124566
sh.603359,2025-04-29,6.35,6.91,6.35,6.91,6.28,77995732.0,531865009.96,17.4841,0,0.1,6.91,True,10.031847133757953
sh.603359,2025-04-30,6.85,7.6,6.81,7.6,6.91,43205629.0,321871879.28,9.6853,0,0.1,7.6,True,9.985528219971052
sh.603363,2025-03-20,3.43,3.58,3.41,3.58,3.41,21654068.0,76628112.84,1.4753,1,0.05,3.58,True,4.985337243401755
sh.603363,2025-04-14,3.4,3.48,3.38,3.48,3.31,12165663.0,42045396.44,0.8289,1,0.05,3.48,True,5.1359516616314105
sh.603366,2025-04-21,9.48,10.48,9.47,10.48,9.53,54392340.0,544476853.2,6.6899,0,0.1,10.48,True,9.968520461699914
sh.603375,2025-04-11,32.27,35.16,32.11,35.16,31.96,2581014.0,89147405.26,4.7629,0,0.1,35.16,True,10.012515644555675
sh.603377,2025-03-11,2.47,2.66,2.46,2.66,2.53,20189368.0,51964605.84,2.8242,1,0.05,2.66,True,5.138339920948631
sh.603377,2025-03-12,2.74,2.79,2.73,2.79,2.66,6240648.0,17291814.92,0.873,1,0.05,2.79,True,4.8872180451127845
sh.603377,2025-03-13,2.93,2.93,2.89,2.93,2.79,6786552.0,19866446.6,0.9494,1,0.05,2.93,True,5.017921146953408
sh.603377,2025-03-14,3.08,3.08,3.08,3.08,2.93,2375980.0,7318018.4,0.3324,1,0.05,3.08,True,5.119453924914663
sh.603377,2025-03-26,2.8,2.99,2.78,2.99,2.85,14918606.0,43126555.04,2.0869,1,0.05,2.99,True,4.912280701754401
sh.603377,2025-03-27,3.05,3.14,3.0,3.14,2.99,9239202.0,28668933.28,1.2924,1,0.05,3.14,True,5.0167224080267525
sh.603377,2025-04-02,2.93,3.12,2.93,3.12,2.97,7351698.0,22406427.6,1.0284,1,0.05,3.12,True,5.050505050505039
sh.603377,2025-04-11,2.83,2.99,2.82,2.99,2.85,5062890.0,15078170.9,0.7082,1,0.05,2.99,True,4.912280701754401
sh.603386,2025-03-05,11.26,12.49,11.26,12.49,11.35,26326245.0,316347500.25,8.0676,0,0.1,12.49,True,10.044052863436125
sh.603389,2025-04-17,6.32,6.94,6.29,6.94,6.31,14619920.0,98212705.4,5.5642,0,0.1,6.94,True,9.984152139461177
sh.603390,2025-03-18,10.93,11.91,10.93,11.91,10.83,12518300.0,147790555.0,3.5792,0,0.1,11.91,True,9.972299168975063
sh.603395,2025-04-08,41.0,45.68,41.0,45.68,41.53,5350177.0,235167393.24,13.2596,0,0.1,45.68,True,9.992776306284611
sh.603398,2025-03-03,16.8,17.27,16.5,17.27,15.7,17014462.0,288872386.88,3.9236,0,0.1,17.27,True,10.000000000000009
sh.603399,2025-03-03,8.91,9.75,8.9,9.75,8.86,17008140.0,162711974.0,3.32,0,0.1,9.75,True,10.04514672686232
sh.603399,2025-04-24,8.37,9.17,8.35,9.17,8.34,11757897.0,105484083.79,2.2952,0,0.1,9.17,True,9.95203836930456
sh.603458,2025-03-17,6.59,7.22,6.57,7.22,6.56,23525446.0,163021491.04,7.6849,0,0.1,7.22,True,10.060975609756095
sh.603477,2025-04-08,21.01,23.1,20.5,23.1,21.0,58312790.0,1287859428.02,11.4323,0,0.1,23.1,True,10.000000000000009
sh.603489,2025-03-10,26.96,29.79,26.85,29.79,27.08,9341154.0,269288151.49,3.9747,0,0.1,29.79,True,10.007385524372236
sh.603489,2025-04-30,24.39,26.82,24.39,26.82,24.38,6610996.0,170858024.4,2.813,0,0.1,26.82,True,10.008203445447084
sh.603496,2025-03-03,40.0,41.91,34.31,41.91,38.1,139274484.0,5427942762.84,43.4948,0,0.1,41.91,True,9.999999999999986
sh.603499,2025-04-02,25.39,25.39,25.39,25.39,23.08,3198352.0,81206157.28,1.4798,0,0.1,25.39,True,10.00866551126518
sh.603506,2025-03-10,9.66,10.42,9.66,10.42,9.47,6252826.0,64273896.52,3.3299,0,0.1,10.42,True,10.031678986272441
sh.603506,2025-04-17,9.57,10.53,9.47,10.53,9.57,9878060.0,99538596.2,5.2605,0,0.1,10.53,True,10.03134796238243
sh.603507,2025-03-06,25.87,27.06,25.8,27.06,24.6,22029420.0,582889494.9,11.9529,0,0.1,27.06,True,9.999999999999986
sh.603507,2025-04-02,24.29,26.49,24.09,26.49,24.08,21644133.0,564862860.34,11.7439,0,0.1,26.49,True,10.008305647840544
sh.603507,2025-04-03,29.14,29.14,27.12,29.14,26.49,68009602.0,1960543640.69,36.9013,0,0.1,29.14,True,10.003775009437543
sh.603507,2025-04-30,24.5,26.49,24.5,26.49,24.08,42081280.0,1093913589.93,22.8329,0,0.1,26.49,True,10.008305647840544
sh.603508,2025-04-14,24.0,25.11,24.0,25.11,22.83,9772868.0,243792944.16,2.5632,0,0.1,25.11,True,9.98685939553221
sh.603517,2025-04-14,16.06,17.6,16.06,17.6,16.0,39626262.0,680210334.2,6.539,0,0.1,17.6,True,10.000000000000009
sh.603527,2025-03-26,10.04,10.99,10.04,10.99,9.99,16195140.0,175378523.8,5.1093,0,0.1,10.99,True,10.010010010010006
sh.603535,2025-04-22,9.78,10.33,9.66,10.33,9.39,33085893.0,338662619.9,6.9262,0,0.1,10.33,True,10.010649627263035
sh.603536,2025-04-17,9.51,10.45,9.29,10.45,9.5,21137152.0,212567155.2,8.7877,0,0.1,10.45,True,9.999999999999986
sh.603557,2025-04-11,1.99,2.09,1.99,2.09,1.99,9720355.0,20060718.25,1.5592,1,0.05,2.09,True,5.025125628140703
sh.603557,2025-04-18,2.18,2.29,2.17,2.29,2.18,9999006.0,22629175.32,1.6039,1,0.05,2.29,True,5.045871559633031
sh.603557,2025-04-30,2.32,2.32,2.32,2.32,2.21,1474295.0,3420364.4,0.2365,1,0.05,2.32,True,4.977375565610864
sh.603559,2025-04-03,7.21,7.61,7.2,7.61,7.25,1741913.0,13117392.82,0.4341,1,0.05,7.61,True,4.965517241379325
sh.603559,2025-04-10,6.7,7.04,6.7,7.04,6.7,1892957.0,13177399.45,0.4717,1,0.05,7.04,True,5.074626865671639
sh.603559,2025-04-11,7.09,7.39,7.09,7.39,7.04,1209000.0,8843791.0,0.3013,1,0.05,7.39,True,4.971590909090895
sh.603559,2025-04-14,7.46,7.76,7.46,7.76,7.39,1340300.0,10315213.0,0.334,1,0.05,7.76,True,5.006765899864685
sh.603559,2025-04-15,8.15,8.15,8.15,8.15,7.76,348745.0,2842271.75,0.0869,1,0.05,8.15,True,5.025773195876293
sh.603559,2025-04-21,7.8,8.37,7.73,8.37,7.97,2662577.0,21834899.13,0.6635,1,0.05,8.37,True,5.018820577164362
sh.603566,2025-04-08,12.4,13.48,12.4,13.48,12.25,22006222.0,283778913.01,6.359,0,0.1,13.48,True,10.04081632653062
sh.603568,2025-03-17,20.7,22.72,20.7,22.72,20.65,26130125.0,581362083.09,1.5385,0,0.1,22.72,True,10.02421307506054
sh.603569,2025-04-03,7.11,7.85,7.06,7.85,7.14,33310713.0,256898146.85,5.5195,0,0.1,7.85,True,9.943977591036424
sh.603577,2025-03-06,8.36,9.13,8.31,9.13,8.3,12580070.0,111706037.5,3.7094,0,0.1,9.13,True,10.000000000000009
sh.603578,2025-04-02,13.06,14.41,12.87,14.41,13.1,8127496.0,113723812.29,4.5063,0,0.1,14.41,True,10.000000000000009
sh.603578,2025-04-03,15.85,15.85,15.85,15.85,14.41,5310218.0,84166955.3,2.9443,0,0.1,15.85,True,9.99306037473977
sh.603578,2025-04-10,12.35,13.41,12.35,13.41,12.19,3535446.0,45967050.06,1.9602,0,0.1,13.41,True,10.008203445447084
sh.603579,2025-03-26,18.6,20.42,18.3,20.42,18.56,11753571.0,229034659.06,6.6261,0,0.1,20.42,True,10.021551724137945
sh.603579,2025-03-27,20.66,22.46,20.47,22.46,20.42,14669518.0,325882068.4,8.27,0,0.1,22.46,True,9.990205680705188
sh.603579,2025-03-28,22.24,24.71,21.83,24.71,22.46,9106662.0,216588837.01,5.1339,0,0.1,24.71,True,10.01780943900268
sh.603579,2025-03-31,27.18,27.18,25.9,27.18,24.71,10125344.0,273317692.72,5.7082,0,0.1,27.18,True,9.995953055443142
sh.603580,2025-03-04,17.54,19.25,17.41,19.25,17.5,7244695.0,138756003.75,5.5441,0,0.1,19.25,True,10.000000000000009
sh.603583,2025-03-04,37.44,41.59,37.27,41.59,37.81,20138379.0,805055678.81,5.2684,0,0.1,41.59,True,9.997355197037816
sh.603583,2025-03-05,42.98,45.75,42.3,45.75,41.59,18590269.0,840678600.34,4.8634,0,0.1,45.75,True,10.002404424140398
sh.603583,2025-04-10,33.2,34.83,33.2,34.83,31.66,10883960.0,372888038.8,2.8474,0,0.1,34.83,True,10.012634238787111
sh.603585,2025-03-07,14.0,14.96,13.67,14.96,13.6,10486540.0,153316422.1,5.8257,0,0.1,14.96,True,10.000000000000009
sh.603585,2025-03-25,13.4,14.47,13.4,14.47,13.15,7726420.0,108964335.8,4.2924,0,0.1,14.47,True,10.038022813688219
sh.603585,2025-03-27,14.95,16.47,14.95,16.47,14.97,13373200.0,208303948.4,7.4294,0,0.1,16.47,True,10.020040080160308
sh.603586,2025-04-28,14.94,14.94,14.94,14.94,13.58,1919600.0,28678824.0,0.9791,0,0.1,14.94,True,10.014727540500722
sh.603586,2025-04-30,15.46,16.9,15.43,16.9,15.36,20098719.0,326101802.98,10.2517,0,0.1,16.9,True,10.026041666666652
sh.603588,2025-03-10,5.95,6.28,5.95,6.28,5.71,240904214.0,1496337391.46,15.8153,0,0.1,6.28,True,9.982486865148864
sh.603590,2025-04-01,24.1,26.6,24.1,26.6,24.18,7861868.0,204189054.09,5.0,0,0.1,26.6,True,10.008271298593897
sh.603595,2025-03-04,19.66,21.74,19.53,21.74,19.76,10031320.0,212039779.82,4.3156,0,0.1,21.74,True,10.020242914979738
sh.603595,2025-03-06,21.46,23.46,21.14,23.46,21.33,21547144.0,482812281.51,9.2699,0,0.1,23.46,True,9.985935302391002
sh.603595,2025-04-10,16.78,17.62,16.7,17.62,16.02,4666535.0,80686147.7,2.0076,0,0.1,17.62,True,9.987515605493137
sh.603600,2025-04-10,9.88,9.89,9.71,9.89,8.99,9287681.0,91678369.28,3.0875,0,0.1,9.89,True,10.011123470522797
sh.603602,2025-03-03,17.2,18.73,16.71,18.73,17.03,14886606.0,269149894.71,6.4937,0,0.1,18.73,True,9.982384028185542
sh.603602,2025-03-05,18.68,20.66,18.68,20.66,18.78,32076894.0,632912567.5,13.9922,0,0.1,20.66,True,10.010649627263035
sh.603605,2025-04-25,83.5,84.71,83.5,84.71,77.01,10254840.0,866692736.24,2.5935,0,0.1,84.71,True,9.998701467341897
sh.603605,2025-04-28,86.3,93.18,85.98,93.18,84.71,27773651.0,2515749612.54,7.0241,0,0.1,93.18,True,9.998819501829793
sh.603607,2025-04-15,18.25,18.25,17.99,18.25,16.59,13179377.0,240455079.25,7.3827,0,0.1,18.25,True,10.006027727546707
sh.603608,2025-03-20,4.29,4.42,4.26,4.42,4.21,4890020.0,21456979.2,1.1651,1,0.05,4.42,True,4.988123515439424
sh.603608,2025-03-25,4.38,4.64,4.37,4.64,4.42,4440460.0,20365559.6,1.058,1,0.05,4.64,True,4.977375565610864
sh.603608,2025-04-14,4.27,4.48,4.27,4.48,4.27,2116240.0,9411054.2,0.5042,1,0.05,4.48,True,4.918032786885274
sh.603608,2025-04-15,4.59,4.7,4.5,4.7,4.48,4639519.0,21560678.34,1.1054,1,0.05,4.7,True,4.910714285714279
sh.603608,2025-04-22,4.62,4.92,4.62,4.92,4.69,8241100.0,39641718.4,1.9635,1,0.05,4.92,True,4.904051172707868
sh.603613,2025-03-12,27.7,30.33,27.41,30.33,27.57,45656282.0,1345427021.28,6.3364,0,0.1,30.33,True,10.010881392818272
sh.603616,2025-04-30,3.35,3.51,3.34,3.51,3.19,22071900.0,75965418.0,5.7876,0,0.1,3.51,True,10.03134796238243
sh.603618,2025-03-05,6.7,7.37,6.55,7.37,6.7,47974305.0,339363907.34,6.939,0,0.1,7.37,True,10.000000000000009
sh.603618,2025-03-06,7.74,8.11,7.65,8.11,7.37,38620928.0,307246476.07,5.5861,0,0.1,8.11,True,10.04070556309362
sh.603618,2025-03-12,7.58,8.42,7.52,8.42,7.65,55792030.0,452105433.37,8.0697,0,0.1,8.42,True,10.065359477124169
sh.603618,2025-03-13,8.85,9.26,8.62,9.26,8.42,172372558.0,1560191199.62,24.9318,0,0.1,9.26,True,9.976247030878849
sh.603626,2025-04-10,7.0,7.46,6.99,7.46,6.78,21299400.0,154949932.6,3.8386,0,0.1,7.46,True,10.029498525073732
sh.603629,2025-03-12,27.22,29.61,26.68,29.61,26.92,42945104.0,1220505633.51,16.8544,0,0.1,29.61,True,9.992570579494785
sh.603629,2025-03-13,32.57,32.57,31.09,32.57,29.61,35486522.0,1153043118.48,13.9272,0,0.1,32.57,True,9.99662276258022
sh.603629,2025-04-29,21.98,23.97,21.98,23.97,21.79,20678810.0,488162399.5,8.1157,0,0.1,23.97,True,10.004589261128949
sh.603630,2025-03-03,12.68,14.05,12.68,14.05,12.77,12217580.0,167134103.8,5.4251,0,0.1,14.05,True,10.023492560689128
sh.603630,2025-04-02,14.8,16.81,14.8,16.81,15.28,18474404.0,298408376.72,8.2034,0,0.1,16.81,True,10.01308900523561
sh.603630,2025-04-21,17.61,19.07,16.99,19.07,17.34,13218150.0,246339540.5,5.8694,0,0.1,19.07,True,9.97693194925029
sh.603637,2025-04-21,9.42,10.36,9.29,10.36,9.42,24885088.0,252602675.85,10.4259,0,0.1,10.36,True,9.97876857749469
sh.603648,2025-04-10,10.59,10.59,10.59,10.59,9.63,15975550.0,169181074.5,4.4081,0,0.1,10.59,True,9.968847352024902
sh.603648,2025-04-25,10.24,11.29,10.15,11.29,10.26,44873750.0,499847906.22,12.3819,0,0.1,11.29,True,10.038986354775826
sh.603657,2025-03-04,15.22,16.62,15.15,16.62,15.11,7529699.0,120900706.46,5.5697,0,0.1,16.62,True,9.993381866313712
sh.603657,2025-03-06,16.12,17.73,16.02,17.73,16.12,13584900.0,231346166.4,10.0487,0,0.1,17.73,True,9.987593052109167
sh.603657,2025-03-26,15.58,17.14,15.43,17.14,15.58,3895365.0,64811765.2,2.8814,0,0.1,17.14,True,10.01283697047497
sh.603657,2025-04-02,16.48,18.04,16.08,18.04,16.4,6540980.0,115499495.2,4.8384,0,0.1,18.04,True,10.000000000000009
sh.603665,2025-04-10,14.42,15.86,14.42,15.86,14.42,3194148.0,49739098.28,1.9943,0,0.1,15.86,True,9.986130374479885
sh.603666,2025-03-05,35.0,38.74,35.0,38.74,35.22,24547924.0,926100984.26,11.8881,0,0.1,38.74,True,9.994321408290752
sh.603666,2025-04-10,32.64,35.28,32.64,35.28,32.07,18719024.0,636224266.44,9.0653,0,0.1,35.28,True,10.009354536950422
sh.603667,2025-03-14,41.2,46.04,41.2,46.04,41.85,60666405.0,2707964955.57,16.5663,0,0.1,46.04,True,10.011947431302271
sh.603669,2025-04-21,4.06,4.44,4.0,4.44,4.04,8772438.0,37748215.72,1.2163,0,0.1,4.44,True,9.90099009900991
sh.603669,2025-04-24,4.26,4.62,4.22,4.62,4.2,20273685.0,91484551.7,2.8109,0,0.1,4.62,True,10.000000000000009
sh.603676,2025-04-22,9.77,10.86,9.7,10.86,9.87,9549078.0,100203086.06,2.1944,0,0.1,10.86,True,10.030395136778125
sh.603677,2025-03-12,15.96,17.5,15.96,17.5,15.91,5040506.0,86597444.1,2.6171,0,0.1,17.5,True,9.99371464487744
sh.603677,2025-03-13,19.25,19.25,19.25,19.25,17.5,4243730.0,81691802.5,2.2034,0,0.1,19.25,True,10.000000000000009
sh.603677,2025-03-14,21.18,21.18,20.18,21.18,19.25,12639790.0,263365477.4,6.5627,0,0.1,21.18,True,10.025974025974026
sh.603677,2025-03-17,23.3,23.3,23.3,23.3,21.18,4250170.0,99028961.0,2.2067,0,0.1,23.3,True,10.009442870632679
sh.603677,2025-03-18,25.63,25.63,25.01,25.63,23.3,8336624.0,213476430.59,4.3284,0,0.1,25.63,True,9.999999999999986
sh.603677,2025-03-19,26.46,28.19,26.31,28.19,25.63,39777669.0,1094208548.54,20.6529,0,0.1,28.19,True,9.988294966835753
sh.603677,2025-03-20,27.73,31.01,26.92,31.01,28.19,37744414.0,1118504401.23,19.5972,0,0.1,31.01,True,10.003547357218867
sh.603677,2025-03-26,21.74,24.87,21.35,24.87,22.61,27079108.0,629810365.55,14.0597,0,0.1,24.87,True,9.995577178239735
sh.603677,2025-04-18,19.55,21.87,19.48,21.87,19.88,23699683.0,501757036.68,12.3051,0,0.1,21.87,True,10.010060362173046
sh.603678,2025-03-11,34.7,39.09,34.7,39.09,35.54,17798293.0,676874306.7,3.8832,0,0.1,39.09,True,9.98874507597074
sh.603679,2025-04-01,12.22,13.31,12.22,13.31,12.1,8094130.0,105090522.3,4.918,0,0.1,13.31,True,10.000000000000009
sh.603680,2025-04-11,7.56,8.28,7.48,8.28,7.53,6254270.0,49631715.28,0.798,0,0.1,8.28,True,9.960159362549792
sh.603680,2025-04-29,9.08,9.08,8.95,9.08,8.25,7185246.0,65210517.68,0.9168,0,0.1,9.08,True,10.060606060606059
sh.603683,2025-03-03,13.45,13.45,13.45,13.45,12.23,10706466.0,144001967.7,4.1371,0,0.1,13.45,True,9.97547015535567
sh.603685,2025-03-26,11.73,13.18,11.49,13.18,11.98,5438877.0,70335904.13,3.2181,0,0.1,13.18,True,10.016694490818034
sh.603686,2025-03-21,12.6,13.97,12.6,13.97,12.7,46040340.0,606243664.8,11.0826,0,0.1,13.97,True,10.000000000000009
sh.603686,2025-03-31,13.56,15.06,13.53,15.06,13.69,99795910.0,1467737379.57,24.0223,0,0.1,15.06,True,10.007304601899204
sh.603687,2025-04-15,6.87,7.13,6.87,7.13,6.48,8765400.0,62277225.0,1.5936,0,0.1,7.13,True,10.030864197530853
sh.603688,2025-03-24,29.3,31.46,29.3,31.46,28.6,33912593.0,1047212755.83,6.2607,0,0.1,31.46,True,9.999999999999986
sh.603688,2025-03-25,32.36,34.61,32.0,34.61,31.46,40865746.0,1373378205.44,7.5443,0,0.1,34.61,True,10.012714558169101
sh.603688,2025-04-09,31.0,35.04,29.68,35.04,31.85,33758463.0,1126128047.7,6.2322,0,0.1,35.04,True,10.015698587127142
sh.603688,2025-04-10,36.3,38.54,35.75,38.54,35.04,39369348.0,1464689152.24,7.268,0,0.1,38.54,True,9.988584474885842
sh.603688,2025-04-11,41.97,42.39,40.49,42.39,38.54,35940937.0,1500392759.2,6.6351,0,0.1,42.39,True,9.989621172807484
sh.603690,2025-03-27,26.3,28.4,25.92,28.4,25.82,32514231.0,888457262.0,8.4901,0,0.1,28.4,True,9.992254066615015
sh.603690,2025-03-28,31.24,31.24,30.8,31.24,28.4,83802461.0,2614189644.96,21.8826,0,0.1,31.24,True,10.000000000000009
sh.603693,2025-03-24,11.14,12.07,11.01,12.07,10.97,39296044.0,462998605.01,4.408,0,0.1,12.07,True,10.027347310847755
sh.603693,2025-03-25,11.85,13.28,11.58,13.28,12.07,40398483.0,502494014.94,4.5316,0,0.1,13.28,True,10.02485501242749
sh.603693,2025-03-31,11.35,12.41,11.1,12.41,11.28,45868150.0,549642769.48,5.1452,0,0.1,12.41,True,10.017730496453915
sh.603693,2025-04-01,12.41,13.65,12.38,13.65,12.41,51561316.0,670137510.5,5.7838,0,0.1,13.65,True,9.991941982272357
sh.603693,2025-04-03,13.48,14.85,13.24,14.85,13.5,59011863.0,837826495.9,6.6196,0,0.1,14.85,True,9.999999999999986
sh.603693,2025-04-14,13.56,14.66,13.42,14.66,13.33,56382168.0,810528061.82,6.3246,0,0.1,14.66,True,9.977494373593409
sh.603696,2025-04-15,8.48,9.33,8.41,9.33,8.48,22163953.0,201386468.75,9.4234,0,0.1,9.33,True,10.023584905660377
sh.603696,2025-04-16,9.33,10.26,9.08,10.26,9.33,42949640.0,411076825.55,18.2609,0,0.1,10.26,True,9.967845659163977
sh.603696,2025-04-17,11.21,11.29,10.98,11.29,10.26,16408484.0,184599142.6,6.9764,0,0.1,11.29,True,10.038986354775826
sh.603696,2025-04-18,12.42,12.42,12.02,12.42,11.29,24158367.0,299858026.74,10.2714,0,0.1,12.42,True,10.008857395925608
sh.603696,2025-04-21,11.98,13.66,11.49,13.66,12.42,62497328.0,811023830.73,26.572,0,0.1,13.66,True,9.98389694041868
sh.603696,2025-04-22,13.04,15.03,12.37,15.03,13.66,59324789.0,822779235.32,25.2231,0,0.1,15.03,True,10.029282576866748
sh.603696,2025-04-24,13.25,14.88,12.18,14.88,13.53,67585768.0,886732914.94,28.7354,0,0.1,14.88,True,9.977827050997789
sh.603697,2025-04-21,11.13,12.5,11.1,12.5,11.36,30772299.0,376349328.93,7.195,0,0.1,12.5,True,10.035211267605648
sh.603697,2025-04-22,12.52,13.75,12.14,13.75,12.5,37177737.0,473914121.86,8.6926,0,0.1,13.75,True,10.000000000000009
sh.603700,2025-03-03,10.65,11.77,10.61,11.77,10.7,8238740.0,93947161.8,4.0537,0,0.1,11.77,True,10.000000000000009
sh.603700,2025-03-04,12.95,12.95,12.95,12.95,11.77,2995403.0,38790468.85,1.4738,0,0.1,12.95,True,10.02548853016143
sh.603700,2025-03-06,15.68,15.68,15.68,15.68,14.25,11926536.0,187008084.48,5.8681,0,0.1,15.68,True,10.035087719298241
sh.603700,2025-04-14,11.72,11.72,11.72,11.72,10.65,1811000.0,21224920.0,0.8911,0,0.1,11.72,True,10.046948356807505
sh.603707,2025-03-06,12.36,13.6,12.14,13.6,12.36,23977679.0,308162753.05,1.4841,0,0.1,13.6,True,10.032362459546928
sh.603708,2025-04-08,9.25,10.18,9.22,10.18,9.25,14031737.0,138276584.87,2.1982,0,0.1,10.18,True,10.05405405405404
sh.603709,2025-03-25,11.31,12.56,11.02,12.56,11.42,11294030.0,136733907.73,9.0497,0,0.1,12.56,True,9.982486865148864
sh.603709,2025-04-08,10.11,11.06,10.11,11.06,10.05,7295376.0,79994068.56,5.8457,0,0.1,11.06,True,10.049751243781092
sh.603709,2025-04-09,12.17,12.17,12.17,12.17,11.06,3819565.0,46484106.05,3.0605,0,0.1,12.17,True,10.036166365280286
sh.603709,2025-04-10,13.39,13.39,13.39,13.39,12.17,1549428.0,20746840.92,1.2415,0,0.1,13.39,True,10.024650780608058
sh.603709,2025-04-11,14.73,14.73,14.73,14.73,13.39,1608932.0,23699568.36,1.2892,0,0.1,14.73,True,10.007468259895447
sh.603709,2025-04-14,16.2,16.2,16.2,16.2,14.73,521935.0,8455347.0,0.4182,0,0.1,16.2,True,9.979633401221989
sh.603712,2025-04-09,17.61,19.54,17.25,19.54,17.76,20895300.0,396634366.0,2.7066,0,0.1,19.54,True,10.022522522522515
sh.603716,2025-03-03,9.12,10.01,9.12,10.01,9.1,20716253.0,202718445.62,10.8469,0,0.1,10.01,True,10.000000000000009
sh.603716,2025-03-10,10.98,10.98,10.98,10.98,9.98,9582395.0,105214697.1,5.0173,0,0.1,10.98,True,10.020040080160332
sh.603716,2025-03-11,11.5,12.08,11.35,12.08,10.98,45603731.0,539126409.81,23.8778,0,0.1,12.08,True,10.018214936247727
sh.603716,2025-03-12,13.1,13.29,12.28,13.29,12.08,85167943.0,1090265791.62,44.5933,0,0.1,13.29,True,10.01655629139071
sh.603716,2025-03-13,12.75,14.62,12.51,14.62,13.29,77313784.0,1067979445.76,40.4809,0,0.1,14.62,True,10.007524454477057
sh.603716,2025-04-25,9.9,10.3,9.89,10.3,9.36,26630029.0,273139563.62,13.9412,0,0.1,10.3,True,10.042735042735051
sh.603717,2025-03-11,7.91,8.8,7.81,8.8,8.0,32905891.0,276695227.7,11.3411,0,0.1,8.8,True,10.000000000000009
sh.603718,2025-04-03,7.1,7.76,7.03,7.76,7.05,26721530.0,203411924.56,4.1175,0,0.1,7.76,True,10.070921985815605
sh.603739,2025-04-01,12.88,13.96,12.68,13.96,12.69,10861760.0,147755876.6,4.2927,0,0.1,13.96,True,10.007880220646182
sh.603739,2025-04-03,13.71,15.16,13.71,15.16,13.78,29856302.0,436661659.92,11.7996,0,0.1,15.16,True,10.0145137880987
sh.603757,2025-03-18,23.86,25.58,23.85,25.58,23.25,9853900.0,250308142.4,5.9813,0,0.1,25.58,True,10.021505376344075
sh.603759,2025-03-06,8.53,8.67,8.45,8.67,7.88,44975922.0,388445277.03,9.7401,0,0.1,8.67,True,10.025380710659903
sh.603766,2025-04-14,11.35,12.32,11.12,12.32,11.2,81276175.0,977874386.88,3.9579,0,0.1,12.32,True,10.000000000000009
sh.603767,2025-03-14,14.06,15.71,13.55,15.71,14.28,27313890.0,410725493.3,8.85,0,0.1,15.71,True,10.014005602240905
sh.603767,2025-03-20,16.77,18.57,16.67,18.57,16.88,16810560.0,302176925.4,5.4468,0,0.1,18.57,True,10.011848341232232
sh.603767,2025-03-21,19.98,20.43,19.11,20.43,18.57,65279722.0,1301152153.01,21.1513,0,0.1,20.43,True,10.016155088852985
sh.603767,2025-04-09,11.56,13.09,11.01,13.09,11.9,21972748.0,266274943.42,7.1194,0,0.1,13.09,True,9.999999999999986
sh.603767,2025-04-23,13.95,15.11,13.86,15.11,13.74,24449820.0,359205519.58,7.922,0,0.1,15.11,True,9.97088791848617
sh.603773,2025-03-12,25.0,26.97,24.88,26.97,24.52,17251836.0,452645378.47,8.4649,0,0.1,26.97,True,9.991843393148446
sh.603776,2025-03-17,16.81,16.81,16.81,16.81,15.28,1303203.0,21906842.43,0.5444,0,0.1,16.81,True,10.01308900523561
sh.603776,2025-03-18,18.49,18.49,18.49,18.49,16.81,473077.0,8747193.73,0.1976,0,0.1,18.49,True,9.994051160023787
sh.603776,2025-03-19,20.34,20.34,20.34,20.34,18.49,716966.0,14583088.44,0.2995,0,0.1,20.34,True,10.005408328826393
sh.603776,2025-03-20,22.37,22.37,22.37,22.37,20.34,6236600.0,139512742.0,2.6051,0,0.1,22.37,True,9.980334316617512
sh.603776,2025-03-21,24.61,24.61,24.61,24.61,22.37,14874268.0,366055735.48,6.2132,0,0.1,24.61,True,10.013410818059887
sh.603777,2025-04-10,12.74,14.11,12.68,14.11,12.83,20874399.0,282399560.36,6.2023,0,0.1,14.11,True,9.976617303195635
sh.603788,2025-03-12,16.97,18.61,16.66,18.61,16.92,28197955.0,503843621.26,12.6411,0,0.1,18.61,True,9.988179669030718
sh.603788,2025-03-14,18.08,19.64,17.47,19.64,17.85,21796119.0,405257193.15,9.7712,0,0.1,19.64,True,10.028011204481778
sh.603788,2025-03-17,20.65,21.6,20.51,21.6,19.64,20699470.0,441897009.9,9.2796,0,0.1,21.6,True,9.97963340122201
sh.603789,2025-03-18,7.76,8.04,7.76,8.04,7.31,12981600.0,103555072.0,4.9929,0,0.1,8.04,True,9.986320109439117
sh.603789,2025-03-19,8.83,8.84,8.38,8.84,8.04,33130071.0,289918937.02,12.7423,0,0.1,8.84,True,9.950248756218905
sh.603789,2025-04-08,6.75,6.75,6.75,6.75,6.14,9037140.0,61000695.0,3.4758,0,0.1,6.75,True,9.934853420195445
sh.603790,2025-03-18,13.53,14.77,13.35,14.77,13.43,5705721.0,81508668.32,2.9817,0,0.1,14.77,True,9.977661950856298
sh.603790,2025-04-10,13.62,14.85,13.62,14.85,13.5,4315000.0,62369100.0,2.2549,0,0.1,14.85,True,9.999999999999986
sh.603790,2025-04-29,17.03,18.73,16.81,18.73,17.03,5801920.0,105503857.5,3.0319,0,0.1,18.73,True,9.982384028185542
sh.603798,2025-04-14,8.23,9.0,8.23,9.0,8.18,3780390.0,33578256.6,1.4741,0,0.1,9.0,True,10.02444987775062
sh.603801,2025-04-17,10.74,11.84,10.6,11.84,10.76,14130907.0,161866507.76,3.2533,0,0.1,11.84,True,10.03717472118959
sh.603809,2025-03-05,15.84,17.53,15.8,17.53,15.94,60407199.0,1022969398.19,9.421,0,0.1,17.53,True,9.974905897114184
sh.603810,2025-03-04,12.04,12.98,12.04,12.98,11.8,16281996.0,204851895.96,9.8532,0,0.1,12.98,True,9.999999999999986
sh.603813,2025-03-14,14.9,15.98,14.6,15.98,14.53,4997906.0,77988176.38,5.5568,0,0.1,15.98,True,9.979353062629048
sh.603813,2025-04-30,10.48,11.57,10.48,11.57,11.02,3511926.0,38960978.87,3.9047,1,0.05,11.57,True,4.99092558983667
sh.603816,2025-04-29,24.02,25.07,24.02,25.07,22.79,17012267.0,418757146.63,2.0947,0,0.1,25.07,True,10.004387889425193
sh.603818,2025-04-14,2.74,2.97,2.73,2.97,2.7,8847800.0,25815296.0,1.2887,0,0.1,2.97,True,10.000000000000009
sh.603819,2025-03-13,16.09,16.09,16.09,16.09,14.63,9500504.0,152863109.36,4.3634,0,0.1,16.09,True,9.979494190020489
sh.603819,2025-04-17,15.96,16.8,15.9,16.8,15.27,9763598.0,161807002.4,4.4843,0,0.1,16.8,True,10.019646365422407
sh.603822,2025-03-06,51.45,56.6,51.2,56.6,51.45,3617202.0,197040171.47,4.7083,0,0.1,56.6,True,10.009718172983483
sh.603822,2025-03-12,57.16,62.82,57.16,62.82,57.11,3220261.0,196729076.44,4.1916,0,0.1,62.82,True,9.998248993171078
sh.603822,2025-04-11,51.5,57.19,51.5,57.19,51.99,3248319.0,178988820.18,4.2282,0,0.1,57.19,True,10.001923446816697
sh.603823,2025-03-03,10.11,11.15,10.11,11.15,10.14,24010817.0,258722852.23,5.8416,0,0.1,11.15,True,9.960552268244571
sh.603828,2025-03-13,3.38,3.56,3.38,3.56,3.39,7575378.0,26636399.7,1.2712,1,0.05,3.56,True,5.014749262536866
sh.603828,2025-03-17,3.68,3.86,3.62,3.86,3.68,4265950.0,16252472.0,0.7158,1,0.05,3.86,True,4.891304347826075
sh.603828,2025-03-18,4.02,4.05,3.83,4.05,3.86,19407780.0,77789050.64,3.2567,1,0.05,4.05,True,4.922279792746109
sh.603828,2025-03-19,4.05,4.25,4.05,4.25,4.05,12207589.0,51598165.38,2.0485,1,0.05,4.25,True,4.938271604938271
sh.603828,2025-03-20,4.32,4.46,4.3,4.46,4.25,15246761.0,67474844.07,2.5584,1,0.05,4.46,True,4.941176470588227
sh.603828,2025-03-21,4.64,4.68,4.6,4.68,4.46,6183314.0,28831553.27,1.0376,1,0.05,4.68,True,4.932735426008961
sh.603828,2025-03-24,4.91,4.91,4.91,4.91,4.68,3712126.0,18226538.66,0.6229,1,0.05,4.91,True,4.914529914529919
sh.603828,2025-03-25,5.16,5.16,5.16,5.16,4.91,782576.0,4038092.16,0.1313,1,0.05,5.16,True,5.0916496945010215
sh.603828,2025-03-26,5.42,5.42,5.42,5.42,5.16,1256951.0,6812674.42,0.2109,1,0.05,5.42,True,5.038759689922467
sh.603828,2025-04-02,4.5,4.8,4.5,4.8,4.57,12166988.0,57769114.74,2.0416,1,0.05,4.8,True,5.032822757111588
sh.603828,2025-04-10,4.35,4.54,4.35,4.54,4.32,11024173.0,49744364.49,1.8499,1,0.05,4.54,True,5.092592592592582
sh.603828,2025-04-11,4.54,4.77,4.48,4.77,4.54,4342122.0,20403097.94,0.7286,1,0.05,4.77,True,5.066079295154169
sh.603828,2025-04-14,5.01,5.01,5.01,5.01,4.77,325421.0,1630359.21,0.0546,1,0.05,5.01,True,5.031446540880502
sh.603828,2025-04-15,5.26,5.26,5.26,5.26,5.01,988425.0,5199115.5,0.1659,1,0.05,5.26,True,4.990019960079839
sh.603828,2025-04-17,5.16,5.37,5.16,5.37,5.11,3819359.0,20257254.83,0.6409,1,0.05,5.37,True,5.088062622309186
sh.603828,2025-04-18,5.49,5.64,5.4,5.64,5.37,8989710.0,50134670.4,1.5085,1,0.05,5.64,True,5.027932960893855
sh.603828,2025-04-24,5.88,6.05,5.84,6.05,5.76,16975644.0,102396267.81,2.8486,1,0.05,6.05,True,5.034722222222232
sh.603828,2025-04-25,6.05,6.35,6.0,6.35,6.05,13768565.0,85951964.87,2.3104,1,0.05,6.35,True,4.958677685950419
sh.603833,2025-04-08,60.7,66.68,60.7,66.68,60.62,5168683.0,333779848.4,0.8485,0,0.1,66.68,True,9.996700758825483
sh.603836,2025-04-03,12.6,13.9,12.5,13.9,12.64,16945349.0,230563558.28,8.2565,0,0.1,13.9,True,9.968354430379755
sh.603838,2025-04-10,4.57,4.97,4.57,4.97,4.52,4657700.0,22440768.0,1.4555,0,0.1,4.97,True,9.95575221238938
sh.603838,2025-04-30,4.13,4.47,4.13,4.47,4.26,8756140.0,37652158.4,2.7362,1,0.05,4.47,True,4.929577464788726
sh.603839,2025-04-21,5.25,5.83,5.22,5.83,5.3,6826920.0,38903934.0,1.7101,0,0.1,5.83,True,10.000000000000009
sh.603839,2025-04-22,6.41,6.41,6.41,6.41,5.83,5286600.0,33887106.0,1.3243,0,0.1,6.41,True,9.948542024013719
sh.603839,2025-04-30,5.5,5.78,5.47,5.78,5.25,6552680.0,37512778.8,1.6414,0,0.1,5.78,True,10.095238095238091
sh.603843,2025-03-19,3.55,3.84,3.55,3.84,3.49,121430212.0,462276459.1,17.3565,0,0.1,3.84,True,10.028653295128919
sh.603855,2025-03-03,22.31,22.31,22.31,22.31,20.28,8222360.0,183440851.6,2.4651,0,0.1,22.31,True,10.009861932938847
sh.603855,2025-03-04,24.54,24.54,24.2,24.54,22.31,20936617.0,513717939.18,6.2768,0,0.1,24.54,True,9.995517705064994
sh.603859,2025-03-06,33.65,35.72,33.36,35.72,32.47,16988615.0,592113459.23,6.9427,0,0.1,35.72,True,10.009239297813366
sh.603863,2025-04-14,12.2,13.3,12.2,13.3,12.09,7499400.0,95243081.0,3.6645,0,0.1,13.3,True,10.008271298593897
sh.603863,2025-04-30,11.85,13.04,11.85,13.04,11.85,10783600.0,135629495.0,5.2693,0,0.1,13.04,True,10.042194092827007
sh.603869,2025-03-18,5.83,6.14,5.83,6.14,5.85,6145960.0,37072827.45,1.2182,1,0.05,6.14,True,4.957264957264962
sh.603876,2025-03-03,8.85,9.69,8.84,9.69,8.81,68804039.0,650393911.66,7.7161,0,0.1,9.69,True,9.98864926220202
sh.603879,2025-03-17,4.12,4.29,4.08,4.29,4.09,14644566.0,62262097.96,4.0754,1,0.05,4.29,True,4.88997555012225
sh.603879,2025-04-03,4.37,4.37,4.37,4.37,4.16,1779196.0,7775086.52,0.4951,1,0.05,4.37,True,5.048076923076916
sh.603879,2025-04-10,4.22,4.42,4.22,4.42,4.21,18780471.0,82147913.94,5.2263,1,0.05,4.42,True,4.988123515439424
sh.603879,2025-04-14,4.4,4.62,4.4,4.62,4.4,9966760.0,45018882.12,2.7736,1,0.05,4.62,True,5.000000000000004
sh.603879,2025-04-15,4.83,4.85,4.6,4.85,4.62,26480798.0,125775943.48,7.3692,1,0.05,4.85,True,4.978354978354971
sh.603879,2025-04-17,4.8,5.07,4.78,5.07,4.83,11456360.0,57021234.46,3.1881,1,0.05,5.07,True,4.968944099378891
sh.603881,2025-03-11,35.15,40.22,35.14,40.22,36.56,89903409.0,3414457030.34,15.0178,0,0.1,40.22,True,10.010940919037182
sh.603883,2025-03-10,15.74,17.28,15.74,17.28,15.71,72537695.0,1219563040.2,9.568,0,0.1,17.28,True,9.993634627625724
sh.603883,2025-04-30,18.3,20.15,18.22,20.15,18.32,59942669.0,1177941200.37,7.8987,0,0.1,20.15,True,9.989082969432307
sh.603887,2025-03-04,17.37,20.21,17.27,20.21,18.37,104779484.0,2042313568.76,17.6017,0,0.1,20.21,True,10.01633097441481
sh.603890,2025-04-23,11.1,11.35,10.97,11.35,10.32,12967800.0,145978698.0,2.9535,0,0.1,11.35,True,9.980620155038755
sh.603893,2025-04-30,155.8,170.47,154.63,170.47,154.97,16595590.0,2736712931.09,3.9636,0,0.1,170.47,True,10.001935858553267
sh.603895,2025-04-09,21.77,24.18,19.82,24.18,21.98,2271580.0,51381174.2,2.1018,0,0.1,24.18,True,10.009099181073712
sh.603897,2025-04-23,22.45,24.66,22.45,24.66,22.42,14635731.0,353589860.39,7.0897,0,0.1,24.66,True,9.991079393398739
sh.603900,2025-03-13,6.1,6.75,6.1,6.75,6.14,32523060.0,212306731.14,9.5523,0,0.1,6.75,True,9.934853420195445
sh.603900,2025-03-18,6.52,7.18,6.42,7.18,6.53,26876660.0,183727550.2,7.8939,0,0.1,7.18,True,9.954058192955584
sh.603900,2025-03-19,7.51,7.9,7.38,7.9,7.18,51728459.0,403403173.7,15.1931,0,0.1,7.9,True,10.027855153203348
sh.603900,2025-04-17,6.2,6.79,6.2,6.79,6.17,19707740.0,130016807.6,5.7883,0,0.1,6.79,True,10.048622366288495
sh.603900,2025-04-21,6.45,6.97,6.42,6.97,6.34,37298092.0,248283499.24,10.9548,0,0.1,6.97,True,9.936908517350162
sh.603900,2025-04-30,6.4,6.71,6.4,6.71,6.1,20297510.0,134967069.7,5.9435,0,0.1,6.71,True,10.000000000000009
sh.603901,2025-03-05,9.4,10.36,9.38,10.36,9.42,25608596.0,257199611.56,5.2928,0,0.1,10.36,True,9.97876857749469
sh.603901,2025-03-20,9.87,10.86,9.78,10.86,9.87,29740400.0,310938799.0,6.1467,0,0.1,10.86,True,10.030395136778125
sh.603908,2025-03-24,24.79,27.32,24.6,27.32,24.84,5913053.0,158634459.36,6.3332,0,0.1,27.32,True,9.98389694041868
sh.603912,2025-03-04,9.08,10.27,9.01,10.27,9.34,85280218.0,840527611.42,15.74,0,0.1,10.27,True,9.95717344753746
sh.603915,2025-03-18,18.86,20.75,18.81,20.75,18.86,39825410.0,784815359.3,6.0651,0,0.1,20.75,True,10.021208907741253
sh.603917,2025-04-14,11.7,12.56,11.7,12.56,11.42,4150637.0,51538406.58,2.0362,0,0.1,12.56,True,9.982486865148864
sh.603918,2025-03-06,19.51,20.09,19.38,20.09,18.26,43781139.0,872410194.67,11.9546,0,0.1,20.09,True,10.021905805038323
sh.603918,2025-04-21,15.1,16.39,15.08,16.39,14.9,32006230.0,511188988.7,8.7394,0,0.1,16.39,True,10.000000000000009
sh.603922,2025-04-29,15.99,17.46,15.58,17.46,15.87,7922321.0,132025650.08,4.4209,0,0.1,17.46,True,10.018903591682427
sh.603922,2025-04-30,18.45,19.21,18.03,19.21,17.46,5027260.0,93842795.6,2.8054,0,0.1,19.21,True,10.022909507445599
sh.603928,2025-03-27,10.78,11.78,10.6,11.78,10.71,22238729.0,248337329.42,8.4855,0,0.1,11.78,True,9.990662931839388
sh.603928,2025-04-17,9.37,10.36,9.27,10.36,9.42,6470460.0,65040617.8,2.4689,0,0.1,10.36,True,9.97876857749469
sh.603931,2025-03-04,25.25,27.74,25.01,27.74,25.22,10120179.0,271784665.99,5.0713,0,0.1,27.74,True,9.992069785884228
sh.603931,2025-03-10,30.58,33.09,30.58,33.09,30.08,11279933.0,360480977.96,5.6524,0,0.1,33.09,True,10.006648936170226
sh.603931,2025-04-14,27.08,29.08,26.69,29.08,26.44,5682642.0,160171673.88,2.8476,0,0.1,29.08,True,9.98487140695914
sh.603931,2025-04-17,28.0,31.12,28.0,31.12,28.29,6257168.0,189319138.52,3.1355,0,0.1,31.12,True,10.003534817956883
sh.603933,2025-04-11,13.58,15.08,13.55,15.08,13.71,5449497.0,79171349.76,2.6257,0,0.1,15.08,True,9.992706053975198
sh.603933,2025-04-17,14.44,15.88,14.29,15.88,14.44,4938099.0,76974301.63,2.3793,0,0.1,15.88,True,9.972299168975084
sh.603936,2025-03-03,8.4,9.1,8.23,9.1,8.27,82184735.0,733604397.28,13.037,0,0.1,9.1,True,10.036275695284157
sh.603938,2025-03-27,11.84,13.01,11.81,13.01,11.83,11621138.0,145712508.03,3.0372,0,0.1,13.01,True,9.974640743871511
sh.603938,2025-04-01,12.85,14.16,12.8,14.16,12.87,20419245.0,277117723.42,5.3366,0,0.1,14.16,True,10.023310023310028
sh.603938,2025-04-17,12.37,13.51,12.12,13.51,12.28,7733578.0,101345304.86,2.0212,0,0.1,13.51,True,10.016286644951133
sh.603938,2025-04-29,13.52,14.33,13.4,14.33,13.03,14456641.0,205156369.17,3.7783,0,0.1,14.33,True,9.976976208749043
sh.603949,2025-03-18,14.55,16.01,14.5,16.01,14.55,4849890.0,75799295.0,2.3072,0,0.1,16.01,True,10.034364261168394
sh.603949,2025-03-19,17.61,17.61,17.61,17.61,16.01,2259400.0,39788034.0,1.0749,0,0.1,17.61,True,9.993753903810099
sh.603949,2025-03-20,19.37,19.37,19.37,19.37,17.61,775160.0,15014849.2,0.3688,0,0.1,19.37,True,9.994321408290752
sh.603949,2025-03-21,21.31,21.31,19.48,21.31,19.37,30316704.0,626047286.44,14.4224,0,0.1,21.31,True,10.015487867836859
sh.603949,2025-03-24,19.56,23.44,19.18,23.44,21.31,27697930.0,595748556.46,13.1766,0,0.1,23.44,True,9.99530736743315
sh.603949,2025-03-28,24.01,26.26,24.01,26.26,23.87,25364071.0,654948355.86,12.0663,0,0.1,26.26,True,10.012568077084216
sh.603949,2025-03-31,25.77,28.89,25.77,28.89,26.26,32965240.0,901877026.35,15.6824,0,0.1,28.89,True,10.01523229246002
sh.603950,2025-03-12,26.5,28.49,26.4,28.49,25.9,6200695.0,174384998.75,1.913,0,0.1,28.49,True,10.000000000000009
sh.603955,2025-04-15,18.06,19.86,18.05,19.86,18.05,7139290.0,138085476.0,5.2603,0,0.1,19.86,True,10.027700831024934
sh.603955,2025-04-18,19.87,21.76,19.61,21.76,19.78,15725512.0,328075954.24,11.5867,0,0.1,21.76,True,10.01011122345803
sh.603955,2025-04-21,22.47,23.94,22.47,23.94,21.76,26249150.0,612817799.2,19.3407,0,0.1,23.94,True,10.018382352941169
sh.603955,2025-04-28,21.19,22.83,21.1,22.83,20.75,11588200.0,256444418.0,8.5383,0,0.1,22.83,True,10.024096385542158
sh.603955,2025-04-30,23.1,24.94,22.7,24.94,22.67,25159415.0,614943068.9,18.5377,0,0.1,24.94,True,10.013233348037055
sh.603956,2025-03-10,8.15,8.98,8.0,8.98,8.16,70497582.0,603990189.47,13.3225,0,0.1,8.98,True,10.049019607843146
sh.603958,2025-03-05,15.53,16.74,14.91,16.74,15.22,14485386.0,232093712.46,6.6035,0,0.1,16.74,True,9.98685939553219
sh.603958,2025-03-11,16.78,18.63,16.6,18.63,16.94,12975951.0,235654842.25,5.9154,0,0.1,18.63,True,9.976387249114516
sh.603958,2025-03-12,19.77,20.49,18.59,20.49,18.63,31920690.0,624718577.93,14.5517,0,0.1,20.49,True,9.98389694041868
sh.603958,2025-04-01,16.18,17.81,16.01,17.81,16.19,9078100.0,153072736.0,4.1384,0,0.1,17.81,True,10.00617665225445
sh.603958,2025-04-29,16.86,18.38,16.72,18.38,16.71,8468200.0,151470020.0,3.8604,0,0.1,18.38,True,9.994015559545177
sh.603959,2025-03-12,3.86,4.04,3.84,4.04,3.85,18371505.0,73642504.72,3.747,1,0.05,4.04,True,4.935064935064926
sh.603959,2025-04-14,3.35,3.54,3.35,3.54,3.37,6672000.0,23357673.0,1.3608,1,0.05,3.54,True,5.044510385756684
sh.603959,2025-04-25,3.6,3.78,3.57,3.78,3.6,10552496.0,39333416.88,2.1523,1,0.05,3.78,True,4.999999999999982
sh.603960,2025-03-04,19.67,21.79,19.62,21.79,19.81,15233244.0,321211930.8,5.8098,0,0.1,21.79,True,9.994952044422
sh.603960,2025-03-17,23.18,24.81,23.16,24.81,22.55,54067672.0,1322884044.78,20.6209,0,0.1,24.81,True,10.022172949002206
sh.603966,2025-03-18,8.65,9.37,8.65,9.37,8.52,33761378.0,305188031.7,9.4123,0,0.1,9.37,True,9.97652582159625
sh.603967,2025-04-03,10.88,12.21,10.84,12.21,11.1,19615748.0,228948883.94,5.6584,0,0.1,12.21,True,10.000000000000009
sh.603967,2025-04-07,13.43,13.43,12.83,13.43,12.21,42955360.0,575347354.9,12.391,0,0.1,13.43,True,9.991809991809975
sh.603967,2025-04-16,12.18,13.27,12.15,13.27,12.06,53963527.0,705342636.28,15.5664,0,0.1,13.27,True,10.033167495854055
sh.603968,2025-03-11,10.25,11.34,10.25,11.34,10.31,14933852.0,163958699.2,7.3033,0,0.1,11.34,True,9.990300678952458
sh.603968,2025-03-19,11.15,12.22,11.03,12.22,11.11,15240266.0,183357785.78,7.4532,0,0.1,12.22,True,9.990999099909992
sh.603970,2025-04-08,12.66,13.52,12.58,13.52,12.29,4228507.0,56000241.36,1.5731,0,0.1,13.52,True,10.008136696501225
sh.603978,2025-03-03,12.82,14.1,12.82,14.1,12.82,7497785.0,102728238.5,3.5519,0,0.1,14.1,True,9.98439937597504
sh.603979,2025-04-10,35.75,36.73,35.2,36.73,33.39,11899652.0,434113992.45,1.9077,0,0.1,36.73,True,10.002994908655282
sh.603980,2025-04-29,4.46,4.82,4.44,4.82,4.38,39754695.0,186919277.65,5.8736,0,0.1,4.82,True,10.045662100456632
sh.603983,2025-04-29,39.6,43.6,39.6,43.6,39.64,7094140.0,301415382.07,1.7691,0,0.1,43.6,True,9.989909182643796
sh.603985,2025-03-03,12.28,13.42,12.28,13.42,12.2,12025502.0,158091140.69,2.7277,0,0.1,13.42,True,10.000000000000009
sh.603985,2025-03-05,13.33,14.4,13.26,14.4,13.09,28434861.0,406297703.36,6.4499,0,0.1,14.4,True,10.007639419404125
sh.603985,2025-03-31,12.81,14.08,12.7,14.08,12.8,21342239.0,288166226.12,4.8411,0,0.1,14.08,True,9.999999999999986
sh.603985,2025-04-01,15.49,15.49,15.49,15.49,14.08,9389438.0,145442394.62,2.1298,0,0.1,15.49,True,10.014204545454541
sh.603985,2025-04-02,16.0,17.04,15.96,17.04,15.49,37092876.0,616671694.45,8.4138,0,0.1,17.04,True,10.00645577792123
sh.603985,2025-04-09,13.3,15.24,12.47,15.24,13.85,40242975.0,560802232.03,9.1283,0,0.1,15.24,True,10.0361010830325
sh.603985,2025-04-28,15.59,16.9,15.46,16.9,15.36,18538093.0,304153157.7,4.205,0,0.1,16.9,True,10.026041666666652
sh.603986,2025-04-29,116.2,126.72,116.12,126.72,115.2,43808595.0,5303824251.79,6.6078,0,0.1,126.72,True,9.999999999999986
sh.603991,2025-04-21,47.02,51.69,46.89,51.69,46.99,3288600.0,166803545.0,4.4122,0,0.1,51.69,True,10.002128112364318
sh.603992,2025-04-10,18.7,20.28,18.7,20.28,18.44,2964436.0,59226792.42,0.6979,0,0.1,20.28,True,9.97830802603037
sh.603999,2025-03-24,6.24,6.89,6.18,6.89,6.26,58245655.0,387044762.3,10.1121,0,0.1,6.89,True,10.063897763578279
sh.605009,2025-03-14,41.9,44.66,41.85,44.66,40.6,6684634.0,288975050.74,4.3406,0,0.1,44.66,True,9.999999999999986
sh.605011,2025-03-13,23.58,26.28,23.57,26.28,23.89,21476600.0,544127602.0,5.3678,0,0.1,26.28,True,10.004185851820857
sh.605016,2025-04-10,17.35,17.79,16.76,17.79,16.17,5012992.0,87988447.88,1.5516,0,0.1,17.79,True,10.018552875695708
sh.605016,2025-04-25,18.2,19.86,17.91,19.86,18.05,7929848.0,150770557.94,2.4544,0,0.1,19.86,True,10.027700831024934
sh.605018,2025-03-10,13.29,14.5,13.21,14.5,13.18,14931383.0,210330636.63,3.1764,0,0.1,14.5,True,10.01517450682854
sh.605018,2025-04-23,10.19,11.11,10.15,11.11,10.1,6749096.0,72120521.33,1.4358,0,0.1,11.11,True,10.000000000000009
sh.605033,2025-04-22,17.3,18.99,17.24,18.99,17.26,12609473.0,234612243.27,9.3265,0,0.1,18.99,True,10.023174971031267
sh.605058,2025-03-18,25.06,26.08,25.06,26.08,23.71,3451215.0,89252964.2,2.4147,0,0.1,26.08,True,9.995782370307872
sh.605060,2025-04-10,16.02,17.15,16.02,17.15,15.59,2762300.0,46461042.0,1.1481,0,0.1,17.15,True,10.006414368184725
sh.605066,2025-03-03,8.87,8.87,8.72,8.87,8.06,29410326.0,260783116.12,5.8536,0,0.1,8.87,True,10.049627791563264
sh.605066,2025-03-04,9.28,9.76,8.1,9.76,8.87,177318634.0,1630476849.02,35.292,0,0.1,9.76,True,10.0338218714769
sh.605066,2025-03-05,10.74,10.74,9.38,10.74,9.76,226847439.0,2358508981.18,45.1498,0,0.1,10.74,True,10.040983606557386
sh.605068,2025-03-10,14.84,15.99,14.56,15.99,14.54,11245995.0,174652073.77,6.936,0,0.1,15.99,True,9.97248968363138
sh.605068,2025-03-17,15.77,17.36,15.74,17.36,15.78,8044822.0,136890754.1,4.9616,0,0.1,17.36,True,10.012674271229404
sh.605069,2025-03-06,8.3,8.75,8.09,8.75,7.95,14849540.0,126307694.5,17.6441,0,0.1,8.75,True,10.062893081761004
sh.605069,2025-03-11,9.25,10.37,8.97,10.37,9.43,31840891.0,301848758.21,37.8332,0,0.1,10.37,True,9.968186638388122
sh.605069,2025-03-12,10.59,11.41,10.0,11.41,10.37,45857336.0,488152885.41,54.4875,0,0.1,11.41,True,10.028929604628756
sh.605069,2025-03-24,9.55,10.67,9.5,10.67,9.7,28960835.0,293819533.22,34.4111,0,0.1,10.67,True,10.000000000000009
sh.605069,2025-03-25,11.36,11.74,10.83,11.74,10.67,22831580.0,265340776.9,27.1284,0,0.1,11.74,True,10.028116213683225
sh.605069,2025-03-26,11.4,12.91,10.89,12.91,11.74,52450186.0,636889223.41,62.321,0,0.1,12.91,True,9.965928449744466
sh.605069,2025-04-15,9.04,9.55,8.71,9.55,8.68,25630093.0,232347214.44,30.4535,0,0.1,9.55,True,10.02304147465438
sh.605069,2025-04-30,9.1,9.67,9.1,9.67,8.79,16305313.0,156263006.62,19.3739,0,0.1,9.67,True,10.011376564277597
sh.605077,2025-04-10,14.25,15.24,14.0,15.24,13.85,16144308.0,241168271.36,5.3917,0,0.1,15.24,True,10.0361010830325
sh.605080,2025-03-04,30.26,33.29,30.02,33.29,30.26,5427438.0,176299905.6,3.8337,0,0.1,33.29,True,10.01321877065433
sh.605080,2025-04-10,23.3,23.3,23.29,23.3,21.18,3013840.0,70222467.0,2.1288,0,0.1,23.3,True,10.009442870632679
sh.605080,2025-04-23,23.09,24.48,23.09,24.48,22.25,3853840.0,93197656.8,2.7459,0,0.1,24.48,True,10.022471910112362
sh.605081,2025-03-10,9.6,10.46,9.53,10.46,9.51,6255857.0,63328135.27,5.5241,0,0.1,10.46,True,9.989484752891698
sh.605081,2025-04-08,10.73,10.73,10.73,10.73,9.75,2396914.0,25718887.22,2.1165,0,0.1,10.73,True,10.051282051282051
sh.605081,2025-04-09,11.8,11.8,11.8,11.8,10.73,1443295.0,17030881.0,1.2745,0,0.1,11.8,True,9.972041006523757
sh.605088,2025-03-12,38.5,41.8,38.5,41.8,38.0,8300301.0,340123911.49,4.6918,0,0.1,41.8,True,9.999999999999986
sh.605088,2025-04-10,29.2,31.11,29.2,31.11,28.28,5615247.0,171279894.29,3.1723,0,0.1,31.11,True,10.007072135785
sh.605100,2025-03-04,22.0,25.3,20.7,25.3,23.0,51977754.0,1161267997.04,30.5874,0,0.1,25.3,True,10.000000000000009
sh.605100,2025-03-06,24.77,27.85,24.77,27.85,25.32,41357889.0,1097601398.11,24.3379,0,0.1,27.85,True,9.992101105845187
sh.605100,2025-03-10,24.2,27.58,24.03,27.58,25.07,33578493.0,904770603.38,19.76,0,0.1,27.58,True,10.011966493817305
sh.605100,2025-03-11,29.02,30.34,27.66,30.34,27.58,28942468.0,840235079.47,17.0318,0,0.1,30.34,True,10.00725163161713
sh.605100,2025-03-13,27.84,31.24,26.9,31.24,28.4,46383509.0,1342065026.68,27.2953,0,0.1,31.24,True,10.000000000000009
sh.605118,2025-03-07,19.3,21.41,19.18,21.41,19.46,13081820.0,274924530.2,3.2133,0,0.1,21.41,True,10.020554984583763
sh.605118,2025-03-13,21.17,23.29,21.0,23.29,21.17,19661285.0,431984241.8,4.8294,0,0.1,23.29,True,10.014170996693416
sh.605133,2025-03-03,26.52,28.81,26.09,28.81,26.19,8308425.0,231715887.25,4.493,0,0.1,28.81,True,10.003818251240926
sh.605133,2025-04-23,28.65,31.16,28.6,31.16,28.33,8496565.0,256237082.36,4.5948,0,0.1,31.16,True,9.98941051888458
sh.605133,2025-04-30,34.5,37.98,34.25,37.98,34.53,9464617.0,348532859.56,5.1183,0,0.1,37.98,True,9.99131190269329
sh.605136,2025-04-17,7.2,8.06,7.2,8.06,7.33,18281423.0,141074859.38,4.5651,0,0.1,8.06,True,9.959072305593452
sh.605138,2025-04-10,5.2,5.61,5.19,5.61,5.1,6186950.0,33729358.5,1.1136,0,0.1,5.61,True,10.000000000000009
sh.605138,2025-04-17,6.96,6.96,6.96,6.96,6.33,3923512.0,27307643.52,0.7062,0,0.1,6.96,True,9.952606635071092
sh.605151,2025-04-30,16.28,17.62,16.17,17.62,16.02,5298819.0,90981743.35,3.9381,0,0.1,17.62,True,9.987515605493137
sh.605155,2025-03-10,11.76,13.06,11.63,13.06,11.87,15351364.0,192826180.88,8.1182,0,0.1,13.06,True,10.025273799494538
sh.605155,2025-03-11,12.82,14.37,12.26,14.37,13.06,24589268.0,329986247.1,13.0035,0,0.1,14.37,True,10.03062787136293
sh.605158,2025-04-10,7.6,8.28,7.54,8.28,7.53,18657397.0,150676388.36,3.6482,0,0.1,8.28,True,9.960159362549792
sh.605158,2025-04-14,8.38,9.1,8.3,9.1,8.27,14173387.0,125042013.54,2.7714,0,0.1,9.1,True,10.036275695284157
sh.605179,2025-03-14,19.9,21.9,19.89,21.9,19.91,21932093.0,465355887.7,5.4693,0,0.1,21.9,True,9.994977398292315
sh.605179,2025-04-08,17.5,19.84,17.5,19.84,18.04,16900300.0,325522577.0,4.2145,0,0.1,19.84,True,9.977827050997789
sh.605179,2025-04-17,21.47,24.54,21.1,24.54,22.31,37528836.0,861603120.88,9.3588,0,0.1,24.54,True,9.995517705064994
sh.605188,2025-04-14,8.43,9.42,8.43,9.42,8.56,9571941.0,87882359.22,1.9315,0,0.1,9.42,True,10.046728971962615
sh.605188,2025-04-15,10.36,10.36,10.36,10.36,9.42,15357789.0,159106694.04,3.099,0,0.1,10.36,True,9.97876857749469
sh.605188,2025-04-16,10.26,11.4,10.0,11.4,10.36,43796937.0,481063856.46,8.8375,0,0.1,11.4,True,10.038610038610042
sh.605188,2025-04-17,12.29,12.54,12.03,12.54,11.4,9251241.0,114854275.14,1.8668,0,0.1,12.54,True,9.999999999999986
sh.605188,2025-04-18,13.55,13.79,12.8,13.79,12.54,36926441.0,500464631.71,7.4512,0,0.1,13.79,True,9.968102073365227
sh.605188,2025-04-21,13.79,15.17,13.12,15.17,13.79,53119100.0,777712459.0,10.7186,0,0.1,15.17,True,10.00725163161713
sh.605199,2025-03-14,15.96,17.55,15.96,17.55,15.95,25941455.0,437750673.9,6.4836,0,0.1,17.55,True,10.031347962382453
sh.605199,2025-04-14,14.26,15.62,14.18,15.62,14.2,18418800.0,278457570.35,4.6034,0,0.1,15.62,True,10.000000000000009
sh.605208,2025-03-04,11.37,12.52,11.05,12.52,11.38,51466601.0,623284882.39,15.5988,0,0.1,12.52,True,10.017574692442865
sh.605208,2025-03-06,12.62,14.28,12.61,14.28,12.98,30788471.0,421128723.85,9.3315,0,0.1,14.28,True,10.015408320493059
sh.605208,2025-03-07,14.0,15.71,13.82,15.71,14.28,48853640.0,742456335.86,14.8068,0,0.1,15.71,True,10.014005602240905
sh.605208,2025-03-14,15.0,16.6,14.66,16.6,15.09,41753066.0,663799050.03,12.6547,0,0.1,16.6,True,10.006626905235262
sh.605208,2025-04-23,10.28,11.11,10.28,11.11,10.1,37048522.0,406091341.44,11.2289,0,0.1,11.11,True,10.000000000000009
sh.605228,2025-03-04,9.94,10.98,9.85,10.98,9.98,22517572.0,243319057.56,5.3232,0,0.1,10.98,True,10.020040080160332
sh.605228,2025-03-06,11.72,12.72,11.3,12.72,11.56,30681859.0,373463325.88,7.2532,0,0.1,12.72,True,10.034602076124566
sh.605228,2025-03-12,14.14,14.14,13.4,14.14,12.85,22004769.0,308594986.66,5.202,0,0.1,14.14,True,10.038910505836585
sh.605228,2025-04-02,11.4,11.4,11.4,11.4,10.36,5793828.0,66049639.2,1.3591,0,0.1,11.4,True,10.038610038610042
sh.605255,2025-03-28,14.91,16.41,14.84,16.41,14.92,8895200.0,140449947.0,6.6342,0,0.1,16.41,True,9.986595174262746
sh.605255,2025-04-30,15.39,16.93,15.27,16.93,15.39,4098590.0,66696629.5,3.0568,0,0.1,16.93,True,10.00649772579596
sh.605266,2025-03-10,20.64,22.61,20.64,22.61,20.55,8645661.0,188484555.01,6.1437,0,0.1,22.61,True,10.024330900243307
sh.605286,2025-03-12,41.6,44.33,41.45,44.33,40.3,4068646.0,177118130.18,2.4218,0,0.1,44.33,True,10.000000000000009
sh.605287,2025-04-17,11.67,12.84,11.41,12.84,11.67,9311469.0,117025163.02,6.651,0,0.1,12.84,True,10.025706940874034
sh.605296,2025-03-11,26.4,29.3,26.0,29.3,26.64,12677092.0,355907109.52,2.4228,0,0.1,29.3,True,9.98498498498499
sh.605299,2025-04-14,8.5,8.86,8.37,8.86,8.05,5730700.0,50036616.0,1.3946,0,0.1,8.86,True,10.062111801242214
sh.605303,2025-03-07,9.0,9.88,8.94,9.88,8.98,8228600.0,80172596.0,5.1034,0,0.1,9.88,True,10.022271714922049
sh.605303,2025-03-10,10.87,10.87,10.87,10.87,9.88,3623848.0,39391227.76,2.2475,0,0.1,10.87,True,10.020242914979738
sh.605303,2025-03-11,11.96,11.96,11.96,11.96,10.87,2632849.0,31488874.04,1.6329,0,0.1,11.96,True,10.027598896044164
sh.605303,2025-03-12,13.16,13.16,12.2,13.16,11.96,40944403.0,527718594.39,25.3939,0,0.1,13.16,True,10.033444816053505
sh.605318,2025-03-10,22.91,24.83,22.36,24.83,22.57,5340100.0,125956615.0,4.2473,0,0.1,24.83,True,10.013291980505091
sh.605318,2025-04-10,27.8,30.56,27.8,30.56,27.78,2568519.0,76892604.44,2.0429,0,0.1,30.56,True,10.007199424046064
sh.605319,2025-03-05,31.55,34.86,31.32,34.86,31.69,8790334.0,293251135.51,4.1138,0,0.1,34.86,True,10.003155569580313
sh.605333,2025-03-05,33.09,36.32,33.02,36.32,33.02,11581430.0,417805156.02,2.6516,0,0.1,36.32,True,9.993943064809208
sh.605336,2025-03-21,20.45,22.33,20.0,22.33,20.3,14822306.0,325880867.48,8.0814,0,0.1,22.33,True,9.999999999999986
sh.605337,2025-03-14,11.3,12.32,11.3,12.32,11.2,25180112.0,301285845.04,6.3839,0,0.1,12.32,True,10.000000000000009
sh.605337,2025-04-08,11.15,12.0,11.14,12.0,10.91,11267995.0,132695572.1,2.8568,0,0.1,12.0,True,9.990834097158574
sh.605338,2025-04-08,16.9,18.35,16.9,18.35,16.68,9185148.0,163099308.4,3.7037,0,0.1,18.35,True,10.011990407673865
sh.605358,2025-04-21,22.2,23.61,22.07,23.61,21.46,13284406.0,306926221.96,1.9787,0,0.1,23.61,True,10.018639328984147
sh.605378,2025-03-03,25.88,28.6,25.0,28.6,26.0,18769976.0,509128250.78,10.0548,0,0.1,28.6,True,10.000000000000009
sh.605388,2025-03-14,6.37,7.0,6.33,7.0,6.36,36121507.0,242927502.34,6.0154,0,0.1,7.0,True,10.062893081761004
sh.605399,2025-03-12,12.12,13.33,12.09,13.33,12.12,16512456.0,213820136.68,5.2888,0,0.1,13.33,True,9.983498349834985
sh.605488,2025-03-05,47.88,53.74,47.5,53.74,48.85,15382083.0,789978845.16,7.9666,0,0.1,53.74,True,10.010235414534296
sh.605488,2025-03-27,43.81,47.33,43.81,47.33,43.03,10072034.0,462902378.15,5.2164,0,0.1,47.33,True,9.993028119916335
sh.605488,2025-04-21,37.89,41.07,37.57,41.07,37.34,10544545.0,416798061.09,5.325,0,0.1,41.07,True,9.989287627209409
sh.605588,2025-03-27,44.73,49.36,43.79,49.36,44.87,5138915.0,243451767.4,7.03,0,0.1,49.36,True,10.006685981724983
sh.605588,2025-03-28,54.3,54.3,52.3,54.3,49.36,6533254.0,354130908.95,8.9375,0,0.1,54.3,True,10.008103727714746
sh.605588,2025-04-30,43.65,46.96,43.65,46.96,42.69,3914400.0,179056180.0,5.3549,0,0.1,46.96,True,10.0023424689623
sh.605598,2025-04-10,19.32,20.8,18.9,20.8,18.91,4532650.0,90597720.5,1.8652,0,0.1,20.8,True,9.994711792702283
sh.605599,2025-04-29,13.0,13.53,13.0,13.53,12.3,16248185.0,218861801.25,2.0891,0,0.1,13.53,True,9.999999999999986
sh.688049,2025-04-10,42.98,42.98,41.98,42.98,35.82,7865791.0,336399443.59,7.0063,0,0.2,42.98,True,19.988833054159684
sh.688052,2025-04-11,162.0,187.45,161.11,187.45,156.21,7591148.0,1351192706.56,8.1327,0,0.2,187.45,True,19.998719672236078
sh.688093,2025-04-18,23.7,25.54,23.7,25.54,21.28,11410926.0,283657590.85,4.3448,0,0.2,25.54,True,20.018796992481192
sh.688096,2025-03-06,11.0,12.38,10.8,12.38,10.32,19649529.0,238332160.93,12.8964,0,0.2,12.38,True,19.96124031007753
sh.688107,2025-03-04,29.49,35.4,29.16,35.4,29.5,12532864.0,409960041.69,3.1266,0,0.2,35.4,True,19.999999999999996
sh.688114,2025-03-04,79.51,97.27,79.47,97.27,81.06,9877559.0,889227568.82,4.6388,0,0.2,97.27,True,19.997532691833197
sh.688117,2025-03-31,27.02,29.3,27.02,29.3,24.42,15844058.0,448398431.74,14.0938,0,0.2,29.3,True,19.98361998361997
sh.688130,2025-04-11,25.0,29.87,24.58,29.87,24.89,4878828.0,138847548.46,16.1946,0,0.2,29.87,True,20.00803535556448
sh.688153,2025-04-11,31.68,37.37,31.68,37.37,31.14,12267419.0,436310507.25,10.7834,0,0.2,37.37,True,20.006422607578656
sh.688156,2025-04-08,12.41,14.39,12.08,14.39,11.99,9637152.0,134092163.09,9.5688,0,0.2,14.39,True,20.01668056713928
sh.688178,2025-03-24,20.48,20.48,20.48,20.48,17.07,1624102.0,33261608.96,1.9108,0,0.2,20.48,True,19.976567076742825
sh.688182,2025-04-18,22.41,27.16,22.41,27.16,22.63,16008528.0,403638911.03,4.0021,0,0.2,27.16,True,20.017675651789666
sh.688190,2025-03-18,94.97,112.56,94.68,112.56,93.8,3585115.0,391762902.86,2.9876,0,0.2,112.56,True,19.999999999999996
sh.688192,2025-04-21,49.08,58.8,48.9,58.8,49.0,7426482.0,406894022.75,3.9774,0,0.2,58.8,True,19.999999999999996
sh.688238,2025-04-01,5.58,6.6,5.58,6.6,5.5,71472634.0,457090806.18,11.1476,0,0.2,6.6,True,19.999999999999996
sh.688259,2025-03-19,54.0,54.96,50.18,54.96,45.8,19246507.0,1029008094.95,17.2305,0,0.2,54.96,True,20.000000000000018
sh.688280,2025-04-29,5.34,5.82,5.34,5.82,4.85,17173300.0,97919092.12,3.2991,0,0.2,5.82,True,20.000000000000018
sh.688280,2025-04-30,6.2,6.98,6.08,6.98,5.82,57056537.0,377325774.3,10.9609,0,0.2,6.98,True,19.931271477663227
sh.688313,2025-04-21,18.72,18.72,18.72,18.72,15.6,9417912.0,176303312.64,2.0527,0,0.2,18.72,True,19.999999999999996
sh.688333,2025-03-06,70.49,83.04,69.25,83.04,69.2,16403880.0,1264130199.31,6.036,0,0.2,83.04,True,19.999999999999996
sh.688369,2025-03-06,32.37,36.3,32.0,36.3,30.25,4038327.0,143130601.07,3.5068,0,0.2,36.3,True,19.999999999999996
sh.688395,2025-03-10,22.25,25.32,22.09,25.32,21.1,8207084.0,203719041.94,9.4773,0,0.2,25.32,True,19.999999999999996
sh.688458,2025-04-11,36.44,40.8,36.44,40.8,34.0,11147324.0,446170464.91,13.2788,0,0.2,40.8,True,19.999999999999996
sh.688507,2025-03-17,81.05,97.26,81.05,97.26,81.05,8017128.0,729505516.83,16.5077,0,0.2,97.26,True,20.000000000000018
sh.688521,2025-03-04,71.72,89.74,71.72,89.74,74.78,22223810.0,1784469433.23,4.4582,0,0.2,89.74,True,20.005349023803156
sh.688529,2025-03-10,20.4,23.5,20.06,23.5,19.58,23180298.0,510594940.86,13.8566,0,0.2,23.5,True,20.020429009193073
sh.688536,2025-04-11,126.0,146.06,126.0,146.06,121.72,6024819.0,856181318.34,4.5436,0,0.2,146.06,True,19.996713769306606
sh.688580,2025-04-02,34.18,41.04,34.0,41.04,34.2,6119402.0,238160053.29,6.3896,0,0.2,41.04,True,19.999999999999996
sh.688591,2025-03-26,38.2,41.28,37.81,41.28,34.4,30644150.0,1242172401.88,18.5392,0,0.2,41.28,True,20.000000000000018
sh.688602,2025-04-17,7.86,8.82,7.71,8.82,7.35,60080070.0,510916740.17,23.5629,0,0.2,8.82,True,20.000000000000018
sh.688658,2025-04-14,13.61,16.15,13.61,16.15,13.46,48229765.0,753308959.67,10.7177,0,0.2,16.15,True,19.98514115898957
sh.688667,2025-04-30,47.55,54.9,47.55,54.9,45.75,2364320.0,125597991.38,4.5633,0,0.2,54.9,True,19.999999999999996
sh.688678,2025-04-10,19.18,20.11,18.95,20.11,16.76,13767591.0,270261028.26,5.3102,0,0.2,20.11,True,19.988066825775654
sh.688680,2025-03-10,36.64,42.54,35.81,42.54,35.45,9357010.0,377502218.39,11.1366,0,0.2,42.54,True,19.999999999999996
sh.688700,2025-03-10,33.88,39.74,33.88,39.74,33.12,19704916.0,755442485.33,6.6035,0,0.2,39.74,True,19.98792270531402
sh.688722,2025-04-09,15.48,17.45,15.07,17.45,14.54,18406617.0,303489691.34,8.2134,0,0.2,17.45,True,20.01375515818433
sz.000004,2025-04-15,9.35,10.26,9.35,10.26,9.33,14420700.0,146717116.94,11.4189,0,0.1,10.26,True,9.967845659163977
sz.000006,2025-03-27,6.72,7.44,6.66,7.44,6.76,106387662.0,770545145.27,7.8806,0,0.1,7.44,True,10.059171597633142
sz.000007,2025-04-25,6.7,7.16,6.45,7.16,6.51,41731073.0,287576574.1,12.0454,0,0.1,7.16,True,9.984639016897079
sz.000014,2025-04-10,9.67,10.49,9.6,10.49,9.54,12340200.0,125855082.4,5.0983,0,0.1,10.49,True,9.958071278825997
sz.000016,2025-03-03,5.14,5.76,4.99,5.76,5.24,206305552.0,1144047275.47,12.9216,0,0.1,5.76,True,9.923664122137389
sz.000016,2025-04-09,4.22,4.22,4.12,4.22,3.84,78435460.0,330447902.2,4.9127,0,0.1,4.22,True,9.895833333333325
sz.000016,2025-04-10,4.26,4.64,4.22,4.64,4.22,69977706.0,315231748.32,4.3829,0,0.1,4.64,True,9.952606635071092
sz.000016,2025-04-11,4.72,5.1,4.67,5.1,4.64,160858402.0,784702331.25,10.0751,0,0.1,5.1,True,9.913793103448265
sz.000017,2025-03-11,5.78,6.35,5.72,6.35,5.77,38085994.0,238682694.98,12.5703,0,0.1,6.35,True,10.051993067590992
sz.000017,2025-04-22,6.18,6.75,6.15,6.75,6.14,41620220.0,268965703.4,13.7367,0,0.1,6.75,True,9.934853420195445
sz.000017,2025-04-25,6.19,6.73,6.12,6.73,6.12,40247352.0,263815155.6,13.2836,0,0.1,6.73,True,9.967320261437917
sz.000025,2025-03-31,16.3,18.04,16.21,18.04,16.4,29247888.0,521235255.42,7.4464,0,0.1,18.04,True,10.000000000000009
sz.000025,2025-04-16,16.02,17.51,15.99,17.51,15.92,19118265.0,324859869.77,4.8674,0,0.1,17.51,True,9.987437185929648
sz.000025,2025-04-17,18.88,19.26,18.35,19.26,17.51,60237166.0,1145636215.22,15.3362,0,0.1,19.26,True,9.994288977727006
sz.000025,2025-04-18,20.18,21.19,20.04,21.19,19.26,77764714.0,1629108931.54,19.7986,0,0.1,21.19,True,10.020768431983385
sz.000031,2025-04-14,2.59,2.82,2.57,2.82,2.56,33824871.0,93441556.22,0.845,0,0.1,2.82,True,10.15625
sz.000048,2025-03-26,15.45,17.05,15.42,17.05,15.5,16244940.0,267839923.74,3.0839,0,0.1,17.05,True,10.000000000000009
sz.000055,2025-04-25,3.91,4.31,3.91,4.31,3.92,47253357.0,201778084.9,6.9916,0,0.1,4.31,True,9.948979591836737
sz.000056,2025-03-03,3.23,3.54,3.18,3.54,3.22,104104202.0,358553480.08,11.5201,0,0.1,3.54,True,9.937888198757761
sz.000056,2025-03-04,3.55,3.89,3.46,3.89,3.54,245648263.0,907880404.38,27.1834,0,0.1,3.89,True,9.887005649717517
sz.000058,2025-03-03,8.42,9.23,8.19,9.23,8.39,62912814.0,553086013.09,6.389,0,0.1,9.23,True,10.011918951132293
sz.000061,2025-04-08,6.49,7.11,6.49,7.11,6.46,40622557.0,281404853.7,2.3939,0,0.1,7.11,True,10.061919504643967
sz.000062,2025-03-17,22.1,24.2,22.1,24.2,22.0,27284264.0,646201683.35,2.6111,0,0.1,24.2,True,9.999999999999986
sz.000062,2025-03-27,21.83,24.01,21.78,24.01,21.83,32803984.0,763968854.28,3.1394,0,0.1,24.01,True,9.986257443884572
sz.000062,2025-04-11,20.67,23.19,20.53,23.19,21.08,45511380.0,1034666749.03,4.3555,0,0.1,23.19,True,10.009487666034179
sz.000062,2025-04-14,24.01,25.51,23.78,25.51,23.19,97686204.0,2392585167.76,9.3486,0,0.1,25.51,True,10.004312203536013
sz.000066,2025-04-08,13.63,14.99,13.26,14.99,13.63,202996199.0,2839410713.89,6.2933,0,0.1,14.99,True,9.977989728539981
sz.000066,2025-04-09,15.4,16.49,15.03,16.49,14.99,332186696.0,5328848147.15,10.2985,0,0.1,16.49,True,10.006671114076049
sz.000070,2025-04-11,5.32,5.65,5.32,5.65,5.38,12688500.0,69752638.0,1.4279,1,0.05,5.65,True,5.018587360594795
sz.000151,2025-03-25,14.12,15.53,13.85,15.53,14.12,11133010.0,164464293.3,3.6154,0,0.1,15.53,True,9.985835694051005
sz.000156,2025-03-12,9.46,9.46,9.46,9.46,8.6,17986122.0,170148714.12,1.0581,0,0.1,9.46,True,10.000000000000009
sz.000158,2025-04-30,20.5,22.56,20.5,22.56,20.51,95321551.0,2110392609.78,6.0034,0,0.1,22.56,True,9.995124329595306
sz.000402,2025-04-18,2.76,3.04,2.74,3.04,2.76,108688989.0,322599178.98,3.6372,0,0.1,3.04,True,10.144927536231885
sz.000403,2025-04-07,23.0,24.1,22.92,24.1,21.91,79853379.0,1909970554.02,10.9849,0,0.1,24.1,True,9.995435874030134
sz.000409,2025-03-03,9.79,10.7,9.75,10.7,9.73,37648156.0,401287414.04,8.8931,0,0.1,10.7,True,9.969167523124355
sz.000409,2025-03-04,10.87,11.77,10.84,11.77,10.7,52554833.0,596373898.14,12.4142,0,0.1,11.77,True,10.000000000000009
sz.000409,2025-03-05,12.95,12.95,12.09,12.95,11.77,161991832.0,2073896659.9,38.2649,0,0.1,12.95,True,10.02548853016143
sz.000409,2025-03-07,15.68,15.68,14.78,15.68,14.25,141730507.0,2212392446.28,33.4789,0,0.1,15.68,True,10.035087719298241
sz.000409,2025-03-18,15.13,16.02,15.11,16.02,14.56,76094358.0,1195432003.46,17.9746,0,0.1,16.02,True,10.027472527472515
sz.000410,2025-03-10,6.95,7.69,6.9,7.69,6.99,51719711.0,388190486.4,3.0769,0,0.1,7.69,True,10.014306151645203
sz.000417,2025-03-14,5.59,6.15,5.59,6.15,5.59,36617699.0,217225673.71,4.7004,0,0.1,6.15,True,10.017889087656528
sz.000417,2025-04-10,5.49,6.08,5.49,6.08,5.53,66885107.0,399575026.43,8.5857,0,0.1,6.08,True,9.945750452079572
sz.000420,2025-03-18,3.69,4.02,3.65,4.02,3.65,134974971.0,518316077.89,5.4912,0,0.1,4.02,True,10.136986301369856
sz.000420,2025-04-23,3.46,3.81,3.45,3.81,3.46,94731880.0,350220409.44,3.854,0,0.1,3.81,True,10.115606936416178
sz.000422,2025-03-24,13.66,14.74,13.66,14.74,13.4,111538658.0,1605044116.52,10.5442,0,0.1,14.74,True,10.000000000000009
sz.000428,2025-04-11,3.16,3.53,3.16,3.53,3.21,82944953.0,288318602.09,8.1404,0,0.1,3.53,True,9.968847352024923
sz.000428,2025-04-17,3.45,3.92,3.37,3.92,3.56,97038369.0,353810209.65,9.5236,0,0.1,3.92,True,10.1123595505618
sz.000430,2025-03-24,7.44,8.11,7.43,8.11,7.37,44526235.0,355701198.36,13.4221,0,0.1,8.11,True,10.04070556309362
sz.000430,2025-04-10,7.8,8.84,7.77,8.84,8.04,54613100.0,465508922.64,16.4627,0,0.1,8.84,True,9.950248756218905
sz.000488,2025-03-17,1.96,2.07,1.94,2.07,1.97,119974056.0,241052259.64,7.1591,1,0.05,2.07,True,5.076142131979688
sz.000488,2025-04-01,1.89,1.97,1.88,1.97,1.88,98797392.0,193209363.14,5.8954,1,0.05,1.97,True,4.78723404255319
sz.000501,2025-04-08,9.11,10.09,9.07,10.09,9.17,72652811.0,705502280.56,9.4564,0,0.1,10.09,True,10.03271537622683
sz.000503,2025-03-12,11.42,12.55,11.31,12.55,11.41,74084499.0,897424695.98,7.757,0,0.1,12.55,True,9.99123575810692
sz.000505,2025-04-14,6.49,7.22,6.45,7.22,6.56,37012231.0,256513527.68,5.9456,0,0.1,7.22,True,10.060975609756095
sz.000505,2025-04-15,7.21,7.94,7.01,7.94,7.22,96223970.0,724635843.19,15.4573,0,0.1,7.94,True,9.972299168975084
sz.000506,2025-03-10,5.26,5.39,5.2,5.39,5.13,41135585.0,218955270.78,4.4295,1,0.05,5.39,True,5.068226120857688
sz.000506,2025-03-19,4.93,5.26,4.93,5.26,5.01,31410329.0,162138031.54,3.3823,1,0.05,5.26,True,4.990019960079839
sz.000506,2025-03-31,5.5,5.74,5.49,5.74,5.47,38694506.0,219740701.75,4.1667,1,0.05,5.74,True,4.936014625228524
sz.000506,2025-04-10,5.37,5.37,5.28,5.37,5.11,18737201.0,100353849.36,2.0176,1,0.05,5.37,True,5.088062622309186
sz.000506,2025-04-14,5.56,5.85,5.54,5.85,5.57,27145644.0,155838223.99,2.9231,1,0.05,5.85,True,5.026929982046657
sz.000506,2025-04-16,6.21,6.42,6.19,6.42,6.11,36514762.0,232878887.0,3.9319,1,0.05,6.42,True,5.07364975450082
sz.000506,2025-04-21,6.55,6.74,6.5,6.74,6.42,36652263.0,244512488.15,3.9467,1,0.05,6.74,True,4.984423676012462
sz.000506,2025-04-24,6.56,6.89,6.56,6.89,6.56,32030651.0,216137806.43,3.4491,1,0.05,6.89,True,5.030487804878048
sz.000507,2025-03-18,5.06,5.54,5.02,5.54,5.04,57639183.0,315509095.73,6.3878,0,0.1,5.54,True,9.92063492063493
sz.000507,2025-04-09,4.89,5.43,4.79,5.43,4.94,62689795.0,322292424.81,6.9475,0,0.1,5.43,True,9.91902834008096
sz.000509,2025-03-07,3.37,3.69,3.29,3.69,3.35,36595450.0,132474755.5,3.4102,0,0.1,3.69,True,10.149253731343277
sz.000510,2025-04-11,4.21,4.21,4.05,4.21,3.83,36488286.0,153418538.76,6.0146,0,0.1,4.21,True,9.921671018276768
sz.000510,2025-04-14,4.63,4.63,4.63,4.63,4.21,15034749.0,69610887.87,2.4783,0,0.1,4.63,True,9.976247030878849
sz.000510,2025-04-15,5.09,5.09,4.98,5.09,4.63,106495029.0,541343169.61,17.5542,0,0.1,5.09,True,9.935205183585305
sz.000510,2025-04-17,4.7,5.28,4.43,5.28,4.8,210808418.0,1027744829.64,34.7487,0,0.1,5.28,True,10.000000000000009
sz.000510,2025-04-21,4.98,5.42,4.98,5.42,4.93,96442567.0,514634013.97,15.8972,0,0.1,5.42,True,9.93914807302232
sz.000510,2025-04-24,6.2,6.61,6.05,6.61,6.01,107323216.0,698392039.14,17.6907,0,0.1,6.61,True,9.98336106489186
sz.000514,2025-04-17,3.76,4.09,3.74,4.09,3.72,16319176.0,65618153.46,1.9341,0,0.1,4.09,True,9.946236559139777
sz.000514,2025-04-18,4.1,4.5,4.05,4.5,4.09,107194715.0,467191469.94,12.7042,0,0.1,4.5,True,10.02444987775062
sz.000514,2025-04-24,4.17,4.57,4.14,4.57,4.15,38176611.0,170856499.27,4.5245,0,0.1,4.57,True,10.120481927710845
sz.000518,2025-03-28,2.26,2.49,2.23,2.49,2.26,95966223.0,236081504.48,9.3213,0,0.1,2.49,True,10.176991150442504
sz.000519,2025-04-09,15.57,17.15,15.52,17.15,15.59,63953574.0,1068589975.59,4.5925,0,0.1,17.15,True,10.006414368184725
sz.000520,2025-04-11,4.16,4.58,4.16,4.58,4.16,22926000.0,103353811.72,2.2652,0,0.1,4.58,True,10.096153846153854
sz.000523,2025-03-14,3.34,3.34,3.34,3.34,3.04,11670751.0,38980308.34,0.6502,0,0.1,3.34,True,9.868421052631572
sz.000523,2025-03-17,3.67,3.67,3.63,3.67,3.34,67045076.0,246023441.92,3.7355,0,0.1,3.67,True,9.880239520958089
sz.000524,2025-04-02,11.15,12.54,11.15,12.54,11.4,42906528.0,515842678.07,6.404,0,0.1,12.54,True,9.999999999999986
sz.000524,2025-04-03,12.83,13.79,12.55,13.79,12.54,86011981.0,1147357716.76,12.8376,0,0.1,13.79,True,9.968102073365227
sz.000524,2025-04-10,13.2,14.7,13.02,14.7,13.36,50892690.0,726416080.9,7.5959,0,0.1,14.7,True,10.029940119760482
sz.000525,2025-03-12,5.59,5.88,5.58,5.88,5.6,33360837.0,191797914.07,3.3695,1,0.05,5.88,True,5.000000000000004
sz.000528,2025-03-05,12.0,12.87,12.0,12.87,11.7,64354801.0,823974047.71,3.1883,0,0.1,12.87,True,10.000000000000009
sz.000533,2025-03-12,6.4,7.0,6.4,7.0,6.36,91503818.0,623884882.81,13.3601,0,0.1,7.0,True,10.062893081761004
sz.000536,2025-03-06,5.73,6.3,5.63,6.3,5.73,306187890.0,1854708003.2,11.0814,0,0.1,6.3,True,9.947643979057585
sz.000541,2025-03-20,6.77,7.39,6.72,7.39,6.72,93368303.0,658927827.2,7.8876,0,0.1,7.39,True,9.970238095238093
sz.000541,2025-03-24,7.95,8.57,7.57,8.57,7.79,194823507.0,1574203697.75,16.4583,0,0.1,8.57,True,10.01283697047497
sz.000555,2025-03-03,12.35,13.43,12.12,13.43,12.21,43107327.0,558618859.22,4.4336,0,0.1,13.43,True,9.991809991809975
sz.000555,2025-03-18,13.19,14.39,13.11,14.39,13.08,61834679.0,863528576.46,6.3597,0,0.1,14.39,True,10.015290519877684
sz.000555,2025-03-21,15.96,15.96,15.18,15.96,14.51,136066387.0,2161120713.45,13.9944,0,0.1,15.96,True,9.993108201240531
sz.000558,2025-03-24,3.47,3.76,3.45,3.76,3.42,254589364.0,948031647.7,19.7558,0,0.1,3.76,True,9.941520467836252
sz.000558,2025-04-14,4.17,4.44,4.17,4.44,4.04,126930863.0,553793195.17,9.8496,0,0.1,4.44,True,9.90099009900991
sz.000558,2025-04-25,4.01,4.28,4.01,4.28,3.89,116641300.0,491785421.71,9.0512,0,0.1,4.28,True,10.025706940874034
sz.000559,2025-04-02,6.75,7.45,6.65,7.45,6.77,169652121.0,1242683884.34,5.1351,0,0.1,7.45,True,10.044313146233396
sz.000560,2025-04-18,3.25,3.58,3.19,3.58,3.25,373758536.0,1268654554.65,16.5727,0,0.1,3.58,True,10.153846153846157
sz.000564,2025-04-08,2.58,2.85,2.54,2.85,2.59,583389572.0,1613372085.63,3.9646,0,0.1,2.85,True,10.038610038610042
sz.000565,2025-04-25,5.16,5.67,5.1,5.67,5.15,24573164.0,136749805.27,5.6673,0,0.1,5.67,True,10.097087378640769
sz.000565,2025-04-28,5.48,6.24,5.26,6.24,5.67,46365709.0,258506609.3,10.6934,0,0.1,6.24,True,10.052910052910068
sz.000565,2025-04-29,6.86,6.86,6.86,6.86,6.24,12071098.0,82807732.28,2.784,0,0.1,6.86,True,9.935897435897445
sz.000565,2025-04-30,7.55,7.55,6.68,7.55,6.86,124399080.0,921283380.37,28.6903,0,0.1,7.55,True,10.058309037900859
sz.000566,2025-04-11,4.3,4.73,4.26,4.73,4.3,33673400.0,157493313.0,2.8882,0,0.1,4.73,True,10.000000000000009
sz.000567,2025-04-14,5.54,6.03,5.51,6.03,5.48,27569452.0,161902588.82,1.4139,0,0.1,6.03,True,10.036496350364965
sz.000570,2025-03-06,5.55,6.05,5.5,6.05,5.5,33858481.0,200237692.04,6.093,0,0.1,6.05,True,9.999999999999986
sz.000570,2025-03-13,6.1,6.82,6.06,6.82,6.2,59067844.0,390533914.5,10.6296,0,0.1,6.82,True,10.000000000000009
sz.000571,2025-03-21,4.43,4.84,4.38,4.84,4.4,43444458.0,203498928.95,5.337,0,0.1,4.84,True,9.999999999999986
sz.000572,2025-04-14,3.62,3.93,3.62,3.93,3.57,63969294.0,242350760.98,3.8952,0,0.1,3.93,True,10.084033613445387
sz.000573,2025-03-18,4.45,4.86,4.43,4.86,4.42,33865196.0,161043673.74,5.3502,0,0.1,4.86,True,9.954751131221728
sz.000573,2025-03-25,4.4,4.88,4.32,4.88,4.44,55293366.0,255845892.02,8.7356,0,0.1,4.88,True,9.909909909909898
sz.000581,2025-03-10,24.91,25.81,24.9,25.81,23.46,56742119.0,1455890836.97,6.8879,0,0.1,25.81,True,10.017050298380203
sz.000582,2025-04-09,8.36,9.28,8.02,9.28,8.44,76265881.0,661640679.62,4.3301,0,0.1,9.28,True,9.952606635071092
sz.000582,2025-04-11,10.28,10.48,9.73,10.48,9.53,278898411.0,2861595553.38,15.835,0,0.1,10.48,True,9.968520461699914
sz.000590,2025-03-03,8.57,9.1,8.51,9.1,8.27,12750723.0,114976563.3,5.3266,0,0.1,9.1,True,10.036275695284157
sz.000592,2025-03-11,2.91,3.18,2.91,3.18,2.89,353217186.0,1100641658.54,18.4439,0,0.1,3.18,True,10.034602076124566
sz.000595,2025-03-19,6.08,6.74,6.05,6.74,6.13,71753998.0,473302910.52,6.3049,0,0.1,6.74,True,9.951060358890707
sz.000595,2025-03-20,6.96,7.41,6.96,7.41,6.74,73426130.0,537436904.8,6.4519,0,0.1,7.41,True,9.940652818991103
sz.000599,2025-04-03,4.36,4.8,4.31,4.8,4.36,28079139.0,131177696.48,3.4379,0,0.1,4.8,True,10.091743119266038
sz.000600,2025-04-15,6.23,6.56,6.18,6.56,5.96,92809587.0,594857833.84,8.5142,0,0.1,6.56,True,10.067114093959727
sz.000601,2025-03-19,4.41,4.8,4.41,4.8,4.36,83702018.0,398548819.94,7.7469,0,0.1,4.8,True,10.091743119266038
sz.000601,2025-03-20,4.96,5.28,4.86,5.28,4.8,155236365.0,796301332.35,14.3676,0,0.1,5.28,True,10.000000000000009
sz.000601,2025-03-24,5.06,5.96,5.06,5.96,5.42,153154510.0,874145420.25,14.1749,0,0.1,5.96,True,9.963099630996307
sz.000601,2025-03-31,4.87,5.4,4.81,5.4,4.91,89398931.0,469354586.64,8.2742,0,0.1,5.4,True,9.97963340122201
sz.000601,2025-04-14,5.12,5.58,5.12,5.58,5.07,48302255.0,263270996.9,4.4705,0,0.1,5.58,True,10.05917159763312
sz.000601,2025-04-15,5.75,6.14,5.68,6.14,5.58,233501168.0,1378566730.97,21.6113,0,0.1,6.14,True,10.035842293906793
sz.000601,2025-04-24,5.73,6.31,5.5,6.31,5.74,155319870.0,931569145.92,14.3753,0,0.1,6.31,True,9.93031358885017
sz.000601,2025-04-25,6.41,6.94,6.33,6.94,6.31,263533195.0,1777066180.74,24.3908,0,0.1,6.94,True,9.984152139461177
sz.000608,2025-03-20,2.13,2.35,2.13,2.35,2.14,65199833.0,148117308.91,8.7545,0,0.1,2.35,True,9.81308411214954
sz.000608,2025-04-23,1.41,1.47,1.41,1.47,1.4,25558169.0,37101898.03,3.4317,1,0.05,1.47,True,5.000000000000004
sz.000608,2025-04-25,1.51,1.56,1.48,1.56,1.49,33998725.0,52392076.0,4.5651,1,0.05,1.56,True,4.697986577181212
sz.000608,2025-04-29,1.53,1.58,1.53,1.58,1.5,13887069.0,21860049.42,1.8646,1,0.05,1.58,True,5.3333333333333455
sz.000609,2025-03-31,2.29,2.4,2.29,2.4,2.29,8009904.0,19134175.48,2.7517,1,0.05,2.4,True,4.8034934497816595
sz.000609,2025-04-15,2.15,2.26,2.12,2.26,2.15,8016603.0,17699554.6,2.754,1,0.05,2.26,True,5.116279069767438
sz.000609,2025-04-16,2.37,2.37,2.31,2.37,2.26,4986200.0,11784613.0,1.713,1,0.05,2.37,True,4.86725663716816
sz.000609,2025-04-21,2.41,2.47,2.35,2.47,2.35,6851948.0,16725466.12,2.3539,1,0.05,2.47,True,5.106382978723412
sz.000609,2025-04-22,2.52,2.59,2.52,2.59,2.47,16783249.0,43142922.45,5.7658,1,0.05,2.59,True,4.85829959514168
sz.000612,2025-03-17,7.95,7.95,7.95,7.95,7.23,6232484.0,49548247.8,0.5231,0,0.1,7.95,True,9.958506224066376
sz.000612,2025-03-18,8.75,8.75,8.75,8.75,7.95,58089502.0,508283142.5,4.8757,0,0.1,8.75,True,10.062893081761004
sz.000615,2025-03-03,2.98,3.14,2.86,3.14,2.99,28539002.0,86125247.97,3.7428,1,0.05,3.14,True,5.0167224080267525
sz.000615,2025-03-10,3.05,3.2,3.05,3.2,3.05,12460400.0,39208940.0,1.6342,1,0.05,3.2,True,4.918032786885251
sz.000615,2025-03-11,3.32,3.36,3.3,3.36,3.2,21589500.0,72281219.0,2.8314,1,0.05,3.36,True,4.999999999999982
sz.000615,2025-03-13,3.45,3.56,3.42,3.56,3.39,7755900.0,27274049.0,1.0172,1,0.05,3.56,True,5.014749262536866
sz.000615,2025-04-14,3.41,3.57,3.38,3.57,3.4,20533500.0,71944111.0,2.6929,1,0.05,3.57,True,5.000000000000004
sz.000617,2025-04-09,6.08,6.74,6.02,6.74,6.13,293820301.0,1920469630.43,2.3241,0,0.1,6.74,True,9.951060358890707
sz.000617,2025-04-22,7.48,7.9,7.35,7.9,7.18,392369696.0,2998448123.8,3.1037,0,0.1,7.9,True,10.027855153203348
sz.000619,2025-03-03,5.95,6.58,5.95,6.58,5.98,19068400.0,123771110.0,5.2968,0,0.1,6.58,True,10.033444816053505
sz.000620,2025-04-18,1.63,1.79,1.61,1.79,1.63,151283466.0,262947042.84,3.2383,0,0.1,1.79,True,9.81595092024541
sz.000620,2025-04-21,1.81,1.97,1.73,1.97,1.79,336584129.0,628748160.41,7.2047,0,0.1,1.97,True,10.05586592178771
sz.000626,2025-04-10,5.46,5.46,5.46,5.46,4.96,2702902.0,14757844.92,0.5384,0,0.1,5.46,True,10.080645161290324
sz.000626,2025-04-11,6.01,6.01,6.01,6.01,5.46,8070920.0,48506229.2,1.6077,0,0.1,6.01,True,10.073260073260059
sz.000626,2025-04-14,6.14,6.61,6.01,6.61,6.01,51226397.0,328748835.77,10.204,0,0.1,6.61,True,9.98336106489186
sz.000626,2025-04-21,5.21,5.73,5.18,5.73,5.21,20833109.0,113521919.32,4.1498,0,0.1,5.73,True,9.98080614203456
sz.000628,2025-04-18,42.41,46.53,42.03,46.53,42.3,15710452.0,697641332.84,8.1789,0,0.1,46.53,True,10.000000000000009
sz.000632,2025-04-10,3.11,3.27,3.02,3.27,2.97,32706703.0,105016190.51,7.0264,0,0.1,3.27,True,10.1010101010101
sz.000632,2025-04-22,3.42,3.69,3.42,3.69,3.35,22518724.0,82527641.56,4.8377,0,0.1,3.69,True,10.149253731343277
sz.000632,2025-04-23,4.06,4.06,3.92,4.06,3.69,38113780.0,154495724.62,8.188,0,0.1,4.06,True,10.027100271002709
sz.000632,2025-04-24,4.47,4.47,4.47,4.47,4.06,13373800.0,59780886.0,2.8731,0,0.1,4.47,True,10.098522167487701
sz.000633,2025-03-26,5.43,5.43,5.43,5.43,4.94,5564700.0,30216321.0,1.445,0,0.1,5.43,True,9.91902834008096
sz.000633,2025-03-27,5.9,5.97,5.43,5.97,5.43,85017182.0,492986189.27,22.0764,0,0.1,5.97,True,9.944751381215466
sz.000637,2025-03-26,3.48,3.83,3.48,3.83,3.48,19067390.0,71904164.7,5.1812,0,0.1,3.83,True,10.057471264367823
sz.000639,2025-04-08,2.43,2.76,2.43,2.76,2.51,69344991.0,185442030.64,6.4242,0,0.1,2.76,True,9.960159362549792
sz.000639,2025-04-15,2.85,3.16,2.8,3.16,2.87,97991131.0,292185510.8,9.0781,0,0.1,3.16,True,10.104529616724744
sz.000639,2025-04-21,2.96,3.23,2.86,3.23,2.94,62267841.0,197249524.23,5.7686,0,0.1,3.23,True,9.863945578231291
sz.000655,2025-03-11,6.53,7.17,6.46,7.17,6.52,43969431.0,305992324.09,7.3856,0,0.1,7.17,True,9.969325153374232
sz.000656,2025-04-15,1.26,1.31,1.25,1.31,1.25,94036600.0,121844213.0,1.7704,1,0.05,1.31,True,4.800000000000004
sz.000656,2025-04-17,1.35,1.41,1.34,1.41,1.34,75002141.0,104301903.81,1.412,1,0.05,1.41,True,5.223880597014907
sz.000656,2025-04-29,1.24,1.3,1.23,1.3,1.24,68127630.0,87419045.87,1.281,1,0.05,1.3,True,4.8387096774193505
sz.000659,2025-03-05,2.69,2.97,2.66,2.97,2.7,74760200.0,214468046.65,5.8147,0,0.1,2.97,True,10.000000000000009
sz.000665,2025-03-07,5.27,5.27,5.27,5.27,4.79,17516905.0,92314089.35,1.5405,0,0.1,5.27,True,10.020876826722326
sz.000665,2025-03-10,5.8,5.8,5.46,5.8,5.27,177397281.0,1023037275.24,15.6007,0,0.1,5.8,True,10.056925996204935
sz.000665,2025-03-11,6.38,6.38,6.38,6.38,5.8,24931522.0,159063110.36,2.1925,0,0.1,6.38,True,10.000000000000009
sz.000665,2025-03-12,7.02,7.02,7.02,7.02,6.38,9313756.0,65382567.12,0.8191,0,0.1,7.02,True,10.03134796238243
sz.000665,2025-04-30,4.53,4.93,4.5,4.93,4.48,65277979.0,309381144.91,5.7407,0,0.1,4.93,True,10.044642857142838
sz.000668,2025-03-10,5.61,6.16,5.59,6.16,5.6,13267861.0,78462870.55,9.0355,0,0.1,6.16,True,10.000000000000009
sz.000668,2025-04-14,4.7,5.1,4.7,5.1,4.64,8854452.0,44329662.42,6.0299,0,0.1,5.1,True,9.913793103448265
sz.000668,2025-04-16,4.88,5.38,4.82,5.38,4.89,16344512.0,86088528.78,11.1307,0,0.1,5.38,True,10.020449897750506
sz.000668,2025-04-17,5.32,5.92,5.19,5.92,5.38,17686890.0,101046508.7,12.0449,0,0.1,5.92,True,10.03717472118959
sz.000668,2025-04-30,4.65,4.88,4.6,4.88,4.65,13950245.0,66650526.54,9.5002,1,0.05,4.88,True,4.946236559139772
sz.000669,2025-04-14,1.71,1.77,1.7,1.77,1.69,5727920.0,10033349.6,0.8418,1,0.05,1.77,True,4.7337278106508895
sz.000669,2025-04-15,1.81,1.86,1.79,1.86,1.77,11243340.0,20667693.6,1.6524,1,0.05,1.86,True,5.084745762711873
sz.000669,2025-04-24,1.92,2.02,1.91,2.02,1.92,11913720.0,23562510.2,1.751,1,0.05,2.02,True,5.208333333333348
sz.000669,2025-04-29,1.92,2.01,1.92,2.01,1.91,13673542.0,27124241.2,2.0096,1,0.05,2.01,True,5.235602094240832
sz.000670,2025-04-11,5.59,6.22,5.56,6.22,5.65,19151700.0,116202769.0,2.6522,0,0.1,6.22,True,10.088495575221224
sz.000670,2025-04-14,6.84,6.84,6.84,6.84,6.22,13280600.0,90839304.0,1.8391,0,0.1,6.84,True,9.967845659163999
sz.000670,2025-04-22,6.35,7.0,6.31,7.0,6.36,53111546.0,361550482.28,7.3551,0,0.1,7.0,True,10.062893081761004
sz.000677,2025-04-03,3.86,4.25,3.84,4.25,3.86,55630171.0,233124532.5,6.4388,0,0.1,4.25,True,10.103626943005196
sz.000677,2025-04-08,3.72,4.21,3.71,4.21,3.83,65895723.0,262454207.52,7.627,0,0.1,4.21,True,9.921671018276768
sz.000678,2025-03-04,7.43,8.67,7.43,8.67,7.88,80806757.0,669945524.41,17.5815,0,0.1,8.67,True,10.025380710659903
sz.000678,2025-03-10,9.2,10.4,9.12,10.4,9.45,85386951.0,850131981.12,18.5781,0,0.1,10.4,True,10.052910052910068
sz.000678,2025-03-11,10.52,11.44,10.52,11.44,10.4,114705898.0,1268261765.82,24.9571,0,0.1,11.44,True,9.999999999999986
sz.000678,2025-03-12,11.94,12.58,11.2,12.58,11.44,83353516.0,1009532143.27,18.1356,0,0.1,12.58,True,9.965034965034981
sz.000678,2025-03-13,12.93,13.84,12.85,13.84,12.58,163493363.0,2219708657.44,35.5721,0,0.1,13.84,True,10.015898251192358
sz.000678,2025-03-17,13.08,14.2,12.27,14.2,12.91,103143860.0,1409127712.57,22.4415,0,0.1,14.2,True,9.992254066615015
sz.000678,2025-03-18,14.4,15.62,14.2,15.62,14.2,161766974.0,2478305154.58,35.1964,0,0.1,15.62,True,10.000000000000009
sz.000678,2025-03-19,15.55,17.18,15.5,17.18,15.62,100104293.0,1654530079.83,21.7802,0,0.1,17.18,True,9.98719590268886
sz.000678,2025-03-20,17.5,18.9,17.28,18.9,17.18,105618535.0,1959762809.1,22.9799,0,0.1,18.9,True,10.011641443538988
sz.000678,2025-04-23,10.95,11.84,10.95,11.84,10.76,30627900.0,356935294.0,6.6639,0,0.1,11.84,True,10.03717472118959
sz.000679,2025-04-08,5.92,6.55,5.85,6.55,5.95,37678714.0,243507781.02,10.572,0,0.1,6.55,True,10.084033613445364
sz.000680,2025-03-05,10.1,10.76,10.05,10.76,9.78,63002928.0,668652311.01,4.8168,0,0.1,10.76,True,10.020449897750506
sz.000681,2025-03-06,24.16,26.29,24.08,26.29,23.9,115861324.0,2928187357.65,17.1353,0,0.1,26.29,True,10.000000000000009
sz.000688,2025-03-03,11.73,12.85,11.73,12.85,11.68,19024477.0,238191265.27,1.6905,0,0.1,12.85,True,10.017123287671236
sz.000691,2025-04-22,2.69,2.96,2.54,2.96,2.69,28694900.0,77570079.0,8.8765,0,0.1,2.96,True,10.03717472118959
sz.000691,2025-04-25,2.62,2.89,2.62,2.89,2.63,39080089.0,112422945.57,12.089,0,0.1,2.89,True,9.88593155893538
sz.000691,2025-04-28,2.6,3.18,2.6,3.18,2.89,62346769.0,178363952.08,19.2863,0,0.1,3.18,True,10.034602076124566
sz.000691,2025-04-30,3.02,3.34,3.02,3.34,3.18,57209764.0,180782719.47,17.6972,1,0.05,3.34,True,5.031446540880502
sz.000695,2025-03-03,11.33,12.23,11.33,12.23,11.12,13990468.0,167800113.31,6.31,0,0.1,12.23,True,9.982014388489224
sz.000697,2025-03-04,7.14,7.85,7.14,7.85,7.14,28149425.0,215763105.05,4.9911,0,0.1,7.85,True,9.943977591036424
sz.000697,2025-03-11,7.95,8.65,7.87,8.65,7.86,31485695.0,263764843.56,5.5827,0,0.1,8.65,True,10.050890585241735
sz.000697,2025-04-09,7.33,7.69,7.25,7.69,6.99,8999015.0,68309578.35,1.5956,0,0.1,7.69,True,10.014306151645203
sz.000698,2025-04-29,3.44,3.75,3.4,3.75,3.41,27318960.0,100174818.34,3.477,0,0.1,3.75,True,9.97067448680351
sz.000701,2025-03-05,4.78,5.27,4.66,5.27,4.79,35854904.0,182907545.03,5.3686,0,0.1,5.27,True,10.020876826722326
sz.000701,2025-03-13,5.52,5.8,5.5,5.8,5.27,55555564.0,319001845.08,8.3184,0,0.1,5.8,True,10.056925996204935
sz.000701,2025-04-10,4.52,4.73,4.44,4.73,4.3,23274281.0,108003544.35,3.4849,0,0.1,4.73,True,10.000000000000009
sz.000710,2025-03-03,12.87,14.17,12.67,14.17,12.88,62442338.0,870146260.01,19.62,0,0.1,14.17,True,10.015527950310554
sz.000710,2025-03-04,14.19,15.59,14.13,15.59,14.17,63561805.0,956073847.12,19.9717,0,0.1,15.59,True,10.021171489061388
sz.000710,2025-03-06,15.77,16.84,15.4,16.84,15.31,84277040.0,1356598794.09,26.4807,0,0.1,16.84,True,9.99346832135859
sz.000710,2025-04-11,12.6,13.3,12.52,13.3,12.09,12275371.0,160341893.3,3.857,0,0.1,13.3,True,10.008271298593897
sz.000711,2025-03-10,1.7,1.73,1.7,1.73,1.65,28893205.0,49822894.25,1.2643,1,0.05,1.73,True,4.8484848484848575
sz.000711,2025-04-14,1.8,1.81,1.78,1.81,1.72,50717560.0,91680897.6,2.2194,1,0.05,1.81,True,5.232558139534893
sz.000713,2025-04-07,7.68,8.07,7.46,8.07,7.34,140147870.0,1107769782.55,22.8248,0,0.1,8.07,True,9.945504087193457
sz.000713,2025-04-08,8.08,8.88,7.5,8.88,8.07,143522454.0,1203170959.7,23.3744,0,0.1,8.88,True,10.03717472118959
sz.000715,2025-03-31,6.54,6.93,6.54,6.93,6.3,16374127.0,111710607.11,3.949,0,0.1,6.93,True,10.000000000000009
sz.000715,2025-04-08,7.69,8.37,7.21,8.37,7.61,62249317.0,494758298.59,15.0128,0,0.1,8.37,True,9.98685939553219
sz.000716,2025-04-08,5.6,6.38,5.6,6.38,5.8,74020486.0,458120721.21,10.5639,0,0.1,6.38,True,10.000000000000009
sz.000720,2025-04-18,2.64,2.9,2.64,2.9,2.64,12733501.0,36111449.9,1.0134,0,0.1,2.9,True,9.84848484848484
sz.000720,2025-04-28,2.91,3.15,2.91,3.15,2.86,28157082.0,85983271.3,2.2409,0,0.1,3.15,True,10.139860139860147
sz.000722,2025-04-02,11.88,11.88,11.88,11.88,10.8,3262101.0,38753759.88,0.7028,0,0.1,11.88,True,10.000000000000009
sz.000722,2025-04-03,13.07,13.07,12.58,13.07,11.88,58451503.0,762475011.49,12.593,0,0.1,13.07,True,10.016835016835014
sz.000722,2025-04-25,11.75,12.98,11.75,12.98,11.8,67887024.0,845870328.37,14.6258,0,0.1,12.98,True,9.999999999999986
sz.000723,2025-03-10,4.43,4.77,4.42,4.77,4.34,117340528.0,552287629.72,2.6691,0,0.1,4.77,True,9.907834101382473
sz.000723,2025-03-13,4.6,5.06,4.6,5.06,4.6,234913211.0,1159219351.9,5.3436,0,0.1,5.06,True,10.000000000000009
sz.000735,2025-04-08,5.86,6.49,5.85,6.49,5.9,110364406.0,689602822.22,9.5894,0,0.1,6.49,True,9.999999999999986
sz.000736,2025-04-10,4.85,5.38,4.83,5.38,4.89,39288691.0,201656595.62,5.4472,0,0.1,5.38,True,10.020449897750506
sz.000736,2025-04-29,3.78,3.91,3.75,3.91,3.72,33303626.0,128973745.27,4.6174,1,0.05,3.91,True,5.107526881720426
sz.000753,2025-03-21,4.56,5.04,4.53,5.04,4.58,173030411.0,848309603.92,17.4517,0,0.1,5.04,True,10.043668122270732
sz.000753,2025-03-26,5.0,5.43,4.85,5.43,4.94,133713331.0,689361785.79,13.4862,0,0.1,5.43,True,9.91902834008096
sz.000757,2025-03-20,4.82,4.82,4.82,4.82,4.38,7468112.0,35996299.84,1.4019,0,0.1,4.82,True,10.045662100456632
sz.000759,2025-04-08,6.85,7.59,6.83,7.59,6.9,81683258.0,603643553.95,12.4573,0,0.1,7.59,True,9.999999999999986
sz.000759,2025-04-09,7.62,8.35,7.46,8.35,7.59,138756065.0,1093236229.66,21.1613,0,0.1,8.35,True,10.013175230566528
sz.000779,2025-03-18,9.88,10.87,9.76,10.87,9.88,60739582.0,644646002.78,13.0682,0,0.1,10.87,True,10.020242914979738
sz.000779,2025-03-21,10.7,11.97,10.59,11.97,10.88,74042568.0,827036859.0,15.9304,0,0.1,11.97,True,10.018382352941169
sz.000791,2025-03-12,6.38,6.38,6.21,6.38,5.8,88438991.0,560938578.64,5.5256,0,0.1,6.38,True,10.000000000000009
sz.000793,2025-03-27,2.21,2.32,2.2,2.32,2.21,58060329.0,131681264.04,2.9607,1,0.05,2.32,True,4.977375565610864
sz.000793,2025-04-01,2.23,2.33,2.23,2.33,2.22,52679553.0,120804177.42,2.6863,1,0.05,2.33,True,4.954954954954949
sz.000793,2025-04-14,2.23,2.31,2.21,2.31,2.2,15330401.0,35028019.31,0.7818,1,0.05,2.31,True,5.000000000000004
sz.000793,2025-04-15,2.4,2.43,2.35,2.43,2.31,47447792.0,114417181.99,2.4196,1,0.05,2.43,True,5.1948051948051965
sz.000796,2025-04-09,3.52,3.99,3.3,3.99,3.63,135425237.0,511105871.07,10.1765,0,0.1,3.99,True,9.917355371900838
sz.000797,2025-03-05,2.7,2.97,2.64,2.97,2.7,137168239.0,394502649.16,8.7336,0,0.1,2.97,True,10.000000000000009
sz.000799,2025-03-14,47.16,51.88,47.1,51.88,47.16,26744723.0,1342843804.26,8.2309,0,0.1,51.88,True,10.008481764206966
sz.000809,2025-03-05,3.01,3.01,3.01,3.01,2.87,2311050.0,6956260.5,0.2802,1,0.05,3.01,True,4.878048780487787
sz.000809,2025-03-06,3.16,3.16,3.09,3.16,3.01,15090434.0,47462853.94,1.8296,1,0.05,3.16,True,4.983388704318958
sz.000809,2025-04-17,3.36,3.57,3.36,3.57,3.4,21812168.0,76844380.16,2.6446,1,0.05,3.57,True,5.000000000000004
sz.000813,2025-03-13,3.76,3.76,3.64,3.76,3.42,81635964.0,305741832.58,3.7714,0,0.1,3.76,True,9.941520467836252
sz.000815,2025-03-11,11.63,13.31,11.63,13.31,12.1,133580123.0,1721405063.09,19.2129,0,0.1,13.31,True,10.000000000000009
sz.000815,2025-03-14,13.87,14.44,13.79,14.44,13.13,55466457.0,787252146.28,7.9778,0,0.1,14.44,True,9.97715156130996
sz.000815,2025-03-17,14.96,15.88,14.42,15.88,14.44,147421267.0,2228075988.77,21.2037,0,0.1,15.88,True,9.972299168975084
sz.000815,2025-04-09,11.02,11.66,10.69,11.66,10.6,53355645.0,598170041.71,7.6742,0,0.1,11.66,True,10.000000000000009
sz.000815,2025-04-29,12.33,13.55,12.1,13.55,12.32,68947256.0,888111329.02,9.9167,0,0.1,13.55,True,9.983766233766245
sz.000816,2025-04-08,3.04,3.22,3.04,3.22,2.93,72593926.0,231509265.7,5.0527,0,0.1,3.22,True,9.897610921501698
sz.000816,2025-04-09,3.34,3.54,3.28,3.54,3.22,238123581.0,818014632.47,16.574,0,0.1,3.54,True,9.937888198757761
sz.000820,2025-03-17,2.92,3.18,2.89,3.18,2.89,35384773.0,108842392.13,12.1147,0,0.1,3.18,True,10.034602076124566
sz.000820,2025-04-17,2.36,2.55,2.31,2.55,2.32,19458194.0,49091169.35,6.6177,0,0.1,2.55,True,9.913793103448265
sz.000822,2025-03-25,6.22,6.45,6.15,6.45,5.86,127217547.0,808007135.1,14.2128,0,0.1,6.45,True,10.068259385665534
sz.000822,2025-04-03,5.7,6.35,5.5,6.35,5.77,81275647.0,480750783.45,9.0801,0,0.1,6.35,True,10.051993067590992
sz.000822,2025-04-08,5.89,6.3,5.89,6.3,5.73,38683100.0,239934744.0,4.3217,0,0.1,6.3,True,9.947643979057585
sz.000822,2025-04-21,6.0,6.53,5.95,6.53,5.94,91627218.0,582285020.74,10.2366,0,0.1,6.53,True,9.932659932659927
sz.000823,2025-04-14,9.8,9.8,9.8,9.8,8.91,11236425.0,110116965.0,2.0927,0,0.1,9.8,True,9.988776655443331
sz.000829,2025-03-05,12.67,12.77,12.67,12.77,11.61,35077739.0,447465240.93,3.4251,0,0.1,12.77,True,9.991386735572782
sz.000831,2025-03-11,29.98,33.42,29.85,33.42,30.38,103641737.0,3325022418.15,9.7663,0,0.1,33.42,True,10.00658327847268
sz.000833,2025-04-09,10.62,11.13,10.2,11.13,10.12,47948150.0,511340357.43,10.5682,0,0.1,11.13,True,9.980237154150217
sz.000837,2025-03-05,11.18,12.34,11.17,12.34,11.22,35434304.0,428610446.04,3.5174,0,0.1,12.34,True,9.982174688057043
sz.000837,2025-03-26,12.1,13.68,12.03,13.68,12.44,72890680.0,974331426.24,7.2355,0,0.1,13.68,True,9.967845659163999
sz.000837,2025-04-23,11.27,12.17,11.26,12.17,11.06,67577621.0,803726522.34,6.7081,0,0.1,12.17,True,10.036166365280286
sz.000850,2025-04-16,3.9,4.29,3.81,4.29,3.9,74246821.0,310962284.71,7.8702,0,0.1,4.29,True,10.000000000000009
sz.000852,2025-03-21,7.63,8.29,7.61,8.29,7.54,136152965.0,1103134887.48,14.4689,0,0.1,8.29,True,9.946949602122013
sz.000859,2025-03-27,5.15,5.69,5.09,5.69,5.17,64643174.0,352699105.83,7.2158,0,0.1,5.69,True,10.058027079303677
sz.000859,2025-04-01,5.38,5.87,5.37,5.87,5.34,47026733.0,273714955.71,5.2494,0,0.1,5.87,True,9.925093632958815
sz.000859,2025-04-08,5.24,5.87,5.07,5.87,5.34,102290515.0,558884941.15,11.4182,0,0.1,5.87,True,9.925093632958815
sz.000859,2025-04-17,5.88,6.51,5.81,6.51,5.92,47525298.0,304567426.98,5.305,0,0.1,6.51,True,9.966216216216207
sz.000859,2025-04-21,7.04,7.54,6.94,7.54,6.85,190091750.0,1371481016.66,21.2191,0,0.1,7.54,True,10.072992700729944
sz.000862,2025-04-01,4.89,5.32,4.88,5.32,4.84,31599688.0,165540884.59,5.0321,0,0.1,5.32,True,9.917355371900838
sz.000862,2025-04-08,5.05,5.52,5.05,5.52,5.02,40734396.0,222010902.92,6.4867,0,0.1,5.52,True,9.960159362549792
sz.000862,2025-04-21,5.56,6.12,5.52,6.12,5.56,48422599.0,294060738.44,7.711,0,0.1,6.12,True,10.07194244604317
sz.000863,2025-04-18,3.48,3.85,3.48,3.85,3.5,38004219.0,145186163.15,3.266,0,0.1,3.85,True,10.000000000000009
sz.000880,2025-03-06,28.8,30.28,28.8,30.28,27.53,14536205.0,430638714.4,8.964,0,0.1,30.28,True,9.989102796948778
sz.000880,2025-03-11,29.5,33.31,29.5,33.31,30.28,43188528.0,1398230280.59,26.633,0,0.1,33.31,True,10.006605019815073
sz.000880,2025-03-12,35.59,36.64,35.0,36.64,33.31,28696311.0,1045216362.64,17.6961,0,0.1,36.64,True,9.99699789852897
sz.000880,2025-03-13,36.64,40.3,36.64,40.3,36.64,55926968.0,2141074022.65,34.4883,0,0.1,40.3,True,9.989082969432307
sz.000880,2025-03-31,29.28,32.54,28.25,32.54,29.58,36744336.0,1122917239.82,22.659,0,0.1,32.54,True,10.006761325219738
sz.000880,2025-04-10,35.9,39.05,35.53,39.05,35.5,57908592.0,2206367631.92,35.7103,0,0.1,39.05,True,9.999999999999986
sz.000881,2025-04-24,6.71,7.32,6.67,7.32,6.65,25878201.0,184642232.45,3.2743,0,0.1,7.32,True,10.075187969924816
sz.000882,2025-04-08,2.01,2.22,1.93,2.22,2.02,208210655.0,443390428.65,7.6114,0,0.1,2.22,True,9.90099009900991
sz.000886,2025-04-09,5.44,6.16,5.25,6.16,5.6,56224058.0,323851055.14,5.7498,0,0.1,6.16,True,10.000000000000009
sz.000888,2025-03-24,13.99,15.05,13.95,15.05,13.68,33046869.0,488596704.82,6.2718,0,0.1,15.05,True,10.014619883040954
sz.000889,2025-03-12,2.6,2.73,2.58,2.73,2.6,37005637.0,98970965.84,4.2543,1,0.05,2.73,True,5.000000000000004
sz.000889,2025-04-11,2.27,2.38,2.26,2.38,2.27,27392960.0,63760296.0,3.1492,1,0.05,2.38,True,4.8458149779735615
sz.000889,2025-04-14,2.44,2.5,2.43,2.5,2.38,32459349.0,80178555.77,3.7316,1,0.05,2.5,True,5.042016806722693
sz.000890,2025-03-21,3.78,4.18,3.78,4.18,3.8,57419548.0,230954586.32,13.6879,0,0.1,4.18,True,9.999999999999986
sz.000899,2025-04-15,9.66,10.62,9.49,10.62,9.65,89426792.0,890720701.46,9.1656,0,0.1,10.62,True,10.05181347150257
sz.000903,2025-03-06,3.69,3.69,3.69,3.69,3.35,44341404.0,163619780.76,2.3091,0,0.1,3.69,True,10.149253731343277
sz.000903,2025-03-07,3.85,4.06,3.85,4.06,3.69,229137866.0,917236364.16,11.9326,0,0.1,4.06,True,10.027100271002709
sz.000903,2025-03-11,3.87,4.46,3.87,4.46,4.05,344861711.0,1443789077.01,17.9591,0,0.1,4.46,True,10.123456790123452
sz.000903,2025-04-14,3.12,3.39,3.11,3.39,3.08,74254302.0,247834340.78,3.8669,0,0.1,3.39,True,10.064935064935066
sz.000905,2025-03-10,7.39,7.89,7.39,7.89,7.17,44581911.0,344676862.85,6.0099,0,0.1,7.89,True,10.041841004184104
sz.000905,2025-03-18,8.68,8.68,8.68,8.68,7.89,2649100.0,22994188.0,0.3571,0,0.1,8.68,True,10.012674271229404
sz.000905,2025-04-09,6.9,7.68,6.46,7.68,6.98,51490738.0,368091819.09,6.9412,0,0.1,7.68,True,10.028653295128919
sz.000908,2025-03-17,4.0,4.21,3.99,4.21,4.01,34552832.0,143357941.03,4.3799,1,0.05,4.21,True,4.987531172069826
sz.000908,2025-03-18,4.2,4.42,4.11,4.42,4.21,34490668.0,146958497.0,4.372,1,0.05,4.42,True,4.988123515439424
sz.000908,2025-03-19,4.48,4.64,4.4,4.64,4.42,22504105.0,102761907.85,2.8526,1,0.05,4.64,True,4.977375565610864
sz.000908,2025-03-21,4.53,4.84,4.53,4.84,4.61,54433508.0,258318365.53,6.8999,1,0.05,4.84,True,4.989154013015185
sz.000908,2025-03-26,4.39,4.6,4.39,4.6,4.38,25443471.0,115200050.97,3.2252,1,0.05,4.6,True,5.022831050228316
sz.000908,2025-04-09,4.04,4.04,4.04,4.04,3.85,2539360.0,10259014.4,0.3219,1,0.05,4.04,True,4.935064935064926
sz.000908,2025-04-10,4.24,4.24,4.24,4.24,4.04,553400.0,2346416.0,0.0701,1,0.05,4.24,True,4.950495049504955
sz.000908,2025-04-11,4.45,4.45,4.45,4.45,4.24,5037080.0,22415006.0,0.6385,1,0.05,4.45,True,4.952830188679247
sz.000908,2025-04-14,4.67,4.67,4.51,4.67,4.45,34410613.0,159271660.15,4.3618,1,0.05,4.67,True,4.9438202247190866
sz.000908,2025-04-16,4.63,4.79,4.56,4.79,4.56,23977552.0,112770489.64,3.0394,1,0.05,4.79,True,5.043859649122817
sz.000908,2025-04-18,4.78,5.1,4.73,5.1,4.86,39164337.0,192937861.43,4.9644,1,0.05,5.1,True,4.938271604938249
sz.000908,2025-04-23,5.19,5.33,5.16,5.33,5.08,28323219.0,149635378.42,3.5902,1,0.05,5.33,True,4.921259842519676
sz.000909,2025-04-10,4.85,5.1,4.85,5.1,4.86,6031601.0,30365237.05,1.378,1,0.05,5.1,True,4.938271604938249
sz.000909,2025-04-14,5.33,5.48,5.33,5.48,5.22,4708501.0,25658332.48,1.0757,1,0.05,5.48,True,4.9808429118774145
sz.000915,2025-03-14,26.11,28.26,26.06,28.26,25.69,20779244.0,573443588.4,8.8722,0,0.1,28.26,True,10.003892565200466
sz.000920,2025-04-09,8.71,9.72,8.67,9.72,8.84,20904210.0,195624592.2,4.9539,0,0.1,9.72,True,9.954751131221728
sz.000920,2025-04-17,9.72,10.81,9.67,10.81,9.83,26684569.0,280237965.82,6.3237,0,0.1,10.81,True,9.969481180061045
sz.000925,2025-03-12,8.89,9.52,8.82,9.52,8.65,56998612.0,528556238.88,8.4432,0,0.1,9.52,True,10.057803468208082
sz.000929,2025-03-10,6.56,7.06,6.52,7.06,6.42,9949849.0,68461226.34,5.3565,0,0.1,7.06,True,9.968847352024923
sz.000929,2025-04-30,5.76,6.05,5.76,6.05,5.76,14794482.0,87233836.8,7.9645,1,0.05,6.05,True,5.034722222222232
sz.000931,2025-04-16,4.77,5.09,4.68,5.09,4.63,45062520.0,223401979.73,6.039,0,0.1,5.09,True,9.935205183585305
sz.000935,2025-03-06,16.21,17.73,16.2,17.73,16.12,29911527.0,513268011.43,3.918,0,0.1,17.73,True,9.987593052109167
sz.000948,2025-04-11,16.28,18.57,16.28,18.57,16.88,24556876.0,437194658.0,6.3117,0,0.1,18.57,True,10.011848341232232
sz.000953,2025-03-27,5.08,5.6,5.04,5.6,5.09,23469351.0,126606341.6,6.4103,0,0.1,5.6,True,10.019646365422386
sz.000953,2025-03-28,5.6,6.16,5.5,6.16,5.6,61332769.0,366840919.62,16.752,0,0.1,6.16,True,10.000000000000009
sz.000953,2025-04-01,5.91,6.97,5.86,6.97,6.34,127961807.0,855214670.39,34.9506,0,0.1,6.97,True,9.936908517350162
sz.000953,2025-04-11,4.97,5.46,4.85,5.46,4.96,50742922.0,263059440.96,13.8596,0,0.1,5.46,True,10.080645161290324
sz.000953,2025-04-24,5.71,6.26,5.7,6.26,5.69,24844711.0,151441331.36,6.7859,0,0.1,6.26,True,10.017574692442865
sz.000957,2025-04-22,10.36,11.37,10.36,11.37,10.34,47853802.0,538435789.25,8.0711,0,0.1,11.37,True,9.9613152804642
sz.000958,2025-04-02,6.8,7.38,6.47,7.38,6.71,289009010.0,1982589327.97,5.3685,0,0.1,7.38,True,9.985096870342769
sz.000965,2025-04-09,3.19,3.19,3.1,3.19,2.9,57436949.0,183135430.31,5.1753,0,0.1,3.19,True,10.000000000000009
sz.000965,2025-04-16,3.28,3.39,3.27,3.39,3.08,76987717.0,257926240.82,6.9369,0,0.1,3.39,True,10.064935064935066
sz.000965,2025-04-17,3.44,3.73,3.32,3.73,3.39,137380324.0,497096401.51,12.3785,0,0.1,3.73,True,10.029498525073732
sz.000965,2025-04-18,3.92,4.1,3.7,4.1,3.73,156086071.0,622390974.81,14.064,0,0.1,4.1,True,9.919571045576392
sz.000965,2025-04-21,4.49,4.51,4.31,4.51,4.1,62631307.0,279843632.8,5.6433,0,0.1,4.51,True,10.000000000000009
sz.000965,2025-04-22,4.84,4.96,4.61,4.96,4.51,221113022.0,1070587031.85,19.9231,0,0.1,4.96,True,9.977827050997789
sz.000965,2025-04-24,4.66,5.21,4.51,5.21,4.74,335281266.0,1712075270.54,30.2101,0,0.1,5.21,True,9.915611814345993
sz.000966,2025-04-25,5.1,5.61,5.07,5.61,5.1,150254463.0,810095188.97,5.4651,0,0.1,5.61,True,10.000000000000009
sz.000967,2025-03-18,6.17,6.82,6.15,6.82,6.2,140329040.0,928396677.43,4.4332,0,0.1,6.82,True,10.000000000000009
sz.000972,2025-03-13,3.18,3.51,3.18,3.51,3.19,23079283.0,79136887.16,2.9923,0,0.1,3.51,True,10.03134796238243
sz.000972,2025-04-11,2.88,3.03,2.86,3.03,2.89,14164213.0,41979513.39,1.8364,1,0.05,3.03,True,4.844290657439432
sz.000973,2025-03-03,6.49,7.11,6.48,7.11,6.46,69881505.0,484016599.64,7.2235,0,0.1,7.11,True,10.061919504643967
sz.000980,2025-03-03,2.44,2.61,2.4,2.61,2.37,183408784.0,467981010.02,3.6744,0,0.1,2.61,True,10.126582278481
sz.000997,2025-03-06,23.26,25.42,22.94,25.42,23.11,59985187.0,1478222971.69,5.8445,0,0.1,25.42,True,9.99567286888794
sz.000997,2025-03-12,24.61,26.94,24.61,26.94,24.49,53024306.0,1395640330.62,5.1663,0,0.1,26.94,True,10.004083299305844
sz.000997,2025-04-09,25.18,27.52,25.18,27.52,25.02,45682882.0,1227662788.12,4.451,0,0.1,27.52,True,9.99200639488409
sz.001202,2025-03-18,15.33,16.89,15.25,16.89,15.35,10551738.0,172808198.96,11.667,0,0.1,16.89,True,10.032573289902281
sz.001202,2025-03-21,16.56,18.45,16.41,18.45,16.77,8053289.0,144064583.35,8.9045,0,0.1,18.45,True,10.017889087656528
sz.001202,2025-03-24,20.3,20.3,20.3,20.3,18.45,1195951.0,24277805.3,1.3224,0,0.1,20.3,True,10.027100271002709
sz.001206,2025-04-10,15.61,16.42,15.61,16.42,14.93,4583508.0,73736022.52,4.3109,0,0.1,16.42,True,9.979906229068991
sz.001206,2025-04-24,17.46,19.18,17.23,19.18,17.44,10462759.0,192774946.06,9.8412,0,0.1,19.18,True,9.977064220183474
sz.001209,2025-03-14,17.57,19.48,17.57,19.48,17.71,9899985.0,184198522.03,10.3023,0,0.1,19.48,True,9.994353472614348
sz.001209,2025-04-15,17.23,17.23,17.23,17.23,15.66,2112045.0,36390535.35,2.1979,0,0.1,17.23,True,10.025542784163477
sz.001209,2025-04-22,16.6,18.19,16.6,18.19,16.54,6745543.0,118595502.97,7.0197,0,0.1,18.19,True,9.975816203143918
sz.001212,2025-04-01,32.2,32.2,32.2,32.2,29.27,625521.0,20141776.2,0.6072,0,0.1,32.2,True,10.010249402118232
sz.001212,2025-04-02,35.42,35.42,35.42,35.42,32.2,315200.0,11164384.0,0.306,0,0.1,35.42,True,9.999999999999986
sz.001212,2025-04-03,38.96,38.96,38.96,38.96,35.42,1362862.0,53097103.52,1.3231,0,0.1,38.96,True,9.994353472614348
sz.001212,2025-04-07,42.86,42.86,42.86,42.86,38.96,2945762.0,126255359.32,2.8597,0,0.1,42.86,True,10.01026694045175
sz.001212,2025-04-08,47.15,47.15,46.3,47.15,42.86,32505804.0,1532433522.51,31.5562,0,0.1,47.15,True,10.009332711152584
sz.001212,2025-04-14,50.92,55.29,50.0,55.29,50.26,35153602.0,1850869019.42,32.7753,0,0.1,55.29,True,10.007958615200963
sz.001212,2025-04-22,55.28,58.75,54.83,58.75,53.41,8526681.0,487395287.88,7.8955,0,0.1,58.75,True,9.998127691443548
sz.001212,2025-04-29,54.0,59.4,53.8,59.4,54.0,8861967.0,499448445.03,8.206,0,0.1,59.4,True,9.999999999999986
sz.001217,2025-03-27,13.51,13.51,13.51,13.51,12.28,6754649.0,91255307.99,2.1784,0,0.1,13.51,True,10.016286644951133
sz.001217,2025-03-28,14.86,14.86,14.33,14.86,13.51,61486643.0,911213521.08,19.8299,0,0.1,14.86,True,9.992598075499636
sz.001218,2025-03-27,16.71,18.32,16.6,18.32,16.65,5948367.0,105270990.96,7.9882,0,0.1,18.32,True,10.030030030030046
sz.001222,2025-04-10,12.96,13.65,12.96,13.65,12.41,3193208.0,42947276.8,4.0654,0,0.1,13.65,True,9.991941982272357
sz.001222,2025-04-21,14.08,15.41,13.89,15.41,14.01,10000840.0,150259147.8,12.7326,0,0.1,15.41,True,9.99286224125624
sz.001223,2025-04-10,44.4,48.32,44.4,48.32,43.93,448600.0,21411873.0,2.6894,0,0.1,48.32,True,9.99317095379013
sz.001228,2025-04-10,19.63,21.23,19.63,21.23,19.3,2849200.0,58570334.0,5.1931,0,0.1,21.23,True,10.000000000000009
sz.001228,2025-04-15,20.61,22.76,20.29,22.76,20.69,4035294.0,88775921.0,7.355,0,0.1,22.76,True,10.004833252779122
sz.001228,2025-04-16,25.04,25.04,25.04,25.04,22.76,2519440.0,63086777.6,4.5921,0,0.1,25.04,True,10.017574692442865
sz.001234,2025-04-10,16.16,17.45,16.16,17.45,15.86,2044570.0,34657195.7,1.9168,0,0.1,17.45,True,10.025220680958391
sz.001234,2025-04-11,17.45,19.2,16.98,19.2,17.45,5405823.0,99982735.6,5.068,0,0.1,19.2,True,10.028653295128942
sz.001234,2025-04-14,21.12,21.12,21.12,21.12,19.2,2255753.0,47641503.36,2.1148,0,0.1,21.12,True,10.000000000000009
sz.001234,2025-04-15,22.89,23.23,21.55,23.23,21.12,19560348.0,447015655.66,18.3378,0,0.1,23.23,True,9.990530303030297
sz.001234,2025-04-16,25.55,25.55,25.55,25.55,23.23,6157800.0,157331790.0,5.7729,0,0.1,25.55,True,9.987085665088259
sz.001234,2025-04-17,27.5,28.11,26.5,28.11,25.55,22078907.0,613030124.27,20.699,0,0.1,28.11,True,10.019569471624257
sz.001239,2025-03-05,14.7,16.14,14.51,16.14,14.67,14387802.0,229793691.58,12.6209,0,0.1,16.14,True,10.020449897750506
sz.001239,2025-03-20,16.29,18.0,16.11,18.0,16.36,25990311.0,457903402.83,22.7985,0,0.1,18.0,True,10.02444987775062
sz.001239,2025-03-21,19.15,19.8,18.16,19.8,18.0,41882894.0,816925273.54,36.7394,0,0.1,19.8,True,10.000000000000009
sz.001255,2025-04-25,25.84,28.17,24.0,28.17,25.61,5602389.0,149782392.13,28.0119,0,0.1,28.17,True,9.996095275283112
sz.001256,2025-03-07,19.98,22.0,19.98,22.0,20.0,3139195.0,67797312.55,7.6673,0,0.1,22.0,True,10.000000000000009
sz.001256,2025-03-20,27.71,31.31,27.71,31.31,28.46,9697296.0,290682952.98,23.6849,0,0.1,31.31,True,10.01405481377371
sz.001256,2025-04-09,21.85,25.3,21.12,25.3,23.0,8720531.0,210453798.43,21.2993,0,0.1,25.3,True,10.000000000000009
sz.001256,2025-04-30,21.1,22.96,20.68,22.96,20.87,6603018.0,143227218.56,17.1622,0,0.1,22.96,True,10.014374700527062
sz.001258,2025-03-31,6.59,7.26,6.57,7.26,6.6,24523021.0,173906630.7,5.232,0,0.1,7.26,True,10.000000000000009
sz.001258,2025-04-01,7.8,7.99,7.51,7.99,7.26,32486628.0,254029116.72,6.9311,0,0.1,7.99,True,10.05509641873279
sz.001258,2025-04-03,7.59,8.49,7.59,8.49,7.72,85354131.0,695104349.05,18.2105,0,0.1,8.49,True,9.974093264248719
sz.001259,2025-04-14,21.1,22.89,20.81,22.89,20.81,3658300.0,81581439.0,16.6826,0,0.1,22.89,True,9.995194617972135
sz.001259,2025-04-16,21.64,23.85,21.39,23.85,21.68,6953619.0,159880708.72,31.7099,0,0.1,23.85,True,10.00922509225093
sz.001268,2025-03-07,20.26,22.18,20.0,22.18,20.16,7240669.0,157008651.42,18.057,0,0.1,22.18,True,10.01984126984128
sz.001268,2025-03-20,25.15,26.32,24.66,26.32,23.93,13195167.0,340880516.37,32.9064,0,0.1,26.32,True,9.987463435018817
sz.001269,2025-03-28,23.97,26.38,23.86,26.38,23.98,4022487.0,104741469.23,4.7944,0,0.1,26.38,True,10.008340283569627
sz.001269,2025-04-10,19.9,21.43,19.86,21.43,19.48,4012270.0,83237481.64,4.7822,0,0.1,21.43,True,10.01026694045175
sz.001269,2025-04-11,22.43,23.57,22.2,23.57,21.43,5239664.0,119881858.8,6.2451,0,0.1,23.57,True,9.98600093327111
sz.001270,2025-04-09,29.91,29.91,29.32,29.91,27.19,4436910.0,132573549.3,4.376,0,0.1,29.91,True,10.003677822728928
sz.001270,2025-04-10,32.83,32.9,32.1,32.9,29.91,4039582.0,132592042.28,3.9841,0,0.1,32.9,True,9.996656636576384
sz.001270,2025-04-28,33.2,34.36,32.93,34.36,32.72,7110624.0,242442667.88,7.013,1,0.05,34.36,True,5.012224938875298
sz.001279,2025-04-16,35.46,39.34,35.35,39.34,35.76,6606859.0,250440491.25,17.5602,0,0.1,39.34,True,10.01118568232664
sz.001282,2025-03-05,25.48,27.96,25.25,27.96,25.42,9550947.0,253491278.83,17.1066,0,0.1,27.96,True,9.992132179386303
sz.001282,2025-03-11,28.2,31.69,28.14,31.69,28.81,14877941.0,444781031.24,26.6477,0,0.1,31.69,True,9.996528982992036
sz.001287,2025-04-10,16.91,18.3,16.9,18.3,16.64,15146364.0,267943683.34,3.4629,0,0.1,18.3,True,9.975961538461542
sz.001287,2025-04-11,17.9,20.13,17.6,20.13,18.3,35629874.0,680486494.6,8.1459,0,0.1,20.13,True,9.999999999999986
sz.001288,2025-03-07,32.61,35.56,32.61,35.56,32.33,18044640.0,629535122.68,23.3458,0,0.1,35.56,True,9.990720692854937
sz.001296,2025-04-11,15.7,17.27,15.7,17.27,15.7,2209923.0,37877126.57,2.8756,0,0.1,17.27,True,10.000000000000009
sz.001298,2025-03-04,26.0,28.95,25.91,28.95,26.32,16791426.0,475722320.35,15.8013,0,0.1,28.95,True,9.992401215805469
sz.001298,2025-03-05,31.85,31.85,30.57,31.85,28.95,21032919.0,668846131.6,19.7927,0,0.1,31.85,True,10.017271157167528
sz.001298,2025-04-11,21.88,24.32,21.82,24.32,22.11,9261433.0,218526660.11,8.7153,0,0.1,24.32,True,9.995477159656275
sz.001298,2025-04-25,25.09,26.82,24.55,26.82,24.38,11995420.0,311829706.71,11.2881,0,0.1,26.82,True,10.008203445447084
sz.001299,2025-03-27,14.58,14.58,14.58,14.58,13.25,3376352.0,49227212.16,6.586,0,0.1,14.58,True,10.037735849056606
sz.001300,2025-04-14,11.1,11.92,11.1,11.92,10.84,3745400.0,43976381.0,5.6561,0,0.1,11.92,True,9.963099630996307
sz.001300,2025-04-17,11.38,12.45,11.25,12.45,11.32,5518701.0,67535831.9,8.334,0,0.1,12.45,True,9.982332155477014
sz.001306,2025-03-10,101.99,108.82,99.5,108.82,98.93,3298400.0,345341931.0,21.28,0,0.1,108.82,True,9.996967552815118
sz.001306,2025-04-25,75.1,82.35,73.59,82.35,74.86,4109784.0,320642807.04,26.5147,0,0.1,82.35,True,10.005343307507331
sz.001311,2025-03-07,29.08,32.09,29.08,32.09,29.17,10734599.0,333918810.18,17.7064,0,0.1,32.09,True,10.010284538909842
sz.001316,2025-03-20,31.74,34.85,31.44,34.85,31.68,4014902.0,135503988.42,14.7567,0,0.1,34.85,True,10.006313131313128
sz.001316,2025-04-09,27.49,30.59,26.29,30.59,27.81,3303390.0,95333972.2,12.1416,0,0.1,30.59,True,9.996404171161455
sz.001316,2025-04-17,32.3,36.16,31.84,36.16,32.87,8746600.0,303745898.82,32.148,0,0.1,36.16,True,10.009126863401274
sz.001316,2025-04-21,34.56,37.28,34.4,37.28,33.89,2112622.0,77339478.28,7.7649,0,0.1,37.28,True,10.002950722927118
sz.001316,2025-04-22,37.95,41.01,37.51,41.01,37.28,10790685.0,432457898.84,39.6611,0,0.1,41.01,True,10.005364806866934
sz.001316,2025-04-24,37.54,41.28,36.0,41.28,37.53,12129998.0,472328203.75,44.5837,0,0.1,41.28,True,9.99200639488409
sz.001316,2025-04-30,36.87,39.05,36.8,39.05,35.5,3660484.0,140964580.61,13.4541,0,0.1,39.05,True,9.999999999999986
sz.001317,2025-04-10,34.96,38.46,34.5,38.46,34.96,4415853.0,164751134.02,10.5175,0,0.1,38.46,True,10.011441647597263
sz.001318,2025-03-14,11.75,12.51,11.63,12.51,11.37,19456205.0,238147794.37,25.2481,0,0.1,12.51,True,10.026385224274414
sz.001318,2025-03-17,13.09,13.76,13.09,13.76,12.51,21961062.0,299675712.42,28.4987,0,0.1,13.76,True,9.99200639488409
sz.001318,2025-03-18,14.17,15.14,13.97,15.14,13.76,17077456.0,250859634.69,22.1612,0,0.1,15.14,True,10.029069767441868
sz.001318,2025-03-19,16.65,16.65,16.1,16.65,15.14,18329005.0,304778794.25,23.7854,0,0.1,16.65,True,9.97357992073975
sz.001318,2025-04-08,12.51,13.57,12.48,13.57,12.34,35170468.0,466245072.13,45.6404,0,0.1,13.57,True,9.967585089141018
sz.001318,2025-04-21,14.28,15.2,14.15,15.2,13.82,22211249.0,328483875.8,28.8233,0,0.1,15.2,True,9.985528219971052
sz.001319,2025-03-06,29.3,30.64,29.1,30.64,27.85,8331730.0,252395023.2,13.666,0,0.1,30.64,True,10.017953321364459
sz.001319,2025-03-07,31.25,33.7,31.0,33.7,30.64,26518446.0,866934544.1,43.4964,0,0.1,33.7,True,9.98694516971279
sz.001330,2025-04-10,4.15,4.55,4.15,4.55,4.14,25917762.0,114092037.67,2.4562,0,0.1,4.55,True,9.903381642512077
sz.001332,2025-04-01,38.01,42.17,38.01,42.17,38.34,4177933.0,170537230.66,15.4738,0,0.1,42.17,True,9.989567031820545
sz.001333,2025-03-06,20.78,23.08,20.7,23.08,20.98,11546493.0,256182262.62,26.242,0,0.1,23.08,True,10.0095328884652
sz.001333,2025-03-07,23.98,25.39,23.5,25.39,23.08,7345545.0,182395239.46,16.6944,0,0.1,25.39,True,10.00866551126518
sz.001333,2025-03-28,23.98,23.98,23.98,23.98,21.8,4976985.0,119348100.3,11.3113,0,0.1,23.98,True,10.000000000000009
sz.001333,2025-03-31,23.53,26.38,23.0,26.38,23.98,11937652.0,302232494.88,27.131,0,0.1,26.38,True,10.008340283569627
sz.001333,2025-04-01,28.98,29.02,28.63,29.02,26.38,6346555.0,184061778.83,14.424,0,0.1,29.02,True,10.007581501137231
sz.001336,2025-03-31,19.98,21.79,19.24,21.79,19.81,6861789.0,140891782.41,24.0282,0,0.1,21.79,True,9.994952044422
sz.001337,2025-04-10,22.3,24.0,22.17,24.0,21.82,21700440.0,502167767.41,7.523,0,0.1,24.0,True,9.990834097158574
sz.001337,2025-04-11,25.38,26.4,25.3,26.4,24.0,59415548.0,1552864938.39,20.5978,0,0.1,26.4,True,9.999999999999986
sz.001337,2025-04-21,25.11,26.92,24.99,26.92,24.47,36100361.0,936152881.82,12.515,0,0.1,26.92,True,10.012259910094002
sz.001339,2025-03-04,45.41,50.82,45.09,50.82,46.2,7803329.0,382610953.98,10.672,0,0.1,50.82,True,9.999999999999986
sz.001339,2025-03-05,54.26,55.9,53.1,55.9,50.82,25611034.0,1415245012.18,35.0264,0,0.1,55.9,True,9.99606454151909
sz.001339,2025-04-10,44.79,45.38,44.59,45.38,41.25,3313600.0,149838210.0,4.5318,0,0.1,45.38,True,10.012121212121228
sz.001356,2025-03-27,13.69,15.21,13.69,15.21,13.83,42822603.0,640086775.77,35.2536,0,0.1,15.21,True,9.97830802603037
sz.001356,2025-04-03,16.8,18.57,16.8,18.57,16.88,42657928.0,772140966.36,35.1181,0,0.1,18.57,True,10.011848341232232
sz.001356,2025-04-14,15.9,17.34,15.84,17.34,15.76,43284017.0,724244582.34,35.6335,0,0.1,17.34,True,10.025380710659903
sz.001359,2025-03-26,28.67,31.53,28.67,31.53,28.66,5242443.0,159670648.77,11.3032,0,0.1,31.53,True,10.013956734124218
sz.001367,2025-04-23,30.81,30.81,30.81,30.81,28.01,1698381.0,52327118.61,6.4936,0,0.1,30.81,True,9.996429846483391
sz.001367,2025-04-25,29.29,32.24,28.53,32.24,29.31,7163528.0,220516925.72,27.3891,0,0.1,32.24,True,9.996588195155255
sz.001368,2025-03-06,21.15,23.21,21.11,23.21,21.1,5562370.0,127763211.7,17.5494,0,0.1,23.21,True,9.999999999999986
sz.001368,2025-04-11,19.6,21.13,19.6,21.13,19.21,2477405.0,51575732.65,8.8479,0,0.1,21.13,True,9.994794377928162
sz.001368,2025-04-14,23.24,23.24,23.24,23.24,21.13,2008150.0,46669406.0,7.172,0,0.1,23.24,True,9.985802176999513
sz.001368,2025-04-17,20.26,22.36,20.0,22.36,20.33,5100250.0,108318556.35,18.2152,0,0.1,22.36,True,9.98524348253813
sz.001373,2025-03-05,30.94,33.89,30.75,33.89,30.81,9189114.0,305683045.16,27.7351,0,0.1,33.89,True,9.99675430055178
sz.001373,2025-04-10,26.0,27.81,26.0,27.81,25.28,1334831.0,36763868.43,4.0289,0,0.1,27.81,True,10.007911392405045
sz.001380,2025-04-23,28.85,30.95,28.85,30.95,28.14,5739280.0,175460252.47,9.6513,0,0.1,30.95,True,9.985785358919674
sz.001382,2025-03-28,22.99,25.29,22.16,25.29,22.99,28665670.0,682507128.9,47.6653,0,0.1,25.29,True,10.00434971726838
sz.001382,2025-04-03,24.66,27.13,23.83,27.13,24.66,33997466.0,863334977.4,56.531,0,0.1,27.13,True,10.016220600162207
sz.001382,2025-04-15,21.2,23.42,21.12,23.42,21.29,22534561.0,502234330.56,37.4705,0,0.1,23.42,True,10.004697040864263
sz.001389,2025-04-01,55.0,55.39,53.6,55.39,50.35,3313155.0,183054855.45,8.7028,0,0.1,55.39,True,10.009930486593843
sz.001391,2025-04-08,6.39,7.01,6.39,7.01,6.37,178213215.0,1208200391.47,21.2426,0,0.1,7.01,True,10.047095761381474
sz.001395,2025-04-15,38.64,42.71,38.63,42.71,38.83,2599161.0,108939663.67,13.4739,0,0.1,42.71,True,9.99227401493692
sz.001395,2025-04-16,42.93,46.98,41.5,46.98,42.71,7394755.0,330854285.68,38.3339,0,0.1,46.98,True,9.997658627955964
sz.001395,2025-04-17,47.0,51.68,45.63,51.68,46.98,9313062.0,460746729.31,48.2782,0,0.1,51.68,True,10.004257130693928
sz.001395,2025-04-18,52.77,56.85,52.77,56.85,51.68,12744076.0,709164005.36,66.0643,0,0.1,56.85,True,10.003869969040258
sz.001395,2025-04-22,55.55,58.63,52.3,58.63,53.3,10961574.0,618784692.99,56.824,0,0.1,58.63,True,10.000000000000009
sz.001872,2025-03-18,19.29,21.19,19.13,21.19,19.26,31132819.0,639831214.4,1.7848,0,0.1,21.19,True,10.020768431983385
sz.001914,2025-03-17,11.38,11.92,11.38,11.92,10.84,13656053.0,161143687.4,1.2879,0,0.1,11.92,True,9.963099630996307
sz.002005,2025-04-24,1.77,1.82,1.77,1.82,1.73,14868778.0,26858415.92,0.8485,1,0.05,1.82,True,5.202312138728327
sz.002006,2025-04-02,16.26,17.88,16.22,17.88,16.25,24536783.0,428417493.77,5.3908,0,0.1,17.88,True,10.03076923076922
sz.002006,2025-04-30,15.64,17.2,15.64,17.2,15.64,26304532.0,441517147.34,5.7792,0,0.1,17.2,True,9.97442455242965
sz.002009,2025-04-29,14.11,14.37,14.03,14.37,13.06,28862541.0,413206056.92,8.1628,0,0.1,14.37,True,10.03062787136293
sz.002024,2025-03-20,2.23,2.33,2.23,2.33,2.22,93491340.0,215730023.45,1.0164,1,0.05,2.33,True,4.954954954954949
sz.002026,2025-03-18,11.71,12.9,11.71,12.9,11.73,82494056.0,1044094811.17,19.2669,0,0.1,12.9,True,9.974424552429673
sz.002027,2025-04-10,6.85,7.18,6.85,7.18,6.53,536683111.0,3779808065.32,3.7161,0,0.1,7.18,True,9.954058192955584
sz.002034,2025-03-17,17.64,19.32,17.64,19.32,17.56,17731537.0,334103418.28,4.1814,0,0.1,19.32,True,10.022779043280195
sz.002034,2025-04-30,16.98,17.82,16.52,17.82,16.2,7388028.0,127747593.86,1.7109,0,0.1,17.82,True,10.000000000000009
sz.002037,2025-03-03,8.08,8.39,7.99,8.39,7.63,14848522.0,123154211.58,3.0686,0,0.1,8.39,True,9.960681520314552
sz.002040,2025-04-09,6.29,6.93,6.29,6.93,6.3,34525731.0,233520234.7,7.1049,0,0.1,6.93,True,10.000000000000009
sz.002040,2025-04-16,6.72,7.43,6.69,7.43,6.75,17188709.0,125909381.67,3.5372,0,0.1,7.43,True,10.07407407407408
sz.002040,2025-04-17,8.17,8.17,7.7,8.17,7.43,68681860.0,551837309.95,14.1338,0,0.1,8.17,True,9.959623149394359
sz.002041,2025-04-08,11.4,12.46,10.63,12.46,11.33,95618297.0,1129141085.31,10.8657,0,0.1,12.46,True,9.973521624007065
sz.002042,2025-03-06,6.19,6.3,6.08,6.3,5.73,126260345.0,791813385.98,7.4241,0,0.1,6.3,True,9.947643979057585
sz.002042,2025-03-17,6.65,7.3,6.5,7.3,6.64,109656402.0,765048600.1,6.4478,0,0.1,7.3,True,9.93975903614459
sz.002042,2025-04-09,4.89,5.5,4.55,5.5,5.0,74392150.0,378231160.5,4.3743,0,0.1,5.5,True,10.000000000000009
sz.002046,2025-03-10,17.2,18.07,17.2,18.07,16.43,26580131.0,477836179.25,5.0545,0,0.1,18.07,True,9.981740718198417
sz.002048,2025-03-06,17.01,17.53,16.8,17.53,15.94,45953119.0,798377102.58,6.4741,0,0.1,17.53,True,9.974905897114184
sz.002048,2025-03-17,16.71,18.19,16.39,18.19,16.54,61496306.0,1075105994.62,8.6639,0,0.1,18.19,True,9.975816203143918
sz.002048,2025-04-29,14.6,16.06,14.44,16.06,14.6,52304182.0,821304841.59,7.3688,0,0.1,16.06,True,9.999999999999986
sz.002049,2025-03-04,61.39,67.98,61.28,67.98,61.8,51056248.0,3341970943.49,6.0103,0,0.1,67.98,True,10.000000000000009
sz.002049,2025-04-09,62.0,69.06,61.37,69.06,62.78,58875644.0,3966993672.84,6.9312,0,0.1,69.06,True,10.003185727938835
sz.002052,2025-03-05,3.52,3.7,3.52,3.7,3.52,24909865.0,90195085.35,3.3393,1,0.05,3.7,True,5.113636363636376
sz.002052,2025-03-07,4.08,4.08,4.08,4.08,3.89,485600.0,1981248.0,0.0651,1,0.05,4.08,True,4.884318766066831
sz.002052,2025-03-10,4.28,4.28,4.28,4.28,4.08,12769401.0,54653036.28,1.7118,1,0.05,4.28,True,4.90196078431373
sz.002052,2025-03-11,4.49,4.49,4.49,4.49,4.28,1059741.0,4758237.09,0.1421,1,0.05,4.49,True,4.90654205607477
sz.002052,2025-03-12,4.71,4.71,4.71,4.71,4.49,1019800.0,4803258.0,0.1367,1,0.05,4.71,True,4.899777282850781
sz.002052,2025-03-13,4.95,4.95,4.95,4.95,4.71,4602100.0,22780395.0,0.6169,1,0.05,4.95,True,5.095541401273884
sz.002052,2025-03-14,5.2,5.2,5.2,5.2,4.95,2298500.0,11952200.0,0.3081,1,0.05,5.2,True,5.050505050505061
sz.002052,2025-03-17,5.46,5.46,5.46,5.46,5.2,7728000.0,42194880.0,1.036,1,0.05,5.46,True,5.000000000000004
sz.002052,2025-03-18,5.4,5.73,5.22,5.73,5.46,49958000.0,272527444.78,6.6972,1,0.05,5.73,True,4.94505494505495
sz.002052,2025-03-19,6.02,6.02,6.02,6.02,5.73,7778742.0,46828026.84,1.0428,1,0.05,6.02,True,5.061082024432784
sz.002052,2025-03-24,5.74,6.01,5.57,6.01,5.72,34525482.0,203854508.33,4.6284,1,0.05,6.01,True,5.069930069930062
sz.002052,2025-03-25,5.9,6.31,5.8,6.31,6.01,25144322.0,153431445.3,3.3708,1,0.05,6.31,True,4.991680532445919
sz.002052,2025-04-15,6.6,6.72,6.46,6.72,6.4,9962358.0,66819359.76,1.3355,1,0.05,6.72,True,4.999999999999982
sz.002052,2025-04-18,6.09,6.44,6.09,6.44,6.13,24437725.0,154579488.99,3.276,1,0.05,6.44,True,5.057096247960846
sz.002052,2025-04-21,6.67,6.76,6.45,6.76,6.44,15791727.0,105484571.2,2.117,1,0.05,6.76,True,4.968944099378869
sz.002052,2025-04-22,7.1,7.1,7.1,7.1,6.76,930110.0,6603781.0,0.1286,1,0.05,7.1,True,5.02958579881656
sz.002052,2025-04-23,7.46,7.46,7.46,7.46,7.1,444460.0,3315671.6,0.0615,1,0.05,7.46,True,5.070422535211283
sz.002052,2025-04-24,7.83,7.83,7.83,7.83,7.46,1145902.0,8972412.66,0.1585,1,0.05,7.83,True,4.959785522788196
sz.002052,2025-04-25,8.22,8.22,8.22,8.22,7.83,4205003.0,34565124.66,0.5815,1,0.05,8.22,True,4.980842911877392
sz.002052,2025-04-29,8.19,8.43,8.12,8.43,8.03,19108429.0,159514414.47,2.6426,1,0.05,8.43,True,4.981320049813198
sz.002052,2025-04-30,8.85,8.85,8.51,8.85,8.43,39049276.0,344268890.29,5.4004,1,0.05,8.85,True,4.982206405693956
sz.002054,2025-03-27,6.63,7.25,6.62,7.25,6.59,29054037.0,209719980.25,7.5891,0,0.1,7.25,True,10.01517450682854
sz.002054,2025-04-23,5.93,6.5,5.92,6.5,5.91,26051006.0,164136823.0,6.7775,0,0.1,6.5,True,9.983079526226724
sz.002055,2025-03-12,6.18,6.73,6.18,6.73,6.12,73751109.0,484929592.65,12.4715,0,0.1,6.73,True,9.967320261437917
sz.002055,2025-04-29,5.19,5.32,5.19,5.32,4.84,32187024.0,170882893.6,5.4108,0,0.1,5.32,True,9.917355371900838
sz.002056,2025-03-12,14.95,15.11,14.7,15.11,13.74,80262418.0,1207951626.94,4.939,0,0.1,15.11,True,9.97088791848617
sz.002058,2025-04-01,10.0,10.77,10.0,10.77,9.79,2697597.0,28642470.69,1.8849,0,0.1,10.77,True,10.010214504596537
sz.002058,2025-04-02,11.5,11.85,10.98,11.85,10.77,5418250.0,63149882.5,3.7881,0,0.1,11.85,True,10.027855153203348
sz.002058,2025-04-14,9.68,10.46,9.68,10.46,9.51,4988700.0,50338582.0,3.4877,0,0.1,10.46,True,9.989484752891698
sz.002058,2025-04-30,8.43,8.85,8.43,8.85,8.43,9282381.0,80566358.52,6.4896,1,0.05,8.85,True,4.982206405693956
sz.002068,2025-04-25,9.91,11.43,9.88,11.43,10.39,52872552.0,575504551.48,7.1993,0,0.1,11.43,True,10.00962463907602
sz.002076,2025-03-17,4.0,4.27,4.0,4.27,3.88,162865696.0,688795804.92,15.7624,0,0.1,4.27,True,10.051546391752563
sz.002077,2025-04-11,13.03,14.43,13.01,14.43,13.12,20976363.0,298639474.77,3.6144,0,0.1,14.43,True,9.984756097560975
sz.002084,2025-04-02,2.85,3.14,2.83,3.14,2.85,20992498.0,64880546.37,3.27,0,0.1,3.14,True,10.175438596491237
sz.002084,2025-04-03,3.14,3.45,3.04,3.45,3.14,84221995.0,274685900.53,13.1193,0,0.1,3.45,True,9.872611464968163
sz.002084,2025-04-07,3.8,3.8,3.71,3.8,3.45,123291070.0,468418353.69,19.205,0,0.1,3.8,True,10.144927536231862
sz.002084,2025-04-08,4.18,4.18,4.18,4.18,3.8,13495633.0,56411745.94,2.1022,0,0.1,4.18,True,9.999999999999986
sz.002084,2025-04-09,4.6,4.6,4.6,4.6,4.18,19349967.0,89009848.2,3.0141,0,0.1,4.6,True,10.047846889952151
sz.002084,2025-04-10,4.6,5.06,4.45,5.06,4.6,174600207.0,844420897.58,27.1975,0,0.1,5.06,True,10.000000000000009
sz.002085,2025-04-23,15.43,16.73,15.38,16.73,15.21,98139723.0,1559073994.75,4.622,0,0.1,16.73,True,9.993425378040754
sz.002086,2025-03-13,2.43,2.68,2.36,2.68,2.44,147295771.0,382684272.95,9.7095,0,0.1,2.68,True,9.836065573770503
sz.002086,2025-03-14,2.95,2.95,2.95,2.95,2.68,55511075.0,163757671.25,3.6592,0,0.1,2.95,True,10.074626865671643
sz.002086,2025-03-17,3.25,3.25,3.25,3.25,2.95,17727717.0,57615080.25,1.1686,0,0.1,3.25,True,10.169491525423723
sz.002086,2025-03-18,3.49,3.58,3.37,3.58,3.25,570348406.0,2006868567.55,37.5966,0,0.1,3.58,True,10.153846153846157
sz.002086,2025-04-08,2.37,2.63,2.36,2.63,2.39,103032023.0,261398243.49,6.7917,0,0.1,2.63,True,10.041841004184082
sz.002093,2025-03-06,8.41,9.05,8.41,9.05,8.23,21245516.0,190176692.8,2.1101,0,0.1,9.05,True,9.963547995139743
sz.002093,2025-03-07,9.96,9.96,9.96,9.96,9.05,14211010.0,141541659.6,1.4114,0,0.1,9.96,True,10.055248618784528
sz.002093,2025-03-10,10.96,10.96,10.96,10.96,9.96,9316500.0,102108840.0,0.9253,0,0.1,10.96,True,10.040160642570273
sz.002093,2025-03-13,11.73,13.27,11.73,13.27,12.06,220248345.0,2739279832.08,21.8746,0,0.1,13.27,True,10.033167495854055
sz.002093,2025-03-14,13.27,14.6,12.67,14.6,13.27,269360337.0,3792212885.99,26.7523,0,0.1,14.6,True,10.02260738507912
sz.002093,2025-03-19,12.91,14.44,12.7,14.44,13.13,253779015.0,3603875316.44,25.2048,0,0.1,14.44,True,9.97715156130996
sz.002093,2025-03-20,14.0,15.88,13.4,15.88,14.44,277813781.0,3967826090.0,27.5919,0,0.1,15.88,True,9.972299168975084
sz.002094,2025-04-03,5.26,5.86,5.25,5.86,5.33,116271996.0,667381856.45,16.8399,0,0.1,5.86,True,9.943714821763617
sz.002094,2025-04-08,5.5,6.18,5.45,6.18,5.62,145737109.0,857849243.58,21.1074,0,0.1,6.18,True,9.964412811387891
sz.002094,2025-04-09,6.28,6.8,5.97,6.8,6.18,198750594.0,1283978127.69,28.7855,0,0.1,6.8,True,10.032362459546928
sz.002094,2025-04-10,6.9,7.48,6.67,7.48,6.8,168633055.0,1216019682.35,24.4235,0,0.1,7.48,True,10.000000000000009
sz.002094,2025-04-21,6.5,7.39,6.4,7.39,6.72,240291973.0,1722156506.66,34.802,0,0.1,7.39,True,9.970238095238093
sz.002094,2025-04-22,8.12,8.13,8.09,8.13,7.39,63763876.0,518179119.53,9.2351,0,0.1,8.13,True,10.01353179972937
sz.002094,2025-04-23,8.94,8.94,8.8,8.94,8.13,115225453.0,1029778258.82,16.6884,0,0.1,8.94,True,9.963099630996286
sz.002095,2025-04-14,16.35,17.69,16.35,17.69,16.08,4748186.0,82681561.34,1.8864,0,0.1,17.69,True,10.012437810945297
sz.002095,2025-04-21,16.4,18.04,16.31,18.04,16.4,9542891.0,169245743.64,3.7912,0,0.1,18.04,True,10.000000000000009
sz.002095,2025-04-22,18.58,19.84,18.36,19.84,18.04,25787142.0,492544325.06,10.2448,0,0.1,19.84,True,9.977827050997789
sz.002095,2025-04-25,18.09,19.86,17.66,19.86,18.05,21567041.0,404914894.24,8.5683,0,0.1,19.86,True,10.027700831024934
sz.002098,2025-04-15,7.53,8.14,7.35,8.14,7.4,13392200.0,106657628.8,3.7408,0,0.1,8.14,True,10.000000000000009
sz.002098,2025-04-16,8.95,8.95,8.95,8.95,8.14,5393700.0,48273615.0,1.5066,0,0.1,8.95,True,9.950859950859936
sz.002098,2025-04-17,9.85,9.85,9.85,9.85,8.95,15843269.0,156056199.65,4.4255,0,0.1,9.85,True,10.05586592178771
sz.002098,2025-04-24,8.85,9.66,8.85,9.66,8.78,61722669.0,592902253.68,17.241,0,0.1,9.66,True,10.022779043280195
sz.002098,2025-04-28,10.41,11.25,10.03,11.25,10.23,90171463.0,983142197.88,25.1886,0,0.1,11.25,True,9.97067448680351
sz.002099,2025-03-10,4.56,4.99,4.56,4.99,4.54,32820769.0,159183348.66,2.0303,0,0.1,4.99,True,9.911894273127754
sz.002100,2025-04-08,6.12,6.78,6.11,6.78,6.16,152300307.0,998481551.1,11.1555,0,0.1,6.78,True,10.064935064935066
sz.002101,2025-03-06,12.97,14.18,12.97,14.18,12.89,26485570.0,370571886.67,3.9996,0,0.1,14.18,True,10.007757951900697
sz.002102,2025-04-09,2.65,2.65,2.65,2.65,2.41,21767363.0,57683511.95,0.9343,0,0.1,2.65,True,9.958506224066376
sz.002103,2025-04-14,8.48,9.16,8.48,9.16,8.33,17117360.0,153183848.8,4.5395,0,0.1,9.16,True,9.963985594237702
sz.002104,2025-03-10,6.61,7.27,6.47,7.27,6.61,47811233.0,327234516.2,7.9807,0,0.1,7.27,True,9.98487140695914
sz.002104,2025-04-02,6.82,7.61,6.82,7.61,6.92,51388379.0,384690784.66,8.5753,0,0.1,7.61,True,9.97109826589595
sz.002104,2025-04-25,7.72,8.47,7.72,8.47,7.7,74525074.0,627582655.78,12.4362,0,0.1,8.47,True,10.000000000000009
sz.002105,2025-03-04,5.31,5.8,5.26,5.8,5.27,16678570.0,95375629.0,4.5761,0,0.1,5.8,True,10.056925996204935
sz.002105,2025-03-05,5.65,6.38,5.47,6.38,5.8,40110413.0,233063235.13,11.0051,0,0.1,6.38,True,10.000000000000009
sz.002105,2025-03-06,6.76,7.02,6.76,7.02,6.38,23358271.0,161524799.42,6.4088,0,0.1,7.02,True,10.03134796238243
sz.002105,2025-03-07,7.28,7.72,7.23,7.72,7.02,65509816.0,496159033.31,17.9739,0,0.1,7.72,True,9.971509971509974
sz.002105,2025-03-10,8.0,8.49,7.63,8.49,7.72,80916069.0,679044241.6,22.2009,0,0.1,8.49,True,9.974093264248719
sz.002105,2025-03-11,9.0,9.34,8.92,9.34,8.49,19466326.0,179703121.72,5.341,0,0.1,9.34,True,10.011778563015316
sz.002105,2025-03-12,10.27,10.27,9.4,10.27,9.34,120649136.0,1228389088.37,33.1024,0,0.1,10.27,True,9.95717344753746
sz.002105,2025-03-13,10.27,11.3,9.8,11.3,10.27,48704366.0,522053251.07,13.363,0,0.1,11.3,True,10.029211295034091
sz.002105,2025-03-14,10.17,12.43,10.17,12.43,11.3,134473751.0,1427320426.26,36.8955,0,0.1,12.43,True,9.999999999999986
sz.002107,2025-04-01,4.45,4.87,4.44,4.87,4.43,10848357.0,51618476.38,1.9045,0,0.1,4.87,True,9.932279909706555
sz.002114,2025-03-07,6.46,7.12,6.46,7.12,6.47,21439422.0,149858031.64,6.6296,0,0.1,7.12,True,10.046367851622872
sz.002114,2025-03-10,7.82,7.83,7.56,7.83,7.12,76907236.0,598543203.5,23.7815,0,0.1,7.83,True,9.971910112359538
sz.002115,2025-03-05,7.32,8.03,7.32,8.03,7.3,146785422.0,1161565107.81,19.5143,0,0.1,8.03,True,9.999999999999986
sz.002115,2025-03-06,8.67,8.83,8.51,8.83,8.03,95061954.0,828913219.41,12.6379,0,0.1,8.83,True,9.96264009962642
sz.002115,2025-03-21,8.51,9.38,8.36,9.38,8.53,169432583.0,1565939432.87,22.5251,0,0.1,9.38,True,9.964830011723347
sz.002115,2025-03-26,8.77,9.65,8.48,9.65,8.77,171632066.0,1579789410.87,22.8175,0,0.1,9.65,True,10.034207525655647
sz.002121,2025-04-15,4.41,4.48,4.35,4.48,4.07,45946780.0,205034876.4,3.2821,0,0.1,4.48,True,10.073710073710075
sz.002122,2025-03-06,4.68,5.13,4.67,5.13,4.66,237308504.0,1195528334.33,11.9386,0,0.1,5.13,True,10.085836909871237
sz.002124,2025-03-20,2.94,3.02,2.92,3.02,2.88,43662914.0,130391101.94,2.2116,1,0.05,3.02,True,4.861111111111116
sz.002126,2025-03-04,29.5,33.73,29.5,33.73,30.66,111808408.0,3656768189.38,14.2606,0,0.1,33.73,True,10.013046314416174
sz.002127,2025-04-14,4.18,4.18,4.03,4.18,3.8,35432827.0,147916596.86,1.7763,0,0.1,4.18,True,9.999999999999986
sz.002127,2025-04-17,3.9,4.37,3.86,4.37,3.97,147279894.0,618238199.79,7.3835,0,0.1,4.37,True,10.075566750629728
sz.002131,2025-04-21,3.2,3.52,3.18,3.52,3.2,419944484.0,1419579822.76,7.177,0,0.1,3.52,True,9.999999999999986
sz.002131,2025-04-29,3.48,3.77,3.42,3.77,3.43,546323192.0,2004521042.77,9.3393,0,0.1,3.77,True,9.912536443148689
sz.002132,2025-03-28,3.35,3.5,3.16,3.5,3.18,114030078.0,385336397.99,8.148,0,0.1,3.5,True,10.062893081761004
sz.002132,2025-03-31,3.74,3.85,3.67,3.85,3.5,107859060.0,410466725.81,7.7071,0,0.1,3.85,True,10.000000000000009
sz.002132,2025-04-01,4.24,4.24,4.24,4.24,3.85,23092625.0,97912730.0,1.6501,0,0.1,4.24,True,10.129870129870122
sz.002132,2025-04-10,2.92,3.17,2.92,3.17,2.88,104112593.0,316968156.16,7.4394,0,0.1,3.17,True,10.069444444444443
sz.002133,2025-04-09,2.34,2.62,2.2,2.62,2.38,28695849.0,71136359.69,3.7274,0,0.1,2.62,True,10.084033613445387
sz.002133,2025-04-10,2.69,2.88,2.68,2.88,2.62,84118489.0,240950559.16,10.9263,0,0.1,2.88,True,9.923664122137389
sz.002133,2025-04-11,2.9,3.17,2.9,3.17,2.88,77319862.0,238446654.84,10.0432,0,0.1,3.17,True,10.069444444444443
sz.002134,2025-03-04,20.8,22.57,20.53,22.57,20.52,13140493.0,290769941.0,5.3449,0,0.1,22.57,True,9.990253411306039
sz.002134,2025-04-25,17.09,18.99,17.09,18.99,17.26,11228800.0,207511369.0,4.5673,0,0.1,18.99,True,10.023174971031267
sz.002137,2025-04-14,7.45,7.58,7.44,7.58,6.89,7624600.0,57765293.0,1.9232,0,0.1,7.58,True,10.0145137880987
sz.002141,2025-03-17,1.43,1.5,1.41,1.5,1.43,15592750.0,22865733.5,1.5096,1,0.05,1.5,True,4.895104895104896
sz.002141,2025-03-24,1.54,1.54,1.54,1.54,1.47,5823700.0,8968498.0,0.5638,1,0.05,1.54,True,4.761904761904767
sz.002141,2025-03-25,1.62,1.62,1.62,1.62,1.54,997075.0,1615261.5,0.0965,1,0.05,1.62,True,5.1948051948051965
sz.002141,2025-03-26,1.7,1.7,1.7,1.7,1.62,1480600.0,2517020.0,0.1433,1,0.05,1.7,True,4.938271604938271
sz.002141,2025-04-10,1.71,1.76,1.69,1.76,1.68,16174780.0,28331159.0,1.5659,1,0.05,1.76,True,4.761904761904767
sz.002141,2025-04-11,1.76,1.85,1.74,1.85,1.76,19724480.0,35904325.2,1.9096,1,0.05,1.85,True,5.113636363636376
sz.002141,2025-04-15,1.95,1.97,1.9,1.97,1.88,10170900.0,19797566.0,0.9847,1,0.05,1.97,True,4.78723404255319
sz.002141,2025-04-25,2.11,2.16,2.08,2.16,2.06,21768650.0,46740150.0,2.1075,1,0.05,2.16,True,4.854368932038833
sz.002141,2025-04-29,2.15,2.15,2.08,2.15,2.05,21610335.0,46293768.25,2.0949,1,0.05,2.15,True,4.878048780487809
sz.002141,2025-04-30,2.24,2.26,2.18,2.26,2.15,30388220.0,67936614.2,2.9458,1,0.05,2.26,True,5.116279069767438
sz.002144,2025-03-06,10.6,11.63,10.6,11.63,10.57,14677448.0,166618989.24,10.7386,0,0.1,11.63,True,10.02838221381268
sz.002146,2025-03-26,1.61,1.61,1.6,1.61,1.46,114082700.0,183672556.0,2.925,0,0.1,1.61,True,10.273972602739745
sz.002151,2025-04-11,24.25,26.9,24.2,26.9,24.45,18243732.0,479022337.99,4.1309,0,0.1,26.9,True,10.020449897750506
sz.002153,2025-03-06,8.02,8.72,8.01,8.72,7.93,86974313.0,738793579.31,5.4367,0,0.1,8.72,True,9.962168978562435
sz.002153,2025-04-17,7.44,8.34,7.38,8.34,7.58,72399874.0,584158675.91,4.5257,0,0.1,8.34,True,10.026385224274414
sz.002153,2025-04-21,8.12,8.94,8.12,8.94,8.13,60275406.0,525494599.42,3.7678,0,0.1,8.94,True,9.963099630996286
sz.002155,2025-04-14,23.11,25.2,23.11,25.2,22.91,98545913.0,2432521577.21,8.199,0,0.1,25.2,True,9.995635093845468
sz.002155,2025-04-21,24.4,26.31,24.3,26.31,23.92,96818619.0,2470624442.31,8.0553,0,0.1,26.31,True,9.991638795986614
sz.002162,2025-03-07,3.98,4.35,3.94,4.35,3.95,90380422.0,379553739.22,9.8165,0,0.1,4.35,True,10.126582278481
sz.002162,2025-03-14,4.76,5.08,4.43,5.08,4.62,120101883.0,567351207.41,13.0447,0,0.1,5.08,True,9.956709956709965
sz.002162,2025-03-17,5.56,5.59,5.33,5.59,5.08,68811701.0,381233128.15,7.4739,0,0.1,5.59,True,10.039370078740163
sz.002162,2025-04-10,3.69,3.95,3.63,3.95,3.59,50131677.0,192893565.75,5.445,0,0.1,3.95,True,10.027855153203348
sz.002163,2025-04-09,6.73,7.39,6.2,7.39,6.72,38556382.0,263339145.66,4.7983,0,0.1,7.39,True,9.970238095238093
sz.002163,2025-04-14,8.09,8.84,7.93,8.84,8.04,57535266.0,481643878.56,7.1601,0,0.1,8.84,True,9.950248756218905
sz.002164,2025-03-04,6.25,6.97,6.22,6.97,6.34,21139230.0,141742414.3,4.4061,0,0.1,6.97,True,9.936908517350162
sz.002164,2025-03-17,7.91,8.43,7.91,8.43,7.66,52959650.0,435175454.5,11.0384,0,0.1,8.43,True,10.052219321148815
sz.002164,2025-03-18,9.27,9.27,8.93,9.27,8.43,33126351.0,305890762.77,6.9046,0,0.1,9.27,True,9.964412811387891
sz.002164,2025-03-19,10.2,10.2,10.2,10.2,9.27,8946500.0,91254300.0,1.8647,0,0.1,10.2,True,10.032362459546928
sz.002164,2025-03-20,11.22,11.22,11.07,11.22,10.2,47488770.0,532501150.4,9.8981,0,0.1,11.22,True,10.000000000000009
sz.002164,2025-04-23,7.21,7.9,7.21,7.9,7.18,28107640.0,214040747.7,5.8585,0,0.1,7.9,True,10.027855153203348
sz.002164,2025-04-29,7.64,8.17,7.62,8.17,7.43,63557452.0,502846756.84,13.2473,0,0.1,8.17,True,9.959623149394359
sz.002164,2025-04-30,8.28,8.99,8.23,8.99,8.17,105223283.0,898303520.76,21.9318,0,0.1,8.99,True,10.036719706242359
sz.002165,2025-03-21,5.08,5.48,5.05,5.48,4.98,104601704.0,555926006.92,14.3757,0,0.1,5.48,True,10.040160642570273
sz.002165,2025-03-25,5.35,6.04,5.16,6.04,5.49,212254829.0,1190575790.77,29.1707,0,0.1,6.04,True,10.018214936247727
sz.002165,2025-03-27,5.91,6.68,5.91,6.68,6.07,221603595.0,1425121065.49,30.4556,0,0.1,6.68,True,10.049423393739687
sz.002165,2025-04-01,5.48,6.7,5.48,6.7,6.09,289580002.0,1775717293.67,39.7977,0,0.1,6.7,True,10.016420361247945
sz.002165,2025-04-03,6.27,7.03,6.18,7.03,6.39,247622161.0,1658040967.76,34.0314,0,0.1,7.03,True,10.015649452269182
sz.002165,2025-04-08,6.98,7.13,6.67,7.13,6.48,271863601.0,1913780980.76,37.3629,0,0.1,7.13,True,10.030864197530853
sz.002165,2025-04-15,7.8,8.95,7.8,8.95,8.14,329209527.0,2873442048.61,45.2441,0,0.1,8.95,True,9.950859950859936
sz.002165,2025-04-16,8.74,9.85,8.68,9.85,8.95,325619541.0,2996103680.06,44.7507,0,0.1,9.85,True,10.05586592178771
sz.002165,2025-04-17,10.35,10.84,10.34,10.84,9.85,154758407.0,1657814711.44,21.2688,0,0.1,10.84,True,10.050761421319798
sz.002165,2025-04-18,11.18,11.92,11.16,11.92,10.84,283374978.0,3311105969.9,38.945,0,0.1,11.92,True,9.963099630996307
sz.002165,2025-04-22,11.74,13.3,11.73,13.3,12.09,320917498.0,4127813193.77,44.1045,0,0.1,13.3,True,10.008271298593897
sz.002166,2025-03-25,7.72,8.55,7.68,8.55,7.77,60580610.0,496952122.73,13.5356,0,0.1,8.55,True,10.038610038610063
sz.002167,2025-03-10,9.5,10.45,9.38,10.45,9.5,131677266.0,1318639305.99,17.3551,0,0.1,10.45,True,9.999999999999986
sz.002168,2025-03-19,2.3,2.43,2.29,2.43,2.31,21288740.0,51064100.2,2.7148,1,0.05,2.43,True,5.1948051948051965
sz.002168,2025-03-20,2.44,2.55,2.44,2.55,2.43,19985478.0,50332401.76,2.5486,1,0.05,2.55,True,4.938271604938249
sz.002168,2025-04-01,2.25,2.35,2.25,2.35,2.24,7099600.0,16341430.0,0.9054,1,0.05,2.35,True,4.910714285714279
sz.002168,2025-04-25,2.15,2.26,2.13,2.26,2.15,12265159.0,27103380.53,1.5641,1,0.05,2.26,True,5.116279069767438
sz.002168,2025-04-30,2.07,2.28,2.07,2.28,2.17,14720827.0,32740459.85,1.8773,1,0.05,2.28,True,5.069124423963123
sz.002169,2025-04-25,5.67,6.28,5.67,6.28,5.71,33445087.0,202003967.9,4.4084,0,0.1,6.28,True,9.982486865148864
sz.002172,2025-04-21,3.28,3.61,3.21,3.61,3.28,53583475.0,186246629.5,7.0019,0,0.1,3.61,True,10.060975609756095
sz.002173,2025-03-12,10.4,11.41,10.27,11.41,10.37,103132301.0,1139729310.86,24.8101,0,0.1,11.41,True,10.028929604628756
sz.002173,2025-03-19,11.15,12.29,11.13,12.29,11.17,132564254.0,1600049482.77,31.8904,0,0.1,12.29,True,10.026857654431499
sz.002175,2025-03-11,5.31,5.94,5.26,5.94,5.4,177871180.0,1036954379.2,13.9313,0,0.1,5.94,True,10.000000000000009
sz.002177,2025-04-10,3.96,4.33,3.96,4.33,3.94,40110940.0,169806792.2,5.9938,0,0.1,4.33,True,9.898477157360407
sz.002177,2025-04-18,4.22,4.68,4.22,4.68,4.25,69564701.0,323093134.68,10.395,0,0.1,4.68,True,10.11764705882352
sz.002183,2025-03-11,5.09,5.72,5.06,5.72,5.2,324361864.0,1802439505.1,12.4899,0,0.1,5.72,True,9.999999999999986
sz.002183,2025-04-10,4.57,4.77,4.55,4.77,4.34,59789800.0,281247014.0,2.3023,0,0.1,4.77,True,9.907834101382473
sz.002187,2025-04-08,5.92,6.74,5.92,6.74,6.13,57453517.0,378765821.78,11.1105,0,0.1,6.74,True,9.951060358890707
sz.002187,2025-04-10,7.02,7.73,6.96,7.73,7.03,95591042.0,713720887.65,18.4856,0,0.1,7.73,True,9.95732574679944
sz.002188,2025-04-17,4.46,4.86,4.35,4.86,4.42,18622900.0,87823412.0,7.236,0,0.1,4.86,True,9.954751131221728
sz.002189,2025-04-30,17.99,19.26,17.72,19.26,17.51,11677718.0,219182258.15,4.4715,0,0.1,19.26,True,9.994288977727006
sz.002193,2025-04-10,4.94,5.34,4.94,5.34,4.85,15843811.0,81922901.99,6.0539,0,0.1,5.34,True,10.103092783505163
sz.002194,2025-03-05,12.66,13.37,12.6,13.37,12.15,44278019.0,586275451.23,8.695,0,0.1,13.37,True,10.041152263374475
sz.002194,2025-04-18,10.45,11.5,10.45,11.5,10.45,47023155.0,523986699.5,9.2041,0,0.1,11.5,True,10.047846889952151
sz.002194,2025-04-21,12.65,12.65,12.65,12.65,11.5,11960940.0,151305891.0,2.3412,0,0.1,12.65,True,10.000000000000009
sz.002195,2025-03-05,5.27,5.73,5.18,5.73,5.21,764260225.0,4245091176.86,13.6158,0,0.1,5.73,True,9.98080614203456
sz.002195,2025-03-06,6.02,6.3,5.94,6.3,5.73,648019214.0,3972535812.37,11.5449,0,0.1,6.3,True,9.947643979057585
sz.002195,2025-03-11,6.15,6.97,6.11,6.97,6.34,1864192241.0,12808239217.89,33.2118,0,0.1,6.97,True,9.936908517350162
sz.002196,2025-03-05,6.61,7.3,6.58,7.3,6.64,49121462.0,349169952.32,10.0574,0,0.1,7.3,True,9.93975903614459
sz.002196,2025-03-07,7.48,8.01,7.47,8.01,7.28,84934902.0,675399459.37,17.3901,0,0.1,8.01,True,10.027472527472515
sz.002196,2025-03-10,8.81,8.81,8.81,8.81,8.01,7652703.0,67420313.43,1.5669,0,0.1,8.81,True,9.987515605493137
sz.002196,2025-03-11,8.96,9.69,8.96,9.69,8.81,53137818.0,492361713.82,10.8797,0,0.1,9.69,True,9.98864926220202
sz.002196,2025-03-18,10.71,11.78,10.44,11.78,10.71,149957585.0,1680349621.73,30.7032,0,0.1,11.78,True,9.990662931839388
sz.002196,2025-04-23,8.1,8.82,8.08,8.82,8.02,35234272.0,303208338.54,7.2141,0,0.1,8.82,True,9.975062344139651
sz.002196,2025-04-24,9.7,9.7,9.7,9.7,8.82,9122120.0,88484564.0,1.8677,0,0.1,9.7,True,9.977324263038545
sz.002196,2025-04-29,9.11,10.34,9.11,10.34,9.4,75614893.0,743855227.33,15.4818,0,0.1,10.34,True,9.999999999999986
sz.002197,2025-03-06,5.19,5.29,5.17,5.29,5.04,22353627.0,117416382.83,4.1861,1,0.05,5.29,True,4.960317460317465
sz.002197,2025-03-10,5.32,5.5,5.3,5.5,5.24,42140828.0,229124383.0,7.8915,1,0.05,5.5,True,4.961832061068705
sz.002197,2025-03-11,5.45,5.78,5.43,5.78,5.5,30058515.0,169902368.55,5.6289,1,0.05,5.78,True,5.0909090909091015
sz.002197,2025-03-12,6.07,6.07,6.05,6.07,5.78,8925048.0,54172183.4,1.6714,1,0.05,6.07,True,5.017301038062283
sz.002197,2025-03-13,6.37,6.37,5.96,6.37,6.07,75979991.0,472125906.76,14.2284,1,0.05,6.37,True,4.94233937397035
sz.002197,2025-03-18,5.93,6.18,5.93,6.18,5.89,19009746.0,115535525.56,3.5599,1,0.05,6.18,True,4.923599320882843
sz.002197,2025-04-24,4.32,4.53,4.27,4.53,4.31,32305226.0,142591873.63,6.0497,1,0.05,4.53,True,5.104408352668233
sz.002197,2025-04-28,4.79,4.79,4.71,4.79,4.56,30221783.0,144250457.15,5.6595,1,0.05,4.79,True,5.043859649122817
sz.002199,2025-04-01,5.32,5.47,5.27,5.47,5.21,11412588.0,61913170.12,4.688,1,0.05,5.47,True,4.99040307101728
sz.002199,2025-04-14,4.88,5.1,4.88,5.1,4.86,9098478.0,45572094.8,3.7374,1,0.05,5.1,True,4.938271604938249
sz.002199,2025-04-30,4.76,4.98,4.76,4.98,4.74,7702086.0,37683198.36,3.1638,1,0.05,4.98,True,5.063291139240511
sz.002200,2025-03-03,5.27,5.53,5.27,5.53,5.27,2581280.0,14158480.4,1.4019,1,0.05,5.53,True,4.933586337760931
sz.002200,2025-03-07,5.57,5.88,5.57,5.88,5.6,3865917.0,22527435.0,2.0995,1,0.05,5.88,True,5.000000000000004
sz.002200,2025-04-22,5.82,6.12,5.78,6.12,5.83,2855246.0,17221008.32,1.5506,1,0.05,6.12,True,4.97427101200687
sz.002200,2025-04-24,6.42,6.42,6.42,6.42,6.11,473201.0,3037950.42,0.257,1,0.05,6.42,True,5.07364975450082
sz.002200,2025-04-25,6.74,6.74,6.74,6.74,6.42,487611.0,3286498.14,0.2648,1,0.05,6.74,True,4.984423676012462
sz.002200,2025-04-28,7.08,7.08,7.08,7.08,6.74,541320.0,3832545.6,0.294,1,0.05,7.08,True,5.044510385756684
sz.002200,2025-04-29,7.43,7.43,7.43,7.43,7.08,17646415.0,131112863.45,9.5835,1,0.05,7.43,True,4.943502824858759
sz.002200,2025-04-30,7.8,7.8,7.8,7.8,7.43,5865006.0,45747046.8,3.1852,1,0.05,7.8,True,4.979811574697179
sz.002201,2025-04-02,5.44,5.96,5.37,5.96,5.42,26319662.0,154846860.82,4.0476,0,0.1,5.96,True,9.963099630996307
sz.002201,2025-04-30,6.36,6.51,6.22,6.51,5.92,20571893.0,132929662.75,3.4276,0,0.1,6.51,True,9.966216216216207
sz.002204,2025-03-19,5.24,5.78,5.22,5.78,5.25,70419356.0,395567075.92,3.6461,0,0.1,5.78,True,10.095238095238091
sz.002204,2025-03-20,6.36,6.36,6.36,6.36,5.78,25971062.0,165175954.32,1.3447,0,0.1,6.36,True,10.034602076124566
sz.002204,2025-03-21,7.0,7.0,7.0,7.0,6.36,23033335.0,161233345.0,1.1926,0,0.1,7.0,True,10.062893081761004
sz.002204,2025-03-24,7.7,7.7,7.57,7.7,7.0,355426486.0,2732511101.27,18.4028,0,0.1,7.7,True,10.000000000000009
sz.002204,2025-03-26,7.5,8.57,7.5,8.57,7.79,533169027.0,4413181869.15,27.6057,0,0.1,8.57,True,10.01283697047497
sz.002205,2025-03-10,9.81,10.48,9.51,10.48,9.53,26226733.0,264490903.51,14.1123,0,0.1,10.48,True,9.968520461699914
sz.002205,2025-04-29,8.8,9.5,8.64,9.5,8.64,17367355.0,158994335.5,9.3452,0,0.1,9.5,True,9.953703703703699
sz.002206,2025-03-26,4.77,5.19,4.73,5.19,4.72,99857581.0,503661513.32,10.8994,0,0.1,5.19,True,9.957627118644075
sz.002214,2025-04-25,7.85,8.64,7.8,8.64,7.85,24069439.0,201428308.2,5.0247,0,0.1,8.64,True,10.063694267515944
sz.002216,2025-04-08,10.44,11.48,10.44,11.48,10.44,11694190.0,131067890.4,1.8555,0,0.1,11.48,True,9.961685823754806
sz.002217,2025-03-20,2.03,2.13,2.02,2.13,2.03,69544700.0,146024672.0,1.2243,1,0.05,2.13,True,4.92610837438423
sz.002217,2025-03-26,2.22,2.27,2.22,2.27,2.16,16860000.0,38111882.0,0.2968,1,0.05,2.27,True,5.092592592592582
sz.002227,2025-03-03,13.0,13.77,12.88,13.77,12.52,8330553.0,112343016.41,3.364,0,0.1,13.77,True,9.984025559105426
sz.002227,2025-03-04,15.15,15.15,15.14,15.15,13.77,10312236.0,156230208.4,4.1642,0,0.1,15.15,True,10.02178649237473
sz.002227,2025-03-18,14.07,14.07,14.07,14.07,12.79,6977470.0,98173002.9,2.8176,0,0.1,14.07,True,10.007818608287744
sz.002227,2025-03-19,15.48,15.48,14.77,15.48,14.07,43202014.0,656338517.8,17.4456,0,0.1,15.48,True,10.021321961620465
sz.002229,2025-04-10,10.41,11.12,10.3,11.12,10.11,24807861.0,264675049.32,5.0303,0,0.1,11.12,True,9.990108803165176
sz.002229,2025-04-25,11.66,11.94,11.66,11.94,10.85,22444852.0,267143959.88,4.5512,0,0.1,11.94,True,10.046082949308754
sz.002229,2025-04-28,13.13,13.13,13.13,13.13,11.94,8760218.0,115021662.34,1.7763,0,0.1,13.13,True,9.96649916247907
sz.002229,2025-04-29,14.21,14.44,13.7,14.44,13.13,64634039.0,918698311.42,13.106,0,0.1,14.44,True,9.97715156130996
sz.002229,2025-04-30,15.71,15.88,14.9,15.88,14.44,112704285.0,1745728040.74,22.8533,0,0.1,15.88,True,9.972299168975084
sz.002234,2025-04-08,9.12,10.25,9.12,10.25,9.32,40076984.0,390575083.96,13.2966,0,0.1,10.25,True,9.978540772532195
sz.002235,2025-04-21,4.86,5.35,4.83,5.35,4.86,44902699.0,232249324.07,8.1114,0,0.1,5.35,True,10.082304526748963
sz.002236,2025-03-06,16.83,18.18,16.83,18.18,16.53,118703962.0,2113606539.59,5.641,0,0.1,18.18,True,9.981851179673317
sz.002238,2025-03-11,9.04,10.05,8.98,10.05,9.14,42605439.0,414634288.53,5.3087,0,0.1,10.05,True,9.956236323851208
sz.002238,2025-03-12,10.48,11.06,10.45,11.06,10.05,24234190.0,263669660.45,3.0196,0,0.1,11.06,True,10.049751243781092
sz.002246,2025-03-04,10.1,11.06,10.1,11.06,10.05,28580973.0,303765478.39,5.2057,0,0.1,11.06,True,10.049751243781092
sz.002248,2025-03-26,8.57,9.53,8.52,9.53,8.66,21983101.0,205949032.53,7.1491,0,0.1,9.53,True,10.046189376443415
sz.002249,2025-03-26,6.83,7.5,6.8,7.5,6.82,158278040.0,1161524203.23,8.6879,0,0.1,7.5,True,9.97067448680351
sz.002251,2025-04-10,3.96,4.16,3.92,4.16,3.96,33846016.0,137965826.01,2.2364,1,0.05,4.16,True,5.050505050505061
sz.002251,2025-04-17,4.46,4.57,4.43,4.57,4.35,50131242.0,228278783.1,3.3125,1,0.05,4.57,True,5.057471264367841
sz.002251,2025-04-21,5.03,5.03,4.82,5.03,4.57,67727237.0,339767707.25,4.4752,0,0.1,5.03,True,10.065645514223199
sz.002251,2025-04-22,5.53,5.53,5.53,5.53,5.03,6620637.0,36612122.61,0.4375,0,0.1,5.53,True,9.940357852882698
sz.002251,2025-04-23,6.08,6.08,5.86,6.08,5.53,386142234.0,2333735976.36,25.5152,0,0.1,6.08,True,9.945750452079572
sz.002251,2025-04-24,6.31,6.69,6.02,6.69,6.08,367395765.0,2336677900.44,24.2765,0,0.1,6.69,True,10.032894736842103
sz.002251,2025-04-25,6.73,7.36,6.69,7.36,6.69,377949230.0,2666160916.17,24.9738,0,0.1,7.36,True,10.01494768310911
sz.002253,2025-03-07,13.7,13.7,13.18,13.7,12.45,31702666.0,431129845.2,15.2586,0,0.1,13.7,True,10.040160642570273
sz.002255,2025-03-25,7.21,7.88,7.21,7.88,7.16,62103948.0,477729452.8,9.7346,0,0.1,7.88,True,10.05586592178771
sz.002255,2025-04-01,7.4,8.24,7.4,8.24,7.49,112449771.0,884639009.78,17.6261,0,0.1,8.24,True,10.01335113484647
sz.002255,2025-04-14,7.75,8.26,7.75,8.26,7.51,50302304.0,408656065.04,7.8847,0,0.1,8.26,True,9.986684420772306
sz.002255,2025-04-17,8.26,8.89,8.16,8.89,8.08,116665475.0,1006134136.13,18.2869,0,0.1,8.89,True,10.024752475247523
sz.002255,2025-04-23,8.67,9.35,8.53,9.35,8.5,147398372.0,1321034524.12,23.1042,0,0.1,9.35,True,9.999999999999986
sz.002259,2025-04-16,2.37,2.51,2.35,2.51,2.39,13526965.0,33153536.3,1.798,1,0.05,2.51,True,5.020920502092041
sz.002259,2025-04-17,2.47,2.64,2.47,2.64,2.51,13639821.0,35013847.07,1.813,1,0.05,2.64,True,5.179282868525914
sz.002259,2025-04-24,2.77,2.9,2.76,2.9,2.76,14276100.0,41090332.0,1.8976,1,0.05,2.9,True,5.072463768115942
sz.002259,2025-04-30,3.06,3.2,3.01,3.2,3.05,21223508.0,66911847.0,2.821,1,0.05,3.2,True,4.918032786885251
sz.002261,2025-03-05,34.59,38.02,33.63,38.02,34.56,338819638.0,12164087345.99,30.0435,0,0.1,38.02,True,10.011574074074069
sz.002261,2025-04-17,25.85,28.38,25.85,28.38,25.8,141530527.0,3894439412.23,12.4146,0,0.1,28.38,True,9.999999999999986
sz.002261,2025-04-25,27.75,30.43,27.75,30.43,27.66,191791801.0,5650183087.25,16.8232,0,0.1,30.43,True,10.014461315979762
sz.002265,2025-03-04,22.99,25.54,22.81,25.54,23.22,54241590.0,1349850926.97,13.4562,0,0.1,25.54,True,9.991386735572782
sz.002265,2025-04-09,17.73,19.68,16.41,19.68,17.89,30188601.0,556814805.22,7.4892,0,0.1,19.68,True,10.005589714924534
sz.002269,2025-04-10,1.67,1.82,1.67,1.82,1.65,135896483.0,236935654.1,5.4088,0,0.1,1.82,True,10.303030303030303
sz.002272,2025-04-14,8.3,9.04,8.3,9.04,8.22,31452048.0,273402503.52,8.2862,0,0.1,9.04,True,9.975669099756669
sz.002272,2025-04-30,8.99,9.77,8.88,9.77,8.88,61664359.0,588047221.46,15.9462,0,0.1,9.77,True,10.022522522522515
sz.002276,2025-03-04,13.5,15.07,13.5,15.07,13.7,103886959.0,1516425965.05,10.3362,0,0.1,15.07,True,10.000000000000009
sz.002276,2025-03-06,16.55,17.63,16.0,17.63,16.03,219193723.0,3726536130.63,21.8085,0,0.1,17.63,True,9.981285090455373
sz.002276,2025-03-18,16.38,17.89,16.28,17.89,16.26,278253982.0,4788219193.34,27.6847,0,0.1,17.89,True,10.024600246002446
sz.002276,2025-03-19,18.11,19.68,17.77,19.68,17.89,313075637.0,5888006062.3,31.1492,0,0.1,19.68,True,10.005589714924534
sz.002276,2025-04-09,12.12,13.33,12.01,13.33,12.12,115123892.0,1458420600.97,11.4542,0,0.1,13.33,True,9.983498349834985
sz.002276,2025-04-10,14.15,14.66,14.02,14.66,13.33,246247466.0,3556641204.51,24.5002,0,0.1,14.66,True,9.977494373593409
sz.002277,2025-04-10,5.0,5.51,5.0,5.51,5.01,137729504.0,733492996.94,9.8789,0,0.1,5.51,True,9.980039920159678
sz.002277,2025-04-18,5.18,5.73,5.13,5.73,5.21,149786201.0,831536053.91,10.7437,0,0.1,5.73,True,9.98080614203456
sz.002278,2025-03-13,5.79,6.37,5.66,6.37,5.79,58189499.0,361954471.52,17.4112,0,0.1,6.37,True,10.017271157167528
sz.002278,2025-03-14,7.01,7.01,6.85,7.01,6.37,44718971.0,313285349.71,13.3806,0,0.1,7.01,True,10.047095761381474
sz.002278,2025-03-17,7.71,7.71,7.63,7.71,7.01,40844893.0,314874020.03,12.2215,0,0.1,7.71,True,9.985734664764623
sz.002278,2025-03-18,8.33,8.48,8.1,8.48,7.71,39123673.0,326782006.0,11.7064,0,0.1,8.48,True,9.987029831387817
sz.002278,2025-03-19,9.33,9.33,9.33,9.33,8.48,8153232.0,76069654.56,2.4396,0,0.1,9.33,True,10.023584905660377
sz.002278,2025-03-20,10.01,10.26,9.06,10.26,9.33,155628745.0,1534442870.33,46.5666,0,0.1,10.26,True,9.967845659163977
sz.002278,2025-03-21,10.73,11.29,10.73,11.29,10.26,129928323.0,1454305402.04,38.8767,0,0.1,11.29,True,10.038986354775826
sz.002278,2025-04-18,7.19,7.72,7.05,7.72,7.02,70188117.0,524963637.32,21.0014,0,0.1,7.72,True,9.971509971509974
sz.002278,2025-04-23,7.48,8.13,7.31,8.13,7.39,72665466.0,568365720.03,21.7427,0,0.1,8.13,True,10.01353179972937
sz.002279,2025-03-04,7.04,7.94,7.04,7.94,7.22,57109326.0,445889118.82,7.2315,0,0.1,7.94,True,9.972299168975084
sz.002279,2025-04-15,6.07,6.68,6.05,6.68,6.07,58117855.0,373376968.8,7.3592,0,0.1,6.68,True,10.049423393739687
sz.002279,2025-04-21,6.21,6.81,6.21,6.81,6.19,52564036.0,354057627.16,6.656,0,0.1,6.81,True,10.016155088852985
sz.002283,2025-03-06,7.1,7.76,7.1,7.76,7.05,108147749.0,813503827.24,10.7989,0,0.1,7.76,True,10.070921985815605
sz.002283,2025-03-12,7.48,8.4,7.46,8.4,7.64,192071091.0,1571777634.79,19.1396,0,0.1,8.4,True,9.947643979057608
sz.002286,2025-04-10,7.3,7.89,7.28,7.89,7.17,12186651.0,93922142.39,3.2973,0,0.1,7.89,True,10.041841004184104
sz.002286,2025-04-11,8.57,8.68,7.75,8.68,7.89,79258537.0,665870032.16,21.4449,0,0.1,8.68,True,10.012674271229404
sz.002286,2025-04-30,8.75,9.22,8.73,9.22,8.38,37671740.0,341297392.93,10.1924,0,0.1,9.22,True,10.023866348448696
sz.002287,2025-04-10,21.59,23.68,21.42,23.68,21.53,10781892.0,250348233.79,2.0345,0,0.1,23.68,True,9.986065954482104
sz.002289,2025-03-17,4.28,4.48,4.26,4.48,4.27,6558900.0,29208913.0,2.5339,1,0.05,4.48,True,4.918032786885274
sz.002289,2025-03-18,4.51,4.7,4.5,4.7,4.48,6149615.0,28295875.5,2.3758,1,0.05,4.7,True,4.910714285714279
sz.002289,2025-03-20,4.74,4.95,4.71,4.95,4.71,4259500.0,20727272.0,1.6456,1,0.05,4.95,True,5.095541401273884
sz.002289,2025-03-31,4.58,4.78,4.58,4.78,4.55,1688702.0,8038763.06,0.6524,1,0.05,4.78,True,5.054945054945059
sz.002289,2025-04-01,5.02,5.02,5.02,5.02,4.78,425502.0,2136020.04,0.1644,1,0.05,5.02,True,5.020920502092041
sz.002289,2025-04-02,5.27,5.27,5.27,5.27,5.02,950500.0,5009135.0,0.3672,1,0.05,5.27,True,4.980079681274896
sz.002289,2025-04-03,5.53,5.53,5.3,5.53,5.27,21547902.0,118275423.8,8.3246,1,0.05,5.53,True,4.933586337760931
sz.002289,2025-04-10,4.74,4.98,4.58,4.98,4.74,16935550.0,81063073.5,6.5427,1,0.05,4.98,True,5.063291139240511
sz.002289,2025-04-11,4.9,5.23,4.86,5.23,4.98,4648500.0,23754907.0,1.7958,1,0.05,5.23,True,5.020080321285136
sz.002289,2025-04-14,5.47,5.49,5.34,5.49,5.23,6192557.0,33920868.37,2.3924,1,0.05,5.49,True,4.97131931166348
sz.002289,2025-04-15,5.76,5.76,5.76,5.76,5.49,1864950.0,10742112.0,0.7205,1,0.05,5.76,True,4.918032786885229
sz.002289,2025-04-16,6.05,6.05,6.05,6.05,5.76,592200.0,3582810.0,0.2288,1,0.05,6.05,True,5.034722222222232
sz.002289,2025-04-17,6.35,6.35,6.35,6.35,6.05,1001714.0,6360883.9,0.387,1,0.05,6.35,True,4.958677685950419
sz.002289,2025-04-21,6.34,6.72,6.21,6.72,6.4,2231100.0,14634090.0,0.8619,1,0.05,6.72,True,4.999999999999982
sz.002289,2025-04-22,7.06,7.06,6.38,7.06,6.72,25402830.0,177456935.39,9.8138,1,0.05,7.06,True,5.059523809523814
sz.002289,2025-04-23,6.99,7.41,6.75,7.41,7.06,18839329.0,133410496.55,7.2782,1,0.05,7.41,True,4.95750708215299
sz.002289,2025-04-24,7.78,7.78,7.78,7.78,7.41,1694665.0,13184493.7,0.6547,1,0.05,7.78,True,4.993252361673406
sz.002289,2025-04-25,8.1,8.17,7.61,8.17,7.78,10129285.0,82230812.55,3.9132,1,0.05,8.17,True,5.0128534704370065
sz.002289,2025-04-28,8.58,8.58,8.38,8.58,8.17,5733450.0,49147565.0,2.215,1,0.05,8.58,True,5.018359853121179
sz.002289,2025-04-29,9.01,9.01,8.97,9.01,8.58,4372616.0,39396327.16,1.6893,1,0.05,9.01,True,5.011655011655014
sz.002292,2025-03-11,9.75,10.44,9.69,10.44,9.49,94885134.0,978842217.16,9.3219,0,0.1,10.44,True,10.01053740779767
sz.002297,2025-04-21,6.35,7.01,6.35,7.01,6.37,54235450.0,374473757.69,9.4634,0,0.1,7.01,True,10.047095761381474
sz.002298,2025-04-25,4.78,4.9,4.78,4.9,4.45,38446152.0,187926229.8,5.8816,0,0.1,4.9,True,10.1123595505618
sz.002298,2025-04-28,5.28,5.39,5.2,5.39,4.9,34149750.0,181919204.5,5.2243,0,0.1,5.39,True,9.999999999999986
sz.002300,2025-03-24,6.96,6.96,6.96,6.96,6.33,9023303.0,62802188.88,1.2493,0,0.1,6.96,True,9.952606635071092
sz.002300,2025-03-25,7.66,7.66,7.66,7.66,6.96,7661061.0,58683727.26,1.0607,0,0.1,7.66,True,10.057471264367823
sz.002300,2025-03-26,7.71,8.43,7.66,8.43,7.66,142113744.0,1158978967.77,19.6758,0,0.1,8.43,True,10.052219321148815
sz.002301,2025-04-14,6.61,7.14,6.58,7.14,6.49,12162263.0,84269593.19,1.6939,0,0.1,7.14,True,10.015408320493059
sz.002305,2025-04-25,1.39,1.39,1.39,1.39,1.26,60925753.0,84686796.67,3.5134,0,0.1,1.39,True,10.317460317460302
sz.002306,2025-03-10,2.6,2.84,2.58,2.84,2.58,67206223.0,187321646.4,8.265,0,0.1,2.84,True,10.077519379844958
sz.002306,2025-03-14,2.69,2.96,2.69,2.96,2.69,190251444.0,553662420.22,23.397,0,0.1,2.96,True,10.03717472118959
sz.002306,2025-03-17,2.99,3.26,2.96,3.26,2.96,223370671.0,698847773.31,27.47,0,0.1,3.26,True,10.135135135135132
sz.002306,2025-04-03,2.17,2.39,2.17,2.39,2.17,100130218.0,231731565.44,12.314,0,0.1,2.39,True,10.138248847926267
sz.002307,2025-04-09,3.56,3.95,3.41,3.95,3.59,57569593.0,214865666.7,5.2766,0,0.1,3.95,True,10.027855153203348
sz.002309,2025-03-14,2.4,2.49,2.39,2.49,2.37,15657772.0,38324530.96,1.288,1,0.05,2.49,True,5.063291139240511
sz.002309,2025-03-19,2.52,2.61,2.51,2.61,2.49,6786900.0,17523028.0,0.5583,1,0.05,2.61,True,4.819277108433728
sz.002310,2025-03-04,1.67,1.71,1.67,1.71,1.63,37930311.0,64715091.42,0.9033,1,0.05,1.71,True,4.907975460122693
sz.002310,2025-03-05,1.73,1.8,1.69,1.8,1.71,91792992.0,160383362.88,2.186,1,0.05,1.8,True,5.263157894736836
sz.002310,2025-03-18,1.79,1.87,1.78,1.87,1.78,64165573.0,117902816.35,1.5281,1,0.05,1.87,True,5.0561797752809
sz.002310,2025-03-21,1.93,2.02,1.93,2.02,1.92,109969596.0,219441789.68,2.6189,1,0.05,2.02,True,5.208333333333348
sz.002310,2025-03-24,2.01,2.12,1.98,2.12,2.02,80280212.0,166108778.34,1.9118,1,0.05,2.12,True,4.950495049504955
sz.002310,2025-03-26,2.04,2.15,2.03,2.15,2.05,82286086.0,172220114.36,1.9596,1,0.05,2.15,True,4.878048780487809
sz.002313,2025-03-04,10.68,11.52,10.59,11.52,10.47,14236401.0,162563322.52,3.8025,0,0.1,11.52,True,10.028653295128919
sz.002315,2025-03-06,47.0,49.02,47.0,49.02,44.56,25537015.0,1240352665.4,12.64,0,0.1,49.02,True,10.008976660682233
sz.002317,2025-04-22,10.72,11.84,10.7,11.84,10.76,64697802.0,746356264.76,8.4948,0,0.1,11.84,True,10.03717472118959
sz.002321,2025-04-08,2.53,2.77,2.43,2.77,2.52,145302425.0,381511016.18,6.8403,0,0.1,2.77,True,9.92063492063493
sz.002323,2025-04-28,1.32,1.45,1.3,1.45,1.32,192088243.0,270949299.52,9.059,0,0.1,1.45,True,9.84848484848484
sz.002326,2025-03-03,10.18,10.99,10.11,10.99,9.99,51087144.0,551806842.47,6.3543,0,0.1,10.99,True,10.010010010010006
sz.002326,2025-03-05,11.51,12.69,11.38,12.69,11.54,109764029.0,1345434337.83,13.6527,0,0.1,12.69,True,9.965337954939347
sz.002329,2025-03-14,3.4,3.61,3.4,3.61,3.28,38527650.0,137389089.29,5.8458,0,0.1,3.61,True,10.060975609756095
sz.002329,2025-03-17,3.97,3.97,3.97,3.97,3.61,13529060.0,53710368.2,2.0528,0,0.1,3.97,True,9.972299168975084
sz.002329,2025-03-27,3.69,3.98,3.63,3.98,3.62,44012377.0,173058793.27,6.678,0,0.1,3.98,True,9.944751381215466
sz.002329,2025-04-18,3.44,3.44,3.44,3.44,3.13,19017787.0,65421187.28,2.9241,0,0.1,3.44,True,9.904153354632594
sz.002329,2025-04-25,3.06,3.33,3.06,3.33,3.03,73081053.0,238426475.9,11.2365,0,0.1,3.33,True,9.90099009900991
sz.002330,2025-04-09,4.1,4.58,4.02,4.58,4.16,36507199.0,159313059.55,5.7475,0,0.1,4.58,True,10.096153846153854
sz.002335,2025-03-06,48.19,52.03,48.19,52.03,47.3,60703760.0,3062143511.4,15.1445,0,0.1,52.03,True,10.000000000000009
sz.002342,2025-03-13,3.34,3.69,3.25,3.69,3.35,66506501.0,234794795.85,6.9663,0,0.1,3.69,True,10.149253731343277
sz.002342,2025-03-14,4.06,4.06,4.06,4.06,3.69,54795170.0,222468390.2,5.7396,0,0.1,4.06,True,10.027100271002709
sz.002342,2025-03-17,4.47,4.47,4.47,4.47,4.06,10981269.0,49086272.43,1.1502,0,0.1,4.47,True,10.098522167487701
sz.002342,2025-03-18,4.92,4.92,4.92,4.92,4.47,29284711.0,144080778.12,3.0675,0,0.1,4.92,True,10.067114093959727
sz.002342,2025-03-19,5.0,5.41,4.99,5.41,4.92,330152148.0,1746879184.78,34.5821,0,0.1,5.41,True,9.959349593495936
sz.002342,2025-03-20,5.39,5.95,5.35,5.95,5.41,128319407.0,734490618.16,13.441,0,0.1,5.95,True,9.981515711645095
sz.002342,2025-03-26,5.95,6.55,5.91,6.55,5.95,199938139.0,1296519187.35,20.9427,0,0.1,6.55,True,10.084033613445364
sz.002342,2025-04-18,4.23,4.64,4.23,4.64,4.22,109430462.0,494612245.68,11.4624,0,0.1,4.64,True,9.952606635071092
sz.002343,2025-04-16,6.42,7.08,6.28,7.08,6.44,69908397.0,479398383.25,14.7191,0,0.1,7.08,True,9.937888198757761
sz.002345,2025-03-12,8.0,8.7,7.95,8.7,7.91,53644748.0,451620492.2,6.1868,0,0.1,8.7,True,9.987357774968375
sz.002345,2025-04-21,8.77,9.56,8.6,9.56,8.69,33175365.0,309426223.66,3.8261,0,0.1,9.56,True,10.011507479861926
sz.002345,2025-04-29,9.68,10.44,9.67,10.44,9.49,99972860.0,1036916333.9,11.5308,0,0.1,10.44,True,10.01053740779767
sz.002347,2025-03-10,8.22,9.09,8.17,9.09,8.26,60370600.0,528843447.0,12.2361,0,0.1,9.09,True,10.04842615012107
sz.002347,2025-04-09,5.05,5.74,4.7,5.74,5.22,66119148.0,344108280.27,13.4012,0,0.1,5.74,True,9.961685823754806
sz.002353,2025-04-10,30.51,31.64,30.51,31.64,28.76,12161527.0,382675827.54,1.7538,0,0.1,31.64,True,10.01390820584145
sz.002354,2025-04-25,5.49,5.96,5.48,5.96,5.42,175990529.0,1040368151.58,10.8747,0,0.1,5.96,True,9.963099630996307
sz.002354,2025-04-28,6.02,6.56,5.94,6.56,5.96,330435301.0,2073290513.31,20.4182,0,0.1,6.56,True,10.067114093959727
sz.002355,2025-04-30,6.26,6.26,6.26,6.26,5.69,11068802.0,69290700.52,1.7906,0,0.1,6.26,True,10.017574692442865
sz.002358,2025-03-06,5.91,6.46,5.89,6.46,5.87,61938635.0,394413370.2,6.6619,0,0.1,6.46,True,10.051107325383303
sz.002358,2025-03-12,5.92,6.46,5.85,6.46,5.87,67357753.0,418418190.6,7.2448,0,0.1,6.46,True,10.051107325383303
sz.002361,2025-03-07,5.58,6.15,5.55,6.15,5.59,107507934.0,654277055.1,13.4063,0,0.1,6.15,True,10.017889087656528
sz.002361,2025-03-13,6.41,7.03,6.4,7.03,6.39,130688051.0,879461425.72,16.2968,0,0.1,7.03,True,10.015649452269182
sz.002361,2025-03-27,6.32,7.1,6.12,7.1,6.45,156497521.0,1049935017.41,19.5153,0,0.1,7.1,True,10.077519379844958
sz.002363,2025-03-26,7.78,8.51,7.72,8.51,7.74,14444263.0,121521058.13,3.4742,0,0.1,8.51,True,9.948320413436695
sz.002365,2025-04-08,8.49,10.19,8.4,10.19,9.26,59362488.0,549988956.72,24.3285,0,0.1,10.19,True,10.043196544276455
sz.002365,2025-04-21,8.92,9.92,8.71,9.92,9.02,39876002.0,374602238.91,16.2388,0,0.1,9.92,True,9.977827050997789
sz.002365,2025-04-23,10.92,11.25,10.79,11.25,10.23,17115303.0,190166442.25,6.9699,0,0.1,11.25,True,9.97067448680351
sz.002365,2025-04-24,11.71,12.38,11.3,12.38,11.25,50222974.0,604175021.3,20.4524,0,0.1,12.38,True,10.044444444444455
sz.002365,2025-04-28,12.0,13.04,11.6,13.04,11.85,98020136.0,1244178549.43,39.917,0,0.1,13.04,True,10.042194092827007
sz.002365,2025-04-29,13.04,14.34,13.0,14.34,13.04,76797196.0,1070333207.52,31.2743,0,0.1,14.34,True,9.969325153374232
sz.002366,2025-03-25,5.19,5.63,5.16,5.63,5.12,93858586.0,523624792.46,7.4701,0,0.1,5.63,True,9.9609375
sz.002369,2025-03-05,12.5,13.96,12.32,13.96,12.69,286360724.0,3922498723.78,50.625,0,0.1,13.96,True,10.007880220646182
sz.002369,2025-03-06,14.25,15.36,13.69,15.36,13.96,293086649.0,4314452547.47,51.8141,0,0.1,15.36,True,10.028653295128919
sz.002369,2025-04-23,8.19,8.9,8.19,8.9,8.09,43871701.0,383349624.62,7.7515,0,0.1,8.9,True,10.012360939431408
sz.002374,2025-04-09,2.11,2.39,1.97,2.39,2.17,36864134.0,81702233.08,3.397,0,0.1,2.39,True,10.138248847926267
sz.002374,2025-04-17,2.3,2.55,2.29,2.55,2.32,26160620.0,64252349.6,2.4107,0,0.1,2.55,True,9.913793103448265
sz.002376,2025-04-28,6.13,6.74,6.04,6.74,6.13,54932898.0,356328463.01,6.9759,0,0.1,6.74,True,9.951060358890707
sz.002377,2025-03-11,2.71,3.0,2.69,3.0,2.73,72808800.0,211450498.6,8.03,0,0.1,3.0,True,9.8901098901099
sz.002380,2025-04-09,19.79,22.19,19.08,22.19,20.17,14441800.0,301879842.0,10.1557,0,0.1,22.19,True,10.014873574615768
sz.002382,2025-04-29,4.69,4.94,4.69,4.94,4.49,17472968.0,85414236.82,1.7478,0,0.1,4.94,True,10.022271714922049
sz.002383,2025-04-11,7.0,7.77,6.98,7.77,7.06,19417612.0,145025091.4,3.1507,0,0.1,7.77,True,10.056657223796028
sz.002383,2025-04-23,7.89,8.65,7.75,8.65,7.86,66720670.0,552641899.88,9.0119,0,0.1,8.65,True,10.050890585241735
sz.002385,2025-04-08,4.35,4.77,4.08,4.77,4.34,536458624.0,2423987573.4,15.2227,0,0.1,4.77,True,9.907834101382473
sz.002386,2025-04-25,4.53,4.75,4.45,4.75,4.32,109800071.0,515796980.87,8.437,0,0.1,4.75,True,9.953703703703699
sz.002388,2025-03-06,3.36,3.52,3.35,3.52,3.35,24333605.0,83970703.7,4.804,1,0.05,3.52,True,5.074626865671639
sz.002388,2025-04-23,3.16,3.32,3.16,3.32,3.16,10976304.0,35942125.28,2.167,1,0.05,3.32,True,5.063291139240489
sz.002388,2025-04-25,3.43,3.6,3.41,3.6,3.43,18344286.0,65010964.2,3.6216,1,0.05,3.6,True,4.956268221574334
sz.002391,2025-03-24,5.27,5.74,5.26,5.74,5.22,38959177.0,216918968.04,8.3942,0,0.1,5.74,True,9.961685823754806
sz.002397,2025-03-18,3.85,4.18,3.79,4.18,3.8,28970976.0,118385614.68,4.9283,0,0.1,4.18,True,9.999999999999986
sz.002404,2025-04-10,5.5,6.03,5.46,6.03,5.48,30944326.0,181224356.86,6.7892,0,0.1,6.03,True,10.036496350364965
sz.002406,2025-03-12,7.1,7.77,7.1,7.77,7.06,53932397.0,412821644.01,8.9557,0,0.1,7.77,True,10.056657223796028
sz.002406,2025-03-19,8.17,8.99,7.95,8.99,8.17,178963996.0,1557871516.79,29.7178,0,0.1,8.99,True,10.036719706242359
sz.002406,2025-03-20,9.5,9.89,9.49,9.89,8.99,44764413.0,436349441.22,7.4333,0,0.1,9.89,True,10.011123470522797
sz.002406,2025-03-21,10.88,10.88,10.18,10.88,9.89,341355435.0,3643606182.42,56.6836,0,0.1,10.88,True,10.01011122345803
sz.002410,2025-03-06,13.9,15.2,13.84,15.2,13.82,74456673.0,1093354172.81,4.6876,0,0.1,15.2,True,9.985528219971052
sz.002410,2025-04-17,14.18,15.81,14.12,15.81,14.37,68336041.0,1051554707.93,4.3031,0,0.1,15.81,True,10.020876826722347
sz.002418,2025-03-05,3.59,3.75,3.58,3.75,3.41,74198276.0,277324209.0,6.5292,0,0.1,3.75,True,9.97067448680351
sz.002418,2025-04-25,2.85,3.01,2.85,3.01,2.74,78262700.0,232558811.0,6.8869,0,0.1,3.01,True,9.85401459854014
sz.002420,2025-03-10,5.93,6.52,5.92,6.52,5.93,38623998.0,243085028.05,9.7835,0,0.1,6.52,True,9.94940978077572
sz.002422,2025-04-01,32.42,35.45,32.04,35.45,32.23,40456371.0,1393974141.47,3.098,0,0.1,35.45,True,9.990691901954719
sz.002422,2025-04-30,31.94,36.21,31.81,36.21,32.92,41984799.0,1445712888.97,3.2151,0,0.1,36.21,True,9.993924665856625
sz.002424,2025-03-20,4.08,4.25,4.08,4.25,4.05,60392526.0,255040625.51,4.9779,1,0.05,4.25,True,4.938271604938271
sz.002424,2025-03-25,4.09,4.27,4.07,4.27,4.07,34092370.0,143353737.0,2.8101,1,0.05,4.27,True,4.914004914004888
sz.002424,2025-03-26,4.3,4.48,4.23,4.48,4.27,67804310.0,297150565.13,5.5888,1,0.05,4.48,True,4.918032786885274
sz.002425,2025-04-28,2.17,2.24,2.16,2.24,2.13,30426106.0,67591460.74,3.1824,1,0.05,2.24,True,5.164319248826299
sz.002427,2025-03-21,4.15,4.33,4.15,4.33,3.94,15367965.0,66266309.45,1.5595,0,0.1,4.33,True,9.898477157360407
sz.002427,2025-03-24,4.52,4.76,4.16,4.76,4.33,42370099.0,189872968.08,4.2997,0,0.1,4.76,True,9.930715935334877
sz.002427,2025-03-25,5.24,5.24,4.91,5.24,4.76,131359402.0,680983533.15,13.3302,0,0.1,5.24,True,10.084033613445387
sz.002427,2025-03-26,5.76,5.76,5.76,5.76,5.24,17565915.0,101179670.4,1.7826,0,0.1,5.76,True,9.923664122137389
sz.002427,2025-03-27,6.34,6.34,6.23,6.34,5.76,58548550.0,371089400.0,5.9414,0,0.1,6.34,True,10.069444444444443
sz.002427,2025-04-02,4.47,5.09,4.37,5.09,4.63,128075894.0,614812285.49,12.997,0,0.1,5.09,True,9.935205183585305
sz.002427,2025-04-10,4.94,5.57,4.91,5.57,5.06,157459299.0,846281446.2,15.9788,0,0.1,5.57,True,10.079051383399218
sz.002427,2025-04-17,5.3,5.97,5.18,5.97,5.43,111137014.0,635114816.48,11.2781,0,0.1,5.97,True,9.944751381215466
sz.002427,2025-04-18,6.07,6.57,6.0,6.57,5.97,117797128.0,743594639.08,11.9539,0,0.1,6.57,True,10.050251256281406
sz.002427,2025-04-21,6.69,7.23,6.69,7.23,6.57,77645910.0,551980401.03,7.8794,0,0.1,7.23,True,10.045662100456632
sz.002427,2025-04-23,6.75,7.84,6.53,7.84,7.13,166208196.0,1248903568.22,16.8666,0,0.1,7.84,True,9.957924263674611
sz.002427,2025-04-24,7.95,8.62,7.62,8.62,7.84,173453741.0,1419015060.82,17.6019,0,0.1,8.62,True,9.948979591836737
sz.002434,2025-03-12,8.1,8.73,8.1,8.73,7.94,47284365.0,405826126.1,3.6058,0,0.1,8.73,True,9.94962216624684
sz.002436,2025-03-05,12.43,13.67,12.28,13.67,12.43,133380199.0,1733146255.97,8.8929,0,0.1,13.67,True,9.975864843121474
sz.002436,2025-04-30,11.42,12.52,11.36,12.52,11.38,117091410.0,1412869489.94,7.8039,0,0.1,12.52,True,10.017574692442865
sz.002437,2025-04-01,2.45,2.67,2.45,2.67,2.43,154199648.0,403050860.11,7.4371,0,0.1,2.67,True,9.876543209876543
sz.002440,2025-04-29,6.84,7.36,6.68,7.36,6.69,52112075.0,373116047.25,5.5066,0,0.1,7.36,True,10.01494768310911
sz.002442,2025-03-20,6.13,6.73,6.13,6.73,6.12,17331218.0,114776859.14,3.5455,0,0.1,6.73,True,9.967320261437917
sz.002444,2025-04-10,23.73,23.73,23.38,23.73,21.57,27386532.0,649730692.16,2.3961,0,0.1,23.73,True,10.01390820584145
sz.002446,2025-04-18,5.63,6.22,5.59,6.22,5.65,46647766.0,279011556.21,5.503,0,0.1,6.22,True,10.088495575221224
sz.002448,2025-03-18,8.43,9.17,8.28,9.17,8.34,74905085.0,658807214.9,15.3848,0,0.1,9.17,True,9.95203836930456
sz.002448,2025-03-20,9.15,10.0,9.01,10.0,9.09,78981175.0,753415212.49,16.222,0,0.1,10.0,True,10.011001100110018
sz.002453,2025-04-02,5.15,5.63,5.1,5.63,5.12,33995846.0,186568625.78,5.5651,0,0.1,5.63,True,9.9609375
sz.002453,2025-04-11,4.72,5.24,4.67,5.24,4.76,13424300.0,68515334.4,2.1975,0,0.1,5.24,True,10.084033613445387
sz.002453,2025-04-17,5.01,5.57,4.97,5.57,5.06,20050804.0,108777004.28,3.2823,0,0.1,5.57,True,10.079051383399218
sz.002458,2025-04-08,9.3,10.34,9.3,10.34,9.4,68183841.0,678552940.09,9.1049,0,0.1,10.34,True,9.999999999999986
sz.002469,2025-04-23,8.32,9.02,8.08,9.02,8.2,75436961.0,658245359.13,11.9952,0,0.1,9.02,True,10.000000000000009
sz.002469,2025-04-24,9.3,9.92,9.02,9.92,9.02,161246669.0,1533492154.35,25.6397,0,0.1,9.92,True,9.977827050997789
sz.002471,2025-04-02,2.79,3.04,2.73,3.04,2.76,157727831.0,468748341.66,12.0865,0,0.1,3.04,True,10.144927536231885
sz.002471,2025-04-03,3.2,3.34,3.16,3.34,3.04,94956132.0,312287157.99,7.2764,0,0.1,3.34,True,9.868421052631572
sz.002471,2025-04-14,3.01,3.29,2.99,3.29,2.99,55313966.0,178230683.66,4.2386,0,0.1,3.29,True,10.033444816053505
sz.002471,2025-04-30,2.83,2.97,2.82,2.97,2.7,42588955.0,125653756.35,3.2635,0,0.1,2.97,True,10.000000000000009
sz.002479,2025-04-21,4.92,5.26,4.92,5.26,4.78,36964050.0,190950448.06,4.2828,0,0.1,5.26,True,10.041841004184082
sz.002481,2025-04-14,5.14,5.65,5.14,5.65,5.14,48877989.0,270168564.85,4.3713,0,0.1,5.65,True,9.922178988326857
sz.002484,2025-03-10,20.4,22.36,20.35,22.36,20.33,57068330.0,1219088657.48,6.9555,0,0.1,22.36,True,9.98524348253813
sz.002485,2025-04-02,2.6,2.73,2.57,2.73,2.6,7136194.0,19016353.22,1.3118,1,0.05,2.73,True,5.000000000000004
sz.002485,2025-04-25,2.55,2.68,2.55,2.68,2.55,3541700.0,9313464.0,0.651,1,0.05,2.68,True,5.098039215686279
sz.002487,2025-04-14,24.6,25.04,24.6,25.04,22.76,15884179.0,396968250.12,2.5176,0,0.1,25.04,True,10.017574692442865
sz.002489,2025-04-14,3.22,3.5,3.18,3.5,3.18,99725514.0,332409209.18,5.213,0,0.1,3.5,True,10.062893081761004
sz.002490,2025-03-31,3.34,3.34,3.29,3.34,3.18,22776300.0,76038147.0,4.2053,1,0.05,3.34,True,5.031446540880502
sz.002490,2025-04-02,3.35,3.54,3.33,3.54,3.37,16398000.0,57219096.0,3.0276,1,0.05,3.54,True,5.044510385756684
sz.002490,2025-04-15,3.71,3.93,3.69,3.93,3.74,18889901.0,71647986.77,3.4877,1,0.05,3.93,True,5.080213903743314
sz.002490,2025-04-17,3.87,4.01,3.87,4.01,3.82,25196105.0,100337930.91,4.652,1,0.05,4.01,True,4.973821989528804
sz.002491,2025-04-30,4.58,4.61,4.58,4.61,4.19,21776245.0,100338343.45,1.851,0,0.1,4.61,True,10.023866348448696
sz.002492,2025-04-17,5.06,5.62,5.03,5.62,5.11,27851000.0,148946733.5,7.0006,0,0.1,5.62,True,9.980430528375738
sz.002495,2025-04-14,2.35,2.57,2.34,2.57,2.34,85105209.0,212950694.33,11.9206,0,0.1,2.57,True,9.829059829059839
sz.002496,2025-04-29,1.24,1.31,1.24,1.31,1.25,62508378.0,80239873.94,5.2911,1,0.05,1.31,True,4.800000000000004
sz.002501,2025-03-12,2.22,2.35,2.19,2.35,2.14,235521043.0,543878599.67,6.6344,0,0.1,2.35,True,9.81308411214954
sz.002510,2025-04-10,5.38,5.42,5.23,5.42,4.93,67602324.0,361353947.09,6.7276,0,0.1,5.42,True,9.93914807302232
sz.002512,2025-03-04,5.11,5.64,5.06,5.64,5.13,128697586.0,703941878.29,12.275,0,0.1,5.64,True,9.941520467836252
sz.002513,2025-03-12,4.76,5.09,4.7,5.09,4.63,19574577.0,98938944.93,7.4172,0,0.1,5.09,True,9.935205183585305
sz.002513,2025-04-29,4.04,4.43,4.04,4.43,4.03,14125720.0,61229315.8,5.3536,0,0.1,4.43,True,9.92555831265507
sz.002524,2025-03-10,4.43,4.59,4.4,4.59,4.17,36193980.0,165433015.61,7.1206,0,0.1,4.59,True,10.07194244604317
sz.002526,2025-03-05,4.07,4.5,4.01,4.5,4.09,224492227.0,976919352.04,12.7733,0,0.1,4.5,True,10.02444987775062
sz.002528,2025-04-11,2.11,2.22,2.1,2.22,2.11,23799734.0,52408826.73,2.2662,1,0.05,2.22,True,5.213270142180115
sz.002528,2025-04-29,2.02,2.13,2.02,2.13,2.03,12640714.0,26563626.02,1.2036,1,0.05,2.13,True,4.92610837438423
sz.002528,2025-04-30,2.18,2.24,2.14,2.24,2.13,24145480.0,53611053.2,2.3001,1,0.05,2.24,True,5.164319248826299
sz.002529,2025-03-10,7.45,8.03,7.37,8.03,7.3,18829125.0,150575253.75,7.242,0,0.1,8.03,True,9.999999999999986
sz.002529,2025-04-10,5.92,6.41,5.92,6.41,5.83,24375916.0,153284834.67,9.3754,0,0.1,6.41,True,9.948542024013719
sz.002529,2025-04-30,4.85,5.36,4.85,5.36,5.1,29663828.0,149257236.0,11.4092,1,0.05,5.36,True,5.098039215686279
sz.002530,2025-04-28,9.5,10.05,9.5,10.05,9.14,37876400.0,377032339.0,5.4489,0,0.1,10.05,True,9.956236323851208
sz.002533,2025-03-12,10.63,11.73,10.59,11.73,10.66,64958758.0,746948333.34,10.1908,0,0.1,11.73,True,10.037523452157604
sz.002533,2025-04-10,9.34,9.92,9.34,9.92,9.02,32009681.0,310125272.96,5.02,0,0.1,9.92,True,9.977827050997789
sz.002535,2025-03-19,4.26,4.72,4.26,4.72,4.29,63581523.0,289230559.21,8.5191,0,0.1,4.72,True,10.023310023310007
sz.002535,2025-03-26,4.47,4.91,4.47,4.91,4.46,29028345.0,141403565.55,3.8894,0,0.1,4.91,True,10.089686098654704
sz.002535,2025-04-01,4.53,4.97,4.41,4.97,4.52,107421529.0,512082708.34,14.3931,0,0.1,4.97,True,9.95575221238938
sz.002537,2025-04-10,5.55,6.0,5.52,6.0,5.45,53738779.0,318216870.19,4.5773,0,0.1,6.0,True,10.091743119266061
sz.002537,2025-04-11,6.3,6.6,6.2,6.6,6.0,119520074.0,766533057.41,10.1804,0,0.1,6.6,True,9.999999999999986
sz.002537,2025-04-21,6.1,6.73,5.96,6.73,6.12,72599119.0,475739147.61,6.1838,0,0.1,6.73,True,9.967320261437917
sz.002537,2025-04-22,7.4,7.4,7.4,7.4,6.73,18857450.0,139545130.0,1.6062,0,0.1,7.4,True,9.955423476968805
sz.002537,2025-04-23,8.14,8.14,8.14,8.14,7.4,13457240.0,109541933.6,1.1463,0,0.1,8.14,True,10.000000000000009
sz.002537,2025-04-24,8.69,8.95,8.55,8.95,8.14,437555064.0,3876452288.4,37.2699,0,0.1,8.95,True,9.950859950859936
sz.002541,2025-03-31,18.2,20.14,18.08,20.14,18.31,15998392.0,315809376.98,3.2244,0,0.1,20.14,True,9.994538503549988
sz.002544,2025-03-20,21.85,24.16,21.8,24.16,21.96,26120657.0,619428037.18,3.8462,0,0.1,24.16,True,10.018214936247727
sz.002546,2025-04-30,4.75,4.96,4.71,4.96,4.51,53883976.0,261117085.78,6.7251,0,0.1,4.96,True,9.977827050997789
sz.002547,2025-03-20,4.9,5.43,4.86,5.43,4.94,117198050.0,628372413.57,10.608,0,0.1,5.43,True,9.91902834008096
sz.002548,2025-04-08,3.8,4.21,3.8,4.21,3.83,117968021.0,480046086.64,14.664,0,0.1,4.21,True,9.921671018276768
sz.002549,2025-03-27,6.27,6.9,6.19,6.9,6.27,27065350.0,180296827.0,3.9091,0,0.1,6.9,True,10.047846889952172
sz.002549,2025-03-28,7.59,7.59,7.59,7.59,6.9,13857325.0,105177096.75,2.0015,0,0.1,7.59,True,9.999999999999986
sz.002549,2025-03-31,8.35,8.35,8.35,8.35,7.59,24184854.0,201943530.9,3.4931,0,0.1,8.35,True,10.013175230566528
sz.002549,2025-04-02,10.11,10.11,9.2,10.11,9.19,215550862.0,2122664272.55,31.1328,0,0.1,10.11,True,10.010881392818272
sz.002549,2025-04-07,9.1,11.12,9.1,11.12,10.11,223477830.0,2346086505.15,32.2777,0,0.1,11.12,True,9.990108803165176
sz.002549,2025-04-08,10.8,12.23,10.5,12.23,11.12,219043030.0,2499732843.67,31.6372,0,0.1,12.23,True,9.982014388489224
sz.002549,2025-04-22,9.5,10.46,9.31,10.46,9.51,127998964.0,1270778584.6,18.4874,0,0.1,10.46,True,9.989484752891698
sz.002552,2025-04-22,13.66,15.02,13.61,15.02,13.65,13625405.0,195231557.44,4.2548,0,0.1,15.02,True,10.036630036630022
sz.002553,2025-03-04,14.22,15.77,14.18,15.77,14.34,36029700.0,560176698.0,14.3659,0,0.1,15.77,True,9.97210599721059
sz.002553,2025-03-18,17.23,19.27,17.18,19.27,17.52,73051108.0,1369057161.16,29.1272,0,0.1,19.27,True,9.988584474885842
sz.002553,2025-03-19,19.83,21.2,19.29,21.2,19.27,133543337.0,2731677295.15,53.2469,0,0.1,21.2,True,10.015568240788797
sz.002553,2025-03-20,21.0,23.32,20.5,23.32,21.2,112127009.0,2525155064.82,44.7077,0,0.1,23.32,True,10.000000000000009
sz.002553,2025-03-21,23.32,25.65,22.78,25.65,23.32,118606726.0,2930579850.11,47.2914,0,0.1,25.65,True,9.991423670668942
sz.002553,2025-03-25,22.86,25.4,22.2,25.4,23.09,108573806.0,2697649754.27,43.291,0,0.1,25.4,True,10.004330879168455
sz.002553,2025-03-26,25.37,27.94,24.96,27.94,25.4,82475449.0,2238989960.42,32.8849,0,0.1,27.94,True,10.000000000000009
sz.002553,2025-04-15,18.09,19.71,18.0,19.71,17.92,63434604.0,1188464231.2,25.2929,0,0.1,19.71,True,9.98883928571428
sz.002553,2025-04-23,18.85,20.6,18.85,20.6,18.73,50531305.0,1011771860.0,20.148,0,0.1,20.6,True,9.983982915109447
sz.002553,2025-04-30,20.65,21.79,20.41,21.79,19.81,80072018.0,1693442331.66,31.9266,0,0.1,21.79,True,9.994952044422
sz.002554,2025-03-21,2.76,2.96,2.76,2.96,2.69,108406250.0,317566461.18,8.1296,0,0.1,2.96,True,10.03717472118959
sz.002556,2025-04-08,5.01,5.41,5.0,5.41,4.92,29362800.0,154559551.5,3.151,0,0.1,5.41,True,9.959349593495936
sz.002559,2025-03-18,10.77,11.66,10.73,11.66,10.6,112527009.0,1264757394.62,22.4824,0,0.1,11.66,True,10.000000000000009
sz.002559,2025-03-20,11.74,13.12,11.45,13.12,11.93,212434808.0,2631201190.37,42.4436,0,0.1,13.12,True,9.974853310980713
sz.002562,2025-04-15,3.92,4.28,3.92,4.28,3.89,53644413.0,225251340.6,7.6468,0,0.1,4.28,True,10.025706940874034
sz.002562,2025-04-17,4.18,4.42,4.05,4.42,4.02,88185617.0,377984973.1,12.5705,0,0.1,4.42,True,9.950248756218905
sz.002563,2025-04-01,6.94,7.24,6.91,7.24,6.58,36645755.0,263357431.9,1.6644,0,0.1,7.24,True,10.030395136778125
sz.002564,2025-04-11,3.79,3.99,3.78,3.99,3.8,16935500.0,66557654.0,1.9729,1,0.05,3.99,True,5.000000000000004
sz.002564,2025-04-15,4.39,4.39,4.39,4.39,3.99,1159000.0,5088010.0,0.135,0,0.1,4.39,True,10.02506265664158
sz.002564,2025-04-16,4.83,4.83,4.83,4.83,4.39,2092400.0,10106292.0,0.2438,0,0.1,4.83,True,10.022779043280195
sz.002564,2025-04-18,4.91,5.25,4.66,5.25,4.77,187925371.0,953703736.56,21.8921,0,0.1,5.25,True,10.062893081761025
sz.002564,2025-04-22,5.02,5.6,4.76,5.6,5.09,197437707.0,1058703115.36,23.0002,0,0.1,5.6,True,10.019646365422386
sz.002564,2025-04-24,5.17,5.65,4.96,5.65,5.14,143826292.0,789895780.8,16.7453,0,0.1,5.65,True,9.922178988326857
sz.002564,2025-04-28,5.28,5.83,5.2,5.83,5.3,103768082.0,585978450.66,12.0814,0,0.1,5.83,True,10.000000000000009
sz.002565,2025-04-21,3.05,3.36,3.05,3.36,3.05,93238690.0,305914042.86,8.7965,0,0.1,3.36,True,10.163934426229515
sz.002565,2025-04-22,3.38,3.7,3.35,3.7,3.36,101523497.0,365771003.86,9.5781,0,0.1,3.7,True,10.119047619047628
sz.002566,2025-04-10,6.7,7.32,6.64,7.32,6.65,16807898.0,120071987.36,7.2513,0,0.1,7.32,True,10.075187969924816
sz.002566,2025-04-17,7.4,8.12,7.3,8.12,7.38,22655560.0,176252211.25,9.7742,0,0.1,8.12,True,10.027100271002709
sz.002567,2025-04-08,4.81,5.27,4.81,5.27,4.79,206150771.0,1055425407.27,14.4009,0,0.1,5.27,True,10.020876826722326
sz.002568,2025-04-29,24.15,26.33,24.13,26.33,23.94,18679194.0,475990573.08,2.6016,0,0.1,26.33,True,9.983291562238916
sz.002569,2025-03-26,6.91,7.2,6.87,7.2,6.86,869301.0,6155416.03,0.6215,1,0.05,7.2,True,4.956268221574334
sz.002569,2025-04-02,6.88,7.31,6.81,7.31,6.96,2871200.0,20630551.0,2.0526,1,0.05,7.31,True,5.028735632183912
sz.002569,2025-04-10,6.5,6.77,6.49,6.77,6.45,1673720.0,11152470.6,1.1965,1,0.05,6.77,True,4.961240310077519
sz.002569,2025-04-24,6.72,6.96,6.72,6.96,6.63,2998710.0,20697600.0,2.1438,1,0.05,6.96,True,4.977375565610864
sz.002569,2025-04-30,6.4,6.75,6.36,6.75,6.43,4441450.0,29497304.0,3.1735,1,0.05,6.75,True,4.976671850699854
sz.002570,2025-03-14,4.39,4.62,4.35,4.62,4.2,94649886.0,431567934.78,8.7639,0,0.1,4.62,True,10.000000000000009
sz.002570,2025-03-17,5.08,5.08,5.08,5.08,4.62,22800095.0,115824482.6,2.1111,0,0.1,5.08,True,9.956709956709965
sz.002570,2025-03-18,5.59,5.59,5.59,5.59,5.08,95603600.0,534424124.0,8.8522,0,0.1,5.59,True,10.039370078740163
sz.002570,2025-03-25,4.65,5.16,4.5,5.16,4.69,303240463.0,1506212924.67,28.0779,0,0.1,5.16,True,10.021321961620465
sz.002570,2025-04-08,4.81,5.21,4.81,5.21,4.74,128732559.0,658761385.61,11.9197,0,0.1,5.21,True,9.915611814345993
sz.002570,2025-04-09,5.3,5.73,5.11,5.73,5.21,373552938.0,2027924458.55,34.5884,0,0.1,5.73,True,9.98080614203456
sz.002570,2025-04-10,5.5,6.3,5.41,6.3,5.73,296409898.0,1786905102.77,27.4455,0,0.1,6.3,True,9.947643979057585
sz.002570,2025-04-11,6.51,6.93,6.38,6.93,6.3,471673441.0,3165769729.13,43.6737,0,0.1,6.93,True,10.000000000000009
sz.002570,2025-04-16,6.65,7.3,6.4,7.3,6.64,480819843.0,3292790168.18,44.5205,0,0.1,7.3,True,9.93975903614459
sz.002571,2025-03-17,5.77,6.29,5.73,6.29,5.72,34932701.0,213966921.29,11.7104,0,0.1,6.29,True,9.965034965034981
sz.002571,2025-04-02,5.97,6.49,5.81,6.49,5.9,14925600.0,93295114.0,5.0034,0,0.1,6.49,True,9.999999999999986
sz.002574,2025-03-11,4.88,5.38,4.82,5.38,4.89,21268491.0,110088982.8,4.0281,0,0.1,5.38,True,10.020449897750506
sz.002574,2025-03-12,5.92,5.92,5.92,5.92,5.38,17664262.0,104572431.04,3.3455,0,0.1,5.92,True,10.03717472118959
sz.002574,2025-03-13,6.51,6.51,6.25,6.51,5.92,35232311.0,228830875.61,6.6728,0,0.1,6.51,True,9.966216216216207
sz.002574,2025-03-14,7.16,7.16,7.16,7.16,6.51,10059824.0,72028339.84,1.9053,0,0.1,7.16,True,9.984639016897079
sz.002574,2025-03-17,7.3,7.88,7.14,7.88,7.16,145581342.0,1104065643.86,27.5722,0,0.1,7.88,True,10.05586592178771
sz.002574,2025-03-18,7.88,8.67,7.2,8.67,7.88,161392745.0,1319387389.84,30.5668,0,0.1,8.67,True,10.025380710659903
sz.002574,2025-04-02,5.98,6.64,5.85,6.64,6.04,85389946.0,538543871.57,16.1723,0,0.1,6.64,True,9.93377483443707
sz.002575,2025-03-03,12.49,12.49,12.49,12.49,11.35,1736400.0,21687636.0,0.3003,0,0.1,12.49,True,10.044052863436125
sz.002575,2025-03-06,11.67,12.78,11.66,12.78,11.62,260545809.0,3229652895.13,45.0539,0,0.1,12.78,True,9.982788296041312
sz.002580,2025-03-18,17.16,17.96,17.15,17.96,16.33,111270698.0,1977655918.23,24.599,0,0.1,17.96,True,9.981628903857942
sz.002581,2025-03-03,9.49,10.42,9.49,10.42,9.47,13867966.0,141629779.72,3.4601,0,0.1,10.42,True,10.031678986272441
sz.002581,2025-04-30,5.69,6.61,5.69,6.61,6.01,42946976.0,269794527.21,10.7155,0,0.1,6.61,True,9.98336106489186
sz.002582,2025-04-02,9.0,9.9,8.9,9.9,9.0,53148409.0,511673140.31,15.447,0,0.1,9.9,True,10.000000000000009
sz.002582,2025-04-21,10.52,11.59,10.4,11.59,10.54,63394198.0,708898029.26,18.4248,0,0.1,11.59,True,9.962049335863377
sz.002582,2025-04-24,11.8,12.0,11.52,12.0,10.91,66675965.0,790746141.65,19.3787,0,0.1,12.0,True,9.990834097158574
sz.002583,2025-04-18,10.65,11.76,10.65,11.76,10.69,113386605.0,1313040327.08,8.8406,0,0.1,11.76,True,10.009354536950422
sz.002583,2025-04-21,12.58,12.94,12.4,12.94,11.76,192963663.0,2453881811.97,15.0451,0,0.1,12.94,True,10.034013605442183
sz.002584,2025-03-27,7.55,8.34,7.53,8.34,7.58,112791280.0,920956578.7,26.0794,0,0.1,8.34,True,10.026385224274414
sz.002584,2025-04-17,8.14,9.04,8.1,9.04,8.22,61198813.0,548061150.6,14.1503,0,0.1,9.04,True,9.975669099756669
sz.002584,2025-04-22,9.15,10.18,8.98,10.18,9.25,122784025.0,1158907531.55,28.3899,0,0.1,10.18,True,10.05405405405404
sz.002584,2025-04-24,9.71,10.78,9.54,10.78,9.8,128263738.0,1311680873.18,29.657,0,0.1,10.78,True,9.999999999999986
sz.002586,2025-03-12,2.24,2.32,2.22,2.32,2.21,6109800.0,14055420.0,0.6812,1,0.05,2.32,True,4.977375565610864
sz.002586,2025-03-14,2.36,2.47,2.36,2.47,2.35,13785836.0,33830020.0,1.537,1,0.05,2.47,True,5.106382978723412
sz.002586,2025-03-17,2.5,2.59,2.48,2.59,2.47,13666214.0,34885728.72,1.5236,1,0.05,2.59,True,4.85829959514168
sz.002586,2025-03-18,2.63,2.72,2.63,2.72,2.59,5895050.0,15879355.0,0.6572,1,0.05,2.72,True,5.0193050193050315
sz.002586,2025-03-19,2.86,2.86,2.86,2.86,2.72,1320970.0,3777974.2,0.1473,1,0.05,2.86,True,5.1470588235293935
sz.002586,2025-03-20,3.0,3.0,3.0,3.0,2.86,1024030.0,3072090.0,0.1142,1,0.05,3.0,True,4.895104895104896
sz.002586,2025-03-26,2.72,2.9,2.71,2.9,2.76,9333400.0,25966139.04,1.0406,1,0.05,2.9,True,5.072463768115942
sz.002586,2025-04-21,3.01,3.01,3.01,3.01,2.87,1995920.0,6007719.2,0.2225,1,0.05,3.01,True,4.878048780487787
sz.002587,2025-04-29,5.61,5.67,5.38,5.67,5.15,22868808.0,127919161.36,4.4386,0,0.1,5.67,True,10.097087378640769
sz.002588,2025-04-08,7.04,7.63,7.04,7.63,6.94,41627278.0,310530103.32,4.0829,0,0.1,7.63,True,9.942363112391917
sz.002592,2025-04-28,5.29,5.29,5.29,5.29,5.04,1313445.0,6948124.05,0.4999,1,0.05,5.29,True,4.960317460317465
sz.002598,2025-03-26,10.27,11.31,10.27,11.31,10.28,17451099.0,192305083.69,6.1866,0,0.1,11.31,True,10.019455252918297
sz.002602,2025-04-10,6.1,6.23,6.06,6.23,5.93,120996626.0,745788519.76,1.759,1,0.05,6.23,True,5.059021922428353
sz.002602,2025-04-29,7.4,7.4,7.4,7.4,7.05,38286258.0,283318309.2,0.5566,1,0.05,7.4,True,4.964539007092217
sz.002609,2025-03-06,8.51,9.32,8.5,9.32,8.47,19179328.0,175292582.18,4.1748,0,0.1,9.32,True,10.035419126328215
sz.002609,2025-04-11,8.25,9.13,8.15,9.13,8.3,18707911.0,164049446.33,4.0722,0,0.1,9.13,True,10.000000000000009
sz.002611,2025-04-10,11.25,11.26,10.76,11.26,10.24,96441434.0,1073646229.24,9.623,0,0.1,11.26,True,9.9609375
sz.002620,2025-04-09,3.28,3.43,3.23,3.43,3.12,31785500.0,107922851.5,10.0878,0,0.1,3.43,True,9.935897435897445
sz.002620,2025-04-30,3.53,3.53,3.42,3.53,3.36,62558966.0,220097065.44,19.8362,1,0.05,3.53,True,5.059523809523814
sz.002622,2025-03-10,3.0,3.2,3.0,3.2,2.91,53846400.0,171139951.0,6.4105,0,0.1,3.2,True,9.965635738831624
sz.002625,2025-04-10,36.1,38.69,35.58,38.69,35.17,52936616.0,1984397819.49,2.4569,0,0.1,38.69,True,10.008529997156646
sz.002626,2025-04-10,13.98,14.89,13.98,14.89,13.54,15481723.0,225720209.57,2.5386,0,0.1,14.89,True,9.970457902511098
sz.002627,2025-04-22,5.4,5.93,5.33,5.93,5.39,77432021.0,447538054.41,10.797,0,0.1,5.93,True,10.018552875695729
sz.002627,2025-04-25,5.69,6.16,5.56,6.16,5.6,74406442.0,436694474.24,10.3751,0,0.1,6.16,True,10.000000000000009
sz.002629,2025-03-18,4.97,5.48,4.96,5.48,4.98,60666401.0,319820085.73,17.0435,0,0.1,5.48,True,10.040160642570273
sz.002629,2025-04-18,4.79,5.24,4.67,5.24,4.76,36103975.0,179089350.0,10.143,0,0.1,5.24,True,10.084033613445387
sz.002629,2025-04-21,5.59,5.76,5.42,5.76,5.24,55636404.0,312794916.35,15.6304,0,0.1,5.76,True,9.923664122137389
sz.002630,2025-03-17,4.35,4.75,4.35,4.75,4.32,106177171.0,488801796.63,10.0197,0,0.1,4.75,True,9.953703703703699
sz.002630,2025-03-24,4.58,5.09,4.46,5.09,4.63,133589192.0,652008982.08,12.6065,0,0.1,5.09,True,9.935205183585305
sz.002630,2025-03-25,5.46,5.6,5.07,5.6,5.09,266031566.0,1432731860.37,25.1047,0,0.1,5.6,True,10.019646365422386
sz.002630,2025-04-09,3.66,4.2,3.5,4.2,3.82,179390049.0,715217367.91,16.9286,0,0.1,4.2,True,9.947643979057608
sz.002631,2025-03-04,4.27,4.75,4.26,4.75,4.32,47559360.0,216035032.71,5.9931,0,0.1,4.75,True,9.953703703703699
sz.002631,2025-03-28,4.39,4.83,4.29,4.83,4.39,63134468.0,297669178.24,7.9557,0,0.1,4.83,True,10.022779043280195
sz.002631,2025-04-17,4.54,5.04,4.54,5.04,4.58,35425264.0,177365661.56,4.464,0,0.1,5.04,True,10.043668122270732
sz.002633,2025-03-19,11.81,12.97,11.61,12.97,11.79,12883492.0,162810902.87,8.6298,0,0.1,12.97,True,10.008481764206966
sz.002633,2025-03-20,13.07,14.27,12.66,14.27,12.97,26362038.0,352481249.28,17.6581,0,0.1,14.27,True,10.023130300693905
sz.002633,2025-03-21,14.24,15.7,13.83,15.7,14.27,23270330.0,355702359.69,15.5872,0,0.1,15.7,True,10.021023125437978
sz.002634,2025-04-23,3.35,3.64,3.33,3.64,3.31,21900482.0,77182671.36,4.9048,0,0.1,3.64,True,9.969788519637458
sz.002634,2025-04-24,3.8,4.0,3.45,4.0,3.64,25284300.0,96408650.0,5.6626,0,0.1,4.0,True,9.890109890109876
sz.002638,2025-03-12,2.18,2.37,2.14,2.37,2.15,93346500.0,212346115.0,6.9297,0,0.1,2.37,True,10.232558139534898
sz.002639,2025-03-25,7.7,8.61,7.62,8.61,7.83,128345262.0,1066001420.57,19.7278,0,0.1,8.61,True,9.961685823754785
sz.002639,2025-03-28,8.26,8.92,8.26,8.92,8.11,206488112.0,1820189439.98,31.739,0,0.1,8.92,True,9.987669543773126
sz.002639,2025-04-14,7.4,7.92,7.4,7.92,7.2,66461694.0,515974911.48,10.2157,0,0.1,7.92,True,9.999999999999986
sz.002640,2025-04-10,3.19,3.19,3.16,3.19,2.9,59735454.0,190545884.26,4.2754,0,0.1,3.19,True,10.000000000000009
sz.002640,2025-04-11,3.51,3.51,3.38,3.51,3.19,100977287.0,352505498.05,7.2272,0,0.1,3.51,True,10.03134796238243
sz.002640,2025-04-14,3.6,3.86,3.49,3.86,3.51,394567541.0,1467969955.5,28.2404,0,0.1,3.86,True,9.971509971509974
sz.002640,2025-04-21,3.47,3.81,3.47,3.81,3.46,139283005.0,520216243.59,9.9689,0,0.1,3.81,True,10.115606936416178
sz.002640,2025-04-22,4.19,4.19,4.19,4.19,3.81,50450000.0,211385500.0,3.6109,0,0.1,4.19,True,9.973753280839915
sz.002642,2025-03-20,8.73,9.7,8.7,9.7,8.82,85509350.0,798427312.0,12.9422,0,0.1,9.7,True,9.977324263038545
sz.002645,2025-03-19,7.72,8.51,7.7,8.51,7.74,41454525.0,343685132.92,8.1432,0,0.1,8.51,True,9.948320413436695
sz.002645,2025-03-26,8.2,9.23,8.2,9.23,8.39,50214878.0,444344151.55,9.864,0,0.1,9.23,True,10.011918951132293
sz.002645,2025-03-28,8.85,9.57,8.39,9.57,8.7,58832066.0,525818630.62,11.5567,0,0.1,9.57,True,10.000000000000009
sz.002647,2025-03-13,5.51,5.51,5.51,5.51,5.25,442800.0,2439828.0,0.0653,1,0.05,5.51,True,4.9523809523809526
sz.002647,2025-03-14,5.79,5.79,5.79,5.79,5.51,142258.0,823673.82,0.021,1,0.05,5.79,True,5.081669691470059
sz.002647,2025-03-17,6.08,6.08,5.99,6.08,5.79,8122106.0,49296590.48,1.1984,1,0.05,6.08,True,5.0086355785837755
sz.002647,2025-03-21,6.0,6.26,5.98,6.26,5.96,29778825.0,183786801.31,4.3939,1,0.05,6.26,True,5.033557046979853
sz.002647,2025-04-10,5.12,5.33,5.12,5.33,5.08,16203793.0,84893443.18,2.3909,1,0.05,5.33,True,4.921259842519676
sz.002648,2025-04-23,16.85,17.42,16.7,17.42,15.84,122087912.0,2106413874.97,3.6266,0,0.1,17.42,True,9.974747474747492
sz.002648,2025-04-25,18.96,19.15,18.39,19.15,17.41,303482365.0,5727177603.91,9.0148,0,0.1,19.15,True,9.994256174612293
sz.002650,2025-03-18,4.82,5.03,4.77,5.03,4.79,10406057.0,51555254.87,0.9033,1,0.05,5.03,True,5.0104384133611735
sz.002650,2025-04-22,5.01,5.24,4.96,5.24,4.99,9562900.0,49137819.5,0.8301,1,0.05,5.24,True,5.010020040080154
sz.002650,2025-04-28,5.15,5.34,5.15,5.34,5.09,9573100.0,50585308.0,0.831,1,0.05,5.34,True,4.911591355599221
sz.002650,2025-04-29,5.49,5.61,5.4,5.61,5.34,6461318.0,35795192.82,0.5609,1,0.05,5.61,True,5.0561797752809
sz.002651,2025-04-21,6.24,6.83,6.21,6.83,6.21,26872103.0,180862954.49,4.7522,0,0.1,6.83,True,9.98389694041868
sz.002653,2025-04-11,42.73,47.45,41.81,47.45,43.14,8021261.0,356315623.71,1.497,0,0.1,47.45,True,9.990727862772374
sz.002655,2025-03-19,12.78,14.12,12.61,14.12,12.84,37969400.0,512313148.61,10.5503,0,0.1,14.12,True,9.968847352024923
sz.002655,2025-03-20,15.53,15.53,14.79,15.53,14.12,91958659.0,1412764900.3,25.5518,0,0.1,15.53,True,9.985835694051005
sz.002655,2025-03-31,15.33,16.57,14.75,16.57,15.06,87618002.0,1414609372.98,24.3457,0,0.1,16.57,True,10.02656042496679
sz.002656,2025-03-25,2.13,2.19,2.08,2.19,2.09,10403388.0,22411462.72,1.707,1,0.05,2.19,True,4.784688995215314
sz.002656,2025-04-10,1.95,2.05,1.95,2.05,1.95,12474900.0,25377407.0,2.0469,1,0.05,2.05,True,5.128205128205132
sz.002656,2025-04-11,2.05,2.15,2.03,2.15,2.05,12067874.0,25332799.12,1.9801,1,0.05,2.15,True,4.878048780487809
sz.002656,2025-04-14,2.26,2.26,2.26,2.26,2.15,1200400.0,2712904.0,0.197,1,0.05,2.26,True,5.116279069767438
sz.002656,2025-04-15,2.37,2.37,2.37,2.37,2.26,1088510.0,2579768.7,0.1786,1,0.05,2.37,True,4.86725663716816
sz.002656,2025-04-16,2.49,2.49,2.48,2.49,2.37,16078700.0,40035097.0,2.6382,1,0.05,2.49,True,5.063291139240511
sz.002656,2025-04-30,2.23,2.29,2.2,2.29,2.18,6720480.0,15127600.2,1.1027,1,0.05,2.29,True,5.045871559633031
sz.002657,2025-03-06,20.1,21.34,20.04,21.34,19.4,42949706.0,891981190.72,12.7691,0,0.1,21.34,True,10.000000000000009
sz.002657,2025-04-23,18.63,20.1,18.63,20.1,18.27,23953432.0,474440995.2,7.1214,0,0.1,20.1,True,10.016420361247969
sz.002664,2025-03-17,18.2,19.7,18.01,19.7,17.91,26298669.0,499819315.2,6.5463,0,0.1,19.7,True,9.994416527079842
sz.002664,2025-04-30,15.82,17.23,15.5,17.23,15.66,24739500.0,408488427.99,6.1453,0,0.1,17.23,True,10.025542784163477
sz.002667,2025-03-24,10.1,11.11,9.96,11.11,10.1,26691000.0,282157474.0,11.3057,0,0.1,11.11,True,10.000000000000009
sz.002667,2025-04-01,11.26,12.41,11.18,12.41,11.28,25035653.0,301852742.08,10.6045,0,0.1,12.41,True,10.017730496453915
sz.002667,2025-04-14,13.54,14.05,13.21,14.05,12.77,11768336.0,163600520.44,4.9848,0,0.1,14.05,True,10.023492560689128
sz.002667,2025-04-30,12.75,13.41,12.45,13.41,12.19,26515861.0,344088470.18,11.2515,0,0.1,13.41,True,10.008203445447084
sz.002672,2025-03-10,4.06,4.47,4.06,4.47,4.06,16894715.0,74289983.09,1.8666,0,0.1,4.47,True,10.098522167487701
sz.002672,2025-04-22,3.92,4.28,3.87,4.28,3.89,8252550.0,33975701.0,0.9118,0,0.1,4.28,True,10.025706940874034
sz.002675,2025-04-14,13.15,14.26,13.09,14.26,12.96,22722955.0,320823020.14,3.0567,0,0.1,14.26,True,10.030864197530853
sz.002678,2025-03-14,4.63,5.08,4.62,5.08,4.62,13798791.0,67726581.86,1.0164,0,0.1,5.08,True,9.956709956709965
sz.002678,2025-04-22,4.42,4.84,4.35,4.84,4.4,36142573.0,172242553.12,2.6623,0,0.1,4.84,True,9.999999999999986
sz.002679,2025-03-04,8.35,9.17,8.25,9.17,8.34,7149840.0,64167882.8,3.0327,0,0.1,9.17,True,9.95203836930456
sz.002681,2025-03-24,8.7,9.13,8.61,9.13,8.3,348873258.0,3158879212.02,22.6037,0,0.1,9.13,True,10.000000000000009
sz.002682,2025-03-24,5.01,5.42,5.0,5.42,4.93,95533418.0,504030143.33,16.9879,0,0.1,5.42,True,9.93914807302232
sz.002682,2025-03-26,5.02,5.67,5.02,5.67,5.15,66539910.0,357325734.7,11.8323,0,0.1,5.67,True,10.097087378640769
sz.002685,2025-04-09,4.91,5.53,4.6,5.53,5.03,53144303.0,272411258.11,5.2746,0,0.1,5.53,True,9.940357852882698
sz.002685,2025-04-11,5.95,6.29,5.91,6.29,5.72,74995290.0,459810849.1,7.4436,0,0.1,6.29,True,9.965034965034981
sz.002686,2025-03-26,6.43,7.08,6.34,7.08,6.44,22237550.0,152940241.0,4.2541,0,0.1,7.08,True,9.937888198757761
sz.002686,2025-03-27,7.79,7.79,7.79,7.79,7.08,8413557.0,65541609.03,1.6095,0,0.1,7.79,True,10.028248587570632
sz.002688,2025-03-27,4.81,5.25,4.72,5.25,4.77,65084060.0,328893581.29,8.7354,0,0.1,5.25,True,10.062893081761025
sz.002688,2025-04-01,4.67,5.19,4.65,5.19,4.72,29188351.0,147628424.85,3.9176,0,0.1,5.19,True,9.957627118644075
sz.002688,2025-04-03,5.94,5.94,5.94,5.94,5.4,25714580.0,152744605.2,3.4513,0,0.1,5.94,True,10.000000000000009
sz.002688,2025-04-07,6.53,6.53,6.53,6.53,5.94,26912255.0,175737025.15,3.6121,0,0.1,6.53,True,9.932659932659927
sz.002688,2025-04-08,7.18,7.18,7.18,7.18,6.53,23919508.0,171742067.44,3.2104,0,0.1,7.18,True,9.954058192955584
sz.002688,2025-04-09,7.9,7.9,7.9,7.9,7.18,7445250.0,58817475.0,0.9993,0,0.1,7.9,True,10.027855153203348
sz.002693,2025-04-10,7.28,7.93,7.22,7.93,7.21,19325600.0,148499211.56,4.6977,0,0.1,7.93,True,9.986130374479885
sz.002693,2025-04-14,8.53,9.23,8.29,9.23,8.39,50979501.0,449416061.23,12.3923,0,0.1,9.23,True,10.011918951132293
sz.002693,2025-04-15,9.14,10.15,9.07,10.15,9.23,72131861.0,704241526.16,17.534,0,0.1,10.15,True,9.967497291440953
sz.002693,2025-04-17,11.58,12.29,11.58,12.29,11.17,34492688.0,416303907.84,8.3846,0,0.1,12.29,True,10.026857654431499
sz.002693,2025-04-24,8.61,10.53,8.61,10.53,9.57,96280867.0,936065023.51,23.4042,0,0.1,10.53,True,10.03134796238243
sz.002695,2025-04-22,10.0,11.03,9.88,11.03,10.03,21775033.0,228731415.89,4.2587,0,0.1,11.03,True,9.970089730807574
sz.002696,2025-04-11,5.13,5.68,5.08,5.68,5.16,24078197.0,134239689.36,7.1773,0,0.1,5.68,True,10.077519379844958
sz.002697,2025-03-04,5.62,5.62,5.62,5.62,5.11,33002526.0,185474196.12,3.0627,0,0.1,5.62,True,9.980430528375738
sz.002697,2025-04-08,4.9,5.38,4.9,5.38,4.89,63683699.0,334051925.27,5.9099,0,0.1,5.38,True,10.020449897750506
sz.002697,2025-04-23,6.2,6.9,6.1,6.9,6.27,156805600.0,1024498144.81,14.5942,0,0.1,6.9,True,10.047846889952172
sz.002700,2025-03-05,11.16,11.16,11.16,11.16,10.63,4129785.0,46088400.6,1.2337,1,0.05,11.16,True,4.985888993414855
sz.002702,2025-04-22,4.28,4.62,4.2,4.62,4.2,47457477.0,213072493.14,10.2744,0,0.1,4.62,True,10.000000000000009
sz.002703,2025-04-23,12.01,12.01,12.01,12.01,10.92,7927950.0,95214679.5,1.3528,0,0.1,12.01,True,9.98168498168499
sz.002706,2025-03-06,8.38,9.14,8.35,9.14,8.31,118791435.0,1061561284.25,12.9871,0,0.1,9.14,True,9.987966305655839
sz.002707,2025-04-09,7.3,8.13,6.83,8.13,7.39,105461766.0,815028933.59,12.78,0,0.1,8.13,True,10.01353179972937
sz.002708,2025-03-17,11.43,12.56,11.24,12.56,11.42,56725229.0,680645549.24,11.0361,0,0.1,12.56,True,9.982486865148864
sz.002708,2025-03-26,11.91,13.22,11.91,13.22,12.02,29187591.0,376668710.02,5.6786,0,0.1,13.22,True,9.98336106489186
sz.002708,2025-04-23,10.35,11.24,10.35,11.24,10.22,35605293.0,390921880.72,6.9272,0,0.1,11.24,True,9.980430528375738
sz.002712,2025-04-15,5.25,5.56,5.16,5.56,5.05,19862630.0,108564841.57,3.6721,0,0.1,5.56,True,10.099009900990087
sz.002713,2025-03-10,4.49,4.91,4.48,4.91,4.46,35949882.0,171810046.88,8.7392,0,0.1,4.91,True,10.089686098654704
sz.002713,2025-03-19,5.83,5.83,5.83,5.83,5.3,15291960.0,89152126.8,3.7174,0,0.1,5.83,True,10.000000000000009
sz.002713,2025-03-20,6.41,6.41,6.41,6.41,5.83,4233400.0,27136094.0,1.0291,0,0.1,6.41,True,9.948542024013719
sz.002713,2025-03-21,7.05,7.05,7.05,7.05,6.41,4934020.0,34784841.0,1.1994,0,0.1,7.05,True,9.98439937597504
sz.002713,2025-04-30,4.15,4.25,4.11,4.25,4.05,42050056.0,177096665.38,10.2473,1,0.05,4.25,True,4.938271604938271
sz.002715,2025-03-18,15.51,16.93,15.41,16.93,15.39,10353708.0,169483801.27,7.5027,0,0.1,16.93,True,10.00649772579596
sz.002715,2025-04-17,14.99,16.42,14.99,16.42,14.93,6156950.0,99065426.46,4.4616,0,0.1,16.42,True,9.979906229068991
sz.002716,2025-04-21,3.65,3.97,3.65,3.97,3.61,236144074.0,912201528.75,10.6829,0,0.1,3.97,True,9.972299168975084
sz.002717,2025-04-15,2.9,3.2,2.89,3.2,2.91,157824594.0,494211127.8,9.8594,0,0.1,3.2,True,9.965635738831624
sz.002719,2025-03-14,7.8,8.36,7.75,8.36,7.6,16144780.0,130678770.6,9.9738,0,0.1,8.36,True,9.999999999999986
sz.002719,2025-04-15,7.42,8.18,7.4,8.18,7.44,12626700.0,101064399.0,7.8004,0,0.1,8.18,True,9.946236559139777
sz.002719,2025-04-16,8.2,9.0,8.09,9.0,8.18,59010635.0,511703554.81,36.4551,0,0.1,9.0,True,10.02444987775062
sz.002719,2025-04-17,8.91,9.9,8.38,9.9,9.0,59493850.0,545782774.53,36.7536,0,0.1,9.9,True,10.000000000000009
sz.002724,2025-03-13,5.03,5.52,4.88,5.52,5.02,17982303.0,94295662.39,3.145,0,0.1,5.52,True,9.960159362549792
sz.002724,2025-03-14,6.07,6.07,6.07,6.07,5.52,5422584.0,32915084.88,0.9484,0,0.1,6.07,True,9.96376811594204
sz.002724,2025-03-17,6.68,6.68,6.68,6.68,6.07,5549406.0,37070032.08,0.9706,0,0.1,6.68,True,10.049423393739687
sz.002724,2025-03-18,7.35,7.35,7.17,7.35,6.68,89884998.0,659818527.36,15.7206,0,0.1,7.35,True,10.029940119760482
sz.002724,2025-03-20,7.07,8.02,6.85,8.02,7.29,95151732.0,715774792.23,16.6417,0,0.1,8.02,True,10.013717421124824
sz.002724,2025-03-24,8.06,9.33,7.63,9.33,8.48,123065083.0,1031519431.11,21.5237,0,0.1,9.33,True,10.023584905660377
sz.002725,2025-03-04,13.99,13.99,13.99,13.99,12.72,2150000.0,30078500.0,1.0145,0,0.1,13.99,True,9.984276729559749
sz.002725,2025-03-05,15.39,15.39,15.39,15.39,13.99,1527260.0,23504531.4,0.7207,0,0.1,15.39,True,10.007147962830597
sz.002730,2025-03-12,18.77,20.44,18.77,20.44,18.58,35810658.0,725754345.28,10.349,0,0.1,20.44,True,10.01076426264802
sz.002730,2025-04-11,14.3,15.39,14.3,15.39,13.99,13431200.0,202275113.0,3.8815,0,0.1,15.39,True,10.007147962830597
sz.002730,2025-04-30,15.8,15.8,15.8,15.8,14.36,6688980.0,105685884.0,1.9331,0,0.1,15.8,True,10.027855153203348
sz.002732,2025-03-14,15.9,17.38,15.9,17.38,15.8,9425022.0,159797383.57,6.0198,0,0.1,17.38,True,9.999999999999986
sz.002732,2025-04-10,16.23,18.19,16.16,18.19,16.54,10912902.0,191671056.38,6.9702,0,0.1,18.19,True,9.975816203143918
sz.002732,2025-04-14,17.35,19.84,17.2,19.84,18.04,28434150.0,539925997.9,18.1611,0,0.1,19.84,True,9.977827050997789
sz.002733,2025-03-20,19.0,20.93,18.93,20.93,19.03,54067050.0,1110574916.6,14.6578,0,0.1,20.93,True,9.984235417761411
sz.002735,2025-03-12,9.06,9.94,9.06,9.94,9.04,39883956.0,382751954.38,14.214,0,0.1,9.94,True,9.95575221238938
sz.002735,2025-03-24,9.5,10.49,9.41,10.49,9.54,42417137.0,437893571.23,15.1168,0,0.1,10.49,True,9.958071278825997
sz.002735,2025-03-25,11.21,11.54,10.99,11.54,10.49,64973074.0,742995494.6,23.1554,0,0.1,11.54,True,10.0095328884652
sz.002735,2025-04-01,10.47,11.44,10.44,11.44,10.4,49244089.0,537010066.11,17.5498,0,0.1,11.44,True,9.999999999999986
sz.002742,2025-03-12,3.76,3.96,3.71,3.96,3.77,7711700.0,29816820.0,1.7857,1,0.05,3.96,True,5.039787798408479
sz.002742,2025-04-11,3.91,4.06,3.87,4.06,3.87,12311700.0,49410810.0,2.8509,1,0.05,4.06,True,4.909560723514206
sz.002742,2025-04-14,4.26,4.26,4.23,4.26,4.06,8477500.0,36111775.0,1.963,1,0.05,4.26,True,4.92610837438423
sz.002742,2025-04-15,4.47,4.47,4.47,4.47,4.26,1496200.0,6688014.0,0.3465,1,0.05,4.47,True,4.929577464788726
sz.002742,2025-04-21,4.11,4.33,4.11,4.33,4.12,13219200.0,56288744.0,3.061,1,0.05,4.33,True,5.0970873786407855
sz.002748,2025-04-14,7.36,7.68,7.36,7.68,7.31,2938900.0,22397943.0,1.2245,1,0.05,7.68,True,5.061559507523938
sz.002749,2025-03-27,14.8,15.7,14.7,15.7,14.27,19444801.0,299518996.55,4.599,0,0.1,15.7,True,10.021023125437978
sz.002755,2025-03-07,15.25,16.63,15.19,16.63,15.12,20364208.0,330235949.9,2.1941,0,0.1,16.63,True,9.986772486772487
sz.002755,2025-03-27,16.6,18.24,16.47,18.24,16.58,12982332.0,229364915.2,1.3987,0,0.1,18.24,True,10.012062726176119
sz.002757,2025-03-06,22.23,22.23,22.23,22.23,20.21,9533235.0,211923814.05,3.3799,0,0.1,22.23,True,9.995051954477985
sz.002757,2025-03-07,24.45,24.45,24.45,24.45,22.23,5317950.0,130023877.5,1.8854,0,0.1,24.45,True,9.986504723346833
sz.002757,2025-03-26,19.53,21.58,19.53,21.58,19.62,24314697.0,497306271.57,8.6206,0,0.1,21.58,True,9.989806320081529
sz.002758,2025-04-08,8.09,8.8,8.09,8.8,8.0,11823310.0,101752449.61,2.2827,0,0.1,8.8,True,10.000000000000009
sz.002759,2025-03-03,8.47,9.27,8.47,9.27,8.43,34885595.0,314272976.27,6.9622,0,0.1,9.27,True,9.964412811387891
sz.002760,2025-03-07,20.82,21.97,20.1,21.97,19.97,21227672.0,456457292.36,19.6573,0,0.1,21.97,True,10.01502253380071
sz.002760,2025-03-10,24.17,24.17,23.89,24.17,21.97,7141283.0,172567343.11,6.613,0,0.1,24.17,True,10.013654984069209
sz.002760,2025-03-11,25.0,26.59,22.55,26.59,24.17,29451342.0,713429725.48,27.2726,0,0.1,26.59,True,10.012412081092247
sz.002760,2025-04-14,16.94,18.54,16.94,18.54,16.85,5320773.0,95856863.42,4.9272,0,0.1,18.54,True,10.02967359050444
sz.002762,2025-03-14,6.2,6.56,6.14,6.56,5.96,33136165.0,212018668.4,15.6762,0,0.1,6.56,True,10.067114093959727
sz.002762,2025-03-17,7.22,7.22,7.15,7.22,6.56,21573695.0,155747211.05,10.2062,0,0.1,7.22,True,10.060975609756095
sz.002762,2025-04-10,5.26,5.76,5.26,5.76,5.24,17232050.0,96079116.5,8.1522,0,0.1,5.76,True,9.923664122137389
sz.002765,2025-03-06,13.24,14.49,13.05,14.49,13.17,105075735.0,1459276931.15,17.634,0,0.1,14.49,True,10.022779043280195
sz.002765,2025-03-26,14.67,15.69,14.3,15.69,14.26,90919618.0,1379163739.14,15.2583,0,0.1,15.69,True,10.028050490883578
sz.002767,2025-03-21,16.47,18.21,16.37,18.21,16.55,22188823.0,378333897.04,17.0444,0,0.1,18.21,True,10.030211480362539
sz.002767,2025-03-24,20.03,20.03,20.03,20.03,18.21,4907250.0,98292217.5,3.7695,0,0.1,20.03,True,9.9945085118067
sz.002767,2025-03-25,21.0,22.03,20.26,22.03,20.03,40854819.0,877087557.27,31.3828,0,0.1,22.03,True,9.985022466300553
sz.002767,2025-04-09,12.77,14.37,11.86,14.37,13.06,16001818.0,210479362.65,12.2919,0,0.1,14.37,True,10.03062787136293
sz.002769,2025-04-28,7.27,7.44,7.09,7.44,6.76,15381445.0,113837740.3,4.7183,0,0.1,7.44,True,10.059171597633142
sz.002772,2025-04-08,7.26,7.94,7.26,7.94,7.22,40536003.0,312805944.87,10.3902,0,0.1,7.94,True,9.972299168975084
sz.002773,2025-03-10,19.73,21.48,19.62,21.48,19.53,16194699.0,341292379.05,2.363,0,0.1,21.48,True,9.984639016897079
sz.002773,2025-03-27,21.96,24.18,21.96,24.18,21.98,18323356.0,429839030.75,2.6736,0,0.1,24.18,True,10.009099181073712
sz.002773,2025-04-21,26.06,28.66,25.91,28.66,26.05,15054559.0,417526168.08,2.1967,0,0.1,28.66,True,10.019193857965458
sz.002779,2025-04-11,76.97,86.38,76.96,86.38,78.53,5944569.0,493178536.22,5.0193,0,0.1,86.38,True,9.996179803896599
sz.002779,2025-04-25,96.92,104.39,96.5,104.39,94.9,5727478.0,579135896.38,4.836,0,0.1,104.39,True,9.999999999999986
sz.002780,2025-04-18,11.44,12.29,11.44,12.29,11.17,30717301.0,375633889.35,23.5106,0,0.1,12.29,True,10.026857654431499
sz.002780,2025-04-28,11.5,11.63,11.2,11.63,10.57,13093444.0,151323620.72,10.0216,0,0.1,11.63,True,10.02838221381268
sz.002785,2025-03-12,28.9,31.72,28.62,31.72,28.84,13382523.0,410698411.77,7.9734,0,0.1,31.72,True,9.986130374479885
sz.002786,2025-03-04,10.02,11.01,10.02,11.01,10.01,23016700.0,251114977.0,4.6582,0,0.1,11.01,True,9.990009990009984
sz.002786,2025-04-29,8.05,8.87,8.05,8.87,8.06,16052300.0,139593502.0,3.2487,0,0.1,8.87,True,10.049627791563264
sz.002789,2025-03-17,7.48,8.13,7.48,8.13,7.39,5123740.0,41054023.2,3.897,0,0.1,8.13,True,10.01353179972937
sz.002789,2025-03-18,8.26,8.94,8.1,8.94,8.13,29221330.0,247800320.9,22.225,0,0.1,8.94,True,9.963099630996286
sz.002789,2025-03-19,8.76,9.83,8.76,9.83,8.94,27959885.0,265595144.75,21.2655,0,0.1,9.83,True,9.95525727069353
sz.002789,2025-03-21,8.79,10.4,8.79,10.4,9.45,32683978.0,317277984.56,24.8586,0,0.1,10.4,True,10.052910052910068
sz.002789,2025-04-01,7.35,7.92,7.27,7.92,7.2,8008770.0,61459788.3,6.0913,0,0.1,7.92,True,9.999999999999986
sz.002789,2025-04-10,6.65,7.27,6.65,7.27,6.61,10974385.0,76115167.26,8.3468,0,0.1,7.27,True,9.98487140695914
sz.002789,2025-04-14,7.72,7.72,7.72,7.72,7.02,3610300.0,27871516.0,2.7459,0,0.1,7.72,True,9.971509971509974
sz.002789,2025-04-29,6.28,6.6,6.28,6.6,6.29,6824210.0,44242496.1,5.1903,1,0.05,6.6,True,4.9284578696343395
sz.002789,2025-04-30,6.62,6.93,6.62,6.93,6.6,4364143.0,29710975.36,3.3193,1,0.05,6.93,True,5.000000000000004
sz.002792,2025-04-18,13.11,14.47,13.11,14.47,13.15,25832951.0,360613887.87,8.2321,0,0.1,14.47,True,10.038022813688219
sz.002793,2025-04-01,3.76,4.09,3.73,4.09,3.72,35939990.0,143912750.0,3.3096,0,0.1,4.09,True,9.946236559139777
sz.002793,2025-04-15,4.09,4.24,4.05,4.24,3.85,24510454.0,103031969.96,2.2571,0,0.1,4.24,True,10.129870129870122
sz.002793,2025-04-24,4.3,4.72,4.3,4.72,4.29,58445548.0,270457369.58,5.382,0,0.1,4.72,True,10.023310023310007
sz.002795,2025-04-21,4.62,5.06,4.6,5.06,4.6,23194716.0,113330688.6,5.3349,0,0.1,5.06,True,10.000000000000009
sz.002796,2025-04-18,10.79,11.79,10.7,11.79,10.72,24928326.0,282146007.37,11.0036,0,0.1,11.79,True,9.981343283582067
sz.002800,2025-04-03,10.28,11.37,10.19,11.37,10.34,11239514.0,124162413.56,7.9345,0,0.1,11.37,True,9.9613152804642
sz.002800,2025-04-08,10.7,11.99,10.7,11.99,10.9,18025602.0,204833248.92,12.7251,0,0.1,11.99,True,10.000000000000009
sz.002800,2025-04-09,13.19,13.19,12.85,13.19,11.99,14814887.0,195261341.53,10.4585,0,0.1,13.19,True,10.008340283569627
sz.002800,2025-04-10,14.51,14.51,14.51,14.51,13.19,1462504.0,21220933.04,1.0324,0,0.1,14.51,True,10.007581501137231
sz.002801,2025-03-05,32.5,36.01,32.38,36.01,32.74,7438037.0,253205736.38,6.423,0,0.1,36.01,True,9.987782529016487
sz.002801,2025-03-20,35.7,39.27,34.53,39.27,35.7,10218930.0,383006000.66,8.8244,0,0.1,39.27,True,10.000000000000009
sz.002801,2025-03-26,36.66,40.41,36.31,40.41,36.74,8314087.0,326840433.04,7.1795,0,0.1,40.41,True,9.989112683723445
sz.002802,2025-04-11,13.64,14.97,13.61,14.97,13.61,2749508.0,40826961.85,1.5112,0,0.1,14.97,True,9.992652461425422
sz.002803,2025-04-10,11.33,12.39,11.33,12.39,11.26,13957190.0,168664074.2,4.8333,0,0.1,12.39,True,10.035523978685612
sz.002806,2025-04-08,10.19,11.37,9.68,11.37,10.34,12590221.0,132259467.51,7.9755,0,0.1,11.37,True,9.9613152804642
sz.002806,2025-04-18,10.87,11.98,10.73,11.98,10.89,18114037.0,208722638.78,11.4746,0,0.1,11.98,True,10.009182736455458
sz.002808,2025-03-06,2.95,3.07,2.9,3.07,2.92,4388200.0,13291697.0,2.3544,1,0.05,3.07,True,5.13698630136985
sz.002808,2025-03-17,3.04,3.22,3.02,3.22,3.07,10994772.0,34747085.84,5.899,1,0.05,3.22,True,4.885993485342022
sz.002808,2025-03-18,3.28,3.38,3.28,3.38,3.22,3530932.0,11774830.64,1.8944,1,0.05,3.38,True,4.968944099378869
sz.002808,2025-03-26,2.98,3.14,2.97,3.14,2.99,4509720.0,13828731.36,2.4196,1,0.05,3.14,True,5.0167224080267525
sz.002808,2025-03-28,3.11,3.26,3.06,3.26,3.1,8014232.0,25894021.92,4.2999,1,0.05,3.26,True,5.161290322580636
sz.002808,2025-04-01,3.03,3.26,3.03,3.26,3.1,9535200.0,30181687.0,5.1159,1,0.05,3.26,True,5.161290322580636
sz.002808,2025-04-10,3.03,3.07,3.01,3.07,2.92,5533000.0,16875715.0,2.9686,1,0.05,3.07,True,5.13698630136985
sz.002809,2025-04-17,7.81,8.71,7.81,8.71,7.92,9459479.0,81101214.52,6.8679,0,0.1,8.71,True,9.974747474747492
sz.002809,2025-04-18,9.45,9.58,9.01,9.58,8.71,33360688.0,314918571.99,24.2209,0,0.1,9.58,True,9.988518943742818
sz.002809,2025-04-21,9.82,10.54,9.6,10.54,9.58,61203587.0,630982556.72,44.4357,0,0.1,10.54,True,10.020876826722326
sz.002809,2025-04-22,9.53,11.59,9.53,11.59,10.54,59932480.0,639754284.21,43.5128,0,0.1,11.59,True,9.962049335863377
sz.002809,2025-04-24,10.12,11.9,10.12,11.9,10.82,55004732.0,615940078.15,39.9351,0,0.1,11.9,True,9.981515711645095
sz.002809,2025-04-29,12.02,13.01,12.02,13.01,11.83,54142792.0,691095166.16,39.3093,0,0.1,13.01,True,9.974640743871511
sz.002816,2025-03-10,13.41,14.75,13.4,14.75,13.41,7473565.0,107865328.75,7.4736,0,0.1,14.75,True,9.992542878448907
sz.002816,2025-04-11,11.0,12.1,10.81,12.1,11.0,5890800.0,68819786.0,5.8908,0,0.1,12.1,True,9.999999999999986
sz.002816,2025-04-14,12.3,13.31,12.03,13.31,12.1,8261400.0,102864865.0,8.2614,0,0.1,13.31,True,10.000000000000009
sz.002816,2025-04-23,9.54,10.9,9.54,10.9,9.91,7930448.0,82657581.48,7.9304,0,0.1,10.9,True,9.989909182643796
sz.002816,2025-04-30,11.55,11.77,11.55,11.77,11.21,9848854.0,115300814.91,9.8489,1,0.05,11.77,True,4.995539696699369
sz.002819,2025-04-08,22.56,25.61,22.56,25.61,23.28,5047540.0,119743256.1,2.1448,0,0.1,25.61,True,10.008591065292084
sz.002820,2025-04-16,11.08,12.3,10.98,12.3,11.18,27794063.0,325298478.5,13.8738,0,0.1,12.3,True,10.017889087656528
sz.002820,2025-04-17,12.5,13.53,12.5,13.53,12.3,67035166.0,885217276.49,33.4614,0,0.1,13.53,True,9.999999999999986
sz.002821,2025-04-24,69.88,73.77,69.18,73.77,67.06,8606347.0,624139511.59,2.6781,0,0.1,73.77,True,10.005964807634937
sz.002822,2025-03-07,3.49,3.5,3.24,3.5,3.33,25456964.0,86412902.4,4.6645,1,0.05,3.5,True,5.105105105105112
sz.002822,2025-04-21,3.13,3.28,3.13,3.28,3.12,9683293.0,31456475.11,1.7216,1,0.05,3.28,True,5.12820512820511
sz.002824,2025-03-05,18.66,20.52,18.36,20.52,18.65,29857123.0,587028389.91,15.7845,0,0.1,20.52,True,10.026809651474533
sz.002825,2025-04-09,6.99,7.92,6.6,7.92,7.2,18826192.0,141395249.01,7.2267,0,0.1,7.92,True,9.999999999999986
sz.002828,2025-04-09,7.24,8.13,6.77,8.13,7.39,16578778.0,126521636.14,8.6221,0,0.1,8.13,True,10.01353179972937
sz.002829,2025-03-21,21.29,22.73,21.25,22.73,20.66,23914933.0,533892241.2,16.7057,0,0.1,22.73,True,10.019361084220723
sz.002836,2025-04-17,8.81,8.81,8.81,8.81,8.01,6988582.0,61569407.42,3.0332,0,0.1,8.81,True,9.987515605493137
sz.002836,2025-04-18,9.69,9.69,9.69,9.69,8.81,2566848.0,24872757.12,1.1141,0,0.1,9.69,True,9.98864926220202
sz.002838,2025-03-14,13.74,15.25,13.74,15.25,13.86,24017566.0,355593339.13,6.1541,0,0.1,15.25,True,10.02886002886003
sz.002838,2025-03-19,15.03,16.56,14.95,16.56,15.05,20234995.0,327123604.54,5.1849,0,0.1,16.56,True,10.033222591362122
sz.002838,2025-03-27,15.9,17.53,15.85,17.53,15.94,21436816.0,366687121.34,5.4928,0,0.1,17.53,True,9.974905897114184
sz.002838,2025-04-11,14.59,16.12,14.5,16.12,14.65,16525637.0,257069315.22,4.1601,0,0.1,16.12,True,10.03412969283277
sz.002843,2025-04-14,19.64,21.18,19.34,21.18,19.25,17853500.0,362468187.0,7.1188,0,0.1,21.18,True,10.025974025974026
sz.002843,2025-04-17,20.31,22.34,20.31,22.34,20.31,18226210.0,395905397.18,7.2674,0,0.1,22.34,True,9.995076317085182
sz.002846,2025-04-08,8.68,8.68,8.41,8.68,7.89,10110800.0,87700063.0,3.9339,0,0.1,8.68,True,10.012674271229404
sz.002847,2025-04-08,69.32,77.02,69.32,77.02,70.02,7445320.0,543803265.26,3.0423,0,0.1,77.02,True,9.99714367323621
sz.002849,2025-04-10,13.55,14.54,13.55,14.54,13.22,4821940.0,68701819.6,2.539,0,0.1,14.54,True,9.98487140695914
sz.002851,2025-03-12,61.88,66.9,59.37,66.9,60.82,42454396.0,2704248954.05,9.3004,0,0.1,66.9,True,9.99671160802369
sz.002851,2025-04-10,50.88,50.88,49.17,50.88,46.25,44667046.0,2246069921.14,9.7845,0,0.1,50.88,True,10.01081081081081
sz.002853,2025-03-03,13.13,14.49,13.06,14.49,13.17,6303450.0,88425695.0,4.7634,0,0.1,14.49,True,10.022779043280195
sz.002853,2025-04-10,12.5,13.57,12.5,13.57,12.34,1114500.0,14748062.0,0.8422,0,0.1,13.57,True,9.967585089141018
sz.002856,2025-03-26,8.94,9.59,8.91,9.59,8.72,8522640.0,80972271.6,7.0396,0,0.1,9.59,True,9.977064220183474
sz.002861,2025-03-24,14.58,15.58,14.53,15.58,14.16,13461238.0,208240202.44,8.9641,0,0.1,15.58,True,10.028248587570632
sz.002861,2025-03-25,15.75,17.14,15.6,17.14,15.58,58888758.0,955531863.73,39.2152,0,0.1,17.14,True,10.01283697047497
sz.002861,2025-04-14,12.94,13.32,12.7,13.32,12.11,8479490.0,111961962.8,5.6467,0,0.1,13.32,True,9.991742361684564
sz.002861,2025-04-28,12.21,13.53,12.0,13.53,12.3,25741701.0,333656516.22,17.1419,0,0.1,13.53,True,9.999999999999986
sz.002861,2025-04-30,14.53,14.53,13.88,14.53,13.21,47268116.0,679080162.77,31.4767,0,0.1,14.53,True,9.99242997728993
sz.002863,2025-03-20,5.07,5.57,5.04,5.57,5.06,33705727.0,182961501.15,5.6225,0,0.1,5.57,True,10.079051383399218
sz.002866,2025-04-18,14.46,15.92,14.34,15.92,14.47,16682366.0,254490517.72,9.2032,0,0.1,15.92,True,10.02073255010365
sz.002868,2025-03-20,15.59,17.22,15.57,17.22,15.65,6258350.0,103443838.4,4.094,0,0.1,17.22,True,10.031948881789132
sz.002868,2025-04-03,15.34,16.31,15.34,16.31,14.83,3090000.0,50173857.0,2.0214,0,0.1,16.31,True,9.97977073499663
sz.002868,2025-04-21,13.86,15.25,13.86,15.25,13.86,2563200.0,38829183.0,1.6768,0,0.1,15.25,True,10.02886002886003
sz.002868,2025-04-28,16.78,16.78,16.78,16.78,15.25,5433402.0,91172485.56,3.5543,0,0.1,16.78,True,10.032786885245915
sz.002868,2025-04-30,17.0,17.62,15.94,17.62,16.78,10012851.0,168375539.32,6.5003,1,0.05,17.62,True,5.005959475566146
sz.002875,2025-03-11,12.55,13.94,12.3,13.94,12.67,17187017.0,226269949.11,9.4217,0,0.1,13.94,True,10.023677979479073
sz.002879,2025-03-04,17.23,19.36,17.22,19.36,17.6,19828091.0,367013109.18,14.3803,0,0.1,19.36,True,9.999999999999986
sz.002880,2025-04-07,29.99,30.51,28.34,30.51,27.74,12568799.0,381742902.79,5.5609,0,0.1,30.51,True,9.985580389329506
sz.002881,2025-04-14,44.99,44.99,44.5,44.99,40.9,3946886.0,177505836.14,2.1799,0,0.1,44.99,True,10.000000000000009
sz.002882,2025-04-15,15.76,17.23,15.67,17.23,15.66,10503900.0,177269387.0,4.2559,0,0.1,17.23,True,10.025542784163477
sz.002885,2025-03-06,13.59,14.94,13.59,14.94,13.58,37108153.0,546499997.5,15.9614,0,0.1,14.94,True,10.014727540500722
sz.002885,2025-03-18,16.49,16.49,16.48,16.49,14.99,15565268.0,256671239.32,6.6951,0,0.1,16.49,True,10.006671114076049
sz.002888,2025-03-13,18.86,20.74,18.86,20.74,18.85,15694989.0,322158119.73,20.4119,0,0.1,20.74,True,10.026525198938984
sz.002890,2025-03-19,11.66,12.42,11.17,12.42,11.29,5155211.0,62758340.92,3.1924,0,0.1,12.42,True,10.008857395925608
sz.002890,2025-04-08,9.76,10.73,9.4,10.73,9.75,5249394.0,53503703.59,3.2507,0,0.1,10.73,True,10.051282051282051
sz.002891,2025-04-24,47.82,53.44,47.61,53.44,48.58,11967650.0,622063481.39,4.0566,0,0.1,53.44,True,10.004116920543439
sz.002892,2025-03-06,17.82,19.38,17.72,19.38,17.62,58701144.0,1117804195.54,14.805,0,0.1,19.38,True,9.98864926220202
sz.002896,2025-03-17,96.8,108.46,94.0,108.46,98.6,25795113.0,2644229428.81,17.0635,0,0.1,108.46,True,10.000000000000009
sz.002896,2025-04-09,67.0,74.06,62.55,74.06,67.33,21302959.0,1467997306.38,14.0919,0,0.1,74.06,True,9.995544333877927
sz.002899,2025-03-17,24.85,27.01,24.73,27.01,24.55,17570218.0,463500589.86,11.8881,0,0.1,27.01,True,10.020366598778008
sz.002899,2025-04-10,17.03,18.38,17.03,18.38,16.71,6602536.0,118651972.68,4.4673,0,0.1,18.38,True,9.994015559545177
sz.002899,2025-04-14,19.89,21.09,19.6,21.09,19.17,9756079.0,203468353.39,6.601,0,0.1,21.09,True,10.015649452269159
sz.002900,2025-04-01,10.1,11.06,10.06,11.06,10.05,9390297.0,101553675.2,5.4254,0,0.1,11.06,True,10.049751243781092
sz.002900,2025-04-02,12.17,12.17,12.17,12.17,11.06,4961800.0,60385106.0,2.8668,0,0.1,12.17,True,10.036166365280286
sz.002900,2025-04-03,13.39,13.39,13.39,13.39,12.17,8969490.0,120101471.1,5.1823,0,0.1,13.39,True,10.024650780608058
sz.002900,2025-04-08,12.33,15.07,12.33,15.07,13.7,71777175.0,969508577.6,41.4705,0,0.1,15.07,True,10.000000000000009
sz.002900,2025-04-09,13.56,16.58,13.56,16.58,15.07,67610797.0,966078942.94,39.0633,0,0.1,16.58,True,10.019907100199067
sz.002901,2025-04-30,33.32,36.96,33.32,36.96,33.6,4996990.0,180402158.54,1.732,0,0.1,36.96,True,10.000000000000009
sz.002903,2025-03-18,19.3,20.27,19.11,20.27,18.43,19342220.0,388594968.7,18.5828,0,0.1,20.27,True,9.983722192078126
sz.002903,2025-03-19,22.3,22.3,22.3,22.3,20.27,4307497.0,96057183.1,4.1384,0,0.1,22.3,True,10.01480019733596
sz.002903,2025-03-20,24.53,24.53,24.53,24.53,22.3,8248985.0,202347602.05,7.9251,0,0.1,24.53,True,10.000000000000009
sz.002905,2025-03-12,7.43,8.14,7.42,8.14,7.4,12674088.0,100450631.8,3.627,0,0.1,8.14,True,10.000000000000009
sz.002905,2025-03-13,8.95,8.95,8.95,8.95,8.14,12249444.0,109632523.8,3.5054,0,0.1,8.95,True,9.950859950859936
sz.002905,2025-03-14,9.85,9.85,9.85,9.85,8.95,3521218.0,34683997.3,1.0077,0,0.1,9.85,True,10.05586592178771
sz.002905,2025-03-17,9.84,10.84,9.05,10.84,9.85,68704151.0,672777495.28,19.6612,0,0.1,10.84,True,10.050761421319798
sz.002907,2025-03-21,14.39,14.39,14.39,14.39,13.08,9088523.0,130783845.97,2.9423,0,0.1,14.39,True,10.015290519877684
sz.002907,2025-04-22,13.16,14.48,13.1,14.48,13.16,10548501.0,146175521.28,3.415,0,0.1,14.48,True,10.030395136778125
sz.002908,2025-04-28,8.73,9.66,8.73,9.66,8.78,46991998.0,445780734.52,15.062,0,0.1,9.66,True,10.022779043280195
sz.002909,2025-04-16,5.67,6.07,5.67,6.07,5.52,24315454.0,146452509.98,6.3819,0,0.1,6.07,True,9.96376811594204
sz.002910,2025-03-14,9.13,9.96,9.13,9.96,9.05,32923756.0,316801922.33,19.2467,0,0.1,9.96,True,10.055248618784528
sz.002910,2025-04-22,9.65,10.73,9.51,10.73,9.75,17291955.0,180945586.5,10.1086,0,0.1,10.73,True,10.051282051282051
sz.002915,2025-04-22,12.31,13.54,12.3,13.54,12.31,17996130.0,234124649.0,6.242,0,0.1,13.54,True,9.991876523151898
sz.002915,2025-04-23,13.99,14.89,13.59,14.89,13.54,39205087.0,561279745.27,13.5984,0,0.1,14.89,True,9.970457902511098
sz.002915,2025-04-24,15.99,16.38,14.66,16.38,14.89,49450208.0,783348359.92,17.152,0,0.1,16.38,True,10.00671591672262
sz.002915,2025-04-29,19.37,19.43,18.18,19.43,17.66,37955008.0,723887306.0,13.1648,0,0.1,19.43,True,10.02265005662515
sz.002915,2025-04-30,21.37,21.37,20.0,21.37,19.43,80944227.0,1693430432.58,28.0758,0,0.1,21.37,True,9.984559958826566
sz.002917,2025-03-03,14.86,15.86,14.86,15.86,14.42,23582300.0,371432447.0,9.0511,0,0.1,15.86,True,9.986130374479885
sz.002921,2025-03-10,13.64,15.14,13.62,15.14,13.76,8909948.0,130223269.47,8.0679,0,0.1,15.14,True,10.029069767441868
sz.002921,2025-03-11,16.65,16.65,16.65,16.65,15.14,3438093.0,57244248.45,3.1132,0,0.1,16.65,True,9.97357992073975
sz.002921,2025-03-12,17.73,18.32,17.48,18.32,16.65,23220079.0,421188544.17,21.0255,0,0.1,18.32,True,10.030030030030046
sz.002923,2025-03-12,9.65,10.65,9.63,10.65,9.68,24592140.0,255898659.9,9.5287,0,0.1,10.65,True,10.0206611570248
sz.002923,2025-03-14,10.2,11.28,10.2,11.28,10.25,15768125.0,173293642.72,6.1097,0,0.1,11.28,True,10.048780487804866
sz.002923,2025-03-25,11.82,13.24,11.7,13.24,12.04,22417760.0,286911496.35,8.6862,0,0.1,13.24,True,9.966777408637872
sz.002923,2025-03-28,13.51,15.29,13.51,15.29,13.9,25508587.0,382350330.01,9.8838,0,0.1,15.29,True,9.999999999999986
sz.002923,2025-04-01,14.79,16.16,14.79,16.16,14.69,23258630.0,365044200.05,9.012,0,0.1,16.16,True,10.006807351940106
sz.002923,2025-04-02,16.51,17.78,15.92,17.78,16.16,36504331.0,623298293.76,14.1443,0,0.1,17.78,True,10.024752475247523
sz.002927,2025-03-12,14.42,15.76,14.42,15.76,14.33,17909843.0,279867668.68,8.1171,0,0.1,15.76,True,9.979064898813682
sz.002927,2025-03-18,16.66,17.42,16.48,17.42,15.84,11559845.0,198299447.95,5.2392,0,0.1,17.42,True,9.974747474747492
sz.002927,2025-03-19,19.16,19.16,17.43,19.16,17.42,34671832.0,639366894.21,15.714,0,0.1,19.16,True,9.988518943742818
sz.002929,2025-04-21,46.31,50.93,45.73,50.93,46.3,14185347.0,692378529.26,6.7369,0,0.1,50.93,True,10.000000000000009
sz.002933,2025-03-04,34.68,37.32,33.93,37.32,33.93,5367100.0,197346969.0,4.705,0,0.1,37.32,True,9.991158267020328
sz.002933,2025-04-30,32.97,34.34,32.45,34.34,31.22,12267700.0,413427213.0,10.7543,0,0.1,34.34,True,9.993593850096104
sz.002937,2025-03-07,22.26,24.04,22.18,24.04,21.85,14062749.0,329691720.43,4.7384,0,0.1,24.04,True,10.022883295194497
sz.002942,2025-03-03,15.1,16.58,15.08,16.58,15.07,7676100.0,123077703.6,5.5945,0,0.1,16.58,True,10.019907100199067
sz.002943,2025-03-07,19.18,21.1,18.84,21.1,19.18,10682615.0,217469995.52,8.1,0,0.1,21.1,True,10.010427528675713
sz.002943,2025-03-26,23.36,25.83,23.23,25.83,23.48,16477363.0,415930147.8,12.4847,0,0.1,25.83,True,10.008517887563873
sz.002943,2025-04-25,22.9,25.21,22.9,25.21,22.92,9591506.0,235975078.67,7.2674,0,0.1,25.21,True,9.991273996509587
sz.002946,2025-03-14,14.19,15.3,14.19,15.3,13.91,7367902.0,111394017.15,0.8652,0,0.1,15.3,True,9.992810927390373
sz.002946,2025-04-10,15.5,18.26,15.5,18.26,16.6,29545543.0,507381101.39,3.4731,0,0.1,18.26,True,10.000000000000009
sz.002951,2025-03-14,6.7,7.02,6.7,7.02,6.69,1914278.0,13319360.56,0.4727,1,0.05,7.02,True,4.932735426008961
sz.002951,2025-04-09,6.85,7.19,6.64,7.19,6.85,1275400.0,9002484.0,0.3149,1,0.05,7.19,True,4.963503649635048
sz.002951,2025-04-21,7.41,7.77,7.4,7.77,7.4,1200900.0,9237223.0,0.2965,1,0.05,7.77,True,4.999999999999982
sz.002951,2025-04-22,7.9,8.16,7.9,8.16,7.77,1429900.0,11640117.0,0.3531,1,0.05,8.16,True,5.0193050193050315
sz.002951,2025-04-23,8.57,8.57,8.5,8.57,8.16,527300.0,4518776.0,0.1302,1,0.05,8.57,True,5.024509803921573
sz.002957,2025-03-12,16.93,18.59,16.75,18.59,16.9,23865612.0,427084278.71,5.8205,0,0.1,18.59,True,10.000000000000009
sz.002960,2025-03-04,12.01,13.28,11.98,13.28,12.07,50406896.0,661993403.67,8.2507,0,0.1,13.28,True,10.02485501242749
sz.002961,2025-03-14,14.23,15.64,14.19,15.64,14.22,10851307.0,164233475.18,2.4383,0,0.1,15.64,True,9.985935302391002
sz.002965,2025-04-30,49.94,53.91,49.1,53.91,49.01,18381963.0,945451932.67,11.9829,0,0.1,53.91,True,9.997959600081607
sz.002970,2025-03-12,53.51,58.7,53.51,58.7,53.36,8662823.0,495480157.88,7.459,0,0.1,58.7,True,10.00749625187407
sz.002970,2025-04-10,45.6,46.88,44.97,46.88,42.62,3341222.0,155007055.91,2.8769,0,0.1,46.88,True,9.99530736743315
sz.002975,2025-03-05,37.58,41.38,37.5,41.38,37.62,5075900.0,199247858.32,6.2033,0,0.1,41.38,True,9.994683678894223
sz.002976,2025-04-10,17.95,19.26,17.95,19.26,17.51,2549380.0,48171175.2,3.9103,0,0.1,19.26,True,9.994288977727006
sz.002979,2025-03-14,45.99,49.59,45.38,49.59,45.08,27939067.0,1336813495.05,12.8897,0,0.1,49.59,True,10.0044365572316
sz.002980,2025-03-19,27.59,30.24,27.31,30.24,27.49,8847452.0,261783773.78,12.3166,0,0.1,30.24,True,10.003637686431421
sz.002981,2025-04-10,20.04,20.04,20.04,20.04,18.22,1300400.0,26060016.0,1.0889,0,0.1,20.04,True,9.989023051591662
sz.002981,2025-04-18,19.99,21.91,19.84,21.91,19.92,7623764.0,161406993.01,6.3837,0,0.1,21.91,True,9.989959839357422
sz.002981,2025-04-23,22.85,23.6,22.85,23.6,21.45,4432273.0,104009044.8,3.7113,0,0.1,23.6,True,10.023310023310028
sz.002982,2025-03-26,18.24,20.22,18.22,20.22,18.38,12301718.0,242660083.12,13.2643,0,0.1,20.22,True,10.010881392818272
sz.002982,2025-04-03,20.01,21.33,19.55,21.33,19.39,11252494.0,235984261.02,12.1297,0,0.1,21.33,True,10.005157297576051
sz.002982,2025-04-07,22.28,23.46,21.68,23.46,21.33,25858401.0,589421913.14,27.8742,0,0.1,23.46,True,9.985935302391002
sz.002982,2025-04-08,22.18,25.81,22.0,25.81,23.46,28038768.0,685204450.06,30.2245,0,0.1,25.81,True,10.017050298380203
sz.002983,2025-04-23,17.81,18.49,17.81,18.49,16.81,5805872.0,105796280.46,4.5313,0,0.1,18.49,True,9.994051160023787
sz.002984,2025-04-10,20.46,20.94,20.26,20.94,19.04,25235544.0,525963866.99,3.5432,0,0.1,20.94,True,9.978991596638664
sz.002985,2025-04-17,23.63,26.09,23.48,26.09,23.72,14383125.0,364445972.63,6.9388,0,0.1,26.09,True,9.99156829679595
sz.002987,2025-04-14,17.49,18.83,17.49,18.83,17.12,11117995.0,206306437.85,1.8454,0,0.1,18.83,True,9.988317757009323
sz.002988,2025-03-17,23.21,25.52,23.21,25.52,23.2,12248636.0,300513301.34,4.9418,0,0.1,25.52,True,10.000000000000009
sz.002989,2025-03-04,26.8,29.7,26.7,29.7,27.0,12005120.0,343674384.46,6.7003,0,0.1,29.7,True,9.999999999999986
sz.002990,2025-03-17,31.5,34.41,31.5,34.41,31.28,11579790.0,389834419.75,8.6355,0,0.1,34.41,True,10.00639386189257
sz.002993,2025-03-06,45.99,47.23,45.0,47.23,42.94,10479973.0,492382067.99,4.4047,0,0.1,47.23,True,9.990684676292494
sz.002996,2025-04-25,6.53,6.75,6.48,6.75,6.14,39093307.0,260360196.12,9.387,0,0.1,6.75,True,9.934853420195445
sz.002999,2025-04-08,5.81,6.2,5.81,6.2,5.64,20362058.0,125393558.77,5.9505,0,0.1,6.2,True,9.929078014184412
sz.003001,2025-03-06,38.24,42.08,37.48,42.08,38.25,6449713.0,262941766.98,8.8145,0,0.1,42.08,True,10.01307189542484
sz.003001,2025-04-03,34.68,38.39,34.28,38.39,34.9,6273838.0,230590673.03,8.5742,0,0.1,38.39,True,10.000000000000009
sz.003003,2025-04-18,9.63,10.6,9.4,10.6,9.64,17702550.0,179068867.0,15.2472,0,0.1,10.6,True,9.958506224066376
sz.003003,2025-04-21,11.66,11.66,11.66,11.66,10.6,4916700.0,57328722.0,4.2348,0,0.1,11.66,True,10.000000000000009
sz.003003,2025-04-22,12.83,12.83,12.83,12.83,11.66,3093275.0,39686718.25,2.6642,0,0.1,12.83,True,10.034305317324188
sz.003003,2025-04-23,14.11,14.11,13.82,14.11,12.83,27348360.0,385536710.49,23.5551,0,0.1,14.11,True,9.976617303195635
sz.003003,2025-04-24,15.52,15.52,15.52,15.52,14.11,10810064.0,167772193.28,9.3107,0,0.1,15.52,True,9.99291282778172
sz.003003,2025-04-25,17.07,17.07,15.68,17.07,15.52,64298838.0,1080629119.86,55.3806,0,0.1,17.07,True,9.987113402061865
sz.003005,2025-03-06,37.37,40.38,37.11,40.38,36.71,14563725.0,571667556.2,19.7284,0,0.1,40.38,True,9.997275946608553
sz.003006,2025-04-21,27.7,29.61,27.7,29.61,26.92,17352588.0,503952866.01,4.051,0,0.1,29.61,True,9.992570579494785
sz.003007,2025-03-21,34.86,38.89,33.8,38.89,35.35,13005310.0,480327334.4,17.5999,0,0.1,38.89,True,10.014144271570014
sz.003010,2025-03-03,30.5,33.32,30.5,33.32,30.29,4514144.0,147513743.85,3.733,0,0.1,33.32,True,10.003301419610434
sz.003010,2025-04-08,38.29,44.64,38.29,44.64,40.58,6429934.0,273446899.26,5.3173,0,0.1,44.64,True,10.004928536224744
sz.003017,2025-04-29,22.99,25.96,22.99,25.96,23.6,8752150.0,220275835.2,12.6552,0,0.1,25.96,True,9.999999999999986
sz.003018,2025-04-23,10.49,11.44,10.31,11.44,10.4,5334536.0,59622591.84,4.0185,0,0.1,11.44,True,9.999999999999986
sz.003018,2025-04-25,10.91,12.07,10.91,12.07,10.97,12268474.0,145509018.99,9.2418,0,0.1,12.07,True,10.027347310847755
sz.003020,2025-04-15,20.92,20.92,19.64,20.92,19.02,9347064.0,193927897.09,6.7714,0,0.1,20.92,True,9.989484752891698
sz.003020,2025-04-16,23.01,23.01,23.01,23.01,20.92,5289505.0,121711510.05,3.8319,0,0.1,23.01,True,9.990439770554493
sz.003020,2025-04-17,25.31,25.31,25.31,25.31,23.01,1393403.0,35267029.93,1.0094,0,0.1,25.31,True,9.995654063450665
sz.003020,2025-04-18,27.84,27.84,27.84,27.84,25.31,821017.0,22857113.28,0.5948,0,0.1,27.84,True,9.99604899249309
sz.003020,2025-04-21,29.8,30.62,29.02,30.62,27.84,29065904.0,875986169.65,21.0566,0,0.1,30.62,True,9.985632183908045
sz.003021,2025-03-05,146.03,162.58,144.31,162.58,147.8,16803646.0,2572574396.39,8.1493,0,0.1,162.58,True,10.000000000000009
sz.003021,2025-04-11,101.07,113.54,100.11,113.54,103.22,13456627.0,1455664959.72,6.5261,0,0.1,113.54,True,9.99806239100951
sz.003021,2025-04-23,117.76,125.39,116.51,125.39,113.99,10888640.0,1324845214.76,5.2807,0,0.1,125.39,True,10.00087726993597
sz.003025,2025-03-11,16.74,18.66,16.61,18.66,16.96,12931741.0,237677319.84,6.5066,0,0.1,18.66,True,10.023584905660377
sz.003026,2025-04-11,26.52,29.44,26.22,29.44,26.76,4238242.0,120023470.68,5.2769,0,0.1,29.44,True,10.01494768310911
sz.003027,2025-04-18,14.34,15.87,14.34,15.87,14.43,6509550.0,100011628.0,6.2078,0,0.1,15.87,True,9.97920997920998
sz.003028,2025-03-04,44.1,48.43,44.0,48.43,44.03,2488915.0,118397878.45,4.6043,0,0.1,48.43,True,9.993186463774695
sz.003028,2025-03-28,46.7,48.7,46.7,48.7,44.27,2222328.0,107432619.6,4.0966,0,0.1,48.7,True,10.006776598147727
sz.003029,2025-04-22,20.47,22.12,20.4,22.12,20.11,9713918.0,210921944.16,5.6859,0,0.1,22.12,True,9.995027349577335
sz.003030,2025-04-03,16.31,18.05,16.18,18.05,16.41,7592000.0,132271847.0,9.373,0,0.1,18.05,True,9.993906154783684
sz.003030,2025-04-07,19.86,19.86,18.5,19.86,18.05,23066491.0,451995914.94,28.4777,0,0.1,19.86,True,10.027700831024934
sz.003030,2025-04-21,19.4,21.56,19.09,21.56,19.6,10105000.0,208836096.0,12.4756,0,0.1,21.56,True,9.999999999999986
sz.003033,2025-03-03,36.48,40.13,35.0,40.13,36.48,8957922.0,331333083.27,11.1143,0,0.1,40.13,True,10.005482456140369
sz.003033,2025-03-04,40.13,44.14,39.2,44.14,40.13,3873864.0,164897401.76,4.8064,0,0.1,44.14,True,9.992524296037875
sz.003033,2025-03-07,42.17,47.94,42.0,47.94,43.58,13511896.0,621631551.06,16.7645,0,0.1,47.94,True,10.004589261128949
sz.003033,2025-03-12,45.0,48.51,44.0,48.51,44.1,8346100.0,381560365.85,10.3552,0,0.1,48.51,True,9.999999999999986
sz.003033,2025-03-18,44.43,48.87,44.15,48.87,44.43,6136376.0,284494996.15,7.6135,0,0.1,48.87,True,9.993247805536786
sz.003033,2025-03-24,48.66,54.07,48.52,54.07,49.15,7432173.0,394240419.18,9.2213,0,0.1,54.07,True,10.010172939979656
sz.003033,2025-04-10,36.4,39.16,36.4,39.16,35.6,2892986.0,109639090.76,3.5854,0,0.1,39.16,True,9.999999999999986
sz.003036,2025-04-11,11.03,12.34,11.03,12.34,11.22,5129000.0,60706922.0,2.3741,0,0.1,12.34,True,9.982174688057043
sz.003037,2025-04-08,5.4,6.13,5.34,6.13,5.57,13145000.0,76138148.0,2.2202,0,0.1,6.13,True,10.053859964093359
sz.003037,2025-04-29,6.57,6.91,6.56,6.91,6.28,30870580.0,211535149.97,5.214,0,0.1,6.91,True,10.031847133757953
sz.003039,2025-03-24,13.32,14.28,13.24,14.28,12.98,10525366.0,146361240.01,1.7045,0,0.1,14.28,True,10.015408320493059
sz.003039,2025-03-26,14.16,15.57,14.0,15.57,14.15,24241217.0,358150364.68,3.9256,0,0.1,15.57,True,10.035335689045933
sz.003042,2025-04-08,13.35,14.51,13.35,14.51,13.19,8905591.0,126597602.55,6.9921,0,0.1,14.51,True,10.007581501137231
sz.003042,2025-04-22,14.16,15.63,14.15,15.63,14.21,9073394.0,139531235.9,7.1239,0,0.1,15.63,True,9.992962702322306
sz.300005,2025-04-30,9.0,10.15,9.0,10.15,8.46,165876637.0,1646570092.59,18.7789,0,0.2,10.15,True,19.976359338061457
sz.300021,2025-04-08,4.15,4.81,4.15,4.81,4.01,103151467.0,471308437.86,14.7243,0,0.2,4.81,True,19.950124688279303
sz.300040,2025-04-25,6.56,7.81,6.46,7.81,6.51,205610156.0,1534120026.53,43.1195,0,0.2,7.81,True,19.969278033794158
sz.300042,2025-03-04,24.6,30.2,23.75,30.2,25.17,55613900.0,1514506713.34,27.7514,0,0.2,30.2,True,19.984108065156914
sz.300042,2025-03-12,34.0,38.39,34.0,38.39,31.99,52339642.0,1908862471.76,26.1176,0,0.2,38.39,True,20.006251953735553
sz.300044,2025-03-04,7.27,8.34,7.26,8.34,6.95,203069360.0,1634890399.09,26.5876,0,0.2,8.34,True,19.999999999999996
sz.300051,2025-04-21,7.46,7.46,7.08,7.46,6.22,53616451.0,394096642.2,14.6626,0,0.2,7.46,True,19.935691318327976
sz.300058,2025-03-06,8.97,10.58,8.96,10.58,8.82,670575318.0,6728409548.93,27.3749,0,0.2,10.58,True,19.95464852607709
sz.300065,2025-03-14,13.5,15.42,13.19,15.42,12.85,226854211.0,3216566942.05,34.5895,0,0.2,15.42,True,19.999999999999996
sz.300077,2025-04-09,19.52,23.86,18.76,23.86,19.88,81154617.0,1807733679.16,14.3384,0,0.2,23.86,True,20.020120724346068
sz.300084,2025-03-20,6.57,7.99,6.56,7.99,6.66,95618455.0,725603739.24,27.7479,0,0.2,7.99,True,19.96996996996998
sz.300084,2025-03-21,8.15,9.59,8.01,9.59,7.99,177640755.0,1583450074.47,51.5502,0,0.2,9.59,True,20.025031289111396
sz.300086,2025-03-14,4.87,5.82,4.87,5.82,4.85,88848497.0,480221985.08,20.1568,0,0.2,5.82,True,20.000000000000018
sz.300091,2025-03-12,2.34,2.76,2.32,2.76,2.3,192740527.0,498002856.78,14.4376,0,0.2,2.76,True,19.999999999999996
sz.300106,2025-03-14,9.45,10.8,9.34,10.8,9.0,51489369.0,530162203.64,24.3642,0,0.2,10.8,True,20.000000000000018
sz.300106,2025-04-10,10.7,13.76,10.53,13.76,11.47,65351719.0,791215712.0,30.9237,0,0.2,13.76,True,19.96512641673931
sz.300138,2025-04-08,10.82,11.59,10.82,11.59,9.66,49641980.0,569554967.51,12.463,0,0.2,11.59,True,19.979296066252594
sz.300139,2025-04-21,18.4,21.2,18.28,21.2,17.67,107768372.0,2159085071.82,46.1235,0,0.2,21.2,True,19.977362761743045
sz.300157,2025-04-28,2.85,3.19,2.85,3.19,2.66,58862600.0,184194527.0,8.3585,0,0.2,3.19,True,19.924812030075188
sz.300169,2025-04-14,6.25,7.32,6.16,7.32,6.1,36163495.0,244764916.95,11.9852,0,0.2,7.32,True,20.000000000000018
sz.300170,2025-03-06,21.5,22.72,21.12,22.72,18.93,282209730.0,6232688730.02,29.7817,0,0.2,22.72,True,20.02113048071843
sz.300183,2025-03-04,16.66,20.96,16.51,20.96,17.47,55592547.0,1078121464.21,15.4843,0,0.2,20.96,True,19.977103606182034
sz.300189,2025-04-07,3.71,4.31,3.7,4.31,3.59,391273158.0,1608907621.33,44.1494,0,0.2,4.31,True,20.05571030640667
sz.300189,2025-04-08,4.4,5.17,4.13,5.17,4.31,442029909.0,2086568692.14,49.8766,0,0.2,5.17,True,19.953596287703036
sz.300191,2025-03-17,16.56,19.06,16.55,19.06,15.88,36984230.0,687236229.22,16.7202,0,0.2,19.06,True,20.02518891687657
sz.300195,2025-03-03,6.17,7.37,6.1,7.37,6.14,67716936.0,475853651.02,21.5719,0,0.2,7.37,True,20.032573289902288
sz.300198,2025-03-20,2.3,2.76,2.3,2.76,2.3,192731636.0,499582792.76,18.8129,0,0.2,2.76,True,19.999999999999996
sz.300198,2025-03-26,2.62,2.92,2.62,2.92,2.43,264163414.0,755202937.78,25.7855,0,0.2,2.92,True,20.164609053497927
sz.300204,2025-04-21,8.8,10.9,8.8,10.9,9.08,57960833.0,589729627.57,12.2804,0,0.2,10.9,True,20.044052863436136
sz.300210,2025-03-10,10.38,12.37,10.3,12.37,10.31,28470298.0,340356477.24,5.8877,0,0.2,12.37,True,19.980601357904938
sz.300211,2025-03-04,8.92,10.67,8.82,10.67,8.89,28025946.0,283919551.82,9.3895,0,0.2,10.67,True,20.022497187851517
sz.300211,2025-03-05,12.8,12.8,12.23,12.8,10.67,60441330.0,768119794.94,20.2496,0,0.2,12.8,True,19.96251171508905
sz.300225,2025-04-29,3.0,3.86,3.0,3.86,3.22,109541668.0,384611912.17,23.093,0,0.2,3.86,True,19.875776397515523
sz.300230,2025-03-28,4.92,5.93,4.89,5.93,4.94,238915630.0,1388983218.88,37.9338,0,0.2,5.93,True,20.040485829959497
sz.300233,2025-03-12,15.45,17.28,15.4,17.28,14.4,83348287.0,1400760095.86,22.5337,0,0.2,17.28,True,19.999999999999996
sz.300233,2025-03-25,18.75,21.76,18.65,21.76,18.13,75968192.0,1560431427.64,20.5384,0,0.2,21.76,True,20.02206287920576
sz.300237,2025-04-22,1.54,1.66,1.54,1.66,1.38,148655230.0,241475022.3,10.3097,0,0.2,1.66,True,20.28985507246377
sz.300240,2025-04-03,6.21,7.5,6.19,7.5,6.25,75517467.0,544079989.92,20.782,0,0.2,7.5,True,19.999999999999996
sz.300240,2025-04-09,8.02,9.35,7.31,9.35,7.79,116136857.0,935599279.51,31.9603,0,0.2,9.35,True,20.02567394094994
sz.300240,2025-04-10,9.99,11.22,9.58,11.22,9.35,96141143.0,1010876901.13,26.4575,0,0.2,11.22,True,20.000000000000018
sz.300248,2025-03-06,11.9,13.96,11.9,13.96,11.63,68898512.0,910938216.71,16.8392,0,0.2,13.96,True,20.03439380911436
sz.300248,2025-03-07,16.0,16.75,15.72,16.75,13.96,115273155.0,1910619991.64,28.1735,0,0.2,16.75,True,19.98567335243553
sz.300248,2025-03-13,16.17,20.59,15.18,20.59,17.16,156118428.0,2698840493.1,38.1564,0,0.2,20.59,True,19.988344988344984
sz.300260,2025-03-27,28.1,33.07,27.08,33.07,27.56,54825082.0,1645864191.45,19.0605,0,0.2,33.07,True,19.99274310595065
sz.300267,2025-04-24,2.6,3.12,2.6,3.12,2.6,129173105.0,380785159.48,9.0814,0,0.2,3.12,True,19.999999999999996
sz.300314,2025-03-14,12.18,13.88,12.01,13.88,11.57,34122348.0,442472090.15,18.0202,0,0.2,13.88,True,19.965427830596383
sz.300322,2025-04-18,11.6,13.92,11.49,13.92,11.6,71243981.0,945723210.17,16.0045,0,0.2,13.92,True,19.999999999999996
sz.300328,2025-03-05,10.84,13.14,10.84,13.14,10.95,142926223.0,1773301665.61,20.8236,0,0.2,13.14,True,20.000000000000018
sz.300329,2025-04-10,5.68,6.68,5.68,6.68,5.57,21478150.0,133814018.9,8.5192,0,0.2,6.68,True,19.92818671454217
sz.300344,2025-03-06,10.69,12.49,10.21,12.49,10.41,186508561.0,2121756036.66,29.1779,0,0.2,12.49,True,19.980787704130655
sz.300350,2025-04-22,5.95,7.13,5.95,7.13,5.94,74741698.0,522385227.48,15.8497,0,0.2,7.13,True,20.033670033670028
sz.300353,2025-03-17,18.07,19.98,17.73,19.98,16.65,118194693.0,2259549940.7,22.6339,0,0.2,19.98,True,20.000000000000018
sz.300366,2025-04-30,6.03,7.16,5.98,7.16,5.97,52676001.0,366306853.16,9.9295,0,0.2,7.16,True,19.93299832495814
sz.300378,2025-03-06,41.82,44.58,40.5,44.58,37.15,46438023.0,1982204712.02,17.224,0,0.2,44.58,True,19.999999999999996
sz.300380,2025-03-14,45.78,54.97,45.78,54.97,45.81,23314019.0,1222391693.99,18.3037,0,0.2,54.97,True,19.995634141017238
sz.300386,2025-04-10,12.95,15.14,12.95,15.14,12.62,18628889.0,267963187.47,7.5051,0,0.2,15.14,True,19.968304278922353
sz.300421,2025-03-26,15.62,18.89,15.43,18.89,15.74,47547707.0,856255142.42,20.642,0,0.2,18.89,True,20.012706480304953
sz.300449,2025-03-12,10.48,12.3,10.48,12.3,10.25,46918679.0,549334457.68,15.8366,0,0.2,12.3,True,20.000000000000018
sz.300451,2025-03-10,7.26,8.03,6.6,8.03,6.69,394394834.0,2887010021.92,25.8333,0,0.2,8.03,True,20.02989536621822
sz.300464,2025-04-21,4.44,5.29,4.44,5.29,4.41,42873974.0,220664233.46,12.0655,0,0.2,5.29,True,19.95464852607709
sz.300466,2025-03-11,8.35,10.18,8.32,10.18,8.48,41105020.0,407806632.0,9.7872,0,0.2,10.18,True,20.047169811320753
sz.300466,2025-04-14,10.1,11.71,10.1,11.71,9.76,58479873.0,664762335.03,13.9242,0,0.2,11.71,True,19.97950819672132
sz.300473,2025-03-03,31.7,37.6,31.69,37.6,31.33,48780134.0,1761682575.78,32.5093,0,0.2,37.6,True,20.012767315671898
sz.300477,2025-03-26,3.06,3.6,3.0,3.6,3.0,190856544.0,657012587.88,20.402,0,0.2,3.6,True,19.999999999999996
sz.300510,2025-03-18,4.39,5.04,4.39,5.04,4.2,81231893.0,395034283.24,9.85,0,0.2,5.04,True,19.999999999999996
sz.300511,2025-03-13,4.86,4.86,4.86,4.86,4.05,9183077.0,44629754.22,2.1967,0,0.2,4.86,True,20.000000000000018
sz.300511,2025-03-14,5.49,5.83,5.49,5.83,4.86,71472948.0,405499213.4,17.0975,0,0.2,5.83,True,19.958847736625508
sz.300511,2025-04-08,4.6,5.35,4.5,5.35,4.46,91650168.0,462175032.71,19.4877,0,0.2,5.35,True,19.95515695067265
sz.300512,2025-03-04,7.88,9.19,7.81,9.19,7.66,15341725.0,138534494.75,4.6697,0,0.2,9.19,True,19.97389033942558
sz.300515,2025-03-07,17.74,20.2,17.74,20.2,16.83,23846306.0,466956210.86,12.9749,0,0.2,20.2,True,20.023767082590616
sz.300523,2025-03-05,21.58,25.85,21.31,25.85,21.54,20311485.0,484489556.42,8.7449,0,0.2,25.85,True,20.00928505106778
sz.300527,2025-04-09,6.93,8.28,6.9,8.28,6.9,60869413.0,478975598.56,6.1682,0,0.2,8.28,True,19.999999999999996
sz.300528,2025-04-10,7.39,8.77,7.38,8.77,7.31,38213980.0,324676768.2,10.2558,0,0.2,8.77,True,19.972640218878258
sz.300530,2025-03-03,25.06,30.02,25.06,30.02,25.02,15134400.0,424664342.25,9.5621,0,0.2,30.02,True,19.98401278976818
sz.300530,2025-04-15,22.01,25.9,21.74,25.9,21.58,11503339.0,285304057.1,7.268,0,0.2,25.9,True,20.01853568118628
sz.300531,2025-04-22,12.88,15.18,12.88,15.18,12.65,20699580.0,304321183.4,6.5689,0,0.2,15.18,True,19.999999999999996
sz.300534,2025-04-01,8.65,10.3,8.65,10.3,8.58,34469100.0,348571761.0,11.4121,0,0.2,10.3,True,20.046620046620056
sz.300542,2025-04-22,16.66,16.66,16.66,16.66,13.88,1064073.0,17727456.18,0.4319,0,0.2,16.66,True,20.02881844380402
sz.300542,2025-04-23,19.99,19.99,19.99,19.99,16.66,1981700.0,39614183.0,0.8043,0,0.2,19.99,True,19.98799519807921
sz.300548,2025-04-29,43.77,44.5,41.85,44.5,37.08,30778315.0,1342777872.1,11.5305,0,0.2,44.5,True,20.010787486515657
sz.300561,2025-04-10,18.56,21.67,18.56,21.67,18.06,49063794.0,1001630599.86,27.2068,0,0.2,21.67,True,19.988925802879297
sz.300565,2025-03-13,13.89,15.89,13.86,15.89,13.24,70245807.0,1067317873.96,30.8626,0,0.2,15.89,True,20.015105740181262
sz.300569,2025-03-21,5.38,6.32,5.27,6.32,5.27,127789972.0,770810997.99,12.5575,0,0.2,6.32,True,19.924098671726775
sz.300571,2025-04-29,28.0,32.46,28.0,32.46,27.05,16669700.0,509013354.0,14.4197,0,0.2,32.46,True,19.999999999999996
sz.300581,2025-04-09,8.36,10.19,8.31,10.19,8.49,31377166.0,302214214.13,5.7038,0,0.2,10.19,True,20.02355712603061
sz.300605,2025-04-16,12.82,15.48,12.72,15.48,12.9,22987800.0,342895284.48,19.3298,0,0.2,15.48,True,19.999999999999996
sz.300605,2025-04-21,14.77,17.32,14.3,17.32,14.43,34832199.0,561435983.72,29.2894,0,0.2,17.32,True,20.027720027720044
sz.300611,2025-03-05,17.5,20.77,17.33,20.77,17.31,53795324.0,1053277936.88,36.2739,0,0.2,20.77,True,19.988445984979798
sz.300611,2025-03-26,27.52,32.76,27.52,32.76,27.3,65552353.0,2032795206.69,44.2016,0,0.2,32.76,True,19.999999999999996
sz.300616,2025-04-17,11.59,13.92,11.59,13.92,11.6,22074036.0,292582649.49,14.1531,0,0.2,13.92,True,19.999999999999996
sz.300619,2025-03-03,28.5,32.08,28.5,32.08,26.73,8865126.0,276002810.77,8.0607,0,0.2,32.08,True,20.01496445940889
sz.300643,2025-03-26,14.75,17.66,14.6,17.66,14.72,33719912.0,557572964.69,14.6466,0,0.2,17.66,True,19.97282608695652
sz.300651,2025-04-14,13.86,15.43,13.72,15.43,12.86,14305870.0,212611736.1,19.0808,0,0.2,15.43,True,19.984447900466563
sz.300656,2025-04-11,21.71,25.62,21.6,25.62,21.35,17795456.0,447341532.03,14.2183,0,0.2,25.62,True,19.999999999999996
sz.300661,2025-04-11,98.9,114.49,98.9,114.49,95.41,33256617.0,3585703969.02,7.3213,0,0.2,114.49,True,19.99790378367048
sz.300671,2025-04-11,26.61,31.14,26.57,31.14,25.95,7928300.0,237833254.7,3.654,0,0.2,31.14,True,19.999999999999996
sz.300687,2025-03-31,27.0,32.65,26.8,32.65,27.21,66218670.0,2025537170.8,20.351,0,0.2,32.65,True,19.99264976111723
sz.300695,2025-03-13,61.0,70.2,60.66,70.2,58.5,5769385.0,379943271.26,8.1339,0,0.2,70.2,True,19.999999999999996
sz.300695,2025-04-29,60.35,72.52,60.32,72.52,60.43,3313215.0,221885266.1,4.6711,0,0.2,72.52,True,20.006619228859822
sz.300696,2025-04-09,14.33,16.36,13.81,16.36,13.63,9820316.0,153999774.32,5.2676,0,0.2,16.36,True,20.029347028613344
sz.300697,2025-03-24,15.87,17.34,15.55,17.34,14.45,44005140.0,736414968.62,17.2705,0,0.2,17.34,True,19.999999999999996
sz.300700,2025-04-09,7.23,8.99,7.18,8.99,7.49,29285583.0,247596683.11,10.8248,0,0.2,8.99,True,20.02670226969292
sz.300703,2025-04-15,14.08,16.1,13.95,16.1,13.42,44781535.0,707202198.85,26.3946,0,0.2,16.1,True,19.97019374068556
sz.300713,2025-03-18,20.39,20.88,20.39,20.88,17.4,11967671.0,249086946.48,13.6564,0,0.2,20.88,True,19.999999999999996
sz.300720,2025-03-17,24.65,24.65,24.65,24.65,20.54,2448550.0,60356757.5,1.4129,0,0.2,24.65,True,20.009737098344683
sz.300721,2025-04-17,15.27,18.72,15.16,18.72,15.6,29400988.0,521223931.36,21.5016,0,0.2,18.72,True,19.999999999999996
sz.300722,2025-04-09,24.1,29.16,24.02,29.16,24.3,22855306.0,637324377.44,8.2583,0,0.2,29.16,True,19.999999999999996
sz.300723,2025-04-11,29.57,35.18,29.1,35.18,29.32,24074296.0,776374200.5,5.6938,0,0.2,35.18,True,19.98635743519781
sz.300746,2025-04-25,11.79,14.28,11.55,14.28,11.9,23347871.0,310192267.71,10.5225,0,0.2,14.28,True,19.999999999999996
sz.300773,2025-04-22,23.3,25.55,22.86,25.55,21.29,199846344.0,4780071230.03,27.2146,0,0.2,25.55,True,20.009394081728527
sz.300778,2025-04-18,10.16,12.08,9.91,12.08,10.07,17479836.0,192964286.41,8.5846,0,0.2,12.08,True,19.960278053624613
sz.300784,2025-04-23,48.92,58.96,48.92,58.96,49.13,5199556.0,297701814.4,36.9812,0,0.2,58.96,True,20.00814166497049
sz.300798,2025-03-18,7.94,9.58,7.88,9.58,7.98,66016919.0,596022534.76,17.729,0,0.2,9.58,True,20.050125313283207
sz.300805,2025-04-17,9.26,11.18,9.22,11.18,9.32,28387040.0,297022847.2,9.851,0,0.2,11.18,True,19.95708154506437
sz.300809,2025-03-26,41.0,48.72,40.0,48.72,40.6,28591071.0,1299195199.33,20.2611,0,0.2,48.72,True,19.999999999999996
sz.300810,2025-03-13,25.29,30.29,24.8,30.29,25.24,20288569.0,557749165.35,17.7991,0,0.2,30.29,True,20.00792393026942
sz.300810,2025-03-14,33.28,36.35,33.22,36.35,30.29,25349428.0,894317765.1,22.2389,0,0.2,36.35,True,20.006602839220868
sz.300810,2025-04-09,30.0,37.08,29.27,37.08,30.9,17471932.0,585580094.17,15.328,0,0.2,37.08,True,19.999999999999996
sz.300817,2025-03-19,25.25,31.33,25.25,31.33,26.11,33096160.0,975680839.04,26.6456,0,0.2,31.33,True,19.99234009957871
sz.300819,2025-03-06,17.5,19.38,16.66,19.38,16.15,7818900.0,146173974.5,5.802,0,0.2,19.38,True,19.999999999999996
sz.300819,2025-03-11,22.03,26.92,22.03,26.92,22.43,18547448.0,462926679.22,13.7631,0,0.2,26.92,True,20.017833259028105
sz.300819,2025-03-17,24.4,28.85,23.45,28.85,24.04,17480641.0,459188030.82,12.9715,0,0.2,28.85,True,20.00831946755408
sz.300822,2025-04-21,18.05,21.68,18.0,21.68,18.07,12580321.0,255150473.59,4.3533,0,0.2,21.68,True,19.977863862755953
sz.300824,2025-04-25,10.53,12.47,10.53,12.47,10.39,29999902.0,355859506.01,9.4923,0,0.2,12.47,True,20.019249278152063
sz.300840,2025-03-06,25.94,25.94,25.94,25.94,21.62,23034302.0,597509793.88,13.4541,0,0.2,25.94,True,19.98149861239593
sz.300844,2025-04-02,41.22,53.06,41.22,53.06,44.22,8413598.0,417721014.28,13.4887,0,0.2,53.06,True,19.990954319312525
sz.300871,2025-03-26,16.83,17.5,16.26,17.5,14.58,29111205.0,499638530.94,17.5617,0,0.2,17.5,True,20.027434842249647
sz.300871,2025-03-27,19.96,21.0,19.52,21.0,17.5,19411639.0,397761886.05,11.7103,0,0.2,21.0,True,19.999999999999996
sz.300871,2025-04-01,23.54,27.0,23.02,27.0,22.5,30820812.0,785821959.82,18.0084,0,0.2,27.0,True,19.999999999999996
sz.300875,2025-04-09,22.28,27.0,21.56,27.0,22.5,8313115.0,209822670.26,9.7071,0,0.2,27.0,True,19.999999999999996
sz.300879,2025-03-20,17.57,21.22,17.55,21.22,17.68,40990626.0,816865673.97,20.3905,0,0.2,21.22,True,20.022624434389137
sz.300879,2025-04-29,22.72,24.26,19.81,24.26,20.22,42809332.0,949995113.22,21.2952,0,0.2,24.26,True,19.980217606330374
sz.300885,2025-03-25,14.49,17.05,14.42,17.05,14.21,28796626.0,466302579.68,17.2417,0,0.2,17.05,True,19.98592540464461
sz.300892,2025-03-14,27.78,32.9,27.65,32.9,27.42,11118912.0,343212058.16,17.2219,0,0.2,32.9,True,19.985412107950395
sz.300892,2025-04-08,25.95,30.16,25.58,30.16,25.13,5050602.0,146610599.32,7.8228,0,0.2,30.16,True,20.015917230401925
sz.300892,2025-04-09,31.0,36.19,30.1,36.19,30.16,15963178.0,520288513.33,24.7252,0,0.2,36.19,True,19.993368700265247
sz.300892,2025-04-21,36.02,43.92,35.6,43.92,36.6,16970002.0,687889406.32,26.2846,0,0.2,43.92,True,19.999999999999996
sz.300898,2025-03-14,28.1,32.21,27.82,32.21,26.84,20603655.0,635860157.42,17.9577,0,0.2,32.21,True,20.007451564828614
sz.300907,2025-03-11,23.58,28.45,23.42,28.45,23.71,10551462.0,286234267.68,10.9911,0,0.2,28.45,True,19.991564740615765
sz.300918,2025-03-18,19.0,21.34,18.99,21.34,17.78,60243431.0,1206354044.46,14.2401,0,0.2,21.34,True,20.022497187851517
sz.300920,2025-04-11,19.32,23.4,19.19,23.4,19.5,8163332.0,178876129.6,12.6938,0,0.2,23.4,True,19.999999999999996
sz.300920,2025-04-22,24.4,29.11,23.63,29.11,24.26,10892336.0,289296859.16,16.9373,0,0.2,29.11,True,19.991755976916735
sz.300922,2025-04-09,15.8,19.28,15.38,19.28,16.07,25371819.0,461216690.25,22.0464,0,0.2,19.28,True,19.97510889856877
sz.300927,2025-03-25,20.55,24.9,19.8,24.9,20.75,19620538.0,445786953.4,13.9262,0,0.2,24.9,True,19.999999999999996
sz.300927,2025-03-26,25.3,29.88,25.18,29.88,24.9,27544956.0,742214038.54,19.5508,0,0.2,29.88,True,19.999999999999996
sz.300927,2025-04-15,25.39,30.12,25.02,30.12,25.1,25139408.0,684967250.58,17.8434,0,0.2,30.12,True,19.999999999999996
sz.300938,2025-03-07,31.9,38.5,31.78,38.5,32.08,29134493.0,1065811374.71,25.8469,0,0.2,38.5,True,20.012468827930174
sz.300941,2025-04-16,20.12,24.18,19.22,24.18,20.15,20341385.0,460898416.05,16.7722,0,0.2,24.18,True,20.000000000000018
sz.300947,2025-04-10,15.63,18.76,15.63,18.76,15.63,15699671.0,275253870.92,10.391,0,0.2,18.76,True,20.025591810620604
sz.300947,2025-04-17,17.25,20.81,17.1,20.81,17.34,28880996.0,569851681.61,19.1152,0,0.2,20.81,True,20.011534025374857
sz.300953,2025-03-07,144.4,173.41,143.5,173.41,144.51,13874435.0,2263635202.25,16.4426,0,0.2,173.41,True,19.998616012732697
sz.300961,2025-03-13,12.4,14.8,12.3,14.8,12.33,42528521.0,578699385.4,28.1581,0,0.2,14.8,True,20.032441200324413
sz.300961,2025-04-08,13.25,15.13,13.25,15.13,12.61,20324311.0,291595089.73,13.4567,0,0.2,15.13,True,19.984139571768456
sz.300963,2025-03-25,9.91,11.94,9.87,11.94,9.95,30555429.0,348348865.44,15.2372,0,0.2,11.94,True,19.999999999999996
sz.300963,2025-04-01,12.48,15.18,12.16,15.18,12.65,63455512.0,882112531.7,31.6436,0,0.2,15.18,True,19.999999999999996
sz.300963,2025-04-14,13.33,15.84,13.28,15.84,13.2,42613017.0,637612599.87,21.25,0,0.2,15.84,True,19.999999999999996
sz.300964,2025-03-05,37.13,44.4,37.13,44.4,37.0,14287381.0,622730763.81,26.4283,0,0.2,44.4,True,19.999999999999996
sz.300967,2025-03-26,15.51,19.06,15.51,19.06,15.88,24446121.0,429907548.93,19.5835,0,0.2,19.06,True,20.02518891687657
sz.300967,2025-04-07,18.98,22.36,18.66,22.36,18.63,42150969.0,888293960.75,33.7793,0,0.2,22.36,True,20.021470746108427
sz.300970,2025-04-08,12.29,14.5,12.29,14.5,12.08,26094790.0,358832776.06,28.0405,0,0.2,14.5,True,20.033112582781463
sz.300972,2025-04-21,115.94,135.48,113.17,135.48,112.9,5713638.0,728477154.66,3.669,0,0.2,135.48,True,19.999999999999996
sz.300984,2025-03-05,60.39,72.77,59.4,72.77,60.64,7130216.0,482077079.48,12.4035,0,0.2,72.77,True,20.0032981530343
sz.300994,2025-04-14,11.47,13.57,11.47,13.57,11.31,5123960.0,66518517.2,4.3921,0,0.2,13.57,True,19.982316534040677
sz.300994,2025-04-24,14.49,16.66,14.3,16.66,13.88,25257493.0,389011577.92,21.6498,0,0.2,16.66,True,20.02881844380402
sz.300995,2025-03-26,21.12,23.28,21.12,23.28,19.4,6896492.0,156881417.16,11.5124,0,0.2,23.28,True,20.000000000000018
sz.300995,2025-04-09,21.53,25.5,19.6,25.5,21.25,8392100.0,192202750.0,14.0091,0,0.2,25.5,True,19.999999999999996
sz.300995,2025-04-10,26.65,30.6,26.65,30.6,25.5,6062897.0,174543110.24,10.1209,0,0.2,30.6,True,19.999999999999996
sz.300995,2025-04-22,28.95,34.57,28.52,34.57,28.81,10435955.0,333878469.15,17.4209,0,0.2,34.57,True,19.99305796598403
sz.301396,2025-03-13,78.0,82.8,76.72,81.51,74.1,19909700.0,1589859584.8,39.0818,0,0.1,81.51,True,10.000000000000009
