code,date,open,high,low,close,preclose,volume,amount,turn,isST,board,limitpct,limit_price,is_zt,pct_chg
sh.600006,2025-05-20,7.17,7.83,7.15,7.83,7.12,158119521.0,1196217106.35,7.906,0,MAIN,0.1,7.83,True,9.971910112359538
sh.600006,2025-05-29,8.38,8.92,8.38,8.92,8.11,157191408.0,1387642465.62,7.8596,0,MAIN,0.1,8.92,True,9.987669543773126
sh.600037,2025-06-05,7.77,8.48,7.75,8.48,7.71,91418476.0,750912670.25,6.5685,0,MAIN,0.1,8.48,True,9.987029831387817
sh.600053,2025-05-06,13.05,14.34,13.05,14.34,13.04,16068601.0,223114334.31,3.7064,0,MAIN,0.1,14.34,True,9.969325153374232
sh.600053,2025-05-19,16.05,16.05,16.05,16.05,14.59,6372500.0,102278625.0,1.4699,0,MAIN,0.1,16.05,True,10.006854009595623
sh.600053,2025-05-20,17.66,17.66,17.21,17.66,16.05,34197312.0,603283937.92,7.8879,0,MAIN,0.1,17.66,True,10.031152647975073
sh.600059,2025-06-09,9.95,10.88,9.94,10.88,9.89,43057638.0,457441863.34,4.7236,0,MAIN,0.1,10.88,True,10.01011122345803
sh.600081,2025-05-29,15.0,16.6,15.0,16.6,15.09,48011760.0,768453250.38,8.6816,0,MAIN,0.1,16.6,True,10.006626905235262
sh.600082,2025-05-19,3.37,3.66,3.32,3.66,3.33,39132402.0,141073577.2,6.169,0,MAIN,0.1,3.66,True,9.90990990990992
sh.600082,2025-06-06,4.53,4.53,4.53,4.53,4.12,9398754.0,42576355.62,1.4817,0,MAIN,0.1,4.53,True,9.951456310679617
sh.600095,2025-06-24,8.29,9.09,8.29,9.09,8.26,222228663.0,1980044285.96,7.7724,0,MAIN,0.1,9.09,True,10.04842615012107
sh.600095,2025-06-25,9.39,10.0,9.35,10.0,9.09,253729754.0,2484245414.81,8.8742,0,MAIN,0.1,10.0,True,10.011001100110018
sh.600105,2025-05-06,6.45,6.95,6.45,6.95,6.32,97206165.0,665491693.99,6.6489,0,MAIN,0.1,6.95,True,9.968354430379755
sh.600105,2025-05-26,7.75,8.36,7.66,8.36,7.6,348060361.0,2854245897.9,23.8072,0,MAIN,0.1,8.36,True,9.999999999999986
sh.600107,2025-05-09,3.38,3.54,3.37,3.54,3.37,19675531.0,68852155.49,5.4654,1,MAIN,0.05,3.54,True,5.044510385756684
sh.600107,2025-05-20,3.58,3.78,3.58,3.78,3.6,11815400.0,44311436.0,3.2821,1,MAIN,0.05,3.78,True,4.999999999999982
sh.600107,2025-05-21,3.79,3.97,3.76,3.97,3.78,10777720.0,42028346.7,2.9938,1,MAIN,0.05,3.97,True,5.026455026455046
sh.600107,2025-06-26,3.71,3.9,3.67,3.9,3.71,9921012.0,37419390.77,2.7558,1,MAIN,0.05,3.9,True,5.121293800539073
sh.600110,2025-06-04,3.28,3.59,3.28,3.59,3.26,42021748.0,145727709.38,2.4218,0,MAIN,0.1,3.59,True,10.122699386503076
sh.600110,2025-06-17,3.5,3.86,3.49,3.86,3.51,70455223.0,263300801.02,4.0604,0,MAIN,0.1,3.86,True,9.971509971509974
sh.600110,2025-06-18,3.93,4.25,3.8,4.25,3.86,190251377.0,759463870.12,10.9644,0,MAIN,0.1,4.25,True,10.103626943005196
sh.600110,2025-06-19,4.47,4.68,4.34,4.68,4.25,256623886.0,1183668888.45,14.7895,0,MAIN,0.1,4.68,True,10.11764705882352
sh.600110,2025-06-20,4.95,5.15,4.89,5.15,4.68,132291229.0,673904817.15,7.6241,0,MAIN,0.1,5.15,True,10.042735042735051
sh.600110,2025-06-23,5.15,5.67,5.0,5.67,5.15,478171912.0,2556209090.95,27.5575,0,MAIN,0.1,5.67,True,10.097087378640769
sh.600110,2025-06-24,5.52,6.24,5.52,6.24,5.67,456876421.0,2760411376.79,26.3302,0,MAIN,0.1,6.24,True,10.052910052910068
sh.600110,2025-06-25,6.4,6.86,6.11,6.86,6.24,478957583.0,3105837648.43,27.6027,0,MAIN,0.1,6.86,True,9.935897435897445
sh.600113,2025-06-17,14.41,15.85,14.38,15.85,14.41,15332114.0,239752915.47,3.7265,0,MAIN,0.1,15.85,True,9.99306037473977
sh.600113,2025-06-18,15.7,17.44,15.52,17.44,15.85,21994933.0,373128885.74,5.346,0,MAIN,0.1,17.44,True,10.031545741324921
sh.600113,2025-06-20,18.14,20.69,18.0,20.69,18.81,36038133.0,700124856.74,8.7592,0,MAIN,0.1,20.69,True,9.994683678894223
sh.600113,2025-06-23,20.28,22.76,20.1,22.76,20.69,34750370.0,774279567.52,8.4462,0,MAIN,0.1,22.76,True,10.004833252779122
sh.600113,2025-06-24,22.76,25.04,22.7,25.04,22.76,27139693.0,666007319.53,6.5964,0,MAIN,0.1,25.04,True,10.017574692442865
sh.600113,2025-06-26,25.2,27.83,24.3,27.83,25.3,32668318.0,862000724.05,7.9402,0,MAIN,0.1,27.83,True,9.999999999999986
sh.600119,2025-05-14,7.78,8.56,7.71,8.56,7.78,24065083.0,196595535.67,6.5883,0,MAIN,0.1,8.56,True,10.025706940874034
sh.600130,2025-05-06,2.52,2.63,2.5,2.63,2.5,52615976.0,134659864.5,7.0155,1,MAIN,0.05,2.62,True,5.200000000000005
sh.600130,2025-05-07,2.7,2.76,2.66,2.76,2.63,38856431.0,105641405.76,5.1809,1,MAIN,0.05,2.76,True,4.942965779467667
sh.600130,2025-05-12,2.92,3.05,2.89,3.05,2.9,30959030.0,92247837.65,4.1279,1,MAIN,0.05,3.04,True,5.1724137931034475
sh.600130,2025-05-14,2.99,3.14,2.96,3.14,2.99,49857456.0,152518126.83,6.6477,1,MAIN,0.05,3.14,True,5.0167224080267525
sh.600130,2025-05-19,3.13,3.22,3.11,3.22,3.07,41999702.0,134291380.31,5.6,1,MAIN,0.05,3.22,True,4.885993485342022
sh.600130,2025-05-21,3.19,3.37,3.19,3.37,3.21,47022103.0,156306487.53,6.2696,1,MAIN,0.05,3.37,True,4.984423676012462
sh.600130,2025-05-27,3.29,3.47,3.27,3.47,3.3,46764511.0,159068213.25,6.2353,1,MAIN,0.05,3.46,True,5.151515151515174
sh.600130,2025-05-28,3.47,3.64,3.43,3.64,3.47,53824948.0,190883608.29,7.1767,1,MAIN,0.05,3.64,True,4.899135446685876
sh.600136,2025-05-22,2.14,2.24,2.14,2.24,2.13,6561215.0,14575960.6,0.3377,1,MAIN,0.05,2.24,True,5.164319248826299
sh.600137,2025-05-19,16.98,18.58,16.9,18.58,16.89,8924506.0,162529196.13,9.1799,0,MAIN,0.1,18.58,True,10.005920663114253
sh.600137,2025-05-20,20.44,20.44,20.44,20.44,18.58,1446800.0,29572592.0,1.4882,0,MAIN,0.1,20.44,True,10.01076426264802
sh.600137,2025-05-21,22.48,22.48,22.48,22.48,20.44,4960336.0,111508353.28,5.1023,0,MAIN,0.1,22.48,True,9.980430528375738
sh.600137,2025-05-22,24.73,24.73,24.73,24.73,22.48,2067989.0,51141367.97,2.1272,0,MAIN,0.1,24.73,True,10.008896797153021
sh.600148,2025-05-20,20.29,22.23,19.82,22.23,20.21,10089221.0,210184149.31,7.1294,0,MAIN,0.1,22.23,True,9.995051954477985
sh.600148,2025-05-22,20.88,23.08,20.17,23.08,20.98,18065433.0,394083855.64,12.7656,0,MAIN,0.1,23.08,True,10.0095328884652
sh.600149,2025-05-21,5.19,5.65,5.14,5.65,5.14,21334025.0,117623826.76,5.6119,0,MAIN,0.1,5.65,True,9.922178988326857
sh.600149,2025-05-22,6.0,6.22,5.87,6.22,5.65,20815850.0,127484269.44,5.4755,0,MAIN,0.1,6.22,True,10.088495575221224
sh.600151,2025-06-06,6.59,7.22,6.58,7.22,6.56,96764918.0,689554558.21,6.7467,0,MAIN,0.1,7.22,True,10.060975609756095
sh.600152,2025-06-27,6.3,6.92,6.28,6.92,6.29,91959579.0,616732134.83,17.3811,0,MAIN,0.1,6.92,True,10.015898251192358
sh.600152,2025-06-30,7.61,7.61,7.26,7.61,6.92,107496284.0,809839411.88,20.3176,0,MAIN,0.1,7.61,True,9.97109826589595
sh.600156,2025-05-09,6.0,6.4,5.87,6.4,5.82,20656285.0,128598466.64,5.137,0,MAIN,0.1,6.4,True,9.965635738831624
sh.600156,2025-06-26,6.63,7.29,6.61,7.29,6.63,46456109.0,323259424.82,11.5531,0,MAIN,0.1,7.29,True,9.954751131221728
sh.600165,2025-05-08,4.65,4.88,4.64,4.88,4.65,12916252.0,62036890.3,1.8859,1,MAIN,0.05,4.88,True,4.946236559139772
sh.600165,2025-05-09,5.0,5.12,5.0,5.12,4.88,22142853.0,112477918.18,3.2331,1,MAIN,0.05,5.12,True,4.918032786885251
sh.600165,2025-05-16,4.92,5.15,4.91,5.15,4.9,12255788.0,62163809.6,1.7895,1,MAIN,0.05,5.14,True,5.102040816326525
sh.600165,2025-06-03,4.65,4.88,4.65,4.88,4.65,14069878.0,67980009.36,2.0543,1,MAIN,0.05,4.88,True,4.946236559139772
sh.600172,2025-05-27,4.31,4.36,4.18,4.36,3.96,85228163.0,369077112.3,6.678,0,MAIN,0.1,4.36,True,10.1010101010101
sh.600178,2025-06-05,12.98,13.57,12.81,13.57,12.34,45560680.0,607799466.98,9.767,0,MAIN,0.1,13.57,True,9.967585089141018
sh.600184,2025-05-12,14.24,16.05,14.2,16.05,14.59,52249213.0,810300564.89,10.2699,0,MAIN,0.1,16.05,True,10.006854009595623
sh.600184,2025-06-25,14.8,16.02,14.73,16.02,14.56,60058802.0,946926977.8,11.8049,0,MAIN,0.1,16.02,True,10.027472527472515
sh.600189,2025-05-27,7.56,8.04,7.56,8.04,7.31,43340503.0,343645788.12,6.0599,0,MAIN,0.1,8.04,True,9.986320109439117
sh.600192,2025-05-26,6.7,7.35,6.65,7.35,6.68,11355560.0,82706884.0,2.5706,0,MAIN,0.1,7.35,True,10.029940119760482
sh.600192,2025-05-27,7.72,8.09,7.71,8.09,7.35,53329730.0,428876902.27,12.0724,0,MAIN,0.1,8.09,True,10.068027210884356
sh.600192,2025-05-28,8.0,8.9,7.98,8.9,8.09,52385037.0,448618520.94,11.8586,0,MAIN,0.1,8.9,True,10.012360939431408
sh.600192,2025-06-30,7.77,8.55,7.72,8.55,7.77,32965900.0,276642777.26,7.4626,0,MAIN,0.1,8.55,True,10.038610038610063
sh.600193,2025-05-06,2.97,3.12,2.97,3.12,2.97,20706992.0,63539187.61,4.868,1,MAIN,0.05,3.12,True,5.050505050505039
sh.600193,2025-05-07,3.28,3.28,3.28,3.28,3.12,1418590.0,4652975.2,0.3335,1,MAIN,0.05,3.28,True,5.12820512820511
sh.600193,2025-05-08,3.44,3.44,3.44,3.44,3.28,1659500.0,5708680.0,0.3901,1,MAIN,0.05,3.44,True,4.878048780487809
sh.600193,2025-05-09,3.61,3.61,3.61,3.61,3.44,2250930.0,8125857.3,0.5292,1,MAIN,0.05,3.61,True,4.941860465116288
sh.600193,2025-05-12,3.79,3.79,3.79,3.79,3.61,1836939.0,6961998.81,0.4318,1,MAIN,0.05,3.79,True,4.986149584487531
sh.600193,2025-05-13,3.98,3.98,3.98,3.98,3.79,1642761.0,6538188.78,0.3862,1,MAIN,0.05,3.98,True,5.013192612137196
sh.600193,2025-05-14,4.18,4.18,3.88,4.18,3.98,93446190.0,382832435.03,21.9681,1,MAIN,0.05,4.18,True,5.025125628140703
sh.600193,2025-05-21,3.68,3.91,3.67,3.91,3.72,25343012.0,96443586.18,5.9578,1,MAIN,0.05,3.91,True,5.107526881720426
sh.600193,2025-05-26,4.1,4.31,4.05,4.31,4.1,41539231.0,175103812.89,9.7654,1,MAIN,0.05,4.3,True,5.1219512195122
sh.600193,2025-05-28,4.48,4.63,4.24,4.63,4.41,49983659.0,222872201.7,11.7505,1,MAIN,0.05,4.63,True,4.9886621315192725
sh.600193,2025-05-29,4.86,4.86,4.8,4.86,4.63,35439861.0,172213600.46,8.3315,1,MAIN,0.05,4.86,True,4.967602591792675
sh.600193,2025-05-30,4.8,5.1,4.7,5.1,4.86,38339859.0,188719509.66,9.0132,1,MAIN,0.05,5.1,True,4.938271604938249
sh.600198,2025-05-20,8.39,9.23,8.31,9.23,8.39,65882043.0,587269472.89,5.0603,0,MAIN,0.1,9.23,True,10.011918951132293
sh.600201,2025-06-23,7.32,7.94,7.3,7.94,7.22,100477761.0,792387414.52,8.9683,0,MAIN,0.1,7.94,True,9.972299168975084
sh.600202,2025-05-26,5.35,5.75,5.35,5.75,5.23,73042000.0,414257303.0,19.0541,0,MAIN,0.1,5.75,True,9.94263862332696
sh.600203,2025-05-06,8.89,9.6,8.75,9.6,8.73,36968500.0,341641255.0,6.2343,0,MAIN,0.1,9.6,True,9.965635738831601
sh.600207,2025-05-19,4.57,4.57,4.57,4.57,4.15,13132202.0,60014163.14,1.2055,0,MAIN,0.1,4.57,True,10.120481927710845
sh.600207,2025-05-20,5.03,5.03,5.03,5.03,4.57,8943800.0,44987314.0,0.821,0,MAIN,0.1,5.03,True,10.065645514223199
sh.600212,2025-05-29,7.15,7.87,7.14,7.87,7.15,38765577.0,293535320.5,7.53,0,MAIN,0.1,7.87,True,10.069930069930066
sh.600212,2025-05-30,8.24,8.66,7.96,8.66,7.87,99471859.0,834477116.65,19.3218,0,MAIN,0.1,8.66,True,10.038119440914862
sh.600212,2025-06-24,7.47,8.25,7.47,8.25,7.5,50272320.0,401303225.15,9.7651,0,MAIN,0.1,8.25,True,10.000000000000009
sh.600223,2025-05-15,7.38,8.11,7.31,8.11,7.37,35242547.0,277437741.39,3.4668,0,MAIN,0.1,8.11,True,10.04070556309362
sh.600223,2025-06-11,8.42,9.3,8.33,9.3,8.45,81819738.0,734838777.03,8.0486,0,MAIN,0.1,9.3,True,10.059171597633142
sh.600227,2025-06-17,2.54,2.83,2.53,2.83,2.57,119167470.0,331584552.18,9.3274,0,MAIN,0.1,2.83,True,10.116731517509736
sh.600228,2025-05-08,3.05,3.22,3.01,3.22,3.07,28179305.0,88615215.78,6.763,1,MAIN,0.05,3.22,True,4.885993485342022
sh.600228,2025-05-12,3.4,3.48,3.35,3.48,3.31,20681300.0,70779094.0,4.9442,1,MAIN,0.05,3.48,True,5.1359516616314105
sh.600228,2025-05-14,3.68,3.78,3.62,3.78,3.6,26586593.0,98742854.9,6.3559,1,MAIN,0.05,3.78,True,4.999999999999982
sh.600228,2025-05-15,3.9,3.97,3.85,3.97,3.78,29149531.0,114943500.75,6.9686,1,MAIN,0.05,3.97,True,5.026455026455046
sh.600228,2025-05-19,3.95,4.0,3.8,4.0,3.81,25725209.0,101034513.25,6.15,1,MAIN,0.05,4.0,True,4.986876640419946
sh.600228,2025-05-28,4.22,4.39,4.07,4.39,4.18,26704451.0,113837608.12,6.3841,1,MAIN,0.05,4.39,True,5.023923444976086
sh.600228,2025-06-09,4.3,4.47,4.28,4.47,4.26,15977365.0,70020260.59,3.8196,1,MAIN,0.05,4.47,True,4.929577464788726
sh.600228,2025-06-11,4.53,4.79,4.53,4.79,4.56,18411562.0,86278642.5,4.4016,1,MAIN,0.05,4.79,True,5.043859649122817
sh.600228,2025-06-12,4.87,5.03,4.78,5.03,4.79,21961611.0,108404540.69,5.2502,1,MAIN,0.05,5.03,True,5.0104384133611735
sh.600228,2025-06-17,5.0,5.18,4.94,5.18,4.93,29970325.0,154158191.98,7.1648,1,MAIN,0.05,5.18,True,5.070993914807298
sh.600232,2025-06-06,5.77,6.36,5.66,6.36,5.78,12332866.0,76307581.76,3.3815,0,MAIN,0.1,6.36,True,10.034602076124566
sh.600232,2025-06-09,7.0,7.0,7.0,7.0,6.36,3184630.0,22292410.0,0.8732,0,MAIN,0.1,7.0,True,10.062893081761004
sh.600232,2025-06-10,7.7,7.7,7.64,7.7,7.0,76029141.0,585408138.7,20.846,0,MAIN,0.1,7.7,True,10.000000000000009
sh.600232,2025-06-11,7.42,8.47,6.93,8.47,7.7,115988371.0,873797913.64,31.8022,0,MAIN,0.1,8.47,True,10.000000000000009
sh.600234,2025-05-08,7.23,7.63,7.22,7.63,7.27,4652418.0,35155888.01,1.7722,1,MAIN,0.05,7.63,True,4.951856946354893
sh.600234,2025-05-21,7.25,7.74,7.23,7.74,7.04,5592787.0,42826001.38,2.1304,0,MAIN,0.1,7.74,True,9.943181818181813
sh.600238,2025-05-08,4.48,4.78,4.38,4.78,4.55,37510151.0,173676741.97,8.4292,1,MAIN,0.05,4.78,True,5.054945054945059
sh.600238,2025-05-26,5.36,5.65,5.36,5.65,5.38,13899750.0,77246021.0,3.1235,1,MAIN,0.05,5.65,True,5.018587360594795
sh.600238,2025-06-24,5.6,5.8,5.55,5.8,5.52,7112711.0,40798561.15,1.5984,1,MAIN,0.05,5.8,True,5.072463768115942
sh.600241,2025-06-26,7.75,8.8,7.75,8.8,8.0,21326203.0,184583010.9,7.2464,0,MAIN,0.1,8.8,True,10.000000000000009
sh.600241,2025-06-27,9.26,9.68,8.85,9.68,8.8,61269185.0,581814844.36,20.8185,0,MAIN,0.1,9.68,True,9.999999999999986
sh.600241,2025-06-30,10.65,10.65,10.16,10.65,9.68,49285734.0,521033190.05,16.7466,0,MAIN,0.1,10.65,True,10.0206611570248
sh.600243,2025-05-06,2.33,2.43,2.3,2.43,2.31,29615496.0,70652257.29,6.7484,1,MAIN,0.05,2.43,True,5.1948051948051965
sh.600243,2025-05-12,2.52,2.63,2.5,2.63,2.5,23102217.0,59482231.41,5.2643,1,MAIN,0.05,2.62,True,5.200000000000005
sh.600243,2025-05-15,2.72,2.76,2.68,2.76,2.63,38413877.0,105329269.47,8.7533,1,MAIN,0.05,2.76,True,4.942965779467667
sh.600243,2025-05-19,2.91,2.94,2.85,2.94,2.8,10838300.0,31656520.0,2.4697,1,MAIN,0.05,2.94,True,5.000000000000004
sh.600243,2025-05-21,3.02,3.11,2.98,3.11,2.96,18497145.0,56493596.55,4.2149,1,MAIN,0.05,3.11,True,5.067567567567566
sh.600243,2025-05-28,3.14,3.26,3.08,3.26,3.1,31336686.0,99500954.18,7.1406,1,MAIN,0.05,3.26,True,5.161290322580636
sh.600243,2025-06-16,3.05,3.22,3.04,3.22,3.07,13935002.0,44068532.2,3.1753,1,MAIN,0.05,3.22,True,4.885993485342022
sh.600249,2025-05-15,5.62,6.18,5.58,6.18,5.62,116057679.0,699130081.23,21.1014,0,MAIN,0.1,6.18,True,9.964412811387891
sh.600250,2025-06-03,8.81,9.49,8.81,9.49,8.63,33777775.0,310246312.26,10.8752,0,MAIN,0.1,9.49,True,9.965237543453064
sh.600250,2025-06-09,10.19,11.17,10.04,11.17,10.15,57849465.0,610128472.57,18.6254,0,MAIN,0.1,11.16,True,10.049261083743843
sh.600250,2025-06-11,11.45,12.8,11.45,12.8,11.64,57545590.0,697628024.79,18.5276,0,MAIN,0.1,12.8,True,9.965635738831624
sh.600250,2025-06-12,13.0,14.08,12.99,14.08,12.8,43050012.0,595102177.32,13.8605,0,MAIN,0.1,14.08,True,9.999999999999986
sh.600250,2025-06-26,10.72,11.74,10.59,11.74,10.67,49805698.0,557469708.65,16.0356,0,MAIN,0.1,11.74,True,10.028116213683225
sh.600259,2025-05-06,37.03,39.59,36.98,39.59,35.99,29803883.0,1166261755.24,8.8587,0,MAIN,0.1,39.59,True,10.002778549597124
sh.600259,2025-05-20,42.12,46.64,42.05,46.64,42.4,37939552.0,1705182415.28,11.2769,0,MAIN,0.1,46.64,True,10.000000000000009
sh.600259,2025-06-03,43.8,47.3,43.46,47.3,43.0,28763697.0,1329815251.35,8.5495,0,MAIN,0.1,47.3,True,9.999999999999986
sh.600259,2025-06-04,47.3,52.03,47.2,52.03,47.3,24526382.0,1230861759.66,7.2901,0,MAIN,0.1,52.03,True,10.000000000000009
sh.600259,2025-06-16,55.0,61.38,55.0,61.38,55.8,49607289.0,2976312723.01,14.7449,0,MAIN,0.1,61.38,True,10.000000000000009
sh.600262,2025-05-07,21.52,23.63,21.52,23.63,21.48,20961889.0,485241480.83,12.3305,0,MAIN,0.1,23.63,True,10.009310986964604
sh.600265,2025-05-19,15.43,16.15,15.41,16.15,15.38,1890500.0,29824856.0,1.4565,1,MAIN,0.05,16.15,True,5.006501950585163
sh.600265,2025-06-20,16.92,17.33,16.63,17.33,16.5,1222382.0,20990539.06,0.9417,1,MAIN,0.05,17.32,True,5.030303030303029
sh.600265,2025-06-30,16.85,17.69,16.85,17.69,16.85,1544900.0,27274701.0,1.1902,1,MAIN,0.05,17.69,True,4.985163204747778
sh.600279,2025-05-21,5.75,6.29,5.56,6.29,5.72,94697733.0,587882628.33,7.9788,0,MAIN,0.1,6.29,True,9.965034965034981
sh.600279,2025-05-22,6.01,6.92,5.92,6.92,6.29,125992395.0,800166951.49,10.6156,0,MAIN,0.1,6.92,True,10.015898251192358
sh.600280,2025-06-12,3.56,3.89,3.55,3.89,3.54,149956969.0,563898782.44,13.2901,0,MAIN,0.1,3.89,True,9.887005649717517
sh.600281,2025-05-06,3.98,4.68,3.97,4.68,4.25,77734530.0,344984986.92,15.1116,0,MAIN,0.1,4.68,True,10.11764705882352
sh.600281,2025-05-12,4.43,4.74,4.43,4.74,4.31,49895281.0,234300852.94,9.6997,0,MAIN,0.1,4.74,True,9.976798143851529
sh.600281,2025-05-16,4.51,5.05,4.48,5.05,4.59,90809670.0,447615445.5,17.6534,0,MAIN,0.1,5.05,True,10.02178649237473
sh.600281,2025-05-19,5.2,5.56,5.11,5.56,5.05,103530705.0,556699390.09,20.1264,0,MAIN,0.1,5.56,True,10.099009900990087
sh.600281,2025-06-11,5.37,6.0,5.33,6.0,5.45,52470805.0,307268801.5,10.2003,0,MAIN,0.1,6.0,True,10.091743119266061
sh.600281,2025-06-12,6.6,6.6,6.29,6.6,6.0,92589148.0,606684440.38,17.9994,0,MAIN,0.1,6.6,True,9.999999999999986
sh.600281,2025-06-13,6.71,7.26,6.71,7.26,6.6,154077327.0,1098052790.53,29.9527,0,MAIN,0.1,7.26,True,10.000000000000009
sh.600281,2025-06-17,7.3,8.45,7.3,8.45,7.68,172740750.0,1393169134.34,33.5809,0,MAIN,0.1,8.45,True,10.026041666666652
sh.600281,2025-06-27,6.29,6.84,6.29,6.84,6.22,65738431.0,444337631.04,12.7796,0,MAIN,0.1,6.84,True,9.967845659163999
sh.600284,2025-05-13,6.43,7.06,6.43,7.06,6.42,73743494.0,506885684.03,7.6004,0,MAIN,0.1,7.06,True,9.968847352024923
sh.600289,2025-05-13,5.71,5.92,5.62,5.92,5.64,18179485.0,106644598.3,3.2124,1,MAIN,0.05,5.92,True,4.964539007092195
sh.600289,2025-06-04,5.02,5.28,5.01,5.28,5.03,9779848.0,51346039.45,1.7281,1,MAIN,0.05,5.28,True,4.97017892644136
sh.600289,2025-06-05,5.29,5.54,5.29,5.54,5.28,6004700.0,32771850.0,1.061,1,MAIN,0.05,5.54,True,4.924242424242431
sh.600289,2025-06-06,5.82,5.82,5.75,5.82,5.54,6469601.0,37622561.82,1.1432,1,MAIN,0.05,5.82,True,5.054151624548742
sh.600289,2025-06-17,5.81,6.15,5.76,6.15,5.86,17691882.0,107191420.51,3.1262,1,MAIN,0.05,6.15,True,4.948805460750849
sh.600289,2025-06-18,6.24,6.46,6.17,6.46,6.15,18795453.0,120886214.94,3.3212,1,MAIN,0.05,6.46,True,5.040650406504055
sh.600289,2025-06-20,6.18,6.47,6.18,6.47,6.16,11383740.0,72409795.0,2.0115,1,MAIN,0.05,6.47,True,5.032467532467533
sh.600289,2025-06-23,6.58,6.79,6.47,6.79,6.47,19590820.0,131101778.56,3.4617,1,MAIN,0.05,6.79,True,4.945904173106652
sh.600289,2025-06-24,6.7,7.13,6.7,7.13,6.79,8349812.0,58523541.54,1.4754,1,MAIN,0.05,7.13,True,5.007363770250373
sh.600289,2025-06-25,7.38,7.49,7.3,7.49,7.13,3793800.0,28190300.0,0.6704,1,MAIN,0.05,7.49,True,5.049088359046294
sh.600289,2025-06-27,7.3,7.62,7.3,7.62,7.26,20902049.0,158254339.78,3.6934,1,MAIN,0.05,7.62,True,4.958677685950419
sh.600302,2025-06-18,5.95,6.53,5.87,6.53,5.94,26727630.0,171245875.9,7.7245,0,MAIN,0.1,6.53,True,9.932659932659927
sh.600303,2025-05-06,3.89,4.24,3.89,4.24,3.85,44936600.0,187045682.0,6.6513,0,MAIN,0.1,4.24,True,10.129870129870122
sh.600318,2025-06-25,9.16,9.9,9.01,9.9,9.0,158344635.0,1542537194.92,30.8828,0,MAIN,0.1,9.9,True,10.000000000000009
sh.600319,2025-06-30,5.94,6.53,5.91,6.53,5.94,31590536.0,202742835.71,10.0099,0,MAIN,0.1,6.53,True,9.932659932659927
sh.600322,2025-06-06,2.46,2.71,2.46,2.71,2.46,88335526.0,231082272.97,7.9891,0,MAIN,0.1,2.71,True,10.162601626016254
sh.600336,2025-05-19,7.4,7.66,7.32,7.66,6.96,39134836.0,297110914.76,4.904,0,MAIN,0.1,7.66,True,10.057471264367823
sh.600340,2025-05-16,2.59,2.83,2.59,2.83,2.57,212610044.0,580325154.84,5.4608,0,MAIN,0.1,2.83,True,10.116731517509736
sh.600340,2025-05-19,3.11,3.11,3.0,3.11,2.83,78208259.0,242843357.09,2.0088,0,MAIN,0.1,3.11,True,9.893992932862194
sh.600343,2025-05-19,11.97,13.06,11.9,13.06,11.87,28696240.0,355548485.4,4.4964,0,MAIN,0.1,13.06,True,10.025273799494538
sh.600353,2025-06-09,10.25,10.84,10.25,10.84,9.85,48928908.0,525116318.92,5.9035,0,MAIN,0.1,10.84,True,10.050761421319798
sh.600353,2025-06-10,11.6,11.92,11.35,11.92,10.84,71079866.0,838760715.52,8.5761,0,MAIN,0.1,11.92,True,9.963099630996307
sh.600355,2025-05-15,2.48,2.56,2.46,2.56,2.44,45061006.0,114399838.36,9.1571,1,MAIN,0.05,2.56,True,4.918032786885251
sh.600355,2025-05-21,2.65,2.8,2.61,2.8,2.67,56647635.0,154680964.42,11.5117,1,MAIN,0.05,2.8,True,4.868913857677892
sh.600355,2025-05-27,2.7,2.85,2.69,2.85,2.71,68478403.0,192863245.53,13.9159,1,MAIN,0.05,2.85,True,5.166051660516602
sh.600355,2025-05-28,2.99,2.99,2.83,2.99,2.85,62538011.0,183795568.27,12.7087,1,MAIN,0.05,2.99,True,4.912280701754401
sh.600355,2025-06-04,2.87,3.01,2.87,3.01,2.87,40148270.0,118975846.7,8.1587,1,MAIN,0.05,3.01,True,4.878048780487787
sh.600355,2025-06-23,2.86,2.99,2.86,2.99,2.85,15781700.0,46724241.0,3.2071,1,MAIN,0.05,2.99,True,4.912280701754401
sh.600358,2025-05-14,4.55,4.73,4.48,4.73,4.5,11587501.0,53825413.73,2.2948,1,MAIN,0.05,4.73,True,5.111111111111111
sh.600358,2025-05-29,4.97,4.97,4.97,4.97,4.73,1027700.0,5107669.0,0.2035,1,MAIN,0.05,4.97,True,5.073995771670181
sh.600358,2025-05-30,5.22,5.22,5.22,5.22,4.97,243800.0,1272636.0,0.0483,1,MAIN,0.05,5.22,True,5.030181086519114
sh.600358,2025-06-03,5.48,5.48,5.48,5.48,5.22,2606900.0,14285812.0,0.5163,1,MAIN,0.05,5.48,True,4.9808429118774145
sh.600358,2025-06-04,5.75,5.75,5.75,5.75,5.48,4756197.0,27348132.75,0.9419,1,MAIN,0.05,5.75,True,4.92700729927007
sh.600358,2025-06-05,6.04,6.04,6.04,6.04,5.75,2772600.0,16746504.0,0.5491,1,MAIN,0.05,6.04,True,5.043478260869572
sh.600358,2025-06-06,6.34,6.34,6.34,6.34,6.04,2048001.0,12984326.34,0.4056,1,MAIN,0.05,6.34,True,4.966887417218535
sh.600358,2025-06-09,6.66,6.66,6.66,6.66,6.34,1207556.0,8042322.96,0.2391,1,MAIN,0.05,6.66,True,5.047318611987395
sh.600358,2025-06-10,6.99,6.99,6.99,6.99,6.66,3192002.0,22312093.98,0.6322,1,MAIN,0.05,6.99,True,4.954954954954949
sh.600358,2025-06-11,7.34,7.34,7.34,7.34,6.99,3416577.0,25077675.18,0.6766,1,MAIN,0.05,7.34,True,5.007153075822601
sh.600358,2025-06-12,7.71,7.71,7.71,7.71,7.34,2611291.0,20133053.61,0.5172,1,MAIN,0.05,7.71,True,5.040871934604896
sh.600358,2025-06-26,6.43,6.49,6.27,6.49,6.18,25329901.0,162161275.49,5.0165,1,MAIN,0.05,6.49,True,5.016181229773475
sh.600360,2025-06-05,7.33,7.69,7.25,7.69,7.32,38233664.0,289684422.36,3.9814,1,MAIN,0.05,7.69,True,5.054644808743181
sh.600360,2025-06-18,7.46,7.86,7.46,7.86,7.49,28010742.0,216756335.22,2.9169,1,MAIN,0.05,7.86,True,4.939919893190914
sh.600360,2025-06-26,8.25,8.25,8.18,8.25,7.86,43500060.0,358836233.2,4.5299,1,MAIN,0.05,8.25,True,4.961832061068705
sh.600365,2025-05-07,3.0,3.13,2.99,3.13,2.98,6894292.0,21267284.82,1.6465,1,MAIN,0.05,3.13,True,5.033557046979853
sh.600365,2025-05-29,3.06,3.21,3.06,3.21,3.06,5456602.0,17339132.42,1.3032,1,MAIN,0.05,3.21,True,4.90196078431373
sh.600365,2025-05-30,3.3,3.37,3.24,3.37,3.21,8959092.0,29854444.94,2.1396,1,MAIN,0.05,3.37,True,4.984423676012462
sh.600365,2025-06-09,3.22,3.41,3.21,3.41,3.25,7909653.0,26266109.41,1.889,1,MAIN,0.05,3.41,True,4.923076923076919
sh.600366,2025-06-11,8.76,9.61,8.68,9.61,8.74,152910718.0,1446952487.33,14.3843,0,MAIN,0.1,9.61,True,9.954233409610968
sh.600366,2025-06-12,9.94,10.57,9.81,10.57,9.61,198224468.0,2027999489.89,18.6469,0,MAIN,0.1,10.57,True,9.989594172736748
sh.600366,2025-06-30,10.19,10.86,10.1,10.86,9.87,170226846.0,1774860425.71,16.0132,0,MAIN,0.1,10.86,True,10.030395136778125
sh.600367,2025-06-13,13.24,14.59,13.2,14.59,13.26,49675687.0,707240438.91,15.4285,0,MAIN,0.1,14.59,True,10.030165912518862
sh.600367,2025-06-25,15.6,16.98,15.6,16.98,15.44,78840783.0,1318817534.34,24.4868,0,MAIN,0.1,16.98,True,9.974093264248719
sh.600370,2025-05-14,1.91,2.08,1.91,2.08,1.89,41290950.0,84260794.0,1.0597,0,MAIN,0.1,2.08,True,10.052910052910068
sh.600375,2025-05-08,6.18,6.28,6.18,6.28,5.71,31761564.0,199202017.02,2.9201,0,MAIN,0.1,6.28,True,9.982486865148864
sh.600379,2025-05-21,10.33,10.85,10.21,10.85,9.86,10321302.0,109612495.55,3.1258,0,MAIN,0.1,10.85,True,10.040567951318469
sh.600379,2025-05-22,11.94,11.94,11.8,11.94,10.85,17140953.0,204469674.82,5.1911,0,MAIN,0.1,11.94,True,10.046082949308754
sh.600379,2025-06-23,10.33,11.54,10.25,11.54,10.49,22047304.0,245307339.06,6.6769,0,MAIN,0.1,11.54,True,10.0095328884652
sh.600381,2025-05-06,3.26,3.26,3.26,3.26,3.1,336850.0,1098131.0,0.0574,1,MAIN,0.05,3.26,True,5.161290322580636
sh.600381,2025-05-07,3.42,3.42,3.42,3.42,3.26,414633.0,1418044.86,0.0706,1,MAIN,0.05,3.42,True,4.907975460122693
sh.600381,2025-05-08,3.59,3.59,3.57,3.59,3.42,10692311.0,38384783.49,1.8213,1,MAIN,0.05,3.59,True,4.970760233918137
sh.600381,2025-05-19,3.65,3.81,3.65,3.81,3.63,8892047.0,33403556.07,1.5147,1,MAIN,0.05,3.81,True,4.958677685950419
sh.600381,2025-05-21,3.8,4.0,3.79,4.0,3.81,12633603.0,49331854.0,2.152,1,MAIN,0.05,4.0,True,4.986876640419946
sh.600381,2025-06-03,3.82,3.96,3.82,3.96,3.77,3582347.0,13935779.42,0.6102,1,MAIN,0.05,3.96,True,5.039787798408479
sh.600381,2025-06-04,4.16,4.16,4.13,4.16,3.96,12234814.0,50886512.1,2.0841,1,MAIN,0.05,4.16,True,5.050505050505061
sh.600381,2025-06-09,4.4,4.57,4.4,4.57,4.35,7813300.0,35320637.8,1.3309,1,MAIN,0.05,4.57,True,5.057471264367841
sh.600381,2025-06-13,4.67,4.92,4.66,4.92,4.69,20716031.0,100266393.81,3.5288,1,MAIN,0.05,4.92,True,4.904051172707868
sh.600391,2025-05-29,22.83,25.1,22.75,25.1,22.82,29871205.0,720843651.45,9.0483,0,MAIN,0.1,25.1,True,9.99123575810692
sh.600391,2025-06-25,24.88,27.39,24.88,27.39,24.9,35295117.0,943111258.71,10.6913,0,MAIN,0.1,27.39,True,10.000000000000009
sh.600392,2025-05-06,10.91,11.64,10.91,11.64,10.58,98095420.0,1131153149.64,5.5964,0,MAIN,0.1,11.64,True,10.018903591682427
sh.600396,2025-05-06,2.79,3.04,2.74,3.04,2.76,122786257.0,352950375.38,8.3375,0,MAIN,0.1,3.04,True,10.144927536231885
sh.600396,2025-05-08,3.15,3.43,3.11,3.43,3.12,235147931.0,780663672.79,15.9671,0,MAIN,0.1,3.43,True,9.935897435897445
sh.600397,2025-05-16,5.1,5.64,5.1,5.64,5.13,69341901.0,376680639.63,7.0045,0,MAIN,0.1,5.64,True,9.941520467836252
sh.600403,2025-05-15,3.46,3.81,3.44,3.81,3.46,17720830.0,65757635.7,0.7412,0,MAIN,0.1,3.81,True,10.115606936416178
sh.600403,2025-05-21,3.89,4.35,3.89,4.35,3.95,47020635.0,196155537.25,1.9667,0,MAIN,0.1,4.35,True,10.126582278481
sh.600403,2025-06-06,3.78,4.1,3.77,4.1,3.73,37908936.0,151913620.6,1.5856,0,MAIN,0.1,4.1,True,9.919571045576392
sh.600405,2025-06-17,4.73,5.15,4.73,5.15,4.68,75920804.0,379500520.36,12.4436,0,MAIN,0.1,5.15,True,10.042735042735051
sh.600410,2025-05-06,10.0,10.0,9.79,10.0,9.09,136691750.0,1365925830.95,12.4662,0,MAIN,0.1,10.0,True,10.011001100110018
sh.600410,2025-05-07,11.0,11.0,10.8,11.0,10.0,112275432.0,1234300048.0,10.2395,0,MAIN,0.1,11.0,True,10.000000000000009
sh.600410,2025-05-14,9.72,10.68,9.68,10.68,9.71,191527911.0,1988258911.08,17.4673,0,MAIN,0.1,10.68,True,9.98970133882593
sh.600416,2025-06-30,12.21,13.44,12.15,13.44,12.22,94928457.0,1239881211.22,7.1622,0,MAIN,0.1,13.44,True,9.983633387888702
sh.600418,2025-06-09,35.81,38.54,35.81,38.54,35.04,123949082.0,4660519435.12,5.6753,0,MAIN,0.1,38.54,True,9.988584474885842
sh.600421,2025-05-07,4.9,4.99,4.76,4.99,4.75,5588429.0,27461543.83,2.8571,1,MAIN,0.05,4.99,True,5.052631578947375
sh.600421,2025-05-12,5.39,5.53,5.31,5.53,5.27,4535108.0,24844126.24,2.3186,1,MAIN,0.05,5.53,True,4.933586337760931
sh.600421,2025-05-13,5.77,5.81,5.59,5.81,5.53,9406801.0,54223470.94,4.8092,1,MAIN,0.05,5.81,True,5.063291139240489
sh.600421,2025-05-14,6.06,6.1,5.96,6.1,5.81,3311600.0,20045661.0,1.693,1,MAIN,0.05,6.1,True,4.991394148020656
sh.600421,2025-05-15,6.41,6.41,6.23,6.41,6.1,14303185.0,91270528.85,7.3125,1,MAIN,0.05,6.4,True,5.0819672131147575
sh.600421,2025-05-19,6.21,6.39,6.21,6.39,6.09,6714800.0,42681674.0,3.4329,1,MAIN,0.05,6.39,True,4.92610837438423
sh.600421,2025-05-20,6.63,6.71,6.5,6.71,6.39,5452500.0,36265821.0,2.7876,1,MAIN,0.05,6.71,True,5.007824726134591
sh.600421,2025-06-09,6.7,7.04,6.7,7.04,6.7,6493000.0,44862666.0,3.3195,1,MAIN,0.05,7.04,True,5.074626865671639
sh.600421,2025-06-10,7.08,7.39,7.04,7.39,7.04,8284701.0,59876353.18,4.2355,1,MAIN,0.05,7.39,True,4.971590909090895
sh.600421,2025-06-16,7.2,7.55,7.12,7.55,7.19,8285400.0,61430582.0,4.2359,1,MAIN,0.05,7.55,True,5.006954102920713
sh.600435,2025-06-25,11.81,12.99,11.81,12.99,11.81,50706054.0,652083934.29,3.3601,0,MAIN,0.1,12.99,True,9.991532599491947
sh.600435,2025-06-26,14.29,14.29,14.0,14.29,12.99,51153734.0,729889771.44,3.3898,0,MAIN,0.1,14.29,True,10.007698229407236
sh.600435,2025-06-30,13.97,15.59,13.96,15.59,14.17,229850010.0,3425585973.49,15.2313,0,MAIN,0.1,15.59,True,10.021171489061388
sh.600439,2025-05-26,3.45,3.75,3.37,3.75,3.41,166497237.0,615220739.23,14.7084,0,MAIN,0.1,3.75,True,9.97067448680351
sh.600446,2025-05-29,14.7,16.17,14.7,16.17,14.7,38340907.0,594039703.33,4.0518,0,MAIN,0.1,16.17,True,10.000000000000009
sh.600448,2025-05-06,2.73,2.95,2.71,2.95,2.68,59292900.0,170127434.6,9.4143,0,MAIN,0.1,2.95,True,10.074626865671643
sh.600448,2025-05-07,3.25,3.25,3.16,3.25,2.95,62675203.0,203519158.75,9.9513,0,MAIN,0.1,3.25,True,10.169491525423723
sh.600448,2025-05-08,3.35,3.58,3.13,3.58,3.25,197693270.0,686004986.0,31.3889,0,MAIN,0.1,3.58,True,10.153846153846157
sh.600448,2025-05-09,3.94,3.94,3.82,3.94,3.58,102110365.0,401885437.54,16.2126,0,MAIN,0.1,3.94,True,10.05586592178771
sh.600448,2025-05-13,4.41,4.51,4.32,4.51,4.1,260203088.0,1162795624.31,41.3139,0,MAIN,0.1,4.51,True,10.000000000000009
sh.600463,2025-05-19,10.38,10.77,10.07,10.77,9.79,12538800.0,132014632.0,4.1796,0,MAIN,0.1,10.77,True,10.010214504596537
sh.600463,2025-05-20,10.99,11.85,10.92,11.85,10.77,23448072.0,272134335.2,7.816,0,MAIN,0.1,11.85,True,10.027855153203348
sh.600463,2025-05-21,13.04,13.04,13.04,13.04,11.85,5467787.0,71299942.48,1.8226,0,MAIN,0.1,13.04,True,10.042194092827007
sh.600463,2025-06-19,10.95,10.95,10.95,10.95,9.95,7219500.0,79053525.0,2.4065,0,MAIN,0.1,10.94,True,10.050251256281406
sh.600468,2025-05-16,4.66,5.04,4.66,5.04,4.58,34924600.0,175494828.0,3.2108,0,MAIN,0.1,5.04,True,10.043668122270732
sh.600468,2025-05-19,5.34,5.54,5.18,5.54,5.04,144918855.0,785125185.76,13.323,0,MAIN,0.1,5.54,True,9.92063492063493
sh.600468,2025-05-20,6.07,6.09,5.8,6.09,5.54,87695903.0,525442903.99,8.0622,0,MAIN,0.1,6.09,True,9.927797833935003
sh.600468,2025-05-26,5.31,5.95,5.26,5.95,5.41,181464856.0,1058952159.61,16.6828,0,MAIN,0.1,5.95,True,9.981515711645095
sh.600468,2025-05-27,6.05,6.55,5.95,6.55,5.95,217599239.0,1350061028.1,20.0048,0,MAIN,0.1,6.55,True,10.084033613445364
sh.600468,2025-05-30,6.1,7.01,5.75,7.01,6.37,213971127.0,1349061260.42,19.6712,0,MAIN,0.1,7.01,True,10.047095761381474
sh.600468,2025-06-03,7.0,7.71,6.73,7.71,7.01,280184728.0,2065523661.04,25.7585,0,MAIN,0.1,7.71,True,9.985734664764623
sh.600468,2025-06-06,7.02,7.95,6.81,7.95,7.23,281587066.0,2174997086.78,25.8875,0,MAIN,0.1,7.95,True,9.958506224066376
sh.600468,2025-06-09,7.95,8.75,7.73,8.75,7.95,302837194.0,2441236415.21,27.8411,0,MAIN,0.1,8.75,True,10.062893081761004
sh.600468,2025-06-10,8.46,9.63,8.46,9.63,8.75,313460742.0,2887136756.48,28.8177,0,MAIN,0.1,9.62,True,10.057142857142875
sh.600475,2025-06-17,10.3,11.48,10.3,11.48,10.44,27591899.0,307247683.8,2.9263,0,MAIN,0.1,11.48,True,9.961685823754806
sh.600476,2025-05-26,16.65,18.26,16.65,18.26,16.6,10645502.0,188478249.95,6.6092,0,MAIN,0.1,18.26,True,10.000000000000009
sh.600476,2025-05-29,18.55,20.41,18.37,20.41,18.55,35521073.0,687887805.85,22.0532,0,MAIN,0.1,20.4,True,10.026954177897561
sh.600478,2025-06-17,5.05,5.52,5.05,5.52,5.02,135742188.0,729828440.32,8.15,0,MAIN,0.1,5.52,True,9.960159362549792
sh.600493,2025-05-15,5.64,6.2,5.63,6.2,5.64,35997994.0,219389907.28,13.2346,0,MAIN,0.1,6.2,True,9.929078014184412
sh.600493,2025-05-23,5.76,6.27,5.68,6.27,5.7,36576129.0,227693813.83,13.4471,0,MAIN,0.1,6.27,True,9.999999999999986
sh.600495,2025-05-22,4.36,4.84,4.36,4.84,4.4,107939674.0,507995332.85,8.934,0,MAIN,0.1,4.84,True,9.999999999999986
sh.600495,2025-05-28,4.76,5.25,4.75,5.25,4.77,157285907.0,799017564.7,13.0183,0,MAIN,0.1,5.25,True,10.062893081761025
sh.600500,2025-05-13,3.72,4.08,3.7,4.08,3.71,80897581.0,322381242.45,2.2555,0,MAIN,0.1,4.08,True,9.973045822102433
sh.600503,2025-05-06,2.54,2.77,2.53,2.77,2.52,78528175.0,214592874.01,4.901,0,MAIN,0.1,2.77,True,9.92063492063493
sh.600505,2025-05-20,15.03,16.67,14.92,16.67,15.15,69892147.0,1113355045.24,19.1713,0,MAIN,0.1,16.67,True,10.033003300330034
sh.600513,2025-06-24,9.28,10.2,9.28,10.2,9.27,19236427.0,193503780.47,6.7388,0,MAIN,0.1,10.2,True,10.032362459546928
sh.600520,2025-06-09,30.31,30.31,29.49,30.31,27.55,13686401.0,413397993.31,8.6388,0,MAIN,0.1,30.31,True,10.018148820326678
sh.600521,2025-05-20,14.97,15.62,14.97,15.62,14.2,36351279.0,564551750.98,2.4783,0,MAIN,0.1,15.62,True,10.000000000000009
sh.600523,2025-05-12,13.98,15.11,13.9,15.11,13.74,23159261.0,340369172.91,5.7319,0,MAIN,0.1,15.11,True,9.97088791848617
sh.600530,2025-05-09,4.81,5.31,4.81,5.31,4.83,13718777.0,71379936.87,1.7703,0,MAIN,0.1,5.31,True,9.937888198757761
sh.600530,2025-05-13,5.56,6.2,5.56,6.2,5.64,31404435.0,187906793.71,4.0526,0,MAIN,0.1,6.2,True,9.929078014184412
sh.600530,2025-05-14,6.79,6.82,6.22,6.82,6.2,44175762.0,295553220.1,5.7007,0,MAIN,0.1,6.82,True,10.000000000000009
sh.600530,2025-05-15,7.1,7.5,7.01,7.5,6.82,38821928.0,287857791.38,5.0098,0,MAIN,0.1,7.5,True,9.97067448680351
sh.600530,2025-05-19,7.0,7.92,6.68,7.92,7.2,68350200.0,510643922.52,8.8203,0,MAIN,0.1,7.92,True,9.999999999999986
sh.600530,2025-05-27,7.6,8.57,7.6,8.57,7.79,67961205.0,574657537.37,8.7701,0,MAIN,0.1,8.57,True,10.01283697047497
sh.600530,2025-06-03,7.48,8.36,7.46,8.36,7.6,45185893.0,362117958.9,5.831,0,MAIN,0.1,8.36,True,9.999999999999986
sh.600530,2025-06-09,8.0,8.64,7.7,8.64,7.85,42626642.0,355177948.1,5.5008,0,MAIN,0.1,8.64,True,10.063694267515944
sh.600530,2025-06-10,8.9,9.5,8.69,9.5,8.64,107898847.0,988185183.21,13.9239,0,MAIN,0.1,9.5,True,9.953703703703699
sh.600530,2025-06-12,9.44,10.67,9.44,10.67,9.7,46199034.0,472388041.6,5.9618,0,MAIN,0.1,10.67,True,10.000000000000009
sh.600543,2025-05-30,5.45,6.0,5.34,6.0,5.45,19882051.0,116275929.98,6.1915,0,MAIN,0.1,6.0,True,10.091743119266061
sh.600543,2025-06-17,5.61,6.17,5.61,6.17,5.61,23515254.0,140953994.18,7.3229,0,MAIN,0.1,6.17,True,9.982174688057043
sh.600543,2025-06-18,6.79,6.79,6.79,6.79,6.17,8571094.0,58197728.26,2.6691,0,MAIN,0.1,6.79,True,10.048622366288495
sh.600550,2025-05-19,8.0,8.55,7.98,8.55,7.77,153136077.0,1282065147.67,8.3157,0,MAIN,0.1,8.55,True,10.038610038610063
sh.600550,2025-05-20,8.93,9.41,8.83,9.41,8.55,168321013.0,1543223405.32,9.1403,0,MAIN,0.1,9.41,True,10.058479532163744
sh.600550,2025-05-26,8.89,9.43,8.7,9.43,8.57,136418406.0,1265885441.98,7.4079,0,MAIN,0.1,9.43,True,10.035005834305721
sh.600551,2025-05-29,8.05,8.88,8.01,8.88,8.07,22670408.0,195559034.98,3.3434,0,MAIN,0.1,8.88,True,10.03717472118959
sh.600551,2025-05-30,9.77,9.77,9.01,9.77,8.88,86399210.0,829788798.72,12.7422,0,MAIN,0.1,9.77,True,10.022522522522515
sh.600551,2025-06-05,8.29,9.21,8.24,9.21,8.37,52662242.0,460275185.29,7.7667,0,MAIN,0.1,9.21,True,10.035842293906839
sh.600551,2025-06-18,9.27,9.27,9.27,9.27,8.43,7398240.0,68581684.8,1.0911,0,MAIN,0.1,9.27,True,9.964412811387891
sh.600551,2025-06-19,10.2,10.2,10.16,10.2,9.27,36010725.0,367302704.0,5.3109,0,MAIN,0.1,10.2,True,10.032362459546928
sh.600557,2025-06-11,16.17,16.32,16.05,16.32,14.84,48948765.0,797736723.03,8.6458,0,MAIN,0.1,16.32,True,9.973045822102433
sh.600558,2025-05-26,5.2,5.57,5.14,5.57,5.06,112266204.0,615918663.59,12.5073,0,MAIN,0.1,5.57,True,10.079051383399218
sh.600561,2025-06-03,6.94,7.18,6.55,7.18,6.53,18089535.0,126794749.03,6.3589,0,MAIN,0.1,7.18,True,9.954058192955584
sh.600562,2025-05-12,23.81,26.21,23.78,26.21,23.83,36172504.0,926911458.04,2.9312,0,MAIN,0.1,26.21,True,9.987410826689057
sh.600562,2025-06-30,28.89,31.49,28.81,31.49,28.63,29006384.0,897487338.21,2.3357,0,MAIN,0.1,31.49,True,9.989521480964015
sh.600568,2025-05-13,1.34,1.41,1.34,1.41,1.34,22891138.0,32020547.71,1.3715,1,MAIN,0.05,1.41,True,5.223880597014907
sh.600568,2025-05-14,1.42,1.48,1.41,1.48,1.41,25233812.0,36616801.84,1.5119,1,MAIN,0.05,1.48,True,4.964539007092195
sh.600568,2025-05-19,1.43,1.47,1.42,1.47,1.4,22321855.0,32684262.85,1.3374,1,MAIN,0.05,1.47,True,5.000000000000004
sh.600568,2025-05-27,1.45,1.54,1.45,1.54,1.47,38357245.0,58485738.11,2.2981,1,MAIN,0.05,1.54,True,4.761904761904767
sh.600568,2025-06-03,1.58,1.67,1.57,1.67,1.59,23870592.0,39125792.24,1.4302,1,MAIN,0.05,1.67,True,5.031446540880502
sh.600568,2025-06-05,1.65,1.76,1.62,1.76,1.68,40833188.0,69858570.96,2.4465,1,MAIN,0.05,1.76,True,4.761904761904767
sh.600568,2025-06-16,1.66,1.73,1.64,1.73,1.65,23845809.0,40709665.17,1.4287,1,MAIN,0.05,1.73,True,4.8484848484848575
sh.600570,2025-06-16,27.75,30.53,27.75,30.53,27.75,123972181.0,3650983352.53,6.5532,0,MAIN,0.1,30.52,True,10.018018018018026
sh.600571,2025-05-29,14.41,16.05,14.41,16.05,14.59,77718384.0,1206873274.11,16.9783,0,MAIN,0.1,16.05,True,10.006854009595623
sh.600575,2025-05-09,3.55,3.84,3.52,3.84,3.49,188682539.0,706669300.76,4.8551,0,MAIN,0.1,3.84,True,10.028653295128919
sh.600589,2025-05-06,7.29,7.84,7.21,7.84,7.13,172539336.0,1301247980.08,11.6701,0,MAIN,0.1,7.84,True,9.957924263674611
sh.600589,2025-06-05,6.95,7.69,6.95,7.69,6.99,225070764.0,1661556238.74,15.2232,0,MAIN,0.1,7.69,True,10.014306151645203
sh.600590,2025-06-25,8.99,9.46,8.97,9.46,8.6,97184330.0,913057805.41,11.5206,0,MAIN,0.1,9.46,True,10.000000000000009
sh.600592,2025-05-06,23.2,24.68,22.94,24.68,22.44,46804501.0,1102881322.76,11.7142,0,MAIN,0.1,24.68,True,9.982174688057043
sh.600592,2025-05-07,26.0,27.15,25.4,27.15,24.68,54034539.0,1447630385.2,13.5237,0,MAIN,0.1,27.15,True,10.008103727714746
sh.600592,2025-06-24,20.91,22.78,20.68,22.78,20.71,30085200.0,664970840.0,7.5297,0,MAIN,0.1,22.78,True,9.995171414775461
sh.600595,2025-06-27,4.19,4.49,4.18,4.49,4.08,222903275.0,990955728.14,5.5616,0,MAIN,0.1,4.49,True,10.049019607843146
sh.600599,2025-06-09,7.35,7.72,7.35,7.72,7.35,3291910.0,25009952.2,1.9831,1,MAIN,0.05,7.72,True,5.034013605442178
sh.600599,2025-06-10,8.11,8.11,8.11,8.11,7.72,852116.0,6910660.76,0.5133,1,MAIN,0.05,8.11,True,5.051813471502586
sh.600599,2025-06-11,8.52,8.52,8.2,8.52,8.11,13665061.0,114943618.76,8.232,1,MAIN,0.05,8.52,True,5.055487053020968
sh.600599,2025-06-16,8.04,8.41,8.0,8.41,8.01,2376700.0,19629172.0,1.4317,1,MAIN,0.05,8.41,True,4.993757802746579
sh.600601,2025-06-05,4.26,4.72,4.26,4.72,4.29,203121856.0,941089155.26,4.8707,0,MAIN,0.1,4.72,True,10.023310023310007
sh.600604,2025-06-25,4.84,5.32,4.78,5.32,4.84,52531820.0,270310837.33,3.7324,0,MAIN,0.1,5.32,True,9.917355371900838
sh.600608,2025-05-06,3.1,3.2,3.1,3.2,3.05,3874515.0,12327190.96,1.217,1,MAIN,0.05,3.2,True,4.918032786885251
sh.600608,2025-05-15,3.4,3.51,3.35,3.51,3.34,5933150.0,20667930.36,1.8636,1,MAIN,0.05,3.51,True,5.089820359281427
sh.600608,2025-05-19,3.55,3.55,3.51,3.55,3.38,4748533.0,16851482.15,1.4915,1,MAIN,0.05,3.55,True,5.02958579881656
sh.600608,2025-06-20,3.64,3.84,3.64,3.84,3.66,5207180.0,19719793.52,1.6356,1,MAIN,0.05,3.84,True,4.918032786885229
sh.600610,2025-05-07,11.8,12.83,11.38,12.83,11.66,138108584.0,1714591403.36,19.4869,0,MAIN,0.1,12.83,True,10.034305317324188
sh.600610,2025-05-13,12.15,13.06,11.71,13.06,11.87,131329130.0,1645688377.08,18.5303,0,MAIN,0.1,13.06,True,10.025273799494538
sh.600610,2025-05-14,13.52,14.37,13.38,14.37,13.06,119412665.0,1682678510.9,16.8489,0,MAIN,0.1,14.37,True,10.03062787136293
sh.600610,2025-05-16,13.61,14.61,13.61,14.61,13.28,111093326.0,1574141314.57,15.6751,0,MAIN,0.1,14.61,True,10.015060240963859
sh.600610,2025-05-19,15.1,16.07,14.28,16.07,14.61,121572005.0,1877220486.05,17.1536,0,MAIN,0.1,16.07,True,9.993155373032181
sh.600610,2025-06-16,13.5,14.63,13.45,14.63,13.3,96471100.0,1368884396.42,13.6119,0,MAIN,0.1,14.63,True,10.000000000000009
sh.600610,2025-06-23,16.8,17.35,16.09,17.35,15.77,71311013.0,1217878819.75,10.0618,0,MAIN,0.1,17.35,True,10.019023462270148
sh.600611,2025-05-07,6.16,6.78,6.13,6.78,6.16,219779811.0,1452388749.17,14.0586,0,MAIN,0.1,6.78,True,10.064935064935066
sh.600612,2025-05-28,49.03,54.31,49.03,54.31,49.37,9240995.0,487745895.26,2.9141,0,MAIN,0.1,54.31,True,10.006076564715416
sh.600616,2025-05-27,6.45,6.9,6.31,6.9,6.27,54505134.0,363792166.49,8.1472,0,MAIN,0.1,6.9,True,10.047846889952172
sh.600617,2025-06-17,2.67,2.96,2.66,2.96,2.69,65156264.0,188118445.84,3.6697,0,MAIN,0.1,2.96,True,10.03717472118959
sh.600636,2025-05-06,6.89,7.01,6.81,7.01,6.68,5724630.0,39583436.82,1.3051,1,MAIN,0.05,7.01,True,4.940119760479034
sh.600636,2025-05-07,7.36,7.36,7.36,7.36,7.01,2616219.0,19255371.84,0.5964,1,MAIN,0.05,7.36,True,4.992867332382311
sh.600643,2025-06-25,5.18,5.72,5.18,5.72,5.2,29361645.0,165099512.68,1.8462,0,MAIN,0.1,5.72,True,9.999999999999986
sh.600643,2025-06-26,6.29,6.29,6.29,6.29,5.72,15695135.0,98722399.15,0.9869,0,MAIN,0.1,6.29,True,9.965034965034981
sh.600643,2025-06-27,6.92,6.92,6.7,6.92,6.29,185967661.0,1282481555.08,11.6935,0,MAIN,0.1,6.92,True,10.015898251192358
sh.600644,2025-05-14,11.3,12.47,11.0,12.47,11.34,120549853.0,1436495983.94,22.3904,0,MAIN,0.1,12.47,True,9.964726631393294
sh.600644,2025-05-20,12.31,13.93,12.31,13.93,12.66,98394518.0,1324061005.22,18.2753,0,MAIN,0.1,13.93,True,10.031595576619278
sh.600644,2025-05-21,14.39,15.32,14.18,15.32,13.93,119977765.0,1813071591.56,22.2841,0,MAIN,0.1,15.32,True,9.978463747307975
sh.600644,2025-05-27,14.9,16.78,14.89,16.78,15.25,110119010.0,1783501866.44,20.453,0,MAIN,0.1,16.78,True,10.032786885245915
sh.600644,2025-06-10,15.39,16.92,15.03,16.92,15.38,127358724.0,2084858468.23,23.655,0,MAIN,0.1,16.92,True,10.013003901170347
sh.600650,2025-05-26,14.08,15.68,13.99,15.68,14.25,34889409.0,532809424.8,8.9332,0,MAIN,0.1,15.68,True,10.035087719298241
sh.600650,2025-05-29,15.78,17.25,15.78,17.25,15.68,50561020.0,844880936.94,12.9458,0,MAIN,0.1,17.25,True,10.012755102040828
sh.600650,2025-06-24,16.61,16.61,16.61,16.61,15.1,8903150.0,147881321.5,2.2796,0,MAIN,0.1,16.61,True,10.000000000000009
sh.600651,2025-06-03,3.93,4.35,3.92,4.35,3.95,58536724.0,245526449.1,2.3349,0,MAIN,0.1,4.35,True,10.126582278481
sh.600658,2025-05-19,4.38,4.55,4.38,4.55,4.14,34401702.0,155923802.1,3.0755,0,MAIN,0.1,4.55,True,9.903381642512077
sh.600658,2025-06-12,4.58,5.07,4.57,5.07,4.61,71295593.0,350365953.79,6.3737,0,MAIN,0.1,5.07,True,9.97830802603037
sh.600666,2025-05-29,2.43,2.67,2.43,2.67,2.43,111613277.0,287811451.07,4.6126,0,MAIN,0.1,2.67,True,9.876543209876543
sh.600666,2025-06-23,2.62,2.86,2.6,2.86,2.6,170672736.0,483358888.28,7.0533,0,MAIN,0.1,2.86,True,9.999999999999986
sh.600666,2025-06-27,3.16,3.42,3.14,3.42,3.11,193440137.0,652149040.42,7.9942,0,MAIN,0.1,3.42,True,9.967845659163999
sh.600668,2025-05-08,12.51,13.89,12.4,13.89,12.63,40882473.0,544177672.29,11.8815,0,MAIN,0.1,13.89,True,9.976247030878849
sh.600676,2025-05-29,4.36,4.82,4.36,4.82,4.38,43921934.0,204963206.84,4.2705,0,MAIN,0.1,4.82,True,10.045662100456632
sh.600676,2025-05-30,5.14,5.3,5.01,5.3,4.82,118861210.0,623001827.0,11.5568,0,MAIN,0.1,5.3,True,9.958506224066376
sh.600678,2025-05-28,7.75,8.5,7.75,8.5,7.73,54198254.0,456030785.07,15.53,0,MAIN,0.1,8.5,True,9.961190168175937
sh.600678,2025-05-29,8.84,9.35,8.7,9.35,8.5,118837512.0,1082962733.03,34.0518,0,MAIN,0.1,9.35,True,9.999999999999986
sh.600679,2025-05-08,12.77,13.92,12.77,13.92,12.65,32253060.0,443433870.2,9.3842,0,MAIN,0.1,13.92,True,10.039525691699591
sh.600684,2025-06-04,3.81,4.09,3.81,4.09,3.72,100302489.0,402559915.68,11.7524,0,MAIN,0.1,4.09,True,9.946236559139777
sh.600684,2025-06-30,4.15,4.43,4.15,4.43,4.03,92451734.0,405936133.55,10.8326,0,MAIN,0.1,4.43,True,9.92555831265507
sh.600686,2025-05-29,13.46,14.85,13.46,14.85,13.5,109692759.0,1579188211.73,15.2978,0,MAIN,0.1,14.85,True,9.999999999999986
sh.600691,2025-05-07,2.11,2.31,2.11,2.31,2.1,101318906.0,228035603.6,4.265,0,MAIN,0.1,2.31,True,10.000000000000009
sh.600693,2025-05-08,6.42,7.15,6.35,7.15,6.5,116402561.0,801422540.87,13.3957,0,MAIN,0.1,7.15,True,10.000000000000009
sh.600696,2025-05-06,5.65,6.25,5.65,6.25,5.95,35239998.0,202148616.74,10.5361,1,MAIN,0.05,6.25,True,5.042016806722693
sh.600696,2025-05-09,5.66,6.0,5.61,6.0,5.71,22476994.0,131503257.62,6.7202,1,MAIN,0.05,6.0,True,5.078809106830118
sh.600696,2025-05-19,6.17,6.36,6.13,6.36,6.06,15162072.0,95737464.05,4.5332,1,MAIN,0.05,6.36,True,4.950495049504955
sh.600696,2025-05-20,6.36,6.68,6.31,6.68,6.36,7671427.0,50083497.82,2.2936,1,MAIN,0.05,6.68,True,5.031446540880502
sh.600696,2025-05-21,6.99,7.01,6.83,7.01,6.68,4129505.0,28824989.26,1.2346,1,MAIN,0.05,7.01,True,4.940119760479034
sh.600696,2025-05-22,7.36,7.36,7.15,7.36,7.01,11712500.0,85789600.0,3.5018,1,MAIN,0.05,7.36,True,4.992867332382311
sh.600696,2025-05-27,7.47,7.9,7.41,7.9,7.52,6320631.0,49064071.68,1.8897,1,MAIN,0.05,7.9,True,5.053191489361719
sh.600696,2025-06-09,7.16,7.54,7.13,7.54,7.18,11922378.0,88864119.34,3.5646,1,MAIN,0.05,7.54,True,5.013927576601684
sh.600696,2025-06-26,6.35,6.68,6.33,6.68,6.36,6010501.0,39244998.52,1.797,1,MAIN,0.05,6.68,True,5.031446540880502
sh.600698,2025-05-07,5.94,6.44,5.9,6.44,5.85,69087711.0,439063440.24,8.3204,0,MAIN,0.1,6.44,True,10.085470085470094
sh.600698,2025-05-19,7.08,7.3,6.8,7.3,6.64,45203636.0,325087022.33,5.444,0,MAIN,0.1,7.3,True,9.93975903614459
sh.600698,2025-05-20,8.03,8.03,8.03,8.03,7.3,7420597.0,59587393.91,0.8937,0,MAIN,0.1,8.03,True,9.999999999999986
sh.600698,2025-05-21,8.83,8.83,8.44,8.83,8.03,55527051.0,488256873.95,6.6872,0,MAIN,0.1,8.83,True,9.96264009962642
sh.600698,2025-06-05,7.29,7.52,7.2,7.52,6.84,113402208.0,842695057.56,13.6572,0,MAIN,0.1,7.52,True,9.941520467836252
sh.600698,2025-06-23,6.53,7.11,6.48,7.11,6.46,66832999.0,464283103.49,8.0488,0,MAIN,0.1,7.11,True,10.061919504643967
sh.600698,2025-06-25,7.2,7.92,7.18,7.92,7.2,144398352.0,1104431971.54,17.3902,0,MAIN,0.1,7.92,True,9.999999999999986
sh.600698,2025-06-26,7.92,8.71,7.8,8.71,7.92,203927942.0,1739988761.66,24.5594,0,MAIN,0.1,8.71,True,9.974747474747492
sh.600698,2025-06-30,8.25,9.1,8.25,9.1,8.27,152769046.0,1342252980.14,18.3983,0,MAIN,0.1,9.1,True,10.036275695284157
sh.600699,2025-05-16,17.2,18.59,17.2,18.59,16.9,66365489.0,1210931830.35,4.851,0,MAIN,0.1,18.59,True,10.000000000000009
sh.600706,2025-06-10,10.09,10.84,10.09,10.84,9.85,31946059.0,342673398.02,12.5757,0,MAIN,0.1,10.84,True,10.050761421319798
sh.600706,2025-06-11,11.92,11.92,11.92,11.92,10.84,7248360.0,86400451.2,2.8533,0,MAIN,0.1,11.92,True,9.963099630996307
sh.600706,2025-06-26,9.56,10.54,9.5,10.54,9.58,45456400.0,454264157.35,17.8941,0,MAIN,0.1,10.54,True,10.020876826722326
sh.600714,2025-06-13,10.96,12.03,10.96,12.03,10.94,21725106.0,253172609.18,7.5388,0,MAIN,0.1,12.03,True,9.963436928702007
sh.600714,2025-06-16,13.23,13.23,12.24,13.23,12.03,70048758.0,905971963.54,24.3076,0,MAIN,0.1,13.23,True,9.975062344139651
sh.600714,2025-06-19,12.5,14.3,12.5,14.3,13.0,67985538.0,929469945.52,23.5917,0,MAIN,0.1,14.3,True,10.000000000000009
sh.600722,2025-06-13,5.58,5.76,5.55,5.76,5.24,42677224.0,244252119.12,6.2731,0,MAIN,0.1,5.76,True,9.923664122137389
sh.600722,2025-06-16,6.34,6.34,6.34,6.34,5.76,7298222.0,46270727.48,1.0728,0,MAIN,0.1,6.34,True,10.069444444444443
sh.600722,2025-06-17,6.97,6.97,6.65,6.97,6.34,99859055.0,693238442.71,14.6783,0,MAIN,0.1,6.97,True,9.936908517350162
sh.600722,2025-06-18,7.67,7.67,7.67,7.67,6.97,44380382.0,340397529.94,6.5235,0,MAIN,0.1,7.67,True,10.04304160688665
sh.600734,2025-06-26,3.89,4.29,3.85,4.29,3.9,225118734.0,925069649.07,10.3817,0,MAIN,0.1,4.29,True,10.000000000000009
sh.600735,2025-05-06,5.76,6.26,5.69,6.26,5.69,17350300.0,105739769.0,4.0781,0,MAIN,0.1,6.26,True,10.017574692442865
sh.600735,2025-05-14,6.61,7.26,6.5,7.26,6.6,66557225.0,466148991.5,15.6439,0,MAIN,0.1,7.26,True,10.000000000000009
sh.600735,2025-05-15,7.35,7.99,7.06,7.99,7.26,95549436.0,726516894.04,22.4583,0,MAIN,0.1,7.99,True,10.05509641873279
sh.600735,2025-06-06,8.45,9.26,8.25,9.26,8.42,53280676.0,474687019.14,12.5233,0,MAIN,0.1,9.26,True,9.976247030878849
sh.600743,2025-05-19,1.82,1.99,1.82,1.99,1.81,53381320.0,104309385.6,2.2753,0,MAIN,0.1,1.99,True,9.944751381215466
sh.600743,2025-05-30,2.05,2.16,2.03,2.16,1.96,95009715.0,203154495.7,4.0497,0,MAIN,0.1,2.16,True,10.204081632653072
sh.600743,2025-06-27,2.11,2.31,2.1,2.31,2.1,55241837.0,124438369.47,2.3546,0,MAIN,0.1,2.31,True,10.000000000000009
sh.600744,2025-05-06,4.23,4.86,4.11,4.86,4.42,319244871.0,1476320440.47,15.7176,0,MAIN,0.1,4.86,True,9.954751131221728
sh.600751,2025-06-10,3.35,3.7,3.28,3.7,3.36,267283212.0,935029872.26,10.3872,0,MAIN,0.1,3.7,True,10.119047619047628
sh.600753,2025-05-06,4.44,4.89,4.44,4.89,4.66,12867184.0,61029987.32,5.587,1,MAIN,0.05,4.89,True,4.935622317596566
sh.600753,2025-05-07,4.84,5.13,4.81,5.13,4.89,6153882.0,31053417.9,2.672,1,MAIN,0.05,5.13,True,4.907975460122693
sh.600753,2025-05-09,5.54,5.54,5.54,5.54,5.28,2221857.0,12309087.78,0.9647,1,MAIN,0.05,5.54,True,4.924242424242431
sh.600753,2025-05-12,5.69,5.82,5.45,5.82,5.54,8363593.0,47816047.63,3.6315,1,MAIN,0.05,5.82,True,5.054151624548742
sh.600753,2025-05-13,5.99,6.11,5.99,6.11,5.82,8812016.0,53718931.82,3.8262,1,MAIN,0.05,6.11,True,4.982817869415812
sh.600753,2025-05-26,6.0,6.18,6.0,6.18,5.89,1694244.0,10442310.92,0.7356,1,MAIN,0.05,6.18,True,4.923599320882843
sh.600753,2025-05-27,6.49,6.49,6.2,6.49,6.18,3716263.0,24002420.23,1.6136,1,MAIN,0.05,6.49,True,5.016181229773475
sh.600753,2025-05-28,6.7,6.81,6.55,6.81,6.49,6047188.0,40865164.47,2.6257,1,MAIN,0.05,6.81,True,4.930662557781185
sh.600753,2025-06-03,6.74,6.95,6.7,6.95,6.62,6376219.0,44002401.15,2.7686,1,MAIN,0.05,6.95,True,4.98489425981874
sh.600753,2025-06-06,7.0,7.38,6.93,7.38,7.03,7062168.0,51431332.0,3.0664,1,MAIN,0.05,7.38,True,4.97866287339972
sh.600756,2025-05-26,14.38,15.38,14.27,15.38,13.98,36160280.0,547686771.41,11.1572,0,MAIN,0.1,15.38,True,10.014306151645203
sh.600759,2025-06-13,2.39,2.43,2.32,2.43,2.21,568893023.0,1369140949.17,13.7292,0,MAIN,0.1,2.43,True,9.954751131221728
sh.600759,2025-06-16,2.62,2.67,2.49,2.67,2.43,836822234.0,2190157655.38,20.1951,0,MAIN,0.1,2.67,True,9.876543209876543
sh.600770,2025-05-14,4.51,4.51,4.51,4.51,4.1,9664427.0,43586565.77,0.7434,0,MAIN,0.1,4.51,True,10.000000000000009
sh.600770,2025-05-15,4.96,4.96,4.96,4.96,4.51,9333200.0,46292672.0,0.7179,0,MAIN,0.1,4.96,True,9.977827050997789
sh.600770,2025-05-19,5.67,5.67,5.67,5.67,5.15,15777102.0,89456168.34,1.2136,0,MAIN,0.1,5.67,True,10.097087378640769
sh.600770,2025-05-20,6.24,6.24,6.24,6.24,5.67,7036401.0,43907142.24,0.5413,0,MAIN,0.1,6.24,True,10.052910052910068
sh.600770,2025-05-21,6.86,6.86,6.86,6.86,6.24,7928157.0,54387157.02,0.6099,0,MAIN,0.1,6.86,True,9.935897435897445
sh.600773,2025-06-20,9.04,9.97,9.03,9.97,9.06,41603642.0,398283727.68,4.372,0,MAIN,0.1,9.97,True,10.044150110375272
sh.600774,2025-05-06,8.8,9.88,8.51,9.88,8.98,48544464.0,445745041.97,16.4646,0,MAIN,0.1,9.88,True,10.022271714922049
sh.600775,2025-05-06,9.23,10.02,9.22,10.02,9.11,28683279.0,275331516.67,4.2694,0,MAIN,0.1,10.02,True,9.989023051591662
sh.600775,2025-06-17,10.64,10.65,10.63,10.65,9.68,32400897.0,345017788.55,4.8227,0,MAIN,0.1,10.65,True,10.0206611570248
sh.600792,2025-06-13,3.35,3.69,3.32,3.69,3.35,36384830.0,131648453.7,3.433,0,MAIN,0.1,3.69,True,10.149253731343277
sh.600792,2025-06-16,4.06,4.06,4.06,4.06,3.69,14095814.0,57229004.84,1.33,0,MAIN,0.1,4.06,True,10.027100271002709
sh.600793,2025-05-19,23.8,25.2,23.03,25.2,22.91,14113800.0,342916262.8,7.9782,0,MAIN,0.1,25.2,True,9.995635093845468
sh.600793,2025-05-20,26.0,27.72,26.0,27.72,25.2,23530426.0,636093931.76,13.3012,0,MAIN,0.1,27.72,True,10.000000000000009
sh.600793,2025-05-21,28.6,30.49,28.1,30.49,27.72,33435219.0,999387704.47,18.9002,0,MAIN,0.1,30.49,True,9.992784992784998
sh.600793,2025-05-22,29.5,33.54,28.47,33.54,30.49,32535186.0,1005035094.52,18.3914,0,MAIN,0.1,33.54,True,10.003279763856998
sh.600793,2025-05-26,35.8,37.16,35.41,37.16,33.78,19140435.0,703991382.76,10.8197,0,MAIN,0.1,37.16,True,10.005920663114253
sh.600794,2025-05-14,4.14,4.63,4.1,4.63,4.21,241639739.0,1063330127.44,20.1341,0,MAIN,0.1,4.63,True,9.976247030878849
sh.600794,2025-06-03,4.6,4.87,4.56,4.87,4.43,94503600.0,450392272.0,7.8743,0,MAIN,0.1,4.87,True,9.932279909706555
sh.600794,2025-06-20,4.29,4.76,4.27,4.76,4.33,203225857.0,939783521.59,16.9333,0,MAIN,0.1,4.76,True,9.930715935334877
sh.600794,2025-06-23,4.9,5.24,4.89,5.24,4.76,302502373.0,1540317099.9,25.2053,0,MAIN,0.1,5.24,True,10.084033613445387
sh.600798,2025-05-13,3.36,3.36,3.36,3.36,3.05,38768233.0,130261262.88,3.2132,0,MAIN,0.1,3.36,True,10.163934426229515
sh.600798,2025-05-14,3.7,3.7,3.7,3.7,3.36,24311939.0,89954174.3,2.015,0,MAIN,0.1,3.7,True,10.119047619047628
sh.600798,2025-05-15,4.07,4.07,4.07,4.07,3.7,18318058.0,74554496.06,1.5182,0,MAIN,0.1,4.07,True,10.000000000000009
sh.600798,2025-05-16,4.48,4.48,4.48,4.48,4.07,177204244.0,793875013.12,14.687,0,MAIN,0.1,4.48,True,10.073710073710075
sh.600798,2025-05-19,4.6,4.93,4.48,4.93,4.48,176634014.0,842148676.59,14.6398,0,MAIN,0.1,4.93,True,10.044642857142838
sh.600798,2025-06-10,3.79,4.16,3.73,4.16,3.78,202005188.0,804467683.62,16.7426,0,MAIN,0.1,4.16,True,10.052910052910068
sh.600798,2025-06-20,3.93,4.36,3.81,4.36,3.96,170900491.0,726235737.64,14.1646,0,MAIN,0.1,4.36,True,10.1010101010101
sh.600798,2025-06-23,4.8,4.8,4.8,4.8,4.36,15382795.0,73837416.0,1.275,0,MAIN,0.1,4.8,True,10.091743119266038
sh.600800,2025-05-06,3.1,3.4,3.1,3.4,3.09,26460972.0,88918231.8,2.3845,0,MAIN,0.1,3.4,True,10.032362459546928
sh.600800,2025-05-14,3.65,4.0,3.58,4.0,3.64,186840425.0,734510596.19,16.8366,0,MAIN,0.1,4.0,True,9.890109890109876
sh.600800,2025-06-06,3.98,4.36,3.91,4.36,3.96,145222826.0,615798250.54,13.0863,0,MAIN,0.1,4.36,True,10.1010101010101
sh.600800,2025-06-23,3.7,4.09,3.7,4.09,3.72,25884986.0,103032355.56,2.3325,0,MAIN,0.1,4.09,True,9.946236559139777
sh.600805,2025-05-23,5.41,5.41,5.28,5.41,4.92,47109584.0,254522719.78,5.5405,0,MAIN,0.1,5.41,True,9.959349593495936
sh.600805,2025-05-28,4.84,5.34,4.84,5.34,4.85,70914580.0,371881035.78,8.3402,0,MAIN,0.1,5.34,True,10.103092783505163
sh.600807,2025-05-20,2.98,3.29,2.95,3.29,2.99,33989901.0,110227892.29,4.3188,0,MAIN,0.1,3.29,True,10.033444816053505
sh.600816,2025-06-25,2.7,2.97,2.69,2.97,2.7,280784221.0,815474926.48,5.134,0,MAIN,0.1,2.97,True,10.000000000000009
sh.600824,2025-05-07,4.22,4.61,4.21,4.61,4.19,120330398.0,541550356.36,11.4163,0,MAIN,0.1,4.61,True,10.023866348448696
sh.600828,2025-05-21,4.19,4.63,4.11,4.63,4.21,89274391.0,389571517.09,5.1563,0,MAIN,0.1,4.63,True,9.976247030878849
sh.600830,2025-06-03,8.55,9.5,8.55,9.5,8.64,47611675.0,441605560.5,10.4797,0,MAIN,0.1,9.5,True,9.953703703703699
sh.600831,2025-06-17,3.59,3.77,3.59,3.77,3.59,16908889.0,63007679.1,2.3784,1,MAIN,0.05,3.77,True,5.013927576601684
sh.600831,2025-06-23,3.54,3.77,3.53,3.77,3.59,10804533.0,39840745.65,1.5197,1,MAIN,0.05,3.77,True,5.013927576601684
sh.600831,2025-06-24,3.84,3.96,3.84,3.96,3.77,18908033.0,73970519.82,2.6596,1,MAIN,0.05,3.96,True,5.039787798408479
sh.600834,2025-05-29,8.93,8.93,8.93,8.93,8.12,9032985.0,80664556.05,1.8922,0,MAIN,0.1,8.93,True,9.975369458128093
sh.600834,2025-06-30,8.56,9.3,8.53,9.3,8.45,33336744.0,306702239.64,6.9832,0,MAIN,0.1,9.3,True,10.059171597633142
sh.600844,2025-05-07,2.92,3.21,2.92,3.21,2.92,67294000.0,211728106.0,8.1793,0,MAIN,0.1,3.21,True,9.931506849315074
sh.600844,2025-06-06,3.06,3.36,3.04,3.36,3.05,55509258.0,183234466.88,6.747,0,MAIN,0.1,3.36,True,10.163934426229515
sh.600844,2025-06-23,3.29,3.6,3.26,3.6,3.27,79107092.0,282765831.2,9.6152,0,MAIN,0.1,3.6,True,10.091743119266061
sh.600855,2025-05-07,11.4,12.07,11.3,12.07,10.97,20689652.0,245858153.03,4.4243,0,MAIN,0.1,12.07,True,10.027347310847755
sh.600855,2025-05-08,13.28,13.28,13.28,13.28,12.07,25006010.0,332079812.8,5.3473,0,MAIN,0.1,13.28,True,10.02485501242749
sh.600858,2025-06-23,5.1,5.67,5.1,5.67,5.15,35418401.0,193633447.19,6.8435,0,MAIN,0.1,5.67,True,10.097087378640769
sh.600858,2025-06-25,5.48,5.94,5.48,5.94,5.4,64017332.0,372162265.77,12.3694,0,MAIN,0.1,5.94,True,10.000000000000009
sh.600858,2025-06-26,5.98,6.53,5.84,6.53,5.94,96904463.0,594394024.18,18.7238,0,MAIN,0.1,6.53,True,9.932659932659927
sh.600869,2025-05-29,4.72,5.24,4.69,5.24,4.76,93412623.0,479796672.32,4.209,0,MAIN,0.1,5.24,True,10.084033613445387
sh.600871,2025-06-13,1.93,2.09,1.93,2.09,1.9,478968588.0,968655125.41,3.5356,0,MAIN,0.1,2.09,True,9.999999999999986
sh.600876,2025-06-20,10.62,11.03,10.45,11.03,10.03,11560284.0,126296609.68,2.9217,0,MAIN,0.1,11.03,True,9.970089730807574
sh.600881,2025-05-19,1.63,1.79,1.63,1.79,1.63,238360054.0,416658844.92,7.3747,0,MAIN,0.1,1.79,True,9.81595092024541
sh.600881,2025-05-20,1.86,1.97,1.82,1.97,1.79,237211086.0,456143969.86,7.3391,0,MAIN,0.1,1.97,True,10.05586592178771
sh.600881,2025-06-09,1.75,1.93,1.74,1.93,1.75,232998115.0,433540824.2,7.2088,0,MAIN,0.1,1.93,True,10.285714285714276
sh.600883,2025-05-15,7.42,8.12,7.32,8.12,7.38,16214466.0,128159350.01,6.868,0,MAIN,0.1,8.12,True,10.027100271002709
sh.600892,2025-05-07,2.5,2.64,2.48,2.64,2.51,34601000.0,89238158.0,6.1863,1,MAIN,0.05,2.64,True,5.179282868525914
sh.600892,2025-05-15,2.92,2.92,2.81,2.92,2.78,25374500.0,73864504.0,4.5367,1,MAIN,0.05,2.92,True,5.035971223021596
sh.600892,2025-05-19,3.03,3.03,2.97,3.03,2.89,24004400.0,72663269.0,4.2917,1,MAIN,0.05,3.03,True,4.844290657439432
sh.600892,2025-06-05,3.45,3.65,3.43,3.65,3.48,25637400.0,91173296.0,4.5837,1,MAIN,0.05,3.65,True,4.885057471264376
sh.600927,2025-06-09,13.61,14.81,13.61,14.81,13.46,15728770.0,229617225.48,1.0806,0,MAIN,0.1,14.81,True,10.029717682020788
sh.600939,2025-06-04,2.91,3.19,2.89,3.19,2.9,50752241.0,156112736.79,2.6686,0,MAIN,0.1,3.19,True,10.000000000000009
sh.600939,2025-06-06,3.3,3.67,3.21,3.67,3.34,127888979.0,455974501.1,6.7246,0,MAIN,0.1,3.67,True,9.880239520958089
sh.600955,2025-06-23,13.0,13.99,13.0,13.99,12.72,10365054.0,141346391.74,1.8846,0,MAIN,0.1,13.99,True,9.984276729559749
sh.600960,2025-06-17,5.05,5.05,5.05,5.05,4.59,2595400.0,13106770.0,0.2731,0,MAIN,0.1,5.05,True,10.02178649237473
sh.600960,2025-06-26,4.23,4.63,4.23,4.63,4.21,24295000.0,111014634.5,2.556,0,MAIN,0.1,4.63,True,9.976247030878849
sh.600960,2025-06-27,5.09,5.09,5.09,5.09,4.63,11946167.0,60805990.03,1.2568,0,MAIN,0.1,5.09,True,9.935205183585305
sh.600961,2025-06-27,10.37,11.28,10.37,11.28,10.25,51491167.0,569325324.06,6.8489,0,MAIN,0.1,11.28,True,10.048780487804866
sh.600967,2025-06-27,15.68,17.59,15.67,17.59,15.99,207783480.0,3524261760.82,12.2111,0,MAIN,0.1,17.59,True,10.00625390869294
sh.600967,2025-06-30,17.74,19.35,17.48,19.35,17.59,201975492.0,3793187861.46,11.8698,0,MAIN,0.1,19.35,True,10.00568504832291
sh.600980,2025-06-09,17.31,18.8,17.25,18.8,17.09,14559823.0,268164642.91,8.2878,0,MAIN,0.1,18.8,True,10.00585137507315
sh.600980,2025-06-10,20.68,20.68,20.68,20.68,18.8,2212350.0,45751398.0,1.2593,0,MAIN,0.1,20.68,True,9.999999999999986
sh.600980,2025-06-11,22.75,22.75,22.09,22.75,20.68,17217172.0,391180647.74,9.8005,0,MAIN,0.1,22.75,True,10.009671179883938
sh.600980,2025-06-12,25.03,25.03,25.03,25.03,22.75,2106255.0,52719562.65,1.1989,0,MAIN,0.1,25.02,True,10.021978021978018
sh.600980,2025-06-13,27.53,27.53,27.53,27.53,25.03,3060921.0,84267155.13,1.7424,0,MAIN,0.1,27.53,True,9.988014382740706
sh.600986,2025-05-20,8.2,8.98,8.08,8.98,8.16,152952619.0,1322796450.24,10.2834,0,MAIN,0.1,8.98,True,10.049019607843146
sh.600990,2025-05-08,20.43,22.21,20.25,22.21,20.19,19381076.0,412629047.52,7.2045,0,MAIN,0.1,22.21,True,10.004952947003453
sh.600990,2025-05-22,20.52,22.73,20.45,22.73,20.66,13649603.0,299580681.95,5.074,0,MAIN,0.1,22.73,True,10.019361084220723
sh.600990,2025-05-27,23.53,25.63,23.37,25.63,23.3,33416557.0,818685310.82,12.4219,0,MAIN,0.1,25.63,True,9.999999999999986
sh.600990,2025-05-29,26.0,29.1,25.61,29.1,26.45,46848224.0,1285896602.79,17.4149,0,MAIN,0.1,29.1,True,10.018903591682427
sh.600990,2025-06-30,25.52,28.04,25.5,28.04,25.49,22341046.0,599921991.38,8.3048,0,MAIN,0.1,28.04,True,10.003923107100832
sh.600992,2025-06-18,13.48,14.88,13.38,14.88,13.53,22143576.0,319485385.88,9.0349,0,MAIN,0.1,14.88,True,9.977827050997789
sh.601007,2025-06-05,7.65,8.39,7.65,8.39,7.63,38920608.0,321794011.72,9.9796,0,MAIN,0.1,8.39,True,9.960681520314552
sh.601008,2025-05-13,5.25,5.59,5.25,5.59,5.08,210642222.0,1144934730.37,16.9785,0,MAIN,0.1,5.59,True,10.039370078740163
sh.601008,2025-05-14,5.77,6.15,5.72,6.15,5.59,202229561.0,1220213351.6,16.3004,0,MAIN,0.1,6.15,True,10.017889087656528
sh.601008,2025-05-15,6.53,6.77,6.48,6.77,6.15,108453537.0,728868936.81,8.7418,0,MAIN,0.1,6.76,True,10.08130081300811
sh.601008,2025-05-16,6.77,7.45,6.31,7.45,6.77,350022150.0,2452036295.76,28.2131,0,MAIN,0.1,7.45,True,10.044313146233396
sh.601008,2025-05-19,7.4,8.2,7.4,8.2,7.45,196966712.0,1576472961.37,15.8762,0,MAIN,0.1,8.2,True,10.067114093959727
sh.601008,2025-06-10,6.85,7.6,6.82,7.6,6.91,224492375.0,1628524437.45,18.0949,0,MAIN,0.1,7.6,True,9.985528219971052
sh.601008,2025-06-23,6.89,7.22,6.89,7.22,6.56,142012642.0,1010686071.86,11.4467,0,MAIN,0.1,7.22,True,10.060975609756095
sh.601018,2025-05-19,3.69,4.06,3.67,4.06,3.69,253112101.0,1004334314.3,1.6012,0,MAIN,0.1,4.06,True,10.027100271002709
sh.601022,2025-05-13,8.74,9.19,8.58,9.19,8.35,85908969.0,769039984.76,34.5525,0,MAIN,0.1,9.18,True,10.059880239520957
sh.601022,2025-05-14,9.58,10.11,9.47,10.11,9.19,61483917.0,611118867.77,24.7288,0,MAIN,0.1,10.11,True,10.010881392818272
sh.601022,2025-05-15,11.12,11.12,11.12,11.12,10.11,6926700.0,77024904.0,2.7859,0,MAIN,0.1,11.12,True,9.990108803165176
sh.601022,2025-05-16,12.23,12.23,11.6,12.23,11.12,168387862.0,2040476268.95,67.7254,0,MAIN,0.1,12.23,True,9.982014388489224
sh.601022,2025-06-10,9.68,10.65,9.61,10.65,9.68,87038387.0,885075348.7,35.0067,0,MAIN,0.1,10.65,True,10.0206611570248
sh.601022,2025-06-23,10.39,10.42,10.37,10.42,9.47,28189286.0,293614313.12,11.3377,0,MAIN,0.1,10.42,True,10.031678986272441
sh.601059,2025-06-09,15.18,16.04,15.08,16.04,14.58,143770852.0,2278353585.86,20.7882,0,MAIN,0.1,16.04,True,10.013717421124824
sh.601069,2025-05-21,16.79,18.04,16.52,18.04,16.4,46035995.0,788412198.71,6.7305,0,MAIN,0.1,18.04,True,10.000000000000009
sh.601069,2025-06-03,18.29,19.64,18.25,19.64,17.85,37128564.0,711258401.8,5.4282,0,MAIN,0.1,19.64,True,10.028011204481778
sh.601069,2025-06-13,20.55,21.43,20.55,21.43,19.48,49397786.0,1053513174.42,7.222,0,MAIN,0.1,21.43,True,10.01026694045175
sh.601083,2025-05-14,11.6,12.99,11.58,12.99,11.81,79368897.0,999068122.78,40.8865,0,MAIN,0.1,12.99,True,9.991532599491947
sh.601083,2025-05-15,13.77,14.29,13.63,14.29,12.99,109502098.0,1547751337.38,56.4095,0,MAIN,0.1,14.29,True,10.007698229407236
sh.601086,2025-05-07,10.6,11.48,10.36,11.48,10.44,85051117.0,937068565.94,12.7704,0,MAIN,0.1,11.48,True,9.961685823754806
sh.601086,2025-05-14,11.58,12.96,11.1,12.96,11.78,107107262.0,1326006426.27,16.0822,0,MAIN,0.1,12.96,True,10.016977928692716
sh.601086,2025-05-28,12.7,14.34,12.61,14.34,13.04,75469021.0,1041488132.27,11.3317,0,MAIN,0.1,14.34,True,9.969325153374232
sh.601086,2025-05-29,14.95,15.77,14.46,15.77,14.34,123845583.0,1897706257.83,18.5954,0,MAIN,0.1,15.77,True,9.97210599721059
sh.601086,2025-06-04,13.53,14.96,13.42,14.96,13.6,82104121.0,1157367309.08,12.3279,0,MAIN,0.1,14.96,True,10.000000000000009
sh.601089,2025-06-18,17.0,18.76,16.91,18.76,17.05,14352604.0,261612640.77,6.9895,0,MAIN,0.1,18.76,True,10.029325513196486
sh.601121,2025-06-20,5.86,6.28,5.75,6.28,5.71,45308436.0,279980124.13,11.9233,0,MAIN,0.1,6.28,True,9.982486865148864
sh.601127,2025-05-23,132.88,145.87,132.88,145.87,132.61,75063516.0,10675789482.46,4.9718,0,MAIN,0.1,145.87,True,9.999245909056631
sh.601133,2025-06-25,11.46,12.61,11.4,12.61,11.46,38456964.0,478864471.46,26.0725,0,MAIN,0.1,12.61,True,10.034904013961587
sh.601162,2025-06-25,4.1,4.5,4.09,4.5,4.09,1041974950.0,4529019076.9,12.024,0,MAIN,0.1,4.5,True,10.02444987775062
sh.601177,2025-06-24,16.27,17.68,16.18,17.68,16.07,28915200.0,497513627.0,7.2277,0,MAIN,0.1,17.68,True,10.018668326073431
sh.601212,2025-06-06,2.99,3.19,2.99,3.19,2.9,240842189.0,760807245.77,3.2525,0,MAIN,0.1,3.19,True,10.000000000000009
sh.601218,2025-06-30,3.8,4.11,3.79,4.11,3.74,41080691.0,166245333.01,4.2393,0,MAIN,0.1,4.11,True,9.89304812834224
sh.601236,2025-05-14,7.62,8.35,7.57,8.35,7.59,112507271.0,913029007.19,2.3853,0,MAIN,0.1,8.35,True,10.013175230566528
sh.601279,2025-06-11,3.8,3.96,3.8,3.96,3.6,17402524.0,68708204.04,1.0974,0,MAIN,0.1,3.96,True,9.999999999999986
sh.601279,2025-06-12,4.36,4.36,4.36,4.36,3.96,8795500.0,38348380.0,0.5546,0,MAIN,0.1,4.36,True,10.1010101010101
sh.601279,2025-06-13,4.8,4.8,4.8,4.8,4.36,16322067.0,78345921.6,1.0293,0,MAIN,0.1,4.8,True,10.091743119266038
sh.601319,2025-05-14,7.5,8.24,7.48,8.24,7.49,245938091.0,1969211027.23,0.6928,0,MAIN,0.1,8.24,True,10.01335113484647
sh.601519,2025-06-25,9.54,10.53,9.51,10.53,9.57,231140169.0,2341013793.41,11.62,0,MAIN,0.1,10.53,True,10.03134796238243
sh.601579,2025-05-21,16.8,18.72,16.74,18.72,17.02,27192578.0,494605600.13,5.6715,0,MAIN,0.1,18.72,True,9.9882491186839
sh.601579,2025-05-26,19.51,21.33,19.41,21.33,19.39,14456618.0,302936007.94,3.0152,0,MAIN,0.1,21.33,True,10.005157297576051
sh.601579,2025-05-27,23.03,23.46,22.63,23.46,21.33,15527806.0,361697594.86,3.2386,0,MAIN,0.1,23.46,True,9.985935302391002
sh.601579,2025-05-28,25.81,25.81,24.68,25.81,23.46,57565828.0,1465495337.16,12.0063,0,MAIN,0.1,25.81,True,10.017050298380203
sh.601606,2025-06-18,13.6,15.17,13.6,15.17,13.79,60315986.0,894497410.14,8.3283,0,MAIN,0.1,15.17,True,10.00725163161713
sh.601606,2025-06-19,15.93,16.69,15.46,16.69,15.17,136086574.0,2192469753.82,18.7906,0,MAIN,0.1,16.69,True,10.019775873434412
sh.601606,2025-06-20,16.71,18.36,16.5,18.36,16.69,112371882.0,1995074795.53,15.5161,0,MAIN,0.1,18.36,True,10.005991611743536
sh.601606,2025-06-23,18.92,20.2,18.92,20.2,18.36,66848827.0,1317730182.22,9.2304,0,MAIN,0.1,20.2,True,10.02178649237473
sh.601606,2025-06-25,19.74,22.32,19.74,22.32,20.29,125077777.0,2721773063.42,17.2705,0,MAIN,0.1,22.32,True,10.004928536224744
sh.601606,2025-06-26,23.77,24.55,23.5,24.55,22.32,54582264.0,1319299455.8,7.5366,0,MAIN,0.1,24.55,True,9.991039426523308
sh.601606,2025-06-30,26.35,29.05,26.33,29.05,26.41,90285904.0,2563654864.54,12.4665,0,MAIN,0.1,29.05,True,9.996213555471423
sh.601700,2025-06-04,4.38,4.77,4.38,4.77,4.34,27518093.0,128579495.29,2.4091,0,MAIN,0.1,4.77,True,9.907834101382473
sh.601718,2025-06-13,2.71,2.98,2.71,2.98,2.71,224628415.0,650250822.32,5.1149,0,MAIN,0.1,2.98,True,9.963099630996307
sh.601718,2025-06-17,2.87,3.15,2.87,3.15,2.86,368413713.0,1122540762.51,8.389,0,MAIN,0.1,3.15,True,10.139860139860147
sh.601718,2025-06-27,3.25,3.56,3.2,3.56,3.24,326686590.0,1112945469.41,7.4388,0,MAIN,0.1,3.56,True,9.876543209876543
sh.601718,2025-06-30,3.92,3.92,3.92,3.92,3.56,35693359.0,139917967.28,0.8128,0,MAIN,0.1,3.92,True,10.1123595505618
sh.601789,2025-06-06,5.34,5.87,5.32,5.87,5.34,234638678.0,1348805259.0,21.5899,0,MAIN,0.1,5.87,True,9.925093632958815
sh.601825,2025-06-03,9.23,9.86,9.23,9.86,8.96,138251465.0,1350636461.34,1.4839,0,MAIN,0.1,9.86,True,10.044642857142838
sh.601858,2025-05-26,20.3,20.3,20.3,20.3,18.45,8247276.0,167419702.8,1.0433,0,MAIN,0.1,20.3,True,10.027100271002709
sh.601866,2025-05-14,2.37,2.61,2.36,2.61,2.37,339154411.0,854813910.5,3.451,0,MAIN,0.1,2.61,True,10.126582278481
sh.601866,2025-05-15,2.81,2.87,2.71,2.87,2.61,781026677.0,2232001535.67,7.9472,0,MAIN,0.1,2.87,True,9.961685823754806
sh.601886,2025-06-30,5.59,6.15,5.59,6.15,5.59,59441845.0,355560176.35,5.2464,0,MAIN,0.1,6.15,True,10.017889087656528
sh.601908,2025-05-06,2.4,2.62,2.4,2.62,2.38,91816815.0,236503125.54,3.8026,0,MAIN,0.1,2.62,True,10.084033613445387
sh.601908,2025-05-07,2.72,2.88,2.67,2.88,2.62,155364910.0,433488635.05,6.4344,0,MAIN,0.1,2.88,True,9.923664122137389
sh.601908,2025-05-13,2.88,3.15,2.8,3.15,2.86,106376458.0,323235944.54,4.4055,0,MAIN,0.1,3.15,True,10.139860139860147
sh.601908,2025-05-15,3.17,3.63,3.14,3.63,3.3,293105524.0,1016343090.57,12.1389,0,MAIN,0.1,3.63,True,10.000000000000009
sh.601908,2025-05-16,3.61,3.99,3.5,3.99,3.63,286021227.0,1099432681.57,11.8455,0,MAIN,0.1,3.99,True,9.917355371900838
sh.601908,2025-06-20,2.99,3.3,2.98,3.3,3.0,160972000.0,523671464.0,6.6666,0,MAIN,0.1,3.3,True,9.999999999999986
sh.601956,2025-05-22,6.26,6.91,6.24,6.91,6.28,59285289.0,400116582.99,9.5833,0,MAIN,0.1,6.91,True,10.031847133757953
sh.601956,2025-05-27,7.16,7.91,7.02,7.91,7.19,124233208.0,932279833.18,20.0821,0,MAIN,0.1,7.91,True,10.01390820584145
sh.601956,2025-06-09,6.78,7.38,6.78,7.38,6.71,34657622.0,251736224.54,5.6023,0,MAIN,0.1,7.38,True,9.985096870342769
sh.601975,2025-06-17,2.77,3.06,2.75,3.06,2.78,547658930.0,1620981761.34,11.4052,0,MAIN,0.1,3.06,True,10.07194244604317
sh.603004,2025-05-23,20.22,22.31,20.22,22.31,20.28,10819000.0,233376412.71,18.3747,0,MAIN,0.1,22.31,True,10.009861932938847
sh.603006,2025-05-28,12.31,13.57,12.31,13.57,12.34,12753848.0,171073186.36,5.0162,0,MAIN,0.1,13.57,True,9.967585089141018
sh.603006,2025-05-29,14.26,14.93,13.85,14.93,13.57,28380900.0,406973158.0,11.1624,0,MAIN,0.1,14.93,True,10.022107590272666
sh.603007,2025-05-06,4.62,4.62,4.61,4.62,4.4,4884432.0,22562371.14,0.9772,1,MAIN,0.05,4.62,True,5.000000000000004
sh.603007,2025-05-08,4.77,5.02,4.73,5.02,4.78,11905492.0,58162355.17,2.3819,1,MAIN,0.05,5.02,True,5.020920502092041
sh.603007,2025-05-09,5.22,5.27,5.14,5.27,5.02,4914053.0,25681653.02,0.9831,1,MAIN,0.05,5.27,True,4.980079681274896
sh.603007,2025-05-12,5.53,5.53,5.36,5.53,5.27,21478400.0,118263677.54,4.2971,1,MAIN,0.05,5.53,True,4.933586337760931
sh.603007,2025-05-19,5.0,5.2,4.95,5.2,4.95,7203406.0,36966194.15,1.4412,1,MAIN,0.05,5.2,True,5.050505050505061
sh.603007,2025-05-23,5.2,5.43,5.19,5.43,5.17,20480990.0,109922497.32,4.0976,1,MAIN,0.05,5.43,True,5.029013539651839
sh.603007,2025-05-26,5.4,5.7,5.33,5.7,5.43,23506202.0,131364777.54,4.7028,1,MAIN,0.05,5.7,True,4.972375690607733
sh.603007,2025-05-27,5.89,5.99,5.8,5.99,5.7,4742385.0,28132758.39,0.9488,1,MAIN,0.05,5.98,True,5.087719298245608
sh.603007,2025-06-06,5.8,5.8,5.76,5.8,5.52,4969386.0,28814240.8,0.9942,1,MAIN,0.05,5.8,True,5.072463768115942
sh.603007,2025-06-23,4.95,5.25,4.95,5.25,5.0,9223813.0,47750357.68,1.8454,1,MAIN,0.05,5.25,True,5.000000000000004
sh.603009,2025-05-23,43.0,47.19,42.9,47.19,42.9,42518160.0,1973287976.51,12.5641,0,MAIN,0.1,47.19,True,10.000000000000009
sh.603011,2025-05-06,10.58,10.78,10.58,10.78,9.8,21154900.0,227608052.0,4.2788,0,MAIN,0.1,10.78,True,9.999999999999986
sh.603011,2025-05-26,13.39,15.03,13.32,15.03,13.66,122100025.0,1731776992.46,24.6959,0,MAIN,0.1,15.03,True,10.029282576866748
sh.603011,2025-05-28,15.6,17.81,15.23,17.81,16.19,156178729.0,2657549014.17,31.5886,0,MAIN,0.1,17.81,True,10.00617665225445
sh.603011,2025-05-29,17.89,19.59,17.89,19.59,17.81,83839729.0,1608939889.32,16.9574,0,MAIN,0.1,19.59,True,9.994385176866928
sh.603011,2025-06-09,17.5,18.7,17.17,18.7,17.0,98597696.0,1787214579.72,19.9423,0,MAIN,0.1,18.7,True,9.999999999999986
sh.603014,2025-05-19,49.99,49.99,41.38,41.41,26.5,26568240.0,1150187686.48,69.7099,0,MAIN,0.1,29.15,True,56.26415094339621
sh.603015,2025-06-12,12.12,13.32,12.06,13.32,12.11,45571400.0,596882625.0,11.2739,0,MAIN,0.1,13.32,True,9.991742361684564
sh.603016,2025-05-19,30.4,31.66,29.31,31.66,28.78,4681600.0,143344760.0,3.1598,0,MAIN,0.1,31.66,True,10.006949270326615
sh.603017,2025-05-21,8.8,9.85,8.8,9.85,8.95,29064804.0,273568875.52,10.5343,0,MAIN,0.1,9.85,True,10.05586592178771
sh.603017,2025-05-30,8.98,9.81,8.98,9.81,8.92,35969977.0,347150506.37,13.0371,0,MAIN,0.1,9.81,True,9.977578475336335
sh.603017,2025-06-03,10.3,10.79,10.2,10.79,9.81,65027902.0,692770933.66,23.5689,0,MAIN,0.1,10.79,True,9.989806320081529
sh.603017,2025-06-04,10.33,11.87,10.33,11.87,10.79,24382312.0,273679854.6,8.8372,0,MAIN,0.1,11.87,True,10.00926784059315
sh.603017,2025-06-06,12.04,12.41,11.77,12.41,11.28,81463885.0,1000014379.25,29.526,0,MAIN,0.1,12.41,True,10.017730496453915
sh.603019,2025-06-10,68.09,68.09,68.09,68.09,61.9,6719621.0,457538993.89,0.4607,0,MAIN,0.1,68.09,True,10.000000000000009
sh.603021,2025-05-07,3.08,3.22,3.06,3.22,3.07,21673355.0,67978191.54,6.774,1,MAIN,0.05,3.22,True,4.885993485342022
sh.603021,2025-05-12,3.38,3.6,3.29,3.6,3.43,19945602.0,69375939.98,6.234,1,MAIN,0.05,3.6,True,4.956268221574334
sh.603021,2025-05-19,3.53,3.63,3.52,3.63,3.46,10287200.0,37102581.0,3.2153,1,MAIN,0.05,3.63,True,4.9132947976878505
sh.603021,2025-06-11,3.86,4.04,3.82,4.04,3.85,11461000.0,45230419.0,3.5821,1,MAIN,0.05,4.04,True,4.935064935064926
sh.603022,2025-06-20,8.46,9.33,8.45,9.33,8.48,6872900.0,63037249.0,3.4365,0,MAIN,0.1,9.33,True,10.023584905660377
sh.603022,2025-06-23,10.26,10.26,10.26,10.26,9.33,5357174.0,54964605.24,2.6786,0,MAIN,0.1,10.26,True,9.967845659163977
sh.603022,2025-06-24,11.29,11.29,11.29,11.29,10.26,7855257.0,88685851.53,3.9276,0,MAIN,0.1,11.29,True,10.038986354775826
sh.603022,2025-06-25,12.42,12.42,12.42,12.42,11.29,4335934.0,53852300.28,2.168,0,MAIN,0.1,12.42,True,10.008857395925608
sh.603022,2025-06-26,13.66,13.66,13.66,13.66,12.42,2867450.0,39169367.0,1.4337,0,MAIN,0.1,13.66,True,9.98389694041868
sh.603023,2025-05-06,3.48,3.62,3.47,3.62,3.45,15477644.0,55483818.28,2.7732,1,MAIN,0.05,3.62,True,4.9275362318840665
sh.603023,2025-06-04,3.7,4.05,3.6,4.05,3.68,53987823.0,209980804.03,9.6732,0,MAIN,0.1,4.05,True,10.05434782608694
sh.603028,2025-05-06,6.61,7.15,6.58,7.15,6.5,27491490.0,187961681.5,9.5776,0,MAIN,0.1,7.15,True,10.000000000000009
sh.603028,2025-05-12,6.95,7.57,6.93,7.57,6.88,24372970.0,177999451.9,8.4911,0,MAIN,0.1,7.57,True,10.029069767441868
sh.603030,2025-05-06,2.9,2.9,2.9,2.9,2.64,61492300.0,178327670.0,4.6694,0,MAIN,0.1,2.9,True,9.84848484848484
sh.603030,2025-05-07,3.19,3.19,3.1,3.19,2.9,185350065.0,590700537.35,14.0744,0,MAIN,0.1,3.19,True,10.000000000000009
sh.603030,2025-05-29,2.52,2.76,2.52,2.76,2.51,137050387.0,369731153.19,10.4068,0,MAIN,0.1,2.76,True,9.960159362549792
sh.603032,2025-06-06,13.25,14.58,13.21,14.58,13.25,9013980.0,129868014.4,3.891,0,MAIN,0.1,14.58,True,10.037735849056606
sh.603032,2025-06-09,15.3,16.04,15.15,16.04,14.58,8988669.0,141784843.36,3.8801,0,MAIN,0.1,16.04,True,10.013717421124824
sh.603032,2025-06-10,16.88,17.64,16.08,17.64,16.04,38066285.0,646558875.23,16.4317,0,MAIN,0.1,17.64,True,9.975062344139651
sh.603032,2025-06-24,16.12,17.91,16.05,17.91,16.28,35887393.0,602284430.8,15.4912,0,MAIN,0.1,17.91,True,10.012285012285016
sh.603033,2025-06-23,10.0,10.98,9.91,10.98,9.98,9353865.0,99387680.04,0.9238,0,MAIN,0.1,10.98,True,10.020040080160332
sh.603040,2025-05-06,35.99,38.16,35.6,38.16,34.69,6895929.0,256832523.96,5.1057,0,MAIN,0.1,38.16,True,10.002882675122503
sh.603040,2025-05-16,42.9,47.0,42.9,47.0,42.73,4289575.0,195901473.5,3.176,0,MAIN,0.1,47.0,True,9.992979171542249
sh.603040,2025-06-30,36.74,40.17,36.74,40.17,36.52,4940310.0,191503904.6,3.6578,0,MAIN,0.1,40.17,True,9.99452354874042
sh.603042,2025-06-04,14.03,15.43,14.03,15.43,14.03,17864938.0,268221214.34,11.1246,0,MAIN,0.1,15.43,True,9.978617248752686
sh.603042,2025-06-05,16.07,16.97,15.46,16.97,15.43,56559941.0,909831426.93,35.2201,0,MAIN,0.1,16.97,True,9.98055735580039
sh.603042,2025-06-06,18.0,18.67,17.55,18.67,16.97,80693808.0,1478929248.29,50.2484,0,MAIN,0.1,18.67,True,10.017678255745444
sh.603045,2025-06-06,16.85,18.54,16.81,18.54,16.85,11694980.0,214370390.2,8.6345,0,MAIN,0.1,18.54,True,10.02967359050444
sh.603056,2025-05-27,15.47,15.63,15.12,15.63,14.21,43354240.0,673904446.76,4.2512,0,MAIN,0.1,15.63,True,9.992962702322306
sh.603056,2025-05-28,17.19,17.19,16.88,17.19,15.63,33645421.0,577546223.99,3.2992,0,MAIN,0.1,17.19,True,9.98080614203456
sh.603056,2025-05-29,18.01,18.91,18.0,18.91,17.19,40063017.0,749831823.01,3.9285,0,MAIN,0.1,18.91,True,10.00581733566026
sh.603056,2025-05-30,20.8,20.8,20.8,20.8,18.91,4143600.0,86186880.0,0.4063,0,MAIN,0.1,20.8,True,9.994711792702283
sh.603056,2025-06-03,22.88,22.88,21.74,22.88,20.8,91176604.0,2067062823.22,8.9405,0,MAIN,0.1,22.88,True,9.999999999999986
sh.603065,2025-05-26,8.15,8.93,8.1,8.93,8.12,10302700.0,89221089.0,5.2385,0,MAIN,0.1,8.93,True,9.975369458128093
sh.603065,2025-05-27,9.4,9.82,8.93,9.82,8.93,39722482.0,365863542.74,20.1972,0,MAIN,0.1,9.82,True,9.966405375139974
sh.603065,2025-05-29,9.3,10.3,9.17,10.3,9.36,30559437.0,304511711.9,15.5382,0,MAIN,0.1,10.3,True,10.042735042735051
sh.603065,2025-06-10,8.95,9.9,8.94,9.9,9.0,27361900.0,261541582.0,13.9124,0,MAIN,0.1,9.9,True,10.000000000000009
sh.603065,2025-06-20,8.78,9.68,8.76,9.68,8.8,29254285.0,281124007.18,14.8745,0,MAIN,0.1,9.68,True,9.999999999999986
sh.603066,2025-05-29,11.82,13.06,11.81,13.06,11.87,20097934.0,260091261.04,6.8318,0,MAIN,0.1,13.06,True,10.025273799494538
sh.603072,2025-05-06,49.11,53.03,49.11,53.03,48.21,22006025.0,1147391123.4,33.9884,0,MAIN,0.1,53.03,True,9.997925741547387
sh.603076,2025-05-26,24.43,26.55,24.35,26.55,24.14,3636969.0,94366826.95,3.0132,0,MAIN,0.1,26.55,True,9.983429991715
sh.603076,2025-05-28,27.0,30.31,26.8,30.31,27.55,11763237.0,343441839.18,9.7457,0,MAIN,0.1,30.31,True,10.018148820326678
sh.603076,2025-05-29,30.7,32.9,29.92,32.9,29.91,10913126.0,348250636.05,9.0414,0,MAIN,0.1,32.9,True,9.996656636576384
sh.603076,2025-06-03,31.5,33.0,30.6,33.0,30.0,9502469.0,305092402.48,7.8727,0,MAIN,0.1,33.0,True,10.000000000000009
sh.603076,2025-06-04,36.22,36.3,35.15,36.3,33.0,4351345.0,157400673.5,3.6051,0,MAIN,0.1,36.3,True,9.999999999999986
sh.603083,2025-05-08,34.61,38.07,34.6,38.07,34.61,39531828.0,1465865758.44,14.7496,0,MAIN,0.1,38.07,True,9.997110661658493
sh.603083,2025-06-05,38.03,41.83,37.37,41.83,38.03,48854100.0,1956825681.91,18.2278,0,MAIN,0.1,41.83,True,9.992111490928202
sh.603086,2025-05-06,8.95,9.57,8.7,9.57,8.7,109187916.0,1019009849.44,25.1115,0,MAIN,0.1,9.57,True,10.000000000000009
sh.603086,2025-05-23,8.75,9.64,8.75,9.64,8.76,66817375.0,622060163.93,15.3669,0,MAIN,0.1,9.64,True,10.045662100456632
sh.603086,2025-06-16,9.41,10.08,9.34,10.08,9.16,49773543.0,490339485.24,11.4471,0,MAIN,0.1,10.08,True,10.043668122270732
sh.603089,2025-05-29,12.19,13.29,12.19,13.29,12.08,22953185.0,300914986.71,10.1182,0,MAIN,0.1,13.29,True,10.01655629139071
sh.603089,2025-06-30,11.92,13.07,11.8,13.07,11.88,8375902.0,106983240.3,3.4895,0,MAIN,0.1,13.07,True,10.016835016835014
sh.603091,2025-05-23,48.98,53.99,48.91,53.99,49.08,3891723.0,204147660.18,19.0325,0,MAIN,0.1,53.99,True,10.004074979625099
sh.603093,2025-06-03,13.24,14.31,13.13,14.31,13.01,19581982.0,274140263.49,3.2098,0,MAIN,0.1,14.31,True,9.9923136049193
sh.603093,2025-06-04,14.98,15.74,14.14,15.74,14.31,32217275.0,483637540.33,5.281,0,MAIN,0.1,15.74,True,9.993011879804325
sh.603093,2025-06-05,17.31,17.31,16.99,17.31,15.74,44279890.0,764555037.35,7.2582,0,MAIN,0.1,17.31,True,9.97458703939007
sh.603093,2025-06-09,17.95,20.56,17.27,20.56,18.69,40568412.0,778584599.7,6.6498,0,MAIN,0.1,20.56,True,10.005350454788653
sh.603093,2025-06-12,19.32,22.61,19.32,22.61,20.55,29066100.0,631152020.0,4.7644,0,MAIN,0.1,22.61,True,10.024330900243307
sh.603093,2025-06-25,17.95,19.75,17.95,19.75,17.95,56304860.0,1075077511.1,9.2293,0,MAIN,0.1,19.74,True,10.027855153203348
sh.603093,2025-06-26,21.33,21.73,20.18,21.73,19.75,53495100.0,1118780666.82,8.7687,0,MAIN,0.1,21.72,True,10.0253164556962
sh.603096,2025-06-12,18.18,20.02,18.13,20.02,18.2,4821720.0,94439434.8,3.1262,0,MAIN,0.1,20.02,True,10.000000000000009
sh.603099,2025-06-04,33.02,36.49,32.88,36.49,33.17,24261792.0,852436277.56,9.0981,0,MAIN,0.1,36.49,True,10.009044317154059
sh.603102,2025-05-16,41.09,45.65,40.77,45.65,41.5,6437264.0,286233111.4,17.9489,0,MAIN,0.1,45.65,True,9.999999999999986
sh.603102,2025-05-19,47.0,50.22,46.99,50.22,45.65,6075016.0,302073185.96,16.9388,0,MAIN,0.1,50.22,True,10.010952902519165
sh.603106,2025-06-05,8.81,9.8,8.81,9.8,8.91,49850588.0,465737487.65,9.5771,0,MAIN,0.1,9.8,True,9.988776655443331
sh.603106,2025-06-12,9.35,10.37,9.32,10.37,9.43,69919193.0,708678924.44,13.4326,0,MAIN,0.1,10.37,True,9.968186638388122
sh.603106,2025-06-24,9.37,10.16,9.26,10.16,9.24,42689197.0,419690436.36,8.2013,0,MAIN,0.1,10.16,True,9.956709956709965
sh.603106,2025-06-25,10.16,11.18,10.16,11.18,10.16,98564325.0,1052052331.1,18.9357,0,MAIN,0.1,11.18,True,10.039370078740163
sh.603109,2025-05-06,21.18,22.98,20.79,22.98,20.89,16489775.0,362530082.55,7.8956,0,MAIN,0.1,22.98,True,10.00478697941598
sh.603109,2025-05-08,22.74,24.81,22.74,24.81,22.55,20552005.0,495865023.6,9.8406,0,MAIN,0.1,24.81,True,10.022172949002206
sh.603109,2025-05-13,25.87,27.56,25.05,27.56,25.05,21467920.0,567077939.2,10.2792,0,MAIN,0.1,27.56,True,10.019960079840317
sh.603109,2025-05-16,26.3,27.93,26.3,27.93,25.39,12677974.0,348747867.02,6.0704,0,MAIN,0.1,27.93,True,10.00393855848758
sh.603109,2025-06-05,26.2,28.53,25.64,28.53,25.94,16835686.0,458001557.58,8.0612,0,MAIN,0.1,28.53,True,9.984579799537396
sh.603112,2025-05-08,15.35,16.69,15.25,16.69,15.17,21297526.0,348356547.57,4.4923,0,MAIN,0.1,16.69,True,10.019775873434412
sh.603119,2025-06-24,39.69,42.91,39.04,42.91,39.01,30646214.0,1271348611.87,15.0315,0,MAIN,0.1,42.91,True,9.997436554729555
sh.603120,2025-06-20,37.1,40.81,36.92,40.81,37.1,6677614.0,265640163.17,30.1557,0,MAIN,0.1,40.81,True,10.000000000000009
sh.603123,2025-05-29,9.26,10.23,9.2,10.23,9.3,68557771.0,669073365.83,10.5105,0,MAIN,0.1,10.23,True,9.999999999999986
sh.603123,2025-05-30,11.25,11.25,10.9,11.25,10.23,101978148.0,1143765502.14,15.6342,0,MAIN,0.1,11.25,True,9.97067448680351
sh.603123,2025-06-03,12.38,12.38,12.38,12.38,11.25,6684832.0,82758220.16,1.0248,0,MAIN,0.1,12.38,True,10.044444444444455
sh.603123,2025-06-05,12.08,14.18,11.89,14.18,12.89,184096857.0,2414536383.91,28.2238,0,MAIN,0.1,14.18,True,10.007757951900697
sh.603123,2025-06-18,11.88,13.2,11.74,13.2,12.0,161955798.0,2045750200.2,24.8293,0,MAIN,0.1,13.2,True,9.999999999999986
sh.603123,2025-06-25,12.7,14.59,12.66,14.59,13.26,163037089.0,2237404618.99,24.9951,0,MAIN,0.1,14.59,True,10.030165912518862
sh.603123,2025-06-30,15.52,17.05,15.16,17.05,15.5,107255271.0,1787750205.82,16.4432,0,MAIN,0.1,17.05,True,10.000000000000009
sh.603124,2025-06-11,43.31,45.98,43.31,45.98,41.8,4871267.0,222113654.34,17.0101,0,MAIN,0.1,45.98,True,10.000000000000009
sh.603125,2025-06-30,16.58,17.6,16.51,17.6,16.0,10648166.0,185923312.13,10.5204,0,MAIN,0.1,17.6,True,10.000000000000009
sh.603127,2025-05-29,16.58,18.17,16.37,18.17,16.52,45811747.0,803469749.57,7.2661,0,MAIN,0.1,18.17,True,9.987893462469755
sh.603127,2025-06-30,19.15,21.03,18.92,21.03,19.12,45892315.0,936884976.15,7.2789,0,MAIN,0.1,21.03,True,9.98953974895398
sh.603128,2025-05-14,6.53,7.24,6.52,7.24,6.58,221440541.0,1526238423.71,16.9162,0,MAIN,0.1,7.24,True,10.030395136778125
sh.603130,2025-05-06,24.8,27.17,24.7,27.17,24.7,3493000.0,91371713.0,6.8405,0,MAIN,0.1,27.17,True,10.000000000000009
sh.603130,2025-06-27,28.09,30.93,27.8,30.93,28.12,10558965.0,313108649.45,20.6781,0,MAIN,0.1,30.93,True,9.992887624466572
sh.603132,2025-06-27,12.09,13.19,11.9,13.19,11.99,7142876.0,91072954.44,0.7304,0,MAIN,0.1,13.19,True,10.008340283569627
sh.603135,2025-05-19,9.68,10.42,9.63,10.42,9.47,17711804.0,178373312.88,7.0102,0,MAIN,0.1,10.42,True,10.031678986272441
sh.603136,2025-06-26,12.33,13.62,12.31,13.62,12.38,31220997.0,412706040.71,11.5579,0,MAIN,0.1,13.62,True,10.016155088852985
sh.603139,2025-06-10,20.61,22.68,20.4,22.68,20.62,4059650.0,90150678.0,4.0645,0,MAIN,0.1,22.68,True,9.990300678952458
sh.603139,2025-06-11,24.95,24.95,24.95,24.95,22.68,1576199.0,39326165.05,1.5781,0,MAIN,0.1,24.95,True,10.008818342151681
sh.603139,2025-06-12,27.45,27.45,27.45,27.45,24.95,1538500.0,42231825.0,1.5403,0,MAIN,0.1,27.44,True,10.020040080160332
sh.603150,2025-05-20,32.44,35.68,31.92,35.68,32.44,7317454.0,250923313.28,13.6733,0,MAIN,0.1,35.68,True,9.987669543773126
sh.603151,2025-06-04,15.82,17.12,15.51,17.12,15.56,6375430.0,106586006.3,7.8873,0,MAIN,0.1,17.12,True,10.025706940874034
sh.603151,2025-06-17,18.83,18.83,18.18,18.83,17.12,5974377.0,111903463.91,7.3911,0,MAIN,0.1,18.83,True,9.988317757009323
sh.603151,2025-06-18,20.71,20.71,20.71,20.71,18.83,1017165.0,21065487.15,1.2584,0,MAIN,0.1,20.71,True,9.98406797663305
sh.603151,2025-06-24,20.68,22.31,20.31,22.31,20.28,9749252.0,209673487.12,12.0611,0,MAIN,0.1,22.31,True,10.009861932938847
sh.603155,2025-06-20,13.68,14.39,13.22,14.39,13.08,4622867.0,65498883.22,1.4639,0,MAIN,0.1,14.39,True,10.015290519877684
sh.603155,2025-06-23,15.07,15.83,14.71,15.83,14.39,18812504.0,288960304.2,5.9573,0,MAIN,0.1,15.83,True,10.006949270326615
sh.603155,2025-06-24,17.41,17.41,16.36,17.41,15.83,46630397.0,800997015.52,14.7664,0,MAIN,0.1,17.41,True,9.981048641819324
sh.603161,2025-06-20,11.7,12.98,11.7,12.98,11.8,10569481.0,135162866.78,5.541,0,MAIN,0.1,12.98,True,9.999999999999986
sh.603162,2025-05-13,8.32,8.9,8.17,8.9,8.09,38696060.0,329696781.23,14.1705,0,MAIN,0.1,8.9,True,10.012360939431408
sh.603163,2025-05-20,28.79,31.67,28.79,31.67,28.79,8671635.0,266005876.95,24.7742,0,MAIN,0.1,31.67,True,10.003473428273724
sh.603166,2025-05-06,16.85,18.07,16.75,18.07,16.43,60952138.0,1059548397.95,9.5385,0,MAIN,0.1,18.07,True,9.981740718198417
sh.603168,2025-05-06,6.74,7.34,6.68,7.34,6.67,14309876.0,104176406.68,4.4359,0,MAIN,0.1,7.34,True,10.04497751124438
sh.603169,2025-05-06,6.71,7.29,6.69,7.29,6.63,62326004.0,444869400.68,4.7712,0,MAIN,0.1,7.29,True,9.954751131221728
sh.603169,2025-05-29,8.28,9.13,8.0,9.13,8.3,168047439.0,1480777746.32,12.8645,0,MAIN,0.1,9.13,True,10.000000000000009
sh.603176,2025-06-05,4.98,5.45,4.91,5.45,4.95,48126524.0,260498428.8,10.4218,0,MAIN,0.1,5.44,True,10.1010101010101
sh.603178,2025-05-16,17.74,19.51,17.7,19.51,17.74,13575345.0,256431488.95,5.7422,0,MAIN,0.1,19.51,True,9.977452085682103
sh.603190,2025-06-12,22.2,24.75,21.9,24.75,22.5,16085080.0,384827081.6,39.6972,0,MAIN,0.1,24.75,True,10.000000000000009
sh.603192,2025-05-21,17.7,19.46,17.58,19.46,17.69,6964817.0,132301100.82,5.0227,0,MAIN,0.1,19.46,True,10.005652911249285
sh.603192,2025-05-22,21.41,21.41,21.41,21.41,19.46,1139370.0,24393911.7,0.8217,0,MAIN,0.1,21.41,True,10.020554984583763
sh.603192,2025-05-23,23.55,23.55,21.0,23.55,21.41,12721839.0,290044536.55,9.1744,0,MAIN,0.1,23.55,True,9.995329285380672
sh.603192,2025-05-26,25.91,25.91,25.91,25.91,23.55,1439110.0,37287340.1,1.0378,0,MAIN,0.1,25.9,True,10.021231422505306
sh.603192,2025-05-27,28.49,28.5,28.01,28.5,25.91,8018299.0,227972516.5,5.7824,0,MAIN,0.1,28.5,True,9.996140486298732
sh.603194,2025-05-29,34.08,37.49,34.08,37.49,34.08,12065259.0,442042799.79,24.2136,0,MAIN,0.1,37.49,True,10.005868544600949
sh.603194,2025-05-30,38.29,41.24,38.29,41.24,37.49,20550758.0,824918400.93,41.243,0,MAIN,0.1,41.24,True,10.002667377967466
sh.603194,2025-06-09,40.5,43.89,40.05,43.89,39.9,11901393.0,505194436.96,23.8847,0,MAIN,0.1,43.89,True,10.000000000000009
sh.603196,2025-06-27,15.63,17.19,15.63,17.19,15.63,9233542.0,154688408.7,3.8962,0,MAIN,0.1,17.19,True,9.98080614203456
sh.603200,2025-06-26,41.81,46.68,41.81,46.68,42.44,19981736.0,914991983.26,11.3869,0,MAIN,0.1,46.68,True,9.990574929311968
sh.603208,2025-06-04,15.26,16.67,15.18,16.67,15.15,10202887.0,166017568.58,5.7587,0,MAIN,0.1,16.67,True,10.033003300330034
sh.603209,2025-06-20,14.9,16.43,14.8,16.43,14.94,28114965.0,458003152.19,10.0411,0,MAIN,0.1,16.43,True,9.97322623828647
sh.603209,2025-06-23,18.07,18.07,17.6,18.07,16.43,51777816.0,932422214.44,18.4921,0,MAIN,0.1,18.07,True,9.981740718198417
sh.603212,2025-06-20,10.49,10.63,10.49,10.63,9.66,15475183.0,164099394.5,3.5373,0,MAIN,0.1,10.63,True,10.041407867494833
sh.603212,2025-06-24,10.69,11.95,10.51,11.95,10.86,67470619.0,755671873.68,15.4222,0,MAIN,0.1,11.95,True,10.036832412523022
sh.603212,2025-06-30,11.55,12.49,11.55,12.49,11.35,28128003.0,346276555.41,6.4294,0,MAIN,0.1,12.49,True,10.044052863436125
sh.603215,2025-05-20,16.69,18.1,16.46,18.1,16.45,14334200.0,250147468.0,7.656,0,MAIN,0.1,18.1,True,10.030395136778125
sh.603215,2025-06-12,18.63,18.63,18.63,18.63,16.94,6644400.0,123785172.0,3.5488,0,MAIN,0.1,18.63,True,9.976387249114516
sh.603215,2025-06-18,18.99,21.14,18.58,21.14,19.22,28170975.0,575312692.5,15.0463,0,MAIN,0.1,21.14,True,9.989594172736748
sh.603221,2025-06-04,11.27,12.42,11.19,12.42,11.29,15132900.0,183388713.0,6.2463,0,MAIN,0.1,12.42,True,10.008857395925608
sh.603222,2025-06-17,6.3,6.88,6.3,6.88,6.25,14366886.0,96631630.88,2.7361,0,MAIN,0.1,6.88,True,10.08
sh.603226,2025-05-30,7.48,8.22,7.48,8.22,7.47,12688886.0,101726726.81,3.5694,0,MAIN,0.1,8.22,True,10.040160642570296
sh.603226,2025-06-04,9.04,9.04,8.4,9.04,8.22,21887553.0,194823598.65,6.157,0,MAIN,0.1,9.04,True,9.975669099756669
sh.603226,2025-06-05,9.42,9.94,9.04,9.94,9.04,11898037.0,115889168.03,3.3469,0,MAIN,0.1,9.94,True,9.95575221238938
sh.603226,2025-06-06,10.93,10.93,10.7,10.93,9.94,7459489.0,81380808.73,2.0984,0,MAIN,0.1,10.93,True,9.95975855130784
sh.603226,2025-06-09,11.1,12.02,10.35,12.02,10.93,38184348.0,421223471.67,10.7413,0,MAIN,0.1,12.02,True,9.972552607502294
sh.603226,2025-06-24,11.26,12.46,11.26,12.46,11.33,10425013.0,126147003.34,2.9326,0,MAIN,0.1,12.46,True,9.973521624007065
sh.603228,2025-06-26,32.33,35.12,32.33,35.12,31.93,53820858.0,1858893591.96,5.8437,0,MAIN,0.1,35.12,True,9.990604447228302
sh.603228,2025-06-30,38.98,41.84,38.79,41.84,38.04,82978740.0,3357650579.82,9.0096,0,MAIN,0.1,41.84,True,9.989484752891698
sh.603232,2025-05-23,13.55,14.4,13.24,14.4,13.09,33866768.0,480505387.72,14.6419,0,MAIN,0.1,14.4,True,10.007639419404125
sh.603232,2025-06-12,14.76,15.84,14.76,15.84,14.4,13066310.0,203483822.8,5.6491,0,MAIN,0.1,15.84,True,9.999999999999986
sh.603232,2025-06-26,16.46,17.4,15.8,17.4,15.82,31912758.0,538877610.8,13.7971,0,MAIN,0.1,17.4,True,9.987357774968375
sh.603238,2025-06-04,16.08,17.66,16.08,17.66,16.05,11790631.0,200795871.99,6.6423,0,MAIN,0.1,17.66,True,10.031152647975073
sh.603238,2025-06-12,17.85,19.81,17.7,19.81,18.01,15306053.0,287702854.73,8.6227,0,MAIN,0.1,19.81,True,9.994447529150463
sh.603239,2025-06-12,14.7,16.17,14.65,16.17,14.7,9297280.0,146643329.8,3.4343,0,MAIN,0.1,16.17,True,10.000000000000009
sh.603255,2025-06-18,26.0,28.64,25.9,28.64,26.04,4315800.0,119151152.0,7.1129,0,MAIN,0.1,28.64,True,9.984639016897079
sh.603256,2025-05-29,10.0,10.74,9.9,10.74,9.76,22924733.0,236396845.78,2.6059,0,MAIN,0.1,10.74,True,10.040983606557386
sh.603256,2025-06-04,11.22,12.46,11.03,12.46,11.33,30894453.0,371688596.23,3.5118,0,MAIN,0.1,12.46,True,9.973521624007065
sh.603256,2025-06-20,12.5,13.68,12.11,13.68,12.44,36627883.0,474468437.8,4.1635,0,MAIN,0.1,13.68,True,9.967845659163999
sh.603257,2025-05-09,48.46,53.37,47.73,53.37,48.52,12473804.0,643868271.99,51.1218,0,MAIN,0.1,53.37,True,9.995877988458357
sh.603257,2025-06-23,46.95,51.62,46.69,51.62,46.93,4239972.0,212495674.52,17.3768,0,MAIN,0.1,51.62,True,9.993607500532708
sh.603258,2025-06-11,21.62,23.78,21.55,23.78,21.62,19190293.0,438800746.66,7.9746,0,MAIN,0.1,23.78,True,9.990749306197966
sh.603258,2025-06-24,22.1,24.13,22.04,24.13,21.94,19879869.0,472738794.44,8.2404,0,MAIN,0.1,24.13,True,9.981768459434814
sh.603261,2025-05-06,14.61,15.3,14.61,15.3,14.57,5365894.0,80108858.3,6.9233,1,MAIN,0.05,15.3,True,5.010295126973241
sh.603261,2025-05-07,15.6,16.07,15.43,16.07,15.3,3822100.0,59967642.0,4.9314,1,MAIN,0.05,16.07,True,5.032679738562096
sh.603261,2025-05-08,16.46,16.87,16.46,16.87,16.07,1934800.0,32368583.0,2.4964,1,MAIN,0.05,16.87,True,4.978220286247681
sh.603261,2025-05-09,17.71,17.71,17.71,17.71,16.87,402700.0,7131817.0,0.5196,1,MAIN,0.05,17.71,True,4.9792531120331995
sh.603261,2025-05-12,18.6,18.6,18.6,18.6,17.71,247510.0,4603686.0,0.3193,1,MAIN,0.05,18.6,True,5.025409373235457
sh.603261,2025-05-14,18.75,19.54,18.75,19.54,18.61,1655000.0,31961854.0,2.1353,1,MAIN,0.05,19.54,True,4.997313272434178
sh.603261,2025-05-29,18.1,18.96,18.06,18.96,18.06,2217600.0,41410286.0,2.8612,1,MAIN,0.05,18.96,True,4.983388704318958
sh.603261,2025-06-03,18.81,19.62,18.81,19.62,18.69,2793300.0,54062676.0,3.604,1,MAIN,0.05,19.62,True,4.97592295345104
sh.603261,2025-06-30,19.98,20.46,19.98,20.46,19.49,1209800.0,24662063.0,1.5609,1,MAIN,0.05,20.46,True,4.976911236531567
sh.603267,2025-05-12,51.46,56.21,51.12,56.21,51.1,19588621.0,1072342674.41,8.477,0,MAIN,0.1,56.21,True,10.000000000000009
sh.603268,2025-05-06,39.0,39.0,39.0,39.0,37.14,964000.0,37596000.0,0.7764,1,MAIN,0.05,39.0,True,5.0080775444264924
sh.603268,2025-05-16,40.0,42.84,40.0,42.84,40.8,2119520.0,89157327.0,1.707,1,MAIN,0.05,42.84,True,5.000000000000027
sh.603270,2025-05-06,24.95,27.34,24.9,27.34,24.85,10821073.0,282672368.37,15.302,0,MAIN,0.1,27.34,True,10.02012072434606
sh.603275,2025-06-24,39.03,42.91,39.03,42.91,39.01,6246795.0,261357572.55,14.8937,0,MAIN,0.1,42.91,True,9.997436554729555
sh.603286,2025-05-06,34.37,37.07,34.37,37.07,33.7,17203249.0,611487528.43,15.0504,0,MAIN,0.1,37.07,True,9.999999999999986
sh.603286,2025-05-12,34.35,37.04,33.91,37.04,33.67,13078300.0,471052311.0,11.4417,0,MAIN,0.1,37.04,True,10.00891000891
sh.603286,2025-05-16,34.37,38.18,34.14,38.18,34.71,15828500.0,589452927.0,13.8477,0,MAIN,0.1,38.18,True,9.997118985883024
sh.603291,2025-05-12,11.66,12.71,11.47,12.71,11.55,15186436.0,183675441.56,11.687,0,MAIN,0.1,12.71,True,10.043290043290053
sh.603300,2025-05-06,11.5,12.38,11.38,12.38,11.25,291629283.0,3499013666.42,14.653,0,MAIN,0.1,12.38,True,10.044444444444455
sh.603305,2025-06-04,12.48,13.54,12.44,13.54,12.31,23583276.0,316128797.04,2.4738,0,MAIN,0.1,13.54,True,9.991876523151898
sh.603316,2025-05-06,5.86,6.28,5.81,6.28,5.71,12295280.0,75351954.4,4.6527,0,MAIN,0.1,6.28,True,9.982486865148864
sh.603316,2025-06-26,6.73,7.43,6.68,7.43,6.75,30822990.0,220778827.8,11.6637,0,MAIN,0.1,7.43,True,10.07407407407408
sh.603316,2025-06-27,7.5,8.17,7.5,8.17,7.43,25221090.0,197096627.8,9.5439,0,MAIN,0.1,8.17,True,9.959623149394359
sh.603316,2025-06-30,8.99,8.99,8.99,8.99,8.17,3493220.0,31404047.8,1.3219,0,MAIN,0.1,8.99,True,10.036719706242359
sh.603317,2025-05-19,10.85,11.73,10.85,11.73,10.66,31768688.0,366762051.47,2.983,0,MAIN,0.1,11.73,True,10.037523452157604
sh.603321,2025-05-21,7.73,8.48,7.66,8.48,7.71,13753300.0,113481807.0,4.5463,0,MAIN,0.1,8.48,True,9.987029831387817
sh.603326,2025-05-19,8.86,9.64,8.81,9.64,8.76,17792748.0,165489515.4,5.5746,0,MAIN,0.1,9.64,True,10.045662100456632
sh.603331,2025-05-08,9.49,10.44,9.46,10.44,9.49,22763299.0,234677820.65,11.2592,0,MAIN,0.1,10.44,True,10.01053740779767
sh.603331,2025-05-09,11.48,11.48,11.01,11.48,10.44,33171508.0,380039212.0,16.4073,0,MAIN,0.1,11.48,True,9.961685823754806
sh.603331,2025-05-13,10.5,11.68,10.47,11.68,10.62,60161310.0,675177157.59,29.757,0,MAIN,0.1,11.68,True,9.981167608286267
sh.603332,2025-05-09,9.8,10.78,9.7,10.78,9.8,11238474.0,119544790.22,5.1946,0,MAIN,0.1,10.78,True,9.999999999999986
sh.603332,2025-05-12,11.86,11.86,11.86,11.86,10.78,1973844.0,23409789.84,0.9124,0,MAIN,0.1,11.86,True,10.018552875695729
sh.603332,2025-05-13,13.05,13.05,13.05,13.05,11.86,2681966.0,34999656.3,1.2397,0,MAIN,0.1,13.05,True,10.033726812816202
sh.603332,2025-05-14,14.36,14.36,13.83,14.36,13.05,45700976.0,652460989.46,21.1239,0,MAIN,0.1,14.36,True,10.038314176245212
sh.603332,2025-05-15,13.65,15.8,13.21,15.8,14.36,60377866.0,887947864.55,27.9079,0,MAIN,0.1,15.8,True,10.027855153203348
sh.603332,2025-05-20,14.35,16.53,13.53,16.53,15.03,56206299.0,836989892.71,25.9797,0,MAIN,0.1,16.53,True,9.980039920159701
sh.603332,2025-05-23,14.1,16.34,13.93,16.34,14.85,38512136.0,602474733.78,17.8011,0,MAIN,0.1,16.34,True,10.033670033670038
sh.603332,2025-05-26,17.97,17.97,17.97,17.97,16.34,11224762.0,201708973.14,5.1883,0,MAIN,0.1,17.97,True,9.975520195838428
sh.603332,2025-05-27,18.77,19.77,18.52,19.77,17.97,42510557.0,827573640.63,19.6492,0,MAIN,0.1,19.77,True,10.016694490818034
sh.603332,2025-06-09,15.15,16.36,14.95,16.36,14.87,30689271.0,487360186.08,14.1852,0,MAIN,0.1,16.36,True,10.020174848688645
sh.603332,2025-06-10,17.35,18.0,16.9,18.0,16.36,38807018.0,686309080.7,17.9374,0,MAIN,0.1,18.0,True,10.02444987775062
sh.603332,2025-06-11,19.8,19.8,19.8,19.8,18.0,4318940.0,85515012.0,1.9963,0,MAIN,0.1,19.8,True,10.000000000000009
sh.603332,2025-06-18,16.32,18.34,16.16,18.34,16.67,41032696.0,715593421.52,18.9661,0,MAIN,0.1,18.34,True,10.017996400719852
sh.603333,2025-05-22,5.6,6.18,5.6,6.18,5.62,18384000.0,111322199.0,2.9579,0,MAIN,0.1,6.18,True,9.964412811387891
sh.603333,2025-05-23,6.8,6.8,6.8,6.8,6.18,10006500.0,68044200.0,1.61,0,MAIN,0.1,6.8,True,10.032362459546928
sh.603333,2025-05-26,7.48,7.48,7.48,7.48,6.8,3337700.0,24965996.0,0.537,0,MAIN,0.1,7.48,True,10.000000000000009
sh.603333,2025-05-27,8.23,8.23,8.23,8.23,7.48,3599527.0,29624107.21,0.5791,0,MAIN,0.1,8.23,True,10.026737967914446
sh.603333,2025-05-28,9.05,9.05,8.27,9.05,8.23,164650747.0,1464562240.03,26.4913,0,MAIN,0.1,9.05,True,9.963547995139743
sh.603333,2025-05-29,9.5,9.96,9.44,9.96,9.05,51552174.0,502868618.71,8.2944,0,MAIN,0.1,9.96,True,10.055248618784528
sh.603335,2025-05-06,4.93,4.93,4.93,4.93,4.48,9950700.0,49056951.0,2.3241,0,MAIN,0.1,4.93,True,10.044642857142838
sh.603335,2025-05-07,5.42,5.42,5.42,5.42,4.93,13497370.0,73155745.4,3.1525,0,MAIN,0.1,5.42,True,9.93914807302232
sh.603335,2025-06-11,5.13,5.37,5.13,5.37,4.88,17708630.0,94733377.1,4.1361,0,MAIN,0.1,5.37,True,10.040983606557386
sh.603335,2025-06-12,5.63,5.91,5.48,5.91,5.37,80869306.0,461831166.72,18.8883,0,MAIN,0.1,5.91,True,10.05586592178771
sh.603337,2025-05-16,38.1,42.15,38.1,42.15,38.32,12223016.0,501201410.09,2.5843,0,MAIN,0.1,42.15,True,9.994780793319414
sh.603338,2025-05-12,47.0,49.52,47.0,49.52,45.02,22787775.0,1098458586.97,4.5004,0,MAIN,0.1,49.52,True,9.995557529986666
sh.603350,2025-05-16,38.58,42.79,38.05,42.79,38.9,9187374.0,374652481.57,31.6806,0,MAIN,0.1,42.79,True,10.000000000000009
sh.603353,2025-06-13,17.28,17.74,16.88,17.74,16.13,14607242.0,254592972.6,8.5714,0,MAIN,0.1,17.74,True,9.981401115933043
sh.603359,2025-05-15,6.7,7.28,6.64,7.28,6.62,91420470.0,652155256.9,20.4935,0,MAIN,0.1,7.28,True,9.969788519637458
sh.603359,2025-05-22,7.5,8.47,7.45,8.47,7.7,52408390.0,431543784.3,11.7482,0,MAIN,0.1,8.47,True,10.000000000000009
sh.603359,2025-05-30,6.99,7.85,6.99,7.85,7.14,63445236.0,481137498.11,14.2223,0,MAIN,0.1,7.85,True,9.943977591036424
sh.603366,2025-05-28,9.65,10.6,9.65,10.6,9.64,75294301.0,775687182.57,9.2607,0,MAIN,0.1,10.6,True,9.958506224066376
sh.603377,2025-06-06,2.66,2.8,2.65,2.8,2.67,8512048.0,23650123.08,1.1907,1,MAIN,0.05,2.8,True,4.868913857677892
sh.603377,2025-06-09,2.88,2.94,2.87,2.94,2.8,3287567.0,9578386.08,0.4599,1,MAIN,0.05,2.94,True,5.000000000000004
sh.603377,2025-06-10,3.09,3.09,3.09,3.09,2.94,4225178.0,13055800.02,0.591,1,MAIN,0.05,3.09,True,5.102040816326525
sh.603377,2025-06-18,2.75,2.89,2.73,2.89,2.75,21917164.0,62686270.84,3.0659,1,MAIN,0.05,2.89,True,5.0909090909091015
sh.603378,2025-05-19,6.23,6.86,6.23,6.86,6.24,14500148.0,98107602.28,3.3832,0,MAIN,0.1,6.86,True,9.935897435897445
sh.603382,2025-06-12,33.0,70.0,33.0,55.97,11.5,30347013.0,1240247402.1,85.4343,0,MAIN,0.1,12.65,True,386.695652173913
sh.603383,2025-06-25,38.25,42.19,38.25,42.19,38.35,15801276.0,644307493.08,7.7269,0,MAIN,0.1,42.18,True,10.013037809647972
sh.603389,2025-05-06,6.43,6.43,6.43,6.43,6.12,6471660.0,41612773.8,2.463,1,MAIN,0.05,6.43,True,5.065359477124187
sh.603389,2025-05-07,6.75,6.75,6.75,6.75,6.43,514853.0,3475257.75,0.1959,1,MAIN,0.05,6.75,True,4.976671850699854
sh.603389,2025-05-08,7.09,7.09,7.09,7.09,6.75,356000.0,2524040.0,0.1355,1,MAIN,0.05,7.09,True,5.03703703703704
sh.603389,2025-05-09,7.44,7.44,7.44,7.44,7.09,2995033.0,22283045.52,1.1399,1,MAIN,0.05,7.44,True,4.936530324400579
sh.603389,2025-05-12,7.81,7.81,7.21,7.81,7.44,25834979.0,199537727.87,9.8325,1,MAIN,0.05,7.81,True,4.973118279569877
sh.603389,2025-05-13,7.92,8.2,7.82,8.2,7.81,11430380.0,93217440.4,4.3503,1,MAIN,0.05,8.2,True,4.9935979513444195
sh.603389,2025-05-14,8.61,8.61,8.51,8.61,8.2,3655700.0,31460427.2,1.3913,1,MAIN,0.05,8.61,True,5.000000000000004
sh.603389,2025-05-15,9.04,9.04,9.04,9.04,8.61,457020.0,4131460.8,0.1739,1,MAIN,0.05,9.04,True,4.994192799070851
sh.603389,2025-05-16,9.49,9.49,9.04,9.49,9.04,11482342.0,108531491.58,4.37,1,MAIN,0.05,9.49,True,4.977876106194712
sh.603389,2025-05-19,9.96,9.96,9.8,9.96,9.49,3481680.0,34668357.2,1.3251,1,MAIN,0.05,9.96,True,4.952581664910438
sh.603389,2025-05-22,10.2,10.86,10.2,10.86,10.34,15546980.0,167461724.8,5.917,1,MAIN,0.05,10.86,True,5.029013539651839
sh.603389,2025-05-26,10.92,11.13,10.92,11.13,10.6,1977120.0,21863257.6,0.7525,1,MAIN,0.05,11.13,True,5.000000000000004
sh.603389,2025-05-27,11.69,11.69,11.69,11.69,11.13,227520.0,2659708.8,0.0866,1,MAIN,0.05,11.69,True,5.031446540880502
sh.603389,2025-05-30,11.02,11.82,11.02,11.82,11.26,8113388.0,93075225.2,3.0879,1,MAIN,0.05,11.82,True,4.973357015985802
sh.603389,2025-06-10,11.86,12.33,11.8,12.33,11.74,9230134.0,112306026.74,3.5129,1,MAIN,0.05,12.33,True,5.025553662691662
sh.603389,2025-06-11,12.55,12.95,12.3,12.95,12.33,5065204.0,64923139.6,1.9278,1,MAIN,0.05,12.95,True,5.028386050283862
sh.603389,2025-06-17,13.6,13.6,13.6,13.6,12.95,1253740.0,17050864.0,0.4772,1,MAIN,0.05,13.6,True,5.0193050193050315
sh.603389,2025-06-20,13.31,13.98,13.3,13.98,13.31,4967020.0,68701666.1,1.8904,1,MAIN,0.05,13.98,True,5.03380916604057
sh.603389,2025-06-23,14.1,14.68,14.05,14.68,13.98,9309350.0,135057755.5,3.543,1,MAIN,0.05,14.68,True,5.007153075822601
sh.603389,2025-06-24,15.41,15.41,15.41,15.41,14.68,767560.0,11828099.6,0.2921,1,MAIN,0.05,15.41,True,4.972752043596729
sh.603389,2025-06-25,16.18,16.18,16.18,16.18,15.41,131980.0,2135436.4,0.0502,1,MAIN,0.05,16.18,True,4.996755353666438
sh.603389,2025-06-26,16.7,16.99,16.5,16.99,16.18,6839600.0,115521241.8,2.6031,1,MAIN,0.05,16.99,True,5.006180469715682
sh.603390,2025-05-21,10.62,11.68,10.48,11.68,10.62,37657900.0,426104584.0,10.7669,0,MAIN,0.1,11.68,True,9.981167608286267
sh.603390,2025-05-22,12.0,12.85,11.65,12.85,11.68,57988840.0,720382841.0,16.5798,0,MAIN,0.1,12.85,True,10.017123287671236
sh.603390,2025-05-26,11.44,13.19,11.22,13.19,11.99,45654618.0,566304691.42,13.0533,0,MAIN,0.1,13.19,True,10.008340283569627
sh.603390,2025-05-27,13.36,14.51,13.29,14.51,13.19,79231781.0,1126240254.67,22.6535,0,MAIN,0.1,14.51,True,10.007581501137231
sh.603390,2025-05-28,15.96,15.96,15.96,15.96,14.51,9573599.0,152794640.04,2.7372,0,MAIN,0.1,15.96,True,9.993108201240531
sh.603390,2025-05-29,17.56,17.56,17.56,17.56,15.96,14697603.0,258089908.68,4.2023,0,MAIN,0.1,17.56,True,10.02506265664158
sh.603390,2025-06-11,14.25,15.17,14.07,15.17,13.79,52655021.0,771429205.97,15.0548,0,MAIN,0.1,15.17,True,10.00725163161713
sh.603390,2025-06-24,13.88,14.09,13.88,14.09,12.81,13480400.0,189679450.0,3.8542,0,MAIN,0.1,14.09,True,9.992193598750966
sh.603392,2025-06-05,78.36,78.36,77.4,78.36,71.24,12035275.0,942839132.82,0.9513,0,MAIN,0.1,78.36,True,9.994385176866928
sh.603398,2025-05-19,5.07,5.25,5.04,5.25,5.0,29813944.0,154663183.08,6.8753,1,MAIN,0.05,5.25,True,5.000000000000004
sh.603398,2025-05-20,5.34,5.51,5.27,5.51,5.25,65423734.0,355920062.75,15.0871,1,MAIN,0.05,5.51,True,4.9523809523809526
sh.603398,2025-05-29,5.49,5.53,5.49,5.53,5.27,53508731.0,295760760.23,12.3394,1,MAIN,0.05,5.53,True,4.933586337760931
sh.603398,2025-06-17,4.35,4.62,4.34,4.62,4.4,32986490.0,148748486.36,7.6069,1,MAIN,0.05,4.62,True,5.000000000000004
sh.603398,2025-06-18,4.58,4.85,4.53,4.85,4.62,41522495.0,195380625.19,9.5753,1,MAIN,0.05,4.85,True,4.978354978354971
sh.603398,2025-06-24,4.85,4.94,4.8,4.94,4.7,43310008.0,211915126.21,9.9875,1,MAIN,0.05,4.94,True,5.106382978723412
sh.603398,2025-06-25,4.8,5.19,4.78,5.19,4.94,45632586.0,228218612.34,10.5231,1,MAIN,0.05,5.19,True,5.06072874493928
sh.603398,2025-06-27,5.06,5.29,5.04,5.29,5.04,46898215.0,244804194.31,10.815,1,MAIN,0.05,5.29,True,4.960317460317465
sh.603398,2025-06-30,5.3,5.55,5.29,5.55,5.29,35886863.0,195784344.13,8.2757,1,MAIN,0.05,5.55,True,4.914933837429114
sh.603400,2025-06-20,61.0,69.65,53.59,53.87,19.88,15938557.0,1003135777.26,81.329,0,MAIN,0.1,21.87,True,170.97585513078474
sh.603400,2025-06-25,48.0,97.0,47.65,78.81,49.93,17077914.0,990280270.82,87.1428,0,MAIN,0.1,54.92,True,57.840977368315635
sh.603416,2025-05-06,51.72,56.43,51.72,56.43,51.3,4225600.0,230052949.0,3.029,0,MAIN,0.1,56.43,True,10.000000000000009
sh.603416,2025-05-12,60.14,65.49,60.12,65.49,59.54,5988415.0,380233054.35,4.2926,0,MAIN,0.1,65.49,True,9.993281827342958
sh.603429,2025-06-09,8.48,9.2,8.4,9.2,8.36,36241579.0,326671923.33,6.9099,0,MAIN,0.1,9.2,True,10.047846889952151
sh.603444,2025-06-30,276.5,301.95,276.5,301.95,274.5,2653980.0,771844644.13,3.684,0,MAIN,0.1,301.95,True,9.999999999999986
sh.603477,2025-05-30,20.31,21.85,20.17,21.85,19.86,50458852.0,1094875608.0,9.8925,0,MAIN,0.1,21.85,True,10.020140986908377
sh.603488,2025-05-08,7.6,8.34,7.6,8.34,7.58,13172712.0,107059728.88,4.5114,0,MAIN,0.1,8.34,True,10.026385224274414
sh.603488,2025-05-12,7.9,8.61,7.9,8.61,7.83,15019001.0,126813077.72,5.1437,0,MAIN,0.1,8.61,True,9.961685823754785
sh.603488,2025-05-14,8.45,9.37,8.14,9.37,8.52,34138788.0,302142844.98,11.6917,0,MAIN,0.1,9.37,True,9.97652582159625
sh.603506,2025-05-28,11.4,12.17,11.37,12.17,11.06,12910660.0,152311286.8,6.8755,0,MAIN,0.1,12.17,True,10.036166365280286
sh.603506,2025-06-03,12.98,13.89,12.98,13.89,12.63,7515742.0,101764457.18,4.0025,0,MAIN,0.1,13.89,True,9.976247030878849
sh.603518,2025-05-27,8.5,9.08,8.5,9.08,8.25,13789588.0,124080426.04,4.008,0,MAIN,0.1,9.08,True,10.060606060606059
sh.603518,2025-05-28,9.89,9.99,9.62,9.99,9.08,65725283.0,652314302.71,19.1032,0,MAIN,0.1,9.99,True,10.022026431718057
sh.603518,2025-05-29,10.18,10.99,10.09,10.99,9.99,104427927.0,1114849386.49,30.3523,0,MAIN,0.1,10.99,True,10.010010010010006
sh.603518,2025-06-03,10.67,11.44,10.4,11.44,10.4,76570037.0,842786828.18,22.2553,0,MAIN,0.1,11.44,True,9.999999999999986
sh.603533,2025-05-06,19.58,21.56,19.58,21.56,19.6,34020619.0,720415990.78,7.7514,0,MAIN,0.1,21.56,True,9.999999999999986
sh.603533,2025-06-19,19.98,22.06,19.91,22.06,20.05,51045032.0,1108043858.26,11.6303,0,MAIN,0.1,22.06,True,10.024937655860345
sh.603535,2025-05-14,9.08,9.97,8.92,9.97,9.06,39997366.0,381112261.28,8.3731,0,MAIN,0.1,9.97,True,10.044150110375272
sh.603535,2025-06-04,10.51,11.52,10.39,11.52,10.47,39668151.0,434250768.32,8.3042,0,MAIN,0.1,11.52,True,10.028653295128919
sh.603538,2025-06-09,15.3,16.76,15.26,16.76,15.24,15730180.0,258476519.48,7.3742,0,MAIN,0.1,16.76,True,9.973753280839915
sh.603538,2025-06-20,16.76,18.46,16.76,18.46,16.78,26550288.0,474024159.28,12.4465,0,MAIN,0.1,18.46,True,10.011918951132293
sh.603538,2025-06-23,18.4,20.31,18.19,20.31,18.46,39445542.0,759847819.47,18.4917,0,MAIN,0.1,20.31,True,10.021668472372692
sh.603557,2025-05-06,2.44,2.44,2.44,2.44,2.32,464766.0,1134029.04,0.0745,1,MAIN,0.05,2.44,True,5.1724137931034475
sh.603557,2025-05-07,2.56,2.56,2.56,2.56,2.44,1393071.0,3566261.76,0.2235,1,MAIN,0.05,2.56,True,4.918032786885251
sh.603557,2025-05-08,2.69,2.69,2.65,2.69,2.56,56071035.0,150639739.02,8.9939,1,MAIN,0.05,2.69,True,5.078125
sh.603557,2025-05-12,2.81,2.91,2.73,2.91,2.77,24044835.0,67861775.99,3.8568,1,MAIN,0.05,2.91,True,5.054151624548742
sh.603557,2025-06-04,3.01,3.16,2.99,3.16,3.01,22630765.0,70849583.0,3.63,1,MAIN,0.05,3.16,True,4.983388704318958
sh.603557,2025-06-05,3.22,3.32,3.18,3.32,3.16,27608846.0,90366461.8,4.4285,1,MAIN,0.05,3.32,True,5.063291139240489
sh.603557,2025-06-09,3.36,3.51,3.35,3.51,3.34,12196394.0,42215345.45,1.9563,1,MAIN,0.05,3.51,True,5.089820359281427
sh.603557,2025-06-27,3.41,3.53,3.36,3.53,3.36,23267212.0,81290590.87,3.7321,1,MAIN,0.05,3.53,True,5.059523809523814
sh.603559,2025-05-16,7.88,8.2,7.88,8.2,7.81,1121408.0,9133529.04,0.2795,1,MAIN,0.05,8.2,True,4.9935979513444195
sh.603559,2025-05-27,8.65,9.01,8.58,9.01,8.58,4533551.0,40447024.51,1.1298,1,MAIN,0.05,9.01,True,5.011655011655014
sh.603559,2025-06-16,9.2,9.64,9.2,9.64,9.18,2814750.0,26953115.5,0.7014,1,MAIN,0.05,9.64,True,5.010893246187376
sh.603569,2025-05-14,7.75,8.55,7.72,8.55,7.77,52343482.0,429131733.09,8.6732,0,MAIN,0.1,8.55,True,10.038610038610063
sh.603577,2025-05-26,8.49,9.35,8.43,9.35,8.5,21675796.0,196339422.2,6.3914,0,MAIN,0.1,9.35,True,9.999999999999986
sh.603577,2025-05-27,10.29,10.29,10.29,10.29,9.35,3250050.0,33443014.5,0.9583,0,MAIN,0.1,10.28,True,10.053475935828882
sh.603577,2025-05-28,11.32,11.32,10.51,11.32,10.29,69286584.0,774755179.05,20.4301,0,MAIN,0.1,11.32,True,10.009718172983483
sh.603578,2025-06-23,12.98,14.23,12.77,14.23,12.94,5952972.0,81676207.12,3.3007,0,MAIN,0.1,14.23,True,9.9690880989181
sh.603578,2025-06-25,14.59,15.8,14.17,15.8,14.36,21010616.0,316604434.43,11.6495,0,MAIN,0.1,15.8,True,10.027855153203348
sh.603579,2025-05-08,23.86,25.75,23.86,25.75,23.41,8347109.0,212765353.5,4.7053,0,MAIN,0.1,25.75,True,9.995728321230235
sh.603579,2025-05-12,25.0,27.06,25.0,27.06,24.6,17635868.0,458998670.96,9.9415,0,MAIN,0.1,27.06,True,9.999999999999986
sh.603579,2025-06-17,22.25,23.74,22.2,23.74,21.58,11078098.0,256268866.36,6.2448,0,MAIN,0.1,23.74,True,10.00926784059315
sh.603579,2025-06-30,25.22,27.26,25.22,27.26,24.78,12628380.0,335144685.6,7.1187,0,MAIN,0.1,27.26,True,10.008071025020172
sh.603580,2025-05-27,14.01,14.01,14.01,14.01,13.34,3289700.0,46088697.0,2.5175,1,MAIN,0.05,14.01,True,5.02248875562219
sh.603580,2025-05-28,14.71,14.71,14.71,14.71,14.01,1744788.0,25665831.48,1.3352,1,MAIN,0.05,14.71,True,4.996431120628131
sh.603585,2025-06-05,15.95,17.33,15.8,17.33,15.75,5080513.0,85964259.21,2.8225,0,MAIN,0.1,17.33,True,10.031746031746014
sh.603585,2025-06-06,18.22,19.06,17.88,19.06,17.33,17588573.0,330261066.48,9.7712,0,MAIN,0.1,19.06,True,9.982688978649733
sh.603585,2025-06-16,20.18,21.84,19.88,21.84,19.85,18504799.0,388066513.2,10.2803,0,MAIN,0.1,21.84,True,10.025188916876559
sh.603585,2025-06-17,22.28,24.02,22.28,24.02,21.84,30246785.0,719028566.46,16.8035,0,MAIN,0.1,24.02,True,9.98168498168499
sh.603586,2025-05-06,18.59,18.59,18.18,18.59,16.9,7031000.0,130562064.0,3.5863,0,MAIN,0.1,18.59,True,10.000000000000009
sh.603586,2025-06-11,17.41,19.09,17.36,19.09,17.35,6165600.0,114265515.0,3.1449,0,MAIN,0.1,19.09,True,10.028818443804033
sh.603587,2025-06-11,12.6,14.05,12.6,14.05,12.77,21121873.0,287582709.25,4.4552,0,MAIN,0.1,14.05,True,10.023492560689128
sh.603587,2025-06-16,13.38,14.44,13.2,14.44,13.13,19129288.0,265866054.92,4.0349,0,MAIN,0.1,14.44,True,9.97715156130996
sh.603595,2025-05-12,17.12,18.44,17.1,18.44,16.76,6596174.0,117266125.36,2.8378,0,MAIN,0.1,18.44,True,10.023866348448696
sh.603598,2025-06-09,16.5,18.21,16.47,18.21,16.55,31472900.0,554539328.13,11.7496,0,MAIN,0.1,18.21,True,10.030211480362539
sh.603599,2025-05-27,10.77,11.86,10.72,11.86,10.78,33565204.0,388132580.68,3.6874,0,MAIN,0.1,11.86,True,10.018552875695729
sh.603600,2025-05-12,10.38,11.12,10.38,11.12,10.11,7832850.0,86047008.0,2.6038,0,MAIN,0.1,11.12,True,9.990108803165176
sh.603601,2025-06-30,3.78,4.06,3.78,4.06,3.69,21754610.0,87044299.6,2.1294,0,MAIN,0.1,4.06,True,10.027100271002709
sh.603607,2025-05-20,20.9,22.77,20.69,22.77,20.7,21827005.0,477013211.78,12.2269,0,MAIN,0.1,22.77,True,10.000000000000009
sh.603607,2025-05-22,21.5,24.07,21.5,24.07,21.88,36907335.0,866487182.32,20.6744,0,MAIN,0.1,24.07,True,10.009140767824508
sh.603607,2025-05-23,23.2,26.48,23.05,26.48,24.07,40341704.0,1008164951.31,22.5983,0,MAIN,0.1,26.48,True,10.012463647694236
sh.603607,2025-05-26,25.99,29.13,24.96,29.13,26.48,36038721.0,954962125.37,20.1879,0,MAIN,0.1,29.13,True,10.007552870090631
sh.603607,2025-05-27,32.02,32.04,31.68,32.04,29.13,19104124.0,611822868.71,10.7016,0,MAIN,0.1,32.04,True,9.989701338825952
sh.603610,2025-05-06,10.29,11.3,10.29,11.3,10.27,8014622.0,85805047.82,2.2357,0,MAIN,0.1,11.3,True,10.029211295034091
sh.603610,2025-05-07,12.43,12.43,11.68,12.43,11.3,40761521.0,501725778.38,11.3704,0,MAIN,0.1,12.43,True,9.999999999999986
sh.603610,2025-05-08,13.67,13.67,13.67,13.67,12.43,33108294.0,452590378.98,9.2355,0,MAIN,0.1,13.67,True,9.975864843121474
sh.603610,2025-05-09,13.12,15.04,13.0,15.04,13.67,88384533.0,1265755965.08,24.6547,0,MAIN,0.1,15.04,True,10.021945866861737
sh.603610,2025-06-17,12.94,13.16,12.82,13.16,11.96,32059264.0,419795198.46,8.9429,0,MAIN,0.1,13.16,True,10.033444816053505
sh.603613,2025-06-30,21.57,23.69,21.57,23.69,21.54,30649457.0,713179008.85,4.2537,0,MAIN,0.1,23.69,True,9.981429897864459
sh.603616,2025-06-20,4.05,4.46,4.05,4.46,4.05,20650100.0,88136386.0,5.4147,0,MAIN,0.1,4.46,True,10.123456790123452
sh.603616,2025-06-27,4.76,5.03,4.68,5.03,4.57,29767200.0,147159776.72,7.8054,0,MAIN,0.1,5.03,True,10.065645514223199
sh.603619,2025-06-13,20.53,20.53,19.6,20.53,18.66,72810692.0,1478934160.58,15.7484,0,MAIN,0.1,20.53,True,10.021436227224022
sh.603630,2025-05-13,17.72,19.37,17.43,19.37,17.61,17245650.0,321494376.3,7.6578,0,MAIN,0.1,19.37,True,9.994321408290752
sh.603630,2025-05-15,19.86,21.97,19.75,21.97,19.97,15930330.0,339578562.8,7.0737,0,MAIN,0.1,21.97,True,10.01502253380071
sh.603630,2025-05-19,22.1,24.88,21.61,24.88,22.62,22674320.0,535100251.9,10.0683,0,MAIN,0.1,24.88,True,9.991158267020328
sh.603630,2025-05-20,26.02,27.37,25.41,27.37,24.88,19839739.0,535781836.46,8.8097,0,MAIN,0.1,27.37,True,10.008038585209022
sh.603630,2025-06-12,23.15,25.56,23.1,25.56,23.24,20501808.0,499399795.06,9.1036,0,MAIN,0.1,25.56,True,9.982788296041312
sh.603637,2025-06-25,10.1,11.03,10.03,11.03,10.03,17734845.0,189575867.08,7.4302,0,MAIN,0.1,11.03,True,9.970089730807574
sh.603639,2025-05-27,13.51,14.8,13.41,14.8,13.45,9027762.0,129297955.28,2.6562,0,MAIN,0.1,14.8,True,10.037174721189611
sh.603639,2025-05-28,16.28,16.28,15.89,16.28,14.8,37726794.0,612527727.91,11.1001,0,MAIN,0.1,16.28,True,10.000000000000009
sh.603657,2025-05-06,17.0,18.51,16.85,18.51,16.83,6418200.0,115746941.0,4.7475,0,MAIN,0.1,18.51,True,9.982174688057066
sh.603657,2025-05-07,19.15,20.36,18.89,20.36,18.51,7782281.0,156438544.4,5.7565,0,MAIN,0.1,20.36,True,9.994597514856828
sh.603657,2025-05-08,21.79,22.4,21.45,22.4,20.36,4870940.0,107872786.0,3.603,0,MAIN,0.1,22.4,True,10.019646365422386
sh.603657,2025-05-09,22.4,24.64,21.54,24.64,22.4,23059566.0,547473024.86,17.0571,0,MAIN,0.1,24.64,True,10.000000000000009
sh.603657,2025-05-12,24.7,27.1,23.5,27.1,24.64,20658557.0,524003188.99,15.2811,0,MAIN,0.1,27.1,True,9.983766233766245
sh.603657,2025-06-05,23.55,26.0,23.17,26.0,23.64,19320900.0,481411468.4,14.2917,0,MAIN,0.1,26.0,True,9.983079526226724
sh.603657,2025-06-24,33.55,36.4,33.22,36.4,33.09,4754140.0,169015434.6,3.5166,0,MAIN,0.1,36.4,True,10.00302206104562
sh.603665,2025-05-16,19.86,22.08,19.86,22.08,20.07,9518136.0,203862313.88,5.9426,0,MAIN,0.1,22.08,True,10.01494768310911
sh.603669,2025-06-30,4.95,5.4,4.93,5.4,4.91,24369156.0,129105173.64,3.3788,0,MAIN,0.1,5.4,True,9.97963340122201
sh.603679,2025-06-05,12.9,14.18,12.78,14.18,12.89,11283966.0,155251940.08,6.8562,0,MAIN,0.1,14.18,True,10.007757951900697
sh.603679,2025-06-06,15.6,15.6,15.6,15.6,14.18,6247104.0,97454822.4,3.7957,0,MAIN,0.1,15.6,True,10.014104372355437
sh.603680,2025-05-28,9.9,10.87,9.87,10.87,9.88,12644927.0,131940438.32,1.6135,0,MAIN,0.1,10.87,True,10.020242914979738
sh.603680,2025-06-06,10.98,11.51,10.7,11.51,10.46,14001489.0,156917052.71,1.7865,0,MAIN,0.1,11.51,True,10.038240917782026
sh.603681,2025-05-23,14.0,15.4,13.91,15.4,14.0,12486743.0,187821168.92,6.5331,0,MAIN,0.1,15.4,True,10.000000000000009
sh.603681,2025-05-26,15.85,16.94,15.77,16.94,15.4,38122928.0,631069628.52,19.946,0,MAIN,0.1,16.94,True,10.000000000000009
sh.603681,2025-05-27,16.01,18.63,15.94,18.63,16.94,39565142.0,686185065.07,20.7005,0,MAIN,0.1,18.63,True,9.976387249114516
sh.603681,2025-05-29,16.02,18.45,16.02,18.45,16.77,39945025.0,709711454.89,20.8993,0,MAIN,0.1,18.45,True,10.017889087656528
sh.603681,2025-06-03,17.29,18.65,17.29,18.65,16.95,13049185.0,238499777.5,6.8274,0,MAIN,0.1,18.64,True,10.029498525073732
sh.603685,2025-06-19,12.87,14.12,12.66,14.12,12.84,6356355.0,88083166.82,4.7012,0,MAIN,0.1,14.12,True,9.968847352024923
sh.603686,2025-05-19,13.27,14.61,13.1,14.61,13.28,44296001.0,618433932.01,10.6627,0,MAIN,0.1,14.61,True,10.015060240963859
sh.603686,2025-05-29,15.15,16.18,14.78,16.18,14.71,107257978.0,1685016573.22,25.8185,0,MAIN,0.1,16.18,True,9.99320190346702
sh.603686,2025-05-30,16.98,17.8,16.1,17.8,16.18,175270087.0,3002420792.71,42.19,0,MAIN,0.1,17.8,True,10.012360939431408
sh.603688,2025-06-16,31.31,34.4,31.3,34.4,31.27,33821566.0,1132274751.18,6.2438,0,MAIN,0.1,34.4,True,10.009593859929634
sh.603693,2025-05-20,12.2,13.4,12.11,13.4,12.18,36862670.0,474010789.91,4.135,0,MAIN,0.1,13.4,True,10.016420361247945
sh.603693,2025-05-27,13.2,13.88,13.2,13.88,12.62,19692225.0,269468575.6,2.2089,0,MAIN,0.1,13.88,True,9.984152139461177
sh.603693,2025-05-28,15.27,15.27,15.27,15.27,13.88,9193878.0,140390517.06,1.0313,0,MAIN,0.1,15.27,True,10.014409221902
sh.603693,2025-05-29,16.8,16.8,15.8,16.8,15.27,54995283.0,908137049.66,6.169,0,MAIN,0.1,16.8,True,10.019646365422407
sh.603697,2025-05-27,12.85,14.05,12.85,14.05,12.77,16049797.0,219714085.15,3.7527,0,MAIN,0.1,14.05,True,10.023492560689128
sh.603697,2025-06-03,13.24,14.48,13.22,14.48,13.16,16038063.0,223702940.29,3.7499,0,MAIN,0.1,14.48,True,10.030395136778125
sh.603697,2025-06-04,15.33,15.93,15.1,15.93,14.48,36837670.0,573673018.28,8.6131,0,MAIN,0.1,15.93,True,10.013812154696122
sh.603701,2025-05-29,17.39,19.14,17.25,19.14,17.4,12430513.0,229442713.98,4.7561,0,MAIN,0.1,19.14,True,10.000000000000009
sh.603706,2025-06-13,19.0,20.78,19.0,20.78,18.89,10161015.0,207566140.7,5.3653,0,MAIN,0.1,20.78,True,10.005293806246684
sh.603711,2025-06-04,13.63,15.02,13.5,15.02,13.65,13919233.0,201768470.66,3.3729,0,MAIN,0.1,15.02,True,10.036630036630022
sh.603712,2025-05-12,20.0,21.99,19.58,21.99,19.99,29057105.0,621526344.85,3.7639,0,MAIN,0.1,21.99,True,10.005002501250626
sh.603716,2025-05-23,10.9,11.95,10.89,11.95,10.86,57353834.0,670206758.49,30.0254,0,MAIN,0.1,11.95,True,10.036832412523022
sh.603716,2025-06-10,13.4,13.46,13.39,13.46,12.24,24887396.0,334706357.22,13.0289,0,MAIN,0.1,13.46,True,9.967320261437917
sh.603716,2025-06-23,12.15,13.37,11.65,13.37,12.15,40592327.0,522483266.42,21.2506,0,MAIN,0.1,13.37,True,10.041152263374475
sh.603721,2025-05-14,16.73,17.7,16.32,17.7,16.86,10336740.0,176200257.2,7.9513,1,MAIN,0.05,17.7,True,4.982206405693956
sh.603721,2025-05-15,18.59,18.59,18.59,18.59,17.7,1061514.0,19733545.26,0.8165,1,MAIN,0.05,18.58,True,5.028248587570627
sh.603721,2025-06-11,19.12,20.08,19.12,20.08,19.12,5070700.0,101120938.0,3.9005,1,MAIN,0.05,20.08,True,5.020920502092041
sh.603722,2025-06-11,39.71,42.82,39.71,42.82,38.93,3799310.0,158713922.65,3.97,0,MAIN,0.1,42.82,True,9.992293860775758
sh.603725,2025-05-20,7.19,7.91,7.18,7.91,7.19,15939047.0,122235413.29,5.5603,0,MAIN,0.1,7.91,True,10.01390820584145
sh.603725,2025-06-11,7.56,8.33,7.52,8.33,7.57,24792000.0,200450962.08,8.6486,0,MAIN,0.1,8.33,True,10.039630118890353
sh.603757,2025-05-07,21.6,23.57,21.6,23.57,21.43,5468127.0,126131057.39,3.3191,0,MAIN,0.1,23.57,True,9.98600093327111
sh.603758,2025-05-06,11.88,12.97,11.76,12.97,11.79,20081280.0,248849106.6,4.5764,0,MAIN,0.1,12.97,True,10.008481764206966
sh.603758,2025-05-16,12.18,13.5,12.18,13.5,12.27,18562345.0,245425860.5,4.2303,0,MAIN,0.1,13.5,True,10.02444987775062
sh.603758,2025-06-12,13.19,14.18,13.18,14.18,12.89,37715400.0,523409159.5,8.5952,0,MAIN,0.1,14.18,True,10.007757951900697
sh.603767,2025-05-27,15.19,16.71,14.92,16.71,15.19,36858807.0,605910805.87,11.9427,0,MAIN,0.1,16.71,True,10.00658327847268
sh.603768,2025-05-21,12.24,13.49,12.12,13.49,12.26,21585699.0,285771175.35,9.0713,0,MAIN,0.1,13.49,True,10.03262642740621
sh.603768,2025-05-27,12.64,13.86,12.38,13.86,12.6,18729135.0,245265969.82,7.8708,0,MAIN,0.1,13.86,True,10.000000000000009
sh.603776,2025-06-24,20.01,20.01,20.01,20.01,18.19,2469304.0,49410773.04,1.0263,0,MAIN,0.1,20.01,True,10.00549752611326
sh.603776,2025-06-25,22.01,22.01,22.01,22.01,20.01,1559105.0,34315901.05,0.648,0,MAIN,0.1,22.01,True,9.995002498750626
sh.603777,2025-05-26,12.89,14.19,12.78,14.19,12.9,18138936.0,248777129.24,5.4239,0,MAIN,0.1,14.19,True,9.999999999999986
sh.603787,2025-06-10,11.6,12.77,11.48,12.77,11.61,7063670.0,87762094.9,3.0692,0,MAIN,0.1,12.77,True,9.991386735572782
sh.603787,2025-06-11,14.05,14.05,14.05,14.05,12.77,9365821.0,131589785.05,4.0696,0,MAIN,0.1,14.05,True,10.023492560689128
sh.603787,2025-06-12,14.19,15.46,13.81,15.46,14.05,47582419.0,705452087.03,20.6751,0,MAIN,0.1,15.46,True,10.035587188612105
sh.603797,2025-05-29,4.3,4.73,4.26,4.73,4.3,29178283.0,134170809.92,4.9921,0,MAIN,0.1,4.73,True,10.000000000000009
sh.603800,2025-06-24,23.8,26.04,23.8,26.04,23.67,14487939.0,371529766.63,6.9654,0,MAIN,0.1,26.04,True,10.012674271229383
sh.603803,2025-05-14,9.36,10.44,9.36,10.44,9.49,15156408.0,156699021.52,3.5672,0,MAIN,0.1,10.44,True,10.01053740779767
sh.603809,2025-05-08,15.68,15.68,15.68,15.68,14.25,17993942.0,282145010.56,2.1587,0,MAIN,0.1,15.68,True,10.035087719298241
sh.603813,2025-05-06,12.15,12.15,12.15,12.15,11.57,453104.0,5505213.6,0.5038,1,MAIN,0.05,12.15,True,5.012964563526356
sh.603813,2025-05-07,12.76,12.76,12.76,12.76,12.15,253500.0,3234660.0,0.2818,1,MAIN,0.05,12.76,True,5.020576131687249
sh.603813,2025-05-08,13.4,13.4,13.4,13.4,12.76,83900.0,1124260.0,0.0933,1,MAIN,0.05,13.4,True,5.0156739811912265
sh.603813,2025-05-09,14.0,14.07,13.4,14.07,13.4,4100233.0,56856955.3,4.5588,1,MAIN,0.05,14.07,True,5.000000000000004
sh.603818,2025-06-09,4.35,4.35,4.2,4.35,3.95,67866600.0,294392273.2,9.8853,0,MAIN,0.1,4.35,True,10.126582278481
sh.603818,2025-06-12,4.15,4.65,4.15,4.65,4.23,138606439.0,622415959.07,20.189,0,MAIN,0.1,4.65,True,9.92907801418439
sh.603818,2025-06-30,4.73,5.14,4.68,5.14,4.67,62481800.0,312839689.0,9.1009,0,MAIN,0.1,5.14,True,10.064239828693777
sh.603823,2025-06-04,10.39,11.44,10.35,11.44,10.4,19738787.0,223578881.72,4.8023,0,MAIN,0.1,11.44,True,9.999999999999986
sh.603823,2025-06-10,11.53,12.82,11.53,12.82,11.65,20668710.0,254861445.32,5.0285,0,MAIN,0.1,12.82,True,10.042918454935613
sh.603823,2025-06-19,11.16,12.35,11.07,12.35,11.23,26747450.0,318153014.7,6.5074,0,MAIN,0.1,12.35,True,9.973285841495994
sh.603828,2025-05-09,4.63,5.04,4.61,5.04,4.8,21259811.0,101268894.27,3.5674,1,MAIN,0.05,5.04,True,5.000000000000004
sh.603828,2025-05-12,5.13,5.29,5.06,5.29,5.04,9984702.0,52450401.27,1.6755,1,MAIN,0.05,5.29,True,4.960317460317465
sh.603828,2025-05-14,5.33,5.59,5.17,5.59,5.32,12737332.0,69759315.8,2.1374,1,MAIN,0.05,5.59,True,5.07518796992481
sh.603828,2025-05-27,4.99,5.23,4.99,5.23,4.98,12872372.0,66839640.71,2.16,1,MAIN,0.05,5.23,True,5.020080321285136
sh.603828,2025-06-17,5.24,5.55,5.24,5.55,5.29,4712699.0,25922317.45,0.7908,1,MAIN,0.05,5.55,True,4.914933837429114
sh.603829,2025-06-06,16.38,17.61,16.38,17.61,16.01,3824370.0,66770166.28,2.3902,0,MAIN,0.1,17.61,True,9.993753903810099
sh.603829,2025-06-09,18.85,19.37,18.61,19.37,17.61,5441750.0,104211402.5,3.4011,0,MAIN,0.1,19.37,True,9.994321408290752
sh.603836,2025-05-14,13.01,14.33,12.98,14.33,13.03,14232588.0,195809128.1,6.9348,0,MAIN,0.1,14.33,True,9.976976208749043
sh.603836,2025-05-15,15.76,15.76,15.76,15.76,14.33,5837432.0,91997928.32,2.8443,0,MAIN,0.1,15.76,True,9.979064898813682
sh.603838,2025-05-06,4.47,4.69,4.42,4.69,4.47,3931100.0,18069791.0,1.2284,1,MAIN,0.05,4.69,True,4.921700223713654
sh.603838,2025-05-07,4.8,4.92,4.8,4.92,4.69,4611400.0,22591166.0,1.441,1,MAIN,0.05,4.92,True,4.904051172707868
sh.603838,2025-05-08,4.98,5.17,4.95,5.17,4.92,6056700.0,30936819.0,1.8926,1,MAIN,0.05,5.17,True,5.081300813008127
sh.603838,2025-05-27,5.14,5.4,5.1,5.4,5.14,2587802.0,13749107.68,0.8086,1,MAIN,0.05,5.4,True,5.058365758754868
sh.603838,2025-05-28,5.6,5.67,5.5,5.67,5.4,2115100.0,11914998.0,0.6609,1,MAIN,0.05,5.67,True,4.999999999999982
sh.603838,2025-06-06,6.09,6.33,6.0,6.33,6.03,2512500.0,15727880.0,0.7851,1,MAIN,0.05,6.33,True,4.975124378109452
sh.603838,2025-06-09,6.55,6.65,6.38,6.65,6.33,1419400.0,9314985.0,0.4435,1,MAIN,0.05,6.65,True,5.0552922590837435
sh.603838,2025-06-26,6.17,6.48,6.14,6.48,6.17,1171400.0,7428472.0,0.366,1,MAIN,0.05,6.48,True,5.024311183144259
sh.603838,2025-06-27,6.8,6.8,6.78,6.8,6.48,1435800.0,9763304.0,0.4487,1,MAIN,0.05,6.8,True,4.938271604938271
sh.603839,2025-05-15,6.17,6.79,6.17,6.79,6.17,12668080.0,82505785.6,3.1733,0,MAIN,0.1,6.79,True,10.048622366288495
sh.603839,2025-05-16,7.0,7.47,6.67,7.47,6.79,42298648.0,300662393.2,10.5955,0,MAIN,0.1,7.47,True,10.014727540500722
sh.603839,2025-05-22,6.9,7.58,6.9,7.58,6.89,10621360.0,78867342.8,2.6606,0,MAIN,0.1,7.58,True,10.0145137880987
sh.603839,2025-05-28,7.28,8.17,7.27,8.17,7.43,18040549.0,142823404.25,4.5887,0,MAIN,0.1,8.17,True,9.959623149394359
sh.603843,2025-05-08,2.06,2.28,2.06,2.28,2.17,138971270.0,296143559.48,19.8637,1,MAIN,0.05,2.28,True,5.069124423963123
sh.603843,2025-05-09,2.39,2.39,2.39,2.39,2.28,56303378.0,134565073.42,8.0477,1,MAIN,0.05,2.39,True,4.824561403508776
sh.603843,2025-05-12,2.51,2.51,2.39,2.51,2.39,80384308.0,199969194.88,11.4897,1,MAIN,0.05,2.51,True,5.020920502092041
sh.603843,2025-05-13,2.64,2.64,2.53,2.64,2.51,111212193.0,292920423.32,15.896,1,MAIN,0.05,2.64,True,5.179282868525914
sh.603843,2025-05-21,2.51,2.67,2.51,2.67,2.54,65171466.0,170049307.98,9.3152,1,MAIN,0.05,2.67,True,5.118110236220463
sh.603843,2025-05-23,2.71,2.88,2.69,2.88,2.74,83439612.0,235470771.52,11.9264,1,MAIN,0.05,2.88,True,5.109489051094873
sh.603843,2025-05-26,2.9,3.02,2.83,3.02,2.88,72824600.0,213036558.6,10.4091,1,MAIN,0.05,3.02,True,4.861111111111116
sh.603843,2025-05-27,3.07,3.17,3.02,3.17,3.02,35516872.0,111461133.24,5.0766,1,MAIN,0.05,3.17,True,4.966887417218535
sh.603843,2025-06-04,3.24,3.4,3.19,3.4,3.24,54333480.0,182247360.0,7.7661,1,MAIN,0.05,3.4,True,4.938271604938271
sh.603859,2025-06-30,29.76,32.32,29.74,32.32,29.38,12152308.0,389031479.56,4.9663,0,MAIN,0.1,32.32,True,10.006807351940106
sh.603863,2025-06-04,13.13,14.41,13.13,14.41,13.1,8481920.0,119835512.2,4.1446,0,MAIN,0.1,14.41,True,10.000000000000009
sh.603869,2025-06-09,6.54,6.81,6.54,6.81,6.49,4783756.0,32170626.26,0.9482,1,MAIN,0.05,6.81,True,4.930662557781185
sh.603871,2025-06-27,9.83,10.81,9.83,10.81,9.83,53781677.0,567425048.28,3.9314,0,MAIN,0.1,10.81,True,9.969481180061045
sh.603879,2025-05-30,4.94,5.4,4.89,5.4,4.91,17902931.0,92178476.4,4.9821,0,MAIN,0.1,5.4,True,9.97963340122201
sh.603879,2025-06-03,5.94,5.94,5.94,5.94,5.4,5413130.0,32153992.2,1.5064,0,MAIN,0.1,5.94,True,10.000000000000009
sh.603879,2025-06-04,6.53,6.53,6.47,6.53,5.94,73173182.0,477797232.46,20.363,0,MAIN,0.1,6.53,True,9.932659932659927
sh.603879,2025-06-06,5.62,6.47,5.6,6.47,5.88,80516634.0,493746124.11,22.4065,0,MAIN,0.1,6.47,True,10.034013605442183
sh.603879,2025-06-10,6.67,7.38,6.4,7.38,6.71,90500492.0,633936498.64,25.1849,0,MAIN,0.1,7.38,True,9.985096870342769
sh.603880,2025-06-13,5.71,6.3,5.5,6.3,5.73,11558355.0,68387179.64,3.9988,0,MAIN,0.1,6.3,True,9.947643979057585
sh.603880,2025-06-23,5.43,5.94,5.38,5.94,5.4,8114240.0,47154813.2,2.8073,0,MAIN,0.1,5.94,True,10.000000000000009
sh.603900,2025-05-06,6.96,7.38,6.76,7.38,6.71,64892580.0,461370231.1,19.0017,0,MAIN,0.1,7.38,True,9.985096870342769
sh.603900,2025-05-20,7.94,8.89,7.94,8.89,8.08,20674641.0,175780771.72,6.0539,0,MAIN,0.1,8.89,True,10.024752475247523
sh.603900,2025-05-21,9.59,9.78,8.48,9.78,8.89,47419059.0,431827245.48,13.8852,0,MAIN,0.1,9.78,True,10.011248593925748
sh.603900,2025-05-22,10.17,10.76,10.05,10.76,9.78,70173984.0,738012968.03,20.5482,0,MAIN,0.1,10.76,True,10.020449897750506
sh.603900,2025-05-26,11.53,12.6,10.95,12.6,11.45,72315924.0,882678243.57,21.1754,0,MAIN,0.1,12.6,True,10.043668122270756
sh.603900,2025-05-27,12.83,13.86,12.4,13.86,12.6,55084693.0,726890304.97,16.1298,0,MAIN,0.1,13.86,True,10.000000000000009
sh.603900,2025-06-04,11.54,13.04,11.4,13.04,11.85,76582685.0,954797066.65,22.4248,0,MAIN,0.1,13.04,True,10.042194092827007
sh.603901,2025-05-20,10.53,11.52,10.18,11.52,10.47,23829263.0,263672021.74,4.9199,0,MAIN,0.1,11.52,True,10.028653295128919
sh.603901,2025-06-05,10.95,11.91,10.56,11.91,10.83,35105920.0,395204679.37,7.2481,0,MAIN,0.1,11.91,True,9.972299168975063
sh.603906,2025-05-12,11.2,11.2,11.2,11.2,10.18,5821542.0,65201270.4,1.0302,0,MAIN,0.1,11.2,True,10.019646365422386
sh.603906,2025-05-21,11.17,12.23,11.14,12.23,11.12,47599657.0,567154350.31,8.4235,0,MAIN,0.1,12.23,True,9.982014388489224
sh.603906,2025-06-03,12.25,12.66,12.0,12.66,11.51,45743959.0,575808560.7,8.0951,0,MAIN,0.1,12.66,True,9.991311902693312
sh.603906,2025-06-04,12.75,13.93,12.67,13.93,12.66,121141268.0,1634914648.55,21.4379,0,MAIN,0.1,13.93,True,10.031595576619278
sh.603906,2025-06-10,13.77,15.33,13.77,15.33,13.94,105405342.0,1581432725.33,18.6532,0,MAIN,0.1,15.33,True,9.971305595408907
sh.603906,2025-06-24,13.42,14.76,13.32,14.76,13.42,61726274.0,879599230.4,10.9235,0,MAIN,0.1,14.76,True,9.985096870342769
sh.603906,2025-06-25,15.39,16.24,15.38,16.24,14.76,90824869.0,1452521661.81,16.073,0,MAIN,0.1,16.24,True,10.027100271002709
sh.603912,2025-05-08,8.79,9.32,8.76,9.32,8.47,33436600.0,305250313.4,6.1713,0,MAIN,0.1,9.32,True,10.035419126328215
sh.603912,2025-05-09,10.25,10.25,10.25,10.25,9.32,15520436.0,159084469.0,2.8646,0,MAIN,0.1,10.25,True,9.978540772532195
sh.603917,2025-06-11,13.98,14.41,13.48,14.41,13.1,9698100.0,137752162.0,4.7577,0,MAIN,0.1,14.41,True,10.000000000000009
sh.603918,2025-05-29,15.84,17.42,15.81,17.42,15.84,39145043.0,662103761.26,10.6887,0,MAIN,0.1,17.42,True,9.974747474747492
sh.603918,2025-06-19,18.21,19.71,18.21,19.71,17.92,61774990.0,1209482273.32,16.8679,0,MAIN,0.1,19.71,True,9.98883928571428
sh.603920,2025-06-24,27.68,29.54,27.68,29.54,26.85,69548679.0,2027348249.29,9.6522,0,MAIN,0.1,29.54,True,10.018621973929221
sh.603922,2025-05-19,17.37,18.4,17.2,18.4,16.73,5995212.0,108884119.4,3.3455,0,MAIN,0.1,18.4,True,9.982068141063948
sh.603922,2025-05-26,17.36,19.1,17.35,19.1,17.36,16834527.0,315803223.85,9.3943,0,MAIN,0.1,19.1,True,10.02304147465438
sh.603926,2025-05-20,12.99,14.01,12.97,14.01,12.74,20509504.0,282595535.6,8.9353,0,MAIN,0.1,14.01,True,9.968602825745677
sh.603928,2025-06-13,10.86,11.85,10.6,11.85,10.77,25716269.0,290394484.58,9.8124,0,MAIN,0.1,11.85,True,10.027855153203348
sh.603928,2025-06-19,11.27,12.49,11.04,12.49,11.35,29079632.0,343690738.88,11.0957,0,MAIN,0.1,12.49,True,10.044052863436125
sh.603928,2025-06-20,13.01,13.74,12.71,13.74,12.49,39550320.0,523163444.98,15.0909,0,MAIN,0.1,13.74,True,10.008006405124092
sh.603928,2025-06-23,14.84,15.11,13.49,15.11,13.74,28308092.0,414256178.12,10.8013,0,MAIN,0.1,15.11,True,9.97088791848617
sh.603928,2025-06-24,16.62,16.62,16.62,16.62,15.11,6930717.0,115188516.54,2.6445,0,MAIN,0.1,16.62,True,9.993381866313712
sh.603928,2025-06-25,18.28,18.28,16.96,18.28,16.62,57851716.0,1032454646.97,22.0741,0,MAIN,0.1,18.28,True,9.987966305655839
sh.603928,2025-06-30,17.97,19.79,17.97,19.79,17.99,53437177.0,1033205126.22,20.3896,0,MAIN,0.1,19.79,True,10.005558643690948
sh.603929,2025-06-25,30.21,33.22,30.1,33.22,30.2,10324914.0,331050244.38,4.8392,0,MAIN,0.1,33.22,True,10.000000000000009
sh.603937,2025-06-06,9.51,10.43,9.44,10.43,9.48,6165800.0,63322663.0,2.9518,0,MAIN,0.1,10.43,True,10.021097046413496
sh.603948,2025-06-20,17.95,19.61,17.78,19.61,17.83,4087654.0,79186255.94,2.5156,0,MAIN,0.1,19.61,True,9.983174425126196
sh.603948,2025-06-23,21.57,21.57,21.57,21.57,19.61,1944925.0,41952032.25,1.197,0,MAIN,0.1,21.57,True,9.994900560938301
sh.603948,2025-06-24,23.73,23.73,23.3,23.73,21.57,14628173.0,346886860.24,9.0026,0,MAIN,0.1,23.73,True,10.01390820584145
sh.603948,2025-06-26,22.88,26.7,21.84,26.7,24.27,26078648.0,624343483.88,16.0495,0,MAIN,0.1,26.7,True,10.012360939431385
sh.603949,2025-05-23,19.33,21.59,19.33,21.59,19.63,14189240.0,296444984.6,6.7502,0,MAIN,0.1,21.59,True,9.984717269485488
sh.603955,2025-05-08,26.5,29.38,26.5,29.38,26.71,24712763.0,709939451.95,18.2086,0,MAIN,0.1,29.38,True,9.99625608386372
sh.603955,2025-05-19,33.01,34.96,31.94,34.96,31.78,18916490.0,642088033.0,13.9379,0,MAIN,0.1,34.96,True,10.00629326620517
sh.603956,2025-06-03,6.7,7.54,6.7,7.54,6.85,70428757.0,503834101.81,12.358,0,MAIN,0.1,7.54,True,10.072992700729944
sh.603959,2025-05-13,3.49,3.63,3.45,3.63,3.46,14737852.0,52766752.48,3.0059,1,MAIN,0.05,3.63,True,4.9132947976878505
sh.603959,2025-05-14,3.67,3.81,3.65,3.81,3.63,11128192.0,41812000.0,2.2697,1,MAIN,0.05,3.81,True,4.958677685950419
sh.603959,2025-05-15,4.0,4.0,4.0,4.0,3.81,6207696.0,24830784.0,1.2661,1,MAIN,0.05,4.0,True,4.986876640419946
sh.603959,2025-06-03,4.34,4.34,4.3,4.34,4.13,5861523.0,25434519.82,1.1955,1,MAIN,0.05,4.34,True,5.084745762711873
sh.603959,2025-06-04,4.56,4.56,4.56,4.56,4.34,1336536.0,6094604.16,0.2726,1,MAIN,0.05,4.56,True,5.069124423963123
sh.603959,2025-06-06,4.48,4.63,4.47,4.63,4.41,7301496.0,33356117.48,1.4892,1,MAIN,0.05,4.63,True,4.9886621315192725
sh.603959,2025-06-09,4.86,4.86,4.86,4.86,4.63,3521349.0,17113756.14,0.7182,1,MAIN,0.05,4.86,True,4.967602591792675
sh.603959,2025-06-10,4.86,5.1,4.72,5.1,4.86,47496130.0,236727855.66,9.6872,1,MAIN,0.05,5.1,True,4.938271604938249
sh.603959,2025-06-11,5.1,5.36,5.1,5.36,5.1,12050480.0,63576071.68,2.4578,1,MAIN,0.05,5.36,True,5.098039215686279
sh.603959,2025-06-13,5.4,5.69,5.31,5.69,5.42,37234881.0,206248445.35,7.5943,1,MAIN,0.05,5.69,True,4.981549815498165
sh.603959,2025-06-17,5.65,5.88,5.52,5.88,5.6,36087000.0,208786386.08,7.3602,1,MAIN,0.05,5.88,True,5.000000000000004
sh.603959,2025-06-24,5.45,5.5,5.35,5.5,5.24,17544566.0,96298055.52,3.5783,1,MAIN,0.05,5.5,True,4.961832061068705
sh.603959,2025-06-25,5.65,5.78,5.61,5.78,5.5,11169028.0,64019571.9,2.278,1,MAIN,0.05,5.78,True,5.0909090909091015
sh.603959,2025-06-27,6.07,6.3,6.05,6.3,6.0,7756876.0,48288519.8,1.5821,1,MAIN,0.05,6.3,True,5.000000000000004
sh.603960,2025-05-26,19.1,21.16,18.63,21.16,19.24,35549877.0,722103128.95,13.5584,0,MAIN,0.1,21.16,True,9.97920997920998
sh.603967,2025-05-14,12.06,13.27,11.8,13.27,12.06,37332391.0,471461890.16,10.769,0,MAIN,0.1,13.27,True,10.033167495854055
sh.603970,2025-05-21,15.16,15.62,15.12,15.62,14.2,11560746.0,179243686.36,4.3009,0,MAIN,0.1,15.62,True,10.000000000000009
sh.603980,2025-05-16,4.51,4.96,4.4,4.96,4.51,56142875.0,268791157.4,8.2949,0,MAIN,0.1,4.96,True,9.977827050997789
sh.603980,2025-05-19,5.15,5.46,5.08,5.46,4.96,138454444.0,734146438.89,20.4562,0,MAIN,0.1,5.46,True,10.080645161290324
sh.603980,2025-06-09,4.74,5.2,4.74,5.2,4.73,52758481.0,267903460.2,7.7949,0,MAIN,0.1,5.2,True,9.936575052854124
sh.603980,2025-06-10,5.46,5.72,5.39,5.72,5.2,111642069.0,632682254.67,16.4948,0,MAIN,0.1,5.72,True,9.999999999999986
sh.603980,2025-06-24,5.09,5.59,5.02,5.59,5.08,52449945.0,276233366.0,7.7493,0,MAIN,0.1,5.59,True,10.039370078740163
sh.603982,2025-06-11,8.8,9.43,8.79,9.43,8.57,12813320.0,119866598.72,4.7046,0,MAIN,0.1,9.43,True,10.035005834305721
sh.603982,2025-06-12,9.8,10.37,9.54,10.37,9.43,44843775.0,448343461.83,16.4652,0,MAIN,0.1,10.37,True,9.968186638388122
sh.603982,2025-06-19,9.9,10.85,9.59,10.85,9.86,38770638.0,412671979.62,14.2353,0,MAIN,0.1,10.85,True,10.040567951318469
sh.603982,2025-06-30,10.1,11.08,9.99,11.08,10.07,24650279.0,262964563.15,8.5444,0,MAIN,0.1,11.08,True,10.029791459781535
sh.603983,2025-05-15,47.9,52.53,47.63,52.53,47.75,7525470.0,379581233.13,1.8767,0,MAIN,0.1,52.53,True,10.010471204188477
sh.603988,2025-06-13,23.84,25.56,23.3,25.56,23.24,15964271.0,401445274.42,6.7875,0,MAIN,0.1,25.56,True,9.982788296041312
sh.603988,2025-06-16,25.74,28.12,25.6,28.12,25.56,22250142.0,608014217.5,9.4601,0,MAIN,0.1,28.12,True,10.015649452269182
sh.603990,2025-05-16,14.47,15.92,14.43,15.92,14.47,36778068.0,568843605.4,12.0079,0,MAIN,0.1,15.92,True,10.02073255010365
sh.603991,2025-06-05,58.2,63.79,57.51,63.79,57.99,5043700.0,307500224.0,6.7669,0,MAIN,0.1,63.79,True,10.00172443524745
sh.603995,2025-06-09,17.3,17.77,16.8,17.77,16.15,27373860.0,478753557.36,7.487,0,MAIN,0.1,17.76,True,10.030959752322
sh.603995,2025-06-10,19.55,19.55,19.55,19.55,17.77,5973726.0,116786343.3,1.6339,0,MAIN,0.1,19.55,True,10.016882386043902
sh.605005,2025-05-28,16.17,17.73,16.04,17.73,16.12,7169500.0,126240719.0,1.7879,0,MAIN,0.1,17.73,True,9.987593052109167
sh.605005,2025-05-29,19.5,19.5,19.5,19.5,17.73,4070425.0,79373287.5,1.0151,0,MAIN,0.1,19.5,True,9.983079526226724
sh.605005,2025-06-03,17.99,21.99,17.99,21.99,19.99,17811336.0,359418226.78,4.4417,0,MAIN,0.1,21.99,True,10.005002501250626
sh.605005,2025-06-04,24.19,24.19,24.19,24.19,21.99,2856671.0,69102871.49,0.7124,0,MAIN,0.1,24.19,True,10.004547521600738
sh.605006,2025-06-03,6.08,6.71,6.06,6.71,6.1,30262940.0,198568462.6,5.0437,0,MAIN,0.1,6.71,True,10.000000000000009
sh.605006,2025-06-04,7.05,7.38,6.98,7.38,6.71,45278440.0,329587127.8,7.5463,0,MAIN,0.1,7.38,True,9.985096870342769
sh.605009,2025-06-04,65.78,71.78,65.0,71.78,65.25,5944000.0,411290014.47,3.8597,0,MAIN,0.1,71.78,True,10.007662835249054
sh.605018,2025-06-05,11.66,12.82,11.53,12.82,11.65,20546048.0,254947225.36,4.3709,0,MAIN,0.1,12.82,True,10.042918454935613
sh.605033,2025-05-22,17.72,19.15,17.04,19.15,17.41,14079361.0,258766773.76,10.4137,0,MAIN,0.1,19.15,True,9.994256174612293
sh.605033,2025-05-27,18.52,21.31,18.3,21.31,19.37,16293000.0,321031693.0,12.051,0,MAIN,0.1,21.31,True,10.015487867836859
sh.605033,2025-05-28,23.0,23.44,22.25,23.44,21.31,23976643.0,552303547.11,17.7342,0,MAIN,0.1,23.44,True,9.99530736743315
sh.605033,2025-06-06,19.31,21.59,19.15,21.59,19.63,17237306.0,353789659.58,12.7495,0,MAIN,0.1,21.59,True,9.984717269485488
sh.605033,2025-06-12,20.29,22.3,19.86,22.3,20.27,8299216.0,179008140.8,6.1385,0,MAIN,0.1,22.3,True,10.01480019733596
sh.605055,2025-05-09,5.78,6.35,5.73,6.35,5.77,17205300.0,105660553.0,3.9103,0,MAIN,0.1,6.35,True,10.051993067590992
sh.605055,2025-05-12,6.97,6.99,6.94,6.99,6.35,21531799.0,150397670.03,4.8936,0,MAIN,0.1,6.98,True,10.078740157480315
sh.605055,2025-05-13,7.69,7.69,7.69,7.69,6.99,5504000.0,42325760.0,1.2509,0,MAIN,0.1,7.69,True,10.014306151645203
sh.605055,2025-05-14,7.69,8.46,7.06,8.46,7.69,53787536.0,415404684.88,12.2244,0,MAIN,0.1,8.46,True,10.013003901170347
sh.605055,2025-05-15,8.17,9.31,8.17,9.31,8.46,49341047.0,445600638.02,11.2139,0,MAIN,0.1,9.31,True,10.047281323877066
sh.605055,2025-05-19,8.24,9.77,8.24,9.77,8.88,58945529.0,550397378.57,13.3967,0,MAIN,0.1,9.77,True,10.022522522522515
sh.605055,2025-05-20,9.47,10.75,8.79,10.75,9.77,67990102.0,651488700.35,15.4523,0,MAIN,0.1,10.75,True,10.030706243602872
sh.605058,2025-06-27,25.49,27.78,25.14,27.78,25.25,6172532.0,164466133.96,4.3188,0,MAIN,0.1,27.78,True,10.019801980198029
sh.605058,2025-06-30,29.72,30.56,29.21,30.56,27.78,4923533.0,147357846.93,3.4449,0,MAIN,0.1,30.56,True,10.007199424046064
sh.605060,2025-05-08,17.76,19.53,17.76,19.53,17.75,2774700.0,52614845.0,1.1533,0,MAIN,0.1,19.53,True,10.02816901408452
sh.605066,2025-06-05,7.12,7.81,7.08,7.81,7.1,67321352.0,511480023.05,13.3991,0,MAIN,0.1,7.81,True,10.000000000000009
sh.605068,2025-05-06,16.27,17.78,16.17,17.78,16.16,5542300.0,95233984.0,3.4182,0,MAIN,0.1,17.78,True,10.024752475247523
sh.605068,2025-05-07,19.5,19.56,18.6,19.56,17.78,6093958.0,118522662.82,3.7585,0,MAIN,0.1,19.56,True,10.011248593925748
sh.605069,2025-05-26,10.03,11.2,10.03,11.2,10.18,23317867.0,259341926.2,27.7062,0,MAIN,0.1,11.2,True,10.019646365422386
sh.605081,2025-05-14,11.15,11.84,11.13,11.84,11.28,3295052.0,38467555.43,2.9096,1,MAIN,0.05,11.84,True,4.964539007092195
sh.605081,2025-05-21,12.41,13.05,12.41,13.05,12.43,3446331.0,44467077.02,3.0432,1,MAIN,0.05,13.05,True,4.987932421560748
sh.605081,2025-05-27,14.11,14.11,14.11,14.11,13.44,1207798.0,17042029.78,1.0665,1,MAIN,0.05,14.11,True,4.985119047619047
sh.605081,2025-05-28,14.82,14.82,14.82,14.82,14.11,1056727.0,15660694.14,0.9331,1,MAIN,0.05,14.82,True,5.031892274982286
sh.605099,2025-05-30,23.2,25.43,23.2,25.43,23.12,5104802.0,126851989.22,1.2759,0,MAIN,0.1,25.43,True,9.991349480968847
sh.605099,2025-06-03,27.97,27.97,27.97,27.97,25.43,2584000.0,72274480.0,0.6459,0,MAIN,0.1,27.97,True,9.988202909948885
sh.605099,2025-06-04,30.77,30.77,29.19,30.77,27.97,8756625.0,266298691.25,2.1887,0,MAIN,0.1,30.77,True,10.010725777618878
sh.605099,2025-06-05,33.8,33.85,32.62,33.85,30.77,5120899.0,172073127.94,1.2799,0,MAIN,0.1,33.85,True,10.009749756256102
sh.605099,2025-06-06,35.6,36.53,32.82,36.53,33.21,17690638.0,619138568.59,4.4217,0,MAIN,0.1,36.53,True,9.996988858777467
sh.605099,2025-06-09,39.0,40.18,38.61,40.18,36.53,11627391.0,463339750.77,2.9062,0,MAIN,0.1,40.18,True,9.991787571858746
sh.605099,2025-06-10,44.2,44.2,43.2,44.2,40.18,12332139.0,544455584.29,3.0823,0,MAIN,0.1,44.2,True,10.004977600796416
sh.605122,2025-06-06,11.63,12.79,11.6,12.79,11.63,6669270.0,83342426.3,3.8695,0,MAIN,0.1,12.79,True,9.974204643164208
sh.605128,2025-06-26,28.59,30.91,28.45,30.91,28.1,7682852.0,233086760.87,3.6388,0,MAIN,0.1,30.91,True,9.999999999999986
sh.605133,2025-05-06,39.21,41.78,39.0,41.78,37.98,11374432.0,462506172.99,6.1511,0,MAIN,0.1,41.78,True,10.005265929436558
sh.605136,2025-05-15,8.05,8.57,8.05,8.57,7.79,24296783.0,206583085.31,6.0672,0,MAIN,0.1,8.57,True,10.01283697047497
sh.605136,2025-05-16,9.43,9.43,9.43,9.43,8.57,12356282.0,116519739.26,3.0855,0,MAIN,0.1,9.43,True,10.035005834305721
sh.605136,2025-05-19,9.45,10.37,9.32,10.37,9.43,79575533.0,791250587.8,19.8711,0,MAIN,0.1,10.37,True,9.968186638388122
sh.605136,2025-05-20,10.81,11.41,10.69,11.41,10.37,37948101.0,426540718.41,9.4762,0,MAIN,0.1,11.41,True,10.028929604628756
sh.605136,2025-05-21,12.55,12.55,11.98,12.55,11.41,114339895.0,1421983071.25,28.5522,0,MAIN,0.1,12.55,True,9.99123575810692
sh.605136,2025-05-23,13.19,14.51,12.31,14.51,13.19,107024325.0,1450347988.46,26.7254,0,MAIN,0.1,14.51,True,10.007581501137231
sh.605138,2025-05-13,6.4,7.02,6.36,7.02,6.38,13115174.0,90324164.08,2.3607,0,MAIN,0.1,7.02,True,10.03134796238243
sh.605138,2025-05-14,7.37,7.72,7.06,7.72,7.02,28966140.0,211072524.07,5.2138,0,MAIN,0.1,7.72,True,9.971509971509974
sh.605138,2025-05-15,7.9,8.49,7.81,8.49,7.72,39776322.0,329903610.77,7.1596,0,MAIN,0.1,8.49,True,9.974093264248719
sh.605151,2025-05-27,17.33,19.13,17.19,19.13,17.39,6984731.0,128851884.58,5.191,0,MAIN,0.1,19.13,True,10.005750431282333
sh.605151,2025-06-11,18.7,19.32,18.68,19.32,17.56,5374446.0,103524336.72,3.9943,0,MAIN,0.1,19.32,True,10.022779043280195
sh.605151,2025-06-12,20.9,21.25,20.5,21.25,19.32,6158942.0,129570169.74,4.5773,0,MAIN,0.1,21.25,True,9.989648033126297
sh.605151,2025-06-30,17.65,19.4,17.52,19.4,17.64,4196634.0,79928175.6,3.1189,0,MAIN,0.1,19.4,True,9.977324263038545
sh.605166,2025-05-13,11.46,12.34,11.34,12.34,11.22,47359773.0,573995811.97,15.0479,0,MAIN,0.1,12.34,True,9.982174688057043
sh.605167,2025-05-28,10.58,11.73,10.57,11.73,10.66,30362303.0,344323610.49,6.7612,0,MAIN,0.1,11.73,True,10.037523452157604
sh.605167,2025-06-13,11.86,12.54,11.74,12.54,11.4,26295709.0,323292954.2,5.8556,0,MAIN,0.1,12.54,True,9.999999999999986
sh.605169,2025-05-15,10.34,11.37,10.32,11.37,10.34,8642288.0,97492841.38,3.0551,0,MAIN,0.1,11.37,True,9.9613152804642
sh.605169,2025-05-16,12.51,12.51,12.51,12.51,11.37,3737745.0,46759189.95,1.3213,0,MAIN,0.1,12.51,True,10.026385224274414
sh.605180,2025-06-30,13.56,14.8,13.4,14.8,13.45,4564045.0,66503797.26,2.7006,0,MAIN,0.1,14.8,True,10.037174721189611
sh.605188,2025-05-16,12.11,13.31,11.8,13.31,12.1,43130691.0,537788191.32,8.7031,0,MAIN,0.1,13.31,True,10.000000000000009
sh.605188,2025-05-19,13.65,14.64,13.65,14.64,13.31,45458980.0,648378995.73,9.1729,0,MAIN,0.1,14.64,True,9.99248685199099
sh.605188,2025-05-28,12.66,14.06,12.66,14.06,12.78,38109254.0,515024395.84,7.6898,0,MAIN,0.1,14.06,True,10.015649452269182
sh.605198,2025-05-06,38.03,41.83,38.03,41.83,38.03,3742639.0,151802470.55,1.4939,0,MAIN,0.1,41.83,True,9.992111490928202
sh.605198,2025-05-14,51.11,55.66,50.6,55.66,50.6,2792000.0,151531844.0,1.1144,0,MAIN,0.1,55.66,True,9.999999999999986
sh.605198,2025-06-16,50.49,54.56,50.37,54.56,49.6,3914193.0,206826754.48,1.5623,0,MAIN,0.1,54.56,True,10.000000000000009
sh.605199,2025-05-29,9.6,10.06,9.51,10.06,9.58,12310359.0,122316606.54,3.0768,1,MAIN,0.05,10.06,True,5.0104384133611735
sh.605199,2025-06-25,8.89,9.11,8.78,9.11,8.68,6086900.0,54809585.0,1.5213,1,MAIN,0.05,9.11,True,4.953917050691237
sh.605228,2025-05-06,10.3,11.28,10.3,11.28,10.25,14827825.0,162029338.06,3.4782,0,MAIN,0.1,11.28,True,10.048780487804866
sh.605268,2025-06-19,8.93,9.92,8.92,9.92,9.02,28616286.0,278080591.7,6.5379,0,MAIN,0.1,9.92,True,9.977827050997789
sh.605277,2025-06-27,15.99,17.68,15.89,17.68,16.07,44054312.0,761399547.43,14.0308,0,MAIN,0.1,17.68,True,10.018668326073431
sh.605288,2025-05-06,39.34,43.19,39.34,43.19,39.26,2018092.0,84813585.48,2.8748,0,MAIN,0.1,43.19,True,10.010188487009675
sh.605288,2025-05-16,47.48,52.23,47.25,52.23,47.48,3183947.0,162135061.69,4.5356,0,MAIN,0.1,52.23,True,10.00421229991575
sh.605289,2025-05-20,27.1,29.96,26.75,29.96,27.24,10175031.0,297839653.81,9.392,0,MAIN,0.1,29.96,True,9.985315712187969
sh.605298,2025-06-05,12.62,13.82,12.51,13.82,12.56,9116416.0,123324652.14,4.9371,0,MAIN,0.1,13.82,True,10.031847133757953
sh.605298,2025-06-19,12.88,14.15,12.66,14.15,12.86,7111147.0,98540790.35,3.8511,0,MAIN,0.1,14.15,True,10.031104199066876
sh.605299,2025-06-05,9.01,9.91,9.01,9.91,9.01,24976087.0,240087003.13,6.078,0,MAIN,0.1,9.91,True,9.98890122086571
sh.605300,2025-05-20,13.75,15.2,13.75,15.2,13.82,10582671.0,155468361.66,2.6456,0,MAIN,0.1,15.2,True,9.985528219971052
sh.605303,2025-05-28,9.99,11.02,9.99,11.02,10.02,10117900.0,108854546.0,6.2752,0,MAIN,0.1,11.02,True,9.980039920159678
sh.605338,2025-05-19,18.3,19.69,18.3,19.69,17.9,10972272.0,213787767.84,4.58,0,MAIN,0.1,19.69,True,10.000000000000009
sh.605366,2025-05-29,5.98,6.46,5.93,6.46,5.87,46345687.0,291731073.92,7.3296,0,MAIN,0.1,6.46,True,10.051107325383303
sh.605376,2025-06-11,38.87,38.87,38.87,38.87,35.34,1524900.0,59272863.0,0.5829,0,MAIN,0.1,38.87,True,9.988681380871522
sh.605378,2025-06-25,18.19,20.03,17.94,20.03,18.21,17497308.0,336503061.95,6.6951,0,MAIN,0.1,20.03,True,9.9945085118067
sh.605378,2025-06-27,20.17,22.3,19.8,22.3,20.27,27654220.0,570955383.09,10.5814,0,MAIN,0.1,22.3,True,10.01480019733596
sh.605388,2025-05-26,6.35,6.99,6.3,6.99,6.35,13039520.0,88648930.8,2.1715,0,MAIN,0.1,6.98,True,10.078740157480315
sh.605388,2025-05-27,7.69,7.69,7.69,7.69,6.99,5369720.0,41293146.8,0.8942,0,MAIN,0.1,7.69,True,10.014306151645203
sh.605388,2025-05-28,8.46,8.46,8.46,8.46,7.69,4324788.0,36587706.48,0.7202,0,MAIN,0.1,8.46,True,10.013003901170347
sh.605388,2025-05-29,9.31,9.31,9.31,9.31,8.46,19816881.0,184495162.11,3.3002,0,MAIN,0.1,9.31,True,10.047281323877066
sh.605388,2025-06-03,8.11,9.68,7.92,9.68,8.8,95545553.0,802810972.83,15.9114,0,MAIN,0.1,9.68,True,9.999999999999986
sh.605388,2025-06-09,10.45,12.05,10.42,12.05,10.95,89179375.0,994101054.26,14.8512,0,MAIN,0.1,12.04,True,10.045662100456632
sh.605389,2025-06-30,40.0,44.06,39.2,44.06,40.05,3907696.0,165877660.36,2.8677,0,MAIN,0.1,44.06,True,10.012484394506881
sh.605398,2025-06-16,26.99,29.9,26.91,29.9,27.18,6286573.0,184919739.7,3.8635,0,MAIN,0.1,29.9,True,10.007358351729213
sh.605398,2025-06-24,29.24,31.85,28.78,31.85,28.95,10205613.0,316422150.05,6.272,0,MAIN,0.1,31.85,True,10.017271157167528
sh.605398,2025-06-30,32.81,35.93,32.52,35.93,32.66,16729989.0,570567019.84,10.2817,0,MAIN,0.1,35.93,True,10.012247397428053
sh.605580,2025-06-19,11.13,12.29,11.07,12.29,11.17,7123760.0,85508857.0,2.5442,0,MAIN,0.1,12.29,True,10.026857654431499
sh.605599,2025-05-28,15.03,16.74,14.97,16.74,15.22,15891527.0,253994000.61,2.0432,0,MAIN,0.1,16.74,True,9.98685939553219
sh.605599,2025-06-03,15.65,17.01,15.35,17.01,15.46,22227144.0,363997707.27,2.8578,0,MAIN,0.1,17.01,True,10.025873221216042
sh.605599,2025-06-04,16.91,18.71,16.69,18.71,17.01,32221460.0,577277257.77,4.1428,0,MAIN,0.1,18.71,True,9.994121105232212
sh.688011,2025-06-18,21.75,26.27,21.75,26.27,21.89,8063559.0,200597878.92,8.0636,0,STAR,0.2,26.27,True,20.00913659205117
sh.688062,2025-06-27,26.5,28.62,26.3,28.62,23.85,29633260.0,827465332.01,14.514,0,STAR,0.2,28.62,True,19.999999999999996
sh.688070,2025-05-30,39.99,47.11,39.99,47.11,39.26,7957464.0,353202940.3,9.0859,0,STAR,0.2,47.11,True,19.994905756495164
sh.688151,2025-06-26,21.81,26.17,21.8,26.17,21.81,34284411.0,836446213.85,9.9519,0,STAR,0.2,26.17,True,19.990829894543793
sh.688171,2025-05-07,22.32,26.32,22.32,26.32,21.93,7120632.0,183051419.7,13.8673,0,STAR,0.2,26.32,True,20.018239854081177
sh.688183,2025-06-05,31.76,38.27,31.76,38.27,31.89,35004258.0,1255630622.25,4.2081,0,STAR,0.2,38.27,True,20.00627155848229
sh.688201,2025-06-26,10.97,13.19,10.8,13.19,10.99,43525876.0,535401104.86,14.3873,0,STAR,0.2,13.19,True,20.0181983621474
sh.688203,2025-06-16,13.0,15.54,13.0,15.54,12.95,19225084.0,276180436.01,16.3301,0,STAR,0.2,15.54,True,19.999999999999996
sh.688206,2025-05-29,25.73,27.77,25.7,27.77,23.14,21857469.0,591776128.31,12.2497,0,STAR,0.2,27.77,True,20.008643042350904
sh.688272,2025-06-16,22.99,26.81,22.84,26.81,22.34,6926665.0,170581095.73,9.114,0,STAR,0.2,26.81,True,20.008952551477165
sh.688280,2025-05-06,7.3,8.38,7.3,8.38,6.98,59394113.0,473914696.47,11.41,0,STAR,0.2,8.38,True,20.057306590257884
sh.688280,2025-05-07,9.45,10.06,9.35,10.06,8.38,92120835.0,912235773.16,17.697,0,STAR,0.2,10.06,True,20.04773269689737
sh.688287,2025-05-06,4.08,4.37,4.07,4.36,4.1,7043729.0,30117462.9,1.9011,1,STAR,0.05,4.3,True,6.341463414634174
sh.688287,2025-06-03,4.9,5.1,4.84,5.08,4.81,7227722.0,36203118.92,1.9507,1,STAR,0.05,5.05,True,5.613305613305619
sh.688287,2025-06-26,5.39,5.76,5.34,5.69,5.39,8192206.0,46110684.89,2.211,1,STAR,0.05,5.66,True,5.56586270871986
sh.688291,2025-06-13,24.0,27.11,24.0,27.11,22.59,6129074.0,164156772.81,18.2052,0,STAR,0.2,27.11,True,20.008853474988932
sh.688291,2025-06-16,31.32,32.53,30.14,32.53,27.11,9840650.0,315439324.26,29.2296,0,STAR,0.2,32.53,True,19.992622648469215
sh.688316,2025-06-05,50.6,59.03,50.32,59.03,49.19,7754389.0,423963246.66,21.5734,0,STAR,0.2,59.03,True,20.00406586704615
sh.688336,2025-05-19,27.98,32.81,27.97,32.81,27.34,12149609.0,377621669.66,1.9698,0,STAR,0.2,32.81,True,20.00731528895392
sh.688336,2025-05-20,39.36,39.37,39.0,39.37,32.81,3861474.0,152007778.3,0.6261,0,STAR,0.2,39.37,True,19.993904297470277
sh.688336,2025-05-21,47.24,47.24,44.24,47.24,39.37,8430279.0,394852617.52,1.3668,0,STAR,0.2,47.24,True,19.989839979679978
sh.688336,2025-05-22,51.41,56.69,50.53,56.69,47.24,23012561.0,1265349952.14,3.731,0,STAR,0.2,56.69,True,20.004233700254016
sh.688353,2025-06-24,25.93,31.02,25.88,31.02,25.85,15349862.0,448782511.65,24.5541,0,STAR,0.2,31.02,True,19.999999999999996
sh.688382,2025-05-29,24.13,29.1,23.92,29.1,24.25,15797197.0,436069498.86,3.9365,0,STAR,0.2,29.1,True,19.999999999999996
sh.688448,2025-05-08,29.9,33.76,29.3,33.76,28.13,6649714.0,217911665.78,13.8616,0,STAR,0.2,33.76,True,20.01421969427657
sh.688455,2025-05-26,12.06,14.4,11.91,14.4,12.0,12623171.0,174463997.37,9.7214,0,STAR,0.2,14.4,True,19.999999999999996
sh.688455,2025-05-27,16.3,17.28,15.8,17.28,14.4,13267333.0,225230119.11,10.2175,0,STAR,0.2,17.28,True,19.999999999999996
sh.688496,2025-06-18,7.95,9.58,7.9,9.58,7.98,29005612.0,266174818.73,12.19,0,STAR,0.2,9.58,True,20.050125313283207
sh.688499,2025-06-24,33.33,40.06,33.11,40.06,33.38,29121138.0,1084847202.42,17.2592,0,STAR,0.2,40.06,True,20.011983223487118
sh.688511,2025-05-06,12.8,13.76,12.56,13.76,11.47,5828489.0,77107334.27,5.6681,1,STAR,0.05,12.04,True,19.96512641673931
sh.688511,2025-05-07,14.74,15.16,14.16,14.65,13.76,8612334.0,126533264.43,8.3754,1,STAR,0.05,14.45,True,6.468023255813948
sh.688511,2025-05-12,16.0,18.78,16.0,18.2,15.65,7246690.0,128536427.25,7.0473,1,STAR,0.05,16.43,True,16.293929712460063
sh.688511,2025-05-27,16.58,17.68,16.55,17.37,16.48,2467271.0,42313269.26,2.3994,1,STAR,0.05,17.3,True,5.400485436893199
sh.688511,2025-06-30,17.15,18.76,17.14,18.6,16.98,2929747.0,53066789.72,2.8491,1,STAR,0.05,17.83,True,9.540636042402827
sh.688552,2025-05-08,25.51,30.7,25.02,30.7,25.58,29822277.0,838254747.25,35.5055,0,STAR,0.2,30.7,True,20.015637216575442
sh.688552,2025-05-12,32.41,40.93,32.41,40.93,34.11,26200694.0,980508905.85,31.1938,0,STAR,0.2,40.93,True,19.994136616827916
sh.688556,2025-05-08,8.9,10.73,8.9,10.73,8.94,44323640.0,453294898.02,8.1065,0,STAR,0.2,10.73,True,20.022371364653257
sh.688591,2025-06-25,46.0,48.16,45.35,48.16,40.13,28328377.0,1346182167.53,17.0614,0,STAR,0.2,48.16,True,20.009967605282817
sh.688609,2025-05-06,9.99,11.63,9.99,11.63,9.69,43329583.0,478094483.39,8.6659,0,STAR,0.2,11.63,True,20.020639834881337
sh.688619,2025-06-12,10.21,12.01,9.96,12.01,10.01,14738002.0,169957432.5,7.9477,0,STAR,0.2,12.01,True,19.980019980019968
sh.688626,2025-06-30,37.7,44.02,37.7,44.02,36.68,9030909.0,373116414.05,5.6443,0,STAR,0.2,44.02,True,20.01090512540895
sh.688646,2025-06-26,27.31,28.95,27.2,28.94,27.25,3008673.0,85518157.2,5.1844,1,STAR,0.05,28.61,True,6.201834862385325
sh.688648,2025-05-12,27.46,32.47,27.46,32.47,27.06,9578112.0,296958928.89,14.484,0,STAR,0.2,32.47,True,19.992609016999264
sh.688648,2025-05-26,47.0,55.2,47.0,55.2,46.0,12737159.0,671297486.05,19.2611,0,STAR,0.2,55.2,True,19.999999999999996
sh.688656,2025-06-10,98.98,118.78,96.5,118.78,98.98,3579753.0,392467311.4,5.6769,0,STAR,0.2,118.78,True,20.004041220448563
sh.688656,2025-06-23,100.03,122.4,100.01,122.4,102.0,3034191.0,345625517.04,4.8117,0,STAR,0.2,122.4,True,19.999999999999996
sh.688755,2025-05-16,49.0,55.55,45.91,46.1,22.77,12513340.0,608984203.56,75.6516,0,STAR,0.2,27.32,True,102.45937637241984
sh.688757,2025-06-27,24.6,29.71,24.5,29.71,24.76,15759822.0,446099715.21,48.3805,0,STAR,0.2,29.71,True,19.99192245557351
sh.688775,2025-06-11,182.0,187.99,165.11,177.0,47.27,21290420.0,3738540950.23,69.8011,0,STAR,0.2,56.72,True,274.4446795007404
sh.688775,2025-06-18,166.5,204.22,166.5,204.22,170.18,10399216.0,1997060329.52,34.094,0,STAR,0.2,204.22,True,20.002350452462103
sh.688799,2025-06-03,44.28,55.63,44.28,55.63,46.36,17378890.0,857449186.11,13.234,0,STAR,0.2,55.63,True,19.995685936151865
sz.000004,2025-05-12,7.8,8.12,7.8,8.12,7.73,8486801.0,67758207.32,6.7202,1,MAIN,0.05,8.12,True,5.045278137128051
sz.000004,2025-05-13,8.46,8.53,8.19,8.53,8.12,14644832.0,123571285.55,11.5964,1,MAIN,0.05,8.53,True,5.049261083743839
sz.000004,2025-05-20,8.7,9.02,8.66,9.02,8.59,12233860.0,109401689.0,9.6873,1,MAIN,0.05,9.02,True,5.005820721769494
sz.000004,2025-05-21,9.0,9.47,8.88,9.47,9.02,12509964.0,115551466.14,9.9059,1,MAIN,0.05,9.47,True,4.988913525498906
sz.000004,2025-05-26,9.08,9.54,9.08,9.54,9.09,7510468.0,70462515.6,5.9471,1,MAIN,0.05,9.54,True,4.950495049504933
sz.000004,2025-05-27,9.84,10.02,9.68,10.02,9.54,8436000.0,83525284.0,6.68,1,MAIN,0.05,10.02,True,5.031446540880502
sz.000004,2025-05-30,9.59,10.38,9.59,10.38,9.89,12161216.0,122877438.64,9.6297,1,MAIN,0.05,10.38,True,4.954499494438824
sz.000014,2025-05-19,11.11,11.88,11.01,11.88,10.8,11465144.0,132307103.32,4.7368,0,MAIN,0.1,11.88,True,10.000000000000009
sz.000014,2025-06-11,11.4,12.33,11.21,12.33,11.21,25968906.0,312876856.62,10.7289,0,MAIN,0.1,12.33,True,9.991079393398739
sz.000016,2025-06-24,4.62,5.07,4.61,5.07,4.61,62073429.0,311132332.03,3.8879,0,MAIN,0.1,5.07,True,9.97830802603037
sz.000020,2025-06-17,12.53,13.78,12.46,13.78,12.53,9294669.0,126290280.29,5.1305,0,MAIN,0.1,13.78,True,9.976057462090981
sz.000020,2025-06-18,13.9,15.16,13.41,15.16,13.78,26983681.0,390246944.59,14.8945,0,MAIN,0.1,15.16,True,10.0145137880987
sz.000026,2025-05-09,11.53,11.62,11.08,11.62,10.56,22443568.0,259447602.52,6.1528,0,MAIN,0.1,11.62,True,10.037878787878785
sz.000026,2025-06-26,11.83,13.07,11.79,13.07,11.88,26271000.0,328360654.96,7.2021,0,MAIN,0.1,13.07,True,10.016835016835014
sz.000026,2025-06-27,13.1,14.38,12.71,14.38,13.07,52496711.0,730161383.18,14.3918,0,MAIN,0.1,14.38,True,10.022953328232598
sz.000026,2025-06-30,15.82,15.82,15.82,15.82,14.38,8455915.0,133772575.3,2.3182,0,MAIN,0.1,15.82,True,10.01390820584145
sz.000029,2025-05-30,18.01,20.01,18.01,20.01,18.19,17757943.0,350984386.39,1.9916,0,MAIN,0.1,20.01,True,10.00549752611326
sz.000037,2025-05-29,8.66,9.46,8.56,9.46,8.6,21173582.0,197047634.62,6.2476,0,MAIN,0.1,9.46,True,10.000000000000009
sz.000045,2025-05-26,10.2,11.13,10.11,11.13,10.12,15530600.0,168839418.0,3.3984,0,MAIN,0.1,11.13,True,9.980237154150217
sz.000062,2025-05-06,25.8,28.18,25.48,28.18,25.62,64514151.0,1731125033.93,6.174,0,MAIN,0.1,28.18,True,9.992193598750966
sz.000062,2025-06-27,24.98,27.49,24.9,27.49,24.99,61944015.0,1651528371.54,5.9281,0,MAIN,0.1,27.49,True,10.004001600640255
sz.000065,2025-06-24,10.24,10.75,10.14,10.75,9.77,50035967.0,522904633.47,5.1321,0,MAIN,0.1,10.75,True,10.030706243602872
sz.000065,2025-06-27,11.0,11.73,10.97,11.73,10.66,148204586.0,1696100567.29,15.2011,0,MAIN,0.1,11.73,True,10.037523452157604
sz.000078,2025-05-27,2.34,2.57,2.33,2.57,2.34,69175729.0,174822156.16,2.6338,0,MAIN,0.1,2.57,True,9.829059829059839
sz.000088,2025-05-19,4.88,5.37,4.84,5.37,4.88,113261652.0,589695331.56,5.0358,0,MAIN,0.1,5.37,True,10.040983606557386
sz.000158,2025-05-06,23.52,24.82,23.11,24.82,22.56,259734599.0,6247857317.31,16.3581,0,MAIN,0.1,24.82,True,10.017730496453915
sz.000159,2025-06-19,5.88,6.47,5.77,6.47,5.88,83169960.0,521119771.87,17.3028,0,MAIN,0.1,6.47,True,10.034013605442183
sz.000403,2025-06-12,17.1,18.62,17.1,18.62,16.93,75402099.0,1375811945.82,8.0239,0,MAIN,0.1,18.62,True,9.98227997637331
sz.000420,2025-05-14,3.84,4.1,3.8,4.1,3.73,312238423.0,1259877866.94,12.7028,0,MAIN,0.1,4.1,True,9.919571045576392
sz.000420,2025-05-15,4.24,4.51,4.22,4.51,4.1,269077423.0,1187884194.92,10.9469,0,MAIN,0.1,4.51,True,10.000000000000009
sz.000420,2025-05-19,4.59,5.04,4.32,5.04,4.58,540360876.0,2560679935.25,21.9835,0,MAIN,0.1,5.04,True,10.043668122270732
sz.000422,2025-05-07,11.38,12.32,11.2,12.32,11.2,105586856.0,1265324691.28,9.9816,0,MAIN,0.1,12.32,True,10.000000000000009
sz.000430,2025-05-09,7.0,7.35,6.98,7.35,7.0,22479090.0,162646570.07,6.7761,1,MAIN,0.05,7.35,True,5.000000000000004
sz.000488,2025-05-20,1.96,2.07,1.95,2.07,1.97,82511774.0,169098355.92,4.9237,1,MAIN,0.05,2.07,True,5.076142131979688
sz.000504,2025-05-06,5.77,6.0,5.76,6.0,5.71,9254375.0,54786562.16,2.9789,1,MAIN,0.05,6.0,True,5.078809106830118
sz.000504,2025-05-08,6.03,6.33,6.0,6.33,6.03,7450564.0,46646911.98,2.3982,1,MAIN,0.05,6.33,True,4.975124378109452
sz.000504,2025-05-09,6.39,6.65,6.39,6.65,6.33,10414586.0,68812829.42,3.3523,1,MAIN,0.05,6.65,True,5.0552922590837435
sz.000504,2025-05-19,7.25,7.25,7.05,7.25,6.9,8411249.0,60802377.86,2.7075,1,MAIN,0.05,7.25,True,5.072463768115942
sz.000504,2025-06-05,7.06,7.39,7.02,7.39,7.04,6865200.0,50294266.0,2.2098,1,MAIN,0.05,7.39,True,4.971590909090895
sz.000504,2025-06-06,7.54,7.76,7.4,7.76,7.39,7108330.0,54447977.8,2.2881,1,MAIN,0.05,7.76,True,5.006765899864685
sz.000504,2025-06-09,7.99,8.15,7.88,8.15,7.76,5684110.0,46141079.5,1.8296,1,MAIN,0.05,8.15,True,5.025773195876293
sz.000504,2025-06-10,8.56,8.56,8.56,8.56,8.15,948101.0,8115744.56,0.3052,1,MAIN,0.05,8.56,True,5.03067484662576
sz.000504,2025-06-16,8.44,8.76,8.44,8.76,8.34,2391600.0,20853836.0,0.7698,1,MAIN,0.05,8.76,True,5.035971223021574
sz.000504,2025-06-30,9.2,9.53,8.92,9.53,9.08,8336042.0,77763455.44,2.6833,1,MAIN,0.05,9.53,True,4.955947136563865
sz.000506,2025-06-05,8.0,8.11,7.53,8.11,7.37,104802676.0,834716417.02,11.2852,0,MAIN,0.1,8.11,True,10.04070556309362
sz.000506,2025-06-06,7.95,8.92,7.9,8.92,8.11,89846543.0,780197318.37,9.6747,0,MAIN,0.1,8.92,True,9.987669543773126
sz.000507,2025-05-19,5.62,6.16,5.62,6.16,5.6,46594970.0,282865389.26,5.1638,0,MAIN,0.1,6.16,True,10.000000000000009
sz.000510,2025-05-23,4.99,5.37,4.93,5.37,4.88,67086253.0,352569591.61,11.0582,0,MAIN,0.1,5.37,True,10.040983606557386
sz.000510,2025-05-26,5.53,5.91,5.51,5.91,5.37,105437357.0,608264193.36,17.3798,0,MAIN,0.1,5.91,True,10.05586592178771
sz.000510,2025-06-03,5.43,6.03,5.33,6.03,5.48,127577713.0,756550876.04,21.0294,0,MAIN,0.1,6.03,True,10.036496350364965
sz.000518,2025-05-13,1.98,2.05,1.97,2.05,1.95,48973733.0,99549776.09,4.7569,1,MAIN,0.05,2.05,True,5.128205128205132
sz.000518,2025-06-09,2.3,2.42,2.27,2.42,2.3,35802214.0,85387120.95,3.4775,1,MAIN,0.05,2.42,True,5.21739130434784
sz.000518,2025-06-10,2.45,2.54,2.43,2.54,2.42,46674994.0,117171507.66,4.5336,1,MAIN,0.05,2.54,True,4.958677685950419
sz.000518,2025-06-11,2.59,2.67,2.54,2.67,2.54,21590968.0,56751995.01,2.0972,1,MAIN,0.05,2.67,True,5.118110236220463
sz.000518,2025-06-16,2.59,2.69,2.58,2.69,2.56,19609976.0,52398791.72,1.9047,1,MAIN,0.05,2.69,True,5.078125
sz.000519,2025-06-25,17.47,19.22,17.41,19.22,17.47,135756858.0,2524775325.07,9.7487,0,MAIN,0.1,19.22,True,10.017172295363475
sz.000519,2025-06-30,19.95,21.89,19.95,21.89,19.9,130644359.0,2768863805.98,9.3816,0,MAIN,0.1,21.89,True,10.000000000000009
sz.000520,2025-05-13,4.74,5.09,4.64,5.09,4.63,83388131.0,405234834.18,8.2393,0,MAIN,0.1,5.09,True,9.935205183585305
sz.000520,2025-05-14,5.09,5.6,5.05,5.6,5.09,183446582.0,990727519.95,18.1256,0,MAIN,0.1,5.6,True,10.019646365422386
sz.000520,2025-06-13,4.8,5.27,4.8,5.27,4.79,145641068.0,758683514.3,14.3902,0,MAIN,0.1,5.27,True,10.020876826722326
sz.000520,2025-06-17,5.0,5.58,4.96,5.58,5.07,142362643.0,759420537.44,14.0663,0,MAIN,0.1,5.58,True,10.05917159763312
sz.000525,2025-05-27,6.76,7.08,6.76,7.08,6.74,37398220.0,260547258.59,3.7773,1,MAIN,0.05,7.08,True,5.044510385756684
sz.000525,2025-06-05,7.45,7.79,7.42,7.79,7.42,31567302.0,242551113.57,3.1884,1,MAIN,0.05,7.79,True,4.986522911051217
sz.000525,2025-06-09,8.0,8.54,7.95,8.54,8.13,57379067.0,477693431.57,5.7954,1,MAIN,0.05,8.54,True,5.043050430504281
sz.000525,2025-06-17,8.31,9.03,8.31,9.03,8.21,162977168.0,1458643985.09,16.4611,0,MAIN,0.1,9.03,True,9.987819732034087
sz.000530,2025-06-05,5.51,6.04,5.5,6.04,5.49,59762800.0,352105092.2,9.9598,0,MAIN,0.1,6.04,True,10.018214936247727
sz.000533,2025-06-04,6.63,7.12,6.62,7.12,6.47,29071037.0,205435026.44,4.2446,0,MAIN,0.1,7.12,True,10.046367851622872
sz.000533,2025-06-05,7.83,7.83,7.56,7.83,7.12,125489799.0,978394467.07,18.3223,0,MAIN,0.1,7.83,True,9.971910112359538
sz.000539,2025-05-28,4.47,4.79,4.47,4.79,4.35,157767624.0,742639436.99,6.1775,0,MAIN,0.1,4.78,True,10.114942528735638
sz.000539,2025-05-29,5.27,5.27,5.05,5.27,4.79,95594824.0,501873020.78,3.7431,0,MAIN,0.1,5.27,True,10.020876826722326
sz.000545,2025-05-07,2.16,2.35,2.16,2.35,2.14,64147172.0,147039059.2,6.5097,0,MAIN,0.1,2.35,True,9.81308411214954
sz.000545,2025-05-26,2.41,2.65,2.37,2.65,2.41,139329735.0,351147765.27,14.1394,0,MAIN,0.1,2.65,True,9.958506224066376
sz.000545,2025-05-29,2.48,2.76,2.43,2.76,2.51,125998060.0,333182433.6,12.7864,0,MAIN,0.1,2.76,True,9.960159362549792
sz.000546,2025-06-04,4.45,4.9,4.45,4.9,4.45,57980737.0,275363810.58,8.3221,0,MAIN,0.1,4.9,True,10.1123595505618
sz.000547,2025-06-23,7.3,7.96,7.21,7.96,7.24,110167484.0,864364675.27,6.936,0,MAIN,0.1,7.96,True,9.944751381215466
sz.000554,2025-06-13,6.88,7.15,6.69,7.15,6.5,94325019.0,658986322.72,26.0097,0,MAIN,0.1,7.15,True,10.000000000000009
sz.000554,2025-06-16,7.5,7.87,7.49,7.87,7.15,60511169.0,468372546.14,16.6857,0,MAIN,0.1,7.87,True,10.069930069930066
sz.000554,2025-06-23,7.88,8.27,7.78,8.27,7.52,100038012.0,804607328.46,27.585,0,MAIN,0.1,8.27,True,9.97340425531914
sz.000555,2025-05-29,10.96,12.06,10.92,12.06,10.96,69115467.0,804902460.14,7.1093,0,MAIN,0.1,12.06,True,10.036496350364965
sz.000555,2025-06-23,12.19,13.54,12.11,13.54,12.31,33489016.0,442700750.64,3.4447,0,MAIN,0.1,13.54,True,9.991876523151898
sz.000559,2025-05-08,7.25,7.67,7.1,7.67,6.97,68625292.0,517721633.54,2.0772,0,MAIN,0.1,7.67,True,10.04304160688665
sz.000559,2025-05-09,7.86,8.44,7.77,8.44,7.67,88967801.0,734551769.7,2.6929,0,MAIN,0.1,8.44,True,10.039113428943924
sz.000559,2025-05-12,9.28,9.28,8.88,9.28,8.44,355569057.0,3271672227.7,10.7625,0,MAIN,0.1,9.28,True,9.952606635071092
sz.000561,2025-05-22,7.91,8.7,7.83,8.7,7.91,21948137.0,187586333.27,3.6471,0,MAIN,0.1,8.7,True,9.987357774968375
sz.000561,2025-05-23,9.04,9.57,8.74,9.57,8.7,107467137.0,980568309.68,17.8579,0,MAIN,0.1,9.57,True,10.000000000000009
sz.000561,2025-05-27,9.76,10.79,9.25,10.79,9.81,122697343.0,1286565366.1,20.3887,0,MAIN,0.1,10.79,True,9.989806320081529
sz.000561,2025-06-23,8.64,9.38,8.53,9.38,8.53,45839627.0,414093290.46,7.6172,0,MAIN,0.1,9.38,True,9.964830011723347
sz.000565,2025-05-06,8.0,8.31,7.24,8.31,7.55,137145174.0,1109801114.28,31.63,0,MAIN,0.1,8.3,True,10.066225165562926
sz.000565,2025-05-07,8.73,9.14,8.36,9.14,8.31,122651991.0,1092100700.21,28.2874,0,MAIN,0.1,9.14,True,9.987966305655839
sz.000565,2025-05-14,10.47,11.58,10.1,11.58,10.53,150235742.0,1630542804.56,34.6491,0,MAIN,0.1,11.58,True,9.971509971509974
sz.000565,2025-05-15,11.4,12.74,11.16,12.74,11.58,151821668.0,1875388791.15,35.0149,0,MAIN,0.1,12.74,True,10.017271157167528
sz.000565,2025-05-16,12.8,14.01,12.34,14.01,12.74,142661048.0,1882452433.15,32.9021,0,MAIN,0.1,14.01,True,9.968602825745677
sz.000565,2025-05-27,10.52,11.73,10.48,11.73,10.66,110311018.0,1238063483.62,25.4412,0,MAIN,0.1,11.73,True,10.037523452157604
sz.000565,2025-06-04,9.63,10.58,9.43,10.58,9.62,84174718.0,846728755.58,19.4133,0,MAIN,0.1,10.58,True,9.97920997920998
sz.000566,2025-05-15,4.96,5.43,4.91,5.43,4.94,74658962.0,390408131.62,6.4035,0,MAIN,0.1,5.43,True,9.91902834008096
sz.000566,2025-05-30,5.54,6.12,5.54,6.12,5.56,66660357.0,403977286.84,5.7175,0,MAIN,0.1,6.12,True,10.07194244604317
sz.000566,2025-06-03,6.24,6.73,6.2,6.73,6.12,72031992.0,470149617.3,6.1782,0,MAIN,0.1,6.73,True,9.967320261437917
sz.000572,2025-06-24,4.18,4.28,4.15,4.28,3.89,70326455.0,299712248.28,4.2823,0,MAIN,0.1,4.28,True,10.025706940874034
sz.000573,2025-05-21,4.65,4.95,4.65,4.95,4.5,60331800.0,296424725.1,9.5316,0,MAIN,0.1,4.95,True,10.000000000000009
sz.000576,2025-05-09,7.85,8.67,7.75,8.67,7.88,77766307.0,654750774.93,17.9246,0,MAIN,0.1,8.67,True,10.025380710659903
sz.000576,2025-05-14,10.02,10.07,10.02,10.07,9.15,27601201.0,277702076.07,6.3619,0,MAIN,0.1,10.07,True,10.054644808743163
sz.000576,2025-06-23,8.5,9.23,8.35,9.23,8.39,48306943.0,436415650.93,11.1344,0,MAIN,0.1,9.23,True,10.011918951132293
sz.000590,2025-06-16,9.64,10.19,9.55,10.19,9.26,16165080.0,158879600.6,6.7531,0,MAIN,0.1,10.19,True,10.043196544276455
sz.000595,2025-05-19,4.36,4.5,4.36,4.5,4.29,27359600.0,121551512.0,2.4028,1,MAIN,0.05,4.5,True,4.895104895104896
sz.000595,2025-05-22,4.75,4.96,4.66,4.96,4.72,29314602.0,142101181.52,2.5745,1,MAIN,0.05,4.96,True,5.084745762711873
sz.000595,2025-05-26,4.8,5.02,4.78,5.02,4.78,32129600.0,159665399.15,2.8217,1,MAIN,0.05,5.02,True,5.020920502092041
sz.000599,2025-06-03,4.71,5.21,4.71,5.21,4.74,50797526.0,253805345.9,6.2195,0,MAIN,0.1,5.21,True,9.915611814345993
sz.000599,2025-06-06,5.09,5.61,5.03,5.61,5.1,85873079.0,457466732.61,10.5141,0,MAIN,0.1,5.61,True,10.000000000000009
sz.000603,2025-06-06,14.6,15.4,14.52,15.4,14.0,39441224.0,590219325.15,5.9157,0,MAIN,0.1,15.4,True,10.000000000000009
sz.000605,2025-05-19,7.86,8.34,7.7,8.34,7.58,27241768.0,219807844.2,7.7247,0,MAIN,0.1,8.34,True,10.026385224274414
sz.000607,2025-06-26,4.11,4.51,4.07,4.51,4.1,101575195.0,452085868.74,11.477,0,MAIN,0.1,4.51,True,10.000000000000009
sz.000608,2025-05-19,1.74,1.8,1.72,1.8,1.71,29461605.0,52220977.01,3.9559,1,MAIN,0.05,1.8,True,5.263157894736836
sz.000608,2025-06-09,1.91,2.01,1.91,2.01,1.91,20210850.0,39629362.8,2.7137,1,MAIN,0.05,2.01,True,5.235602094240832
sz.000609,2025-05-06,2.33,2.43,2.33,2.43,2.31,7473701.0,18085815.43,2.5678,1,MAIN,0.05,2.43,True,5.1948051948051965
sz.000609,2025-05-07,2.51,2.55,2.47,2.55,2.43,16696771.0,42219503.4,5.7366,1,MAIN,0.05,2.55,True,4.938271604938249
sz.000609,2025-05-14,2.59,2.73,2.57,2.73,2.6,13223540.0,35527491.22,4.5433,1,MAIN,0.05,2.73,True,5.000000000000004
sz.000609,2025-05-16,2.75,2.86,2.71,2.86,2.72,29374374.0,83141753.42,10.0923,1,MAIN,0.05,2.86,True,5.1470588235293935
sz.000609,2025-05-20,2.93,3.09,2.85,3.09,2.94,20670400.0,60962162.0,7.1018,1,MAIN,0.05,3.09,True,5.102040816326525
sz.000609,2025-05-21,3.13,3.24,3.13,3.24,3.09,43861890.0,140682343.72,15.0698,1,MAIN,0.05,3.24,True,4.854368932038855
sz.000609,2025-05-26,2.95,3.08,2.95,3.08,2.93,23242107.0,70420593.88,7.9854,1,MAIN,0.05,3.08,True,5.119453924914663
sz.000609,2025-05-28,3.11,3.22,3.11,3.22,3.07,22538092.0,71856208.24,7.7435,1,MAIN,0.05,3.22,True,4.885993485342022
sz.000609,2025-05-29,3.27,3.38,3.25,3.38,3.22,22702394.0,76230505.28,7.7999,1,MAIN,0.05,3.38,True,4.968944099378869
sz.000609,2025-06-09,3.24,3.37,3.22,3.37,3.21,14376800.0,47737813.0,4.9395,1,MAIN,0.05,3.37,True,4.984423676012462
sz.000609,2025-06-11,3.54,3.54,3.41,3.54,3.37,10496701.0,37077143.54,3.6064,1,MAIN,0.05,3.54,True,5.044510385756684
sz.000612,2025-05-19,7.46,7.92,7.46,7.92,7.2,131255216.0,1026786407.64,11.0167,0,MAIN,0.1,7.92,True,9.999999999999986
sz.000615,2025-05-12,3.2,3.34,3.19,3.34,3.18,15917200.0,52292234.0,2.0875,1,MAIN,0.05,3.34,True,5.031446540880502
sz.000615,2025-06-10,3.28,3.29,3.27,3.29,3.13,25158902.0,82742920.58,3.2995,1,MAIN,0.05,3.29,True,5.111821086261981
sz.000628,2025-05-19,48.0,49.64,46.28,49.64,45.13,14707100.0,708327909.2,7.6567,0,MAIN,0.1,49.64,True,9.993352537114998
sz.000632,2025-05-06,3.28,3.54,3.26,3.54,3.22,37998445.0,130443698.29,8.1633,0,MAIN,0.1,3.54,True,9.937888198757761
sz.000632,2025-06-26,3.87,4.25,3.85,4.25,3.86,38113111.0,155997622.15,8.1879,0,MAIN,0.1,4.25,True,10.103626943005196
sz.000633,2025-06-23,5.63,6.15,5.63,6.15,5.59,8468420.0,51162170.0,2.199,0,MAIN,0.1,6.15,True,10.017889087656528
sz.000637,2025-05-14,3.65,4.03,3.6,4.03,3.66,43817523.0,173127994.46,11.9065,0,MAIN,0.1,4.03,True,10.10928961748634
sz.000637,2025-05-15,4.43,4.43,4.32,4.43,4.03,65222417.0,288660410.27,17.7228,0,MAIN,0.1,4.43,True,9.92555831265507
sz.000637,2025-06-19,4.15,4.43,4.09,4.43,4.03,25508145.0,111312713.85,6.9313,0,MAIN,0.1,4.43,True,9.92555831265507
sz.000637,2025-06-20,4.87,4.87,4.64,4.87,4.43,100558201.0,487616493.55,27.3245,0,MAIN,0.1,4.87,True,9.932279909706555
sz.000637,2025-06-23,5.29,5.36,5.21,5.36,4.87,31392402.0,167028949.97,8.5302,0,MAIN,0.1,5.36,True,10.061601642710482
sz.000638,2025-05-07,3.08,3.23,3.08,3.23,3.08,19583505.0,61661803.61,6.3143,1,MAIN,0.05,3.23,True,4.870129870129869
sz.000638,2025-05-13,3.44,3.56,3.4,3.56,3.39,25374678.0,89316663.3,8.1815,1,MAIN,0.05,3.56,True,5.014749262536866
sz.000638,2025-05-14,3.74,3.74,3.74,3.74,3.56,6559858.0,24533868.92,2.1151,1,MAIN,0.05,3.74,True,5.0561797752809
sz.000638,2025-05-15,3.93,3.93,3.93,3.93,3.74,980400.0,3852972.0,0.3161,1,MAIN,0.05,3.93,True,5.080213903743314
sz.000638,2025-05-19,4.25,4.25,4.2,4.25,4.05,16754900.0,71191834.0,5.4023,1,MAIN,0.05,4.25,True,4.938271604938271
sz.000638,2025-05-21,4.15,4.31,4.09,4.31,4.1,28886185.0,122004115.58,9.3137,1,MAIN,0.05,4.3,True,5.1219512195122
sz.000638,2025-06-03,5.04,5.04,5.04,5.04,4.8,2232552.0,11252062.08,0.7198,1,MAIN,0.05,5.04,True,5.000000000000004
sz.000639,2025-05-15,2.87,3.17,2.85,3.17,2.88,118053810.0,361168286.94,10.9367,0,MAIN,0.1,3.17,True,10.069444444444443
sz.000639,2025-05-27,3.02,3.32,3.02,3.32,3.02,92252370.0,296190182.59,8.5464,0,MAIN,0.1,3.32,True,9.93377483443707
sz.000656,2025-05-08,1.41,1.46,1.39,1.46,1.39,148826401.0,214348142.02,2.7984,1,MAIN,0.05,1.46,True,5.035971223021596
sz.000656,2025-05-12,1.56,1.56,1.56,1.56,1.49,8704700.0,13579332.0,0.1637,1,MAIN,0.05,1.56,True,4.697986577181212
sz.000656,2025-05-13,1.64,1.64,1.64,1.64,1.56,7404500.0,12143380.0,0.1392,1,MAIN,0.05,1.64,True,5.12820512820511
sz.000656,2025-05-21,1.5,1.58,1.49,1.58,1.5,144972514.0,223092430.12,2.7259,1,MAIN,0.05,1.58,True,5.3333333333333455
sz.000665,2025-06-05,5.09,5.5,5.08,5.5,5.0,101488481.0,536519035.7,8.9251,0,MAIN,0.1,5.5,True,10.000000000000009
sz.000668,2025-05-06,4.88,5.12,4.85,5.12,4.88,5023828.0,25155376.2,3.4212,1,MAIN,0.05,5.12,True,4.918032786885251
sz.000668,2025-05-07,5.14,5.38,5.08,5.38,5.12,7454085.0,39013808.28,5.0763,1,MAIN,0.05,5.38,True,5.078125
sz.000668,2025-05-08,5.5,5.65,5.41,5.65,5.38,5147811.0,28630382.61,3.5057,1,MAIN,0.05,5.65,True,5.018587360594795
sz.000668,2025-05-14,5.56,5.83,5.56,5.83,5.55,4144560.0,23709023.8,2.8225,1,MAIN,0.05,5.83,True,5.04504504504506
sz.000668,2025-05-16,6.07,6.38,5.86,6.38,6.08,7914893.0,48741851.76,5.3901,1,MAIN,0.05,6.38,True,4.9342105263157965
sz.000668,2025-05-19,6.49,6.7,6.46,6.7,6.38,4860200.0,32270559.09,3.3098,1,MAIN,0.05,6.7,True,5.0156739811912265
sz.000668,2025-05-21,6.85,7.1,6.75,7.1,6.76,4061800.0,28266605.0,2.7661,1,MAIN,0.05,7.1,True,5.02958579881656
sz.000668,2025-05-28,7.6,7.65,7.4,7.65,7.29,6090301.0,46173063.56,4.1475,1,MAIN,0.05,7.65,True,4.938271604938271
sz.000668,2025-06-04,7.55,7.98,7.55,7.98,7.6,4944123.0,39004062.54,3.367,1,MAIN,0.05,7.98,True,5.000000000000004
sz.000668,2025-06-18,8.13,8.6,7.9,8.6,8.19,5117881.0,42061945.6,3.4853,1,MAIN,0.05,8.6,True,5.0061050061050105
sz.000669,2025-05-22,2.01,2.11,1.99,2.11,2.01,15502855.0,31907900.95,2.2785,1,MAIN,0.05,2.11,True,4.975124378109452
sz.000669,2025-05-23,2.13,2.22,2.13,2.22,2.11,13221500.0,29125922.0,1.9432,1,MAIN,0.05,2.22,True,5.213270142180115
sz.000669,2025-05-26,2.33,2.33,2.28,2.33,2.22,11702640.0,27236361.0,1.7199,1,MAIN,0.05,2.33,True,4.954954954954949
sz.000669,2025-05-27,2.4,2.45,2.35,2.45,2.33,23536797.0,57022616.65,3.4592,1,MAIN,0.05,2.45,True,5.150214592274693
sz.000669,2025-06-03,2.24,2.37,2.23,2.37,2.26,17745000.0,41114434.0,2.608,1,MAIN,0.05,2.37,True,4.86725663716816
sz.000669,2025-06-04,2.41,2.49,2.4,2.49,2.37,26399840.0,65201879.6,3.88,1,MAIN,0.05,2.49,True,5.063291139240511
sz.000669,2025-06-06,2.5,2.65,2.5,2.65,2.52,20062825.0,52589149.88,2.9486,1,MAIN,0.05,2.65,True,5.158730158730163
sz.000669,2025-06-11,2.64,2.73,2.59,2.73,2.6,17742200.0,47773249.8,2.6076,1,MAIN,0.05,2.73,True,5.000000000000004
sz.000669,2025-06-16,2.63,2.79,2.62,2.79,2.66,21924624.0,60496665.28,3.2223,1,MAIN,0.05,2.79,True,4.8872180451127845
sz.000669,2025-06-23,2.61,2.75,2.58,2.75,2.62,16203700.0,44022138.0,2.3815,1,MAIN,0.05,2.75,True,4.961832061068705
sz.000670,2025-05-20,6.88,7.56,6.79,7.56,6.87,89925215.0,659403634.25,12.4532,0,MAIN,0.1,7.56,True,10.043668122270732
sz.000677,2025-05-06,4.18,4.57,4.17,4.57,4.15,29670410.0,133357156.7,3.4342,0,MAIN,0.1,4.57,True,10.120481927710845
sz.000677,2025-05-07,4.71,5.03,4.63,5.03,4.57,102758995.0,494733287.8,11.8937,0,MAIN,0.1,5.03,True,10.065645514223199
sz.000677,2025-05-19,5.07,5.56,4.92,5.56,5.05,116283137.0,613198442.44,13.459,0,MAIN,0.1,5.56,True,10.099009900990087
sz.000677,2025-05-20,5.71,6.12,5.71,6.12,5.56,167545529.0,1016519290.02,19.3923,0,MAIN,0.1,6.12,True,10.07194244604317
sz.000677,2025-05-27,5.75,6.4,5.56,6.4,5.82,165693967.0,989132189.93,19.178,0,MAIN,0.1,6.4,True,9.965635738831624
sz.000677,2025-06-30,5.14,5.65,5.13,5.65,5.14,77329189.0,415497935.16,8.9504,0,MAIN,0.1,5.65,True,9.922178988326857
sz.000678,2025-05-07,12.92,13.9,12.43,13.9,12.64,93417149.0,1224807759.17,20.3252,0,MAIN,0.1,13.9,True,9.968354430379755
sz.000678,2025-05-12,15.15,16.82,14.38,16.82,15.29,114881794.0,1829165268.31,24.9954,0,MAIN,0.1,16.82,True,10.006540222367576
sz.000678,2025-05-14,15.75,18.15,15.75,18.15,16.5,113136588.0,1969871651.76,24.6157,0,MAIN,0.1,18.15,True,9.999999999999986
sz.000681,2025-05-08,20.46,22.51,20.37,22.51,20.46,71356511.0,1542885107.11,10.5542,0,MAIN,0.1,22.51,True,10.019550342131001
sz.000691,2025-05-06,3.51,3.51,3.51,3.51,3.34,3079445.0,10808851.95,0.9526,1,MAIN,0.05,3.51,True,5.089820359281427
sz.000691,2025-05-07,3.69,3.69,3.69,3.69,3.51,1213010.0,4476006.9,0.3752,1,MAIN,0.05,3.69,True,5.128205128205132
sz.000691,2025-05-08,3.87,3.87,3.87,3.87,3.69,3983979.0,15417998.73,1.2324,1,MAIN,0.05,3.87,True,4.878048780487809
sz.000691,2025-05-12,4.25,4.25,4.06,4.25,4.05,42755814.0,180623624.8,13.226,1,MAIN,0.05,4.25,True,4.938271604938271
sz.000691,2025-05-14,4.14,4.34,4.0,4.34,4.13,33709881.0,141924803.19,10.4278,1,MAIN,0.05,4.34,True,5.084745762711873
sz.000691,2025-05-15,4.45,4.56,4.37,4.56,4.34,11026360.0,49583479.44,3.4109,1,MAIN,0.05,4.56,True,5.069124423963123
sz.000691,2025-05-19,4.6,4.78,4.5,4.78,4.55,28746273.0,135431293.31,8.8923,1,MAIN,0.05,4.78,True,5.054945054945059
sz.000691,2025-05-20,4.87,5.02,4.8,5.02,4.78,15039726.0,74457656.4,4.6524,1,MAIN,0.05,5.02,True,5.020920502092041
sz.000691,2025-05-21,5.13,5.27,5.1,5.27,5.02,7615200.0,39757597.0,2.3557,1,MAIN,0.05,5.27,True,4.980079681274896
sz.000691,2025-05-23,4.99,5.26,4.99,5.26,5.01,19412463.0,101463098.38,6.005,1,MAIN,0.05,5.26,True,4.990019960079839
sz.000691,2025-06-04,4.65,4.83,4.65,4.83,4.6,28315545.0,136162025.55,8.7591,1,MAIN,0.05,4.83,True,5.000000000000004
sz.000691,2025-06-06,4.83,5.12,4.83,5.12,4.88,16735050.0,84080848.5,5.1768,1,MAIN,0.05,5.12,True,4.918032786885251
sz.000691,2025-06-24,4.37,4.59,4.37,4.59,4.37,9463250.0,42896981.5,2.9274,1,MAIN,0.05,4.59,True,5.034324942791746
sz.000695,2025-05-19,10.34,10.34,10.34,10.34,9.4,740201.0,7653678.34,0.3338,0,MAIN,0.1,10.34,True,9.999999999999986
sz.000695,2025-05-20,11.37,11.37,11.37,11.37,10.34,924300.0,10509291.0,0.4169,0,MAIN,0.1,11.37,True,9.9613152804642
sz.000695,2025-05-21,12.51,12.51,12.51,12.51,11.37,1362600.0,17046126.0,0.6146,0,MAIN,0.1,12.51,True,10.026385224274414
sz.000695,2025-05-22,13.76,13.76,13.76,13.76,12.51,2141401.0,29465677.76,0.9658,0,MAIN,0.1,13.76,True,9.99200639488409
sz.000695,2025-05-23,15.14,15.14,14.88,15.14,13.76,40937270.0,619667298.0,18.4635,0,MAIN,0.1,15.14,True,10.029069767441868
sz.000695,2025-05-28,13.0,15.0,12.33,15.0,13.64,67270586.0,894264428.9,30.3403,0,MAIN,0.1,15.0,True,9.97067448680351
sz.000695,2025-06-03,14.52,15.9,14.16,15.9,14.45,63149739.0,976897677.2,28.4817,0,MAIN,0.1,15.9,True,10.034602076124566
sz.000695,2025-06-05,15.11,17.05,15.11,17.05,15.5,24934558.0,412129593.3,11.2459,0,MAIN,0.1,17.05,True,10.000000000000009
sz.000695,2025-06-20,12.23,13.28,12.23,13.28,12.07,17335110.0,228160016.0,7.8185,0,MAIN,0.1,13.28,True,10.02485501242749
sz.000697,2025-05-08,6.57,6.83,6.5,6.83,6.5,29463360.0,197427262.0,4.9862,1,MAIN,0.05,6.82,True,5.076923076923068
sz.000700,2025-06-27,7.5,7.76,7.46,7.76,7.05,111775124.0,864924403.13,12.1757,0,MAIN,0.1,7.76,True,10.070921985815605
sz.000701,2025-06-05,5.47,6.05,5.39,6.05,5.5,46491408.0,267416001.81,6.9629,0,MAIN,0.1,6.05,True,9.999999999999986
sz.000701,2025-06-06,6.66,6.66,6.31,6.66,6.05,68371731.0,451160817.49,10.2398,0,MAIN,0.1,6.66,True,10.08264462809918
sz.000701,2025-06-12,6.75,7.56,6.47,7.56,6.87,163452126.0,1159292662.21,24.4797,0,MAIN,0.1,7.56,True,10.043668122270732
sz.000702,2025-05-19,7.1,7.28,6.86,7.28,6.62,23073214.0,164004166.61,8.6535,0,MAIN,0.1,7.28,True,9.969788519637458
sz.000702,2025-06-11,7.0,7.62,6.94,7.62,6.93,24105161.0,177957826.22,9.0405,0,MAIN,0.1,7.62,True,9.956709956709965
sz.000710,2025-05-13,12.83,13.96,12.73,13.96,12.69,41145052.0,548697197.29,12.5872,0,MAIN,0.1,13.96,True,10.007880220646182
sz.000710,2025-05-23,12.57,13.83,12.57,13.83,12.57,35711563.0,479470139.15,10.925,0,MAIN,0.1,13.83,True,10.023866348448696
sz.000712,2025-05-14,12.55,13.79,12.28,13.79,12.54,120660890.0,1598075871.89,13.4706,0,MAIN,0.1,13.79,True,9.968102073365227
sz.000722,2025-05-19,11.95,12.8,11.87,12.8,11.64,47351442.0,590204057.21,10.2016,0,MAIN,0.1,12.8,True,9.965635738831624
sz.000722,2025-05-20,13.22,14.08,13.1,14.08,12.8,104161602.0,1414431952.59,22.441,0,MAIN,0.1,14.08,True,9.999999999999986
sz.000722,2025-05-21,13.88,15.49,13.55,15.49,14.08,88449420.0,1333475164.65,19.0559,0,MAIN,0.1,15.49,True,10.014204545454541
sz.000722,2025-06-06,13.0,14.33,12.84,14.33,13.03,64869967.0,897259767.22,13.9758,0,MAIN,0.1,14.33,True,9.976976208749043
sz.000736,2025-05-06,3.92,4.11,3.92,4.11,3.91,29509443.0,119971294.14,4.0913,1,MAIN,0.05,4.11,True,5.115089514066495
sz.000736,2025-05-29,4.37,4.58,4.35,4.58,4.36,17970060.0,81535918.8,2.4915,1,MAIN,0.05,4.58,True,5.045871559633031
sz.000736,2025-06-11,4.79,5.03,4.73,5.03,4.79,27277747.0,135251049.25,3.7819,1,MAIN,0.05,5.03,True,5.0104384133611735
sz.000737,2025-06-27,9.71,10.31,9.71,10.31,9.37,121548414.0,1227822393.33,6.8583,0,MAIN,0.1,10.31,True,10.03201707577377
sz.000752,2025-06-30,8.22,8.57,8.18,8.57,8.16,5996301.0,50697116.21,2.2734,1,MAIN,0.05,8.57,True,5.024509803921573
sz.000756,2025-05-16,15.15,15.65,15.02,15.65,14.23,48998543.0,759771918.34,9.9464,0,MAIN,0.1,15.65,True,9.978917779339413
sz.000759,2025-05-08,8.06,8.94,8.01,8.94,8.13,108734036.0,943616174.03,16.5827,0,MAIN,0.1,8.94,True,9.963099630996286
sz.000761,2025-05-19,4.13,4.29,4.1,4.29,3.9,23720620.0,101032916.1,0.6397,0,MAIN,0.1,4.29,True,10.000000000000009
sz.000766,2025-06-16,25.5,27.61,25.5,27.61,25.1,72574862.0,1964851316.45,7.5129,0,MAIN,0.1,27.61,True,9.999999999999986
sz.000767,2025-05-09,2.81,3.1,2.8,3.1,2.82,143192230.0,432546560.32,4.9169,0,MAIN,0.1,3.1,True,9.929078014184412
sz.000767,2025-05-13,3.0,3.29,2.94,3.29,2.99,230459341.0,718087881.28,7.9135,0,MAIN,0.1,3.29,True,10.033444816053505
sz.000777,2025-05-26,18.5,19.9,18.38,19.9,18.09,35745570.0,678771734.12,9.323,0,MAIN,0.1,19.9,True,10.005527915975666
sz.000777,2025-06-17,19.91,21.78,19.86,21.78,19.8,25068286.0,532612757.4,6.5382,0,MAIN,0.1,21.78,True,10.000000000000009
sz.000788,2025-06-16,5.98,6.58,5.95,6.58,5.98,45616703.0,293650358.22,7.654,0,MAIN,0.1,6.58,True,10.033444816053505
sz.000793,2025-05-07,2.68,2.68,2.68,2.68,2.55,9291729.0,24901833.72,0.4738,1,MAIN,0.05,2.68,True,5.098039215686279
sz.000793,2025-05-08,2.81,2.81,2.81,2.81,2.68,6123800.0,17207878.0,0.3123,1,MAIN,0.05,2.81,True,4.850746268656714
sz.000793,2025-06-16,2.53,2.67,2.5,2.67,2.54,33509823.0,86496234.54,1.7088,1,MAIN,0.05,2.67,True,5.118110236220463
sz.000795,2025-06-09,10.23,11.12,10.2,11.12,10.11,148902972.0,1635367470.4,13.1344,0,MAIN,0.1,11.12,True,9.990108803165176
sz.000811,2025-05-08,11.81,12.87,11.81,12.87,11.7,58759459.0,736864114.48,7.8784,0,MAIN,0.1,12.87,True,10.000000000000009
sz.000815,2025-06-06,12.9,13.59,12.9,13.59,12.35,121857115.0,1631663279.91,17.5268,0,MAIN,0.1,13.58,True,10.040485829959511
sz.000820,2025-05-09,2.04,2.16,2.04,2.16,2.06,16376900.0,34922992.44,5.5698,1,MAIN,0.05,2.16,True,4.854368932038833
sz.000820,2025-05-12,2.13,2.27,2.11,2.27,2.16,15229885.0,33684055.1,5.1797,1,MAIN,0.05,2.27,True,5.092592592592582
sz.000820,2025-05-19,2.34,2.4,2.34,2.4,2.29,8393856.0,20026936.4,2.8547,1,MAIN,0.05,2.4,True,4.8034934497816595
sz.000820,2025-05-20,2.45,2.52,2.45,2.52,2.4,20588534.0,51571325.98,6.9329,1,MAIN,0.05,2.52,True,5.000000000000004
sz.000820,2025-05-21,2.55,2.65,2.51,2.65,2.52,14665456.0,38398284.56,4.9384,1,MAIN,0.05,2.65,True,5.158730158730163
sz.000820,2025-05-22,2.76,2.78,2.7,2.78,2.65,21181081.0,58671789.83,7.1325,1,MAIN,0.05,2.78,True,4.9056603773584895
sz.000820,2025-05-23,2.76,2.92,2.7,2.92,2.78,19876437.0,57264658.56,6.6931,1,MAIN,0.05,2.92,True,5.035971223021596
sz.000820,2025-05-27,3.08,3.17,3.05,3.17,3.02,24924949.0,78680804.52,8.3932,1,MAIN,0.05,3.17,True,4.966887417218535
sz.000820,2025-06-03,2.8,2.94,2.8,2.94,2.8,7891648.0,22850400.8,2.6574,1,MAIN,0.05,2.94,True,5.000000000000004
sz.000820,2025-06-18,2.87,2.98,2.85,2.98,2.84,11263085.0,33118533.27,3.7927,1,MAIN,0.05,2.98,True,4.929577464788748
sz.000822,2025-06-13,6.1,6.18,5.92,6.18,5.62,126025355.0,772683361.69,14.0796,0,MAIN,0.1,6.18,True,9.964412811387891
sz.000826,2025-05-28,1.89,2.07,1.89,2.07,1.88,61901278.0,126517221.46,4.3434,0,MAIN,0.1,2.07,True,10.106382978723394
sz.000826,2025-05-29,2.28,2.28,2.28,2.28,2.07,33767936.0,76990894.08,2.3694,0,MAIN,0.1,2.28,True,10.144927536231885
sz.000826,2025-06-04,2.05,2.42,2.05,2.42,2.2,372503942.0,813874937.78,26.1375,0,MAIN,0.1,2.42,True,9.999999999999986
sz.000838,2025-05-26,2.34,2.59,2.34,2.59,2.35,21566200.0,55065205.0,2.0466,0,MAIN,0.1,2.59,True,10.212765957446802
sz.000838,2025-06-04,2.58,2.79,2.57,2.79,2.54,32053650.0,88203082.5,3.0418,0,MAIN,0.1,2.79,True,9.842519685039374
sz.000850,2025-05-09,4.07,4.33,4.07,4.33,3.94,100194978.0,430173668.33,10.6207,0,MAIN,0.1,4.33,True,9.898477157360407
sz.000850,2025-06-26,4.51,4.76,4.51,4.76,4.33,139680120.0,659877254.66,14.8061,0,MAIN,0.1,4.76,True,9.930715935334877
sz.000856,2025-05-08,10.42,11.39,10.35,11.39,10.35,9585600.0,107223501.0,4.2227,0,MAIN,0.1,11.38,True,10.048309178743974
sz.000859,2025-05-07,6.4,6.92,6.28,6.92,6.29,66603138.0,440464951.76,7.4346,0,MAIN,0.1,6.92,True,10.015898251192358
sz.000859,2025-05-23,7.5,7.92,7.37,7.92,7.2,198530596.0,1546265046.43,22.161,0,MAIN,0.1,7.92,True,9.999999999999986
sz.000863,2025-05-07,3.75,4.02,3.75,4.02,3.65,44834018.0,176906628.31,3.853,0,MAIN,0.1,4.02,True,10.136986301369856
sz.000868,2025-06-27,5.67,6.2,5.63,6.2,5.64,105990464.0,638619182.7,14.4533,0,MAIN,0.1,6.2,True,9.929078014184412
sz.000881,2025-05-26,7.58,8.04,7.55,8.04,7.31,68806713.0,537879048.98,8.7059,0,MAIN,0.1,8.04,True,9.986320109439117
sz.000881,2025-06-13,7.81,8.58,7.81,8.58,7.8,69662609.0,576631414.36,8.8142,0,MAIN,0.1,8.58,True,10.000000000000009
sz.000881,2025-06-23,8.45,9.06,8.32,9.06,8.24,52213118.0,455156159.72,6.6064,0,MAIN,0.1,9.06,True,9.951456310679617
sz.000888,2025-06-04,13.75,15.18,13.67,15.18,13.8,47167303.0,690986944.8,8.9516,0,MAIN,0.1,15.18,True,9.999999999999986
sz.000889,2025-05-13,2.75,2.89,2.74,2.89,2.75,28714882.0,80908418.97,3.3011,1,MAIN,0.05,2.89,True,5.0909090909091015
sz.000889,2025-05-14,2.93,3.03,2.88,3.03,2.89,20816050.0,61765627.6,2.3931,1,MAIN,0.05,3.03,True,4.844290657439432
sz.000889,2025-05-27,2.78,2.91,2.77,2.91,2.77,21817998.0,62364630.78,2.5082,1,MAIN,0.05,2.91,True,5.054151624548742
sz.000889,2025-06-04,2.97,2.97,2.97,2.97,2.7,1803076.0,5355135.72,0.2073,0,MAIN,0.1,2.97,True,10.000000000000009
sz.000889,2025-06-05,3.27,3.27,3.27,3.27,2.97,1026915.0,3358012.05,0.1181,0,MAIN,0.1,3.27,True,10.1010101010101
sz.000889,2025-06-06,3.6,3.6,3.6,3.6,3.27,12019758.0,43271128.8,1.3818,0,MAIN,0.1,3.6,True,10.091743119266061
sz.000889,2025-06-09,3.75,3.96,3.66,3.96,3.6,111156419.0,431392210.56,12.7788,0,MAIN,0.1,3.96,True,9.999999999999986
sz.000890,2025-05-29,3.75,4.15,3.72,4.15,3.77,59215438.0,240595171.41,14.116,0,MAIN,0.1,4.15,True,10.07957559681698
sz.000892,2025-06-23,4.21,4.21,4.11,4.21,3.83,75686801.0,318564330.21,10.6476,0,MAIN,0.1,4.21,True,9.921671018276768
sz.000892,2025-06-24,4.39,4.63,4.38,4.63,4.21,145820990.0,662446707.85,20.514,0,MAIN,0.1,4.63,True,9.976247030878849
sz.000892,2025-06-26,4.18,4.8,4.1,4.8,4.36,139718471.0,632340006.8,19.6555,0,MAIN,0.1,4.8,True,10.091743119266038
sz.000903,2025-05-06,3.18,3.45,3.17,3.45,3.14,91958402.0,310027594.88,4.7888,0,MAIN,0.1,3.45,True,9.872611464968163
sz.000903,2025-05-21,3.7,4.18,3.61,4.18,3.8,266860049.0,1047733816.61,13.8971,0,MAIN,0.1,4.18,True,9.999999999999986
sz.000903,2025-05-26,3.96,4.17,3.94,4.17,3.79,78510960.0,322902727.2,4.0886,0,MAIN,0.1,4.17,True,10.026385224274414
sz.000903,2025-05-27,4.59,4.59,4.59,4.59,4.17,57331778.0,263152861.02,2.9856,0,MAIN,0.1,4.59,True,10.07194244604317
sz.000903,2025-05-28,5.05,5.05,5.05,5.05,4.59,26935278.0,136023153.9,1.4027,0,MAIN,0.1,5.05,True,10.02178649237473
sz.000903,2025-05-29,5.56,5.56,5.56,5.56,5.05,21255850.0,118182526.0,1.1069,0,MAIN,0.1,5.56,True,10.099009900990087
sz.000903,2025-06-24,4.29,4.51,4.28,4.51,4.1,312233438.0,1389963364.78,16.2599,0,MAIN,0.1,4.51,True,10.000000000000009
sz.000905,2025-05-19,8.21,8.72,8.16,8.72,7.93,30700513.0,263146497.08,4.1386,0,MAIN,0.1,8.72,True,9.962168978562435
sz.000908,2025-05-08,4.79,5.03,4.79,5.03,4.79,22880375.0,114297855.25,2.6007,1,MAIN,0.05,5.03,True,5.0104384133611735
sz.000908,2025-05-20,4.85,5.03,4.8,5.03,4.79,32770560.0,162380330.72,3.7249,1,MAIN,0.05,5.03,True,5.0104384133611735
sz.000908,2025-05-30,5.1,5.25,5.07,5.25,5.0,32731651.0,170815335.15,3.7205,1,MAIN,0.05,5.25,True,5.000000000000004
sz.000908,2025-06-11,6.1,6.35,6.02,6.35,6.05,34421086.0,215328971.97,3.9125,1,MAIN,0.05,6.35,True,4.958677685950419
sz.000908,2025-06-17,5.82,6.12,5.82,6.12,5.83,37474507.0,226525490.32,4.2596,1,MAIN,0.05,6.12,True,4.97427101200687
sz.000909,2025-06-16,6.28,6.58,6.23,6.58,6.27,7324952.0,47479433.16,1.6735,1,MAIN,0.05,6.58,True,4.944178628389162
sz.000929,2025-05-06,6.17,6.35,6.17,6.35,6.05,2110128.0,13329414.8,1.136,1,MAIN,0.05,6.35,True,4.958677685950419
sz.000929,2025-05-07,6.67,6.67,6.36,6.67,6.35,11298791.0,75021386.6,6.0827,1,MAIN,0.05,6.67,True,5.039370078740157
sz.000929,2025-05-08,6.75,7.0,6.67,7.0,6.67,12419901.0,85506588.12,6.6862,1,MAIN,0.05,7.0,True,4.94752623688155
sz.000929,2025-05-12,7.06,7.25,7.0,7.25,6.9,7281579.0,52344190.09,3.92,1,MAIN,0.05,7.25,True,5.072463768115942
sz.000929,2025-05-19,7.49,7.76,7.42,7.76,7.39,6112910.0,46890793.6,3.2909,1,MAIN,0.05,7.76,True,5.006765899864685
sz.000929,2025-06-16,8.47,8.88,8.37,8.88,8.46,5415400.0,47557009.0,2.9154,1,MAIN,0.05,8.88,True,4.964539007092195
sz.000935,2025-05-19,16.88,17.5,16.88,17.5,15.91,30766628.0,529397900.96,4.03,0,MAIN,0.1,17.5,True,9.99371464487744
sz.000948,2025-05-06,17.06,18.56,17.06,18.56,16.87,26077409.0,471871101.1,6.7031,0,MAIN,0.1,18.56,True,10.017783046828676
sz.000948,2025-06-11,19.02,20.92,18.88,20.92,19.02,35887831.0,739258508.4,9.2248,0,MAIN,0.1,20.92,True,9.989484752891698
sz.000953,2025-05-09,5.89,6.48,5.89,6.48,5.89,27502201.0,173692813.08,7.5118,0,MAIN,0.1,6.48,True,10.016977928692716
sz.000953,2025-05-21,6.55,7.27,6.5,7.27,6.61,46946072.0,331801260.28,12.8225,0,MAIN,0.1,7.27,True,9.98487140695914
sz.000953,2025-05-27,7.2,8.15,7.12,8.15,7.41,68516233.0,527714764.35,18.714,0,MAIN,0.1,8.15,True,9.986504723346833
sz.000953,2025-06-03,7.91,9.06,7.78,9.06,8.24,67637056.0,582592663.88,18.4739,0,MAIN,0.1,9.06,True,9.951456310679617
sz.000958,2025-05-13,6.58,7.15,6.49,7.15,6.5,202005913.0,1396559222.04,3.7524,0,MAIN,0.1,7.15,True,10.000000000000009
sz.000965,2025-05-07,4.1,4.25,4.1,4.25,3.86,85772677.0,362361489.96,7.7284,0,MAIN,0.1,4.25,True,10.103626943005196
sz.000968,2025-06-19,7.19,7.95,7.04,7.95,7.23,57522933.0,433284779.06,5.9455,0,MAIN,0.1,7.95,True,9.958506224066376
sz.000973,2025-06-26,7.0,7.28,6.96,7.28,6.62,56507650.0,408405466.24,5.841,0,MAIN,0.1,7.28,True,9.969788519637458
sz.000981,2025-05-08,1.87,2.07,1.86,2.07,1.88,482877737.0,971616575.0,5.0758,0,MAIN,0.1,2.07,True,10.106382978723394
sz.000981,2025-05-29,2.05,2.24,2.05,2.24,2.04,831333745.0,1830700106.2,8.7386,0,MAIN,0.1,2.24,True,9.80392156862746
sz.000989,2025-06-03,8.5,9.35,8.44,9.35,8.5,62476161.0,559695188.51,9.0003,0,MAIN,0.1,9.35,True,9.999999999999986
sz.000989,2025-06-04,9.57,10.29,9.55,10.29,9.35,87684128.0,889745111.97,12.6318,0,MAIN,0.1,10.28,True,10.053475935828882
sz.000995,2025-06-20,13.45,14.65,13.45,14.65,13.32,26007800.0,370678769.0,14.6599,0,MAIN,0.1,14.65,True,9.98498498498499
sz.000997,2025-05-12,28.75,31.35,28.03,31.35,28.5,50804537.0,1524684292.26,4.9498,0,MAIN,0.1,31.35,True,10.000000000000009
sz.001206,2025-05-20,20.49,22.94,20.49,22.94,20.85,19025739.0,421301796.49,17.8956,0,MAIN,0.1,22.94,True,10.023980815347722
sz.001208,2025-05-29,10.55,11.63,10.55,11.63,10.57,60050251.0,683251704.82,22.2348,0,MAIN,0.1,11.63,True,10.02838221381268
sz.001212,2025-05-14,60.2,66.57,60.19,66.57,60.52,6467241.0,415439326.12,5.917,0,MAIN,0.1,66.57,True,9.9966953073364
sz.001212,2025-05-30,53.5,57.53,51.51,57.53,52.3,17488465.0,972589358.64,11.4691,0,MAIN,0.1,57.53,True,10.000000000000009
sz.001222,2025-05-19,16.87,18.84,16.66,18.84,17.13,14627800.0,258362571.49,18.6234,0,MAIN,0.1,18.84,True,9.982486865148864
sz.001222,2025-05-20,18.93,20.72,18.84,20.72,18.84,18102545.0,363647333.75,23.0473,0,MAIN,0.1,20.72,True,9.97876857749469
sz.001230,2025-05-27,19.76,21.12,19.76,21.12,19.2,4397822.0,92262643.04,8.1324,0,MAIN,0.1,21.12,True,10.000000000000009
sz.001230,2025-05-28,23.23,23.23,23.23,23.23,21.12,1635715.0,37997659.45,3.0247,0,MAIN,0.1,23.23,True,9.990530303030297
sz.001230,2025-05-29,25.55,25.55,25.55,25.55,23.23,4382685.0,111977601.75,8.1044,0,MAIN,0.1,25.55,True,9.987085665088259
sz.001234,2025-06-11,21.9,24.16,21.72,24.16,21.96,10243572.0,239962534.13,9.5187,0,MAIN,0.1,24.16,True,10.018214936247727
sz.001236,2025-05-07,9.55,9.55,9.46,9.55,8.68,22185299.0,211859029.45,6.7962,0,MAIN,0.1,9.55,True,10.02304147465438
sz.001236,2025-06-16,10.01,11.0,10.0,11.0,10.0,30578778.0,333655321.0,9.3675,0,MAIN,0.1,11.0,True,10.000000000000009
sz.001236,2025-06-24,9.99,10.92,9.95,10.92,9.93,30372886.0,321425186.12,9.3044,0,MAIN,0.1,10.92,True,9.969788519637458
sz.001236,2025-06-25,11.36,12.01,11.25,12.01,10.92,40196771.0,471859550.39,12.3138,0,MAIN,0.1,12.01,True,9.98168498168499
sz.001236,2025-06-26,13.21,13.21,13.21,13.21,12.01,7665064.0,101255495.44,2.3481,0,MAIN,0.1,13.21,True,9.99167360532891
sz.001236,2025-06-27,14.53,14.53,14.53,14.53,13.21,8139218.0,118262837.54,2.4934,0,MAIN,0.1,14.53,True,9.99242997728993
sz.001236,2025-06-30,15.22,15.98,15.15,15.98,14.53,129526302.0,2035804129.47,39.679,0,MAIN,0.1,15.98,True,9.979353062629048
sz.001238,2025-05-13,33.5,36.33,33.4,36.33,33.03,1577038.0,56755551.54,4.9318,0,MAIN,0.1,36.33,True,9.990917347865569
sz.001255,2025-05-14,29.52,32.64,29.07,32.64,29.67,4745580.0,144842853.8,23.7279,0,MAIN,0.1,32.64,True,10.01011122345803
sz.001258,2025-06-05,7.1,7.57,7.1,7.57,6.88,16856904.0,126491489.28,3.5965,0,MAIN,0.1,7.57,True,10.029069767441868
sz.001268,2025-05-08,21.48,23.72,21.38,23.72,21.56,5162228.0,118091286.16,12.3876,0,MAIN,0.1,23.72,True,10.018552875695729
sz.001268,2025-06-03,21.9,23.73,21.9,23.73,21.57,3813700.0,89839371.0,9.1516,0,MAIN,0.1,23.73,True,10.01390820584145
sz.001269,2025-05-13,22.79,24.79,22.62,24.79,22.54,3093237.0,74746353.61,3.6868,0,MAIN,0.1,24.79,True,9.982253771073646
sz.001269,2025-06-30,23.88,25.6,23.88,25.6,23.27,2779895.0,70770249.0,3.3133,0,MAIN,0.1,25.6,True,10.01289213579717
sz.001270,2025-06-30,36.59,37.92,36.58,37.92,36.11,3323923.0,125453157.0,1.6334,1,MAIN,0.05,37.92,True,5.012461921905298
sz.001277,2025-05-29,37.87,41.66,37.87,41.66,37.87,2980411.0,119935059.44,15.6864,0,MAIN,0.1,41.66,True,10.007921837866384
sz.001278,2025-06-13,18.96,21.11,18.8,21.11,19.19,15054162.0,315523503.71,29.7899,0,MAIN,0.1,21.11,True,10.005211047420515
sz.001279,2025-05-22,40.42,43.97,40.27,43.97,39.97,9857057.0,422600881.42,26.1989,0,MAIN,0.1,43.97,True,10.007505629221924
sz.001296,2025-06-16,18.47,20.32,18.33,20.32,18.47,14107558.0,275946769.94,18.3569,0,MAIN,0.1,20.32,True,10.016242555495403
sz.001298,2025-06-25,22.26,24.37,22.14,24.37,22.15,31865480.0,749272307.19,20.6805,0,MAIN,0.1,24.36,True,10.022573363431153
sz.001298,2025-06-26,25.1,26.81,24.62,26.81,24.37,53887245.0,1393579006.65,34.9724,0,MAIN,0.1,26.81,True,10.012310217480502
sz.001298,2025-06-27,27.84,29.49,26.41,29.49,26.81,83209656.0,2351891343.3,54.0025,0,MAIN,0.1,29.49,True,9.996270048489375
sz.001298,2025-06-30,31.81,32.44,31.81,32.44,29.49,35114549.0,1135095769.08,22.7891,0,MAIN,0.1,32.44,True,10.00339097999321
sz.001309,2025-06-05,112.5,122.87,112.5,122.87,111.7,7676548.0,910052249.37,8.7596,0,MAIN,0.1,122.87,True,10.000000000000009
sz.001316,2025-05-06,40.28,42.96,40.28,42.96,39.05,7096879.0,297692630.69,26.0845,0,MAIN,0.1,42.96,True,10.012804097311157
sz.001316,2025-05-07,45.29,47.26,44.8,47.26,42.96,3714886.0,173417403.79,13.654,0,MAIN,0.1,47.26,True,10.009310986964604
sz.001316,2025-05-08,48.73,51.99,46.91,51.99,47.26,9846428.0,488497356.5,36.1905,0,MAIN,0.1,51.99,True,10.008463817181568
sz.001316,2025-05-14,47.39,49.83,45.67,49.83,45.3,9182722.0,436638558.33,33.751,0,MAIN,0.1,49.83,True,10.000000000000009
sz.001316,2025-06-11,42.55,46.51,42.34,46.51,42.28,6410933.0,289489875.18,23.3807,0,MAIN,0.1,46.51,True,10.004730368968762
sz.001317,2025-05-16,39.19,43.49,39.19,43.49,39.54,7001902.0,294593816.95,16.6769,0,MAIN,0.1,43.49,True,9.98988366211433
sz.001317,2025-06-27,42.01,46.41,42.01,46.41,42.19,5480282.0,248077854.28,13.0528,0,MAIN,0.1,46.41,True,10.002370229912305
sz.001319,2025-05-16,26.81,29.48,26.56,29.48,26.8,9164615.0,264514525.2,7.6924,0,MAIN,0.1,29.48,True,10.000000000000009
sz.001322,2025-05-07,8.15,8.89,8.1,8.89,8.08,15010994.0,130127194.66,9.0639,0,MAIN,0.1,8.89,True,10.024752475247523
sz.001328,2025-05-09,48.53,53.9,48.18,53.9,49.0,3485141.0,179526737.0,8.0968,0,MAIN,0.1,53.9,True,9.999999999999986
sz.001328,2025-05-15,50.15,55.55,49.01,55.55,50.5,6876094.0,365281293.37,15.9748,0,MAIN,0.1,55.55,True,9.999999999999986
sz.001331,2025-06-17,9.76,10.74,9.66,10.74,9.76,21444397.0,225655757.09,30.3917,0,MAIN,0.1,10.74,True,10.040983606557386
sz.001332,2025-05-26,36.0,36.88,34.68,36.88,33.53,2488716.0,90764751.86,9.2175,0,MAIN,0.1,36.88,True,9.991052788547572
sz.001332,2025-05-27,40.57,40.57,39.02,40.57,36.88,3735552.0,151258263.69,13.8354,0,MAIN,0.1,40.57,True,10.005422993492408
sz.001336,2025-05-20,20.29,22.32,20.04,22.32,20.29,4388022.0,93750822.42,15.3657,0,MAIN,0.1,22.32,True,10.004928536224744
sz.001338,2025-06-04,11.83,13.08,11.83,13.08,11.89,47745862.0,606134120.96,20.2352,0,MAIN,0.1,13.08,True,10.00841042893188
sz.001356,2025-05-12,15.05,15.99,15.05,15.99,14.54,17992217.0,284682383.83,14.8121,0,MAIN,0.1,15.99,True,9.97248968363138
sz.001359,2025-06-27,30.61,33.11,30.61,33.11,30.1,3560826.0,116348027.86,7.6775,0,MAIN,0.1,33.11,True,9.999999999999986
sz.001367,2025-05-22,20.98,22.77,20.98,22.77,20.7,8542355.0,189108152.13,22.0682,0,MAIN,0.1,22.77,True,10.000000000000009
sz.001367,2025-05-23,25.05,25.05,25.05,25.05,22.77,1706718.0,42753285.9,4.4091,0,MAIN,0.1,25.05,True,10.013175230566551
sz.001379,2025-06-05,20.85,22.65,20.58,22.65,20.59,12251200.0,272807142.8,18.2039,0,MAIN,0.1,22.65,True,10.004856726566281
sz.001389,2025-06-05,48.58,53.33,48.39,53.33,48.48,9436539.0,490056759.87,6.2809,0,MAIN,0.1,53.33,True,10.004125412541253
sz.001390,2025-05-29,30.0,39.0,29.01,32.0,12.08,39103123.0,1278978750.15,79.8042,0,MAIN,0.1,13.29,True,164.90066225165566
sz.001696,2025-05-07,22.2,23.93,22.15,23.93,21.75,72366080.0,1713913872.98,8.1188,0,MAIN,0.1,23.92,True,10.022988505747122
sz.001896,2025-05-06,4.26,4.63,4.19,4.63,4.21,63173582.0,278318294.26,4.1404,0,MAIN,0.1,4.63,True,9.976247030878849
sz.001896,2025-06-13,4.67,5.12,4.63,5.12,4.65,66421573.0,335180860.36,4.3533,0,MAIN,0.1,5.12,True,10.10752688172043
sz.002005,2025-06-12,1.82,1.92,1.82,1.92,1.83,37794430.0,71776144.16,2.1572,1,MAIN,0.05,1.92,True,4.918032786885229
sz.002005,2025-06-13,1.98,2.02,1.96,2.02,1.92,39387112.0,79062110.88,2.2481,1,MAIN,0.05,2.02,True,5.208333333333348
sz.002005,2025-06-20,1.94,2.04,1.93,2.04,1.94,25567001.0,51601745.04,1.4593,1,MAIN,0.05,2.04,True,5.154639175257736
sz.002005,2025-06-24,2.11,2.18,2.11,2.18,2.08,40532321.0,88067563.78,2.3135,1,MAIN,0.05,2.18,True,4.807692307692313
sz.002005,2025-06-25,2.21,2.29,2.17,2.29,2.18,35751720.0,79765524.2,2.0406,1,MAIN,0.05,2.29,True,5.045871559633031
sz.002005,2025-06-26,2.4,2.4,2.36,2.4,2.29,19540132.0,46827448.6,1.1153,1,MAIN,0.05,2.4,True,4.8034934497816595
sz.002005,2025-06-30,2.49,2.6,2.49,2.6,2.48,16662272.0,42852680.2,0.951,1,MAIN,0.05,2.6,True,4.8387096774193505
sz.002015,2025-05-29,7.32,8.05,7.28,8.05,7.32,57445759.0,445641690.75,3.5388,0,MAIN,0.1,8.05,True,9.97267759562841
sz.002015,2025-06-13,9.74,9.74,9.74,9.74,8.85,20051437.0,195300996.38,1.2352,0,MAIN,0.1,9.74,True,10.056497175141255
sz.002015,2025-06-16,10.71,10.71,10.51,10.71,9.74,57999503.0,620519754.73,3.5729,0,MAIN,0.1,10.71,True,9.958932238193018
sz.002015,2025-06-17,11.78,11.78,11.78,11.78,10.71,11666026.0,137425786.28,0.7187,0,MAIN,0.1,11.78,True,9.990662931839388
sz.002015,2025-06-18,12.8,12.96,12.51,12.96,11.78,95131266.0,1221717980.22,5.8603,0,MAIN,0.1,12.96,True,10.016977928692716
sz.002015,2025-06-30,13.84,13.93,13.58,13.93,12.66,44813095.0,620503618.05,2.7606,0,MAIN,0.1,13.93,True,10.031595576619278
sz.002017,2025-06-09,11.75,12.0,11.6,12.0,10.91,21957108.0,261194065.43,3.7851,0,MAIN,0.1,12.0,True,9.990834097158574
sz.002017,2025-06-12,11.6,12.97,11.58,12.97,11.79,83807645.0,1049235399.0,14.4475,0,MAIN,0.1,12.97,True,10.008481764206966
sz.002017,2025-06-16,12.37,13.27,12.37,13.27,12.06,44372946.0,580867055.51,7.6494,0,MAIN,0.1,13.27,True,10.033167495854055
sz.002017,2025-06-17,14.26,14.6,13.74,14.6,13.27,164507895.0,2359908979.27,28.3592,0,MAIN,0.1,14.6,True,10.02260738507912
sz.002017,2025-06-18,14.32,16.06,14.32,16.06,14.6,141656179.0,2185222892.17,24.4199,0,MAIN,0.1,16.06,True,9.999999999999986
sz.002017,2025-06-24,16.28,17.77,16.28,17.77,16.15,163872127.0,2858240888.96,28.2496,0,MAIN,0.1,17.76,True,10.030959752322
sz.002017,2025-06-30,17.61,18.43,17.3,18.43,16.75,151919779.0,2748399826.63,26.1892,0,MAIN,0.1,18.42,True,10.029850746268654
sz.002023,2025-05-22,9.83,10.77,9.83,10.77,9.79,54189316.0,567874008.73,7.3144,0,MAIN,0.1,10.77,True,10.010214504596537
sz.002037,2025-05-08,8.2,9.08,8.12,9.08,8.25,38185400.0,333049150.0,7.8914,0,MAIN,0.1,9.08,True,10.060606060606059
sz.002038,2025-06-09,7.08,7.74,7.05,7.74,7.04,59612032.0,447461785.37,7.0005,0,MAIN,0.1,7.74,True,9.943181818181813
sz.002040,2025-05-13,7.1,7.68,7.03,7.68,6.98,46720824.0,340947360.85,9.6145,0,MAIN,0.1,7.68,True,10.028653295128919
sz.002040,2025-05-14,8.03,8.45,7.96,8.45,7.68,67751266.0,567154161.2,13.9423,0,MAIN,0.1,8.45,True,10.026041666666652
sz.002040,2025-05-15,9.3,9.3,9.3,9.3,8.45,6597625.0,61357912.5,1.3577,0,MAIN,0.1,9.3,True,10.059171597633142
sz.002040,2025-05-16,9.63,10.23,9.59,10.23,9.3,94069994.0,939025551.57,19.3583,0,MAIN,0.1,10.23,True,9.999999999999986
sz.002040,2025-05-19,11.25,11.25,11.25,11.25,10.23,7907010.0,88953862.5,1.6272,0,MAIN,0.1,11.25,True,9.97067448680351
sz.002040,2025-05-21,11.8,13.18,10.78,13.18,11.98,128342670.0,1576257302.31,26.4112,0,MAIN,0.1,13.18,True,10.016694490818034
sz.002040,2025-06-10,10.5,11.53,10.4,11.53,10.48,77370080.0,855918190.23,15.9217,0,MAIN,0.1,11.53,True,10.019083969465647
sz.002040,2025-06-23,11.41,11.7,11.41,11.7,10.64,46583423.0,543686927.7,9.5862,0,MAIN,0.1,11.7,True,9.962406015037573
sz.002045,2025-05-22,14.62,16.17,14.48,16.17,14.7,56777690.0,893907477.46,10.1058,0,MAIN,0.1,16.17,True,10.000000000000009
sz.002047,2025-05-08,1.68,1.76,1.68,1.76,1.68,20655016.0,35967048.75,1.3623,1,MAIN,0.05,1.76,True,4.761904761904767
sz.002047,2025-05-12,1.81,1.9,1.81,1.9,1.81,18743745.0,35108261.08,1.2363,1,MAIN,0.05,1.9,True,4.972375690607733
sz.002047,2025-06-10,1.95,2.06,1.94,2.06,1.96,45082577.0,91620197.78,2.9734,1,MAIN,0.05,2.06,True,5.102040816326525
sz.002048,2025-06-27,17.2,17.5,16.36,17.5,15.91,69599478.0,1181434213.87,9.8055,0,MAIN,0.1,17.5,True,9.99371464487744
sz.002051,2025-06-24,8.4,8.87,8.2,8.87,8.06,92881986.0,810142675.83,7.5069,0,MAIN,0.1,8.87,True,10.049627791563264
sz.002052,2025-05-07,8.33,8.83,8.33,8.83,8.41,17539929.0,151511952.29,2.4257,1,MAIN,0.05,8.83,True,4.994054696789529
sz.002052,2025-05-08,9.01,9.27,8.98,9.27,8.83,16796196.0,154712390.1,2.3229,1,MAIN,0.05,9.27,True,4.983012457531144
sz.002052,2025-05-15,8.99,9.47,8.99,9.47,9.02,18658229.0,175634171.27,2.5804,1,MAIN,0.05,9.47,True,4.988913525498906
sz.002052,2025-05-19,9.27,9.56,9.14,9.56,9.1,14113122.0,132875028.2,1.9518,1,MAIN,0.05,9.56,True,5.054945054945059
sz.002052,2025-05-20,9.75,10.04,9.74,10.04,9.56,17888800.0,178152795.0,2.474,1,MAIN,0.05,10.04,True,5.020920502092041
sz.002052,2025-06-03,8.91,9.6,8.91,9.6,9.14,11687445.0,109729972.0,1.6163,1,MAIN,0.05,9.6,True,5.032822757111588
sz.002052,2025-06-04,10.08,10.08,9.86,10.08,9.6,19242333.0,192989727.46,2.6611,1,MAIN,0.05,10.08,True,5.000000000000004
sz.002052,2025-06-30,9.44,10.37,9.44,10.37,9.43,22330630.0,223055630.1,3.0882,0,MAIN,0.1,10.37,True,9.968186638388122
sz.002055,2025-05-29,5.75,6.33,5.74,6.33,5.75,51145634.0,314234913.91,8.5978,0,MAIN,0.1,6.32,True,10.086956521739122
sz.002055,2025-06-04,6.18,6.73,6.16,6.73,6.12,65406854.0,429532288.4,10.9952,0,MAIN,0.1,6.73,True,9.967320261437917
sz.002058,2025-05-06,9.1,9.29,9.05,9.29,8.85,2379616.0,21854178.64,1.6637,1,MAIN,0.05,9.29,True,4.971751412429382
sz.002058,2025-05-26,10.69,10.99,10.68,10.99,10.47,1575537.0,17252951.63,1.1015,1,MAIN,0.05,10.99,True,4.966571155682908
sz.002058,2025-05-28,11.56,11.56,11.16,11.56,11.01,6251268.0,71576565.0,4.3704,1,MAIN,0.05,11.56,True,4.995458673932784
sz.002065,2025-05-08,10.04,11.04,10.0,11.04,10.04,238075859.0,2525098405.58,8.1871,0,MAIN,0.1,11.04,True,9.960159362549792
sz.002067,2025-06-20,3.71,3.83,3.71,3.83,3.48,126036835.0,480756756.86,11.2538,0,MAIN,0.1,3.83,True,10.057471264367823
sz.002072,2025-06-23,4.74,5.29,4.74,5.29,4.81,7705188.0,39429020.38,2.4511,0,MAIN,0.1,5.29,True,9.97920997920998
sz.002073,2025-06-25,8.13,8.84,8.12,8.84,8.04,127185062.0,1106738418.85,12.8345,0,MAIN,0.1,8.84,True,9.950248756218905
sz.002074,2025-05-21,24.25,26.65,24.25,26.65,24.23,127905049.0,3329746385.32,7.4103,0,MAIN,0.1,26.65,True,9.98761865456046
sz.002074,2025-06-24,27.48,30.53,27.3,30.53,27.75,171152757.0,4969612079.01,9.9159,0,MAIN,0.1,30.52,True,10.018018018018026
sz.002076,2025-05-07,1.53,1.67,1.53,1.67,1.59,224848552.0,356759850.82,21.8524,1,MAIN,0.05,1.67,True,5.031446540880502
sz.002076,2025-05-09,1.69,1.74,1.67,1.74,1.66,70839291.0,121532960.71,6.8847,1,MAIN,0.05,1.74,True,4.8192771084337505
sz.002076,2025-05-12,1.77,1.83,1.73,1.83,1.74,55642991.0,99282642.98,5.4078,1,MAIN,0.05,1.83,True,5.1724137931034475
sz.002076,2025-05-14,1.86,1.95,1.86,1.95,1.86,80028130.0,154271749.0,7.7777,1,MAIN,0.05,1.95,True,4.8387096774193505
sz.002076,2025-05-15,1.98,2.05,1.97,2.05,1.95,126701624.0,256049420.96,12.3138,1,MAIN,0.05,2.05,True,5.128205128205132
sz.002076,2025-06-19,1.91,1.91,1.9,1.91,1.82,36712400.0,70120634.0,3.568,1,MAIN,0.05,1.91,True,4.9450549450549275
sz.002082,2025-05-30,5.69,6.26,5.69,6.26,5.69,17235120.0,103593164.2,3.1152,0,MAIN,0.1,6.26,True,10.017574692442865
sz.002082,2025-06-03,6.87,6.89,6.52,6.89,6.26,27382516.0,186527105.04,4.9493,0,MAIN,0.1,6.89,True,10.063897763578279
sz.002082,2025-06-04,7.57,7.58,7.12,7.58,6.89,106736146.0,792370511.46,19.2924,0,MAIN,0.1,7.58,True,10.0145137880987
sz.002086,2025-05-13,2.62,2.86,2.61,2.86,2.6,79736184.0,224774296.24,5.2561,0,MAIN,0.1,2.86,True,9.999999999999986
sz.002086,2025-06-26,2.63,2.9,2.63,2.9,2.64,241317184.0,694726833.28,15.9073,0,MAIN,0.1,2.9,True,9.84848484848484
sz.002090,2025-06-05,10.2,10.57,10.2,10.57,9.61,13436533.0,141572389.81,3.3929,0,MAIN,0.1,10.57,True,9.989594172736748
sz.002094,2025-05-06,6.93,7.61,6.93,7.61,6.92,135328264.0,1006124646.91,19.5999,0,MAIN,0.1,7.61,True,9.97109826589595
sz.002094,2025-05-13,7.45,8.15,7.36,8.15,7.41,192258255.0,1516857718.01,27.8452,0,MAIN,0.1,8.15,True,9.986504723346833
sz.002094,2025-05-14,8.29,8.97,8.11,8.97,8.15,365205145.0,3124590522.61,52.8935,0,MAIN,0.1,8.97,True,10.061349693251543
sz.002094,2025-05-27,8.09,9.0,7.94,9.0,8.18,233302092.0,2007012521.7,33.7897,0,MAIN,0.1,9.0,True,10.02444987775062
sz.002094,2025-05-29,8.87,9.79,8.66,9.79,8.9,255648417.0,2359681377.68,37.0262,0,MAIN,0.1,9.79,True,9.999999999999986
sz.002099,2025-05-22,5.3,5.82,5.28,5.82,5.29,58906533.0,333890709.91,3.6459,0,MAIN,0.1,5.82,True,10.018903591682427
sz.002099,2025-05-23,5.77,6.4,5.73,6.4,5.82,129056928.0,802735610.65,7.9877,0,MAIN,0.1,6.4,True,9.965635738831624
sz.002101,2025-05-08,11.98,13.26,11.96,13.26,12.05,22758202.0,292722309.39,3.4368,0,MAIN,0.1,13.26,True,10.041493775933596
sz.002103,2025-05-20,9.34,10.31,9.34,10.31,9.37,45371500.0,456112383.8,12.0325,0,MAIN,0.1,10.31,True,10.03201707577377
sz.002103,2025-05-27,10.33,11.51,10.33,11.51,10.46,72945844.0,810077051.21,19.3452,0,MAIN,0.1,11.51,True,10.038240917782026
sz.002103,2025-06-30,10.43,11.47,10.32,11.47,10.43,75244309.0,837962319.56,19.9547,0,MAIN,0.1,11.47,True,9.971236816874418
sz.002104,2025-05-29,7.32,8.1,7.32,8.1,7.36,85541249.0,674376879.72,14.2678,0,MAIN,0.1,8.1,True,10.05434782608694
sz.002104,2025-05-30,8.43,8.91,8.35,8.91,8.1,173264676.0,1530144335.26,28.8995,0,MAIN,0.1,8.91,True,10.000000000000009
sz.002104,2025-06-03,9.8,9.8,9.16,9.8,8.91,166324200.0,1613494945.24,27.7419,0,MAIN,0.1,9.8,True,9.988776655443331
sz.002104,2025-06-05,9.3,10.56,9.17,10.56,9.6,299876031.0,3049472341.42,50.0175,0,MAIN,0.1,10.56,True,10.000000000000009
sz.002104,2025-06-09,11.35,12.12,11.15,12.12,11.02,282837134.0,3336790936.7,47.1755,0,MAIN,0.1,12.12,True,9.981851179673317
sz.002104,2025-06-16,12.76,13.45,12.58,13.45,12.23,267579251.0,3554162204.8,44.6203,0,MAIN,0.1,13.45,True,9.97547015535567
sz.002104,2025-06-17,13.72,14.71,13.47,14.71,13.37,228299394.0,3219954854.65,38.0702,0,MAIN,0.1,14.71,True,10.022438294689607
sz.002104,2025-06-23,14.39,16.17,14.2,16.17,14.7,290420281.0,4409944154.61,48.4292,0,MAIN,0.1,16.17,True,10.000000000000009
sz.002104,2025-06-27,17.68,19.15,17.21,19.15,17.41,326089741.0,6137257399.19,54.3773,0,MAIN,0.1,19.15,True,9.994256174612293
sz.002105,2025-05-16,7.62,8.39,7.55,8.39,7.63,41624715.0,337327594.85,11.4206,0,MAIN,0.1,8.39,True,9.960681520314552
sz.002105,2025-05-19,8.47,9.23,8.39,9.23,8.39,99416358.0,867820736.83,27.2768,0,MAIN,0.1,9.23,True,10.011918951132293
sz.002105,2025-05-20,9.48,10.15,9.36,10.15,9.23,90861052.0,897177526.47,24.9295,0,MAIN,0.1,10.15,True,9.967497291440953
sz.002105,2025-06-09,8.41,9.36,8.41,9.36,8.51,45792958.0,410274512.69,12.5642,0,MAIN,0.1,9.36,True,9.9882491186839
sz.002106,2025-05-06,9.82,10.42,9.76,10.42,9.47,60161121.0,618192101.47,8.544,0,MAIN,0.1,10.42,True,10.031678986272441
sz.002108,2025-06-25,3.46,3.74,3.41,3.74,3.4,78657486.0,284375496.39,4.7719,0,MAIN,0.1,3.74,True,10.000000000000009
sz.002108,2025-06-26,4.11,4.11,4.11,4.11,3.74,49983610.0,205432637.1,3.0323,0,MAIN,0.1,4.11,True,9.89304812834224
sz.002109,2025-06-13,3.43,3.76,3.43,3.76,3.42,48414529.0,177092194.47,3.7934,0,MAIN,0.1,3.76,True,9.941520467836252
sz.002109,2025-06-18,3.92,4.22,3.86,4.22,3.84,71974046.0,292483046.75,5.6394,0,MAIN,0.1,4.22,True,9.895833333333325
sz.002109,2025-06-23,3.94,4.32,3.86,4.32,3.93,62892171.0,261099068.22,4.9278,0,MAIN,0.1,4.32,True,9.92366412213741
sz.002115,2025-06-05,7.78,8.57,7.71,8.57,7.79,205075624.0,1726578928.59,27.2636,0,MAIN,0.1,8.57,True,10.01283697047497
sz.002115,2025-06-16,8.11,9.0,8.11,9.0,8.18,143862487.0,1271725484.18,19.1257,0,MAIN,0.1,9.0,True,10.02444987775062
sz.002122,2025-05-06,3.31,3.63,3.31,3.63,3.3,175069716.0,617749257.65,8.8043,0,MAIN,0.1,3.63,True,10.000000000000009
sz.002122,2025-05-07,3.88,3.99,3.8,3.99,3.63,112869628.0,442030255.72,5.6763,0,MAIN,0.1,3.99,True,9.917355371900838
sz.002122,2025-05-14,3.9,4.28,3.85,4.28,3.89,352124090.0,1487873822.12,17.7084,0,MAIN,0.1,4.28,True,10.025706940874034
sz.002122,2025-06-10,4.6,4.68,4.58,4.68,4.25,318110105.0,1483803284.35,15.9979,0,MAIN,0.1,4.68,True,10.11764705882352
sz.002123,2025-05-20,14.33,15.9,14.33,15.9,14.45,167574757.0,2599600845.02,23.2727,0,MAIN,0.1,15.9,True,10.034602076124566
sz.002124,2025-05-08,3.24,3.59,3.09,3.59,3.26,210833741.0,710041580.0,10.6894,0,MAIN,0.1,3.59,True,10.122699386503076
sz.002125,2025-06-19,10.6,11.17,10.6,11.17,10.15,21721022.0,241315177.8,3.4506,0,MAIN,0.1,11.16,True,10.049261083743843
sz.002125,2025-06-20,12.29,12.29,12.29,12.29,11.17,14413941.0,177147334.89,2.2898,0,MAIN,0.1,12.29,True,10.026857654431499
sz.002125,2025-06-23,13.49,13.52,13.01,13.52,12.29,94014209.0,1259807507.68,14.9352,0,MAIN,0.1,13.52,True,10.008136696501225
sz.002125,2025-06-24,14.86,14.87,14.32,14.87,13.52,86470852.0,1275701472.64,13.7368,0,MAIN,0.1,14.87,True,9.985207100591719
sz.002125,2025-06-25,16.36,16.36,16.36,16.36,14.87,15697506.0,256811198.16,2.4937,0,MAIN,0.1,16.36,True,10.020174848688645
sz.002130,2025-05-08,19.32,21.21,19.29,21.21,19.28,118521194.0,2430501070.0,9.4882,0,MAIN,0.1,21.21,True,10.010373443983411
sz.002134,2025-06-05,20.9,23.17,20.9,23.17,21.06,11748882.0,262293677.3,4.7789,0,MAIN,0.1,23.17,True,10.0189933523267
sz.002136,2025-05-14,9.36,10.33,9.36,10.33,9.39,20011739.0,204436122.7,9.3314,0,MAIN,0.1,10.33,True,10.010649627263035
sz.002136,2025-05-16,10.14,11.06,9.86,11.06,10.05,21795246.0,231979732.54,10.163,0,MAIN,0.1,11.06,True,10.049751243781092
sz.002136,2025-05-19,11.35,12.17,11.02,12.17,11.06,41798132.0,493826239.33,19.4903,0,MAIN,0.1,12.17,True,10.036166365280286
sz.002136,2025-05-21,10.95,12.32,10.4,12.32,11.2,42059524.0,479275206.69,19.6122,0,MAIN,0.1,12.32,True,10.000000000000009
sz.002136,2025-05-26,12.95,13.77,12.5,13.77,12.52,35782512.0,473829358.95,16.6853,0,MAIN,0.1,13.77,True,9.984025559105426
sz.002141,2025-05-06,2.33,2.37,2.3,2.37,2.26,18408485.0,43140695.55,1.7845,1,MAIN,0.05,2.37,True,4.86725663716816
sz.002141,2025-05-08,2.38,2.49,2.33,2.49,2.37,45139610.0,109196698.4,4.3757,1,MAIN,0.05,2.49,True,5.063291139240511
sz.002141,2025-05-09,2.59,2.61,2.51,2.61,2.49,34456680.0,89072277.4,3.3401,1,MAIN,0.05,2.61,True,4.819277108433728
sz.002141,2025-05-12,2.71,2.74,2.68,2.74,2.61,24859500.0,67879869.0,2.4098,1,MAIN,0.05,2.74,True,4.9808429118774145
sz.002141,2025-05-13,2.88,2.88,2.85,2.88,2.74,9415600.0,27102705.0,0.9127,1,MAIN,0.05,2.88,True,5.109489051094873
sz.002141,2025-05-14,3.02,3.02,3.02,3.02,2.88,4602950.0,13900909.0,0.4462,1,MAIN,0.05,3.02,True,4.861111111111116
sz.002141,2025-05-16,2.9,3.01,2.8,3.01,2.87,53051540.0,156112988.6,5.1427,1,MAIN,0.05,3.01,True,4.878048780487787
sz.002141,2025-05-20,3.09,3.24,3.03,3.24,3.09,28968585.0,92128944.75,2.8081,1,MAIN,0.05,3.24,True,4.854368932038855
sz.002141,2025-05-21,3.25,3.4,3.21,3.4,3.24,42021988.0,141221636.38,4.0735,1,MAIN,0.05,3.4,True,4.938271604938271
sz.002141,2025-05-27,3.09,3.16,3.09,3.16,3.01,11287200.0,35475275.0,1.0942,1,MAIN,0.05,3.16,True,4.983388704318958
sz.002141,2025-06-04,3.21,3.36,3.21,3.36,3.2,30330985.0,101317886.1,2.9402,1,MAIN,0.05,3.36,True,4.999999999999982
sz.002141,2025-06-10,3.66,3.89,3.66,3.89,3.7,34688226.0,132564320.14,3.3626,1,MAIN,0.05,3.88,True,5.135135135135127
sz.002141,2025-06-13,3.85,4.07,3.81,4.07,3.88,37229500.0,148350867.0,3.6089,1,MAIN,0.05,4.07,True,4.89690721649485
sz.002141,2025-06-17,4.2,4.44,4.18,4.44,4.23,29986050.0,131562002.5,2.9068,1,MAIN,0.05,4.44,True,4.964539007092195
sz.002141,2025-06-19,4.48,4.78,4.48,4.78,4.55,53621714.0,253397381.2,5.198,1,MAIN,0.05,4.78,True,5.054945054945059
sz.002141,2025-06-23,4.98,5.21,4.91,5.21,4.96,48981630.0,252742647.81,4.7482,1,MAIN,0.05,5.21,True,5.040322580645151
sz.002141,2025-06-24,5.23,5.47,5.21,5.47,5.21,38350887.0,206311024.0,3.7176,1,MAIN,0.05,5.47,True,4.99040307101728
sz.002144,2025-05-09,11.31,12.44,11.31,12.44,11.31,15004913.0,182655924.72,10.9012,0,MAIN,0.1,12.44,True,9.991158267020328
sz.002150,2025-06-18,10.91,11.75,10.85,11.75,10.68,17897297.0,207107907.72,4.9916,0,MAIN,0.1,11.75,True,10.018726591760307
sz.002153,2025-06-06,8.88,9.01,8.61,9.01,8.19,29866896.0,267283897.27,1.867,0,MAIN,0.1,9.01,True,10.012210012210021
sz.002158,2025-05-08,17.58,19.03,17.43,19.03,17.3,16436585.0,304168924.77,3.0803,0,MAIN,0.1,19.03,True,10.000000000000009
sz.002161,2025-05-20,5.43,5.97,5.39,5.97,5.43,64698436.0,374661663.03,9.0683,0,MAIN,0.1,5.97,True,9.944751381215466
sz.002161,2025-05-26,6.12,6.12,6.12,6.12,5.56,17589514.0,107647825.68,2.4654,0,MAIN,0.1,6.12,True,10.07194244604317
sz.002161,2025-06-10,6.57,7.28,6.45,7.28,6.62,161329434.0,1143639378.07,22.6123,0,MAIN,0.1,7.28,True,9.969788519637458
sz.002162,2025-05-30,4.24,4.52,4.24,4.52,4.11,87611896.0,392231364.6,9.5386,0,MAIN,0.1,4.52,True,9.975669099756669
sz.002164,2025-06-12,9.18,9.79,9.18,9.79,8.9,71073612.0,681568865.18,14.8139,0,MAIN,0.1,9.79,True,9.999999999999986
sz.002165,2025-05-07,12.54,13.68,12.45,13.68,12.44,314420281.0,4092651281.15,43.2116,0,MAIN,0.1,13.68,True,9.967845659163999
sz.002165,2025-05-16,10.82,12.44,10.71,12.44,11.31,300391427.0,3604542980.93,41.2836,0,MAIN,0.1,12.44,True,9.991158267020328
sz.002165,2025-05-21,11.22,12.79,11.06,12.79,11.63,364620765.0,4406739140.29,50.1108,0,MAIN,0.1,12.79,True,9.974204643164208
sz.002167,2025-06-26,10.46,11.5,10.39,11.5,10.45,92876925.0,1040093017.2,12.2564,0,MAIN,0.1,11.5,True,10.047846889952151
sz.002168,2025-05-06,2.39,2.39,2.39,2.39,2.28,1966500.0,4699935.0,0.2508,1,MAIN,0.05,2.39,True,4.824561403508776
sz.002168,2025-05-07,2.51,2.51,2.51,2.51,2.39,1585836.0,3980448.36,0.2022,1,MAIN,0.05,2.51,True,5.020920502092041
sz.002168,2025-05-09,2.56,2.65,2.49,2.65,2.52,22553011.0,58583091.59,2.8761,1,MAIN,0.05,2.65,True,5.158730158730163
sz.002168,2025-05-14,2.65,2.77,2.62,2.77,2.64,8212940.0,22318183.6,1.0474,1,MAIN,0.05,2.77,True,4.924242424242431
sz.002168,2025-05-16,2.86,3.03,2.84,3.03,2.89,26645685.0,78895583.5,3.398,1,MAIN,0.05,3.03,True,4.844290657439432
sz.002168,2025-05-23,2.91,3.02,2.89,3.02,2.88,16607080.0,49530313.0,2.1178,1,MAIN,0.05,3.02,True,4.861111111111116
sz.002168,2025-05-27,2.99,3.14,2.98,3.14,2.99,15356658.0,47884978.7,1.9583,1,MAIN,0.05,3.14,True,5.0167224080267525
sz.002168,2025-05-28,3.18,3.3,3.14,3.3,3.14,13187800.0,43028401.0,1.6818,1,MAIN,0.05,3.3,True,5.095541401273884
sz.002168,2025-05-30,3.2,3.37,3.2,3.37,3.21,13111212.0,43570905.32,1.672,1,MAIN,0.05,3.37,True,4.984423676012462
sz.002168,2025-06-30,3.19,3.32,3.19,3.32,3.16,5313810.0,17486475.9,0.6776,1,MAIN,0.05,3.32,True,5.063291139240489
sz.002172,2025-06-09,3.78,4.15,3.78,4.15,3.77,54560548.0,223776660.8,7.1296,0,MAIN,0.1,4.15,True,10.07957559681698
sz.002172,2025-06-10,4.57,4.57,4.31,4.57,4.15,205364363.0,929408130.99,26.8355,0,MAIN,0.1,4.57,True,10.120481927710845
sz.002172,2025-06-13,4.45,5.09,4.36,5.09,4.63,212960003.0,1000763754.02,27.828,0,MAIN,0.1,5.09,True,9.935205183585305
sz.002173,2025-05-30,10.56,11.62,10.52,11.62,10.56,125800285.0,1433525135.45,30.2183,0,MAIN,0.1,11.62,True,10.037878787878785
sz.002173,2025-06-17,12.64,12.64,12.64,12.64,11.49,24126051.0,304953284.64,5.7953,0,MAIN,0.1,12.64,True,10.008703220191473
sz.002173,2025-06-19,12.29,13.59,12.0,13.59,12.35,132299512.0,1744817901.75,31.7795,0,MAIN,0.1,13.58,True,10.040485829959511
sz.002173,2025-06-30,13.62,14.25,13.25,14.25,12.95,126512720.0,1762898619.77,30.3895,0,MAIN,0.1,14.24,True,10.038610038610042
sz.002174,2025-05-26,11.8,12.91,11.77,12.91,11.74,63475564.0,796070177.87,6.9344,0,MAIN,0.1,12.91,True,9.965928449744466
sz.002175,2025-06-24,4.27,4.69,4.27,4.69,4.26,190382668.0,867644444.76,14.9111,0,MAIN,0.1,4.69,True,10.093896713615047
sz.002177,2025-05-28,4.76,5.24,4.7,5.24,4.76,145756425.0,747852523.5,21.7804,0,MAIN,0.1,5.24,True,10.084033613445387
sz.002177,2025-05-29,5.44,5.76,5.36,5.76,5.24,194821511.0,1079709957.36,29.1122,0,MAIN,0.1,5.76,True,9.923664122137389
sz.002177,2025-05-30,6.34,6.34,6.34,6.34,5.76,21868206.0,138644426.04,3.2678,0,MAIN,0.1,6.34,True,10.069444444444443
sz.002177,2025-06-03,6.97,6.97,6.97,6.97,6.34,10185603.0,70993652.91,1.522,0,MAIN,0.1,6.97,True,9.936908517350162
sz.002177,2025-06-04,7.32,7.67,7.23,7.67,6.97,459810094.0,3470846606.85,68.7094,0,MAIN,0.1,7.67,True,10.04304160688665
sz.002178,2025-06-26,5.86,6.44,5.83,6.44,5.85,85023775.0,535549281.25,11.9452,0,MAIN,0.1,6.44,True,10.085470085470094
sz.002181,2025-06-09,6.15,6.67,6.09,6.67,6.06,87316703.0,562295621.64,7.6964,0,MAIN,0.1,6.67,True,10.066006600660081
sz.002181,2025-06-10,7.0,7.34,6.9,7.34,6.67,171448293.0,1235538927.98,15.112,0,MAIN,0.1,7.34,True,10.04497751124438
sz.002181,2025-06-11,7.71,8.07,7.71,8.07,7.34,100302725.0,802848749.77,8.841,0,MAIN,0.1,8.07,True,9.945504087193457
sz.002181,2025-06-12,8.5,8.88,8.09,8.88,8.07,194693190.0,1669902589.2,17.1608,0,MAIN,0.1,8.88,True,10.03717472118959
sz.002184,2025-06-05,11.96,13.05,11.81,13.05,11.86,25252255.0,318037799.83,10.5055,0,MAIN,0.1,13.05,True,10.033726812816202
sz.002185,2025-06-27,9.2,9.96,9.13,9.96,9.05,206924045.0,2004408817.4,6.4588,0,MAIN,0.1,9.96,True,10.055248618784528
sz.002189,2025-06-25,22.68,24.41,22.3,24.41,22.19,18474726.0,442671502.26,7.0741,0,MAIN,0.1,24.41,True,10.004506534474977
sz.002189,2025-06-26,26.85,26.85,26.85,26.85,24.41,6874753.0,184587118.05,2.6324,0,MAIN,0.1,26.85,True,9.995903318312171
sz.002189,2025-06-30,27.2,30.8,26.6,30.8,28.0,51455174.0,1521211871.36,19.7026,0,MAIN,0.1,30.8,True,10.000000000000009
sz.002190,2025-05-07,17.6,18.41,17.32,18.41,16.74,22226182.0,396965174.0,6.1958,0,MAIN,0.1,18.41,True,9.976105137395464
sz.002190,2025-05-08,20.25,20.25,19.55,20.25,18.41,35419972.0,711001595.79,9.8737,0,MAIN,0.1,20.25,True,9.994568169473105
sz.002190,2025-05-09,22.28,22.28,22.28,22.28,20.25,9860485.0,219691605.8,2.7487,0,MAIN,0.1,22.28,True,10.024691358024707
sz.002190,2025-05-12,24.29,24.51,23.51,24.51,22.28,33060629.0,802996950.79,9.216,0,MAIN,0.1,24.51,True,10.008976660682233
sz.002190,2025-05-13,26.96,26.96,26.96,26.96,24.51,3816709.0,102898474.64,1.064,0,MAIN,0.1,26.96,True,9.995920032639738
sz.002190,2025-05-14,29.66,29.66,29.66,29.66,26.96,20025547.0,593957724.02,5.5824,0,MAIN,0.1,29.66,True,10.014836795252213
sz.002190,2025-05-15,32.62,32.63,31.8,32.63,29.66,43383336.0,1409530759.05,12.0936,0,MAIN,0.1,32.63,True,10.013486176668929
sz.002190,2025-05-16,35.52,35.89,34.6,35.89,32.63,43926527.0,1562649637.82,12.245,0,MAIN,0.1,35.89,True,9.990806006742247
sz.002190,2025-05-19,38.33,39.48,36.81,39.48,35.89,65388511.0,2519030880.59,18.2278,0,MAIN,0.1,39.48,True,10.002786291446064
sz.002190,2025-06-13,34.15,36.72,32.81,36.72,33.38,90219829.0,3156077757.63,25.1498,0,MAIN,0.1,36.72,True,10.005991611743536
sz.002190,2025-06-30,35.97,39.06,35.8,39.06,35.51,59436571.0,2278912834.94,16.5686,0,MAIN,0.1,39.06,True,9.99718389186146
sz.002191,2025-06-04,3.85,4.21,3.83,4.21,3.83,66375682.0,268023492.61,4.6068,0,MAIN,0.1,4.21,True,9.921671018276768
sz.002194,2025-05-09,13.15,14.47,12.67,14.47,13.15,128111744.0,1751974403.72,25.0759,0,MAIN,0.1,14.47,True,10.038022813688219
sz.002194,2025-05-26,13.46,14.73,13.4,14.73,13.39,85600230.0,1243545314.0,16.755,0,MAIN,0.1,14.73,True,10.007468259895447
sz.002195,2025-05-06,5.22,5.67,5.19,5.67,5.15,471907938.0,2587223997.38,8.4073,0,MAIN,0.1,5.67,True,10.097087378640769
sz.002197,2025-05-06,5.0,5.22,4.96,5.22,4.97,13827600.0,70762787.0,2.5894,1,MAIN,0.05,5.22,True,5.030181086519114
sz.002197,2025-05-08,5.31,5.54,5.25,5.54,5.28,28009287.0,152347780.37,5.2452,1,MAIN,0.05,5.54,True,4.924242424242431
sz.002197,2025-06-11,6.32,6.63,6.32,6.63,6.31,28136454.0,183226347.61,5.269,1,MAIN,0.05,6.63,True,5.071315372424734
sz.002197,2025-06-24,6.84,7.11,6.8,7.11,6.77,19938691.0,139696988.62,3.7338,1,MAIN,0.05,7.11,True,5.0221565731167095
sz.002199,2025-05-06,5.09,5.23,5.03,5.23,4.98,15900528.0,82425458.94,6.5315,1,MAIN,0.05,5.23,True,5.020080321285136
sz.002199,2025-05-09,5.21,5.46,5.12,5.46,5.2,8963550.0,47552596.5,3.682,1,MAIN,0.05,5.46,True,5.000000000000004
sz.002199,2025-05-20,5.55,5.9,5.5,5.9,5.62,18471678.0,106634337.12,7.5877,1,MAIN,0.05,5.9,True,4.982206405693956
sz.002199,2025-05-26,5.67,5.96,5.67,5.96,5.68,15222958.0,89987457.68,6.2532,1,MAIN,0.05,5.96,True,4.929577464788748
sz.002199,2025-05-27,5.96,6.26,5.92,6.26,5.96,13162158.0,80326095.32,5.4067,1,MAIN,0.05,6.26,True,5.033557046979853
sz.002199,2025-06-05,6.57,6.57,6.57,6.57,6.26,584370.0,3839310.9,0.24,1,MAIN,0.05,6.57,True,4.952076677316297
sz.002199,2025-06-06,6.9,6.9,6.9,6.9,6.57,427500.0,2949750.0,0.1756,1,MAIN,0.05,6.9,True,5.022831050228316
sz.002199,2025-06-09,7.25,7.25,7.25,7.25,6.9,1482801.0,10750307.25,0.6091,1,MAIN,0.05,7.25,True,5.072463768115942
sz.002199,2025-06-10,7.61,7.61,7.61,7.61,7.25,1043000.0,7937230.0,0.4284,1,MAIN,0.05,7.61,True,4.965517241379325
sz.002199,2025-06-11,7.99,7.99,7.84,7.99,7.61,17019572.0,135830990.28,6.9912,1,MAIN,0.05,7.99,True,4.993429697766105
sz.002199,2025-06-12,8.39,8.39,7.86,8.39,7.99,48206023.0,392977924.62,19.8018,1,MAIN,0.05,8.39,True,5.00625782227786
sz.002199,2025-06-16,8.29,8.38,8.25,8.38,7.98,5338102.0,44552463.6,2.1928,1,MAIN,0.05,8.38,True,5.012531328320802
sz.002199,2025-06-17,8.8,8.8,8.8,8.8,8.38,573000.0,5042400.0,0.2354,1,MAIN,0.05,8.8,True,5.011933174224348
sz.002199,2025-06-18,8.93,9.24,8.75,9.24,8.8,30168672.0,273524187.83,12.3925,1,MAIN,0.05,9.24,True,5.000000000000004
sz.002199,2025-06-24,8.6,9.02,8.6,9.02,8.59,7030900.0,62833693.0,2.8881,1,MAIN,0.05,9.02,True,5.005820721769494
sz.002199,2025-06-25,9.35,9.47,9.11,9.47,9.02,17662173.0,165902364.11,7.2552,1,MAIN,0.05,9.47,True,4.988913525498906
sz.002200,2025-05-06,8.19,8.19,8.19,8.19,7.8,1214300.0,9945117.0,0.6595,1,MAIN,0.05,8.19,True,5.000000000000004
sz.002200,2025-05-07,8.6,8.6,8.52,8.6,8.19,14154867.0,121730892.36,7.6873,1,MAIN,0.05,8.6,True,5.0061050061050105
sz.002200,2025-05-08,8.95,9.03,8.66,9.03,8.6,19410607.0,171402491.81,10.5416,1,MAIN,0.05,9.03,True,5.000000000000004
sz.002200,2025-05-12,8.7,9.01,8.38,9.01,8.58,22625274.0,197036494.85,12.2875,1,MAIN,0.05,9.01,True,5.011655011655014
sz.002200,2025-05-29,7.87,8.26,7.86,8.26,7.87,14652112.0,118435385.72,7.9574,1,MAIN,0.05,8.26,True,4.955527318932651
sz.002200,2025-06-16,7.89,7.99,7.81,7.99,7.61,5740300.0,45451272.6,3.1175,1,MAIN,0.05,7.99,True,4.993429697766105
sz.002200,2025-06-18,8.03,8.47,8.02,8.47,8.07,8347700.0,68744552.0,4.5335,1,MAIN,0.05,8.47,True,4.956629491945486
sz.002205,2025-06-27,10.77,11.75,10.77,11.75,10.68,12792257.0,146707956.55,6.8834,0,MAIN,0.1,11.75,True,10.018726591760307
sz.002207,2025-06-13,6.86,6.86,6.86,6.86,6.24,12601330.0,86445123.8,4.8317,0,MAIN,0.1,6.86,True,9.935897435897445
sz.002207,2025-06-16,7.55,7.55,7.55,7.55,6.86,5914700.0,44655985.0,2.2678,0,MAIN,0.1,7.55,True,10.058309037900859
sz.002207,2025-06-17,8.31,8.31,8.2,8.31,7.55,75892597.0,630575338.45,29.0991,0,MAIN,0.1,8.3,True,10.066225165562926
sz.002207,2025-06-18,9.14,9.14,9.14,9.14,8.31,3922700.0,35853478.0,1.5041,0,MAIN,0.1,9.14,True,9.987966305655839
sz.002207,2025-06-19,9.85,10.05,9.71,10.05,9.14,39948503.0,395320317.71,15.3172,0,MAIN,0.1,10.05,True,9.956236323851208
sz.002207,2025-06-23,10.41,10.58,10.01,10.58,9.62,110353137.0,1148716349.24,42.3121,0,MAIN,0.1,10.58,True,9.97920997920998
sz.002207,2025-06-26,7.88,9.43,7.88,9.43,8.57,123021045.0,1042101107.33,47.1693,0,MAIN,0.1,9.43,True,10.035005834305721
sz.002208,2025-06-16,6.94,7.49,6.94,7.49,6.81,76059511.0,555775690.3,9.4709,0,MAIN,0.1,7.49,True,9.985315712187969
sz.002210,2025-06-24,2.56,2.67,2.53,2.67,2.43,180441153.0,474283817.14,6.7931,0,MAIN,0.1,2.67,True,9.876543209876543
sz.002210,2025-06-27,2.66,2.9,2.61,2.9,2.64,361929978.0,991303906.24,13.6256,0,MAIN,0.1,2.9,True,9.84848484848484
sz.002211,2025-05-21,2.8,2.95,2.78,2.95,2.81,23476815.0,67920427.16,5.4285,1,MAIN,0.05,2.95,True,4.982206405693956
sz.002213,2025-06-06,15.67,16.49,15.2,16.49,14.99,21709450.0,347599512.24,10.5276,0,MAIN,0.1,16.49,True,10.006671114076049
sz.002213,2025-06-18,16.41,18.12,16.16,18.12,16.47,49969926.0,853536544.54,24.232,0,MAIN,0.1,18.12,True,10.018214936247727
sz.002213,2025-06-23,17.28,19.14,16.36,19.14,17.4,49251932.0,912351877.52,23.8838,0,MAIN,0.1,19.14,True,10.000000000000009
sz.002214,2025-05-09,8.43,8.85,8.43,8.85,8.43,11541967.0,101639625.68,2.4095,1,MAIN,0.05,8.85,True,4.982206405693956
sz.002214,2025-05-12,9.02,9.29,8.89,9.29,8.85,9018108.0,82305527.52,1.8826,1,MAIN,0.05,9.29,True,4.971751412429382
sz.002214,2025-06-09,9.79,10.24,9.77,10.24,9.75,6567558.0,66236527.82,1.371,1,MAIN,0.05,10.24,True,5.0256410256410255
sz.002215,2025-05-26,10.22,11.21,10.14,11.21,10.19,67293488.0,731107200.12,8.6342,0,MAIN,0.1,11.21,True,10.009813542688928
sz.002215,2025-05-27,11.55,12.33,11.35,12.33,11.21,156376297.0,1850528343.79,20.0641,0,MAIN,0.1,12.33,True,9.991079393398739
sz.002217,2025-05-14,2.05,2.16,2.04,2.16,2.06,45017100.0,95220868.0,0.7925,1,MAIN,0.05,2.16,True,4.854368932038833
sz.002217,2025-06-24,2.35,2.35,2.35,2.35,2.14,59798912.0,140527443.2,1.0527,0,MAIN,0.1,2.35,True,9.81308411214954
sz.002217,2025-06-25,2.56,2.59,2.46,2.59,2.35,174398784.0,445355777.84,3.0702,0,MAIN,0.1,2.59,True,10.212765957446802
sz.002217,2025-06-26,2.85,2.85,2.78,2.85,2.59,203916582.0,579964654.7,3.5899,0,MAIN,0.1,2.85,True,10.038610038610042
sz.002224,2025-05-29,4.52,4.97,4.51,4.97,4.52,137727717.0,667356087.98,17.0797,0,MAIN,0.1,4.97,True,9.95575221238938
sz.002227,2025-06-24,11.94,13.09,11.94,13.09,11.9,12752500.0,162316146.0,5.1853,0,MAIN,0.1,13.09,True,9.999999999999986
sz.002229,2025-05-26,16.0,17.12,15.52,17.12,15.56,166773917.0,2737375953.88,33.8171,0,MAIN,0.1,17.12,True,10.025706940874034
sz.002229,2025-05-29,17.11,19.17,17.11,19.17,17.43,160235673.0,2964395646.18,32.4913,0,MAIN,0.1,19.17,True,9.982788296041312
sz.002231,2025-05-12,3.03,3.17,2.95,3.17,3.02,56923336.0,175543347.32,19.3079,1,MAIN,0.05,3.17,True,4.966887417218535
sz.002231,2025-05-15,2.9,3.05,2.9,3.05,2.9,27197031.0,81751494.55,9.225,1,MAIN,0.05,3.04,True,5.1724137931034475
sz.002231,2025-05-22,3.41,3.55,3.34,3.55,3.38,56803375.0,198069117.7,19.2672,1,MAIN,0.05,3.55,True,5.02958579881656
sz.002231,2025-06-26,3.05,3.15,3.03,3.15,3.0,17819035.0,55636141.15,6.0441,1,MAIN,0.05,3.15,True,5.000000000000004
sz.002232,2025-05-29,17.36,19.11,17.35,19.11,17.37,18943231.0,354537060.13,4.6367,0,MAIN,0.1,19.11,True,10.017271157167528
sz.002235,2025-06-12,5.68,6.27,5.68,6.27,5.7,78596648.0,473086460.46,14.1979,0,MAIN,0.1,6.27,True,9.999999999999986
sz.002235,2025-06-13,6.9,6.9,6.9,6.9,6.27,23718775.0,163659547.5,4.2846,0,MAIN,0.1,6.9,True,10.047846889952172
sz.002235,2025-06-18,7.13,8.06,7.13,8.06,7.33,268861898.0,2057789724.66,48.568,0,MAIN,0.1,8.06,True,9.959072305593452
sz.002235,2025-06-20,8.21,9.03,8.21,9.03,8.21,220379265.0,1902014661.37,39.81,0,MAIN,0.1,9.03,True,9.987819732034087
sz.002235,2025-06-23,9.22,9.93,8.96,9.93,9.03,247367374.0,2346591624.91,44.6852,0,MAIN,0.1,9.93,True,9.966777408637872
sz.002237,2025-06-12,11.51,12.49,11.38,12.49,11.35,38870074.0,466763065.7,4.2693,0,MAIN,0.1,12.49,True,10.044052863436125
sz.002240,2025-06-19,11.19,12.34,11.17,12.34,11.22,73791325.0,897537425.65,8.5145,0,MAIN,0.1,12.34,True,9.982174688057043
sz.002246,2025-06-03,12.73,12.73,12.73,12.73,11.57,10118400.0,128807232.0,1.8429,0,MAIN,0.1,12.73,True,10.025929127052713
sz.002246,2025-06-13,13.53,14.29,13.41,14.29,12.99,66631115.0,930721886.79,12.136,0,MAIN,0.1,14.29,True,10.007698229407236
sz.002246,2025-06-30,13.29,14.62,13.29,14.62,13.29,52533729.0,743060242.38,9.5684,0,MAIN,0.1,14.62,True,10.007524454477057
sz.002250,2025-05-28,7.6,7.6,7.32,7.6,6.91,138816360.0,1049184040.21,15.3129,0,MAIN,0.1,7.6,True,9.985528219971052
sz.002250,2025-05-29,7.66,8.36,7.56,8.36,7.6,151201364.0,1214414241.95,16.6791,0,MAIN,0.1,8.36,True,9.999999999999986
sz.002250,2025-05-30,8.55,9.2,8.41,9.2,8.36,203529013.0,1837707230.62,22.4513,0,MAIN,0.1,9.2,True,10.047846889952151
sz.002250,2025-06-03,9.72,10.12,9.66,10.12,9.2,119422074.0,1195210100.58,13.1735,0,MAIN,0.1,10.12,True,10.000000000000009
sz.002250,2025-06-05,10.91,11.97,10.5,11.97,10.88,196837231.0,2228743559.15,21.7132,0,MAIN,0.1,11.97,True,10.018382352941169
sz.002250,2025-06-09,13.4,14.08,13.18,14.08,12.8,78468166.0,1078166287.03,8.6558,0,MAIN,0.1,14.08,True,9.999999999999986
sz.002253,2025-05-15,8.61,8.62,8.47,8.62,8.21,15362444.0,132012095.25,7.3943,1,MAIN,0.05,8.62,True,4.993909866017021
sz.002253,2025-05-19,8.65,8.85,8.54,8.85,8.43,11282805.0,98814227.72,5.4307,1,MAIN,0.05,8.85,True,4.982206405693956
sz.002253,2025-05-21,9.3,9.6,9.3,9.6,9.14,3107150.0,29634304.0,1.4955,1,MAIN,0.05,9.6,True,5.032822757111588
sz.002253,2025-06-12,11.06,11.48,10.88,11.48,10.93,16527109.0,186604264.27,7.9549,1,MAIN,0.05,11.48,True,5.032021957914012
sz.002253,2025-06-23,10.35,11.01,10.26,11.01,10.49,9319915.0,99614941.9,4.4859,1,MAIN,0.05,11.01,True,4.957102001906577
sz.002255,2025-05-06,8.42,9.21,8.39,9.21,8.37,77490495.0,696151398.37,12.1464,0,MAIN,0.1,9.21,True,10.035842293906839
sz.002258,2025-05-27,10.52,11.57,10.32,11.57,10.52,64200628.0,717857851.55,8.0336,0,MAIN,0.1,11.57,True,9.980988593155903
sz.002259,2025-05-07,3.33,3.48,3.3,3.48,3.31,18606581.0,63749333.3,2.4732,1,MAIN,0.05,3.48,True,5.1359516616314105
sz.002259,2025-05-08,3.53,3.65,3.48,3.65,3.48,18436457.0,66725728.52,2.4506,1,MAIN,0.05,3.65,True,4.885057471264376
sz.002259,2025-05-09,3.72,3.83,3.7,3.83,3.65,16723117.0,63700403.35,2.2228,1,MAIN,0.05,3.83,True,4.93150684931507
sz.002259,2025-05-12,3.98,4.02,3.92,4.02,3.83,12918672.0,51796298.92,1.7172,1,MAIN,0.05,4.02,True,4.960835509138373
sz.002259,2025-05-13,4.22,4.22,4.22,4.22,4.02,4717210.0,19906626.2,0.627,1,MAIN,0.05,4.22,True,4.975124378109452
sz.002259,2025-05-22,3.81,4.22,3.74,4.22,3.84,30654047.0,124091332.6,4.0746,0,MAIN,0.1,4.22,True,9.895833333333325
sz.002259,2025-05-27,4.01,4.48,4.0,4.48,4.07,32933546.0,142915170.51,4.3775,0,MAIN,0.1,4.48,True,10.073710073710075
sz.002263,2025-06-24,2.55,2.82,2.54,2.82,2.56,49136720.0,135952167.4,2.616,0,MAIN,0.1,2.82,True,10.15625
sz.002263,2025-06-25,3.0,3.1,2.98,3.1,2.82,95165472.0,291775566.2,5.0665,0,MAIN,0.1,3.1,True,9.929078014184412
sz.002263,2025-06-26,3.39,3.41,3.15,3.41,3.1,464934734.0,1543688191.2,24.7524,0,MAIN,0.1,3.41,True,10.000000000000009
sz.002263,2025-06-27,3.75,3.75,3.69,3.75,3.41,257464771.0,965298815.25,13.707,0,MAIN,0.1,3.75,True,9.97067448680351
sz.002263,2025-06-30,3.8,4.13,3.71,4.13,3.75,606394817.0,2425240525.65,32.2835,0,MAIN,0.1,4.12,True,10.133333333333328
sz.002265,2025-05-07,22.25,24.06,21.77,24.06,21.87,58149920.0,1343257517.25,14.4258,0,MAIN,0.1,24.06,True,10.013717421124824
sz.002265,2025-06-05,20.93,22.52,20.86,22.52,20.47,33256649.0,727198842.04,8.2503,0,MAIN,0.1,22.52,True,10.014655593551547
sz.002265,2025-06-25,24.02,26.09,23.97,26.09,23.72,62008179.0,1569734366.31,15.3829,0,MAIN,0.1,26.09,True,9.99156829679595
sz.002265,2025-06-26,28.18,28.7,27.53,28.7,26.09,42226866.0,1196339339.29,10.4756,0,MAIN,0.1,28.7,True,10.003832886163288
sz.002268,2025-06-19,16.75,17.83,16.74,17.83,16.21,39310882.0,693656201.26,4.6498,0,MAIN,0.1,17.83,True,9.993830968537921
sz.002269,2025-06-16,1.76,1.95,1.75,1.95,1.77,257767476.0,489536555.1,10.2594,0,MAIN,0.1,1.95,True,10.169491525423723
sz.002272,2025-05-06,10.1,10.75,10.1,10.75,9.77,74063363.0,769728530.24,19.1525,0,MAIN,0.1,10.75,True,10.030706243602872
sz.002272,2025-06-20,10.5,11.04,10.36,11.04,10.04,127604941.0,1394374953.68,32.9981,0,MAIN,0.1,11.04,True,9.960159362549792
sz.002275,2025-06-04,14.75,16.14,14.75,16.14,14.67,21426941.0,337536384.64,3.8328,0,MAIN,0.1,16.14,True,10.020449897750506
sz.002277,2025-05-20,6.14,6.24,5.98,6.24,5.67,74763999.0,461669729.75,5.3626,0,MAIN,0.1,6.24,True,10.052910052910068
sz.002277,2025-05-28,6.58,6.59,6.33,6.59,5.99,70738500.0,463699163.0,5.0739,0,MAIN,0.1,6.59,True,10.016694490818034
sz.002278,2025-05-28,8.06,8.91,8.06,8.91,8.1,80964011.0,697633713.25,24.2257,0,MAIN,0.1,8.91,True,10.000000000000009
sz.002278,2025-06-23,8.75,8.87,8.59,8.87,8.06,26911675.0,237070826.25,8.0524,0,MAIN,0.1,8.87,True,10.049627791563264
sz.002281,2025-06-24,43.23,47.19,43.23,47.19,42.9,56300460.0,2575648438.63,7.2816,0,MAIN,0.1,47.19,True,10.000000000000009
sz.002284,2025-05-16,11.75,12.63,11.45,12.63,11.48,59680867.0,726376698.17,8.1619,0,MAIN,0.1,12.63,True,10.017421602787469
sz.002286,2025-05-07,9.41,10.27,9.35,10.27,9.34,57516353.0,570448313.77,15.5615,0,MAIN,0.1,10.27,True,9.95717344753746
sz.002286,2025-05-19,9.79,10.78,9.52,10.78,9.8,48813965.0,503240884.82,13.207,0,MAIN,0.1,10.78,True,9.999999999999986
sz.002286,2025-05-21,11.23,12.56,11.1,12.56,11.42,67171559.0,807352827.24,18.1737,0,MAIN,0.1,12.56,True,9.982486865148864
sz.002286,2025-05-27,11.21,12.33,11.2,12.33,11.21,53989846.0,651232139.03,14.6073,0,MAIN,0.1,12.33,True,9.991079393398739
sz.002286,2025-06-03,10.78,12.0,10.78,12.0,10.91,39803922.0,458761260.99,10.7692,0,MAIN,0.1,12.0,True,9.990834097158574
sz.002289,2025-05-06,9.46,9.46,9.46,9.46,9.01,2927354.0,27692768.84,1.0457,1,MAIN,0.05,9.46,True,4.994450610432866
sz.002289,2025-05-07,9.93,9.93,9.93,9.93,9.46,552800.0,5489304.0,0.1975,1,MAIN,0.05,9.93,True,4.96828752642704
sz.002289,2025-05-08,10.43,10.43,10.43,10.43,9.93,518650.0,5409519.5,0.1853,1,MAIN,0.05,10.43,True,5.035246727089637
sz.002289,2025-05-09,10.95,10.95,10.93,10.95,10.43,5391168.0,59031660.6,1.9257,1,MAIN,0.05,10.95,True,4.985618408437187
sz.002289,2025-05-12,11.5,11.5,11.5,11.5,10.95,207002.0,2380523.0,0.0739,1,MAIN,0.05,11.5,True,5.022831050228316
sz.002289,2025-05-13,12.08,12.08,12.08,12.08,11.5,269050.0,3250124.0,0.0961,1,MAIN,0.05,12.08,True,5.043478260869572
sz.002289,2025-05-14,12.68,12.68,12.68,12.68,12.08,216050.0,2739514.0,0.0772,1,MAIN,0.05,12.68,True,4.966887417218535
sz.002289,2025-05-19,12.63,13.85,12.62,13.85,13.19,5968015.0,80558968.11,2.1318,1,MAIN,0.05,13.85,True,5.003790750568604
sz.002289,2025-05-20,14.54,14.54,14.05,14.54,13.85,2302020.0,33442579.8,0.8223,1,MAIN,0.05,14.54,True,4.981949458483759
sz.002289,2025-05-26,15.27,15.27,15.27,15.27,14.54,1226446.0,18727830.42,0.4381,1,MAIN,0.05,15.27,True,5.020632737276487
sz.002289,2025-05-27,16.03,16.03,16.03,16.03,15.27,353504.0,5666669.12,0.1263,1,MAIN,0.05,16.03,True,4.977079240340543
sz.002289,2025-06-11,14.86,15.62,14.77,15.62,14.88,6119750.0,94649553.49,2.186,1,MAIN,0.05,15.62,True,4.973118279569877
sz.002289,2025-06-12,15.62,16.4,15.59,16.4,15.62,7259064.0,118278726.36,2.593,1,MAIN,0.05,16.4,True,4.9935979513444195
sz.002289,2025-06-13,17.0,17.22,16.8,17.22,16.4,4252002.0,73100230.94,1.5188,1,MAIN,0.05,17.22,True,5.000000000000004
sz.002289,2025-06-16,18.08,18.08,18.0,18.08,17.22,1521853.0,27513986.24,0.5436,1,MAIN,0.05,18.08,True,4.994192799070851
sz.002289,2025-06-20,16.0,17.15,15.99,17.15,16.33,6050700.0,101988806.0,2.1613,1,MAIN,0.05,17.15,True,5.0214329454990825
sz.002289,2025-06-25,16.78,17.35,16.36,17.35,16.52,4889750.0,83734680.0,1.7466,1,MAIN,0.05,17.35,True,5.024213075060535
sz.002290,2025-05-06,25.8,28.38,25.6,28.38,25.8,6341011.0,172785035.08,2.5646,0,MAIN,0.1,28.38,True,9.999999999999986
sz.002290,2025-05-07,30.0,31.22,29.78,31.22,28.38,2865200.0,88853313.0,1.1588,0,MAIN,0.1,31.22,True,10.007047216349552
sz.002290,2025-05-12,29.57,31.79,29.57,31.79,28.9,9373900.0,290404693.99,3.7913,0,MAIN,0.1,31.79,True,10.000000000000009
sz.002290,2025-06-04,31.35,34.09,31.35,34.09,30.99,7166624.0,234806116.11,2.8985,0,MAIN,0.1,34.09,True,10.00322684737014
sz.002291,2025-05-16,5.96,6.58,5.94,6.58,5.98,74515711.0,472164779.38,8.4902,0,MAIN,0.1,6.58,True,10.033444816053505
sz.002291,2025-06-16,6.5,7.18,6.45,7.18,6.53,113977637.0,791830699.52,12.9864,0,MAIN,0.1,7.18,True,9.954058192955584
sz.002292,2025-05-20,8.87,9.77,8.84,9.77,8.88,139702493.0,1314627642.5,13.725,0,MAIN,0.1,9.77,True,10.022522522522515
sz.002297,2025-05-20,8.05,8.68,8.05,8.68,7.89,63150271.0,536059719.68,11.019,0,MAIN,0.1,8.68,True,10.012674271229404
sz.002298,2025-06-04,5.99,6.57,5.98,6.57,5.97,55168001.0,353034069.56,8.4398,0,MAIN,0.1,6.57,True,10.050251256281406
sz.002298,2025-06-05,7.23,7.23,7.23,7.23,6.57,24503767.0,177162235.41,3.7487,0,MAIN,0.1,7.23,True,10.045662100456632
sz.002298,2025-06-06,7.95,7.95,7.62,7.95,7.23,126949877.0,1004669555.67,19.4212,0,MAIN,0.1,7.95,True,9.958506224066376
sz.002298,2025-06-10,7.81,8.45,7.81,8.45,7.68,324329727.0,2692410453.53,49.6171,0,MAIN,0.1,8.45,True,10.026041666666652
sz.002300,2025-06-10,6.23,6.82,6.19,6.82,6.2,41065620.0,275060338.4,5.6856,0,MAIN,0.1,6.82,True,10.000000000000009
sz.002305,2025-05-06,1.38,1.42,1.38,1.42,1.35,32042329.0,45000190.2,1.8478,1,MAIN,0.05,1.42,True,5.185185185185182
sz.002305,2025-05-07,1.49,1.49,1.49,1.49,1.42,5561600.0,8286784.0,0.3207,1,MAIN,0.05,1.49,True,4.929577464788748
sz.002305,2025-05-12,1.6,1.65,1.56,1.65,1.57,102092849.0,165708458.43,5.8874,1,MAIN,0.05,1.65,True,5.095541401273884
sz.002305,2025-05-14,1.65,1.74,1.65,1.74,1.66,86790106.0,147604050.38,5.0049,1,MAIN,0.05,1.74,True,4.8192771084337505
sz.002305,2025-05-15,1.81,1.83,1.77,1.83,1.74,94548601.0,171914354.82,5.4523,1,MAIN,0.05,1.83,True,5.1724137931034475
sz.002305,2025-05-19,1.85,1.89,1.85,1.89,1.8,23512152.0,44136291.24,1.3559,1,MAIN,0.05,1.89,True,4.999999999999982
sz.002305,2025-05-20,1.96,1.98,1.94,1.98,1.89,20906001.0,41126190.98,1.2056,1,MAIN,0.05,1.98,True,4.761904761904767
sz.002305,2025-05-21,2.07,2.08,2.0,2.08,1.98,84930614.0,174939523.58,4.8977,1,MAIN,0.05,2.08,True,5.050505050505061
sz.002305,2025-05-26,2.0,2.11,2.0,2.11,2.01,52296300.0,109142232.0,3.0158,1,MAIN,0.05,2.11,True,4.975124378109452
sz.002305,2025-05-27,2.19,2.22,2.12,2.22,2.11,129771568.0,285523776.87,7.4835,1,MAIN,0.05,2.22,True,5.213270142180115
sz.002305,2025-06-04,1.95,2.02,1.92,2.02,1.92,55933743.0,111628401.86,3.2255,1,MAIN,0.05,2.02,True,5.208333333333348
sz.002306,2025-05-06,1.62,1.72,1.62,1.72,1.64,59281815.0,100612577.8,7.2831,1,MAIN,0.05,1.72,True,4.878048780487809
sz.002306,2025-05-19,1.76,1.83,1.76,1.83,1.74,55486801.0,100784874.8,6.8169,1,MAIN,0.05,1.83,True,5.1724137931034475
sz.002306,2025-05-26,1.83,1.91,1.82,1.91,1.82,37766413.0,71360819.83,4.6398,1,MAIN,0.05,1.91,True,4.9450549450549275
sz.002309,2025-06-05,2.79,2.92,2.78,2.92,2.78,24424780.0,70331422.51,2.0092,1,MAIN,0.05,2.92,True,5.035971223021596
sz.002309,2025-06-23,3.2,3.39,3.17,3.39,3.23,30969861.0,103065515.33,2.5477,1,MAIN,0.05,3.39,True,4.953560371517041
sz.002310,2025-05-30,2.1,2.37,2.1,2.37,2.15,205697168.0,475958507.18,4.8986,0,MAIN,0.1,2.37,True,10.232558139534898
sz.002313,2025-06-30,9.6,10.36,9.56,10.36,9.42,40289172.0,411869804.73,10.7611,0,MAIN,0.1,10.36,True,9.97876857749469
sz.002316,2025-06-03,3.91,4.13,3.91,4.13,3.93,16261800.0,66131261.0,4.7724,1,MAIN,0.05,4.13,True,5.089058524173029
sz.002316,2025-06-06,4.23,4.44,4.23,4.44,4.23,21460880.0,94021251.4,6.2982,1,MAIN,0.05,4.44,True,4.964539007092195
sz.002316,2025-06-11,4.52,4.74,4.51,4.74,4.51,16671519.0,77761673.88,4.8926,1,MAIN,0.05,4.74,True,5.09977827050998
sz.002317,2025-05-23,13.84,13.84,13.84,13.84,12.58,29823493.0,412757143.12,3.9158,0,MAIN,0.1,13.84,True,10.015898251192358
sz.002317,2025-05-29,12.39,13.61,12.36,13.61,12.37,76436381.0,999612514.37,10.0361,0,MAIN,0.1,13.61,True,10.024252223120445
sz.002317,2025-06-09,15.1,15.31,15.1,15.31,13.92,29283204.0,447568192.24,3.8449,0,MAIN,0.1,15.31,True,9.985632183908045
sz.002317,2025-06-10,16.84,16.84,16.84,16.84,15.31,46712935.0,786645825.4,6.1334,0,MAIN,0.1,16.84,True,9.99346832135859
sz.002319,2025-06-13,10.46,11.51,10.21,11.51,10.46,18257204.0,202000693.56,9.1286,0,MAIN,0.1,11.51,True,10.038240917782026
sz.002319,2025-06-18,11.77,13.0,11.63,13.0,11.82,24155526.0,297894372.26,12.0778,0,MAIN,0.1,13.0,True,9.983079526226724
sz.002331,2025-05-12,7.56,8.27,7.51,8.27,7.52,60312780.0,488412586.6,15.2365,0,MAIN,0.1,8.27,True,9.97340425531914
sz.002331,2025-05-13,8.33,9.1,8.15,9.1,8.27,90584425.0,797257259.09,22.8838,0,MAIN,0.1,9.1,True,10.036275695284157
sz.002335,2025-06-05,39.08,42.46,38.43,42.46,38.6,35138997.0,1438312840.41,7.7284,0,MAIN,0.1,42.46,True,10.000000000000009
sz.002338,2025-05-07,42.68,42.68,42.68,42.68,38.8,5641100.0,240762148.0,2.3505,0,MAIN,0.1,42.68,True,10.000000000000009
sz.002338,2025-05-08,46.95,46.95,46.95,46.95,42.68,3080800.0,144643560.0,1.2837,0,MAIN,0.1,46.95,True,10.004686035613886
sz.002338,2025-05-09,49.5,51.65,48.52,51.65,46.95,63425710.0,3214484213.42,26.4274,0,MAIN,0.1,51.65,True,10.010649627263035
sz.002339,2025-06-05,7.25,7.74,7.25,7.74,7.04,36895241.0,278730893.61,7.7059,0,MAIN,0.1,7.74,True,9.943181818181813
sz.002342,2025-05-07,4.83,5.25,4.71,5.25,4.77,172192351.0,848122084.21,18.0365,0,MAIN,0.1,5.25,True,10.062893081761025
sz.002342,2025-05-28,5.1,5.59,5.1,5.59,5.08,142926631.0,768270859.37,14.971,0,MAIN,0.1,5.59,True,10.039370078740163
sz.002342,2025-06-04,5.78,6.37,5.72,6.37,5.79,147507539.0,899322842.42,15.4508,0,MAIN,0.1,6.37,True,10.017271157167528
sz.002342,2025-06-26,5.73,6.35,5.73,6.35,5.77,186231046.0,1145210624.59,19.507,0,MAIN,0.1,6.35,True,10.051993067590992
sz.002343,2025-06-10,7.62,8.38,7.59,8.38,7.62,76631330.0,605063117.94,16.1346,0,MAIN,0.1,8.38,True,9.973753280839915
sz.002343,2025-06-19,8.04,8.98,7.8,8.98,8.16,93545711.0,789632881.58,19.6959,0,MAIN,0.1,8.98,True,10.049019607843146
sz.002345,2025-05-20,10.26,11.28,10.24,11.28,10.25,54633184.0,606450636.24,6.3014,0,MAIN,0.1,11.28,True,10.048780487804866
sz.002345,2025-06-03,14.8,15.81,14.03,15.81,14.37,72103436.0,1092740763.52,8.3164,0,MAIN,0.1,15.81,True,10.020876826722347
sz.002345,2025-06-04,15.35,17.39,15.35,17.39,15.81,58192701.0,970083851.35,6.7119,0,MAIN,0.1,17.39,True,9.993674889310554
sz.002347,2025-05-12,6.75,7.37,6.71,7.37,6.7,25684100.0,184011647.0,5.2057,0,MAIN,0.1,7.37,True,10.000000000000009
sz.002347,2025-05-21,7.14,7.85,7.05,7.85,7.14,54119999.0,407255441.28,10.9692,0,MAIN,0.1,7.85,True,9.943977591036424
sz.002347,2025-05-28,7.78,8.56,7.66,8.56,7.78,77315930.0,638253905.8,15.6706,0,MAIN,0.1,8.56,True,10.025706940874034
sz.002348,2025-06-12,3.92,4.3,3.92,4.3,3.91,151595517.0,643980301.6,16.7781,0,MAIN,0.1,4.3,True,9.97442455242965
sz.002348,2025-06-16,4.09,4.26,4.01,4.26,3.87,164200834.0,695116815.57,18.1732,0,MAIN,0.1,4.26,True,10.077519379844958
sz.002354,2025-05-07,6.7,7.34,6.57,7.34,6.67,403992647.0,2780873710.01,24.9177,0,MAIN,0.1,7.34,True,10.04497751124438
sz.002355,2025-05-06,6.88,6.89,6.66,6.89,6.26,60519501.0,413628454.26,9.7902,0,MAIN,0.1,6.89,True,10.063897763578279
sz.002355,2025-05-29,6.96,7.61,6.96,7.61,6.92,63862710.0,474338245.98,10.331,0,MAIN,0.1,7.61,True,9.97109826589595
sz.002355,2025-06-24,7.16,7.65,7.16,7.65,6.95,74747849.0,553067903.85,12.0919,0,MAIN,0.1,7.64,True,10.07194244604317
sz.002364,2025-05-06,14.25,15.4,14.25,15.4,14.0,37437000.0,562874570.0,6.7079,0,MAIN,0.1,15.4,True,10.000000000000009
sz.002364,2025-05-12,15.36,16.64,15.13,16.64,15.13,62846361.0,1003318831.8,11.2607,0,MAIN,0.1,16.64,True,9.980171844018514
sz.002364,2025-05-22,16.83,17.28,16.83,17.28,15.71,38889602.0,668965001.56,6.9682,0,MAIN,0.1,17.28,True,9.993634627625724
sz.002365,2025-05-14,11.58,12.41,11.46,12.41,11.28,45296146.0,546217321.52,18.4461,0,MAIN,0.1,12.41,True,10.017730496453915
sz.002365,2025-05-15,12.62,13.65,12.06,13.65,12.41,77440380.0,993329586.35,31.5362,0,MAIN,0.1,13.65,True,9.991941982272357
sz.002365,2025-05-19,14.11,15.41,14.01,15.41,14.01,50727776.0,766918842.57,20.658,0,MAIN,0.1,15.41,True,9.99286224125624
sz.002365,2025-05-21,15.91,16.83,15.91,16.83,15.3,75580309.0,1254326262.87,30.7787,0,MAIN,0.1,16.83,True,9.999999999999986
sz.002365,2025-05-22,17.8,18.51,16.46,18.51,16.83,81544610.0,1417542335.22,33.2076,0,MAIN,0.1,18.51,True,9.982174688057066
sz.002365,2025-05-23,19.25,20.36,19.2,20.36,18.51,85773778.0,1716431556.06,34.9299,0,MAIN,0.1,20.36,True,9.994597514856828
sz.002365,2025-05-28,23.09,24.63,23.09,24.63,22.39,85162776.0,2051686032.42,34.681,0,MAIN,0.1,24.63,True,10.004466279589085
sz.002365,2025-06-12,21.42,22.95,20.87,22.95,20.86,56588383.0,1252258277.33,23.0446,0,MAIN,0.1,22.95,True,10.019175455417063
sz.002365,2025-06-13,23.42,25.25,23.42,25.25,22.95,33881857.0,842188047.17,13.7978,0,MAIN,0.1,25.24,True,10.02178649237473
sz.002365,2025-06-18,26.62,28.27,26.62,28.27,25.7,76786123.0,2135808164.68,31.2698,0,MAIN,0.1,28.27,True,10.000000000000009
sz.002365,2025-06-23,26.18,29.59,25.75,29.59,26.9,75013208.0,2100027700.6,30.5478,0,MAIN,0.1,29.59,True,10.000000000000009
sz.002366,2025-05-23,5.25,5.63,5.23,5.63,5.12,109711500.0,611206649.0,8.7318,0,MAIN,0.1,5.63,True,9.9609375
sz.002366,2025-05-26,6.17,6.19,5.97,6.19,5.63,173951406.0,1068788055.94,13.8445,0,MAIN,0.1,6.19,True,9.946714031971581
sz.002366,2025-05-27,6.81,6.81,6.81,6.81,6.19,34063102.0,231969724.62,2.711,0,MAIN,0.1,6.81,True,10.016155088852985
sz.002366,2025-05-28,7.34,7.49,7.18,7.49,6.81,400689921.0,2966874912.06,31.8903,0,MAIN,0.1,7.49,True,9.985315712187969
sz.002366,2025-05-29,7.77,8.24,7.58,8.24,7.49,695364176.0,5507226687.52,55.3429,0,MAIN,0.1,8.24,True,10.01335113484647
sz.002366,2025-06-12,6.87,7.45,6.78,7.45,6.77,429604629.0,3124379641.61,34.1915,0,MAIN,0.1,7.45,True,10.044313146233396
sz.002366,2025-06-17,7.62,8.46,7.51,8.46,7.69,408344383.0,3293921428.18,32.4995,0,MAIN,0.1,8.46,True,10.013003901170347
sz.002366,2025-06-23,7.49,8.24,7.49,8.24,7.49,370538143.0,2938438027.85,29.4905,0,MAIN,0.1,8.24,True,10.01335113484647
sz.002370,2025-06-05,3.58,3.95,3.53,3.95,3.59,98881927.0,379353810.34,13.2609,0,MAIN,0.1,3.95,True,10.027855153203348
sz.002374,2025-06-18,2.7,2.94,2.69,2.94,2.67,46805185.0,136983057.9,4.313,0,MAIN,0.1,2.94,True,10.1123595505618
sz.002376,2025-06-11,7.14,7.84,7.14,7.84,7.13,76639354.0,594946772.46,9.7324,0,MAIN,0.1,7.84,True,9.957924263674611
sz.002376,2025-06-12,8.62,8.62,8.62,8.62,7.84,21340748.0,183957247.76,2.7101,0,MAIN,0.1,8.62,True,9.948979591836737
sz.002378,2025-05-09,7.21,7.9,7.21,7.9,7.18,84165897.0,644622230.85,7.0426,0,MAIN,0.1,7.9,True,10.027855153203348
sz.002378,2025-05-16,7.91,8.8,7.86,8.8,8.0,95685944.0,814765544.2,8.0066,0,MAIN,0.1,8.8,True,10.000000000000009
sz.002383,2025-05-14,8.78,9.63,8.78,9.63,8.75,69977746.0,668339016.98,9.4519,0,MAIN,0.1,9.62,True,10.057142857142875
sz.002383,2025-05-29,8.99,9.97,8.99,9.97,9.06,101950930.0,995297209.42,13.7704,0,MAIN,0.1,9.97,True,10.044150110375272
sz.002384,2025-06-16,31.15,34.6,31.0,34.6,31.45,240989315.0,8139324643.12,17.3834,0,MAIN,0.1,34.6,True,10.015898251192379
sz.002388,2025-05-14,3.65,3.79,3.64,3.79,3.61,22371656.0,83342937.98,4.4167,1,MAIN,0.05,3.79,True,4.986149584487531
sz.002388,2025-06-03,3.88,4.1,3.88,4.1,3.9,14431620.0,57971316.8,2.8491,1,MAIN,0.05,4.1,True,5.128205128205132
sz.002389,2025-05-19,20.21,21.69,19.72,21.69,19.72,41199624.0,858401016.76,4.1581,0,MAIN,0.1,21.69,True,9.989858012170405
sz.002391,2025-06-06,5.64,6.19,5.62,6.19,5.63,74873077.0,458561413.86,16.1322,0,MAIN,0.1,6.19,True,9.946714031971581
sz.002391,2025-06-09,6.3,6.81,6.28,6.81,6.19,81917246.0,548670464.54,17.65,0,MAIN,0.1,6.81,True,10.016155088852985
sz.002391,2025-06-17,5.96,6.6,5.95,6.6,6.0,83749646.0,526151451.46,18.0448,0,MAIN,0.1,6.6,True,9.999999999999986
sz.002393,2025-05-29,17.71,19.46,17.63,19.46,17.69,10135539.0,192960400.12,4.049,0,MAIN,0.1,19.46,True,10.005652911249285
sz.002393,2025-06-13,20.13,22.11,19.84,22.11,20.1,21282832.0,448144812.98,8.5021,0,MAIN,0.1,22.11,True,9.999999999999986
sz.002401,2025-06-30,16.19,17.36,15.9,17.36,15.78,34923916.0,586923667.5,9.4042,0,MAIN,0.1,17.36,True,10.012674271229404
sz.002402,2025-06-27,21.4,23.33,21.33,23.33,21.21,105416281.0,2391946147.38,13.0743,0,MAIN,0.1,23.33,True,9.995285242809992
sz.002403,2025-05-21,14.81,16.35,14.52,16.35,14.86,35839354.0,563962717.18,12.0606,0,MAIN,0.1,16.35,True,10.026917900403776
sz.002404,2025-05-14,6.1,6.74,6.06,6.74,6.13,28264641.0,185168788.64,6.2013,0,MAIN,0.1,6.74,True,9.951060358890707
sz.002413,2025-05-12,4.76,5.38,4.74,5.38,4.89,93958747.0,493072032.56,7.5865,0,MAIN,0.1,5.38,True,10.020449897750506
sz.002413,2025-06-23,4.98,5.41,4.96,5.41,4.92,181694787.0,960378157.08,14.6705,0,MAIN,0.1,5.41,True,9.959349593495936
sz.002418,2025-05-29,3.31,3.64,3.31,3.64,3.31,103710774.0,365626083.71,9.1263,0,MAIN,0.1,3.64,True,9.969788519637458
sz.002418,2025-06-04,3.49,3.82,3.49,3.82,3.47,143025850.0,532958815.0,12.5859,0,MAIN,0.1,3.82,True,10.086455331412104
sz.002419,2025-05-13,5.87,6.0,5.75,6.0,5.45,138384682.0,818725532.06,11.8408,0,MAIN,0.1,6.0,True,10.091743119266061
sz.002421,2025-06-23,3.04,3.37,3.03,3.37,3.06,102264743.0,331828823.11,5.0962,0,MAIN,0.1,3.37,True,10.130718954248374
sz.002424,2025-06-19,4.39,4.39,4.39,4.39,4.18,4628900.0,20320871.0,0.3815,1,MAIN,0.05,4.39,True,5.023923444976086
sz.002424,2025-06-20,4.61,4.61,4.61,4.61,4.39,3796100.0,17500021.0,0.3129,1,MAIN,0.05,4.61,True,5.011389521640108
sz.002424,2025-06-23,4.84,4.84,4.75,4.84,4.61,94376743.0,455423696.65,7.7791,1,MAIN,0.05,4.84,True,4.989154013015185
sz.002424,2025-06-25,4.94,5.12,4.92,5.12,4.88,42174800.0,211075202.72,3.4763,1,MAIN,0.05,5.12,True,4.918032786885251
sz.002425,2025-05-08,2.29,2.4,2.28,2.4,2.29,28741400.0,67692815.47,3.0062,1,MAIN,0.05,2.4,True,4.8034934497816595
sz.002425,2025-06-12,3.0,3.15,2.98,3.15,3.0,40532010.0,125654981.98,4.2395,1,MAIN,0.05,3.15,True,5.000000000000004
sz.002425,2025-06-16,3.29,3.47,3.25,3.47,3.3,45783326.0,156853865.18,4.7887,1,MAIN,0.05,3.46,True,5.151515151515174
sz.002425,2025-06-24,3.09,3.24,3.08,3.24,3.09,22103300.0,70613627.0,2.3119,1,MAIN,0.05,3.24,True,4.854368932038855
sz.002425,2025-06-25,3.31,3.4,3.31,3.4,3.24,53182842.0,179580636.14,5.5627,1,MAIN,0.05,3.4,True,4.938271604938271
sz.002426,2025-06-11,2.72,2.98,2.72,2.98,2.71,231026464.0,679778449.76,6.7897,0,MAIN,0.1,2.98,True,9.963099630996307
sz.002426,2025-06-24,3.21,3.44,3.18,3.44,3.13,588408845.0,1960692572.44,17.2929,0,MAIN,0.1,3.44,True,9.904153354632594
sz.002427,2025-05-06,6.12,6.55,6.02,6.55,5.95,100879292.0,642375313.13,10.2441,0,MAIN,0.1,6.55,True,10.084033613445364
sz.002427,2025-05-13,6.52,7.1,6.35,7.1,6.45,102103743.0,692368826.89,10.3684,0,MAIN,0.1,7.1,True,10.077519379844958
sz.002427,2025-05-14,7.4,7.81,7.3,7.81,7.1,101371268.0,781051140.68,10.294,0,MAIN,0.1,7.81,True,10.000000000000009
sz.002427,2025-05-15,8.1,8.59,7.8,8.59,7.81,204826014.0,1673368667.89,20.7997,0,MAIN,0.1,8.59,True,9.98719590268886
sz.002427,2025-05-19,8.58,9.43,8.15,9.43,8.57,169236312.0,1532564109.42,17.1856,0,MAIN,0.1,9.43,True,10.035005834305721
sz.002427,2025-05-23,7.78,8.38,7.63,8.38,7.62,128010582.0,1054271195.31,12.9992,0,MAIN,0.1,8.38,True,9.973753280839915
sz.002427,2025-05-27,8.85,9.72,8.65,9.72,8.84,137588097.0,1272821228.08,13.9718,0,MAIN,0.1,9.72,True,9.954751131221728
sz.002427,2025-05-28,10.08,10.69,10.08,10.69,9.72,211288441.0,2232734592.03,21.4559,0,MAIN,0.1,10.69,True,9.979423868312743
sz.002427,2025-06-04,9.63,10.59,9.36,10.59,9.63,118758362.0,1198349416.95,12.0597,0,MAIN,0.1,10.59,True,9.968847352024902
sz.002427,2025-06-26,8.08,8.97,7.95,8.97,8.15,85183054.0,735245019.12,8.6502,0,MAIN,0.1,8.97,True,10.061349693251543
sz.002431,2025-05-19,2.07,2.18,2.03,2.18,1.98,82758729.0,175854620.26,4.5652,0,MAIN,0.1,2.18,True,10.1010101010101
sz.002431,2025-05-20,2.4,2.4,2.4,2.4,2.18,23345589.0,56029413.6,1.2878,0,MAIN,0.1,2.4,True,10.091743119266038
sz.002431,2025-05-21,2.59,2.64,2.34,2.64,2.4,182370479.0,461279444.11,10.0601,0,MAIN,0.1,2.64,True,10.000000000000009
sz.002431,2025-05-22,2.9,2.9,2.9,2.9,2.64,36061851.0,104579367.9,1.9893,0,MAIN,0.1,2.9,True,9.84848484848484
sz.002431,2025-05-26,2.5,2.87,2.35,2.87,2.61,251517112.0,632299207.86,13.8744,0,MAIN,0.1,2.87,True,9.961685823754806
sz.002431,2025-05-30,2.66,2.97,2.65,2.97,2.7,123350482.0,359912628.35,6.8044,0,MAIN,0.1,2.97,True,10.000000000000009
sz.002437,2025-05-27,2.69,2.89,2.68,2.89,2.63,197113726.0,560724279.29,9.3802,0,MAIN,0.1,2.89,True,9.88593155893538
sz.002437,2025-06-09,2.76,3.04,2.76,3.04,2.76,199202899.0,585023338.16,9.4797,0,MAIN,0.1,3.04,True,10.144927536231885
sz.002440,2025-05-06,7.04,7.66,6.91,7.66,6.96,56883227.0,420941386.86,6.0107,0,MAIN,0.1,7.66,True,10.057471264367823
sz.002440,2025-06-09,7.3,8.02,7.28,8.02,7.29,64371271.0,505215238.37,6.802,0,MAIN,0.1,8.02,True,10.013717421124824
sz.002448,2025-05-29,8.03,8.83,8.0,8.83,8.03,46677480.0,398602001.5,9.5871,0,MAIN,0.1,8.83,True,9.96264009962642
sz.002449,2025-06-12,9.33,9.91,9.33,9.91,9.01,71287271.0,700033427.61,11.5263,0,MAIN,0.1,9.91,True,9.98890122086571
sz.002453,2025-06-24,5.44,5.98,5.4,5.98,5.44,26662713.0,157851101.74,4.3512,0,MAIN,0.1,5.98,True,9.926470588235304
sz.002456,2025-05-20,12.17,13.35,11.92,13.35,12.14,369122045.0,4737789874.8,11.3481,0,MAIN,0.1,13.35,True,9.967051070840194
sz.002462,2025-05-06,11.99,13.13,11.99,13.13,11.94,11912001.0,153901810.13,4.0869,0,MAIN,0.1,13.13,True,9.96649916247907
sz.002462,2025-05-07,14.44,14.44,14.44,14.44,13.13,4245710.0,61308052.4,1.4567,0,MAIN,0.1,14.44,True,9.97715156130996
sz.002463,2025-06-18,40.68,44.64,40.68,44.64,40.58,113684460.0,4916992512.82,5.9145,0,MAIN,0.1,44.64,True,10.004928536224744
sz.002465,2025-05-19,11.48,11.48,11.28,11.48,10.44,73822423.0,846573227.04,3.0358,0,MAIN,0.1,11.48,True,9.961685823754806
sz.002467,2025-06-03,5.33,5.91,5.32,5.91,5.37,156883807.0,907507423.97,11.5051,0,MAIN,0.1,5.91,True,10.05586592178771
sz.002467,2025-06-06,6.01,6.68,6.0,6.68,6.07,245828784.0,1576601760.71,18.028,0,MAIN,0.1,6.68,True,10.049423393739687
sz.002467,2025-06-27,5.83,6.41,5.82,6.41,5.83,264201680.0,1659054247.66,19.3754,0,MAIN,0.1,6.41,True,9.948542024013719
sz.002471,2025-05-06,3.27,3.27,3.27,3.27,2.97,16824350.0,55015624.5,1.2892,0,MAIN,0.1,3.27,True,10.1010101010101
sz.002471,2025-05-07,3.6,3.6,3.6,3.6,3.27,36602051.0,131767383.6,2.8048,0,MAIN,0.1,3.6,True,10.091743119266061
sz.002471,2025-05-08,3.91,3.96,3.8,3.96,3.6,207305230.0,809653109.4,15.8855,0,MAIN,0.1,3.96,True,9.999999999999986
sz.002471,2025-05-12,3.77,4.15,3.77,4.15,3.77,231315938.0,934191075.47,17.7254,0,MAIN,0.1,4.15,True,10.07957559681698
sz.002471,2025-05-16,3.62,3.95,3.62,3.95,3.59,164007848.0,636901456.1,12.5677,0,MAIN,0.1,3.95,True,10.027855153203348
sz.002471,2025-05-19,3.99,4.35,3.85,4.35,3.95,543380483.0,2230171955.81,41.6385,0,MAIN,0.1,4.35,True,10.126582278481
sz.002471,2025-05-22,3.95,4.28,3.95,4.28,3.89,175339502.0,744108968.56,13.436,0,MAIN,0.1,4.28,True,10.025706940874034
sz.002471,2025-05-23,4.65,4.71,4.52,4.71,4.28,230879110.0,1076864437.32,17.6919,0,MAIN,0.1,4.71,True,10.046728971962615
sz.002471,2025-05-26,4.99,5.18,4.91,5.18,4.71,545826910.0,2775999236.9,41.8259,0,MAIN,0.1,5.18,True,9.97876857749469
sz.002471,2025-05-27,5.36,5.7,5.36,5.7,5.18,390936931.0,2151470670.0,29.9569,0,MAIN,0.1,5.7,True,10.038610038610042
sz.002471,2025-05-29,5.54,6.06,5.53,6.06,5.51,499624702.0,2978483375.1,38.2855,0,MAIN,0.1,6.06,True,9.981851179673317
sz.002471,2025-06-09,5.7,6.24,5.54,6.24,5.67,558237043.0,3331293774.57,42.7769,0,MAIN,0.1,6.24,True,10.052910052910068
sz.002471,2025-06-18,5.18,5.54,5.18,5.54,5.04,295623542.0,1616359337.07,22.6532,0,MAIN,0.1,5.54,True,9.92063492063493
sz.002476,2025-06-19,4.68,5.23,4.64,5.23,4.75,87060182.0,446178261.86,14.2271,0,MAIN,0.1,5.22,True,10.10526315789475
sz.002480,2025-06-10,7.19,7.19,7.19,7.19,6.54,7763000.0,55815970.0,1.0112,0,MAIN,0.1,7.19,True,9.938837920489307
sz.002482,2025-05-06,1.71,1.88,1.71,1.88,1.71,100442865.0,183163599.37,2.683,0,MAIN,0.1,1.88,True,9.941520467836252
sz.002485,2025-05-08,2.78,2.92,2.77,2.92,2.78,9218942.0,26536007.94,1.6947,1,MAIN,0.05,2.92,True,5.035971223021596
sz.002485,2025-05-09,2.92,3.07,2.88,3.07,2.92,8850169.0,26562284.64,1.6269,1,MAIN,0.05,3.07,True,5.13698630136985
sz.002485,2025-05-19,3.0,3.1,2.98,3.1,2.95,4325700.0,13278627.0,0.7952,1,MAIN,0.05,3.1,True,5.084745762711851
sz.002485,2025-06-06,3.26,3.39,3.26,3.39,3.23,9032982.0,30559889.98,1.6605,1,MAIN,0.05,3.39,True,4.953560371517041
sz.002485,2025-06-09,3.56,3.56,3.56,3.56,3.39,1362090.0,4849040.4,0.2504,1,MAIN,0.05,3.56,True,5.014749262536866
sz.002485,2025-06-10,3.74,3.74,3.74,3.74,3.56,686500.0,2567510.0,0.1262,1,MAIN,0.05,3.74,True,5.0561797752809
sz.002485,2025-06-11,3.93,3.93,3.81,3.93,3.74,12849480.0,50389282.3,2.362,1,MAIN,0.05,3.93,True,5.080213903743314
sz.002485,2025-06-12,4.13,4.13,4.06,4.13,3.93,8103770.0,33443261.7,1.4897,1,MAIN,0.05,4.13,True,5.089058524173029
sz.002485,2025-06-16,4.21,4.46,4.1,4.46,4.25,21536105.0,94574235.9,3.9588,1,MAIN,0.05,4.46,True,4.941176470588227
sz.002485,2025-06-30,4.28,4.49,4.26,4.49,4.28,5499862.0,24368446.58,1.011,1,MAIN,0.05,4.49,True,4.90654205607477
sz.002489,2025-05-15,3.71,4.07,3.66,4.07,3.7,187634584.0,747024005.18,9.8082,0,MAIN,0.1,4.07,True,10.000000000000009
sz.002490,2025-05-06,4.3,4.35,4.19,4.35,3.95,18409900.0,79336328.0,3.3991,0,MAIN,0.1,4.35,True,10.126582278481
sz.002490,2025-05-07,4.79,4.79,4.79,4.79,4.35,2455401.0,11761370.79,0.4533,0,MAIN,0.1,4.78,True,10.114942528735638
sz.002490,2025-05-08,5.27,5.27,5.27,5.27,4.79,19265303.0,101528146.81,3.557,0,MAIN,0.1,5.27,True,10.020876826722326
sz.002490,2025-06-13,4.18,4.35,4.08,4.35,3.95,66409900.0,281701954.0,12.2615,0,MAIN,0.1,4.35,True,10.126582278481
sz.002490,2025-06-16,4.79,4.79,4.79,4.79,4.35,6933600.0,33211944.0,1.2802,0,MAIN,0.1,4.78,True,10.114942528735638
sz.002490,2025-06-17,4.99,5.27,4.85,5.27,4.79,156669098.0,808760162.21,28.9264,0,MAIN,0.1,5.27,True,10.020876826722326
sz.002490,2025-06-18,5.5,5.8,5.48,5.8,5.27,115043316.0,660927862.93,21.2408,0,MAIN,0.1,5.8,True,10.056925996204935
sz.002490,2025-06-19,5.8,6.38,5.45,6.38,5.8,155583541.0,953368239.99,28.7259,0,MAIN,0.1,6.38,True,10.000000000000009
sz.002490,2025-06-20,6.55,7.02,6.06,7.02,6.38,189167262.0,1291565358.87,34.9266,0,MAIN,0.1,7.02,True,10.03134796238243
sz.002490,2025-06-23,7.68,7.72,7.32,7.72,7.02,164243886.0,1253619214.62,30.3249,0,MAIN,0.1,7.72,True,9.971509971509974
sz.002491,2025-06-05,5.24,5.69,5.24,5.69,5.17,93332132.0,515100484.72,7.9332,0,MAIN,0.1,5.69,True,10.058027079303677
sz.002492,2025-06-17,6.22,6.89,6.16,6.89,6.26,64634525.0,432058518.06,16.2466,0,MAIN,0.1,6.89,True,10.063897763578279
sz.002496,2025-05-26,1.5,1.56,1.5,1.56,1.49,31968128.0,49188611.24,2.706,1,MAIN,0.05,1.56,True,4.697986577181212
sz.002501,2025-05-20,2.22,2.39,2.21,2.39,2.17,236370214.0,549047143.48,6.6583,0,MAIN,0.1,2.39,True,10.138248847926267
sz.002506,2025-05-13,2.25,2.43,2.23,2.43,2.21,212871292.0,503389974.26,3.6423,0,MAIN,0.1,2.43,True,9.954751131221728
sz.002506,2025-06-20,2.33,2.55,2.33,2.55,2.32,179086736.0,451541262.8,3.0642,0,MAIN,0.1,2.55,True,9.913793103448265
sz.002510,2025-05-16,5.75,6.36,5.75,6.36,5.78,195172916.0,1217290187.82,19.4231,0,MAIN,0.1,6.36,True,10.034602076124566
sz.002510,2025-05-19,7.0,7.0,7.0,7.0,6.36,25582339.0,179076373.0,2.5459,0,MAIN,0.1,7.0,True,10.062893081761004
sz.002510,2025-05-20,7.7,7.7,7.7,7.7,7.0,9544740.0,73494498.0,0.9499,0,MAIN,0.1,7.7,True,10.000000000000009
sz.002510,2025-05-21,8.47,8.47,8.47,8.47,7.7,9514368.0,80586696.96,0.9468,0,MAIN,0.1,8.47,True,10.000000000000009
sz.002512,2025-05-06,4.18,4.54,4.18,4.54,4.13,39954685.0,178290240.9,3.8674,0,MAIN,0.1,4.54,True,9.927360774818418
sz.002512,2025-05-19,5.02,5.31,4.98,5.31,4.83,161174281.0,828442440.61,15.6007,0,MAIN,0.1,5.31,True,9.937888198757761
sz.002513,2025-06-09,5.01,5.53,5.0,5.53,5.03,14672812.0,79185120.36,5.5609,0,MAIN,0.1,5.53,True,9.940357852882698
sz.002513,2025-06-17,5.41,5.84,5.31,5.84,5.31,17670871.0,101248510.24,6.6972,0,MAIN,0.1,5.84,True,9.981167608286267
sz.002514,2025-05-06,4.59,4.96,4.59,4.96,4.51,20570640.0,100989533.8,3.7129,0,MAIN,0.1,4.96,True,9.977827050997789
sz.002514,2025-05-07,5.46,5.46,5.46,5.46,4.96,11001502.0,60068200.92,1.9857,0,MAIN,0.1,5.46,True,10.080645161290324
sz.002514,2025-05-12,5.39,5.84,5.39,5.84,5.31,50105300.0,280876227.0,9.0437,0,MAIN,0.1,5.84,True,9.981167608286267
sz.002514,2025-05-13,6.08,6.42,5.98,6.42,5.84,57735240.0,360431797.8,10.4209,0,MAIN,0.1,6.42,True,9.931506849315074
sz.002514,2025-06-19,5.58,6.16,5.56,6.16,5.6,63397168.0,385669982.98,11.4428,0,MAIN,0.1,6.16,True,10.000000000000009
sz.002517,2025-06-30,18.15,19.31,18.13,19.31,17.55,74151396.0,1412794843.48,3.9216,0,MAIN,0.1,19.31,True,10.028490028490022
sz.002519,2025-05-08,4.49,4.93,4.47,4.93,4.48,78149810.0,378775765.96,6.9909,0,MAIN,0.1,4.93,True,10.044642857142838
sz.002519,2025-05-22,4.61,5.08,4.56,5.08,4.62,125104532.0,625908200.56,11.1912,0,MAIN,0.1,5.08,True,9.956709956709965
sz.002520,2025-05-16,6.54,7.26,6.51,7.26,6.6,178731857.0,1271491719.53,24.9124,0,MAIN,0.1,7.26,True,10.000000000000009
sz.002522,2025-05-20,4.59,5.06,4.55,5.06,4.6,73360229.0,359872142.68,8.1059,0,MAIN,0.1,5.06,True,10.000000000000009
sz.002522,2025-06-06,4.83,5.31,4.78,5.31,4.83,81073857.0,417657459.11,8.9582,0,MAIN,0.1,5.31,True,9.937888198757761
sz.002526,2025-06-03,3.58,3.96,3.58,3.96,3.6,183762381.0,718913991.6,10.3757,0,MAIN,0.1,3.96,True,9.999999999999986
sz.002528,2025-05-06,2.27,2.35,2.24,2.35,2.24,21616343.0,49902049.05,2.0592,1,MAIN,0.05,2.35,True,4.910714285714279
sz.002528,2025-05-12,2.37,2.48,2.37,2.48,2.36,28338506.0,69678937.06,2.6996,1,MAIN,0.05,2.48,True,5.084745762711873
sz.002528,2025-05-19,2.5,2.6,2.5,2.6,2.48,21175122.0,54820861.4,2.0172,1,MAIN,0.05,2.6,True,4.8387096774193505
sz.002528,2025-06-17,2.63,2.76,2.63,2.76,2.63,36479190.0,100087781.4,3.4751,1,MAIN,0.05,2.76,True,4.942965779467667
sz.002528,2025-06-18,2.78,2.9,2.78,2.9,2.76,19303560.0,55009744.3,1.8389,1,MAIN,0.05,2.9,True,5.072463768115942
sz.002528,2025-06-20,2.85,3.02,2.85,3.02,2.88,22483831.0,66817905.32,2.1418,1,MAIN,0.05,3.02,True,4.861111111111116
sz.002528,2025-06-30,3.0,3.11,3.0,3.11,2.96,22724665.0,69810716.15,2.1648,1,MAIN,0.05,3.11,True,5.067567567567566
sz.002529,2025-05-20,6.44,6.76,6.37,6.76,6.44,13425025.0,88230396.0,5.1635,1,MAIN,0.05,6.76,True,4.968944099378869
sz.002529,2025-05-26,6.59,6.92,6.59,6.92,6.59,13120025.0,88875088.75,5.0462,1,MAIN,0.05,6.92,True,5.0075872534142585
sz.002529,2025-05-27,7.02,7.27,6.95,7.27,6.92,15254250.0,109914545.75,5.867,1,MAIN,0.05,7.27,True,5.0578034682080775
sz.002530,2025-05-19,10.18,11.01,10.14,11.01,10.01,115702697.0,1239406853.93,16.6449,0,MAIN,0.1,11.01,True,9.990009990009984
sz.002537,2025-05-29,6.89,7.57,6.86,7.57,6.88,142331689.0,1033697602.33,12.1235,0,MAIN,0.1,7.57,True,10.029069767441868
sz.002537,2025-05-30,8.33,8.33,8.33,8.33,7.57,28891942.0,240669876.86,2.4609,0,MAIN,0.1,8.33,True,10.039630118890353
sz.002537,2025-06-03,8.88,9.16,8.75,9.16,8.33,249742474.0,2257657235.02,21.2725,0,MAIN,0.1,9.16,True,9.963985594237702
sz.002537,2025-06-16,7.88,8.56,7.88,8.56,7.78,150868722.0,1273705177.82,12.8506,0,MAIN,0.1,8.56,True,10.025706940874034
sz.002537,2025-06-23,8.81,9.47,8.81,9.47,8.61,93593916.0,870099819.52,8.005,0,MAIN,0.1,9.47,True,9.988385598141702
sz.002537,2025-06-24,10.28,10.42,9.97,10.42,9.47,121855671.0,1249742157.82,10.4221,0,MAIN,0.1,10.42,True,10.031678986272441
sz.002537,2025-06-25,10.6,11.46,10.5,11.46,10.42,353801864.0,3858291805.01,30.2602,0,MAIN,0.1,11.46,True,9.98080614203456
sz.002542,2025-06-24,3.11,3.41,3.11,3.41,3.1,151286951.0,505190803.39,8.6025,0,MAIN,0.1,3.41,True,10.000000000000009
sz.002544,2025-05-06,20.68,22.62,20.67,22.62,20.56,16951667.0,370891962.78,2.4977,0,MAIN,0.1,22.62,True,10.019455252918297
sz.002546,2025-06-05,5.15,5.47,5.15,5.47,4.97,51612261.0,279642787.67,6.4416,0,MAIN,0.1,5.47,True,10.060362173038229
sz.002546,2025-06-06,5.71,6.02,5.64,6.02,5.47,119633253.0,711868811.6,14.9312,0,MAIN,0.1,6.02,True,10.05484460694699
sz.002547,2025-05-12,4.31,4.72,4.31,4.72,4.29,89923056.0,408403368.25,8.1393,0,MAIN,0.1,4.72,True,10.023310023310007
sz.002547,2025-05-16,4.65,5.25,4.58,5.25,4.77,185353583.0,936461125.53,16.777,0,MAIN,0.1,5.25,True,10.062893081761025
sz.002549,2025-05-06,8.42,9.13,8.42,9.13,8.3,87876369.0,774889469.3,12.6923,0,MAIN,0.1,9.13,True,10.000000000000009
sz.002549,2025-05-13,8.95,9.8,8.79,9.8,8.91,117311918.0,1088541533.79,16.9438,0,MAIN,0.1,9.8,True,9.988776655443331
sz.002549,2025-05-26,9.24,10.26,9.23,10.26,9.33,131722715.0,1317955355.22,19.0252,0,MAIN,0.1,10.26,True,9.967845659163977
sz.002549,2025-05-27,10.76,11.29,10.76,11.29,10.26,97139339.0,1081351510.46,14.0302,0,MAIN,0.1,11.29,True,10.038986354775826
sz.002549,2025-06-30,9.91,10.3,9.9,10.3,9.36,39206469.0,400853786.7,5.6627,0,MAIN,0.1,10.3,True,10.042735042735051
sz.002550,2025-05-28,6.43,7.07,6.38,7.07,6.43,84814135.0,579222516.39,8.8557,0,MAIN,0.1,7.07,True,9.953343701399708
sz.002550,2025-06-03,7.76,8.54,7.7,8.54,7.76,162966286.0,1365915083.46,17.0157,0,MAIN,0.1,8.54,True,10.051546391752563
sz.002550,2025-06-13,9.71,10.23,9.54,10.23,9.3,244279976.0,2456435018.84,25.5059,0,MAIN,0.1,10.23,True,9.999999999999986
sz.002551,2025-05-12,3.31,3.63,3.26,3.63,3.3,31622221.0,110728172.68,5.1753,0,MAIN,0.1,3.63,True,10.000000000000009
sz.002551,2025-05-13,3.69,3.99,3.53,3.99,3.63,115699974.0,430624105.17,18.9356,0,MAIN,0.1,3.99,True,9.917355371900838
sz.002551,2025-05-14,4.39,4.39,4.33,4.39,3.99,116058764.0,509423317.92,18.9944,0,MAIN,0.1,4.39,True,10.02506265664158
sz.002556,2025-05-27,5.4,5.94,5.37,5.94,5.4,73859108.0,430046183.03,7.8986,0,MAIN,0.1,5.94,True,10.000000000000009
sz.002556,2025-06-11,6.7,6.79,6.19,6.79,6.17,134522334.0,881678514.43,14.386,0,MAIN,0.1,6.79,True,10.048622366288495
sz.002556,2025-06-12,6.73,7.47,6.32,7.47,6.79,208485590.0,1435086321.68,22.2958,0,MAIN,0.1,7.47,True,10.014727540500722
sz.002558,2025-06-12,17.3,18.73,17.05,18.73,17.03,106798576.0,1964876621.44,5.52,0,MAIN,0.1,18.73,True,9.982384028185542
sz.002558,2025-06-30,21.8,23.55,21.45,23.55,21.41,84858759.0,1944258006.59,4.386,0,MAIN,0.1,23.55,True,9.995329285380672
sz.002560,2025-05-08,6.7,7.38,6.66,7.38,6.71,54558623.0,389484014.38,12.0455,0,MAIN,0.1,7.38,True,9.985096870342769
sz.002560,2025-05-15,7.49,8.26,7.32,8.26,7.51,132307310.0,1065956397.2,29.211,0,MAIN,0.1,8.26,True,9.986684420772306
sz.002560,2025-05-16,8.84,9.09,8.48,9.09,8.26,109809207.0,975230090.63,24.2439,0,MAIN,0.1,9.09,True,10.04842615012107
sz.002562,2025-05-06,4.48,4.97,4.47,4.97,4.52,166233837.0,807485216.57,23.6959,0,MAIN,0.1,4.97,True,9.95575221238938
sz.002562,2025-06-24,4.38,4.82,4.37,4.82,4.38,112053984.0,527239990.08,15.9728,0,MAIN,0.1,4.82,True,10.045662100456632
sz.002565,2025-06-03,4.35,4.74,4.3,4.74,4.31,60046304.0,279428266.73,5.665,0,MAIN,0.1,4.74,True,9.976798143851529
sz.002565,2025-06-23,5.17,5.57,4.98,5.57,5.06,165124170.0,891507667.5,15.5784,0,MAIN,0.1,5.57,True,10.079051383399218
sz.002565,2025-06-24,5.52,6.13,5.47,6.13,5.57,137906737.0,814921215.39,13.0106,0,MAIN,0.1,6.13,True,10.053859964093359
sz.002566,2025-05-28,7.51,8.29,7.45,8.29,7.54,31129601.0,251328228.13,13.4301,0,MAIN,0.1,8.29,True,9.946949602122013
sz.002569,2025-05-06,7.09,7.09,7.09,7.09,6.75,137800.0,977002.0,0.0985,1,MAIN,0.05,7.09,True,5.03703703703704
sz.002569,2025-05-07,7.44,7.44,7.44,7.44,7.09,214100.0,1592904.0,0.153,1,MAIN,0.05,7.44,True,4.936530324400579
sz.002569,2025-05-08,7.81,7.81,7.81,7.81,7.44,246802.0,1927523.62,0.1763,1,MAIN,0.05,7.81,True,4.973118279569877
sz.002569,2025-05-09,8.2,8.2,8.01,8.2,7.81,10342230.0,84632360.8,7.3896,1,MAIN,0.05,8.2,True,4.9935979513444195
sz.002569,2025-05-12,8.61,8.61,8.61,8.61,8.2,1173600.0,10104696.0,0.8385,1,MAIN,0.05,8.61,True,5.000000000000004
sz.002569,2025-05-15,8.56,8.75,8.51,8.75,8.33,7335507.0,63734568.03,5.2413,1,MAIN,0.05,8.75,True,5.042016806722693
sz.002569,2025-05-23,8.64,9.07,8.46,9.07,8.64,6290416.0,56365167.12,4.4946,1,MAIN,0.05,9.07,True,4.976851851851838
sz.002569,2025-05-28,9.45,9.65,9.13,9.65,9.19,6863000.0,65094469.0,4.9037,1,MAIN,0.05,9.65,True,5.005440696409158
sz.002569,2025-06-09,9.44,9.44,9.44,9.44,8.99,464600.0,4385824.0,0.332,1,MAIN,0.05,9.44,True,5.005561735261388
sz.002569,2025-06-10,9.91,9.91,9.91,9.91,9.44,423602.0,4197895.82,0.3027,1,MAIN,0.05,9.91,True,4.978813559322037
sz.002570,2025-05-20,5.94,6.56,5.94,6.56,5.96,252789304.0,1632090503.38,23.4065,0,MAIN,0.1,6.56,True,10.067114093959727
sz.002571,2025-05-19,5.93,6.57,5.93,6.57,5.97,36429414.0,229916085.5,12.2121,0,MAIN,0.1,6.57,True,10.050251256281406
sz.002573,2025-05-20,3.87,4.27,3.82,4.27,3.88,35155824.0,146414234.64,2.488,0,MAIN,0.1,4.27,True,10.051546391752563
sz.002574,2025-05-27,6.09,6.77,6.06,6.77,6.15,62365903.0,401060398.31,11.8117,0,MAIN,0.1,6.76,True,10.08130081300811
sz.002574,2025-05-28,6.8,7.45,6.69,7.45,6.77,116407394.0,812850526.7,22.0469,0,MAIN,0.1,7.45,True,10.044313146233396
sz.002576,2025-05-06,14.84,16.12,14.7,16.12,14.65,11538828.0,180100148.53,7.127,0,MAIN,0.1,16.12,True,10.03412969283277
sz.002576,2025-05-29,16.66,18.12,16.6,18.12,16.47,20215144.0,355139195.88,12.486,0,MAIN,0.1,18.12,True,10.018214936247727
sz.002579,2025-06-18,8.15,9.01,8.09,9.01,8.19,65018609.0,575417365.86,11.1807,0,MAIN,0.1,9.01,True,10.012210012210021
sz.002579,2025-06-19,9.91,9.91,9.91,9.91,9.01,15288026.0,151504337.66,2.6289,0,MAIN,0.1,9.91,True,9.98890122086571
sz.002579,2025-06-20,10.9,10.9,10.72,10.9,9.91,150475627.0,1639844755.77,25.876,0,MAIN,0.1,10.9,True,9.989909182643796
sz.002579,2025-06-24,11.31,12.65,11.31,12.65,11.5,241424384.0,2976230140.65,41.5156,0,MAIN,0.1,12.65,True,10.000000000000009
sz.002579,2025-06-27,12.55,13.77,11.86,13.77,12.52,275427701.0,3615539345.4,47.3629,0,MAIN,0.1,13.77,True,9.984025559105426
sz.002579,2025-06-30,14.39,15.15,14.16,15.15,13.77,227416191.0,3331788334.75,39.1068,0,MAIN,0.1,15.15,True,10.02178649237473
sz.002580,2025-05-21,12.3,13.62,12.23,13.62,12.38,64276728.0,843565757.56,14.2099,0,MAIN,0.1,13.62,True,10.016155088852985
sz.002581,2025-05-20,7.9,8.69,7.9,8.69,7.9,13125342.0,110054008.98,3.2749,0,MAIN,0.1,8.69,True,9.999999999999986
sz.002581,2025-06-09,8.2,9.03,8.2,9.03,8.21,14474630.0,125670725.9,3.6115,0,MAIN,0.1,9.03,True,9.987819732034087
sz.002583,2025-05-08,11.65,12.86,11.61,12.86,11.69,138784858.0,1693109552.59,10.8196,0,MAIN,0.1,12.86,True,10.008554319931573
sz.002583,2025-06-13,11.38,12.51,11.38,12.51,11.37,148130001.0,1825223823.88,11.5481,0,MAIN,0.1,12.51,True,10.026385224274414
sz.002584,2025-05-21,9.9,11.0,9.84,11.0,10.0,111613623.0,1158502274.3,25.807,0,MAIN,0.1,11.0,True,10.000000000000009
sz.002586,2025-05-13,3.18,3.23,3.1,3.23,3.08,21684556.0,69046685.52,2.4177,1,MAIN,0.05,3.23,True,4.870129870129869
sz.002590,2025-05-16,13.2,13.2,13.19,13.2,12.0,14721000.0,194317129.0,2.9742,0,MAIN,0.1,13.2,True,9.999999999999986
sz.002590,2025-05-19,14.52,14.52,14.52,14.52,13.2,9250353.0,134315125.56,1.8689,0,MAIN,0.1,14.52,True,10.000000000000009
sz.002590,2025-05-20,15.97,15.97,15.56,15.97,14.52,102503877.0,1633820910.06,20.7097,0,MAIN,0.1,15.97,True,9.986225895316814
sz.002592,2025-05-27,5.95,6.21,5.88,6.21,5.91,5921400.0,36118868.0,2.2539,1,MAIN,0.05,6.21,True,5.076142131979688
sz.002592,2025-06-30,6.24,6.45,6.21,6.45,6.14,8197500.0,52147947.0,3.1203,1,MAIN,0.05,6.45,True,5.048859934853422
sz.002593,2025-05-08,5.34,5.34,5.34,5.34,4.85,13518600.0,72189324.0,2.3698,0,MAIN,0.1,5.34,True,10.103092783505163
sz.002593,2025-06-16,4.73,5.19,4.66,5.19,4.72,84734350.0,427577989.0,14.8542,0,MAIN,0.1,5.19,True,9.957627118644075
sz.002598,2025-05-08,9.6,10.52,9.57,10.52,9.56,20209932.0,206756668.32,7.1646,0,MAIN,0.1,10.52,True,10.041841004184082
sz.002598,2025-05-09,10.68,11.57,10.61,11.57,10.52,66917434.0,742916863.66,23.7228,0,MAIN,0.1,11.57,True,9.980988593155903
sz.002599,2025-05-08,8.7,9.59,8.7,9.59,8.72,26505540.0,247408879.6,6.5785,0,MAIN,0.1,9.59,True,9.977064220183474
sz.002602,2025-06-30,10.65,11.08,10.61,11.08,10.55,134914660.0,1470674856.93,1.9613,1,MAIN,0.05,11.08,True,5.023696682464451
sz.002609,2025-05-29,9.85,10.87,9.84,10.87,9.88,20623200.0,217399235.8,4.4892,0,MAIN,0.1,10.87,True,10.020242914979738
sz.002609,2025-06-26,10.78,11.98,10.71,11.98,10.89,36549225.0,418235518.7,7.9559,0,MAIN,0.1,11.98,True,10.009182736455458
sz.002612,2025-06-03,16.6,18.36,16.6,18.36,16.69,24200258.0,426311521.86,9.5,0,MAIN,0.1,18.36,True,10.005991611743536
sz.002615,2025-06-04,7.27,8.01,7.26,8.01,7.28,36221168.0,280049032.51,11.8351,0,MAIN,0.1,8.01,True,10.027472527472515
sz.002615,2025-06-11,7.69,8.47,7.69,8.47,7.7,53887646.0,439133744.04,17.6076,0,MAIN,0.1,8.47,True,10.000000000000009
sz.002615,2025-06-12,8.96,9.32,8.8,9.32,8.47,91590635.0,841200800.23,29.9269,0,MAIN,0.1,9.32,True,10.035419126328215
sz.002615,2025-06-13,9.16,10.25,8.96,10.25,9.32,100734747.0,991636839.71,32.9147,0,MAIN,0.1,10.25,True,9.978540772532195
sz.002616,2025-05-26,5.7,6.28,5.69,6.28,5.71,38126679.0,235030938.37,8.1071,0,MAIN,0.1,6.28,True,9.982486865148864
sz.002617,2025-05-21,7.52,8.23,7.52,8.23,7.48,261873400.0,2099145839.76,13.8451,0,MAIN,0.1,8.23,True,10.026737967914446
sz.002620,2025-05-06,3.71,3.71,3.71,3.71,3.53,3708450.0,13758349.5,1.1759,1,MAIN,0.05,3.71,True,5.099150141643061
sz.002620,2025-05-07,3.9,3.9,3.9,3.9,3.71,1376505.0,5368369.5,0.4365,1,MAIN,0.05,3.9,True,5.121293800539073
sz.002620,2025-05-08,4.1,4.1,4.1,4.1,3.9,2830200.0,11603820.0,0.8974,1,MAIN,0.05,4.1,True,5.128205128205132
sz.002620,2025-05-12,4.39,4.39,4.23,4.39,4.18,44093557.0,192296691.91,13.9812,1,MAIN,0.05,4.39,True,5.023923444976086
sz.002620,2025-06-19,3.7,3.91,3.63,3.91,3.72,21112850.0,80190141.5,6.6945,1,MAIN,0.05,3.91,True,5.107526881720426
sz.002622,2025-05-08,2.71,2.9,2.71,2.9,2.64,26102154.0,75095277.6,3.1075,0,MAIN,0.1,2.9,True,9.84848484848484
sz.002622,2025-06-09,3.1,3.12,3.0,3.12,2.84,60891912.0,189489329.44,7.2493,0,MAIN,0.1,3.12,True,9.859154929577475
sz.002626,2025-05-15,16.82,18.49,16.78,18.49,16.81,29377564.0,529043346.08,4.8172,0,MAIN,0.1,18.49,True,9.994051160023787
sz.002626,2025-06-25,18.46,20.41,18.46,20.41,18.55,35706651.0,701876451.85,5.855,0,MAIN,0.1,20.4,True,10.026954177897561
sz.002629,2025-06-06,5.68,5.73,5.55,5.73,5.21,29506933.0,168252181.69,8.2896,0,MAIN,0.1,5.73,True,9.98080614203456
sz.002629,2025-06-09,5.72,6.3,5.61,6.3,5.73,83447404.0,508886269.89,23.4435,0,MAIN,0.1,6.3,True,9.947643979057585
sz.002630,2025-05-16,2.17,2.39,2.17,2.39,2.28,340445167.0,761454575.19,32.0079,1,MAIN,0.05,2.39,True,4.824561403508776
sz.002630,2025-05-19,2.32,2.51,2.31,2.51,2.39,148358359.0,361125375.52,13.9483,1,MAIN,0.05,2.51,True,5.020920502092041
sz.002630,2025-05-21,2.38,2.57,2.38,2.57,2.45,222590828.0,551274277.84,20.9275,1,MAIN,0.05,2.57,True,4.8979591836734615
sz.002630,2025-05-28,2.58,2.6,2.58,2.6,2.48,103767100.0,269572937.2,9.7559,1,MAIN,0.05,2.6,True,4.8387096774193505
sz.002630,2025-05-29,2.73,2.73,2.73,2.73,2.6,3614736.0,9868229.28,0.3398,1,MAIN,0.05,2.73,True,5.000000000000004
sz.002630,2025-05-30,2.87,2.87,2.79,2.87,2.73,130673602.0,374661921.74,12.2856,1,MAIN,0.05,2.87,True,5.128205128205132
sz.002630,2025-06-04,2.73,2.87,2.69,2.87,2.73,158470387.0,447435231.95,14.899,1,MAIN,0.05,2.87,True,5.128205128205132
sz.002630,2025-06-19,2.48,2.61,2.47,2.61,2.49,109959105.0,285464989.93,10.3381,1,MAIN,0.05,2.61,True,4.819277108433728
sz.002630,2025-06-30,2.64,2.73,2.64,2.73,2.6,125921048.0,342415653.37,11.8388,1,MAIN,0.05,2.73,True,5.000000000000004
sz.002633,2025-05-30,15.44,15.44,15.44,15.44,14.04,5506600.0,85021904.0,3.6853,0,MAIN,0.1,15.44,True,9.971509971509974
sz.002633,2025-06-03,16.98,16.98,16.88,16.98,15.44,4365110.0,74118835.8,2.9214,0,MAIN,0.1,16.98,True,9.974093264248719
sz.002634,2025-06-26,4.02,4.38,3.98,4.38,3.98,12976200.0,56438910.0,2.9061,0,MAIN,0.1,4.38,True,10.050251256281406
sz.002639,2025-05-06,7.71,8.36,7.71,8.36,7.6,71369792.0,588104634.12,10.9701,0,MAIN,0.1,8.36,True,9.999999999999986
sz.002639,2025-05-23,8.37,9.21,8.37,9.21,8.37,177068520.0,1611515867.84,27.2169,0,MAIN,0.1,9.21,True,10.035842293906839
sz.002639,2025-05-26,9.5,10.13,9.4,10.13,9.21,216050215.0,2142692659.96,33.2088,0,MAIN,0.1,10.13,True,9.989142236699244
sz.002639,2025-05-28,10.36,11.35,10.36,11.35,10.32,338194583.0,3749974432.9,51.9834,0,MAIN,0.1,11.35,True,9.980620155038755
sz.002640,2025-05-08,4.01,4.46,3.95,4.46,4.05,212658762.0,920458295.29,15.2206,0,MAIN,0.1,4.46,True,10.123456790123452
sz.002640,2025-05-14,4.56,5.06,4.4,5.06,4.6,550885519.0,2647064091.53,39.4285,0,MAIN,0.1,5.06,True,10.000000000000009
sz.002640,2025-06-09,4.58,5.03,4.55,5.03,4.57,485502624.0,2396088905.17,34.7489,0,MAIN,0.1,5.03,True,10.065645514223199
sz.002644,2025-06-03,8.36,9.26,8.32,9.26,8.42,18735909.0,165667412.9,3.669,0,MAIN,0.1,9.26,True,9.976247030878849
sz.002645,2025-06-11,9.15,10.01,9.1,10.01,9.1,48555024.0,466228659.25,9.4676,0,MAIN,0.1,10.01,True,10.000000000000009
sz.002647,2025-05-13,5.01,5.17,4.96,5.17,4.92,26163979.0,133225285.25,3.8605,1,MAIN,0.05,5.17,True,5.081300813008127
sz.002647,2025-06-10,5.3,5.54,5.3,5.54,5.28,32907570.0,181598070.8,4.8555,1,MAIN,0.05,5.54,True,4.924242424242431
sz.002647,2025-06-11,5.56,5.82,5.53,5.82,5.54,22754569.0,130158603.51,3.3574,1,MAIN,0.05,5.82,True,5.054151624548742
sz.002647,2025-06-13,5.85,6.06,5.62,6.06,5.77,39981130.0,234876338.28,5.8992,1,MAIN,0.05,6.06,True,5.025996533795496
sz.002647,2025-06-23,5.7,5.87,5.63,5.87,5.59,23617756.0,137511556.86,3.4848,1,MAIN,0.05,5.87,True,5.008944543828275
sz.002647,2025-06-30,6.25,6.43,6.17,6.43,6.12,40140346.0,254478731.73,5.9227,1,MAIN,0.05,6.43,True,5.065359477124187
sz.002650,2025-05-06,5.95,6.06,5.88,6.06,5.77,5933550.0,35635640.5,0.5151,1,MAIN,0.05,6.06,True,5.025996533795496
sz.002650,2025-05-07,6.36,6.36,6.3,6.36,6.06,3532876.0,22449531.36,0.3067,1,MAIN,0.05,6.36,True,4.950495049504955
sz.002650,2025-05-08,6.68,6.68,6.68,6.68,6.36,1383150.0,9239442.0,0.1201,1,MAIN,0.05,6.68,True,5.031446540880502
sz.002650,2025-05-09,7.0,7.01,6.41,7.01,6.68,36570471.0,251187057.93,3.1746,1,MAIN,0.05,7.01,True,4.940119760479034
sz.002650,2025-05-12,7.36,7.36,7.3,7.36,7.01,5282650.0,38877936.0,0.4586,1,MAIN,0.05,7.36,True,4.992867332382311
sz.002650,2025-05-13,7.73,7.73,7.73,7.73,7.36,1465750.0,11330247.5,0.1272,1,MAIN,0.05,7.73,True,5.027173913043481
sz.002650,2025-05-20,6.8,7.21,6.73,7.21,6.87,11933781.0,84277807.31,1.036,1,MAIN,0.05,7.21,True,4.949053857350805
sz.002650,2025-05-21,7.57,7.57,7.44,7.57,7.21,3995370.0,30219548.9,0.3468,1,MAIN,0.05,7.57,True,4.993065187239942
sz.002650,2025-05-26,7.66,8.04,7.6,8.04,7.66,9594060.0,75530678.8,0.8328,1,MAIN,0.05,8.04,True,4.960835509138373
sz.002650,2025-06-16,6.48,6.67,6.38,6.67,6.35,6500200.0,42845755.0,0.5643,1,MAIN,0.05,6.67,True,5.039370078740157
sz.002650,2025-06-17,7.0,7.0,6.93,7.0,6.67,3598250.0,25184753.0,0.3124,1,MAIN,0.05,7.0,True,4.94752623688155
sz.002651,2025-05-07,6.84,7.39,6.8,7.39,6.72,46249454.0,330076105.44,8.179,0,MAIN,0.1,7.39,True,9.970238095238093
sz.002651,2025-05-08,8.0,8.13,7.67,8.13,7.39,131583337.0,1049974711.96,23.27,0,MAIN,0.1,8.13,True,10.01353179972937
sz.002651,2025-05-09,8.67,8.94,8.66,8.94,8.13,158415038.0,1403490955.68,28.0151,0,MAIN,0.1,8.94,True,9.963099630996286
sz.002651,2025-05-12,8.39,9.83,8.39,9.83,8.94,114997740.0,1067823956.79,20.3369,0,MAIN,0.1,9.83,True,9.95525727069353
sz.002651,2025-05-13,10.54,10.81,10.21,10.81,9.83,119389549.0,1274152310.24,21.1136,0,MAIN,0.1,10.81,True,9.969481180061045
sz.002651,2025-05-14,11.87,11.89,11.66,11.89,10.81,77811290.0,923326793.7,13.7606,0,MAIN,0.1,11.89,True,9.990749306197966
sz.002651,2025-05-16,12.2,14.17,12.2,14.17,12.88,70893296.0,966111865.28,12.5372,0,MAIN,0.1,14.17,True,10.015527950310554
sz.002651,2025-05-19,14.8,15.59,13.41,15.59,14.17,162074435.0,2392259616.92,28.6622,0,MAIN,0.1,15.59,True,10.021171489061388
sz.002651,2025-06-09,11.08,12.16,11.08,12.16,11.05,90444265.0,1078485153.4,15.9947,0,MAIN,0.1,12.16,True,10.045248868778266
sz.002651,2025-06-30,11.0,12.02,10.95,12.02,10.93,45667772.0,540000824.44,8.0762,0,MAIN,0.1,12.02,True,9.972552607502294
sz.002653,2025-06-12,43.16,47.7,43.16,47.7,43.36,5654380.0,259067287.91,1.0553,0,MAIN,0.1,47.7,True,10.00922509225093
sz.002654,2025-05-20,11.76,12.83,11.72,12.83,11.66,41891746.0,524097107.2,4.9562,0,MAIN,0.1,12.83,True,10.034305317324188
sz.002656,2025-05-13,2.21,2.32,2.2,2.32,2.21,14286636.0,32562238.52,2.3442,1,MAIN,0.05,2.32,True,4.977375565610864
sz.002656,2025-06-16,2.43,2.54,2.43,2.54,2.42,21446356.0,54224168.24,3.1698,1,MAIN,0.05,2.54,True,4.958677685950419
sz.002656,2025-06-17,2.62,2.67,2.6,2.67,2.54,7762261.0,20571597.07,1.1473,1,MAIN,0.05,2.67,True,5.118110236220463
sz.002657,2025-05-29,19.07,21.01,19.07,21.01,19.1,46564682.0,951237141.96,13.8439,0,MAIN,0.1,21.01,True,10.000000000000009
sz.002657,2025-06-04,23.0,26.14,22.97,26.14,23.76,108021286.0,2659538909.6,32.1151,0,MAIN,0.1,26.14,True,10.016835016835014
sz.002657,2025-06-16,23.01,25.37,23.01,25.37,23.06,82596300.0,2032113433.8,24.5562,0,MAIN,0.1,25.37,True,10.01734605377278
sz.002657,2025-06-23,23.9,26.52,23.87,26.52,24.11,43089402.0,1089640839.76,12.8106,0,MAIN,0.1,26.52,True,9.99585234342597
sz.002658,2025-06-30,7.15,7.83,7.15,7.83,7.12,41082193.0,317969473.64,11.4544,0,MAIN,0.1,7.83,True,9.971910112359538
sz.002664,2025-05-06,18.0,18.95,18.0,18.95,17.23,22454879.0,422292558.05,5.5778,0,MAIN,0.1,18.95,True,9.982588508415557
sz.002664,2025-05-15,18.95,20.79,18.5,20.79,18.9,28844242.0,568425495.82,7.1649,0,MAIN,0.1,20.79,True,10.000000000000009
sz.002669,2025-06-03,10.66,11.79,10.66,11.79,10.72,40918101.0,468377036.07,13.5536,0,MAIN,0.1,11.79,True,9.981343283582067
sz.002670,2025-06-24,12.11,13.16,12.06,13.16,11.96,88952395.0,1150230363.73,5.4796,0,MAIN,0.1,13.16,True,10.033444816053505
sz.002670,2025-06-25,13.9,14.48,13.9,14.48,13.16,82963745.0,1181158276.42,5.1106,0,MAIN,0.1,14.48,True,10.030395136778125
sz.002670,2025-06-26,15.93,15.93,15.93,15.93,14.48,52541403.0,836984549.79,3.2366,0,MAIN,0.1,15.93,True,10.013812154696122
sz.002672,2025-05-06,4.09,4.47,4.09,4.47,4.06,18904509.0,81523293.25,2.0886,0,MAIN,0.1,4.47,True,10.098522167487701
sz.002676,2025-06-18,5.63,6.19,5.61,6.19,5.63,44631490.0,270798552.3,6.1991,0,MAIN,0.1,6.19,True,9.946714031971581
sz.002678,2025-06-16,4.91,5.6,4.91,5.6,5.09,69260258.0,368772910.78,5.1018,0,MAIN,0.1,5.6,True,10.019646365422386
sz.002678,2025-06-17,5.91,6.16,5.91,6.16,5.6,30752835.0,188115674.7,2.2653,0,MAIN,0.1,6.16,True,10.000000000000009
sz.002682,2025-05-07,4.26,4.65,4.24,4.65,4.23,41403375.0,184845983.0,7.3625,0,MAIN,0.1,4.65,True,9.92907801418439
sz.002682,2025-05-26,4.5,4.94,4.48,4.94,4.49,46687227.0,225044085.5,8.3021,0,MAIN,0.1,4.94,True,10.022271714922049
sz.002682,2025-06-03,4.96,5.46,4.93,5.46,4.96,50376845.0,265189009.9,8.9582,0,MAIN,0.1,5.46,True,10.080645161290324
sz.002688,2025-05-14,6.27,6.85,6.26,6.85,6.23,129059525.0,845554018.91,17.3219,0,MAIN,0.1,6.85,True,9.95184590690208
sz.002689,2025-05-09,3.68,4.04,3.6,4.04,3.67,43825436.0,173492222.28,4.2022,0,MAIN,0.1,4.04,True,10.081743869209813
sz.002691,2025-05-08,8.44,9.28,8.44,9.28,8.44,7935199.0,72691410.72,2.3618,0,MAIN,0.1,9.28,True,9.952606635071092
sz.002693,2025-05-15,6.89,6.89,6.89,6.89,6.56,9449400.0,65106366.0,2.2978,1,MAIN,0.05,6.89,True,5.030487804878048
sz.002693,2025-05-19,7.41,7.41,7.41,7.41,7.06,3524200.0,26114322.0,0.857,1,MAIN,0.05,7.41,True,4.95750708215299
sz.002693,2025-05-20,7.78,7.78,7.78,7.78,7.41,1652300.0,12854894.0,0.4018,1,MAIN,0.05,7.78,True,4.993252361673406
sz.002693,2025-05-21,8.17,8.17,8.12,8.17,7.78,27062741.0,221065106.15,6.5809,1,MAIN,0.05,8.17,True,5.0128534704370065
sz.002693,2025-05-22,8.5,8.58,8.22,8.58,8.17,63960443.0,545870192.44,15.5534,1,MAIN,0.05,8.58,True,5.018359853121179
sz.002693,2025-05-26,8.3,8.56,8.29,8.56,8.15,16949500.0,143694156.0,4.1216,1,MAIN,0.05,8.56,True,5.03067484662576
sz.002693,2025-05-27,8.88,8.99,8.75,8.99,8.56,10136100.0,90296923.0,2.4648,1,MAIN,0.05,8.99,True,5.023364485981308
sz.002696,2025-05-15,5.54,6.06,5.52,6.06,5.51,42472396.0,250873759.37,12.6604,0,MAIN,0.1,6.06,True,9.981851179673317
sz.002703,2025-06-24,12.74,12.74,12.74,12.74,11.58,16500873.0,210221122.02,2.8156,0,MAIN,0.1,12.74,True,10.017271157167528
sz.002703,2025-06-25,14.01,14.01,13.78,14.01,12.74,118924730.0,1665453286.16,20.2927,0,MAIN,0.1,14.01,True,9.968602825745677
sz.002705,2025-06-25,13.78,15.16,13.68,15.16,13.78,25984090.0,384177548.81,3.2152,0,MAIN,0.1,15.16,True,10.0145137880987
sz.002713,2025-05-06,4.46,4.46,4.46,4.46,4.25,1731423.0,7722146.58,0.4219,1,MAIN,0.05,4.46,True,4.941176470588227
sz.002713,2025-05-07,4.68,4.68,4.68,4.68,4.46,1629342.0,7625320.56,0.3971,1,MAIN,0.05,4.68,True,4.932735426008961
sz.002713,2025-05-08,4.91,4.91,4.91,4.91,4.68,1999920.0,9819607.2,0.4874,1,MAIN,0.05,4.91,True,4.914529914529919
sz.002713,2025-05-09,5.16,5.16,5.16,5.16,4.91,27215022.0,140429513.52,6.6321,1,MAIN,0.05,5.16,True,5.0916496945010215
sz.002713,2025-05-27,4.7,4.87,4.62,4.87,4.64,30234014.0,145817103.98,7.3678,1,MAIN,0.05,4.87,True,4.956896551724155
sz.002716,2025-06-06,3.73,3.89,3.73,3.89,3.54,163460551.0,630570956.27,7.3948,0,MAIN,0.1,3.89,True,9.887005649717517
sz.002717,2025-05-19,1.66,1.71,1.66,1.71,1.63,97519494.0,164676073.24,6.0921,1,MAIN,0.05,1.71,True,4.907975460122693
sz.002717,2025-05-20,1.8,1.8,1.8,1.8,1.71,6902000.0,12423600.0,0.4312,1,MAIN,0.05,1.8,True,5.263157894736836
sz.002717,2025-05-21,1.82,1.89,1.77,1.89,1.8,195902378.0,361430112.67,12.2381,1,MAIN,0.05,1.89,True,4.999999999999982
sz.002717,2025-05-22,1.95,1.98,1.92,1.98,1.89,172714965.0,340059325.01,10.7896,1,MAIN,0.05,1.98,True,4.761904761904767
sz.002717,2025-05-23,2.05,2.08,2.03,2.08,1.98,59315723.0,122448099.34,3.7055,1,MAIN,0.05,2.08,True,5.050505050505061
sz.002717,2025-05-26,2.18,2.18,2.18,2.18,2.08,12042258.0,26252122.44,0.7523,1,MAIN,0.05,2.18,True,4.807692307692313
sz.002717,2025-05-27,2.29,2.29,2.29,2.29,2.18,3240600.0,7420974.0,0.2024,1,MAIN,0.05,2.29,True,5.045871559633031
sz.002717,2025-05-30,1.97,2.17,1.97,2.17,2.07,343245674.0,720510474.45,21.4427,1,MAIN,0.05,2.17,True,4.8309178743961345
sz.002717,2025-06-10,1.93,2.04,1.91,2.04,1.94,260433861.0,524881835.46,16.2694,1,MAIN,0.05,2.04,True,5.154639175257736
sz.002717,2025-06-26,1.77,1.85,1.77,1.85,1.76,112780569.0,206997317.27,7.0455,1,MAIN,0.05,1.85,True,5.113636363636376
sz.002719,2025-05-06,8.0,8.6,8.0,8.6,7.82,11802500.0,100388045.0,7.2912,0,MAIN,0.1,8.6,True,9.97442455242965
sz.002721,2025-06-06,3.21,3.35,3.2,3.35,3.19,110148297.0,365118350.98,4.1419,1,MAIN,0.05,3.35,True,5.0156739811912265
sz.002721,2025-06-27,3.04,3.37,3.03,3.37,3.06,137563875.0,450267153.85,5.1728,0,MAIN,0.1,3.37,True,10.130718954248374
sz.002722,2025-05-07,14.45,15.81,14.38,15.81,14.37,8780815.0,133812106.87,5.0032,0,MAIN,0.1,15.81,True,10.020876826722347
sz.002722,2025-05-13,15.08,16.41,15.02,16.41,14.92,12864684.0,207494408.44,7.3302,0,MAIN,0.1,16.41,True,9.986595174262746
sz.002724,2025-06-26,6.74,7.38,6.71,7.38,6.71,30113789.0,217225963.62,5.2668,0,MAIN,0.1,7.38,True,9.985096870342769
sz.002725,2025-06-30,12.25,13.18,12.25,13.18,11.98,14918780.0,191786232.8,7.0396,0,MAIN,0.1,13.18,True,10.016694490818034
sz.002727,2025-05-20,14.2,15.63,14.1,15.63,14.21,43315783.0,661091093.69,10.9022,0,MAIN,0.1,15.63,True,9.992962702322306
sz.002727,2025-05-21,17.19,17.19,16.7,17.19,15.63,28477278.0,488782522.82,7.1675,0,MAIN,0.1,17.19,True,9.98080614203456
sz.002727,2025-05-23,17.4,19.01,17.13,19.01,17.28,100802636.0,1838541369.35,25.3711,0,MAIN,0.1,19.01,True,10.011574074074069
sz.002727,2025-06-12,16.2,17.75,16.2,17.75,16.14,17433555.0,301559587.83,4.3879,0,MAIN,0.1,17.75,True,9.975216852540258
sz.002730,2025-05-06,17.38,17.38,17.38,17.38,15.8,4007700.0,69653826.0,1.1582,0,MAIN,0.1,17.38,True,9.999999999999986
sz.002730,2025-05-07,19.12,19.12,18.79,19.12,17.38,42288735.0,807895607.2,12.2211,0,MAIN,0.1,19.12,True,10.011507479861926
sz.002730,2025-05-14,16.8,18.59,16.8,18.59,16.9,33526400.0,597779380.0,9.6889,0,MAIN,0.1,18.59,True,10.000000000000009
sz.002731,2025-06-03,11.97,12.91,11.79,12.91,11.74,31474653.0,389637430.93,13.7051,0,MAIN,0.1,12.91,True,9.965928449744466
sz.002731,2025-06-04,13.15,14.2,13.14,14.2,12.91,34335178.0,476861339.44,14.9507,0,MAIN,0.1,14.2,True,9.992254066615015
sz.002731,2025-06-13,15.71,15.71,15.5,15.71,14.28,25065910.0,393721841.1,10.9145,0,MAIN,0.1,15.71,True,10.014005602240905
sz.002731,2025-06-16,16.0,17.28,15.65,17.28,15.71,32013190.0,532781158.18,13.9396,0,MAIN,0.1,17.28,True,9.993634627625724
sz.002734,2025-06-11,20.56,22.61,20.31,22.61,20.55,94461282.0,2050997367.79,24.9233,0,MAIN,0.1,22.61,True,10.024330900243307
sz.002734,2025-06-16,19.8,22.7,19.47,22.7,20.64,118162941.0,2524152947.83,31.1769,0,MAIN,0.1,22.7,True,9.980620155038755
sz.002735,2025-05-12,10.0,10.9,9.85,10.9,9.91,19907498.0,209290648.6,7.0947,0,MAIN,0.1,10.9,True,9.989909182643796
sz.002735,2025-05-16,12.61,12.61,12.61,12.61,11.46,15392150.0,194095011.5,5.4855,0,MAIN,0.1,12.61,True,10.034904013961587
sz.002735,2025-05-19,12.99,13.87,12.72,13.87,12.61,80912474.0,1091858282.1,28.836,0,MAIN,0.1,13.87,True,9.992069785884228
sz.002735,2025-05-20,15.26,15.26,15.06,15.26,13.87,43574168.0,664763575.98,15.5292,0,MAIN,0.1,15.26,True,10.021629416005773
sz.002735,2025-05-22,15.63,17.24,15.09,17.24,15.67,188321341.0,3165925137.55,67.1148,0,MAIN,0.1,17.24,True,10.019144862795137
sz.002735,2025-05-23,17.26,18.96,16.2,18.96,17.24,185299389.0,3254108688.73,66.0378,0,MAIN,0.1,18.96,True,9.976798143851529
sz.002735,2025-05-29,19.67,21.85,19.5,21.85,19.86,138832257.0,2900699981.18,49.4777,0,MAIN,0.1,21.85,True,10.020140986908377
sz.002741,2025-06-04,14.96,16.47,14.96,16.47,14.97,31657532.0,509310744.84,7.4251,0,MAIN,0.1,16.47,True,10.020040080160308
sz.002741,2025-06-23,19.05,21.35,19.05,21.35,19.41,68686595.0,1399383188.52,16.1101,0,MAIN,0.1,21.35,True,9.994848016486358
sz.002742,2025-05-13,3.97,4.18,3.9,4.18,3.98,13214800.0,52931821.0,3.06,1,MAIN,0.05,4.18,True,5.025125628140703
sz.002742,2025-06-11,4.52,4.7,4.52,4.7,4.48,10723700.0,50303931.0,2.4832,1,MAIN,0.05,4.7,True,4.910714285714279
sz.002743,2025-05-29,6.8,7.5,6.72,7.5,6.82,35604058.0,264712731.0,8.1929,0,MAIN,0.1,7.5,True,9.97067448680351
sz.002743,2025-05-30,7.5,8.25,7.2,8.25,7.5,64567458.0,497596202.04,14.8577,0,MAIN,0.1,8.25,True,10.000000000000009
sz.002753,2025-06-23,6.41,7.08,6.39,7.08,6.44,17001952.0,118111612.89,7.0023,0,MAIN,0.1,7.08,True,9.937888198757761
sz.002755,2025-06-12,17.3,19.03,17.2,19.03,17.3,13384428.0,244309098.12,1.4421,0,MAIN,0.1,19.03,True,10.000000000000009
sz.002757,2025-05-13,19.05,20.53,19.05,20.53,18.66,19147496.0,387115124.35,6.7886,0,MAIN,0.1,20.53,True,10.021436227224022
sz.002759,2025-06-11,7.71,8.49,7.71,8.49,7.72,15869000.0,132555197.0,3.167,0,MAIN,0.1,8.49,True,9.974093264248719
sz.002759,2025-06-24,8.76,9.45,8.76,9.45,8.59,48244430.0,445575098.5,9.6282,0,MAIN,0.1,9.45,True,10.011641443538988
sz.002759,2025-06-25,10.4,10.4,10.21,10.4,9.45,30317133.0,315169755.28,6.0505,0,MAIN,0.1,10.4,True,10.052910052910068
sz.002759,2025-06-26,11.44,11.44,11.25,11.44,10.4,39262231.0,449116444.38,7.8356,0,MAIN,0.1,11.44,True,9.999999999999986
sz.002761,2025-05-21,8.86,9.74,8.84,9.74,8.85,98379000.0,944004232.92,9.0941,0,MAIN,0.1,9.74,True,10.056497175141255
sz.002762,2025-05-06,4.6,4.77,4.52,4.77,4.54,17596418.0,82498351.22,8.3246,1,MAIN,0.05,4.77,True,5.066079295154169
sz.002762,2025-05-26,5.1,5.33,5.1,5.33,5.08,6595825.0,34952601.75,3.1204,1,MAIN,0.05,5.33,True,4.921259842519676
sz.002762,2025-06-04,5.94,6.21,5.94,6.21,5.91,11670684.0,72185248.42,5.5212,1,MAIN,0.05,6.21,True,5.076142131979688
sz.002762,2025-06-12,6.47,6.47,6.47,6.47,6.16,611233.0,3954677.51,0.2892,1,MAIN,0.05,6.47,True,5.032467532467533
sz.002762,2025-06-13,6.79,6.79,6.79,6.79,6.47,652150.0,4428098.5,0.3085,1,MAIN,0.05,6.79,True,4.945904173106652
sz.002762,2025-06-17,6.39,6.77,6.36,6.77,6.45,17833849.0,118903086.24,8.4369,1,MAIN,0.05,6.77,True,4.961240310077519
sz.002769,2025-06-18,8.45,9.3,8.17,9.3,8.45,30892506.0,271612547.82,9.4763,0,MAIN,0.1,9.3,True,10.059171597633142
sz.002769,2025-06-26,9.23,10.2,9.07,10.2,9.27,23253147.0,231448277.4,7.1329,0,MAIN,0.1,10.2,True,10.032362459546928
sz.002772,2025-05-15,7.87,8.69,7.85,8.69,7.9,46339587.0,388509025.05,11.8778,0,MAIN,0.1,8.69,True,9.999999999999986
sz.002773,2025-05-21,26.51,29.3,26.51,29.3,26.64,16086568.0,454211563.23,2.3469,0,MAIN,0.1,29.3,True,9.98498498498499
sz.002775,2025-06-09,4.01,4.35,3.9,4.35,3.95,43241512.0,181349205.81,9.8534,0,MAIN,0.1,4.35,True,10.126582278481
sz.002778,2025-05-29,18.08,19.89,18.08,19.89,18.08,9356301.0,181274438.89,7.5802,0,MAIN,0.1,19.89,True,10.011061946902666
sz.002779,2025-05-12,105.91,114.39,104.43,114.39,103.99,9489819.0,1046244778.41,8.0127,0,MAIN,0.1,114.39,True,10.000961630926053
sz.002779,2025-06-11,69.0,75.67,68.81,75.67,68.79,11387480.0,827041737.56,6.8679,0,MAIN,0.1,75.67,True,10.001453699665653
sz.002780,2025-06-17,12.78,14.01,12.74,14.01,12.74,14742112.0,202284666.12,11.2834,0,MAIN,0.1,14.01,True,9.968602825745677
sz.002785,2025-06-04,30.98,32.18,30.55,32.18,29.25,20187319.0,641989081.66,10.433,0,MAIN,0.1,32.18,True,10.017094017094008
sz.002789,2025-05-12,7.33,7.68,7.33,7.68,7.31,4231710.0,31774066.6,3.2185,1,MAIN,0.05,7.68,True,5.061559507523938
sz.002789,2025-05-14,7.55,7.93,7.37,7.93,7.55,4718178.0,35942212.86,3.5885,1,MAIN,0.05,7.93,True,5.033112582781452
sz.002789,2025-05-15,8.33,8.33,8.33,8.33,7.93,1082060.0,9013559.8,0.823,1,MAIN,0.05,8.33,True,5.044136191677184
sz.002789,2025-05-19,8.79,8.79,8.79,8.79,8.37,902300.0,7931217.0,0.6863,1,MAIN,0.05,8.79,True,5.017921146953408
sz.002789,2025-05-27,8.6,8.88,8.52,8.88,8.46,7187283.0,63041981.94,5.4665,1,MAIN,0.05,8.88,True,4.964539007092195
sz.002789,2025-06-06,8.62,9.06,8.58,9.06,8.63,6206133.0,55705252.58,4.7202,1,MAIN,0.05,9.06,True,4.982618771726521
sz.002790,2025-05-06,6.85,7.37,6.85,7.37,6.7,5113588.0,37294297.88,1.9615,0,MAIN,0.1,7.37,True,10.000000000000009
sz.002793,2025-06-09,4.74,5.26,4.71,5.26,4.78,34551562.0,176326107.88,3.1817,0,MAIN,0.1,5.26,True,10.041841004184082
sz.002798,2025-05-19,4.69,4.94,4.65,4.94,4.49,13935943.0,67974722.67,4.2949,0,MAIN,0.1,4.94,True,10.022271714922049
sz.002798,2025-06-03,5.11,5.69,5.11,5.69,5.17,19644456.0,108189985.75,6.0542,0,MAIN,0.1,5.69,True,10.058027079303677
sz.002798,2025-06-30,6.07,6.63,6.06,6.63,6.03,20459722.0,131154977.11,6.0996,0,MAIN,0.1,6.63,True,9.950248756218905
sz.002799,2025-06-26,8.15,8.93,8.05,8.93,8.12,22512064.0,196498189.32,7.0342,0,MAIN,0.1,8.93,True,9.975369458128093
sz.002800,2025-06-17,13.12,14.47,12.92,14.47,13.15,21275360.0,290875559.76,15.0192,0,MAIN,0.1,14.47,True,10.038022813688219
sz.002800,2025-06-20,13.04,14.42,12.81,14.42,13.11,15275203.0,215847250.26,10.7835,0,MAIN,0.1,14.42,True,9.992372234935164
sz.002800,2025-06-23,15.86,15.86,15.86,15.86,14.42,3672264.0,58242107.04,2.5924,0,MAIN,0.1,15.86,True,9.986130374479885
sz.002805,2025-06-19,12.0,13.05,12.0,13.05,11.86,17994642.0,231515489.54,6.454,0,MAIN,0.1,13.05,True,10.033726812816202
sz.002806,2025-06-26,12.86,14.38,12.86,14.38,13.07,40220429.0,563953302.36,25.4783,0,MAIN,0.1,14.38,True,10.022953328232598
sz.002808,2025-05-08,3.27,3.47,3.27,3.47,3.3,9374852.0,31974895.24,5.017,1,MAIN,0.05,3.46,True,5.151515151515174
sz.002808,2025-05-15,3.54,3.56,3.48,3.56,3.39,6687460.0,23755537.6,3.5788,1,MAIN,0.05,3.56,True,5.014749262536866
sz.002808,2025-05-16,3.6,3.74,3.54,3.74,3.56,11822248.0,43079063.92,6.3268,1,MAIN,0.05,3.74,True,5.0561797752809
sz.002808,2025-05-19,3.93,3.93,3.93,3.93,3.74,1545400.0,6073422.0,0.827,1,MAIN,0.05,3.93,True,5.080213903743314
sz.002808,2025-05-20,4.13,4.13,4.13,4.13,3.93,1927020.0,7958592.6,1.0313,1,MAIN,0.05,4.13,True,5.089058524173029
sz.002808,2025-05-21,4.34,4.34,4.18,4.34,4.13,25338192.0,109447406.28,13.5599,1,MAIN,0.05,4.34,True,5.084745762711873
sz.002808,2025-05-23,4.15,4.33,4.15,4.33,4.12,18354444.0,78764570.2,9.8225,1,MAIN,0.05,4.33,True,5.0970873786407855
sz.002808,2025-05-26,4.42,4.55,4.38,4.55,4.33,3376424.0,15153783.2,1.8069,1,MAIN,0.05,4.55,True,5.0808314087759765
sz.002808,2025-05-27,4.78,4.78,4.78,4.78,4.55,983400.0,4700652.0,0.5263,1,MAIN,0.05,4.78,True,5.054945054945059
sz.002809,2025-05-07,10.72,11.91,10.55,11.91,10.83,52682800.0,588067690.15,38.2493,0,MAIN,0.1,11.91,True,9.972299168975063
sz.002809,2025-05-09,12.52,13.77,12.12,13.77,12.52,52361868.0,686930022.36,38.0163,0,MAIN,0.1,13.77,True,9.984025559105426
sz.002809,2025-05-12,13.86,15.15,13.7,15.15,13.77,50499856.0,728550831.19,36.6645,0,MAIN,0.1,15.15,True,10.02178649237473
sz.002809,2025-05-13,15.15,16.67,14.86,16.67,15.15,46584770.0,754377020.27,33.822,0,MAIN,0.1,16.67,True,10.033003300330034
sz.002809,2025-05-16,15.73,18.39,15.7,18.39,16.72,68573587.0,1200152688.82,49.7866,0,MAIN,0.1,18.39,True,9.98803827751198
sz.002811,2025-05-15,9.33,10.22,9.2,10.22,9.29,10911944.0,105792501.49,3.8542,0,MAIN,0.1,10.22,True,10.01076426264802
sz.002811,2025-05-16,11.24,11.24,10.76,11.24,10.22,44962627.0,501351435.36,15.8813,0,MAIN,0.1,11.24,True,9.980430528375738
sz.002811,2025-05-19,10.67,12.36,10.63,12.36,11.24,63845953.0,760420418.4,22.5511,0,MAIN,0.1,12.36,True,9.964412811387891
sz.002811,2025-05-20,12.06,13.6,12.06,13.6,12.36,40420175.0,517046311.15,14.2769,0,MAIN,0.1,13.6,True,10.032362459546928
sz.002811,2025-05-21,14.96,14.96,14.29,14.96,13.6,24135995.0,358120853.49,8.5251,0,MAIN,0.1,14.96,True,10.000000000000009
sz.002813,2025-05-16,21.91,24.19,21.91,24.19,21.99,9449400.0,222907549.0,7.884,0,MAIN,0.1,24.19,True,10.004547521600738
sz.002813,2025-05-19,26.61,26.61,25.05,26.61,24.19,7040000.0,186005915.0,5.8737,0,MAIN,0.1,26.61,True,10.004133939644477
sz.002813,2025-05-20,29.27,29.27,29.27,29.27,26.61,5148720.0,150703034.4,4.2958,0,MAIN,0.1,29.27,True,9.996242014280355
sz.002816,2025-05-06,12.36,12.36,12.36,12.36,11.77,340600.0,4209816.0,0.3406,1,MAIN,0.05,12.36,True,5.012744265080715
sz.002816,2025-05-07,12.98,12.98,12.98,12.98,12.36,244400.0,3172312.0,0.2444,1,MAIN,0.05,12.98,True,5.016181229773475
sz.002816,2025-05-08,13.63,13.63,13.63,13.63,12.98,327500.0,4463825.0,0.3275,1,MAIN,0.05,13.63,True,5.00770416024654
sz.002816,2025-05-09,14.31,14.31,14.31,14.31,13.63,490200.0,7014762.0,0.4902,1,MAIN,0.05,14.31,True,4.98899486426998
sz.002816,2025-05-12,15.03,15.03,14.66,15.03,14.31,10563241.0,158746702.23,10.5632,1,MAIN,0.05,15.03,True,5.031446540880502
sz.002816,2025-05-13,15.78,15.78,15.4,15.78,15.03,6407100.0,100825564.0,6.4071,1,MAIN,0.05,15.78,True,4.990019960079839
sz.002816,2025-05-15,16.02,16.02,16.02,16.02,15.26,948100.0,15188562.0,0.9481,1,MAIN,0.05,16.02,True,4.980340760157276
sz.002816,2025-05-16,16.82,16.82,16.82,16.82,16.02,425600.0,7158592.0,0.4256,1,MAIN,0.05,16.82,True,4.993757802746579
sz.002816,2025-05-19,17.66,17.66,17.66,17.66,16.82,123900.0,2188074.0,0.1239,1,MAIN,0.05,17.66,True,4.994054696789529
sz.002816,2025-05-20,18.54,18.54,17.8,18.54,17.66,9422100.0,173256011.0,9.4221,1,MAIN,0.05,18.54,True,4.983012457531144
sz.002816,2025-05-26,18.83,19.97,18.41,19.97,19.02,10343607.0,202056429.79,10.3436,1,MAIN,0.05,19.97,True,4.994742376445838
sz.002816,2025-05-30,17.95,18.51,17.71,18.51,17.63,6312000.0,115007023.0,6.312,1,MAIN,0.05,18.51,True,4.991491775382895
sz.002816,2025-06-09,17.85,18.87,17.85,18.87,17.97,4926500.0,91272266.0,4.9265,1,MAIN,0.05,18.87,True,5.008347245409017
sz.002816,2025-06-30,17.8,18.27,17.8,18.27,17.4,1634600.0,29634073.0,1.6346,1,MAIN,0.05,18.27,True,5.000000000000004
sz.002819,2025-05-08,28.3,30.8,28.03,30.8,28.0,37998883.0,1138184503.84,16.1611,0,MAIN,0.1,30.8,True,10.000000000000009
sz.002819,2025-05-14,29.65,32.6,29.14,32.6,29.64,31264982.0,955380476.52,13.2971,0,MAIN,0.1,32.6,True,9.986504723346833
sz.002819,2025-05-16,32.5,33.68,31.7,33.68,30.62,34881666.0,1156618494.98,14.8353,0,MAIN,0.1,33.68,True,9.99346832135859
sz.002819,2025-05-19,33.05,37.05,32.6,37.05,33.68,38421256.0,1328905790.44,16.3407,0,MAIN,0.1,37.05,True,10.005938242280287
sz.002820,2025-06-25,10.91,11.92,10.9,11.92,10.84,36910566.0,426634111.72,18.4244,0,MAIN,0.1,11.92,True,9.963099630996307
sz.002822,2025-06-23,3.18,3.31,3.14,3.31,3.15,10291227.0,33772990.57,1.8297,1,MAIN,0.05,3.31,True,5.0793650793650835
sz.002824,2025-06-23,14.68,16.28,14.63,16.28,14.8,17393444.0,276601105.35,9.1953,0,MAIN,0.1,16.28,True,10.000000000000009
sz.002825,2025-05-09,9.99,10.96,9.93,10.96,9.96,37039496.0,403380182.12,14.2311,0,MAIN,0.1,10.96,True,10.040160642570273
sz.002825,2025-05-13,11.1,12.08,10.98,12.08,10.98,44506382.0,514259852.24,17.1,0,MAIN,0.1,12.08,True,10.018214936247727
sz.002826,2025-05-07,10.84,11.86,10.84,11.86,10.78,14467446.0,170850607.56,8.3765,0,MAIN,0.1,11.86,True,10.018552875695729
sz.002826,2025-06-04,13.4,13.4,13.4,13.4,12.18,1720684.0,23057165.6,0.9963,0,MAIN,0.1,13.4,True,10.016420361247945
sz.002826,2025-06-05,14.74,14.74,14.74,14.74,13.4,525765.0,7749776.1,0.3044,0,MAIN,0.1,14.74,True,10.000000000000009
sz.002826,2025-06-06,16.21,16.21,16.21,16.21,14.74,1559900.0,25285979.0,0.9032,0,MAIN,0.1,16.21,True,9.97286295793758
sz.002826,2025-06-09,17.83,17.83,17.83,17.83,16.21,999540.0,17821798.2,0.5787,0,MAIN,0.1,17.83,True,9.993830968537921
sz.002826,2025-06-10,19.61,19.61,19.61,19.61,17.83,6586900.0,129169109.0,3.7785,0,MAIN,0.1,19.61,True,9.983174425126196
sz.002826,2025-06-11,21.57,21.57,21.57,21.57,19.61,8782974.0,189448749.18,5.0382,0,MAIN,0.1,21.57,True,9.994900560938301
sz.002826,2025-06-12,22.48,23.73,21.58,23.73,21.57,72072774.0,1627408239.45,41.3436,0,MAIN,0.1,23.73,True,10.01390820584145
sz.002828,2025-05-08,9.05,9.05,8.5,9.05,8.23,31780819.0,281996253.74,16.4069,0,MAIN,0.1,9.05,True,9.963547995139743
sz.002828,2025-06-13,10.09,10.09,9.78,10.09,9.17,37477886.0,377856327.74,19.3279,0,MAIN,0.1,10.09,True,10.03271537622683
sz.002828,2025-06-16,11.1,11.1,11.1,11.1,10.09,6522350.0,72398085.0,3.3637,0,MAIN,0.1,11.1,True,10.009910802775025
sz.002828,2025-06-17,10.75,12.21,10.53,12.21,11.1,107147155.0,1212631607.91,55.2573,0,MAIN,0.1,12.21,True,10.000000000000009
sz.002828,2025-06-18,12.58,13.43,12.58,13.43,12.21,94506606.0,1237364795.9,48.7384,0,MAIN,0.1,13.43,True,9.991809991809975
sz.002829,2025-05-28,20.6,21.54,20.6,21.54,19.58,11169512.0,238648262.68,7.6471,0,MAIN,0.1,21.54,True,10.010214504596537
sz.002829,2025-06-03,20.99,22.07,20.6,22.07,20.06,21163487.0,452285796.49,14.4893,0,MAIN,0.1,22.07,True,10.019940179461617
sz.002835,2025-05-26,17.06,18.79,17.06,18.79,17.08,9390347.0,171436086.4,7.3773,0,MAIN,0.1,18.79,True,10.011709601873541
sz.002842,2025-05-09,7.26,8.02,7.26,8.02,7.29,49992497.0,393015521.54,18.6218,0,MAIN,0.1,8.02,True,10.013717421124824
sz.002842,2025-06-11,8.56,9.23,8.56,9.23,8.39,26858067.0,242405710.5,10.0044,0,MAIN,0.1,9.23,True,10.011918951132293
sz.002846,2025-05-13,9.6,10.49,9.49,10.49,9.54,49699415.0,505746800.48,19.3369,0,MAIN,0.1,10.49,True,9.958071278825997
sz.002846,2025-05-23,11.22,11.31,11.22,11.31,10.28,24868552.0,281086970.35,9.6758,0,MAIN,0.1,11.31,True,10.019455252918297
sz.002846,2025-05-27,11.71,12.83,11.71,12.83,11.66,23857654.0,297568330.62,9.2825,0,MAIN,0.1,12.83,True,10.034305317324188
sz.002846,2025-06-09,12.3,13.15,12.3,13.15,11.95,17659613.0,228046693.25,6.871,0,MAIN,0.1,13.14,True,10.041841004184104
sz.002846,2025-06-20,12.32,13.55,12.22,13.55,12.32,46321823.0,623343852.16,18.0228,0,MAIN,0.1,13.55,True,9.983766233766245
sz.002846,2025-06-23,13.47,14.91,13.17,14.91,13.55,71007574.0,983648608.82,27.6275,0,MAIN,0.1,14.9,True,10.036900369003687
sz.002846,2025-06-24,15.08,16.4,14.71,16.4,14.91,69905689.0,1109235354.91,27.1987,0,MAIN,0.1,16.4,True,9.993293091884636
sz.002846,2025-06-25,17.11,18.04,17.1,18.04,16.4,81164371.0,1440013109.23,31.5792,0,MAIN,0.1,18.04,True,10.000000000000009
sz.002848,2025-05-06,5.22,5.46,5.19,5.46,5.2,11190200.0,59528934.0,6.8126,1,MAIN,0.05,5.46,True,5.000000000000004
sz.002848,2025-05-08,5.57,5.91,5.57,5.91,5.63,9250294.0,54039281.44,5.6316,1,MAIN,0.05,5.91,True,4.973357015985802
sz.002848,2025-05-12,6.04,6.28,5.93,6.28,5.98,7636207.0,46674259.83,4.6489,1,MAIN,0.05,6.28,True,5.0167224080267525
sz.002848,2025-05-15,6.69,6.69,6.61,6.69,6.37,7691700.0,51428480.0,4.6827,1,MAIN,0.05,6.69,True,5.0235478806907485
sz.002848,2025-06-09,7.77,8.03,7.77,8.03,7.65,7870256.0,62425566.34,4.7914,1,MAIN,0.05,8.03,True,4.967320261437891
sz.002853,2025-05-13,13.56,14.99,13.56,14.99,13.63,12524066.0,185858850.74,9.4642,0,MAIN,0.1,14.99,True,9.977989728539981
sz.002855,2025-06-17,16.7,18.43,16.66,18.43,16.75,6786998.0,123196133.14,2.7564,0,MAIN,0.1,18.42,True,10.029850746268654
sz.002856,2025-06-05,11.12,11.98,11.12,11.98,10.89,7536300.0,87942252.8,6.2749,0,MAIN,0.1,11.98,True,10.009182736455458
sz.002860,2025-05-06,11.86,13.04,11.46,13.04,11.85,78287972.0,965197010.47,22.3909,0,MAIN,0.1,13.04,True,10.042194092827007
sz.002860,2025-05-12,12.84,13.95,12.82,13.95,12.68,58631353.0,787541805.23,16.7689,0,MAIN,0.1,13.95,True,10.015772870662465
sz.002861,2025-05-29,14.04,15.49,14.04,15.49,14.08,30288602.0,452557568.22,20.1698,0,MAIN,0.1,15.49,True,10.014204545454541
sz.002862,2025-05-20,18.09,20.02,18.09,20.02,18.2,16292590.0,313053765.8,12.9052,0,MAIN,0.1,20.02,True,10.000000000000009
sz.002862,2025-05-26,18.8,20.37,18.28,20.37,18.52,21027742.0,410208070.04,16.6559,0,MAIN,0.1,20.37,True,9.989200863930892
sz.002862,2025-06-12,20.88,23.29,20.88,23.29,21.17,33254143.0,741730658.37,26.3404,0,MAIN,0.1,23.29,True,10.014170996693416
sz.002866,2025-06-04,16.06,17.64,15.95,17.64,16.04,22921310.0,392104324.4,12.6451,0,MAIN,0.1,17.64,True,9.975062344139651
sz.002867,2025-05-28,14.77,16.34,14.71,16.34,14.85,28864265.0,459152344.59,2.6492,0,MAIN,0.1,16.34,True,10.033670033670038
sz.002868,2025-05-06,18.5,18.5,18.5,18.5,17.62,258430.0,4780955.0,0.1678,1,MAIN,0.05,18.5,True,4.99432463110101
sz.002868,2025-05-07,19.43,19.43,19.43,19.43,18.5,316700.0,6153481.0,0.2056,1,MAIN,0.05,19.42,True,5.02702702702702
sz.002868,2025-05-14,18.52,19.45,18.43,19.45,18.52,2315235.0,44108385.35,1.503,1,MAIN,0.05,19.45,True,5.021598272138217
sz.002868,2025-05-15,20.12,20.42,19.89,20.42,19.45,6261419.0,127480436.92,4.0649,1,MAIN,0.05,20.42,True,4.987146529563002
sz.002868,2025-05-16,20.39,21.44,20.33,21.44,20.42,3887110.0,82121541.6,2.5235,1,MAIN,0.05,21.44,True,4.995102840352583
sz.002868,2025-05-19,22.51,22.51,22.51,22.51,21.44,208930.0,4703014.3,0.1356,1,MAIN,0.05,22.51,True,4.990671641791056
sz.002868,2025-05-20,23.64,23.64,23.64,23.64,22.51,51760.0,1223606.4,0.0336,1,MAIN,0.05,23.64,True,5.019991115059974
sz.002868,2025-05-21,24.82,24.82,23.1,24.82,23.64,6846659.0,167321058.45,4.4448,1,MAIN,0.05,24.82,True,4.991539763113373
sz.002868,2025-05-27,24.38,25.25,24.07,25.25,24.05,2020083.0,50284937.53,1.3114,1,MAIN,0.05,25.25,True,4.98960498960499
sz.002868,2025-06-25,22.68,23.63,22.38,23.63,22.5,1435300.0,33115529.0,0.9318,1,MAIN,0.05,23.62,True,5.022222222222217
sz.002869,2025-05-29,23.51,25.86,23.51,25.86,23.51,12756909.0,321295816.98,8.0101,0,MAIN,0.1,25.86,True,9.995746490854952
sz.002875,2025-05-30,15.62,16.9,15.62,16.9,15.36,15069745.0,251316484.5,8.261,0,MAIN,0.1,16.9,True,10.026041666666652
sz.002878,2025-05-29,15.76,17.41,15.51,17.41,15.83,35019990.0,584260476.14,14.9525,0,MAIN,0.1,17.41,True,9.981048641819324
sz.002878,2025-05-30,19.15,19.15,18.56,19.15,17.41,35928614.0,687011849.1,15.3404,0,MAIN,0.1,19.15,True,9.994256174612293
sz.002878,2025-06-05,17.01,18.56,16.91,18.56,16.87,36097408.0,648736909.85,15.4125,0,MAIN,0.1,18.56,True,10.017783046828676
sz.002878,2025-06-09,18.01,19.2,18.0,19.2,17.45,61776718.0,1172247198.59,26.3768,0,MAIN,0.1,19.2,True,10.028653295128942
sz.002878,2025-06-11,19.57,20.6,19.03,20.6,18.73,69443571.0,1373798748.52,29.6503,0,MAIN,0.1,20.6,True,9.983982915109447
sz.002878,2025-06-12,21.5,22.66,21.5,22.66,20.6,44758689.0,997710397.21,19.1106,0,MAIN,0.1,22.66,True,9.999999999999986
sz.002878,2025-06-13,23.67,24.93,21.8,24.93,22.66,99668844.0,2329004037.14,42.5556,0,MAIN,0.1,24.93,True,10.017652250661957
sz.002878,2025-06-16,25.0,27.42,25.0,27.42,24.93,72797100.0,1955962557.03,31.0822,0,MAIN,0.1,27.42,True,9.987966305655839
sz.002882,2025-05-20,17.3,19.02,17.15,19.02,17.29,41624373.0,778312495.44,16.8651,0,MAIN,0.1,19.02,True,10.00578368999423
sz.002882,2025-05-21,19.04,20.92,18.65,20.92,19.02,26001516.0,519137442.44,10.5352,0,MAIN,0.1,20.92,True,9.989484752891698
sz.002882,2025-05-23,20.83,23.34,19.9,23.34,21.22,70844503.0,1539864660.33,28.7044,0,MAIN,0.1,23.34,True,9.990574929311968
sz.002882,2025-05-27,22.98,26.15,22.76,26.15,23.77,60188955.0,1474633310.49,24.387,0,MAIN,0.1,26.15,True,10.012620950778285
sz.002882,2025-06-09,25.79,28.63,25.61,28.63,26.03,54375620.0,1469411494.94,22.0316,0,MAIN,0.1,28.63,True,9.988474836726846
sz.002882,2025-06-23,27.0,30.66,26.01,30.66,27.87,50758728.0,1474408365.16,20.5661,0,MAIN,0.1,30.66,True,10.010764262647998
sz.002882,2025-06-24,31.68,33.73,30.38,33.73,30.66,73527118.0,2343653275.68,29.7913,0,MAIN,0.1,33.73,True,10.013046314416174
sz.002882,2025-06-27,34.08,37.4,33.7,37.4,34.0,64479694.0,2275353878.82,26.1255,0,MAIN,0.1,37.4,True,9.999999999999986
sz.002886,2025-05-23,19.53,20.33,19.52,20.33,18.48,35760170.0,723683982.1,17.1037,0,MAIN,0.1,20.33,True,10.010822510822504
sz.002887,2025-06-12,7.99,8.81,7.98,8.81,8.01,28119782.0,242438561.72,14.45,0,MAIN,0.1,8.81,True,9.987515605493137
sz.002887,2025-06-16,8.02,9.01,8.02,9.01,8.19,11555285.0,100732557.8,5.938,0,MAIN,0.1,9.01,True,10.012210012210021
sz.002892,2025-05-12,17.18,17.97,17.06,17.97,16.34,25600100.0,452955633.4,6.4566,0,MAIN,0.1,17.97,True,9.975520195838428
sz.002898,2025-05-06,6.3,6.57,6.3,6.57,6.26,1752102.0,11359033.14,1.7303,1,MAIN,0.05,6.57,True,4.952076677316297
sz.002898,2025-05-07,6.9,6.9,6.76,6.9,6.57,6906202.0,47364888.12,6.8201,1,MAIN,0.05,6.9,True,5.022831050228316
sz.002898,2025-05-12,7.05,7.33,6.9,7.33,6.98,7705560.0,55718103.3,7.6095,1,MAIN,0.05,7.33,True,5.014326647564471
sz.002898,2025-05-14,7.25,7.59,7.21,7.59,7.23,4789650.0,35584810.0,4.7299,1,MAIN,0.05,7.59,True,4.979253112033177
sz.002898,2025-05-15,7.72,7.97,7.53,7.97,7.59,6848960.0,53925625.9,6.7636,1,MAIN,0.05,7.97,True,5.006587615283276
sz.002898,2025-05-19,8.37,8.39,8.37,8.39,7.99,2242100.0,18804195.0,2.2141,1,MAIN,0.05,8.39,True,5.00625782227786
sz.002898,2025-05-20,8.81,8.81,8.81,8.81,8.39,567840.0,5002670.4,0.5608,1,MAIN,0.05,8.81,True,5.005959475566146
sz.002898,2025-05-21,9.25,9.25,9.25,9.25,8.81,802890.0,7426732.5,0.7929,1,MAIN,0.05,9.25,True,4.99432463110101
sz.002898,2025-05-22,9.71,9.71,9.71,9.71,9.25,872680.0,8473722.8,0.8618,1,MAIN,0.05,9.71,True,4.972972972972989
sz.002898,2025-05-23,10.2,10.2,9.35,10.2,9.71,23176370.0,230463710.2,22.8874,1,MAIN,0.05,10.2,True,5.046343975283207
sz.002898,2025-05-26,10.71,10.71,10.71,10.71,10.2,888860.0,9519690.6,0.8778,1,MAIN,0.05,10.71,True,5.000000000000027
sz.002898,2025-05-27,11.25,11.25,11.25,11.25,10.71,311620.0,3505725.0,0.3077,1,MAIN,0.05,11.25,True,5.042016806722671
sz.002898,2025-05-28,11.81,11.81,11.8,11.81,11.25,11997030.0,141684374.3,11.8474,1,MAIN,0.05,11.81,True,4.977777777777792
sz.002898,2025-05-30,10.87,11.78,10.84,11.78,11.22,12006584.0,134997806.02,11.8569,1,MAIN,0.05,11.78,True,4.991087344028511
sz.002898,2025-06-03,12.37,12.37,11.83,12.37,11.78,18409932.0,226203646.28,18.1804,1,MAIN,0.05,12.37,True,5.008488964346358
sz.002898,2025-06-04,12.75,12.99,12.62,12.99,12.37,6949481.0,89735579.89,6.8628,1,MAIN,0.05,12.99,True,5.012126111560233
sz.002898,2025-06-11,11.9,12.48,11.88,12.48,11.89,9278017.0,114320934.54,9.1623,1,MAIN,0.05,12.48,True,4.962153069806563
sz.002898,2025-06-16,12.5,13.07,12.43,13.07,12.45,3960030.0,51216479.9,3.9107,1,MAIN,0.05,13.07,True,4.9799196787148725
sz.002898,2025-06-17,13.62,13.72,13.0,13.72,13.07,10896812.0,148202564.6,10.7609,1,MAIN,0.05,13.72,True,4.973221117061977
sz.002898,2025-06-27,11.32,11.79,11.09,11.79,11.23,8543407.0,98146506.26,8.4369,1,MAIN,0.05,11.79,True,4.9866429207479746
sz.002899,2025-06-17,22.77,23.0,22.35,23.0,20.91,11912507.0,273190196.0,8.06,0,MAIN,0.1,23.0,True,9.995217599234806
sz.002900,2025-05-15,11.5,12.65,11.45,12.65,11.5,23725565.0,289063436.5,13.7079,0,MAIN,0.1,12.65,True,10.000000000000009
sz.002900,2025-05-16,13.5,13.92,12.88,13.92,12.65,54251400.0,723288653.0,31.3447,0,MAIN,0.1,13.92,True,10.039525691699591
sz.002900,2025-05-21,13.43,15.21,13.27,15.21,13.83,37594003.0,545056756.95,21.7206,0,MAIN,0.1,15.21,True,9.97830802603037
sz.002900,2025-05-30,13.66,15.03,13.66,15.03,13.66,16153101.0,240329137.03,9.3327,0,MAIN,0.1,15.03,True,10.029282576866748
sz.002900,2025-06-03,15.62,16.53,15.4,16.53,15.03,53504426.0,852326268.2,30.9131,0,MAIN,0.1,16.53,True,9.980039920159701
sz.002900,2025-06-10,15.03,16.7,14.91,16.7,15.18,50176281.0,829898146.7,28.9902,0,MAIN,0.1,16.7,True,10.013175230566528
sz.002900,2025-06-27,13.13,14.45,13.1,14.45,13.14,32314100.0,453084606.5,18.67,0,MAIN,0.1,14.45,True,9.96955859969557
sz.002902,2025-06-12,18.71,20.69,18.67,20.69,18.81,21432943.0,432502688.63,12.0659,0,MAIN,0.1,20.69,True,9.994683678894223
sz.002907,2025-05-27,14.1,15.54,14.1,15.54,14.13,8872619.0,134317365.41,2.8724,0,MAIN,0.1,15.54,True,9.97876857749469
sz.002907,2025-05-28,17.0,17.09,15.81,17.09,15.54,36881334.0,600824675.53,11.94,0,MAIN,0.1,17.09,True,9.97425997425998
sz.002907,2025-05-29,16.79,18.8,16.76,18.8,17.09,28555488.0,507395659.12,9.2446,0,MAIN,0.1,18.8,True,10.00585137507315
sz.002907,2025-05-30,19.2,20.63,19.2,20.63,18.75,13641399.0,274604250.21,4.4163,0,MAIN,0.1,20.62,True,10.02666666666665
sz.002909,2025-05-13,5.8,6.29,5.76,6.29,5.72,19478750.0,120709448.1,5.1125,0,MAIN,0.1,6.29,True,9.965034965034981
sz.002909,2025-05-14,6.92,6.92,6.92,6.92,6.29,6052000.0,41879840.0,1.5884,0,MAIN,0.1,6.92,True,10.015898251192358
sz.002909,2025-05-15,7.61,7.61,7.61,7.61,6.92,3461357.0,26340926.77,0.9085,0,MAIN,0.1,7.61,True,9.97109826589595
sz.002909,2025-05-16,8.37,8.37,8.0,8.37,7.61,121079924.0,1004558699.3,31.7792,0,MAIN,0.1,8.37,True,9.98685939553219
sz.002915,2025-05-07,21.28,23.57,21.01,23.57,21.43,120871210.0,2691742189.9,41.9246,0,MAIN,0.1,23.57,True,9.98600093327111
sz.002915,2025-05-16,19.3,22.37,19.3,22.37,20.34,70352217.0,1526941445.17,24.4019,0,MAIN,0.1,22.37,True,9.980334316617512
sz.002920,2025-05-29,104.86,115.61,104.86,115.61,105.1,12848823.0,1430462912.0,2.3229,0,MAIN,0.1,115.61,True,10.000000000000009
sz.002921,2025-06-24,13.46,14.7,13.34,14.7,13.36,6914371.0,100423566.8,5.8543,0,MAIN,0.1,14.7,True,10.029940119760482
sz.002921,2025-06-25,16.17,16.17,15.72,16.17,14.7,12279036.0,197683774.0,10.3964,0,MAIN,0.1,16.17,True,10.000000000000009
sz.002923,2025-06-11,12.96,14.32,12.96,14.32,13.02,37962141.0,520558887.38,14.7092,0,MAIN,0.1,14.32,True,9.984639016897079
sz.002930,2025-06-17,10.51,11.66,10.51,11.66,10.6,18852080.0,211273850.18,4.3536,0,MAIN,0.1,11.66,True,10.000000000000009
sz.002930,2025-06-20,10.75,11.91,10.66,11.91,10.83,30345602.0,351644683.52,7.0079,0,MAIN,0.1,11.91,True,9.972299168975063
sz.002931,2025-05-12,15.66,16.96,15.49,16.96,15.42,10386488.0,172449692.48,5.1774,0,MAIN,0.1,16.96,True,9.987029831387817
sz.002932,2025-06-05,19.88,21.46,19.88,21.46,19.51,7414507.0,156865951.81,4.7503,0,MAIN,0.1,21.46,True,9.994874423372636
sz.002940,2025-06-03,15.25,16.57,14.96,16.57,15.06,11593181.0,186289997.23,6.2573,0,MAIN,0.1,16.57,True,10.02656042496679
sz.002940,2025-06-06,17.83,19.62,17.35,19.62,17.84,29548865.0,549190390.45,15.9486,0,MAIN,0.1,19.62,True,9.977578475336335
sz.002940,2025-06-09,20.75,21.58,20.75,21.58,19.62,16235145.0,347329052.93,8.7627,0,MAIN,0.1,21.58,True,9.989806320081529
sz.002940,2025-06-10,23.74,23.74,23.2,23.74,21.58,9616181.0,227979150.52,5.1902,0,MAIN,0.1,23.74,True,10.00926784059315
sz.002940,2025-06-11,25.78,26.11,24.48,26.11,23.74,53854727.0,1393270618.66,29.0674,0,MAIN,0.1,26.11,True,9.983150800336983
sz.002940,2025-06-16,26.09,28.99,25.69,28.99,26.35,28519035.0,784061023.52,15.3928,0,MAIN,0.1,28.99,True,10.018975332068303
sz.002940,2025-06-20,27.07,31.94,27.07,31.94,29.04,17405539.0,527747368.45,9.3944,0,MAIN,0.1,31.94,True,9.986225895316814
sz.002940,2025-06-27,30.9,33.97,30.59,33.97,30.88,13101298.0,427603585.81,7.0713,0,MAIN,0.1,33.97,True,10.006476683937816
sz.002946,2025-05-28,18.59,19.97,18.47,19.97,18.15,20204546.0,395143616.11,2.375,0,MAIN,0.1,19.96,True,10.0275482093664
sz.002951,2025-05-15,8.44,8.79,8.4,8.79,8.37,2487500.0,21561733.0,0.6142,1,MAIN,0.05,8.79,True,5.017921146953408
sz.002951,2025-06-03,9.0,9.27,8.71,9.27,8.43,5136700.0,46928837.0,1.2683,0,MAIN,0.1,9.27,True,9.964412811387891
sz.002951,2025-06-04,10.2,10.2,10.2,10.2,9.27,6697942.0,68319008.4,1.6538,0,MAIN,0.1,10.2,True,10.032362459546928
sz.002951,2025-06-05,10.8,11.22,10.41,11.22,10.2,25866580.0,286818036.6,6.3868,0,MAIN,0.1,11.22,True,10.000000000000009
sz.002951,2025-06-06,12.34,12.34,11.58,12.34,11.22,28737233.0,349915947.98,7.0956,0,MAIN,0.1,12.34,True,9.982174688057043
sz.002951,2025-06-09,13.44,13.57,13.14,13.57,12.34,7948132.0,107308681.24,1.9625,0,MAIN,0.1,13.57,True,9.967585089141018
sz.002951,2025-06-13,12.9,13.96,12.22,13.96,12.69,41494204.0,550516814.13,10.2455,0,MAIN,0.1,13.96,True,10.007880220646182
sz.002951,2025-06-16,13.81,15.36,13.7,15.36,13.96,39243624.0,567191904.16,9.6898,0,MAIN,0.1,15.36,True,10.028653295128919
sz.002952,2025-05-22,20.18,21.58,19.48,21.58,19.62,7869600.0,165744828.5,5.9598,0,MAIN,0.1,21.58,True,9.989806320081529
sz.002952,2025-06-04,19.97,22.14,19.63,22.14,20.13,14519848.0,309011561.63,10.9961,0,MAIN,0.1,22.14,True,9.98509687034279
sz.002955,2025-05-29,24.36,26.44,24.36,26.44,24.04,8070619.0,211181509.36,4.3071,0,MAIN,0.1,26.44,True,9.98336106489186
sz.002955,2025-06-11,28.04,28.04,28.04,28.04,25.49,2261002.0,63398496.08,1.2067,0,MAIN,0.1,28.04,True,10.003923107100832
sz.002956,2025-06-04,22.5,24.31,22.15,24.31,22.1,8749157.0,203832271.87,3.9194,0,MAIN,0.1,24.31,True,9.999999999999986
sz.002961,2025-05-14,15.0,16.57,14.95,16.57,15.06,21447100.0,342988400.0,4.8192,0,MAIN,0.1,16.57,True,10.02656042496679
sz.002961,2025-06-12,17.66,19.87,17.66,19.87,18.06,24676536.0,467712672.43,5.5448,0,MAIN,0.1,19.87,True,10.022148394241427
sz.002961,2025-06-25,17.0,18.78,16.9,18.78,17.07,20092233.0,361076016.74,4.5147,0,MAIN,0.1,18.78,True,10.017574692442889
sz.002961,2025-06-26,20.66,20.66,20.16,20.66,18.78,16847338.0,347474224.08,3.7856,0,MAIN,0.1,20.66,True,10.010649627263035
sz.002963,2025-05-07,12.55,12.55,12.55,12.55,11.41,2858520.0,35874426.0,2.3241,0,MAIN,0.1,12.55,True,9.99123575810692
sz.002963,2025-05-08,13.81,13.81,13.81,13.81,12.55,2662391.0,36767619.71,2.1647,0,MAIN,0.1,13.81,True,10.039840637450204
sz.002968,2025-05-29,9.85,10.78,9.85,10.78,9.8,12591150.0,132692282.0,5.9086,0,MAIN,0.1,10.78,True,9.999999999999986
sz.002968,2025-06-03,10.6,11.86,10.52,11.86,10.78,15208343.0,173496942.2,7.1367,0,MAIN,0.1,11.86,True,10.018552875695729
sz.002969,2025-06-04,3.36,3.7,3.34,3.7,3.36,49112617.0,176423348.9,5.171,0,MAIN,0.1,3.7,True,10.119047619047628
sz.002969,2025-06-05,3.97,4.07,3.78,4.07,3.7,206022616.0,823791349.17,21.6917,0,MAIN,0.1,4.07,True,10.000000000000009
sz.002973,2025-05-08,12.13,12.13,12.13,12.13,11.03,3725950.0,45195773.5,1.6716,0,MAIN,0.1,12.13,True,9.97280145058932
sz.002973,2025-05-09,13.34,13.34,12.9,13.34,12.13,16212800.0,215965289.0,7.2736,0,MAIN,0.1,13.34,True,9.975267930750187
sz.002973,2025-05-28,12.5,13.45,12.5,13.45,12.23,6538100.0,86906804.0,2.9332,0,MAIN,0.1,13.45,True,9.97547015535567
sz.002973,2025-05-29,13.99,14.8,13.65,14.8,13.45,36925308.0,528925489.44,16.5659,0,MAIN,0.1,14.8,True,10.037174721189611
sz.002973,2025-06-04,13.12,14.63,12.92,14.63,13.3,29071981.0,400121418.81,13.0427,0,MAIN,0.1,14.63,True,10.000000000000009
sz.002975,2025-05-07,30.23,32.81,29.97,32.81,29.83,3518869.0,112406577.89,3.3271,0,MAIN,0.1,32.81,True,9.989943010392244
sz.002976,2025-06-24,25.79,26.39,25.5,26.39,23.99,3122773.0,82152214.67,4.7883,0,MAIN,0.1,26.39,True,10.004168403501467
sz.002976,2025-06-25,29.03,29.03,28.18,29.03,26.39,10986479.0,317827189.77,16.8462,0,MAIN,0.1,29.03,True,10.00378931413415
sz.002977,2025-05-07,31.0,33.26,30.3,33.26,30.24,7456609.0,237369458.58,11.1927,0,MAIN,0.1,33.26,True,9.986772486772487
sz.002977,2025-05-08,34.59,36.59,33.8,36.59,33.26,13133153.0,460455075.24,19.7135,0,MAIN,0.1,36.59,True,10.012026458208068
sz.002977,2025-05-09,40.25,40.25,38.5,40.25,36.59,15049451.0,598282718.99,22.5899,0,MAIN,0.1,40.25,True,10.00273298715495
sz.002977,2025-05-12,40.27,44.28,40.25,44.28,40.25,11207684.0,482933238.11,16.8233,0,MAIN,0.1,44.28,True,10.01242236024844
sz.002977,2025-05-13,48.71,48.71,46.88,48.71,44.28,30803776.0,1487683558.17,46.2379,0,MAIN,0.1,48.71,True,10.004516711833777
sz.002980,2025-06-13,19.7,21.56,19.7,21.56,19.6,18027265.0,381514397.6,17.9598,0,MAIN,0.1,21.56,True,9.999999999999986
sz.002981,2025-05-06,23.0,25.1,22.8,25.1,22.82,10427479.0,249125681.92,8.7313,0,MAIN,0.1,25.1,True,9.99123575810692
sz.002981,2025-05-12,26.0,27.19,26.0,27.19,24.72,6297884.0,170204306.28,5.2734,0,MAIN,0.1,27.19,True,9.991909385113274
sz.002981,2025-05-13,29.91,29.91,29.6,29.91,27.19,7598646.0,227263223.86,6.3626,0,MAIN,0.1,29.91,True,10.003677822728928
sz.002981,2025-06-05,24.1,26.09,23.82,26.09,23.72,11295298.0,283998749.82,9.458,0,MAIN,0.1,26.09,True,9.99156829679595
sz.002982,2025-05-30,14.95,16.38,14.94,16.38,14.89,30562594.0,489167831.67,23.5322,0,MAIN,0.1,16.38,True,10.00671591672262
sz.002987,2025-05-29,12.4,13.71,12.37,13.71,12.46,58258191.0,773220770.41,6.9072,0,MAIN,0.1,13.71,True,10.032102728731939
sz.002987,2025-06-25,15.88,18.21,15.8,18.21,16.55,105954297.0,1804911082.66,12.5621,0,MAIN,0.1,18.21,True,10.030211480362539
sz.002987,2025-06-26,19.15,20.03,18.5,20.03,18.21,134257446.0,2579420687.51,15.9178,0,MAIN,0.1,20.03,True,9.9945085118067
sz.002989,2025-05-22,31.59,34.52,31.1,34.52,31.38,9831378.0,328927892.14,5.3752,0,MAIN,0.1,34.52,True,10.006373486297026
sz.002990,2025-05-19,25.91,28.47,25.53,28.47,25.88,7717319.0,212122402.87,5.7551,0,MAIN,0.1,28.47,True,10.007727975270475
sz.002990,2025-05-22,27.73,30.64,27.5,30.64,27.85,22154577.0,658484636.98,16.5215,0,MAIN,0.1,30.64,True,10.017953321364459
sz.002992,2025-06-06,56.0,61.72,55.02,61.72,56.11,7765797.0,460857879.18,9.8769,0,MAIN,0.1,61.72,True,9.998217786490816
sz.002995,2025-05-29,17.65,19.45,17.65,19.45,17.68,13377020.0,252837713.0,11.8994,0,MAIN,0.1,19.45,True,10.011312217194579
sz.002996,2025-06-11,7.12,7.8,7.1,7.8,7.09,23603563.0,181440800.42,5.6676,0,MAIN,0.1,7.8,True,10.014104372355437
sz.002998,2025-05-28,7.21,7.93,7.21,7.93,7.21,27876421.0,214147763.74,11.451,0,MAIN,0.1,7.93,True,9.986130374479885
sz.003004,2025-05-12,18.2,18.7,17.94,18.7,17.81,3580106.0,65558342.76,5.4405,1,MAIN,0.05,18.7,True,4.9971925884334745
sz.003004,2025-05-14,18.02,18.91,17.74,18.91,18.01,3282903.0,60298307.41,4.9889,1,MAIN,0.05,18.91,True,4.9972237645752315
sz.003004,2025-05-15,19.79,19.86,19.29,19.86,18.91,2864407.0,56429668.1,4.3529,1,MAIN,0.05,19.86,True,5.023796932839764
sz.003009,2025-05-30,37.33,41.04,37.3,41.04,37.31,10860904.0,441228884.0,6.9893,0,MAIN,0.1,41.04,True,9.997319753417312
sz.003009,2025-06-03,43.62,45.14,43.03,45.14,41.04,14562258.0,647540990.64,9.3712,0,MAIN,0.1,45.14,True,9.990253411306039
sz.003009,2025-06-25,42.18,46.83,41.85,46.83,42.57,11960444.0,540648902.39,7.6969,0,MAIN,0.1,46.83,True,10.00704721634953
sz.003010,2025-05-15,51.89,57.09,51.46,57.09,51.9,8982057.0,493424273.91,7.4277,0,MAIN,0.1,57.09,True,10.000000000000009
sz.003010,2025-06-03,65.95,72.01,65.95,72.01,65.46,4409593.0,309066604.33,3.6465,0,MAIN,0.1,72.01,True,10.006110601894314
sz.003010,2025-06-04,75.09,79.21,73.75,79.21,72.01,9628626.0,752084799.01,7.9624,0,MAIN,0.1,79.21,True,9.998611303985538
sz.003010,2025-06-12,53.46,59.39,52.88,59.39,53.99,14441764.0,814680041.02,8.6404,0,MAIN,0.1,59.39,True,10.001852194850901
sz.003015,2025-06-23,15.01,16.58,15.01,16.58,15.07,56164018.0,907360468.44,22.7015,0,MAIN,0.1,16.58,True,10.019907100199067
sz.003017,2025-06-13,24.57,27.21,24.07,27.21,24.74,11417411.0,302836021.46,16.5091,0,MAIN,0.1,27.21,True,9.983831851253044
sz.003017,2025-06-16,29.6,29.93,28.88,29.93,27.21,10539453.0,313145560.69,15.2396,0,MAIN,0.1,29.93,True,9.996324880558616
sz.003019,2025-05-08,28.81,31.92,28.81,31.92,29.02,9331880.0,289086447.95,5.5336,0,MAIN,0.1,31.92,True,9.993108201240531
sz.003026,2025-06-23,30.92,34.38,30.55,34.38,31.25,9702690.0,328748580.96,10.0238,0,MAIN,0.1,34.38,True,10.016000000000002
sz.003027,2025-06-10,17.19,18.87,17.13,18.87,17.15,4975460.0,92538549.2,4.7448,0,MAIN,0.1,18.86,True,10.029154518950456
sz.003029,2025-06-12,21.01,22.76,20.77,22.76,20.69,30030145.0,673085089.03,17.5777,0,MAIN,0.1,22.76,True,10.004833252779122
sz.003029,2025-06-13,24.0,25.04,23.8,25.04,22.76,32000674.0,795555977.96,18.7311,0,MAIN,0.1,25.04,True,10.017574692442865
sz.003029,2025-06-23,24.31,26.16,24.31,26.16,23.78,14268101.0,368768208.16,8.3516,0,MAIN,0.1,26.16,True,10.00841042893188
sz.003029,2025-06-24,28.78,28.78,28.78,28.78,26.16,2596200.0,74718636.0,1.5196,0,MAIN,0.1,28.78,True,10.015290519877684
sz.003029,2025-06-25,31.66,31.66,31.66,31.66,28.78,3518804.0,111405334.64,2.0597,0,MAIN,0.1,31.66,True,10.006949270326615
sz.003029,2025-06-26,34.83,34.83,34.83,34.83,31.66,2259200.0,78687936.0,1.3224,0,MAIN,0.1,34.83,True,10.012634238787111
sz.003030,2025-05-20,19.03,20.92,18.93,20.92,19.02,9757362.0,196823933.74,12.0484,0,MAIN,0.1,20.92,True,9.989484752891698
sz.003031,2025-06-30,49.38,53.21,49.1,53.21,48.37,3767208.0,196905316.87,1.1075,0,MAIN,0.1,53.21,True,10.006202191440995
sz.003032,2025-05-12,5.9,6.18,5.9,6.18,5.89,9309468.0,56930746.36,3.3931,1,MAIN,0.05,6.18,True,4.923599320882843
sz.003032,2025-06-24,6.14,6.44,6.14,6.44,6.13,8652300.0,54537597.0,3.1536,1,MAIN,0.05,6.44,True,5.057096247960846
sz.003033,2025-05-06,43.9,47.42,42.75,47.42,43.11,4827900.0,217971482.0,5.9834,0,MAIN,0.1,47.42,True,9.997680352586414
sz.003035,2025-05-30,4.96,4.96,4.96,4.96,4.51,29567760.0,146656089.6,0.7806,0,MAIN,0.1,4.96,True,9.977827050997789
sz.003035,2025-06-05,4.84,5.32,4.78,5.32,4.84,112011823.0,579396167.38,2.9571,0,MAIN,0.1,5.32,True,9.917355371900838
sz.003036,2025-05-06,12.71,13.77,12.55,13.77,12.52,15123800.0,203824932.0,7.0004,0,MAIN,0.1,13.77,True,9.984025559105426
sz.003036,2025-06-16,12.38,13.7,12.38,13.7,12.45,7204800.0,95909654.0,3.3349,0,MAIN,0.1,13.7,True,10.040160642570273
sz.003038,2025-05-06,19.35,21.13,19.05,21.13,19.21,6010548.0,122397982.44,3.6318,0,MAIN,0.1,21.13,True,9.994794377928162
sz.003040,2025-06-06,14.61,15.58,14.48,15.58,14.16,29096486.0,446166926.95,6.3689,0,MAIN,0.1,15.58,True,10.028248587570632
sz.003040,2025-06-09,17.14,17.14,17.14,17.14,15.58,5068100.0,86867234.0,1.1094,0,MAIN,0.1,17.14,True,10.01283697047497
sz.003040,2025-06-11,17.0,19.2,16.3,19.2,17.45,128939148.0,2362806101.67,28.2235,0,MAIN,0.1,19.2,True,10.028653295128942
sz.003040,2025-06-18,17.71,20.02,17.52,20.02,18.2,76804668.0,1488030514.13,16.8118,0,MAIN,0.1,20.02,True,10.000000000000009
sz.003040,2025-06-20,19.99,23.33,19.09,23.33,21.21,141896137.0,3024280020.93,31.0597,0,MAIN,0.1,23.33,True,9.995285242809992
sz.003040,2025-06-26,21.8,24.34,21.59,24.34,22.13,123336310.0,2897016177.22,26.9971,0,MAIN,0.1,24.34,True,9.986443741527351
sz.003041,2025-05-30,32.3,33.4,31.01,33.4,30.36,5045825.0,165635198.5,3.6878,0,MAIN,0.1,33.4,True,10.013175230566528
sz.003042,2025-05-27,15.67,17.24,15.52,17.24,15.67,12093822.0,201645268.98,9.5441,0,MAIN,0.1,17.24,True,10.019144862795137
sz.300003,2025-06-04,13.14,14.11,12.91,14.11,11.76,221064092.0,3024486375.65,13.6789,0,CHINEXT,0.2,14.11,True,19.98299319727892
sz.300016,2025-06-03,7.0,8.36,6.99,8.36,6.97,84465625.0,652657899.08,17.1966,0,CHINEXT,0.2,8.36,True,19.942611190817793
sz.300016,2025-06-17,9.02,10.43,9.02,10.43,8.69,84923996.0,854272707.81,17.2899,0,CHINEXT,0.2,10.43,True,20.023014959723827
sz.300020,2025-05-08,3.52,3.74,3.49,3.73,3.52,32138926.0,117508831.08,4.1922,1,CHINEXT,0.05,3.7,True,5.965909090909083
sz.300020,2025-05-19,4.05,4.2,4.01,4.2,3.99,28474820.0,117449045.6,3.7142,1,CHINEXT,0.05,4.19,True,5.263157894736836
sz.300020,2025-05-23,3.93,4.2,3.91,4.17,3.93,37943925.0,155764423.2,4.9494,1,CHINEXT,0.05,4.13,True,6.1068702290076216
sz.300020,2025-06-30,3.87,4.09,3.83,4.09,3.84,42189920.0,167504401.0,5.5032,1,CHINEXT,0.05,4.03,True,6.510416666666674
sz.300029,2025-05-28,5.28,5.68,5.25,5.61,5.22,8226954.0,44804759.86,4.1061,1,CHINEXT,0.05,5.48,True,7.471264367816111
sz.300032,2025-05-08,5.03,5.92,5.03,5.92,4.93,192639050.0,1057933522.71,23.9849,0,CHINEXT,0.2,5.92,True,20.081135902636916
sz.300044,2025-05-06,3.07,3.43,3.0,3.31,2.99,98422589.0,314500731.95,12.8866,1,CHINEXT,0.05,3.14,True,10.702341137123739
sz.300044,2025-05-08,3.31,3.66,3.29,3.66,3.33,75590635.0,263833228.04,9.8972,1,CHINEXT,0.05,3.5,True,9.90990990990992
sz.300044,2025-05-12,3.78,3.92,3.66,3.92,3.64,77067532.0,293051193.18,10.0906,1,CHINEXT,0.05,3.82,True,7.692307692307687
sz.300044,2025-06-11,3.57,3.88,3.56,3.82,3.56,64286401.0,238552741.04,8.4171,1,CHINEXT,0.05,3.74,True,7.3033707865168385
sz.300046,2025-06-25,35.02,41.88,35.02,41.88,34.9,65785922.0,2516587459.48,27.8128,0,CHINEXT,0.2,41.88,True,20.000000000000018
sz.300047,2025-05-06,14.34,16.32,14.34,16.32,13.6,130070126.0,2033277572.58,23.6612,0,CHINEXT,0.2,16.32,True,19.999999999999996
sz.300052,2025-05-19,9.7,10.38,9.62,10.13,9.45,20520528.0,205215585.72,7.8368,1,CHINEXT,0.05,9.92,True,7.195767195767222
sz.300069,2025-05-19,18.0,19.5,17.04,19.5,16.25,14356989.0,266767166.5,12.2709,0,CHINEXT,0.2,19.5,True,19.999999999999996
sz.300069,2025-05-20,22.01,23.4,22.01,23.4,19.5,6117200.0,140041379.0,5.2284,0,CHINEXT,0.2,23.4,True,19.999999999999996
sz.300069,2025-05-26,19.09,22.91,18.97,22.91,19.09,25538603.0,528292819.58,21.8279,0,CHINEXT,0.2,22.91,True,20.01047668936615
sz.300072,2025-06-23,3.16,3.71,3.16,3.71,3.09,168448325.0,601564836.91,7.2253,0,CHINEXT,0.2,3.71,True,20.064724919093855
sz.300082,2025-06-05,8.06,9.53,8.06,9.53,7.94,120428744.0,1097338585.64,17.7569,0,CHINEXT,0.2,9.53,True,20.02518891687657
sz.300091,2025-05-08,2.54,3.04,2.53,3.04,2.53,189747547.0,546968124.84,13.4259,0,CHINEXT,0.2,3.04,True,20.158102766798436
sz.300093,2025-05-06,7.38,8.34,7.29,8.34,6.95,23685507.0,183281623.82,10.983,1,CHINEXT,0.05,7.3,True,19.999999999999996
sz.300093,2025-05-07,8.61,9.86,8.19,9.07,8.34,33099877.0,290538593.31,15.3484,1,CHINEXT,0.05,8.76,True,8.752997601918477
sz.300093,2025-05-22,9.85,10.59,9.71,10.33,9.83,14095731.0,144781172.4,6.5362,1,CHINEXT,0.05,10.32,True,5.086469989827069
sz.300093,2025-05-27,9.95,10.47,9.81,10.45,9.95,10361130.0,106755648.33,4.8045,1,CHINEXT,0.05,10.45,True,5.025125628140703
sz.300093,2025-05-28,10.48,11.25,10.45,10.98,10.45,17748301.0,193081851.83,8.2299,1,CHINEXT,0.05,10.97,True,5.0717703349282495
sz.300093,2025-05-30,10.9,11.51,10.83,11.4,10.83,12694329.0,142615674.06,5.8864,1,CHINEXT,0.05,11.37,True,5.263157894736836
sz.300093,2025-06-03,11.2,12.43,11.19,12.3,11.4,15144900.0,181344831.0,7.0227,1,CHINEXT,0.05,11.97,True,7.8947368421052655
sz.300093,2025-06-06,11.86,12.56,11.6,12.55,11.85,13082849.0,158612329.02,6.0665,1,CHINEXT,0.05,12.44,True,5.907172995780607
sz.300093,2025-06-18,11.51,12.63,11.51,12.4,11.51,7060379.0,84859760.41,3.2739,1,CHINEXT,0.05,12.09,True,7.732406602953956
sz.300095,2025-05-07,6.84,8.12,6.81,8.12,6.77,73262266.0,575677278.05,21.6287,0,CHINEXT,0.2,8.12,True,19.94091580502215
sz.300095,2025-05-08,8.92,9.74,8.87,9.74,8.12,109012521.0,1015920338.52,32.183,0,CHINEXT,0.2,9.74,True,19.95073891625616
sz.300121,2025-05-23,12.59,15.08,12.44,15.08,12.57,82721736.0,1163135872.6,19.1094,0,CHINEXT,0.2,15.08,True,19.968178202068422
sz.300125,2025-05-20,6.99,7.37,6.85,7.2,6.85,16161573.0,114778699.87,6.0886,1,CHINEXT,0.05,7.19,True,5.109489051094895
sz.300125,2025-06-30,6.32,7.22,6.27,7.08,6.3,17100331.0,115477412.78,6.4422,1,CHINEXT,0.05,6.62,True,12.380952380952381
sz.300132,2025-05-15,5.32,6.4,5.27,6.4,5.33,106895986.0,646198967.84,21.0392,0,CHINEXT,0.2,6.4,True,20.075046904315208
sz.300137,2025-05-08,5.75,6.1,5.67,6.05,5.75,11593683.0,69157822.26,2.2009,1,CHINEXT,0.05,6.04,True,5.217391304347818
sz.300147,2025-05-07,6.23,6.76,6.22,6.58,6.21,34982658.0,225499158.45,5.3209,1,CHINEXT,0.05,6.52,True,5.958132045088571
sz.300147,2025-05-09,6.78,7.93,6.73,7.37,6.78,47441325.0,349097924.42,7.2159,1,CHINEXT,0.05,7.12,True,8.702064896755157
sz.300147,2025-05-16,7.76,8.1,7.61,8.02,7.48,32076791.0,250751584.6,4.8789,1,CHINEXT,0.05,7.85,True,7.21925133689838
sz.300147,2025-05-19,8.03,9.31,7.93,8.8,8.02,44976108.0,385184234.8,6.8409,1,CHINEXT,0.05,8.42,True,9.725685785536164
sz.300147,2025-05-21,8.68,9.3,8.6,9.17,8.64,34387339.0,311030288.28,5.2303,1,CHINEXT,0.05,9.07,True,6.134259259259256
sz.300149,2025-05-29,7.12,8.56,7.06,8.56,7.13,66462498.0,540922792.91,13.3705,0,CHINEXT,0.2,8.56,True,20.0561009817672
sz.300149,2025-05-30,9.0,10.27,9.0,10.27,8.56,165796211.0,1637342935.35,33.3537,0,CHINEXT,0.2,10.27,True,19.97663551401867
sz.300149,2025-06-09,9.9,11.65,9.76,11.65,9.71,71978054.0,789085049.63,14.48,0,CHINEXT,0.2,11.65,True,19.979402677651905
sz.300152,2025-05-07,2.38,2.47,2.26,2.42,2.29,137394420.0,322072057.09,19.2835,1,CHINEXT,0.05,2.4,True,5.676855895196509
sz.300152,2025-05-09,2.51,2.66,2.47,2.6,2.47,77791745.0,197707537.47,10.9182,1,CHINEXT,0.05,2.59,True,5.263157894736836
sz.300157,2025-06-13,4.21,4.72,4.11,4.72,3.93,184590907.0,825356184.69,26.2119,0,CHINEXT,0.2,4.72,True,20.101781170483445
sz.300159,2025-05-07,1.84,2.08,1.84,1.97,1.83,132316507.0,257910352.74,8.9899,1,CHINEXT,0.05,1.92,True,7.650273224043702
sz.300159,2025-05-19,2.13,2.24,2.1,2.2,2.09,69378375.0,149702067.25,4.7137,1,CHINEXT,0.05,2.19,True,5.2631578947368585
sz.300159,2025-06-03,2.16,2.28,2.13,2.27,2.16,56753995.0,126253132.7,3.856,1,CHINEXT,0.05,2.27,True,5.092592592592582
sz.300159,2025-06-12,2.48,2.58,2.47,2.53,2.4,90982180.0,229836645.2,6.1815,1,CHINEXT,0.05,2.52,True,5.41666666666667
sz.300159,2025-06-25,2.79,2.95,2.79,2.95,2.78,77124215.0,222554467.45,5.24,1,CHINEXT,0.05,2.92,True,6.115107913669071
sz.300159,2025-06-27,2.99,3.2,2.97,3.18,3.0,86847500.0,270701808.0,5.9006,1,CHINEXT,0.05,3.15,True,6.000000000000005
sz.300163,2025-05-06,3.2,3.45,3.1,3.42,3.18,28848269.0,93842086.6,6.7805,1,CHINEXT,0.05,3.34,True,7.547169811320753
sz.300164,2025-06-13,5.06,5.06,4.86,5.06,4.22,212720719.0,1075059325.88,36.4741,0,CHINEXT,0.2,5.06,True,19.905213270142184
sz.300164,2025-06-16,5.43,6.07,5.34,6.07,5.06,344913395.0,1987508924.57,59.1404,0,CHINEXT,0.2,6.07,True,19.960474308300412
sz.300167,2025-05-19,3.82,4.11,3.82,4.09,3.79,23827923.0,95290395.07,6.7294,1,CHINEXT,0.05,3.98,True,7.9155672823219
sz.300167,2025-05-22,4.18,4.83,4.13,4.63,4.25,28293227.0,124831434.9,7.9905,1,CHINEXT,0.05,4.46,True,8.94117647058823
sz.300169,2025-05-29,6.88,8.26,6.84,8.26,6.88,98839550.0,778067301.0,32.757,0,CHINEXT,0.2,8.26,True,20.05813953488371
sz.300169,2025-06-25,8.55,9.91,8.5,9.91,8.26,101895259.0,989213966.83,33.7697,0,CHINEXT,0.2,9.91,True,19.975786924939463
sz.300198,2025-05-19,2.35,2.41,2.34,2.41,2.29,41353380.0,98423981.2,4.0366,1,CHINEXT,0.05,2.4,True,5.240174672489095
sz.300198,2025-06-13,2.83,2.95,2.82,2.94,2.8,54415713.0,157189073.47,5.3116,1,CHINEXT,0.05,2.94,True,5.000000000000004
sz.300198,2025-06-23,2.4,2.58,2.4,2.56,2.42,30521000.0,76673621.8,2.9792,1,CHINEXT,0.05,2.54,True,5.785123966942152
sz.300204,2025-05-21,11.55,14.15,11.5,14.15,11.79,37804139.0,506951984.01,8.0097,0,CHINEXT,0.2,14.15,True,20.01696352841391
sz.300204,2025-05-29,19.5,23.04,19.2,23.04,19.2,54795201.0,1205256893.28,11.6097,0,CHINEXT,0.2,23.04,True,19.999999999999996
sz.300204,2025-06-03,26.5,31.8,26.5,31.8,26.5,47237701.0,1409788714.23,10.0084,0,CHINEXT,0.2,31.8,True,19.999999999999996
sz.300204,2025-06-09,29.44,34.94,28.5,34.94,29.12,69331810.0,2219831567.79,14.6896,0,CHINEXT,0.2,34.94,True,19.98626373626373
sz.300205,2025-05-07,2.83,3.08,2.81,2.98,2.84,18711430.0,54368157.8,4.3509,1,CHINEXT,0.05,2.98,True,4.929577464788748
sz.300205,2025-05-12,3.21,3.46,3.18,3.41,3.18,16177239.0,54163378.42,3.7617,1,CHINEXT,0.05,3.34,True,7.232704402515733
sz.300205,2025-05-14,3.37,3.56,3.37,3.56,3.35,17238600.0,59914334.0,4.0085,1,CHINEXT,0.05,3.52,True,6.26865671641792
sz.300205,2025-05-15,3.63,3.78,3.59,3.76,3.56,18343978.0,67989097.78,4.2655,1,CHINEXT,0.05,3.74,True,5.617977528089879
sz.300205,2025-05-19,3.64,4.06,3.61,4.06,3.65,21048979.0,82435936.05,4.8945,1,CHINEXT,0.05,3.83,True,11.232876712328753
sz.300205,2025-05-20,4.09,4.46,4.0,4.26,4.06,23507675.0,100622784.13,5.4662,1,CHINEXT,0.05,4.26,True,4.92610837438423
sz.300205,2025-05-28,3.9,4.16,3.86,4.14,3.89,11359578.0,45898683.22,2.6414,1,CHINEXT,0.05,4.08,True,6.426735218508983
sz.300205,2025-06-26,4.07,4.87,4.06,4.6,4.06,20968477.0,94852162.27,4.8758,1,CHINEXT,0.05,4.26,True,13.300492610837434
sz.300211,2025-05-07,5.79,6.09,5.7,6.01,5.69,33793118.0,198597203.93,11.3217,1,CHINEXT,0.05,5.97,True,5.6239015817223015
sz.300211,2025-05-08,5.9,6.4,5.9,6.36,6.01,20771843.0,128756086.16,6.9592,1,CHINEXT,0.05,6.31,True,5.823627287853594
sz.300237,2025-06-11,1.97,2.08,1.97,2.08,1.73,178973337.0,370410703.8,12.4123,0,CHINEXT,0.2,2.08,True,20.231213872832377
sz.300237,2025-06-12,2.28,2.5,2.14,2.5,2.08,417933684.0,966970092.59,28.9849,0,CHINEXT,0.2,2.5,True,20.192307692307686
sz.300238,2025-06-03,14.94,18.38,14.94,18.38,15.32,76044127.0,1339952035.33,28.6814,0,CHINEXT,0.2,18.38,True,19.97389033942558
sz.300240,2025-05-14,8.03,9.82,7.92,9.82,8.18,116893283.0,1034497661.28,32.1684,0,CHINEXT,0.2,9.82,True,20.04889975550124
sz.300251,2025-06-16,18.53,22.1,18.53,22.1,18.42,277161807.0,5763834881.91,9.9652,0,CHINEXT,0.2,22.1,True,19.978284473398467
sz.300255,2025-05-07,24.05,28.24,24.04,28.24,23.53,97417652.0,2673734530.32,10.6342,0,CHINEXT,0.2,28.24,True,20.01699957501062
sz.300255,2025-06-09,44.46,52.09,44.03,52.09,43.41,70960251.0,3531963409.68,7.7461,0,CHINEXT,0.2,52.09,True,19.99539276664364
sz.300268,2025-05-07,9.22,10.13,9.21,9.92,9.2,5496279.0,53808620.86,4.1107,1,CHINEXT,0.05,9.66,True,7.826086956521738
sz.300268,2025-05-08,10.0,10.6,9.71,10.51,9.92,4849500.0,49047659.0,3.6269,1,CHINEXT,0.05,10.42,True,5.947580645161299
sz.300268,2025-06-06,10.68,11.33,10.51,11.28,10.65,3911300.0,43362367.0,2.9253,1,CHINEXT,0.05,11.18,True,5.915492957746471
sz.300269,2025-06-18,4.21,5.0,4.21,5.0,4.17,156393068.0,760406680.0,29.7509,0,CHINEXT,0.2,5.0,True,19.90407673860912
sz.300269,2025-06-30,5.03,5.9,4.98,5.9,4.92,171784011.0,939133701.76,32.6787,0,CHINEXT,0.2,5.9,True,19.918699186991873
sz.300281,2025-05-07,7.3,8.7,7.3,8.7,7.25,45302752.0,378204812.8,11.4019,0,CHINEXT,0.2,8.7,True,19.999999999999996
sz.300291,2025-06-19,5.1,6.14,5.0,6.14,5.12,185647827.0,1077077538.04,19.9841,0,CHINEXT,0.2,6.14,True,19.921875
sz.300293,2025-06-30,22.01,25.14,21.86,25.14,20.95,36543894.0,888352234.8,13.0358,0,CHINEXT,0.2,25.14,True,20.000000000000018
sz.300299,2025-06-10,7.06,7.99,6.95,7.99,6.66,234709126.0,1776855601.06,34.0664,0,CHINEXT,0.2,7.99,True,19.96996996996998
sz.300300,2025-05-16,3.18,3.4,3.16,3.39,3.16,36424737.0,119908317.05,5.4626,1,CHINEXT,0.05,3.32,True,7.278481012658222
sz.300300,2025-06-06,3.96,4.39,3.96,4.26,3.93,46831679.0,196783707.97,7.0234,1,CHINEXT,0.05,4.13,True,8.396946564885477
sz.300300,2025-06-11,4.35,4.96,4.35,4.89,4.39,42154594.0,195788994.02,6.3219,1,CHINEXT,0.05,4.61,True,11.389521640091127
sz.300300,2025-06-17,4.36,4.64,4.36,4.61,4.32,36394482.0,164024106.47,5.4581,1,CHINEXT,0.05,4.54,True,6.712962962962954
sz.300300,2025-06-23,4.18,4.49,4.18,4.46,4.24,23750618.0,104100573.83,3.5619,1,CHINEXT,0.05,4.45,True,5.188679245283012
sz.300300,2025-06-27,4.62,4.95,4.62,4.95,4.62,34006366.0,163601447.42,5.1,1,CHINEXT,0.05,4.85,True,7.14285714285714
sz.300301,2025-06-04,1.9,2.06,1.9,2.03,1.9,25114022.0,49922015.17,3.1795,1,CHINEXT,0.05,2.0,True,6.842105263157894
sz.300301,2025-06-23,2.09,2.28,2.08,2.28,2.1,26183369.0,58102208.01,3.3149,1,CHINEXT,0.05,2.2,True,8.571428571428562
sz.300301,2025-06-26,2.38,2.79,2.38,2.63,2.39,40788320.0,105137854.0,5.1639,1,CHINEXT,0.05,2.51,True,10.041841004184082
sz.300313,2025-05-27,5.79,6.85,5.7,6.85,5.71,18934204.0,121476102.25,9.5941,1,CHINEXT,0.05,6.0,True,19.964973730297707
sz.300313,2025-06-16,6.5,6.96,6.46,6.86,6.2,9963896.0,66226250.6,5.0488,1,CHINEXT,0.05,6.51,True,10.64516129032258
sz.300326,2025-05-08,3.85,4.16,3.83,4.11,3.87,43167373.0,173274415.24,6.024,1,CHINEXT,0.05,4.06,True,6.20155038759691
sz.300326,2025-05-09,4.18,4.75,4.14,4.42,4.11,56959224.0,248863573.69,7.9487,1,CHINEXT,0.05,4.32,True,7.54257907542577
sz.300333,2025-06-12,13.21,16.49,13.17,16.49,13.74,128050284.0,1919273171.48,38.2491,0,CHINEXT,0.2,16.49,True,20.014556040756904
sz.300340,2025-06-04,9.78,11.75,9.76,11.75,9.79,32627886.0,372786632.18,15.5028,0,CHINEXT,0.2,11.75,True,20.020429009193073
sz.300340,2025-06-09,13.1,15.72,12.77,15.72,13.1,84211519.0,1232644898.58,40.0122,0,CHINEXT,0.2,15.72,True,20.000000000000018
sz.300340,2025-06-10,15.52,18.86,15.25,18.86,15.72,97012885.0,1676962240.65,46.0946,0,CHINEXT,0.2,18.86,True,19.97455470737912
sz.300340,2025-06-20,16.5,20.64,16.41,20.64,17.2,111240912.0,2147654460.88,52.8549,0,CHINEXT,0.2,20.64,True,20.000000000000018
sz.300344,2025-05-19,4.06,4.33,4.05,4.33,4.02,57111233.0,241139645.85,8.9317,1,CHINEXT,0.05,4.22,True,7.7114427860696555
sz.300344,2025-05-20,4.3,4.73,4.28,4.58,4.33,69311783.0,315117655.04,10.8397,1,CHINEXT,0.05,4.55,True,5.773672055427248
sz.300368,2025-05-06,6.2,6.92,6.2,6.84,5.99,25798300.0,169664553.0,4.8773,1,CHINEXT,0.05,6.29,True,14.19031719532553
sz.300368,2025-05-16,6.97,7.5,6.95,7.38,6.98,28045199.0,202024140.57,5.3021,1,CHINEXT,0.05,7.33,True,5.730659025787954
sz.300368,2025-05-29,6.14,7.34,6.11,7.34,6.12,56138165.0,385947658.9,10.6133,0,CHINEXT,0.2,7.34,True,19.934640522875814
sz.300368,2025-06-04,7.1,8.63,7.1,8.63,7.19,74668610.0,594452294.93,14.1166,0,CHINEXT,0.2,8.63,True,20.0278164116829
sz.300368,2025-06-05,8.83,10.36,8.82,10.36,8.63,157879696.0,1529114306.01,29.8481,0,CHINEXT,0.2,10.36,True,20.04634994206256
sz.300368,2025-06-25,11.1,13.55,11.1,13.55,11.29,150812973.0,1965169209.59,28.5121,0,CHINEXT,0.2,13.55,True,20.017714791851215
sz.300379,2025-05-06,4.18,4.47,4.13,4.41,4.16,110101116.0,474420913.56,20.9064,1,CHINEXT,0.05,4.37,True,6.009615384615374
sz.300379,2025-05-07,4.44,4.94,4.43,4.8,4.41,95662073.0,442930636.71,18.1647,1,CHINEXT,0.05,4.63,True,8.843537414965974
sz.300379,2025-05-08,4.85,5.76,4.73,5.76,4.8,131374160.0,710358292.88,24.9458,1,CHINEXT,0.05,5.04,True,19.999999999999996
sz.300379,2025-05-20,5.57,5.86,5.46,5.79,5.51,61842093.0,352046411.87,11.7428,1,CHINEXT,0.05,5.79,True,5.081669691470059
sz.300379,2025-05-21,5.78,6.34,5.73,6.27,5.79,72777251.0,447875303.18,13.8192,1,CHINEXT,0.05,6.08,True,8.290155440414493
sz.300379,2025-06-10,5.46,5.88,5.4,5.78,5.46,59729539.0,339854054.08,11.3417,1,CHINEXT,0.05,5.73,True,5.860805860805862
sz.300391,2025-05-07,5.26,5.68,5.26,5.58,5.23,19445323.0,107080145.66,5.5505,1,CHINEXT,0.05,5.49,True,6.6921606118546695
sz.300391,2025-06-09,4.39,4.66,4.38,4.6,4.36,15633625.0,70973360.25,4.4625,1,CHINEXT,0.05,4.58,True,5.504587155963292
sz.300399,2025-05-14,21.15,25.44,20.84,25.44,21.2,45811044.0,1116508739.23,23.186,0,CHINEXT,0.2,25.44,True,20.000000000000018
sz.300399,2025-06-24,24.6,29.68,24.6,29.68,24.73,42768050.0,1218751451.72,21.6459,0,CHINEXT,0.2,29.68,True,20.01617468661545
sz.300399,2025-06-25,31.22,35.62,31.22,35.62,29.68,55093167.0,1882972468.18,27.8839,0,CHINEXT,0.2,35.62,True,20.013477088948783
sz.300410,2025-06-20,6.19,7.45,6.19,7.45,6.21,33601912.0,242657762.77,9.1579,0,CHINEXT,0.2,7.45,True,19.96779388083736
sz.300414,2025-06-26,8.98,10.75,8.92,10.75,8.96,44370292.0,467894799.44,14.1514,0,CHINEXT,0.2,10.75,True,19.97767857142856
sz.300414,2025-06-27,11.04,12.9,10.91,12.9,10.75,101551261.0,1202434177.1,32.3886,0,CHINEXT,0.2,12.9,True,19.999999999999996
sz.300414,2025-06-30,13.16,15.48,13.16,15.48,12.9,114861587.0,1698524876.72,36.6338,0,CHINEXT,0.2,15.48,True,19.999999999999996
sz.300418,2025-05-22,32.51,37.43,32.0,37.43,31.19,151677834.0,5380878057.71,12.3166,0,CHINEXT,0.2,37.43,True,20.006412311638332
sz.300419,2025-05-08,4.54,4.85,4.52,4.8,4.55,16062300.0,75625666.0,4.3677,1,CHINEXT,0.05,4.78,True,5.494505494505497
sz.300419,2025-05-19,4.82,5.07,4.82,5.07,4.82,14161800.0,70261409.0,3.8509,1,CHINEXT,0.05,5.06,True,5.186721991701249
sz.300419,2025-06-09,5.52,5.87,5.48,5.82,5.45,24214292.0,138641757.48,6.5844,1,CHINEXT,0.05,5.72,True,6.788990825688068
sz.300422,2025-05-28,4.99,5.76,4.99,5.76,4.8,88674684.0,495615654.94,17.167,0,CHINEXT,0.2,5.76,True,19.999999999999996
sz.300429,2025-06-20,12.74,14.27,12.74,14.27,11.89,120027414.0,1679232303.16,30.1089,0,CHINEXT,0.2,14.27,True,20.01682085786374
sz.300457,2025-06-17,17.85,20.45,17.85,20.45,17.04,74409092.0,1461383760.4,11.6697,0,CHINEXT,0.2,20.45,True,20.011737089201876
sz.300460,2025-06-12,9.02,10.87,9.02,10.87,9.06,51539580.0,537470549.4,18.3543,0,CHINEXT,0.2,10.87,True,19.977924944812344
sz.300462,2025-06-24,11.71,14.17,11.64,14.17,11.81,33147674.0,447369444.8,24.2424,0,CHINEXT,0.2,14.17,True,19.983065198983894
sz.300464,2025-05-27,5.11,6.13,5.09,6.13,5.11,86597033.0,496925159.21,24.37,0,CHINEXT,0.2,6.13,True,19.960861056751455
sz.300468,2025-05-29,19.51,23.11,19.18,23.11,19.26,143440474.0,3053705099.59,27.0748,0,CHINEXT,0.2,23.11,True,19.989615784008286
sz.300468,2025-06-16,32.14,36.68,32.13,36.68,30.57,164546850.0,5622659170.49,31.0586,0,CHINEXT,0.2,36.68,True,19.986915276414784
sz.300472,2025-05-19,2.92,3.11,2.92,3.11,2.87,27077494.0,82009791.14,11.0142,1,CHINEXT,0.05,3.01,True,8.362369337979093
sz.300472,2025-05-21,3.17,3.42,3.11,3.36,3.16,31099108.0,100502117.38,12.6501,1,CHINEXT,0.05,3.32,True,6.329113924050622
sz.300477,2025-05-19,1.82,1.89,1.81,1.88,1.79,47500484.0,87977172.58,5.0777,1,CHINEXT,0.05,1.88,True,5.027932960893855
sz.300477,2025-06-10,2.0,2.19,1.98,2.11,2.0,90364210.0,187813443.7,9.6597,1,CHINEXT,0.05,2.1,True,5.499999999999994
sz.300477,2025-06-12,2.08,2.28,2.07,2.24,2.1,80282886.0,173875209.96,8.582,1,CHINEXT,0.05,2.2,True,6.666666666666665
sz.300480,2025-06-20,13.52,15.59,13.46,15.59,12.99,45475357.0,674799144.81,19.2164,0,CHINEXT,0.2,15.59,True,20.01539645881447
sz.300483,2025-06-19,10.82,13.38,10.64,13.38,11.15,48298392.0,580813885.95,17.9845,0,CHINEXT,0.2,13.38,True,19.999999999999996
sz.300485,2025-06-10,10.78,12.78,10.7,12.78,10.65,57079439.0,697061400.03,20.8458,0,CHINEXT,0.2,12.78,True,19.999999999999996
sz.300485,2025-06-20,11.86,13.94,11.86,13.94,11.62,54364729.0,720580490.47,19.8544,0,CHINEXT,0.2,13.94,True,19.965576592082623
sz.300489,2025-05-19,53.42,53.42,52.5,53.42,44.52,7010415.0,374308337.3,5.1137,0,CHINEXT,0.2,53.42,True,19.99101527403413
sz.300506,2025-05-12,3.27,3.49,3.27,3.48,3.28,9686350.0,32957031.4,1.6825,1,CHINEXT,0.05,3.44,True,6.0975609756097615
sz.300506,2025-05-28,3.86,4.19,3.8,4.12,3.81,25576134.0,103437784.63,4.4424,1,CHINEXT,0.05,4.0,True,8.13648293963254
sz.300507,2025-05-07,8.74,8.74,8.25,8.74,7.28,70327480.0,606437419.26,9.1149,0,CHINEXT,0.2,8.74,True,20.05494505494505
sz.300511,2025-05-20,5.98,6.88,5.83,6.88,5.73,103707967.0,681124993.81,21.3245,0,CHINEXT,0.2,6.88,True,20.069808027923198
sz.300513,2025-06-05,8.54,9.4,8.54,9.4,7.83,39755820.0,365352788.1,14.126,0,CHINEXT,0.2,9.4,True,20.051085568326954
sz.300515,2025-06-23,17.6,20.96,17.6,20.96,17.47,18391830.0,370835788.8,10.2025,0,CHINEXT,0.2,20.96,True,19.977103606182034
sz.300521,2025-06-12,21.28,25.44,20.98,25.44,21.2,22035788.0,531533858.28,15.3028,0,CHINEXT,0.2,25.44,True,20.000000000000018
sz.300530,2025-05-21,28.8,35.04,28.6,35.04,29.2,20562470.0,676598255.27,12.9917,0,CHINEXT,0.2,35.04,True,19.999999999999996
sz.300531,2025-06-23,17.83,21.14,17.68,21.14,17.62,62415651.0,1277601257.17,20.215,0,CHINEXT,0.2,21.14,True,19.977298524404084
sz.300533,2025-06-24,27.51,32.51,27.35,32.51,27.09,52069797.0,1612075277.17,31.5614,0,CHINEXT,0.2,32.51,True,20.007382798080474
sz.300536,2025-06-27,8.32,9.96,8.28,9.96,8.3,24858284.0,237168565.08,8.4767,0,CHINEXT,0.2,9.96,True,19.999999999999996
sz.300546,2025-05-29,18.2,22.08,17.91,22.08,18.4,57550574.0,1190940049.07,42.8991,0,CHINEXT,0.2,22.08,True,19.999999999999996
sz.300555,2025-05-06,10.0,10.79,10.0,10.59,10.03,5400350.0,55625419.0,2.7299,1,CHINEXT,0.05,10.53,True,5.583250249252258
sz.300555,2025-05-12,10.68,11.6,10.66,11.28,10.67,7432020.0,82694513.5,3.7569,1,CHINEXT,0.05,11.2,True,5.716963448922208
sz.300561,2025-05-06,11.98,12.56,11.69,12.56,11.83,25348823.0,309013537.08,10.5157,1,CHINEXT,0.05,12.42,True,6.170752324598472
sz.300561,2025-05-08,12.15,13.39,12.14,13.14,12.39,30986139.0,399613194.12,12.8542,1,CHINEXT,0.05,13.01,True,6.0532687651331685
sz.300561,2025-05-21,12.1,13.04,12.07,12.94,12.08,28411331.0,358811708.76,11.7861,1,CHINEXT,0.05,12.68,True,7.1192052980132425
sz.300561,2025-05-26,12.95,14.29,12.95,14.02,12.88,34956463.0,477021193.83,14.5013,1,CHINEXT,0.05,13.52,True,8.850931677018625
sz.300561,2025-06-25,11.72,13.44,11.72,13.04,11.72,35148445.0,440359726.78,14.5809,1,CHINEXT,0.05,12.31,True,11.262798634812277
sz.300575,2025-05-27,5.93,7.12,5.88,7.12,5.93,73441876.0,491401540.98,21.4299,0,CHINEXT,0.2,7.12,True,20.067453625632382
sz.300578,2025-05-26,17.6,21.13,17.53,21.13,17.61,25034574.0,506967808.13,12.8982,0,CHINEXT,0.2,21.13,True,19.988642816581482
sz.300581,2025-05-07,10.2,11.66,10.1,11.66,9.72,87640348.0,994794766.82,15.9314,0,CHINEXT,0.2,11.66,True,19.958847736625508
sz.300581,2025-05-08,11.97,13.99,11.62,13.99,11.66,140217085.0,1754863889.77,25.4889,0,CHINEXT,0.2,13.99,True,19.982847341337905
sz.300581,2025-05-12,15.03,18.06,14.2,18.06,15.05,151684767.0,2520306075.36,27.5736,0,CHINEXT,0.2,18.06,True,19.999999999999996
sz.300581,2025-06-13,13.63,15.82,13.63,15.82,13.18,123963034.0,1819446430.23,22.5342,0,CHINEXT,0.2,15.82,True,20.030349013657055
sz.300581,2025-06-30,17.33,20.47,17.16,20.47,17.06,74262779.0,1457278593.89,13.4996,0,CHINEXT,0.2,20.47,True,19.988276670574457
sz.300584,2025-05-21,22.67,27.48,22.67,27.48,22.9,19888162.0,502717521.26,24.2199,0,CHINEXT,0.2,27.48,True,20.000000000000018
sz.300584,2025-05-23,30.4,35.16,30.4,35.16,29.3,32729486.0,1124867510.94,39.8581,0,CHINEXT,0.2,35.16,True,19.999999999999996
sz.300584,2025-06-06,29.04,34.32,28.64,34.32,28.6,22993430.0,735334465.19,28.0015,0,CHINEXT,0.2,34.32,True,19.999999999999996
sz.300584,2025-06-09,36.0,41.06,35.58,41.06,34.22,26447128.0,1030919497.5,32.2074,0,CHINEXT,0.2,41.06,True,19.988310929281127
sz.300589,2025-06-20,12.52,15.12,12.3,15.12,12.6,70421791.0,996199846.25,30.4057,0,CHINEXT,0.2,15.12,True,19.999999999999996
sz.300591,2025-06-23,5.86,7.02,5.78,7.02,5.85,44812710.0,294297437.7,12.7794,0,CHINEXT,0.2,7.02,True,19.999999999999996
sz.300591,2025-06-25,7.05,8.33,6.97,8.33,6.94,133568249.0,1022664602.66,38.09,0,CHINEXT,0.2,8.33,True,20.02881844380402
sz.300591,2025-06-26,9.16,10.0,9.16,10.0,8.33,117389561.0,1128298201.45,33.4763,0,CHINEXT,0.2,10.0,True,20.048019207683065
sz.300600,2025-06-25,9.37,11.27,9.32,11.27,9.39,38047353.0,418124727.67,15.449,0,CHINEXT,0.2,11.27,True,20.02129925452607
sz.300600,2025-06-26,12.24,13.52,12.24,13.52,11.27,24476830.0,318613264.99,9.9387,0,CHINEXT,0.2,13.52,True,19.96450754214729
sz.300600,2025-06-30,12.84,15.55,12.84,15.55,12.96,70263320.0,1019462311.22,28.5302,0,CHINEXT,0.2,15.55,True,19.984567901234573
sz.300607,2025-05-12,31.93,37.18,31.91,37.18,30.98,103637920.0,3662983620.04,30.6903,0,CHINEXT,0.2,37.18,True,20.012911555842482
sz.300619,2025-06-10,21.03,24.8,20.67,24.8,20.67,24048209.0,566662436.18,16.8198,0,CHINEXT,0.2,24.8,True,19.980648282535075
sz.300631,2025-05-19,22.11,24.58,21.4,24.58,20.48,21565588.0,512607449.04,18.0048,0,CHINEXT,0.2,24.58,True,20.01953125
sz.300635,2025-06-26,11.38,13.24,11.38,13.24,11.03,37862673.0,465678333.21,31.6154,0,CHINEXT,0.2,13.24,True,20.036264732547604
sz.300640,2025-06-12,7.11,8.52,7.03,8.52,7.1,65152807.0,529513932.68,29.5144,0,CHINEXT,0.2,8.52,True,19.999999999999996
sz.300645,2025-06-13,16.2,18.46,15.95,18.46,15.38,42384110.0,746390926.11,29.8337,0,CHINEXT,0.2,18.46,True,20.026007802340693
sz.300649,2025-06-25,12.6,15.07,12.56,15.07,12.56,20485853.0,284684603.32,19.305,0,CHINEXT,0.2,15.07,True,19.98407643312101
sz.300649,2025-06-30,15.71,19.1,15.71,19.1,15.92,22217305.0,393137502.91,20.9366,0,CHINEXT,0.2,19.1,True,19.974874371859297
sz.300650,2025-06-27,14.49,17.03,14.3,17.03,14.19,38557419.0,619379701.74,25.2391,0,CHINEXT,0.2,17.03,True,20.014094432699103
sz.300651,2025-06-03,18.51,20.4,18.51,20.4,17.0,17191023.0,334258671.49,22.9287,0,CHINEXT,0.2,20.4,True,19.999999999999996
sz.300651,2025-06-04,23.0,24.48,21.5,24.48,20.4,35400323.0,829876143.22,47.2155,0,CHINEXT,0.2,24.48,True,20.000000000000018
sz.300651,2025-06-05,25.58,29.38,25.58,29.38,24.48,27174364.0,760886919.41,36.244,0,CHINEXT,0.2,29.38,True,20.01633986928104
sz.300678,2025-05-26,32.0,35.12,32.0,35.12,29.27,32178891.0,1098570197.98,11.2691,0,CHINEXT,0.2,35.12,True,19.986334130509054
sz.300682,2025-05-29,14.09,16.94,14.06,16.94,14.12,53622308.0,861227058.18,5.1856,0,CHINEXT,0.2,16.94,True,19.97167138810201
sz.300682,2025-06-16,17.46,20.47,17.07,20.47,17.06,119025215.0,2195885315.6,11.5104,0,CHINEXT,0.2,20.47,True,19.988276670574457
sz.300689,2025-06-13,47.8,57.29,46.66,57.29,47.74,9141003.0,490774098.88,9.035,0,CHINEXT,0.2,57.29,True,20.004189359028057
sz.300695,2025-06-24,63.8,76.56,62.99,76.56,63.8,7938107.0,545399206.52,7.7629,0,CHINEXT,0.2,76.56,True,20.000000000000018
sz.300697,2025-06-27,12.41,13.87,12.3,13.87,11.56,55364637.0,753220538.51,16.7144,0,CHINEXT,0.2,13.87,True,19.982698961937693
sz.300698,2025-05-29,35.01,41.59,35.01,41.59,34.66,22336367.0,887661806.06,18.8419,0,CHINEXT,0.2,41.59,True,19.994229659549934
sz.300698,2025-06-24,52.54,52.54,52.54,52.54,43.78,9727290.0,511071816.6,8.2055,0,CHINEXT,0.2,52.54,True,20.00913659205117
sz.300703,2025-05-20,16.16,19.02,16.06,19.02,15.85,44752284.0,790303649.85,26.3774,0,CHINEXT,0.2,19.02,True,19.999999999999996
sz.300703,2025-06-03,20.46,24.43,20.46,24.43,20.36,44866260.0,1020490432.81,26.4446,0,CHINEXT,0.2,24.43,True,19.990176817288805
sz.300716,2025-05-06,5.71,6.08,5.56,6.08,5.66,10836935.0,62914522.28,6.7722,1,CHINEXT,0.05,5.94,True,7.420494699646651
sz.300716,2025-05-08,6.2,6.89,6.17,6.63,6.18,9189862.0,60124721.47,5.7429,1,CHINEXT,0.05,6.49,True,7.281553398058249
sz.300716,2025-05-19,6.98,7.55,6.98,7.55,6.95,4758200.0,34753265.0,2.9735,1,CHINEXT,0.05,7.3,True,8.633093525179847
sz.300716,2025-06-11,6.95,7.37,6.94,7.35,6.97,3754016.0,26989718.32,2.346,1,CHINEXT,0.05,7.32,True,5.451936872309893
sz.300723,2025-05-20,43.0,47.53,43.0,47.53,39.61,16111422.0,748364681.27,3.8576,0,CHINEXT,0.2,47.53,True,19.99495077000757
sz.300730,2025-06-26,14.63,17.15,14.6,17.15,14.29,63615106.0,1021769340.32,32.3448,0,CHINEXT,0.2,17.15,True,20.01399580125962
sz.300740,2025-05-28,14.47,16.91,14.47,16.91,14.09,63757361.0,996807233.77,17.8417,0,CHINEXT,0.2,16.91,True,20.014194464158976
sz.300741,2025-06-04,17.12,20.56,17.01,20.56,17.13,20780490.0,398886025.86,3.3741,0,CHINEXT,0.2,20.56,True,20.02335084646818
sz.300745,2025-06-11,18.67,20.46,17.93,20.46,17.05,19586370.0,384925922.47,13.863,0,CHINEXT,0.2,20.46,True,19.999999999999996
sz.300753,2025-06-17,33.08,33.08,33.08,33.08,27.57,14917558.0,493472818.64,18.0965,0,CHINEXT,0.2,33.08,True,19.985491476242288
sz.300765,2025-06-06,52.42,63.0,51.46,63.0,52.5,12664988.0,723928711.74,1.0156,0,CHINEXT,0.2,63.0,True,19.999999999999996
sz.300767,2025-06-18,11.66,12.78,11.65,12.78,10.65,29621738.0,365201659.43,12.358,0,CHINEXT,0.2,12.78,True,19.999999999999996
sz.300771,2025-05-26,10.68,12.9,10.63,12.9,10.75,46754877.0,567662732.94,25.803,0,CHINEXT,0.2,12.9,True,19.999999999999996
sz.300772,2025-06-16,10.92,12.72,10.83,12.72,10.6,95270101.0,1167038637.2,13.6525,0,CHINEXT,0.2,12.72,True,20.000000000000018
sz.300773,2025-05-29,19.79,23.75,19.51,23.75,19.79,168465602.0,3683871638.95,22.9412,0,CHINEXT,0.2,23.75,True,20.01010611419909
sz.300796,2025-05-29,9.4,11.51,9.31,11.51,9.59,62701337.0,670122711.13,17.3619,0,CHINEXT,0.2,11.51,True,20.020855057351405
sz.300798,2025-06-09,7.41,8.81,7.35,8.81,7.34,84995568.0,700103114.65,22.8005,0,CHINEXT,0.2,8.81,True,20.027247956403272
sz.300801,2025-06-23,18.37,21.64,17.6,21.64,18.03,38050178.0,774902391.65,27.7983,0,CHINEXT,0.2,21.64,True,20.022185246810874
sz.300801,2025-06-24,22.78,25.97,22.2,25.97,21.64,44457744.0,1064471974.99,32.4795,0,CHINEXT,0.2,25.97,True,20.00924214417743
sz.300801,2025-06-25,27.35,31.16,25.15,31.16,25.97,61909282.0,1701329168.73,45.2291,0,CHINEXT,0.2,31.16,True,19.984597612629962
sz.300803,2025-06-25,65.62,78.72,64.8,78.72,65.6,100812887.0,7345252152.67,17.0544,0,CHINEXT,0.2,78.72,True,20.000000000000018
sz.300804,2025-05-28,31.5,34.38,30.8,34.38,28.65,11528289.0,379233038.67,41.9211,0,CHINEXT,0.2,34.38,True,20.000000000000018
sz.300804,2025-05-29,32.0,41.26,32.0,41.26,34.38,11426430.0,415161147.44,41.5507,0,CHINEXT,0.2,41.26,True,20.01163467132052
sz.300804,2025-06-09,47.0,56.7,47.0,56.7,47.25,8361200.0,449880075.11,30.4044,0,CHINEXT,0.2,56.7,True,19.999999999999996
sz.300810,2025-06-26,37.3,44.32,37.3,44.32,36.93,19498103.0,815706338.58,17.1056,0,CHINEXT,0.2,44.32,True,20.010831302464126
sz.300815,2025-05-28,19.01,22.32,19.01,22.32,18.6,54434425.0,1185493049.0,14.0716,0,CHINEXT,0.2,22.32,True,19.999999999999996
sz.300815,2025-05-29,23.71,26.78,23.23,26.78,22.32,53232935.0,1343285215.98,13.761,0,CHINEXT,0.2,26.78,True,19.98207885304659
sz.300840,2025-05-13,23.0,24.41,22.62,24.41,20.34,40389454.0,963583048.77,22.8079,0,CHINEXT,0.2,24.41,True,20.009832841691242
sz.300845,2025-05-14,14.92,17.7,14.91,17.7,14.75,36580093.0,620689453.4,35.7581,0,CHINEXT,0.2,17.7,True,19.999999999999996
sz.300858,2025-05-27,15.17,17.59,15.17,17.59,14.66,26341989.0,448468519.45,13.8969,0,CHINEXT,0.2,17.59,True,19.98635743519781
sz.300865,2025-06-03,23.62,27.74,23.62,27.74,23.12,9225712.0,244448536.48,13.6177,0,CHINEXT,0.2,27.74,True,19.982698961937693
sz.300872,2025-05-29,15.45,18.62,15.25,18.62,15.52,75563220.0,1310862690.38,19.1874,0,CHINEXT,0.2,18.62,True,19.97422680412373
sz.300872,2025-06-16,19.51,22.68,19.51,22.68,18.9,139589451.0,3076845037.94,35.4453,0,CHINEXT,0.2,22.68,True,20.000000000000018
sz.300875,2025-06-13,28.4,31.43,28.4,31.43,26.19,10369616.0,316241490.41,12.1084,0,CHINEXT,0.2,31.43,True,20.00763650248185
sz.300875,2025-06-16,36.42,37.72,34.05,37.72,31.43,19048327.0,683601320.48,22.2424,0,CHINEXT,0.2,37.72,True,20.012726694241167
sz.300879,2025-05-06,28.81,34.08,28.4,34.08,28.4,51300401.0,1573780551.63,25.519,0,CHINEXT,0.2,34.08,True,19.999999999999996
sz.300879,2025-05-07,36.68,40.9,35.58,40.9,34.08,48661045.0,1840138239.58,24.206,0,CHINEXT,0.2,40.9,True,20.011737089201876
sz.300882,2025-06-30,15.0,17.94,14.95,17.94,14.95,32043039.0,545503164.02,12.0315,0,CHINEXT,0.2,17.94,True,20.000000000000018
sz.300884,2025-05-06,10.44,12.19,10.36,12.19,10.16,16742220.0,196085089.8,8.7468,0,CHINEXT,0.2,12.19,True,19.980314960629908
sz.300884,2025-05-07,14.63,14.63,14.0,14.63,12.19,38411966.0,561253809.66,20.0679,0,CHINEXT,0.2,14.63,True,20.01640689089419
sz.300886,2025-05-15,22.52,27.16,22.35,27.16,22.63,10745891.0,274900680.37,24.7236,0,CHINEXT,0.2,27.16,True,20.017675651789666
sz.300886,2025-06-10,29.21,35.4,29.0,35.4,29.5,14519680.0,476576579.27,33.2667,0,CHINEXT,0.2,35.4,True,19.999999999999996
sz.300886,2025-06-12,34.02,41.36,34.02,41.36,34.47,16600645.0,636918398.43,38.0345,0,CHINEXT,0.2,41.36,True,19.988395706411378
sz.300899,2025-05-06,19.12,20.27,19.0,20.24,19.1,3104813.0,61333877.77,7.5845,1,CHINEXT,0.05,20.06,True,5.968586387434538
sz.300903,2025-06-18,8.82,10.63,8.72,10.63,8.86,104166175.0,1029986646.08,31.7337,0,CHINEXT,0.2,10.63,True,19.97742663656887
sz.300918,2025-05-06,21.73,24.92,21.21,24.92,20.77,44912878.0,1024320593.22,10.3318,0,CHINEXT,0.2,24.92,True,19.980741454020222
sz.300921,2025-06-06,26.56,31.99,26.54,31.99,26.66,19215405.0,577116113.37,24.1955,0,CHINEXT,0.2,31.99,True,19.99249812453112
sz.300927,2025-05-19,30.84,36.83,30.2,36.83,30.69,27223124.0,892661165.24,19.3224,0,CHINEXT,0.2,36.83,True,20.006516780710328
sz.300941,2025-06-17,25.7,31.12,25.68,31.12,25.93,32369235.0,943575333.61,27.2229,0,CHINEXT,0.2,31.12,True,20.015426147319705
sz.300945,2025-05-20,16.67,20.16,16.62,20.16,16.8,29717191.0,556143039.17,12.4688,0,CHINEXT,0.2,20.16,True,19.999999999999996
sz.300945,2025-06-03,21.53,25.1,20.92,25.1,20.92,46612047.0,1078054464.57,19.5575,0,CHINEXT,0.2,25.1,True,19.980879541108987
sz.300946,2025-05-12,49.0,49.0,49.0,49.0,40.83,2131023.0,104420127.0,3.771,0,CHINEXT,0.2,49.0,True,20.009796718099437
sz.300946,2025-05-13,58.8,58.8,58.8,58.8,49.0,839969.0,49390177.2,1.4864,0,CHINEXT,0.2,58.8,True,19.999999999999996
sz.300946,2025-05-14,65.04,70.56,65.04,70.56,58.8,11452671.0,795484655.87,20.2663,0,CHINEXT,0.2,70.56,True,20.000000000000018
sz.300949,2025-06-04,39.55,46.68,39.55,46.68,38.9,5771506.0,256522826.2,16.826,0,CHINEXT,0.2,46.68,True,19.999999999999996
sz.300949,2025-06-12,46.03,52.8,46.03,52.8,44.0,5953851.0,302751182.6,17.3576,0,CHINEXT,0.2,52.8,True,19.999999999999996
sz.300960,2025-05-08,20.1,23.4,19.73,23.4,19.5,9529432.0,207180277.24,7.3211,0,CHINEXT,0.2,23.4,True,19.999999999999996
sz.300960,2025-06-25,20.52,24.5,20.52,24.5,20.42,11004758.0,260586343.89,8.4545,0,CHINEXT,0.2,24.5,True,19.980411361410376
sz.300962,2025-06-13,15.49,18.54,15.49,18.54,15.45,35290782.0,623384190.91,13.3676,0,CHINEXT,0.2,18.54,True,19.999999999999996
sz.300963,2025-05-06,15.48,18.17,15.28,18.17,15.14,63665836.0,1093394557.31,31.7485,0,CHINEXT,0.2,18.17,True,20.013210039630124
sz.300963,2025-05-16,21.3,24.66,20.98,24.66,20.55,83439937.0,1989622548.64,41.6093,0,CHINEXT,0.2,24.66,True,19.999999999999996
sz.300963,2025-05-19,23.45,29.59,22.69,29.59,24.66,79115121.0,2032784087.2,39.4526,0,CHINEXT,0.2,29.59,True,19.991889699918897
sz.300963,2025-05-23,28.36,33.82,28.0,33.82,28.18,80254756.0,2486481217.18,40.0209,0,CHINEXT,0.2,33.82,True,20.014194464158976
sz.300965,2025-06-27,45.71,54.83,45.38,54.83,45.69,3692637.0,188533127.05,17.9174,0,CHINEXT,0.2,54.83,True,20.004377325454147
sz.300965,2025-06-30,58.0,65.8,57.7,65.8,54.83,6422024.0,410208950.02,31.1609,0,CHINEXT,0.2,65.8,True,20.00729527630858
sz.300969,2025-06-24,60.3,67.19,58.8,67.19,55.99,6857238.0,450893464.33,22.5862,0,CHINEXT,0.2,67.19,True,20.003572066440434
sz.300971,2025-06-30,18.01,21.52,18.01,21.52,17.93,19499355.0,403200926.6,21.1806,0,CHINEXT,0.2,21.52,True,20.02230897936419
sz.300987,2025-06-12,17.2,20.64,17.2,20.64,17.2,37322303.0,724878624.51,21.5278,0,CHINEXT,0.2,20.64,True,20.000000000000018
sz.300991,2025-06-27,24.26,28.97,23.76,28.97,24.14,17539302.0,476341811.74,19.5115,0,CHINEXT,0.2,28.97,True,20.00828500414249
sz.300993,2025-06-27,12.2,14.68,12.1,14.68,12.23,32791849.0,433629997.12,13.5916,0,CHINEXT,0.2,14.68,True,20.032706459525752
sz.300994,2025-05-08,18.38,19.73,18.26,19.73,16.44,19978078.0,382187968.15,17.1245,0,CHINEXT,0.2,19.73,True,20.012165450121657
sz.300995,2025-06-09,38.38,42.28,36.88,42.28,35.23,7365732.0,298441328.15,12.2957,0,CHINEXT,0.2,42.28,True,20.011353959693466
sz.300997,2025-05-28,17.32,20.87,16.85,20.87,17.39,31927101.0,606100755.92,8.2711,0,CHINEXT,0.2,20.87,True,20.01150086256469
sz.301003,2025-05-26,29.36,35.1,29.36,35.1,29.25,7601951.0,247702480.09,9.9333,0,CHINEXT,0.2,35.1,True,19.999999999999996
sz.301005,2025-05-29,30.57,36.61,30.57,36.61,30.51,18347716.0,644349664.22,13.8607,0,CHINEXT,0.2,36.61,True,19.993444772205816
sz.301007,2025-05-23,27.3,27.3,26.0,27.3,22.75,23558607.0,638318508.08,15.3984,0,CHINEXT,0.2,27.3,True,19.999999999999996
sz.301022,2025-06-26,33.88,40.66,33.31,40.66,33.88,13377619.0,497636788.06,25.6198,0,CHINEXT,0.2,40.66,True,20.01180637544271
sz.301024,2025-05-29,32.0,37.97,31.85,37.97,31.64,4793903.0,171926401.41,7.962,0,CHINEXT,0.2,37.97,True,20.006321112515792
sz.301024,2025-05-30,45.56,45.56,45.56,45.56,37.97,3418453.0,155744718.68,5.6776,0,CHINEXT,0.2,45.56,True,19.98946536739532
sz.301024,2025-06-27,39.0,47.88,38.9,47.88,39.9,5430550.0,249141762.0,9.0193,0,CHINEXT,0.2,47.88,True,20.000000000000018
sz.301024,2025-06-30,51.66,57.46,50.5,57.46,47.88,8331384.0,446670890.62,13.8372,0,CHINEXT,0.2,57.46,True,20.00835421888052
sz.301038,2025-06-20,14.52,17.26,14.4,17.26,14.38,23807821.0,381293859.93,10.6723,0,CHINEXT,0.2,17.26,True,20.0278164116829
sz.301053,2025-05-09,27.53,32.66,27.53,32.66,27.22,7870045.0,242228583.54,10.3974,0,CHINEXT,0.2,32.66,True,19.985304922850844
sz.301066,2025-05-09,15.58,18.7,15.58,18.7,15.58,28616152.0,505492742.8,15.1579,0,CHINEXT,0.2,18.7,True,20.02567394094994
sz.301075,2025-05-23,24.39,28.92,24.33,28.92,24.1,4820523.0,133267420.8,6.0257,0,CHINEXT,0.2,28.92,True,19.999999999999996
sz.301082,2025-05-06,14.01,16.52,14.0,16.52,13.77,19901334.0,316198779.76,9.5116,0,CHINEXT,0.2,16.52,True,19.970951343500353
sz.301082,2025-05-29,21.62,27.19,21.62,27.19,22.66,77980870.0,1974841565.33,37.2701,0,CHINEXT,0.2,27.19,True,19.991173874669023
sz.301089,2025-05-15,26.38,31.48,26.23,31.48,26.23,16349162.0,479180457.24,17.9708,0,CHINEXT,0.2,31.48,True,20.01524971406785
sz.301089,2025-05-16,32.2,37.78,31.61,37.78,31.48,27488098.0,944519138.96,30.2146,0,CHINEXT,0.2,37.78,True,20.012706480304953
sz.301095,2025-05-29,52.33,56.74,52.33,56.74,47.28,18297559.0,1003215657.54,17.0022,0,CHINEXT,0.2,56.74,True,20.008460236886627
sz.301105,2025-05-22,39.2,39.72,36.89,39.72,33.1,4005354.0,155145824.31,24.3672,0,CHINEXT,0.2,39.72,True,19.999999999999996
sz.301108,2025-05-15,28.48,33.91,28.25,33.91,28.26,5415128.0,172443617.68,15.7298,0,CHINEXT,0.2,33.91,True,19.992922859164874
sz.301110,2025-06-11,51.5,60.35,51.5,60.35,50.29,19364552.0,1117722447.76,39.8937,0,CHINEXT,0.2,60.35,True,20.003976933784063
sz.301110,2025-06-12,62.76,72.42,61.66,72.42,60.35,22488654.0,1511639342.65,46.3298,0,CHINEXT,0.2,72.42,True,19.999999999999996
sz.301112,2025-05-20,37.82,37.82,37.82,37.82,31.52,1271200.0,48076784.0,3.5061,0,CHINEXT,0.2,37.82,True,19.98730964467006
sz.301112,2025-05-21,45.38,45.38,44.33,45.38,37.82,7745853.0,351345126.44,21.3638,0,CHINEXT,0.2,45.38,True,19.989423585404566
sz.301118,2025-06-13,21.77,26.32,21.64,26.32,21.93,18426535.0,453390522.57,17.5318,0,CHINEXT,0.2,26.32,True,20.018239854081177
sz.301123,2025-05-06,19.51,22.46,18.75,22.46,18.72,11264833.0,234952936.3,12.2246,0,CHINEXT,0.2,22.46,True,19.9786324786325
sz.301125,2025-06-30,14.39,17.63,14.39,17.63,14.69,27465828.0,439680240.12,23.4039,0,CHINEXT,0.2,17.63,True,20.01361470388019
sz.301129,2025-06-30,24.0,27.16,24.0,27.16,22.63,6125860.0,164128119.0,16.8715,0,CHINEXT,0.2,27.16,True,20.017675651789666
sz.301137,2025-05-23,23.39,27.49,23.3,27.49,22.91,15274946.0,405118877.32,15.0193,0,CHINEXT,0.2,27.49,True,19.991270187690958
sz.301137,2025-05-26,28.53,32.99,28.35,32.99,27.49,14876268.0,456143849.61,14.6273,0,CHINEXT,0.2,32.99,True,20.007275372862864
sz.301137,2025-05-27,36.0,39.59,33.2,39.59,32.99,39124821.0,1411997290.38,38.4701,0,CHINEXT,0.2,39.59,True,20.00606244316461
sz.301137,2025-06-09,32.81,38.9,32.48,38.9,32.42,28391777.0,998753758.64,27.9167,0,CHINEXT,0.2,38.9,True,19.987661937075863
sz.301138,2025-05-22,32.3,38.95,31.56,38.95,32.46,14847195.0,540872604.85,21.6557,0,CHINEXT,0.2,38.95,True,19.993838570548373
sz.301141,2025-06-10,47.11,55.02,45.08,55.02,45.85,26281759.0,1305865262.62,59.0434,0,CHINEXT,0.2,55.02,True,19.999999999999996
sz.301141,2025-06-11,54.51,66.02,54.5,66.02,55.02,25921700.0,1588456693.15,58.2345,0,CHINEXT,0.2,66.02,True,19.992729916394026
sz.301156,2025-05-15,19.88,23.8,19.61,23.8,19.83,18983911.0,412060531.86,29.4894,0,CHINEXT,0.2,23.8,True,20.020171457387814
sz.301158,2025-06-13,17.99,20.34,17.57,20.34,16.95,32747704.0,638207538.78,22.3503,0,CHINEXT,0.2,20.34,True,19.999999999999996
sz.301176,2025-06-18,17.58,21.23,17.54,21.23,17.69,17133074.0,348417265.74,30.4017,0,CHINEXT,0.2,21.23,True,20.01130582249857
sz.301176,2025-06-19,23.88,25.48,23.5,25.48,21.23,24849957.0,621308575.51,44.095,0,CHINEXT,0.2,25.48,True,20.018841262364575
sz.301176,2025-06-23,24.13,29.28,23.08,29.28,24.4,35743011.0,970424325.18,63.4241,0,CHINEXT,0.2,29.28,True,20.000000000000018
sz.301182,2025-06-19,30.78,37.18,30.7,37.18,30.98,12865227.0,448701935.39,33.6331,0,CHINEXT,0.2,37.18,True,20.012911555842482
sz.301197,2025-06-05,16.36,19.63,16.2,19.63,16.36,14564929.0,273179862.07,17.6989,0,CHINEXT,0.2,19.63,True,19.9877750611247
sz.301197,2025-06-16,18.13,22.19,18.08,22.19,18.49,16894354.0,360497225.23,20.5295,0,CHINEXT,0.2,22.19,True,20.010816657652807
sz.301213,2025-06-23,44.0,50.89,42.68,50.89,42.41,9419310.0,451178531.9,18.2153,0,CHINEXT,0.2,50.89,True,19.995284131101165
sz.301260,2025-05-16,16.8,20.5,16.5,20.5,17.08,36667773.0,694177477.91,17.274,0,CHINEXT,0.2,20.5,True,20.023419203747082
sz.301260,2025-05-27,21.77,24.88,21.51,24.88,20.73,37912663.0,897559267.2,17.8605,0,CHINEXT,0.2,24.88,True,20.019295706705243
sz.301277,2025-05-23,12.76,15.29,12.76,15.29,12.74,58326812.0,845479901.87,57.7388,0,CHINEXT,0.2,15.29,True,20.01569858712715
sz.301287,2025-06-09,39.3,48.6,39.07,48.6,40.5,10137655.0,446012697.68,59.5235,0,CHINEXT,0.2,48.6,True,19.999999999999996
sz.301288,2025-05-07,10.72,11.35,10.66,11.28,10.46,3731500.0,41044681.0,7.9237,1,CHINEXT,0.05,10.98,True,7.839388145315462
sz.301292,2025-06-19,16.22,19.6,16.11,19.6,16.33,27223858.0,521522571.08,31.9829,0,CHINEXT,0.2,19.6,True,20.024494794856107
sz.301292,2025-06-20,21.3,23.52,21.29,23.52,19.6,29829945.0,680066439.62,35.0446,0,CHINEXT,0.2,23.52,True,19.999999999999996
sz.301301,2025-05-15,12.01,14.02,11.96,14.02,11.68,147627854.0,1987654271.59,23.9697,0,CHINEXT,0.2,14.02,True,20.034246575342472
sz.301302,2025-05-12,23.4,27.92,22.88,27.92,23.27,15056747.0,404108985.02,17.8736,0,CHINEXT,0.2,27.92,True,19.982810485603796
sz.301306,2025-06-05,37.23,44.92,36.86,44.92,37.43,10505732.0,438481047.75,26.7458,0,CHINEXT,0.2,44.92,True,20.010686615014706
sz.301311,2025-05-12,18.02,21.46,17.6,21.46,17.88,18911709.0,380279657.14,21.6772,0,CHINEXT,0.2,21.46,True,20.022371364653257
sz.301312,2025-06-25,35.23,40.36,34.18,40.36,33.63,16690280.0,629374954.24,46.1768,0,CHINEXT,0.2,40.36,True,20.011894142134977
sz.301316,2025-05-20,34.8,34.8,34.8,34.8,29.0,1545086.0,53768992.8,0.6363,0,CHINEXT,0.2,34.8,True,19.999999999999996
sz.301316,2025-05-21,41.76,41.76,41.76,41.76,34.8,1574900.0,65767824.0,0.6486,0,CHINEXT,0.2,41.76,True,19.999999999999996
sz.301316,2025-05-22,50.11,50.11,50.11,50.11,41.76,2683983.0,134494388.13,1.1053,0,CHINEXT,0.2,50.11,True,19.995210727969347
sz.301317,2025-05-08,22.73,27.29,22.63,27.29,22.74,13915263.0,359874021.25,31.0609,0,CHINEXT,0.2,27.29,True,20.008795074758147
sz.301317,2025-05-13,31.18,38.16,30.0,38.16,31.8,25678835.0,878913588.04,57.3188,0,CHINEXT,0.2,38.16,True,19.999999999999996
sz.301319,2025-06-26,26.63,30.16,26.62,30.16,25.13,20080891.0,586147579.27,36.1028,0,CHINEXT,0.2,30.16,True,20.015917230401925
sz.301335,2025-05-19,32.58,37.08,31.32,37.08,30.9,22957365.0,778318601.58,46.0298,0,CHINEXT,0.2,37.08,True,19.999999999999996
sz.301335,2025-05-20,38.29,44.5,36.1,44.5,37.08,25061074.0,1042678619.8,50.2478,0,CHINEXT,0.2,44.5,True,20.010787486515657
sz.301349,2025-06-24,32.87,39.52,32.71,39.52,32.93,12125599.0,442917289.3,28.7751,0,CHINEXT,0.2,39.52,True,20.012146978439116
sz.301357,2025-06-13,36.41,43.26,36.41,43.26,36.05,14103372.0,579629917.7,59.2579,0,CHINEXT,0.2,43.26,True,19.999999999999996
sz.301357,2025-06-18,45.3,55.03,45.0,55.03,45.86,16230495.0,837096212.46,68.1954,0,CHINEXT,0.2,55.03,True,19.995638901003066
sz.301357,2025-06-19,55.05,66.04,55.03,66.04,55.03,17501035.0,1032372837.26,73.5338,0,CHINEXT,0.2,66.04,True,20.00726876249319
sz.301357,2025-06-25,52.76,64.62,52.75,64.62,53.85,18562653.0,1106007828.45,77.9943,0,CHINEXT,0.2,64.62,True,19.999999999999996
sz.301398,2025-06-24,33.68,39.49,33.45,39.49,32.91,11643700.0,439472230.4,34.7989,0,CHINEXT,0.2,39.49,True,19.993922819811626
sz.301408,2025-06-27,12.12,14.54,12.03,14.54,12.12,50331629.0,703878527.52,33.7408,0,CHINEXT,0.2,14.54,True,19.96699669966997
sz.301421,2025-06-23,61.51,74.83,61.21,74.83,62.36,13292565.0,966901496.09,28.7044,0,CHINEXT,0.2,74.83,True,19.996792815907625
sz.301459,2025-05-19,56.73,65.75,55.37,65.75,54.79,8763523.0,543214919.27,43.8176,0,CHINEXT,0.2,65.75,True,20.003650301149854
sz.301488,2025-05-16,66.3,73.8,65.08,73.8,61.5,7027692.0,489518588.31,30.0184,0,CHINEXT,0.2,73.8,True,19.999999999999996
sz.301501,2025-05-23,79.29,94.32,78.7,94.32,78.6,7663224.0,673775537.92,31.6867,0,CHINEXT,0.2,94.32,True,19.999999999999996
sz.301509,2025-05-06,30.53,35.92,30.2,35.92,29.93,14960554.0,496522539.68,26.3664,0,CHINEXT,0.2,35.92,True,20.01336451720683
sz.301518,2025-05-07,19.94,23.74,19.8,23.74,19.78,16438620.0,364741354.15,30.7521,0,CHINEXT,0.2,23.74,True,20.02022244691606
sz.301518,2025-05-13,22.18,26.46,21.95,26.46,22.05,18218173.0,438233535.42,34.0812,0,CHINEXT,0.2,26.46,True,19.999999999999996
sz.301536,2025-05-26,53.29,63.97,53.0,63.97,53.31,22134015.0,1326901393.83,11.8625,0,CHINEXT,0.2,63.97,True,19.9962483586569
sz.301559,2025-05-14,15.47,18.62,15.38,18.62,15.52,32700710.0,579053089.63,36.3341,0,CHINEXT,0.2,18.62,True,19.97422680412373
sz.301565,2025-06-26,22.01,25.85,22.01,25.85,21.54,11384791.0,286140818.43,8.8937,0,CHINEXT,0.2,25.85,True,20.00928505106778
sz.301571,2025-05-22,44.58,53.69,44.35,53.69,44.74,12375363.0,633204279.55,34.486,0,CHINEXT,0.2,53.69,True,20.004470272686614
sz.301590,2025-06-05,150.01,178.88,150.01,151.1,89.6,6494171.0,1022018048.52,79.541,0,CHINEXT,0.2,107.52,True,68.63839285714286
sz.301595,2025-05-19,45.0,66.88,41.55,54.3,17.05,19489496.0,914551357.18,84.3734,0,CHINEXT,0.2,20.46,True,218.47507331378299
sz.301622,2025-06-12,80.95,97.32,79.9,97.32,81.1,17543651.0,1563643142.73,60.5309,0,CHINEXT,0.2,97.32,True,19.999999999999996
sz.301636,2025-05-16,65.5,74.18,65.08,65.96,33.06,11962969.0,812520360.76,79.0098,0,CHINEXT,0.2,39.67,True,99.5160314579552
sz.301662,2025-05-21,67.8,83.3,66.2,83.3,69.42,8342764.0,639836939.43,52.8815,0,CHINEXT,0.2,83.3,True,19.994237971766047
sz.301662,2025-06-12,77.0,93.05,76.08,93.05,77.54,5088208.0,435647699.78,32.2522,0,CHINEXT,0.2,93.05,True,20.00257931390248
sz.301678,2025-06-20,50.0,50.0,41.82,42.12,12.8,35644663.0,1611611551.58,78.3179,0,CHINEXT,0.2,15.36,True,229.06249999999994
sz.302132,2025-05-08,70.0,83.2,69.34,83.2,69.33,95011613.0,7235590609.66,16.0829,0,CHINEXT,0.2,83.2,True,20.005769508149427
sz.302132,2025-05-12,78.0,95.86,77.68,95.86,79.88,108062850.0,9739158417.0,18.2922,0,CHINEXT,0.2,95.86,True,20.005007511266903
