code,date,close,preclose,pct_chg,turn,amount,circ_mktcap_yi,board_number,is_first_board,ret_20d_prior,isST,board
sh.600006,2025-05-20,7.83,7.12,9.971910112359538,7.906,1196217106.35,151.30497171135846,1,True,2.298850574712641,0,MAIN
sh.600006,2025-05-29,8.92,8.11,9.987669543773126,7.8596,1387642465.62,176.553827881826,1,True,14.548022598870048,0,MAIN
sh.600037,2025-06-05,8.48,7.71,9.987029831387815,6.5685,750912670.25,114.32026646114026,1,True,6.639004149377592,0,MAIN
sh.600053,2025-05-06,14.34,13.04,9.969325153374232,3.7064,223114334.31,60.19704681361969,1,True,-2.395209580838331,0,MAIN
sh.600053,2025-05-19,16.05,14.59,10.006854009595624,1.4699,102278625.0,69.5820293897544,1,True,4.0656205420827485,0,MAIN
sh.600053,2025-05-20,17.66,16.05,10.031152647975071,7.8879,603283937.92,76.48219905424763,2,False,21.775417298937793,0,MAIN
sh.600059,2025-06-09,10.88,9.89,10.01011122345803,4.7236,457441863.34,96.84178663307645,1,True,7.150595882990252,0,MAIN
sh.600081,2025-05-29,16.6,15.09,10.006626905235262,8.6816,768453250.38,88.51516429920754,1,True,8.327351040918884,0,MAIN
sh.600082,2025-05-19,3.66,3.33,9.90990990990992,6.169,141073577.2,22.868143491651807,1,True,15.625,0,MAIN
sh.600082,2025-06-06,4.53,4.12,9.951456310679616,1.4817,42576355.62,28.73480166025511,1,True,30.379746835443044,0,MAIN
sh.600095,2025-06-24,9.09,8.26,10.04842615012107,7.7724,1980044285.96,254.75326616746437,1,True,0.8547008547008517,0,MAIN
sh.600095,2025-06-25,10.0,9.09,10.011001100110018,8.8742,2484245414.81,279.94021036375113,2,False,11.124694376528122,0,MAIN
sh.600105,2025-05-06,6.95,6.32,9.968354430379756,6.6489,665491693.99,100.09049526839026,1,True,-6.508875739644959,0,MAIN
sh.600105,2025-05-26,8.36,7.6,9.999999999999986,23.8072,2854245897.9,119.89002897862831,1,True,23.778501628664507,0,MAIN
sh.600107,2025-05-09,3.54,3.37,5.044510385756684,5.4654,68852155.49,12.597825500420829,1,True,-28.75264270613108,1,MAIN
sh.600107,2025-05-20,3.78,3.6,4.999999999999982,3.2821,44311436.0,13.50094025166814,1,True,-25.0,1,MAIN
sh.600107,2025-05-21,3.97,3.78,5.026455026455046,2.9938,42028346.7,14.03846172088984,2,False,-21.413721413721408,1,MAIN
sh.600107,2025-06-26,3.9,3.71,5.121293800539073,2.7558,37419390.77,13.578413081500836,1,True,-7.250000000000001,1,MAIN
sh.600110,2025-06-04,3.59,3.26,10.122699386503076,2.4218,145727709.38,60.17330472375917,1,True,6.5359477124183,0,MAIN
sh.600110,2025-06-17,3.86,3.51,9.971509971509974,4.0604,263300801.02,64.84602527337209,1,True,0.5730659025787732,0,MAIN
sh.600110,2025-06-18,4.25,3.86,10.103626943005196,10.9644,759463870.12,69.2663410783992,2,False,9.348441926345608,0,MAIN
sh.600110,2025-06-19,4.68,4.25,10.11764705882352,14.7895,1183668888.45,80.03440876635452,3,False,21.776504297994272,0,MAIN
sh.600110,2025-06-20,5.15,4.68,10.042735042735051,7.6241,673904817.15,88.39139270864757,4,False,34.09742120343837,0,MAIN
sh.600110,2025-06-23,5.67,5.15,10.097087378640769,27.5575,2556209090.95,92.75910699265171,5,False,50.58479532163744,0,MAIN
sh.600110,2025-06-24,6.24,5.67,10.052910052910068,26.3302,2760411376.79,104.83822290715602,6,False,67.25663716814158,0,MAIN
sh.600110,2025-06-25,6.86,6.24,9.935897435897443,27.6027,3105837648.43,112.5193422538375,7,False,84.61538461538463,0,MAIN
sh.600113,2025-06-17,15.85,14.41,9.99306037473977,3.7265,239752915.47,64.33729114987253,1,True,1.9094766619519143,0,MAIN
sh.600113,2025-06-18,17.44,15.85,10.03154574132492,5.346,373128885.74,69.79590081182192,2,False,11.61971830985915,0,MAIN
sh.600113,2025-06-20,20.69,18.81,9.994683678894225,8.7592,700124856.74,79.93022841583706,1,True,32.932862190812706,0,MAIN
sh.600113,2025-06-23,22.76,20.69,10.004833252779122,8.4462,774279567.52,91.67194330231347,2,False,46.21908127208481,0,MAIN
sh.600113,2025-06-24,25.04,22.76,10.017574692442864,6.5964,666007319.53,100.96527189527622,3,False,61.53300212916963,0,MAIN
sh.600113,2025-06-26,27.83,25.3,9.999999999999986,7.9402,862000724.05,108.56158837938591,1,True,77.41935483870968,0,MAIN
sh.600119,2025-05-14,8.56,7.78,10.025706940874034,6.5883,196595535.67,29.84010073463564,1,True,5.7065217391304435,0,MAIN
sh.600130,2025-05-06,2.63,2.5,5.200000000000005,7.0155,134659864.5,19.194621124652553,1,True,-21.13564668769716,1,MAIN
sh.600130,2025-05-07,2.76,2.63,4.942965779467667,5.1809,105641405.76,20.390551016232703,2,False,-16.242038216560516,1,MAIN
sh.600130,2025-05-12,3.05,2.9,5.1724137931034475,4.1279,92247837.65,22.347401257297896,1,True,8.614232209737827,1,MAIN
sh.600130,2025-05-14,3.14,2.99,5.0167224080267525,6.6477,152518126.83,22.9429918362742,1,True,5.653710247349819,1,MAIN
sh.600130,2025-05-19,3.22,3.07,4.885993485342022,5.6,134291380.31,23.98060362678572,1,True,-0.6472491909385147,1,MAIN
sh.600130,2025-05-21,3.37,3.21,4.984423676012462,6.2696,156306487.53,24.930854844009186,1,True,7.35785953177257,1,MAIN
sh.600130,2025-05-27,3.47,3.3,5.151515151515174,6.2353,159068213.25,25.510915793947362,1,True,15.78947368421051,1,MAIN
sh.600130,2025-05-28,3.64,3.47,4.899135446685876,7.1767,190883608.29,26.59768532751822,2,False,26.642335766423365,1,MAIN
sh.600136,2025-05-22,2.24,2.13,5.164319248826299,0.3377,14575960.6,43.162453657092094,1,True,10.362694300518127,1,MAIN
sh.600137,2025-05-19,18.58,16.89,10.005920663114251,9.1799,162529196.13,17.704898324600485,1,True,13.967611336032393,0,MAIN
sh.600137,2025-05-20,20.44,18.58,10.01076426264802,1.4882,29572592.0,19.871382878645345,2,False,27.522306108441995,0,MAIN
sh.600137,2025-05-21,22.48,20.44,9.980430528375738,5.1023,111508353.28,21.854527032906727,3,False,37.73584905660379,0,MAIN
sh.600137,2025-05-22,24.73,22.48,10.00889679715302,2.1272,51141367.97,24.041635939262875,4,False,53.13351498637602,0,MAIN
sh.600148,2025-05-20,22.23,20.21,9.995051954477985,7.1294,210184149.31,29.48132371728336,1,True,21.090473337327744,0,MAIN
sh.600148,2025-05-22,23.08,20.98,10.0095328884652,12.7656,394083855.64,30.87076640659272,1,True,25.17899761336515,0,MAIN
sh.600149,2025-05-21,5.65,5.14,9.922178988326856,5.6119,117623826.76,20.959715383381745,1,True,22.673031026252954,0,MAIN
sh.600149,2025-05-22,6.22,5.65,10.088495575221224,5.4755,127484269.44,23.28267179983563,2,False,34.204275534441805,0,MAIN
sh.600151,2025-06-06,7.22,6.56,10.060975609756095,6.7467,689554558.21,102.20619832066048,1,True,-1.7964071856287456,0,MAIN
sh.600152,2025-06-27,6.92,6.29,10.015898251192358,17.3811,616732134.83,35.482917354482744,1,True,5.536912751677847,0,MAIN
sh.600152,2025-06-30,7.61,6.92,9.97109826589595,20.3176,809839411.88,39.85900952277828,2,False,13.442622950819683,0,MAIN
sh.600156,2025-05-09,6.4,5.82,9.965635738831624,5.137,128598466.64,25.033768082538447,1,True,18.292682926829286,0,MAIN
sh.600156,2025-06-26,7.29,6.63,9.954751131221728,11.5531,323259424.82,27.980319119543672,1,True,-0.45045045045045695,0,MAIN
sh.600165,2025-05-08,4.88,4.65,4.946236559139772,1.8859,62036890.3,32.89511124661965,1,True,-2.7196652719665204,1,MAIN
sh.600165,2025-05-09,5.12,4.88,4.918032786885251,3.2331,112477918.18,34.78949558627943,2,False,7.488986784140961,1,MAIN
sh.600165,2025-05-16,5.15,4.9,5.102040816326525,1.7895,62163809.6,34.73808862810841,1,True,1.6597510373443924,1,MAIN
sh.600165,2025-06-03,4.88,4.65,4.946236559139772,2.0543,67980009.36,33.09156859270798,1,True,-5.8704453441295605,1,MAIN
sh.600172,2025-05-27,4.36,3.96,10.1010101010101,6.678,369077112.3,55.26761190476191,1,True,4.210526315789487,0,MAIN
sh.600178,2025-06-05,13.57,12.34,9.967585089141018,9.767,607799466.98,62.229903448346484,1,True,10.375670840787121,0,MAIN
sh.600184,2025-05-12,16.05,14.59,10.006854009595624,10.2699,810300564.89,78.90053115317578,1,True,29.91985752448798,0,MAIN
sh.600184,2025-06-25,16.02,14.56,10.027472527472517,11.8049,946926977.8,80.21473945564976,1,True,5.7371096586782855,0,MAIN
sh.600189,2025-05-27,8.04,7.31,9.986320109439117,6.0599,343645788.12,56.70816154061948,1,True,8.61812778603268,0,MAIN
sh.600192,2025-05-26,7.35,6.68,10.029940119760482,2.5706,82706884.0,32.17415545008947,1,True,3.2457496136012454,0,MAIN
sh.600192,2025-05-27,8.09,7.35,10.068027210884356,12.0724,428876902.27,35.525405244193365,2,False,12.903225806451601,0,MAIN
sh.600192,2025-05-28,8.9,8.09,10.012360939431408,11.8586,448618520.94,37.83064787917629,3,False,21.47147147147146,0,MAIN
sh.600192,2025-06-30,8.55,7.77,10.038610038610065,7.4626,276642777.26,37.07056217136119,1,True,-10.277136258660512,0,MAIN
sh.600193,2025-05-06,3.12,2.97,5.050505050505039,4.868,63539187.61,13.05242144823336,1,True,-0.9999999999999898,1,MAIN
sh.600193,2025-05-07,3.28,3.12,5.12820512820511,0.3335,4652975.2,13.951949625187407,2,False,3.6544850498339,1,MAIN
sh.600193,2025-05-08,3.44,3.28,4.878048780487809,0.3901,5708680.0,14.633888746475263,3,False,7.540983606557372,1,MAIN
sh.600193,2025-05-09,3.61,3.44,4.941860465116288,0.5292,8125857.3,15.354983560090703,4,False,25.090909090909097,1,MAIN
sh.600193,2025-05-12,3.79,3.61,4.986149584487531,0.4318,6961998.81,16.123202431681335,5,False,19.14191419141915,1,MAIN
sh.600193,2025-05-13,3.98,3.79,5.013192612137196,0.3862,6538188.78,16.929541118591406,6,False,17.3374613003096,1,MAIN
sh.600193,2025-05-14,4.18,3.98,5.025125628140703,21.9681,382832435.03,17.426743097036155,7,False,18.80597014925374,1,MAIN
sh.600193,2025-05-21,3.91,3.72,5.107526881720426,5.9578,96443586.18,16.187785118667968,1,True,2.4793388429752206,1,MAIN
sh.600193,2025-05-26,4.31,4.1,5.1219512195122,9.7654,175103812.89,17.93104357117988,1,True,23.867069486404823,1,MAIN
sh.600193,2025-05-28,4.63,4.41,4.9886621315192725,11.7505,222872201.7,18.96703984511297,1,True,40.445859872611464,1,MAIN
sh.600193,2025-05-29,4.86,4.63,4.967602591792675,8.3315,172213600.46,20.67017949468883,2,False,49.35483870967741,1,MAIN
sh.600193,2025-05-30,5.1,4.86,4.938271604938249,9.0132,188719509.66,20.938125156437227,3,False,62.000000000000014,1,MAIN
sh.600198,2025-05-20,9.23,8.39,10.011918951132293,5.0603,587269472.89,116.05427996166237,1,True,6.607369758576875,0,MAIN
sh.600201,2025-06-23,7.94,7.22,9.972299168975084,8.9683,792387414.52,88.35424935829532,1,True,1.9774011299434902,0,MAIN
sh.600202,2025-05-26,5.75,5.23,9.94263862332696,19.0541,414257303.0,21.741110994484128,1,True,6.517311608961318,0,MAIN
sh.600203,2025-05-06,9.6,8.73,9.9656357388316,6.2343,341641255.0,54.80025905073545,1,True,-5.519480519480513,0,MAIN
sh.600207,2025-05-19,4.57,4.15,10.120481927710845,1.2055,60014163.14,49.78362765657404,1,True,-0.7177033492822837,0,MAIN
sh.600207,2025-05-20,5.03,4.57,10.0656455142232,0.821,44987314.0,54.795753958587085,2,False,13.681592039801016,0,MAIN
sh.600212,2025-05-29,7.87,7.15,10.069930069930066,7.53,293535320.5,38.982114276228415,1,True,-6.9010416666666625,0,MAIN
sh.600212,2025-05-30,8.66,7.87,10.038119440914862,19.3218,834477116.65,43.18837358061878,2,False,3.552631578947385,0,MAIN
sh.600212,2025-06-24,8.25,7.5,10.000000000000009,9.7651,401303225.15,41.095659558017836,1,True,2.7397260273972712,0,MAIN
sh.600223,2025-05-15,8.11,7.37,10.04070556309362,3.4668,277437741.39,80.02703974558669,1,True,-1.8641810918774926,0,MAIN
sh.600223,2025-06-11,9.3,8.45,10.059171597633142,8.0486,734838777.03,91.30019842332827,1,True,15.279672578444735,0,MAIN
sh.600227,2025-06-17,2.83,2.57,10.116731517509736,9.3274,331584552.18,35.549515639942534,1,True,11.255411255411252,0,MAIN
sh.600228,2025-05-08,3.22,3.07,4.885993485342022,6.763,88615215.78,13.102944814431467,1,True,-40.0390625,1,MAIN
sh.600228,2025-05-12,3.48,3.31,5.1359516616314105,4.9442,70779094.0,14.315580680393186,1,True,-25.784753363228695,1,MAIN
sh.600228,2025-05-14,3.78,3.6,4.999999999999982,6.3559,98742854.9,15.535621218080838,1,True,-22.746781115879834,1,MAIN
sh.600228,2025-05-15,3.97,3.78,5.026455026455046,6.9686,114943500.75,16.49448967511408,2,False,-24.248496993987978,1,MAIN
sh.600228,2025-05-19,4.0,3.81,4.986876640419946,6.15,101034513.25,16.42837613821138,1,True,-23.493975903614462,1,MAIN
sh.600228,2025-05-28,4.39,4.18,5.023923444976086,6.3841,113837608.12,17.831426218260994,1,True,15.469613259668492,1,MAIN
sh.600228,2025-06-09,4.47,4.26,4.929577464788726,3.8196,70020260.59,18.33183071264007,1,True,32.29813664596273,1,MAIN
sh.600228,2025-06-11,4.79,4.56,5.043859649122817,4.4016,86278642.5,19.601654511995637,1,True,31.034482758620683,1,MAIN
sh.600228,2025-06-12,5.03,4.79,5.0104384133611735,5.2502,108404540.69,20.647697362005253,2,False,33.05555555555555,1,MAIN
sh.600228,2025-06-17,5.18,4.93,5.070993914807298,7.1648,154158191.98,21.516049572912017,1,True,29.396325459317584,1,MAIN
sh.600232,2025-06-06,6.36,5.78,10.034602076124566,3.3815,76307581.76,22.566193038592342,1,True,2.4822695035461084,0,MAIN
sh.600232,2025-06-09,7.0,6.36,10.062893081761004,0.8732,22292410.0,25.529557947778287,2,False,11.18881118881121,0,MAIN
sh.600232,2025-06-10,7.7,7.0,10.000000000000009,20.846,585408138.7,28.082516487575553,3,False,21.317157712305047,0,MAIN
sh.600232,2025-06-11,8.47,7.7,10.000000000000009,31.8022,873797913.64,27.476020955782932,4,False,34.61538461538463,0,MAIN
sh.600234,2025-05-08,7.63,7.27,4.951856946354893,1.7722,35155888.01,19.837426932626112,1,True,18.597063621533437,1,MAIN
sh.600234,2025-05-21,7.74,7.04,9.943181818181811,2.1304,42826001.38,20.102328849042436,1,True,12.82051282051282,0,MAIN
sh.600238,2025-05-08,4.78,4.55,5.054945054945059,8.4292,173676741.97,20.604178566174728,1,True,-24.543946932006644,1,MAIN
sh.600238,2025-05-26,5.65,5.38,5.018587360594795,3.1235,77246021.0,24.730597406755244,1,True,-4.6099290780141855,1,MAIN
sh.600238,2025-06-24,5.8,5.52,5.072463768115942,1.5984,40798561.15,25.52462534409409,1,True,2.6022304832713727,1,MAIN
sh.600241,2025-06-26,8.8,8.0,10.000000000000009,7.2464,184583010.9,25.472373992603227,1,True,6.24169986719787,0,MAIN
sh.600241,2025-06-27,9.68,8.8,9.999999999999986,20.8185,581814844.36,27.947010800970293,2,False,17.647058823529417,0,MAIN
sh.600241,2025-06-30,10.65,9.68,10.0206611570248,16.7466,521033190.05,31.11277453632379,3,False,28.381962864721476,0,MAIN
sh.600243,2025-05-06,2.43,2.31,5.1948051948051965,6.7484,70652257.29,10.469482735166855,1,True,-13.157894736842113,1,MAIN
sh.600243,2025-05-12,2.63,2.5,5.200000000000005,5.2643,59482231.41,11.299172047565676,1,True,5.485232067510548,1,MAIN
sh.600243,2025-05-15,2.76,2.63,4.942965779467667,8.7533,105329269.47,12.033092601647379,1,True,2.3346303501945442,1,MAIN
sh.600243,2025-05-19,2.94,2.8,5.000000000000004,2.4697,31656520.0,12.81796169575252,1,True,0.0,1,MAIN
sh.600243,2025-05-21,3.11,2.96,5.067567567567566,4.2149,56493596.55,13.403306496002278,1,True,13.409961685823756,1,MAIN
sh.600243,2025-05-28,3.26,3.1,5.161290322580636,7.1406,99500954.18,13.934536898860042,1,True,33.047210300429185,1,MAIN
sh.600243,2025-06-16,3.22,3.07,4.885993485342022,3.1753,44068532.2,13.878541303183951,1,True,11.231884057971019,1,MAIN
sh.600249,2025-05-15,6.18,5.62,9.964412811387891,21.1014,699130081.23,33.131928745486086,1,True,1.6274864376130127,0,MAIN
sh.600250,2025-06-03,9.49,8.63,9.965237543453064,10.8752,310246312.26,28.527871879137855,1,True,2.6159334126040434,0,MAIN
sh.600250,2025-06-09,11.17,10.15,10.049261083743843,18.6254,610128472.57,32.75787218368465,1,True,18.023255813953497,0,MAIN
sh.600250,2025-06-11,12.8,11.64,9.965635738831624,18.5276,697628024.79,37.653448087717784,1,True,35.34883720930233,0,MAIN
sh.600250,2025-06-12,14.08,12.8,9.999999999999986,13.8605,595102177.32,42.935116144439235,2,False,48.31981460023174,0,MAIN
sh.600250,2025-06-26,11.74,10.67,10.028116213683225,16.0356,557469708.65,34.764505765297216,1,True,21.942857142857154,0,MAIN
sh.600259,2025-05-06,39.59,35.99,10.002778549597124,8.8587,1166261755.24,131.6515691060765,1,True,6.040070713022994,0,MAIN
sh.600259,2025-05-20,46.64,42.4,10.000000000000009,11.2769,1705182415.28,151.21020983426297,1,True,17.321527393469836,0,MAIN
sh.600259,2025-06-03,47.3,43.0,9.999999999999986,8.5495,1329815251.35,155.54304361073747,1,True,18.91592920353984,0,MAIN
sh.600259,2025-06-04,52.03,47.3,10.000000000000009,7.2901,1230861759.66,168.840174985254,2,False,31.425395943317568,0,MAIN
sh.600259,2025-06-16,61.38,55.8,10.000000000000009,14.7449,2976312723.01,201.8537069095077,1,True,31.417804992934517,0,MAIN
sh.600262,2025-05-07,23.63,21.48,10.009310986964604,12.3305,485241480.83,39.3529443923604,1,True,19.599109131403125,0,MAIN
sh.600265,2025-05-19,16.15,15.38,5.006501950585163,1.4565,29824856.0,20.477072433916923,1,True,-15.772179627601313,1,MAIN
sh.600265,2025-06-20,17.33,16.5,5.030303030303029,0.9417,20990539.06,22.290048911542954,1,True,0.7941356139279154,1,MAIN
sh.600265,2025-06-30,17.69,16.85,4.985163204747778,1.1902,27274701.0,22.916065367165185,1,True,-0.4725339633786074,1,MAIN
sh.600279,2025-05-21,6.29,5.72,9.96503496503498,7.9788,587882628.33,73.680582083772,1,True,6.517690875232773,0,MAIN
sh.600279,2025-05-22,6.92,6.29,10.015898251192358,10.6156,800166951.49,75.37651677625381,2,False,19.581749049429664,0,MAIN
sh.600280,2025-06-12,3.89,3.54,9.887005649717516,13.2901,563898782.44,42.4299879188268,1,True,2.3121387283236983,0,MAIN
sh.600281,2025-05-06,4.68,4.25,10.11764705882352,15.1116,344984986.92,22.82915025013897,1,True,16.758241758241766,0,MAIN
sh.600281,2025-05-12,4.74,4.31,9.976798143851529,9.6997,234300852.94,24.155474183737642,1,True,37.261146496815265,0,MAIN
sh.600281,2025-05-16,5.05,4.59,10.02178649237473,17.6534,447615445.5,25.355764073776154,1,True,34.210526315789465,0,MAIN
sh.600281,2025-05-19,5.56,5.05,10.099009900990088,20.1264,556699390.09,27.660157310298914,2,False,48.96755162241886,0,MAIN
sh.600281,2025-06-11,6.0,5.45,10.09174311926606,10.2003,307268801.5,30.12350631844161,1,True,14.978902953586504,0,MAIN
sh.600281,2025-06-12,6.6,6.0,9.999999999999986,17.9994,606684440.38,33.70581465937753,2,False,30.434782608695656,0,MAIN
sh.600281,2025-06-13,7.26,6.6,10.000000000000009,29.9527,1098052790.53,36.659559589953496,3,False,34.96932515337423,0,MAIN
sh.600281,2025-06-17,8.45,7.68,10.026041666666652,33.5809,1393169134.34,41.48695044921369,1,True,52.07920792079208,0,MAIN
sh.600281,2025-06-27,6.84,6.22,9.967845659164,12.7796,444337631.04,34.769290982503364,1,True,16.917293233082688,0,MAIN
sh.600284,2025-05-13,7.06,6.42,9.968847352024923,7.6004,506885684.03,66.6919746368612,1,True,-2.1341463414634054,0,MAIN
sh.600289,2025-05-13,5.92,5.64,4.964539007092195,3.2124,106644598.3,33.197795511144314,1,True,0.0,1,MAIN
sh.600289,2025-06-04,5.28,5.03,4.97017892644136,1.7281,51346039.45,29.71242373126555,1,True,-13.425129087779675,1,MAIN
sh.600289,2025-06-05,5.54,5.28,4.924242424242431,1.061,32771850.0,30.887700282752125,2,False,-6.878306878306873,1,MAIN
sh.600289,2025-06-06,5.82,5.54,5.054151624548742,1.1432,37622561.82,32.90986863191043,3,False,-5.782312925170063,1,MAIN
sh.600289,2025-06-17,6.15,5.86,4.948805460750849,3.1262,107191420.51,34.28808793743203,1,True,-0.17035775127768327,1,MAIN
sh.600289,2025-06-18,6.46,6.15,5.040650406504055,3.3212,120886214.94,36.39835449235216,2,False,4.237288135593209,1,MAIN
sh.600289,2025-06-20,6.47,6.16,5.032467532467533,2.0115,72409795.0,35.99790952025852,1,True,6.944444444444442,1,MAIN
sh.600289,2025-06-23,6.79,6.47,4.945904173106652,3.4617,131101778.56,37.87207977583268,2,False,11.744386873920543,1,MAIN
sh.600289,2025-06-24,7.13,6.79,5.007363770250373,1.4754,58523541.54,39.666220374135825,3,False,17.881944444444443,1,MAIN
sh.600289,2025-06-25,7.49,7.13,5.049088359046294,0.6704,28190300.0,42.04997016706444,4,False,25.749559082892425,1,MAIN
sh.600289,2025-06-27,7.62,7.26,4.958677685950419,3.6934,158254339.78,42.8478745275356,1,True,41.796875,1,MAIN
sh.600302,2025-06-18,6.53,5.94,9.932659932659927,7.7245,171245875.9,22.1691858243252,1,True,3.304347826086973,0,MAIN
sh.600303,2025-05-06,4.24,3.85,10.129870129870122,6.6513,187045682.0,28.12167275570189,1,True,17.737003058103973,0,MAIN
sh.600318,2025-06-25,9.9,9.0,10.000000000000009,30.8828,1542537194.92,49.948100396337125,1,True,2.2727272727272707,0,MAIN
sh.600319,2025-06-30,6.53,5.94,9.932659932659927,10.0099,202742835.71,20.25423188143738,1,True,-0.1680672268907557,0,MAIN
sh.600322,2025-06-06,2.71,2.46,10.162601626016254,7.9891,231082272.97,28.92469401684796,1,True,6.956521739130439,0,MAIN
sh.600336,2025-05-19,7.66,6.96,10.057471264367823,4.904,297110914.76,60.58542307504078,1,True,11.359999999999992,0,MAIN
sh.600340,2025-05-16,2.83,2.57,10.116731517509736,5.4608,580325154.84,106.27108754028716,1,True,16.8181818181818,0,MAIN
sh.600340,2025-05-19,3.11,2.83,9.893992932862194,2.0088,242843357.09,120.88976358522503,2,False,29.22374429223744,0,MAIN
sh.600343,2025-05-19,13.06,11.87,10.025273799494538,4.4964,355548485.4,79.07403376034159,1,True,3.5776614310645494,0,MAIN
sh.600353,2025-06-09,10.84,9.85,10.050761421319798,5.9035,525116318.92,88.94999897010248,1,True,7.415485278080691,0,MAIN
sh.600353,2025-06-10,11.92,10.84,9.963099630996307,8.5761,838760715.52,97.80211465817794,2,False,19.25192519251926,0,MAIN
sh.600355,2025-05-15,2.56,2.44,4.918032786885251,9.1571,114399838.36,12.493020537069597,1,True,-27.810650887573964,1,MAIN
sh.600355,2025-05-21,2.8,2.67,4.868913857677892,11.5117,154680964.42,13.436848112789596,1,True,-16.562500000000004,1,MAIN
sh.600355,2025-05-27,2.85,2.71,5.166051660516602,13.9159,192863245.53,13.859200305406047,1,True,-11.726384364820841,1,MAIN
sh.600355,2025-05-28,2.99,2.85,4.912280701754401,12.7087,183795568.27,14.462184823782135,2,False,-3.3898305084745783,1,MAIN
sh.600355,2025-06-04,3.01,2.87,4.878048780487787,8.1587,118975846.7,14.582696593820096,1,True,8.301886792452828,1,MAIN
sh.600355,2025-06-23,2.99,2.85,4.912280701754401,3.2071,46724241.0,14.569000342988991,1,True,4.395604395604402,1,MAIN
sh.600358,2025-05-14,4.73,4.5,5.111111111111111,2.2948,53825413.73,23.455383358026843,1,True,6.132075471698117,1,MAIN
sh.600358,2025-05-29,4.97,4.73,5.073995771670181,0.2035,5107669.0,25.099110565110564,1,True,17.955112219451387,1,MAIN
sh.600358,2025-05-30,5.22,4.97,5.030181086519114,0.0483,1272636.0,26.34857142857143,2,False,18.0522565320665,1,MAIN
sh.600358,2025-06-03,5.48,5.22,4.9808429118774145,0.5163,14285812.0,27.66959519659113,3,False,21.113689095127608,1,MAIN
sh.600358,2025-06-04,5.75,5.48,4.92700729927007,0.9419,27348132.75,29.035070336553773,4,False,24.82915717539864,1,MAIN
sh.600358,2025-06-05,6.04,5.75,5.043478260869572,0.5491,16746504.0,30.498095064651245,5,False,30.090497737556564,1,MAIN
sh.600358,2025-06-06,6.34,6.04,4.966887417218535,0.4056,12984326.34,32.01263890532544,6,False,38.850574712643684,1,MAIN
sh.600358,2025-06-09,6.66,6.34,5.047318611987395,0.2391,8042322.96,33.63581329987453,7,False,45.08009153318078,1,MAIN
sh.600358,2025-06-10,6.99,6.66,4.954954954954949,0.6322,22312093.98,35.29277757038912,8,False,50.0,1,MAIN
sh.600358,2025-06-11,7.34,6.99,5.007153075822601,0.6766,25077675.18,37.0642553650606,9,False,57.787810383747185,1,MAIN
sh.600358,2025-06-12,7.71,7.34,5.040871934604896,0.5172,20133053.61,38.9270178074246,10,False,63.111111111111114,1,MAIN
sh.600358,2025-06-26,6.49,6.18,5.016181229773475,5.0165,162161275.49,32.32558068175023,1,True,30.655391120507392,1,MAIN
sh.600360,2025-06-05,7.69,7.32,5.054644808743181,3.9814,289684422.36,72.75943697191944,1,True,14.913657770800626,1,MAIN
sh.600360,2025-06-18,7.86,7.49,4.939919893190914,2.9169,216756335.22,74.3105129486784,1,True,14.701378254211338,1,MAIN
sh.600360,2025-06-26,8.25,7.86,4.961832061068705,4.5299,358836233.2,79.21504518863551,1,True,13.41991341991342,1,MAIN
sh.600365,2025-05-07,3.13,2.98,5.033557046979853,1.6465,21267284.82,12.916662508351047,1,True,13.307984790874539,1,MAIN
sh.600365,2025-05-29,3.21,3.06,4.90196078431373,1.3032,17339132.42,13.305043293431556,1,True,2.0000000000000018,1,MAIN
sh.600365,2025-05-30,3.37,3.21,4.984423676012462,2.1396,29854444.94,13.953283295943168,2,False,1.904761904761898,1,MAIN
sh.600365,2025-06-09,3.41,3.25,4.923076923076919,1.889,26266109.41,13.9047694070937,1,True,4.5016077170418,1,MAIN
sh.600366,2025-06-11,9.61,8.74,9.954233409610968,14.3843,1446952487.33,100.59248537155092,1,True,3.4319526627219155,0,MAIN
sh.600366,2025-06-12,10.57,9.61,9.989594172736748,18.6469,2027999489.89,108.75799676568224,2,False,15.643802647412741,0,MAIN
sh.600366,2025-06-30,10.86,9.87,10.030395136778123,16.0132,1774860425.71,110.83733580483599,1,True,24.307304785894203,0,MAIN
sh.600367,2025-06-13,14.59,13.26,10.030165912518862,15.4285,707240438.91,45.83987029912175,1,True,-4.391648668106562,0,MAIN
sh.600367,2025-06-25,16.98,15.44,9.97409326424872,24.4868,1318817534.34,53.8583046514857,1,True,15.396113602391615,0,MAIN
sh.600370,2025-05-14,2.08,1.89,10.052910052910068,1.0597,84260794.0,79.51381900537888,1,True,12.5,0,MAIN
sh.600375,2025-05-08,6.28,5.71,9.982486865148864,2.9201,199202017.02,68.21753262559501,1,True,-7.903225806451619,0,MAIN
sh.600379,2025-05-21,10.85,9.86,10.040567951318469,3.1258,109612495.55,35.06702141851685,1,True,7.759562841530054,0,MAIN
sh.600379,2025-05-22,11.94,10.85,10.046082949308754,5.1911,204469674.82,39.38850625493633,2,False,18.063112078346034,0,MAIN
sh.600379,2025-06-23,11.54,10.49,10.0095328884652,6.6769,245307339.06,36.73970541119382,1,True,-12.144053601340033,0,MAIN
sh.600381,2025-05-06,3.26,3.1,5.161290322580636,0.0574,1098131.0,19.131202090592335,2,False,-35.01048218029349,1,MAIN
sh.600381,2025-05-07,3.42,3.26,4.907975460122693,0.0706,1418044.86,20.085621246458928,3,False,-32.08333333333333,1,MAIN
sh.600381,2025-05-08,3.59,3.42,4.970760233918137,1.8213,38384783.49,21.075486460220723,4,False,-27.695560253699792,1,MAIN
sh.600381,2025-05-19,3.81,3.63,4.958677685950419,1.5147,33403556.07,22.05291877599525,1,True,-21.086956521739133,1,MAIN
sh.600381,2025-05-21,4.0,3.81,4.986876640419946,2.152,49331854.0,22.923723977695165,1,True,-8.413461538461542,1,MAIN
sh.600381,2025-06-03,3.96,3.77,5.039787798408479,0.6102,13935779.42,22.8380521468371,1,True,27.796610169491508,1,MAIN
sh.600381,2025-06-04,4.16,3.96,5.050505050505061,2.0841,50886512.1,24.416540521088244,2,False,27.74193548387096,1,MAIN
sh.600381,2025-06-09,4.57,4.35,5.057471264367841,1.3309,35320637.8,26.538911864152073,1,True,21.169916434540383,1,MAIN
sh.600381,2025-06-13,4.92,4.69,4.904051172707868,3.5288,100266393.81,28.413736627182043,1,True,27.44565217391304,1,MAIN
sh.600391,2025-05-29,25.1,22.82,9.99123575810692,9.0483,720843651.45,79.66619712542689,1,True,-5.153782211138813,0,MAIN
sh.600391,2025-06-25,27.39,24.9,10.000000000000009,10.6913,943111258.71,88.21296369103851,1,True,6.41025641025641,0,MAIN
sh.600392,2025-05-06,11.64,10.58,10.018903591682427,5.5964,1131153149.64,202.12156915874493,1,True,-4.079782411604704,0,MAIN
sh.600396,2025-05-06,3.04,2.76,10.144927536231885,8.3375,352950375.38,42.33287860629685,1,True,3.3707865168539186,0,MAIN
sh.600396,2025-05-08,3.43,3.12,9.935897435897443,15.9671,780663672.79,48.892013752653895,1,True,15.12915129151291,0,MAIN
sh.600397,2025-05-16,5.64,5.13,9.941520467836252,7.0045,376680639.63,53.776949051324145,1,True,0.588235294117645,0,MAIN
sh.600403,2025-05-15,3.81,3.46,10.115606936416178,0.7412,65757635.7,88.71780315704264,1,True,4.216867469879526,0,MAIN
sh.600403,2025-05-21,4.35,3.95,10.126582278481,1.9667,196155537.25,99.73841320486093,1,True,11.898016997167149,0,MAIN
sh.600403,2025-06-06,4.1,3.73,9.919571045576392,1.5856,151913620.6,95.80828746215944,1,True,6.571428571428561,0,MAIN
sh.600405,2025-06-17,5.15,4.68,10.042735042735051,12.4436,379500520.36,30.497647012118676,1,True,-0.8474576271186418,0,MAIN
sh.600410,2025-05-06,10.0,9.09,10.011001100110018,12.4662,1365925830.95,109.57034468803644,1,True,10.853658536585375,0,MAIN
sh.600410,2025-05-07,11.0,10.0,10.000000000000009,10.2395,1234300048.0,120.54299995116949,2,False,21.95121951219514,0,MAIN
sh.600410,2025-05-14,10.68,9.71,9.98970133882593,17.4673,1988258911.08,113.82748971392257,1,True,30.510752688172047,0,MAIN
sh.600416,2025-06-30,13.44,12.22,9.983633387888702,7.1622,1239881211.22,173.1145753008852,1,True,9.400179051029545,0,MAIN
sh.600418,2025-06-09,38.54,35.04,9.988584474885842,5.6753,4660519435.12,821.1934937571582,1,True,-1.9860139860139903,0,MAIN
sh.600421,2025-05-07,4.99,4.75,5.052631578947375,2.8571,27461543.83,9.611684515767736,1,True,-27.035330261136714,1,MAIN
sh.600421,2025-05-12,5.53,5.27,4.933586337760931,2.3186,24844126.24,10.715141136892953,1,True,-0.3780718336483968,1,MAIN
sh.600421,2025-05-13,5.81,5.53,5.063291139240489,4.8092,54223470.94,11.274946132412875,2,False,2.9795158286778367,1,MAIN
sh.600421,2025-05-14,6.1,5.81,4.991394148020656,1.693,20045661.0,11.840319551092735,3,False,5.253623188405787,1,MAIN
sh.600421,2025-05-15,6.41,6.1,5.0819672131147575,7.3125,91270528.85,12.481439842735043,4,False,6.271777003484313,1,MAIN
sh.600421,2025-05-19,6.39,6.09,4.92610837438423,3.4329,42681674.0,12.433124763319643,1,True,-5.140186915887856,1,MAIN
sh.600421,2025-05-20,6.71,6.39,5.007824726134591,2.7876,36265821.0,13.009693284545847,2,False,7.757166947723437,1,MAIN
sh.600421,2025-06-09,7.04,6.7,5.074626865671639,3.3195,44862666.0,13.514886579304111,1,True,30.859375,1,MAIN
sh.600421,2025-06-10,7.39,7.04,4.971590909090895,4.2355,59876353.18,14.136785073781136,2,False,33.58633776091082,1,MAIN
sh.600421,2025-06-16,7.55,7.19,5.006954102920713,4.2359,61430582.0,14.502368327864207,1,True,12.168486739469575,1,MAIN
sh.600435,2025-06-25,12.99,11.81,9.991532599491949,3.3601,652083934.29,194.06682369274722,1,True,4.420866489831998,0,MAIN
sh.600435,2025-06-26,14.29,12.99,10.007698229407236,3.3898,729889771.44,215.31942044958404,2,False,15.159574468085113,0,MAIN
sh.600435,2025-06-30,15.59,14.17,10.021171489061388,15.2313,3425585973.49,224.9043728040285,1,True,25.843694493783296,0,MAIN
sh.600439,2025-05-26,3.75,3.41,9.97067448680351,14.7084,615220739.23,41.82784933983302,1,True,-1.445086705202303,0,MAIN
sh.600446,2025-05-29,16.17,14.7,10.000000000000009,4.0518,594039703.33,146.6113093760798,1,True,-1.6064257028112428,0,MAIN
sh.600448,2025-05-06,2.95,2.68,10.074626865671643,9.4143,170127434.6,18.071172004291345,1,True,-3.597122302158262,0,MAIN
sh.600448,2025-05-07,3.25,2.95,10.169491525423725,9.9513,203519158.75,20.451514751841465,2,False,5.35714285714286,0,MAIN
sh.600448,2025-05-08,3.58,3.25,10.153846153846157,31.3889,686004986.0,21.85501836636518,3,False,16.07142857142858,0,MAIN
sh.600448,2025-05-09,3.94,3.58,10.05586592178771,16.2126,401885437.54,24.78846314224739,4,False,42.06349206349207,0,MAIN
sh.600448,2025-05-13,4.51,4.1,10.000000000000009,41.3139,1162795624.31,28.145385071610278,1,True,63.99999999999999,0,MAIN
sh.600463,2025-05-19,10.77,9.79,10.010214504596537,4.1796,132014632.0,31.585470379940663,1,True,13.441483198145976,0,MAIN
sh.600463,2025-05-20,11.85,10.77,10.027855153203348,7.816,272134335.2,34.817596622313204,2,False,27.30496453900708,0,MAIN
sh.600463,2025-05-21,13.04,11.85,10.042194092827009,1.8226,71299942.48,39.11990699001427,3,False,38.111888111888106,0,MAIN
sh.600463,2025-06-19,10.95,9.95,10.050251256281406,2.4065,79053525.0,32.85,1,True,-16.03375527426161,0,MAIN
sh.600468,2025-05-16,5.04,4.58,10.043668122270732,3.2108,175494828.0,54.65766413354927,1,True,4.090909090909078,0,MAIN
sh.600468,2025-05-19,5.54,5.04,9.92063492063493,13.323,785125185.76,58.930059728289415,2,False,16.129032258064523,0,MAIN
sh.600468,2025-05-20,6.09,5.54,9.927797833935005,8.0622,525442903.99,65.17363796358313,3,False,29.742388758782212,0,MAIN
sh.600468,2025-05-26,5.95,5.41,9.981515711645097,16.6828,1058952159.61,63.475685113410215,1,True,27.895981087470446,0,MAIN
sh.600468,2025-05-27,6.55,5.95,10.084033613445364,20.0048,1350061028.1,67.48685455990561,2,False,40.33018867924527,0,MAIN
sh.600468,2025-05-30,7.01,6.37,10.047095761381474,19.6712,1349061260.42,68.5805268829558,1,True,50.591016548463344,0,MAIN
sh.600468,2025-06-03,7.71,7.01,9.985734664764625,25.7585,2065523661.04,80.18804126948385,2,False,63.78504672897194,0,MAIN
sh.600468,2025-06-06,7.95,7.23,9.958506224066376,25.8875,2174997086.78,84.01727037295994,1,True,57.86026200873362,0,MAIN
sh.600468,2025-06-09,8.75,7.95,10.062893081761004,27.8411,2441236415.21,87.68462507623622,2,False,69.14893617021276,0,MAIN
sh.600468,2025-06-10,9.63,8.75,10.057142857142876,28.8177,2887136756.48,100.18623125648473,3,False,90.21739130434784,0,MAIN
sh.600475,2025-06-17,11.48,10.44,9.961685823754806,2.9263,307247683.8,104.99527861121554,1,True,5.882352941176472,0,MAIN
sh.600476,2025-05-26,18.26,16.6,10.000000000000009,6.6092,188478249.95,28.517558849785146,1,True,11.634162743779441,0,MAIN
sh.600476,2025-05-29,20.41,18.55,10.02695417789756,22.0532,687887805.85,31.1921991298315,1,True,24.16331994645249,0,MAIN
sh.600478,2025-06-17,5.52,5.02,9.960159362549792,8.15,729828440.32,89.5495018797546,1,True,3.9337474120082705,0,MAIN
sh.600493,2025-05-15,6.2,5.64,9.929078014184412,13.2346,219389907.28,16.576995699152224,1,True,17.012448132780065,0,MAIN
sh.600493,2025-05-23,6.27,5.7,9.999999999999986,13.4471,227693813.83,16.93255897777216,1,True,11.764705882352944,0,MAIN
sh.600495,2025-05-22,4.84,4.4,9.999999999999986,8.934,507995332.85,56.860905848444155,1,True,12.820512820512842,0,MAIN
sh.600495,2025-05-28,5.25,4.77,10.062893081761024,13.0183,799017564.7,61.376490378928125,1,True,18.656716417910445,0,MAIN
sh.600500,2025-05-13,4.08,3.71,9.973045822102431,2.2555,322381242.45,142.93116490800264,1,True,1.6438356164383494,0,MAIN
sh.600503,2025-05-06,2.77,2.52,9.92063492063493,4.901,214592874.01,43.785528261579266,1,True,0.3984063745019917,0,MAIN
sh.600505,2025-05-20,16.67,15.15,10.033003300330034,19.1713,1113355045.24,58.07405054638966,1,True,13.483146067415742,0,MAIN
sh.600513,2025-06-24,10.2,9.27,10.032362459546928,6.7388,193503780.47,28.714872153795923,1,True,-0.5364806866952843,0,MAIN
sh.600520,2025-06-09,30.31,27.55,10.018148820326678,8.6388,413397993.31,47.853636304810856,1,True,-8.013355592654413,0,MAIN
sh.600521,2025-05-20,15.62,14.2,10.000000000000009,2.4783,564551750.98,227.79798691845218,1,True,1.865136298421799,0,MAIN
sh.600523,2025-05-12,15.11,13.74,9.97088791848617,5.7319,340369172.91,59.38156159563147,1,True,29.378531073446347,0,MAIN
sh.600530,2025-05-09,5.31,4.83,9.93788819875776,1.7703,71379936.87,40.32081391289612,1,True,9.276018099547523,0,MAIN
sh.600530,2025-05-13,6.2,5.64,9.929078014184412,4.0526,187906793.71,46.36697273602132,1,True,29.655172413793096,0,MAIN
sh.600530,2025-05-14,6.82,6.2,10.000000000000009,5.7007,295553220.1,51.84507518374937,2,False,39.01345291479821,0,MAIN
sh.600530,2025-05-15,7.5,6.82,9.97067448680351,5.0098,287857791.38,57.45893875603816,3,False,50.55187637969094,0,MAIN
sh.600530,2025-05-19,7.92,7.2,9.999999999999986,8.8203,510643922.52,57.894167150777186,1,True,52.2198731501057,0,MAIN
sh.600530,2025-05-27,8.57,7.79,10.01283697047497,8.7701,574657537.37,65.52462769751772,1,True,64.6934460887949,0,MAIN
sh.600530,2025-06-03,8.36,7.6,9.999999999999986,5.831,362117958.9,62.102205264963125,1,True,67.77041942604856,0,MAIN
sh.600530,2025-06-09,8.64,7.85,10.063694267515944,5.5008,355177948.1,64.56841697571262,1,True,62.732919254658384,0,MAIN
sh.600530,2025-06-10,9.5,8.64,9.9537037037037,13.9239,988185183.21,70.97043092883459,2,False,62.711864406779696,0,MAIN
sh.600530,2025-06-12,10.67,9.7,10.000000000000009,5.9618,472388041.6,79.23580824583179,1,True,56.4516129032258,0,MAIN
sh.600543,2025-05-30,6.0,5.45,10.09174311926606,6.1915,116275929.98,18.779928931599773,1,True,19.517543859649145,0,MAIN
sh.600543,2025-06-17,6.17,5.61,9.982174688057045,7.3229,140953994.18,19.248384407816573,1,True,8.301158301158317,0,MAIN
sh.600543,2025-06-18,6.79,6.17,10.048622366288496,2.6691,58197728.26,21.8042517178075,2,False,14.25925925925926,0,MAIN
sh.600550,2025-05-19,8.55,7.77,10.038610038610065,8.3157,1282065147.67,154.17405001022166,1,True,-6.946107784431144,0,MAIN
sh.600550,2025-05-20,9.41,8.55,10.058479532163744,9.1403,1543223405.32,168.83728163408202,2,False,7.547169811320753,0,MAIN
sh.600550,2025-05-26,9.43,8.57,10.03500583430572,7.4079,1265885441.98,170.88317093643275,1,True,11.443433029908977,0,MAIN
sh.600551,2025-05-29,8.88,8.07,10.03717472118959,3.3434,195559034.98,58.49106747023988,1,True,3.3290653008962945,0,MAIN
sh.600551,2025-05-30,9.77,8.88,10.022522522522516,12.7422,829788798.72,65.12131333050807,2,False,12.262958280657399,0,MAIN
sh.600551,2025-06-05,9.21,8.37,10.03584229390684,7.7667,460275185.29,59.262645047446156,1,True,6.083650190114054,0,MAIN
sh.600551,2025-06-18,9.27,8.43,9.964412811387891,1.0911,68581684.8,62.85554467968106,1,True,7.800511508951402,0,MAIN
sh.600551,2025-06-19,10.2,9.27,10.032362459546928,5.3109,367302704.0,69.16016193112279,2,False,16.16541353383458,0,MAIN
sh.600557,2025-06-11,16.32,14.84,9.973045822102431,8.6458,797736723.03,92.26869960327558,1,True,14.771848414539823,0,MAIN
sh.600558,2025-05-26,5.57,5.06,10.079051383399218,12.5073,615918663.59,49.24473416244912,1,True,11.208791208791213,0,MAIN
sh.600561,2025-06-03,7.18,6.53,9.954058192955584,6.3589,126794749.03,19.939729989463583,1,True,11.623931623931627,0,MAIN
sh.600562,2025-05-12,26.21,23.83,9.987410826689056,2.9312,926911458.04,316.2225225300218,1,True,25.619399051133374,0,MAIN
sh.600562,2025-06-30,31.49,28.63,9.989521480964015,2.3357,897487338.21,384.2476937149462,1,True,12.406753042795437,0,MAIN
sh.600568,2025-05-13,1.41,1.34,5.223880597014907,1.3715,32020547.71,23.34710004374772,1,True,4.6875,1,MAIN
sh.600568,2025-05-14,1.48,1.41,4.964539007092195,1.5119,36616801.84,24.219063324293938,2,False,9.302325581395344,1,MAIN
sh.600568,2025-05-19,1.47,1.4,5.000000000000004,1.3374,32684262.85,24.438659226858086,1,True,6.060606060606055,1,MAIN
sh.600568,2025-05-27,1.54,1.47,4.761904761904767,2.2981,58485738.11,25.449605374004616,1,True,13.953488372093027,1,MAIN
sh.600568,2025-06-03,1.67,1.59,5.031446540880502,1.4302,39125792.24,27.356867738777794,1,True,24.21875,1,MAIN
sh.600568,2025-06-05,1.76,1.68,4.761904761904767,2.4465,69858570.96,28.554494567749842,1,True,26.315789473684205,1,MAIN
sh.600568,2025-06-16,1.73,1.65,4.8484848484848575,1.4287,40709665.17,28.494201140897317,1,True,17.021276595744684,1,MAIN
sh.600570,2025-06-16,30.53,27.75,10.018018018018026,6.5532,3650983352.53,557.1298529771714,1,True,4.559155990957042,0,MAIN
sh.600571,2025-05-29,16.05,14.59,10.006854009595624,16.9783,1206873274.11,71.08328125371797,1,True,-7.188295165394409,0,MAIN
sh.600575,2025-05-09,3.84,3.49,10.02865329512892,4.8551,706669300.76,145.55195583201169,1,True,6.079027355623112,0,MAIN
sh.600589,2025-05-06,7.84,7.13,9.957924263674611,11.6701,1301247980.08,111.5027274899101,1,True,-1.2465373961218829,0,MAIN
sh.600589,2025-06-05,7.69,6.99,10.014306151645204,15.2232,1661556238.74,109.14631869383571,1,True,-10.841836734693878,0,MAIN
sh.600590,2025-06-25,9.46,8.6,10.000000000000009,11.5206,913057805.41,79.25436222158568,1,True,-1.7142857142857237,0,MAIN
sh.600592,2025-05-06,24.68,22.44,9.982174688057045,11.7142,1102881322.76,94.14909449727682,2,False,23.364485981308402,0,MAIN
sh.600592,2025-05-07,27.15,24.68,10.008103727714746,13.5237,1447630385.2,107.04395876868017,3,False,34.13043478260871,0,MAIN
sh.600592,2025-06-24,22.78,20.71,9.99517141477546,7.5297,664970840.0,88.31305895321194,1,True,-20.22342064714946,0,MAIN
sh.600595,2025-06-27,4.49,4.08,10.049019607843146,5.5616,990955728.14,178.17817321274453,1,True,11.171662125340598,0,MAIN
sh.600599,2025-06-09,7.72,7.35,5.034013605442178,1.9831,25009952.2,12.611543643790023,1,True,-9.147095179233622,1,MAIN
sh.600599,2025-06-10,8.11,7.72,5.051813471502586,0.5133,6910660.76,13.463200389635691,2,False,0.2597402597402487,1,MAIN
sh.600599,2025-06-11,8.52,8.11,5.055487053020968,8.232,114943618.76,13.963024630709429,3,False,4.107830551989733,1,MAIN
sh.600599,2025-06-16,8.41,8.01,4.993757802746579,1.4317,19629172.0,13.710394635747711,1,True,8.243243243243237,1,MAIN
sh.600601,2025-06-05,4.72,4.29,10.023310023310009,4.8707,941089155.26,193.2143542529821,1,True,-5.298013245033117,0,MAIN
sh.600604,2025-06-25,5.32,4.84,9.917355371900838,3.7324,270310837.33,72.42279426910298,1,True,8.764044943820215,0,MAIN
sh.600608,2025-05-06,3.2,3.05,4.918032786885251,1.217,12327190.96,10.129162662284307,2,False,-6.727828746177378,1,MAIN
sh.600608,2025-05-15,3.51,3.34,5.089820359281427,1.8636,20667930.36,11.090325370251126,1,True,9.508196721311467,1,MAIN
sh.600608,2025-05-19,3.55,3.38,5.02958579881656,1.4915,16851482.15,11.298345390546427,1,True,6.2893081761006275,1,MAIN
sh.600608,2025-06-20,3.84,3.66,4.918032786885229,1.6356,19719793.52,12.05661134751773,1,True,0.273972602739736,1,MAIN
sh.600610,2025-05-07,12.83,11.66,10.034305317324188,19.4869,1714591403.36,87.98687340521069,1,True,34.331797235023046,0,MAIN
sh.600610,2025-05-13,13.06,11.87,10.025273799494538,18.5303,1645688377.08,88.81067101342127,1,True,58.266666666666666,0,MAIN
sh.600610,2025-05-14,14.37,13.06,10.03062787136293,16.8489,1682678510.9,99.86874578755884,2,False,58.3030303030303,0,MAIN
sh.600610,2025-05-16,14.61,13.28,10.01506024096386,15.6751,1574141314.57,100.42304767242314,1,True,35.92630501535312,0,MAIN
sh.600610,2025-05-19,16.07,14.61,9.99315537303218,17.1536,1877220486.05,109.43594849186174,2,False,35.90697674418604,0,MAIN
sh.600610,2025-06-16,14.63,13.3,10.000000000000009,13.6119,1368884396.42,100.56526983154447,1,True,0.1506024096385561,0,MAIN
sh.600610,2025-06-23,17.35,15.77,10.019023462270148,10.0618,1217878819.75,121.03985566697807,1,True,10.978184377199153,0,MAIN
sh.600611,2025-05-07,6.78,6.16,10.064935064935066,14.0586,1452388749.17,103.30962892251007,1,True,-2.2222222222222143,0,MAIN
sh.600612,2025-05-28,54.31,49.37,10.006076564715416,2.9141,487745895.26,167.37445360831816,1,True,-0.5839710028191725,0,MAIN
sh.600616,2025-05-27,6.9,6.27,10.047846889952172,8.1472,363792166.49,44.652416350402596,1,True,15.25735294117645,0,MAIN
sh.600617,2025-06-17,2.96,2.69,10.03717472118959,3.6697,188118445.84,51.26262251410197,1,True,3.065134099616862,0,MAIN
sh.600636,2025-05-06,7.01,6.68,4.940119760479034,1.3051,39583436.82,30.329811370776184,2,False,-3.6075036075036038,1,MAIN
sh.600636,2025-05-07,7.36,7.01,4.992867332382311,0.5964,19255371.84,32.286002414486916,3,False,1.5942028985507228,1,MAIN
sh.600643,2025-06-25,5.72,5.2,9.999999999999986,1.8462,165099512.68,89.4266670349908,1,True,12.068965517241391,0,MAIN
sh.600643,2025-06-26,6.29,5.72,9.96503496503498,0.9869,98722399.15,100.0328292126862,2,False,22.222222222222232,0,MAIN
sh.600643,2025-06-27,6.92,6.29,10.015898251192358,11.6935,1282481555.08,109.67473853679394,3,False,34.9785407725322,0,MAIN
sh.600644,2025-05-14,12.47,11.34,9.964726631393294,22.3904,1436495983.94,64.1567807605045,1,True,55.98349381017882,0,MAIN
sh.600644,2025-05-20,13.93,12.66,10.031595576619278,18.2753,1324061005.22,72.45084924570321,1,True,35.54603854389722,0,MAIN
sh.600644,2025-05-21,15.32,13.93,9.978463747307975,22.2841,1813071591.56,81.36167004994593,2,False,35.63777994157742,0,MAIN
sh.600644,2025-05-27,16.78,15.25,10.032786885245915,20.453,1783501866.44,87.20001302693981,1,True,30.453378956372966,0,MAIN
sh.600644,2025-06-10,16.92,15.38,10.013003901170348,23.655,2084858468.23,88.1360586865356,1,True,38.309352517985616,0,MAIN
sh.600650,2025-05-26,15.68,14.25,10.03508771929824,8.9332,532809424.8,59.643736264720374,1,True,5.712166172106814,0,MAIN
sh.600650,2025-05-29,17.25,15.68,10.012755102040828,12.9458,844880936.94,65.26293755040246,1,True,16.148148148148156,0,MAIN
sh.600650,2025-06-24,16.61,15.1,10.000000000000009,2.2796,147881321.5,64.87160971223022,1,True,5.964912280701751,0,MAIN
sh.600651,2025-06-03,4.35,3.95,10.126582278481,2.3349,245526449.1,105.15501696004111,1,True,-0.5037783375314908,0,MAIN
sh.600658,2025-05-19,4.55,4.14,9.903381642512077,3.0755,155923802.1,50.69868382376849,1,True,4.810126582278462,0,MAIN
sh.600658,2025-06-12,5.07,4.61,9.97830802603037,6.3737,350365953.79,54.970574986271714,1,True,8.726415094339623,0,MAIN
sh.600666,2025-05-29,2.67,2.43,9.876543209876544,4.6126,287811451.07,62.39679379742445,1,True,-4.330708661417315,0,MAIN
sh.600666,2025-06-23,2.86,2.6,9.999999999999986,7.0533,483358888.28,68.52946681411537,1,True,4.8387096774193505,0,MAIN
sh.600666,2025-06-27,3.42,3.11,9.967845659164,7.9942,652149040.42,81.57777393860547,1,True,27.98353909465019,0,MAIN
sh.600668,2025-05-08,13.89,12.63,9.976247030878849,11.8815,544177672.29,45.800418490089626,1,True,16.084558823529417,0,MAIN
sh.600676,2025-05-29,4.82,4.38,10.045662100456632,4.2705,204963206.84,47.99513097763728,1,True,8.148148148148149,0,MAIN
sh.600676,2025-05-30,5.3,4.82,9.958506224066376,11.5568,623001827.0,53.90781418731829,2,False,14.48931116389549,0,MAIN
sh.600678,2025-05-28,8.5,7.73,9.961190168175936,15.53,456030785.07,29.364506443657437,1,True,7.660167130919238,0,MAIN
sh.600678,2025-05-29,9.35,8.5,9.999999999999986,34.0518,1082962733.03,31.803391686489405,2,False,23.188405797101442,0,MAIN
sh.600679,2025-05-08,13.92,12.65,10.039525691699591,9.3842,443433870.2,47.253241640203754,1,True,1.85185185185186,0,MAIN
sh.600684,2025-06-04,4.09,3.72,9.946236559139775,11.7524,402559915.68,34.253421912120075,1,True,6.5902578796561695,0,MAIN
sh.600684,2025-06-30,4.43,4.03,9.92555831265507,10.8326,405936133.55,37.47356438435833,1,True,11.019283746556475,0,MAIN
sh.600686,2025-05-29,14.85,13.5,9.999999999999986,15.2978,1579188211.73,103.22975929414686,1,True,2.427921092564489,0,MAIN
sh.600691,2025-05-07,2.31,2.1,10.000000000000009,4.265,228035603.6,53.466730035169995,1,True,0.9615384615384581,0,MAIN
sh.600693,2025-05-08,7.15,6.5,10.000000000000009,13.3957,801422540.87,59.82685047216644,1,True,5.691056910569103,0,MAIN
sh.600696,2025-05-06,6.25,5.95,5.042016806722693,10.5361,202148616.74,19.186284938449713,1,True,-36.36363636363637,1,MAIN
sh.600696,2025-05-09,6.0,5.71,5.078809106830118,6.7202,131503257.62,19.56835475432279,1,True,-30.280830280830273,1,MAIN
sh.600696,2025-05-19,6.36,6.06,4.950495049504955,4.5332,95737464.05,21.119179398658787,1,True,-31.910112359550567,1,MAIN
sh.600696,2025-05-20,6.68,6.36,5.031446540880502,2.2936,50083497.82,21.836195422043946,2,False,-26.046511627906966,1,MAIN
sh.600696,2025-05-21,7.01,6.68,4.940119760479034,1.2346,28824989.26,23.34763426210919,3,False,-21.50411280846064,1,MAIN
sh.600696,2025-05-22,7.36,7.01,4.992867332382311,3.5018,85789600.0,24.49871494659889,4,False,-14.093137254901967,1,MAIN
sh.600696,2025-05-27,7.9,7.52,5.053191489361719,1.8897,49064071.68,25.96394754722972,1,True,-2.2106631989596948,1,MAIN
sh.600696,2025-06-09,7.54,7.18,5.013927576601684,3.5646,88864119.34,24.929618846434384,1,True,25.744308231173374,1,MAIN
sh.600696,2025-06-26,6.68,6.36,5.031446540880502,1.797,39244998.52,21.839175581524763,1,True,-19.493670886075954,1,MAIN
sh.600698,2025-05-07,6.44,5.85,10.085470085470094,8.3204,439063440.24,52.76951111004279,1,True,-3.9408866995073955,0,MAIN
sh.600698,2025-05-19,7.3,6.64,9.93975903614459,5.444,325087022.33,59.714735916605434,1,True,13.698630136986289,0,MAIN
sh.600698,2025-05-20,8.03,7.3,9.999999999999986,0.8937,59587393.91,66.67494003580619,2,False,28.97526501766783,0,MAIN
sh.600698,2025-05-21,8.83,8.03,9.96264009962642,6.6872,488256873.95,73.01364905341548,3,False,42.62877442273534,0,MAIN
sh.600698,2025-06-05,7.52,6.84,9.941520467836252,13.6572,842695057.56,61.70335482822247,1,True,16.92307692307693,0,MAIN
sh.600698,2025-06-23,7.11,6.46,10.061919504643967,8.0488,464283103.49,57.68351847356128,1,True,-18.74213836477988,0,MAIN
sh.600698,2025-06-25,7.92,7.2,9.999999999999986,17.3902,1104431971.54,63.508871176869725,1,True,1.1235955056179803,0,MAIN
sh.600698,2025-06-26,8.71,7.92,9.974747474747492,24.5594,1739988761.66,70.84817876902531,2,False,9.241379310344833,0,MAIN
sh.600698,2025-06-30,9.1,8.27,10.036275695284155,18.3983,1342252980.14,72.95527196208346,1,True,18.31187410586552,0,MAIN
sh.600699,2025-05-16,18.59,16.9,10.000000000000009,4.851,1210931830.35,249.62519693877553,1,True,9.882964889466827,0,MAIN
sh.600706,2025-06-10,10.84,9.85,10.050761421319798,12.5757,342673398.02,27.248852789109154,1,True,7.5327510917030605,0,MAIN
sh.600706,2025-06-11,11.92,10.84,9.963099630996307,2.8533,86400451.2,30.280885711281677,2,False,18.211559432933488,0,MAIN
sh.600706,2025-06-26,10.54,9.58,10.020876826722326,17.8941,454264157.35,25.386253421518823,1,True,4.130434782608705,0,MAIN
sh.600714,2025-06-13,12.03,10.94,9.963436928702007,7.5388,253172609.18,33.58261383509312,1,True,0.9225092250922495,0,MAIN
sh.600714,2025-06-16,13.23,12.03,9.975062344139651,24.3076,905971963.54,37.271140036038105,2,False,11.906976744186037,0,MAIN
sh.600714,2025-06-19,14.3,13.0,10.000000000000009,23.5917,929469945.52,39.398175863545234,1,True,18.82998171846435,0,MAIN
sh.600722,2025-06-13,5.76,5.24,9.923664122137389,6.2731,244252119.12,38.93643001386874,1,True,-0.5692599620493288,0,MAIN
sh.600722,2025-06-16,6.34,5.76,10.069444444444445,1.0728,46270727.48,43.130804884414616,2,False,10.344827586206895,0,MAIN
sh.600722,2025-06-17,6.97,6.34,9.936908517350162,14.6783,693238442.71,47.228796434873246,3,False,20.532319391634978,0,MAIN
sh.600722,2025-06-18,7.67,6.97,10.04304160688665,6.5235,340397529.94,52.18019927033034,4,False,31.01503759398494,0,MAIN
sh.600734,2025-06-26,4.29,3.9,10.000000000000009,10.3817,925069649.07,89.10579664891105,1,True,-1.2658227848101333,0,MAIN
sh.600735,2025-05-06,6.26,5.69,10.017574692442864,4.0781,105739769.0,25.92868468159192,2,False,1.6071428571428736,0,MAIN
sh.600735,2025-05-14,7.26,6.6,10.000000000000009,15.6439,466148991.5,29.797492409181853,1,True,36.929460580912846,0,MAIN
sh.600735,2025-05-15,7.99,7.26,10.05509641873279,22.4583,726516894.04,32.349594316577836,2,False,45.490981963927844,0,MAIN
sh.600735,2025-06-06,9.26,8.42,9.976247030878849,12.5233,474687019.14,37.90430790127203,1,True,39.40397350993376,0,MAIN
sh.600743,2025-05-19,1.99,1.81,9.944751381215466,2.2753,104309385.6,45.844233991122046,1,True,7.100591715976345,0,MAIN
sh.600743,2025-05-30,2.16,1.96,10.204081632653072,4.0497,203154495.7,50.165319826159966,1,True,14.619883040935665,0,MAIN
sh.600743,2025-06-27,2.31,2.1,10.000000000000009,2.3546,124438369.47,52.849048445595855,1,True,10.526315789473696,0,MAIN
sh.600744,2025-05-06,4.86,4.42,9.954751131221728,15.7176,1476320440.47,93.92785415521456,1,True,30.76923076923077,0,MAIN
sh.600751,2025-06-10,3.7,3.36,10.119047619047628,10.3872,935029872.26,90.01750926717499,1,True,20.430107526881724,0,MAIN
sh.600753,2025-05-06,4.89,4.66,4.935622317596566,5.587,61029987.32,10.923570309647396,1,True,-18.10193321616872,1,MAIN
sh.600753,2025-05-07,5.13,4.89,4.907975460122693,2.672,31053417.9,11.621788136227543,2,False,-13.756613756613756,1,MAIN
sh.600753,2025-05-09,5.54,5.28,4.924242424242431,0.9647,12309087.78,12.759498061573545,1,True,4.142011834319526,1,MAIN
sh.600753,2025-05-12,5.82,5.54,5.054151624548742,3.6315,47816047.63,13.167023992840425,2,False,14.937759336099576,1,MAIN
sh.600753,2025-05-13,6.11,5.82,4.982817869415812,3.8262,53718931.82,14.039760550938269,3,False,15.476190476190489,1,MAIN
sh.600753,2025-05-26,6.18,5.89,4.923599320882843,0.7356,10442310.92,14.195637466014137,1,True,2.9720279720279796,1,MAIN
sh.600753,2025-05-27,6.49,6.18,5.016181229773475,1.6136,24002420.23,14.875074510411507,2,False,16.603773584905657,1,MAIN
sh.600753,2025-05-28,6.81,6.49,4.930662557781185,2.6257,40865164.47,15.563531427809725,3,False,21.992481203007518,1,MAIN
sh.600753,2025-06-03,6.95,6.62,4.98489425981874,2.7686,44002401.15,15.893376128729319,1,True,35.10204081632653,1,MAIN
sh.600753,2025-06-06,7.38,7.03,4.97866287339972,3.0664,51431332.0,16.772545003913386,1,True,37.037037037037045,1,MAIN
sh.600756,2025-05-26,15.38,13.98,10.014306151645204,11.1572,547686771.41,49.08819160810956,1,True,-3.319502074688796,0,MAIN
sh.600759,2025-06-13,2.43,2.21,9.954751131221728,13.7292,1369140949.17,99.72474355170004,1,True,3.2710280373831724,0,MAIN
sh.600759,2025-06-16,2.67,2.43,9.876543209876544,20.1951,2190157655.38,108.44995347287214,2,False,15.165876777251208,0,MAIN
sh.600770,2025-05-14,4.51,4.1,10.000000000000009,0.7434,43586565.77,58.631377145547496,1,True,5.398457583547556,0,MAIN
sh.600770,2025-05-15,4.96,4.51,9.977827050997789,0.7179,46292672.0,64.48345452012815,2,False,13.31658291457285,0,MAIN
sh.600770,2025-05-19,5.67,5.15,10.097087378640769,1.2136,89456168.34,73.71141095912986,1,True,26.847290640394107,0,MAIN
sh.600770,2025-05-20,6.24,5.67,10.052910052910068,0.5413,43907142.24,81.11424762608534,2,False,42.82115869017631,0,MAIN
sh.600770,2025-05-21,6.86,6.24,9.935897435897443,0.6099,54387157.02,89.1738924741761,3,False,57.17884130982367,0,MAIN
sh.600773,2025-06-20,9.97,9.06,10.044150110375272,4.372,398283727.68,91.09874832570905,1,True,0.22123893805310324,0,MAIN
sh.600774,2025-05-06,9.88,8.98,10.022271714922049,16.4646,445745041.97,27.072934779466248,3,False,13.240857503152604,0,MAIN
sh.600775,2025-05-06,10.02,9.11,9.989023051591662,4.2694,275331516.67,64.48951062678597,1,True,-8.717434869739494,0,MAIN
sh.600775,2025-06-17,10.65,9.68,10.0206611570248,4.8227,345017788.55,71.54037956953574,1,True,-1.9250253292806385,0,MAIN
sh.600792,2025-06-13,3.69,3.35,10.149253731343276,3.433,131648453.7,38.34793291581707,1,True,3.7151702786377694,0,MAIN
sh.600792,2025-06-16,4.06,3.69,10.027100271002707,1.33,57229004.84,43.029326947368425,2,False,11.144578313253017,0,MAIN
sh.600793,2025-05-19,25.2,22.91,9.995635093845468,7.9782,342916262.8,42.98165786768946,1,True,31.818181818181834,0,MAIN
sh.600793,2025-05-20,27.72,25.2,10.000000000000009,13.3012,636093931.76,47.8222966168466,2,False,49.466192170818516,0,MAIN
sh.600793,2025-05-21,30.49,27.72,9.992784992784998,18.9002,999387704.47,52.8770967751664,3,False,55.294117647058805,0,MAIN
sh.600793,2025-05-22,33.54,30.49,10.003279763856998,18.3914,1005035094.52,54.647014067444566,4,False,59.38316779926816,0,MAIN
sh.600793,2025-05-26,37.16,33.78,10.005920663114251,10.8197,703991382.76,65.06570263131141,1,True,69.06906906906907,0,MAIN
sh.600794,2025-05-14,4.63,4.21,9.976247030878849,20.1341,1063330127.44,52.81239923512847,1,True,14.713896457765664,0,MAIN
sh.600794,2025-06-03,4.87,4.43,9.932279909706557,7.8743,450392272.0,57.197753705091245,1,True,3.9906103286384997,0,MAIN
sh.600794,2025-06-20,4.76,4.33,9.930715935334876,16.9333,939783521.59,55.49913611581913,1,True,-1.5909090909090984,0,MAIN
sh.600794,2025-06-23,5.24,4.76,10.084033613445389,25.2053,1540317099.9,61.110841763438636,2,False,13.33333333333333,0,MAIN
sh.600798,2025-05-13,3.36,3.05,10.163934426229517,3.2132,130261262.88,40.539419544379435,1,True,1.3289036544850585,0,MAIN
sh.600798,2025-05-14,3.7,3.36,10.119047619047628,2.015,89954174.3,44.64227012406947,2,False,1.5105740181268867,0,MAIN
sh.600798,2025-05-15,4.07,3.7,10.000000000000009,1.5182,74554496.06,49.10716378606245,3,False,8.823529411764719,0,MAIN
sh.600798,2025-05-16,4.48,4.07,10.073710073710076,14.687,793875013.12,54.05290482195139,4,False,22.590361445783145,0,MAIN
sh.600798,2025-05-19,4.93,4.48,10.044642857142838,14.6398,842148676.59,57.52460256219347,5,False,44.98381877022655,0,MAIN
sh.600798,2025-06-10,4.16,3.78,10.052910052910068,16.7426,804467683.62,48.04914909392807,1,True,27.27272727272725,0,MAIN
sh.600798,2025-06-20,4.36,3.96,10.1010101010101,14.1646,726235737.64,51.271178687714446,1,True,-10.000000000000009,0,MAIN
sh.600798,2025-06-23,4.8,4.36,10.091743119266038,1.275,73837416.0,57.91169882352941,2,False,4.057279236276856,0,MAIN
sh.600800,2025-05-06,3.4,3.09,10.032362459546928,2.3845,88918231.8,37.290095114279715,1,True,0.9803921568627416,0,MAIN
sh.600800,2025-05-14,4.0,3.64,9.890109890109876,16.8366,734510596.19,43.62582684092988,1,True,40.54054054054055,0,MAIN
sh.600800,2025-06-06,4.36,3.96,10.1010101010101,13.0863,615798250.54,47.056712022496804,1,True,9.392265193370154,0,MAIN
sh.600800,2025-06-23,4.09,3.72,9.946236559139775,2.3325,103032355.56,44.17249970418007,1,True,-1.5873015873015817,0,MAIN
sh.600805,2025-05-23,5.41,4.92,9.959349593495936,5.5405,254522719.78,45.938583120656986,1,True,15.222482435597207,0,MAIN
sh.600805,2025-05-28,5.34,4.85,10.103092783505163,8.3402,371881035.78,44.588982971631374,1,True,11.751152073732719,0,MAIN
sh.600807,2025-05-20,3.29,2.99,10.033444816053503,4.3188,110227892.29,25.522805476058164,1,True,18.650793650793652,0,MAIN
sh.600816,2025-06-25,2.97,2.7,10.000000000000009,5.134,815474926.48,158.83812358395014,1,True,1.5037593984962516,0,MAIN
sh.600824,2025-05-07,4.61,4.19,10.023866348448696,11.4163,541550356.36,47.4365912213239,1,True,1.6990291262136026,0,MAIN
sh.600828,2025-05-21,4.63,4.21,9.976247030878849,5.1563,389571517.09,75.5525312898784,1,True,15.659340659340648,0,MAIN
sh.600830,2025-06-03,9.5,8.64,9.9537037037037,10.4797,441605560.5,42.13914143534644,1,True,0.46511627906977715,0,MAIN
sh.600831,2025-06-17,3.77,3.59,5.013927576601684,2.3784,63007679.1,26.4916242431887,1,True,22.945205479452046,1,MAIN
sh.600831,2025-06-23,3.77,3.59,5.013927576601684,1.5197,39840745.65,26.21619112324801,1,True,19.666666666666654,1,MAIN
sh.600831,2025-06-24,3.96,3.77,5.039787798408479,2.6596,73970519.82,27.812648450894866,2,False,28.668941979522188,1,MAIN
sh.600834,2025-05-29,8.93,8.12,9.975369458128093,1.8922,80664556.05,42.630037020399534,1,True,0.3708281829418958,0,MAIN
sh.600834,2025-06-30,9.3,8.45,10.059171597633142,6.9832,306702239.64,43.92001369572688,1,True,-5.3751399776035935,0,MAIN
sh.600844,2025-05-07,3.21,2.92,9.931506849315074,8.1793,211728106.0,25.885846710598706,1,True,-1.683501683501687,0,MAIN
sh.600844,2025-06-06,3.36,3.05,10.163934426229517,6.747,183234466.88,27.15791713057655,1,True,-4.984423676012462,0,MAIN
sh.600844,2025-06-23,3.6,3.27,10.09174311926606,9.6152,282765831.2,29.408211082452784,1,True,3.809523809523818,0,MAIN
sh.600855,2025-05-07,12.07,10.97,10.027347310847755,4.4243,245858153.03,55.569955253938474,1,True,1.4801110083256352,0,MAIN
sh.600855,2025-05-08,13.28,12.07,10.02485501242749,5.3473,332079812.8,62.1023344117592,2,False,11.655874190564287,0,MAIN
sh.600858,2025-06-23,5.67,5.15,10.097087378640769,6.8435,193633447.19,28.294505324760724,1,True,-3.917910447761197,0,MAIN
sh.600858,2025-06-25,5.94,5.4,10.000000000000009,12.3694,372162265.77,30.087333724352025,1,True,1.8867924528301883,0,MAIN
sh.600858,2025-06-26,6.53,5.94,9.932659932659927,18.7238,594394024.18,31.745373491492103,2,False,10.820895522388053,0,MAIN
sh.600869,2025-05-29,5.24,4.76,10.084033613445389,4.209,479796672.32,113.99303215015443,1,True,0.8474576271186418,0,MAIN
sh.600871,2025-06-13,2.09,1.9,9.999999999999986,3.5356,968655125.41,273.9719214305917,1,True,0.5291005291005346,0,MAIN
sh.600876,2025-06-20,11.03,10.03,9.970089730807574,2.9217,126296609.68,43.22709712838416,1,True,3.402061855670113,0,MAIN
sh.600881,2025-05-19,1.79,1.63,9.81595092024541,7.3747,416658844.92,56.49841280594465,1,True,0.0,0,MAIN
sh.600881,2025-05-20,1.97,1.79,10.05586592178771,7.3391,456143969.86,62.152575909852715,2,False,11.180124223602483,0,MAIN
sh.600881,2025-06-09,1.93,1.75,10.285714285714276,7.2088,433540824.2,60.140498307624014,1,True,4.790419161676662,0,MAIN
sh.600883,2025-05-15,8.12,7.38,10.027100271002707,6.868,128159350.01,18.660359640361094,1,True,5.882352941176472,0,MAIN
sh.600892,2025-05-07,2.64,2.51,5.179282868525914,6.1863,89238158.0,14.425126165882675,1,True,-22.049689440993802,1,MAIN
sh.600892,2025-05-15,2.92,2.78,5.035971223021596,4.5367,73864504.0,16.281549143650672,1,True,-8.852459016393443,1,MAIN
sh.600892,2025-05-19,3.03,2.89,4.844290657439432,4.2917,72663269.0,16.93111564182026,1,True,-6.472491909385103,1,MAIN
sh.600892,2025-06-05,3.65,3.48,4.885057471264376,4.5837,91173296.0,19.890764229770706,1,True,38.64541832669324,1,MAIN
sh.600927,2025-06-09,14.81,13.46,10.029717682020788,1.0806,229617225.48,212.49049183786786,1,True,9.87755102040817,0,MAIN
sh.600939,2025-06-04,3.19,2.9,10.000000000000009,2.6686,156112736.79,58.49986389492618,1,True,-2.3569023569023684,0,MAIN
sh.600939,2025-06-06,3.67,3.34,9.880239520958089,6.7246,455974501.1,67.80693291794307,1,True,11.705685618729088,0,MAIN
sh.600955,2025-06-23,13.99,12.72,9.984276729559747,1.8846,141346391.74,75.00073848031413,1,True,-3.2699619771863087,0,MAIN
sh.600960,2025-06-17,5.05,4.59,10.02178649237473,0.2731,13106770.0,47.992566825338706,1,True,10.07194244604317,0,MAIN
sh.600960,2025-06-26,4.63,4.21,9.976247030878849,2.556,111014634.5,43.432955594679186,1,True,-1.1737089201877882,0,MAIN
sh.600960,2025-06-27,5.09,4.63,9.935205183585303,1.2568,60805990.03,48.381596140993004,2,False,7.6744186046511675,0,MAIN
sh.600961,2025-06-27,11.28,10.25,10.048780487804866,6.8489,569325324.06,83.1265347807677,1,True,2.3976023976024052,0,MAIN
sh.600967,2025-06-27,17.59,15.99,10.00625390869294,12.2111,3524261760.82,288.61132582813997,1,True,29.68369829683699,0,MAIN
sh.600967,2025-06-30,19.35,17.59,10.00568504832291,11.8698,3793187861.46,319.56628262144267,2,False,43.474714518760194,0,MAIN
sh.600980,2025-06-09,18.8,17.09,10.00585137507315,8.2878,268164642.91,32.35655335674123,1,True,2.7660853878532787,0,MAIN
sh.600980,2025-06-10,20.68,18.8,9.999999999999986,1.2593,45751398.0,36.33081712062257,2,False,13.939393939393941,0,MAIN
sh.600980,2025-06-11,22.75,20.68,10.009671179883938,9.8005,391180647.74,39.91435617978675,3,False,23.684210526315795,0,MAIN
sh.600980,2025-06-12,25.03,22.75,10.021978021978018,1.1989,52719562.65,43.97327771290349,4,False,38.55054811205845,0,MAIN
sh.600980,2025-06-13,27.53,25.03,9.988014382740706,1.7424,84267155.13,48.36269233815427,5,False,51.973284760170024,0,MAIN
sh.600986,2025-05-20,8.98,8.16,10.049019607843146,10.2834,1322796450.24,128.63415312445298,1,True,11.627906976744185,0,MAIN
sh.600990,2025-05-08,22.21,20.19,10.004952947003453,7.2045,412629047.52,57.27379381220071,1,True,-0.9808729769494762,0,MAIN
sh.600990,2025-05-22,22.73,20.66,10.019361084220725,5.074,299580681.95,59.042310199054,1,True,11.194833153928974,0,MAIN
sh.600990,2025-05-27,25.63,23.3,9.999999999999986,12.4219,818685310.82,65.90660936088682,1,True,21.67101827676241,0,MAIN
sh.600990,2025-05-29,29.1,26.45,10.018903591682427,17.4149,1285896602.79,73.83887376843967,1,True,41.8230563002681,0,MAIN
sh.600990,2025-06-30,28.04,25.49,10.003923107100832,8.3048,599921991.38,72.23798181533571,1,True,-12.405498281786953,0,MAIN
sh.600992,2025-06-18,14.88,13.53,9.977827050997789,9.0349,319485385.88,35.361253127317404,1,True,-6.4315352697095545,0,MAIN
sh.601007,2025-06-05,8.39,7.63,9.960681520314552,9.9796,321794011.72,32.24518134193756,1,True,9.000000000000007,0,MAIN
sh.601008,2025-05-13,5.59,5.08,10.039370078740165,16.9785,1144934730.37,67.4343864516889,1,True,-10.405643738977066,0,MAIN
sh.601008,2025-05-14,6.15,5.59,10.017889087656528,16.3004,1220213351.6,74.85787781894922,2,False,-10.416666666666675,0,MAIN
sh.601008,2025-05-15,6.77,6.15,10.08130081300811,8.7418,728868936.81,83.37744363975382,3,False,-10.349854227405242,0,MAIN
sh.601008,2025-05-16,7.45,6.77,10.044313146233396,28.2131,2452036295.76,86.91126801946614,4,False,2.73141122913505,0,MAIN
sh.601008,2025-05-19,8.2,7.45,10.067114093959727,15.8762,1576472961.37,99.29787741210112,5,False,25.632377740303557,0,MAIN
sh.601008,2025-06-10,7.6,6.91,9.985528219971052,18.0949,1628524437.45,89.99908468408226,1,True,36.023622047244096,0,MAIN
sh.601008,2025-06-23,7.22,6.56,10.060975609756095,11.4467,1010686071.86,88.29497338621613,1,True,-11.709286675639296,0,MAIN
sh.601018,2025-05-19,4.06,3.69,10.027100271002707,1.6012,1004334314.3,627.238517549338,1,True,2.499999999999991,0,MAIN
sh.601022,2025-05-13,9.19,8.35,10.059880239520956,34.5525,769039984.76,22.257144483322477,1,True,5.964467005076135,0,MAIN
sh.601022,2025-05-14,10.11,9.19,10.010881392818272,24.7288,611118867.77,24.712839594723558,2,False,14.874999999999993,0,MAIN
sh.601022,2025-05-15,11.12,10.11,9.990108803165176,2.7859,77024904.0,27.648122330306187,3,False,23.44322344322345,0,MAIN
sh.601022,2025-05-16,12.23,11.12,9.982014388489224,67.7254,2040476268.95,30.128670616194224,4,False,38.48069738480697,0,MAIN
sh.601022,2025-06-10,10.65,9.68,10.0206611570248,35.0067,885075348.7,25.283027211933717,1,True,21.45545796737767,0,MAIN
sh.601022,2025-06-23,10.42,9.47,10.03167898627244,11.3377,293614313.12,25.89716724908932,1,True,-4.439959636730572,0,MAIN
sh.601059,2025-06-09,16.04,14.58,10.013717421124824,20.7882,2278353585.86,109.59840610827297,1,True,-3.6351619299405225,0,MAIN
sh.601069,2025-05-21,18.04,16.4,10.000000000000009,6.7305,788412198.71,117.14021227397667,1,True,-8.635097493036215,0,MAIN
sh.601069,2025-06-03,19.64,17.85,10.028011204481778,5.4282,711258401.8,131.03024976972108,1,True,8.974358974358987,0,MAIN
sh.601069,2025-06-13,21.43,19.48,10.01026694045175,7.222,1053513174.42,145.87554339795068,1,True,22.13166144200627,0,MAIN
sh.601083,2025-05-14,12.99,11.81,9.991532599491949,40.8865,999068122.78,24.435158861237817,1,True,7.168784029038111,0,MAIN
sh.601083,2025-05-15,14.29,12.99,10.007698229407236,56.4095,1547751337.38,27.43777798739574,2,False,21.175373134328357,0,MAIN
sh.601086,2025-05-07,11.48,10.44,9.961685823754806,12.7704,937068565.94,73.37816872924888,1,True,119.32773109243699,0,MAIN
sh.601086,2025-05-14,12.96,11.78,10.016977928692716,16.0822,1326006426.27,82.45180549116415,1,True,53.585397653194256,0,MAIN
sh.601086,2025-05-28,14.34,13.04,9.969325153374232,11.3317,1041488132.27,91.90925741680418,1,True,-6.321839080459779,0,MAIN
sh.601086,2025-05-29,15.77,14.34,9.97210599721059,18.5954,1897706257.83,102.0524569425772,2,False,14.445331205107736,0,MAIN
sh.601086,2025-06-04,14.96,13.6,10.000000000000009,12.3279,1157367309.08,93.88195143373972,1,True,35.593220338983066,0,MAIN
sh.601089,2025-06-18,18.76,17.05,10.029325513196486,6.9895,261612640.77,37.4293784634094,1,True,5.507425742574257,0,MAIN
sh.601121,2025-06-20,6.28,5.71,9.982486865148864,11.9233,279980124.13,23.48176462304899,1,True,-4.194630872483218,0,MAIN
sh.601127,2025-05-23,145.87,132.61,9.999245909056633,4.9718,10675789482.46,2147.268490779999,1,True,1.5390505359877737,0,MAIN
sh.601133,2025-06-25,12.61,11.46,10.034904013961588,26.0725,478864471.46,18.366649590948313,1,True,2.872531418312385,0,MAIN
sh.601162,2025-06-25,4.5,4.09,10.02444987775062,12.024,4529019076.9,376.6649265552229,1,True,4.336734693877542,0,MAIN
sh.601177,2025-06-24,17.68,16.07,10.018668326073431,7.2277,497513627.0,68.83429403544697,1,True,-11.46005509641872,0,MAIN
sh.601212,2025-06-06,3.19,2.9,10.000000000000009,3.2525,760807245.77,233.91460285011533,1,True,2.8368794326241176,0,MAIN
sh.601218,2025-06-30,4.11,3.74,9.89304812834224,4.2393,166245333.01,39.215279175807325,1,True,1.6304347826086918,0,MAIN
sh.601236,2025-05-14,8.35,7.59,10.013175230566528,2.3853,913029007.19,382.7732390852304,1,True,2.429149797570851,0,MAIN
sh.601279,2025-06-11,3.96,3.6,9.999999999999986,1.0974,68708204.04,62.6099909240022,1,True,-1.098901098901095,0,MAIN
sh.601279,2025-06-12,4.36,3.96,10.1010101010101,0.5546,38348380.0,69.14601514605121,2,False,4.485488126649084,0,MAIN
sh.601279,2025-06-13,4.8,4.36,10.091743119266038,1.0293,78345921.6,76.11573069076069,3,False,17.83783783783783,0,MAIN
sh.601319,2025-05-14,8.24,7.49,10.01335113484647,0.6928,1969211027.23,2842.3946697892607,1,True,12.631578947368416,0,MAIN
sh.601519,2025-06-25,10.53,9.57,10.03134796238243,11.62,2341013793.41,201.4641818769363,1,True,6.333333333333346,0,MAIN
sh.601579,2025-05-21,18.72,17.02,9.9882491186839,5.6715,494605600.13,87.20895708895354,1,True,32.96874999999999,0,MAIN
sh.601579,2025-05-26,21.33,19.39,10.005157297576051,3.0152,302936007.94,100.46962322234015,1,True,48.01526717557252,0,MAIN
sh.601579,2025-05-27,23.46,21.33,9.985935302391002,3.2386,361697594.86,111.68331836596062,2,False,64.3297380585516,0,MAIN
sh.601579,2025-05-28,25.81,23.46,10.017050298380203,12.0063,1465495337.16,122.06052965193275,3,False,76.78975131876413,0,MAIN
sh.601606,2025-06-18,15.17,13.79,10.00725163161713,8.3283,894497410.14,107.40456157198946,1,True,1.846381093057614,0,MAIN
sh.601606,2025-06-19,16.69,15.17,10.019775873434412,18.7906,2192469753.82,116.67907112173107,2,False,12.956068503350714,0,MAIN
sh.601606,2025-06-20,18.36,16.69,10.005991611743536,15.5161,1995074795.53,128.5809446658632,3,False,24.64525765496639,0,MAIN
sh.601606,2025-06-23,20.2,18.36,10.02178649237473,9.2304,1317730182.22,142.75981346637198,4,False,31.330472103004283,0,MAIN
sh.601606,2025-06-25,22.32,20.29,10.004928536224744,17.2705,2721773063.42,157.596656924814,1,True,47.13560551124003,0,MAIN
sh.601606,2025-06-26,24.55,22.32,9.991039426523308,7.5366,1319299455.8,175.0523386938407,2,False,63.39677891654465,0,MAIN
sh.601606,2025-06-30,29.05,26.41,9.996213555471424,12.4665,2563654864.54,205.64351378013077,1,True,96.5029761904762,0,MAIN
sh.601700,2025-06-04,4.77,4.34,9.907834101382472,2.4091,128579495.29,53.372419281059315,1,True,4.8309178743961345,0,MAIN
sh.601718,2025-06-13,2.98,2.71,9.963099630996307,5.1149,650250822.32,127.128745883595,1,True,-0.73260073260073,0,MAIN
sh.601718,2025-06-17,3.15,2.86,10.139860139860147,8.389,1122540762.51,133.81103379544643,1,True,4.761904761904767,0,MAIN
sh.601718,2025-06-27,3.56,3.24,9.876543209876544,7.4388,1112945469.41,149.6135760351132,1,True,19.55719557195572,0,MAIN
sh.601718,2025-06-30,3.92,3.56,10.1123595505618,0.8128,139917967.28,172.14316840551183,2,False,29.92700729927007,0,MAIN
sh.601789,2025-06-06,5.87,5.34,9.925093632958816,21.5899,1348805259.0,62.47390024965377,1,True,-2.197802197802201,0,MAIN
sh.601825,2025-06-03,9.86,8.96,10.044642857142838,1.4839,1350636461.34,910.1937201563447,1,True,2.2831050228310668,0,MAIN
sh.601858,2025-05-26,20.3,18.45,10.027100271002707,1.0433,167419702.8,160.47129569634816,1,True,-2.535657686212367,0,MAIN
sh.601866,2025-05-14,2.61,2.37,10.126582278481,3.451,854813910.5,247.70035076789338,1,True,3.947368421052655,0,MAIN
sh.601866,2025-05-15,2.87,2.61,9.961685823754806,7.9472,2232001535.67,280.85382721839136,2,False,14.977973568281922,0,MAIN
sh.601886,2025-06-30,6.15,5.59,10.017889087656528,5.2464,355560176.35,67.77222025579445,1,True,-0.17857142857142794,0,MAIN
sh.601908,2025-05-06,2.62,2.38,10.084033613445389,3.8026,236503125.54,62.19511006679641,1,True,-9.505703422053235,0,MAIN
sh.601908,2025-05-07,2.88,2.62,9.923664122137389,6.4344,433488635.05,67.37048288107671,2,False,-1.1320754716981019,0,MAIN
sh.601908,2025-05-13,3.15,2.86,10.139860139860147,4.4055,323235944.54,73.37100091703553,1,True,17.695473251028805,0,MAIN
sh.601908,2025-05-15,3.63,3.3,10.000000000000009,12.1389,1016343090.57,83.7261276202951,1,True,33.06451612903225,0,MAIN
sh.601908,2025-05-16,3.99,3.63,9.917355371900838,11.8455,1099432681.57,92.81437521168377,2,False,44.047619047619044,0,MAIN
sh.601908,2025-06-20,3.3,3.0,9.999999999999986,6.6666,523671464.0,78.55150511505114,1,True,-9.909909909909908,0,MAIN
sh.601956,2025-05-22,6.91,6.28,10.031847133757951,9.5833,400116582.99,41.751440838750746,1,True,21.235521235521237,0,MAIN
sh.601956,2025-05-27,7.91,7.19,10.01390820584145,20.0821,932279833.18,46.42342350550988,1,True,27.935943060498225,0,MAIN
sh.601956,2025-06-09,7.38,6.71,9.985096870342767,5.6023,251736224.54,44.93444202202667,1,True,0.2989536621823552,0,MAIN
sh.601975,2025-06-17,3.06,2.78,10.07194244604317,11.4052,1620981761.34,142.12655291796725,1,True,0.3610108303248927,0,MAIN
sh.603004,2025-05-23,22.31,20.28,10.009861932938849,18.3747,233376412.71,12.700964516971707,1,True,8.217716115261497,0,MAIN
sh.603006,2025-05-28,13.57,12.34,9.967585089141018,5.0162,171073186.36,34.1041398588573,1,True,10.178571428571438,0,MAIN
sh.603006,2025-05-29,14.93,13.57,10.022107590272666,11.1624,406973158.0,36.45928814591844,2,False,22.694394213381553,0,MAIN
sh.603007,2025-05-06,4.62,4.4,5.000000000000004,0.9772,22562371.14,23.088795681539093,1,True,-16.349809885931542,1,MAIN
sh.603007,2025-05-08,5.02,4.78,5.020920502092041,2.3819,58162355.17,24.418470620093203,1,True,-4.016064257028118,1,MAIN
sh.603007,2025-05-09,5.27,5.02,4.980079681274896,0.9831,25681653.02,26.123133984335265,2,False,6.1310782241014605,1,MAIN
sh.603007,2025-05-12,5.53,5.27,4.933586337760931,4.2971,118263677.54,27.521741998091734,3,False,17.371937639198197,1,MAIN
sh.603007,2025-05-19,5.2,4.95,5.050505050505061,1.4412,36966194.15,25.649593498473493,1,True,4.430379746835444,1,MAIN
sh.603007,2025-05-23,5.43,5.17,5.029013539651839,4.0976,109922497.32,26.82606826434986,1,True,10.706638115631684,1,MAIN
sh.603007,2025-05-26,5.7,5.43,4.972375690607733,4.7028,131364777.54,27.933311546312837,2,False,15.531914893617005,1,MAIN
sh.603007,2025-05-27,5.99,5.7,5.087719298245608,0.9488,28132758.39,29.65088363195616,3,False,19.999999999999996,1,MAIN
sh.603007,2025-06-06,5.8,5.52,5.072463768115942,0.9942,28814240.8,28.982338362502517,1,True,15.481171548117146,1,MAIN
sh.603007,2025-06-23,5.25,5.0,5.000000000000004,1.8454,47750357.68,25.87534284166035,1,True,-3.2882011605415817,1,MAIN
sh.603009,2025-05-23,47.19,42.9,10.000000000000009,12.5641,1973287976.51,157.05764650949928,1,True,2.2158684774839177,0,MAIN
sh.603011,2025-05-06,10.78,9.8,9.999999999999986,4.2788,227608052.0,53.19436571001214,1,True,-30.19943019943019,0,MAIN
sh.603011,2025-05-26,15.03,13.66,10.029282576866748,24.6959,1731776992.46,70.12406887216098,1,True,36.60000000000001,0,MAIN
sh.603011,2025-05-28,17.81,16.19,10.00617665225445,31.5886,2657549014.17,84.13000304445275,1,True,63.700707785642074,0,MAIN
sh.603011,2025-05-29,19.59,17.81,9.994385176866928,16.9574,1608939889.32,94.88128423697029,2,False,82.29273285568064,0,MAIN
sh.603011,2025-06-09,18.7,17.0,9.999999999999986,19.9423,1787214579.72,89.61928061056149,1,True,49.77973568281939,0,MAIN
sh.603014,2025-05-19,41.41,26.5,56.26415094339621,69.7099,1150187686.48,16.49963185257761,1,True,,0,MAIN
sh.603015,2025-06-12,13.32,12.11,9.991742361684564,11.2739,596882625.0,52.94375726234932,1,True,-5.685358255451711,0,MAIN
sh.603016,2025-05-19,31.66,28.78,10.006949270326617,3.1598,143344760.0,45.365137033989484,1,True,10.69230769230769,0,MAIN
sh.603017,2025-05-21,9.85,8.95,10.05586592178771,10.5343,273568875.52,25.969345425894456,1,True,11.596009975062337,0,MAIN
sh.603017,2025-05-30,9.81,8.92,9.977578475336337,13.0371,347150506.37,26.627893194805587,1,True,12.060301507537696,0,MAIN
sh.603017,2025-06-03,10.79,9.81,9.989806320081527,23.5689,692770933.66,29.39343514801285,2,False,19.926650366748166,0,MAIN
sh.603017,2025-06-04,11.87,10.79,10.00926784059315,8.8372,273679854.6,30.969068777440825,3,False,31.585365853658544,0,MAIN
sh.603017,2025-06-06,12.41,11.28,10.017730496453916,29.526,1000014379.25,33.868941924066924,1,True,34.12604042806182,0,MAIN
sh.603019,2025-06-10,68.09,61.9,10.000000000000009,0.4607,457538993.89,993.1386887128282,1,True,-3.867060102500386,0,MAIN
sh.603021,2025-05-07,3.22,3.07,4.885993485342022,6.774,67978191.54,10.0351626129318,1,True,-19.21052631578948,1,MAIN
sh.603021,2025-05-12,3.6,3.43,4.956268221574334,6.234,69375939.98,11.128639714469042,1,True,0.5865102639296182,1,MAIN
sh.603021,2025-05-19,3.63,3.46,4.9132947976878505,3.2153,37102581.0,11.539383883307934,1,True,-9.895833333333325,1,MAIN
sh.603021,2025-06-11,4.04,3.85,4.935064935064926,3.5821,45230419.0,12.626788476033612,1,True,6.944444444444442,1,MAIN
sh.603022,2025-06-20,9.33,8.48,10.023584905660377,3.4365,63037249.0,18.34344507493089,1,True,-4.611923509561311,0,MAIN
sh.603022,2025-06-23,10.26,9.33,9.967845659163975,2.6786,54964605.24,20.519900410662288,2,False,6.385404789053606,0,MAIN
sh.603022,2025-06-24,11.29,10.26,10.038986354775826,3.9276,88685851.53,22.580163848151546,3,False,18.20276497695852,0,MAIN
sh.603022,2025-06-25,12.42,11.29,10.008857395925608,2.168,53852300.28,24.839621900369,4,False,28.73432155074116,0,MAIN
sh.603022,2025-06-26,13.66,12.42,9.98389694041868,1.4337,39169367.0,27.32047638976076,5,False,39.550561797752806,0,MAIN
sh.603023,2025-05-06,3.62,3.45,4.9275362318840665,2.7732,55483818.28,20.007146357997982,2,False,10.576923076923084,1,MAIN
sh.603023,2025-06-04,4.05,3.68,10.05434782608694,9.6732,209980804.03,21.707480878096185,1,True,6.666666666666665,0,MAIN
sh.603028,2025-05-06,7.15,6.5,10.000000000000009,9.5776,187961681.5,19.625133801787506,1,True,3.6682615629984205,0,MAIN
sh.603028,2025-05-12,7.57,6.88,10.029069767441868,8.4911,177999451.9,20.96306154679606,1,True,25.090909090909097,0,MAIN
sh.603030,2025-05-06,2.9,2.64,9.84848484848484,4.6694,178327670.0,38.19070330235147,3,False,6.882591093117396,0,MAIN
sh.603030,2025-05-07,3.19,2.9,10.000000000000009,14.0744,590700537.35,41.9698557203149,4,False,17.40890688259109,0,MAIN
sh.603030,2025-05-29,2.76,2.51,9.960159362549792,10.4068,369731153.19,35.52784267882538,1,True,12.05357142857142,0,MAIN
sh.603032,2025-06-06,14.58,13.25,10.037735849056606,3.891,129868014.4,33.376513595476744,1,True,-0.9715994020926821,0,MAIN
sh.603032,2025-06-09,16.04,14.58,10.013717421124824,3.8801,141784843.36,36.54154360970078,2,False,6.501095690284875,0,MAIN
sh.603032,2025-06-10,17.64,16.04,9.975062344139651,16.4317,646558875.23,39.34826434452918,3,False,17.16581446311176,0,MAIN
sh.603032,2025-06-24,17.91,16.28,10.012285012285016,15.4912,602284430.8,38.87913336604007,1,True,19.354838709677423,0,MAIN
sh.603033,2025-06-23,10.98,9.98,10.020040080160332,0.9238,99387680.04,107.58571123619834,1,True,-10.090090090090087,0,MAIN
sh.603040,2025-05-06,38.16,34.69,10.002882675122503,5.1057,256832523.96,50.30309731476586,3,False,22.14788732394366,0,MAIN
sh.603040,2025-05-16,47.0,42.73,9.992979171542247,3.176,195901473.5,61.681824149874046,1,True,70.71514182980421,0,MAIN
sh.603040,2025-06-30,40.17,36.52,9.99452354874042,3.6578,191503904.6,52.354941385532285,1,True,-12.902456475077507,0,MAIN
sh.603042,2025-06-04,15.43,14.03,9.978617248752686,11.1246,268221214.34,24.11063897488449,1,True,7.592024539877307,0,MAIN
sh.603042,2025-06-05,16.97,15.43,9.98055735580039,35.2201,909831426.93,25.83273264215604,2,False,13.040293040293038,0,MAIN
sh.603042,2025-06-06,18.67,16.97,10.017678255745444,50.2484,1478929248.29,29.432364976596276,3,False,22.971014492753604,0,MAIN
sh.603045,2025-06-06,18.54,16.85,10.02967359050444,8.6345,214370390.2,24.82719210145347,1,True,11.737400530503983,0,MAIN
sh.603056,2025-05-27,15.63,14.21,9.992962702322306,4.2512,673904446.76,158.5209933101242,1,True,3.3454545454545626,0,MAIN
sh.603056,2025-05-28,17.19,15.63,9.98080614203456,3.2992,577546223.99,175.05644519580505,2,False,15.011037527593828,0,MAIN
sh.603056,2025-05-29,18.91,17.19,10.00581733566026,3.9285,749831823.01,190.86975257986506,3,False,28.37938760268859,0,MAIN
sh.603056,2025-05-30,20.8,18.91,9.994711792702285,0.4063,86186880.0,212.12621215850356,4,False,45.238095238095255,0,MAIN
sh.603056,2025-06-03,22.88,20.8,9.999999999999986,8.9405,2067062823.22,231.20215012806892,5,False,60.37008481110253,0,MAIN
sh.603065,2025-05-26,8.93,8.12,9.975369458128093,5.2385,89221089.0,17.031800897203397,1,True,10.47619047619046,0,MAIN
sh.603065,2025-05-27,9.82,8.93,9.966405375139974,20.1972,365863542.74,18.114567501435843,2,False,21.49659863945579,0,MAIN
sh.603065,2025-05-29,10.3,9.36,10.042735042735051,15.5382,304511711.9,19.597618250505207,1,True,22.352941176470576,0,MAIN
sh.603065,2025-06-10,9.9,9.0,10.000000000000009,13.9124,261541582.0,18.799170667893392,1,True,11.111111111111116,0,MAIN
sh.603065,2025-06-20,9.68,8.8,9.999999999999986,14.8745,281124007.18,18.899728204645537,1,True,5.389221556886237,0,MAIN
sh.603066,2025-05-29,13.06,11.87,10.025273799494538,6.8318,260091261.04,38.07067845077432,1,True,10.521415270018618,0,MAIN
sh.603072,2025-05-06,53.03,48.21,9.997925741547387,33.9884,1147391123.4,33.75831528992245,1,True,9.56818181818182,0,MAIN
sh.603076,2025-05-26,26.55,24.14,9.983429991715,3.0132,94366826.95,31.317810616620207,1,True,5.6455142231947475,0,MAIN
sh.603076,2025-05-28,30.31,27.55,10.018148820326678,9.7457,343441839.18,35.2403459146085,1,True,23.376623376623385,0,MAIN
sh.603076,2025-05-29,32.9,29.91,9.996656636576384,9.0414,348250636.05,38.517335373946516,2,False,31.782608695652172,0,MAIN
sh.603076,2025-06-03,33.0,30.0,10.000000000000009,7.8727,305092402.48,38.75321077648075,1,True,31.00436681222709,0,MAIN
sh.603076,2025-06-04,36.3,33.0,9.999999999999986,3.6051,157400673.5,43.66055685001803,2,False,41.93548387096775,0,MAIN
sh.603083,2025-05-08,38.07,34.61,9.997110661658493,14.7496,1465865758.44,99.38342452947877,1,True,-6.002172732210753,0,MAIN
sh.603083,2025-06-05,41.83,38.03,9.992111490928202,18.2278,1956825681.91,107.35391445539233,1,True,9.596541786743519,0,MAIN
sh.603086,2025-05-06,9.57,8.7,10.000000000000009,25.1115,1019009849.44,40.57940980984809,1,True,62.31343283582087,0,MAIN
sh.603086,2025-05-23,9.64,8.76,10.045662100456632,15.3669,622060163.93,40.4805239788116,1,True,45.51495016611295,0,MAIN
sh.603086,2025-06-16,10.08,9.16,10.043668122270732,11.4471,490339485.24,42.83525829598763,1,True,3.8548752834467015,0,MAIN
sh.603089,2025-05-29,13.29,12.08,10.01655629139071,10.1182,300914986.71,29.73997219960072,1,True,23.77049180327868,0,MAIN
sh.603089,2025-06-30,13.07,11.88,10.016835016835014,3.4895,106983240.3,30.658615933514827,1,True,-10.60948081264107,0,MAIN
sh.603091,2025-05-23,53.99,49.08,10.0040749796251,19.0325,204147660.18,10.726266133193223,1,True,14.139534883720927,0,MAIN
sh.603093,2025-06-03,14.31,13.01,9.9923136049193,3.2098,274140263.49,85.40727256838433,1,True,9.235936188077254,0,MAIN
sh.603093,2025-06-04,15.74,14.31,9.993011879804325,5.281,483637540.33,91.58067417723917,2,False,20.556023588879533,0,MAIN
sh.603093,2025-06-05,17.31,15.74,9.97458703939007,7.2582,764555037.35,105.33672774930422,3,False,25.92000000000001,0,MAIN
sh.603093,2025-06-09,20.56,18.69,10.005350454788651,6.6498,778584599.7,117.0839122530001,1,True,47.86392405063291,0,MAIN
sh.603093,2025-06-12,22.61,20.55,10.024330900243308,4.7644,631152020.0,132.47250860549073,1,True,63.87559808612442,0,MAIN
sh.603093,2025-06-25,19.75,17.95,10.027855153203348,9.2293,1075077511.1,116.48527094145817,1,True,46.053702196908056,0,MAIN
sh.603093,2025-06-26,21.73,19.75,10.0253164556962,8.7687,1118780666.82,127.58797390947343,2,False,61.62029459901799,0,MAIN
sh.603096,2025-06-12,20.02,18.2,10.000000000000009,3.1262,94439434.8,30.20901887275286,1,True,2.6508742244782724,0,MAIN
sh.603099,2025-06-04,36.49,33.17,10.00904431715406,9.0981,852436277.56,93.6938786735692,1,True,2.6617146394305236,0,MAIN
sh.603102,2025-05-16,45.65,41.5,9.999999999999986,17.9489,286233111.4,15.94711160015377,1,True,-5.488499202915042,0,MAIN
sh.603102,2025-05-19,50.22,45.65,10.010952902519165,16.9388,302073185.96,17.83321049661133,2,False,6.311131811830473,0,MAIN
sh.603106,2025-06-05,9.8,8.91,9.988776655443331,9.5771,465737487.65,48.63032521848994,1,True,8.658536585365862,0,MAIN
sh.603106,2025-06-12,10.37,9.43,9.968186638388122,13.4326,708678924.44,52.75813501779254,1,True,15.281173594132035,0,MAIN
sh.603106,2025-06-24,10.16,9.24,9.956709956709965,8.2013,419690436.36,51.17364763635034,1,True,12.00000000000001,0,MAIN
sh.603106,2025-06-25,11.18,10.16,10.039370078740165,18.9357,1052052331.1,55.559199348320895,2,False,20.952380952380945,0,MAIN
sh.603109,2025-05-06,22.98,20.89,10.00478697941598,7.8956,362530082.55,45.91545703303105,1,True,-2.837209302325583,0,MAIN
sh.603109,2025-05-08,24.81,22.55,10.022172949002206,9.8406,495865023.6,50.38971440765807,1,True,3.6305147058823595,0,MAIN
sh.603109,2025-05-13,27.56,25.05,10.019960079840317,10.2792,567077939.2,55.167516849560286,1,True,48.22485207100593,0,MAIN
sh.603109,2025-05-16,27.93,25.39,10.00393855848758,6.0704,348747867.02,57.450557956642065,1,True,32.65412748171368,0,MAIN
sh.603109,2025-06-05,28.53,25.94,9.984579799537396,8.0612,458001557.58,56.81555569642238,1,True,12.880765883376855,0,MAIN
sh.603112,2025-05-08,16.69,15.17,10.019775873434412,4.4923,348356547.57,77.5452546735525,1,True,3.904109589041105,0,MAIN
sh.603119,2025-06-24,42.91,39.01,9.997436554729555,15.0315,1271348611.87,84.57895831221101,1,True,-12.317374690941795,0,MAIN
sh.603120,2025-06-20,40.81,37.1,10.000000000000009,30.1557,265640163.17,8.808953636294298,1,True,-9.202153695545757,0,MAIN
sh.603123,2025-05-29,10.23,9.3,9.999999999999986,10.5105,669073365.83,63.65761532086961,1,True,13.414634146341475,0,MAIN
sh.603123,2025-05-30,11.25,10.23,9.97067448680351,15.6342,1143765502.14,73.15791675557432,2,False,33.90052356020943,0,MAIN
sh.603123,2025-06-03,12.38,11.25,10.044444444444457,1.0248,82758220.16,80.75548415300545,3,False,46.8668407310705,0,MAIN
sh.603123,2025-06-05,14.18,12.89,10.007757951900697,28.2238,2414536383.91,85.54965610265094,1,True,49.70963995354241,0,MAIN
sh.603123,2025-06-18,13.2,12.0,9.999999999999986,24.8293,2045750200.2,82.3925845754814,1,True,32.89036544850499,0,MAIN
sh.603123,2025-06-25,14.59,13.26,10.030165912518862,24.9951,2237404618.99,89.5137294505723,1,True,44.60196292257361,0,MAIN
sh.603123,2025-06-30,17.05,15.5,10.000000000000009,16.4432,1787750205.82,108.7227672119782,1,True,51.515151515151516,0,MAIN
sh.603124,2025-06-11,45.98,41.8,10.000000000000009,17.0101,222113654.34,13.057751238381902,1,True,-6.172839506172845,0,MAIN
sh.603125,2025-06-30,17.6,16.0,10.000000000000009,10.5204,185923312.13,17.672646679784037,1,True,7.095046854082998,0,MAIN
sh.603127,2025-05-29,18.17,16.52,9.987893462469756,7.2661,803469749.57,110.57785463591198,1,True,6.3063063063063085,0,MAIN
sh.603127,2025-06-30,21.03,19.12,9.98953974895398,7.2789,936884976.15,128.7124395375675,1,True,5.22839845899834,0,MAIN
sh.603128,2025-05-14,7.24,6.58,10.030395136778123,16.9162,1526238423.71,90.22347948771,1,True,7.516339869281041,0,MAIN
sh.603130,2025-05-06,27.17,24.7,10.000000000000009,6.8405,91371713.0,13.357461150500695,1,True,-2.371541501976293,0,MAIN
sh.603130,2025-06-27,30.93,28.12,9.992887624466572,20.6781,313108649.45,15.142041553624365,1,True,4.071058475203548,0,MAIN
sh.603132,2025-06-27,13.19,11.99,10.008340283569629,0.7304,91072954.44,124.68914901423875,1,True,4.170286707211135,0,MAIN
sh.603135,2025-05-19,10.42,9.47,10.03167898627244,7.0102,178373312.88,25.444825094861773,1,True,4.872646733111874,0,MAIN
sh.603136,2025-06-26,13.62,12.38,10.016155088852983,11.5579,412706040.71,35.70770128743111,1,True,6.357388316151202,0,MAIN
sh.603139,2025-06-10,22.68,20.62,9.990300678952458,4.0645,90150678.0,22.18001673022512,1,True,5.960945529290851,0,MAIN
sh.603139,2025-06-11,24.95,22.68,10.00881834215168,1.5781,39326165.05,24.91994490209746,2,False,16.90721649484537,0,MAIN
sh.603139,2025-06-12,27.45,24.95,10.020040080160332,1.5403,42231825.0,27.417921833409075,3,False,28.080082135523597,0,MAIN
sh.603150,2025-05-20,35.68,32.44,9.987669543773126,13.6733,250923313.28,18.351335323586845,1,True,12.404712404712392,0,MAIN
sh.603151,2025-06-04,17.12,15.56,10.025706940874034,7.8873,106586006.3,13.513623965108467,1,True,14.327700220426177,0,MAIN
sh.603151,2025-06-17,18.83,17.12,9.988317757009323,7.3911,111903463.91,15.14029899608989,1,True,14.66845277963833,0,MAIN
sh.603151,2025-06-18,20.71,18.83,9.98406797663305,1.2584,21065487.15,16.739897608073743,2,False,23.963133640552982,0,MAIN
sh.603151,2025-06-24,22.31,20.28,10.009861932938849,12.0611,209673487.12,17.384275656449248,1,True,32.635709614126895,0,MAIN
sh.603155,2025-06-20,14.39,13.08,10.015290519877684,1.4639,65498883.22,44.742730528041534,1,True,-3.894195444526083,0,MAIN
sh.603155,2025-06-23,15.83,14.39,10.006949270326617,5.9573,288960304.2,48.50524636999983,2,False,7.70958083832336,0,MAIN
sh.603155,2025-06-24,17.41,15.83,9.981048641819324,14.7664,800997015.52,54.24456980171199,3,False,17.958271236959767,0,MAIN
sh.603161,2025-06-20,12.98,11.8,9.999999999999986,5.541,135162866.78,24.39322627323588,1,True,-5.675459632294155,0,MAIN
sh.603162,2025-05-13,8.9,8.09,10.012360939431408,14.1705,329696781.23,23.266418350093506,1,True,-2.1765417170495738,0,MAIN
sh.603163,2025-05-20,31.67,28.79,10.003473428273724,24.7742,266005876.95,10.737213591155314,1,True,10.901386748844377,0,MAIN
sh.603166,2025-05-06,18.07,16.43,9.981740718198417,9.5385,1059548397.95,111.08123897363316,2,False,15.704225352112688,0,MAIN
sh.603168,2025-05-06,7.34,6.67,10.04497751124438,4.4359,104176406.68,23.48484111003404,1,True,-4.850213980028528,0,MAIN
sh.603169,2025-05-06,7.29,6.63,9.954751131221728,4.7712,444869400.68,93.24056855298456,1,True,-18.550368550368557,0,MAIN
sh.603169,2025-05-29,9.13,8.3,10.000000000000009,12.8645,1480777746.32,115.10573643126432,1,True,17.06629055007054,0,MAIN
sh.603176,2025-06-05,5.45,4.95,10.1010101010101,10.4218,260498428.8,24.995531366942373,1,True,3.99159663865547,0,MAIN
sh.603178,2025-05-16,19.51,17.74,9.977452085682105,5.7422,256431488.95,44.65735936574832,1,True,5.9104477611940265,0,MAIN
sh.603190,2025-06-12,24.75,22.5,10.000000000000009,39.6972,384827081.6,9.69406108239372,1,True,1.9021739130434812,0,MAIN
sh.603192,2025-05-21,19.46,17.69,10.005652911249284,5.0227,132301100.82,26.34063368706074,1,True,5.928143712574863,0,MAIN
sh.603192,2025-05-22,21.41,19.46,10.020554984583764,0.8217,24393911.7,29.68712632347572,2,False,16.666666666666675,0,MAIN
sh.603192,2025-05-23,23.55,21.41,9.995329285380672,9.1744,290044536.55,31.61455098426055,3,False,26.46190194920259,0,MAIN
sh.603192,2025-05-26,25.91,23.55,10.021231422505306,1.0378,37287340.1,35.92921574484487,4,False,37.799882972498544,0,MAIN
sh.603192,2025-05-27,28.5,25.91,9.996140486298732,5.7824,227972516.5,39.4252415087161,5,False,49.07940161104718,0,MAIN
sh.603194,2025-05-29,37.49,34.08,10.005868544600949,24.2136,442042799.79,18.25597184185747,1,True,0.9777777777777663,0,MAIN
sh.603194,2025-05-30,41.24,37.49,10.002667377967466,41.243,824918400.93,20.001416020415583,2,False,12.447510497900405,0,MAIN
sh.603194,2025-06-09,43.89,39.9,10.000000000000009,23.8847,505194436.96,21.151382975712487,1,True,13.545816733067717,0,MAIN
sh.603196,2025-06-27,17.19,15.63,9.98080614203456,3.8962,154688408.7,39.70237890765361,1,True,3.992015968063889,0,MAIN
sh.603200,2025-06-26,46.68,42.44,9.990574929311968,11.3869,914991983.26,80.35479219629573,1,True,12.483434932414529,0,MAIN
sh.603208,2025-06-04,16.67,15.15,10.033003300330034,5.7587,166017568.58,28.829001090523906,1,True,7.752489331436707,0,MAIN
sh.603209,2025-06-20,16.43,14.94,9.97322623828647,10.0411,458003152.19,45.612846420212925,1,True,1.7711171662125436,0,MAIN
sh.603209,2025-06-23,18.07,16.43,9.981740718198417,18.4921,932422214.44,50.42273265015872,2,False,11.238997968855791,0,MAIN
sh.603212,2025-06-20,10.63,9.66,10.041407867494833,3.5373,164099394.5,46.391144234303,1,True,-1.0245901639344246,0,MAIN
sh.603212,2025-06-24,11.95,10.86,10.036832412523022,15.4222,755671873.68,48.99896731205665,1,True,15.531914893617005,0,MAIN
sh.603212,2025-06-30,12.49,11.35,10.044052863436123,6.4294,346276555.41,53.858300216194365,1,True,19.473684210526308,0,MAIN
sh.603215,2025-05-20,18.1,16.45,10.030395136778123,7.656,250147468.0,32.673389237199586,1,True,12.825788751714672,0,MAIN
sh.603215,2025-06-12,18.63,16.94,9.976387249114516,3.5488,123785172.0,34.880853246167725,1,True,1.6806722689075793,0,MAIN
sh.603215,2025-06-18,21.14,19.22,9.989594172736748,15.0463,575312692.5,38.23615722802283,1,True,16.838905775075986,0,MAIN
sh.603221,2025-06-04,12.42,11.29,10.008857395925608,6.2463,183388713.0,29.359574948369435,1,True,8.5576923076923,0,MAIN
sh.603222,2025-06-17,6.88,6.25,10.08,2.7361,96631630.88,35.3172877014729,1,True,2.796052631578938,0,MAIN
sh.603226,2025-05-30,8.22,7.47,10.040160642570296,3.5694,101726726.81,28.499671320109826,1,True,10.830860534124632,0,MAIN
sh.603226,2025-06-04,9.04,8.22,9.975669099756669,6.157,194823598.65,31.6426179389313,1,True,14.008321775312083,0,MAIN
sh.603226,2025-06-05,9.94,9.04,9.95575221238938,3.3469,115889168.03,34.62582330813589,2,False,26.966292134831438,0,MAIN
sh.603226,2025-06-06,10.93,9.94,9.95975855130784,2.0984,81380808.73,38.7823144919939,3,False,35.23809523809525,0,MAIN
sh.603226,2025-06-09,12.02,10.93,9.972552607502294,10.7413,421223471.67,39.21531580628043,4,False,46.908602150537625,0,MAIN
sh.603226,2025-06-24,12.46,11.33,9.973521624007065,2.9326,126147003.34,43.015414083066226,1,True,41.97994987468672,0,MAIN
sh.603228,2025-06-26,35.12,31.93,9.990604447228302,5.8437,1858893591.96,318.1021599260742,1,True,9.951790633608827,0,MAIN
sh.603228,2025-06-30,41.84,38.04,9.989484752891698,9.0096,3357650579.82,372.6747668953117,1,True,23.06696861857005,0,MAIN
sh.603232,2025-05-23,14.4,13.09,10.007639419404123,14.6419,480505387.72,32.81714720903708,1,True,0.46047582501917983,0,MAIN
sh.603232,2025-06-12,15.84,14.4,9.999999999999986,5.6491,203483822.8,36.0205736843037,1,True,6.904231625835178,0,MAIN
sh.603232,2025-06-26,17.4,15.82,9.987357774968377,13.7971,538877610.8,39.057309927448514,1,True,8.43043180260452,0,MAIN
sh.603238,2025-06-04,17.66,16.05,10.031152647975071,6.6423,200795871.99,30.229870976920648,1,True,8.739837398373984,0,MAIN
sh.603238,2025-06-12,19.81,18.01,9.994447529150465,8.6227,287702854.73,33.365750255720364,1,True,11.793916821849804,0,MAIN
sh.603239,2025-06-12,16.17,14.7,10.000000000000009,3.4343,146643329.8,42.69962723116792,1,True,-0.6756756756756799,0,MAIN
sh.603255,2025-06-18,28.64,26.04,9.98463901689708,7.1129,119151152.0,16.75141672173094,1,True,2.0376175548589393,0,MAIN
sh.603256,2025-05-29,10.74,9.76,10.040983606557386,2.6059,236396845.78,90.7160082044591,1,True,8.203991130820398,0,MAIN
sh.603256,2025-06-04,12.46,11.33,9.973521624007065,3.5118,371688596.23,105.83991008314823,1,True,25.609756097560975,0,MAIN
sh.603256,2025-06-20,13.68,12.44,9.967845659164,4.1635,474468437.8,113.95903393779273,1,True,30.535152151101784,0,MAIN
sh.603257,2025-05-09,53.37,48.52,9.995877988458355,51.1218,643868271.99,12.59478875919862,1,True,,0,MAIN
sh.603257,2025-06-23,51.62,46.93,9.993607500532708,17.3768,212495674.52,12.228700020717277,1,True,-7.069306930693065,0,MAIN
sh.603258,2025-06-11,23.78,21.62,9.990749306197966,7.9746,438800746.66,55.02479706317558,1,True,3.0996661897949584,0,MAIN
sh.603258,2025-06-24,24.13,21.94,9.981768459434814,8.2404,472738794.44,57.368428042328055,1,True,13.619886069394106,0,MAIN
sh.603261,2025-05-06,15.3,14.57,5.010295126973241,6.9233,80108858.3,11.570906691895482,1,True,-25.05144032921811,1,MAIN
sh.603261,2025-05-07,16.07,15.3,5.032679738562096,4.9314,59967642.0,12.16036865798759,2,False,-19.516044187269866,1,MAIN
sh.603261,2025-05-08,16.87,16.07,4.978220286247681,2.4964,32368583.0,12.966104390322062,3,False,-15.197889182058045,1,MAIN
sh.603261,2025-05-09,17.71,16.87,4.9792531120331995,0.5196,7131817.0,13.725590839107008,4,False,-1.1137162954278912,1,MAIN
sh.603261,2025-05-12,18.6,17.71,5.025409373235457,0.3193,4603686.0,14.418058252427187,5,False,9.320987654320989,1,MAIN
sh.603261,2025-05-14,19.54,18.61,4.997313272434178,2.1353,31961854.0,14.968320142368754,1,True,1.8052516411378505,1,MAIN
sh.603261,2025-05-29,18.96,18.06,4.983388704318958,2.8612,41410286.0,14.473048371312736,1,True,11.826625386996902,1,MAIN
sh.603261,2025-06-03,19.62,18.69,4.97592295345104,3.604,54062676.0,15.000742508324084,1,True,21.838331160365065,1,MAIN
sh.603261,2025-06-30,20.46,19.49,4.976911236531567,1.5609,24662063.0,15.799899417003012,1,True,2.795358649789015,1,MAIN
sh.603267,2025-05-12,56.21,51.1,10.000000000000009,8.477,1072342674.41,126.50025650701899,1,True,-1.3513513513513487,0,MAIN
sh.603268,2025-05-06,39.0,37.14,5.0080775444264924,0.7764,37596000.0,48.42349304482225,3,False,6.144612746499001,1,MAIN
sh.603268,2025-05-16,42.84,40.8,5.000000000000027,1.707,89157327.0,52.230420035149386,1,True,5.974025974025965,1,MAIN
sh.603270,2025-05-06,27.34,24.85,10.02012072434606,15.302,282672368.37,18.47290343549863,1,True,-2.3191823899371022,0,MAIN
sh.603275,2025-06-24,42.91,39.01,9.997436554729555,14.8937,261357572.55,17.548196388405835,1,True,-3.6790123456790225,0,MAIN
sh.603286,2025-05-06,37.07,33.7,9.999999999999986,15.0504,611487528.43,40.62932071107744,1,True,5.477308294209715,0,MAIN
sh.603286,2025-05-12,37.04,33.67,10.00891000891,11.4417,471052311.0,41.16978342379192,1,True,36.37100040502228,0,MAIN
sh.603286,2025-05-16,38.18,34.71,9.997118985883024,13.8477,589452927.0,42.566846985419964,1,True,28.412874583795777,0,MAIN
sh.603291,2025-05-12,12.71,11.55,10.043290043290051,11.687,183675441.56,15.716218153503895,1,True,4.714415231187674,0,MAIN
sh.603300,2025-05-06,12.38,11.25,10.044444444444457,14.653,3499013666.42,238.79162399645125,1,True,11.275964391691407,0,MAIN
sh.603305,2025-06-04,13.54,12.31,9.991876523151898,2.4738,316128797.04,127.79076604414261,1,True,-4.425465838509323,0,MAIN
sh.603316,2025-05-06,6.28,5.71,9.982486865148864,4.6527,75351954.4,16.195317643518816,1,True,-0.3490401396160636,0,MAIN
sh.603316,2025-06-26,7.43,6.75,10.07407407407408,11.6637,220778827.8,18.928712826976003,1,True,1.5037593984962294,0,MAIN
sh.603316,2025-06-27,8.17,7.43,9.95962314939436,9.5439,197096627.8,20.65158140801978,2,False,10.565476190476186,0,MAIN
sh.603316,2025-06-30,8.99,8.17,10.03671970624236,1.3219,31404047.8,23.75674998108783,3,False,21.396731054977703,0,MAIN
sh.603317,2025-05-19,11.73,10.66,10.037523452157604,2.983,366762051.47,122.95073800536373,1,True,-27.13602187286398,0,MAIN
sh.603321,2025-05-21,8.48,7.71,9.987029831387815,4.5463,113481807.0,24.96135472802059,1,True,7.381615598885793,0,MAIN
sh.603326,2025-05-19,9.64,8.76,10.045662100456632,5.5746,165489515.4,29.68634797115488,1,True,5.035971223021574,0,MAIN
sh.603331,2025-05-08,10.44,9.49,10.01053740779767,11.2592,234677820.65,20.8432056140756,1,True,-0.9394572025052228,0,MAIN
sh.603331,2025-05-09,11.48,10.44,9.961685823754806,16.4073,380039212.0,23.16281240667264,2,False,21.113689095127608,0,MAIN
sh.603331,2025-05-13,11.68,10.62,9.981167608286269,29.757,675177157.59,22.68969175622543,1,True,28.106151990349826,0,MAIN
sh.603332,2025-05-09,10.78,9.8,9.999999999999986,5.1946,119544790.22,23.013281141955105,1,True,14.352392065344223,0,MAIN
sh.603332,2025-05-12,11.86,10.78,10.018552875695727,0.9124,23409789.84,25.657375975449362,2,False,34.41396508728178,0,MAIN
sh.603332,2025-05-13,13.05,11.86,10.033726812816202,1.2397,34999656.3,28.232359683794463,3,False,41.02259215219974,0,MAIN
sh.603332,2025-05-14,14.36,13.05,10.038314176245212,21.1239,652460989.46,30.887335646353186,4,False,52.275379229871646,0,MAIN
sh.603332,2025-05-15,15.8,14.36,10.027855153203348,27.9079,887947864.55,31.817079198004862,5,False,66.39629200463497,0,MAIN
sh.603332,2025-05-20,16.53,15.03,9.9800399201597,25.9797,836989892.71,32.21707304972729,1,True,73.55658198614317,0,MAIN
sh.603332,2025-05-23,16.34,14.85,10.033670033670038,17.8011,602474733.78,33.84480362337158,1,True,62.11790393013099,0,MAIN
sh.603332,2025-05-26,17.97,16.34,9.975520195838428,5.1883,201708973.14,38.87766188154116,2,False,77.0314192849404,0,MAIN
sh.603332,2025-05-27,19.77,17.97,10.016694490818034,19.6492,827573640.63,42.11742160647762,3,False,91.57782515991468,0,MAIN
sh.603332,2025-06-09,16.36,14.87,10.020174848688644,14.1852,487360186.08,34.35694851535403,1,True,51.73469387755101,0,MAIN
sh.603332,2025-06-10,18.0,16.36,10.02444987775062,17.9374,686309080.7,38.26134672249044,2,False,51.76252319109462,0,MAIN
sh.603332,2025-06-11,19.8,18.0,10.000000000000009,1.9963,85515012.0,42.83675399489055,3,False,51.77065767284992,0,MAIN
sh.603332,2025-06-18,18.34,16.67,10.017996400719852,18.9661,715593421.52,37.73013015432798,1,True,10.91151031270794,0,MAIN
sh.603333,2025-05-22,6.18,5.62,9.964412811387891,2.9579,111322199.0,37.63555191182934,1,True,-6.020066889632114,0,MAIN
sh.603333,2025-05-23,6.8,6.18,10.032362459546928,1.61,68044200.0,42.26347826086956,2,False,5.102040816326525,0,MAIN
sh.603333,2025-05-26,7.48,6.8,10.000000000000009,0.537,24965996.0,46.491612662942266,3,False,17.039586919104988,0,MAIN
sh.603333,2025-05-27,8.23,7.48,10.026737967914446,0.5791,29624107.21,51.15542602313936,4,False,35.262206148282104,0,MAIN
sh.603333,2025-05-28,9.05,8.23,9.963547995139743,26.4913,1464562240.03,55.284649678573714,5,False,47.22719141323795,0,MAIN
sh.603333,2025-05-29,9.96,9.05,10.055248618784528,8.2944,502868618.71,60.627485859133884,6,False,63.94927536231887,0,MAIN
sh.603335,2025-05-06,4.93,4.48,10.044642857142838,2.3241,49056951.0,21.107934684393957,1,True,10.8910891089109,0,MAIN
sh.603335,2025-05-07,5.42,4.93,9.93914807302232,3.1525,73155745.4,23.20562899286281,2,False,21.130221130221116,0,MAIN
sh.603335,2025-06-11,5.37,4.88,10.040983606557386,4.1361,94733377.1,22.904034501100067,1,True,0.2053388090349051,0,MAIN
sh.603335,2025-06-12,5.91,5.37,10.05586592178771,18.8883,461831166.72,24.45064758183637,2,False,14.012738853503182,0,MAIN
sh.603337,2025-05-16,42.15,38.32,9.994780793319414,2.5843,501201410.09,193.94087764191462,1,True,37.10196779964223,0,MAIN
sh.603338,2025-05-12,49.52,45.02,9.995557529986666,4.5004,1098458586.97,244.08021219669362,1,True,1.0549943883277457,0,MAIN
sh.603350,2025-05-16,42.79,38.9,10.000000000000009,31.6806,374652481.57,11.825927588808293,1,True,20.99533437013996,0,MAIN
sh.603353,2025-06-13,17.74,16.13,9.981401115933044,8.5714,254592972.6,29.702612478708257,1,True,2.1532615579480607,0,MAIN
sh.603359,2025-05-15,7.28,6.62,9.969788519637458,20.4935,652155256.9,31.82254163027301,1,True,37.344398340248965,0,MAIN
sh.603359,2025-05-22,8.47,7.7,10.000000000000009,11.7482,431543784.3,36.7327577245876,1,True,35.56338028169015,0,MAIN
sh.603359,2025-05-30,7.85,7.14,9.943977591036424,14.2223,481137498.11,33.82979532916617,1,True,13.694267515923553,0,MAIN
sh.603366,2025-05-28,10.6,9.64,9.958506224066376,9.2607,775687182.57,83.76118247756649,1,True,-0.8230452674897082,0,MAIN
sh.603377,2025-06-06,2.8,2.67,4.868913857677892,1.1907,23650123.08,19.86236926177878,1,True,-9.49152542372882,1,MAIN
sh.603377,2025-06-09,2.94,2.8,5.000000000000004,0.4599,9578386.08,20.827106066536206,2,False,-9.385113268608414,1,MAIN
sh.603377,2025-06-10,3.09,2.94,5.102040816326525,0.591,13055800.02,22.091032182741117,3,False,-3.289473684210531,1,MAIN
sh.603377,2025-06-18,2.89,2.75,5.0909090909091015,3.0659,62686270.84,20.44628684562445,1,True,-7.407407407407418,1,MAIN
sh.603378,2025-05-19,6.86,6.24,9.935897435897443,3.3832,98107602.28,28.998463667533695,1,True,-7.41839762611276,0,MAIN
sh.603382,2025-06-12,55.97,11.5,386.695652173913,85.4343,1240247402.1,14.51697271587641,1,True,,0,MAIN
sh.603383,2025-06-25,42.19,38.35,10.013037809647972,7.7269,644307493.08,83.38499179231,1,True,-1.7674180327868827,0,MAIN
sh.603389,2025-05-06,6.43,6.12,5.065359477124187,2.463,41612773.8,16.89515785627284,1,True,19.53125,1,MAIN
sh.603389,2025-05-07,6.75,6.43,4.976671850699854,0.1959,3475257.75,17.739957886676876,2,False,20.411985018726586,1,MAIN
sh.603389,2025-05-08,7.09,6.75,5.03703703703704,0.1355,2524040.0,18.62760147601476,3,False,30.05780346820808,1,MAIN
sh.603389,2025-05-09,7.44,7.09,4.936530324400579,1.1399,22283045.52,19.54824591630845,4,False,51.82012847965738,1,MAIN
sh.603389,2025-05-12,7.81,7.44,4.973118279569877,9.8325,199537727.87,20.293692130180524,5,False,48.20717131474106,1,MAIN
sh.603389,2025-05-13,8.2,7.81,4.9935979513444195,4.3503,93217440.4,21.427818863066918,6,False,47.91666666666665,1,MAIN
sh.603389,2025-05-14,8.61,8.2,5.000000000000004,1.3913,31460427.2,22.612252713289728,7,False,42.114384748700175,1,MAIN
sh.603389,2025-05-15,9.04,8.61,4.994192799070851,0.1739,4131460.8,23.757681426106952,8,False,47.17948717948719,1,MAIN
sh.603389,2025-05-16,9.49,9.04,4.977876106194712,4.37,108531491.58,24.835581597254006,9,False,54.529914529914514,1,MAIN
sh.603389,2025-05-19,9.96,9.49,4.952581664910438,1.3251,34668357.2,26.162823334087996,10,False,53.31179321486268,1,MAIN
sh.603389,2025-05-22,10.86,10.34,5.029013539651839,5.917,167461724.8,28.301795639682275,1,True,48.99135446685878,1,MAIN
sh.603389,2025-05-26,11.13,10.6,5.000000000000004,0.7525,21863257.6,29.05416292358804,1,True,52.73775216138328,1,MAIN
sh.603389,2025-05-27,11.69,11.13,5.031446540880502,0.0866,2659708.8,30.712572748267895,2,False,60.37463976945246,1,MAIN
sh.603389,2025-05-30,11.82,11.26,4.973357015985802,3.0879,93075225.2,30.141916901454064,1,True,69.32330827067668,1,MAIN
sh.603389,2025-06-10,12.33,11.74,5.025553662691662,3.5129,112306026.74,31.969605380170226,1,True,57.79569892473118,1,MAIN
sh.603389,2025-06-11,12.95,12.33,5.028386050283862,1.9278,64923139.6,33.67732109139952,2,False,57.874519846350836,1,MAIN
sh.603389,2025-06-17,13.6,12.95,5.0193050193050315,0.4772,17050864.0,35.731064543168486,1,True,36.459430979978926,1,MAIN
sh.603389,2025-06-20,13.98,13.31,5.03380916604057,1.8904,68701666.1,36.34239637113838,1,True,28.723404255319164,1,MAIN
sh.603389,2025-06-23,14.68,13.98,5.007153075822601,3.543,135057755.5,38.119603584532875,2,False,28.72928176795582,1,MAIN
sh.603389,2025-06-24,15.41,14.68,4.972752043596729,0.2921,11828099.6,40.49332283464566,3,False,38.49056603773584,1,MAIN
sh.603389,2025-06-25,16.18,15.41,4.996755353666438,0.0502,2135436.4,42.538573705179274,4,False,38.4546271338724,1,MAIN
sh.603389,2025-06-26,16.99,16.18,5.006180469715682,2.6031,115521241.8,44.37833421689524,5,False,38.40889649272883,1,MAIN
sh.603390,2025-05-21,11.68,10.62,9.981167608286269,10.7669,426104584.0,39.57541948007319,1,True,13.582887700534751,0,MAIN
sh.603390,2025-05-22,12.85,11.68,10.017123287671236,16.5798,720382841.0,43.44942888333997,2,False,23.728813559322038,0,MAIN
sh.603390,2025-05-26,13.19,11.99,10.008340283569629,13.0533,566304691.42,43.38402483816352,1,True,24.12008281573499,0,MAIN
sh.603390,2025-05-27,14.51,13.19,10.007581501137231,22.6535,1126240254.67,49.71594917650694,2,False,34.31771894093685,0,MAIN
sh.603390,2025-05-28,15.96,14.51,9.993108201240531,2.7372,152794640.04,55.82151104778605,3,False,50.0517063081696,0,MAIN
sh.603390,2025-05-29,17.56,15.96,10.02506265664158,4.2023,258089908.68,61.416345496513806,4,False,64.36663233779608,0,MAIN
sh.603390,2025-06-11,15.17,13.79,10.00725163161713,15.0548,771429205.97,51.24141177365358,1,True,31.58396946564883,0,MAIN
sh.603390,2025-06-24,14.09,12.81,9.992193598750966,3.8542,189679450.0,49.21370193555082,1,True,6.839032527105915,0,MAIN
sh.603392,2025-06-05,78.36,71.24,9.994385176866928,0.9513,942839132.82,991.1059947650583,1,True,9.43164362519202,0,MAIN
sh.603398,2025-05-19,5.25,5.0,5.000000000000004,6.8753,154663183.08,22.495481372449202,1,True,-56.21716287215411,1,MAIN
sh.603398,2025-05-20,5.51,5.25,4.9523809523809526,15.0871,355920062.75,23.591018999675217,2,False,-51.478743068391864,1,MAIN
sh.603398,2025-05-29,5.53,5.27,4.933586337760931,12.3394,295760760.23,23.96881211647244,1,True,-40.113636363636374,1,MAIN
sh.603398,2025-06-17,4.62,4.4,5.000000000000004,7.6069,148748486.36,19.554415906611105,1,True,-11.99999999999999,1,MAIN
sh.603398,2025-06-18,4.85,4.62,4.978354978354971,9.5753,195380625.19,20.404647915992186,2,False,-12.0,1,MAIN
sh.603398,2025-06-24,4.94,4.7,5.106382978723412,9.9875,211915126.21,21.218035164956195,1,True,-14.076782449725766,1,MAIN
sh.603398,2025-06-25,5.19,4.94,5.06072874493928,10.5231,228218612.34,21.687393671066513,2,False,-5.9047619047619015,1,MAIN
sh.603398,2025-06-27,5.29,5.04,4.960317460317465,10.815,244804194.31,22.635616672214518,1,True,-4.364326375711569,1,MAIN
sh.603398,2025-06-30,5.55,5.29,4.914933837429114,8.2757,195784344.13,23.65773821308167,2,False,-4.3399638336347195,1,MAIN
sh.603400,2025-06-20,53.87,19.88,170.97585513078474,81.329,1003135777.26,12.334293760651184,1,True,,0,MAIN
sh.603400,2025-06-25,78.81,49.93,57.840977368315635,87.1428,990280270.82,11.363879411953715,1,True,,0,MAIN
sh.603416,2025-05-06,56.43,51.3,10.000000000000009,3.029,230052949.0,75.95013172664247,1,True,-14.76989533145041,0,MAIN
sh.603416,2025-05-12,65.49,59.54,9.993281827342958,4.2926,380233054.35,88.57872952289988,1,True,23.220198675496697,0,MAIN
sh.603429,2025-06-09,9.2,8.36,10.047846889952153,6.9099,326671923.33,47.27592632744323,1,True,-13.007284079084291,0,MAIN
sh.603444,2025-06-30,301.95,274.5,9.999999999999986,3.684,771844644.13,209.5126612730727,1,True,15.06539235412474,0,MAIN
sh.603477,2025-05-30,21.85,19.86,10.020140986908377,9.8925,1094875608.0,110.67734222896134,1,True,-1.341281669150518,0,MAIN
sh.603488,2025-05-08,8.34,7.58,10.026385224274414,4.5114,107059728.88,23.730932499889168,1,True,0.7978723404255428,0,MAIN
sh.603488,2025-05-12,8.61,7.83,9.961685823754785,5.1437,126813077.72,24.654057919396543,1,True,20.461538461538463,0,MAIN
sh.603488,2025-05-14,9.37,8.52,9.97652582159625,11.6917,302142844.98,25.842507503613678,1,True,22.413793103448263,0,MAIN
sh.603506,2025-05-28,12.17,11.06,10.036166365280286,6.8755,152311286.8,22.15275787942695,1,True,9.940357852882698,0,MAIN
sh.603506,2025-06-03,13.89,12.63,9.976247030878849,4.0025,101764457.18,25.425223530293565,1,True,21.559191530317623,0,MAIN
sh.603518,2025-05-27,9.08,8.25,10.06060606060606,4.008,124080426.04,30.958190129740526,1,True,-1.19760479041916,0,MAIN
sh.603518,2025-05-28,9.99,9.08,10.022026431718055,19.1032,652314302.71,34.14686035376272,2,False,7.0754716981132,0,MAIN
sh.603518,2025-05-29,10.99,9.99,10.010010010010006,30.3523,1114849386.49,36.7303099432333,3,False,16.433566433566437,0,MAIN
sh.603518,2025-06-03,11.44,10.4,9.999999999999986,22.2553,842786828.18,37.86903920324597,1,True,25.30120481927711,0,MAIN
sh.603533,2025-05-06,21.56,19.6,9.999999999999986,7.7514,720415990.78,92.9401128544521,1,True,4.421949920085244,0,MAIN
sh.603533,2025-06-19,22.06,20.05,10.024937655860343,11.6303,1108043858.26,95.2721647988444,1,True,-3.1400966183574797,0,MAIN
sh.603535,2025-05-14,9.97,9.06,10.044150110375272,8.3731,381112261.28,45.516267724020956,1,True,5.471478463329471,0,MAIN
sh.603535,2025-06-04,11.52,10.47,10.02865329512892,8.3042,434250768.32,52.29290820548638,1,True,27.52740560292326,0,MAIN
sh.603538,2025-06-09,16.76,15.24,9.973753280839915,7.3742,258476519.48,35.05146585121098,1,True,8.085106382978724,0,MAIN
sh.603538,2025-06-20,18.46,16.78,10.011918951132293,12.4465,474024159.28,38.08493626963403,1,True,15.883977900552493,0,MAIN
sh.603538,2025-06-23,20.31,18.46,10.021668472372692,18.4917,759847819.47,41.09129065851165,2,False,30.000000000000004,0,MAIN
sh.603557,2025-05-06,2.44,2.32,5.1724137931034475,0.0745,1134029.04,15.221866308724833,2,False,5.936073059360725,1,MAIN
sh.603557,2025-05-07,2.56,2.44,4.918032786885251,0.2235,3566261.76,15.956428456375837,3,False,11.415525114155244,1,MAIN
sh.603557,2025-05-08,2.69,2.56,5.078125,8.9939,150639739.02,16.749100948420597,4,False,16.36363636363636,1,MAIN
sh.603557,2025-05-12,2.91,2.77,5.054151624548742,3.8568,67861775.99,17.59535780699025,1,True,39.19597989949748,1,MAIN
sh.603557,2025-06-04,3.16,3.01,4.983388704318958,3.63,70849583.0,19.517791460055097,1,True,29.74137931034482,1,MAIN
sh.603557,2025-06-05,3.32,3.16,5.063291139240489,4.4285,90366461.8,20.405659207406572,2,False,29.508196721311485,1,MAIN
sh.603557,2025-06-09,3.51,3.34,5.089820359281427,1.9563,42215345.45,21.579177759034916,1,True,24.1635687732342,1,MAIN
sh.603557,2025-06-27,3.53,3.36,5.059523809523814,3.7321,81290590.87,21.781461072854427,1,True,11.99999999999999,1,MAIN
sh.603559,2025-05-16,8.2,7.81,4.9935979513444195,0.2795,9133529.04,32.67810032200357,1,True,0.6443298969072142,1,MAIN
sh.603559,2025-05-27,9.01,8.58,5.011655011655014,1.1298,40447024.51,35.80016331209063,1,True,1.5384615384615552,1,MAIN
sh.603559,2025-06-16,9.64,9.18,5.010893246187376,0.7014,26953115.5,38.42759552323923,1,True,17.541613316261206,1,MAIN
sh.603569,2025-05-14,8.55,7.77,10.038610038610065,8.6732,429131733.09,49.47790124636812,1,True,-9.122807017543877,0,MAIN
sh.603577,2025-05-26,9.35,8.5,9.999999999999986,6.3914,196339422.2,30.719313796664267,1,True,3.785103785103794,0,MAIN
sh.603577,2025-05-27,10.29,9.35,10.053475935828882,0.9583,33443014.5,34.89827246165083,2,False,12.650602409638534,0,MAIN
sh.603577,2025-05-28,11.32,10.29,10.009718172983485,20.4301,774755179.05,37.92224115643096,3,False,22.79236276849639,0,MAIN
sh.603578,2025-06-23,14.23,12.94,9.9690880989181,3.3007,81676207.12,24.745116829763383,1,True,-9.192982456140353,0,MAIN
sh.603578,2025-06-25,15.8,14.36,10.027855153203348,11.6495,316604434.43,27.177512719859223,1,True,2.7181688125894166,0,MAIN
sh.603579,2025-05-08,25.75,23.41,9.995728321230237,4.7053,212765353.5,45.21823337513017,1,True,-1.014799154334034,0,MAIN
sh.603579,2025-05-12,27.06,24.6,9.999999999999986,9.9415,458998670.96,46.16996137001459,1,True,28.392484342379976,0,MAIN
sh.603579,2025-06-17,23.74,21.58,10.00926784059315,6.2448,256268866.36,41.03716153599795,1,True,-19.176029962546824,0,MAIN
sh.603579,2025-06-30,27.26,24.78,10.008071025020172,7.1187,335144685.6,47.079478781238144,1,True,3.1640299750208323,0,MAIN
sh.603580,2025-05-27,14.01,13.34,5.02248875562219,2.5175,46088697.0,18.307327507447866,1,True,-21.575543797766027,1,MAIN
sh.603580,2025-05-28,14.71,14.01,4.996431120628131,1.3352,25665831.48,19.22246216297184,2,False,-20.397727272727284,1,MAIN
sh.603585,2025-06-05,17.33,15.75,10.031746031746014,2.8225,85964259.21,30.456779170947744,1,True,0.5747126436781658,0,MAIN
sh.603585,2025-06-06,19.06,17.33,9.982688978649731,9.7712,330261066.48,33.79943778450958,2,False,11.303789338471404,0,MAIN
sh.603585,2025-06-16,21.84,19.85,10.02518891687656,10.2803,388066513.2,37.748559205470656,1,True,30.59210526315792,0,MAIN
sh.603585,2025-06-17,24.02,21.84,9.98168498168499,16.8035,719028566.46,42.7904047644836,2,False,42.83845650752127,0,MAIN
sh.603586,2025-05-06,18.59,16.9,10.000000000000009,3.5863,130562064.0,36.40578423444776,2,False,13.881401617250667,0,MAIN
sh.603586,2025-06-11,19.09,17.35,10.028818443804033,3.1449,114265515.0,36.333592483067825,1,True,0.0,0,MAIN
sh.603587,2025-06-11,14.05,12.77,10.023492560689128,4.4552,287582709.25,64.54989882609087,1,True,5.189456342668852,0,MAIN
sh.603587,2025-06-16,14.44,13.13,9.97715156130996,4.0349,265866054.92,65.89160943765644,1,True,8.065843621399171,0,MAIN
sh.603595,2025-05-12,18.44,16.76,10.023866348448696,2.8378,117266125.36,41.32289990837973,1,True,3.1384615384615566,0,MAIN
sh.603598,2025-06-09,18.21,16.55,10.03021148036254,11.7496,554539328.13,47.19644312402124,1,True,-2.417452830188682,0,MAIN
sh.603599,2025-05-27,11.86,10.78,10.018552875695727,3.6874,388132580.68,105.25914755112004,1,True,-2.0890099909173565,0,MAIN
sh.603600,2025-05-12,11.12,10.11,9.990108803165176,2.6038,86047008.0,33.04670404792994,1,True,15.94036697247705,0,MAIN
sh.603601,2025-06-30,4.06,3.69,10.027100271002707,2.1294,87044299.6,40.87738311261388,1,True,-0.8064516129032362,0,MAIN
sh.603607,2025-05-20,22.77,20.7,10.000000000000009,12.2269,477013211.78,39.013422190416215,1,True,16.94915254237288,0,MAIN
sh.603607,2025-05-22,24.07,21.88,10.009140767824508,20.6744,866487182.32,41.91111627520025,1,True,27.06155632984901,0,MAIN
sh.603607,2025-05-23,26.48,24.07,10.012463647694236,22.5983,1008164951.31,44.61242444387409,2,False,31.818181818181813,0,MAIN
sh.603607,2025-05-26,29.13,26.48,10.007552870090633,20.1879,954962125.37,47.303688118625516,3,False,43.290043290043286,0,MAIN
sh.603607,2025-05-27,32.04,29.13,9.989701338825952,10.7016,611822868.71,57.171158397809684,4,False,55.111821086261955,0,MAIN
sh.603610,2025-05-06,11.3,10.27,10.029211295034091,2.2357,85805047.82,38.37949985239521,1,True,-13.914501257334456,0,MAIN
sh.603610,2025-05-07,12.43,11.3,9.999999999999986,11.3704,501725778.38,44.12560493738127,2,False,-4.641350210970452,0,MAIN
sh.603610,2025-05-08,13.67,12.43,9.975864843121474,9.2355,452590378.98,49.00550906610362,3,False,9.611992945326286,0,MAIN
sh.603610,2025-05-09,15.04,13.67,10.021945866861737,24.6547,1265755965.08,51.33933753320868,4,False,33.88834476003917,0,MAIN
sh.603610,2025-06-17,13.16,11.96,10.033444816053503,8.9429,419795198.46,46.94173013899295,1,True,-3.6261079774375427,0,MAIN
sh.603613,2025-06-30,23.69,21.54,9.98142989786446,4.2537,713179008.85,167.66086203775535,1,True,-7.434464976364419,0,MAIN
sh.603616,2025-06-20,4.46,4.05,10.123456790123452,5.4147,88136386.0,16.277242691192495,1,True,2.015113350125941,0,MAIN
sh.603616,2025-06-27,5.03,4.57,10.0656455142232,7.8054,147159776.72,18.85358555871576,1,True,14.250000000000007,0,MAIN
sh.603619,2025-06-13,20.53,18.66,10.021436227224022,15.7484,1478934160.58,93.9101216999822,1,True,6.446092413006266,0,MAIN
sh.603630,2025-05-13,19.37,17.61,9.994321408290752,7.6578,321494376.3,41.982602875499495,1,True,6.148282097649194,0,MAIN
sh.603630,2025-05-15,21.97,19.97,10.01502253380071,7.0737,339578562.8,48.005790859097786,1,True,15.634047481181245,0,MAIN
sh.603630,2025-05-19,24.88,22.62,9.991158267020328,10.0683,535100251.9,53.14703096848524,1,True,13.156578289144583,0,MAIN
sh.603630,2025-05-20,27.37,24.88,10.008038585209022,8.8097,535781836.46,60.817262388049535,2,False,26.29441624365483,0,MAIN
sh.603630,2025-06-12,25.56,23.24,9.982788296041312,9.1036,499399795.06,54.85739653104266,1,True,19.979349509550847,0,MAIN
sh.603637,2025-06-25,11.03,10.03,9.970089730807574,7.4302,189575867.08,25.51423475545746,1,True,1.8274111675126825,0,MAIN
sh.603639,2025-05-27,14.8,13.45,10.037174721189611,2.6562,129297955.28,48.677793569761306,1,True,13.502109704641342,0,MAIN
sh.603639,2025-05-28,16.28,14.8,10.000000000000009,11.1001,612527727.91,55.18218105332385,2,False,23.436196830692246,0,MAIN
sh.603657,2025-05-06,18.51,16.83,9.982174688057066,4.7475,115746941.0,24.380608952080046,1,True,2.6219512195121863,0,MAIN
sh.603657,2025-05-07,20.36,18.51,9.994597514856828,5.7565,156438544.4,27.175982697819858,2,False,2.6053215077605385,0,MAIN
sh.603657,2025-05-08,22.4,20.36,10.019646365422386,3.603,107872786.0,29.939713016930337,3,False,11.074740861974908,0,MAIN
sh.603657,2025-05-09,24.64,22.4,10.000000000000009,17.0571,547473024.86,32.09648913707489,4,False,35.757575757575744,0,MAIN
sh.603657,2025-05-12,27.1,24.64,9.983766233766245,15.2811,524003188.99,34.290933832642935,5,False,65.92592592592594,0,MAIN
sh.603657,2025-06-05,26.0,23.64,9.983079526226724,14.2917,481411468.4,33.68468890334949,1,True,27.714748784440847,0,MAIN
sh.603657,2025-06-24,36.4,33.09,10.00302206104562,3.5166,169015434.6,48.06217215492236,1,True,53.54988399071927,0,MAIN
sh.603665,2025-05-16,22.08,20.07,10.01494768310911,5.9426,203862313.88,34.30523910073032,1,True,20.540540540540555,0,MAIN
sh.603669,2025-06-30,5.4,4.91,9.97963340122201,3.3788,129105173.64,38.21036274416953,1,True,-3.725490196078418,0,MAIN
sh.603679,2025-06-05,14.18,12.89,10.007757951900697,6.8562,155251940.08,22.644021481287012,1,True,3.1200000000000117,0,MAIN
sh.603679,2025-06-06,15.6,14.18,10.014104372355437,3.7957,97454822.4,25.675059251258006,2,False,13.712910986367266,0,MAIN
sh.603680,2025-05-28,10.87,9.88,10.020242914979738,1.6135,131940438.32,81.77281581654788,1,True,22.277227722772274,0,MAIN
sh.603680,2025-06-06,11.51,10.46,10.038240917782026,1.7865,156917052.71,87.83490216064932,1,True,11.632870864461054,0,MAIN
sh.603681,2025-05-23,15.4,14.0,10.000000000000009,6.5331,187821168.92,28.74916485588771,1,True,11.642743221690587,0,MAIN
sh.603681,2025-05-26,16.94,15.4,10.000000000000009,19.946,631069628.52,31.63890647347839,2,False,20.97407698350353,0,MAIN
sh.603681,2025-05-27,18.63,16.94,9.976387249114516,20.7005,686185065.07,33.14823627786768,3,False,30.508474576271194,0,MAIN
sh.603681,2025-05-29,18.45,16.77,10.017889087656528,20.8993,709711454.89,33.95862325006101,1,True,30.404354587869364,0,MAIN
sh.603681,2025-06-03,18.65,16.95,10.029498525073732,6.8274,238499777.5,34.93273830447901,1,True,38.141809290953546,0,MAIN
sh.603685,2025-06-19,14.12,12.84,9.968847352024923,4.7012,88083166.82,18.73631558325534,1,True,-1.6091954022988575,0,MAIN
sh.603686,2025-05-19,14.61,13.28,10.01506024096386,10.6627,618433932.01,57.999749782888024,1,True,12.256973795435332,0,MAIN
sh.603686,2025-05-29,16.18,14.71,9.99320190346702,25.8185,1685016573.22,65.26392211863586,1,True,23.09623430962344,0,MAIN
sh.603686,2025-05-30,17.8,16.18,10.012360939431408,42.19,3002420792.71,71.16427572197203,2,False,40.69565217391305,0,MAIN
sh.603688,2025-06-16,34.4,31.27,10.009593859929634,6.2438,1132274751.18,181.34385329126496,1,True,-4.809741248097421,0,MAIN
sh.603693,2025-05-20,13.4,12.18,10.016420361247944,4.135,474010789.91,114.63380650785975,1,True,-12.374100719424463,0,MAIN
sh.603693,2025-05-27,13.88,12.62,9.984152139461177,2.2089,269468575.6,121.99220227262441,1,True,2.3519870235198637,0,MAIN
sh.603693,2025-05-28,15.27,13.88,10.014409221902,1.0313,140390517.06,136.12965874139434,2,False,9.723320158102776,0,MAIN
sh.603693,2025-05-29,16.8,15.27,10.019646365422409,6.169,908137049.66,147.20976651969525,3,False,14.21091997008228,0,MAIN
sh.603697,2025-05-27,14.05,12.77,10.023492560689128,3.7527,219714085.15,58.54826795373998,1,True,-3.1107738998482515,0,MAIN
sh.603697,2025-06-03,14.48,13.16,10.030395136778123,3.7499,223702940.29,59.65570822955279,1,True,5.958132045088571,0,MAIN
sh.603697,2025-06-04,15.93,14.48,10.013812154696122,8.6131,573673018.28,66.60470890620103,2,False,24.612736660929446,0,MAIN
sh.603701,2025-05-29,19.14,17.4,10.000000000000009,4.7561,229442713.98,48.241776661550425,1,True,10.546378653113075,0,MAIN
sh.603706,2025-06-13,20.78,18.89,10.005293806246684,5.3653,207566140.7,38.68677253834827,1,True,-0.1585623678647008,0,MAIN
sh.603711,2025-06-04,15.02,13.65,10.036630036630022,3.3729,201768470.66,59.82047219306828,1,True,6.557377049180335,0,MAIN
sh.603712,2025-05-12,21.99,19.99,10.005002501250626,3.7639,621526344.85,165.12828312388746,1,True,12.556306306306286,0,MAIN
sh.603716,2025-05-23,11.95,10.86,10.036832412523022,30.0254,670206758.49,22.321326559845996,1,True,10.030395136778125,0,MAIN
sh.603716,2025-06-10,13.46,12.24,9.967320261437916,13.0289,334706357.22,25.689533054977783,1,True,11.577028258887868,0,MAIN
sh.603716,2025-06-23,13.37,12.15,10.041152263374476,21.2506,522483266.42,24.586753617309633,1,True,11.878453038674053,0,MAIN
sh.603721,2025-05-14,17.7,16.86,4.982206405693956,7.9513,176200257.2,22.159930728308577,1,True,-26.214442013129112,1,MAIN
sh.603721,2025-05-15,18.59,17.7,5.028248587570627,0.8165,19733545.26,24.168457146356403,2,False,-22.741161065037108,1,MAIN
sh.603721,2025-06-11,20.08,19.12,5.020920502092041,3.9005,101120938.0,25.925121907447764,1,True,11.357018054746648,1,MAIN
sh.603722,2025-06-11,42.82,38.93,9.992293860775758,3.97,158713922.65,39.97831804785894,1,True,-1.5676359039190846,0,MAIN
sh.603725,2025-05-20,7.91,7.19,10.01390820584145,5.5603,122235413.29,21.98360039746057,1,True,6.5185185185185235,0,MAIN
sh.603725,2025-06-11,8.33,7.57,10.039630118890353,8.6486,200450962.08,23.17727286265985,1,True,6.469760900140642,0,MAIN
sh.603757,2025-05-07,23.57,21.43,9.98600093327111,3.3191,126131057.39,38.001583980597154,1,True,-7.629310344827589,0,MAIN
sh.603758,2025-05-06,12.97,11.79,10.008481764206966,4.5764,248849106.6,54.37660750808495,1,True,-0.2538071065989911,0,MAIN
sh.603758,2025-05-16,13.5,12.27,10.02444987775062,4.2303,245425860.5,58.01618336760986,1,True,13.611111111111107,0,MAIN
sh.603758,2025-06-12,14.18,12.89,10.007757951900697,8.5952,523409159.5,60.895518370718534,1,True,1.098039215686275,0,MAIN
sh.603767,2025-05-27,16.71,15.19,10.00658327847268,11.9427,605910805.87,50.73482594974336,1,True,0.5294506949040434,0,MAIN
sh.603768,2025-05-21,13.49,12.26,10.03262642740621,9.0713,285771175.35,31.502780786656817,1,True,9.856630824372758,0,MAIN
sh.603768,2025-05-27,13.86,12.6,10.000000000000009,7.8708,245265969.82,31.16150452558825,1,True,7.784431137724557,0,MAIN
sh.603776,2025-06-24,20.01,18.19,10.00549752611326,1.0263,49410773.04,48.1445708272435,1,True,0.4972375690607711,0,MAIN
sh.603776,2025-06-25,22.01,20.01,9.995002498750626,0.648,34315901.05,52.9566374228395,2,False,10.126582278481,0,MAIN
sh.603777,2025-05-26,14.19,12.9,9.999999999999986,5.4239,248777129.24,45.86683553162854,1,True,-12.065439672801636,0,MAIN
sh.603787,2025-06-10,12.77,11.61,9.991386735572782,3.0692,87762094.9,28.594452919327512,1,True,1.2205754141237923,0,MAIN
sh.603787,2025-06-11,14.05,12.77,10.023492560689128,4.0696,131589785.05,32.33482038775309,2,False,12.21441124780316,0,MAIN
sh.603787,2025-06-12,15.46,14.05,10.035587188612103,20.6751,705452087.03,34.12085489453497,3,False,24.116607773851584,0,MAIN
sh.603797,2025-05-29,4.73,4.3,10.000000000000009,4.9921,134170809.92,26.8766270547465,1,True,6.699751861042169,0,MAIN
sh.603800,2025-06-24,26.04,23.67,10.012674271229384,6.9654,371529766.63,53.3393296336176,1,True,8.977900552486195,0,MAIN
sh.603803,2025-05-14,10.44,9.49,10.01053740779767,3.5672,156699021.52,43.92773646557524,1,True,8.457142857142852,0,MAIN
sh.603809,2025-05-08,15.68,14.25,10.03508771929824,2.1587,282145010.56,130.70135292537174,1,True,-14.053075995174902,0,MAIN
sh.603813,2025-05-06,12.15,11.57,5.012964563526356,0.5038,5505213.6,10.927379118697896,2,False,-19.98616874135547,1,MAIN
sh.603813,2025-05-07,12.76,12.15,5.020576131687249,0.2818,3234660.0,11.478566359119945,3,False,-13.523131672597867,1,MAIN
sh.603813,2025-05-08,13.4,12.76,5.0156739811912265,0.0933,1124260.0,12.049946409431941,4,False,-10.077519379844958,1,MAIN
sh.603813,2025-05-09,14.07,13.4,5.000000000000004,4.5588,56856955.3,12.471912630516803,5,False,4.933437744714175,1,MAIN
sh.603818,2025-06-09,4.35,3.95,10.126582278481,9.8853,294392273.2,29.78081324795403,1,True,27.831715210355988,0,MAIN
sh.603818,2025-06-12,4.65,4.23,9.92907801418439,20.189,622415959.07,30.82945956065184,1,True,21.203438395415475,0,MAIN
sh.603818,2025-06-30,5.14,4.67,10.064239828693776,9.1009,312839689.0,34.374588117658696,1,True,26.558265582655814,0,MAIN
sh.603823,2025-06-04,11.44,10.4,9.999999999999986,4.8023,223578881.72,46.556625308706245,1,True,2.7667984189723382,0,MAIN
sh.603823,2025-06-10,12.82,11.65,10.042918454935611,5.0285,254861445.32,50.68339371979715,1,True,12.01923076923077,0,MAIN
sh.603823,2025-06-19,12.35,11.23,9.973285841495994,6.5074,318153014.7,48.89095717183515,1,True,6.952380952380954,0,MAIN
sh.603828,2025-05-09,5.04,4.8,5.000000000000004,3.5674,101268894.27,28.387311282726913,1,True,3.0042918454935563,1,MAIN
sh.603828,2025-05-12,5.29,5.04,4.960317460317465,1.6755,52450401.27,31.304327824529995,2,False,13.769751693002274,1,MAIN
sh.603828,2025-05-14,5.59,5.32,5.07518796992481,2.1374,69759315.8,32.637464115280245,1,True,17.180616740088105,1,MAIN
sh.603828,2025-05-27,5.23,4.98,5.020080321285136,2.16,66839640.71,30.94427810648148,1,True,-13.541666666666652,1,MAIN
sh.603828,2025-06-17,5.55,5.29,4.914933837429114,0.7908,25922317.45,32.77986526302478,1,True,-1.6728624535315983,1,MAIN
sh.603829,2025-06-06,17.61,16.01,9.9937539038101,2.3902,66770166.28,27.93497041251778,1,True,3.42377260981912,0,MAIN
sh.603829,2025-06-09,19.37,17.61,9.994321408290752,3.4011,104211402.5,30.640499397253826,2,False,13.174807197943439,0,MAIN
sh.603836,2025-05-14,14.33,13.03,9.976976208749043,6.9348,195809128.1,28.23572822575993,1,True,-11.058020477815711,0,MAIN
sh.603836,2025-05-15,15.76,14.33,9.979064898813682,2.8443,91997928.32,32.34466417747776,2,False,-3.566621803499326,0,MAIN
sh.603838,2025-05-06,4.69,4.47,4.921700223713654,1.2284,18069791.0,14.710021979811136,2,False,-11.133200795228637,1,MAIN
sh.603838,2025-05-07,4.92,4.69,4.904051172707868,1.441,22591166.0,15.677422623178348,3,False,-6.573705179282852,1,MAIN
sh.603838,2025-05-08,5.17,4.92,5.081300813008127,1.8926,30936819.0,16.346200464968824,4,False,-1.6000000000000014,1,MAIN
sh.603838,2025-05-27,5.4,5.14,5.058365758754868,0.8086,13749107.68,17.003595943606232,1,True,6.8607068607068555,1,MAIN
sh.603838,2025-05-28,5.67,5.4,4.999999999999982,0.6609,11914998.0,18.02844303222878,2,False,16.3793103448276,1,MAIN
sh.603838,2025-06-06,6.33,6.03,4.975124378109452,0.7851,15727880.0,20.03296395363648,1,True,22.560975609756095,1,MAIN
sh.603838,2025-06-09,6.65,6.33,5.0552922590837435,0.4435,9314985.0,21.003348365276214,2,False,22.437137330754364,1,MAIN
sh.603838,2025-06-26,6.48,6.17,5.024311183144259,0.366,7428472.0,20.296371584699454,1,True,14.25925925925926,1,MAIN
sh.603838,2025-06-27,6.8,6.48,4.938271604938271,0.4487,9763304.0,21.759090706485406,2,False,14.285714285714302,1,MAIN
sh.603839,2025-05-15,6.79,6.17,10.048622366288496,3.1733,82505785.6,25.999995462137207,1,True,19.111969111969106,0,MAIN
sh.603839,2025-05-16,7.47,6.79,10.014727540500722,10.5955,300662393.2,28.376423311783306,2,False,26.9158878504673,0,MAIN
sh.603839,2025-05-22,7.58,6.89,10.0145137880987,2.6606,78867342.8,29.64269067127715,1,True,30.000000000000004,0,MAIN
sh.603839,2025-05-28,8.17,7.43,9.95962314939436,4.5887,142823404.25,31.125025442935904,1,True,42.337164750957854,0,MAIN
sh.603843,2025-05-08,2.28,2.17,5.069124423963123,19.8637,296143559.48,14.90878131868685,1,True,-40.7103825136612,1,MAIN
sh.603843,2025-05-09,2.39,2.28,4.824561403508776,8.0477,134565073.42,16.720935598991012,2,False,-30.69908814589666,1,MAIN
sh.603843,2025-05-12,2.51,2.39,5.020920502092041,11.4897,199969194.88,17.404213763631777,3,False,-22.149837133550477,1,MAIN
sh.603843,2025-05-13,2.64,2.51,5.179282868525914,15.896,292920423.32,18.42730393306492,4,False,-20.317460317460323,1,MAIN
sh.603843,2025-05-21,2.67,2.54,5.118110236220463,9.3152,170049307.98,18.255035638526277,1,True,-23.49397590361445,1,MAIN
sh.603843,2025-05-23,2.88,2.74,5.109489051094873,11.9264,235470771.52,19.743658733565873,1,True,-14.641744548286596,1,MAIN
sh.603843,2025-05-26,3.02,2.88,4.861111111111116,10.4091,213036558.6,20.46637640141799,2,False,-10.000000000000009,1,MAIN
sh.603843,2025-05-27,3.17,3.02,4.966887417218535,5.0766,111461133.24,21.95586282945278,3,False,-3.514376996805113,1,MAIN
sh.603843,2025-06-04,3.4,3.24,4.938271604938271,7.7661,182247360.0,23.46703750917449,1,True,35.00000000000001,1,MAIN
sh.603859,2025-06-30,32.32,29.38,10.006807351940106,4.9663,389031479.56,78.33426888428004,1,True,0.3415300546448119,0,MAIN
sh.603863,2025-06-04,14.41,13.1,10.000000000000009,4.1446,119835512.2,28.91364961636829,1,True,0.4601226993865115,0,MAIN
sh.603869,2025-06-09,6.81,6.49,4.930662557781185,0.9482,32170626.26,33.92810194051888,1,True,6.568144499178996,1,MAIN
sh.603871,2025-06-27,10.81,9.83,9.969481180061043,3.9314,567425048.28,144.33154812026248,1,True,-30.43170559094126,0,MAIN
sh.603879,2025-05-30,5.4,4.91,9.97963340122201,4.9821,92178476.4,18.501932197266218,1,True,-5.394990366088637,0,MAIN
sh.603879,2025-06-03,5.94,5.4,10.000000000000009,1.5064,32153992.2,21.344923127987258,2,False,2.2727272727272707,0,MAIN
sh.603879,2025-06-04,6.53,5.94,9.932659932659927,20.363,477797232.46,23.463990200854486,3,False,12.5,0,MAIN
sh.603879,2025-06-06,6.47,5.88,10.034013605442183,22.4065,493746124.11,22.035843353937473,1,True,11.363636363636353,0,MAIN
sh.603879,2025-06-10,7.38,6.71,9.985096870342767,25.1849,633936498.64,25.171293062112618,1,True,28.79078694817658,0,MAIN
sh.603880,2025-06-13,6.3,5.73,9.947643979057585,3.9988,68387179.64,17.101925487646294,1,True,5.137614678899083,0,MAIN
sh.603880,2025-06-23,5.94,5.4,10.000000000000009,2.8073,47154813.2,16.797211983044207,1,True,0.9345794392523477,0,MAIN
sh.603900,2025-05-06,7.38,6.71,9.985096870342767,19.0017,461370231.1,24.280471278885575,2,False,4.843749999999991,0,MAIN
sh.603900,2025-05-20,8.89,8.08,10.024752475247524,6.0539,175780771.72,29.035955618692082,1,True,30.95623987034035,0,MAIN
sh.603900,2025-05-21,9.78,8.89,10.011248593925748,13.8852,431827245.48,31.099821787226688,2,False,30.927835051546392,0,MAIN
sh.603900,2025-05-22,10.76,9.78,10.020449897750506,20.5482,738012968.03,35.91618575009003,3,False,54.25867507886435,0,MAIN
sh.603900,2025-05-26,12.6,11.45,10.043668122270756,21.1754,882678243.57,41.68413553321307,1,True,67.88856304985336,0,MAIN
sh.603900,2025-05-27,13.86,12.6,10.000000000000009,16.1298,726890304.97,45.06505381157857,2,False,103.88349514563106,0,MAIN
sh.603900,2025-06-04,13.04,11.85,10.042194092827009,22.4248,954797066.65,42.57772941787663,1,True,76.602086438152,0,MAIN
sh.603901,2025-05-20,11.52,10.47,10.02865329512892,4.9199,263672021.74,53.59296362527694,1,True,17.376681614349778,0,MAIN
sh.603901,2025-06-05,11.91,10.83,9.972299168975065,7.2481,395204679.37,54.525279641561234,1,True,3.044719314938149,0,MAIN
sh.603906,2025-05-12,11.2,10.18,10.019646365422386,1.0302,65201270.4,63.28991496796738,1,True,13.870246085011196,0,MAIN
sh.603906,2025-05-21,12.23,11.12,9.982014388489224,8.4235,567154350.31,67.33001131477413,1,True,17.175974710221276,0,MAIN
sh.603906,2025-06-03,12.66,11.51,9.991311902693312,8.0951,575808560.7,71.13050619510568,1,True,21.41350210970463,0,MAIN
sh.603906,2025-06-04,13.93,12.66,10.031595576619278,21.4379,1634914648.55,76.2628171859184,2,False,29.9794661190965,0,MAIN
sh.603906,2025-06-10,15.33,13.94,9.971305595408907,18.6532,1581432725.33,84.7807735578882,1,True,36.93516699410608,0,MAIN
sh.603906,2025-06-24,14.76,13.42,9.985096870342767,10.9235,879599230.4,80.52357123632534,1,True,8.92857142857142,0,MAIN
sh.603906,2025-06-25,16.24,14.76,10.027100271002707,16.073,1452521661.81,90.37028941765693,2,False,19.999999999999996,0,MAIN
sh.603912,2025-05-08,9.32,8.47,10.035419126328216,6.1713,305250313.4,49.46288681477161,1,True,-6.201550387596888,0,MAIN
sh.603912,2025-05-09,10.25,9.32,9.978540772532195,2.8646,159084469.0,55.5346187949452,2,False,14.637146371463716,0,MAIN
sh.603917,2025-06-11,14.41,13.1,10.000000000000009,4.7577,137752162.0,28.953519978140697,1,True,-7.746478873239438,0,MAIN
sh.603918,2025-05-29,17.42,15.84,9.974747474747492,10.6887,662103761.26,61.94427397719085,1,True,-11.011235955056186,0,MAIN
sh.603918,2025-06-19,19.71,17.92,9.98883928571428,16.8679,1209482273.32,71.70319205828822,1,True,8.08202653799761,0,MAIN
sh.603920,2025-06-24,29.54,26.85,10.01862197392922,9.6522,2027348249.29,210.04001671018005,1,True,3.26923076923078,0,MAIN
sh.603922,2025-05-19,18.4,16.73,9.982068141063948,3.3455,108884119.4,32.54644130922134,1,True,-23.67700729927008,0,MAIN
sh.603922,2025-05-26,19.1,17.36,10.02304147465438,9.3943,315803223.85,33.61647210010326,1,True,-3.3945464663327707,0,MAIN
sh.603926,2025-05-20,14.01,12.74,9.968602825745675,8.9353,282595535.6,31.626865980996723,1,True,39.08296943231442,0,MAIN
sh.603928,2025-06-13,11.85,10.77,10.027855153203348,9.8124,290394484.58,29.594643979046918,1,True,1.0318949343339545,0,MAIN
sh.603928,2025-06-19,12.49,11.35,10.044052863436123,11.0957,343690738.88,30.975129003127332,1,True,6.3730084348641025,0,MAIN
sh.603928,2025-06-20,13.74,12.49,10.008006405124092,15.0909,523163444.98,34.667478081492824,2,False,18.164616840113524,0,MAIN
sh.603928,2025-06-23,15.11,13.74,9.97088791848617,10.8013,414256178.12,38.35243703257941,3,False,33.52769679300294,0,MAIN
sh.603928,2025-06-24,16.62,15.11,9.993381866313712,2.6445,115188516.54,43.55776764605786,4,False,45.56840077071289,0,MAIN
sh.603928,2025-06-25,18.28,16.62,9.98796630565584,22.0741,1032454646.97,46.772219341671914,5,False,56.94050991501418,0,MAIN
sh.603928,2025-06-30,19.79,17.99,10.005558643690948,20.3896,1033205126.22,50.67314347608584,1,True,73.98452611218566,0,MAIN
sh.603929,2025-06-25,33.22,30.2,10.000000000000009,4.8392,331050244.38,68.41011827988098,1,True,9.738372093023262,0,MAIN
sh.603937,2025-06-06,10.43,9.48,10.021097046413496,2.9518,63322663.0,21.45222000135511,1,True,4.520396912899671,0,MAIN
sh.603948,2025-06-20,19.61,17.83,9.983174425126196,2.5156,79186255.94,31.478079162028937,1,True,-7.616580310880838,0,MAIN
sh.603948,2025-06-23,21.57,19.61,9.9949005609383,1.197,41952032.25,35.04764598997493,2,False,2.402088772845956,0,MAIN
sh.603948,2025-06-24,23.73,21.57,10.01390820584145,9.0026,346886860.24,38.53185304689757,3,False,13.168940188877244,0,MAIN
sh.603948,2025-06-26,26.7,24.27,10.012360939431383,16.0495,624343483.88,38.90111741051123,1,True,23.953013278855995,0,MAIN
sh.603949,2025-05-23,21.59,19.63,9.984717269485488,6.7502,296444984.6,43.916474267429116,1,True,6.3956639566395745,0,MAIN
sh.603955,2025-05-08,29.38,26.71,9.99625608386372,18.2086,709939451.95,38.989238708632186,1,True,39.11458333333335,0,MAIN
sh.603955,2025-05-19,34.96,31.78,10.00629326620517,13.9379,642088033.0,46.06777441364911,1,True,60.02014098690837,0,MAIN
sh.603956,2025-06-03,7.54,6.85,10.072992700729944,12.358,503834101.81,40.76987391244538,1,True,10.12861736334405,0,MAIN
sh.603959,2025-05-13,3.63,3.46,4.9132947976878505,3.0059,52766752.48,17.55439385209089,1,True,5.810397553516822,1,MAIN
sh.603959,2025-05-14,3.81,3.63,4.958677685950419,2.2697,41812000.0,18.421817861391375,2,False,6.451612903225801,1,MAIN
sh.603959,2025-05-15,4.0,3.81,4.986876640419946,1.2661,24830784.0,19.612024326672458,3,False,13.056379821958464,1,MAIN
sh.603959,2025-06-03,4.34,4.13,5.084745762711873,1.1955,25434519.82,21.275215240485153,1,True,15.363128491620115,1,MAIN
sh.603959,2025-06-04,4.56,4.34,5.069124423963123,0.2726,6094604.16,22.357315333822452,2,False,24.0,1,MAIN
sh.603959,2025-06-06,4.63,4.41,4.9886621315192725,1.4892,33356117.48,22.398682164920764,1,True,26.0,1,MAIN
sh.603959,2025-06-09,4.86,4.63,4.967602591792675,0.7182,17113756.14,23.828677443609028,2,False,34.202898550724626,1,MAIN
sh.603959,2025-06-10,5.1,4.86,4.938271604938249,9.6872,236727855.66,24.43718057436617,3,False,40.462427745664755,1,MAIN
sh.603959,2025-06-11,5.36,5.1,5.098039215686279,2.4578,63576071.68,25.86706472455041,4,False,47.39884393063583,1,MAIN
sh.603959,2025-06-13,5.69,5.42,4.981549815498165,7.5943,206248445.35,27.158322077084133,1,True,42.257217847769034,1,MAIN
sh.603959,2025-06-17,5.88,5.6,5.000000000000004,7.3602,208786386.08,28.366944659112526,1,True,42.85714285714286,1,MAIN
sh.603959,2025-06-24,5.5,5.24,4.961832061068705,3.5783,96298055.52,26.91167747813207,1,True,33.33333333333333,1,MAIN
sh.603959,2025-06-25,5.78,5.5,5.0909090909091015,2.278,64019571.9,28.103411720807724,2,False,43.603133159268936,1,MAIN
sh.603959,2025-06-27,6.3,6.0,5.000000000000004,1.5821,48288519.8,30.521787371215467,1,True,53.452685421994886,1,MAIN
sh.603960,2025-05-26,21.16,19.24,9.97920997920998,13.5584,722103128.95,53.25872735352254,1,True,11.92553810354855,0,MAIN
sh.603967,2025-05-14,13.27,12.06,10.033167495854055,10.769,471461890.16,43.779542219333266,1,True,-11.970802919708024,0,MAIN
sh.603970,2025-05-21,15.62,14.2,10.000000000000009,4.3009,179243686.36,41.67585536980632,1,True,8.895705521472387,0,MAIN
sh.603980,2025-05-16,4.96,4.51,9.977827050997789,8.2949,268791157.4,32.404387925110605,1,True,5.868544600938974,0,MAIN
sh.603980,2025-05-19,5.46,4.96,10.080645161290324,20.4562,734146438.89,35.88870068194484,2,False,15.88785046728971,0,MAIN
sh.603980,2025-06-09,5.2,4.73,9.936575052854124,7.7949,267903460.2,34.36906954547204,1,True,0.6382978723404209,0,MAIN
sh.603980,2025-06-10,5.72,5.2,9.999999999999986,16.4948,632682254.67,38.35646716965346,2,False,12.798264642082424,0,MAIN
sh.603980,2025-06-24,5.59,5.08,10.039370078740165,7.7493,276233366.0,35.64623462764379,1,True,6.498951781970663,0,MAIN
sh.603982,2025-06-11,9.43,8.57,10.03500583430572,4.7046,119866598.72,25.47859514517706,1,True,-1.0392609699769073,0,MAIN
sh.603982,2025-06-12,10.37,9.43,9.968186638388122,16.4652,448343461.83,27.22976106151155,2,False,8.640552995391705,0,MAIN
sh.603982,2025-06-19,10.85,9.86,10.040567951318469,14.2353,412671979.62,28.989341961181008,1,True,11.28668171557563,0,MAIN
sh.603982,2025-06-30,11.08,10.07,10.029791459781537,8.5444,262964563.15,30.776246799073082,1,True,14.43181818181818,0,MAIN
sh.603983,2025-05-15,52.53,47.75,10.010471204188477,1.8767,379581233.13,202.25994198859703,1,True,27.163781624500682,0,MAIN
sh.603988,2025-06-13,25.56,23.24,9.982788296041312,6.7875,401445274.42,59.14479181141806,1,True,11.99999999999999,0,MAIN
sh.603988,2025-06-16,28.12,25.56,10.015649452269182,9.4601,608014217.5,64.27143661272079,2,False,25.91133004926107,0,MAIN
sh.603990,2025-05-16,15.92,14.47,10.02073255010365,12.0079,568843605.4,47.37244692244272,1,True,12.607003891050583,0,MAIN
sh.603991,2025-06-05,63.79,57.99,10.00172443524745,6.7669,307500224.0,45.44181589797397,1,True,7.012363904779484,0,MAIN
sh.603995,2025-06-09,17.77,16.15,10.030959752322,7.487,478753557.36,63.944645032723386,1,True,-2.298850574712663,0,MAIN
sh.603995,2025-06-10,19.55,17.77,10.016882386043902,1.6339,116786343.3,71.4770446783769,2,False,8.155812538040163,0,MAIN
sh.605005,2025-05-28,17.73,16.12,9.987593052109167,1.7879,126240719.0,70.60837798534594,1,True,2.414231257941557,0,MAIN
sh.605005,2025-05-29,19.5,17.73,9.983079526226724,1.0151,79373287.5,78.19257954881293,2,False,12.144212523719155,0,MAIN
sh.605005,2025-06-03,21.99,19.99,10.005002501250626,4.4417,359418226.78,80.91906855032983,1,True,27.16284987277353,0,MAIN
sh.605005,2025-06-04,24.19,21.99,10.004547521600738,0.7124,69102871.49,97.00010035092643,2,False,37.69567939887286,0,MAIN
sh.605006,2025-06-03,6.71,6.1,10.000000000000009,5.0437,198568462.6,39.36960219679997,1,True,0.660066006600668,0,MAIN
sh.605006,2025-06-04,7.38,6.71,9.985096870342767,7.5463,329587127.8,43.675328015053736,2,False,11.461794019933569,0,MAIN
sh.605009,2025-06-04,71.78,65.25,10.007662835249054,3.8597,411290014.47,106.56009909319378,1,True,11.348122866894194,0,MAIN
sh.605018,2025-06-05,12.82,11.65,10.042918454935611,4.3709,254947225.36,58.328313473197746,1,True,2.55281690140845,0,MAIN
sh.605033,2025-05-22,19.15,17.41,9.994256174612293,10.4137,258766773.76,24.848687187070876,1,True,3.1398104265403015,0,MAIN
sh.605033,2025-05-27,21.31,19.37,10.01548786783686,12.051,321031693.0,26.639423533316737,1,True,8.515406162464977,0,MAIN
sh.605033,2025-05-28,23.44,21.31,9.99530736743315,17.7342,552303547.11,31.14341482051629,2,False,21.84105202973128,0,MAIN
sh.605033,2025-06-06,21.59,19.63,9.984717269485488,12.7495,353789659.58,27.749296802227533,1,True,15.33490011750882,0,MAIN
sh.605033,2025-06-12,22.3,20.27,10.01480019733596,6.1385,179008140.8,29.16154448155087,1,True,19.165196942974717,0,MAIN
sh.605055,2025-05-09,6.35,5.77,10.051993067590992,3.9103,105660553.0,27.021086105925377,1,True,17.27642276422763,0,MAIN
sh.605055,2025-05-12,6.99,6.35,10.078740157480317,4.8936,150397670.03,30.73354381845676,2,False,37.149028077753776,0,MAIN
sh.605055,2025-05-13,7.69,6.99,10.014306151645204,1.2509,42325760.0,33.83624590294988,3,False,50.64655172413794,0,MAIN
sh.605055,2025-05-14,8.46,7.69,10.013003901170348,12.2244,415404684.88,33.981601132161906,4,False,55.98377281947264,0,MAIN
sh.605055,2025-05-15,9.31,8.46,10.047281323877066,11.2139,445600638.02,39.73645547222643,5,False,67.19367588932809,0,MAIN
sh.605055,2025-05-19,9.77,8.88,10.022522522522516,13.3967,550397378.57,41.08454907327924,1,True,66.9172932330827,0,MAIN
sh.605055,2025-05-20,10.75,9.77,10.030706243602872,15.4523,651488700.35,42.16127698465601,2,False,81.26159554730982,0,MAIN
sh.605058,2025-06-27,27.78,25.25,10.019801980198029,4.3188,164466133.96,38.08144252107066,1,True,12.87438533750558,0,MAIN
sh.605058,2025-06-30,30.56,27.78,10.007199424046064,3.4449,147357846.93,42.77565297396151,2,False,20.416124837451232,0,MAIN
sh.605060,2025-05-08,19.53,17.75,10.02816901408452,1.1533,52614845.0,45.621126333131016,1,True,-4.87674169346195,0,MAIN
sh.605066,2025-06-05,7.81,7.1,10.000000000000009,13.3991,511480023.05,38.1727148129352,1,True,-6.208718626155885,0,MAIN
sh.605068,2025-05-06,17.78,16.16,10.024752475247524,3.4182,95233984.0,27.860857761394882,1,True,0.18598884066955979,0,MAIN
sh.605068,2025-05-07,19.56,17.78,10.011248593925748,3.7585,118522662.82,31.534565071172008,2,False,12.602913236225465,0,MAIN
sh.605069,2025-05-26,11.2,10.18,10.019646365422386,27.7062,259341926.2,9.360429297413576,1,True,17.55196304849884,0,MAIN
sh.605081,2025-05-14,11.84,11.28,4.964539007092195,2.9096,38467555.43,13.220908520071488,1,True,-7.540983606557372,1,MAIN
sh.605081,2025-05-21,13.05,12.43,4.987932421560748,3.0432,44467077.02,14.611946970294428,1,True,16.168224299065415,1,MAIN
sh.605081,2025-05-27,14.11,13.44,4.985119047619047,1.0665,17042029.78,15.979399699953117,1,True,27.87821122740246,1,MAIN
sh.605081,2025-05-28,14.82,14.11,5.031892274982286,0.9331,15660694.14,16.78351102775694,2,False,33.8709677419355,1,MAIN
sh.605099,2025-05-30,25.43,23.12,9.991349480968848,1.2759,126851989.22,99.42157631475821,1,True,16.297786720321938,0,MAIN
sh.605099,2025-06-03,27.97,25.43,9.988202909948884,0.6459,72274480.0,111.89732156680599,2,False,27.086456771614188,0,MAIN
sh.605099,2025-06-04,30.77,27.97,10.010725777618878,2.1887,266298691.25,121.66979999543108,3,False,38.877855014895715,0,MAIN
sh.605099,2025-06-05,33.85,30.77,10.009749756256102,1.2799,172073127.94,134.44263453394797,4,False,45.00471253534401,0,MAIN
sh.605099,2025-06-06,36.53,33.21,9.996988858777469,4.4217,619138568.59,140.02274432684263,5,False,60.426540284360186,0,MAIN
sh.605099,2025-06-09,40.18,36.53,9.991787571858746,2.9062,463339750.77,159.4314743548276,6,False,74.86835806606031,0,MAIN
sh.605099,2025-06-10,44.2,40.18,10.004977600796416,3.0823,544455584.29,176.63938756448104,7,False,88.63849765258216,0,MAIN
sh.605122,2025-06-06,12.79,11.63,9.974204643164208,3.8695,83342426.3,21.538293397079727,1,True,6.991720331186757,0,MAIN
sh.605128,2025-06-26,30.91,28.1,9.999999999999986,3.6388,233086760.87,64.05594175827196,1,True,-2.9025570145127855,0,MAIN
sh.605133,2025-05-06,41.78,37.98,10.005265929436558,6.1511,462506172.99,75.19080700850255,2,False,15.440729483282677,0,MAIN
sh.605136,2025-05-15,8.57,7.79,10.01283697047497,6.0672,206583085.31,34.04916358616825,1,True,12.89855072463768,0,MAIN
sh.605136,2025-05-16,9.43,8.57,10.03500583430572,3.0855,116519739.26,37.76364908766813,2,False,16.757493188010898,0,MAIN
sh.605136,2025-05-19,10.37,9.43,9.968186638388122,19.8711,791250587.8,39.81916390134417,3,False,26.917900403768513,0,MAIN
sh.605136,2025-05-20,11.41,10.37,10.028929604628756,9.4762,426540718.41,45.01178936810114,4,False,41.47339699863573,0,MAIN
sh.605136,2025-05-21,12.55,11.41,9.99123575810692,28.5522,1421983071.25,49.802924862182245,5,False,41.56327543424317,0,MAIN
sh.605136,2025-05-23,14.51,13.19,10.007581501137231,26.7254,1450347988.46,54.26852314502309,1,True,66.54040404040404,0,MAIN
sh.605138,2025-05-13,7.02,6.38,10.03134796238243,2.3607,90324164.08,38.261602101071716,1,True,25.098039215686274,0,MAIN
sh.605138,2025-05-14,7.72,7.02,9.971509971509974,5.2138,211072524.07,40.483433209942845,2,False,25.13368983957218,0,MAIN
sh.605138,2025-05-15,8.49,7.72,9.97409326424872,7.1596,329903610.77,46.0784975096374,3,False,34.02777777777777,0,MAIN
sh.605151,2025-05-27,19.13,17.39,10.005750431282332,5.191,128851884.58,24.822170021190523,1,True,4.822182037371925,0,MAIN
sh.605151,2025-06-11,19.32,17.56,10.022779043280195,3.9943,103524336.72,25.91801735473049,1,True,0.8036739380022695,0,MAIN
sh.605151,2025-06-12,21.25,19.32,9.989648033126295,4.5773,129570169.74,28.307117676359425,2,False,11.547344110854496,0,MAIN
sh.605151,2025-06-30,19.4,17.64,9.977324263038543,3.1189,79928175.6,25.627040174420465,1,True,-5.110274341043564,0,MAIN
sh.605166,2025-05-13,12.34,11.22,9.982174688057045,15.0479,573995811.97,38.14457910871285,1,True,9.35672514619883,0,MAIN
sh.605167,2025-05-28,11.73,10.66,10.037523452157604,6.7612,344323610.49,50.92640514849436,1,True,18.444444444444443,0,MAIN
sh.605167,2025-06-13,12.54,11.4,9.999999999999986,5.8556,323292954.2,55.21090139353781,1,True,24.047878128400434,0,MAIN
sh.605169,2025-05-15,11.37,10.34,9.9613152804642,3.0551,97492841.38,31.91150580341069,1,True,11.422413793103448,0,MAIN
sh.605169,2025-05-16,12.51,11.37,10.026385224274414,1.3213,46759189.95,35.38877616741089,2,False,20.828905419766187,0,MAIN
sh.605180,2025-06-30,14.8,13.45,10.037174721189611,2.7006,66503797.26,24.625563674738945,1,True,-5.41490857946555,0,MAIN
sh.605188,2025-05-16,13.31,12.1,10.000000000000009,8.7031,537788191.32,61.792716540083426,1,True,28.450106157112522,0,MAIN
sh.605188,2025-05-19,14.64,13.31,9.99248685199099,9.1729,648378995.73,70.68418883123113,2,False,28.474903474903492,0,MAIN
sh.605188,2025-05-28,14.06,12.78,10.015649452269182,7.6898,515024395.84,66.97500531093137,1,True,-11.679336558396692,0,MAIN
sh.605198,2025-05-06,41.83,38.03,9.992111490928202,1.4939,151802470.55,101.61488088225451,1,True,1.278295605858859,0,MAIN
sh.605198,2025-05-14,55.66,50.6,9.999999999999986,1.1144,151531844.0,135.97617013639626,1,True,34.0042372881356,0,MAIN
sh.605198,2025-06-16,54.56,49.6,10.000000000000009,1.5623,206826754.48,132.38606828394035,1,True,-17.607973421926914,0,MAIN
sh.605199,2025-05-29,10.06,9.58,5.0104384133611735,3.0768,122316606.54,39.7544873049922,1,True,-27.96992481203008,1,MAIN
sh.605199,2025-06-25,9.11,8.68,4.953917050691237,1.5213,54809585.0,36.028123972917896,1,True,-9.109947643979066,1,MAIN
sh.605228,2025-05-06,11.28,10.25,10.048780487804866,3.4782,162029338.06,46.58424991662354,1,True,-1.061776061776054,0,MAIN
sh.605268,2025-06-19,9.92,9.02,9.977827050997789,6.5379,278080591.7,42.53362573609263,1,True,2.036199095022617,0,MAIN
sh.605277,2025-06-27,17.68,16.07,10.018668326073431,14.0308,761399547.43,54.26629610784845,1,True,6.002638522427439,0,MAIN
sh.605288,2025-05-06,43.19,39.26,10.010188487009676,2.8748,84813585.48,29.502429901210522,1,True,-0.9586276488395606,0,MAIN
sh.605288,2025-05-16,52.23,47.48,10.00421229991575,4.5356,162135061.69,35.74721353073464,1,True,21.494370522006136,0,MAIN
sh.605289,2025-05-20,29.96,27.24,9.985315712187967,9.392,297839653.81,31.71205854024702,1,True,26.697674418604645,0,MAIN
sh.605298,2025-06-05,13.82,12.56,10.031847133757951,4.9371,123324652.14,24.979168366044846,1,True,-3.6809815950920144,0,MAIN
sh.605298,2025-06-19,14.15,12.86,10.031104199066876,3.8511,98540790.35,25.587699709174,1,True,-2.130898021308991,0,MAIN
sh.605299,2025-06-05,9.91,9.01,9.98890122086571,6.078,240087003.13,39.500987681803224,1,True,7.13436385255648,0,MAIN
sh.605300,2025-05-20,15.2,13.82,9.985528219971052,2.6456,155468361.66,58.764878159963715,1,True,-3.8274182324286588,0,MAIN
sh.605303,2025-05-28,11.02,10.02,9.980039920159678,6.2752,108854546.0,17.346785122386535,1,True,16.10660486674391,0,MAIN
sh.605338,2025-05-19,19.69,17.9,10.000000000000009,4.58,213787767.84,46.67855193013101,1,True,-12.768031189083828,0,MAIN
sh.605366,2025-05-29,6.46,5.87,10.051107325383304,7.3296,291731073.92,39.80177280069854,1,True,6.148282097649194,0,MAIN
sh.605376,2025-06-11,38.87,35.34,9.988681380871522,0.5829,59272863.0,101.68616057642821,1,True,0.05662514156286047,0,MAIN
sh.605378,2025-06-25,20.03,18.21,9.9945085118067,6.6951,336503061.95,50.26109571925736,1,True,-20.653594771241824,0,MAIN
sh.605378,2025-06-27,22.3,20.27,10.01480019733596,10.5814,570955383.09,53.958397101517754,1,True,-13.376068376068373,0,MAIN
sh.605388,2025-05-26,6.99,6.35,10.078740157480317,2.1715,88648930.8,40.82382261109832,1,True,-4.2232277526395245,0,MAIN
sh.605388,2025-05-27,7.69,6.99,10.014306151645204,0.8942,41293146.8,46.17887139342428,2,False,10.952380952380958,0,MAIN
sh.605388,2025-05-28,8.46,7.69,10.013003901170348,0.7202,36587706.48,50.80214729241877,3,False,21.870047543581638,0,MAIN
sh.605388,2025-05-29,9.31,8.46,10.047281323877066,3.3002,184495162.11,55.90423674625781,4,False,34.2857142857143,0,MAIN
sh.605388,2025-06-03,9.68,8.8,9.999999999999986,15.9114,802810972.83,50.45508081187074,1,True,47.40368509212731,0,MAIN
sh.605388,2025-06-09,12.05,10.95,10.045662100456632,14.8512,994101054.26,66.93742285202542,1,True,74.64114832535884,0,MAIN
sh.605389,2025-06-30,44.06,40.05,10.01248439450688,2.8677,165877660.36,57.84344957980263,1,True,23.763906056860318,0,MAIN
sh.605398,2025-06-16,29.9,27.18,10.007358351729213,3.8635,184919739.7,47.86326897890513,1,True,-6.63002404671934,0,MAIN
sh.605398,2025-06-24,31.85,28.95,10.017271157167528,6.272,316422150.05,50.449960148278066,1,True,2.008456659619462,0,MAIN
sh.605398,2025-06-30,35.93,32.66,10.012247397428052,10.2817,570567019.84,55.493451456471206,1,True,15.121607331688391,0,MAIN
sh.605580,2025-06-19,12.29,11.17,10.0268576544315,2.5442,85508857.0,33.60932984828237,1,True,-3.1222896790980004,0,MAIN
sh.605599,2025-05-28,16.74,15.22,9.98685939553219,2.0432,253994000.61,124.3118640416993,1,True,23.338735818476497,0,MAIN
sh.605599,2025-06-03,17.01,15.46,10.025873221216042,2.8578,363997707.27,127.36990246693259,1,True,14.264597191426475,0,MAIN
sh.605599,2025-06-04,18.71,17.01,9.994121105232212,4.1428,577277257.77,139.34470835425316,2,False,22.1105527638191,0,MAIN
sh.688011,2025-06-18,26.27,21.89,20.00913659205117,8.0636,200597878.92,24.876963009077834,1,True,17.184154175588873,0,STAR
sh.688062,2025-06-27,28.62,23.85,19.999999999999996,14.514,827465332.01,57.0115290071655,1,True,5.298013245033117,0,STAR
sh.688070,2025-05-30,47.11,39.26,19.994905756495164,9.0859,353202940.3,38.87374286531879,1,True,1.8681888946548986,0,STAR
sh.688151,2025-06-26,26.17,21.81,19.990829894543793,9.9519,836446213.85,84.04889657753796,1,True,25.70605187319883,0,STAR
sh.688171,2025-05-07,26.32,21.93,20.018239854081177,13.8673,183051419.7,13.200220641364936,1,True,17.903225806451605,0,STAR
sh.688183,2025-06-05,38.27,31.89,20.00627155848229,4.2081,1255630622.25,298.3842166892422,1,True,7.085292142377431,0,STAR
sh.688201,2025-06-26,13.19,10.99,20.0181983621474,14.3873,535401104.86,37.213452479617445,1,True,19.586507072905345,0,STAR
sh.688203,2025-06-16,15.54,12.95,19.999999999999996,16.3301,276180436.01,16.912354242166302,1,True,28.090999010880324,0,STAR
sh.688206,2025-05-29,27.77,23.14,20.008643042350904,12.2497,591776128.31,48.30943846053373,1,True,9.876543209876543,0,STAR
sh.688272,2025-06-16,26.81,22.34,20.008952551477165,9.114,170581095.73,18.716380922756194,1,True,0.8577878103837477,0,STAR
sh.688280,2025-05-06,8.38,6.98,20.057306590257884,11.41,473914696.47,41.53503036546889,3,False,28.78228782287824,0,STAR
sh.688280,2025-05-07,10.06,8.38,20.04773269689737,17.697,912235773.16,51.54748110753235,4,False,53.761467889908275,0,STAR
sh.688287,2025-05-06,4.36,4.1,6.341463414634174,1.9011,30117462.9,15.842124506864446,2,False,-26.391382405745066,1,STAR
sh.688287,2025-06-03,5.08,4.81,5.613305613305619,1.9507,36203118.92,18.559039790844313,1,True,26.912928759894438,1,STAR
sh.688287,2025-06-26,5.69,5.39,5.56586270871986,2.211,46110684.89,20.855126589778383,1,True,16.16379310344829,1,STAR
sh.688291,2025-06-13,27.11,22.59,20.008853474988932,18.2052,164156772.81,9.017026608331685,1,True,0.04428697962799433,0,STAR
sh.688291,2025-06-16,32.53,27.11,19.992622648469215,29.2296,315439324.26,10.791776974710567,2,False,20.48888888888889,0,STAR
sh.688316,2025-06-05,59.03,49.19,20.00406586704615,21.5734,423963246.66,19.652129319439684,1,True,-15.4810996563574,0,STAR
sh.688336,2025-05-19,32.81,27.34,20.00731528895392,1.9698,377621669.66,191.70558922733272,1,True,-4.103823219922842,0,STAR
sh.688336,2025-05-20,39.37,32.81,19.993904297470277,0.6261,152007778.3,242.78514342756748,2,False,19.352491815205553,0,STAR
sh.688336,2025-05-21,47.24,39.37,19.989839979679974,1.3668,394852617.52,288.8883651741293,3,False,45.43775397118581,0,STAR
sh.688336,2025-05-22,56.69,47.24,20.004233700254016,3.731,1265349952.14,339.1449885124632,4,False,73.35779816513761,0,STAR
sh.688353,2025-06-24,31.02,25.85,19.999999999999996,24.5541,448782511.65,18.277294286901167,1,True,26.902307314678442,0,STAR
sh.688382,2025-05-29,29.1,24.25,19.999999999999996,3.9365,436069498.86,110.77594280706211,1,True,12.372567191844318,0,STAR
sh.688448,2025-05-08,33.76,28.13,20.01421969427657,13.8616,217911665.78,15.720527628845156,1,True,-2.798894263994478,0,STAR
sh.688455,2025-05-26,14.4,12.0,19.999999999999996,9.7214,174463997.37,17.946386052420436,1,True,6.477373558118904,0,STAR
sh.688455,2025-05-27,17.28,14.4,19.999999999999996,10.2175,225230119.11,22.04356438561292,2,False,25.32637075718016,0,STAR
sh.688496,2025-06-18,9.58,7.98,20.050125313283207,12.19,266174818.73,21.83550604840033,1,True,3.6363636363636376,0,STAR
sh.688499,2025-06-24,40.06,33.38,20.01198322348712,17.2592,1084847202.42,62.85616960345787,1,True,19.044222539229683,0,STAR
sh.688511,2025-05-06,13.76,11.47,19.96512641673931,5.6681,77107334.27,13.603735690972282,1,True,-13.5644310474755,1,STAR
sh.688511,2025-05-07,14.65,13.76,6.468023255813948,8.3754,126533264.43,15.107727921054515,2,False,2.6099925428784365,1,STAR
sh.688511,2025-05-12,18.2,15.65,16.293929712460063,7.0473,128536427.25,18.23910252862799,1,True,35.26361279170267,1,STAR
sh.688511,2025-05-27,17.37,16.48,5.400485436893199,2.3994,42313269.26,17.634937592731514,1,True,31.105807478122504,1,STAR
sh.688511,2025-06-30,18.6,16.98,9.540636042402827,2.8491,53066789.72,18.62580805166544,1,True,-1.106581246359939,1,STAR
sh.688552,2025-05-08,30.7,25.58,20.01563721657544,35.5055,838254747.25,23.609152025742492,1,True,27.772227772227765,0,STAR
sh.688552,2025-05-12,40.93,34.11,19.994136616827916,31.1938,980508905.85,31.432813759465024,1,True,86.49535265172226,0,STAR
sh.688556,2025-05-08,10.73,8.94,20.022371364653257,8.1065,453294898.02,55.91746105224203,1,True,-13.53965183752418,0,STAR
sh.688591,2025-06-25,48.16,40.13,20.009967605282817,17.0614,1346182167.53,78.90221010761134,1,True,13.042253521126778,0,STAR
sh.688609,2025-05-06,11.63,9.69,20.020639834881337,8.6659,478094483.39,55.16962847367267,1,True,-3.9643211100099163,0,STAR
sh.688619,2025-06-12,12.01,10.01,19.980019980019968,7.9477,169957432.5,21.38448010116134,1,True,0.09999999999998899,0,STAR
sh.688626,2025-06-30,44.02,36.68,20.01090512540895,5.6443,373116414.05,66.10499336498769,1,True,-2.18666666666667,0,STAR
sh.688646,2025-06-26,28.94,27.25,6.201834862385325,5.1844,85518157.2,16.495285317490936,1,True,5.09062861550329,1,STAR
sh.688648,2025-05-12,32.47,27.06,19.992609016999264,14.484,296958928.89,20.50254963338857,1,True,31.104651162790688,0,STAR
sh.688648,2025-05-26,55.2,46.0,19.999999999999996,19.2611,671297486.05,34.85249991173921,1,True,98.70410367170628,0,STAR
sh.688656,2025-06-10,118.78,98.98,20.004041220448563,5.6769,392467311.4,69.13408927407563,1,True,8.709500274574422,0,STAR
sh.688656,2025-06-23,122.4,102.0,19.999999999999996,4.8117,345625517.04,71.83022986470479,1,True,16.8384879725086,0,STAR
sh.688755,2025-05-16,46.1,22.77,102.45937637241984,75.6516,608984203.56,8.049852264327523,1,True,,0,STAR
sh.688757,2025-06-27,29.71,24.76,19.99192245557351,48.3805,446099715.21,9.220651196453115,1,True,8.739569609134845,0,STAR
sh.688775,2025-06-11,177.0,47.27,274.4446795007404,69.8011,3738540950.23,53.55991453186268,1,True,,0,STAR
sh.688775,2025-06-18,204.22,170.18,20.002350452462103,34.094,1997060329.52,58.575125521206076,1,True,,0,STAR
sh.688799,2025-06-03,55.63,46.36,19.995685936151865,13.234,857449186.11,64.79138477482243,1,True,3.853046594982068,0,STAR
sz.000004,2025-05-12,8.12,7.73,5.045278137128051,6.7202,67758207.32,10.082766483140382,1,True,-10.739030023094687,1,MAIN
sz.000004,2025-05-13,8.53,8.12,5.049261083743839,11.5964,123571285.55,10.65600406591701,2,False,-8.558558558558572,1,MAIN
sz.000004,2025-05-20,9.02,8.59,5.005820721769494,9.6873,109401689.0,11.293310726414997,1,True,-11.806981519507186,1,MAIN
sz.000004,2025-05-21,9.47,9.02,4.988913525498906,9.9059,115551466.14,11.664913449560363,2,False,-12.256809338521402,1,MAIN
sz.000004,2025-05-26,9.54,9.09,4.950495049504933,5.9471,70462515.6,11.848214356577156,1,True,-0.1098901098901095,1,MAIN
sz.000004,2025-05-27,10.02,9.54,5.031446540880502,6.68,83525284.0,12.50378502994012,2,False,5.414364640883962,1,MAIN
sz.000004,2025-05-30,10.38,9.89,4.954499494438824,9.6297,122877438.64,12.760256149205064,1,True,17.878426698450546,1,MAIN
sz.000014,2025-05-19,11.88,10.8,10.000000000000009,4.7368,132307103.32,27.931747871981088,1,True,2.9551954242135414,0,MAIN
sz.000014,2025-06-11,12.33,11.21,9.99107939339874,10.7289,312876856.62,29.16206289740794,1,True,2.749770852428979,0,MAIN
sz.000016,2025-06-24,5.07,4.61,9.97830802603037,3.8879,311132332.03,80.025806227012,1,True,-6.8686868686868685,0,MAIN
sz.000020,2025-06-17,13.78,12.53,9.97605746209098,5.1305,126290280.29,24.61558918039178,1,True,5.294117647058805,0,MAIN
sz.000020,2025-06-18,15.16,13.78,10.0145137880987,14.8945,390246944.59,26.20074152136695,2,False,13.415637860082285,0,MAIN
sz.000026,2025-05-09,11.62,10.56,10.037878787878784,6.1528,259447602.52,42.167403868157585,1,True,6.882591093117396,0,MAIN
sz.000026,2025-06-26,13.07,11.88,10.016835016835014,7.2021,328360654.96,45.59234875383568,1,True,-16.160903316866616,0,MAIN
sz.000026,2025-06-27,14.38,13.07,10.022953328232598,14.3918,730161383.18,50.734542112869825,2,False,-8.856345885634587,0,MAIN
sz.000026,2025-06-30,15.82,14.38,10.01390820584145,2.3182,133772575.3,57.70536420498662,3,False,0.0,0,MAIN
sz.000029,2025-05-30,20.01,18.19,10.00549752611326,1.9916,350984386.39,176.23236914541073,1,True,17.658473479948245,0,MAIN
sz.000037,2025-05-29,9.46,8.6,10.000000000000009,6.2476,197047634.62,31.53973279659389,1,True,-2.1615472127417434,0,MAIN
sz.000045,2025-05-26,11.13,10.12,9.980237154150217,3.3984,168839418.0,49.68203213276836,1,True,2.1190716448032276,0,MAIN
sz.000062,2025-05-06,28.18,25.62,9.992193598750966,6.174,1731125033.93,280.3895422627146,1,True,9.957081545064383,0,MAIN
sz.000062,2025-06-27,27.49,24.99,10.004001600640256,5.9281,1651528371.54,278.5932038157251,1,True,-0.9119746233148263,0,MAIN
sz.000065,2025-06-24,10.75,9.77,10.030706243602872,5.1321,522904633.47,101.8890188168586,1,True,-7.917059377945335,0,MAIN
sz.000065,2025-06-27,11.73,10.66,10.037523452157604,15.2011,1696100567.29,111.5774889507996,1,True,1.4272121788772685,0,MAIN
sz.000078,2025-05-27,2.57,2.34,9.82905982905984,2.6338,174822156.16,66.37639766117397,1,True,3.083700440528636,0,MAIN
sz.000088,2025-05-19,5.37,4.88,10.040983606557386,5.0358,589695331.56,117.10062583104967,1,True,6.318082788671031,0,MAIN
sz.000158,2025-05-06,24.82,22.56,10.017730496453916,16.3581,6247857317.31,381.9427266803602,2,False,3.1550068587105518,0,MAIN
sz.000159,2025-06-19,6.47,5.88,10.034013605442183,17.3028,521119771.87,30.117655632036435,1,True,5.376344086021501,0,MAIN
sz.000403,2025-06-12,18.62,16.93,9.98227997637331,8.0239,1375811945.82,171.46424379915004,1,True,-22.410632447296063,0,MAIN
sz.000420,2025-05-14,4.1,3.73,9.919571045576392,12.7028,1259877866.94,99.18111494631106,1,True,9.384164222873892,0,MAIN
sz.000420,2025-05-15,4.51,4.1,10.000000000000009,10.9469,1187884194.92,108.51329553754945,2,False,20.23460410557183,0,MAIN
sz.000420,2025-05-19,5.04,4.58,10.043668122270732,21.9835,2560679935.25,116.48190393931813,1,True,34.70588235294119,0,MAIN
sz.000422,2025-05-07,12.32,11.2,10.000000000000009,9.9816,1265324691.28,126.76571804921055,1,True,-18.781725888324875,0,MAIN
sz.000430,2025-05-09,7.35,7.0,5.000000000000004,6.7761,162646570.07,24.002976648809785,1,True,-12.609238451935079,1,MAIN
sz.000488,2025-05-20,2.07,1.97,5.076142131979688,4.9237,169098355.92,34.3437569145155,1,True,7.650273224043702,1,MAIN
sz.000504,2025-05-06,6.0,5.71,5.078809106830118,2.9789,54786562.16,18.39154122662728,1,True,-43.35317460317461,1,MAIN
sz.000504,2025-05-08,6.33,6.03,4.975124378109452,2.3982,46646911.98,19.45080142606955,1,True,-39.7,1,MAIN
sz.000504,2025-05-09,6.65,6.33,5.0552922590837435,3.3523,68812829.42,20.527049912000717,2,False,-29.666666666666664,1,MAIN
sz.000504,2025-05-19,7.25,6.9,5.072463768115942,2.7075,60802377.86,22.457018600184668,1,True,-25.243770314192847,1,MAIN
sz.000504,2025-06-05,7.39,7.04,4.971590909090895,2.2098,50294266.0,22.75964612182098,1,True,17.333333333333336,1,MAIN
sz.000504,2025-06-06,7.76,7.39,5.006765899864685,2.2881,54447977.8,23.796153052751194,2,False,22.55389718076284,1,MAIN
sz.000504,2025-06-09,8.15,7.76,5.025773195876293,1.8296,46141079.5,25.21921704197639,3,False,22.590837282780395,1,MAIN
sz.000504,2025-06-10,8.56,8.15,5.03067484662576,0.3052,8115744.56,26.591561467889903,4,False,22.55639097744362,1,MAIN
sz.000504,2025-06-16,8.76,8.34,5.035971223021574,0.7698,20853836.0,27.089940244219278,1,True,17.796610169491522,1,MAIN
sz.000504,2025-06-30,9.53,9.08,4.955947136563865,2.6833,77763455.44,28.980529735773114,1,True,29.160739687055482,1,MAIN
sz.000506,2025-06-05,8.11,7.37,10.04070556309362,11.2852,834716417.02,73.96558474993797,1,True,6.657018813314042,0,MAIN
sz.000506,2025-06-06,8.92,8.11,9.987669543773126,9.6747,780197318.37,80.64305026202364,2,False,17.36613603473227,0,MAIN
sz.000507,2025-05-19,6.16,5.6,10.000000000000009,5.1638,282865389.26,54.77853310740152,1,True,5.461393596986808,0,MAIN
sz.000510,2025-05-23,5.37,4.88,10.040983606557386,11.0582,352569591.61,31.883090521965602,1,True,-9.963099630996307,0,MAIN
sz.000510,2025-05-26,5.91,5.37,10.05586592178771,17.3798,608264193.36,34.998342521778156,2,False,-6.932409012131702,0,MAIN
sz.000510,2025-06-03,6.03,5.48,10.036496350364963,21.0294,756550876.04,35.97586598000894,1,True,13.692946058091282,0,MAIN
sz.000518,2025-05-13,2.05,1.95,5.128205128205132,4.7569,99549776.09,20.92744772646051,1,True,-7.142857142857151,1,MAIN
sz.000518,2025-06-09,2.42,2.3,5.21739130434784,3.4775,85387120.95,24.554168497483825,1,True,24.324324324324298,1,MAIN
sz.000518,2025-06-10,2.54,2.42,4.958677685950419,4.5336,117171507.66,25.845135799364744,2,False,26.041666666666675,1,MAIN
sz.000518,2025-06-11,2.67,2.54,5.118110236220463,2.0972,56751995.01,27.060840649437342,3,False,30.25641025641026,1,MAIN
sz.000518,2025-06-16,2.69,2.56,5.078125,1.9047,52398791.72,27.51025973644143,1,True,19.626168224299057,1,MAIN
sz.000519,2025-06-25,19.22,17.47,10.017172295363476,9.7487,2524775325.07,258.98584683803995,1,True,5.177603853100532,0,MAIN
sz.000519,2025-06-30,21.89,19.9,10.000000000000009,9.3816,2768863805.98,295.1376957000938,1,True,20.096560048280022,0,MAIN
sz.000520,2025-05-13,5.09,4.63,9.935205183585303,8.2393,405234834.18,49.18316291189786,1,True,14.888337468982616,0,MAIN
sz.000520,2025-05-14,5.6,5.09,10.019646365422386,18.1256,990727519.95,54.65901928487885,2,False,22.35576923076923,0,MAIN
sz.000520,2025-06-13,5.27,4.79,10.020876826722326,14.3902,758683514.3,52.72223557004072,1,True,-14.464285714285708,0,MAIN
sz.000520,2025-06-17,5.58,5.07,10.05917159763312,14.0663,759420537.44,53.988649285170936,1,True,-3.244274809160308,0,MAIN
sz.000525,2025-05-27,7.08,6.74,5.044510385756684,3.7773,260547258.59,68.97711555608504,1,True,-1.3177159590043952,1,MAIN
sz.000525,2025-06-05,7.79,7.42,4.986522911051217,3.1884,242551113.57,76.0729875705683,1,True,7.38060781476122,1,MAIN
sz.000525,2025-06-09,8.54,8.13,5.043050430504281,5.7954,477693431.57,82.42630906753632,1,True,15.811965811965823,1,MAIN
sz.000525,2025-06-17,9.03,8.21,9.987819732034088,16.4611,1458643985.09,88.61157426235185,1,True,13.554633471645916,0,MAIN
sz.000530,2025-06-05,6.04,5.49,10.018214936247729,9.9598,352105092.2,35.35262677965421,1,True,1.4787430683918634,0,MAIN
sz.000533,2025-06-04,7.12,6.47,10.046367851622872,4.2446,205435026.44,48.39914866889694,1,True,12.914485165794055,0,MAIN
sz.000533,2025-06-05,7.83,7.12,9.971910112359538,18.3223,978394467.07,53.399107484868175,2,False,19.26298157453936,0,MAIN
sz.000539,2025-05-28,4.79,4.35,10.114942528735638,6.1775,742639436.99,120.21682508943746,1,True,-3.761061946902655,0,MAIN
sz.000539,2025-05-29,5.27,4.79,10.020876826722326,3.7431,501873020.78,134.07951184312466,2,False,3.90455531453362,0,MAIN
sz.000545,2025-05-07,2.35,2.14,9.81308411214954,6.5097,147039059.2,22.587685945588888,1,True,-0.92592592592593,0,MAIN
sz.000545,2025-05-26,2.65,2.41,9.958506224066376,14.1394,351147765.27,24.834700572160063,1,True,19.3069306930693,0,MAIN
sz.000545,2025-05-29,2.76,2.51,9.960159362549792,12.7864,333182433.6,26.05756378652318,1,True,26.76767676767675,0,MAIN
sz.000546,2025-06-04,4.9,4.45,10.1123595505618,8.3221,275363810.58,33.08826024440946,1,True,4.705882352941182,0,MAIN
sz.000547,2025-06-23,7.96,7.24,9.944751381215466,6.936,864364675.27,124.62005122116493,1,True,0.0,0,MAIN
sz.000554,2025-06-13,7.15,6.5,10.000000000000009,26.0097,658986322.72,25.336175454541966,1,True,2.6856240126382325,0,MAIN
sz.000554,2025-06-16,7.87,7.15,10.069930069930066,16.6857,468372546.14,28.070296489808637,2,False,14.035087719298268,0,MAIN
sz.000554,2025-06-23,8.27,7.52,9.97340425531914,27.585,804607328.46,29.168291769439918,1,True,20.319999999999983,0,MAIN
sz.000555,2025-05-29,12.06,10.96,10.036496350364963,7.1093,804902460.14,113.21824372863712,1,True,0.9208103130755152,0,MAIN
sz.000555,2025-06-23,13.54,12.31,9.991876523151898,3.4447,442700750.64,128.51648928498852,1,True,12.728937728937728,0,MAIN
sz.000559,2025-05-08,7.67,6.97,10.04304160688665,2.0772,517721633.54,249.24014709223957,1,True,-9.715025906735752,0,MAIN
sz.000559,2025-05-09,8.44,7.67,10.039113428943924,2.6929,734551769.7,272.77350428905646,2,False,10.359712230215834,0,MAIN
sz.000559,2025-05-12,9.28,8.44,9.952606635071092,10.7625,3271672227.7,303.9881280092915,3,False,34.609250398724086,0,MAIN
sz.000561,2025-05-22,8.7,7.91,9.987357774968377,3.6471,187586333.27,51.43438163746538,1,True,8.953168044077131,0,MAIN
sz.000561,2025-05-23,9.57,8.7,10.000000000000009,17.8579,980568309.68,54.90949717939959,2,False,17.886178861788604,0,MAIN
sz.000561,2025-05-27,10.79,9.81,9.989806320081527,20.3887,1286565366.1,63.10188320491252,1,True,33.28804347826087,0,MAIN
sz.000561,2025-06-23,9.38,8.53,9.964830011723349,7.6172,414093290.46,54.362927382765314,1,True,-1.9540229885057436,0,MAIN
sz.000565,2025-05-06,8.31,7.55,10.066225165562926,31.63,1109801114.28,35.08697800442618,5,False,41.651031894934334,0,MAIN
sz.000565,2025-05-07,9.14,8.31,9.98796630565584,28.2874,1092100700.21,38.60731987421962,6,False,55.6179775280899,0,MAIN
sz.000565,2025-05-14,11.58,10.53,9.971509971509974,34.6491,1630542804.56,47.05873470191145,1,True,117.56198347107438,0,MAIN
sz.000565,2025-05-15,12.74,11.58,10.017271157167528,35.0149,1875388791.15,53.559735745354125,2,False,136.80981595092027,0,MAIN
sz.000565,2025-05-16,14.01,12.74,9.968602825745675,32.9021,1882452433.15,57.21374724257723,3,False,155.31062124248498,0,MAIN
sz.000565,2025-05-27,11.73,10.66,10.037523452157604,25.4412,1238063483.62,48.66372197930915,1,True,107.79727095516569,0,MAIN
sz.000565,2025-06-04,10.58,9.62,9.97920997920998,19.4133,846728755.58,43.61591051392602,1,True,27.417218543046353,0,MAIN
sz.000566,2025-05-15,5.43,4.94,9.91902834008096,6.4035,390408131.62,60.96792872960099,1,True,4.439746300211422,0,MAIN
sz.000566,2025-05-30,6.12,5.56,10.07194244604317,5.7175,403977286.84,70.65628103891561,1,True,15.113871635610753,0,MAIN
sz.000566,2025-06-03,6.73,6.12,9.967320261437916,6.1782,470149617.3,76.09815436534913,2,False,27.23492723492724,0,MAIN
sz.000572,2025-06-24,4.28,3.89,10.025706940874034,4.2823,299712248.28,69.98861552903813,1,True,-4.187192118226591,0,MAIN
sz.000573,2025-05-21,4.95,4.5,10.000000000000009,9.5316,296424725.1,31.09915702505351,1,True,11.111111111111116,0,MAIN
sz.000576,2025-05-09,8.67,7.88,10.025380710659904,17.9246,654750774.93,36.52805501545362,1,True,19.756838905775066,0,MAIN
sz.000576,2025-05-14,10.07,9.15,10.054644808743165,6.3619,277702076.07,43.65080810292522,1,True,35.7566765578635,0,MAIN
sz.000576,2025-06-23,9.23,8.39,10.011918951132293,11.1344,436415650.93,39.195255328531395,1,True,1.0843373493975905,0,MAIN
sz.000590,2025-06-16,10.19,9.26,10.043196544276457,6.7531,158879600.6,23.5269136544698,1,True,2.7746947835738167,0,MAIN
sz.000595,2025-05-19,4.5,4.29,4.895104895104896,2.4028,121551512.0,50.587444647910765,1,True,-21.139705882352942,1,MAIN
sz.000595,2025-05-22,4.96,4.72,5.084745762711873,2.5745,142101181.52,55.19564246261411,1,True,-10.436432637571158,1,MAIN
sz.000595,2025-05-26,5.02,4.78,5.020920502092041,2.8217,159665399.15,56.58482444979977,1,True,-5.533596837944654,1,MAIN
sz.000599,2025-06-03,5.21,4.74,9.915611814345992,6.2195,253805345.9,40.80799837607525,1,True,6.997742663656892,0,MAIN
sz.000599,2025-06-06,5.61,5.1,10.000000000000009,10.5141,457466732.61,43.50983275886667,1,True,10.389610389610372,0,MAIN
sz.000603,2025-06-06,15.4,14.0,10.000000000000009,5.9157,590219325.15,99.77167962371317,1,True,1.59651669085632,0,MAIN
sz.000605,2025-05-19,8.34,7.58,10.026385224274414,7.7247,219807844.2,28.45519492019107,1,True,6.911142454160801,0,MAIN
sz.000607,2025-06-26,4.51,4.1,10.000000000000009,11.477,452085868.74,39.390595864773026,1,True,7.329842931937169,0,MAIN
sz.000608,2025-05-19,1.8,1.71,5.263157894736836,3.9559,52220977.01,13.200782883793826,1,True,13.245033112582782,1,MAIN
sz.000608,2025-06-09,2.01,1.91,5.235602094240832,2.7137,39629362.8,14.603442827136384,1,True,16.463414634146332,1,MAIN
sz.000609,2025-05-06,2.43,2.31,5.1948051948051965,2.5678,18085815.43,7.043311562426981,1,True,-4.545454545454541,1,MAIN
sz.000609,2025-05-07,2.55,2.43,4.938271604938249,5.7366,42219503.4,7.359673569710281,2,False,0.0,1,MAIN
sz.000609,2025-05-14,2.73,2.6,5.000000000000004,4.5433,35527491.22,7.819754632095612,1,True,22.065727699530523,1,MAIN
sz.000609,2025-05-16,2.86,2.72,5.1470588235293935,10.0923,83141753.42,8.238137334403456,1,True,26.511627906976763,1,MAIN
sz.000609,2025-05-20,3.09,2.94,5.102040816326525,7.1018,60962162.0,8.584043763552902,1,True,24.0506329113924,1,MAIN
sz.000609,2025-05-21,3.24,3.09,4.854368932038855,15.0698,140682343.72,9.33538226917411,2,False,25.609756097560975,1,MAIN
sz.000609,2025-05-26,3.08,2.93,5.119453924914663,7.9854,70420593.88,8.818668304655995,1,True,13.127413127413146,1,MAIN
sz.000609,2025-05-28,3.22,3.07,4.885993485342022,7.7435,71856208.24,9.279551654936396,1,True,22.799999999999997,1,MAIN
sz.000609,2025-05-29,3.38,3.22,4.968944099378869,7.7999,76230505.28,9.773267000858985,2,False,31.428571428571427,1,MAIN
sz.000609,2025-06-09,3.37,3.21,4.984423676012462,4.9395,47737813.0,9.664503087357021,1,True,27.380952380952372,1,MAIN
sz.000609,2025-06-11,3.54,3.37,5.044510385756684,3.6064,37077143.54,10.280929331188997,1,True,32.67716535433072,1,MAIN
sz.000612,2025-05-19,7.92,7.2,9.999999999999986,11.0167,1026786407.64,93.20272020114916,1,True,7.302533532041733,0,MAIN
sz.000615,2025-05-12,3.34,3.18,5.031446540880502,2.0875,52292234.0,25.050171976047906,1,True,-11.1731843575419,1,MAIN
sz.000615,2025-06-10,3.29,3.13,5.111821086261981,3.2995,82742920.58,25.07741190483406,1,True,-1.572327044025168,1,MAIN
sz.000628,2025-05-19,49.64,45.13,9.993352537114998,7.6567,708327909.2,92.51086097143678,1,True,4.443415875954648,0,MAIN
sz.000632,2025-05-06,3.54,3.22,9.93788819875776,8.1633,130443698.29,15.979285128563204,1,True,-3.0120481927710774,0,MAIN
sz.000632,2025-06-26,4.25,3.86,10.103626943005196,8.1879,155997622.15,19.052213894893683,1,True,6.6298342541436295,0,MAIN
sz.000633,2025-06-23,6.15,5.59,10.017889087656528,2.199,51162170.0,23.266107321509775,1,True,-13.867488443759635,0,MAIN
sz.000637,2025-05-14,4.03,3.66,10.10928961748634,11.9065,173127994.46,14.540628602863984,1,True,12.615384615384627,0,MAIN
sz.000637,2025-05-15,4.43,4.03,9.92555831265507,17.7228,288660410.27,16.2875172247049,2,False,24.382716049382715,0,MAIN
sz.000637,2025-06-19,4.43,4.03,9.92555831265507,6.9313,111312713.85,16.059428079869576,1,True,6.33245382585752,0,MAIN
sz.000637,2025-06-20,4.87,4.43,9.932279909706557,27.3245,487616493.55,17.84539492213947,2,False,14.766839378238327,0,MAIN
sz.000637,2025-06-23,5.36,4.87,10.061601642710482,8.5302,167028949.97,19.580894934468123,3,False,24.871794871794872,0,MAIN
sz.000638,2025-05-07,3.23,3.08,4.870129870129869,6.3143,61661803.61,9.76542191691874,1,True,-37.65182186234818,1,MAIN
sz.000638,2025-05-13,3.56,3.39,5.014749262536866,8.1815,89316663.3,10.916905616329524,1,True,-29.95867768595041,1,MAIN
sz.000638,2025-05-14,3.74,3.56,5.0561797752809,2.1151,24533868.92,11.599389589144723,2,False,-27.198364008179954,1,MAIN
sz.000638,2025-05-15,3.93,3.74,5.080213903743314,0.3161,3852972.0,12.18909205947485,3,False,-23.360655737704917,1,MAIN
sz.000638,2025-05-19,4.25,4.05,4.938271604938271,5.4023,71191834.0,13.17806008551913,1,True,-20.27559055118111,1,MAIN
sz.000638,2025-05-21,4.31,4.1,5.1219512195122,9.3137,122004115.58,13.099425102805544,1,True,-18.000000000000004,1,MAIN
sz.000638,2025-06-03,5.04,4.8,5.000000000000004,0.7198,11252062.08,15.632206279522089,1,True,50.94339622641508,1,MAIN
sz.000639,2025-05-15,3.17,2.88,10.069444444444445,10.9367,361168286.94,33.02351595453839,1,True,3.597122302158273,0,MAIN
sz.000639,2025-05-27,3.32,3.02,9.93377483443707,8.5464,296190182.59,34.6567189214172,1,True,-1.3071895424836666,0,MAIN
sz.000656,2025-05-08,1.46,1.39,5.035971223021596,2.7984,214348142.02,76.59667739422528,1,True,2.962962962962945,1,MAIN
sz.000656,2025-05-12,1.56,1.49,4.697986577181212,0.1637,13579332.0,82.95254734270006,1,True,22.131147540983598,1,MAIN
sz.000656,2025-05-13,1.64,1.56,5.12820512820511,0.1392,12143380.0,87.23692528735631,2,False,28.92561983471076,1,MAIN
sz.000656,2025-05-21,1.58,1.5,5.3333333333333455,2.7259,223092430.12,81.84175139220073,1,True,6.382978723404253,1,MAIN
sz.000665,2025-06-05,5.5,5.0,10.000000000000009,8.9251,536519035.7,60.113504128805275,1,True,-0.5964214711729698,0,MAIN
sz.000668,2025-05-06,5.12,4.88,4.918032786885251,3.4212,25155376.2,7.3527932304454575,2,False,-4.6875,1,MAIN
sz.000668,2025-05-07,5.38,5.12,5.078125,5.0763,39013808.28,7.685481212694286,3,False,-0.5825242718446644,1,MAIN
sz.000668,2025-05-08,5.65,5.38,5.018587360594795,3.5057,28630382.61,8.166809085204097,4,False,4.873294346978563,1,MAIN
sz.000668,2025-05-14,5.83,5.55,5.04504504504506,2.8225,23709023.8,8.400008432240922,1,True,19.354838709677402,1,MAIN
sz.000668,2025-05-16,6.38,6.08,4.9342105263157965,5.3901,48741851.76,9.042847398007456,1,True,19.215686274509824,1,MAIN
sz.000668,2025-05-19,6.7,6.38,5.0156739811912265,3.3098,32270559.09,9.750002746389509,2,False,30.470347648261775,1,MAIN
sz.000668,2025-05-21,7.1,6.76,5.02958579881656,2.7661,28266605.0,10.218938216261163,1,True,14.18918918918919,1,MAIN
sz.000668,2025-05-28,7.65,7.29,4.938271604938271,4.1475,46173063.56,11.132745885473177,1,True,50.309278350515484,1,MAIN
sz.000668,2025-06-04,7.98,7.6,5.000000000000004,3.367,39004062.54,11.584218158598159,1,True,55.73770491803278,1,MAIN
sz.000668,2025-06-18,8.6,8.19,5.0061050061050105,3.4853,42061945.6,12.068385963905547,1,True,22.238805970149244,1,MAIN
sz.000669,2025-05-22,2.11,2.01,4.975124378109452,2.2785,31907900.95,14.003906495501425,1,True,5.789473684210522,1,MAIN
sz.000669,2025-05-23,2.22,2.11,5.213270142180115,1.9432,29125922.0,14.988638328530259,2,False,11.05263157894736,1,MAIN
sz.000669,2025-05-26,2.33,2.22,4.954954954954949,1.7199,27236361.0,15.83601430315716,3,False,18.085106382978733,1,MAIN
sz.000669,2025-05-27,2.45,2.33,5.150214592274693,3.4592,57022616.65,16.484336450624422,4,False,21.354166666666675,1,MAIN
sz.000669,2025-06-03,2.37,2.26,4.86725663716816,2.608,41114434.0,15.764736963190183,1,True,12.43781094527363,1,MAIN
sz.000669,2025-06-04,2.49,2.37,5.063291139240511,3.88,65201879.6,16.804608144329897,2,False,18.500000000000007,1,MAIN
sz.000669,2025-06-06,2.65,2.52,5.158730158730163,2.9486,52589149.88,17.835294675439194,1,True,26.0,1,MAIN
sz.000669,2025-06-11,2.73,2.6,5.000000000000004,2.6076,47773249.8,18.320773815002298,1,True,24.40191387559809,1,MAIN
sz.000669,2025-06-16,2.79,2.66,4.8872180451127845,3.2223,60496665.28,18.77437398131769,1,True,32.33830845771146,1,MAIN
sz.000669,2025-06-23,2.75,2.62,4.961832061068705,2.3815,44022138.0,18.485046399328155,1,True,24.170616113744092,1,MAIN
sz.000670,2025-05-20,7.56,6.87,10.043668122270732,12.4532,659403634.25,52.95053755259692,1,True,4.566210045662089,0,MAIN
sz.000677,2025-05-06,4.57,4.15,10.120481927710845,3.4342,133357156.7,38.83208802632345,1,True,7.792207792207795,0,MAIN
sz.000677,2025-05-07,5.03,4.57,10.0656455142232,11.8937,494733287.8,41.59624740829178,2,False,18.393782383419712,0,MAIN
sz.000677,2025-05-19,5.56,5.05,10.099009900990088,13.459,613198442.44,45.56047569953192,1,True,12.975391498881429,0,MAIN
sz.000677,2025-05-20,6.12,5.56,10.07194244604317,19.3923,1016519290.02,52.418706910474775,2,False,24.10714285714284,0,MAIN
sz.000677,2025-05-27,6.4,5.82,9.965635738831624,19.178,989132189.93,51.576399516633636,1,True,28.19383259911894,0,MAIN
sz.000677,2025-06-30,5.65,5.14,9.922178988326856,8.9504,415497935.16,46.422275558634254,1,True,-14.759535655058054,0,MAIN
sz.000678,2025-05-07,13.9,12.64,9.968354430379756,20.3252,1224807759.17,60.26055139285223,1,True,5.774058577405872,0,MAIN
sz.000678,2025-05-12,16.82,15.29,10.006540222367576,24.9954,1829165268.31,73.1800758663594,1,True,46.175908221797314,0,MAIN
sz.000678,2025-05-14,18.15,16.5,9.999999999999986,24.6157,1969871651.76,80.02501053230255,1,True,45.11873350923483,0,MAIN
sz.000681,2025-05-08,22.51,20.46,10.019550342131,10.5542,1542885107.11,146.18683624623372,1,True,-1.5399422521655493,0,MAIN
sz.000691,2025-05-06,3.51,3.34,5.089820359281427,0.9526,10808851.95,11.3466848099937,2,False,14.383561643835607,1,MAIN
sz.000691,2025-05-07,3.69,3.51,5.128205128205132,0.3752,4476006.9,11.929655916844352,3,False,19.387755102040806,1,MAIN
sz.000691,2025-05-08,3.87,3.69,4.878048780487809,1.2324,15417998.73,12.510547492697176,4,False,26.369863013698634,1,MAIN
sz.000691,2025-05-12,4.25,4.05,4.938271604938271,13.226,180623624.8,13.65670836231665,1,True,65.30612244897958,1,MAIN
sz.000691,2025-05-14,4.34,4.13,5.084745762711873,10.4278,141924803.19,13.610234487619632,1,True,58.23754789272031,1,MAIN
sz.000691,2025-05-15,4.56,4.34,5.069124423963123,3.4109,49583479.44,14.536773121463542,2,False,60.14760147601477,1,MAIN
sz.000691,2025-05-19,4.78,4.55,5.054945054945059,8.8923,135431293.31,15.23017591736671,1,True,60.77738515901059,1,MAIN
sz.000691,2025-05-20,5.02,4.78,5.020920502092041,4.6524,74457656.4,16.004139025019345,2,False,73.81818181818183,1,MAIN
sz.000691,2025-05-21,5.27,5.02,4.980079681274896,2.3557,39757597.0,16.877190219467675,3,False,82.54545454545452,1,MAIN
sz.000691,2025-05-23,5.26,5.01,4.990019960079839,6.005,101463098.38,16.896436033305577,1,True,86.24535315985129,1,MAIN
sz.000691,2025-06-04,4.83,4.6,5.000000000000004,8.7591,136162025.55,15.545207332945166,1,True,37.72455089820359,1,MAIN
sz.000691,2025-06-06,5.12,4.88,4.918032786885251,5.1768,84080848.5,16.2418576147427,1,True,32.24932249322494,1,MAIN
sz.000691,2025-06-24,4.59,4.37,5.034324942791746,2.9274,42896981.5,14.653611224977796,1,True,-16.92015209125475,1,MAIN
sz.000695,2025-05-19,10.34,9.4,9.999999999999986,0.3338,7653678.34,22.928934511683646,1,True,-3.7871033776867846,0,MAIN
sz.000695,2025-05-20,11.37,10.34,9.9613152804642,0.4169,10509291.0,25.20818181818182,2,False,7.708333333333339,0,MAIN
sz.000695,2025-05-21,12.51,11.37,10.026385224274414,0.6146,17046126.0,27.7353172795314,3,False,18.06853582554515,0,MAIN
sz.000695,2025-05-22,13.76,12.51,9.99200639488409,0.9658,29465677.76,30.50908858977014,4,False,29.10216718266254,0,MAIN
sz.000695,2025-05-23,15.14,13.76,10.029069767441868,18.4635,619667298.0,33.5617460394833,5,False,41.85567010309279,0,MAIN
sz.000695,2025-05-28,15.0,13.64,9.97067448680351,30.3403,894264428.9,29.474475496287116,1,True,44.644750795334055,0,MAIN
sz.000695,2025-06-03,15.9,14.45,10.034602076124566,28.4817,976897677.2,34.29913513589428,1,True,53.72340425531914,0,MAIN
sz.000695,2025-06-05,17.05,15.5,10.000000000000009,11.2459,412129593.3,36.64709745774015,1,True,64.89361702127658,0,MAIN
sz.000695,2025-06-20,13.28,12.07,10.02485501242749,7.8185,228160016.0,29.182070218072518,1,True,-3.5171862509991936,0,MAIN
sz.000697,2025-05-08,6.83,6.5,5.076923076923068,4.9862,197427262.0,39.59473386546869,1,True,-18.444165621079044,1,MAIN
sz.000700,2025-06-27,7.76,7.05,10.070921985815604,12.1757,864924403.13,71.03693447851047,1,True,-4.729729729729737,0,MAIN
sz.000701,2025-06-05,6.05,5.5,9.999999999999986,6.9629,267416001.81,38.40583690847205,1,True,5.769230769230771,0,MAIN
sz.000701,2025-06-06,6.66,6.05,10.08264462809918,10.2398,451160817.49,44.0595341207836,2,False,15.458015267175561,0,MAIN
sz.000701,2025-06-12,7.56,6.87,10.043668122270732,24.4797,1159292662.21,47.35730675661875,1,True,32.88201160541586,0,MAIN
sz.000702,2025-05-19,7.28,6.62,9.969788519637458,8.6535,164004166.61,18.952350680071653,1,True,-2.6470588235294024,0,MAIN
sz.000702,2025-06-11,7.62,6.93,9.956709956709965,9.0405,177957826.22,19.684511500470105,1,True,3.125,0,MAIN
sz.000710,2025-05-13,13.96,12.69,10.007880220646182,12.5872,548697197.29,43.59168022197153,1,True,8.184143222506378,0,MAIN
sz.000710,2025-05-23,13.83,12.57,10.023866348448696,10.925,479470139.15,43.88742692448512,1,True,-2.255054432348358,0,MAIN
sz.000712,2025-05-14,13.79,12.54,9.968102073365229,13.4706,1598075871.89,118.63434976096092,1,True,11.268855368234254,0,MAIN
sz.000722,2025-05-19,12.8,11.64,9.965635738831624,10.2016,590204057.21,57.8540677158485,1,True,-7.984189723320156,0,MAIN
sz.000722,2025-05-20,14.08,12.8,9.999999999999986,22.441,1414431952.59,63.02891816719398,2,False,6.577851790174871,0,MAIN
sz.000722,2025-05-21,15.49,14.08,10.01420454545454,19.0559,1333475164.65,69.97702363310052,3,False,20.136518771331048,0,MAIN
sz.000722,2025-06-06,14.33,13.03,9.976976208749043,13.9758,897259767.22,64.20095931681908,1,True,14.09807355516637,0,MAIN
sz.000736,2025-05-06,4.11,3.91,5.115089514066495,4.0913,119971294.14,29.32351432063158,1,True,-25.946969696969703,1,MAIN
sz.000736,2025-05-29,4.58,4.36,5.045871559633031,2.4915,81535918.8,32.72563467790488,1,True,11.22448979591837,1,MAIN
sz.000736,2025-06-11,5.03,4.79,5.0104384133611735,3.7819,135251049.25,35.76272488696158,1,True,11.65501165501166,1,MAIN
sz.000737,2025-06-27,10.31,9.37,10.03201707577377,6.8583,1227822393.33,179.027221516994,1,True,5.162738496071828,0,MAIN
sz.000752,2025-06-30,8.57,8.16,5.024509803921573,2.2734,50697116.21,22.30013029383303,1,True,-4.112808460634543,1,MAIN
sz.000756,2025-05-16,15.65,14.23,9.978917779339412,9.9464,759771918.34,76.38662413938711,1,True,-1.454293628808856,0,MAIN
sz.000759,2025-05-08,8.94,8.13,9.963099630996286,16.5827,943616174.03,56.90365103571794,1,True,5.997392438070426,0,MAIN
sz.000761,2025-05-19,4.29,3.9,10.000000000000009,0.6397,101032916.1,157.93796482726273,1,True,9.550561797752799,0,MAIN
sz.000766,2025-06-16,27.61,25.1,9.999999999999986,7.5129,1964851316.45,261.53034333612857,1,True,28.25753704649976,0,MAIN
sz.000767,2025-05-09,3.1,2.82,9.929078014184412,4.9169,432546560.32,87.97139667676788,1,True,15.102040816326511,0,MAIN
sz.000767,2025-05-13,3.29,2.99,10.033444816053503,7.9135,718087881.28,90.74213448916409,1,True,19.600000000000016,0,MAIN
sz.000777,2025-05-26,19.9,18.09,10.005527915975666,9.323,678771734.12,72.80614975008044,1,True,8.713942307692314,0,MAIN
sz.000777,2025-06-17,21.78,19.8,10.000000000000009,6.5382,532612757.4,81.46168018720749,1,True,10.676355505869207,0,MAIN
sz.000788,2025-06-16,6.58,5.98,10.033444816053503,7.654,293650358.22,38.36560729291874,1,True,4.912280701754401,0,MAIN
sz.000793,2025-05-07,2.68,2.55,5.098039215686279,0.4738,24901833.72,52.557690417897845,1,True,7.14285714285714,1,MAIN
sz.000793,2025-05-08,2.81,2.68,4.850746268656714,0.3123,17207878.0,55.1004739032981,2,False,10.288065843621407,1,MAIN
sz.000793,2025-06-16,2.67,2.54,5.118110236220463,1.7088,86496234.54,50.61811478230337,1,True,-5.576208178438657,1,MAIN
sz.000795,2025-06-09,11.12,10.11,9.990108803165176,13.1344,1635367470.4,124.5102532586186,1,True,-6.734317343173435,0,MAIN
sz.000811,2025-05-08,12.87,11.7,10.000000000000009,7.8784,736864114.48,93.52966522136475,1,True,-4.255319148936176,0,MAIN
sz.000815,2025-06-06,13.59,12.35,10.040485829959511,17.5268,1631663279.91,93.09533285653971,1,True,-10.63675832127352,0,MAIN
sz.000820,2025-05-09,2.16,2.06,4.854368932038833,5.5698,34922992.44,6.270062199719918,1,True,-8.444444444444443,1,MAIN
sz.000820,2025-05-12,2.27,2.16,5.092592592592582,5.1797,33684055.1,6.503089966600382,2,False,0.0,1,MAIN
sz.000820,2025-05-19,2.4,2.29,4.8034934497816595,2.8547,20026936.4,7.015425929169439,1,True,-3.7815126050420145,1,MAIN
sz.000820,2025-05-20,2.52,2.4,5.000000000000004,6.9329,51571325.98,7.43863693115435,2,False,3.4482758620689724,1,MAIN
sz.000820,2025-05-21,2.65,2.52,5.158730158730163,4.9384,38398284.56,7.775450461687997,3,False,-1.17647058823529,1,MAIN
sz.000820,2025-05-22,2.78,2.65,4.9056603773584895,7.1325,58671789.83,8.22597824465475,4,False,10.416666666666675,1,MAIN
sz.000820,2025-05-23,2.92,2.78,5.035971223021596,6.6931,57264658.56,8.555775135587396,5,False,17.796610169491522,1,MAIN
sz.000820,2025-05-27,3.17,3.02,4.966887417218535,8.3932,78680804.52,9.374351203355095,1,True,36.651583710407245,1,MAIN
sz.000820,2025-06-03,2.94,2.8,5.000000000000004,2.6574,22850400.8,8.59878106419809,1,True,35.92233009708736,1,MAIN
sz.000820,2025-06-18,2.98,2.84,4.929577464788748,3.7927,33118533.27,8.732178466527802,1,True,18.333333333333336,1,MAIN
sz.000822,2025-06-13,6.18,5.62,9.964412811387891,14.0796,772683361.69,54.87963874612915,1,True,1.2612612612612706,0,MAIN
sz.000826,2025-05-28,2.07,1.88,10.106382978723394,4.3434,126517221.46,29.12861386471428,1,True,17.499999999999982,0,MAIN
sz.000826,2025-05-29,2.28,2.07,10.144927536231885,2.3694,76990894.08,32.49383560395036,2,False,28.57142857142856,0,MAIN
sz.000826,2025-06-04,2.42,2.2,9.999999999999986,26.1375,813874937.78,31.13820900162602,1,True,33.33333333333335,0,MAIN
sz.000838,2025-05-26,2.59,2.35,10.212765957446802,2.0466,55065205.0,26.905699697058534,1,True,-1.2605042016806678,0,MAIN
sz.000838,2025-06-04,2.79,2.54,9.842519685039374,3.0418,88203082.5,28.99700259714643,1,True,9.482758620689658,0,MAIN
sz.000850,2025-05-09,4.33,3.94,9.898477157360407,10.6207,430173668.33,40.503325423936275,1,True,2.604166666666674,0,MAIN
sz.000850,2025-06-26,4.76,4.33,9.930715935334876,14.8061,659877254.66,44.56793177541689,1,True,5.867970660146704,0,MAIN
sz.000856,2025-05-08,11.39,10.35,10.048309178743974,4.2227,107223501.0,25.39216638643522,1,True,-3.4514925373134386,0,MAIN
sz.000859,2025-05-07,6.92,6.29,10.015898251192358,7.4346,440464951.76,59.24527906814086,1,True,8.448275862068977,0,MAIN
sz.000859,2025-05-23,7.92,7.2,9.999999999999986,22.161,1546265046.43,69.7741548860611,1,True,-4.50928381962864,0,MAIN
sz.000863,2025-05-07,4.02,3.65,10.136986301369856,3.853,176906628.31,45.91399644692448,1,True,1.671309192200554,0,MAIN
sz.000868,2025-06-27,6.2,5.64,9.929078014184412,14.4533,638619182.7,44.185008454816554,1,True,-0.8787346221441283,0,MAIN
sz.000881,2025-05-26,8.04,7.31,9.986320109439117,8.7059,537879048.98,61.7832790383533,1,True,10.590015128593034,0,MAIN
sz.000881,2025-06-13,8.58,7.8,10.000000000000009,8.8142,576631414.36,65.42073181457194,1,True,8.333333333333325,0,MAIN
sz.000881,2025-06-23,9.06,8.24,9.951456310679616,6.6064,455156159.72,68.89624602203924,1,True,14.60361613351877,0,MAIN
sz.000888,2025-06-04,15.18,13.8,9.999999999999986,8.9516,690986944.8,77.19144564100273,1,True,2.2222222222222365,0,MAIN
sz.000889,2025-05-13,2.89,2.75,5.0909090909091015,3.3011,80908418.97,24.509532873890524,1,True,21.68141592920354,1,MAIN
sz.000889,2025-05-14,3.03,2.89,4.844290657439432,2.3931,61765627.6,25.809881576198233,2,False,27.312775330396487,1,MAIN
sz.000889,2025-05-27,2.91,2.77,5.054151624548742,2.5082,62364630.78,24.864297416473967,1,True,3.3582089552238736,1,MAIN
sz.000889,2025-06-04,2.97,2.7,10.000000000000009,0.2073,5355135.72,25.832782054992762,1,True,-0.7352941176470562,0,MAIN
sz.000889,2025-06-05,3.27,2.97,10.1010101010101,0.1181,3358012.05,28.433632938187976,2,False,8.394160583941602,0,MAIN
sz.000889,2025-06-06,3.6,3.27,10.09174311926606,1.3818,43271128.8,31.31504472427269,3,False,20.66420664206643,0,MAIN
sz.000889,2025-06-09,3.96,3.6,9.999999999999986,12.7788,431392210.56,33.75842884777913,4,False,31.386861313868607,0,MAIN
sz.000890,2025-05-29,4.15,3.77,10.07957559681698,14.116,240595171.41,17.044146458628507,1,True,20.447284345047922,0,MAIN
sz.000892,2025-06-23,4.21,3.83,9.921671018276768,10.6476,318564330.21,29.91888596585146,1,True,4.93150684931507,0,MAIN
sz.000892,2025-06-24,4.63,4.21,9.976247030878849,20.514,662446707.85,32.292420193526375,2,False,19.60227272727273,0,MAIN
sz.000892,2025-06-26,4.8,4.36,10.091743119266038,19.6555,632340006.8,32.171148370685046,1,True,18.80108991825613,0,MAIN
sz.000903,2025-05-06,3.45,3.14,9.872611464968164,4.7888,310027594.88,64.7401425993986,1,True,-7.647058823529407,0,MAIN
sz.000903,2025-05-21,4.18,3.8,9.999999999999986,13.8971,1047733816.61,75.39226289009937,1,True,18.38006230529594,0,MAIN
sz.000903,2025-05-26,4.17,3.79,10.026385224274414,4.0886,322902727.2,78.97635552511862,1,True,18.068535825545172,0,MAIN
sz.000903,2025-05-27,4.59,4.17,10.07194244604317,2.9856,263152861.02,88.14069567926046,2,False,25.225225225225213,0,MAIN
sz.000903,2025-05-28,5.05,4.59,10.02178649237473,1.4027,136023153.9,96.97237748627646,3,False,43.88714733542321,0,MAIN
sz.000903,2025-05-29,5.56,5.05,10.099009900990088,1.1069,118182526.0,106.76892763573944,4,False,56.346749226006175,0,MAIN
sz.000903,2025-06-24,4.51,4.1,10.000000000000009,16.2599,1389963364.78,85.48412750262916,1,True,8.179419525065956,0,MAIN
sz.000905,2025-05-19,8.72,7.93,9.962168978562437,4.1386,263146497.08,63.58345746870922,1,True,2.05920205920207,0,MAIN
sz.000908,2025-05-08,5.03,4.79,5.0104384133611735,2.6007,114297855.25,43.94888116660899,1,True,12.441314553990622,1,MAIN
sz.000908,2025-05-20,5.03,4.79,5.0104384133611735,3.7249,162380330.72,43.593205380010204,1,True,0.0,1,MAIN
sz.000908,2025-05-30,5.25,5.0,5.000000000000004,3.7205,170815335.15,45.91192988845585,1,True,-7.578558225508325,1,MAIN
sz.000908,2025-06-11,6.35,6.05,4.958677685950419,3.9125,215328971.97,55.03615896996805,1,True,21.24248496993988,1,MAIN
sz.000908,2025-06-17,6.12,5.83,4.97427101200687,4.2596,226525490.32,53.17999115409898,1,True,22.736842105263165,1,MAIN
sz.000909,2025-06-16,6.58,6.27,4.944178628389162,1.6735,47479433.16,28.371337412608305,1,True,9.615384615384603,1,MAIN
sz.000929,2025-05-06,6.35,6.05,4.958677685950419,1.136,13329414.8,11.733639788732397,2,False,-11.549707602339188,1,MAIN
sz.000929,2025-05-07,6.67,6.35,5.039370078740157,6.0827,75021386.6,12.333566771335096,3,False,-6.0650887573964525,1,MAIN
sz.000929,2025-05-08,7.0,6.67,4.94752623688155,6.6862,85506588.12,12.788517860668241,4,False,-1.3313609467455634,1,MAIN
sz.000929,2025-05-12,7.25,6.9,5.072463768115942,3.92,52344190.09,13.353109716836736,1,True,12.929623567921444,1,MAIN
sz.000929,2025-05-19,7.76,7.39,5.006765899864685,3.2909,46890793.6,14.248623051444893,1,True,13.867488443759623,1,MAIN
sz.000929,2025-06-16,8.88,8.46,4.964539007092195,2.9154,47557009.0,16.312344446731153,1,True,11.462450592885398,1,MAIN
sz.000935,2025-05-19,17.5,15.91,9.99371464487744,4.03,529397900.96,131.36424341439206,1,True,-4.673457159976035,0,MAIN
sz.000948,2025-05-06,18.56,16.87,10.017783046828676,6.7031,471871101.1,70.39595129119363,1,True,-4.147727272727275,0,MAIN
sz.000948,2025-06-11,20.92,19.02,9.989484752891698,9.2248,739258508.4,80.13816108750325,1,True,-0.7824726134585402,0,MAIN
sz.000953,2025-05-09,6.48,5.89,10.016977928692716,7.5118,173692813.08,23.122662088980007,1,True,9.888059701492535,0,MAIN
sz.000953,2025-05-21,7.27,6.61,9.98487140695914,12.8225,331801260.28,25.87648744628582,1,True,17.19858156028371,0,MAIN
sz.000953,2025-05-27,8.15,7.41,9.986504723346831,18.714,527714764.35,28.1989293764027,1,True,30.228471001757473,0,MAIN
sz.000953,2025-06-03,9.06,8.24,9.951456310679616,18.4739,582592663.88,31.535986655768404,1,True,38.95446880269815,0,MAIN
sz.000958,2025-05-13,7.15,6.5,10.000000000000009,3.7524,1396559222.04,372.17759888071635,1,True,-16.87979539641944,0,MAIN
sz.000965,2025-05-07,4.25,3.86,10.103626943005196,7.7284,362361489.96,46.886999891309976,1,True,29.096989966555164,0,MAIN
sz.000968,2025-06-19,7.95,7.23,9.958506224066376,5.9455,433284779.06,72.87608763939113,1,True,10.213414634146357,0,MAIN
sz.000973,2025-06-26,7.28,6.62,9.969788519637458,5.841,408405466.24,69.92047016606745,1,True,-4.057971014492756,0,MAIN
sz.000981,2025-05-08,2.07,1.88,10.106382978723394,5.0758,971616575.0,191.42136707514086,1,True,-6.467661691542281,0,MAIN
sz.000981,2025-05-29,2.24,2.04,9.80392156862746,8.7386,1830700106.2,209.49581239557824,1,True,17.24137931034484,0,MAIN
sz.000989,2025-06-03,9.35,8.5,9.999999999999986,9.0003,559695188.51,62.186281402842134,1,True,-4.815229563269874,0,MAIN
sz.000989,2025-06-04,10.29,9.35,10.053475935828882,12.6318,889745111.97,70.43692205148909,2,False,0.8629989212513456,0,MAIN
sz.000995,2025-06-20,14.65,13.32,9.98498498498499,14.6599,370678769.0,25.285218111992577,1,True,-0.07501875468867159,0,MAIN
sz.000997,2025-05-12,31.35,28.5,10.000000000000009,4.9498,1524684292.26,308.0294743747222,1,True,13.90887290167866,0,MAIN
sz.001206,2025-05-20,22.94,20.85,10.023980815347722,17.8956,421301796.49,23.542200121258855,1,True,27.134146341463428,0,MAIN
sz.001208,2025-05-29,11.63,10.57,10.02838221381268,22.2348,683251704.82,30.728934140176662,1,True,3.7291462217860616,0,MAIN
sz.001212,2025-05-14,66.57,60.52,9.9966953073364,5.917,415439326.12,70.211141815109,1,True,20.65390749601277,0,MAIN
sz.001212,2025-05-30,57.53,52.3,10.000000000000009,11.4691,972589358.64,84.80084388836092,1,True,-3.1481481481481555,0,MAIN
sz.001222,2025-05-19,18.84,17.13,9.982486865148864,18.6234,258362571.49,13.873007694083785,1,True,23.148813803019408,0,MAIN
sz.001222,2025-05-20,20.72,18.84,9.97876857749469,23.0473,363647333.75,15.778305213625892,2,False,37.920937042459734,0,MAIN
sz.001230,2025-05-27,21.12,19.2,10.000000000000009,8.1324,92262643.04,11.345069480104275,1,True,6.253458771444387,0,MAIN
sz.001230,2025-05-28,23.23,21.12,9.990530303030296,3.0247,37997659.45,12.562455598902371,2,False,17.26818434203219,0,MAIN
sz.001230,2025-05-29,25.55,23.23,9.98708566508826,8.1044,111977601.75,13.816889806771629,3,False,27.848101265822777,0,MAIN
sz.001234,2025-06-11,24.16,21.96,10.018214936247729,9.5187,239962534.13,25.209591029237185,1,True,9.854927463731888,0,MAIN
sz.001236,2025-05-07,9.55,8.68,10.02304147465438,6.7962,211859029.45,31.173159920249553,1,True,-14.650934119960668,0,MAIN
sz.001236,2025-06-16,11.0,10.0,10.000000000000009,9.3675,333655321.0,35.6183956231652,1,True,3.734439834024883,0,MAIN
sz.001236,2025-06-24,10.92,9.93,9.969788519637458,9.3044,321425186.12,34.5455038605391,1,True,8.40611353711791,0,MAIN
sz.001236,2025-06-25,12.01,10.92,9.98168498168499,12.3138,471859550.39,38.31957238139323,2,False,17.419354838709666,0,MAIN
sz.001236,2025-06-26,13.21,12.01,9.99167360532891,2.3481,101255495.44,43.12230971423704,3,False,29.55771305285868,0,MAIN
sz.001236,2025-06-27,14.53,13.21,9.99242997728993,2.4934,118262837.54,47.43035114301757,4,False,45.00548847420418,0,MAIN
sz.001236,2025-06-30,15.98,14.53,9.979353062629048,39.679,2035804129.47,51.30684063282845,5,False,55.069370330843114,0,MAIN
sz.001238,2025-05-13,36.33,33.03,9.990917347865569,4.9318,56755551.54,11.508080526379821,1,True,23.707865168539332,0,MAIN
sz.001255,2025-05-14,32.64,29.67,10.01011122345803,23.7279,144842853.8,6.104326712435572,1,True,18.16009557945042,0,MAIN
sz.001258,2025-06-05,7.57,6.88,10.029069767441868,3.5965,126491489.28,35.17071855414987,1,True,0.7320644216691097,0,MAIN
sz.001268,2025-05-08,23.72,21.56,10.018552875695727,12.3876,118091286.16,9.533023843198036,1,True,0.8890968647636832,0,MAIN
sz.001268,2025-06-03,23.73,21.57,10.01390820584145,9.1516,89839371.0,9.816793893963897,1,True,3.3540967896502183,0,MAIN
sz.001269,2025-05-13,24.79,22.54,9.982253771073646,3.6868,74746353.61,20.274046221655638,1,True,15.708418891170428,0,MAIN
sz.001269,2025-06-30,25.6,23.27,10.01289213579717,3.3133,70770249.0,21.359444964235056,1,True,-2.1034917963819955,0,MAIN
sz.001270,2025-06-30,37.92,36.11,5.012461921905298,1.6334,125453157.0,76.80492041141177,1,True,3.7941937338315634,1,MAIN
sz.001277,2025-05-29,41.66,37.87,10.007921837866384,15.6864,119935059.44,7.645798872909016,1,True,-0.8898194190002706,0,MAIN
sz.001278,2025-06-13,21.11,19.19,10.005211047420516,29.7899,315523503.71,10.59162681680704,1,True,16.303030303030308,0,MAIN
sz.001279,2025-05-22,43.97,39.97,10.007505629221924,26.1989,422600881.42,16.13048186832272,1,True,3.281653746770008,0,MAIN
sz.001296,2025-06-16,20.32,18.47,10.016242555495404,18.3569,275946769.94,15.03231863440995,1,True,6.88657407407407,0,MAIN
sz.001298,2025-06-25,24.37,22.15,10.022573363431151,20.6805,749272307.19,36.23086033654893,1,True,-20.208933717579256,0,MAIN
sz.001298,2025-06-26,26.81,24.37,10.012310217480502,34.9724,1393579006.65,39.84796601462868,2,False,-12.558306422676713,0,MAIN
sz.001298,2025-06-27,29.49,26.81,9.996270048489375,54.0025,2351891343.3,43.55152712004074,3,False,35.60950935761254,0,MAIN
sz.001298,2025-06-30,32.44,29.49,10.00339097999321,22.7891,1135095769.08,49.808714213373925,4,False,46.134786917740335,0,MAIN
sz.001309,2025-06-05,122.87,111.7,10.000000000000009,8.7596,910052249.37,103.89198700511439,1,True,-13.83167476664352,0,MAIN
sz.001316,2025-05-06,42.96,39.05,10.012804097311156,26.0845,297692630.69,11.41262553202093,2,False,21.65109034267911,0,MAIN
sz.001316,2025-05-07,47.26,42.96,10.009310986964604,13.654,173417403.79,12.70084984546653,3,False,35.47776726584673,0,MAIN
sz.001316,2025-05-08,51.99,47.26,10.008463817181568,36.1905,488497356.5,13.497944391483953,4,False,47.68749999999999,0,MAIN
sz.001316,2025-05-14,49.83,45.3,10.000000000000009,33.751,436638558.33,12.937055445171994,1,True,48.81734559789748,0,MAIN
sz.001316,2025-06-11,46.51,42.28,10.004730368968762,23.3807,289489875.18,12.381574340374753,1,True,-13.111385121249475,0,MAIN
sz.001317,2025-05-16,43.49,39.54,9.98988366211433,16.6769,294593816.95,17.66478284033603,1,True,2.4352331606217525,0,MAIN
sz.001317,2025-06-27,46.41,42.19,10.002370229912303,13.0528,248077854.28,19.005719407330226,1,True,-11.235009467704614,0,MAIN
sz.001319,2025-05-16,29.48,26.8,10.000000000000009,7.6924,264514525.2,34.38647563829234,1,True,10.288065843621407,0,MAIN
sz.001322,2025-05-07,8.89,8.08,10.024752475247524,9.0639,130127194.66,14.356645004909588,1,True,-1.2224938875305624,0,MAIN
sz.001328,2025-05-09,53.9,49.0,9.999999999999986,8.0968,179526737.0,22.172554218950697,1,True,30.215253786872175,0,MAIN
sz.001328,2025-05-15,55.55,50.5,9.999999999999986,15.9748,365281293.37,22.866094935147856,1,True,22.30564301283604,0,MAIN
sz.001331,2025-06-17,10.74,9.76,10.040983606557386,30.3917,225655757.09,7.424913943280567,1,True,-27.164179104477615,0,MAIN
sz.001332,2025-05-26,36.88,33.53,9.991052788547572,9.2175,90764751.86,9.847003185245457,1,True,-5.1216751556310225,0,MAIN
sz.001332,2025-05-27,40.57,36.88,10.005422993492408,13.8354,151258263.69,10.9326989960536,2,False,-0.05420054200541147,0,MAIN
sz.001336,2025-05-20,22.32,20.29,10.004928536224744,15.3657,93750822.42,6.101305011812023,1,True,12.099447513812134,0,MAIN
sz.001338,2025-06-04,13.08,11.89,10.00841042893188,20.2352,606134120.96,29.954441812287502,1,True,3.9335664335664378,0,MAIN
sz.001356,2025-05-12,15.99,14.54,9.97248968363138,14.8121,284682383.83,19.21958289709089,1,True,-14.268867924528317,0,MAIN
sz.001359,2025-06-27,33.11,30.1,9.999999999999986,7.6775,116348027.86,15.154415872354283,1,True,-0.5287508261731633,0,MAIN
sz.001367,2025-05-22,22.77,20.7,10.000000000000009,22.0682,189108152.13,8.569260389610388,1,True,-23.70070033173608,0,MAIN
sz.001367,2025-05-23,25.05,22.77,10.013175230566551,4.4091,42753285.9,9.696601551337007,2,False,-17.916366258111026,0,MAIN
sz.001379,2025-06-05,22.65,20.59,10.00485672656628,18.2039,272807142.8,14.986192123665807,1,True,4.570848146267137,0,MAIN
sz.001389,2025-06-05,53.33,48.48,10.004125412541253,6.2809,490056759.87,78.02333421484181,1,True,-1.8623481781376516,0,MAIN
sz.001390,2025-05-29,32.0,12.08,164.90066225165566,79.8042,1278978750.15,16.026459135609407,1,True,,0,MAIN
sz.001696,2025-05-07,23.93,21.75,10.022988505747122,8.1188,1713913872.98,211.10433475144112,1,True,0.18424689083371693,0,MAIN
sz.001896,2025-05-06,4.63,4.21,9.976247030878849,4.1404,278318294.26,67.22014642546614,1,True,2.933985330073363,0,MAIN
sz.001896,2025-06-13,5.12,4.65,10.10752688172043,4.3533,335180860.36,76.99466160384075,1,True,-1.483050847457612,0,MAIN
sz.002005,2025-06-12,1.92,1.83,4.918032786885229,2.1572,71776144.16,33.27282781383274,1,True,5.1724137931034475,1,MAIN
sz.002005,2025-06-13,2.02,1.92,5.208333333333348,2.2481,79062110.88,35.16841371825097,2,False,10.344827586206895,1,MAIN
sz.002005,2025-06-20,2.04,1.94,5.154639175257736,1.4593,51601745.04,35.3606147056808,1,True,10.857142857142854,1,MAIN
sz.002005,2025-06-24,2.18,2.08,4.807692307692313,2.3135,88067563.78,38.06680950075643,1,True,18.85714285714286,1,MAIN
sz.002005,2025-06-25,2.29,2.18,5.045871559633031,2.0406,79765524.2,39.089250318533765,2,False,23.163841807909602,1,MAIN
sz.002005,2025-06-26,2.4,2.29,4.8034934497816595,1.1153,46827448.6,41.98641495561732,3,False,27.93296089385475,1,MAIN
sz.002005,2025-06-30,2.6,2.48,4.8387096774193505,0.951,42852680.2,45.06065215562567,1,True,37.77777777777778,1,MAIN
sz.002015,2025-05-29,8.05,7.32,9.97267759562841,3.5388,445641690.75,125.9301714564259,1,True,3.82978723404257,0,MAIN
sz.002015,2025-06-13,9.74,8.85,10.056497175141256,1.2352,195300996.38,158.1128532869171,1,True,20.736698499317875,0,MAIN
sz.002015,2025-06-16,10.71,9.74,9.958932238193018,3.5729,620519754.73,173.67397764561,2,False,35.09015256588073,0,MAIN
sz.002015,2025-06-17,11.78,10.71,9.990662931839388,0.7187,137425786.28,191.21439582579657,3,False,48.95688456189151,0,MAIN
sz.002015,2025-06-18,12.96,11.78,10.016977928692716,5.8603,1221717980.22,208.47362425473102,4,False,63.61111111111111,0,MAIN
sz.002015,2025-06-30,13.93,12.66,10.031595576619278,2.7606,620503618.05,224.77128814388172,1,True,57.267080745341595,0,MAIN
sz.002017,2025-06-09,12.0,10.91,9.990834097158574,3.7851,261194065.43,69.0058559694592,1,True,7.276302851524097,0,MAIN
sz.002017,2025-06-12,12.97,11.79,10.008481764206966,14.4475,1049235399.0,72.62401100536425,1,True,18.7872763419483,0,MAIN
sz.002017,2025-06-16,13.27,12.06,10.033167495854055,7.6494,580867055.51,75.93628984103327,1,True,21.327967806841052,0,MAIN
sz.002017,2025-06-17,14.6,13.27,10.02260738507912,28.3592,2359908979.27,83.21493481022031,2,False,33.635448136958715,0,MAIN
sz.002017,2025-06-18,16.06,14.6,9.999999999999986,24.4199,2185222892.17,89.485333362135,3,False,44.841269841269835,0,MAIN
sz.002017,2025-06-24,17.77,16.15,10.030959752322,28.2496,2858240888.96,101.17810124603533,1,True,65.47131147540983,0,MAIN
sz.002017,2025-06-30,18.43,16.75,10.029850746268654,26.1892,2748399826.63,104.94401610702121,1,True,57.57290686735652,0,MAIN
sz.002023,2025-05-22,10.77,9.79,10.010214504596537,7.3144,567874008.73,77.63781154024937,1,True,5.609492988133757,0,MAIN
sz.002037,2025-05-08,9.08,8.25,10.06060606060606,7.8914,333049150.0,42.20406391768254,1,True,2.1039603960395947,0,MAIN
sz.002038,2025-06-09,7.74,7.04,9.943181818181811,7.0005,447461785.37,63.91854658524391,1,True,6.666666666666665,0,MAIN
sz.002040,2025-05-13,7.68,6.98,10.02865329512892,9.6145,340947360.85,35.46178801289719,1,True,0.721500721500723,0,MAIN
sz.002040,2025-05-14,8.45,7.68,10.026041666666652,13.9423,567154161.2,40.67866572947075,2,False,7.4125874125874125,0,MAIN
sz.002040,2025-05-15,9.3,8.45,10.059171597633142,1.3577,61357912.5,45.19254069382044,3,False,21.40804597701149,0,MAIN
sz.002040,2025-05-16,10.23,9.3,9.999999999999986,19.3583,939025551.57,48.50764538053445,4,False,35.766423357664245,0,MAIN
sz.002040,2025-05-19,11.25,10.23,9.97067448680351,1.6272,88953862.5,54.66682798672567,5,False,51.55555555555556,0,MAIN
sz.002040,2025-05-21,13.18,11.98,10.016694490818034,26.4112,1576257302.31,59.68139661620827,1,True,46.634026927784575,0,MAIN
sz.002040,2025-06-10,11.53,10.48,10.019083969465647,15.9217,855918190.23,53.75796493025243,1,True,50.35868005738882,0,MAIN
sz.002040,2025-06-23,11.7,10.64,9.962406015037573,9.5862,543686927.7,56.71558362020405,1,True,-24.69922151450814,0,MAIN
sz.002045,2025-05-22,16.17,14.7,10.000000000000009,10.1058,893907477.46,88.45489495735123,1,True,6.986899563318771,0,MAIN
sz.002047,2025-05-08,1.76,1.68,4.761904761904767,1.3623,35967048.75,26.40170942523673,1,True,-29.707112970711304,1,MAIN
sz.002047,2025-05-12,1.9,1.81,4.972375690607733,1.2363,35108261.08,28.397849292242984,1,True,-13.809523809523816,1,MAIN
sz.002047,2025-06-10,2.06,1.96,5.102040816326525,2.9734,91620197.78,30.81327698257887,1,True,8.287292817679548,1,MAIN
sz.002048,2025-06-27,17.5,15.91,9.99371464487744,9.8055,1181434213.87,120.48689142522053,1,True,4.947229551451193,0,MAIN
sz.002051,2025-06-24,8.87,8.06,10.049627791563264,7.5069,810142675.83,107.91973728569718,1,True,-0.12391573729862992,0,MAIN
sz.002052,2025-05-07,8.83,8.41,4.994054696789529,2.4257,151511952.29,62.46112556787731,1,True,28.396946564885496,1,MAIN
sz.002052,2025-05-08,9.27,8.83,4.983012457531144,2.3229,154712390.1,66.60312114167634,2,False,33.383685800604226,1,MAIN
sz.002052,2025-05-15,9.47,9.02,4.988913525498906,2.5804,175634171.27,68.06470751433886,1,True,45.016077170418,1,MAIN
sz.002052,2025-05-19,9.56,9.1,5.054945054945059,1.9518,132875028.2,68.0781986883902,1,True,35.41666666666667,1,MAIN
sz.002052,2025-05-20,10.04,9.56,5.020920502092041,2.474,178152795.0,72.01002223120452,2,False,49.141965678627145,1,MAIN
sz.002052,2025-06-03,9.6,9.14,5.032822757111588,1.6163,109729972.0,67.88960712738972,1,True,8.422301304863588,1,MAIN
sz.002052,2025-06-04,10.08,9.6,5.000000000000004,2.6611,192989727.46,72.52253859682087,2,False,8.47457627118644,1,MAIN
sz.002052,2025-06-30,10.37,9.43,9.968186638388122,3.0882,223055630.1,72.22836283271809,1,True,2.7233115468409563,0,MAIN
sz.002055,2025-05-29,6.33,5.75,10.086956521739122,8.5978,314234913.91,36.54829304124311,1,True,17.10794297352343,0,MAIN
sz.002055,2025-06-04,6.73,6.12,9.967320261437916,10.9952,429532288.4,39.06543659051222,1,True,7.1803852889667175,0,MAIN
sz.002058,2025-05-06,9.29,8.85,4.971751412429382,1.6637,21854178.64,13.13588906653844,2,False,-17.827298050139273,1,MAIN
sz.002058,2025-05-26,10.99,10.47,4.966571155682908,1.1015,17252951.63,15.663142650930551,1,True,12.701829924650188,1,MAIN
sz.002058,2025-05-28,11.56,11.01,4.995458673932784,4.3704,71576565.0,16.37757756727073,1,True,22.197558268590445,1,MAIN
sz.002065,2025-05-08,11.04,10.04,9.960159362549792,8.1871,2525098405.58,308.4240336114131,1,True,-1.8572825024438022,0,MAIN
sz.002067,2025-06-20,3.83,3.48,10.057471264367823,11.2538,480756756.86,42.71950424389984,1,True,-2.2471910112359605,0,MAIN
sz.002072,2025-06-23,5.29,4.81,9.97920997920998,2.4511,39429020.38,16.08625530578108,1,True,0.2083333333333215,0,MAIN
sz.002073,2025-06-25,8.84,8.04,9.950248756218905,12.8345,1106738418.85,86.23151808407026,1,True,1.2594458438287104,0,MAIN
sz.002074,2025-05-21,26.65,24.23,9.98761865456046,7.4103,3329746385.32,449.34029463314573,1,True,20.128904313336626,0,MAIN
sz.002074,2025-06-24,30.53,27.75,10.018018018018026,9.9159,4969612079.01,501.17609889268743,1,True,9.90099009900991,0,MAIN
sz.002076,2025-05-07,1.67,1.59,5.031446540880502,21.8524,356759850.82,16.325888727096338,1,True,-52.818991097922854,1,MAIN
sz.002076,2025-05-09,1.74,1.66,4.8192771084337505,6.8847,121532960.71,17.652615322381514,1,True,-43.15068493150685,1,MAIN
sz.002076,2025-05-12,1.83,1.74,5.1724137931034475,5.4078,99282642.98,18.359155845260553,2,False,-37.410071942446045,1,MAIN
sz.002076,2025-05-14,1.95,1.86,4.8387096774193505,7.7777,154271749.0,19.835137508517942,1,True,-36.949152542372886,1,MAIN
sz.002076,2025-05-15,2.05,1.95,5.128205128205132,12.3138,256049420.96,20.793696581071643,2,False,-34.34343434343435,1,MAIN
sz.002076,2025-06-19,1.91,1.82,4.9450549450549275,3.568,70120634.0,19.652644058295962,1,True,-7.614213197969544,1,MAIN
sz.002082,2025-05-30,6.26,5.69,10.017574692442864,3.1152,103593164.2,33.25409739342578,1,True,-0.6980802792321161,0,MAIN
sz.002082,2025-06-03,6.89,6.26,10.06389776357828,4.9493,186527105.04,37.68757299820176,2,False,7.745266781411364,0,MAIN
sz.002082,2025-06-04,7.58,6.89,10.0145137880987,19.2924,792370511.46,41.07164020339615,3,False,22.597864768683262,0,MAIN
sz.002086,2025-05-13,2.86,2.6,9.999999999999986,5.2561,224774296.24,42.76446343106106,1,True,-3.703703703703709,0,MAIN
sz.002086,2025-06-26,2.9,2.64,9.84848484848484,15.9073,694726833.28,43.67346018997567,1,True,-1.4925373134328401,0,MAIN
sz.002090,2025-06-05,10.57,9.61,9.989594172736748,3.3929,141572389.81,41.72607203572166,1,True,4.343105320303997,0,MAIN
sz.002094,2025-05-06,7.61,6.92,9.97109826589595,19.5999,1006124646.91,51.33315205230638,1,True,33.07692307692307,0,MAIN
sz.002094,2025-05-13,8.15,7.41,9.986504723346831,27.8452,1516857718.01,54.474656960984305,1,True,8.97058823529413,0,MAIN
sz.002094,2025-05-14,8.97,8.15,10.061349693251543,52.8935,3124590522.61,59.07324194107026,2,False,8.957219251336902,0,MAIN
sz.002094,2025-05-27,9.0,8.18,10.02444987775062,33.7897,2007012521.7,59.39716901008294,1,True,-8.501118568232657,0,MAIN
sz.002094,2025-05-29,9.79,8.9,9.999999999999986,37.0262,2359681377.68,63.730044608412406,1,True,8.009708737864084,0,MAIN
sz.002099,2025-05-22,5.82,5.29,10.018903591682427,3.6459,333890709.91,91.57977725938727,1,True,9.07216494845362,0,MAIN
sz.002099,2025-05-23,6.4,5.82,9.965635738831624,7.9877,802735610.65,100.49646464564266,2,False,18.292682926829286,0,MAIN
sz.002101,2025-05-08,13.26,12.05,10.041493775933596,3.4368,292722309.39,85.17292521822625,1,True,-8.573596358118351,0,MAIN
sz.002103,2025-05-20,10.31,9.37,10.03201707577377,12.0325,456112383.8,37.90670133388739,1,True,6.719817767653757,0,MAIN
sz.002103,2025-05-27,11.51,10.46,10.038240917782026,19.3452,810077051.21,41.87483464683746,1,True,16.74107142857142,0,MAIN
sz.002103,2025-06-30,11.47,10.43,9.971236816874418,19.9547,837962319.56,41.993230645411856,1,True,-9.853068280034572,0,MAIN
sz.002104,2025-05-29,8.1,7.36,10.05434782608694,14.2678,674376879.72,47.26565270889696,1,True,-13.10507674144038,0,MAIN
sz.002104,2025-05-30,8.91,8.1,10.000000000000009,28.8995,1530144335.26,52.94708680980639,2,False,0.6211180124223503,0,MAIN
sz.002104,2025-06-03,9.8,8.91,9.988776655443331,27.7419,1613494945.24,58.16093869706112,3,False,10.272277227722771,0,MAIN
sz.002104,2025-06-05,10.56,9.6,10.000000000000009,50.0175,3049472341.42,60.968107990603286,1,True,15.802171290711708,0,MAIN
sz.002104,2025-06-09,12.12,11.02,9.981851179673315,47.1755,3336790936.7,70.73143764665981,1,True,31.346841477949926,0,MAIN
sz.002104,2025-06-16,13.45,12.23,9.97547015535567,44.6203,3554162204.8,79.65348069824721,1,True,62.41699867197876,0,MAIN
sz.002104,2025-06-17,14.71,13.37,10.022438294689607,38.0702,3219954854.65,84.57940474833335,2,False,78.85638297872339,0,MAIN
sz.002104,2025-06-23,16.17,14.7,10.000000000000009,48.4292,4409944154.61,91.05961185834165,1,True,102.20082530949104,0,MAIN
sz.002104,2025-06-27,19.15,17.41,9.994256174612293,54.3773,6137257399.19,112.86432756297205,1,True,136.54891304347828,0,MAIN
sz.002105,2025-05-16,8.39,7.63,9.960681520314552,11.4206,337327594.85,29.536766443969668,1,True,2.5537634408602017,0,MAIN
sz.002105,2025-05-19,9.23,8.39,10.011918951132293,27.2768,867820736.83,31.81534259260617,2,False,13.531799729364025,0,MAIN
sz.002105,2025-05-20,10.15,9.23,9.967497291440951,24.9295,897177526.47,35.98858887944002,3,False,28.37273991655076,0,MAIN
sz.002105,2025-06-09,9.36,8.51,9.9882491186839,12.5642,410274512.69,32.65424879339711,1,True,6.775407779171894,0,MAIN
sz.002106,2025-05-06,10.42,9.47,10.03167898627244,8.544,618192101.47,72.35394446044008,1,True,-14.143245693563,0,MAIN
sz.002108,2025-06-25,3.74,3.4,10.000000000000009,4.7719,284375496.39,59.59376692512417,1,True,-8.108108108108114,0,MAIN
sz.002108,2025-06-26,4.11,3.74,9.89304812834224,3.0323,205432637.1,67.748124229133,2,False,2.465753424657535,0,MAIN
sz.002109,2025-06-13,3.76,3.42,9.941520467836252,3.7934,177092194.47,46.68429231560078,1,True,0.588235294117645,0,MAIN
sz.002109,2025-06-18,4.22,3.84,9.895833333333323,5.6394,292483046.75,51.86421370181225,1,True,9.714285714285719,0,MAIN
sz.002109,2025-06-23,4.32,3.93,9.92366412213741,4.9278,261099068.22,52.984915828564475,1,True,16.617210682492576,0,MAIN
sz.002115,2025-06-05,8.57,7.79,10.01283697047497,27.2636,1726578928.59,63.329088183145295,1,True,1.3003901170351106,0,MAIN
sz.002115,2025-06-16,9.0,8.18,10.02444987775062,19.1257,1271725484.18,66.49301642188261,1,True,4.737516005121645,0,MAIN
sz.002122,2025-05-06,3.63,3.3,10.000000000000009,8.8043,617749257.65,70.16449435503107,1,True,-24.13793103448275,0,MAIN
sz.002122,2025-05-07,3.99,3.63,9.917355371900838,5.6763,442030255.72,77.87295522083048,2,False,-16.74311926605505,0,MAIN
sz.002122,2025-05-14,4.28,3.89,10.025706940874034,17.7084,1487873822.12,84.02079364143569,1,True,-2.015113350125941,0,MAIN
sz.002122,2025-06-10,4.68,4.25,10.11764705882352,15.9979,1483803284.35,92.74987869345352,1,True,10.677083333333348,0,MAIN
sz.002123,2025-05-20,15.9,14.45,10.034602076124566,23.2727,2599600845.02,111.70172970991761,1,True,11.669242658423485,0,MAIN
sz.002124,2025-05-08,3.59,3.26,10.122699386503076,10.6894,710041580.0,66.42483020562426,1,True,8.30564784053156,0,MAIN
sz.002125,2025-06-19,11.17,10.15,10.049261083743843,3.4506,241315177.8,69.93426586680577,1,True,1.0956175298804993,0,MAIN
sz.002125,2025-06-20,12.29,11.17,10.0268576544315,2.2898,177147334.89,77.36367145165516,2,False,9.832841691248762,0,MAIN
sz.002125,2025-06-23,13.52,12.29,10.008136696501223,14.9352,1259807507.68,84.35156594354277,3,False,23.269809428284848,0,MAIN
sz.002125,2025-06-24,14.87,13.52,9.98520710059172,13.7368,1275701472.64,92.86744166326946,4,False,36.29032258064515,0,MAIN
sz.002125,2025-06-25,16.36,14.87,10.020174848688644,2.4937,256811198.16,102.98399894133215,5,False,49.74823766364551,0,MAIN
sz.002130,2025-05-08,21.21,19.28,10.010373443983411,9.4882,2430501070.0,256.16039607090914,1,True,-2.675416456335167,0,MAIN
sz.002134,2025-06-05,23.17,21.06,10.0189933523267,4.7789,262293677.3,54.88578486681036,1,True,15.523861766319236,0,MAIN
sz.002136,2025-05-14,10.33,9.39,10.010649627263035,9.3314,204436122.7,21.90840845960949,1,True,7.437070938215107,0,MAIN
sz.002136,2025-05-16,11.06,10.05,10.049751243781092,10.163,231979732.54,22.825910906228476,1,True,11.790878754171308,0,MAIN
sz.002136,2025-05-19,12.17,11.06,10.036166365280286,19.4903,493826239.33,25.337026076048083,2,False,24.68996617812853,0,MAIN
sz.002136,2025-05-21,12.32,11.2,10.000000000000009,19.6122,479275206.69,24.43760550524673,1,True,27.417519908987487,0,MAIN
sz.002136,2025-05-26,13.77,12.52,9.984025559105426,16.6853,473829358.95,28.398012558959078,1,True,40.35874439461884,0,MAIN
sz.002141,2025-05-06,2.37,2.26,4.86725663716816,1.7845,43140695.55,24.175228663491172,3,False,31.39534883720929,1,MAIN
sz.002141,2025-05-08,2.49,2.37,5.063291139240511,4.3757,109196698.4,24.95525250817012,1,True,39.41176470588237,1,MAIN
sz.002141,2025-05-09,2.61,2.49,4.819277108433728,3.3401,89072277.4,26.667548097362356,2,False,53.703703703703695,1,MAIN
sz.002141,2025-05-12,2.74,2.61,4.9808429118774145,2.4098,67879869.0,28.168258361689762,3,False,62.11180124223601,1,MAIN
sz.002141,2025-05-13,2.88,2.74,5.109489051094873,0.9127,27102705.0,29.69508600854607,4,False,63.095238095238116,1,MAIN
sz.002141,2025-05-14,3.02,2.88,4.861111111111116,0.4462,13900909.0,31.15398700134469,5,False,63.636363636363626,1,MAIN
sz.002141,2025-05-16,3.01,2.87,4.878048780487787,5.1427,156112988.6,30.35623089038832,1,True,52.65957446808511,1,MAIN
sz.002141,2025-05-20,3.24,3.09,4.854368932038855,2.8081,92128944.75,32.8082848723336,1,True,53.73134328358209,1,MAIN
sz.002141,2025-05-21,3.4,3.24,4.938271604938271,4.0735,141221636.38,34.66837765557874,2,False,68.75000000000003,1,MAIN
sz.002141,2025-05-27,3.16,3.01,4.983388704318958,1.0942,35475275.0,32.4211981356242,1,True,51.256281407035175,1,MAIN
sz.002141,2025-06-04,3.36,3.2,4.999999999999982,2.9402,101317886.1,34.459521835249305,1,True,41.59292035398232,1,MAIN
sz.002141,2025-06-10,3.89,3.7,5.135135135135127,3.3626,132564320.14,39.42316069113186,1,True,41.762452107279714,1,MAIN
sz.002141,2025-06-13,4.07,3.88,4.89690721649485,3.6089,148350867.0,41.10694865471473,1,True,28.47682119205297,1,MAIN
sz.002141,2025-06-17,4.44,4.23,4.964539007092195,2.9068,131562002.5,45.26008067290491,1,True,40.53156146179404,1,MAIN
sz.002141,2025-06-19,4.78,4.55,5.054945054945059,5.198,253397381.2,48.74901523662947,1,True,40.43209876543208,1,MAIN
sz.002141,2025-06-23,5.21,4.96,5.040322580645151,4.7482,252742647.81,53.22914953245441,1,True,48.502994011976064,1,MAIN
sz.002141,2025-06-24,5.47,5.21,4.99040307101728,3.7176,206311024.0,55.49575640197977,2,False,64.35331230283911,1,MAIN
sz.002144,2025-05-09,12.44,11.31,9.991158267020328,10.9012,182655924.72,16.75557963526951,1,True,12.649402390438258,0,MAIN
sz.002150,2025-06-18,11.75,10.68,10.018726591760307,4.9916,207107907.72,41.49128690600208,1,True,-4.727921498661914,0,MAIN
sz.002153,2025-06-06,9.01,8.19,10.01221001221002,1.867,267283897.27,143.16223742367436,1,True,-0.24360535931792215,0,MAIN
sz.002158,2025-05-08,19.03,17.3,10.000000000000009,3.0803,304168924.77,98.74652623770413,1,True,-10.08316008316007,0,MAIN
sz.002161,2025-05-20,5.97,5.43,9.944751381215466,9.0683,374661663.03,41.31553466801936,1,True,2.4528301886792336,0,MAIN
sz.002161,2025-05-26,6.12,5.56,10.07194244604317,2.4654,107647825.68,43.66343217327818,1,True,0.9074410163339319,0,MAIN
sz.002161,2025-06-10,7.28,6.62,9.969788519637458,22.6123,1143639378.07,50.575986435258685,1,True,19.494584837545137,0,MAIN
sz.002162,2025-05-30,4.52,4.11,9.975669099756669,9.5386,392231364.6,41.1204332501625,1,True,5.115089514066495,0,MAIN
sz.002164,2025-06-12,9.79,8.9,9.999999999999986,14.8139,681568865.18,46.00873943931038,1,True,-10.372608257804627,0,MAIN
sz.002165,2025-05-07,13.68,12.44,9.967845659164,43.2116,4092651281.15,94.71186628474761,1,True,94.67918622848201,0,MAIN
sz.002165,2025-05-16,12.44,11.31,9.991158267020328,41.2836,3604542980.93,87.31174076219128,1,True,38.94348894348894,0,MAIN
sz.002165,2025-05-21,12.79,11.63,9.974204643164208,50.1108,4406739140.29,87.93990796973905,1,True,7.2878228782288,0,MAIN
sz.002167,2025-06-26,11.5,10.45,10.047846889952153,12.2564,1040093017.2,84.86121676838225,1,True,9.309623430962333,0,MAIN
sz.002168,2025-05-06,2.39,2.28,4.824561403508776,0.2508,4699935.0,18.739772727272726,2,False,-2.9787234042553346,1,MAIN
sz.002168,2025-05-07,2.51,2.39,5.020920502092041,0.2022,3980448.36,19.685699109792285,3,False,1.271186440677985,1,MAIN
sz.002168,2025-05-09,2.65,2.52,5.158730158730163,2.8761,58583091.59,20.36893417822746,1,True,14.545454545454529,1,MAIN
sz.002168,2025-05-14,2.77,2.64,4.924242424242431,1.0474,22318183.6,21.308176054993318,1,True,23.364485981308402,1,MAIN
sz.002168,2025-05-16,3.03,2.89,4.844290657439432,3.398,78895583.5,23.218241171277217,1,True,31.36363636363635,1,MAIN
sz.002168,2025-05-23,3.02,2.88,4.861111111111116,2.1178,49530313.0,23.38762536594579,1,True,33.95348837209302,1,MAIN
sz.002168,2025-05-27,3.14,2.99,5.0167224080267525,1.9583,47884978.7,24.452320226727267,1,True,38.42592592592593,1,MAIN
sz.002168,2025-05-28,3.3,3.14,5.095541401273884,1.6818,43028401.0,25.584731240337735,2,False,46.04651162790698,1,MAIN
sz.002168,2025-05-30,3.37,3.21,4.984423676012462,1.672,43570905.32,26.059153899521533,1,True,47.926267281105986,1,MAIN
sz.002168,2025-06-30,3.32,3.16,5.063291139240489,0.6776,17486475.9,25.80648745572609,1,True,-1.5576323987538832,1,MAIN
sz.002172,2025-06-09,4.15,3.77,10.07957559681698,7.1296,223776660.8,31.386986759425497,1,True,3.005464480874309,0,MAIN
sz.002172,2025-06-10,4.57,4.15,10.120481927710845,26.8355,929408130.99,34.63353136665983,2,False,15.27777777777779,0,MAIN
sz.002172,2025-06-13,5.09,4.63,9.935205183585303,27.828,1000763754.02,35.962474989938194,1,True,26.84931506849315,0,MAIN
sz.002173,2025-05-30,11.62,10.56,10.037878787878784,30.2183,1433525135.45,47.43897358388791,1,True,21.100917431192666,0,MAIN
sz.002173,2025-06-17,12.64,11.49,10.008703220191473,5.7953,304953284.64,52.62079351198384,1,True,15.01501501501501,0,MAIN
sz.002173,2025-06-19,13.59,12.35,10.040485829959511,31.7795,1744817901.75,54.903881488066204,1,True,15.420560747663558,0,MAIN
sz.002173,2025-06-30,14.25,12.95,10.038610038610042,30.3895,1762898619.77,58.01012256766317,1,True,22.632575757575736,0,MAIN
sz.002174,2025-05-26,12.91,11.74,9.965928449744466,6.9344,796070177.87,114.800152553934,1,True,28.306010928961744,0,MAIN
sz.002175,2025-06-24,4.69,4.26,10.093896713615049,14.9111,867644444.76,58.18782281387691,1,True,-3.8374717832957095,0,MAIN
sz.002177,2025-05-28,5.24,4.76,10.084033613445389,21.7804,747852523.5,34.33603255679418,1,True,3.703703703703698,0,MAIN
sz.002177,2025-05-29,5.76,5.24,9.923664122137389,29.1122,1079709957.36,37.08788608761962,2,False,12.93103448275863,0,MAIN
sz.002177,2025-05-30,6.34,5.76,10.069444444444445,3.2678,138644426.04,42.42745150866026,3,False,28.57142857142856,0,MAIN
sz.002177,2025-06-03,6.97,6.34,9.936908517350162,1.522,70993652.91,46.64497563074901,4,False,41.202672605790646,0,MAIN
sz.002177,2025-06-04,7.67,6.97,10.04304160688665,68.7094,3470846606.85,50.51487288274967,5,False,55.233853006681514,0,MAIN
sz.002178,2025-06-26,6.44,5.85,10.085470085470094,11.9452,535549281.25,44.833848010079365,1,True,-3.145695364238421,0,MAIN
sz.002181,2025-06-09,6.67,6.06,10.06600660066008,7.6964,562295621.64,73.05956312561717,1,True,5.944055944055937,0,MAIN
sz.002181,2025-06-10,7.34,6.67,10.04497751124438,15.112,1235538927.98,81.75879618713606,2,False,19.74865350089765,0,MAIN
sz.002181,2025-06-11,8.07,7.34,9.945504087193456,8.841,802848749.77,90.809721724918,3,False,31.77737881508078,0,MAIN
sz.002181,2025-06-12,8.88,8.07,10.03717472118959,17.1608,1669902589.2,97.30913414293042,4,False,45.667870036101085,0,MAIN
sz.002184,2025-06-05,13.05,11.86,10.033726812816202,10.5055,318037799.83,30.273456744562374,1,True,-2.1452145214521434,0,MAIN
sz.002185,2025-06-27,9.96,9.05,10.055248618784528,6.4588,2004408817.4,310.3376505542825,1,True,4.142692750287691,0,MAIN
sz.002189,2025-06-25,24.41,22.19,10.004506534474976,7.0741,442671502.26,62.576370458432876,1,True,7.2498791686805175,0,MAIN
sz.002189,2025-06-26,26.85,24.41,9.995903318312171,2.6324,184587118.05,70.12122703616473,2,False,21.684945164506498,0,MAIN
sz.002189,2025-06-30,30.8,28.0,10.000000000000009,19.7026,1521211871.36,77.20868673982113,1,True,39.72055888223554,0,MAIN
sz.002190,2025-05-07,18.41,16.74,9.976105137395464,6.1958,396965174.0,64.0700432551083,1,True,0.11961722488038617,0,MAIN
sz.002190,2025-05-08,20.25,18.41,9.994568169473103,9.8737,711001595.79,72.00964134924091,2,False,11.23867069486404,0,MAIN
sz.002190,2025-05-09,22.28,20.25,10.024691358024707,2.7487,219691605.8,79.92563968421436,3,False,35.906040268456366,0,MAIN
sz.002190,2025-05-12,24.51,22.28,10.008976660682231,9.216,802996950.79,87.13074552842882,4,False,49.12985274431059,0,MAIN
sz.002190,2025-05-13,26.96,24.51,9.995920032639738,1.064,102898474.64,96.70909270676691,5,False,56.51340996168584,0,MAIN
sz.002190,2025-05-14,29.66,26.96,10.014836795252211,5.5824,593957724.02,106.39827386428776,6,False,71.17460317460318,0,MAIN
sz.002190,2025-05-15,32.63,29.66,10.013486176668929,12.0936,1409530759.05,116.5517926051796,7,False,88.9171974522293,0,MAIN
sz.002190,2025-05-16,35.89,32.63,9.990806006742249,12.245,1562649637.82,127.61532362760312,8,False,105.3492762743864,0,MAIN
sz.002190,2025-05-19,39.48,35.89,10.002786291446064,18.2278,2519030880.59,138.1971977194176,9,False,127.72842639593911,0,MAIN
sz.002190,2025-06-13,36.72,33.38,10.005991611743536,25.1498,3156077757.63,125.49116723115095,1,True,12.542144302090374,0,MAIN
sz.002190,2025-06-30,39.06,35.51,9.99718389186146,16.5686,2278912834.94,137.5440794599423,1,True,7.280966767371599,0,MAIN
sz.002191,2025-06-04,4.21,3.83,9.921671018276768,4.6068,268023492.61,58.17997147911783,1,True,6.388888888888888,0,MAIN
sz.002194,2025-05-09,14.47,13.15,10.03802281368822,25.0759,1751974403.72,69.86686036074478,1,True,27.176015473887816,0,MAIN
sz.002194,2025-05-26,14.73,13.39,10.007468259895449,16.755,1243545314.0,74.21935625186514,1,True,1.747720364741645,0,MAIN
sz.002195,2025-05-06,5.67,5.15,10.097087378640769,8.4073,2587223997.38,307.73542009682063,1,True,-4.805914972273562,0,MAIN
sz.002197,2025-05-06,5.22,4.97,5.030181086519114,2.5894,70762787.0,27.327870162972115,1,True,-2.3575638506876273,1,MAIN
sz.002197,2025-05-08,5.54,5.28,4.924242424242431,5.2452,152347780.37,29.04518042591322,1,True,2.3255813953488413,1,MAIN
sz.002197,2025-06-11,6.63,6.31,5.071315372424734,5.269,183226347.61,34.77440645473524,1,True,16.85185185185183,1,MAIN
sz.002197,2025-06-24,7.11,6.77,5.0221565731167095,3.7338,139696988.62,37.41415946756655,1,True,21.326164874551967,1,MAIN
sz.002199,2025-05-06,5.23,4.98,5.020080321285136,6.5315,82425458.94,12.619682912041645,2,False,-8.957952468007303,1,MAIN
sz.002199,2025-05-09,5.46,5.2,5.000000000000004,3.682,47552596.5,12.91488226507333,1,True,4.208416833667328,1,MAIN
sz.002199,2025-05-20,5.9,5.62,4.982206405693956,7.5877,106634337.12,14.053578438789094,1,True,11.952191235059772,1,MAIN
sz.002199,2025-05-26,5.96,5.68,4.929577464788748,6.2532,89987457.68,14.390625228682918,1,True,17.84232365145226,1,MAIN
sz.002199,2025-05-27,6.26,5.96,5.033557046979853,5.4067,80326095.32,14.856769437919617,2,False,21.138211382113823,1,MAIN
sz.002199,2025-06-05,6.57,6.26,4.952076677316297,0.24,3839310.9,15.99712875,1,True,19.694072657743767,1,MAIN
sz.002199,2025-06-06,6.9,6.57,5.022831050228316,0.1756,2949750.0,16.798120728929387,2,False,26.833976833976834,1,MAIN
sz.002199,2025-06-09,7.25,6.9,5.072463768115942,0.6091,10750307.25,17.64949474634707,3,False,32.692307692307686,1,MAIN
sz.002199,2025-06-10,7.61,7.25,4.965517241379325,0.4284,7937230.0,18.52761437908497,4,False,32.78388278388278,1,MAIN
sz.002199,2025-06-11,7.99,7.61,4.993429697766105,6.9912,135830990.28,19.428852025403362,5,False,36.13595706618964,1,MAIN
sz.002199,2025-06-12,8.39,7.99,5.00625782227786,19.8018,392977924.62,19.84556578795867,6,False,49.90619136960601,1,MAIN
sz.002199,2025-06-16,8.38,7.98,5.012531328320802,2.1928,44552463.6,20.317613827070414,1,True,48.603351955307275,1,MAIN
sz.002199,2025-06-17,8.8,8.38,5.011933174224348,0.2354,5042400.0,21.42056074766355,2,False,56.052141527001865,1,MAIN
sz.002199,2025-06-18,9.24,8.8,5.000000000000004,12.3925,273524187.83,22.07175209441194,3,False,56.58362989323844,1,MAIN
sz.002199,2025-06-24,9.02,8.59,5.005820721769494,2.8881,62833693.0,21.75606557944669,1,True,51.2323943661972,1,MAIN
sz.002199,2025-06-25,9.47,9.02,4.988913525498906,7.2552,165902364.11,22.866683773017975,2,False,51.34228187919463,1,MAIN
sz.002200,2025-05-06,8.19,7.8,5.000000000000004,0.6595,9945117.0,15.079783169067476,6,False,39.78494623655913,1,MAIN
sz.002200,2025-05-07,8.6,8.19,5.0061050061050105,7.6873,121730892.36,15.835324803246916,7,False,45.72953736654804,1,MAIN
sz.002200,2025-05-08,9.03,8.6,5.000000000000004,10.5416,171402491.81,16.259627742467934,8,False,51.40845070422535,1,MAIN
sz.002200,2025-05-12,9.01,8.58,5.011655011655014,12.2875,197036494.85,16.035523487283825,1,True,67.2514619883041,1,MAIN
sz.002200,2025-05-29,8.26,7.87,4.955527318932651,7.9574,118435385.72,14.88367880463468,1,True,16.765578635014844,1,MAIN
sz.002200,2025-06-16,7.99,7.61,4.993429697766105,3.1175,45451272.6,14.579397786688052,1,True,-6.0493827160493785,1,MAIN
sz.002200,2025-06-18,8.47,8.07,4.956629491945486,4.5335,68744552.0,15.163681923458695,1,True,-2.6537997587454676,1,MAIN
sz.002205,2025-06-27,11.75,10.68,10.018726591760307,6.8834,146707956.55,21.313298159339862,1,True,7.878787878787863,0,MAIN
sz.002207,2025-06-13,6.86,6.24,9.935897435897443,4.8317,86445123.8,17.891244034190866,1,True,8.710801393728218,0,MAIN
sz.002207,2025-06-16,7.55,6.86,10.05830903790086,2.2678,44655985.0,19.691324190845755,2,False,19.720767888307144,0,MAIN
sz.002207,2025-06-17,8.31,7.55,10.066225165562926,29.0991,630575338.45,21.66992582072985,3,False,31.304347826086953,0,MAIN
sz.002207,2025-06-18,9.14,8.31,9.98796630565584,1.5041,35853478.0,23.837163752410078,4,False,39.6638655462185,0,MAIN
sz.002207,2025-06-19,10.05,9.14,9.956236323851208,15.3172,395320317.71,25.808915318073797,5,False,52.33333333333334,0,MAIN
sz.002207,2025-06-23,10.58,9.62,9.97920997920998,42.3121,1148716349.24,27.14864895006393,1,True,64.16382252559725,0,MAIN
sz.002207,2025-06-26,9.43,8.57,10.03500583430572,47.1693,1042101107.33,22.0927829611633,1,True,45.00846023688663,0,MAIN
sz.002208,2025-06-16,7.49,6.81,9.985315712187967,9.4709,555775690.3,58.682457876231396,1,True,4.608294930875578,0,MAIN
sz.002210,2025-06-24,2.67,2.43,9.876543209876544,6.7931,474283817.14,69.81846537516009,1,True,-2.0161290322580627,0,MAIN
sz.002210,2025-06-27,2.9,2.64,9.84848484848484,13.6256,991303906.24,72.75304619539689,1,True,5.179282868525914,0,MAIN
sz.002211,2025-05-21,2.95,2.81,4.982206405693956,5.4285,67920427.16,12.511822263977159,1,True,-17.836257309941516,1,MAIN
sz.002213,2025-06-06,16.49,14.99,10.006671114076047,10.5276,347599512.24,33.01792547589194,1,True,3.0240549828178587,0,MAIN
sz.002213,2025-06-18,18.12,16.47,10.018214936247729,24.232,853536544.54,35.22352857956422,1,True,15.013966480446928,0,MAIN
sz.002213,2025-06-23,19.14,17.4,10.000000000000009,23.8838,912351877.52,38.19961134827791,1,True,19.834710743801654,0,MAIN
sz.002214,2025-05-09,8.85,8.43,4.982206405693956,2.4095,101639625.68,42.18287017223491,1,True,-5.174353205849281,1,MAIN
sz.002214,2025-05-12,9.29,8.85,4.971751412429382,1.8826,82305527.52,43.71907336662063,2,False,3.75146541617819,1,MAIN
sz.002214,2025-06-09,10.24,9.75,5.0256410256410255,1.371,66236527.82,48.312565878920495,1,True,15.658362989323837,1,MAIN
sz.002215,2025-05-26,11.21,10.19,10.009813542688928,8.6342,731107200.12,84.67573140765792,1,True,8.404255319148923,0,MAIN
sz.002215,2025-05-27,12.33,11.21,9.99107939339874,20.0641,1850528343.79,92.23081741966998,2,False,21.583514099783073,0,MAIN
sz.002217,2025-05-14,2.16,2.06,4.854368932038833,0.7925,95220868.0,120.15251482649843,1,True,0.9803921568627416,1,MAIN
sz.002217,2025-06-24,2.35,2.14,9.81308411214954,1.0527,140527443.2,133.49239403438776,1,True,0.0,0,MAIN
sz.002217,2025-06-25,2.59,2.35,10.212765957446802,3.0702,445355777.84,145.05757860725686,2,False,10.328638497652598,0,MAIN
sz.002217,2025-06-26,2.85,2.59,10.038610038610042,3.5899,579964654.7,161.55454321847407,3,False,18.80733944954127,0,MAIN
sz.002224,2025-05-29,4.97,4.52,9.95575221238938,17.0797,667356087.98,39.073056785540736,1,True,5.116279069767438,0,MAIN
sz.002227,2025-06-24,13.09,11.9,9.999999999999986,5.1853,162316146.0,31.30313501629607,1,True,1.9708654670094194,0,MAIN
sz.002229,2025-05-26,17.12,15.56,10.025706940874034,33.8171,2737375953.88,80.94650203240371,1,True,46.10328638497651,0,MAIN
sz.002229,2025-05-29,19.17,17.43,9.982788296041312,32.4913,2964395646.18,91.23659706382938,1,True,45.979899497487445,0,MAIN
sz.002231,2025-05-12,3.17,3.02,4.966887417218535,19.3079,175543347.32,9.091788714464027,1,True,-33.62637362637362,1,MAIN
sz.002231,2025-05-15,3.05,2.9,5.1724137931034475,9.225,81751494.55,8.861950628726287,1,True,-40.32921810699589,1,MAIN
sz.002231,2025-05-22,3.55,3.38,5.02958579881656,19.2672,198069117.7,10.280119462091015,1,True,-31.991951710261567,1,MAIN
sz.002231,2025-06-26,3.15,3.0,5.000000000000004,6.0441,55636141.15,9.205033197663836,1,True,-10.71428571428571,1,MAIN
sz.002232,2025-05-29,19.11,17.37,10.017271157167528,4.6367,354537060.13,76.46323034270061,1,True,3.887559808612462,0,MAIN
sz.002235,2025-06-12,6.27,5.7,9.999999999999986,14.1979,473086460.46,33.32087565485036,1,True,6.542056074766367,0,MAIN
sz.002235,2025-06-13,6.9,6.27,10.047846889952172,4.2846,163659547.5,38.19715901134295,2,False,17.41573033707864,0,MAIN
sz.002235,2025-06-18,8.06,7.33,9.959072305593452,48.568,2057789724.66,42.369249807692306,1,True,36.499068901303545,0,MAIN
sz.002235,2025-06-20,9.03,8.21,9.987819732034088,39.81,1902014661.37,47.777308750816374,1,True,53.457943925233664,0,MAIN
sz.002235,2025-06-23,9.93,9.03,9.966777408637872,44.6852,2346591624.91,52.51384406716317,2,False,71.67300380228137,0,MAIN
sz.002237,2025-06-12,12.49,11.35,10.044052863436123,4.2693,466763065.7,109.3301163422575,1,True,4.835766423357657,0,MAIN
sz.002240,2025-06-19,12.34,11.22,9.982174688057045,8.5145,897537425.65,105.41281644841155,1,True,-3.3591731266149782,0,MAIN
sz.002246,2025-06-03,12.73,11.57,10.025929127052713,1.8429,128807232.0,69.89377177274947,1,True,15.12437810945273,0,MAIN
sz.002246,2025-06-13,14.29,12.99,10.007698229407236,12.136,930721886.79,76.69099264914304,1,True,14.550264550264558,0,MAIN
sz.002246,2025-06-30,14.62,13.29,10.007524454477055,9.5684,743060242.38,77.65773194891517,1,True,11.96293176074137,0,MAIN
sz.002250,2025-05-28,7.6,6.91,9.985528219971052,15.3129,1049184040.21,68.51635158657079,1,True,6.8006182380216496,0,MAIN
sz.002250,2025-05-29,8.36,7.6,9.999999999999986,16.6791,1214414241.95,72.8105378557596,2,False,16.564417177914102,0,MAIN
sz.002250,2025-05-30,9.2,8.36,10.047846889952153,22.4513,1837707230.62,81.85304328123539,3,False,30.015552099533437,0,MAIN
sz.002250,2025-06-03,10.12,9.2,10.000000000000009,13.1735,1195210100.58,90.72836380460771,4,False,41.538461538461526,0,MAIN
sz.002250,2025-06-05,11.97,10.88,10.018382352941169,21.7132,2228743559.15,102.64463824539911,1,True,66.10687022900765,0,MAIN
sz.002250,2025-06-09,14.08,12.8,9.999999999999986,8.6558,1078166287.03,124.55998140322096,1,True,96.01837672281776,0,MAIN
sz.002253,2025-05-15,8.62,8.21,4.993909866017021,7.3943,132012095.25,17.853224138863716,1,True,-16.734279918864083,1,MAIN
sz.002253,2025-05-19,8.85,8.43,4.982206405693956,5.4307,98814227.72,18.195486349825988,1,True,-15.105740181268878,1,MAIN
sz.002253,2025-05-21,9.6,9.14,5.032822757111588,1.4955,29634304.0,19.815649615513205,1,True,-6.35245901639343,1,MAIN
sz.002253,2025-06-12,11.48,10.93,5.032021957914012,7.9549,186604264.27,23.457776247344402,1,True,30.274135876042905,1,MAIN
sz.002253,2025-06-23,11.01,10.49,4.957102001906577,4.4859,99614941.9,22.206233286519986,1,True,11.477151965993615,1,MAIN
sz.002255,2025-05-06,9.21,8.37,10.03584229390684,12.1464,696151398.37,57.31339313459132,1,True,1.577669902912615,0,MAIN
sz.002258,2025-05-27,11.57,10.52,9.980988593155905,8.0336,717857851.55,89.3569323279725,1,True,-0.7547169811320753,0,MAIN
sz.002259,2025-05-07,3.48,3.31,5.1359516616314105,2.4732,63749333.3,25.77605260391396,1,True,40.2542372881356,1,MAIN
sz.002259,2025-05-08,3.65,3.48,4.885057471264376,2.4506,66725728.52,27.22832307190076,2,False,46.218487394958,1,MAIN
sz.002259,2025-05-09,3.83,3.65,4.93150684931507,2.2228,63700403.35,28.657730497570633,3,False,61.50442477876108,1,MAIN
sz.002259,2025-05-12,4.02,3.83,4.960835509138373,1.7172,51796298.92,30.16323021197298,4,False,78.13953488372094,1,MAIN
sz.002259,2025-05-13,4.22,4.02,4.975124378109452,0.627,19906626.2,31.74900510366826,5,False,86.11111111111107,1,MAIN
sz.002259,2025-05-22,4.22,3.84,9.895833333333323,4.0746,124091332.6,30.45485019388406,1,True,45.45454545454544,0,MAIN
sz.002259,2025-05-27,4.48,4.07,10.073710073710076,4.3775,142915170.51,32.647668877213015,1,True,47.46376811594204,0,MAIN
sz.002263,2025-06-24,2.82,2.56,10.15625,2.616,135952167.4,51.96948295107034,1,True,-7.913669064748197,0,MAIN
sz.002263,2025-06-25,3.1,2.82,9.929078014184412,5.0665,291775566.2,57.58917718345999,2,False,3.296703296703285,0,MAIN
sz.002263,2025-06-26,3.41,3.1,10.000000000000009,24.7524,1543688191.2,62.36519251466524,3,False,16.104868913857693,0,MAIN
sz.002263,2025-06-27,3.75,3.41,9.97067448680351,13.707,965298815.25,70.42378458087109,4,False,25.36764705882353,0,MAIN
sz.002263,2025-06-30,4.13,3.75,10.133333333333328,32.2835,2425240525.65,75.1232216348909,5,False,37.362637362637365,0,MAIN
sz.002265,2025-05-07,24.06,21.87,10.013717421124824,14.4258,1343257517.25,93.11494109512125,1,True,3.5021296734500718,0,MAIN
sz.002265,2025-06-05,22.52,20.47,10.014655593551549,8.2503,727198842.04,88.14210901906597,1,True,-6.401463191586654,0,MAIN
sz.002265,2025-06-25,26.09,23.72,9.99156829679595,15.3829,1569734366.31,102.04411172860773,1,True,10.944808231992509,0,MAIN
sz.002265,2025-06-26,28.7,26.09,10.003832886163288,10.4756,1196339339.29,114.20246470751077,2,False,23.35697399527188,0,MAIN
sz.002268,2025-06-19,17.83,16.21,9.99383096853792,4.6498,693656201.26,149.17979295023443,1,True,4.4458762886598,0,MAIN
sz.002269,2025-06-16,1.95,1.77,10.169491525423725,10.2594,489536555.1,47.71590493596117,1,True,-4.324324324324325,0,MAIN
sz.002272,2025-05-06,10.75,9.77,10.030706243602872,19.1525,769728530.24,40.18945465291738,2,False,8.194905869324476,0,MAIN
sz.002272,2025-06-20,11.04,10.04,9.960159362549792,32.9981,1394374953.68,42.25621940899627,1,True,-3.831417624521072,0,MAIN
sz.002275,2025-06-04,16.14,14.67,10.020449897750506,3.8328,337536384.64,88.06522245877687,1,True,7.472527472527468,0,MAIN
sz.002277,2025-05-20,6.24,5.67,10.052910052910068,5.3626,461669729.75,86.0906518759557,1,True,8.62068965517242,0,MAIN
sz.002277,2025-05-28,6.59,5.99,10.016694490818034,5.0739,463699163.0,91.38910167721083,1,True,7.540394973070019,0,MAIN
sz.002278,2025-05-28,8.91,8.1,10.000000000000009,24.2257,697633713.25,28.79725717935911,1,True,3.5805626598465423,0,MAIN
sz.002278,2025-06-23,8.87,8.06,10.049627791563264,8.0524,237070826.25,29.441014635388207,1,True,0.8760951188986343,0,MAIN
sz.002281,2025-06-24,47.19,42.9,10.000000000000009,7.2816,2575648438.63,353.720121763074,1,True,4.0756914119359555,0,MAIN
sz.002284,2025-05-16,12.63,11.48,10.017421602787469,8.1619,726376698.17,88.99603011186122,1,True,17.023445463812426,0,MAIN
sz.002286,2025-05-07,10.27,9.34,9.95717344753746,15.5615,570448313.77,36.65766884747614,1,True,17.189460476787954,0,MAIN
sz.002286,2025-05-19,10.78,9.8,9.999999999999986,13.207,503240884.82,38.1041027349133,1,True,22.500000000000007,0,MAIN
sz.002286,2025-05-21,12.56,11.42,9.982486865148864,18.1737,807352827.24,44.42424092177156,1,True,43.82871536523929,0,MAIN
sz.002286,2025-05-27,12.33,11.21,9.99107939339874,14.6073,651232139.03,44.58264970459975,1,True,45.77373211963589,0,MAIN
sz.002286,2025-06-03,12.0,10.91,9.990834097158574,10.7692,458761260.99,42.59938166159046,1,True,30.190930787589497,0,MAIN
sz.002289,2025-05-06,9.46,9.01,4.994450610432866,1.0457,27692768.84,26.482517777565263,1,True,79.48207171314743,1,MAIN
sz.002289,2025-05-07,9.93,9.46,4.96828752642704,0.1975,5489304.0,27.793944303797463,2,False,79.50664136622395,1,MAIN
sz.002289,2025-05-08,10.43,9.93,5.035246727089637,0.1853,5409519.5,29.193305450620617,3,False,79.56600361663651,1,MAIN
sz.002289,2025-05-09,10.95,10.43,4.985618408437187,1.9257,59031660.6,30.654650568624398,4,False,98.66666666666666,1,MAIN
sz.002289,2025-05-12,11.5,10.95,5.022831050228316,0.0739,2380523.0,32.21276048714479,5,False,119.43887775551102,1,MAIN
sz.002289,2025-05-13,12.08,11.5,5.043478260869572,0.0961,3250124.0,33.82022892819979,6,False,142.61603375527426,1,MAIN
sz.002289,2025-05-14,12.68,12.08,4.966887417218535,0.0772,2739514.0,35.48593264248704,7,False,142.570281124498,1,MAIN
sz.002289,2025-05-19,13.85,13.19,5.003790750568604,2.1318,80558968.11,37.78917727272727,1,True,128.99305555555554,1,MAIN
sz.002289,2025-05-20,14.54,13.85,4.981949458483759,0.8223,33442579.8,40.669560744253914,2,False,128.92561983471074,1,MAIN
sz.002289,2025-05-26,15.27,14.54,5.020632737276487,0.4381,18727830.42,42.74784391691396,1,True,105.94900849858355,1,MAIN
sz.002289,2025-05-27,16.03,15.27,4.977079240340543,0.1263,5666669.12,44.866738875692796,2,False,106.07287449392713,1,MAIN
sz.002289,2025-06-11,15.62,14.88,4.973118279569877,2.186,94649553.49,43.29805740622141,1,True,29.391304347826086,1,MAIN
sz.002289,2025-06-12,16.4,15.62,4.9935979513444195,2.593,118278726.36,45.61462644041651,2,False,29.30463576158939,1,MAIN
sz.002289,2025-06-13,17.22,16.4,5.000000000000004,1.5188,73100230.94,48.130254766921254,3,False,29.33753943217665,1,MAIN
sz.002289,2025-06-16,18.08,17.22,4.994192799070851,0.5436,27513986.24,50.61439705665931,4,False,29.57110609480813,1,MAIN
sz.002289,2025-06-20,17.15,16.33,5.0214329454990825,2.1613,101988806.0,47.188639244898894,1,True,12.310866574965607,1,MAIN
sz.002289,2025-06-25,17.35,16.52,5.024213075060535,1.7466,83734680.0,47.941532119546544,1,True,8.185985592665368,1,MAIN
sz.002290,2025-05-06,28.38,25.8,9.999999999999986,2.5646,172785035.08,67.3730933010996,1,True,0.07757951900697613,0,MAIN
sz.002290,2025-05-07,31.22,28.38,10.007047216349552,1.1588,88853313.0,76.67700465999309,2,False,8.819018404907975,0,MAIN
sz.002290,2025-05-12,31.79,28.9,10.000000000000009,3.7913,290404693.99,76.59765621027088,1,True,38.27751196172249,0,MAIN
sz.002290,2025-06-04,34.09,30.99,10.00322684737014,2.8985,234806116.11,81.00952772468519,1,True,20.11627906976743,0,MAIN
sz.002291,2025-05-16,6.58,5.98,10.033444816053503,8.4902,472164779.38,55.61291599491179,1,True,-0.4991680532445808,0,MAIN
sz.002291,2025-06-16,7.18,6.53,9.954058192955584,12.9864,791830699.52,60.97384182837429,1,True,9.197324414715723,0,MAIN
sz.002292,2025-05-20,9.77,8.88,10.022522522522516,13.725,1314627642.5,95.78343479052825,1,True,9.629629629629655,0,MAIN
sz.002297,2025-05-20,8.68,7.89,10.012674271229404,11.019,536059719.68,48.648672264270814,1,True,25.837320574162682,0,MAIN
sz.002298,2025-06-04,6.57,5.97,10.050251256281406,8.4398,353034069.56,41.82967245195383,1,True,3.826086956521735,0,MAIN
sz.002298,2025-06-05,7.23,6.57,10.045662100456632,3.7487,177162235.41,47.25964611998826,2,False,8.955223880597018,0,MAIN
sz.002298,2025-06-06,7.95,7.23,9.958506224066376,19.4212,1004669555.67,51.73056019555949,3,False,23.589743589743595,0,MAIN
sz.002298,2025-06-10,8.45,7.68,10.026041666666652,49.6171,2692410453.53,54.263760951970184,1,True,32.18588640275388,0,MAIN
sz.002300,2025-06-10,6.82,6.2,10.000000000000009,5.6856,275060338.4,48.378418882791614,1,True,3.5058430717863187,0,MAIN
sz.002305,2025-05-06,1.42,1.35,5.185185185185182,1.8478,45000190.2,24.353387920770643,1,True,-4.255319148936154,1,MAIN
sz.002305,2025-05-07,1.49,1.42,4.929577464788748,0.3207,8286784.0,25.83967570938572,2,False,2.158273381294973,1,MAIN
sz.002305,2025-05-12,1.65,1.57,5.095541401273884,5.8874,165708458.43,28.146288417637667,1,True,25.6,1,MAIN
sz.002305,2025-05-14,1.74,1.66,4.8192771084337505,5.0049,147604050.38,29.491908006153967,1,True,17.730496453900702,1,MAIN
sz.002305,2025-05-15,1.83,1.74,5.1724137931034475,5.4523,171914354.82,31.530611818865435,2,False,29.850746268656714,1,MAIN
sz.002305,2025-05-19,1.89,1.8,4.999999999999982,1.3559,44136291.24,32.55128788258721,1,True,39.53488372093024,1,MAIN
sz.002305,2025-05-20,1.98,1.89,4.761904761904767,1.2056,41126190.98,34.11263352687458,2,False,50.0,1,MAIN
sz.002305,2025-05-21,2.08,1.98,5.050505050505061,4.8977,174939523.58,35.71870951262837,3,False,54.6875,1,MAIN
sz.002305,2025-05-26,2.11,2.01,4.975124378109452,3.0158,109142232.0,36.19014258239936,1,True,59.52380952380951,1,MAIN
sz.002305,2025-05-27,2.22,2.11,5.213270142180115,7.4835,285523776.87,38.15377522148727,2,False,67.46031746031744,1,MAIN
sz.002305,2025-06-04,2.02,1.92,5.208333333333348,3.2255,111628401.86,34.60809234537281,1,True,42.22222222222221,1,MAIN
sz.002306,2025-05-06,1.72,1.64,4.878048780487809,7.2831,100612577.8,13.814526479109167,1,True,-26.45739910313901,1,MAIN
sz.002306,2025-05-19,1.83,1.74,5.1724137931034475,6.8169,100784874.8,14.78456113482668,1,True,-25.64102564102564,1,MAIN
sz.002306,2025-05-26,1.91,1.82,4.9450549450549275,4.6398,71360819.83,15.380149969826286,1,True,-2.67379679144385,1,MAIN
sz.002309,2025-06-05,2.92,2.78,5.035971223021596,2.0092,70331422.51,35.004689682460686,1,True,6.923076923076921,1,MAIN
sz.002309,2025-06-23,3.39,3.23,4.953560371517041,2.5477,103065515.33,40.45433737488715,1,True,20.52238805970148,1,MAIN
sz.002310,2025-05-30,2.37,2.15,10.232558139534898,4.8986,475958507.18,97.16214983464663,1,True,9.693877551020403,0,MAIN
sz.002313,2025-06-30,10.36,9.42,9.97876857749469,10.7611,411869804.73,38.273950128704314,1,True,-1.3612565445026203,0,MAIN
sz.002316,2025-06-03,4.13,3.93,5.089058524173029,4.7724,66131261.0,13.85702392925991,1,True,7.671232876712342,1,MAIN
sz.002316,2025-06-06,4.44,4.23,4.964539007092195,6.2982,94021251.4,14.928273379695787,1,True,14.634146341463428,1,MAIN
sz.002316,2025-06-11,4.74,4.51,5.09977827050998,4.8926,77761673.88,15.893732142419164,1,True,19.946808510638302,1,MAIN
sz.002317,2025-05-23,13.84,12.58,10.015898251192358,3.9158,412757143.12,105.40812685019665,1,True,16.914498141263934,0,MAIN
sz.002317,2025-05-29,13.61,12.37,10.024252223120444,10.0361,999612514.37,99.60168933848806,1,True,11.93232413178984,0,MAIN
sz.002317,2025-06-09,15.31,13.92,9.985632183908043,3.8449,447568192.24,116.40567823350415,1,True,15.999999999999993,0,MAIN
sz.002317,2025-06-10,16.84,15.31,9.99346832135859,6.1334,786645825.4,128.25607744481036,2,False,26.215993404781536,0,MAIN
sz.002319,2025-06-13,11.51,10.46,10.038240917782026,9.1286,202000693.56,22.128332226190214,1,True,3.6669970267591667,0,MAIN
sz.002319,2025-06-18,13.0,11.82,9.983079526226724,12.0778,297894372.26,24.664622055341205,1,True,13.87283236994219,0,MAIN
sz.002331,2025-05-12,8.27,7.52,9.97340425531914,15.2365,488412586.6,32.05543179864142,1,True,14.28571428571428,0,MAIN
sz.002331,2025-05-13,9.1,8.27,10.036275695284155,22.8838,797257259.09,34.83937366564994,2,False,21.43906020558004,0,MAIN
sz.002335,2025-06-05,42.46,38.6,10.000000000000009,7.7284,1438312840.41,186.10745308343257,1,True,-13.646532438478754,0,MAIN
sz.002338,2025-05-07,42.68,38.8,10.000000000000009,2.3505,240762148.0,102.43018421612423,1,True,-8.74882408278459,0,MAIN
sz.002338,2025-05-08,46.95,42.68,10.004686035613886,1.2837,144643560.0,112.6770740827296,2,False,6.142750559562304,0,MAIN
sz.002338,2025-05-09,51.65,46.95,10.010649627263035,26.4274,3214484213.42,121.63452376775619,3,False,25.3671562082777,0,MAIN
sz.002339,2025-06-05,7.74,7.04,9.943181818181811,7.7059,278730893.61,36.17110183236222,1,True,-0.9845288326301049,0,MAIN
sz.002342,2025-05-07,5.25,4.77,10.062893081761024,18.0365,848122084.21,47.02254230088987,1,True,-4.980079681274896,0,MAIN
sz.002342,2025-05-28,5.59,5.08,10.039370078740165,14.971,768270859.37,51.31727068131722,1,True,12.888888888888882,0,MAIN
sz.002342,2025-06-04,6.37,5.79,10.017271157167528,15.4508,899322842.42,58.20558433349729,1,True,26.419213973799117,0,MAIN
sz.002342,2025-06-26,6.35,5.77,10.051993067590992,19.507,1145210624.59,58.70767542882041,1,True,13.58267716535433,0,MAIN
sz.002343,2025-06-10,8.38,7.62,9.973753280839915,16.1346,605063117.94,37.50096797813396,1,True,7.6271186440677985,0,MAIN
sz.002343,2025-06-19,8.98,8.16,10.049019607843146,19.6959,789632881.58,40.09123125015866,1,True,12.396694214876035,0,MAIN
sz.002345,2025-05-20,11.28,10.25,10.048780487804866,6.3014,606450636.24,96.24061894817024,1,True,14.015572858731918,0,MAIN
sz.002345,2025-06-03,15.81,14.37,10.020876826722349,8.3164,1092740763.52,131.39588806695204,1,True,37.643678160919535,0,MAIN
sz.002345,2025-06-04,17.39,15.81,9.993674889310554,6.7119,970083851.35,144.53192856717175,2,False,59.85844287158746,0,MAIN
sz.002347,2025-05-12,7.37,6.7,10.000000000000009,5.2057,184011647.0,35.34810822751984,1,True,28.352490421455954,0,MAIN
sz.002347,2025-05-21,7.85,7.14,9.943977591036424,10.9692,407255441.28,37.12717803303795,1,True,19.59798994974875,0,MAIN
sz.002347,2025-05-28,8.56,7.78,10.025706940874034,15.6706,638253905.8,40.729385333044036,1,True,27.750410509031198,0,MAIN
sz.002348,2025-06-12,4.3,3.91,9.97442455242965,16.7781,643980301.6,38.38219474195529,1,True,10.76487252124647,0,MAIN
sz.002348,2025-06-16,4.26,3.87,10.077519379844958,18.1732,695116815.57,38.24955514548896,1,True,12.173913043478258,0,MAIN
sz.002354,2025-05-07,7.34,6.67,10.04497751124438,24.9177,2780873710.01,111.60234331459164,1,True,7.7544426494345675,0,MAIN
sz.002355,2025-05-06,6.89,6.26,10.06389776357828,9.7902,413628454.26,42.24923436293436,2,False,-2.945736434108537,0,MAIN
sz.002355,2025-05-29,7.61,6.92,9.97109826589595,10.331,474338245.98,45.914068916852194,1,True,19.516407599309147,0,MAIN
sz.002355,2025-06-24,7.65,6.95,10.07194244604317,12.0919,553067903.85,45.73870970236274,1,True,1.7569546120058677,0,MAIN
sz.002364,2025-05-06,15.4,14.0,10.000000000000009,6.7079,562874570.0,83.91218861342595,1,True,-5.533063427800267,0,MAIN
sz.002364,2025-05-12,16.64,15.13,9.980171844018514,11.2607,1003318831.8,89.0991529656238,1,True,21.040000000000013,0,MAIN
sz.002364,2025-05-22,17.28,15.71,9.993634627625724,6.9682,668965001.56,96.00255468557158,1,True,17.23880597014926,0,MAIN
sz.002365,2025-05-14,12.41,11.28,10.017730496453916,18.4461,546217321.52,29.611534227831353,1,True,8.045977011494255,0,MAIN
sz.002365,2025-05-15,13.65,12.41,9.991941982272357,31.5362,993329586.35,31.498074794997493,2,False,22.386587771203146,0,MAIN
sz.002365,2025-05-19,15.41,14.01,9.99286224125624,20.658,766918842.57,37.12454461080453,1,True,49.51974386339381,0,MAIN
sz.002365,2025-05-21,16.83,15.3,9.999999999999986,30.7787,1254326262.87,40.75306178850958,1,True,61.392405063291136,0,MAIN
sz.002365,2025-05-22,18.51,16.83,9.982174688057066,33.2076,1417542335.22,42.68728650128284,2,False,86.58536585365853,0,MAIN
sz.002365,2025-05-23,20.36,18.51,9.994597514856828,34.9299,1716431556.06,49.13932064105536,3,False,86.5927419354839,0,MAIN
sz.002365,2025-05-28,24.63,22.39,10.004466279589083,34.681,2051686032.42,59.15879105043108,1,True,80.8562197092084,0,MAIN
sz.002365,2025-06-12,22.95,20.86,10.019175455417065,23.0446,1252258277.33,54.34063847191967,1,True,84.92907801418441,0,MAIN
sz.002365,2025-06-13,25.25,22.95,10.02178649237473,13.7978,842188047.17,61.037850031889135,2,False,84.93150684931506,0,MAIN
sz.002365,2025-06-18,28.27,25.7,10.000000000000009,31.2698,2135808164.68,68.3025847520611,1,True,66.77482154445164,0,MAIN
sz.002365,2025-06-23,29.59,26.9,10.000000000000009,30.5478,2100027700.6,68.74562818271693,1,True,45.32685035116151,0,MAIN
sz.002366,2025-05-23,5.63,5.12,9.9609375,8.7318,611206649.0,69.99778384754576,1,True,10.10752688172043,0,MAIN
sz.002366,2025-05-26,6.19,5.63,9.94671403197158,13.8445,1068788055.94,77.19946953230524,2,False,22.125813449023845,0,MAIN
sz.002366,2025-05-27,6.81,6.19,10.016155088852983,2.711,231969724.62,85.56611015123572,3,False,33.118279569892465,0,MAIN
sz.002366,2025-05-28,7.49,6.81,9.985315712187967,31.8903,2966874912.06,93.03377240289367,4,False,39.26380368098159,0,MAIN
sz.002366,2025-05-29,8.24,7.49,10.01335113484647,55.3429,5507226687.52,99.51098853728303,5,False,53.7987679671458,0,MAIN
sz.002366,2025-06-12,7.45,6.77,10.044313146233396,34.1915,3124379641.61,91.37884098708744,1,True,33.26771653543305,0,MAIN
sz.002366,2025-06-17,8.46,7.69,10.013003901170348,32.4995,3293921428.18,101.35298783612055,1,True,46.476190476190496,0,MAIN
sz.002366,2025-06-23,8.24,7.49,10.01335113484647,29.4905,2938438027.85,99.64015624862242,1,True,46.2890625,0,MAIN
sz.002370,2025-06-05,3.95,3.59,10.027855153203348,13.2609,379353810.34,28.60694299331116,1,True,13.249211356466883,0,MAIN
sz.002374,2025-06-18,2.94,2.67,10.1123595505618,4.313,136983057.9,31.76050496174357,1,True,-2.197802197802201,0,MAIN
sz.002376,2025-06-11,7.84,7.13,9.957924263674611,9.7324,594946772.46,61.13053023509104,1,True,3.1837916063675697,0,MAIN
sz.002376,2025-06-12,8.62,7.84,9.948979591836736,2.7101,183957247.76,67.8783984945205,2,False,14.619883040935665,0,MAIN
sz.002378,2025-05-09,7.9,7.18,10.027855153203348,7.0426,644622230.85,91.53185341351205,1,True,14.51355661881979,0,MAIN
sz.002378,2025-05-16,8.8,8.0,10.000000000000009,8.0066,814765544.2,101.76173958983837,1,True,23.839009287925705,0,MAIN
sz.002383,2025-05-14,9.63,8.75,10.057142857142876,9.4519,668339016.98,70.70948877791766,1,True,23.93767705382437,0,MAIN
sz.002383,2025-05-29,9.97,9.06,10.044150110375272,13.7704,995297209.42,72.27801729942486,1,True,1.7977528089887729,0,MAIN
sz.002384,2025-06-16,34.6,31.45,10.01589825119238,17.3834,8139324643.12,468.2239747759356,1,True,13.949275362318826,0,MAIN
sz.002388,2025-05-14,3.79,3.61,4.986149584487531,4.4167,83342937.98,18.86995675051509,1,True,17.589576547231278,1,MAIN
sz.002388,2025-06-03,4.1,3.9,5.128205128205132,2.8491,57971316.8,20.34723835597206,1,True,10.795454545454541,1,MAIN
sz.002389,2025-05-19,21.69,19.72,9.989858012170403,4.1581,858401016.76,206.440686072966,1,True,1.8069179143004543,0,MAIN
sz.002391,2025-06-06,6.19,5.63,9.94671403197158,16.1322,458561413.86,28.425224945140773,1,True,2.1778584392014633,0,MAIN
sz.002391,2025-06-09,6.81,6.19,10.016155088852983,17.65,548670464.54,31.086145299716716,2,False,13.996316758747707,0,MAIN
sz.002391,2025-06-17,6.6,6.0,9.999999999999986,18.0448,526151451.46,29.15806500820181,1,True,7.913669064748219,0,MAIN
sz.002393,2025-05-29,19.46,17.69,10.005652911249284,4.049,192960400.12,47.65631022968633,1,True,5.548926014319799,0,MAIN
sz.002393,2025-06-13,22.11,20.1,9.999999999999986,8.5021,448144812.98,52.709896729043415,1,True,20.575884823035384,0,MAIN
sz.002401,2025-06-30,17.36,15.78,10.012674271229404,9.4042,586923667.5,62.41080235426725,1,True,6.048387096774177,0,MAIN
sz.002402,2025-06-27,23.33,21.21,9.995285242809992,13.0743,2391946147.38,182.95022658039053,1,True,9.499225606608164,0,MAIN
sz.002403,2025-05-21,16.35,14.86,10.026917900403776,12.0606,563962717.18,46.76075130424688,1,True,10.319227913882688,0,MAIN
sz.002404,2025-05-14,6.74,6.13,9.951060358890707,6.2013,185168788.64,29.859672752487377,1,True,1.6583747927031434,0,MAIN
sz.002413,2025-05-12,5.38,4.89,10.020449897750506,7.5865,493072032.56,64.99334773083767,1,True,22.5563909774436,0,MAIN
sz.002413,2025-06-23,5.41,4.92,9.959349593495936,14.6705,960378157.08,65.46321918680346,1,True,-1.7964071856287345,0,MAIN
sz.002418,2025-05-29,3.64,3.31,9.969788519637458,9.1263,365626083.71,40.0629043215761,1,True,9.966777408637872,0,MAIN
sz.002418,2025-06-04,3.82,3.47,10.086455331412104,12.5859,532958815.0,42.34570551172344,1,True,2.0588235294117796,0,MAIN
sz.002419,2025-05-13,6.0,5.45,10.09174311926606,11.8408,818725532.06,69.14444396155665,1,True,6.0311284046692615,0,MAIN
sz.002421,2025-06-23,3.37,3.06,10.130718954248374,5.0962,331828823.11,65.11299068129195,1,True,-10.526315789473683,0,MAIN
sz.002424,2025-06-19,4.39,4.18,5.023923444976086,0.3815,20320871.0,53.26571690694626,1,True,2.7027027027026973,1,MAIN
sz.002424,2025-06-20,4.61,4.39,5.011389521640108,0.3129,17500021.0,55.92847874720358,2,False,8.128078817733986,1,MAIN
sz.002424,2025-06-23,4.84,4.61,4.989154013015185,7.7791,455423696.65,58.54452271470992,3,False,13.267813267813278,1,MAIN
sz.002424,2025-06-25,5.12,4.88,4.918032786885251,3.4763,211075202.72,60.71835075223657,1,True,21.999999999999996,1,MAIN
sz.002425,2025-05-08,2.4,2.29,4.8034934497816595,3.0062,67692815.47,22.517735170647324,1,True,5.5299539170506895,1,MAIN
sz.002425,2025-06-12,3.15,3.0,5.000000000000004,4.2395,125654981.98,29.639104134921574,1,True,25.52301255230125,1,MAIN
sz.002425,2025-06-16,3.47,3.3,5.151515151515174,4.7887,156853865.18,32.75499930670119,1,True,37.5,1,MAIN
sz.002425,2025-06-24,3.24,3.09,4.854368932038855,2.3119,70613627.0,30.543547298758597,1,True,29.831932773109248,1,MAIN
sz.002425,2025-06-25,3.4,3.24,4.938271604938271,5.5627,179580636.14,32.28299856904021,2,False,30.12048192771084,1,MAIN
sz.002426,2025-06-11,2.98,2.71,9.963099630996307,6.7897,679778449.76,100.11907002665802,1,True,-7.508532423208203,0,MAIN
sz.002426,2025-06-24,3.44,3.13,9.904153354632594,17.2929,1960692572.44,113.38136301256586,1,True,15.073529411764696,0,MAIN
sz.002427,2025-05-06,6.55,5.95,10.084033613445364,10.2441,642375313.13,62.7068569352115,1,True,28.509719222462216,0,MAIN
sz.002427,2025-05-13,7.1,6.45,10.077519379844958,10.3684,692368826.89,66.77682447532888,1,True,27.470355731225315,0,MAIN
sz.002427,2025-05-14,7.81,7.1,10.000000000000009,10.294,781051140.68,75.87440651641732,2,False,27.468581687612193,0,MAIN
sz.002427,2025-05-15,8.59,7.81,9.98719590268886,20.7997,1673368667.89,80.45157708476565,3,False,38.23008849557521,0,MAIN
sz.002427,2025-05-19,9.43,8.57,10.03500583430572,17.1856,1532564109.42,89.17722450307234,1,True,65.44401544401546,0,MAIN
sz.002427,2025-05-23,8.38,7.62,9.973753280839915,12.9992,1054271195.31,81.10277519462736,1,True,5.394190871369298,0,MAIN
sz.002427,2025-05-27,9.72,8.84,9.954751131221728,13.9718,1272821228.08,91.09930202837143,1,True,12.755102040816336,0,MAIN
sz.002427,2025-05-28,10.69,9.72,9.979423868312743,21.4559,2232734592.03,104.06156777529723,2,False,12.761020881670548,0,MAIN
sz.002427,2025-06-04,10.59,9.63,9.968847352024902,12.0597,1198349416.95,99.36809513918257,1,True,61.84873949579832,0,MAIN
sz.002427,2025-06-26,8.97,8.15,10.061349693251543,8.6502,735245019.12,84.99745891655685,1,True,-16.1522633744856,0,MAIN
sz.002431,2025-05-19,2.18,1.98,10.1010101010101,4.5652,175854620.26,38.52068261193376,1,True,1.538461538461533,0,MAIN
sz.002431,2025-05-20,2.4,2.18,10.091743119266038,1.2878,56029413.6,43.50785339338407,2,False,12.95336787564767,0,MAIN
sz.002431,2025-05-21,2.64,2.4,10.000000000000009,10.0601,461279444.11,45.85237165733939,3,False,25.0,0,MAIN
sz.002431,2025-05-22,2.9,2.64,9.84848484848484,1.9893,104579367.9,52.57093847081888,4,False,37.50000000000002,0,MAIN
sz.002431,2025-05-26,2.87,2.61,9.961685823754806,13.8744,632299207.86,45.5730848079917,1,True,35.9375,0,MAIN
sz.002431,2025-05-30,2.97,2.7,10.000000000000009,6.8044,359912628.35,52.89410210305097,1,True,42.85714285714288,0,MAIN
sz.002437,2025-05-27,2.89,2.63,9.88593155893538,9.3802,560724279.29,59.77743324129549,1,True,3.9525691699604737,0,MAIN
sz.002437,2025-06-09,3.04,2.76,10.144927536231885,9.4797,585023338.16,61.713275542474975,1,True,9.960159362549792,0,MAIN
sz.002440,2025-05-06,7.66,6.96,10.057471264367823,6.0107,420941386.86,70.03200739680902,1,True,1.0159651669085612,0,MAIN
sz.002440,2025-06-09,8.02,7.29,10.013717421124824,6.802,505215238.37,74.27451313878271,1,True,-3.6988110964332965,0,MAIN
sz.002448,2025-05-29,8.83,8.03,9.96264009962642,9.5871,398602001.5,41.57691079679987,1,True,7.20961281708945,0,MAIN
sz.002449,2025-06-12,9.91,9.01,9.98890122086571,11.5263,700033427.61,60.73357691626975,1,True,1.6930022573363512,0,MAIN
sz.002453,2025-06-24,5.98,5.44,9.926470588235304,4.3512,157851101.74,36.277601981062695,1,True,-1.9819819819819728,0,MAIN
sz.002456,2025-05-20,13.35,12.14,9.967051070840194,11.3481,4737789874.8,417.4963099373463,1,True,-5.082095387021102,0,MAIN
sz.002462,2025-05-06,13.13,11.94,9.96649916247907,4.0869,153901810.13,37.65734667596467,1,True,-7.4418604651162905,0,MAIN
sz.002462,2025-05-07,14.44,13.13,9.97715156130996,1.4567,61308052.4,42.08694473810667,2,False,1.3899613899613916,0,MAIN
sz.002463,2025-06-18,44.64,40.58,10.004928536224744,5.9145,4916992512.82,831.3454244348634,1,True,33.049180327868854,0,MAIN
sz.002465,2025-05-19,11.48,10.44,9.961685823754806,3.0358,846573227.04,278.8633068845115,1,True,-2.9739776951672847,0,MAIN
sz.002467,2025-06-03,5.91,5.37,10.05586592178771,11.5051,907507423.97,78.87870804860454,1,True,4.069767441860472,0,MAIN
sz.002467,2025-06-06,6.68,6.07,10.049423393739689,18.028,1576601760.71,87.45294878577768,1,True,11.580882352941169,0,MAIN
sz.002467,2025-06-27,6.41,5.83,9.94854202401372,19.3754,1659054247.66,85.62683855094606,1,True,8.768656716417912,0,MAIN
sz.002471,2025-05-06,3.27,2.97,10.1010101010101,1.2892,55015624.5,42.67423557244803,2,False,7.608695652173925,0,MAIN
sz.002471,2025-05-07,3.6,3.27,10.09174311926606,2.8048,131767383.6,46.979244010268104,3,False,7.5657894736842035,0,MAIN
sz.002471,2025-05-08,3.96,3.6,9.999999999999986,15.8855,809653109.4,50.96805951339272,4,False,7.784431137724557,0,MAIN
sz.002471,2025-05-12,4.15,3.77,10.07957559681698,17.7254,934191075.47,52.70352575795187,1,True,22.8013029315961,0,MAIN
sz.002471,2025-05-16,3.95,3.59,10.027855153203348,12.5677,636901456.1,50.677646355339476,1,True,9.118541033434635,0,MAIN
sz.002471,2025-05-19,4.35,3.95,10.126582278481,41.6385,2230171955.81,53.56033372503813,2,False,16.519174041297944,0,MAIN
sz.002471,2025-05-22,4.28,3.89,10.025706940874034,13.436,744108968.56,55.3817332956237,1,True,30.100334448160538,0,MAIN
sz.002471,2025-05-23,4.71,4.28,10.046728971962615,17.6919,1076864437.32,60.86765340749156,2,False,40.789473684210535,0,MAIN
sz.002471,2025-05-26,5.18,4.71,9.97876857749469,41.8259,2775999236.9,66.37034079123224,3,False,60.750853242320815,0,MAIN
sz.002471,2025-05-27,5.7,5.18,10.038610038610042,29.9569,2151470670.0,71.81886877480646,4,False,75.59322033898303,0,MAIN
sz.002471,2025-05-29,6.06,5.51,9.981851179673315,38.2855,2978483375.1,77.79664298755404,1,True,93.33333333333331,0,MAIN
sz.002471,2025-06-09,6.24,5.67,10.052910052910068,42.7769,3331293774.57,77.87599790003485,1,True,43.18181818181819,0,MAIN
sz.002471,2025-06-18,5.54,5.04,9.92063492063493,22.6532,1616359337.07,71.35236245077958,1,True,15.86206896551725,0,MAIN
sz.002476,2025-06-19,5.23,4.75,10.10526315789475,14.2271,446178261.86,31.361153141539734,1,True,5.555555555555558,0,MAIN
sz.002480,2025-06-10,7.19,6.54,9.938837920489307,1.0112,55815970.0,55.19775514240505,1,True,12.564543889845092,0,MAIN
sz.002482,2025-05-06,1.88,1.71,9.941520467836252,2.683,183163599.37,68.26820699590012,1,True,-5.524861878453047,0,MAIN
sz.002485,2025-05-08,2.92,2.78,5.035971223021596,1.6947,26536007.94,15.658233280226588,1,True,3.731343283582067,1,MAIN
sz.002485,2025-05-09,3.07,2.92,5.13698630136985,1.6269,26562284.64,16.326931366402363,2,False,14.509803921568643,1,MAIN
sz.002485,2025-05-19,3.1,2.95,5.084745762711851,0.7952,13278627.0,16.698474597585513,1,True,10.902255639097746,1,MAIN
sz.002485,2025-06-06,3.39,3.23,4.953560371517041,1.6605,30559889.98,18.40402889491117,1,True,16.18705035971224,1,MAIN
sz.002485,2025-06-09,3.56,3.39,5.014749262536866,0.2504,4849040.4,19.36517731629393,2,False,16.095890410958912,1,MAIN
sz.002485,2025-06-10,3.74,3.56,5.0561797752809,0.1262,2567510.0,20.344770206022186,3,False,15.960912052117271,1,MAIN
sz.002485,2025-06-11,3.93,3.74,5.080213903743314,2.362,50389282.3,21.333311727349702,4,False,22.222222222222232,1,MAIN
sz.002485,2025-06-12,4.13,3.93,5.089058524173029,1.4897,33443261.7,22.449662146740952,5,False,27.184466019417485,1,MAIN
sz.002485,2025-06-16,4.46,4.25,4.941176470588227,3.9588,94574235.9,23.889622082449232,1,True,39.34426229508197,1,MAIN
sz.002485,2025-06-30,4.49,4.28,4.90654205607477,1.011,24368446.58,24.103310168150347,1,True,35.87301587301588,1,MAIN
sz.002489,2025-05-15,4.07,3.7,10.000000000000009,9.8082,747024005.18,76.16321090312188,1,True,16.35220125786163,0,MAIN
sz.002490,2025-05-06,4.35,3.95,10.126582278481,3.3991,79336328.0,23.340392456826805,1,True,17.210682492581597,0,MAIN
sz.002490,2025-05-07,4.79,4.35,10.114942528735638,0.4533,11761370.79,25.946108074123096,2,False,22.881355932203373,0,MAIN
sz.002490,2025-05-08,5.27,4.79,10.020876826722326,3.557,101528146.81,28.54319561709306,3,False,30.517711171662132,0,MAIN
sz.002490,2025-06-13,4.35,3.95,10.126582278481,12.2615,281701954.0,22.974509970232027,1,True,-10.022779043280172,0,MAIN
sz.002490,2025-06-16,4.79,4.35,10.114942528735638,1.2802,33211944.0,25.94277769098578,2,False,3.8186157517899666,0,MAIN
sz.002490,2025-06-17,5.27,4.79,10.020876826722326,28.9264,808760162.21,27.95924007861331,3,False,14.868105515587526,0,MAIN
sz.002490,2025-06-18,5.8,5.27,10.056925996204937,21.2408,660927862.93,31.11595904721102,4,False,24.292452830188658,0,MAIN
sz.002490,2025-06-19,6.38,5.8,10.000000000000009,28.7259,953368239.99,33.18845501759736,5,False,36.79245283018866,0,MAIN
sz.002490,2025-06-20,7.02,6.38,10.03134796238243,34.9266,1291565358.87,36.979418519695585,6,False,52.267303102625284,0,MAIN
sz.002490,2025-06-23,7.72,7.02,9.971509971509974,30.3249,1253619214.62,41.33959929364977,7,False,71.21951219512195,0,MAIN
sz.002491,2025-06-05,5.69,5.17,10.058027079303676,7.9332,515100484.72,64.929723783593,1,True,4.6558704453441235,0,MAIN
sz.002492,2025-06-17,6.89,6.26,10.06389776357828,16.2466,432058518.06,26.593780733199562,1,True,9.249563699825458,0,MAIN
sz.002496,2025-05-26,1.56,1.49,4.697986577181212,2.706,49188611.24,18.177609475240207,1,True,14.615384615384608,1,MAIN
sz.002501,2025-05-20,2.39,2.17,10.138248847926269,6.6583,549047143.48,82.46055952420288,1,True,9.595959595959602,0,MAIN
sz.002506,2025-05-13,2.43,2.21,9.954751131221728,3.6423,503389974.26,138.2066206133487,1,True,2.314814814814814,0,MAIN
sz.002506,2025-06-20,2.55,2.32,9.913793103448263,3.0642,451541262.8,147.36024502317082,1,True,2.2026431718061623,0,MAIN
sz.002510,2025-05-16,6.36,5.78,10.034602076124566,19.4231,1217290187.82,62.672291643455466,1,True,3.214285714285725,0,MAIN
sz.002510,2025-05-19,7.0,6.36,10.062893081761004,2.5459,179076373.0,70.33912290349188,2,False,16.483516483516492,0,MAIN
sz.002510,2025-05-20,7.7,7.0,10.000000000000009,0.9499,73494498.0,77.37077376565954,3,False,23.456790123456784,0,MAIN
sz.002510,2025-05-21,8.47,7.7,10.000000000000009,0.9468,80586696.96,85.11480456273765,4,False,40.000000000000014,0,MAIN
sz.002512,2025-05-06,4.54,4.13,9.927360774818418,3.8674,178290240.9,46.10080180483012,1,True,-13.052631578947372,0,MAIN
sz.002512,2025-05-19,5.31,4.83,9.93788819875776,15.6007,828442440.61,53.10290183196908,1,True,10.022779043280195,0,MAIN
sz.002513,2025-06-09,5.53,5.03,9.940357852882698,5.5609,79185120.36,14.239623147332267,1,True,7.708779443254832,0,MAIN
sz.002513,2025-06-17,5.84,5.31,9.981167608286269,6.6972,101248510.24,15.118035931434033,1,True,10.395010395010406,0,MAIN
sz.002514,2025-05-06,4.96,4.51,9.977827050997789,3.7129,100989533.8,27.19963742627057,1,True,-33.08605341246291,0,MAIN
sz.002514,2025-05-07,5.46,4.96,10.080645161290324,1.9857,60068200.92,30.25039075389032,2,False,-23.926380368098155,0,MAIN
sz.002514,2025-05-12,5.84,5.31,9.981167608286269,9.0437,280876227.0,31.057667437000347,1,True,-0.747663551401867,0,MAIN
sz.002514,2025-05-13,6.42,5.84,9.931506849315074,10.4209,360431797.8,34.58739627095549,2,False,4.099821746880572,0,MAIN
sz.002514,2025-06-19,6.16,5.6,10.000000000000009,11.4428,385669982.98,33.70416182927256,1,True,-10.40000000000001,0,MAIN
sz.002517,2025-06-30,19.31,17.55,10.028490028490022,3.9216,1412794843.48,360.2598030089759,1,True,7.93357933579335,0,MAIN
sz.002519,2025-05-08,4.93,4.48,10.044642857142838,6.9909,378775765.96,54.18125934572086,1,True,-8.3844580777096,0,MAIN
sz.002519,2025-05-22,5.08,4.62,9.956709956709965,11.1912,625908200.56,55.92860466795339,1,True,4.52488687782806,0,MAIN
sz.002520,2025-05-16,7.26,6.6,10.000000000000009,24.9124,1271491719.53,51.03850771222363,1,True,12.82051282051282,0,MAIN
sz.002522,2025-05-20,5.06,4.6,10.000000000000009,8.1059,359872142.68,44.396321528762996,1,True,8.490566037735835,0,MAIN
sz.002522,2025-06-06,5.31,4.83,9.93788819875776,8.9582,417657459.11,46.622921916233174,1,True,5.92105263157896,0,MAIN
sz.002526,2025-06-03,3.96,3.6,9.999999999999986,10.3757,718913991.6,69.28823998380832,1,True,0.5586592178770999,0,MAIN
sz.002528,2025-05-06,2.35,2.24,4.910714285714279,2.0592,49902049.05,24.233706803613046,3,False,-5.084745762711851,1,MAIN
sz.002528,2025-05-12,2.48,2.36,5.084745762711873,2.6996,69678937.06,25.810837553711657,1,True,9.76744186046512,1,MAIN
sz.002528,2025-05-19,2.6,2.48,4.8387096774193505,2.0172,54820861.4,27.176710985524494,1,True,10.714285714285698,1,MAIN
sz.002528,2025-06-17,2.76,2.63,4.942965779467667,3.4751,100087781.4,28.80141043423211,1,True,6.048387096774199,1,MAIN
sz.002528,2025-06-18,2.9,2.76,5.072463768115942,1.8389,55009744.3,29.91448382185002,2,False,6.153846153846132,1,MAIN
sz.002528,2025-06-20,3.02,2.88,4.861111111111116,2.1418,66817905.32,31.197079708656272,1,True,9.923664122137389,1,MAIN
sz.002528,2025-06-30,3.11,2.96,5.067567567567566,2.1648,69810716.15,32.24811352087953,1,True,16.07843137254903,1,MAIN
sz.002529,2025-05-20,6.76,6.44,4.968944099378869,5.1635,88230396.0,17.087323714534715,1,True,-4.166666666666652,1,MAIN
sz.002529,2025-05-26,6.92,6.59,5.0075872534142585,5.0462,88875088.75,17.612280280210854,1,True,11.317567567567565,1,MAIN
sz.002529,2025-05-27,7.27,6.92,5.0578034682080775,5.867,109914545.75,18.734369481847622,2,False,20.557491289198595,1,MAIN
sz.002530,2025-05-19,11.01,10.01,9.990009990009984,16.6449,1239406853.93,74.46165816135874,1,True,10.000000000000009,0,MAIN
sz.002537,2025-05-29,7.57,6.88,10.029069767441868,12.1235,1033697602.33,85.26395862003548,1,True,-23.299888517279832,0,MAIN
sz.002537,2025-05-30,8.33,7.57,10.039630118890353,2.4609,240669876.86,97.79750370189768,2,False,-6.1957868649318515,0,MAIN
sz.002537,2025-06-03,9.16,8.33,9.963985594237702,21.2725,2257657235.02,106.13032013256552,3,False,14.738292011019283,0,MAIN
sz.002537,2025-06-16,8.56,7.78,10.025706940874034,12.8506,1273705177.82,99.11639750828755,1,True,10.042432814710045,0,MAIN
sz.002537,2025-06-23,9.47,8.61,9.988385598141702,8.005,870099819.52,108.69454335040598,1,True,25.693430656934304,0,MAIN
sz.002537,2025-06-24,10.42,9.47,10.03167898627244,10.4221,1249742157.82,119.91270068604214,2,False,44.14003044140031,0,MAIN
sz.002537,2025-06-25,11.46,10.42,9.98080614203456,30.2602,3858291805.01,127.50384349772968,3,False,55.754857997010454,0,MAIN
sz.002542,2025-06-24,3.41,3.1,10.000000000000009,8.6025,505190803.39,58.72604514850335,1,True,-0.3215434083601254,0,MAIN
sz.002544,2025-05-06,22.62,20.56,10.019455252918297,2.4977,370891962.78,148.49339903911599,1,True,-4.990757855822558,0,MAIN
sz.002546,2025-06-05,5.47,4.97,10.060362173038229,6.4416,279642787.67,43.412007524528065,1,True,-0.6000000000000005,0,MAIN
sz.002546,2025-06-06,6.02,5.47,10.05484460694699,14.9312,711868811.6,47.67659743356194,2,False,8.316831683168324,0,MAIN
sz.002547,2025-05-12,4.72,4.29,10.023310023310009,8.1393,408403368.25,50.17671891317434,1,True,18.181818181818187,0,MAIN
sz.002547,2025-05-16,5.25,4.77,10.062893081761024,16.777,936461125.53,55.81815136973237,1,True,17.777777777777782,0,MAIN
sz.002549,2025-05-06,9.13,8.3,10.000000000000009,12.6923,774889469.3,61.05193458238459,1,True,-9.684439608269846,0,MAIN
sz.002549,2025-05-13,9.8,8.91,9.988776655443331,16.9438,1088541533.79,64.24423882423069,1,True,-19.07356948228882,0,MAIN
sz.002549,2025-05-26,10.26,9.33,9.967845659163975,19.0252,1317955355.22,69.27419187288439,1,True,-10.803059273422566,0,MAIN
sz.002549,2025-05-27,11.29,10.26,10.038986354775826,14.0302,1081351510.46,77.07313583983122,2,False,0.09756097560975618,0,MAIN
sz.002549,2025-06-30,10.3,9.36,10.042735042735051,5.6627,400853786.7,70.78845545411198,1,True,-13.172541743970312,0,MAIN
sz.002550,2025-05-28,7.07,6.43,9.953343701399708,8.8557,579222516.39,65.40674552999762,1,True,3.5426731078904927,0,MAIN
sz.002550,2025-06-03,8.54,7.76,10.051546391752565,17.0157,1365915083.46,80.2738108605582,1,True,27.631578947368407,0,MAIN
sz.002550,2025-06-13,10.23,9.3,9.999999999999986,25.5059,2456435018.84,96.30850190897009,1,True,56.30252100840336,0,MAIN
sz.002551,2025-05-12,3.63,3.3,10.000000000000009,5.1753,110728172.68,21.395508024655577,1,True,15.384615384615374,0,MAIN
sz.002551,2025-05-13,3.99,3.63,9.917355371900838,18.9356,430624105.17,22.741508331925054,2,False,26.923076923076916,0,MAIN
sz.002551,2025-05-14,4.39,3.99,10.02506265664158,18.9944,509423317.92,26.819658316135282,3,False,35.71428571428572,0,MAIN
sz.002556,2025-05-27,5.94,5.4,10.000000000000009,7.8986,430046183.03,54.44587433595827,1,True,-2.5270758122743597,0,MAIN
sz.002556,2025-06-11,6.79,6.17,10.048622366288496,14.386,881678514.43,61.28725944876964,1,True,12.79707495429616,0,MAIN
sz.002556,2025-06-12,7.47,6.79,10.014727540500722,22.2958,1435086321.68,64.36576941307332,2,False,24.131627056672777,0,MAIN
sz.002558,2025-06-12,18.73,17.03,9.982384028185542,5.52,1964876621.44,355.9559096811594,1,True,18.758716875871695,0,MAIN
sz.002558,2025-06-30,23.55,21.41,9.995329285380672,4.386,1944258006.59,443.28727920428634,1,True,45.54724677090414,0,MAIN
sz.002560,2025-05-08,7.38,6.71,9.985096870342767,12.0455,389484014.38,32.33439993192478,1,True,4.517133956386288,0,MAIN
sz.002560,2025-05-15,8.26,7.51,9.986684420772306,29.211,1065956397.2,36.491609229399884,1,True,31.52364273204904,0,MAIN
sz.002560,2025-05-16,9.09,8.26,10.04842615012107,24.2439,975230090.63,40.22579249336947,2,False,41.68096054888508,0,MAIN
sz.002562,2025-05-06,4.97,4.52,9.95575221238938,23.6959,807485216.57,34.07700136183897,1,True,10.2439024390244,0,MAIN
sz.002562,2025-06-24,4.82,4.38,10.045662100456632,15.9728,527239990.08,33.00861402384053,1,True,-3.524229074889873,0,MAIN
sz.002565,2025-06-03,4.74,4.31,9.976798143851529,5.665,279428266.73,49.32537806354811,1,True,16.486486486486474,0,MAIN
sz.002565,2025-06-23,5.57,5.06,10.079051383399218,15.5784,891507667.5,57.227165016946536,1,True,25.247524752475247,0,MAIN
sz.002565,2025-06-24,6.13,5.57,10.05385996409336,13.0106,814921215.39,62.63517557914316,2,False,40.30226700251889,0,MAIN
sz.002566,2025-05-28,8.29,7.54,9.946949602122013,13.4301,251328228.13,18.713801693956114,1,True,6.346967559943595,0,MAIN
sz.002569,2025-05-06,7.09,6.75,5.03703703703704,0.0985,977002.0,9.918802030456852,2,False,-3.0172413793103425,1,MAIN
sz.002569,2025-05-07,7.44,7.09,4.936530324400579,0.153,1592904.0,10.411137254901961,3,False,-3.0095759233926045,1,MAIN
sz.002569,2025-05-08,7.81,7.44,4.973118279569877,0.1763,1927523.62,10.933202609188884,4,False,1.6393442622950838,1,MAIN
sz.002569,2025-05-09,8.2,7.81,4.9935979513444195,7.3896,84632360.8,11.45290148316553,5,False,12.37410071942444,1,MAIN
sz.002569,2025-05-12,8.61,8.2,5.000000000000004,0.8385,10104696.0,12.050919499105547,6,False,24.242424242424242,1,MAIN
sz.002569,2025-05-15,8.75,8.33,5.042016806722693,5.2413,63734568.03,12.160068690973613,1,True,24.700598802395213,1,MAIN
sz.002569,2025-05-23,9.07,8.64,4.976851851851838,4.4946,56365167.12,12.54064146308904,1,True,31.506849315068486,1,MAIN
sz.002569,2025-05-28,9.65,9.19,5.005440696409158,4.9037,65094469.0,13.274561861451557,1,True,32.04022988505746,1,MAIN
sz.002569,2025-06-09,9.44,8.99,5.005561735261388,0.332,4385824.0,13.21031325301205,1,True,15.10883482714469,1,MAIN
sz.002569,2025-06-10,9.91,9.44,4.978813559322037,0.3027,4197895.82,13.868172514040303,2,False,15.121951219512209,1,MAIN
sz.002570,2025-05-20,6.56,5.96,10.067114093959727,23.4065,1632090503.38,69.72808849593062,1,True,-18.356164383561648,0,MAIN
sz.002571,2025-05-19,6.57,5.97,10.050251256281406,12.2121,229916085.5,18.826908189418692,1,True,-22.868217054263575,0,MAIN
sz.002573,2025-05-20,4.27,3.88,10.051546391752565,2.488,146414234.64,58.84816504823151,1,True,8.98876404494382,0,MAIN
sz.002574,2025-05-27,6.77,6.15,10.08130081300811,11.8117,401060398.31,33.954502595731356,1,True,3.8851351351351315,0,MAIN
sz.002574,2025-05-28,7.45,6.77,10.044313146233396,22.0469,812850526.7,36.869152883171786,2,False,22.86751361161523,0,MAIN
sz.002576,2025-05-06,16.12,14.65,10.03412969283277,7.127,180100148.53,25.27012046162481,1,True,-2.398401065956024,0,MAIN
sz.002576,2025-05-29,18.12,16.47,10.018214936247729,12.486,355139195.88,28.442991821239787,1,True,14.77351916376306,0,MAIN
sz.002579,2025-06-18,9.01,8.19,10.01221001221002,11.1807,575417365.86,51.465236153371436,1,True,2.631578947368407,0,MAIN
sz.002579,2025-06-19,9.91,9.01,9.98890122086571,2.6289,151504337.66,57.630315972459975,2,False,12.765957446808507,0,MAIN
sz.002579,2025-06-20,10.9,9.91,9.989909182643796,25.876,1639844755.77,63.37319352952543,3,False,26.242038216560527,0,MAIN
sz.002579,2025-06-24,12.65,11.5,10.000000000000009,41.5156,2976230140.65,71.68944061148099,1,True,49.35064935064935,0,MAIN
sz.002579,2025-06-27,13.77,12.52,9.984025559105426,47.3629,3615539345.4,76.33695034298998,1,True,62.38651102464332,0,MAIN
sz.002579,2025-06-30,15.15,13.77,10.02178649237473,39.1068,3331788334.75,85.19716097328343,2,False,73.42569269521408,0,MAIN
sz.002580,2025-05-21,13.62,12.38,10.016155088852983,14.2099,843565757.56,59.364651233295085,1,True,10.044444444444455,0,MAIN
sz.002581,2025-05-20,8.69,7.9,9.999999999999986,3.2749,110054008.98,33.60530366728755,1,True,-6.839622641509435,0,MAIN
sz.002581,2025-06-09,9.03,8.21,9.987819732034088,3.6115,125670725.9,34.79737668558771,1,True,8.597883597883605,0,MAIN
sz.002583,2025-05-08,12.86,11.69,10.008554319931571,10.8196,1693109552.59,156.48541097545194,1,True,1.475694444444442,0,MAIN
sz.002583,2025-06-13,12.51,11.37,10.026385224274414,11.5481,1825223823.88,158.05403693075053,1,True,-8.82117080994388,0,MAIN
sz.002584,2025-05-21,11.0,10.0,10.000000000000009,25.807,1158502274.3,44.891009195179606,1,True,10.619469026548689,0,MAIN
sz.002586,2025-05-13,3.23,3.08,4.870129870129869,2.4177,69046685.52,28.558830921950612,1,True,16.666666666666675,1,MAIN
sz.002590,2025-05-16,13.2,12.0,9.999999999999986,2.9742,194317129.0,65.33425089099589,1,True,4.8034934497816595,0,MAIN
sz.002590,2025-05-19,14.52,13.2,10.000000000000009,1.8689,134315125.56,71.8685459682166,2,False,15.992970123022832,0,MAIN
sz.002590,2025-05-20,15.97,14.52,9.986225895316814,20.7097,1633820910.06,78.8915778625475,3,False,29.29652715939448,0,MAIN
sz.002592,2025-05-27,6.21,5.91,5.076142131979688,2.2539,36118868.0,16.025053462886554,1,True,18.436873747494985,1,MAIN
sz.002592,2025-06-30,6.45,6.14,5.048859934853422,3.1203,52147947.0,16.71247860782617,1,True,0.32679738562091387,1,MAIN
sz.002593,2025-05-08,5.34,4.85,10.103092783505163,2.3698,72189324.0,30.46220102962275,1,True,1.464435146443499,0,MAIN
sz.002593,2025-06-16,5.19,4.72,9.957627118644076,14.8542,427577989.0,28.784989363277727,1,True,-4.0650406504065035,0,MAIN
sz.002598,2025-05-08,10.52,9.56,10.041841004184082,7.1646,206756668.32,28.85808954023951,1,True,-11.317254174397018,0,MAIN
sz.002598,2025-05-09,11.57,10.52,9.980988593155905,23.7228,742916863.66,31.316575769302105,2,False,8.453608247422695,0,MAIN
sz.002599,2025-05-08,9.59,8.72,9.977064220183474,6.5785,247408879.6,37.60870709128221,1,True,-6.737967914438492,0,MAIN
sz.002602,2025-06-30,11.08,10.55,5.023696682464451,1.9613,1470674856.93,749.8469672819048,1,True,13.440860215053752,1,MAIN
sz.002609,2025-05-29,10.87,9.88,10.020242914979738,4.4892,217399235.8,48.4271664884612,1,True,-0.8032128514056214,0,MAIN
sz.002609,2025-06-26,11.98,10.89,10.009182736455458,7.9559,418235518.7,52.56922770522506,1,True,9.778225806451623,0,MAIN
sz.002612,2025-06-03,18.36,16.69,10.005991611743536,9.5,426311521.86,44.87489703789473,1,True,6.3734862970044714,0,MAIN
sz.002615,2025-06-04,8.01,7.28,10.027472527472517,11.8351,280049032.51,23.66258269976595,1,True,2.824858757062154,0,MAIN
sz.002615,2025-06-11,8.47,7.7,10.000000000000009,17.6076,439133744.04,24.940011361003204,1,True,4.054054054054057,0,MAIN
sz.002615,2025-06-12,9.32,8.47,10.035419126328216,29.9269,841200800.23,28.108517762614902,2,False,13.08411214953271,0,MAIN
sz.002615,2025-06-13,10.25,9.32,9.978540772532195,32.9147,991636839.71,30.12747616444932,3,False,25.437415881561254,0,MAIN
sz.002616,2025-05-26,6.28,5.71,9.982486865148864,8.1071,235030938.37,28.99075358266211,1,True,-0.868055555555558,0,MAIN
sz.002617,2025-05-21,8.23,7.48,10.026737967914446,13.8451,2099145839.76,151.61651701757302,1,True,8.879184861717615,0,MAIN
sz.002620,2025-05-06,3.71,3.53,5.099150141643061,1.1759,13758349.5,11.700271706777789,2,False,-2.4861878453038777,1,MAIN
sz.002620,2025-05-07,3.9,3.71,5.121293800539073,0.4365,5368369.5,12.298670103092782,3,False,1.6438356164383494,1,MAIN
sz.002620,2025-05-08,4.1,3.9,5.128205128205132,0.8974,11603820.0,12.930488076665924,4,False,5.691056910569103,1,MAIN
sz.002620,2025-05-12,4.39,4.18,5.023923444976086,13.9812,192296691.91,13.753947580322146,1,True,33.974358974358964,1,MAIN
sz.002620,2025-06-19,3.91,3.72,5.107526881720426,6.6945,80190141.5,11.978510941817913,1,True,-10.791366906474808,1,MAIN
sz.002622,2025-05-08,2.9,2.64,9.84848484848484,3.1075,75095277.6,24.16581740949316,1,True,-5.035971223021574,0,MAIN
sz.002622,2025-06-09,3.12,2.84,9.859154929577477,7.2493,189489329.44,26.138982996979017,1,True,-2.0689655172413834,0,MAIN
sz.002626,2025-05-15,18.49,16.81,9.994051160023789,4.8172,529043346.08,109.82382838163248,1,True,15.771349862258944,0,MAIN
sz.002626,2025-06-25,20.41,18.55,10.02695417789756,5.855,701876451.85,119.87642217762595,1,True,3.6892118501956395,0,MAIN
sz.002629,2025-06-06,5.73,5.21,9.98080614203456,8.2896,168252181.69,20.29677930056939,1,True,1.1650485436893065,0,MAIN
sz.002629,2025-06-09,6.3,5.73,9.947643979057585,23.4435,508886269.89,21.70692387612771,2,False,7.102803738317776,0,MAIN
sz.002630,2025-05-16,2.39,2.28,4.824561403508776,32.0079,761454575.19,23.789582421527186,1,True,-47.82608695652174,1,MAIN
sz.002630,2025-05-19,2.51,2.39,5.020920502092041,13.9483,361125375.52,25.89027878092671,2,False,-46.532438478747196,1,MAIN
sz.002630,2025-05-21,2.57,2.45,4.8979591836734615,20.9275,551274277.84,26.342099048620238,1,True,-45.190156599552566,1,MAIN
sz.002630,2025-05-28,2.6,2.48,4.8387096774193505,9.7559,269572937.2,27.63178560665853,1,True,-40.09661835748793,1,MAIN
sz.002630,2025-05-29,2.73,2.6,5.000000000000004,0.3398,9868229.28,29.041286874632135,2,False,-35.32338308457711,1,MAIN
sz.002630,2025-05-30,2.87,2.73,5.128205128205132,12.2856,374661921.74,30.49602149996744,3,False,-24.58563535911602,1,MAIN
sz.002630,2025-06-04,2.87,2.73,5.128205128205132,14.899,447435231.95,30.03122571649104,1,True,-20.639534883720934,1,MAIN
sz.002630,2025-06-19,2.61,2.49,4.819277108433728,10.3381,285464989.93,27.612906620171987,1,True,1.6326530612244872,1,MAIN
sz.002630,2025-06-30,2.73,2.6,5.000000000000004,11.8388,342415653.37,28.92317239669561,1,True,-4.761904761904756,1,MAIN
sz.002633,2025-05-30,15.44,14.04,9.971509971509974,3.6853,85021904.0,23.070551651154588,1,True,25.91928251121076,0,MAIN
sz.002633,2025-06-03,16.98,15.44,9.97409326424872,2.9214,74118835.8,25.370998767714106,2,False,25.835370823145887,0,MAIN
sz.002634,2025-06-26,4.38,3.98,10.050251256281406,2.9061,56438910.0,19.420842366057602,1,True,0.75949367088608,0,MAIN
sz.002639,2025-05-06,8.36,7.6,9.999999999999986,10.9701,588104634.12,53.60977877321081,1,True,-17.030567685589524,0,MAIN
sz.002639,2025-05-23,9.21,8.37,10.03584229390684,27.2169,1611515867.84,59.21011826622429,1,True,9.126466753585394,0,MAIN
sz.002639,2025-05-26,10.13,9.21,9.989142236699244,33.2088,2142692659.96,64.52183336826384,2,False,23.12834224598932,0,MAIN
sz.002639,2025-05-28,11.35,10.32,9.980620155038755,51.9834,3749974432.9,72.13792158458277,1,True,35.43307086614173,0,MAIN
sz.002640,2025-05-08,4.46,4.05,10.123456790123452,15.2206,920458295.29,60.47450792281514,1,True,36.36363636363635,0,MAIN
sz.002640,2025-05-14,5.06,4.6,10.000000000000009,39.4285,2647064091.53,67.13580510366867,1,True,44.20062695924764,0,MAIN
sz.002640,2025-06-09,5.03,4.57,10.0656455142232,34.7489,2396088905.17,68.95438143854913,1,True,2.4663677130045025,0,MAIN
sz.002644,2025-06-03,9.26,8.42,9.976247030878849,3.669,165667412.9,45.15328778958844,1,True,7.672634271099743,0,MAIN
sz.002645,2025-06-11,10.01,9.1,10.000000000000009,9.4676,466228659.25,49.24465115235118,1,True,9.243697478991585,0,MAIN
sz.002647,2025-05-13,5.17,4.92,5.081300813008127,3.8605,133225285.25,34.50985241549022,1,True,-3.149606299212604,1,MAIN
sz.002647,2025-06-10,5.54,5.28,4.924242424242431,4.8555,181598070.8,37.400488271032856,1,True,6.024096385542155,1,MAIN
sz.002647,2025-06-11,5.82,5.54,5.054151624548742,3.3574,130158603.51,38.76767841484482,2,False,12.601626016260159,1,MAIN
sz.002647,2025-06-13,6.06,5.77,5.025996533795496,5.8992,234876338.28,39.814947497965825,1,True,9.904761904761905,1,MAIN
sz.002647,2025-06-23,5.87,5.59,5.008944543828275,3.4848,137511556.86,39.46038706955923,1,True,7.293666026871404,1,MAIN
sz.002647,2025-06-30,6.43,6.12,5.065359477124187,5.9227,254478731.73,42.96667596366522,1,True,18.146718146718154,1,MAIN
sz.002650,2025-05-06,6.06,5.77,5.025996533795496,0.5151,35635640.5,69.18198505144632,1,True,17.99591002044989,1,MAIN
sz.002650,2025-05-07,6.36,6.06,4.950495049504955,0.3067,22449531.36,73.19703736550375,2,False,22.424242424242415,1,MAIN
sz.002650,2025-05-08,6.68,6.36,5.031446540880502,0.1201,9239442.0,76.931240632806,3,False,28.2258064516129,1,MAIN
sz.002650,2025-05-09,7.01,6.68,4.940119760479034,3.1746,251187057.93,79.12400237195239,4,False,41.82590233545647,1,MAIN
sz.002650,2025-05-12,7.36,7.01,4.992867332382311,0.4586,38877936.0,84.77526384648931,5,False,56.823266219239386,1,MAIN
sz.002650,2025-05-13,7.73,7.36,5.027173913043481,0.1272,11330247.5,89.07427279874213,6,False,62.11453744493394,1,MAIN
sz.002650,2025-05-20,7.21,6.87,4.949053857350805,1.036,84277807.31,81.34923485521234,1,True,46.4818763326226,1,MAIN
sz.002650,2025-05-21,7.57,7.21,4.993065187239942,0.3468,30219548.9,87.1382609573241,2,False,50.52192066805845,1,MAIN
sz.002650,2025-05-26,8.04,7.66,4.960835509138373,0.8328,75530678.8,90.69485926993275,1,True,46.18320610687023,1,MAIN
sz.002650,2025-06-16,6.67,6.35,5.039370078740157,0.5643,42845755.0,75.92726386673755,1,True,-10.81460674157304,1,MAIN
sz.002650,2025-06-17,7.0,6.67,4.94752623688155,0.3124,25184753.0,80.61700704225352,2,False,-1.3313609467455634,1,MAIN
sz.002651,2025-05-07,7.39,6.72,9.970238095238091,8.179,330076105.44,40.356535693850105,1,True,0.29850746268655914,0,MAIN
sz.002651,2025-05-08,8.13,7.39,10.01353179972937,23.27,1049974711.96,45.12138856725398,2,False,11.127819548872164,0,MAIN
sz.002651,2025-05-09,8.94,8.13,9.963099630996286,28.0151,1403490955.68,50.097660036194775,3,False,35.72621035058432,0,MAIN
sz.002651,2025-05-12,9.83,8.94,9.95525727069353,20.3369,1067823956.79,52.50672210563066,4,False,58.51063829787233,0,MAIN
sz.002651,2025-05-13,10.81,9.83,9.969481180061043,21.1136,1274152310.24,60.34746846771748,5,False,63.018242122719734,0,MAIN
sz.002651,2025-05-14,11.89,10.81,9.990749306197966,13.7606,923326793.7,67.09931207214802,6,False,77.79605263157896,0,MAIN
sz.002651,2025-05-16,14.17,12.88,10.015527950310554,12.5372,966111865.28,77.05961979389336,1,True,107.74193548387099,0,MAIN
sz.002651,2025-05-19,15.59,14.17,10.021171489061388,28.6622,2392259616.92,83.46392171291807,2,False,130.0324675324675,0,MAIN
sz.002651,2025-06-09,12.16,11.05,10.045248868778266,15.9947,1078485153.4,67.42765749904656,1,True,35.916359163591636,0,MAIN
sz.002651,2025-06-30,12.02,10.93,9.972552607502294,8.0762,540000824.44,66.86323078180334,1,True,-8.305369127516782,0,MAIN
sz.002653,2025-06-12,47.7,43.36,10.00922509225093,1.0553,259067287.91,245.49160230266273,1,True,3.9309683604985546,0,MAIN
sz.002654,2025-05-20,12.83,11.66,10.034305317324188,4.9562,524097107.2,105.74575424720551,1,True,1.0398613518197708,0,MAIN
sz.002656,2025-05-13,2.32,2.21,4.977375565610864,2.3442,32562238.52,13.890554782015188,1,True,13.33333333333333,1,MAIN
sz.002656,2025-06-16,2.54,2.42,4.958677685950419,3.1698,54224168.24,17.106495122720677,1,True,5.676855895196509,1,MAIN
sz.002656,2025-06-17,2.67,2.54,5.118110236220463,1.1473,20571597.07,17.930442839710626,2,False,9.956709956709965,1,MAIN
sz.002657,2025-05-29,21.01,19.1,10.000000000000009,13.8439,951237141.96,68.71164498154421,1,True,-2.451481103166475,0,MAIN
sz.002657,2025-06-04,26.14,23.76,10.016835016835014,32.1151,2659538909.6,82.81272390869093,1,True,17.85714285714286,0,MAIN
sz.002657,2025-06-16,25.37,23.06,10.01734605377278,24.5562,2032113433.8,82.75357888435506,1,True,16.58240647118301,0,MAIN
sz.002657,2025-06-23,26.52,24.11,9.99585234342597,12.8106,1089640839.76,85.05775215524643,1,True,19.297377535873327,0,MAIN
sz.002658,2025-06-30,7.83,7.12,9.971910112359538,11.4544,317969473.64,27.75959226498114,1,True,-2.063273727647863,0,MAIN
sz.002664,2025-05-06,18.95,17.23,9.982588508415557,5.5778,422292558.05,75.70951953279071,2,False,3.2354703415218733,0,MAIN
sz.002664,2025-05-15,20.79,18.9,10.000000000000009,7.1649,568425495.82,79.33474239975436,1,True,23.853211009174302,0,MAIN
sz.002669,2025-06-03,11.79,10.72,9.981343283582069,13.5536,468377036.07,34.55738962858576,1,True,9.164969450101834,0,MAIN
sz.002670,2025-06-24,13.16,11.96,10.033444816053503,5.4796,1150230363.73,209.91137377363313,1,True,1.9607843137254832,0,MAIN
sz.002670,2025-06-25,14.48,13.16,10.030395136778123,5.1106,1181158276.42,231.11929644660123,2,False,10.96121416526139,0,MAIN
sz.002670,2025-06-26,15.93,14.48,10.013812154696122,3.2366,836984549.79,258.59993505221524,3,False,22.60795935647757,0,MAIN
sz.002672,2025-05-06,4.47,4.06,10.0985221674877,2.0886,81523293.25,39.03250658335727,1,True,-0.4901960784313819,0,MAIN
sz.002676,2025-06-18,6.19,5.63,9.94671403197158,6.1991,270798552.3,43.68352701198562,1,True,-7.095709570957087,0,MAIN
sz.002678,2025-06-16,5.6,5.09,10.019646365422386,5.1018,368772910.78,72.28290226586694,1,True,13.111111111111118,0,MAIN
sz.002678,2025-06-17,6.16,5.6,10.000000000000009,2.2653,188115674.7,83.04227903588928,2,False,25.279642058165553,0,MAIN
sz.002682,2025-05-07,4.65,4.23,9.92907801418439,7.3625,184845983.0,25.106415348047538,1,True,-2.5345622119815503,0,MAIN
sz.002682,2025-05-26,4.94,4.49,10.022271714922049,8.3021,225044085.5,27.10688687199624,1,True,6.146572104018899,0,MAIN
sz.002682,2025-06-03,5.46,4.96,10.080645161290324,8.9582,265189009.9,29.602934730191336,1,True,24.310776942355883,0,MAIN
sz.002688,2025-05-14,6.85,6.23,9.95184590690208,17.3219,845554018.91,48.81416120113845,1,True,-26.705882352941167,0,MAIN
sz.002689,2025-05-09,4.04,3.67,10.081743869209811,4.2022,173492222.28,41.286045947360904,1,True,9.880239520958089,0,MAIN
sz.002691,2025-05-08,9.28,8.44,9.952606635071092,2.3618,72691410.72,30.7779704970785,1,True,-0.23640661938535423,0,MAIN
sz.002693,2025-05-15,6.89,6.56,5.030487804878048,2.2978,65106366.0,28.334217947602053,1,True,-21.81168057210966,1,MAIN
sz.002693,2025-05-19,7.41,7.06,4.95750708215299,0.857,26114322.0,30.471787631271884,1,True,-30.443349753694594,1,MAIN
sz.002693,2025-05-20,7.78,7.41,4.993252361673406,0.4018,12854894.0,31.99326530612245,2,False,-33.66159355416294,1,MAIN
sz.002693,2025-05-21,8.17,7.78,5.0128534704370065,6.5809,221065106.15,33.59192605114802,3,False,-36.69650122050447,1,MAIN
sz.002693,2025-05-22,8.58,8.17,5.018359853121179,15.5534,545870192.44,35.09651860300642,4,False,-37.72865853658536,1,MAIN
sz.002693,2025-05-26,8.56,8.15,5.03067484662576,4.1216,143694156.0,34.86368303571428,1,True,-23.33019755409219,1,MAIN
sz.002693,2025-05-27,8.99,8.56,5.023364485981308,2.4648,90296923.0,36.63458414475819,2,False,-10.553814002089856,1,MAIN
sz.002696,2025-05-15,6.06,5.51,9.981851179673315,12.6604,250873759.37,19.815626628700517,1,True,-2.992957746478875,0,MAIN
sz.002703,2025-06-24,12.74,11.58,10.017271157167528,2.8156,210221122.02,74.6629926196903,1,True,-8.168120539254552,0,MAIN
sz.002703,2025-06-25,14.01,12.74,9.968602825745675,20.2927,1665453286.16,82.07154721451558,2,False,-2.970297029702973,0,MAIN
sz.002705,2025-06-25,15.16,13.78,10.0145137880987,3.2152,384177548.81,119.48791640022394,1,True,-3.6363636363636487,0,MAIN
sz.002713,2025-05-06,4.46,4.25,4.941176470588227,0.4219,7722146.58,18.303262811092676,2,False,-15.33864541832669,1,MAIN
sz.002713,2025-05-07,4.68,4.46,4.932735426008961,0.3971,7625320.56,19.20251966759003,3,False,-5.508474576271183,1,MAIN
sz.002713,2025-05-08,4.91,4.68,4.914529914529919,0.4874,9819607.2,20.146916700861713,4,False,0.0,1,MAIN
sz.002713,2025-05-09,5.16,4.91,5.0916496945010215,6.6321,140429513.52,21.174215334509434,5,False,16.62707838479811,1,MAIN
sz.002713,2025-05-27,4.87,4.64,4.956896551724155,7.3678,145817103.98,19.79113222128722,1,True,13.170731707317085,1,MAIN
sz.002716,2025-06-06,3.89,3.54,9.887005649717516,7.3948,630570956.27,85.27221240195813,1,True,-2.7472527472527486,0,MAIN
sz.002717,2025-05-19,1.71,1.63,4.907975460122693,6.0921,164676073.24,27.031085051131793,1,True,-49.06250000000001,1,MAIN
sz.002717,2025-05-20,1.8,1.71,5.263157894736836,0.4312,12423600.0,28.811688311688314,2,False,-43.00000000000001,1,MAIN
sz.002717,2025-05-21,1.89,1.8,4.999999999999982,12.2381,361430112.67,29.53318837646367,3,False,-39.39393939393939,1,MAIN
sz.002717,2025-05-22,1.98,1.89,4.761904761904767,10.7896,340059325.01,31.51732455420034,4,False,-35.273972602739725,1,MAIN
sz.002717,2025-05-23,2.08,1.98,5.050505050505061,3.7055,122448099.34,33.04496001619215,5,False,-33.77926421404683,1,MAIN
sz.002717,2025-05-26,2.18,2.08,4.807692307692313,0.7523,26252122.44,34.89581608400904,6,False,-29.729729729729726,1,MAIN
sz.002717,2025-05-27,2.29,2.18,5.045871559633031,0.2024,7420974.0,36.66489130434783,7,False,-26.84563758389261,1,MAIN
sz.002717,2025-05-30,2.17,2.07,4.8309178743961345,21.4427,720510474.45,33.60166744160018,1,True,-24.17582417582418,1,MAIN
sz.002717,2025-06-10,2.04,1.94,5.154639175257736,16.2694,524881835.46,32.2619048926205,1,True,-8.056872037914687,1,MAIN
sz.002717,2025-06-26,1.85,1.76,5.113636363636376,7.0455,206997317.27,29.38007483783976,1,True,-23.14410480349345,1,MAIN
sz.002719,2025-05-06,8.6,7.82,9.97442455242965,7.2912,100388045.0,13.76838449089313,1,True,10.29619181946404,0,MAIN
sz.002721,2025-06-06,3.35,3.19,5.0156739811912265,4.1419,365118350.98,88.15238199377099,1,True,17.712177121771223,1,MAIN
sz.002721,2025-06-27,3.37,3.06,10.130718954248374,5.1728,450267153.85,87.04515037310549,1,True,6.6202090592334395,0,MAIN
sz.002722,2025-05-07,15.81,14.37,10.020876826722349,5.0032,133812106.87,26.745304379197314,1,True,-4.136090727151442,0,MAIN
sz.002722,2025-05-13,16.41,14.92,9.986595174262746,7.3302,207494408.44,28.30678677798696,1,True,14.154552410099463,0,MAIN
sz.002724,2025-06-26,7.38,6.71,9.985096870342767,5.2668,217225963.62,41.24439196855776,1,True,1.9756838905774954,0,MAIN
sz.002725,2025-06-30,13.18,11.98,10.016694490818034,7.0396,191786232.8,27.243910563100176,1,True,-1.4802631578947345,0,MAIN
sz.002727,2025-05-20,15.63,14.21,9.992962702322306,10.9022,661091093.69,60.63832012713031,1,True,8.060836501901147,0,MAIN
sz.002727,2025-05-21,17.19,15.63,9.98080614203456,7.1675,488782522.82,68.19428291873038,2,False,19.404125286478234,0,MAIN
sz.002727,2025-05-23,19.01,17.28,10.011574074074067,25.3711,1838541369.35,72.4659699165586,1,True,32.41379310344827,0,MAIN
sz.002727,2025-06-12,17.75,16.14,9.975216852540258,4.3879,301559587.83,68.7252644385697,1,True,14.712153518123671,0,MAIN
sz.002730,2025-05-06,17.38,15.8,9.999999999999986,1.1582,69653826.0,60.13972198238646,2,False,-1.1882426516572786,0,MAIN
sz.002730,2025-05-07,19.12,17.38,10.011507479861926,12.2211,807895607.2,66.10661946960585,3,False,8.829054477144638,0,MAIN
sz.002730,2025-05-14,18.59,16.9,10.000000000000009,9.6889,597779380.0,61.69734231956156,1,True,20.80057183702644,0,MAIN
sz.002731,2025-06-03,12.91,11.74,9.965928449744466,13.7051,389637430.93,28.430104919336596,1,True,20.533880903490754,0,MAIN
sz.002731,2025-06-04,14.2,12.91,9.992254066615017,14.9507,476861339.44,31.895586122388917,2,False,25.46161321671527,0,MAIN
sz.002731,2025-06-13,15.71,14.28,10.014005602240903,10.9145,393721841.1,36.07328243162765,1,True,38.37209302325579,0,MAIN
sz.002731,2025-06-16,17.28,15.71,9.993634627625724,13.9396,532781158.18,38.22069199833568,2,False,51.78743961352659,0,MAIN
sz.002734,2025-06-11,22.61,20.55,10.024330900243308,24.9233,2050997367.79,82.29236769569037,1,True,53.01563663440061,0,MAIN
sz.002734,2025-06-16,22.7,20.64,9.980620155038755,31.1769,2524152947.83,80.96228129897455,1,True,46.382978723404264,0,MAIN
sz.002735,2025-05-12,10.9,9.91,9.989909182643796,7.0947,209290648.6,29.499576951809097,1,True,18.824940047961626,0,MAIN
sz.002735,2025-05-16,12.61,11.46,10.034904013961588,5.4855,194095011.5,35.38328529760277,1,True,27.616926503340757,0,MAIN
sz.002735,2025-05-19,13.87,12.61,9.992069785884228,28.836,1091858282.1,37.86441538701622,2,False,40.1111111111111,0,MAIN
sz.002735,2025-05-20,15.26,13.87,10.021629416005773,15.5292,664763575.98,42.80732915926127,3,False,60.90487238979119,0,MAIN
sz.002735,2025-05-22,17.24,15.67,10.019144862795136,67.1148,3165925137.55,47.17178830228206,1,True,81.15606936416184,0,MAIN
sz.002735,2025-05-23,18.96,17.24,9.976798143851529,66.0378,3254108688.73,49.27645513221215,2,False,93.27354260089685,0,MAIN
sz.002735,2025-05-29,21.85,19.86,10.020140986908377,49.4777,2900699981.18,58.62641111409786,1,True,109.93657505285408,0,MAIN
sz.002741,2025-06-04,16.47,14.97,10.020040080160308,7.4251,509310744.84,68.59311589608221,1,True,-1.9646365422396839,0,MAIN
sz.002741,2025-06-23,21.35,19.41,9.994848016486358,16.1101,1399383188.52,86.86371832080496,1,True,25.79390797148413,0,MAIN
sz.002742,2025-05-13,4.18,3.98,5.025125628140703,3.06,52931821.0,17.297980718954246,1,True,6.702412868632712,1,MAIN
sz.002742,2025-06-11,4.7,4.48,4.910714285714279,2.4832,50303931.0,20.25770417203608,1,True,12.56281407035178,1,MAIN
sz.002743,2025-05-29,7.5,6.82,9.97067448680351,8.1929,264712731.0,32.31001611151119,1,True,-1.1594202898550732,0,MAIN
sz.002743,2025-05-30,8.25,7.5,10.000000000000009,14.8577,497596202.04,33.49079615552879,2,False,8.225108225108224,0,MAIN
sz.002753,2025-06-23,7.08,6.44,9.93788819875776,7.0023,118111612.89,16.867545362238122,1,True,-3.7369207772795177,0,MAIN
sz.002755,2025-06-12,19.03,17.3,10.000000000000009,1.4421,244309098.12,169.4120366964843,1,True,-0.5747126436781436,0,MAIN
sz.002757,2025-05-13,20.53,18.66,10.021436227224022,6.7886,387115124.35,57.024294309577826,1,True,11.40298507462687,0,MAIN
sz.002759,2025-06-11,8.49,7.72,9.97409326424872,3.167,132555197.0,41.855130091569315,1,True,-1.7811704834605702,0,MAIN
sz.002759,2025-06-24,9.45,8.59,10.011641443538988,9.6282,445575098.5,46.27813075133463,1,True,10.411311053984562,0,MAIN
sz.002759,2025-06-25,10.4,9.45,10.052910052910068,6.0505,315169755.28,52.08986947855548,2,False,20.998719590268887,0,MAIN
sz.002759,2025-06-26,11.44,10.4,9.999999999999986,7.8356,449116444.38,57.31742870743784,3,False,31.979695431472077,0,MAIN
sz.002761,2025-05-21,9.74,8.85,10.056497175141256,9.0941,944004232.92,103.8040304065273,1,True,7.92682926829269,0,MAIN
sz.002762,2025-05-06,4.77,4.54,5.066079295154169,8.3246,82498351.22,9.910188023448573,1,True,-18.050541516245488,1,MAIN
sz.002762,2025-05-26,5.33,5.08,4.921259842519676,3.1204,34952601.75,11.201320904371235,1,True,8.315565031982942,1,MAIN
sz.002762,2025-06-04,6.21,5.91,5.076142131979688,5.5212,72185248.42,13.074195540824459,1,True,30.176211453744493,1,MAIN
sz.002762,2025-06-12,6.47,6.16,5.032467532467533,0.2892,3954677.51,13.674541874135544,1,True,22.222222222222232,1,MAIN
sz.002762,2025-06-13,6.79,6.47,4.945904173106652,0.3085,4428098.5,14.353641815235006,2,False,26.614481409001932,1,MAIN
sz.002762,2025-06-17,6.77,6.45,4.961240310077519,8.4369,118903086.24,14.093219812964477,1,True,24.758220502901352,1,MAIN
sz.002769,2025-06-18,9.3,8.45,10.059171597633142,9.4763,271612547.82,28.662299401665205,1,True,8.751608751608742,0,MAIN
sz.002769,2025-06-26,10.2,9.27,10.032362459546928,7.1329,231448277.4,32.447991335922275,1,True,19.767441860465105,0,MAIN
sz.002772,2025-05-15,8.69,7.9,9.999999999999986,11.8778,388509025.05,32.70883707841519,1,True,3.267973856209161,0,MAIN
sz.002773,2025-05-21,29.3,26.64,9.98498498498499,2.3469,454211563.23,193.53682015850694,1,True,1.7182130584192379,0,MAIN
sz.002775,2025-06-09,4.35,3.95,10.126582278481,9.8534,181349205.81,18.404733981163858,1,True,8.81542699724518,0,MAIN
sz.002778,2025-05-29,19.89,18.08,10.011061946902666,7.5802,181274438.89,23.91420264504894,1,True,12.019826517967758,0,MAIN
sz.002779,2025-05-12,114.39,103.99,10.000961630926051,8.0127,1046244778.41,130.573312168183,1,True,32.134688691232526,0,MAIN
sz.002779,2025-06-11,75.67,68.79,10.001453699665651,6.8679,827041737.56,120.42134241325589,1,True,-15.709415158667717,0,MAIN
sz.002780,2025-06-17,14.01,12.74,9.968602825745675,11.2834,202284666.12,17.927634057110446,1,True,2.659145850120881,0,MAIN
sz.002785,2025-06-04,32.18,29.25,10.017094017094008,10.433,641989081.66,61.53446579699032,1,True,6.324972737186463,0,MAIN
sz.002789,2025-05-12,7.68,7.31,5.061559507523938,3.2185,31774066.6,9.872321454093523,1,True,11.094224924012153,1,MAIN
sz.002789,2025-05-14,7.93,7.55,5.033112582781452,3.5885,35942212.86,10.01594339138916,1,True,3.8514442916093516,1,MAIN
sz.002789,2025-05-15,8.33,7.93,5.044136191677184,0.823,9013559.8,10.952077521263671,2,False,12.962962962962976,1,MAIN
sz.002789,2025-05-19,8.79,8.37,5.017921146953408,0.6863,7931217.0,11.556486959055805,1,True,4.364089775561086,1,MAIN
sz.002789,2025-05-27,8.88,8.46,4.964539007092195,5.4665,63041981.94,11.532421465288575,1,True,27.02702702702704,1,MAIN
sz.002789,2025-06-06,9.06,8.63,4.982618771726521,4.7202,55705252.58,11.801460230498707,1,True,19.529085872576204,1,MAIN
sz.002790,2025-05-06,7.37,6.7,10.000000000000009,1.9615,37294297.88,19.013152118276828,1,True,-13.881748071979437,0,MAIN
sz.002793,2025-06-09,5.26,4.78,10.041841004184082,3.1817,176326107.88,55.418835176163675,1,True,8.390022675736963,0,MAIN
sz.002798,2025-05-19,4.94,4.49,10.022271714922049,4.2949,67974722.67,15.826846415516076,1,True,13.670886075949372,0,MAIN
sz.002798,2025-06-03,5.69,5.17,10.058027079303676,6.0542,108189985.75,17.870236488718575,1,True,24.57831325301203,0,MAIN
sz.002798,2025-06-30,6.63,6.03,9.950248756218905,6.0996,131154977.11,21.502225901698473,1,True,21.5725806451613,0,MAIN
sz.002799,2025-06-26,8.93,8.12,9.975369458128093,7.0342,196498189.32,27.93468899377328,1,True,3.307888040712448,0,MAIN
sz.002800,2025-06-17,14.47,13.15,10.03802281368822,15.0192,290875559.76,19.366914333652925,1,True,7.434640522875813,0,MAIN
sz.002800,2025-06-20,14.42,13.11,9.992372234935164,10.7835,215847250.26,20.01643717345945,1,True,6.067961165048552,0,MAIN
sz.002800,2025-06-23,15.86,14.42,9.986130374479885,2.5924,58242107.04,22.46648165406573,2,False,20.266889074228512,0,MAIN
sz.002805,2025-06-19,13.05,11.86,10.033726812816202,6.454,231515489.54,35.8716283762008,1,True,-0.16835016835018424,0,MAIN
sz.002806,2025-06-26,14.38,13.07,10.022953328232598,25.4783,563953302.36,22.134651933606246,1,True,12.57536606373817,0,MAIN
sz.002808,2025-05-08,3.47,3.3,5.151515151515174,5.017,31974895.24,6.373309794698026,1,True,4.761904761904767,1,MAIN
sz.002808,2025-05-15,3.56,3.39,5.014749262536866,3.5788,23755537.6,6.637850005588466,1,True,6.940063091482651,1,MAIN
sz.002808,2025-05-16,3.74,3.56,5.0561797752809,6.3268,43079063.92,6.808981462982866,2,False,8.868501529051986,1,MAIN
sz.002808,2025-05-19,3.93,3.74,5.080213903743314,0.827,6073422.0,7.3439201934703755,3,False,14.723926380368102,1,MAIN
sz.002808,2025-05-20,4.13,3.93,5.089058524173029,1.0313,7958592.6,7.717048967322795,4,False,23.97476340694007,1,MAIN
sz.002808,2025-05-21,4.34,4.13,5.084745762711873,13.5599,109447406.28,8.071402169632519,5,False,32.79742765273313,1,MAIN
sz.002808,2025-05-23,4.33,4.12,5.0970873786407855,9.8225,78764570.2,8.018790552303386,1,True,39.189189189189186,1,MAIN
sz.002808,2025-05-26,4.55,4.33,5.0808314087759765,1.8069,15153783.2,8.38661973545852,2,False,43.37748344370862,1,MAIN
sz.002808,2025-05-27,4.78,4.55,5.054945054945059,0.5263,4700652.0,8.931506745202356,3,False,48.69281045751632,1,MAIN
sz.002809,2025-05-07,11.91,10.83,9.972299168975065,38.2493,588067690.15,15.374600061961917,1,True,29.700598802395216,0,MAIN
sz.002809,2025-05-09,13.77,12.52,9.984025559105426,38.0163,686930022.36,18.06935504928149,1,True,67.15620827770358,0,MAIN
sz.002809,2025-05-12,15.15,13.77,10.02178649237473,36.6645,728550831.19,19.87074230359067,2,False,89.6694214876033,0,MAIN
sz.002809,2025-05-13,16.67,15.15,10.033003300330034,33.822,754377020.27,22.304329142865587,3,False,102.54010695187165,0,MAIN
sz.002809,2025-05-16,18.39,16.72,9.98803827751198,49.7866,1200152688.82,24.10593791944017,1,True,111.11111111111111,0,MAIN
sz.002811,2025-05-15,10.22,9.29,10.01076426264802,3.8542,105792501.49,27.448627857921228,1,True,5.929304446978323,0,MAIN
sz.002811,2025-05-16,11.24,10.22,9.980430528375738,15.8813,501351435.36,31.56866474155139,2,False,14.31767337807608,0,MAIN
sz.002811,2025-05-19,12.36,11.24,9.964412811387891,22.5511,760420418.4,33.71988144259038,3,False,27.14932126696834,0,MAIN
sz.002811,2025-05-20,13.6,12.36,10.032362459546928,14.2769,517046311.15,36.21558679755409,4,False,44.224037339556574,0,MAIN
sz.002811,2025-05-21,14.96,13.6,10.000000000000009,8.5251,358120853.49,42.007818499489744,5,False,57.772621809744784,0,MAIN
sz.002813,2025-05-16,24.19,21.99,10.004547521600738,7.884,222907549.0,28.273408041603247,1,True,7.425500732779677,0,MAIN
sz.002813,2025-05-19,26.61,24.19,10.004133939644476,5.8737,186005915.0,31.66758857279057,2,False,18.57843137254904,0,MAIN
sz.002813,2025-05-20,29.27,26.61,9.996242014280355,4.2958,150703034.4,35.08148293682202,3,False,33.116558279139575,0,MAIN
sz.002816,2025-05-06,12.36,11.77,5.012744265080715,0.3406,4209816.0,12.36,2,False,-1.5062761506276168,1,MAIN
sz.002816,2025-05-07,12.98,12.36,5.016181229773475,0.2444,3172312.0,12.98,3,False,3.0000000000000027,1,MAIN
sz.002816,2025-05-08,13.63,12.98,5.00770416024654,0.3275,4463825.0,13.63,4,False,10.750853242320812,1,MAIN
sz.002816,2025-05-09,14.31,13.63,4.98899486426998,0.4902,7014762.0,14.31,5,False,29.19431279620852,1,MAIN
sz.002816,2025-05-12,15.03,14.31,5.031446540880502,10.5632,158746702.23,15.028277627044833,6,False,44.108761329305146,1,MAIN
sz.002816,2025-05-13,15.78,15.03,4.990019960079839,6.4071,100825564.0,15.736536654648747,7,False,43.2793136320305,1,MAIN
sz.002816,2025-05-15,16.02,15.26,4.980340760157276,0.9481,15188562.0,16.02,1,True,26.115702479338854,1,MAIN
sz.002816,2025-05-16,16.82,16.02,4.993757802746579,0.4256,7158592.0,16.820000000000004,2,False,20.36063110443276,1,MAIN
sz.002816,2025-05-19,17.66,16.82,4.994054696789529,0.1239,2188074.0,17.660000000000004,3,False,33.38620142743856,1,MAIN
sz.002816,2025-05-20,18.54,17.66,4.983012457531144,9.4221,173256011.0,18.388258562316256,4,False,48.778433024431344,1,MAIN
sz.002816,2025-05-26,19.97,19.02,4.994742376445838,10.3436,202056429.79,19.53443963320314,1,True,91.9273461150353,1,MAIN
sz.002816,2025-05-30,18.51,17.63,4.991491775382895,6.312,115007023.0,18.220377534854244,1,True,57.27029438001783,1,MAIN
sz.002816,2025-06-09,18.87,17.97,5.008347245409017,4.9265,91272266.0,18.526797117629147,1,True,31.84152604548789,1,MAIN
sz.002816,2025-06-30,18.27,17.4,5.000000000000004,1.6346,29634073.0,18.129250581181942,1,True,-1.3045944412932498,1,MAIN
sz.002819,2025-05-08,30.8,28.0,10.000000000000009,16.1611,1138184503.84,70.42741545068095,1,True,8.233475067645912,0,MAIN
sz.002819,2025-05-14,32.6,29.64,9.986504723346831,13.2971,955380476.52,71.84878481172586,1,True,12.871287128712861,0,MAIN
sz.002819,2025-05-16,33.68,30.62,9.99346832135859,14.8353,1156618494.98,77.96394376790492,1,True,15.242754986827256,0,MAIN
sz.002819,2025-05-19,37.05,33.68,10.005938242280289,16.3407,1328905790.44,81.32489981702132,2,False,30.239752513534413,0,MAIN
sz.002820,2025-06-25,11.92,10.84,9.963099630996307,18.4244,426634111.72,23.155929730140468,1,True,-0.5504587155963359,0,MAIN
sz.002822,2025-06-23,3.31,3.15,5.0793650793650835,1.8297,33772990.57,18.45821204022517,1,True,-8.163265306122458,1,MAIN
sz.002824,2025-06-23,16.28,14.8,10.000000000000009,9.1953,276601105.35,30.080704854654012,1,True,-5.370843989769824,0,MAIN
sz.002825,2025-05-09,10.96,9.96,10.040160642570273,14.2311,403380182.12,28.34497559008088,1,True,30.02610966057442,0,MAIN
sz.002825,2025-05-13,12.08,10.98,10.018214936247729,17.1,514259852.24,30.07367556959064,1,True,38.63636363636365,0,MAIN
sz.002826,2025-05-07,11.86,10.78,10.018552875695727,8.3765,170850607.56,20.39641945442607,1,True,-3.5778175313059046,0,MAIN
sz.002826,2025-06-04,13.4,12.18,10.016420361247944,0.9963,23057165.6,23.142793937569007,1,True,14.689265536723163,0,MAIN
sz.002826,2025-06-05,14.74,13.4,10.000000000000009,0.3044,7749776.1,25.45918561103811,2,False,24.30426716141003,0,MAIN
sz.002826,2025-06-06,16.21,14.74,9.97286295793758,0.9032,25285979.0,27.995990921169177,3,False,24.283305227656005,0,MAIN
sz.002826,2025-06-09,17.83,16.21,9.99383096853792,0.5787,17821798.2,30.796264385692066,4,False,42.31782265144864,0,MAIN
sz.002826,2025-06-10,19.61,17.83,9.983174425126196,3.7785,129169109.0,34.18528754796877,5,False,57.787610619469,0,MAIN
sz.002826,2025-06-11,21.57,19.61,9.9949005609383,5.0382,189448749.18,37.602466988210075,6,False,65.76500422654267,0,MAIN
sz.002826,2025-06-12,23.73,21.57,10.01390820584145,41.3436,1627408239.45,39.363002724726435,7,False,79.60033305578685,0,MAIN
sz.002828,2025-05-08,9.05,8.23,9.963547995139743,16.4069,281996253.74,17.18766212630052,1,True,-2.6035502958579704,0,MAIN
sz.002828,2025-06-13,10.09,9.17,10.03271537622683,19.3279,377856327.74,19.54978697840945,1,True,2.4581005586592264,0,MAIN
sz.002828,2025-06-16,11.1,10.09,10.009910802775025,3.3637,72398085.0,21.52334780152808,2,False,12.111111111111118,0,MAIN
sz.002828,2025-06-17,12.21,11.1,10.000000000000009,55.2573,1212631607.91,21.94518385643164,3,False,25.565610859728505,0,MAIN
sz.002828,2025-06-18,13.43,12.21,9.991809991809976,48.7384,1237364795.9,25.38788298138634,4,False,37.5,0,MAIN
sz.002829,2025-05-28,21.54,19.58,10.010214504596537,7.6471,238648262.68,31.207681693713962,1,True,15.78947368421051,0,MAIN
sz.002829,2025-06-03,22.07,20.06,10.019940179461615,14.4893,452285796.49,31.215158530087724,1,True,21.57575757575756,0,MAIN
sz.002835,2025-05-26,18.79,17.08,10.01170960187354,7.3773,171436086.4,23.238323831211957,1,True,1.8485390578413696,0,MAIN
sz.002842,2025-05-09,8.02,7.29,10.013717421124824,18.6218,393015521.54,21.105130628618074,1,True,12.5,0,MAIN
sz.002842,2025-06-11,9.23,8.39,10.011918951132293,10.0044,242405710.5,24.229909889648553,1,True,7.840616966580982,0,MAIN
sz.002846,2025-05-13,10.49,9.54,9.958071278825996,19.3369,505746800.48,26.154492213333057,1,True,12.899408284023671,0,MAIN
sz.002846,2025-05-23,11.31,10.28,10.019455252918297,9.6758,281086970.35,29.050514722296864,1,True,11.49674620390455,0,MAIN
sz.002846,2025-05-27,12.83,11.66,10.034305317324188,9.2825,297568330.62,32.05691684567735,1,True,28.697571743929352,0,MAIN
sz.002846,2025-06-09,13.15,11.95,10.041841004184104,6.871,228046693.25,33.1897385024014,1,True,26.723223753976665,0,MAIN
sz.002846,2025-06-20,13.55,12.32,9.983766233766245,18.0228,623343852.16,34.58640456310895,1,True,14.925373134328357,0,MAIN
sz.002846,2025-06-23,14.91,13.55,10.036900369003687,27.6275,983648608.82,35.60396738105149,2,False,31.809338521400797,0,MAIN
sz.002846,2025-06-24,16.4,14.91,9.993293091884636,27.1987,1109235354.91,40.78266074885932,3,False,31.830238726790448,0,MAIN
sz.002846,2025-06-25,18.04,16.4,10.000000000000009,31.5792,1440013109.23,45.60005032521406,4,False,40.65180102915951,0,MAIN
sz.002848,2025-05-06,5.46,5.2,5.000000000000004,6.8126,59528934.0,8.738063881631097,1,True,-9.565217391304348,1,MAIN
sz.002848,2025-05-08,5.91,5.63,4.973357015985802,5.6316,54039281.44,9.59572438383408,1,True,0.5357142857142838,1,MAIN
sz.002848,2025-05-12,6.28,5.98,5.0167224080267525,4.6489,46674259.83,10.039850250596915,1,True,24.583333333333357,1,MAIN
sz.002848,2025-05-15,6.69,6.37,5.0235478806907485,4.6827,51428480.0,10.982655305699703,1,True,22.972972972972983,1,MAIN
sz.002848,2025-06-09,8.03,7.65,4.967320261437891,4.7914,62425566.34,13.028669353424885,1,True,29.441624365482234,1,MAIN
sz.002853,2025-05-13,14.99,13.63,9.97798972853998,9.4642,185858850.74,19.63809415904144,1,True,10.45380875202595,0,MAIN
sz.002855,2025-06-17,18.43,16.75,10.029850746268654,2.7564,123196133.14,44.69457739805543,1,True,-3.735632183908033,0,MAIN
sz.002856,2025-06-05,11.98,10.89,10.009182736455458,6.2749,87942252.8,14.014924986852378,1,True,11.122448979591827,0,MAIN
sz.002860,2025-05-06,13.04,11.85,10.042194092827009,22.3909,965197010.47,43.106664335511304,1,True,13.832853025936597,0,MAIN
sz.002860,2025-05-12,13.95,12.68,10.015772870662463,16.7689,787541805.23,46.96442850932382,1,True,47.2706155632985,0,MAIN
sz.002861,2025-05-29,15.49,14.08,10.01420454545454,20.1698,452557568.22,22.437385012246033,1,True,14.471544715447138,0,MAIN
sz.002862,2025-05-20,20.02,18.2,10.000000000000009,12.9052,313053765.8,24.257955382326504,1,True,-20.41976388281592,0,MAIN
sz.002862,2025-05-26,20.37,18.52,9.989200863930892,16.6559,410208070.04,24.628394145017687,1,True,-19.75736568457539,0,MAIN
sz.002862,2025-06-12,23.29,21.17,10.014170996693416,26.3404,741730658.37,28.159430318825837,1,True,-18.26254826254825,0,MAIN
sz.002866,2025-06-04,17.64,16.04,9.975062344139651,12.6451,392104324.4,31.00840043969601,1,True,4.699738903394257,0,MAIN
sz.002867,2025-05-28,16.34,14.85,10.033670033670038,2.6492,459152344.59,173.31735791559714,1,True,12.075471698113205,0,MAIN
sz.002868,2025-05-06,18.5,17.62,4.99432463110101,0.1678,4780955.0,28.491984505363526,2,False,17.70207080828323,1,MAIN
sz.002868,2025-05-07,19.43,18.5,5.02702702702702,0.2056,6153481.0,29.929382295719844,3,False,24.747134187457863,1,MAIN
sz.002868,2025-05-14,19.45,18.52,5.021598272138217,1.503,44108385.35,29.346896440452433,1,True,29.96491228070175,1,MAIN
sz.002868,2025-05-15,20.42,19.45,4.987146529563002,4.0649,127480436.92,31.36127258235135,2,False,35.91893780573025,1,MAIN
sz.002868,2025-05-16,21.44,20.42,4.995102840352583,2.5235,82121541.6,32.54271511789182,3,False,40.63360881542701,1,MAIN
sz.002868,2025-05-19,22.51,21.44,4.990671641791056,0.1356,4703014.3,34.68299631268437,4,False,48.47645429362881,1,MAIN
sz.002868,2025-05-20,23.64,22.51,5.019991115059974,0.0336,1223606.4,36.41685714285714,5,False,60.67094932191293,1,MAIN
sz.002868,2025-05-21,24.82,23.64,4.991539763113373,4.4448,167321058.45,37.64422661312095,6,False,66.47887323943664,1,MAIN
sz.002868,2025-05-27,25.25,24.05,4.98960498960499,1.3114,50284937.53,38.34446967363124,1,True,57.7049180327869,1,MAIN
sz.002868,2025-06-25,23.63,22.5,5.022222222222217,0.9318,33115529.0,35.53930993775489,1,True,-6.444906444906451,1,MAIN
sz.002869,2025-05-29,25.86,23.51,9.995746490854952,8.0101,321295816.98,40.11133656009289,1,True,-4.392029280195198,0,MAIN
sz.002875,2025-05-30,16.9,15.36,10.026041666666652,8.261,251316484.5,30.422041459871693,1,True,24.473257698541317,0,MAIN
sz.002878,2025-05-29,17.41,15.83,9.981048641819324,14.9525,584260476.14,39.074434117371666,1,True,16.826568265682653,0,MAIN
sz.002878,2025-05-30,19.15,17.41,9.994256174612293,15.3404,687011849.1,44.784480789288416,2,False,28.297715549005154,0,MAIN
sz.002878,2025-06-05,18.56,16.87,10.017783046828676,15.4125,648736909.85,42.091608100567726,1,True,13.3736559139785,0,MAIN
sz.002878,2025-06-09,19.2,17.45,10.028653295128942,26.3768,1172247198.59,44.44235838274544,1,True,16.333333333333332,0,MAIN
sz.002878,2025-06-11,20.6,18.73,9.983982915109449,29.6503,1373798748.52,46.33338443523336,1,True,26.81110358835479,0,MAIN
sz.002878,2025-06-12,22.66,20.6,9.999999999999986,19.1106,997710397.21,52.20717283654098,2,False,40.040788579197816,0,MAIN
sz.002878,2025-06-13,24.93,22.66,10.017652250661955,42.5556,2329004037.14,54.72849723984622,3,False,53.41909275558565,0,MAIN
sz.002878,2025-06-16,27.42,24.93,9.98796630565584,31.0822,1955962557.03,62.92870379284607,4,False,70.1706484641638,0,MAIN
sz.002882,2025-05-20,19.02,17.29,10.00578368999423,16.8651,778312495.44,46.14929620577405,1,True,3.100775193798455,0,MAIN
sz.002882,2025-05-21,20.92,19.02,9.989484752891698,10.5352,519137442.44,49.276467693067055,2,False,12.014134275618371,0,MAIN
sz.002882,2025-05-23,23.34,21.22,9.990574929311968,28.7044,1539864660.33,53.6455965054138,1,True,21.95402298850575,0,MAIN
sz.002882,2025-05-27,26.15,23.77,10.012620950778285,24.387,1474633310.49,60.46800797515069,1,True,40.90100770598695,0,MAIN
sz.002882,2025-06-09,28.63,26.03,9.988474836726846,22.0316,1469411494.94,66.695632407088,1,True,51.6899766899767,0,MAIN
sz.002882,2025-06-23,30.66,27.87,10.010764262647998,20.5661,1474408365.16,71.69119887387498,1,True,31.338360037700298,0,MAIN
sz.002882,2025-06-24,33.73,30.66,10.013046314416174,29.7913,2343653275.68,78.66905021533131,2,False,31.362467866323907,0,MAIN
sz.002882,2025-06-27,37.4,34.0,9.999999999999986,26.1255,2275353878.82,87.09321845782856,1,True,33.43799058084773,0,MAIN
sz.002886,2025-05-23,20.33,18.48,10.010822510822504,17.1037,723683982.1,42.31154557785743,1,True,5.119453924914685,0,MAIN
sz.002887,2025-06-12,8.81,8.01,9.987515605493137,14.45,242438561.72,16.777755136332182,1,True,4.569190600522188,0,MAIN
sz.002887,2025-06-16,9.01,8.19,10.01221001221002,5.938,100732557.8,16.964054866958573,1,True,7.339449541284404,0,MAIN
sz.002892,2025-05-12,17.97,16.34,9.975520195838428,6.4566,452955633.4,70.15389421677044,1,True,20.679468242245203,0,MAIN
sz.002898,2025-05-06,6.57,6.26,4.952076677316297,1.7303,11359033.14,6.5647767092411735,1,True,-22.04234122042341,1,MAIN
sz.002898,2025-05-07,6.9,6.57,5.022831050228316,6.8201,47364888.12,6.944896426738611,2,False,-17.15006305170239,1,MAIN
sz.002898,2025-05-12,7.33,6.98,5.014326647564471,7.6095,55718103.3,7.322176660753006,1,True,2.798232695139924,1,MAIN
sz.002898,2025-05-14,7.59,7.23,4.979253112033177,4.7299,35584810.0,7.523374701367893,1,True,0.0,1,MAIN
sz.002898,2025-05-15,7.97,7.59,5.006587615283276,6.7636,53925625.9,7.972917662191732,2,False,5.710306406685239,1,MAIN
sz.002898,2025-05-19,8.39,7.99,5.00625782227786,2.2141,18804195.0,8.49292940698252,1,True,9.45205479452056,1,MAIN
sz.002898,2025-05-20,8.81,8.39,5.005959475566146,0.5608,5002670.4,8.92059629101284,2,False,19.6861626248217,1,MAIN
sz.002898,2025-05-21,9.25,8.81,4.99432463110101,0.7929,7426732.5,9.366543700340522,3,False,24.611032531824616,1,MAIN
sz.002898,2025-05-22,9.71,9.25,4.972972972972989,0.8618,8473722.8,9.832586214899049,4,False,32.521489971346696,1,MAIN
sz.002898,2025-05-23,10.2,9.71,5.046343975283207,22.8874,230463710.2,10.069457876386133,5,False,41.75182481751827,1,MAIN
sz.002898,2025-05-26,10.71,10.2,5.000000000000027,0.8778,9519690.6,10.844942583732056,6,False,53.84615384615383,1,MAIN
sz.002898,2025-05-27,11.25,10.71,5.042016806722671,0.3077,3505725.0,11.393321416964577,7,False,65.53323029366307,1,MAIN
sz.002898,2025-05-28,11.81,11.25,4.977777777777792,11.8474,141684374.3,11.959111222715533,8,False,76.33228840125392,1,MAIN
sz.002898,2025-05-30,11.78,11.22,4.991087344028511,11.8569,134997806.02,11.385590333055017,1,True,85.14851485148517,1,MAIN
sz.002898,2025-06-03,12.37,11.78,5.008488964346358,18.1804,226203646.28,12.44217103474071,2,False,97.31993299832496,1,MAIN
sz.002898,2025-06-04,12.99,12.37,5.012126111560233,6.8628,89735579.89,13.075651321617999,3,False,97.60383386581468,1,MAIN
sz.002898,2025-06-11,12.48,11.89,4.962153069806563,9.1623,114320934.54,12.477318417864511,1,True,62.210095497953624,1,MAIN
sz.002898,2025-06-16,13.07,12.45,4.9799196787148725,3.9107,51216479.9,13.096499322371955,1,True,56.21079046424089,1,MAIN
sz.002898,2025-06-17,13.72,13.07,4.973221117061977,10.7609,148202564.6,13.77232058656804,2,False,63.579474342928656,1,MAIN
sz.002898,2025-06-27,11.79,11.23,4.9866429207479746,8.4369,98146506.26,11.633005755668552,1,True,-4.911092294665542,1,MAIN
sz.002899,2025-06-17,23.0,20.91,9.995217599234806,8.06,273190196.0,33.8945652605459,1,True,3.8232373386295926,0,MAIN
sz.002900,2025-05-15,12.65,11.5,10.000000000000009,13.7079,289063436.5,21.087361047279305,1,True,-19.524142757172847,0,MAIN
sz.002900,2025-05-16,13.92,12.65,10.039525691699591,31.3447,723288653.0,23.07530947815739,2,False,-14.0625,0,MAIN
sz.002900,2025-05-21,15.21,13.83,9.97830802603037,21.7206,545056756.95,25.094000946106462,1,True,12.897959183673468,0,MAIN
sz.002900,2025-05-30,15.03,13.66,10.029282576866748,9.3327,240329137.03,25.751297805565375,1,True,24.748858447488598,0,MAIN
sz.002900,2025-06-03,16.53,15.03,9.9800399201597,30.9131,852326268.2,27.571685408451437,2,False,37.637362637362635,0,MAIN
sz.002900,2025-06-10,16.7,15.18,10.013175230566528,28.9902,829898146.7,28.62685137391257,1,True,35.053380782918154,0,MAIN
sz.002900,2025-06-27,14.45,13.14,9.96955859969557,18.67,453084606.5,24.268056052490625,1,True,-6.742370475514548,0,MAIN
sz.002902,2025-06-12,20.69,18.81,9.994683678894225,12.0659,432502688.63,35.84504169850571,1,True,3.522289488167285,0,MAIN
sz.002907,2025-05-27,15.54,14.13,9.97876857749469,2.8724,134317365.41,46.76137216613285,1,True,0.07082152974504652,0,MAIN
sz.002907,2025-05-28,17.09,15.54,9.97425997425998,11.94,600824675.53,50.3203245837521,2,False,9.668313338038104,0,MAIN
sz.002907,2025-05-29,18.8,17.09,10.00585137507315,9.2446,507395659.12,54.885626108214524,3,False,21.550497866287333,0,MAIN
sz.002907,2025-05-30,20.63,18.75,10.02666666666665,4.4163,274604250.21,62.17970930643299,4,False,35.54434030281184,0,MAIN
sz.002909,2025-05-13,6.29,5.72,9.96503496503498,5.1125,120709448.1,23.610649995110027,1,True,13.267326732673258,0,MAIN
sz.002909,2025-05-14,6.92,6.29,10.015898251192358,1.5884,41879840.0,26.36605389070763,2,False,20.961538461538453,0,MAIN
sz.002909,2025-05-15,7.61,6.92,9.97109826589595,0.9085,26340926.77,28.993865459548708,3,False,30.81285444234405,0,MAIN
sz.002909,2025-05-16,8.37,7.61,9.98685939553219,31.7792,1004558699.3,31.61057230200886,4,False,38.86861313868613,0,MAIN
sz.002915,2025-05-07,23.57,21.43,9.98600093327111,41.9246,2691742189.9,64.20436187584379,1,True,63.96327467482785,0,MAIN
sz.002915,2025-05-16,22.37,20.34,9.980334316617512,24.4019,1526941445.17,62.57469480532253,1,True,71.64556962025317,0,MAIN
sz.002920,2025-05-29,115.61,105.1,10.000000000000009,2.3229,1430462912.0,615.8090800292737,1,True,-0.33191085822665833,0,MAIN
sz.002921,2025-06-24,14.7,13.36,10.029940119760482,5.8543,100423566.8,17.15381288967084,1,True,-3.1182015953589493,0,MAIN
sz.002921,2025-06-25,16.17,14.7,10.000000000000009,10.3964,197683774.0,19.0146371821015,2,False,5.831533477321815,0,MAIN
sz.002923,2025-06-11,14.32,13.02,9.98463901689708,14.7092,520558887.38,35.3900203532483,1,True,7.96019900497511,0,MAIN
sz.002930,2025-06-17,11.66,10.6,10.000000000000009,4.3536,211273850.18,48.528539640757074,1,True,6.5326633165829096,0,MAIN
sz.002930,2025-06-20,11.91,10.83,9.972299168975065,7.0079,351644683.52,50.178324964682716,1,True,8.191808191808203,0,MAIN
sz.002931,2025-05-12,16.96,15.42,9.987029831387815,5.1774,172449692.48,33.30816480859119,1,True,0.0,0,MAIN
sz.002932,2025-06-05,21.46,19.51,9.994874423372636,4.7503,156865951.81,33.022325286823985,1,True,2.5762355415352323,0,MAIN
sz.002940,2025-06-03,16.57,15.06,10.02656042496679,6.2573,186289997.23,29.77162629728477,1,True,11.390532544378695,0,MAIN
sz.002940,2025-06-06,19.62,17.84,9.977578475336337,15.9486,549190390.45,34.43502191101413,1,True,30.887747615553906,0,MAIN
sz.002940,2025-06-09,21.58,19.62,9.989806320081527,8.7627,347329052.93,39.63721831513118,2,False,42.89876183539694,0,MAIN
sz.002940,2025-06-10,23.74,21.58,10.00926784059315,5.1902,227979150.52,43.9249259219298,3,False,58.09523809523809,0,MAIN
sz.002940,2025-06-11,26.11,23.74,9.983150800336984,29.0674,1393270618.66,47.93241289761039,4,False,75.4619364375462,0,MAIN
sz.002940,2025-06-16,28.99,26.35,10.018975332068305,15.3928,784061023.52,50.93686811496284,1,True,95.32987398072648,0,MAIN
sz.002940,2025-06-20,31.94,29.04,9.986225895316814,9.3944,527747368.45,56.17680410137956,1,True,98.9041095890411,0,MAIN
sz.002940,2025-06-27,33.97,30.88,10.006476683937816,7.0713,427603585.81,60.470293412809525,1,True,113.55463347164591,0,MAIN
sz.002946,2025-05-28,19.97,18.15,10.0275482093664,2.375,395143616.11,166.37625941473684,1,True,5.278422273781902,0,MAIN
sz.002951,2025-05-15,8.79,8.37,5.017921146953408,0.6142,21561733.0,35.1053940084663,1,True,15.767634854771773,1,MAIN
sz.002951,2025-06-03,9.27,8.43,9.964412811387891,1.2683,46928837.0,37.00136954979106,1,True,5.506883604505619,0,MAIN
sz.002951,2025-06-04,10.2,9.27,10.032362459546928,1.6538,68319008.4,41.310320715926956,2,False,12.773722627737216,0,MAIN
sz.002951,2025-06-05,11.22,10.2,10.000000000000009,6.3868,286818036.6,44.90794084674643,3,False,24.238733252131528,0,MAIN
sz.002951,2025-06-06,12.34,11.22,9.982174688057045,7.0956,349915947.98,49.31449743221151,4,False,37.83783783783783,0,MAIN
sz.002951,2025-06-09,13.57,12.34,9.967585089141018,1.9625,107308681.24,54.679582797452234,5,False,50.855745721271404,0,MAIN
sz.002951,2025-06-13,13.96,12.69,10.007880220646182,10.2455,550516814.13,53.7325473749451,1,True,51.61290322580645,0,MAIN
sz.002951,2025-06-16,15.36,13.96,10.02865329512892,9.6898,567191904.16,58.534944391009105,2,False,58.816837315130854,0,MAIN
sz.002952,2025-05-22,21.58,19.62,9.989806320081527,5.9598,165744828.5,27.81046822041008,1,True,12.114285714285721,0,MAIN
sz.002952,2025-06-04,22.14,20.13,9.98509687034279,10.9961,309011561.63,28.101923557443094,1,True,10.301369863013687,0,MAIN
sz.002955,2025-05-29,26.44,24.04,9.98336106489186,4.3071,211181509.36,49.031020723920975,1,True,8.044943820224715,0,MAIN
sz.002955,2025-06-11,28.04,25.49,10.003923107100832,1.2067,63398496.08,52.53873877517195,1,True,-0.039215686274518546,0,MAIN
sz.002956,2025-06-04,24.31,22.1,9.999999999999986,3.9194,203832271.87,52.00598863856713,1,True,14.805194805194821,0,MAIN
sz.002961,2025-05-14,16.57,15.06,10.02656042496679,4.8192,342988400.0,71.17123173970782,1,True,5.684210526315803,0,MAIN
sz.002961,2025-06-12,19.87,18.06,10.022148394241428,5.5448,467712672.43,84.35158570732939,1,True,19.920318725099584,0,MAIN
sz.002961,2025-06-25,18.78,17.07,10.017574692442889,4.5147,361076016.74,79.97785384189424,1,True,7.223618090452266,0,MAIN
sz.002961,2025-06-26,20.66,18.78,10.010649627263035,3.7856,347474224.08,91.78841506762468,2,False,18.4110970996217,0,MAIN
sz.002963,2025-05-07,12.55,11.41,9.99123575810692,2.3241,35874426.0,15.43583580740932,1,True,0.7950530035335746,0,MAIN
sz.002963,2025-05-08,13.81,12.55,10.039840637450204,2.1647,36767619.71,16.985087868988778,2,False,10.963748894783375,0,MAIN
sz.002968,2025-05-29,10.78,9.8,9.999999999999986,5.9086,132692282.0,22.45748265240497,1,True,1.449275362318847,0,MAIN
sz.002968,2025-06-03,11.86,10.78,10.018552875695727,7.1367,173496942.2,24.310527582776352,1,True,12.997903563941303,0,MAIN
sz.002969,2025-06-04,3.7,3.36,10.119047619047628,5.171,176423348.9,34.11783966350802,1,True,7.006369426751591,0,MAIN
sz.002969,2025-06-05,4.07,3.7,10.000000000000009,21.6917,823791349.17,37.97726084954152,2,False,15.987460815047028,0,MAIN
sz.002973,2025-05-08,12.13,11.03,9.97280145058932,1.6716,45195773.5,27.03743329743958,1,True,-6.841216216216218,0,MAIN
sz.002973,2025-05-09,13.34,12.13,9.975267930750189,7.2736,215965289.0,29.691664237791468,2,False,13.78986866791745,0,MAIN
sz.002973,2025-05-28,13.45,12.23,9.97547015535567,2.9332,86906804.0,29.628666303013777,1,True,16.58722592945663,0,MAIN
sz.002973,2025-05-29,14.8,13.45,10.037174721189611,16.5659,528925489.44,31.928569497582384,2,False,28.095238095238084,0,MAIN
sz.002973,2025-06-04,14.63,13.3,10.000000000000009,13.0427,400121418.81,30.67780588451778,1,True,23.26227988878593,0,MAIN
sz.002975,2025-05-07,32.81,29.83,9.989943010392244,3.3271,112406577.89,33.785151600492924,1,True,-16.04278074866311,0,MAIN
sz.002976,2025-06-24,26.39,23.99,10.004168403501469,4.7883,82152214.67,17.156864580331224,1,True,3.7629757785466955,0,MAIN
sz.002976,2025-06-25,29.03,26.39,10.00378931413415,16.8462,317827189.77,18.866402498486305,2,False,13.310433662516097,0,MAIN
sz.002977,2025-05-07,33.26,30.24,9.986772486772487,11.1927,237369458.58,21.207524420381144,1,True,11.217359323280608,0,MAIN
sz.002977,2025-05-08,36.59,33.26,10.012026458208068,19.7135,460455075.24,23.357347768787886,2,False,22.730627306273043,0,MAIN
sz.002977,2025-05-09,40.25,36.59,10.00273298715495,22.5899,598282718.99,26.484522684474033,3,False,50.02050020500206,0,MAIN
sz.002977,2025-05-12,44.28,40.25,10.01242236024844,16.8233,482933238.11,28.706213294062405,4,False,71.1309523809524,0,MAIN
sz.002977,2025-05-13,48.71,44.28,10.004516711833777,46.2379,1487683558.17,32.174548545024756,5,False,76.69592976855549,0,MAIN
sz.002980,2025-06-13,21.56,19.6,9.999999999999986,17.9598,381514397.6,21.24268631053798,1,True,-24.52830188679245,0,MAIN
sz.002981,2025-05-06,25.1,22.82,9.99123575810692,8.7313,249125681.92,28.532484500589835,1,True,0.4401408450704247,0,MAIN
sz.002981,2025-05-12,27.19,24.72,9.991909385113274,5.2734,170204306.28,32.276009079531235,1,True,39.2676056338028,0,MAIN
sz.002981,2025-05-13,29.91,27.19,10.003677822728928,6.3626,227263223.86,35.718609351522964,2,False,49.23161361141604,0,MAIN
sz.002981,2025-06-05,26.09,23.72,9.99156829679595,9.458,283998749.82,30.0273577733136,1,True,-5.498007968127505,0,MAIN
sz.002982,2025-05-30,16.38,14.89,10.00671591672262,23.5322,489167831.67,20.787169566381387,1,True,1.9970774476375963,0,MAIN
sz.002987,2025-05-29,13.71,12.46,10.03210272873194,6.9072,773220770.41,111.94416991110725,1,True,-35.002608242044865,0,MAIN
sz.002987,2025-06-25,18.21,16.55,10.03021148036254,12.5621,1804911082.66,143.67908889914906,1,True,35.32297628781684,0,MAIN
sz.002987,2025-06-26,20.03,18.21,9.9945085118067,15.9178,2579420687.51,162.04630586576036,2,False,47.80844155844157,0,MAIN
sz.002989,2025-05-22,34.52,31.38,10.006373486297026,5.3752,328927892.14,61.19360993823486,1,True,19.451846212409585,0,MAIN
sz.002990,2025-05-19,28.47,25.88,10.007727975270477,5.7551,212122402.87,36.858161086688334,1,True,-7.472291741151238,0,MAIN
sz.002990,2025-05-22,30.64,27.85,10.01795332136446,16.5215,658484636.98,39.8562259467966,1,True,-5.110732538330498,0,MAIN
sz.002992,2025-06-06,61.72,56.11,9.998217786490816,9.8769,460857879.18,46.66017466816511,1,True,-15.509712392711938,0,MAIN
sz.002995,2025-05-29,19.45,17.68,10.01131221719458,11.8994,252837713.0,21.24793796325865,1,True,4.491725768321508,0,MAIN
sz.002996,2025-06-11,7.8,7.09,10.014104372355437,5.6676,181440800.42,32.0136919366222,1,True,3.2023289665211063,0,MAIN
sz.002998,2025-05-28,7.93,7.21,9.986130374479885,11.451,214147763.74,18.701228166972317,1,True,6.342182890855463,0,MAIN
sz.003004,2025-05-12,18.7,17.81,4.9971925884334745,5.4405,65558342.76,12.05005840639647,1,True,-2.8368794326241065,1,MAIN
sz.003004,2025-05-14,18.91,18.01,4.9972237645752315,4.9889,60298307.41,12.086493497564593,1,True,-9.451985922574158,1,MAIN
sz.003004,2025-05-15,19.86,18.91,5.023796932839764,4.3529,56429668.1,12.963695030898943,2,False,-5.022601707684582,1,MAIN
sz.003009,2025-05-30,41.04,37.31,9.997319753417312,6.9893,441228884.0,63.12919519837466,1,True,7.243460764587528,0,MAIN
sz.003009,2025-06-03,45.14,41.04,9.99025341130604,9.3712,647540990.64,69.09904714871094,2,False,17.25714285714286,0,MAIN
sz.003009,2025-06-25,46.83,42.57,10.00704721634953,7.6969,540648902.39,70.2424225844171,1,True,13.80876068376069,0,MAIN
sz.003010,2025-05-15,57.09,51.9,10.000000000000009,7.4277,493424273.91,66.43029119512097,1,True,9.725158562367863,0,MAIN
sz.003010,2025-06-03,72.01,65.46,10.006110601894314,3.6465,309066604.33,84.7570558974359,1,True,31.445783132530124,0,MAIN
sz.003010,2025-06-04,79.21,72.01,9.998611303985538,7.9624,752084799.01,94.45453619637294,2,False,46.98918146560522,0,MAIN
sz.003010,2025-06-12,59.39,53.99,10.0018521948509,8.6404,814680041.02,94.2873062612842,1,True,5.511041625952706,0,MAIN
sz.003015,2025-06-23,16.58,15.07,10.019907100199068,22.7015,907360468.44,39.96918566790741,1,True,1.618341200269735,0,MAIN
sz.003017,2025-06-13,27.21,24.74,9.983831851253044,16.5091,302836021.46,18.343581507168775,1,True,-0.40257648953301306,0,MAIN
sz.003017,2025-06-16,29.93,27.21,9.996324880558616,15.2396,313145560.69,20.54814829063755,2,False,10.430194805194803,0,MAIN
sz.003019,2025-05-08,31.92,29.02,9.993108201240531,5.5336,289086447.95,52.2420210983808,1,True,-17.463026166097826,0,MAIN
sz.003026,2025-06-23,34.38,31.25,10.016000000000002,10.0238,328748580.96,32.79680170793512,1,True,-0.7621467132422954,0,MAIN
sz.003027,2025-06-10,18.87,17.15,10.029154518950456,4.7448,92538549.2,19.503150649131683,1,True,2.941176470588225,0,MAIN
sz.003029,2025-06-12,22.76,20.69,10.004833252779122,17.5777,673085089.03,38.291988657787996,1,True,-1.8500948766603242,0,MAIN
sz.003029,2025-06-13,25.04,22.76,10.017574692442864,18.7311,795555977.96,42.47246440198386,2,False,8.329366968110419,0,MAIN
sz.003029,2025-06-23,26.16,23.78,10.00841042893188,8.3516,368768208.16,44.15539635039993,1,True,16.170004885197862,0,MAIN
sz.003029,2025-06-24,28.78,26.16,10.015290519877684,1.5196,74718636.0,49.169936825480384,2,False,27.485380116959067,0,MAIN
sz.003029,2025-06-25,31.66,28.78,10.006949270326617,2.0597,111405334.64,54.088136447055405,3,False,41.147621383030895,0,MAIN
sz.003029,2025-06-26,34.83,31.66,10.012634238787111,1.3224,78687936.0,59.503883847549915,4,False,55.34838076545634,0,MAIN
sz.003030,2025-05-20,20.92,19.02,9.989484752891698,12.0484,196823933.74,16.336105519405066,1,True,2.2580645161290214,0,MAIN
sz.003031,2025-06-30,53.21,48.37,10.006202191440996,1.1075,196905316.87,177.79261116930024,1,True,0.2902757619738683,0,MAIN
sz.003032,2025-05-12,6.18,5.89,4.923599320882843,3.3931,56930746.36,16.77838742153193,1,True,-9.38461538461539,1,MAIN
sz.003032,2025-06-24,6.44,6.13,5.057096247960846,3.1536,54537597.0,17.293758561643834,1,True,6.794425087108014,1,MAIN
sz.003033,2025-05-06,47.42,43.11,9.997680352586414,5.9834,217971482.0,36.42936825216432,1,True,-1.7995444191343912,0,MAIN
sz.003035,2025-05-30,4.96,4.51,9.977827050997789,0.7806,146656089.6,187.87610760953115,1,True,4.883720930232549,0,MAIN
sz.003035,2025-06-05,5.32,4.84,9.917355371900838,2.9571,579396167.38,195.93391071658044,1,True,11.778290993071593,0,MAIN
sz.003036,2025-05-06,13.77,12.52,9.984025559105426,7.0004,203824932.0,29.116183646648764,1,True,2.037489812550941,0,MAIN
sz.003036,2025-06-16,13.7,12.45,10.040160642570273,3.3349,95909654.0,28.759379291732884,1,True,-18.733681462140993,0,MAIN
sz.003038,2025-05-06,21.13,19.21,9.994794377928162,3.6318,122397982.44,33.70174085577399,1,True,-9.172576832151291,0,MAIN
sz.003040,2025-06-06,15.58,14.16,10.028248587570632,6.3689,446166926.95,70.05400099703246,1,True,7.029478458049887,0,MAIN
sz.003040,2025-06-09,17.14,15.58,10.01283697047497,1.1094,86867234.0,78.30109428519921,2,False,16.791604197901044,0,MAIN
sz.003040,2025-06-11,19.2,17.45,10.028653295128942,28.2235,2362806101.67,83.71768567576665,1,True,34.02457757296467,0,MAIN
sz.003040,2025-06-18,20.02,18.2,10.000000000000009,16.8118,1488030514.13,88.5110763945562,1,True,41.52410575427683,0,MAIN
sz.003040,2025-06-20,23.33,21.21,9.995285242809992,31.0597,3024280020.93,97.36990443983683,1,True,65.4446177847114,0,MAIN
sz.003040,2025-06-26,24.34,22.13,9.986443741527353,26.9971,2897016177.22,107.30842117190363,1,True,70.36181678214011,0,MAIN
sz.003041,2025-05-30,33.4,30.36,10.013175230566528,3.6878,165635198.5,44.914365882097734,1,True,4.258241758241743,0,MAIN
sz.003042,2025-05-27,17.24,15.67,10.019144862795136,9.5441,201645268.98,21.12774059156966,1,True,2.018229166666674,0,MAIN
sz.300003,2025-06-04,14.11,11.76,19.98299319727892,13.6789,3024486375.65,221.10596434289312,1,True,4.8128342245989275,0,CHINEXT
sz.300016,2025-06-03,8.36,6.97,19.942611190817793,17.1966,652657899.08,37.95272897433214,1,True,9.41915227629513,0,CHINEXT
sz.300016,2025-06-17,10.43,8.69,20.023014959723827,17.2899,854272707.81,49.40877088994152,1,True,28.360413589364853,0,CHINEXT
sz.300020,2025-05-08,3.73,3.52,5.965909090909083,4.1922,117508831.08,28.030349477601263,1,True,3.834808259587019,1,CHINEXT
sz.300020,2025-05-19,4.2,3.99,5.263157894736836,3.7142,117449045.6,31.621626622152814,1,True,17.352941176470594,1,CHINEXT
sz.300020,2025-05-23,4.17,3.93,6.1068702290076216,4.9494,155764423.2,31.471374954539943,1,True,7.377049180327866,1,CHINEXT
sz.300020,2025-06-30,4.09,3.84,6.510416666666674,5.5032,167504401.0,30.437636466056112,1,True,-3.759398496240607,1,CHINEXT
sz.300029,2025-05-28,5.61,5.22,7.471264367816111,4.1061,44804759.86,10.911755646477193,1,True,9.433962264150942,1,CHINEXT
sz.300032,2025-05-08,5.92,4.93,20.081135902636916,23.9849,1057933522.71,44.10831492772536,1,True,13.073394495412828,0,CHINEXT
sz.300044,2025-05-06,3.31,2.99,10.70234113712374,12.8866,314500731.95,24.40525289447953,1,True,-51.929260450160776,1,CHINEXT
sz.300044,2025-05-08,3.66,3.33,9.90990990990992,9.8972,263833228.04,26.657360469627772,1,True,-48.92638036809815,1,CHINEXT
sz.300044,2025-05-12,3.92,3.64,7.692307692307687,10.0906,293051193.18,29.041998808792343,1,True,-33.57664233576643,1,CHINEXT
sz.300044,2025-06-11,3.82,3.56,7.3033707865168385,8.4171,238552741.04,28.341440762257786,1,True,-9.183673469387754,1,CHINEXT
sz.300046,2025-06-25,41.88,34.9,20.000000000000018,27.8128,2516587459.48,90.48306748978888,1,True,15.486432825943087,0,CHINEXT
sz.300047,2025-05-06,16.32,13.6,19.999999999999996,23.6612,2033277572.58,85.93298617906107,1,True,5.426356589147274,0,CHINEXT
sz.300052,2025-05-19,10.13,9.45,7.195767195767222,7.8368,205215585.72,26.18614558493262,1,True,2.1621621621621623,1,CHINEXT
sz.300069,2025-05-19,19.5,16.25,19.999999999999996,12.2709,266767166.5,21.739820754793865,1,True,-4.299175500588925,0,CHINEXT
sz.300069,2025-05-20,23.4,19.5,19.999999999999996,5.2284,140041379.0,26.784748489021503,2,False,16.417910447761198,0,CHINEXT
sz.300069,2025-05-26,22.91,19.09,20.01047668936615,21.8279,528292819.58,24.202640637899204,1,True,10.474537037037024,0,CHINEXT
sz.300072,2025-06-23,3.71,3.09,20.064724919093855,7.2253,601564836.91,83.25811203825447,1,True,2.657807308970095,0,CHINEXT
sz.300082,2025-06-05,9.53,7.94,20.02518891687657,17.7569,1097338585.64,61.79786931502684,1,True,28.478964401294515,0,CHINEXT
sz.300091,2025-05-08,3.04,2.53,20.158102766798436,13.4259,546968124.84,40.73977348557638,1,True,-4.166666666666674,0,CHINEXT
sz.300093,2025-05-06,8.34,6.95,19.999999999999996,10.983,183281623.82,16.68775597013566,1,True,-30.499999999999993,1,CHINEXT
sz.300093,2025-05-07,9.07,8.34,8.752997601918477,15.3484,290538593.31,18.92956877003466,2,False,-14.723926380368091,1,CHINEXT
sz.300093,2025-05-22,10.33,9.83,5.086469989827069,6.5362,144781172.4,22.15066436155564,1,True,10.325476992143656,1,CHINEXT
sz.300093,2025-05-27,10.45,9.95,5.025125628140703,4.8045,106755648.33,22.21992888541992,1,True,13.06818181818179,1,CHINEXT
sz.300093,2025-05-28,10.98,10.45,5.0717703349282495,8.2299,193081851.83,23.461020404865184,2,False,29.652605459057057,1,CHINEXT
sz.300093,2025-05-30,11.4,10.83,5.263157894736836,5.8864,142615674.06,24.227995729138357,1,True,45.76043068640647,1,CHINEXT
sz.300093,2025-06-03,12.3,11.4,7.8947368421052655,7.0227,181344831.0,25.82266521423384,2,False,53.432032301480504,1,CHINEXT
sz.300093,2025-06-06,12.55,11.85,5.907172995780607,6.0665,158612329.02,26.14560768482651,1,True,30.650496141124584,1,CHINEXT
sz.300093,2025-06-18,12.4,11.51,7.732406602953956,3.2739,84859760.41,25.9200832065732,1,True,23.896663078579117,1,CHINEXT
sz.300095,2025-05-07,8.12,6.77,19.94091580502215,21.6287,575677278.05,26.616360578768024,1,True,-2.3088023088023157,0,CHINEXT
sz.300095,2025-05-08,9.74,8.12,19.95073891625616,32.183,1015920338.52,31.566986872572475,2,False,18.88726207906295,0,CHINEXT
sz.300121,2025-05-23,15.08,12.57,19.968178202068422,19.1094,1163135872.6,60.86721051419719,1,True,8.082545141874453,0,CHINEXT
sz.300125,2025-05-20,7.2,6.85,5.109489051094895,6.0886,114778699.87,18.85141081200933,1,True,2.6986506746626615,1,CHINEXT
sz.300125,2025-06-30,7.08,6.3,12.38095238095238,6.4422,115477412.78,17.925151777343146,1,True,-4.6898638426626444,1,CHINEXT
sz.300132,2025-05-15,6.4,5.33,20.075046904315208,21.0392,646198967.84,30.714046534088745,1,True,7.459677419354849,0,CHINEXT
sz.300137,2025-05-08,6.05,5.75,5.217391304347818,2.2009,69157822.26,31.42251908764597,1,True,-10.436137071651086,1,CHINEXT
sz.300147,2025-05-07,6.58,6.21,5.958132045088571,5.3209,225499158.45,42.37989032870379,1,True,6.335616438356162,1,CHINEXT
sz.300147,2025-05-09,7.37,6.78,8.702064896755157,7.2159,349097924.42,48.378985908895636,1,True,36.96969696969696,1,CHINEXT
sz.300147,2025-05-16,8.02,7.48,7.21925133689838,4.8789,250751584.6,51.395106396933734,1,True,20.064205457463878,1,CHINEXT
sz.300147,2025-05-19,8.8,8.02,9.725685785536164,6.8409,385184234.8,56.30607592568229,2,False,30.831973898858077,1,CHINEXT
sz.300147,2025-05-21,9.17,8.64,6.134259259259256,5.2303,311030288.28,59.46700729977248,1,True,43.52159468438541,1,CHINEXT
sz.300149,2025-05-29,8.56,7.13,20.0561009817672,13.3705,540922792.91,40.456437149695226,1,True,24.0,0,CHINEXT
sz.300149,2025-05-30,10.27,8.56,19.97663551401867,33.3537,1637342935.35,49.090293890932635,2,False,50.97001763668432,0,CHINEXT
sz.300149,2025-06-09,11.65,9.71,19.979402677651905,14.48,789085049.63,54.494823869475134,1,True,54.372019077901435,0,CHINEXT
sz.300152,2025-05-07,2.42,2.29,5.676855895196509,19.2835,322072057.09,16.70195022117354,1,True,-41.13110539845758,1,CHINEXT
sz.300152,2025-05-09,2.6,2.47,5.263157894736836,10.9182,197707537.47,18.108070695719075,1,True,-20.578778135048225,1,CHINEXT
sz.300157,2025-06-13,4.72,3.93,20.101781170483445,26.2119,825356184.69,31.48784272372472,1,True,2.8795811518324665,0,CHINEXT
sz.300159,2025-05-07,1.97,1.83,7.650273224043702,8.9899,257910352.74,28.68890118243807,1,True,3.9772727272727293,1,CHINEXT
sz.300159,2025-05-19,2.2,2.09,5.2631578947368585,4.7137,149702067.25,31.758929768546995,1,True,16.1111111111111,1,CHINEXT
sz.300159,2025-06-03,2.27,2.16,5.092592592592582,3.856,126253132.7,32.74199499481328,1,True,22.72727272727273,1,CHINEXT
sz.300159,2025-06-12,2.53,2.4,5.41666666666667,6.1815,229836645.2,37.1813710588045,1,True,21.212121212121215,1,CHINEXT
sz.300159,2025-06-25,2.95,2.78,6.115107913669071,5.24,222554467.45,42.47222661259541,1,True,21.92982456140351,1,CHINEXT
sz.300159,2025-06-27,3.18,3.0,6.000000000000005,5.9006,270701808.0,45.876996915567915,1,True,32.15859030837005,1,CHINEXT
sz.300163,2025-05-06,3.42,3.18,7.547169811320753,6.7805,93842086.6,13.839995074109579,3,False,6.35451505016722,1,CHINEXT
sz.300164,2025-06-13,5.06,4.22,19.905213270142184,36.4741,1075059325.88,29.474595010706235,1,True,4.714640198511155,0,CHINEXT
sz.300164,2025-06-16,6.07,5.06,19.960474308300412,59.1404,1987508924.57,33.60661957934001,2,False,27.135678391959782,0,CHINEXT
sz.300167,2025-05-19,4.09,3.79,7.9155672823219,6.7294,95290395.07,14.160310736469818,1,True,5.571030640668528,1,CHINEXT
sz.300167,2025-05-22,4.63,4.25,8.94117647058823,7.9905,124831434.9,15.622481058757273,1,True,21.42857142857142,1,CHINEXT
sz.300169,2025-05-29,8.26,6.88,20.05813953488371,32.757,778067301.0,23.752703269530176,1,True,1.6248153618906969,0,CHINEXT
sz.300169,2025-06-25,9.91,8.26,19.975786924939463,33.7697,989213966.83,29.292945061105076,1,True,19.191919191919204,0,CHINEXT
sz.300198,2025-05-19,2.41,2.29,5.240174672489095,4.0366,98423981.2,24.38289183966705,1,True,-14.552238805970152,1,CHINEXT
sz.300198,2025-06-13,2.94,2.8,5.000000000000004,5.3116,157189073.47,29.593544971383384,1,True,23.348017621145356,1,CHINEXT
sz.300198,2025-06-23,2.56,2.42,5.785123966942152,2.9792,76673621.8,25.73631236573577,1,True,-3.585657370517925,1,CHINEXT
sz.300204,2025-05-21,14.15,11.79,20.01696352841391,8.0097,506951984.01,63.29225614067943,1,True,45.73547589616811,0,CHINEXT
sz.300204,2025-05-29,23.04,19.2,19.999999999999996,11.6097,1205256893.28,103.81464579446497,1,True,64.66552315608918,0,CHINEXT
sz.300204,2025-06-03,31.8,26.5,19.999999999999996,10.0084,1409788714.23,140.86054856220773,1,True,144.01473296500922,0,CHINEXT
sz.300204,2025-06-09,34.94,29.12,19.98626373626373,14.6896,2219831567.79,151.1158620922285,1,True,178.1279847182426,0,CHINEXT
sz.300205,2025-05-07,2.98,2.84,4.929577464788748,4.3509,54368157.8,12.495841733894135,1,True,-32.38095238095239,1,CHINEXT
sz.300205,2025-05-12,3.41,3.18,7.232704402515733,3.7617,54163378.42,14.398643809979532,1,True,-9.40170940170939,1,CHINEXT
sz.300205,2025-05-14,3.56,3.35,6.26865671641792,4.0085,59914334.0,14.946821504303358,1,True,-8.21917808219178,1,CHINEXT
sz.300205,2025-05-15,3.76,3.56,5.617977528089879,4.2655,67989097.78,15.939303195404992,2,False,-4.812834224598939,1,CHINEXT
sz.300205,2025-05-19,4.06,3.65,11.232876712328752,4.8945,82435936.05,16.84256533864542,1,True,-9.429280397022344,1,CHINEXT
sz.300205,2025-05-20,4.26,4.06,4.92610837438423,5.4662,100622784.13,18.4081782829022,2,False,3.5714285714285587,1,CHINEXT
sz.300205,2025-05-28,4.14,3.89,6.426735218508983,2.6414,45898683.22,17.37664996592716,1,True,0.5167958656330685,1,CHINEXT
sz.300205,2025-06-26,4.6,4.06,13.300492610837434,4.8758,94852162.27,19.453661403256902,1,True,4.370179948586106,1,CHINEXT
sz.300211,2025-05-07,6.01,5.69,5.6239015817223015,11.3217,198597203.93,17.541288316242262,1,True,-44.64980544747081,1,CHINEXT
sz.300211,2025-05-08,6.36,6.01,5.823627287853594,6.9592,128756086.16,18.501564283250946,2,False,-39.960039960039964,1,CHINEXT
sz.300237,2025-06-11,2.08,1.73,20.231213872832377,12.4123,370410703.8,29.84222938536774,1,True,-0.5747126436781658,0,CHINEXT
sz.300237,2025-06-12,2.5,2.08,20.192307692307686,28.9849,966970092.59,33.36116711080597,2,False,19.54022988505748,0,CHINEXT
sz.300238,2025-06-03,18.38,15.32,19.97389033942558,28.6814,1339952035.33,46.718501723416566,1,True,21.298495645288984,0,CHINEXT
sz.300240,2025-05-14,9.82,8.18,20.04889975550124,32.1684,1034497661.28,32.158816145036745,1,True,-27.09447415329769,0,CHINEXT
sz.300251,2025-06-16,22.1,18.42,19.978284473398467,9.9652,5763834881.91,578.3963073405451,1,True,0.05431830526887449,0,CHINEXT
sz.300255,2025-05-07,28.24,23.53,20.01699957501062,10.6342,2673734530.32,251.4278958755713,1,True,19.441624365482248,0,CHINEXT
sz.300255,2025-06-09,52.09,43.41,19.99539276664364,7.7461,3531963409.68,455.96666834665183,1,True,63.01164100638377,0,CHINEXT
sz.300268,2025-05-07,9.92,9.2,7.826086956521738,4.1107,53808620.86,13.0898924416766,1,True,-4.958677685950419,1,CHINEXT
sz.300268,2025-05-08,10.51,9.92,5.947580645161299,3.6269,49047659.0,13.523300614850147,2,False,3.3333333333333437,1,CHINEXT
sz.300268,2025-06-06,11.28,10.65,5.915492957746471,2.9253,43362367.0,14.82322052439066,1,True,7.358870967741948,1,CHINEXT
sz.300269,2025-06-18,5.0,4.17,19.90407673860912,29.7509,760406680.0,25.55911518643133,1,True,3.731343283582089,0,CHINEXT
sz.300269,2025-06-30,5.9,4.92,19.918699186991873,32.6787,939133701.76,28.738404580353563,1,True,22.38805970149256,0,CHINEXT
sz.300281,2025-05-07,8.7,7.25,19.999999999999996,11.4019,378204812.8,33.170332383199295,1,True,17.313915857605178,0,CHINEXT
sz.300291,2025-06-19,6.14,5.12,19.921875,19.9841,1077077538.04,53.89672479821457,1,True,4.918032786885251,0,CHINEXT
sz.300293,2025-06-30,25.14,20.95,20.000000000000018,13.0358,888352234.8,68.14712060633025,1,True,-4.686078252957238,0,CHINEXT
sz.300299,2025-06-10,7.99,6.66,19.96996996996998,34.0664,1776855601.06,52.15859618451025,1,True,9.001636661211121,0,CHINEXT
sz.300300,2025-05-16,3.39,3.16,7.278481012658222,5.4626,119908317.05,21.950777477757846,1,True,10.104529616724744,1,CHINEXT
sz.300300,2025-06-06,4.26,3.93,8.396946564885477,7.0234,196783707.97,28.01829711678105,1,True,23.97476340694007,1,CHINEXT
sz.300300,2025-06-11,4.89,4.39,11.389521640091129,6.3219,195788994.02,30.969960616270427,1,True,37.61755485893416,1,CHINEXT
sz.300300,2025-06-17,4.61,4.32,6.712962962962954,5.4581,164024106.47,30.051502623623605,1,True,27.43362831858407,1,CHINEXT
sz.300300,2025-06-23,4.46,4.24,5.188679245283012,3.5619,104100573.83,29.226136003256688,1,True,27.710843373493987,1,CHINEXT
sz.300300,2025-06-27,4.95,4.62,7.14285714285714,5.1,163601447.42,32.07871518039216,1,True,33.913043478260875,1,CHINEXT
sz.300301,2025-06-04,2.03,1.9,6.842105263157894,3.1795,49922015.17,15.701215653404624,1,True,5.555555555555558,1,CHINEXT
sz.300301,2025-06-23,2.28,2.1,8.571428571428562,3.3149,58102208.01,17.527589975564872,1,True,11.111111111111116,1,CHINEXT
sz.300301,2025-06-26,2.63,2.39,10.041841004184082,5.1639,105137854.0,20.360164604271965,1,True,23.834196891191727,1,CHINEXT
sz.300313,2025-05-27,6.85,5.71,19.964973730297707,9.5941,121476102.25,12.661542223866752,1,True,12.180746561886057,1,CHINEXT
sz.300313,2025-06-16,6.86,6.2,10.64516129032258,5.0488,66226250.6,13.117225994295676,1,True,17.202268431001897,1,CHINEXT
sz.300326,2025-05-08,4.11,3.87,6.20155038759691,6.024,173274415.24,28.764013154050463,1,True,-39.719626168224295,1,CHINEXT
sz.300326,2025-05-09,4.42,4.11,7.54257907542577,7.9487,248863573.69,31.308713838740925,2,False,-23.605947955390327,1,CHINEXT
sz.300333,2025-06-12,16.49,13.74,20.014556040756904,38.2491,1919273171.48,50.1782570434337,1,True,17.636986301369873,0,CHINEXT
sz.300340,2025-06-04,11.75,9.79,20.020429009193073,15.5028,372786632.18,24.04640659622778,1,True,5.723542116630664,0,CHINEXT
sz.300340,2025-06-09,15.72,13.1,20.000000000000018,40.0122,1232644898.58,30.806726412944048,1,True,32.45702730030333,0,CHINEXT
sz.300340,2025-06-10,18.86,15.72,19.97455470737912,46.0946,1676962240.65,36.380882807313654,2,False,58.78787878787879,0,CHINEXT
sz.300340,2025-06-20,20.64,17.2,20.000000000000018,52.8549,2147654460.88,40.63302476932129,1,True,68.13294232649069,0,CHINEXT
sz.300344,2025-05-19,4.33,4.02,7.711442786069656,8.9317,241139645.85,26.99818017286743,1,True,-54.576271186440685,1,CHINEXT
sz.300344,2025-05-20,4.58,4.33,5.773672055427248,10.8397,315117655.04,29.070698916021662,2,False,-49.59254947613504,1,CHINEXT
sz.300368,2025-05-06,6.84,5.99,14.19031719532553,4.8773,169664553.0,34.78657310397146,1,True,26.371308016877638,1,CHINEXT
sz.300368,2025-05-16,7.38,6.98,5.730659025787954,5.3021,202024140.57,38.10266508930423,1,True,47.257383966244724,1,CHINEXT
sz.300368,2025-05-29,7.34,6.12,19.934640522875817,10.6133,385947658.9,36.36452930756691,1,True,7.36842105263158,0,CHINEXT
sz.300368,2025-06-04,8.63,7.19,20.0278164116829,14.1166,594452294.93,42.11016072779564,1,True,20.03338898163607,0,CHINEXT
sz.300368,2025-06-05,10.36,8.63,20.04634994206256,29.8481,1529114306.01,51.229870779379596,2,False,26.169590643274866,0,CHINEXT
sz.300368,2025-06-25,13.55,11.29,20.017714791851215,28.5121,1965169209.59,68.92404311117033,1,True,71.580547112462,0,CHINEXT
sz.300379,2025-05-06,4.41,4.16,6.009615384615374,20.9064,474420913.56,22.692616306968198,1,True,-72.98701298701299,1,CHINEXT
sz.300379,2025-05-07,4.8,4.41,8.843537414965974,18.1647,442930636.71,24.38414268939206,2,False,-71.17647058823529,1,CHINEXT
sz.300379,2025-05-08,5.76,4.8,19.999999999999996,24.9458,710358292.88,28.476067830255996,3,False,-69.0721649484536,1,CHINEXT
sz.300379,2025-05-20,5.79,5.51,5.081669691470059,11.7428,352046411.87,29.979767335729125,1,True,-42.54431699687174,1,CHINEXT
sz.300379,2025-05-21,6.27,5.79,8.290155440414493,13.8192,447875303.18,32.409640440835936,2,False,-28.51851851851851,1,CHINEXT
sz.300379,2025-06-10,5.78,5.46,5.860805860805862,11.3417,339854054.08,29.96500119735137,1,True,0.5524861878453136,1,CHINEXT
sz.300391,2025-05-07,5.58,5.23,6.6921606118546695,5.5505,107080145.66,19.291981922349336,1,True,-5.253623188405787,1,CHINEXT
sz.300391,2025-06-09,4.6,4.36,5.504587155963292,4.4625,70973360.25,15.904394453781512,1,True,-9.355509355509339,1,CHINEXT
sz.300399,2025-05-14,25.44,21.2,20.000000000000018,23.186,1116508739.23,48.15443540196671,1,True,11.81434599156117,0,CHINEXT
sz.300399,2025-06-24,29.68,24.73,20.01617468661545,21.6459,1218751451.72,56.304032251835224,1,True,0.0,0,CHINEXT
sz.300399,2025-06-25,35.62,29.68,20.013477088948783,27.8839,1882972468.18,67.52902098271763,2,False,18.24701195219123,0,CHINEXT
sz.300410,2025-06-20,7.45,6.21,19.96779388083736,9.1579,242657762.77,26.497096798392647,1,True,6.8846815834767705,0,CHINEXT
sz.300414,2025-06-26,10.75,8.96,19.97767857142856,14.1514,467894799.44,33.06349897819297,1,True,7.563025210084051,0,CHINEXT
sz.300414,2025-06-27,12.9,10.75,19.999999999999996,32.3886,1202434177.1,37.125228540288866,2,False,29.987908101571946,0,CHINEXT
sz.300414,2025-06-30,15.48,12.9,19.999999999999996,36.6338,1698524876.72,46.364965597890475,3,False,52.84360189573461,0,CHINEXT
sz.300418,2025-05-22,37.43,31.19,20.006412311638332,12.3166,5380878057.71,436.8801501802445,1,True,2.9372937293729473,0,CHINEXT
sz.300419,2025-05-08,4.8,4.55,5.494505494505497,4.3677,75625666.0,17.31475742381574,1,True,-16.51376146788991,1,CHINEXT
sz.300419,2025-05-19,5.07,4.82,5.186721991701249,3.8509,70261409.0,18.245451452907112,1,True,-7.129094412331405,1,CHINEXT
sz.300419,2025-06-09,5.82,5.45,6.788990825688068,6.5844,138641757.48,21.05609584472389,1,True,13.541666666666675,1,CHINEXT
sz.300422,2025-05-28,5.76,4.8,19.999999999999996,17.167,495615654.94,28.870254263412356,1,True,16.788321167883204,0,CHINEXT
sz.300429,2025-06-20,14.27,11.89,20.01682085786374,30.1089,1679232303.16,55.771957898163,1,True,6.350626118067981,0,CHINEXT
sz.300457,2025-06-17,20.45,17.04,20.011737089201876,11.6697,1461383760.4,125.22890566167082,1,True,-3.8374717832957095,0,CHINEXT
sz.300460,2025-06-12,10.87,9.06,19.977924944812344,18.3543,537470549.4,29.283086219577974,1,True,-0.3300330033003229,0,CHINEXT
sz.300462,2025-06-24,14.17,11.81,19.983065198983898,24.2424,447369444.8,18.454008052008053,1,True,26.040554962646766,0,CHINEXT
sz.300464,2025-05-27,6.13,5.11,19.960861056751455,24.37,496925159.21,20.39085593803857,1,True,1.388888888888884,0,CHINEXT
sz.300468,2025-05-29,23.11,19.26,19.989615784008286,27.0748,3053705099.59,112.78772510193983,1,True,-2.4810126582278436,0,CHINEXT
sz.300468,2025-06-16,36.68,30.57,19.986915276414784,31.0586,5622659170.49,181.03388982407452,1,True,61.66049709148598,0,CHINEXT
sz.300472,2025-05-19,3.11,2.87,8.362369337979093,11.0142,82009791.14,7.445823676708249,1,True,-41.78498985801217,1,CHINEXT
sz.300472,2025-05-21,3.36,3.16,6.329113924050622,12.6501,100502117.38,7.944768608943802,1,True,-33.05084745762711,1,CHINEXT
sz.300477,2025-05-19,1.88,1.79,5.027932960893855,5.0777,87977172.58,17.326185591901844,1,True,-33.94833948339483,1,CHINEXT
sz.300477,2025-06-10,2.11,2.0,5.499999999999994,9.6597,187813443.7,19.44298929573382,1,True,7.526881720430101,1,CHINEXT
sz.300477,2025-06-12,2.24,2.1,6.666666666666665,8.582,173875209.96,20.26045326963412,1,True,14.130434782608692,1,CHINEXT
sz.300480,2025-06-20,15.59,12.99,20.01539645881447,19.2164,674799144.81,35.11579405143523,1,True,-1.5909090909090873,0,CHINEXT
sz.300483,2025-06-19,13.38,11.15,19.999999999999996,17.9845,580813885.95,32.295247905140535,1,True,16.509926854754433,0,CHINEXT
sz.300485,2025-06-10,12.78,10.65,19.999999999999996,20.8458,697061400.03,33.43893734133494,1,True,30.03663003663004,0,CHINEXT
sz.300485,2025-06-20,13.94,11.62,19.965576592082623,19.8544,720580490.47,36.2932393056451,1,True,4.779080252479706,0,CHINEXT
sz.300489,2025-05-19,53.42,44.52,19.99101527403413,5.1137,374308337.3,73.1971639517375,1,True,0.496613995485351,0,CHINEXT
sz.300506,2025-05-12,3.48,3.28,6.0975609756097615,1.6825,32957031.4,19.588131589895987,1,True,11.564625850340127,1,CHINEXT
sz.300506,2025-05-28,4.12,3.81,8.13648293963254,4.4424,103437784.63,23.284212279398524,1,True,13.056379821958464,1,CHINEXT
sz.300507,2025-05-07,8.74,7.28,20.05494505494505,9.1149,606437419.26,66.5325367541059,1,True,-7.14285714285714,0,CHINEXT
sz.300511,2025-05-20,6.88,5.73,20.0698080279232,21.3245,681124993.81,31.94095963844404,1,True,17.65913757700206,0,CHINEXT
sz.300513,2025-06-05,9.4,7.83,20.05108556832695,14.126,365352788.1,25.863853044032282,1,True,3.026315789473699,0,CHINEXT
sz.300515,2025-06-23,20.96,17.47,19.97710360618203,10.2025,370835788.8,36.34754117128155,1,True,12.347266881028919,0,CHINEXT
sz.300521,2025-06-12,25.44,21.2,20.000000000000018,15.3028,531533858.28,34.7344184253862,1,True,-8.817204301075277,0,CHINEXT
sz.300530,2025-05-21,35.04,29.2,19.999999999999996,12.9917,676598255.27,52.079270247157794,1,True,17.932148626817444,0,CHINEXT
sz.300531,2025-06-23,21.14,17.62,19.977298524404084,20.215,1277601257.17,63.200655808558004,1,True,13.311897106109317,0,CHINEXT
sz.300533,2025-06-24,32.51,27.09,20.00738279808047,31.5614,1612075277.17,51.07743247035936,1,True,12.173913043478258,0,CHINEXT
sz.300536,2025-06-27,9.96,8.3,19.999999999999996,8.4767,237168565.08,27.97887917231942,1,True,-3.7122969837586783,0,CHINEXT
sz.300546,2025-05-29,22.08,18.4,19.999999999999996,42.8991,1190940049.07,27.76142271213149,1,True,13.861386138613852,0,CHINEXT
sz.300555,2025-05-06,10.59,10.03,5.583250249252258,2.7299,55625419.0,20.37635774204183,1,True,0.19980019980019303,1,CHINEXT
sz.300555,2025-05-12,11.28,10.67,5.716963448922208,3.7569,82694513.5,22.01136934706806,1,True,26.571767497034404,1,CHINEXT
sz.300561,2025-05-06,12.56,11.83,6.170752324598472,10.5157,309013537.08,29.38592172465932,2,False,-56.71423344310281,1,CHINEXT
sz.300561,2025-05-08,13.14,12.39,6.0532687651331685,12.8542,399613194.12,31.088141939599506,1,True,-42.797783933518005,1,CHINEXT
sz.300561,2025-05-21,12.94,12.08,7.1192052980132425,11.7861,358811708.76,30.443633497085553,1,True,-38.71131405377981,1,CHINEXT
sz.300561,2025-05-26,14.02,12.88,8.850931677018625,14.5013,477021193.83,32.89506415493783,1,True,-21.939393939393938,1,CHINEXT
sz.300561,2025-06-25,13.04,11.72,11.262798634812276,14.5809,440359726.78,30.20113482569663,1,True,-16.405135520684734,1,CHINEXT
sz.300575,2025-05-27,7.12,5.93,20.067453625632385,21.4299,491401540.98,22.930650212086853,1,True,-4.354838709677422,0,CHINEXT
sz.300578,2025-05-26,21.13,17.61,19.98864281658148,12.8982,506967808.13,39.30531455009226,1,True,1.0327022375215211,0,CHINEXT
sz.300581,2025-05-07,11.66,9.72,19.958847736625508,15.9314,994794766.82,62.44239469349837,1,True,-0.8163265306122436,0,CHINEXT
sz.300581,2025-05-08,13.99,11.66,19.982847341337905,25.4889,1754863889.77,68.84816095516086,2,False,19.8355601233299,0,CHINEXT
sz.300581,2025-05-12,18.06,15.05,19.999999999999996,27.5736,2520306075.36,91.40286634171818,1,True,77.26737338044758,0,CHINEXT
sz.300581,2025-06-13,15.82,13.18,20.030349013657055,22.5342,1819446430.23,80.74155861889928,1,True,-16.58227848101267,0,CHINEXT
sz.300581,2025-06-30,20.47,17.06,19.988276670574457,13.4996,1457278593.89,107.94976102180806,1,True,24.34402332361514,0,CHINEXT
sz.300584,2025-05-21,27.48,22.9,20.000000000000018,24.2199,502717521.26,20.75638302635436,1,True,27.081021087680355,0,CHINEXT
sz.300584,2025-05-23,35.16,29.3,19.999999999999996,39.8581,1124867510.94,28.221804625408634,1,True,53.00261096605745,0,CHINEXT
sz.300584,2025-06-06,34.32,28.6,19.999999999999996,28.0015,735334465.19,26.260538370801562,1,True,45.695364238410605,0,CHINEXT
sz.300584,2025-06-09,41.06,34.22,19.988310929281127,32.2074,1030919497.5,32.008777408297476,2,False,72.80966767371602,0,CHINEXT
sz.300589,2025-06-20,15.12,12.6,19.999999999999996,30.4057,996199846.25,32.763588611674784,1,True,8.808290155440401,0,CHINEXT
sz.300591,2025-06-23,7.02,5.85,19.999999999999996,12.7794,294297437.7,23.029049697168876,1,True,-0.5102040816326592,0,CHINEXT
sz.300591,2025-06-25,8.33,6.94,20.02881844380402,38.09,1022664602.66,26.848637507482277,1,True,21.116928446771375,0,CHINEXT
sz.300591,2025-06-26,10.0,8.33,20.048019207683065,33.4763,1128298201.45,33.70438792369527,2,False,41.18644067796608,0,CHINEXT
sz.300600,2025-06-25,11.27,9.39,20.02129925452607,15.449,418124727.67,27.06484093921937,1,True,7.560137457044669,0,CHINEXT
sz.300600,2025-06-26,13.52,11.27,19.96450754214729,9.9387,318613264.99,32.05784106472678,2,False,31.04651162790697,0,CHINEXT
sz.300600,2025-06-30,15.55,12.96,19.984567901234573,28.5302,1019462311.22,35.73274324119705,1,True,46.44067796610172,0,CHINEXT
sz.300607,2025-05-12,37.18,30.98,20.01291155584248,30.6903,3662983620.04,119.35313828929662,1,True,29.515050167224068,0,CHINEXT
sz.300619,2025-06-10,24.8,20.67,19.980648282535075,16.8198,566662436.18,33.69020060761721,1,True,-17.4190970834998,0,CHINEXT
sz.300631,2025-05-19,24.58,20.48,20.01953125,18.0048,512607449.04,28.470599453479075,1,True,3.696202531645576,0,CHINEXT
sz.300635,2025-06-26,13.24,11.03,20.036264732547604,31.6154,465678333.21,14.729477824414685,1,True,5.550239234449772,0,CHINEXT
sz.300640,2025-06-12,8.52,7.1,19.999999999999996,29.5144,529513932.68,17.940867260726968,1,True,19.327731092436974,0,CHINEXT
sz.300645,2025-06-13,18.46,15.38,20.026007802340693,29.8337,746390926.11,25.018382772167044,1,True,6.288873531444361,0,CHINEXT
sz.300649,2025-06-25,15.07,12.56,19.98407643312101,19.305,284684603.32,14.746677198653197,1,True,7.534246575342474,0,CHINEXT
sz.300649,2025-06-30,19.1,15.92,19.974874371859297,20.9366,393137502.91,18.777523710153513,1,True,35.72037510656436,0,CHINEXT
sz.300650,2025-06-27,17.03,14.19,20.014094432699103,25.2391,619379701.74,24.54048289122829,1,True,-5.463024650233184,0,CHINEXT
sz.300651,2025-06-03,20.4,17.0,19.999999999999996,22.9287,334258671.49,14.57817806897033,1,True,27.819548872180455,0,CHINEXT
sz.300651,2025-06-04,24.48,20.4,20.000000000000018,47.2155,829876143.22,17.57634978386335,2,False,53.38345864661653,0,CHINEXT
sz.300651,2025-06-05,29.38,24.48,20.01633986928104,36.244,760886919.41,20.993458763105618,3,False,77.0065075921909,0,CHINEXT
sz.300678,2025-05-26,35.12,29.27,19.986334130509057,11.2691,1098570197.98,97.48517609924484,1,True,0.06837606837606369,0,CHINEXT
sz.300682,2025-05-29,16.94,14.12,19.97167138810201,5.1856,861227058.18,166.08050335158902,1,True,-1.9444444444444486,0,CHINEXT
sz.300682,2025-06-16,20.47,17.06,19.988276670574457,11.5104,2195885315.6,190.7740231095357,1,True,19.971870604781984,0,CHINEXT
sz.300689,2025-06-13,57.29,47.74,20.004189359028057,9.035,490774098.88,54.319214043165466,1,True,37.18390804597702,0,CHINEXT
sz.300695,2025-06-24,76.56,63.8,20.000000000000018,7.7629,545399206.52,70.25714700949386,1,True,-25.257731958762886,0,CHINEXT
sz.300697,2025-06-27,13.87,11.56,19.982698961937693,16.7144,753220538.51,45.064168531924565,1,True,-20.495185694635477,0,CHINEXT
sz.300698,2025-05-29,41.59,34.66,19.994229659549937,18.8419,887661806.06,47.11105600072179,1,True,5.0939963614311745,0,CHINEXT
sz.300698,2025-06-24,52.54,43.78,20.00913659205117,8.2055,511071816.6,62.284055401864606,1,True,30.06535947712421,0,CHINEXT
sz.300703,2025-05-20,19.02,15.85,19.999999999999996,26.3774,790303649.85,29.96139308081919,1,True,7.823129251700678,0,CHINEXT
sz.300703,2025-06-03,24.43,20.36,19.990176817288805,26.4446,1020490432.81,38.589747351444146,1,True,28.0503144654088,0,CHINEXT
sz.300716,2025-05-06,6.08,5.66,7.420494699646651,6.7722,62914522.28,9.290115808747526,1,True,-46.70433145009416,1,CHINEXT
sz.300716,2025-05-08,6.63,6.18,7.281553398058249,5.7429,60124721.47,10.469400733079107,1,True,-41.198858230256896,1,CHINEXT
sz.300716,2025-05-19,7.55,6.95,8.633093525179847,2.9735,34753265.0,11.68766268706911,1,True,-33.55640535372849,1,CHINEXT
sz.300716,2025-06-11,7.35,6.97,5.451936872309893,2.346,26989718.32,11.504568763853367,1,True,2.0497803806734938,1,CHINEXT
sz.300723,2025-05-20,47.53,39.61,19.99495077000757,3.8576,748364681.27,193.99748062785153,1,True,3.0169050715214363,0,CHINEXT
sz.300730,2025-06-26,17.15,14.29,20.01399580125962,32.3448,1021769340.32,31.589910598303284,1,True,15.334947538337351,0,CHINEXT
sz.300740,2025-05-28,16.91,14.09,20.014194464158976,17.8417,996807233.77,55.86952105292657,1,True,16.735708367854187,0,CHINEXT
sz.300741,2025-06-04,20.56,17.13,20.02335084646818,3.3741,398886025.86,118.2199774339824,1,True,6.862133499688072,0,CHINEXT
sz.300745,2025-06-11,20.46,17.05,19.999999999999996,13.863,384925922.47,27.76642303036861,1,True,-1.6724336793540906,0,CHINEXT
sz.300753,2025-06-17,33.08,27.57,19.985491476242288,18.0965,493472818.64,27.268964641781558,1,True,18.887451487710205,0,CHINEXT
sz.300765,2025-06-06,63.0,52.5,19.999999999999996,1.0156,723928711.74,712.8088930090587,1,True,36.93270735524254,0,CHINEXT
sz.300767,2025-06-18,12.78,10.65,19.999999999999996,12.358,365201659.43,29.55184167583751,1,True,2.898550724637694,0,CHINEXT
sz.300771,2025-05-26,12.9,10.75,19.999999999999996,25.803,567662732.94,21.99987338449018,1,True,8.366935483870975,0,CHINEXT
sz.300772,2025-06-16,12.72,10.6,20.000000000000018,13.6525,1167038637.2,85.48168007324666,1,True,-2.483900643974235,0,CHINEXT
sz.300773,2025-05-29,23.75,19.79,20.01010611419909,22.9412,3683871638.95,160.57885546309697,1,True,-14.991408934707916,0,CHINEXT
sz.300796,2025-05-29,11.51,9.59,20.020855057351405,17.3619,670122711.13,38.597314299126246,1,True,0.2089864158829613,0,CHINEXT
sz.300798,2025-06-09,8.81,7.34,20.027247956403272,22.8005,700103114.65,30.705603589833554,1,True,0.2732240437158362,0,CHINEXT
sz.300801,2025-06-23,21.64,18.03,20.02218524681087,27.7983,774902391.65,27.875891390840444,1,True,15.060625398851313,0,CHINEXT
sz.300801,2025-06-24,25.97,21.64,20.00924214417743,32.4795,1064471974.99,32.77365645992087,2,False,37.396825396825406,0,CHINEXT
sz.300801,2025-06-25,31.16,25.97,19.98459761262996,45.2291,1701329168.73,37.61580859955206,3,False,64.47118429385688,0,CHINEXT
sz.300803,2025-06-25,78.72,65.6,20.000000000000018,17.0544,7345252152.67,430.69543066129563,1,True,12.656706165206932,0,CHINEXT
sz.300804,2025-05-28,34.38,28.65,20.000000000000018,41.9211,379233038.67,9.046352282502129,1,True,14.737685222266727,0,CHINEXT
sz.300804,2025-05-29,41.26,34.38,20.01163467132052,41.5507,415161147.44,9.991676372239215,2,False,39.585870889159565,0,CHINEXT
sz.300804,2025-06-09,56.7,47.25,19.999999999999996,30.4044,449880075.11,14.796545076041626,1,True,62.037037037037045,0,CHINEXT
sz.300810,2025-06-26,44.32,36.93,20.010831302464126,17.1056,815706338.58,47.686508428818634,1,True,24.595141700404866,0,CHINEXT
sz.300815,2025-05-28,22.32,18.6,19.999999999999996,14.0716,1185493049.0,84.24721062281475,1,True,18.622448979591844,0,CHINEXT
sz.300815,2025-05-29,26.78,22.32,19.98207885304659,13.761,1343285215.98,97.61537795073035,2,False,40.37735849056603,0,CHINEXT
sz.300840,2025-05-13,24.41,20.34,20.00983284169124,22.8079,963583048.77,42.24777593596955,1,True,8.828250401284098,0,CHINEXT
sz.300845,2025-05-14,17.7,14.75,19.999999999999996,35.7581,620689453.4,17.358009888668583,1,True,22.406639004149365,0,CHINEXT
sz.300858,2025-05-27,17.59,14.66,19.98635743519781,13.8969,448468519.45,32.27111941871928,1,True,2.231520223152028,0,CHINEXT
sz.300865,2025-06-03,27.74,23.12,19.982698961937693,13.6177,244448536.48,17.950794662828525,1,True,6.103717301514466,0,CHINEXT
sz.300872,2025-05-29,18.62,15.52,19.97422680412373,19.1874,1310862690.38,68.3189327569134,1,True,2.917771883289122,0,CHINEXT
sz.300872,2025-06-16,22.68,18.9,20.000000000000018,35.4453,3076845037.94,86.80544495151683,1,True,24.67018469656992,0,CHINEXT
sz.300875,2025-06-13,31.43,26.19,20.00763650248185,12.1084,316241490.41,26.117529187175847,1,True,-8.682008368200833,0,CHINEXT
sz.300875,2025-06-16,37.72,31.43,20.012726694241167,22.2424,683601320.48,30.73415281084775,2,False,9.321739130434793,0,CHINEXT
sz.300879,2025-05-06,34.08,28.4,19.999999999999996,25.519,1573780551.63,61.67093348603002,1,True,51.54749199573105,0,CHINEXT
sz.300879,2025-05-07,40.9,34.08,20.011737089201876,24.206,1840138239.58,76.01992231595473,2,False,82.24598930481284,0,CHINEXT
sz.300882,2025-06-30,17.94,14.95,20.000000000000018,12.0315,545503164.02,45.33958060258489,1,True,-0.3997335109926725,0,CHINEXT
sz.300884,2025-05-06,12.19,10.16,19.980314960629908,8.7468,196085089.8,22.41792310330635,1,True,-10.798946444249346,0,CHINEXT
sz.300884,2025-05-07,14.63,12.19,20.01640689089419,20.0679,561253809.66,27.96774000568071,2,False,6.836108676599473,0,CHINEXT
sz.300886,2025-05-15,27.16,22.63,20.017675651789663,24.7236,274900680.37,11.118958419081364,1,True,18.4196755625327,0,CHINEXT
sz.300886,2025-06-10,35.4,29.5,19.999999999999996,33.2667,476576579.27,14.325934922009097,1,True,28.260869565217384,0,CHINEXT
sz.300886,2025-06-12,41.36,34.47,19.988395706411374,38.0345,636918398.43,16.74580705491067,1,True,51.58311345646438,0,CHINEXT
sz.300899,2025-05-06,20.24,19.1,5.968586387434538,7.5845,61333877.77,8.086739767947789,2,False,-13.10282074613285,1,CHINEXT
sz.300903,2025-06-18,10.63,8.86,19.97742663656887,31.7337,1029986646.08,32.45718734594453,1,True,9.789343246592308,0,CHINEXT
sz.300918,2025-05-06,24.92,20.77,19.980741454020222,10.3318,1024320593.22,99.14251081321746,1,True,22.248381400824012,0,CHINEXT
sz.300921,2025-06-06,31.99,26.66,19.99249812453112,24.1955,577116113.37,23.85220860779897,1,True,1.8334606569900602,0,CHINEXT
sz.300927,2025-05-19,36.83,30.69,20.006516780710328,19.3224,892661165.24,46.19825514635863,1,True,1.8924302788844605,0,CHINEXT
sz.300941,2025-06-17,31.12,25.93,20.015426147319705,27.2229,943575333.61,34.66108804021614,1,True,12.83724978241949,0,CHINEXT
sz.300945,2025-05-20,20.16,16.8,19.999999999999996,12.4688,556143039.17,44.60277165164249,1,True,33.12202852614898,0,CHINEXT
sz.300945,2025-06-03,25.1,20.92,19.980879541108987,19.5575,1078054464.57,55.12230420912693,1,True,43.78006872852234,0,CHINEXT
sz.300946,2025-05-12,49.0,40.83,20.009796718099437,3.771,104420127.0,27.690301511535402,1,True,57.21986907970735,0,CHINEXT
sz.300946,2025-05-13,58.8,49.0,19.999999999999996,1.4864,49390177.2,33.228052475780416,2,False,81.1460258780037,0,CHINEXT
sz.300946,2025-05-14,70.56,58.8,20.000000000000018,20.2663,795484655.87,39.25159776920306,3,False,113.4301270417423,0,CHINEXT
sz.300949,2025-06-04,46.68,38.9,19.999999999999996,16.826,256522826.2,15.245621431118508,1,True,27.87639710716632,0,CHINEXT
sz.300949,2025-06-12,52.8,44.0,19.999999999999996,17.3576,302751182.6,17.441995586947506,1,True,19.241192411924125,0,CHINEXT
sz.300960,2025-05-08,23.4,19.5,19.999999999999996,7.3211,207180277.24,28.299063971261152,1,True,-27.32016399552739,0,CHINEXT
sz.300960,2025-06-25,24.5,20.42,19.980411361410376,8.4545,260586343.89,30.82220638594831,1,True,-15.445134575569341,0,CHINEXT
sz.300962,2025-06-13,18.54,15.45,19.999999999999996,13.3676,623384190.91,46.63396502812771,1,True,-2.5236593059936974,0,CHINEXT
sz.300963,2025-05-06,18.17,15.14,20.013210039630124,31.7485,1093394557.31,34.439250903507244,1,True,-0.26350461133068936,0,CHINEXT
sz.300963,2025-05-16,24.66,20.55,19.999999999999996,41.6093,1989622548.64,47.81677530359799,1,True,29.734848484848484,0,CHINEXT
sz.300963,2025-05-19,29.59,24.66,19.991889699918897,39.4526,2032784087.2,51.5247179450784,2,False,42.70833333333333,0,CHINEXT
sz.300963,2025-05-23,33.82,28.18,20.014194464158976,40.0209,2486481217.18,62.12956773036089,1,True,81.33848133848134,0,CHINEXT
sz.300965,2025-06-27,54.83,45.69,20.004377325454147,17.9174,188533127.05,10.522348502014802,1,True,14.798994974874379,0,CHINEXT
sz.300965,2025-06-30,65.8,54.83,20.00729527630858,31.1609,410208950.02,13.164220225346506,2,False,34.09146490584494,0,CHINEXT
sz.300969,2025-06-24,67.19,55.99,20.003572066440434,22.5862,450893464.33,19.963228180481888,1,True,-6.729968349158755,0,CHINEXT
sz.300971,2025-06-30,21.52,17.93,20.02230897936419,21.1806,403200926.6,19.036331671435182,1,True,-23.6696466581524,0,CHINEXT
sz.300987,2025-06-12,20.64,17.2,20.000000000000018,21.5278,724878624.51,33.671746509629415,1,True,8.998732572877067,0,CHINEXT
sz.300991,2025-06-27,28.97,24.14,20.00828500414249,19.5115,476341811.74,24.413387578607487,1,True,8.984198645598207,0,CHINEXT
sz.300993,2025-06-27,14.68,12.23,20.032706459525752,13.5916,433629997.12,31.90426418670355,1,True,9.099018733273855,0,CHINEXT
sz.300994,2025-05-08,19.73,16.44,20.012165450121657,17.1245,382187968.15,22.31819721159742,1,True,17.428571428571438,0,CHINEXT
sz.300995,2025-06-09,42.28,35.23,20.011353959693466,12.2957,298441328.15,24.272007949933716,1,True,-4.2923118717739905,0,CHINEXT
sz.300997,2025-05-28,20.87,17.39,20.01150086256469,8.2711,606100755.92,73.27934082770126,1,True,17.658998646820034,0,CHINEXT
sz.301003,2025-05-26,35.1,29.25,19.999999999999996,9.9333,247702480.09,24.93657496400995,1,True,11.005692599620499,0,CHINEXT
sz.301005,2025-05-29,36.61,30.51,19.993444772205816,13.8607,644349664.22,46.4875269084534,1,True,4.917469050894097,0,CHINEXT
sz.301007,2025-05-23,27.3,22.75,19.999999999999996,15.3984,638318508.08,41.45356063487115,1,True,27.593942793045436,0,CHINEXT
sz.301022,2025-06-26,40.66,33.88,20.01180637544271,25.6198,497636788.06,19.42391385022521,1,True,21.564406171510587,0,CHINEXT
sz.301024,2025-05-29,37.97,31.64,20.006321112515792,7.962,171926401.41,21.593368677467975,1,True,18.813368381524608,0,CHINEXT
sz.301024,2025-05-30,45.56,37.97,19.98946536739532,5.6776,155744718.68,27.431435585458647,2,False,48.03118908382067,0,CHINEXT
sz.301024,2025-06-27,47.88,39.9,20.000000000000018,9.0193,249141762.0,27.62318162163361,1,True,26.106194690265472,0,CHINEXT
sz.301024,2025-06-30,57.46,47.88,20.00835421888052,13.8372,446670890.62,32.28043900644639,2,False,26.099552278114313,0,CHINEXT
sz.301038,2025-06-20,17.26,14.38,20.0278164116829,10.6723,381293859.93,35.7274308190362,1,True,-0.2081887578070707,0,CHINEXT
sz.301053,2025-05-09,32.66,27.22,19.985304922850844,10.3974,242228583.54,23.29703421432281,1,True,30.991337824831568,0,CHINEXT
sz.301066,2025-05-09,18.7,15.58,20.02567394094994,15.1579,505492742.8,33.34846798039307,1,True,44.12580943570767,0,CHINEXT
sz.301075,2025-05-23,28.92,24.1,19.999999999999996,6.0257,133267420.8,22.116504439318252,1,True,7.63733809736491,0,CHINEXT
sz.301082,2025-05-06,16.52,13.77,19.970951343500353,9.5116,316198779.76,33.2434900290172,1,True,-30.349013657056144,0,CHINEXT
sz.301082,2025-05-29,27.19,22.66,19.991173874669023,37.2701,1974841565.33,52.987289149479075,1,True,63.25648414985589,0,CHINEXT
sz.301089,2025-05-15,31.48,26.23,20.01524971406785,17.9708,479180457.24,26.664392082711956,1,True,-1.7602996254681647,0,CHINEXT
sz.301089,2025-05-16,37.78,31.48,20.012706480304953,30.2146,944519138.96,31.260355555261363,2,False,16.291097155522728,0,CHINEXT
sz.301095,2025-05-29,56.74,47.28,20.008460236886627,17.0022,1003215657.54,59.00504979002718,1,True,-4.019488428745421,0,CHINEXT
sz.301105,2025-05-22,39.72,33.1,19.999999999999996,24.3672,155145824.31,6.366994332955777,1,True,14.970475859673504,0,CHINEXT
sz.301108,2025-05-15,33.91,28.26,19.99292285916487,15.7298,172443617.68,10.96286142735445,1,True,16.009852216748776,0,CHINEXT
sz.301110,2025-06-11,60.35,50.29,20.003976933784063,39.8937,1117722447.76,28.01751774741375,1,True,4.249585406301826,0,CHINEXT
sz.301110,2025-06-12,72.42,60.35,19.999999999999996,46.3298,1511639342.65,32.62779771658846,2,False,19.386745796241357,0,CHINEXT
sz.301112,2025-05-20,37.82,31.52,19.98730964467006,3.5061,48076784.0,13.712325375773652,1,True,41.53569824876515,0,CHINEXT
sz.301112,2025-05-21,45.38,37.82,19.98942358540457,21.3638,351345126.44,16.445816120727585,2,False,69.59641255605379,0,CHINEXT
sz.301118,2025-06-13,26.32,21.93,20.018239854081177,17.5318,453390522.57,25.861036663092207,1,True,2.476635514018688,0,CHINEXT
sz.301123,2025-05-06,22.46,18.72,19.9786324786325,12.2246,234952936.3,19.219682958951623,1,True,-13.653136531365318,0,CHINEXT
sz.301125,2025-06-30,17.63,14.69,20.01361470388019,23.4039,439680240.12,18.786622747490803,1,True,9.13818722139672,0,CHINEXT
sz.301129,2025-06-30,27.16,22.63,20.017675651789663,16.8715,164128119.0,9.728128441454524,1,True,-5.472013366750216,0,CHINEXT
sz.301137,2025-05-23,27.49,22.91,19.99127018769096,15.0193,405118877.32,26.9732196120991,1,True,11.105722599418044,0,CHINEXT
sz.301137,2025-05-26,32.99,27.49,20.007275372862864,14.6273,456143849.61,31.184418833961157,2,False,38.34927025666832,0,CHINEXT
sz.301137,2025-05-27,39.59,32.99,20.00606244316461,38.4701,1411997290.38,36.70375929306137,3,False,61.083984375,0,CHINEXT
sz.301137,2025-06-09,38.9,32.42,19.987661937075863,27.9167,998753758.64,35.776211322971555,1,True,44.34550311665182,0,CHINEXT
sz.301138,2025-05-22,38.95,32.46,19.993838570548373,21.6557,540872604.85,24.97599268783738,1,True,15.228966986155479,0,CHINEXT
sz.301141,2025-06-10,55.02,45.85,19.999999999999996,59.0434,1305865262.62,22.117040390966643,1,True,16.577676074243584,0,CHINEXT
sz.301141,2025-06-11,66.02,55.02,19.992729916394023,58.2345,1588456693.15,27.276901032034278,2,False,38.799192734611495,0,CHINEXT
sz.301156,2025-05-15,23.8,19.83,20.020171457387814,29.4894,412060531.86,13.97317449185131,1,True,-18.928863450531487,0,CHINEXT
sz.301158,2025-06-13,20.34,16.95,19.999999999999996,22.3503,638207538.78,28.554763863572298,1,True,3.10218978102188,0,CHINEXT
sz.301176,2025-06-18,21.23,17.69,20.01130582249857,30.4017,348417265.74,11.460453387146114,1,True,3.3898305084745894,0,CHINEXT
sz.301176,2025-06-19,25.48,21.23,20.018841262364575,44.095,621308575.51,14.090227361605622,2,False,23.001158748551553,0,CHINEXT
sz.301176,2025-06-23,29.28,24.4,20.000000000000018,63.4241,970424325.18,15.300561224834091,1,True,45.06539833531509,0,CHINEXT
sz.301182,2025-06-19,37.18,30.98,20.01291155584248,33.6331,448701935.39,13.34108171384737,1,True,-6.348246674727931,0,CHINEXT
sz.301197,2025-06-05,19.63,16.36,19.9877750611247,17.6989,273179862.07,15.434849740379347,1,True,3.8071065989847774,0,CHINEXT
sz.301197,2025-06-16,22.19,18.49,20.010816657652807,20.5295,360497225.23,17.559961286441464,1,True,16.582597730138705,0,CHINEXT
sz.301213,2025-06-23,50.89,42.41,19.995284131101165,18.2153,451178531.9,24.769206760251,1,True,-4.931629679444082,0,CHINEXT
sz.301260,2025-05-16,20.5,17.08,20.02341920374708,17.274,694177477.91,40.18626131237698,1,True,33.96078431372547,0,CHINEXT
sz.301260,2025-05-27,24.88,20.73,20.019295706705243,17.8605,897559267.2,50.25387123540775,1,True,57.88271134805787,0,CHINEXT
sz.301277,2025-05-23,15.29,12.74,20.01569858712715,57.7388,845479901.87,14.643184511455035,1,True,6.0782681099084135,0,CHINEXT
sz.301287,2025-06-09,48.6,40.5,19.999999999999996,59.5235,446012697.68,7.4930522848958825,1,True,19.645494830132936,0,CHINEXT
sz.301288,2025-05-07,11.28,10.46,7.839388145315462,7.9237,41044681.0,5.179989272688264,1,True,-15.916398713826352,1,CHINEXT
sz.301292,2025-06-19,19.6,16.33,20.024494794856107,31.9829,521522571.08,16.306294022118067,1,True,7.363576594345811,0,CHINEXT
sz.301292,2025-06-20,23.52,19.6,19.999999999999996,35.0446,680066439.62,19.405741244585467,2,False,28.862590401051946,0,CHINEXT
sz.301301,2025-05-15,14.02,11.68,20.034246575342472,23.9697,1987654271.59,82.92361905196978,1,True,-2.747710241465451,0,CHINEXT
sz.301302,2025-05-12,27.92,23.27,19.982810485603796,17.8736,404108985.02,22.609266461149403,1,True,24.839055793991417,0,CHINEXT
sz.301306,2025-06-05,44.92,37.43,20.010686615014706,26.7458,438481047.75,16.394388941441274,1,True,0.6182795698924659,0,CHINEXT
sz.301311,2025-05-12,21.46,17.88,20.022371364653257,21.6772,380279657.14,17.54284027180632,1,True,18.56763925729443,0,CHINEXT
sz.301312,2025-06-25,40.36,33.63,20.011894142134977,46.1768,629374954.24,13.629678848252802,1,True,-25.050144862937362,0,CHINEXT
sz.301316,2025-05-20,34.8,29.0,19.999999999999996,0.6363,53768992.8,84.50258180103725,1,True,12.928348909657327,0,CHINEXT
sz.301316,2025-05-21,41.76,34.8,19.999999999999996,0.6486,65767824.0,101.39966697502314,2,False,35.88442014837953,0,CHINEXT
sz.301316,2025-05-22,50.11,41.76,19.995210727969347,1.1053,134494388.13,121.68134273952772,3,False,56.11214953271026,0,CHINEXT
sz.301317,2025-05-08,27.29,22.74,20.008795074758147,31.0609,359874021.25,11.586078357356032,1,True,10.603112840466933,0,CHINEXT
sz.301317,2025-05-13,38.16,31.8,19.999999999999996,57.3188,878913588.04,15.333775097175794,1,True,75.98229109020475,0,CHINEXT
sz.301319,2025-06-26,30.16,25.13,20.015917230401925,36.1028,586147579.27,16.235515784648282,1,True,1.3306451612903114,0,CHINEXT
sz.301335,2025-05-19,37.08,30.9,19.999999999999996,46.0298,778318601.58,16.909015498220718,1,True,48.700673724735296,0,CHINEXT
sz.301335,2025-05-20,44.5,37.08,20.010787486515657,50.2478,1042678619.8,20.750731769351095,2,False,85.95787362086256,0,CHINEXT
sz.301349,2025-06-24,39.52,32.93,20.012146978439116,28.7751,442917289.3,15.392380540814802,1,True,-0.6336753168376563,0,CHINEXT
sz.301357,2025-06-13,43.26,36.05,19.999999999999996,59.2579,579629917.7,9.781479223867198,1,True,-2.0380434782608647,0,CHINEXT
sz.301357,2025-06-18,55.03,45.86,19.995638901003066,68.1954,837096212.46,12.274965942864181,1,True,25.50629447181172,0,CHINEXT
sz.301357,2025-06-19,66.04,55.03,20.00726876249319,73.5338,1032372837.26,14.039432713391664,2,False,53.88702460850112,0,CHINEXT
sz.301357,2025-06-25,64.62,53.85,19.999999999999996,77.9943,1106007828.45,14.180623820586892,1,True,46.65032679738563,0,CHINEXT
sz.301398,2025-06-24,39.49,32.91,19.993922819811623,34.7989,439472230.4,12.62891155754923,1,True,-9.238830667402098,0,CHINEXT
sz.301408,2025-06-27,14.54,12.12,19.96699669966997,33.7408,703878527.52,20.861346723254933,1,True,0.8319467554076532,0,CHINEXT
sz.301421,2025-06-23,74.83,62.36,19.996792815907625,28.7044,966901496.09,33.68478338129346,1,True,8.062283737024224,0,CHINEXT
sz.301459,2025-05-19,65.75,54.79,20.003650301149857,43.8176,543214919.27,12.397185589124005,1,True,13.389900662251652,0,CHINEXT
sz.301488,2025-05-16,73.8,61.5,19.999999999999996,30.0184,489518588.31,16.30728447585481,1,True,8.27464788732395,0,CHINEXT
sz.301501,2025-05-23,94.32,78.6,19.999999999999996,31.6867,673775537.92,21.263670180864526,1,True,58.24441312663578,0,CHINEXT
sz.301509,2025-05-06,35.92,29.93,20.01336451720683,26.3664,496522539.68,18.83163949875599,1,True,2.922971114167816,0,CHINEXT
sz.301518,2025-05-07,23.74,19.78,20.02022244691606,30.7521,364741354.15,11.860697453182059,1,True,8.681318681318695,0,CHINEXT
sz.301518,2025-05-13,26.46,22.05,19.999999999999996,34.0812,438233535.42,12.858512476673358,1,True,16.604970914859862,0,CHINEXT
sz.301536,2025-05-26,63.97,53.31,19.9962483586569,11.8625,1326901393.83,111.8568087527924,1,True,-4.0842029507016875,0,CHINEXT
sz.301559,2025-05-14,18.62,15.52,19.97422680412373,36.3341,579053089.63,15.936904715680313,1,True,1.1074918566775338,0,CHINEXT
sz.301565,2025-06-26,25.85,21.54,20.00928505106778,8.8937,286140818.43,32.173428205358846,1,True,1.940369143398013,0,CHINEXT
sz.301571,2025-05-22,53.69,44.74,20.004470272686618,34.486,633204279.55,18.361198154323496,1,True,-0.6881243063262987,0,CHINEXT
sz.301590,2025-06-05,151.1,89.6,68.63839285714286,79.541,1022018048.52,12.848946436680455,1,True,,0,CHINEXT
sz.301595,2025-05-19,54.3,17.05,218.475073313783,84.3734,914551357.18,10.839332742072736,1,True,,0,CHINEXT
sz.301622,2025-06-12,97.32,81.1,19.999999999999996,60.5309,1563643142.73,25.832147592882315,1,True,17.264314632735676,0,CHINEXT
sz.301636,2025-05-16,65.96,33.06,99.5160314579552,79.0098,812520360.76,10.28379214679698,1,True,,0,CHINEXT
sz.301662,2025-05-21,83.3,69.42,19.994237971766047,52.8815,639836939.43,12.099447622136283,1,True,-1.5458800170188636,0,CHINEXT
sz.301662,2025-06-12,93.05,77.54,20.00257931390248,32.2522,435647699.78,13.507534362927178,1,True,23.45167966884254,0,CHINEXT
sz.301678,2025-06-20,42.12,12.8,229.06249999999991,78.3179,1611611551.58,20.577818756376256,1,True,,0,CHINEXT
sz.302132,2025-05-08,83.2,69.33,20.005769508149427,16.0829,7235590609.66,449.89340290992294,1,True,16.481854838709676,0,CHINEXT
sz.302132,2025-05-12,95.86,79.88,20.005007511266903,18.2922,9739158417.0,532.4213827205039,1,True,46.541918913960735,0,CHINEXT
