code,date,close,preclose,streak,yizi,open_gap,turn_pct,amount,circ_mcap_yuan,gain20_before,isST,board_pct
sh.600010,2025-07-11,2.09,1.9,1,False,4.74,4.4472,2862864852.46,64374546961.0,15.47,0,0.1
sh.600010,2025-07-24,2.52,2.29,1,False,-2.18,8.5825,6569046505.63,76540011717.0,42.37,0,0.1
sh.600010,2025-07-30,2.92,2.65,1,False,3.77,11.5285,10191375884.09,88401577691.0,59.56,0,0.1
sh.600010,2025-08-25,2.99,2.72,1,False,1.1,6.7647,6195590906.83,91587075655.0,18.65,0,0.1
sh.600021,2025-08-15,11.76,10.69,1,False,0.09,6.2257,2026860090.59,32556340501.0,29.23,0,0.1
sh.600021,2025-08-18,12.94,11.76,2,False,1.62,4.0931,1458813248.67,35640791788.0,35.21,0,0.1
sh.600053,2025-08-11,17.88,16.25,1,False,0.74,8.1768,622179130.61,7609078498.0,14.98,0,0.1
sh.600053,2025-08-12,19.67,17.88,2,True,10.01,1.2178,103854531.48,8528044956.0,28.48,0,0.1
sh.600053,2025-08-13,21.64,19.67,3,False,3.97,6.442,592191457.29,9192664658.0,39.52,0,0.1
sh.600058,2025-08-22,9.22,8.38,1,False,1.07,2.4871,238890099.25,9605166630.0,9.89,0,0.1
sh.600076,2025-08-15,2.76,2.51,1,False,3.19,4.5925,165786556.51,3609941350.0,15.48,0,0.1
sh.600076,2025-08-19,2.97,2.7,1,False,0.0,8.7715,335064739.3,3819925204.0,21.22,0,0.1
sh.600089,2025-07-22,14.44,13.13,1,False,0.99,7.1986,5005193496.61,69530096083.0,23.74,0,0.1
sh.600097,2025-07-02,11.43,10.39,1,False,5.87,9.2673,252217882.42,2721589702.0,11.3,0,0.1
sh.600104,2025-08-20,19.8,18.0,1,False,0.17,1.7873,3965074120.53,221847150480.0,11.24,0,0.1
sh.600107,2025-07-14,4.33,4.12,1,False,-1.94,3.6555,56564095.53,1547369595.0,15.47,1,0.1
sh.600107,2025-08-14,4.14,3.94,1,False,0.25,2.148,31183591.7,1451750079.0,-6.12,1,0.1
sh.600107,2025-08-18,4.55,4.33,1,False,0.46,2.3185,37501296.0,1617480958.0,3.64,1,0.1
sh.600107,2025-08-19,4.78,4.55,2,False,5.05,1.4488,24888944.22,1717900623.0,9.13,1,0.1
sh.600107,2025-08-20,5.02,4.78,3,False,3.77,1.6192,29123642.0,1798643898.0,14.61,1,0.1
sh.600107,2025-08-21,5.27,5.02,4,True,4.98,0.3555,6745094.08,1897354172.0,20.32,1,0.1
sh.600107,2025-08-25,5.7,5.43,1,False,2.76,4.3297,88394404.31,2041582657.0,31.03,1,0.1
sh.600107,2025-08-26,5.99,5.7,2,False,1.58,3.4502,74033751.5,2145781447.0,38.02,1,0.1
sh.600107,2025-08-29,5.99,5.7,1,False,-0.7,3.4233,72981073.94,2131892441.0,45.04,1,0.1
sh.600110,2025-07-31,6.26,5.69,1,False,-0.7,17.9795,1920357938.4,10680819480.0,4.51,0,0.1
sh.600110,2025-08-15,7.0,6.36,1,False,-2.52,13.0728,1560227348.46,11934913320.0,21.32,0,0.1
sh.600110,2025-08-18,7.7,7.0,2,False,9.71,6.1778,819462060.46,13264625926.0,36.77,0,0.1
sh.600110,2025-08-19,8.47,7.7,3,False,7.79,21.3213,3082136168.81,14455667191.0,46.79,0,0.1
sh.600111,2025-07-10,27.01,24.55,1,False,7.94,8.2143,7843432262.3,95485096263.0,6.46,0,0.1
sh.600111,2025-07-11,29.71,27.01,2,False,5.89,9.4781,10049066044.07,106024055919.0,18.37,0,0.1
sh.600111,2025-08-18,42.9,39.0,1,False,1.79,7.9146,11749317544.64,148451185716.0,22.4,0,0.1
sh.600113,2025-07-02,27.58,25.07,1,False,-1.68,4.6984,514261363.4,10945457249.0,95.46,0,0.1
sh.600113,2025-07-10,31.68,28.8,1,False,0.03,4.4014,554393414.12,12595842553.0,125.16,0,0.1
sh.600113,2025-08-11,36.1,32.82,1,False,1.55,3.6288,526082836.22,14497432656.0,23.97,0,0.1
sh.600113,2025-08-12,39.71,36.1,2,False,2.49,4.7693,759216477.71,15918824098.0,37.45,0,0.1
sh.600113,2025-08-13,43.68,39.71,3,False,5.77,4.8068,845384495.91,17587261711.0,52.94,0,0.1
sh.600113,2025-08-15,50.9,46.27,1,False,-0.58,4.9713,1020684076.15,20531532520.0,77.29,0,0.1
sh.600113,2025-08-25,54.51,49.55,1,False,2.18,2.2565,492558503.75,21828429149.0,86.74,0,0.1
sh.600113,2025-08-26,59.96,54.51,2,False,6.97,3.5151,863321830.69,24560377534.0,127.04,0,0.1
sh.600114,2025-07-24,22.89,20.81,1,False,3.84,4.7609,667164295.95,14013407044.0,13.82,0,0.1
sh.600117,2025-07-21,2.59,2.35,1,False,8.94,1.7742,149459343.98,8424041482.0,20.47,0,0.1
sh.600117,2025-07-22,2.85,2.59,2,True,10.04,0.5787,53690998.95,9277863997.0,30.73,0,0.1
sh.600117,2025-07-23,3.14,2.85,3,True,10.18,1.8793,192083979.88,10221038678.0,43.38,0,0.1
sh.600117,2025-07-24,3.45,3.14,4,False,4.78,5.3583,556531642.82,10386347215.0,57.53,0,0.1
sh.600117,2025-07-25,3.8,3.45,5,False,10.14,7.7838,962265482.34,12362412733.0,71.17,0,0.1
sh.600117,2025-07-29,3.82,3.47,1,False,-2.02,12.4765,1446376499.52,11592806472.0,69.78,0,0.1
sh.600117,2025-07-30,4.2,3.82,2,False,6.28,7.3918,1003059925.94,13569900781.0,79.49,0,0.1
sh.600118,2025-08-25,33.3,30.27,1,False,0.1,6.9502,2640122939.38,37986287292.0,15.26,0,0.1
sh.600118,2025-08-26,36.63,33.3,2,False,7.78,9.9116,4239702246.9,42775154838.0,26.05,0,0.1
sh.600119,2025-07-04,8.62,7.84,1,False,9.95,8.373,263297624.84,3144603187.0,0.47,0,0.1
sh.600126,2025-07-08,9.58,8.71,1,False,-0.34,9.0754,2843176987.41,31328393100.0,6.21,0,0.1
sh.600126,2025-08-13,9.81,8.92,1,False,-0.56,8.848,2862950080.87,32357030751.0,7.92,0,0.1
sh.600130,2025-08-26,3.85,3.67,1,False,4.9,2.9274,84501608.85,2886575420.0,15.27,1,0.1
sh.600137,2025-07-23,20.52,18.65,1,False,1.55,15.7281,305803653.65,1944314022.0,13.37,0,0.1
sh.600143,2025-07-21,12.01,10.92,1,False,9.98,4.2742,1332817704.97,31182857727.0,21.07,0,0.1
sh.600143,2025-08-11,14.97,13.61,1,False,1.47,8.5056,3198599968.24,37605812268.0,40.83,0,0.1
sh.600148,2025-07-08,22.76,20.69,1,False,0.58,7.1528,225303033.72,3149857870.0,15.94,0,0.1
sh.600148,2025-07-09,25.04,22.76,2,False,4.88,15.4185,540908265.99,3508176969.0,27.11,0,0.1
sh.600149,2025-07-14,5.97,5.43,1,False,2.95,7.859,174136326.22,2215756791.0,17.06,0,0.1
sh.600150,2025-08-06,38.51,35.01,1,False,1.31,5.0108,8456751349.28,168770482743.0,18.42,0,0.1
sh.600151,2025-08-26,8.73,7.94,1,False,-0.13,6.5725,795824690.85,12108401534.0,16.87,0,0.1
sh.600152,2025-07-07,7.28,6.62,1,False,1.81,12.3392,468331177.28,3795474401.0,15.92,0,0.1
sh.600156,2025-08-20,8.21,7.46,1,False,2.28,7.1834,227158687.6,3162272567.0,24.39,0,0.1
sh.600156,2025-08-21,9.03,8.21,2,False,9.74,7.1967,260423650.79,3618653699.0,34.78,0,0.1
sh.600156,2025-08-28,9.56,8.69,1,False,1.61,5.8512,220361906.99,3766097672.0,42.05,0,0.1
sh.600165,2025-07-11,4.6,4.38,1,False,0.46,1.7027,53034408.66,3114724183.0,0.22,1,0.1
sh.600165,2025-08-18,4.13,3.93,1,False,0.25,2.6396,74143412.01,2808888165.0,-6.35,1,0.1
sh.600165,2025-08-19,4.34,4.13,2,False,0.48,1.958,57599155.51,2941734194.0,-1.36,1,0.1
sh.600172,2025-08-11,5.06,4.6,1,False,0.0,19.0643,1184418407.46,6212755818.0,17.95,0,0.1
sh.600172,2025-08-13,5.32,4.84,1,False,0.41,10.5486,695851806.91,6596627106.0,25.18,0,0.1
sh.600173,2025-07-11,6.86,6.24,1,False,1.28,5.7092,269130518.51,4713979516.0,16.27,0,0.1
sh.600173,2025-07-14,7.55,6.86,2,False,10.06,13.2183,697900646.13,5279806375.0,27.32,0,0.1
sh.600176,2025-08-29,15.61,14.19,1,True,10.01,0.795,496815114.81,62492467272.0,26.4,0,0.1
sh.600179,2025-08-25,3.58,3.25,1,False,4.0,3.0474,405039935.61,13291328201.0,13.65,0,0.1
sh.600183,2025-08-15,44.83,40.75,1,False,-0.61,3.1981,3314977631.18,103654595891.0,22.82,0,0.1
sh.600184,2025-07-28,20.54,18.67,1,False,1.5,9.7499,998676788.37,10242943911.0,16.97,0,0.1
sh.600184,2025-08-08,22.83,20.75,1,False,1.69,12.0909,1379680314.33,11410898397.0,42.42,0,0.1
sh.600192,2025-07-01,9.41,8.55,2,False,5.73,7.9566,327816165.58,4120053359.0,12.43,0,0.1
sh.600192,2025-07-02,10.35,9.41,3,False,9.46,8.7154,393783816.87,4518252942.0,30.85,0,0.1
sh.600192,2025-07-07,11.5,10.45,1,False,-4.02,27.4761,1334562992.55,4857177665.0,49.74,0,0.1
sh.600192,2025-07-28,10.29,9.35,1,False,2.35,9.1612,408637398.99,4460522628.0,20.35,0,0.1
sh.600192,2025-08-04,10.86,9.87,1,False,0.61,9.9,464616189.54,4693092824.0,-5.57,0,0.1
sh.600192,2025-08-13,11.89,10.81,1,False,-1.3,8.8676,454877870.7,5129661585.0,26.62,0,0.1
sh.600193,2025-07-17,4.58,4.36,1,True,5.05,1.6674,32483650.0,1948161809.0,-0.22,1,0.1
sh.600193,2025-08-04,4.38,4.17,1,False,-0.48,4.81,87644150.57,1822123712.0,-1.13,1,0.1
sh.600193,2025-08-06,4.49,4.28,1,False,1.17,3.9896,74777965.07,1874322365.0,6.15,1,0.1
sh.600193,2025-08-11,4.94,4.7,1,False,2.34,5.4196,112969157.81,2084455639.0,14.88,1,0.1
sh.600193,2025-08-29,4.47,4.26,1,False,-0.7,3.0236,56276656.65,1861246747.0,7.19,1,0.1
sh.600201,2025-07-16,8.66,7.87,1,False,-0.25,8.7406,818755530.73,9367269189.0,16.09,0,0.1
sh.600201,2025-07-17,9.53,8.66,2,False,3.0,10.8251,1129041789.84,10429850901.0,31.45,0,0.1
sh.600203,2025-08-04,11.73,10.66,1,False,-0.47,23.8706,1583695260.11,6634501270.0,28.62,0,0.1
sh.600203,2025-08-05,12.9,11.73,2,False,9.29,13.3619,1021078306.18,7641714922.0,36.94,0,0.1
sh.600203,2025-08-06,14.19,12.9,3,False,0.93,37.5262,2976992120.4,7933103060.0,52.58,0,0.1
sh.600203,2025-08-07,15.61,14.19,4,False,7.12,28.8688,2658572037.24,9209153263.0,68.76,0,0.1
sh.600203,2025-08-12,17.34,15.76,1,False,-4.06,48.7509,4879440099.72,10008923117.0,84.47,0,0.1
sh.600203,2025-08-13,19.07,17.34,2,False,1.15,45.6113,4828196944.88,10585528027.0,102.44,0,0.1
sh.600208,2025-08-13,4.53,4.12,1,True,9.95,0.491,189241162.23,38541988234.0,34.02,0,0.1
sh.600208,2025-08-14,4.98,4.53,2,True,9.93,0.1089,46130018.88,42359980606.0,38.72,0,0.1
sh.600208,2025-08-15,5.48,4.98,3,True,10.04,0.5887,274481434.44,46625010097.0,47.31,0,0.1
sh.600210,2025-08-28,7.07,6.43,1,False,5.75,12.8454,1368445400.52,10653194144.0,12.4,0,0.1
sh.600211,2025-08-04,46.19,41.99,1,False,1.52,9.9701,1450815980.65,14551669298.0,25.93,0,0.1
sh.600211,2025-08-12,48.04,43.67,1,False,2.79,5.4283,833269238.27,15350464018.0,28.86,0,0.1
sh.600218,2025-08-19,9.96,9.05,1,False,0.0,3.8655,163192802.96,4221777337.0,6.07,0,0.1
sh.600218,2025-08-20,10.96,9.96,2,False,9.54,5.9307,281940905.2,4753922896.0,18.61,0,0.1
sh.600221,2025-07-24,1.63,1.48,1,False,0.68,2.8726,1488770768.0,51826595001.0,23.48,0,0.1
sh.600222,2025-08-01,6.82,6.2,1,False,-0.16,5.6509,213995637.02,3786930171.0,16.78,0,0.1
sh.600226,2025-08-18,3.2,2.91,1,False,1.37,7.1014,651832507.13,9178929607.0,11.89,0,0.1
sh.600226,2025-08-29,3.69,3.35,1,False,-0.3,6.0806,635370743.34,10449145534.0,32.26,0,0.1
sh.600228,2025-07-01,4.47,4.26,1,False,0.23,4.9543,90723819.2,1831213677.0,3.71,1,0.1
sh.600228,2025-08-14,4.62,4.4,1,False,0.23,4.3352,82054739.73,1892755576.0,4.76,1,0.1
sh.600230,2025-07-17,12.52,11.38,1,False,1.93,8.7999,442903050.36,5033046402.0,25.2,0,0.1
sh.600230,2025-07-18,13.75,12.5,2,False,5.04,14.1358,793694852.48,5614785527.0,37.23,0,0.1
sh.600230,2025-07-22,16.13,14.66,1,False,0.27,15.9915,1021566514.54,6388184439.0,55.85,0,0.1
sh.600231,2025-07-04,2.06,1.87,1,False,0.0,4.5379,260647436.37,5743789779.0,19.08,0,0.1
sh.600232,2025-08-04,6.95,6.32,1,False,-0.16,15.4504,375464222.74,2430126228.0,8.42,0,0.1
sh.600232,2025-08-11,7.83,7.12,1,False,0.28,5.3692,149236816.39,2779498182.0,21.77,0,0.1
sh.600233,2025-07-10,13.97,12.7,1,False,0.47,2.8715,1318985927.77,45933690676.0,5.91,0,0.1
sh.600236,2025-07-09,7.43,6.75,1,False,1.19,1.2737,725393438.36,56951671379.0,15.55,0,0.1
sh.600238,2025-07-24,6.65,6.33,1,False,-0.32,3.5865,104916268.0,2925310693.0,11.39,1,0.1
sh.600238,2025-07-30,7.23,6.89,1,False,0.0,5.1337,162703197.85,3169316436.0,19.11,1,0.1
sh.600238,2025-07-31,7.59,7.23,2,False,1.66,3.8152,127999640.91,3354991636.0,25.04,1,0.1
sh.600238,2025-08-20,7.01,6.68,1,False,0.6,4.6086,142347583.79,3088738094.0,10.74,1,0.1
sh.600243,2025-07-10,3.19,3.04,1,False,0.33,4.9672,68946857.0,1388042700.0,-0.31,1,0.1
sh.600243,2025-08-08,3.5,3.33,1,False,0.6,4.4083,66212994.34,1502007448.0,10.76,1,0.1
sh.600243,2025-08-15,3.95,3.76,1,False,0.8,2.7093,46529756.0,1717408777.0,26.6,1,0.1
sh.600243,2025-08-19,4.32,4.11,1,False,0.73,3.2438,60921548.0,1878091991.0,34.58,1,0.1
sh.600243,2025-08-25,4.78,4.55,1,False,1.32,5.5682,115897550.8,2081418606.0,42.69,1,0.1
sh.600243,2025-08-26,5.02,4.78,2,False,0.42,3.5267,76503021.45,2169252317.0,51.2,1,0.1
sh.600246,2025-08-08,7.63,6.94,1,False,0.43,7.4442,1033630496.25,13885044682.0,18.29,0,0.1
sh.600246,2025-08-11,8.39,7.63,2,False,9.96,7.3322,1149465766.12,15676955977.0,31.92,0,0.1
sh.600246,2025-08-12,9.23,8.39,3,False,7.39,17.9463,3073158387.74,17124189319.0,46.74,0,0.1
sh.600246,2025-08-13,10.15,9.23,4,False,-0.87,15.8675,2851121723.87,17968310848.0,60.35,0,0.1
sh.600246,2025-08-21,10.55,9.59,1,True,10.01,1.3514,269530587.65,19944545482.0,49.43,0,0.1
sh.600246,2025-08-22,11.61,10.55,2,True,10.05,0.5103,112003527.6,21948565079.0,60.8,0,0.1
sh.600246,2025-08-25,12.77,11.61,3,True,9.99,0.3484,84116117.7,24143546986.0,76.87,0,0.1
sh.600246,2025-08-28,13.52,12.29,1,False,4.96,17.0607,4245250488.48,24883213986.0,92.32,0,0.1
sh.600250,2025-07-02,12.85,11.68,1,False,0.6,10.6049,405420085.69,3822950577.0,33.71,0,0.1
sh.600250,2025-07-07,14.19,12.9,1,False,2.48,7.8027,335307663.17,4297328658.0,27.04,0,0.1
sh.600250,2025-07-10,13.68,12.44,1,False,0.08,16.2889,653932035.81,4014586840.0,-2.84,0,0.1
sh.600252,2025-08-05,3.01,2.74,1,True,9.85,1.4604,145162604.79,9939920898.0,12.73,0,0.1
sh.600255,2025-08-15,4.74,4.31,1,False,0.7,30.6304,2561395752.07,8362266742.0,40.65,0,0.1
sh.600259,2025-07-24,63.39,57.63,1,False,-0.64,12.7092,2652916807.73,20873987409.0,25.6,0,0.1
sh.600259,2025-08-29,72.51,65.92,1,False,2.26,8.277,1962793867.52,23713831914.0,19.85,0,0.1
sh.600262,2025-08-26,25.48,23.16,1,False,3.11,7.8484,331042043.96,4217955812.0,8.7,0,0.1
sh.600265,2025-08-13,18.26,17.39,1,False,0.81,0.4392,10277171.0,2339975182.0,-1.72,1,0.1
sh.600265,2025-08-18,20.93,19.93,1,False,0.35,0.6443,17203758.0,2670147136.0,13.5,1,0.1
sh.600265,2025-08-19,21.98,20.93,2,False,5.02,1.9541,55274792.43,2828657307.0,16.42,1,0.1
sh.600265,2025-08-21,22.72,21.64,1,False,2.59,0.6797,19724328.4,2901916787.0,18.58,1,0.1
sh.600267,2025-07-04,10.65,9.68,1,False,0.0,9.221,1160700172.37,12587573716.0,16.39,0,0.1
sh.600268,2025-07-14,8.86,8.05,1,False,7.83,2.175,194225209.15,8929894674.0,14.77,0,0.1
sh.600268,2025-07-21,9.87,8.97,1,False,3.68,6.482,632045791.7,9750783581.0,31.78,0,0.1
sh.600268,2025-07-22,10.86,9.87,2,False,8.41,12.2547,1321839641.29,10786389233.0,40.31,0,0.1
sh.600268,2025-08-08,10.15,9.23,1,False,-0.22,8.5538,839825221.29,9818153584.0,26.09,0,0.1
sh.600276,2025-07-28,62.04,56.4,1,False,6.56,2.5554,9943549096.52,389119084939.0,19.54,0,0.1
sh.600281,2025-07-11,7.47,6.79,1,False,0.0,12.5893,475718682.0,3778754037.0,2.89,0,0.1
sh.600284,2025-08-22,8.44,7.67,1,False,1.17,7.8955,627933706.8,7953058157.0,23.39,0,0.1
sh.600288,2025-07-24,12.0,10.91,1,False,-0.09,11.0785,561198840.5,5065657269.0,22.7,0,0.1
sh.600288,2025-07-25,13.2,12.0,2,False,-0.58,12.9394,716668020.33,5538649554.0,32.66,0,0.1
sh.600288,2025-08-06,13.26,12.05,1,False,-0.41,12.6085,704326292.53,5586122794.0,28.74,0,0.1
sh.600289,2025-07-09,7.04,6.7,1,False,4.48,1.084,43001248.0,3966904797.0,25.04,1,0.1
sh.600289,2025-07-10,7.39,7.04,2,False,4.83,0.5668,23680766.39,4177975722.0,31.49,1,0.1
sh.600289,2025-08-04,6.74,6.42,1,False,0.93,1.2901,48751365.76,3778882704.0,0.6,1,0.1
sh.600289,2025-08-08,6.99,6.66,1,False,0.0,1.7368,67759699.53,3901410613.0,-5.03,1,0.1
sh.600301,2025-08-13,25.27,22.97,1,False,-0.13,7.4811,502501062.32,6716940855.0,20.33,0,0.1
sh.600302,2025-07-30,7.03,6.39,1,False,0.16,11.2258,270039671.56,2405527192.0,10.53,0,0.1
sh.600302,2025-08-06,7.6,6.91,1,False,0.58,11.5313,293990340.0,2549498669.0,21.99,0,0.1
sh.600307,2025-07-23,1.85,1.68,1,True,10.12,1.2065,139798308.05,11587095570.0,33.09,0,0.1
sh.600315,2025-08-22,25.74,23.4,1,False,3.89,3.1061,530813669.0,17089394063.0,10.47,0,0.1
sh.600319,2025-07-01,7.18,6.53,2,False,-1.53,12.7781,266471668.44,2085377861.0,22.53,0,0.1
sh.600319,2025-07-02,7.9,7.18,3,False,8.5,18.9026,465940027.64,2464952058.0,35.74,0,0.1
sh.600319,2025-08-26,8.06,7.33,1,False,0.0,5.5157,167678487.76,3040021897.0,14.16,0,0.1
sh.600319,2025-08-29,8.48,7.71,1,False,-0.52,3.6537,116383385.52,3185356913.0,24.71,0,0.1
sh.600320,2025-07-02,4.84,4.4,1,False,5.23,2.7179,431636938.21,15881266353.0,10.76,0,0.1
sh.600326,2025-07-21,10.54,9.58,1,True,10.02,0.7482,104714752.44,13995556327.0,24.15,0,0.1
sh.600326,2025-07-22,11.59,10.54,2,True,9.96,0.5231,80502227.65,15389452810.0,33.22,0,0.1
sh.600326,2025-07-23,12.75,11.59,3,True,10.01,0.2836,48007753.5,16927980783.0,45.88,0,0.1
sh.600326,2025-07-24,14.03,12.75,4,True,10.04,7.5016,1397548517.23,18630005828.0,63.33,0,0.1
sh.600326,2025-07-25,15.43,14.03,5,False,9.98,45.8111,9336744998.83,20380966619.0,77.15,0,0.1
sh.600326,2025-07-29,17.23,15.66,1,False,-1.66,37.9856,8130041314.25,21402956158.0,103.18,0,0.1
sh.600330,2025-08-18,9.44,8.58,1,False,2.91,14.4966,1647700753.12,11366118629.0,25.03,0,0.1
sh.600338,2025-07-22,12.94,11.76,1,False,1.19,17.335,1981026283.51,11427898953.0,23.59,0,0.1
sh.600340,2025-07-10,2.48,2.25,1,False,-0.44,8.7204,802742918.04,9205345145.0,11.21,0,0.1
sh.600343,2025-07-18,13.81,12.55,1,False,-0.16,8.4146,718961730.48,8544217556.0,25.77,0,0.1
sh.600345,2025-08-25,29.66,26.96,1,False,2.0,11.0189,670255855.32,6082783720.0,22.26,0,0.1
sh.600353,2025-07-01,14.67,13.34,1,False,4.05,12.6924,1518070094.03,11960465271.0,39.32,0,0.1
sh.600353,2025-07-09,13.87,12.61,1,False,0.95,16.7526,1895110002.29,11312333622.0,10.69,0,0.1
sh.600353,2025-08-22,16.57,15.06,1,False,1.99,10.5456,1411640584.65,13386062288.0,26.78,0,0.1
sh.600355,2025-08-11,2.97,2.83,1,False,1.06,7.1154,102072702.64,1434532179.0,4.58,1,0.1
sh.600355,2025-08-12,3.12,2.97,2,False,5.05,4.0356,61929247.0,1534573471.0,14.71,1,0.1
sh.600355,2025-08-14,3.36,3.2,1,False,2.81,3.0385,50045597.0,1647049432.0,17.48,1,0.1
sh.600355,2025-08-20,3.48,3.31,1,False,0.6,9.8464,166384926.28,1689804662.0,27.01,1,0.1
sh.600355,2025-08-22,3.69,3.51,1,False,0.57,6.779,122504599.76,1807119041.0,35.66,1,0.1
sh.600355,2025-08-25,3.87,3.69,2,False,2.98,9.082,170906142.05,1881811738.0,41.76,1,0.1
sh.600360,2025-07-28,7.86,7.49,1,False,4.67,1.3245,99833720.36,7537464731.0,-0.76,1,0.1
sh.600360,2025-07-29,8.25,7.86,2,True,4.96,0.4469,35403645.75,7922050962.0,6.04,1,0.1
sh.600360,2025-07-30,8.66,8.25,3,True,4.97,0.3709,30842538.04,8315593971.0,9.62,1,0.1
sh.600360,2025-08-12,9.0,8.57,1,False,-0.23,4.1427,353393434.11,8530509912.0,2.97,1,0.1
sh.600360,2025-08-19,9.45,9.0,1,True,5.0,0.096,8709762.6,9072669375.0,13.17,1,0.1
sh.600360,2025-08-20,9.92,9.45,2,True,4.97,0.1186,11300873.92,9528561484.0,21.87,1,0.1
sh.600361,2025-08-20,4.72,4.29,1,False,-0.23,12.8217,863601445.41,6735467570.0,14.29,0,0.1
sh.600365,2025-08-15,3.42,3.26,1,False,0.0,3.9551,57177795.54,1445672563.0,4.91,1,0.1
sh.600366,2025-08-07,13.17,11.97,1,False,0.67,15.482,2059977291.49,13305627771.0,11.89,0,0.1
sh.600366,2025-08-08,14.49,13.17,2,False,6.3,12.0732,1839392017.0,15235331287.0,18.09,0,0.1
sh.600366,2025-08-13,15.74,14.31,1,False,-0.77,23.12,3660053662.1,15830681929.0,38.07,0,0.1
sh.600376,2025-07-21,2.82,2.56,1,False,10.16,3.2399,235442135.58,7266956868.0,21.03,0,0.1
sh.600381,2025-08-04,4.59,4.37,1,False,0.0,2.5566,67734754.9,2649407608.0,8.0,1,0.1
sh.600381,2025-08-18,4.41,4.2,1,False,-0.24,1.1341,29130549.15,2568604986.0,6.52,1,0.1
sh.600381,2025-08-29,4.97,4.73,1,False,0.42,3.5245,101853438.51,2889869159.0,13.73,1,0.1
sh.600391,2025-07-29,32.03,29.12,1,False,-0.89,10.9535,1102230514.66,10062815672.0,10.64,0,0.1
sh.600392,2025-07-11,14.99,13.63,1,False,5.5,10.7107,2758281056.4,25752575055.0,12.03,0,0.1
sh.600392,2025-07-21,18.73,17.03,1,False,1.76,10.1582,3232220937.63,31818835400.0,44.86,0,0.1
sh.600392,2025-07-28,24.59,22.35,1,False,0.0,19.5171,8024869701.51,41117121404.0,86.71,0,0.1
sh.600396,2025-07-01,3.25,2.95,1,False,0.0,7.3651,343267235.5,4660727424.0,4.5,0,0.1
sh.600396,2025-07-07,3.85,3.5,1,False,5.71,13.5631,761086296.46,5611447947.0,22.22,0,0.1
sh.600396,2025-07-14,3.99,3.63,1,False,-1.1,5.2376,302189879.21,5769625004.0,29.55,0,0.1
sh.600397,2025-08-21,7.35,6.68,1,False,-0.45,7.4541,532633098.7,7145505141.0,20.1,0,0.1
sh.600397,2025-08-26,8.12,7.38,1,False,-1.08,7.2596,559154494.96,7702276916.0,32.03,0,0.1
sh.600399,2025-07-11,5.8,5.27,1,False,0.0,9.2358,1016409409.43,11005104154.0,15.54,0,0.1
sh.600400,2025-08-18,2.43,2.21,1,False,0.45,5.1996,283513524.72,5452602599.0,8.48,0,0.1
sh.600400,2025-08-19,2.67,2.43,2,False,2.88,7.0365,412089663.01,5856457941.0,19.2,0,0.1
sh.600408,2025-07-30,2.49,2.26,1,False,1.33,6.3841,155580809.17,2437004577.0,18.01,0,0.1
sh.600410,2025-07-24,10.81,9.83,1,False,1.73,14.803,1730505621.86,11690235911.0,13.55,0,0.1
sh.600410,2025-08-07,13.19,11.99,1,False,2.17,16.5512,2312804319.77,13973635264.0,36.26,0,0.1
sh.600410,2025-08-11,14.2,12.91,1,False,-2.56,37.798,5742445368.75,15192458248.0,44.6,0,0.1
sh.600410,2025-08-12,15.62,14.2,2,False,-3.17,37.3554,6062513290.32,16229282220.0,58.58,0,0.1
sh.600410,2025-08-14,17.81,16.19,1,False,-0.43,32.1118,6070996314.66,18905811305.0,74.27,0,0.1
sh.600410,2025-08-18,20.68,18.8,1,False,4.31,15.0638,3356599386.4,22282554113.0,107.84,0,0.1
sh.600410,2025-08-19,22.75,20.68,2,False,6.0,37.2969,9134776231.96,24492052240.0,125.25,0,0.1
sh.600410,2025-08-25,23.25,21.14,1,False,4.97,47.7085,11919793714.33,24984633167.0,116.48,0,0.1
sh.600410,2025-08-26,25.58,23.25,2,False,3.23,36.6072,9914740056.67,27084125682.0,136.2,0,0.1
sh.600415,2025-08-25,23.02,20.93,1,False,0.0,2.9143,3530106536.65,121130512873.0,4.73,0,0.1
sh.600416,2025-08-15,15.06,13.69,1,False,-0.66,5.7472,1100436709.06,19147353652.0,13.32,0,0.1
sh.600418,2025-07-17,45.49,41.35,1,False,-0.24,6.9845,6691469646.51,95804562195.0,9.27,0,0.1
sh.600421,2025-07-14,7.1,6.76,1,False,-0.74,3.5172,48488090.0,1378599170.0,-5.96,1,0.1
sh.600421,2025-08-04,6.42,6.11,1,False,-0.33,1.9899,24578287.0,1235151867.0,-4.75,1,0.1
sh.600421,2025-08-12,6.74,6.42,1,True,4.98,0.1823,2402877.4,1318089632.0,-5.47,1,0.1
sh.600421,2025-08-13,7.08,6.74,2,True,5.04,0.0674,933144.0,1384486647.0,-1.67,1,0.1
sh.600421,2025-08-14,7.43,7.08,3,True,4.94,0.4531,6584540.3,1453220106.0,4.21,1,0.1
sh.600421,2025-08-15,7.8,7.43,4,True,4.98,0.2836,4327440.0,1525895628.0,10.33,1,0.1
sh.600421,2025-08-18,8.19,7.8,5,True,5.0,0.1029,1647828.0,1601387755.0,16.17,1,0.1
sh.600421,2025-08-19,8.6,8.19,6,False,5.01,13.1347,217246572.72,1653989606.0,27.22,1,0.1
sh.600421,2025-08-26,8.49,8.09,1,False,0.0,2.2824,37445855.38,1640635094.0,35.84,1,0.1
sh.600423,2025-07-04,3.71,3.37,1,False,0.0,13.9978,410329849.56,2931388144.0,11.08,0,0.1
sh.600425,2025-07-21,4.15,3.77,1,False,5.04,9.5408,536606410.87,5624333503.0,14.96,0,0.1
sh.600425,2025-08-08,4.41,4.01,1,False,0.25,7.9077,466385816.99,5897869380.0,14.55,0,0.1
sh.600425,2025-08-11,4.85,4.41,2,False,9.98,26.4427,1749871697.85,6617598422.0,26.63,0,0.1
sh.600425,2025-08-22,4.74,4.31,1,False,0.0,14.5493,920230767.58,6324914378.0,10.23,0,0.1
sh.600438,2025-07-02,17.8,16.18,1,False,1.98,4.3665,3390677249.98,77652061147.0,9.14,0,0.1
sh.600438,2025-07-08,20.02,18.2,1,False,0.82,3.2241,2802186092.12,86913746227.0,25.44,0,0.1
sh.600444,2025-07-18,19.06,17.33,1,False,-0.46,10.2308,280197230.42,2738761685.0,22.18,0,0.1
sh.600444,2025-07-21,20.97,19.06,2,False,9.65,6.9854,214048508.0,3064226930.0,32.22,0,0.1
sh.600446,2025-07-11,21.19,19.26,1,False,-0.83,16.0978,3094306874.17,19221923953.0,31.37,0,0.1
sh.600467,2025-07-02,2.53,2.3,1,False,3.91,15.4968,560530299.37,3617071262.0,6.75,0,0.1
sh.600475,2025-07-03,11.43,10.39,1,False,0.1,3.2805,338923008.0,10331443621.0,8.65,0,0.1
sh.600475,2025-07-04,12.57,11.43,2,False,0.0,6.3799,729840105.16,11439679386.0,19.49,0,0.1
sh.600475,2025-07-07,13.83,12.57,3,False,3.42,6.668,822690142.85,12337884566.0,31.71,0,0.1
sh.600475,2025-07-08,15.21,13.83,4,False,3.54,7.1203,961453651.43,13502993574.0,45.55,0,0.1
sh.600475,2025-07-09,16.73,15.21,5,False,0.59,5.955,903424147.93,15170850511.0,59.33,0,0.1
sh.600475,2025-07-10,18.4,16.73,6,False,5.5,2.4863,427768679.27,17205030739.0,75.41,0,0.1
sh.600475,2025-08-05,15.92,14.47,1,False,0.48,3.5938,518394594.24,14424692366.0,4.67,0,0.1
sh.600475,2025-08-06,17.51,15.92,2,False,0.5,4.2855,683473905.41,15948521886.0,4.66,0,0.1
sh.600475,2025-08-07,19.26,17.51,3,False,2.8,1.6755,298641644.69,17824031315.0,4.67,0,0.1
sh.600475,2025-08-08,21.19,19.26,4,False,6.44,1.1732,231422493.64,19725749543.0,27.96,0,0.1
sh.600475,2025-08-21,23.56,21.42,1,False,-1.03,2.0452,423770169.21,20720231235.0,62.37,0,0.1
sh.600475,2025-08-22,25.92,23.56,2,False,8.23,1.8676,444828124.07,23818168991.0,80.0,0,0.1
sh.600480,2025-08-18,14.15,12.86,1,False,9.72,3.3643,572781763.37,17025287976.0,17.43,0,0.1
sh.600481,2025-07-02,5.25,4.77,1,False,0.21,8.5305,810592314.96,9502283746.0,15.89,0,0.1
sh.600481,2025-07-08,5.87,5.34,1,False,-0.75,11.9185,1265602139.59,10618803873.0,30.44,0,0.1
sh.600481,2025-08-01,6.13,5.57,1,False,-0.9,12.374,1405468027.55,11358235232.0,15.01,0,0.1
sh.600490,2025-08-22,5.69,5.17,1,False,-0.19,10.0079,1101337419.75,11004680500.0,25.88,0,0.1
sh.600495,2025-08-11,6.0,5.45,1,False,2.75,12.3891,873657771.84,7051825975.0,19.28,0,0.1
sh.600500,2025-07-29,4.25,3.86,1,False,9.84,1.9686,299915197.5,15234948568.0,10.1,0,0.1
sh.600501,2025-07-31,23.77,21.61,1,False,0.0,5.6943,569886189.07,10008011328.0,17.5,0,0.1
sh.600503,2025-08-08,2.94,2.67,1,False,0.75,12.1939,559425282.3,4587747007.0,8.49,0,0.1
sh.600503,2025-08-19,3.26,2.96,1,False,1.01,6.8848,351820802.0,5110109255.0,20.74,0,0.1
sh.600503,2025-08-20,3.59,3.26,2,False,3.68,31.4317,1768892984.61,5627735645.0,34.96,0,0.1
sh.600507,2025-07-22,6.01,5.46,1,False,0.37,4.7202,630708467.97,13361901359.0,40.42,0,0.1
sh.600510,2025-08-20,7.71,7.01,1,False,-0.43,3.6781,282636605.4,7684309981.0,47.14,0,0.1
sh.600513,2025-07-07,11.89,10.81,1,False,3.15,9.3974,316188564.7,3364638780.0,18.9,0,0.1
sh.600513,2025-07-08,13.08,11.89,2,False,3.62,5.8985,213889315.15,3626164536.0,30.41,0,0.1
sh.600513,2025-07-10,13.62,12.38,1,False,0.16,15.8595,591929885.88,3732336365.0,32.23,0,0.1
sh.600513,2025-07-11,14.98,13.62,2,False,4.85,25.2305,1064470857.36,4218984393.0,51.62,0,0.1
sh.600513,2025-07-14,16.48,14.98,3,False,0.53,12.9567,591298946.18,4563653910.0,65.63,0,0.1
sh.600513,2025-07-16,16.31,14.83,1,False,-3.57,18.8614,816935657.56,4331256734.0,70.43,0,0.1
sh.600513,2025-07-28,17.95,16.32,1,False,-0.74,16.7483,829576171.93,4953196276.0,78.96,0,0.1
sh.600513,2025-08-04,20.82,18.93,1,False,0.0,21.7628,1202708195.82,5526440512.0,75.11,0,0.1
sh.600513,2025-08-08,23.18,21.07,1,False,-0.09,23.0335,1468559302.15,6375754020.0,54.74,0,0.1
sh.600515,2025-07-24,4.14,3.76,1,False,1.6,3.2486,1201909735.67,36997775524.0,18.97,0,0.1
sh.600518,2025-07-09,2.11,1.92,1,False,0.0,7.3345,2071246121.42,28239772601.0,7.65,0,0.1
sh.600521,2025-07-03,21.98,19.98,1,False,0.25,4.9753,1546748411.86,31088545653.0,19.26,0,0.1
sh.600521,2025-08-20,22.68,20.62,1,False,-0.58,7.0888,2249224408.44,31729268825.0,5.83,0,0.1
sh.600521,2025-08-29,24.17,21.97,1,False,0.05,6.1696,2122769439.91,34406921679.0,13.58,0,0.1
sh.600528,2025-07-21,8.27,7.52,1,True,9.97,0.8921,163898250.7,18372183690.0,14.7,0,0.1
sh.600528,2025-07-22,9.1,8.27,2,True,10.04,0.6029,121892689.1,20217729159.0,24.83,0,0.1
sh.600528,2025-07-23,10.01,9.1,3,True,10.0,0.8879,197454787.53,22238403821.0,36.19,0,0.1
sh.600528,2025-07-24,11.01,10.01,4,True,9.99,8.1331,1989305924.37,24459381102.0,49.39,0,0.1
sh.600530,2025-07-09,9.22,8.38,1,False,-1.19,4.1031,281097417.92,6850854669.0,-4.95,0,0.1
sh.600537,2025-07-02,3.18,2.89,1,False,0.69,9.1523,335515442.8,3665913954.0,10.03,0,0.1
sh.600537,2025-07-03,3.5,3.18,2,False,5.03,9.4306,382852512.7,4059683506.0,22.38,0,0.1
sh.600537,2025-07-08,3.61,3.28,1,False,1.83,16.5723,667628149.1,4028578707.0,25.78,0,0.1
sh.600537,2025-07-09,3.97,3.61,2,False,1.66,21.0396,968048307.42,4601077527.0,37.37,0,0.1
sh.600537,2025-07-17,3.84,3.49,1,False,4.58,27.2802,1226223139.74,4494919904.0,38.13,0,0.1
sh.600537,2025-07-22,4.08,3.71,1,False,1.35,27.0214,1260500545.95,4664823236.0,42.16,0,0.1
sh.600539,2025-07-28,13.78,12.53,1,False,0.56,1.7996,56072205.56,3115814934.0,29.03,0,0.1
sh.600539,2025-08-25,11.97,10.88,1,False,5.79,11.4666,313602010.02,2734917151.0,-13.13,0,0.1
sh.600545,2025-07-08,2.5,2.27,1,False,0.0,7.0062,307579214.2,4390100400.0,11.11,0,0.1
sh.600545,2025-08-29,2.96,2.69,1,False,0.0,6.2479,319552919.24,5114565202.0,26.5,0,0.1
sh.600546,2025-07-22,10.08,9.16,1,False,0.98,5.4611,1057055989.38,19356100225.0,17.35,0,0.1
sh.600557,2025-08-19,19.83,18.03,1,False,6.27,6.9163,773900284.25,11189512951.0,24.25,0,0.1
sh.600568,2025-07-28,1.73,1.65,1,False,0.0,2.1274,60807299.98,2858291811.0,3.59,1,0.1
sh.600568,2025-08-12,1.88,1.79,1,False,0.56,2.4497,76374104.24,3117692135.0,17.5,1,0.1
sh.600570,2025-07-29,37.82,34.38,1,False,-0.58,8.6469,5977731751.36,69131500900.0,17.86,0,0.1
sh.600571,2025-07-04,18.54,16.85,1,False,1.72,24.2893,1996759975.87,8220739074.0,15.95,0,0.1
sh.600571,2025-07-07,20.39,18.54,2,False,4.48,15.6804,1429706720.97,9117794960.0,26.1,0,0.1
sh.600571,2025-07-09,21.77,19.79,1,False,0.0,33.4165,3190683148.0,9548226619.0,33.48,0,0.1
sh.600579,2025-07-29,9.2,8.36,1,True,10.05,0.2989,13603129.2,4551063633.0,15.0,0,0.1
sh.600579,2025-07-30,10.12,9.2,2,True,10.0,0.644,32242320.0,5006571429.0,26.66,0,0.1
sh.600579,2025-07-31,11.13,10.12,3,False,9.98,18.1532,985659506.99,5429673595.0,39.82,0,0.1
sh.600580,2025-07-21,23.11,21.01,1,False,7.09,14.1606,5062447013.09,35750229602.0,3.49,0,0.1
sh.600580,2025-08-14,27.62,25.11,1,False,1.12,17.2901,7075854541.76,40924312420.0,30.59,0,0.1
sh.600580,2025-08-15,30.38,27.62,2,False,3.19,21.8093,10116003941.19,46383900176.0,44.6,0,0.1
sh.600581,2025-07-21,3.62,3.29,1,False,7.6,3.3976,186546263.54,5490530479.0,22.3,0,0.1
sh.600581,2025-07-29,4.07,3.7,1,False,-1.08,9.4882,563625818.61,5940281809.0,30.87,0,0.1
sh.600581,2025-07-30,4.48,4.07,2,False,0.74,14.8783,985632630.14,6624632049.0,37.42,0,0.1
sh.600581,2025-08-08,4.24,3.85,1,False,-0.26,7.0187,434401380.72,6189200005.0,25.07,0,0.1
sh.600581,2025-08-11,4.66,4.24,2,False,9.91,6.09,433437122.1,7117194123.0,39.1,0,0.1
sh.600581,2025-08-12,5.13,4.66,3,False,6.01,17.3331,1316686433.4,7596370144.0,56.88,0,0.1
sh.600585,2025-07-21,24.7,22.45,1,False,6.37,4.4774,4276640974.28,95516169524.0,14.46,0,0.1
sh.600585,2025-07-22,27.17,24.7,2,False,4.17,6.7659,7153209167.08,105724429375.0,23.67,0,0.1
sh.600586,2025-07-02,5.31,4.83,1,False,1.86,6.9553,509633713.56,7327271484.0,12.26,0,0.1
sh.600588,2025-07-15,14.44,13.13,1,False,1.68,4.936,2346732734.23,47543207744.0,10.99,0,0.1
sh.600590,2025-08-19,11.72,10.65,1,True,10.05,2.5583,252930234.16,9886652627.0,25.75,0,0.1
sh.600590,2025-08-20,12.89,11.72,2,True,9.98,1.6231,176492161.53,10873770041.0,41.65,0,0.1
sh.600592,2025-08-15,24.06,21.87,1,False,-0.27,13.0467,1222785492.01,9372373796.0,5.43,0,0.1
sh.600594,2025-08-19,4.59,4.17,1,False,0.72,5.3696,189303579.0,3525468918.0,9.29,0,0.1
sh.600595,2025-07-01,4.82,4.38,1,False,-0.23,4.2698,797394290.25,18675214067.0,32.42,0,0.1
sh.600596,2025-07-21,9.83,8.94,1,False,7.61,6.5022,860440959.19,13233074332.0,23.65,0,0.1
sh.600599,2025-08-07,8.12,7.73,1,False,0.39,3.1369,41456286.57,1321568637.0,5.87,1,0.1
sh.600599,2025-08-28,8.49,8.09,1,False,-0.25,5.0385,70134396.28,1391969758.0,10.98,1,0.1
sh.600601,2025-07-03,5.59,5.08,1,False,0.0,10.1912,2308477088.24,22651670934.0,18.43,0,0.1
sh.600601,2025-07-28,6.05,5.5,1,False,0.55,10.9093,2674699005.8,24517604299.0,13.3,0,0.1
sh.600601,2025-08-15,6.75,6.14,1,False,0.0,9.1835,2502050614.55,27245065765.0,22.73,0,0.1
sh.600601,2025-08-18,7.43,6.75,2,False,5.04,9.9295,3030781366.51,30523000821.0,35.58,0,0.1
sh.600601,2025-08-22,7.89,7.17,1,False,0.28,6.4253,2065373589.39,32144391536.0,43.45,0,0.1
sh.600601,2025-08-27,8.7,7.91,1,False,0.13,15.4327,5467144278.82,35425714741.0,44.04,0,0.1
sh.600604,2025-07-11,5.68,5.16,1,True,10.08,1.2762,102027539.6,7994635606.0,24.29,0,0.1
sh.600604,2025-07-14,6.25,5.68,2,True,10.04,1.3472,118503956.25,8796315042.0,31.86,0,0.1
sh.600606,2025-07-10,1.89,1.72,1,False,0.58,2.3081,602621198.53,26108972684.0,13.17,0,0.1
sh.600606,2025-07-11,2.08,1.89,2,True,10.05,0.4864,142189070.4,29232950329.0,27.61,0,0.1
sh.600606,2025-07-14,2.29,2.08,3,False,10.1,5.3092,1703792883.5,32091329833.0,37.95,0,0.1
sh.600608,2025-07-16,4.04,3.85,1,False,0.52,1.2466,15830384.08,1269884813.0,10.38,1,0.1
sh.600610,2025-08-05,13.6,12.36,1,False,-0.08,14.2416,1317849666.19,9253522541.0,-10.23,0,0.1
sh.600619,2025-07-01,12.55,11.41,1,False,-0.96,15.9516,1546850890.0,9697151947.0,12.25,0,0.1
sh.600619,2025-07-18,13.73,12.48,1,False,-0.24,13.41,1386095588.64,10336283286.0,31.51,0,0.1
sh.600619,2025-07-23,15.32,13.93,1,False,-0.36,18.7919,2211849161.74,11770226330.0,40.04,0,0.1
sh.600619,2025-07-25,17.18,15.62,1,False,-0.77,22.0269,2819514519.69,12800323785.0,57.04,0,0.1
sh.600619,2025-08-06,17.92,16.29,1,False,-0.55,16.9486,2296785659.75,13551477171.0,50.34,0,0.1
sh.600619,2025-08-07,19.71,17.92,2,False,-0.22,19.3039,2898831387.64,15016817263.0,64.94,0,0.1
sh.600619,2025-08-11,20.89,18.99,1,False,-2.58,21.0728,3242872599.44,15388902279.0,70.11,0,0.1
sh.600619,2025-08-12,22.98,20.89,2,False,-0.96,21.5084,3813083373.59,17728345082.0,86.83,0,0.1
sh.600619,2025-08-13,25.28,22.98,3,False,2.31,22.7085,4344062245.74,19129674993.0,106.03,0,0.1
sh.600619,2025-08-19,24.99,22.72,1,False,-2.55,23.5614,4504487409.95,19118080462.0,79.4,0,0.1
sh.600620,2025-07-16,6.4,5.82,1,False,0.52,2.9871,125920591.98,4215479628.0,21.67,0,0.1
sh.600620,2025-07-17,7.04,6.4,2,False,9.38,2.3402,112990040.32,4828221533.0,36.96,0,0.1
sh.600620,2025-07-18,7.74,7.04,3,False,0.85,11.2769,547399425.26,4854165819.0,51.17,0,0.1
sh.600622,2025-07-10,3.31,3.01,1,False,-0.33,13.3913,642221271.62,4795809754.0,18.64,0,0.1
sh.600622,2025-07-11,3.64,3.31,2,False,5.74,22.7137,1226970876.94,5401897872.0,34.32,0,0.1
sh.600626,2025-08-05,4.46,4.05,1,False,1.48,2.6232,126713514.84,4830493856.0,21.53,0,0.1
sh.600629,2025-07-18,9.57,8.7,1,False,-0.46,5.5618,485740930.98,8733520281.0,16.14,0,0.1
sh.600629,2025-07-21,10.53,9.57,2,False,7.84,2.4091,239523857.31,9942462219.0,29.2,0,0.1
sh.600629,2025-07-22,11.58,10.53,3,True,9.97,0.7341,81026209.56,11037489383.0,39.86,0,0.1
sh.600629,2025-08-01,13.7,12.45,1,False,-4.98,11.3599,1366749823.81,12031354359.0,60.23,0,0.1
sh.600636,2025-08-12,8.87,8.45,1,False,-0.12,2.121,81401849.67,3837899560.0,5.22,1,0.1
sh.600637,2025-08-22,9.37,8.52,1,False,4.34,3.4032,1063290019.2,31243829901.0,18.31,0,0.1
sh.600643,2025-07-01,8.16,7.42,1,False,-3.64,20.732,2537105838.87,12237631868.0,61.58,0,0.1
sh.600644,2025-07-07,16.85,15.32,1,False,5.09,21.3583,1879929496.47,8801868578.0,9.56,0,0.1
sh.600645,2025-07-04,25.87,23.52,1,False,6.04,7.6368,914197585.49,11970950994.0,10.6,0,0.1
sh.600651,2025-07-25,5.05,4.59,1,False,0.22,3.9536,487729583.01,12336341132.0,13.74,0,0.1
sh.600651,2025-07-30,5.7,5.18,1,False,-1.35,4.9505,681543542.96,13767165801.0,28.09,0,0.1
sh.600651,2025-08-04,6.12,5.56,1,False,1.98,4.8711,724232144.92,14867938349.0,37.53,0,0.1
sh.600651,2025-08-07,6.28,5.71,1,False,-0.53,4.8589,726142342.83,14944582989.0,43.05,0,0.1
sh.600651,2025-08-20,7.08,6.44,1,False,-0.93,6.0751,1031038397.47,16971546106.0,55.95,0,0.1
sh.600651,2025-08-28,7.62,6.93,1,False,4.62,6.2539,1186168431.8,18966859588.0,33.68,0,0.1
sh.600654,2025-08-18,3.67,3.34,1,False,0.6,6.244,514845133.0,8245437748.0,21.12,0,0.1
sh.600657,2025-08-15,4.21,3.83,1,False,4.96,2.8547,340216154.17,11917755077.0,10.5,0,0.1
sh.600658,2025-08-12,5.74,5.22,1,False,5.36,11.1816,713664991.72,6382494381.0,27.27,0,0.1
sh.600658,2025-08-13,6.31,5.74,2,False,9.41,4.6857,329814834.59,7038752686.0,38.38,0,0.1
sh.600658,2025-08-14,6.94,6.31,3,False,7.45,22.7367,1719938519.6,7564591694.0,55.61,0,0.1
sh.600658,2025-08-19,7.71,7.01,1,False,-3.0,14.5802,1202136144.09,8244990769.0,65.45,0,0.1
sh.600658,2025-08-20,8.48,7.71,2,False,3.76,15.6089,1415926426.98,9071276176.0,86.78,0,0.1
sh.600660,2025-08-20,61.35,55.77,1,False,4.18,2.8487,3449240800.67,121081223038.0,6.94,0,0.1
sh.600666,2025-07-28,3.71,3.37,1,False,2.37,7.3061,648446564.52,8875413210.0,3.06,0,0.1
sh.600666,2025-08-11,4.16,3.78,1,False,2.91,9.6232,939206806.96,9759818012.0,26.44,0,0.1
sh.600668,2025-07-21,13.3,12.09,1,False,1.74,18.21,984521201.19,5406486552.0,-0.3,0,0.1
sh.600671,2025-08-01,15.36,13.96,1,False,-0.36,9.8996,178238587.94,1800462523.0,13.61,0,0.1
sh.600671,2025-08-20,18.58,16.89,1,False,-1.3,2.8928,63449243.0,2193350491.0,32.52,0,0.1
sh.600671,2025-08-25,19.8,18.0,1,False,-0.5,11.827,271361567.11,2294424344.0,37.31,0,0.1
sh.600673,2025-08-15,17.03,15.48,1,False,1.94,2.801,1408604128.29,50289329821.0,18.59,0,0.1
sh.600673,2025-08-29,22.47,20.43,1,False,1.81,3.5912,2322943097.09,64684314354.0,56.04,0,0.1
sh.600676,2025-07-29,5.53,5.03,1,False,0.4,2.9323,163702782.5,5582743324.0,17.16,0,0.1
sh.600678,2025-07-21,10.58,9.62,1,False,9.15,9.7703,357659444.21,3660680268.0,32.08,0,0.1
sh.600678,2025-07-22,11.64,10.58,2,True,10.02,1.5882,64517412.12,4062297703.0,41.43,0,0.1
sh.600678,2025-08-14,10.56,9.6,1,False,2.81,27.922,1015322418.47,3636281135.0,6.88,0,0.1
sh.600682,2025-07-23,7.55,6.86,1,False,1.6,2.9619,255819574.16,8637009155.0,10.54,0,0.1
sh.600682,2025-08-19,8.82,8.02,1,False,-0.62,2.7688,278253813.52,10049617651.0,28.57,0,0.1
sh.600684,2025-07-30,4.93,4.48,1,False,-1.79,9.4821,382088321.63,4029574900.0,14.65,0,0.1
sh.600684,2025-07-31,5.42,4.93,2,False,6.29,17.2993,784701382.83,4536029682.0,26.64,0,0.1
sh.600696,2025-08-01,5.74,5.47,1,False,-0.73,2.1244,40394287.94,1901444546.0,-11.42,1,0.1
sh.600696,2025-08-04,6.03,5.74,2,False,4.88,3.693,73483216.54,1989797361.0,-5.78,1,0.1
sh.600696,2025-08-05,6.33,6.03,3,False,1.66,2.1042,43864679.31,2084625003.0,-1.56,1,0.1
sh.600696,2025-08-08,6.55,6.24,1,False,0.32,2.4649,53261157.2,2160783691.0,3.8,1,0.1
sh.600696,2025-08-19,6.21,5.91,1,False,-0.17,1.6046,32833916.95,2046236878.0,3.67,1,0.1
sh.600696,2025-08-20,6.52,6.21,2,False,1.45,2.6494,56933353.64,2148914986.0,12.03,1,0.1
sh.600696,2025-08-22,6.72,6.4,1,False,0.31,1.5495,34454247.72,2223571973.0,15.66,1,0.1
sh.600696,2025-08-29,6.68,6.36,1,False,1.26,2.1388,47503661.58,2221042715.0,16.38,1,0.1
sh.600698,2025-07-07,11.01,10.01,1,False,-2.6,23.9519,2020186905.45,8434349281.0,60.26,0,0.1
sh.600698,2025-08-05,11.89,10.81,1,False,0.65,17.8922,1694343388.7,9469731999.0,1.62,0,0.1
sh.600698,2025-08-06,13.08,11.89,2,False,4.29,8.9234,947364942.68,10616636514.0,12.18,0,0.1
sh.600698,2025-08-13,14.18,12.89,1,False,-1.09,15.6986,1818068443.8,11581086491.0,41.94,0,0.1
sh.600702,2025-08-25,67.0,60.91,1,False,2.61,6.3373,1386674871.81,21881161880.0,24.58,0,0.1
sh.600703,2025-08-20,14.43,13.12,1,False,1.91,4.4145,3089438795.83,69983889361.0,15.53,0,0.1
sh.600704,2025-08-26,6.34,5.76,1,False,3.65,6.9223,2244145217.56,32419069060.0,14.44,0,0.1
sh.600711,2025-07-07,7.12,6.78,1,False,-0.59,3.903,844809261.7,21645125844.0,23.83,1,0.1
sh.600711,2025-07-22,7.72,7.35,1,False,0.0,3.4632,813823807.75,23499185948.0,29.75,1,0.1
sh.600711,2025-08-01,7.91,7.53,1,False,0.66,2.7891,667537658.47,23933801530.0,16.67,1,0.1
sh.600711,2025-08-29,8.66,7.87,1,False,4.7,10.5343,2766591246.34,26262696585.0,9.48,0,0.1
sh.600712,2025-08-29,7.84,7.13,1,False,-0.42,9.167,371901916.78,4056964293.0,16.67,0,0.1
sh.600715,2025-08-25,2.53,2.3,1,False,0.43,8.9371,593487626.86,6640718207.0,8.12,0,0.1
sh.600720,2025-07-21,8.75,7.95,1,False,6.92,9.7533,845903489.47,8672997749.0,14.68,0,0.1
sh.600721,2025-08-18,8.78,7.98,1,False,0.0,7.5889,248692610.18,3277057415.0,8.4,0,0.1
sh.600722,2025-08-20,6.8,6.18,1,False,0.16,15.4911,684973217.9,4421720975.0,12.21,0,0.1
sh.600725,2025-08-26,3.74,3.4,1,False,0.0,4.1187,182066391.14,4420481976.0,13.68,0,0.1
sh.600726,2025-07-01,2.57,2.34,1,False,0.43,5.3282,366427736.7,6877139310.0,8.44,0,0.1
sh.600726,2025-07-07,2.79,2.54,1,False,1.97,7.2328,533977332.68,7382719454.0,15.77,0,0.1
sh.600728,2025-08-22,6.82,6.2,1,True,10.0,2.5463,370344038.9,14544399281.0,18.4,0,0.1
sh.600728,2025-08-25,7.5,6.82,2,True,9.97,0.9207,147258435.0,15994182144.0,29.98,0,0.1
sh.600730,2025-08-13,9.15,8.32,1,False,0.0,8.0647,415240122.88,5148860130.0,37.18,0,0.1
sh.600731,2025-07-23,7.84,7.13,1,False,0.14,11.7378,500719820.13,4265874526.0,9.96,0,0.1
sh.600735,2025-07-14,8.32,7.56,1,False,1.72,3.3513,117206514.32,3497344741.0,0.0,0,0.1
sh.600737,2025-08-14,12.62,11.47,1,False,2.27,3.5732,950009558.58,26587080448.0,27.47,0,0.1
sh.600737,2025-08-15,13.88,12.62,2,False,5.31,9.6694,2800937308.16,28967022857.0,39.78,0,0.1
sh.600737,2025-08-18,15.27,13.88,3,False,5.55,2.7886,894484457.13,32076470528.0,53.47,0,0.1
sh.600744,2025-07-01,4.96,4.51,1,False,0.44,7.7175,766196713.91,9928042940.0,6.9,0,0.1
sh.600744,2025-07-03,5.54,5.04,1,False,-1.39,17.8755,1922808377.5,10756669058.0,20.96,0,0.1
sh.600744,2025-07-04,6.09,5.54,2,False,3.79,10.3655,1250007575.57,12059308047.0,33.85,0,0.1
sh.600744,2025-07-07,6.7,6.09,3,False,10.02,11.7369,1594565066.95,13585913375.0,42.86,0,0.1
sh.600744,2025-07-08,7.37,6.7,4,False,7.61,18.1274,2684832545.88,14810908050.0,53.22,0,0.1
sh.600744,2025-07-09,8.11,7.37,5,False,2.99,10.9846,1773536260.64,16145660840.0,74.03,0,0.1
sh.600744,2025-08-08,7.73,7.03,1,False,-1.71,18.4149,2821385826.52,15321211772.0,-9.91,0,0.1
sh.600744,2025-08-27,8.57,7.79,1,False,-1.67,23.3726,4013046849.93,17169877763.0,22.78,0,0.1
sh.600748,2025-08-05,3.72,3.38,1,False,0.0,4.035,272610026.94,6756134497.0,14.46,0,0.1
sh.600749,2025-07-22,14.47,13.15,1,False,9.96,9.4237,306596455.15,3253461540.0,22.52,0,0.1
sh.600749,2025-07-23,15.92,14.47,2,False,10.02,14.0854,508272209.16,3608503906.0,34.8,0,0.1
sh.600749,2025-07-24,17.51,15.92,3,False,6.66,5.8719,230025318.27,3917391615.0,46.53,0,0.1
sh.600749,2025-07-25,19.26,17.51,4,True,9.99,7.9002,345347650.98,4371378585.0,61.17,0,0.1
sh.600749,2025-07-28,21.19,19.26,5,False,8.41,5.0801,242999239.17,4783355429.0,78.52,0,0.1
sh.600749,2025-07-29,23.31,21.19,6,True,10.0,1.757,92953613.34,5290473155.0,95.88,0,0.1
sh.600749,2025-07-30,25.64,23.31,7,False,9.91,4.1832,243320991.81,5816623442.0,116.19,0,0.1
sh.600749,2025-07-31,28.2,25.64,8,False,9.98,20.3202,1284658698.88,6322077041.0,138.98,0,0.1
sh.600749,2025-08-18,29.44,26.76,1,False,3.1,14.3193,942762058.76,6583855766.0,123.88,0,0.1
sh.600751,2025-07-01,3.61,3.28,1,False,0.3,8.0515,736294575.47,9144812463.0,17.97,0,0.1
sh.600751,2025-07-17,3.73,3.39,1,False,0.0,6.5038,611069485.19,9395576205.0,16.2,0,0.1
sh.600751,2025-07-18,4.1,3.73,2,False,2.68,12.1807,1271675652.39,10440086796.0,28.93,0,0.1
sh.600753,2025-08-07,6.96,6.63,1,False,-0.3,1.0371,16028254.32,1545487833.0,-0.43,1,0.1
sh.600760,2025-07-17,63.78,57.98,1,False,-0.29,2.8829,4916886192.15,170553477129.0,19.28,0,0.1
sh.600763,2025-07-24,47.47,43.15,1,False,-0.14,7.9489,1631341153.38,20522854148.0,16.69,0,0.1
sh.600773,2025-07-21,11.15,10.14,1,False,9.96,3.2347,343042920.76,10605092304.0,13.08,0,0.1
sh.600773,2025-07-22,12.27,11.15,2,False,10.04,2.1522,251230771.66,11673207493.0,24.19,0,0.1
sh.600774,2025-07-17,9.93,9.03,1,False,-0.33,3.2724,94106466.2,2875762932.0,23.51,0,0.1
sh.600774,2025-07-18,10.92,9.93,2,True,9.97,1.0195,32823805.56,3219598387.0,36.84,0,0.1
sh.600774,2025-07-23,10.92,9.93,1,False,-1.31,10.67,322945565.77,3026668845.0,31.57,0,0.1
sh.600774,2025-07-31,11.33,10.3,1,True,10.0,8.0091,267548738.71,3340559348.0,28.46,0,0.1
sh.600774,2025-08-01,12.46,11.33,2,False,3.44,10.5125,371687691.26,3535673639.0,43.55,0,0.1
sh.600775,2025-08-14,13.41,12.19,1,False,-0.98,19.6959,1658794143.76,8422027649.0,28.45,0,0.1
sh.600777,2025-07-08,3.37,3.21,1,False,4.98,1.4809,316673500.21,21383854427.0,4.98,1,0.1
sh.600777,2025-07-09,3.54,3.37,2,False,3.26,0.5019,112387377.26,22392384391.0,10.28,1,0.1
sh.600777,2025-07-10,3.72,3.54,3,True,5.08,0.083,19649925.36,23674608867.0,15.89,1,0.1
sh.600777,2025-07-11,3.91,3.72,4,True,5.11,0.0818,20370513.5,24902828240.0,21.81,1,0.1
sh.600777,2025-07-14,4.11,3.91,5,False,5.12,1.3177,344388691.13,26135591647.0,28.04,1,0.1
sh.600777,2025-07-16,4.21,4.01,1,False,0.25,0.3679,97130121.43,26401228983.0,31.15,1,0.1
sh.600777,2025-07-17,4.42,4.21,2,True,4.99,0.0787,22154485.34,28150553164.0,37.69,1,0.1
sh.600777,2025-07-18,4.64,4.42,3,False,4.98,0.6062,179052310.32,29536837730.0,44.55,1,0.1
sh.600777,2025-07-21,4.87,4.64,4,False,3.66,0.4679,143461927.45,30660809457.0,51.71,1,0.1
sh.600777,2025-07-30,4.38,4.17,1,False,-4.32,1.0544,285362483.61,27063968476.0,36.45,1,0.1
sh.600777,2025-08-13,3.96,3.77,1,False,0.0,0.7959,197839937.31,24857386268.0,-5.94,1,0.1
sh.600777,2025-08-14,4.16,3.96,2,False,1.01,0.7687,200521457.74,26085788700.0,-5.88,1,0.1
sh.600777,2025-08-15,4.37,4.16,3,False,3.37,0.6266,172834973.59,27582983337.0,-5.82,1,0.1
sh.600777,2025-08-29,4.43,4.22,1,False,4.27,0.9594,269156401.46,28054659314.0,10.2,1,0.1
sh.600792,2025-07-18,4.05,3.68,1,False,1.63,2.7387,116281414.8,4245861715.0,15.06,0,0.1
sh.600793,2025-07-02,28.59,25.99,1,False,0.0,12.7924,616083231.56,4816009752.0,-8.77,0,0.1
sh.600793,2025-07-14,30.28,27.53,1,False,-0.58,10.1549,521368865.1,5134160505.0,12.31,0,0.1
sh.600797,2025-08-22,11.95,10.86,1,False,1.75,17.6397,2058047619.95,11667135042.0,22.06,0,0.1
sh.600801,2025-07-21,14.41,13.1,1,True,10.0,0.8332,161395400.76,19370547379.0,25.3,0,0.1
sh.600801,2025-07-22,15.85,14.41,2,True,9.99,0.3741,79704847.45,21305759810.0,35.12,0,0.1
sh.600801,2025-07-23,17.44,15.85,3,False,10.03,9.9736,2338092052.64,23442809544.0,47.67,0,0.1
sh.600802,2025-07-02,5.1,4.64,1,False,0.0,5.5581,125551110.57,2258885421.0,11.35,0,0.1
sh.600802,2025-07-21,5.59,5.08,1,False,3.94,9.2003,227635522.9,2474218481.0,22.86,0,0.1
sh.600805,2025-08-19,5.91,5.37,1,False,0.74,3.3444,164143760.1,4908018183.0,1.55,0,0.1
sh.600808,2025-08-05,3.71,3.37,1,False,0.3,3.2823,707493131.01,21554797886.0,8.8,0,0.1
sh.600808,2025-08-06,4.08,3.71,2,False,2.43,6.4402,1531669368.65,23782947248.0,21.07,0,0.1
sh.600815,2025-07-21,3.04,2.76,1,False,5.07,6.1519,323255418.03,5254562298.0,16.03,0,0.1
sh.600815,2025-07-22,3.34,3.04,2,True,9.87,1.7596,104263995.1,5925437321.0,24.63,0,0.1
sh.600819,2025-07-02,6.42,5.84,1,False,0.0,3.0925,145700948.42,4711429213.0,7.54,0,0.1
sh.600819,2025-07-03,7.06,6.42,2,False,9.97,9.8715,516920569.17,5236494648.0,16.12,0,0.1
sh.600820,2025-07-22,7.43,6.75,1,False,5.04,8.1608,1836987424.37,22509893937.0,21.21,0,0.1
sh.600821,2025-07-09,5.97,5.43,1,False,1.29,10.1463,1194483731.57,11772604117.0,9.34,0,0.1
sh.600822,2025-07-11,10.99,9.99,1,False,0.8,8.651,363722217.36,4204395068.0,10.56,0,0.1
sh.600822,2025-07-14,12.09,10.99,2,False,10.01,8.3365,399152764.38,4788013727.0,21.51,0,0.1
sh.600822,2025-07-15,13.3,12.09,3,False,0.0,17.2681,846925077.51,4904564356.0,35.03,0,0.1
sh.600822,2025-07-16,14.63,13.3,4,False,8.05,18.8859,1053554493.13,5578524154.0,50.05,0,0.1
sh.600822,2025-07-17,16.09,14.63,5,False,2.05,19.2148,1192535436.04,6206338010.0,67.78,0,0.1
sh.600825,2025-07-25,8.05,7.32,1,False,9.97,6.3232,530569444.75,8390837626.0,18.56,0,0.1
sh.600826,2025-07-11,8.99,8.17,1,False,1.47,4.8478,313373378.46,6464239004.0,14.81,0,0.1
sh.600826,2025-07-14,9.89,8.99,2,True,10.01,1.0972,79816730.72,7274583551.0,25.03,0,0.1
sh.600826,2025-07-15,10.88,9.89,3,False,10.01,10.2785,820980055.81,7987352783.0,38.78,0,0.1
sh.600826,2025-07-16,11.97,10.88,4,True,10.02,1.2449,109603293.03,8804184515.0,53.46,0,0.1
sh.600826,2025-07-17,13.17,11.97,5,False,5.26,5.8247,557301215.59,9567895610.0,71.04,0,0.1
sh.600826,2025-07-18,14.49,13.17,6,False,3.87,17.8998,1872365068.31,10460256921.0,89.91,0,0.1
sh.600826,2025-07-22,15.29,13.9,1,False,-3.74,19.9564,2005941601.74,10051620541.0,97.29,0,0.1
sh.600828,2025-07-31,4.66,4.24,1,False,0.0,5.0685,385239817.22,7600667204.0,20.73,0,0.1
sh.600829,2025-07-17,8.4,7.64,1,False,0.0,2.9113,138946704.6,4772668725.0,17.15,0,0.1
sh.600829,2025-07-18,9.24,8.4,2,True,10.0,1.4439,77369292.0,5358355288.0,28.69,0,0.1
sh.600829,2025-07-21,10.16,9.24,3,False,9.96,13.2855,721361182.48,5429687874.0,40.72,0,0.1
sh.600829,2025-07-29,9.45,8.59,1,False,-0.93,8.229,438799193.45,5332351360.0,27.36,0,0.1
sh.600831,2025-07-01,4.17,3.97,1,False,0.0,2.465,71444405.81,2898353177.0,37.62,1,0.1
sh.600835,2025-07-25,26.36,23.96,1,False,1.92,5.535,1118376231.71,20205532642.0,24.99,0,0.1
sh.600835,2025-08-19,30.27,27.52,1,False,0.22,3.8358,918288768.28,23939954332.0,35.8,0,0.1
sh.600839,2025-08-19,11.67,10.61,1,False,0.0,11.2143,5799236184.74,51712868255.0,17.05,0,0.1
sh.600841,2025-07-16,6.92,6.29,1,False,3.18,2.4109,171598684.44,7117619331.0,21.62,0,0.1
sh.600841,2025-08-19,7.58,6.89,1,False,0.44,2.3015,180136855.4,7826932670.0,14.67,0,0.1
sh.600846,2025-08-29,11.21,10.19,1,False,2.45,11.4755,756474395.86,6592082226.0,8.83,0,0.1
sh.600847,2025-07-03,12.35,11.23,1,False,-2.05,11.8322,209719287.99,1772445428.0,21.32,0,0.1
sh.600860,2025-08-15,14.17,12.88,1,False,0.47,10.8544,660286911.93,6083126768.0,18.18,0,0.1
sh.600864,2025-07-11,6.82,6.2,1,False,5.65,5.9932,839350645.74,14005049819.0,20.49,0,0.1
sh.600864,2025-08-20,8.24,7.49,1,False,-0.27,11.4863,1908016458.33,16611236502.0,19.42,0,0.1
sh.600869,2025-08-25,7.13,6.48,1,False,1.08,8.4983,1310026694.9,15415161796.0,27.78,0,0.1
sh.600875,2025-07-21,19.62,17.84,1,True,9.98,0.6806,270206247.6,39701182427.0,20.15,0,0.1
sh.600875,2025-07-22,21.58,19.62,2,True,9.99,0.3196,139562003.36,43667710688.0,30.24,0,0.1
sh.600875,2025-07-23,23.74,21.58,3,False,10.01,10.5144,5045433382.46,47985937214.0,43.44,0,0.1
sh.600876,2025-07-02,11.73,10.66,1,False,3.0,7.292,329179172.2,4514250853.0,20.18,0,0.1
sh.600876,2025-07-08,13.1,11.91,1,False,3.19,7.7956,387572385.1,4971681270.0,36.17,0,0.1
sh.600877,2025-08-11,13.96,12.69,1,False,-0.08,5.3727,870999439.74,16211577787.0,9.4,0,0.1
sh.600879,2025-08-04,10.79,9.81,1,False,0.1,3.6368,1278044962.41,35142019424.0,5.68,0,0.1
sh.600881,2025-08-18,2.16,1.96,1,False,0.51,5.902,398769315.75,6756511619.0,14.29,0,0.1
sh.600892,2025-08-22,3.52,3.35,1,False,0.0,4.7949,92719082.0,1933702100.0,13.92,1,0.1
sh.600895,2025-07-25,30.58,27.8,1,False,0.58,8.5571,3885475786.05,45406455295.0,22.22,0,0.1
sh.600927,2025-07-07,15.62,14.2,1,False,0.0,1.1039,244596934.8,22157526479.0,5.47,0,0.1
sh.600927,2025-07-08,17.18,15.62,2,False,2.43,4.5509,1091052196.72,23974426964.0,10.27,0,0.1
sh.600928,2025-08-29,4.18,3.8,1,False,2.11,3.4186,622583432.47,18211648993.0,8.85,0,0.1
sh.600939,2025-07-10,3.81,3.46,1,False,0.29,4.0521,284155551.37,7012550316.0,14.76,0,0.1
sh.600939,2025-07-21,3.91,3.55,1,False,1.41,3.1281,224091454.0,7163820019.0,22.96,0,0.1
sh.600962,2025-07-07,14.77,13.43,1,True,9.98,0.1521,5888991.01,3871788961.0,0.82,0,0.1
sh.600962,2025-07-08,16.25,14.77,2,True,10.02,0.0596,2538266.25,4258835990.0,13.08,0,0.1
sh.600962,2025-07-09,17.88,16.25,3,True,10.03,0.2948,13819452.0,4687738128.0,25.12,0,0.1
sh.600962,2025-07-10,19.67,17.88,4,True,10.01,0.7186,37063787.6,5157777289.0,37.75,0,0.1
sh.600962,2025-07-11,21.64,19.67,5,False,10.02,10.9307,619638503.34,5668790684.0,56.13,0,0.1
sh.600962,2025-08-21,23.65,21.5,1,False,1.4,3.5077,212488530.7,6057773775.0,21.1,0,0.1
sh.600967,2025-08-06,23.66,21.51,1,False,0.05,10.5298,4101012214.93,38946724676.0,33.15,0,0.1
sh.600967,2025-08-13,28.86,26.24,1,False,-1.11,8.8266,4196875133.5,47548038129.0,68.28,0,0.1
sh.600977,2025-07-28,14.58,13.25,1,False,3.7,4.2109,1124883877.51,26713621257.0,36.01,0,0.1
sh.600979,2025-08-22,5.53,5.03,1,False,0.8,15.097,1000450842.55,6626818855.0,8.43,0,0.1
sh.600980,2025-08-20,28.02,25.47,1,False,6.4,13.0645,679913056.33,5204279202.0,21.46,0,0.1
sh.600980,2025-08-27,28.07,25.52,1,False,0.31,15.2733,785578086.04,5143473159.0,22.63,0,0.1
sh.600983,2025-07-07,11.89,10.81,1,False,9.99,3.926,353501233.28,9004106808.0,14.77,0,0.1
sh.600984,2025-07-21,3.56,3.24,1,False,2.78,4.6864,207873530.55,4435676224.0,10.56,0,0.1
sh.600984,2025-08-12,3.8,3.45,1,False,0.0,7.2998,335783001.15,4599893164.0,17.65,0,0.1
sh.600985,2025-07-22,13.18,11.98,1,False,1.17,4.2493,1465067835.3,34477863067.0,17.16,0,0.1
sh.600990,2025-07-01,30.84,28.04,2,False,4.07,6.2069,507385132.37,8174533702.0,6.75,0,0.1
sh.600990,2025-08-18,31.88,28.98,1,False,0.0,5.5043,457818924.04,8317477682.0,13.53,0,0.1
sh.600990,2025-08-19,35.07,31.88,2,False,7.81,15.6262,1405839326.56,8996680745.0,24.41,0,0.1
sh.601001,2025-07-22,14.32,13.02,1,False,0.69,4.746,1114695004.9,23487041823.0,19.83,0,0.1
sh.601002,2025-08-13,6.08,5.53,1,False,1.63,2.5171,143470868.77,5699847792.0,16.92,0,0.1
sh.601003,2025-07-01,3.87,3.52,1,False,0.0,1.3302,129039410.59,9700752563.0,10.57,0,0.1
sh.601003,2025-07-02,4.26,3.87,2,False,0.78,4.0003,409830811.74,10245001918.0,21.71,0,0.1
sh.601003,2025-07-03,4.69,4.26,3,False,9.62,8.3454,973983840.37,11670906612.0,35.94,0,0.1
sh.601003,2025-07-04,5.16,4.69,4,False,2.35,4.4566,581099610.53,13039079355.0,47.85,0,0.1
sh.601003,2025-07-08,5.23,4.75,1,False,-4.0,9.8298,1196833501.02,12175563094.0,49.43,0,0.1
sh.601003,2025-07-15,5.57,5.06,1,False,0.0,7.0348,992408824.05,14107136295.0,56.46,0,0.1
sh.601003,2025-07-17,5.57,5.06,1,False,-0.2,6.0633,833927713.55,13753693757.0,59.14,0,0.1
sh.601003,2025-07-18,6.13,5.57,2,False,2.15,9.3928,1400706636.43,14912556814.0,74.64,0,0.1
sh.601003,2025-07-21,6.74,6.13,3,False,2.94,4.5514,767932759.1,16872451534.0,88.8,0,0.1
sh.601003,2025-07-22,7.41,6.74,4,False,3.86,6.8068,1246124637.6,18307055262.0,110.51,0,0.1
sh.601005,2025-07-02,1.41,1.28,1,False,0.0,5.7124,651487920.92,11404802201.0,10.16,0,0.1
sh.601005,2025-07-21,1.57,1.43,1,False,4.2,5.2536,676428836.53,12875529856.0,24.6,0,0.1
sh.601020,2025-08-13,22.14,20.13,1,False,0.84,10.1185,1786140392.13,17652225054.0,11.76,0,0.1
sh.601059,2025-08-22,19.72,17.93,1,False,-0.33,20.8802,2790310143.4,13363426324.0,15.59,0,0.1
sh.601068,2025-07-11,5.21,4.74,1,False,-0.21,3.1339,404641040.26,12911740651.0,17.61,0,0.1
sh.601086,2025-07-17,12.21,11.1,1,False,2.25,11.7173,941186966.0,8032455992.0,3.39,0,0.1
sh.601089,2025-07-07,18.92,17.2,1,False,1.22,3.0407,271767091.32,8937648940.0,13.77,0,0.1
sh.601089,2025-07-21,22.0,20.0,1,False,-0.4,5.6624,577112916.41,10192019575.0,24.79,0,0.1
sh.601089,2025-07-29,22.9,20.82,1,False,0.0,3.6857,389058277.8,10555885661.0,34.55,0,0.1
sh.601089,2025-08-01,26.54,24.13,1,False,6.51,2.1111,267928042.82,12691395141.0,54.3,0,0.1
sh.601089,2025-08-04,29.19,26.54,2,False,5.5,6.3826,884996059.53,13865760968.0,54.28,0,0.1
sh.601089,2025-08-08,29.61,26.92,1,False,-2.01,6.085,807781542.13,13274963716.0,62.96,0,0.1
sh.601101,2025-07-22,7.88,7.16,1,False,0.42,4.9362,546227834.61,11065755735.0,8.24,0,0.1
sh.601118,2025-07-24,5.5,5.0,1,False,0.2,4.6252,1064260161.39,23010035488.0,16.53,0,0.1
sh.601133,2025-07-08,13.39,12.17,1,False,9.29,16.6644,325712900.36,1954543220.0,17.15,0,0.1
sh.601137,2025-08-12,22.18,20.16,1,False,0.3,13.0022,2307461607.25,17746701383.0,22.68,0,0.1
sh.601137,2025-08-13,24.4,22.18,2,False,2.75,9.9819,1925038415.53,19285290531.0,34.96,0,0.1
sh.601138,2025-07-03,23.28,21.16,1,False,0.47,1.7214,7812149978.77,453825373462.0,13.23,0,0.1
sh.601138,2025-07-08,26.38,23.98,1,False,3.75,1.4588,7483434566.98,512985643473.0,30.85,0,0.1
sh.601138,2025-08-13,43.68,39.71,1,False,0.03,1.2205,10023782873.33,821284954800.0,63.41,0,0.1
sh.601138,2025-08-19,48.91,44.46,1,False,-0.99,1.375,12733532495.95,926075090615.0,81.42,0,0.1
sh.601138,2025-08-29,53.83,48.94,1,False,-1.92,1.7274,17371646435.71,1005652798177.0,63.12,0,0.1
sh.601162,2025-08-15,5.54,5.04,1,False,-0.4,16.4895,7680794221.52,46579909770.0,14.94,0,0.1
sh.601177,2025-08-06,19.79,17.99,1,False,-0.11,17.2933,1324763620.98,7660559991.0,8.8,0,0.1
sh.601179,2025-07-21,6.97,6.34,1,False,3.94,5.5496,1909157824.65,34401719487.0,16.75,0,0.1
sh.601208,2025-07-04,10.66,9.69,1,False,0.31,11.1166,1043581070.31,9387592162.0,9.67,0,0.1
sh.601208,2025-07-08,11.97,10.88,1,False,0.0,16.2641,1700840738.82,10457638227.0,28.85,0,0.1
sh.601208,2025-07-14,12.61,11.46,1,False,1.83,12.4599,1393784019.92,11186157352.0,37.07,0,0.1
sh.601208,2025-07-17,14.21,12.92,1,False,1.78,6.6678,841303378.98,12617405726.0,55.3,0,0.1
sh.601208,2025-08-13,17.9,16.27,1,False,0.0,11.2693,1786981055.8,15857072363.0,38.54,0,0.1
sh.601208,2025-08-15,19.22,17.47,1,False,-0.74,7.4601,1255521990.03,16829827885.0,25.95,0,0.1
sh.601208,2025-08-22,19.15,17.41,1,False,-0.11,9.4178,1590110103.67,16884092927.0,18.28,0,0.1
sh.601208,2025-08-28,19.4,17.64,1,False,-0.06,12.6768,2374306854.79,18729544166.0,10.67,0,0.1
sh.601218,2025-07-01,4.52,4.11,2,False,5.11,18.777,779335274.14,4150478107.0,25.91,0,0.1
sh.601218,2025-07-02,4.97,4.52,3,True,9.96,2.6787,129009331.64,4816117208.0,39.22,0,0.1
sh.601218,2025-07-03,5.47,4.97,4,True,10.06,1.5099,80032445.2,5300512961.0,51.94,0,0.1
sh.601279,2025-07-16,4.29,3.9,1,False,-0.26,1.4989,97710940.64,6518843194.0,14.71,0,0.1
sh.601279,2025-07-17,4.72,4.29,2,False,3.73,7.9883,558390742.96,6990107319.0,27.91,0,0.1
sh.601333,2025-08-29,3.21,2.92,1,False,6.16,3.9917,721703089.75,18080093438.0,7.72,0,0.1
sh.601339,2025-07-03,5.21,4.74,1,False,3.8,5.7122,441093487.34,7721954542.0,9.22,0,0.1
sh.601375,2025-07-11,4.65,4.23,1,False,0.47,8.6712,1367833676.31,15774445017.0,18.02,0,0.1
sh.601399,2025-07-21,3.38,3.07,1,False,4.23,3.3493,802702979.45,23966290850.0,15.75,0,0.1
sh.601399,2025-07-22,3.72,3.38,2,False,5.92,6.7508,1737239563.44,25733832486.0,26.1,0,0.1
sh.601399,2025-07-23,4.09,3.72,3,False,7.53,4.2525,1216651481.45,28610264114.0,37.71,0,0.1
sh.601512,2025-07-15,8.25,7.5,1,False,-0.27,1.6724,200718872.07,12001845974.0,12.86,0,0.1
sh.601512,2025-07-16,9.08,8.25,2,False,8.97,1.3896,188366496.89,13555447387.0,25.24,0,0.1
sh.601512,2025-08-27,8.91,8.1,1,False,6.91,1.4665,194119238.76,13236906837.0,14.08,0,0.1
sh.601519,2025-07-08,12.95,11.77,1,False,-1.44,10.113,2555076433.74,25265266822.0,40.46,0,0.1
sh.601519,2025-07-09,14.25,12.95,2,False,5.79,5.3612,1495697473.78,27898557670.0,52.9,0,0.1
sh.601519,2025-08-15,15.65,14.23,1,False,-0.84,7.3128,2183144539.93,29853743298.0,19.92,0,0.1
sh.601519,2025-08-18,17.22,15.65,2,False,4.15,7.4486,2457590818.77,32993996439.0,29.86,0,0.1
sh.601579,2025-08-20,21.69,19.72,1,False,-1.57,7.4284,739051281.99,9948996850.0,13.74,0,0.1
sh.601579,2025-08-25,23.2,21.09,1,False,-0.05,6.7521,732851698.62,10853685500.0,22.11,0,0.1
sh.601579,2025-08-29,24.44,22.22,1,False,1.58,5.0991,590798427.65,11586327541.0,33.04,0,0.1
sh.601606,2025-07-01,31.96,29.05,2,False,4.58,21.1983,4693665494.11,22141707090.0,135.52,0,0.1
sh.601606,2025-07-22,32.19,29.26,1,False,-0.89,20.8954,4768038005.38,22818601249.0,58.65,0,0.1
sh.601606,2025-07-31,34.68,31.53,1,False,-3.04,20.5638,4965169852.09,24145196180.0,13.7,0,0.1
sh.601606,2025-08-04,38.83,35.3,1,False,0.0,12.6806,3496453830.49,27573252295.0,35.34,0,0.1
sh.601606,2025-08-05,42.71,38.83,2,False,8.16,12.3346,3783571933.13,30674459919.0,48.45,0,0.1
sh.601606,2025-08-06,46.98,42.71,3,False,0.98,5.8823,1946916637.15,33097880712.0,65.25,0,0.1
sh.601606,2025-08-07,51.68,46.98,4,False,8.51,18.2954,6653434789.83,36366708516.0,93.85,0,0.1
sh.601606,2025-08-11,57.07,51.88,1,False,0.0,10.005,4023213568.34,40212029669.0,98.57,0,0.1
sh.601606,2025-08-18,66.29,60.26,1,False,-2.92,17.5955,7798726028.25,44322275742.0,126.56,0,0.1
sh.601606,2025-08-29,69.17,62.88,1,False,0.0,15.5159,7461975627.37,48092444701.0,95.95,0,0.1
sh.601608,2025-07-22,5.09,4.63,1,False,3.24,4.7833,1075525402.36,22485008307.0,19.2,0,0.1
sh.601609,2025-07-14,8.06,7.33,1,False,5.05,4.174,496559487.16,11896489870.0,18.88,0,0.1
sh.601609,2025-08-13,9.41,8.55,1,False,-0.35,10.5657,1416902477.72,13410398532.0,18.07,0,0.1
sh.601609,2025-08-14,10.35,9.41,2,False,9.99,5.2689,925097806.56,17557702871.0,30.35,0,0.1
sh.601609,2025-08-18,12.53,11.39,1,True,10.01,2.5287,537718973.19,21264640851.0,49.88,0,0.1
sh.601609,2025-08-20,14.75,13.41,1,False,-4.55,23.704,5759500380.54,24297588511.0,75.18,0,0.1
sh.601669,2025-07-21,5.59,5.08,1,True,10.04,0.7702,562768045.71,73067780539.0,17.68,0,0.1
sh.601669,2025-07-22,6.15,5.59,2,True,10.02,0.9514,764842013.25,80391214342.0,26.54,0,0.1
sh.601669,2025-07-23,6.77,6.15,3,True,10.08,1.3394,1185273381.93,88492861127.0,38.16,0,0.1
sh.601669,2025-07-24,7.45,6.77,4,False,3.4,17.0914,15856948335.81,92777351977.0,52.98,0,0.1
sh.601689,2025-08-19,54.79,49.81,1,False,0.14,6.3446,5858276235.78,92334839640.0,13.2,0,0.1
sh.601696,2025-07-10,11.85,10.77,1,False,-0.28,7.1808,2307674487.93,32136732508.0,16.18,0,0.1
sh.601696,2025-07-11,13.04,11.85,2,False,10.04,6.3997,2312880436.89,36140450910.0,29.49,0,0.1
sh.601699,2025-07-22,12.6,11.45,1,False,0.79,3.0506,1098047639.46,35994481068.0,15.92,0,0.1
sh.601702,2025-08-13,18.26,16.6,1,False,0.0,2.0289,356280026.9,17560255651.0,14.05,0,0.1
sh.601717,2025-08-29,20.45,18.59,1,False,4.9,3.6137,1130765263.75,31291066324.0,22.09,0,0.1
sh.601718,2025-07-01,4.31,3.92,3,True,9.95,0.547,103535949.22,18927961466.0,57.88,0,0.1
sh.601718,2025-07-10,4.33,3.94,1,False,-0.76,12.4745,2267563934.58,18177593768.0,59.78,0,0.1
sh.601718,2025-08-07,4.8,4.36,1,False,-0.92,9.6559,1949868980.58,20193549856.0,10.85,0,0.1
sh.601718,2025-08-08,5.28,4.8,2,False,4.17,12.3601,2845223547.92,23019421752.0,30.69,0,0.1
sh.601778,2025-08-22,4.28,3.89,1,False,1.29,9.1471,1331036710.17,14551461230.0,29.31,0,0.1
sh.601788,2025-08-22,20.78,18.89,1,False,-0.26,5.5388,4365325231.91,78813555859.0,9.95,0,0.1
sh.601798,2025-08-18,10.71,9.74,1,False,1.64,4.6815,173474769.62,3705538174.0,27.65,0,0.1
sh.601800,2025-07-22,10.33,9.39,1,False,0.32,1.6569,1930694374.59,116524496022.0,15.94,0,0.1
sh.601865,2025-07-02,16.91,15.37,1,False,1.56,4.0894,1262265488.69,30866765019.0,16.14,0,0.1
sh.601868,2025-07-21,2.55,2.32,1,True,9.91,1.0923,903254706.6,82692914639.0,15.38,0,0.1
sh.601868,2025-07-22,2.81,2.55,2,True,10.2,0.8792,801158833.05,91123616134.0,26.01,0,0.1
sh.601869,2025-07-17,43.34,39.4,1,False,-2.23,2.9592,498531824.96,16846844585.0,16.82,0,0.1
sh.601869,2025-07-30,48.62,44.2,1,False,-2.06,6.1096,1149942310.6,18821891950.0,24.35,0,0.1
sh.601869,2025-08-05,57.0,51.82,1,False,2.86,6.3868,1403521247.92,21975343645.0,44.82,0,0.1
sh.601869,2025-08-25,64.88,58.98,1,True,10.0,1.0611,279730444.4,26362307455.0,60.59,0,0.1
sh.601869,2025-08-26,71.07,64.61,2,False,10.0,4.7378,1362113390.74,28749913266.0,60.79,0,0.1
sh.601869,2025-08-28,82.95,75.41,1,False,0.0,1.4812,483633000.76,32651431323.0,63.13,0,0.1
sh.601869,2025-08-29,91.25,82.95,2,False,10.01,4.6386,1716225605.37,36998784232.0,79.87,0,0.1
sh.601877,2025-08-28,27.86,25.33,1,False,4.97,4.0283,2397437458.52,59514868766.0,22.46,0,0.1
sh.601888,2025-07-24,70.84,64.4,1,False,0.76,3.6614,4932577447.79,134718344016.0,15.94,0,0.1
sh.601890,2025-07-02,11.33,10.3,1,False,6.8,25.3002,2702127297.75,10680260621.0,25.06,0,0.1
sh.601908,2025-07-10,3.84,3.49,1,False,0.86,3.4634,316109087.66,9127131941.0,16.72,0,0.1
sh.601908,2025-07-11,4.22,3.84,2,True,9.9,1.4925,152079520.22,10189582594.0,33.97,0,0.1
sh.601908,2025-07-14,4.64,4.22,3,True,9.95,0.8298,92973109.12,11204279238.0,49.2,0,0.1
sh.601929,2025-08-04,2.12,1.93,1,True,9.84,4.474,330998860.56,7398275828.0,15.22,0,0.1
sh.601929,2025-08-07,2.45,2.23,1,False,-1.35,12.817,1079270286.96,8420615487.0,31.02,0,0.1
sh.601929,2025-08-08,2.7,2.45,2,False,3.67,12.3473,1138615404.76,9221573986.0,42.11,0,0.1
sh.601929,2025-08-11,2.97,2.7,3,False,9.63,12.4041,1254642750.23,10114742305.0,60.54,0,0.1
sh.601929,2025-08-12,3.27,2.97,4,False,2.36,15.8035,1746292796.3,11050038259.0,83.71,0,0.1
sh.601929,2025-08-13,3.6,3.27,5,False,9.79,11.293,1403825347.32,12430933741.0,100.0,0,0.1
sh.601929,2025-08-18,4.31,3.92,1,False,0.0,25.0441,3696990101.04,14761920377.0,134.24,0,0.1
sh.601929,2025-08-21,3.96,3.6,1,False,0.0,30.3123,3728303951.34,12299640579.0,107.33,0,0.1
sh.601929,2025-08-27,4.02,3.65,1,False,-1.1,30.8458,4242272223.91,13753159989.0,87.85,0,0.1
sh.601929,2025-08-29,4.55,4.14,1,False,-0.72,12.7477,1991489266.91,15622341810.0,135.75,0,0.1
sh.601958,2025-07-24,13.08,11.89,1,False,2.19,2.3361,976841192.97,41815041863.0,21.45,0,0.1
sh.601969,2025-07-24,8.79,7.99,1,False,0.25,2.63,441569251.88,16789705395.0,22.77,0,0.1
sh.601991,2025-07-22,3.89,3.54,1,False,2.54,5.3437,2520596339.0,47169495649.0,20.81,0,0.1
sh.601992,2025-07-21,1.73,1.57,1,False,2.55,3.4545,483264293.57,13989413622.0,16.11,0,0.1
sh.603001,2025-07-14,7.71,7.01,1,False,4.71,1.044,32115504.28,3076197728.0,24.96,0,0.1
sh.603001,2025-07-15,8.48,7.71,2,False,3.5,10.3032,339611458.47,3296174572.0,36.12,0,0.1
sh.603001,2025-08-06,9.87,8.97,1,False,0.11,5.1962,199626875.65,3841785837.0,41.2,0,0.1
sh.603002,2025-07-08,7.59,6.9,1,False,-0.87,6.6592,555247404.0,8338049676.0,33.16,0,0.1
sh.603002,2025-08-15,7.87,7.15,1,False,-0.84,10.8584,934316468.4,8604550103.0,14.89,0,0.1
sh.603002,2025-08-20,9.03,8.21,1,False,-0.73,11.3763,1088734112.3,9570195163.0,36.61,0,0.1
sh.603007,2025-07-17,4.95,4.71,1,True,5.1,0.5553,13740205.05,2474375122.0,-3.13,1,0.1
sh.603007,2025-08-15,4.79,4.56,1,False,-0.22,3.5215,82517848.21,2343258504.0,-6.63,1,0.1
sh.603008,2025-08-21,18.12,16.47,1,False,9.9,9.521,639754520.08,6719404685.0,12.27,0,0.1
sh.603013,2025-07-14,21.08,19.16,1,False,0.73,2.1556,223955608.8,10389478976.0,23.35,0,0.1
sh.603013,2025-08-20,23.93,21.75,1,False,0.32,2.8772,336565745.0,11697683338.0,8.53,0,0.1
sh.603018,2025-07-22,9.45,8.59,1,False,5.94,14.0066,900149787.14,6426611648.0,16.09,0,0.1
sh.603019,2025-08-22,82.83,75.3,1,False,1.74,8.8808,10500241550.96,118235311582.0,17.72,0,0.1
sh.603019,2025-08-25,91.11,82.83,2,True,10.0,1.1956,1593372861.72,133269727477.0,31.32,0,0.1
sh.603020,2025-08-28,9.88,8.98,1,False,-0.11,7.4325,275515554.31,3706902850.0,8.93,0,0.1
sh.603020,2025-08-29,10.87,9.88,2,False,2.23,10.5087,423874286.82,4033555881.0,18.02,0,0.1
sh.603021,2025-08-01,3.66,3.49,1,False,0.0,2.5391,29307246.6,1154237588.0,1.67,1,0.1
sh.603021,2025-08-15,3.87,3.69,1,False,0.54,2.0442,25160057.2,1230802133.0,8.1,1,0.1
sh.603021,2025-08-18,4.06,3.87,2,False,3.1,1.6865,21733955.0,1288701749.0,13.41,1,0.1
sh.603021,2025-08-19,4.26,4.06,3,False,2.22,7.3006,98429055.6,1348232414.0,21.37,1,0.1
sh.603021,2025-08-20,4.47,4.26,4,False,1.41,1.802,25472921.4,1413591643.0,29.19,1,0.1
sh.603021,2025-08-22,4.83,4.6,1,False,1.09,6.5258,100081555.9,1533628918.0,37.22,1,0.1
sh.603021,2025-08-26,4.82,4.59,1,False,-3.05,6.3396,92093481.4,1452670222.0,34.26,1,0.1
sh.603023,2025-08-12,4.62,4.2,1,False,-0.48,8.6421,213862812.02,2474662548.0,24.86,0,0.1
sh.603025,2025-08-15,15.64,14.22,1,False,5.49,1.5196,262214133.04,17255470719.0,12.11,0,0.1
sh.603025,2025-08-18,17.2,15.64,2,False,9.78,3.4991,655573745.7,18735496148.0,22.51,0,0.1
sh.603030,2025-07-25,2.84,2.58,1,False,0.78,9.3434,345398417.62,3696710166.0,2.9,0,0.1
sh.603031,2025-08-13,32.67,29.7,1,False,2.05,12.5532,853065762.22,6795604007.0,13.56,0,0.1
sh.603031,2025-08-22,39.55,35.95,1,False,0.42,6.7594,553188266.04,8183984763.0,42.11,0,0.1
sh.603032,2025-07-22,18.77,17.06,1,False,-0.94,8.4627,355171759.08,4196908304.0,4.8,0,0.1
sh.603032,2025-08-29,20.56,18.69,1,False,-0.43,8.9788,413919801.56,4609967942.0,14.86,0,0.1
sh.603036,2025-08-14,19.84,18.04,1,False,0.78,14.9037,594033594.2,3985812880.0,17.61,0,0.1
sh.603038,2025-08-19,15.9,14.45,1,False,0.14,12.4824,519852255.3,4164681915.0,8.38,0,0.1
sh.603038,2025-08-20,17.49,15.9,2,False,4.97,9.5447,440577605.85,4615939797.0,20.62,0,0.1
sh.603039,2025-07-15,59.42,54.02,1,False,-0.61,2.1422,314912840.02,14700440669.0,11.44,0,0.1
sh.603045,2025-07-03,18.74,17.04,1,False,-0.7,13.2715,326321661.06,2458815214.0,11.22,0,0.1
sh.603045,2025-07-15,19.46,17.69,1,False,0.0,8.4243,219545282.34,2606095252.0,18.66,0,0.1
sh.603048,2025-07-16,19.5,17.73,1,False,-0.39,5.2278,147173264.21,2815204564.0,10.05,0,0.1
sh.603048,2025-07-17,21.45,19.5,2,False,10.0,12.0868,372910821.62,3085273369.0,23.13,0,0.1
sh.603052,2025-08-01,30.29,27.54,1,False,1.53,30.3795,515491436.23,1696839764.0,10.71,0,0.1
sh.603053,2025-08-21,11.23,10.21,1,False,0.29,2.6667,256454093.24,9616908285.0,16.98,0,0.1
sh.603057,2025-08-25,24.12,21.93,1,False,-0.91,14.0267,220118165.12,1569279767.0,14.69,0,0.1
sh.603059,2025-07-31,30.71,27.92,1,False,-0.43,9.5109,291539626.0,3065321116.0,20.15,0,0.1
sh.603059,2025-08-01,33.78,30.71,2,True,10.0,2.2099,74985012.9,3393140545.0,32.47,0,0.1
sh.603059,2025-08-04,37.16,33.78,3,True,10.01,2.003,74767034.8,3732752611.0,42.32,0,0.1
sh.603059,2025-08-05,40.88,37.16,4,True,10.01,1.6548,67953802.0,4106466159.0,57.53,0,0.1
sh.603059,2025-08-06,44.97,40.88,5,True,10.0,3.9937,180402056.73,4517165955.0,74.64,0,0.1
sh.603063,2025-07-29,32.53,29.57,1,False,-0.2,14.5533,2088384794.05,14349905479.0,-1.3,0,0.1
sh.603063,2025-07-31,37.9,34.45,1,False,2.7,7.3599,1241341136.78,16866277215.0,18.33,0,0.1
sh.603068,2025-08-27,42.46,38.6,1,False,0.52,7.7819,485578976.19,6239851144.0,21.94,0,0.1
sh.603068,2025-08-28,46.71,42.46,2,True,10.01,1.6953,119114890.74,7026183610.0,35.86,0,0.1
sh.603069,2025-07-24,23.73,21.57,1,False,-0.97,9.1831,668781990.79,7282747556.0,12.73,0,0.1
sh.603080,2025-08-08,22.1,20.09,1,False,1.34,10.4606,314954437.2,3010863977.0,26.29,0,0.1
sh.603080,2025-08-11,24.31,22.1,2,False,9.95,14.2952,489707713.19,3425679341.0,37.03,0,0.1
sh.603080,2025-08-12,26.74,24.31,3,False,0.0,11.2278,408778888.92,3640774586.0,52.71,0,0.1
sh.603081,2025-07-09,11.98,10.89,1,False,10.01,6.8947,357970384.06,5191964611.0,9.01,0,0.1
sh.603081,2025-07-14,13.24,12.04,1,False,1.74,16.1944,902529969.58,5573099155.0,21.02,0,0.1
sh.603083,2025-07-17,52.58,47.8,1,False,-1.88,14.3227,1945406512.58,13582680029.0,12.47,0,0.1
sh.603083,2025-08-18,58.94,53.58,1,False,1.53,18.4973,2868700084.98,15508750385.0,18.54,0,0.1
sh.603083,2025-08-19,64.83,58.94,2,False,2.95,7.7453,1316703744.61,17000035436.0,32.31,0,0.1
sh.603083,2025-08-25,72.88,66.25,1,True,10.01,2.0392,398328409.44,19533562644.0,48.07,0,0.1
sh.603083,2025-08-26,80.17,72.88,2,True,10.0,0.9175,197146207.34,21487325051.0,57.88,0,0.1
sh.603083,2025-08-27,88.19,80.17,3,True,10.0,1.4664,346619242.11,23637427858.0,78.7,0,0.1
sh.603086,2025-07-07,10.67,9.7,1,False,0.0,16.5216,741847649.56,4490168322.0,18.56,0,0.1
sh.603089,2025-07-03,14.7,13.36,1,False,1.72,10.7003,366453870.22,3424706506.0,12.21,0,0.1
sh.603089,2025-08-05,17.66,16.05,1,False,3.8,9.1243,383195370.61,4199723492.0,22.89,0,0.1
sh.603090,2025-07-16,27.04,24.58,1,False,0.08,7.6764,200958031.48,2617868161.0,15.6,0,0.1
sh.603090,2025-08-12,35.35,32.14,1,False,2.27,7.4137,255203039.06,3442316779.0,43.82,0,0.1
sh.603091,2025-07-01,69.6,63.27,1,False,-0.74,10.0838,140288549.86,1391227016.0,35.3,0,0.1
sh.603093,2025-07-09,22.96,20.87,1,False,2.44,8.6055,1169473108.32,13589833343.0,11.73,0,0.1
sh.603093,2025-07-10,25.26,22.96,2,False,-0.7,7.7392,1171625413.97,15138843989.0,11.72,0,0.1
sh.603093,2025-07-11,27.79,25.26,3,False,1.78,8.4008,1330901355.06,15842554936.0,32.02,0,0.1
sh.603093,2025-07-16,26.08,23.71,1,False,1.56,8.7106,1306035813.9,14993637796.0,22.21,0,0.1
sh.603098,2025-08-13,11.51,10.46,1,False,0.86,2.9573,175114503.59,5921431833.0,10.25,0,0.1
sh.603098,2025-08-14,12.66,11.51,2,False,5.04,10.26,670457477.74,6534673272.0,20.11,0,0.1
sh.603098,2025-08-25,14.73,13.39,1,False,1.42,6.0727,465183701.7,7660245059.0,38.83,0,0.1
sh.603098,2025-08-26,16.2,14.73,2,False,3.05,8.5471,733155075.76,8577822604.0,52.83,0,0.1
sh.603101,2025-08-20,9.46,8.6,1,False,1.74,10.5855,451901021.24,4269056929.0,18.7,0,0.1
sh.603101,2025-08-21,10.41,9.46,2,False,-0.63,16.0575,758544472.74,4723926344.0,29.48,0,0.1
sh.603101,2025-08-22,11.45,10.41,3,False,3.84,3.1613,167926425.96,5311942111.0,42.41,0,0.1
sh.603103,2025-07-16,18.14,16.49,1,False,0.49,2.0299,230127796.64,11336903130.0,13.94,0,0.1
sh.603106,2025-07-17,11.55,10.5,1,False,3.05,7.6624,451259428.13,5889270048.0,24.73,0,0.1
sh.603106,2025-08-22,12.86,11.69,1,False,-1.8,8.2305,541023378.55,6573396252.0,18.74,0,0.1
sh.603109,2025-07-15,28.07,25.52,1,False,0.78,7.2727,422431842.53,5808459617.0,11.12,0,0.1
sh.603109,2025-07-22,32.22,29.29,1,False,1.06,6.2122,409457913.43,6591190133.0,23.07,0,0.1
sh.603111,2025-08-25,7.47,6.79,1,False,7.07,3.5326,222273657.66,6292069797.0,13.18,0,0.1
sh.603115,2025-07-16,16.23,14.75,1,False,0.27,2.8053,106842214.13,3808584256.0,14.14,0,0.1
sh.603115,2025-07-17,17.85,16.23,2,False,8.87,4.7777,202743287.52,4243533238.0,26.96,0,0.1
sh.603115,2025-07-18,19.64,17.85,3,False,8.85,10.7038,501066340.36,4681200512.0,39.79,0,0.1
sh.603115,2025-08-19,18.9,17.18,1,False,-0.47,7.752,339760096.98,4382870188.0,1.89,0,0.1
sh.603116,2025-07-25,6.96,6.33,1,False,0.16,5.7893,223159943.89,3854696490.0,18.37,0,0.1
sh.603119,2025-07-16,49.7,45.18,1,False,3.85,14.5757,1445101625.7,9914457801.0,15.02,0,0.1
sh.603119,2025-08-04,60.06,54.6,1,False,-0.18,10.521,1250418006.21,11884972970.0,48.44,0,0.1
sh.603123,2025-08-21,15.37,13.97,1,False,3.29,21.4863,2108950473.3,9815326386.0,15.22,0,0.1
sh.603124,2025-07-01,53.46,48.6,1,False,-0.53,39.4073,577382207.47,1465165610.0,30.58,0,0.1
sh.603124,2025-07-31,55.29,50.26,1,False,1.89,33.9747,523588708.74,1541113560.0,2.37,0,0.1
sh.603124,2025-08-04,59.96,54.51,1,False,1.91,21.3862,364502792.33,1704383165.0,5.54,0,0.1
sh.603124,2025-08-18,73.77,67.06,1,False,4.38,28.858,599641039.57,2077902279.0,43.8,0,0.1
sh.603124,2025-08-25,83.71,76.1,1,False,1.84,20.0442,461256333.31,2301196023.0,64.49,0,0.1
sh.603125,2025-07-01,19.36,17.6,2,False,7.84,21.3815,413543987.44,1934120560.0,31.25,0,0.1
sh.603126,2025-08-11,7.34,6.67,1,False,0.0,7.5017,328716598.58,4381894752.0,7.62,0,0.1
sh.603130,2025-07-03,32.2,29.27,1,False,0.55,10.6732,170922946.0,1601421748.0,13.38,0,0.1
sh.603130,2025-07-10,36.63,33.3,1,False,-0.93,18.5914,326912050.23,1758404694.0,35.97,0,0.1
sh.603130,2025-08-06,38.84,35.31,1,False,0.48,12.4778,235038226.2,1883651174.0,16.64,0,0.1
sh.603130,2025-08-07,42.72,38.84,2,False,2.11,12.9093,274361699.4,2125302684.0,16.63,0,0.1
sh.603139,2025-08-19,25.18,22.89,1,False,-0.57,3.8396,93699463.92,2440344409.0,14.09,0,0.1
sh.603150,2025-08-04,38.4,34.91,1,False,1.26,15.6748,497593860.9,3174482998.0,19.07,0,0.1
sh.603151,2025-07-03,21.48,19.53,1,False,1.18,9.3825,160046576.6,1705798845.0,25.47,0,0.1
sh.603151,2025-07-21,24.59,22.35,1,False,0.54,6.7291,131325733.17,1951609178.0,21.25,0,0.1
sh.603153,2025-08-15,20.42,18.56,1,False,-0.05,7.7001,204433337.78,2654943933.0,13.76,0,0.1
sh.603155,2025-08-14,18.32,16.65,1,False,0.0,8.1863,445237906.86,5438817376.0,14.57,0,0.1
sh.603158,2025-08-14,10.23,9.3,1,False,7.53,14.317,713579961.49,4984144454.0,23.55,0,0.1
sh.603158,2025-08-15,11.25,10.23,2,False,8.6,32.4525,1761795536.71,5428843808.0,36.53,0,0.1
sh.603158,2025-08-19,12.85,11.68,1,False,8.05,7.0614,442763628.45,6270196115.0,54.82,0,0.1
sh.603158,2025-08-20,14.14,12.85,2,False,8.09,23.8045,1617610378.5,6795397419.0,71.39,0,0.1
sh.603158,2025-08-26,15.07,13.7,1,False,4.23,27.8142,2024247628.6,7277748879.0,82.45,0,0.1
sh.603159,2025-08-20,22.39,20.35,1,False,0.0,7.2438,221685551.2,3060348867.0,26.71,0,0.1
sh.603161,2025-08-26,15.53,14.12,1,False,0.57,8.1153,236304712.52,2911841984.0,20.39,0,0.1
sh.603163,2025-08-01,32.23,29.3,1,False,-0.17,7.1635,78816494.75,1100251201.0,14.86,0,0.1
sh.603163,2025-08-07,35.48,32.25,1,False,0.03,21.5833,255303858.69,1182876848.0,23.8,0,0.1
sh.603163,2025-08-25,38.83,35.3,1,False,7.65,22.8571,309555115.87,1354306171.0,29.52,0,0.1
sh.603165,2025-07-21,12.8,11.64,1,False,4.81,4.7827,164075615.18,3430606460.0,15.94,0,0.1
sh.603166,2025-07-16,17.26,15.69,1,False,0.06,9.4484,1009733924.64,10686824485.0,11.72,0,0.1
sh.603171,2025-07-15,43.54,39.58,1,False,-0.15,1.915,320626794.15,16742913533.0,9.64,0,0.1
sh.603171,2025-08-22,60.01,54.55,1,False,0.62,1.7188,398540612.72,23187142932.0,17.9,0,0.1
sh.603173,2025-07-31,45.39,41.26,1,False,0.0,14.2307,307409546.05,2160185697.0,27.36,0,0.1
sh.603176,2025-07-11,5.59,5.08,1,False,0.0,5.955,151252379.65,2539922412.0,17.93,0,0.1
sh.603176,2025-07-14,6.15,5.59,2,True,10.02,1.0902,30961560.0,2839988993.0,27.33,0,0.1
sh.603176,2025-07-15,6.77,6.15,3,True,10.08,1.5051,47053192.5,3126250249.0,41.93,0,0.1
sh.603176,2025-07-18,6.3,5.73,1,False,-2.09,17.278,474034108.83,2743570487.0,36.66,0,0.1
sh.603176,2025-07-21,6.93,6.3,2,False,0.0,18.7348,569012733.79,3037196734.0,48.39,0,0.1
sh.603176,2025-07-24,7.04,6.4,1,False,-2.34,12.4978,387267002.65,3098681389.0,48.52,0,0.1
sh.603176,2025-07-25,7.74,7.04,2,False,3.27,20.0307,669736025.86,3343547783.0,62.61,0,0.1
sh.603176,2025-08-05,6.84,6.22,1,False,4.02,7.939,249219750.86,3139183157.0,36.25,0,0.1
sh.603176,2025-08-08,7.33,6.66,1,False,0.9,5.0074,167125211.0,3337564624.0,31.13,0,0.1
sh.603177,2025-08-26,10.89,9.9,1,False,0.0,5.6747,123067066.69,2168697318.0,14.75,0,0.1
sh.603177,2025-08-27,11.98,10.89,2,True,10.01,3.5944,87927210.0,2446227743.0,27.58,0,0.1
sh.603177,2025-08-28,13.18,11.98,3,True,10.02,1.7906,48188716.0,2691204959.0,41.57,0,0.1
sh.603177,2025-08-29,14.5,13.18,4,True,10.02,3.2156,95208363.0,2960827311.0,52.63,0,0.1
sh.603179,2025-08-05,46.2,42.0,1,False,10.0,2.8671,645481864.2,22513406027.0,4.05,0,0.1
sh.603181,2025-08-05,15.04,13.67,1,False,0.29,8.0121,703342123.93,8778499069.0,14.11,0,0.1
sh.603181,2025-08-26,17.23,15.66,1,False,-1.02,5.5902,535075616.01,9571672141.0,32.23,0,0.1
sh.603181,2025-08-27,18.95,17.23,2,False,3.42,8.3402,910757197.45,10920088217.0,44.66,0,0.1
sh.603185,2025-07-08,16.39,14.9,1,False,-0.34,5.118,554874061.55,10841619022.0,14.7,0,0.1
sh.603185,2025-07-10,19.31,17.55,1,False,0.0,10.9983,1398896752.79,12719208903.0,36.95,0,0.1
sh.603185,2025-08-18,21.01,19.1,1,False,1.52,7.1014,984640889.48,13865447510.0,9.14,0,0.1
sh.603186,2025-08-11,35.07,31.88,1,False,0.69,5.8383,285040899.0,4882258517.0,10.28,0,0.1
sh.603186,2025-08-19,43.21,39.28,1,False,4.2,5.0209,302874502.77,6032275145.0,41.21,0,0.1
sh.603191,2025-07-22,15.33,13.94,1,False,1.65,9.4345,456599491.22,4839678745.0,24.53,0,0.1
sh.603192,2025-08-18,24.95,22.68,1,False,1.5,4.1248,139498192.5,3381938336.0,14.34,0,0.1
sh.603192,2025-08-19,27.45,24.95,2,False,0.04,10.8899,395903170.1,3635507857.0,27.08,0,0.1
sh.603193,2025-07-23,32.59,29.63,1,False,1.75,20.4872,666613276.82,3253803725.0,-0.79,0,0.1
sh.603196,2025-07-18,19.24,17.49,1,False,0.06,3.772,167177305.4,4432060058.0,31.69,0,0.1
sh.603196,2025-08-13,22.13,20.12,1,False,-0.35,4.3498,221528156.69,5092835457.0,27.92,0,0.1
sh.603200,2025-08-04,68.74,62.49,1,False,-1.46,7.2282,836838318.38,11577409568.0,34.84,0,0.1
sh.603200,2025-08-25,74.79,67.99,1,False,0.99,8.8481,1129886613.17,12769821918.0,16.59,0,0.1
sh.603203,2025-07-01,27.36,24.87,1,False,1.73,4.3568,291996789.21,6702093032.0,17.63,0,0.1
sh.603207,2025-07-08,33.78,30.71,1,False,0.55,15.8127,211528001.7,1337709573.0,15.61,0,0.1
sh.603211,2025-08-18,21.34,19.4,1,False,5.15,4.2712,246753431.0,5777145322.0,15.79,0,0.1
sh.603212,2025-07-02,14.16,12.87,1,False,-0.08,19.0919,1109170025.7,5809636682.0,47.96,0,0.1
sh.603213,2025-08-19,15.29,13.9,1,False,-0.14,3.7232,243165388.54,6531085855.0,0.59,0,0.1
sh.603216,2025-08-11,14.87,13.52,1,False,0.22,2.384,77704341.53,3259410299.0,17.36,0,0.1
sh.603216,2025-08-28,15.72,14.29,1,False,3.08,3.6973,127604902.35,3451299661.0,24.17,0,0.1
sh.603219,2025-08-19,20.68,18.8,1,False,1.86,5.2245,588199616.0,11258486286.0,37.41,0,0.1
sh.603219,2025-08-27,22.48,20.44,1,False,0.29,3.2549,394002005.16,12104888174.0,50.27,0,0.1
sh.603221,2025-08-13,12.66,11.51,1,False,0.26,4.7832,144048647.0,3011553918.0,12.83,0,0.1
sh.603221,2025-08-14,13.93,12.66,2,True,10.03,0.8951,30208765.16,3374903939.0,24.26,0,0.1
sh.603221,2025-08-15,15.32,13.93,3,True,9.98,1.8267,67799854.96,3711603162.0,34.86,0,0.1
sh.603221,2025-08-18,16.85,15.32,4,True,9.99,0.6492,26500079.25,4081959219.0,45.51,0,0.1
sh.603222,2025-08-14,8.1,7.36,1,False,-0.95,17.9924,742326381.26,4125777446.0,17.9,0,0.1
sh.603222,2025-08-15,8.91,8.1,2,False,1.23,19.3,873274932.24,4524740582.0,27.29,0,0.1
sh.603222,2025-08-18,9.8,8.91,3,False,7.52,4.2864,217902478.8,5083577800.0,37.64,0,0.1
sh.603222,2025-08-19,10.78,9.8,4,False,10.0,8.67,486803050.02,5614798731.0,53.34,0,0.1
sh.603222,2025-08-20,11.86,10.78,5,False,-5.19,31.3073,1827833085.59,5838360656.0,69.91,0,0.1
sh.603222,2025-08-27,10.04,9.13,1,False,1.86,22.1995,1118073707.25,5036481485.0,42.01,0,0.1
sh.603222,2025-08-28,11.04,10.04,2,False,-3.39,24.1865,1324806846.9,5477464068.0,59.54,0,0.1
sh.603226,2025-07-25,17.04,15.49,1,False,0.0,2.9638,173225872.82,5844722074.0,35.24,0,0.1
sh.603227,2025-07-21,9.04,8.22,1,False,6.69,9.6194,833392104.73,8663659945.0,9.71,0,0.1
sh.603227,2025-08-22,9.79,8.9,1,False,1.12,10.9906,1027612715.15,9349923709.0,13.18,0,0.1
sh.603228,2025-07-08,50.55,45.95,1,False,0.17,5.6978,2603808569.75,45698490115.0,51.98,0,0.1
sh.603228,2025-08-25,59.6,54.18,1,False,4.84,6.3496,3429516292.35,54011532889.0,-5.67,0,0.1
sh.603229,2025-07-29,10.54,9.58,1,False,0.42,5.788,492824395.93,8514588734.0,18.29,0,0.1
sh.603229,2025-07-31,11.61,10.55,1,False,-0.28,13.2727,1252608184.76,9437478318.0,26.33,0,0.1
sh.603231,2025-08-29,19.59,17.81,1,False,0.51,18.3554,366745290.47,1998023963.0,14.09,0,0.1
sh.603238,2025-07-28,19.45,17.68,1,False,-0.45,4.8915,162821693.25,3328665915.0,10.89,0,0.1
sh.603256,2025-07-01,16.3,14.82,1,False,0.81,2.0831,289328170.78,13889307800.0,43.87,0,0.1
sh.603256,2025-07-03,17.62,16.02,1,False,-0.5,3.6522,539864853.9,14781908272.0,40.06,0,0.1
sh.603256,2025-07-07,20.25,18.41,1,False,-0.27,5.816,1007665718.2,17325751688.0,71.9,0,0.1
sh.603256,2025-07-08,22.28,20.25,2,False,-1.48,4.4822,844354004.84,18837936835.0,91.57,0,0.1
sh.603256,2025-07-28,23.33,21.21,1,False,0.47,5.5545,1084566757.45,19525911557.0,57.42,0,0.1
sh.603256,2025-07-31,23.54,21.4,1,False,4.67,6.2916,1292455837.0,20542562099.0,33.6,0,0.1
sh.603256,2025-08-01,25.89,23.54,2,False,-2.72,2.8012,614691067.0,21943847887.0,40.63,0,0.1
sh.603256,2025-08-06,26.69,24.26,1,False,0.0,5.7458,1261453556.4,21954358947.0,9.03,0,0.1
sh.603256,2025-08-13,27.15,24.68,1,False,1.58,4.0116,924997326.3,23058064770.0,33.74,0,0.1
sh.603256,2025-08-14,29.87,27.15,2,False,8.18,2.6644,696694244.1,26148260175.0,43.19,0,0.1
sh.603256,2025-08-15,32.86,29.87,3,False,1.74,2.3086,650418838.4,28173734662.0,50.11,0,0.1
sh.603256,2025-08-22,40.5,36.82,1,False,0.0,1.6064,557716465.0,34718405441.0,90.95,0,0.1
sh.603256,2025-08-28,44.89,40.81,1,False,2.92,4.816,1816911262.0,37726562749.0,90.7,0,0.1
sh.603259,2025-07-11,77.15,70.14,1,False,4.79,3.2639,6187525899.9,189574616254.0,13.01,0,0.1
sh.603261,2025-08-18,22.12,21.07,1,False,0.43,2.0406,34863556.0,1708495345.0,8.43,1,0.1
sh.603266,2025-07-16,20.35,18.5,1,False,0.81,10.6435,415581448.2,3904556285.0,11.14,0,0.1
sh.603266,2025-07-24,22.74,20.67,1,False,0.53,4.0453,180057755.6,4451035908.0,19.12,0,0.1
sh.603268,2025-07-07,42.21,40.2,1,False,0.02,1.405,72484792.4,5159059957.0,7.57,1,0.1
sh.603268,2025-07-14,46.2,44.0,1,False,-0.23,1.9968,113562989.0,5687249048.0,20.41,1,0.1
sh.603268,2025-07-15,48.51,46.2,2,False,-0.45,1.8523,110625805.15,5972348170.0,27.26,1,0.1
sh.603268,2025-08-08,52.36,49.87,1,False,0.26,1.8328,117773533.8,6425880282.0,19.0,1,0.1
sh.603268,2025-08-18,54.0,51.43,1,False,0.04,1.5349,101811719.6,6633117441.0,18.03,1,0.1
sh.603268,2025-08-19,56.7,54.0,2,False,2.39,2.1773,151738166.4,6969097800.0,24.83,1,0.1
sh.603273,2025-07-31,21.09,19.17,1,False,-0.89,38.8821,455236560.54,1170812689.0,21.35,0,0.1
sh.603273,2025-08-13,21.8,19.82,1,False,2.57,33.8751,404714050.65,1194724298.0,21.65,0,0.1
sh.603275,2025-07-21,61.67,56.06,1,False,2.57,11.6367,294070132.21,2527092150.0,58.09,0,0.1
sh.603280,2025-07-02,27.76,25.24,1,False,1.66,54.6729,417405481.03,763459559.0,12.16,0,0.1
sh.603280,2025-07-21,28.72,26.11,1,False,3.37,47.7505,370118123.5,775108373.0,20.22,0,0.1
sh.603280,2025-07-22,31.59,28.72,2,False,4.74,32.8016,281476050.73,858116832.0,27.43,0,0.1
sh.603280,2025-07-23,34.75,31.59,3,False,8.71,64.7606,622766782.38,961644553.0,40.75,0,0.1
sh.603280,2025-07-24,38.23,34.75,4,False,0.0,29.8456,310545299.77,1040506137.0,55.34,0,0.1
sh.603280,2025-07-28,41.22,37.47,1,False,6.75,46.0609,524754025.68,1139261338.0,63.64,0,0.1
sh.603280,2025-07-29,45.34,41.22,2,False,2.98,47.7713,587967457.0,1230796434.0,79.64,0,0.1
sh.603280,2025-07-30,49.87,45.34,3,False,1.46,47.5921,636018092.27,1336394259.0,79.65,0,0.1
sh.603280,2025-07-31,54.86,49.87,4,False,4.27,29.4847,443223785.36,1503233153.0,103.94,0,0.1
sh.603280,2025-08-14,59.4,54.0,1,False,-2.59,38.2915,606180961.06,1583069248.0,130.59,0,0.1
sh.603282,2025-07-29,19.75,17.95,1,False,0.28,5.7514,71275795.8,1239277320.0,16.04,0,0.1
sh.603286,2025-08-01,30.77,27.97,1,False,1.89,18.4068,647013411.19,3515078184.0,6.73,0,0.1
sh.603286,2025-08-04,33.85,30.77,2,False,0.13,21.1672,790417395.2,3734161321.0,20.94,0,0.1
sh.603290,2025-08-07,94.2,85.64,1,False,0.0,8.4693,1862609937.23,21992489783.0,14.98,0,0.1
sh.603290,2025-08-28,108.04,98.22,1,False,4.56,8.0486,2057427132.41,25562546684.0,25.99,0,0.1
sh.603308,2025-07-17,27.59,25.08,1,False,0.68,3.3039,601770710.22,18213950489.0,26.91,0,0.1
sh.603310,2025-08-06,20.57,18.7,1,False,2.03,27.4362,376433307.58,1372031504.0,10.18,0,0.1
sh.603316,2025-07-01,9.89,8.99,4,True,10.01,2.9783,77838799.95,2613531207.0,46.3,0,0.1
sh.603316,2025-07-02,10.88,9.89,5,False,9.71,28.5368,817728004.62,2865521028.0,58.6,0,0.1
sh.603316,2025-07-03,11.97,10.88,6,False,2.02,35.3476,1050670835.31,2972396529.0,75.51,0,0.1
sh.603316,2025-08-29,9.54,8.67,1,False,-0.92,6.7479,167075624.79,2475964741.0,13.03,0,0.1
sh.603319,2025-08-08,32.66,29.69,1,False,-0.3,11.9993,1270577934.45,10588767132.0,39.75,0,0.1
sh.603320,2025-08-18,21.38,19.44,1,False,0.62,3.1931,98508776.39,3085051404.0,14.27,0,0.1
sh.603321,2025-07-16,8.83,8.03,1,False,0.37,1.8121,47725236.0,2633697699.0,16.64,0,0.1
sh.603325,2025-07-11,98.88,89.89,1,False,4.44,8.4034,231639579.99,2756498322.0,8.55,0,0.1
sh.603327,2025-07-08,10.04,9.13,1,False,0.99,2.9221,289635534.3,9911896728.0,-12.54,0,0.1
sh.603332,2025-08-20,15.83,14.39,1,False,0.07,15.6098,514984988.44,3299113303.0,9.47,0,0.1
sh.603333,2025-07-02,8.43,7.66,1,False,1.04,11.4787,573738863.13,4998291297.0,-6.33,0,0.1
sh.603335,2025-07-24,5.54,5.04,1,False,0.2,4.6241,108857306.9,2354129601.0,13.06,0,0.1
sh.603336,2025-07-24,7.72,7.02,1,False,-0.14,4.8706,204763328.67,4204067849.0,28.45,0,0.1
sh.603336,2025-08-19,9.17,8.34,1,False,0.0,6.2077,317354995.85,5112279844.0,24.25,0,0.1
sh.603337,2025-08-13,51.76,47.05,1,False,-0.53,1.352,320342871.23,23693999351.0,34.9,0,0.1
sh.603339,2025-08-18,14.58,13.25,1,False,0.68,6.1155,268763309.15,4394788801.0,15.35,0,0.1
sh.603339,2025-08-19,16.04,14.58,2,False,4.25,13.427,637795176.02,4750094407.0,27.3,0,0.1
sh.603350,2025-07-14,39.67,36.06,1,False,-0.17,15.9529,270435502.37,1695212171.0,12.54,0,0.1
sh.603350,2025-08-14,43.87,39.88,1,False,-0.25,16.9699,318611597.73,1877510166.0,11.83,0,0.1
sh.603351,2025-07-03,30.31,27.55,1,False,3.74,2.6877,107646798.95,4005164228.0,7.25,0,0.1
sh.603360,2025-08-26,23.16,21.05,1,False,0.71,4.5454,717567835.6,15786681823.0,14.2,0,0.1
sh.603363,2025-08-26,4.15,3.77,1,False,0.53,4.9127,318129677.67,6475658552.0,8.07,0,0.1
sh.603363,2025-08-27,4.57,4.15,2,False,5.06,9.7246,700617810.51,7204592585.0,19.01,0,0.1
sh.603366,2025-08-20,10.76,9.78,1,False,-0.2,9.105,772354728.65,8482753747.0,10.02,0,0.1
sh.603367,2025-07-21,18.03,16.39,1,False,0.55,11.2461,906478388.95,8060379945.0,28.24,0,0.1
sh.603367,2025-07-22,19.83,18.03,2,False,0.0,15.0207,1302291739.06,8669980354.0,41.04,0,0.1
sh.603367,2025-07-28,23.57,21.43,1,False,-3.41,6.4062,652690073.28,10188412371.0,68.12,0,0.1
sh.603367,2025-07-29,25.93,23.57,2,False,6.07,3.5347,412961616.33,11683073990.0,82.09,0,0.1
sh.603367,2025-07-30,28.52,25.93,3,False,9.99,6.0379,776534787.4,12861007758.0,93.75,0,0.1
sh.603373,2025-07-21,49.76,45.24,1,False,-0.91,6.4232,140032495.84,2180104867.0,7.8,0,0.1
sh.603373,2025-08-15,52.2,47.45,1,False,-0.93,8.8895,201086682.02,2262069655.0,15.38,0,0.1
sh.603375,2025-07-21,41.62,37.84,1,False,9.14,10.7112,240132796.54,2241885097.0,13.59,0,0.1
sh.603377,2025-08-19,3.1,2.95,1,True,5.08,0.0632,1401671.2,2217834177.0,5.08,1,0.1
sh.603377,2025-08-20,3.26,3.1,2,True,5.16,0.0681,1588076.4,2331977093.0,10.51,1,0.1
sh.603377,2025-08-21,3.42,3.26,3,True,4.91,0.0277,676886.4,2443633213.0,15.93,1,0.1
sh.603377,2025-08-22,3.59,3.42,4,True,4.97,0.0392,1006133.4,2566666837.0,21.69,1,0.1
sh.603377,2025-08-25,3.77,3.59,5,True,5.01,0.0328,885075.36,2698400488.0,27.8,1,0.1
sh.603377,2025-08-26,3.96,3.77,6,False,5.04,3.3061,93592695.24,2830909387.0,34.24,1,0.1
sh.603379,2025-08-25,60.63,55.12,1,False,2.0,3.7823,1376977878.9,36405834516.0,32.67,0,0.1
sh.603380,2025-07-14,28.99,26.35,1,False,0.19,2.4605,111461893.0,4530050518.0,23.99,0,0.1
sh.603380,2025-08-05,33.11,30.1,1,False,1.99,5.7598,304385897.0,5284660874.0,21.1,0,0.1
sh.603380,2025-08-15,40.1,36.45,1,False,1.51,4.837,301562455.6,6234493603.0,39.04,0,0.1
sh.603381,2025-08-29,25.3,23.0,1,False,4.17,16.7136,581910513.9,3481658732.0,18.39,0,0.1
sh.603382,2025-08-26,35.94,32.67,1,False,0.0,23.6816,293339569.82,1238681381.0,14.24,0,0.1
sh.603382,2025-08-27,39.53,35.94,2,False,3.51,59.7649,800287641.03,1339059617.0,26.42,0,0.1
sh.603386,2025-07-28,14.84,13.49,1,False,1.78,4.6484,222010833.48,4776069905.0,17.31,0,0.1
sh.603389,2025-07-04,17.84,16.99,1,False,4.18,1.4582,68111607.97,4670937318.0,59.43,1,0.1
sh.603389,2025-07-07,18.73,17.84,2,True,4.99,0.2705,13310287.2,4920623734.0,59.54,1,0.1
sh.603389,2025-07-09,18.68,17.79,1,False,0.11,4.0802,198509901.6,4865200274.0,44.25,1,0.1
sh.603389,2025-07-11,19.61,18.68,1,True,4.98,0.4811,24788608.8,5152485720.0,51.43,1,0.1
sh.603389,2025-07-14,20.59,19.61,2,False,5.0,2.2319,118558315.2,5311990466.0,59.0,1,0.1
sh.603389,2025-07-15,21.62,20.59,3,False,1.99,2.2852,127764331.72,5590947476.0,58.97,1,0.1
sh.603389,2025-07-21,22.7,21.62,1,True,5.0,0.3501,20881276.0,5964374750.0,54.63,1,0.1
sh.603389,2025-07-22,23.84,22.7,2,False,5.02,1.6078,100411770.4,6245289862.0,54.7,1,0.1
sh.603389,2025-07-23,25.03,23.84,3,False,-4.99,2.4476,155957139.85,6371839347.0,54.7,1,0.1
sh.603389,2025-07-30,21.48,20.46,1,False,-3.18,1.812,98240025.16,5421634943.0,26.43,1,0.1
sh.603389,2025-07-31,22.55,21.48,2,True,4.98,0.0875,5182441.0,5922789714.0,32.73,1,0.1
sh.603389,2025-08-01,23.68,22.55,3,True,5.01,0.1686,10487872.0,6220564650.0,32.74,1,0.1
sh.603389,2025-08-04,24.86,23.68,4,True,4.98,0.0606,3959700.8,6534159736.0,32.73,1,0.1
sh.603389,2025-08-05,26.1,24.86,5,True,4.99,0.1169,8015832.0,6856999145.0,46.71,1,0.1
sh.603389,2025-08-21,28.77,27.4,1,True,5.0,0.2795,21125436.99,7558295882.0,20.88,1,0.1
sh.603389,2025-08-26,27.29,25.99,1,False,3.89,0.5898,42017129.0,7123962191.0,33.38,1,0.1
sh.603395,2025-08-28,39.16,35.6,1,False,0.03,38.4338,787534795.71,2049068257.0,17.11,0,0.1
sh.603398,2025-07-02,5.87,5.59,1,False,2.33,7.7053,194114425.58,2519232549.0,14.42,1,0.1
sh.603398,2025-08-07,5.71,5.44,1,False,0.37,9.7882,239750241.62,2449380291.0,6.93,1,0.1
sh.603398,2025-08-25,5.5,5.24,1,False,4.01,5.3838,127399018.08,2366340096.0,17.27,1,0.1
sh.603398,2025-08-26,5.78,5.5,2,False,3.45,3.7991,94619122.6,2490566782.0,21.68,1,0.1
sh.603398,2025-08-28,5.92,5.64,1,False,4.96,2.8762,73830206.2,2566935756.0,17.93,1,0.1
sh.603398,2025-08-29,6.22,5.92,2,True,5.07,0.4327,11672016.6,2697484770.0,18.25,1,0.1
sh.603399,2025-07-14,10.35,9.41,1,False,3.51,3.5317,186670744.52,5285577612.0,19.52,0,0.1
sh.603399,2025-07-24,10.76,9.78,1,False,-0.72,11.91,636738387.8,5346250107.0,16.7,0,0.1
sh.603400,2025-08-05,60.5,55.0,1,False,0.18,39.0233,445798478.63,1142390517.0,13.49,0,0.1
sh.603429,2025-07-08,10.19,9.26,1,False,0.43,4.1678,216933784.65,5204995073.0,12.72,0,0.1
sh.603439,2025-07-10,13.02,11.84,1,False,-0.25,7.8639,402083222.8,5113025634.0,7.34,0,0.1
sh.603444,2025-08-20,421.19,382.9,1,False,4.47,4.0124,1196866418.49,29829189973.0,30.38,0,0.1
sh.603456,2025-07-29,19.68,17.89,1,False,1.57,12.535,2146209576.86,17121735755.0,29.05,0,0.1
sh.603486,2025-07-14,64.03,58.21,1,False,4.79,1.6985,607628572.02,35774422845.0,19.24,0,0.1
sh.603486,2025-07-15,70.43,64.03,2,False,1.83,4.7145,1825738967.44,38726036005.0,30.16,0,0.1
sh.603488,2025-07-07,8.75,7.95,1,False,0.75,2.9607,74058267.0,2501376938.0,9.1,0,0.1
sh.603496,2025-07-18,28.34,25.76,1,False,0.31,16.1105,1416030415.48,8789487697.0,17.64,0,0.1
sh.603500,2025-08-08,10.86,9.87,1,False,-0.2,7.5895,266716318.14,3514280495.0,18.43,0,0.1
sh.603508,2025-08-06,32.78,29.8,1,False,5.54,2.9798,367891266.24,12346173107.0,15.26,0,0.1
sh.603516,2025-07-21,49.83,45.3,1,False,-0.86,8.9491,888204692.22,9925072825.0,46.69,0,0.1
sh.603516,2025-07-31,60.48,54.98,1,False,2.56,11.9018,1446123054.42,12150456691.0,72.5,0,0.1
sh.603516,2025-08-01,66.53,60.48,2,False,4.98,10.5715,1375434072.77,13010774940.0,87.94,0,0.1
sh.603516,2025-08-05,72.66,66.05,1,False,1.6,9.0391,1284154370.01,14206661836.0,100.72,0,0.1
sh.603516,2025-08-07,86.8,78.91,1,False,0.49,5.5687,952019100.78,17095894927.0,129.87,0,0.1
sh.603516,2025-08-13,102.3,93.0,1,False,0.12,5.3864,1085694237.37,20156212635.0,142.47,0,0.1
sh.603516,2025-08-18,126.69,115.17,1,False,1.85,6.0759,1530390917.99,25187888510.0,154.24,0,0.1
sh.603518,2025-08-07,10.84,9.85,1,False,-0.1,10.854,392048021.42,3612014201.0,10.39,0,0.1
sh.603520,2025-08-19,12.16,11.05,1,False,0.0,5.2061,269231836.81,5171468793.0,18.87,0,0.1
sh.603528,2025-07-25,8.95,8.14,1,False,0.0,8.3601,517900122.25,6194903437.0,9.68,0,0.1
sh.603528,2025-08-13,9.83,8.94,1,False,8.28,7.3437,497055922.81,6768467160.0,22.26,0,0.1
sh.603530,2025-07-30,29.23,26.57,1,False,2.97,1.5504,189178354.2,12201906231.0,11.91,0,0.1
sh.603538,2025-07-02,23.18,21.07,1,False,1.19,24.633,1203328103.59,4885024575.0,49.26,0,0.1
sh.603538,2025-07-03,25.5,23.18,2,False,-0.65,18.9941,983087882.54,5175753958.0,67.1,0,0.1
sh.603538,2025-08-08,26.07,23.7,1,False,0.84,23.8766,1307527841.49,5476189413.0,12.95,0,0.1
sh.603538,2025-08-11,28.68,26.07,2,False,3.53,23.8942,1426271015.67,5969109724.0,25.13,0,0.1
sh.603579,2025-07-25,29.77,27.06,1,False,-0.07,6.3359,322588565.56,5091440294.0,20.14,0,0.1
sh.603579,2025-08-11,40.49,36.81,1,False,0.49,5.7565,402311287.72,6988817645.0,47.02,0,0.1
sh.603579,2025-08-13,43.26,39.33,1,False,-0.84,10.1816,756863939.74,7433644415.0,50.05,0,0.1
sh.603583,2025-08-29,42.81,38.92,1,False,5.01,8.6371,1385065860.17,16036237396.0,13.77,0,0.1
sh.603585,2025-07-03,21.32,19.38,1,False,-0.41,8.2957,310862965.48,3747278295.0,23.02,0,0.1
sh.603586,2025-08-20,21.95,19.95,1,False,-0.25,5.7739,238980156.6,4138972906.0,23.94,0,0.1
sh.603590,2025-07-10,40.68,36.98,1,False,3.54,4.592,292648724.36,6373012290.0,20.46,0,0.1
sh.603590,2025-07-14,48.3,43.91,1,False,2.48,2.9906,223440751.1,7471435535.0,52.37,0,0.1
sh.603590,2025-08-29,56.17,51.06,1,False,-0.55,4.2683,365563050.06,8564605348.0,-11.46,0,0.1
sh.603595,2025-08-26,22.04,20.04,1,False,-0.05,6.5266,324390786.96,4970287546.0,11.26,0,0.1
sh.603595,2025-08-29,23.35,21.23,1,False,-0.99,11.1622,581012493.01,5205179024.0,22.96,0,0.1
sh.603601,2025-07-01,4.47,4.06,2,True,10.1,1.8319,83661132.39,4566904983.0,21.14,0,0.1
sh.603601,2025-07-02,4.92,4.47,3,False,10.07,13.5748,681419648.3,5019739873.0,32.61,0,0.1
sh.603601,2025-07-04,5.06,4.6,1,False,3.91,24.1256,1224470991.39,5075401198.0,37.87,0,0.1
sh.603601,2025-08-15,5.24,4.76,1,False,-0.84,13.3208,685946492.37,5149439166.0,12.69,0,0.1
sh.603601,2025-08-18,5.76,5.24,2,False,8.97,7.4319,431345941.2,5803979348.0,22.55,0,0.1
sh.603601,2025-08-21,6.41,5.83,1,False,0.34,20.7883,1335674687.43,6425127054.0,39.35,0,0.1
sh.603607,2025-08-15,27.35,24.86,1,False,-0.04,9.1748,432270216.12,4711494704.0,12.32,0,0.1
sh.603607,2025-08-27,28.91,26.28,1,False,0.04,18.294,927899848.83,5072153979.0,24.5,0,0.1
sh.603610,2025-08-12,14.4,13.09,1,False,-0.31,14.542,723914606.52,4978095217.0,18.32,0,0.1
sh.603610,2025-08-28,15.6,14.18,1,False,0.07,8.4184,442164743.89,5252360827.0,23.22,0,0.1
sh.603611,2025-08-05,25.85,23.5,1,False,1.62,7.859,519482827.57,6610037251.0,12.83,0,0.1
sh.603612,2025-07-21,21.19,19.26,1,False,1.09,8.6994,885273577.71,10176260176.0,23.77,0,0.1
sh.603612,2025-08-29,26.22,23.84,1,False,0.21,13.0266,1669266316.55,12814290118.0,9.25,0,0.1
sh.603613,2025-08-27,29.13,26.48,1,False,0.45,9.6114,1989647005.37,20700907312.0,20.82,0,0.1
sh.603615,2025-08-27,26.18,23.8,1,False,0.71,6.2042,386243149.1,6225510930.0,13.43,0,0.1
sh.603616,2025-07-21,4.96,4.51,1,False,6.87,8.8413,166187946.64,1879677724.0,12.98,0,0.1
sh.603616,2025-07-22,5.46,4.96,2,False,5.04,14.1472,283415829.2,2003335142.0,20.0,0,0.1
sh.603616,2025-07-23,6.01,5.46,3,False,10.07,22.7961,519476337.64,2278794783.0,30.09,0,0.1
sh.603616,2025-07-24,6.61,6.01,4,False,-2.5,22.237,523638096.4,2354805488.0,44.64,0,0.1
sh.603616,2025-07-28,6.55,5.95,1,False,-5.88,24.1615,570088349.9,2359490718.0,36.74,0,0.1
sh.603616,2025-07-30,7.37,6.7,1,False,-0.6,33.5383,881421312.65,2628103728.0,61.98,0,0.1
sh.603617,2025-07-16,8.04,7.31,1,False,0.55,19.8297,600758544.02,3029589676.0,16.18,0,0.1
sh.603617,2025-07-17,8.84,8.04,2,False,0.12,27.2779,874970992.02,3207618592.0,31.16,0,0.1
sh.603617,2025-08-11,8.65,7.86,1,False,4.96,7.6809,251140428.0,3269674491.0,17.05,0,0.1
sh.603626,2025-08-15,9.47,8.61,1,False,4.99,5.2782,275627708.19,5222001974.0,13.82,0,0.1
sh.603626,2025-08-18,10.42,9.47,2,True,10.03,1.5035,86927808.0,5781696575.0,23.75,0,0.1
sh.603626,2025-08-19,11.46,10.42,3,False,9.98,29.4666,1855983763.0,6298601681.0,32.79,0,0.1
sh.603626,2025-08-20,12.61,11.46,4,True,10.03,2.5,174924759.88,6996990395.0,50.66,0,0.1
sh.603626,2025-08-21,13.87,12.61,5,False,9.99,14.8901,1142189444.89,7670797677.0,62.6,0,0.1
sh.603626,2025-08-22,15.26,13.87,6,False,0.94,34.1827,2843620481.93,8318887864.0,79.32,0,0.1
sh.603628,2025-07-15,14.31,13.01,1,False,0.54,9.6204,367321949.22,3818156721.0,21.48,0,0.1
sh.603630,2025-07-24,22.61,20.55,1,False,2.0,7.7528,381163039.75,4916456503.0,2.08,0,0.1
sh.603630,2025-08-07,24.46,22.24,1,False,-0.27,3.6852,196787347.8,5339936714.0,18.57,0,0.1
sh.603633,2025-08-21,10.81,9.83,1,False,6.61,9.7212,441442098.84,4541024759.0,18.27,0,0.1
sh.603639,2025-07-28,15.75,14.32,1,False,4.75,5.2708,273126342.28,5181876419.0,12.1,0,0.1
sh.603648,2025-08-07,12.39,11.26,1,False,0.18,8.5168,375877270.55,4413362654.0,12.13,0,0.1
sh.603655,2025-08-05,34.32,31.2,1,False,0.64,3.3797,118212943.0,3497734799.0,18.51,0,0.1
sh.603657,2025-08-19,38.7,35.18,1,False,-1.22,3.5174,176653745.9,5022281967.0,25.69,0,0.1
sh.603659,2025-08-29,22.42,20.38,1,False,1.72,3.8439,1780801868.27,46327996781.0,27.39,0,0.1
sh.603667,2025-08-04,37.29,33.9,1,False,-0.8,10.4852,1380857314.23,13169584884.0,16.64,0,0.1
sh.603669,2025-08-25,6.26,5.69,1,False,0.7,3.9075,172348904.21,4410720517.0,1.79,0,0.1
sh.603676,2025-07-03,11.53,10.48,1,False,1.15,1.6255,79860073.0,4912954353.0,2.4,0,0.1
sh.603676,2025-07-04,12.68,11.53,2,False,3.9,3.0803,165410994.76,5369963794.0,12.21,0,0.1
sh.603676,2025-07-08,14.06,12.78,1,False,-4.07,4.5564,265997867.7,5837895437.0,23.66,0,0.1
sh.603680,2025-07-15,12.91,11.74,1,False,9.97,1.8906,189949123.86,10047028661.0,14.35,0,0.1
sh.603685,2025-08-26,18.5,16.82,1,False,-0.83,5.1886,124631964.45,2402034546.0,17.01,0,0.1
sh.603686,2025-08-15,19.71,17.92,1,False,0.45,13.0042,1047801100.95,8057405307.0,15.4,0,0.1
sh.603688,2025-08-15,38.92,35.38,1,False,-0.31,8.7601,1790331019.67,20437335415.0,12.94,0,0.1
sh.603697,2025-08-27,14.52,13.2,1,False,-0.08,5.2907,317782756.64,6006440672.0,19.6,0,0.1
sh.603706,2025-08-12,24.52,22.29,1,False,0.0,8.279,376839922.38,4551756521.0,21.63,0,0.1
sh.603712,2025-08-07,25.31,23.01,1,False,-0.17,7.4297,1394043576.71,18763120674.0,22.98,0,0.1
sh.603716,2025-07-01,15.84,14.4,1,False,0.49,29.8654,892159917.12,2987269272.0,22.03,0,0.1
sh.603716,2025-07-02,17.42,15.84,2,False,2.15,24.0487,782912193.48,3255528130.0,38.69,0,0.1
sh.603716,2025-07-03,19.16,17.42,3,False,3.21,13.4033,478824608.01,3572438191.0,56.54,0,0.1
sh.603716,2025-07-04,21.08,19.16,4,True,10.02,2.611,105137870.2,4026728081.0,73.07,0,0.1
sh.603716,2025-07-10,25.61,23.28,1,False,-1.07,29.402,1404309325.18,4776237416.0,91.84,0,0.1
sh.603716,2025-07-17,23.84,21.67,1,False,3.09,28.3213,1271662967.16,4490129221.0,92.26,0,0.1
sh.603716,2025-07-23,28.47,25.88,1,False,-2.01,28.924,1542437288.31,5332724686.0,109.8,0,0.1
sh.603716,2025-08-11,30.36,27.6,1,False,-0.04,27.1285,1528201732.26,5633196573.0,21.98,0,0.1
sh.603716,2025-08-22,31.52,28.65,1,False,-0.56,32.1572,1861314644.35,5788173860.0,0.96,0,0.1
sh.603716,2025-08-25,34.67,31.52,2,False,1.84,23.6506,1536829554.28,6498057361.0,4.59,0,0.1
sh.603719,2025-07-10,13.71,12.46,1,False,0.4,7.2631,394369323.72,5429765854.0,10.92,0,0.1
sh.603721,2025-07-18,20.54,19.56,1,False,-0.26,5.6094,147473111.0,2629035387.0,9.61,1,0.1
sh.603722,2025-08-21,53.6,48.73,1,False,-0.7,5.055,249558976.2,4936873911.0,30.38,0,0.1
sh.603725,2025-07-25,9.42,8.56,1,False,-0.12,7.0317,187238836.88,2662781929.0,10.18,0,0.1
sh.603726,2025-07-01,17.81,16.19,1,False,1.98,5.1645,168061538.11,3254168615.0,15.05,0,0.1
sh.603726,2025-07-08,18.7,17.0,1,True,10.0,2.194,75491152.0,3440800000.0,18.28,0,0.1
sh.603726,2025-07-09,20.57,18.7,2,False,8.98,11.507,428752665.95,3726016042.0,28.97,0,0.1
sh.603738,2025-07-17,15.55,14.14,1,False,0.42,9.9655,596746413.18,5988123157.0,11.07,0,0.1
sh.603757,2025-07-31,26.13,23.75,1,False,-0.59,6.0609,250247721.6,4128887155.0,15.88,0,0.1
sh.603757,2025-08-11,32.19,29.26,1,False,-0.89,7.5789,379116390.8,5002261421.0,40.51,0,0.1
sh.603757,2025-08-12,35.41,32.19,2,False,5.62,3.7321,216528800.1,5801795239.0,52.24,0,0.1
sh.603757,2025-08-13,38.95,35.41,3,True,10.0,1.1219,71990077.55,6416799853.0,68.11,0,0.1
sh.603757,2025-08-14,42.85,38.95,4,True,10.01,1.8481,130463766.7,7059345636.0,83.04,0,0.1
sh.603757,2025-08-15,47.14,42.85,5,False,4.78,12.6298,966537172.02,7652830385.0,103.36,0,0.1
sh.603757,2025-08-18,51.85,47.14,6,False,9.25,19.556,1618215134.43,8274775693.0,118.96,0,0.1
sh.603757,2025-08-27,57.26,52.05,1,False,0.23,18.8736,1630686254.28,8640038224.0,141.09,0,0.1
sh.603767,2025-07-14,18.85,17.14,1,False,-0.47,14.5971,828727400.4,5677342763.0,24.26,0,0.1
sh.603767,2025-07-30,19.18,17.44,1,False,0.06,10.4335,591336270.2,5667669240.0,19.35,0,0.1
sh.603767,2025-08-01,19.91,18.1,1,False,0.06,10.7756,641366852.56,5952029145.0,21.77,0,0.1
sh.603767,2025-08-04,21.9,19.91,2,False,1.96,4.3724,286129292.58,6543987114.0,31.69,0,0.1
sh.603767,2025-08-05,24.09,21.9,3,False,10.0,4.1173,304438257.2,7394123751.0,44.42,0,0.1
sh.603767,2025-08-06,26.5,24.09,4,False,7.93,8.7918,703984935.29,8007290149.0,51.78,0,0.1
sh.603767,2025-08-07,29.15,26.5,5,False,10.0,2.5649,230435016.4,8984171562.0,67.05,0,0.1
sh.603767,2025-08-13,35.09,31.9,1,False,-3.51,17.4959,1705266455.94,9746663252.0,94.08,0,0.1
sh.603767,2025-08-26,36.93,33.57,1,False,-2.65,8.616,930511691.4,10799810717.0,111.75,0,0.1
sh.603773,2025-07-29,28.27,25.7,1,False,6.23,7.4049,425446697.43,5745475259.0,13.63,0,0.1
sh.603773,2025-08-08,31.13,28.3,1,False,0.71,4.4802,279601334.75,6240822614.0,29.55,0,0.1
sh.603773,2025-08-28,34.32,31.2,1,False,0.06,6.2289,426949240.69,6854328063.0,24.3,0,0.1
sh.603776,2025-07-03,21.48,19.53,1,False,0.26,4.9613,249478271.1,5028485903.0,17.38,0,0.1
sh.603778,2025-07-10,4.54,4.13,1,False,-0.97,24.8828,686860649.37,2760383274.0,40.12,0,0.1
sh.603778,2025-07-11,4.99,4.54,2,False,7.05,23.4959,747199844.53,3180128637.0,57.91,0,0.1
sh.603778,2025-07-14,5.49,4.99,3,False,-1.8,29.0681,957571458.09,3294234773.0,73.19,0,0.1
sh.603789,2025-08-13,5.85,5.57,1,False,3.95,3.8737,58821462.5,1518482652.0,8.33,1,0.1
sh.603789,2025-08-15,6.04,5.75,1,False,1.04,1.9448,30079126.6,1546643696.0,12.48,1,0.1
sh.603798,2025-07-16,12.1,11.0,1,False,0.0,6.4389,194870322.14,3026453620.0,16.68,0,0.1
sh.603798,2025-08-19,13.75,12.5,1,False,0.32,2.6195,89779537.86,3427353994.0,16.62,0,0.1
sh.603800,2025-07-03,27.34,24.85,1,False,0.0,8.4083,466873461.0,5552530963.0,18.77,0,0.1
sh.603800,2025-08-06,37.57,34.15,1,False,2.23,8.6789,655502277.99,7552826718.0,30.77,0,0.1
sh.603800,2025-08-08,42.46,38.6,1,False,4.77,10.9798,944387163.34,8601132656.0,57.61,0,0.1
sh.603800,2025-08-11,46.71,42.46,2,False,1.27,7.8197,733004225.13,9373815174.0,76.13,0,0.1
sh.603800,2025-08-13,54.99,49.99,1,False,0.0,8.7829,967927585.69,11020592124.0,106.19,0,0.1
sh.603800,2025-08-20,53.34,48.49,1,False,0.6,9.9146,1063800163.67,10729632700.0,105.07,0,0.1
sh.603800,2025-08-28,49.72,45.2,1,False,0.04,6.583,648134859.56,9845584985.0,66.62,0,0.1
sh.603801,2025-07-09,10.99,9.99,1,False,-1.9,10.4537,481948516.43,4610315165.0,4.57,0,0.1
sh.603806,2025-07-29,14.69,13.35,1,False,0.0,4.5855,1709832323.05,37287805540.0,13.17,0,0.1
sh.603809,2025-07-16,16.28,14.8,1,False,1.28,10.1277,1374116519.63,13567903074.0,20.41,0,0.1
sh.603811,2025-07-02,10.45,9.5,1,False,7.89,3.3839,114829182.57,3393397635.0,10.12,0,0.1
sh.603811,2025-07-03,11.5,10.45,2,False,3.44,12.3552,448836350.89,3632772848.0,23.52,0,0.1
sh.603811,2025-07-14,11.03,10.03,1,False,6.48,5.0194,180295502.14,3591973187.0,15.5,0,0.1
sh.603811,2025-07-15,12.13,11.03,2,False,2.18,19.9657,768806444.53,3850636063.0,29.04,0,0.1
sh.603811,2025-08-04,13.45,12.23,1,False,4.17,12.952,564432940.52,4357882493.0,33.04,0,0.1
sh.603811,2025-08-08,16.61,15.1,1,False,1.06,18.4718,968511899.53,5243191782.0,65.6,0,0.1
sh.603811,2025-08-19,16.82,15.29,1,False,0.07,9.5409,513996132.04,5387291891.0,42.3,0,0.1
sh.603813,2025-07-08,13.76,13.1,1,False,0.23,2.4404,29803303.0,1221246640.0,-3.17,1,0.1
sh.603813,2025-07-17,15.97,15.21,1,False,0.26,1.6863,24124212.69,1430600290.0,17.43,1,0.1
sh.603813,2025-08-22,16.13,15.36,1,False,2.21,0.554,7999874.0,1444020578.0,0.5,1,0.1
sh.603813,2025-08-25,16.94,16.13,2,True,5.02,0.2942,4482340.94,1523569320.0,3.29,1,0.1
sh.603813,2025-08-27,18.43,17.55,1,False,0.8,2.7299,44048929.52,1613573007.0,15.48,1,0.1
sh.603815,2025-08-25,9.34,8.49,1,False,-0.35,2.8512,161636767.0,5669078528.0,13.49,0,0.1
sh.603822,2025-07-07,57.16,51.96,1,False,1.1,6.1432,261481868.29,4256444008.0,2.69,0,0.1
sh.603822,2025-07-29,64.91,59.01,1,False,1.68,6.2269,298262011.45,4789895637.0,21.24,0,0.1
sh.603823,2025-07-01,14.21,12.92,1,False,0.0,4.5275,256079882.68,5656099010.0,36.63,0,0.1
sh.603823,2025-08-26,15.1,13.73,1,False,-0.07,6.0603,361030248.91,5957299951.0,16.6,0,0.1
sh.603828,2025-08-05,5.05,4.81,1,False,0.0,0.7914,23525874.85,2972690782.0,-2.88,1,0.1
sh.603828,2025-08-26,4.74,4.51,1,False,1.11,0.9199,25226756.28,2742336806.0,-0.84,1,0.1
sh.603838,2025-07-16,6.2,5.9,1,False,-0.34,0.7589,14797404.68,1949849082.0,-3.12,1,0.1
sh.603838,2025-08-07,6.14,5.85,1,False,0.17,1.2385,23761505.0,1918571256.0,3.72,1,0.1
sh.603838,2025-08-13,6.47,6.16,1,False,0.32,1.1947,24290873.0,2033219469.0,4.35,1,0.1
sh.603839,2025-07-29,7.8,7.09,1,False,1.27,2.8705,83775282.4,2918490939.0,5.69,0,0.1
sh.603839,2025-07-30,8.58,7.8,2,False,0.51,5.511,178922139.72,3246636540.0,20.17,0,0.1
sh.603839,2025-07-31,9.44,8.58,3,True,10.02,1.349,49542375.52,3672525984.0,32.03,0,0.1
sh.603843,2025-07-21,2.84,2.7,1,True,5.19,0.483,9597399.44,1987039222.0,-15.22,1,0.1
sh.603843,2025-07-22,2.98,2.84,2,True,4.93,0.1256,2618228.0,2084576433.0,-13.62,1,0.1
sh.603843,2025-07-23,3.13,2.98,3,True,5.03,0.1164,2549009.4,2189870619.0,-13.06,1,0.1
sh.603843,2025-08-20,2.72,2.59,1,False,-0.39,3.1392,58846944.2,1874584104.0,-13.1,1,0.1
sh.603848,2025-07-10,17.49,15.9,1,False,-0.19,3.6923,246467135.01,6675165480.0,17.07,0,0.1
sh.603856,2025-07-10,12.84,11.67,1,False,-0.17,5.4802,179212358.0,3270179154.0,11.36,0,0.1
sh.603856,2025-07-11,14.12,12.84,2,False,6.7,12.1865,437744470.61,3592044234.0,24.51,0,0.1
sh.603859,2025-08-04,42.61,38.74,1,False,1.19,8.227,823097160.22,10004827522.0,33.11,0,0.1
sh.603859,2025-08-26,48.2,43.82,1,False,6.48,2.4746,288778362.48,11669698637.0,30.59,0,0.1
sh.603859,2025-08-27,53.02,48.2,2,True,10.0,5.012,650248997.42,12973842726.0,48.72,0,0.1
sh.603863,2025-07-07,15.07,13.7,1,False,-2.19,11.4404,333923016.06,2918805427.0,1.41,0,0.1
sh.603863,2025-08-01,18.13,16.48,1,False,0.12,11.0715,396444284.0,3580763980.0,32.34,0,0.1
sh.603869,2025-08-04,7.4,7.05,1,False,0.57,0.9393,33881982.25,3607152374.0,4.96,1,0.1
sh.603879,2025-07-22,7.7,7.0,1,False,0.71,4.1325,110949720.9,2684808733.0,26.02,0,0.1
sh.603893,2025-08-27,215.6,196.0,1,False,2.3,3.3959,3013270898.21,88732615749.0,29.92,0,0.1
sh.603893,2025-08-28,237.16,215.6,2,False,4.41,6.897,6728876465.08,97562367190.0,46.4,0,0.1
sh.603895,2025-07-28,29.39,26.72,1,False,0.37,7.4087,231960449.4,3130919721.0,13.26,0,0.1
sh.603897,2025-08-13,27.51,25.01,1,False,0.12,9.4449,519600091.75,5501382669.0,14.34,0,0.1
sh.603900,2025-08-07,10.87,9.88,1,False,-0.71,10.0529,358998997.0,3571098857.0,-3.21,0,0.1
sh.603903,2025-08-15,8.6,7.82,1,False,9.85,6.4408,141194221.44,2192184534.0,8.45,0,0.1
sh.603909,2025-08-20,11.33,10.3,1,False,6.21,7.7319,226623012.46,2931013237.0,11.3,0,0.1
sh.603916,2025-07-21,10.51,9.55,1,True,10.05,0.4438,19604387.08,4417392312.0,20.94,0,0.1
sh.603916,2025-07-22,11.56,10.51,2,True,9.99,0.347,16859104.0,4858531412.0,30.47,0,0.1
sh.603916,2025-07-23,12.72,11.56,3,True,10.03,0.2907,15541817.52,5346342456.0,44.22,0,0.1
sh.603916,2025-07-24,13.99,12.72,4,False,9.98,14.0893,827981655.41,5876669923.0,56.14,0,0.1
sh.603920,2025-08-13,36.99,33.63,1,False,0.09,9.4806,2425457734.97,25583378003.0,22.52,0,0.1
sh.603926,2025-08-06,13.12,11.93,1,False,-0.67,8.7959,259585112.71,2951205820.0,14.29,0,0.1
sh.603926,2025-08-20,14.56,13.24,1,False,1.66,7.8749,255693444.77,3246942117.0,21.13,0,0.1
sh.603928,2025-08-20,17.67,16.06,1,False,1.87,6.0358,274272544.7,4544095972.0,14.96,0,0.1
sh.603929,2025-08-25,38.59,35.08,1,False,3.59,3.2483,260715672.5,8026219022.0,4.33,0,0.1
sh.603929,2025-08-26,42.45,38.59,2,False,5.99,3.6514,328646693.7,9000566733.0,14.82,0,0.1
sh.603936,2025-07-01,10.37,9.43,1,False,2.12,11.6888,756392757.96,6471089915.0,31.43,0,0.1
sh.603936,2025-07-03,10.41,9.46,1,False,9.2,15.5959,1015139090.5,6509012564.0,25.88,0,0.1
sh.603936,2025-07-08,10.69,9.72,1,False,6.69,7.4518,497770515.57,6679869502.0,29.26,0,0.1
sh.603937,2025-07-23,11.45,10.41,1,False,0.38,5.3153,124296958.3,2338474937.0,20.15,0,0.1
sh.603937,2025-08-13,11.98,10.89,1,False,0.18,3.653,89070896.4,2438294454.0,18.61,0,0.1
sh.603948,2025-08-27,24.11,21.92,1,False,-0.73,5.2218,195399761.8,3742000111.0,5.38,0,0.1
sh.603948,2025-08-28,26.52,24.11,2,False,4.94,2.6193,111530797.6,4258038316.0,20.27,0,0.1
sh.603948,2025-08-29,29.17,26.52,3,True,9.99,3.0292,143576198.5,4739739816.0,32.17,0,0.1
sh.603949,2025-07-21,20.44,18.58,1,False,7.53,3.5273,148237919.7,4202588941.0,13.37,0,0.1
sh.603950,2025-07-16,25.81,23.46,1,False,1.45,3.798,312036981.03,8215823618.0,14.61,0,0.1
sh.603950,2025-08-18,26.84,24.4,1,False,4.92,2.5887,223369381.76,8628631427.0,6.59,0,0.1
sh.603950,2025-08-26,31.47,28.61,1,False,0.0,6.3404,635141773.05,10017377027.0,32.45,0,0.1
sh.603955,2025-07-11,33.99,30.9,1,False,0.19,9.0013,402653472.9,4473281336.0,-0.06,0,0.1
sh.603955,2025-08-14,43.35,39.41,1,False,-0.05,6.0243,346052739.35,5744281317.0,29.4,0,0.1
sh.603959,2025-08-07,5.85,5.32,1,False,0.56,9.1037,251590372.4,2763605703.0,-2.17,0,0.1
sh.603966,2025-07-21,10.63,9.66,1,True,10.04,1.1338,47934114.12,4227739824.0,19.71,0,0.1
sh.603966,2025-07-22,11.69,10.63,2,True,9.97,0.584,27150375.7,4649036935.0,30.18,0,0.1
sh.603966,2025-07-23,12.86,11.69,3,False,10.01,10.9515,560137756.0,5114712651.0,39.48,0,0.1
sh.603969,2025-07-22,9.13,8.3,1,False,3.61,17.4124,1300440744.87,7468475023.0,35.26,0,0.1
sh.603976,2025-07-07,20.12,18.29,1,False,0.27,3.0763,92334041.2,3001464135.0,10.73,0,0.1
sh.603976,2025-07-25,21.57,19.61,1,False,-0.05,2.648,84491701.6,3190774230.0,19.11,0,0.1
sh.603977,2025-07-21,13.53,12.3,1,False,5.04,10.6205,865079896.36,8145378244.0,22.67,0,0.1
sh.603978,2025-07-25,18.71,17.01,1,False,0.53,6.4793,246257249.25,3800676759.0,3.77,0,0.1
sh.603986,2025-08-22,150.88,137.16,1,False,-1.49,11.7639,11210984975.63,95299900336.0,23.73,0,0.1
sh.603987,2025-08-26,9.64,8.76,1,False,4.79,10.1484,424543737.07,4183356362.0,14.63,0,0.1
sh.603998,2025-08-20,12.66,11.51,1,False,9.99,25.5913,1390335758.29,5432845374.0,17.77,0,0.1
sh.605003,2025-08-25,27.21,24.74,1,False,0.0,7.7776,226048110.06,2906399276.0,28.23,0,0.1
sh.605006,2025-07-01,7.39,6.72,1,False,-0.45,8.1492,346069090.85,4246663364.0,10.13,0,0.1
sh.605006,2025-07-08,8.59,7.81,1,False,0.13,6.599,325423144.4,4931400885.0,24.49,0,0.1
sh.605006,2025-07-10,9.55,8.68,1,False,-1.84,11.1427,609991595.58,5474360753.0,39.21,0,0.1
sh.605006,2025-08-14,8.23,7.48,1,False,0.94,4.2312,205350413.2,4853242891.0,4.97,0,0.1
sh.605008,2025-08-21,15.95,14.5,1,False,-0.28,1.2451,123361547.3,9907762212.0,7.99,0,0.1
sh.605016,2025-07-02,23.03,20.94,1,False,-1.72,3.0957,287993111.33,9303004533.0,-19.33,0,0.1
sh.605018,2025-07-09,13.45,12.23,1,False,9.98,5.1647,326483428.05,6321440317.0,-0.81,0,0.1
sh.605028,2025-07-07,21.0,19.09,1,False,0.89,3.5863,117376765.0,3272920977.0,19.59,0,0.1
sh.605028,2025-08-19,22.2,20.18,1,False,-0.4,6.9871,236630902.8,3386682641.0,15.62,0,0.1
sh.605028,2025-08-20,24.42,22.2,2,False,10.0,8.9605,332760000.9,3713632062.0,30.73,0,0.1
sh.605028,2025-08-21,26.86,24.42,3,False,3.56,6.1193,256164850.74,4186178987.0,40.48,0,0.1
sh.605028,2025-08-22,29.55,26.86,4,True,10.01,0.8969,42406909.5,4728164734.0,51.15,0,0.1
sh.605033,2025-07-17,21.24,19.31,1,False,0.05,7.0579,201347445.64,2852795387.0,3.61,0,0.1
sh.605033,2025-07-18,23.36,21.24,2,True,9.98,1.4737,46542464.0,3158204791.0,15.59,0,0.1
sh.605033,2025-07-21,25.7,23.36,3,True,10.02,1.1631,40414792.0,3474747829.0,24.94,0,0.1
sh.605033,2025-07-22,28.27,25.7,4,True,10.0,1.0428,39855046.0,3821926160.0,38.17,0,0.1
sh.605033,2025-08-21,23.77,21.61,1,False,0.23,9.0876,282661036.4,3110403587.0,1.93,0,0.1
sh.605055,2025-08-08,8.14,7.4,1,False,0.41,4.1551,145431847.0,3500080552.0,13.06,0,0.1
sh.605058,2025-07-09,31.8,28.91,1,False,1.31,7.7638,341992806.18,4404966720.0,32.72,0,0.1
sh.605068,2025-08-01,19.82,18.02,1,False,-0.28,2.6921,83642478.64,3106960315.0,15.03,0,0.1
sh.605068,2025-08-18,23.22,21.11,1,False,0.81,3.1598,115434733.78,3653229121.0,26.95,0,0.1
sh.605068,2025-08-19,25.54,23.22,2,False,9.99,7.7561,319500174.51,4119340577.0,41.1,0,0.1
sh.605081,2025-07-14,12.76,12.15,1,False,-0.16,2.4763,35358196.56,1427864013.0,-5.06,1,0.1
sh.605088,2025-07-25,42.37,38.52,1,False,0.0,9.828,766805071.48,7802249405.0,15.86,0,0.1
sh.605099,2025-07-07,37.4,34.0,1,False,1.03,2.8592,409087059.0,14307745488.0,-6.92,0,0.1
sh.605099,2025-07-30,38.78,35.25,1,False,-2.13,3.4144,500258398.3,14651429191.0,10.52,0,0.1
sh.605100,2025-08-19,23.78,21.62,1,False,0.46,6.9155,272859449.63,3945621425.0,20.34,0,0.1
sh.605100,2025-08-26,27.1,24.64,1,False,0.41,10.3469,455690087.92,4404121891.0,33.24,0,0.1
sh.605118,2025-07-18,31.13,28.3,1,False,2.47,1.127,140123771.0,12433342591.0,27.58,0,0.1
sh.605118,2025-07-28,34.11,31.01,1,False,1.61,3.0918,423843150.45,13708621206.0,37.37,0,0.1
sh.605118,2025-08-04,35.19,31.99,1,False,-1.28,2.7309,380537962.0,13934525688.0,30.82,0,0.1
sh.605122,2025-07-07,12.96,11.78,1,False,-0.51,3.8042,83698155.0,2200151280.0,5.28,0,0.1
sh.605122,2025-07-08,14.26,12.96,2,True,10.03,1.5017,36908387.96,2457773720.0,18.14,0,0.1
sh.605122,2025-07-09,15.69,14.26,3,True,10.03,2.5482,68910009.3,2704262197.0,30.1,0,0.1
sh.605122,2025-07-10,17.26,15.69,4,True,10.01,1.0216,30390872.94,2974830946.0,45.9,0,0.1
sh.605122,2025-07-11,18.99,17.26,5,False,10.02,22.0288,634864499.33,2881974957.0,65.13,0,0.1
sh.605122,2025-07-21,15.47,14.06,1,False,2.06,12.4066,320258059.61,2581352342.0,36.3,0,0.1
sh.605122,2025-07-22,17.02,15.47,2,False,4.2,11.466,327955693.32,2860245014.0,45.97,0,0.1
sh.605133,2025-07-16,33.18,30.16,1,False,0.0,6.3229,491815674.88,7778324422.0,-16.53,0,0.1
sh.605133,2025-08-22,38.59,35.08,1,False,0.17,5.0622,452424617.42,8937312185.0,15.54,0,0.1
sh.605133,2025-08-29,41.23,37.48,1,False,0.19,4.2985,412831597.8,9604085095.0,30.43,0,0.1
sh.605138,2025-07-30,7.84,7.13,1,True,9.96,0.8208,35752203.2,4355775244.0,15.63,0,0.1
sh.605138,2025-08-26,8.68,7.89,1,False,-0.89,2.3616,111132185.0,4705800517.0,21.74,0,0.1
sh.605138,2025-08-29,8.7,7.91,1,False,1.52,2.76,129750550.2,4701106891.0,19.18,0,0.1
sh.605151,2025-07-01,21.34,19.4,2,True,10.0,0.9323,26771030.0,2871503808.0,14.73,0,0.1
sh.605151,2025-07-02,23.47,21.34,3,True,9.98,1.0479,33092230.6,3157956923.0,25.64,0,0.1
sh.605151,2025-07-16,20.83,18.94,1,False,-0.16,7.2761,196290293.0,2697740452.0,18.89,0,0.1
sh.605158,2025-07-23,9.57,8.7,1,False,0.0,2.9571,142339791.01,4813492645.0,12.99,0,0.1
sh.605162,2025-07-04,8.54,7.76,1,False,0.77,2.1885,73314490.16,3349988127.0,9.91,0,0.1
sh.605162,2025-07-07,9.39,8.54,2,False,9.48,4.2267,158668596.18,3753959263.0,19.92,0,0.1
sh.605162,2025-07-08,10.33,9.39,3,False,10.01,12.7671,521594694.17,4085459456.0,32.95,0,0.1
sh.605162,2025-07-09,11.36,10.33,4,False,0.29,17.9264,767880723.04,4283518850.0,46.58,0,0.1
sh.605169,2025-08-05,12.69,11.54,1,False,0.09,4.6725,162926155.9,3486916124.0,15.68,0,0.1
sh.605169,2025-08-06,13.96,12.69,2,True,10.01,2.0579,81264705.84,3948914225.0,23.54,0,0.1
sh.605169,2025-08-07,15.36,13.96,3,False,0.0,12.6929,496430656.8,3911089324.0,36.78,0,0.1
sh.605169,2025-08-08,16.9,15.36,4,True,10.03,3.7434,178959609.4,4780670230.0,51.43,0,0.1
sh.605169,2025-08-12,17.97,16.34,1,False,2.82,12.945,623408309.22,4815823169.0,64.56,0,0.1
sh.605169,2025-08-13,19.77,17.97,2,False,4.95,9.8048,526448820.89,5369296884.0,79.08,0,0.1
sh.605169,2025-08-15,19.57,17.79,1,False,-4.72,13.3712,683461575.35,5111445310.0,78.07,0,0.1
sh.605178,2025-07-17,22.88,20.8,1,False,0.0,7.2773,158263251.1,2174752327.0,27.96,0,0.1
sh.605178,2025-07-23,27.64,25.13,1,False,-0.2,9.6338,256920868.8,2666869447.0,52.45,0,0.1
sh.605179,2025-08-20,22.91,20.83,1,False,-0.67,6.5754,578253583.0,8794196292.0,13.3,0,0.1
sh.605180,2025-08-08,16.53,15.03,1,False,0.53,2.6103,70614846.96,2705238745.0,17.32,0,0.1
sh.605183,2025-07-22,19.8,18.0,1,False,0.72,2.3684,188464431.76,7957457852.0,14.65,0,0.1
sh.605188,2025-07-17,11.68,10.62,1,False,-0.56,2.8114,163027234.78,5798791875.0,8.75,0,0.1
sh.605188,2025-08-11,12.09,10.99,1,False,0.0,2.5855,152072383.0,5881739818.0,12.15,0,0.1
sh.605188,2025-08-12,13.3,12.09,2,True,10.01,0.8705,58045190.0,6668028719.0,27.39,0,0.1
sh.605188,2025-08-13,14.63,13.3,3,False,10.0,11.7567,845411987.21,7190895296.0,37.76,0,0.1
sh.605188,2025-08-20,13.67,12.43,1,False,-2.01,6.9635,453093718.88,6506695180.0,20.76,0,0.1
sh.605188,2025-08-26,15.28,13.89,1,False,-2.95,7.5545,539956727.8,7147484649.0,39.67,0,0.1
sh.605188,2025-08-27,16.81,15.28,2,False,1.51,5.677,458297337.0,8072878933.0,51.44,0,0.1
sh.605188,2025-08-28,18.49,16.81,3,False,8.69,5.0779,452763871.88,8916360540.0,72.32,0,0.1
sh.605189,2025-08-05,16.4,14.91,1,False,0.0,5.6994,175595658.26,3080949894.0,28.63,0,0.1
sh.605196,2025-08-06,20.31,18.46,1,False,0.16,4.6615,465511479.0,9986302242.0,10.32,0,0.1
sh.605196,2025-08-15,22.43,20.39,1,False,0.1,2.9026,316245876.96,10895262074.0,26.44,0,0.1
sh.605199,2025-07-24,9.54,9.09,1,False,0.55,2.4532,92572146.72,3773526281.0,4.72,1,0.1
sh.605228,2025-08-13,17.5,15.91,1,False,-0.5,4.3957,320619937.49,7293944935.0,37.9,0,0.1
sh.605255,2025-07-16,20.83,18.94,1,False,0.53,6.9513,189942415.2,2732473281.0,3.27,0,0.1
sh.605255,2025-07-21,21.92,19.93,1,False,-0.05,7.1665,201182774.2,2807266786.0,15.37,0,0.1
sh.605255,2025-07-25,24.66,22.42,1,False,0.36,4.6473,151090203.8,3251139453.0,27.57,0,0.1
sh.605255,2025-07-28,27.13,24.66,2,False,-2.64,7.5355,270673455.4,3591977379.0,38.7,0,0.1
sh.605255,2025-08-22,29.3,26.64,1,True,9.98,0.2818,11069540.0,3928154720.0,18.82,0,0.1
sh.605255,2025-08-25,32.23,29.3,2,True,10.0,0.1418,6126923.0,4320820169.0,18.8,0,0.1
sh.605255,2025-08-26,35.45,32.23,3,True,9.99,0.0354,1680330.0,4746694915.0,32.67,0,0.1
sh.605255,2025-08-27,39.0,35.45,4,True,10.01,0.0647,3381300.0,5226120556.0,52.05,0,0.1
sh.605255,2025-08-28,42.9,39.0,5,True,10.0,0.0549,3157440.0,5751256831.0,69.43,0,0.1
sh.605255,2025-08-29,47.19,42.9,6,True,10.0,0.0837,5294718.0,6325827957.0,83.62,0,0.1
sh.605259,2025-07-11,21.87,19.88,1,False,8.15,7.7093,288597391.0,3743496699.0,12.33,0,0.1
sh.605259,2025-07-14,24.06,21.87,2,False,0.73,8.5066,336493222.81,3955672335.0,24.21,0,0.1
sh.605259,2025-07-15,26.47,24.06,3,False,3.08,7.2107,323468478.34,4485951133.0,37.15,0,0.1
sh.605259,2025-07-25,26.07,23.7,1,False,1.22,6.6617,286292700.85,4297592219.0,35.08,0,0.1
sh.605268,2025-07-29,10.68,9.71,1,False,-0.21,3.4204,157265051.16,4597855548.0,8.54,0,0.1
sh.605268,2025-07-30,11.75,10.68,2,True,10.02,0.6763,34783055.0,5143139879.0,22.27,0,0.1
sh.605277,2025-07-03,18.46,16.78,1,False,2.03,10.3494,583091201.41,5634058027.0,18.11,0,0.1
sh.605277,2025-07-07,20.45,18.59,1,False,-0.48,15.7593,957266589.76,6074296382.0,30.42,0,0.1
sh.605277,2025-07-08,22.5,20.45,2,False,9.05,14.6939,1012712321.42,6892059436.0,45.07,0,0.1
sh.605277,2025-07-22,26.19,23.81,1,False,0.38,7.0182,568636002.77,8102305474.0,66.5,0,0.1
sh.605277,2025-07-29,28.88,26.25,1,False,6.67,8.8617,797870613.99,9003584120.0,67.32,0,0.1
sh.605277,2025-08-18,27.49,24.99,1,False,-0.4,13.9246,1151024678.39,8266123827.0,15.46,0,0.1
sh.605288,2025-08-20,64.88,58.98,1,False,0.93,2.6435,117273756.5,4436306280.0,22.28,0,0.1
sh.605288,2025-08-25,71.56,65.05,1,False,7.61,4.1569,207003552.25,4979757806.0,34.49,0,0.1
sh.605288,2025-08-29,78.91,71.74,1,False,3.15,4.2501,233613436.08,5496657398.0,53.37,0,0.1
sh.605289,2025-08-13,43.71,39.74,1,False,3.12,12.4799,583559935.6,4675998490.0,24.07,0,0.1
sh.605298,2025-08-04,16.8,15.27,1,False,-0.33,2.7534,83728016.5,3040895493.0,17.81,0,0.1
sh.605298,2025-08-11,19.68,17.89,1,False,4.97,7.0208,248760300.74,3543190245.0,36.67,0,0.1
sh.605298,2025-08-12,21.65,19.68,2,False,1.63,2.6268,101671271.45,3870537211.0,45.79,0,0.1
sh.605298,2025-08-13,23.82,21.65,3,False,10.02,8.1688,355274504.25,4349163944.0,60.51,0,0.1
sh.605298,2025-08-29,30.65,27.86,1,False,1.15,3.4734,190050321.58,5471593297.0,100.72,0,0.1
sh.605299,2025-07-28,10.18,9.25,1,False,6.27,3.9694,162242415.57,4087328452.0,14.51,0,0.1
sh.605303,2025-08-18,13.68,12.44,1,False,0.16,5.7146,119954467.0,2099087723.0,0.59,0,0.1
sh.605303,2025-08-19,15.05,13.68,2,False,4.46,10.3424,235610204.99,2278099909.0,18.41,0,0.1
sh.605303,2025-08-20,16.56,15.05,3,False,-0.53,15.0889,379617181.6,2515870485.0,30.19,0,0.1
sh.605303,2025-08-21,18.22,16.56,4,False,5.98,10.1729,294834694.96,2898236442.0,42.12,0,0.1
sh.605303,2025-08-22,20.04,18.22,5,True,9.99,1.5121,48857499.96,3231102438.0,56.2,0,0.1
sh.605303,2025-08-25,22.04,20.04,6,True,9.98,0.9391,33372196.6,3553636098.0,71.92,0,0.1
sh.605303,2025-08-26,24.24,22.04,7,False,0.73,29.3634,1002315482.66,3413485777.0,92.53,0,0.1
sh.605305,2025-07-15,33.86,30.78,1,False,10.01,5.0435,362903101.42,7195461513.0,23.94,0,0.1
sh.605336,2025-07-14,22.19,20.17,1,False,0.0,5.2283,204075463.9,3903285272.0,10.18,0,0.1
sh.605337,2025-08-19,14.05,12.77,1,False,0.47,7.9326,415968395.12,5243783818.0,9.59,0,0.1
sh.605366,2025-07-10,7.02,6.38,1,False,0.31,5.3048,233602855.32,4403612866.0,13.78,0,0.1
sh.605366,2025-07-11,7.72,7.02,2,False,9.97,6.9845,339410312.97,4859479032.0,28.45,0,0.1
sh.605376,2025-08-19,46.24,42.04,1,False,0.67,4.3051,502129744.11,11663602335.0,18.59,0,0.1
sh.605378,2025-08-06,23.25,21.14,1,False,-1.04,9.1074,526813101.09,5784451118.0,12.32,0,0.1
sh.605378,2025-08-11,27.64,25.13,1,False,4.93,5.0185,359180937.74,7157137347.0,32.88,0,0.1
sh.605389,2025-07-11,42.03,38.21,1,True,10.0,0.4153,23786458.2,5727536287.0,19.91,0,0.1
sh.605389,2025-07-31,48.99,44.54,1,False,0.81,3.3304,214910527.58,6452994463.0,28.21,0,0.1
sh.605398,2025-08-07,34.72,31.56,1,False,0.0,8.5301,460831052.55,5402410904.0,7.16,0,0.1
sh.605399,2025-07-10,13.85,12.59,1,False,-0.32,1.7177,72405212.75,4215242053.0,14.27,0,0.1
sh.605399,2025-07-11,15.24,13.85,2,True,10.04,1.0054,47839853.52,4758290583.0,28.39,0,0.1
sh.605399,2025-07-14,16.76,15.24,3,False,6.04,14.4702,714821175.2,4939953665.0,40.84,0,0.1
sh.605500,2025-07-03,8.24,7.49,1,False,0.0,2.3073,77072356.26,3340369967.0,11.96,0,0.1
sh.605500,2025-07-04,9.06,8.24,2,True,9.95,1.0116,37979139.48,3754363333.0,20.0,0,0.1
sh.605500,2025-07-07,9.97,9.06,3,False,10.04,11.7039,465188408.74,3974644424.0,31.18,0,0.1
sh.605500,2025-07-08,10.97,9.97,4,True,10.03,2.287,103967319.34,4546013089.0,46.66,0,0.1
sh.605500,2025-07-09,12.07,10.97,5,False,0.91,8.8998,434922222.5,4886876362.0,60.51,0,0.1
sh.605500,2025-07-10,13.28,12.07,6,False,3.56,12.063,623340068.25,5167371866.0,77.07,0,0.1
sh.605500,2025-07-14,13.2,12.0,1,False,-4.17,15.8918,802112638.5,5047336604.0,76.94,0,0.1
sh.605500,2025-07-16,13.44,12.22,1,False,1.15,5.5863,304597694.3,5452583898.0,84.87,0,0.1
sh.605507,2025-07-30,23.68,21.53,1,False,3.02,5.3022,374962664.1,7071831770.0,19.35,0,0.1
sh.605588,2025-08-14,57.34,52.13,1,False,9.34,3.6066,151054563.6,4188281584.0,25.5,0,0.1
sh.605588,2025-08-15,63.07,57.34,2,True,9.99,5.7549,265321425.39,4610356833.0,35.99,0,0.1
sh.605598,2025-07-21,23.96,21.78,1,False,10.01,3.6207,210502035.04,5813849119.0,17.45,0,0.1
sh.605598,2025-07-22,26.36,23.96,2,False,9.77,6.88,432000539.93,6279077615.0,24.22,0,0.1
sh.605598,2025-08-07,26.65,24.23,1,False,-2.1,10.8446,663387303.89,6117213211.0,24.94,0,0.1
sh.605598,2025-08-08,29.32,26.65,2,False,5.1,2.7458,193750801.53,7056260526.0,38.24,0,0.1
sh.605598,2025-08-11,32.25,29.32,3,True,9.99,1.1595,90871341.0,7837114360.0,47.46,0,0.1
sh.605598,2025-08-14,30.31,27.55,1,False,-2.0,8.1567,591757463.3,7254863650.0,39.04,0,0.1
sh.688006,2025-08-29,25.74,21.45,1,False,7.23,3.9327,586735326.46,14919402102.0,27.68,0,0.2
sh.688020,2025-07-28,47.14,39.28,1,False,0.25,9.1586,331854735.97,3623422095.0,24.48,0,0.2
sh.688020,2025-07-29,56.57,47.14,2,False,10.06,11.1498,490934706.06,4403080827.0,41.07,0,0.2
sh.688039,2025-08-06,58.56,48.8,1,False,2.44,12.7596,742092644.57,5815955395.0,76.65,0,0.2
sh.688041,2025-08-22,186.06,155.05,1,False,2.66,3.2334,13309982030.7,411640441353.0,31.5,0,0.2
sh.688062,2025-07-17,37.33,31.11,1,False,1.54,17.7987,1269363258.04,7131775119.0,53.43,0,0.2
sh.688066,2025-08-25,31.98,26.65,1,False,1.69,17.9323,1447889068.82,8074196109.0,56.92,0,0.2
sh.688068,2025-07-04,194.81,162.34,1,False,4.6,5.6778,984120307.55,17332775151.0,42.82,0,0.2
sh.688081,2025-08-04,26.46,22.05,1,False,0.91,12.0851,306797349.63,2538641382.0,39.19,0,0.2
sh.688082,2025-08-22,142.21,118.51,1,False,0.05,2.5283,1474940781.68,58337253557.0,16.12,0,0.2
sh.688098,2025-08-01,8.48,7.07,1,False,0.42,7.257,241248955.88,3324362076.0,40.17,0,0.2
sh.688098,2025-08-15,10.69,8.91,1,False,0.0,10.6008,441087692.85,4160890620.0,68.08,0,0.2
sh.688098,2025-08-18,12.83,10.69,2,False,11.13,3.2319,168638368.93,5217932762.0,98.91,0,0.2
sh.688098,2025-08-19,15.4,12.83,3,False,20.03,4.7639,295948897.64,6212323887.0,137.29,0,0.2
sh.688108,2025-08-07,17.03,14.19,1,True,20.01,2.098,148651668.36,7085398873.0,57.25,0,0.2
sh.688108,2025-08-08,20.44,17.03,2,True,20.02,1.6256,138239869.32,8503928969.0,88.21,0,0.2
sh.688108,2025-08-11,24.53,20.44,3,False,10.96,21.9128,2180958719.36,9952898394.0,125.25,0,0.2
sh.688108,2025-08-18,41.48,34.57,1,False,5.0,15.2764,2528616107.61,16552434524.0,222.05,0,0.2
sh.688110,2025-07-29,46.0,38.33,1,False,4.33,11.4641,2205889905.55,19241718980.0,50.28,0,0.2
sh.688110,2025-07-31,64.76,53.97,1,False,10.25,7.2198,1999722183.57,27697750403.0,110.94,0,0.2
sh.688110,2025-08-04,68.88,57.4,1,False,6.27,19.7517,5667169840.6,28692061142.0,115.99,0,0.2
sh.688110,2025-08-07,73.2,61.0,1,False,5.62,14.6516,4474810150.59,30541443601.0,131.72,0,0.2
sh.688118,2025-07-16,28.43,23.69,1,False,5.53,11.3314,284111132.42,2507290647.0,31.56,0,0.2
sh.688141,2025-08-15,35.51,29.59,1,False,-0.37,14.654,1278784568.19,8726522234.0,22.83,0,0.2
sh.688146,2025-08-13,44.86,37.38,1,False,10.83,21.4114,1375669240.59,6424938307.0,51.76,0,0.2
sh.688159,2025-08-14,71.86,59.88,1,False,1.87,14.3039,895392642.68,6259779799.0,31.61,0,0.2
sh.688189,2025-07-30,14.28,11.9,1,False,0.0,18.4142,692777872.46,3762193701.0,78.72,0,0.2
sh.688189,2025-07-31,17.14,14.28,2,False,3.08,12.411,559273465.61,4506272384.0,108.77,0,0.2
sh.688189,2025-08-18,16.18,13.48,1,False,0.0,13.2367,542385303.03,4097587035.0,50.65,0,0.2
sh.688189,2025-08-27,16.98,14.15,1,False,7.14,9.3172,417908524.46,4485344572.0,18.91,0,0.2
sh.688195,2025-08-18,64.7,53.92,1,False,11.26,11.0702,889251674.24,8032841992.0,54.01,0,0.2
sh.688197,2025-08-13,55.94,46.62,1,False,-0.04,10.6302,357536116.96,3363399719.0,37.51,0,0.2
sh.688199,2025-08-15,30.62,25.52,1,False,0.24,18.4043,865006373.13,4700023218.0,37.99,0,0.2
sh.688202,2025-07-08,45.3,37.75,1,False,0.4,10.4666,601884982.34,5750530089.0,29.47,0,0.2
sh.688205,2025-08-18,82.92,69.1,1,False,2.17,7.671,967078817.83,12606945872.0,42.97,0,0.2
sh.688210,2025-07-24,33.49,27.91,1,False,8.2,10.7745,531619327.35,4934051022.0,46.37,0,0.2
sh.688221,2025-07-01,12.05,10.04,1,False,-0.4,6.3555,274440555.09,4318158368.0,24.48,0,0.2
sh.688222,2025-07-17,21.46,17.88,1,False,3.8,12.3314,1022005044.87,8287826564.0,37.39,0,0.2
sh.688227,2025-08-22,39.43,32.86,1,False,1.86,16.4326,392957516.74,2391328924.0,26.74,0,0.2
sh.688228,2025-08-25,78.96,65.8,1,True,20.0,0.5869,31290110.88,5331421176.0,26.7,0,0.2
sh.688228,2025-08-26,94.75,78.96,2,True,20.0,0.6698,42846708.0,6396940579.0,52.55,0,0.2
sh.688228,2025-08-27,113.7,94.75,3,False,20.0,7.8206,600071810.07,7672963840.0,88.21,0,0.2
sh.688229,2025-07-11,60.2,50.17,1,False,2.89,9.4914,239204062.71,2520218964.0,23.06,0,0.2
sh.688256,2025-08-12,848.88,707.4,1,False,-0.69,4.5804,15126074903.45,330234802713.0,53.48,0,0.2
sh.688256,2025-08-22,1243.2,1036.0,1,False,3.76,3.3742,16488719337.86,488670480050.0,84.64,0,0.2
sh.688265,2025-08-04,43.73,36.44,1,False,0.14,5.2392,166486751.11,3177713222.0,37.91,0,0.2
sh.688265,2025-08-08,51.92,43.27,1,False,-0.62,5.2379,196755745.51,3756386061.0,64.46,0,0.2
sh.688280,2025-08-27,10.2,8.5,1,False,-0.12,12.5088,624730454.48,4994327629.0,31.27,0,0.2
sh.688291,2025-08-13,40.07,33.39,1,False,13.81,34.5738,436933171.94,1263769594.0,17.23,0,0.2
sh.688306,2025-08-15,12.48,10.4,1,False,4.52,6.6251,966942141.87,14595132781.0,26.19,0,0.2
sh.688309,2025-08-21,27.8,23.17,1,False,10.83,7.6718,166500847.85,2170297034.0,39.28,0,0.2
sh.688317,2025-07-14,23.22,19.35,1,False,0.36,10.1225,427406754.44,4222343832.0,30.45,0,0.2
sh.688343,2025-08-22,79.09,65.91,1,False,7.72,9.0759,1814767898.07,19995459382.0,43.98,0,0.2
sh.688350,2025-07-18,19.78,16.48,1,False,3.76,5.5479,129392089.67,2332271484.0,29.11,0,0.2
sh.688356,2025-07-21,110.16,91.8,1,False,3.47,7.9622,487207530.55,6119006437.0,62.93,0,0.2
sh.688381,2025-08-19,29.76,24.8,1,False,0.69,17.9407,922490321.99,5141885891.0,29.5,0,0.2
sh.688425,2025-07-21,4.94,4.12,1,True,19.9,1.5975,420895484.1,26347135155.0,24.43,0,0.2
sh.688425,2025-07-22,5.93,4.94,2,True,20.04,0.9677,306063743.89,31627957413.0,46.42,0,0.2
sh.688425,2025-07-23,7.12,5.93,3,True,20.07,0.925,351276826.96,37975873185.0,72.82,0,0.2
sh.688448,2025-08-15,56.04,46.7,1,False,3.66,16.997,424146931.9,2495422321.0,85.01,0,0.2
sh.688489,2025-08-21,51.7,43.08,1,False,2.97,10.0717,255028024.99,2532124914.0,26.59,0,0.2
sh.688519,2025-08-15,54.31,45.26,1,False,-0.99,6.8534,820908742.99,11978123895.0,32.27,0,0.2
sh.688519,2025-08-18,65.17,54.31,2,False,10.48,7.0877,1061160380.16,14971858010.0,59.73,0,0.2
sh.688520,2025-07-03,73.34,61.12,1,False,1.44,2.8465,893065810.25,31374172150.0,68.79,0,0.2
sh.688528,2025-07-09,12.55,10.46,1,False,0.38,6.5156,130571917.15,2003989151.0,28.72,0,0.2
sh.688529,2025-07-09,21.1,17.58,1,False,7.85,9.6385,316183368.28,3280420898.0,26.27,0,0.2
sh.688529,2025-08-06,24.58,20.48,1,False,4.49,10.8588,427276593.28,3934841725.0,16.49,0,0.2
sh.688551,2025-08-08,43.2,36.0,1,False,8.33,8.7177,310045537.84,3556506164.0,44.82,0,0.2
sh.688577,2025-08-08,69.8,58.17,1,False,-0.29,5.1598,385102490.76,7463515849.0,58.64,0,0.2
sh.688584,2025-08-12,22.86,19.05,1,False,0.79,7.4683,555095135.34,7432683949.0,28.72,0,0.2
sh.688585,2025-07-09,9.34,7.78,1,True,20.05,0.2836,10683904.58,3767244210.0,24.04,0,0.2
sh.688585,2025-07-10,11.21,9.34,2,True,20.02,0.2279,10306978.45,4522588175.0,49.07,0,0.2
sh.688585,2025-07-11,13.45,11.21,3,True,19.98,0.3238,17568780.05,5425812245.0,82.0,0,0.2
sh.688585,2025-07-14,16.14,13.45,4,True,20.0,0.335,21806850.84,6509507713.0,116.94,0,0.2
sh.688585,2025-07-15,19.37,16.14,5,True,20.01,0.2846,22236798.74,7813351630.0,160.7,0,0.2
sh.688585,2025-07-16,23.24,19.37,6,True,19.98,0.4003,37527719.6,9374898726.0,217.05,0,0.2
sh.688585,2025-07-17,27.89,23.24,7,True,20.01,0.3871,43549983.99,11250318778.0,288.44,0,0.2
sh.688585,2025-07-18,33.47,27.89,8,True,20.01,1.8003,243045584.65,13500282433.0,368.77,0,0.2
sh.688585,2025-07-21,40.16,33.47,9,True,19.99,1.9312,312840094.88,16199259263.0,451.65,0,0.2
sh.688585,2025-07-22,48.19,40.16,10,False,19.15,7.5646,1455243633.41,19237549023.0,535.75,0,0.2
sh.688585,2025-07-28,79.27,66.06,1,False,-3.12,5.3302,1535988918.82,28816722052.0,918.89,0,0.2
sh.688585,2025-08-05,110.48,92.07,1,False,4.27,5.7404,2318898288.43,40396109826.0,1320.05,0,0.2
sh.688603,2025-08-18,96.77,80.64,1,False,17.76,13.8284,617071811.12,4462351473.0,107.57,0,0.2
sh.688622,2025-07-29,96.02,80.02,1,False,0.7,4.0538,258076706.8,6366291055.0,15.69,0,0.2
sh.688630,2025-07-28,114.6,95.5,1,False,5.03,10.9221,1548108617.34,14174093053.0,44.39,0,0.2
sh.688648,2025-08-13,57.8,48.17,1,False,0.0,23.0059,788709593.98,3428292716.0,30.21,0,0.2
sh.688648,2025-08-15,75.71,63.09,1,False,3.33,22.5882,1032668676.39,4571717429.0,53.26,0,0.2
sh.688656,2025-07-11,156.47,130.39,1,False,2.77,7.2564,682062781.1,9399465039.0,23.69,0,0.2
sh.688657,2025-08-20,62.71,52.26,1,False,3.33,9.6008,233322976.62,2430245153.0,44.39,0,0.2
sh.688659,2025-08-05,11.53,9.61,1,False,4.06,7.9676,140950232.79,1769042532.0,30.58,0,0.2
sh.688660,2025-07-18,10.12,8.43,1,False,0.59,4.5415,568371604.96,12515063414.0,27.78,0,0.2
sh.688660,2025-08-26,22.32,18.6,1,False,0.81,6.793,1879850499.26,27673347553.0,34.05,0,0.2
sh.688662,2025-07-22,45.89,38.24,1,False,9.83,9.4716,377776131.99,3988514422.0,29.89,0,0.2
sh.688668,2025-08-28,127.36,106.13,1,False,-1.54,10.9528,1698510767.71,15507548460.0,32.81,0,0.2
sh.688683,2025-08-11,33.29,27.74,1,False,2.16,4.9408,250742887.62,5074945102.0,29.28,0,0.2
sh.688693,2025-07-01,39.61,33.01,1,False,-0.64,17.9595,255654445.68,1423505363.0,30.86,0,0.2
sh.688702,2025-08-20,111.0,92.5,1,False,-2.7,4.9402,968963649.84,19613854699.0,74.31,0,0.2
sh.688709,2025-08-22,47.04,39.2,1,False,-0.99,12.6615,1174423194.79,9275545510.0,41.18,0,0.2
sh.688711,2025-08-06,31.22,26.02,1,False,-0.85,12.9568,786345133.03,6068976391.0,75.59,0,0.2
sh.688767,2025-08-14,45.13,37.61,1,False,4.49,6.9873,435808053.08,6237145293.0,30.1,0,0.2
sh.688775,2025-08-15,224.42,187.02,1,False,10.15,28.4726,1890740248.43,6640560569.0,33.58,0,0.2
sh.688775,2025-08-18,269.3,224.42,2,False,11.48,18.2687,1447030696.09,7920819194.0,65.85,0,0.2
sh.688788,2025-08-04,72.73,60.61,1,False,7.9,6.4926,705264966.68,10862596905.0,76.4,0,0.2
sh.688800,2025-08-01,64.1,53.42,1,False,0.71,16.8375,2162088119.08,12840909393.0,40.72,0,0.2
sz.000004,2025-07-07,9.21,8.77,1,False,0.34,6.6696,76954004.0,1153802387.0,-7.53,1,0.1
sz.000004,2025-08-15,9.22,8.78,1,False,0.0,3.9091,44816175.83,1146457646.0,4.42,1,0.1
sz.000004,2025-08-21,10.16,9.68,1,False,0.72,4.4884,57241364.44,1275317807.0,18.0,1,0.1
sz.000004,2025-08-26,10.75,10.24,1,False,-0.98,6.9557,93534874.36,1344722664.0,22.16,1,0.1
sz.000004,2025-08-27,11.29,10.75,2,True,5.02,1.9982,28489976.3,1425782019.0,28.0,1,0.1
sz.000006,2025-08-12,7.46,6.78,1,False,3.83,8.4726,825668425.71,9745159995.0,18.6,0,0.1
sz.000010,2025-07-09,3.29,2.99,1,False,-0.33,6.0768,106776781.16,1757121860.0,0.3,0,0.1
sz.000010,2025-07-10,3.62,3.29,2,False,10.03,14.0581,277807577.15,1976138861.0,10.03,0,0.1
sz.000010,2025-07-11,3.98,3.62,3,True,9.94,4.9067,107589728.1,2192710541.0,26.35,0,0.1
sz.000010,2025-07-21,3.5,3.18,1,False,0.31,9.6439,237152050.57,2459088653.0,19.86,0,0.1
sz.000010,2025-08-08,4.64,4.22,1,False,2.84,10.2519,336336602.0,3280724568.0,16.58,0,0.1
sz.000010,2025-08-11,5.1,4.64,2,False,0.0,22.3942,805625920.8,3597475779.0,30.77,0,0.1
sz.000011,2025-08-11,9.56,8.69,1,False,0.92,4.6977,228825388.94,4871008982.0,8.51,0,0.1
sz.000011,2025-08-12,10.52,9.56,2,False,0.42,9.1057,478120614.86,5250783738.0,19.68,0,0.1
sz.000014,2025-07-07,12.43,11.3,1,False,0.09,6.7953,199714334.53,2939006880.0,9.04,0,0.1
sz.000014,2025-08-12,14.25,12.95,1,False,9.34,9.1445,314932849.42,3443959204.0,17.96,0,0.1
sz.000016,2025-08-11,5.42,4.93,1,False,0.0,15.1498,1284133871.74,8476243064.0,3.24,0,0.1
sz.000016,2025-08-25,6.12,5.56,1,False,3.42,10.9585,1035836163.58,9452353548.0,23.89,0,0.1
sz.000026,2025-07-02,18.16,16.51,1,False,-1.39,23.8507,1548791482.15,6493694031.0,22.7,0,0.1
sz.000026,2025-08-11,19.49,17.72,1,False,-1.92,3.9546,274870187.14,6950644494.0,18.41,0,0.1
sz.000026,2025-08-12,21.44,19.49,2,False,2.67,15.4248,1139731870.45,7388957202.0,30.33,0,0.1
sz.000029,2025-07-10,20.53,18.66,1,False,0.11,2.4524,431234313.14,17584175222.0,-0.58,0,0.1
sz.000029,2025-08-26,33.08,30.07,1,False,-1.0,1.7435,485328383.46,27836442986.0,72.65,0,0.1
sz.000032,2025-08-01,24.77,22.52,1,False,2.4,6.8304,1798022688.29,26323827130.0,22.75,0,0.1
sz.000037,2025-07-04,9.6,8.73,1,False,-0.34,6.5916,211114213.44,3202776465.0,7.02,0,0.1
sz.000037,2025-07-07,10.56,9.6,2,False,7.19,28.5341,1009391064.05,3537490455.0,17.86,0,0.1
sz.000056,2025-07-01,3.42,3.11,1,False,0.32,18.2972,553700501.62,3026148819.0,10.68,0,0.1
sz.000061,2025-08-27,7.66,6.96,1,False,1.15,2.8415,357884641.11,12594919624.0,14.33,0,0.1
sz.000061,2025-08-28,8.43,7.66,2,False,5.09,4.4033,622105469.44,14128164546.0,29.69,0,0.1
sz.000062,2025-08-18,29.18,26.53,1,False,9.99,3.6358,1105674242.38,30410755333.0,8.03,0,0.1
sz.000066,2025-08-13,17.5,15.91,1,False,-0.75,17.0558,9276919816.45,54391584191.0,16.98,0,0.1
sz.000068,2025-08-15,4.04,3.67,1,False,-0.82,2.5246,100388523.08,3976413019.0,19.53,0,0.1
sz.000070,2025-08-07,8.56,7.78,1,False,0.13,14.6542,1101141060.38,7514166999.0,10.59,0,0.1
sz.000070,2025-08-11,9.05,8.23,1,False,3.89,9.8431,765354253.05,7775540765.0,20.19,0,0.1
sz.000070,2025-08-13,9.99,9.08,1,False,2.2,16.9193,1447783731.04,8556995449.0,30.76,0,0.1
sz.000070,2025-08-14,10.99,9.99,2,False,0.1,18.4579,1697728389.58,9197841518.0,44.23,0,0.1
sz.000070,2025-08-25,10.51,9.55,1,False,3.77,8.6206,788958058.9,9152008664.0,39.02,0,0.1
sz.000070,2025-08-26,11.56,10.51,2,False,3.81,22.4671,2213194246.42,9850822965.0,50.91,0,0.1
sz.000070,2025-08-28,12.14,11.04,1,False,1.0,17.9544,1893658652.23,10547045026.0,54.06,0,0.1
sz.000078,2025-07-02,2.72,2.47,1,False,4.86,5.0408,357320437.49,7088566051.0,3.42,0,0.1
sz.000153,2025-07-01,6.79,6.17,1,False,-0.16,11.8172,356874486.42,3019958082.0,9.52,0,0.1
sz.000153,2025-07-28,7.61,6.92,1,False,1.88,5.7288,196130242.08,3423583335.0,23.34,0,0.1
sz.000158,2025-07-17,24.26,22.05,1,False,0.0,15.7374,5915090674.19,37586200225.0,13.95,0,0.1
sz.000400,2025-07-21,23.91,21.74,1,False,5.2,12.8965,3051543729.9,23661797619.0,16.24,0,0.1
sz.000401,2025-07-21,5.25,4.77,1,False,2.94,3.2647,435476243.9,13338936009.0,21.81,0,0.1
sz.000409,2025-07-15,12.34,11.22,1,False,0.09,17.2657,876771239.1,5078110005.0,5.02,0,0.1
sz.000417,2025-08-12,6.28,5.71,1,False,1.75,12.5822,613269396.08,4874103067.0,13.15,0,0.1
sz.000417,2025-08-13,6.91,6.28,2,False,10.03,14.0757,747428211.23,5310060681.0,23.39,0,0.1
sz.000420,2025-08-20,4.64,4.22,1,False,3.55,5.3285,601519990.82,11288730240.0,14.29,0,0.1
sz.000488,2025-07-28,2.07,1.97,1,False,0.51,6.1572,211391833.55,3433246176.0,8.38,1,0.1
sz.000488,2025-08-05,2.15,2.05,1,False,0.0,4.5437,161429176.2,3552813262.0,11.4,1,0.1
sz.000488,2025-08-06,2.26,2.15,2,False,2.33,4.229,156388841.29,3698009962.0,18.32,1,0.1
sz.000488,2025-08-07,2.37,2.26,3,True,4.87,0.5684,22576027.5,3971855647.0,23.44,1,0.1
sz.000501,2025-08-08,11.68,10.62,1,False,9.32,4.1069,368195015.48,8965278324.0,31.38,0,0.1
sz.000501,2025-08-15,12.1,11.0,1,False,-0.64,13.829,1243661552.06,8993141601.0,34.74,0,0.1
sz.000504,2025-07-23,10.5,10.0,1,False,-1.1,2.0943,71905571.0,3433394022.0,17.71,1,0.1
sz.000504,2025-08-08,11.94,11.37,1,False,0.0,1.4584,56396186.15,3866990274.0,31.35,1,0.1
sz.000504,2025-08-11,12.54,11.94,2,False,2.18,2.6007,106688514.55,4102299940.0,39.18,1,0.1
sz.000504,2025-08-28,9.48,9.03,1,False,1.33,1.552,48075335.25,3097637581.0,-11.15,1,0.1
sz.000505,2025-07-24,7.5,6.82,1,False,0.0,8.2527,371869298.1,4506031942.0,18.3,0,0.1
sz.000510,2025-08-07,5.32,4.84,1,False,-0.21,18.9537,597578998.25,3152835585.0,4.52,0,0.1
sz.000513,2025-07-16,42.47,38.61,1,False,0.05,6.72,1616872898.92,24060608615.0,19.23,0,0.1
sz.000514,2025-07-07,5.15,4.68,1,False,2.14,4.4341,188645000.87,4254414670.0,12.45,0,0.1
sz.000514,2025-07-08,5.67,5.15,2,False,9.9,11.2865,531696942.12,4710910753.0,24.34,0,0.1
sz.000514,2025-07-09,6.24,5.67,3,False,0.0,20.9098,1027773718.11,4915272830.0,35.06,0,0.1
sz.000514,2025-07-10,6.86,6.24,4,False,2.24,9.2462,526592488.08,5695231426.0,51.43,0,0.1
sz.000514,2025-07-15,7.01,6.37,1,False,-3.77,21.9852,1164833863.35,5298263665.0,50.43,0,0.1
sz.000518,2025-08-22,2.39,2.28,1,False,0.0,2.6093,63295453.38,2425763744.0,3.91,1,0.1
sz.000518,2025-08-25,2.51,2.39,2,False,1.67,2.1648,55240639.31,2551766413.0,9.61,1,0.1
sz.000528,2025-07-22,11.96,10.87,1,False,1.66,8.8332,2009970182.67,22754722894.0,23.81,0,0.1
sz.000530,2025-07-02,6.66,6.05,1,False,2.81,20.9666,818714780.2,3904852385.0,21.31,0,0.1
sz.000533,2025-08-04,7.68,6.98,1,False,0.57,22.0521,1129763962.78,5123158170.0,9.09,0,0.1
sz.000534,2025-08-01,15.74,14.31,1,False,0.0,5.8074,440800947.3,7590332116.0,5.71,0,0.1
sz.000534,2025-08-04,17.31,15.74,2,False,6.8,12.013,1018432704.76,8477754972.0,18.48,0,0.1
sz.000534,2025-08-08,17.25,15.68,1,False,0.32,11.5079,942316777.63,8188433838.0,20.13,0,0.1
sz.000536,2025-08-07,5.24,4.76,1,False,0.0,9.2158,1286010479.87,13954409599.0,18.02,0,0.1
sz.000536,2025-08-20,5.57,5.06,1,False,0.79,5.1637,782771797.27,15159126155.0,26.3,0,0.1
sz.000545,2025-07-15,3.05,2.77,1,True,10.11,1.7382,52241107.6,3005471614.0,23.48,0,0.1
sz.000545,2025-08-14,3.22,2.93,1,False,2.73,9.6366,297407274.31,3086226203.0,13.38,0,0.1
sz.000546,2025-07-18,5.51,5.01,1,False,0.8,6.6487,253244624.0,3808934438.0,17.74,0,0.1
sz.000555,2025-08-25,15.86,14.42,1,False,-1.94,7.304,1051074412.84,14390394480.0,19.88,0,0.1
sz.000558,2025-07-28,5.71,5.19,1,False,3.08,16.1676,1167232871.77,7219580344.0,27.46,0,0.1
sz.000558,2025-07-30,6.59,5.99,1,False,-0.17,21.6429,1752862047.7,8099016526.0,45.15,0,0.1
sz.000558,2025-08-01,7.37,6.7,1,False,-2.39,25.3798,2301159282.95,9066892895.0,58.15,0,0.1
sz.000561,2025-08-12,11.36,10.33,1,False,0.0,8.2896,559191176.76,6745695531.0,20.47,0,0.1
sz.000561,2025-08-13,12.5,11.36,2,False,3.17,11.1207,803560252.88,7225806405.0,31.72,0,0.1
sz.000561,2025-08-14,13.75,12.5,3,False,6.8,19.6451,1607329108.09,8181832152.0,41.9,0,0.1
sz.000561,2025-08-18,15.84,14.4,1,False,-0.69,22.6477,2078354704.66,9176890831.0,61.3,0,0.1
sz.000566,2025-07-24,7.18,6.53,1,False,-0.61,16.1537,1312509698.76,8125133553.0,24.44,0,0.1
sz.000567,2025-07-24,7.32,6.65,1,False,0.45,4.0019,554582440.74,13857978479.0,22.82,0,0.1
sz.000572,2025-07-24,4.92,4.47,1,False,0.0,6.8412,533501801.2,7798365801.0,16.31,0,0.1
sz.000576,2025-08-25,12.24,11.13,1,False,0.18,10.4076,538702512.24,5176049351.0,6.25,0,0.1
sz.000590,2025-07-10,13.32,12.11,1,False,-1.16,9.0029,271800467.71,3019032397.0,38.61,0,0.1
sz.000590,2025-08-11,13.09,11.9,1,False,1.76,8.907,268049754.81,3009428032.0,-5.56,0,0.1
sz.000592,2025-08-27,3.87,3.52,1,False,-0.28,8.0701,585934284.53,7260557918.0,28.15,0,0.1
sz.000595,2025-08-28,5.53,5.27,1,False,1.33,3.7063,231957285.7,6258459534.0,14.02,1,0.1
sz.000599,2025-08-28,5.5,5.0,1,False,3.0,7.7615,342902620.67,4417994211.0,11.34,0,0.1
sz.000600,2025-07-14,8.38,7.62,1,False,3.54,4.0433,363894612.16,8999940943.0,14.32,0,0.1
sz.000601,2025-07-04,5.56,5.05,1,False,6.14,5.1548,306545993.76,5946806739.0,8.81,0,0.1
sz.000601,2025-07-07,6.12,5.56,2,True,10.07,1.4807,97908482.16,6612310540.0,20.0,0,0.1
sz.000607,2025-07-08,4.95,4.5,1,False,2.22,6.6512,288127047.09,4331955844.0,19.28,0,0.1
sz.000607,2025-07-09,5.45,4.95,2,False,10.1,5.9716,286319804.8,4794691620.0,30.07,0,0.1
sz.000607,2025-07-10,6.0,5.45,3,False,9.17,7.0512,373645812.0,5299038632.0,43.2,0,0.1
sz.000607,2025-07-11,6.6,6.0,4,False,10.0,17.6344,1026120152.69,5818854924.0,62.16,0,0.1
sz.000609,2025-07-16,3.24,3.09,1,False,0.32,4.0779,37925548.0,930026435.0,-2.41,1,0.1
sz.000609,2025-08-15,3.26,3.1,1,False,0.65,4.1586,38896690.0,935331362.0,1.24,1,0.1
sz.000609,2025-08-21,3.64,3.47,1,True,4.9,0.8697,9214296.0,1059479821.0,15.19,1,0.1
sz.000609,2025-08-22,3.82,3.64,2,True,4.95,0.2577,2865255.94,1111857175.0,20.5,1,0.1
sz.000609,2025-08-25,4.01,3.82,3,True,4.97,0.5245,6121136.68,1167042265.0,27.3,1,0.1
sz.000609,2025-08-26,4.21,4.01,4,False,1.75,10.1834,123005181.46,1207898948.0,34.08,1,0.1
sz.000617,2025-07-08,8.65,7.86,1,False,-0.76,4.3886,4629928626.09,105498988882.0,26.83,0,0.1
sz.000617,2025-08-19,9.72,8.84,1,False,0.0,4.7302,5610400482.42,118608102880.0,5.31,0,0.1
sz.000617,2025-08-21,10.87,9.88,1,False,9.72,2.3152,3178642245.55,137294499203.0,19.45,0,0.1
sz.000617,2025-08-22,11.96,10.87,2,False,-1.1,5.7562,8109132487.65,140876489484.0,34.38,0,0.1
sz.000626,2025-07-18,7.9,7.18,1,False,-0.14,3.7588,144410783.01,3841938465.0,27.01,0,0.1
sz.000628,2025-08-11,50.12,45.56,1,False,-0.02,10.7445,1004150455.42,9345715998.0,15.35,0,0.1
sz.000628,2025-08-18,56.89,51.72,1,False,1.12,8.6198,925213894.64,10733588884.0,26.65,0,0.1
sz.000628,2025-08-22,61.33,55.75,1,False,4.04,11.8099,1354315437.14,11467628321.0,33.62,0,0.1
sz.000630,2025-08-06,4.03,3.66,1,False,1.91,7.7468,3228143234.6,41670667044.0,21.02,0,0.1
sz.000633,2025-07-01,6.77,6.15,1,True,10.08,0.5367,13992236.0,2607087013.0,8.84,0,0.1
sz.000635,2025-07-10,9.93,9.03,1,False,0.22,4.9613,148218844.1,2987500133.0,13.62,0,0.1
sz.000638,2025-08-26,4.66,4.44,1,False,-0.23,4.9058,70127745.09,1429486426.0,9.39,1,0.1
sz.000650,2025-08-20,6.38,5.8,1,True,10.0,2.4013,203970450.2,8494167751.0,11.15,0,0.1
sz.000650,2025-08-21,7.02,6.38,2,True,10.03,1.8507,172971880.38,9346294936.0,18.98,0,0.1
sz.000655,2025-07-08,8.07,7.34,1,False,8.31,2.845,135870615.82,4775768570.0,15.62,0,0.1
sz.000655,2025-07-09,8.88,8.07,2,False,10.04,4.3879,231750002.84,5281569836.0,25.25,0,0.1
sz.000655,2025-07-10,9.77,8.88,3,False,1.35,19.1599,1068726253.55,5577932315.0,38.58,0,0.1
sz.000656,2025-07-10,1.54,1.47,1,False,2.72,3.5611,290211265.45,8149483740.0,8.45,1,0.1
sz.000657,2025-07-22,15.26,13.87,1,False,4.33,6.2401,1165075005.48,18670774595.0,31.89,0,0.1
sz.000657,2025-07-24,17.8,16.18,1,False,2.04,17.0182,3657106199.29,21489383127.0,55.46,0,0.1
sz.000661,2025-07-03,108.69,98.81,1,False,1.2,4.0646,1722723428.69,42383590727.0,3.47,0,0.1
sz.000665,2025-07-25,5.7,5.18,1,False,-0.19,8.5105,531884897.74,6249749107.0,11.33,0,0.1
sz.000665,2025-08-05,6.22,5.65,1,False,-0.18,12.249,829531016.13,6772234600.0,18.03,0,0.1
sz.000668,2025-07-16,8.16,7.77,1,False,0.0,2.7185,32094955.45,1180612671.0,-5.12,1,0.1
sz.000668,2025-08-05,8.58,8.17,1,False,0.73,1.789,22100318.0,1235344774.0,7.65,1,0.1
sz.000668,2025-08-06,9.01,8.58,2,False,0.93,3.6891,48464424.0,1313719444.0,13.48,1,0.1
sz.000668,2025-08-19,9.47,9.02,1,False,1.11,2.2003,30143069.0,1369952688.0,18.08,1,0.1
sz.000669,2025-07-07,2.66,2.53,1,False,-0.4,2.347,41886723.4,1784692092.0,-2.56,1,0.1
sz.000669,2025-07-23,2.94,2.8,1,False,-1.79,4.1065,79188778.8,1928376447.0,8.09,1,0.1
sz.000669,2025-07-28,3.2,3.05,1,False,-0.98,2.4251,52235876.14,2153967925.0,19.4,1,0.1
sz.000669,2025-07-30,3.33,3.17,1,False,1.58,3.4147,75909269.44,2223014304.0,28.08,1,0.1
sz.000669,2025-08-21,3.4,3.24,1,False,-0.31,2.9751,67958061.92,2284227822.0,11.84,1,0.1
sz.000670,2025-07-03,7.77,7.06,1,False,0.14,8.4175,468744574.12,5568691109.0,13.6,0,0.1
sz.000670,2025-08-07,8.44,7.67,1,False,0.13,28.7576,1717566315.16,5972564870.0,10.91,0,0.1
sz.000672,2025-07-21,9.42,8.56,1,False,4.56,5.702,510632161.26,8955316753.0,19.7,0,0.1
sz.000672,2025-07-22,10.36,9.42,2,False,5.94,9.9426,965552710.58,9711269794.0,29.99,0,0.1
sz.000676,2025-08-22,10.88,9.89,1,False,1.82,10.173,1367994730.61,13447308863.0,22.11,0,0.1
sz.000678,2025-07-14,16.72,15.2,1,False,0.0,27.6658,2075732976.66,7502884343.0,1.58,0,0.1
sz.000679,2025-07-21,8.15,7.41,1,False,-0.13,8.1392,230050924.28,2826456215.0,34.93,0,0.1
sz.000680,2025-07-28,11.03,10.03,1,False,-0.5,5.4583,745235715.98,13653256801.0,22.97,0,0.1
sz.000682,2025-08-25,12.18,11.07,1,False,1.63,3.2007,510225891.68,15941072005.0,16.44,0,0.1
sz.000683,2025-07-21,5.47,4.97,1,False,4.43,6.6393,1191059734.2,17939537816.0,15.16,0,0.1
sz.000691,2025-07-07,4.37,4.16,1,False,1.68,1.3551,19022392.0,1403762970.0,-14.15,1,0.1
sz.000691,2025-07-08,4.59,4.37,2,False,4.12,5.4094,80042671.5,1479695927.0,-9.29,1,0.1
sz.000691,2025-07-09,4.82,4.59,3,False,1.31,6.652,100846990.74,1516040149.0,-2.23,1,0.1
sz.000691,2025-07-11,5.09,4.85,1,False,0.62,4.8451,78213429.0,1614278942.0,8.76,1,0.1
sz.000691,2025-07-16,5.25,5.0,1,False,0.6,4.1971,70611908.0,1682397560.0,15.64,1,0.1
sz.000691,2025-07-17,5.51,5.25,2,False,2.67,8.744,153648920.49,1757192595.0,22.44,1,0.1
sz.000691,2025-07-18,5.79,5.51,3,False,2.54,9.243,168999154.45,1828401541.0,34.65,1,0.1
sz.000691,2025-07-24,5.47,5.21,1,False,0.96,2.8794,50166921.76,1742269978.0,21.83,1,0.1
sz.000691,2025-07-28,5.96,5.68,1,False,-1.41,2.3469,44602040.04,1900466149.0,35.15,1,0.1
sz.000691,2025-07-31,6.35,6.05,1,False,1.82,2.7228,55179814.52,2026583463.0,46.65,1,0.1
sz.000691,2025-08-01,6.67,6.35,2,False,3.46,6.6875,143179023.94,2140994751.0,60.34,1,0.1
sz.000691,2025-08-05,7.14,6.8,1,False,1.03,8.8109,194963729.54,2212756126.0,55.56,1,0.1
sz.000691,2025-08-08,7.33,6.98,1,False,0.43,6.0153,141648702.9,2354806957.0,44.01,1,0.1
sz.000691,2025-08-15,6.91,6.58,1,False,0.46,7.0119,151828137.93,2165292402.0,19.34,1,0.1
sz.000691,2025-08-19,7.3,6.95,1,False,-1.44,5.0109,116371312.06,2322363489.0,36.96,1,0.1
sz.000691,2025-08-20,7.67,7.3,2,False,0.0,5.3237,129575951.98,2433945414.0,47.22,1,0.1
sz.000697,2025-08-21,8.72,8.3,1,False,0.24,2.726,138272067.8,5072342913.0,8.46,1,0.1
sz.000698,2025-07-18,4.38,3.98,1,False,0.25,8.4049,283480189.81,3372796700.0,13.18,0,0.1
sz.000700,2025-08-13,8.92,8.11,1,False,0.74,12.0431,955853526.4,7936939213.0,19.09,0,0.1
sz.000700,2025-08-14,9.81,8.92,2,False,3.92,23.1639,2049480072.23,8847733207.0,30.28,0,0.1
sz.000700,2025-08-20,10.41,9.46,1,False,1.16,12.7171,1170939135.85,9207595567.0,38.99,0,0.1
sz.000702,2025-07-11,8.48,7.71,1,False,-0.65,27.2128,604245051.7,2220444246.0,18.77,0,0.1
sz.000702,2025-08-08,8.43,7.66,1,False,0.78,29.8494,661307711.25,2215480751.0,-0.59,0,0.1
sz.000705,2025-07-16,9.59,8.72,1,False,6.54,4.9536,132720859.63,2679280920.0,15.82,0,0.1
sz.000705,2025-07-17,10.55,9.59,2,True,10.01,2.9667,88247363.45,2974596806.0,30.25,0,0.1
sz.000710,2025-07-04,14.65,13.32,1,False,0.98,14.8276,702265140.1,4736202353.0,2.02,0,0.1
sz.000710,2025-08-22,15.79,14.35,1,False,0.07,22.9423,1153416662.43,5027467440.0,11.35,0,0.1
sz.000711,2025-08-18,1.8,1.71,1,False,4.09,2.6602,109238415.6,4106398602.0,2.86,1,0.1
sz.000711,2025-08-29,1.85,1.76,1,False,0.0,3.1314,130617155.99,4171206361.0,10.12,1,0.1
sz.000712,2025-07-24,14.85,13.5,1,False,3.78,12.7561,1672213372.85,13109127185.0,12.08,0,0.1
sz.000720,2025-07-09,4.1,3.73,1,False,0.54,4.2528,216755457.1,5096770530.0,18.84,0,0.1
sz.000721,2025-08-20,9.85,8.95,1,False,-0.22,11.8918,577448682.46,4855855989.0,14.4,0,0.1
sz.000723,2025-07-10,4.99,4.54,1,False,1.76,8.0403,1736841946.06,21601705733.0,16.05,0,0.1
sz.000735,2025-07-24,7.04,6.4,1,False,0.63,9.8381,772920089.28,7856395943.0,15.6,0,0.1
sz.000736,2025-07-29,4.98,4.74,1,False,-0.21,3.406,120405023.8,3535085843.0,8.73,1,0.1
sz.000737,2025-08-25,12.5,11.36,1,False,2.2,5.4946,1280936139.99,23312636770.0,10.91,0,0.1
sz.000751,2025-07-18,3.53,3.21,1,False,0.62,8.1125,396980986.18,4893448212.0,20.48,0,0.1
sz.000752,2025-07-21,8.81,8.39,1,False,4.29,4.9584,114810102.47,2315466733.0,7.83,1,0.1
sz.000752,2025-07-22,9.25,8.81,2,True,4.99,0.9059,22102329.25,2439819986.0,9.86,1,0.1
sz.000752,2025-07-23,9.71,9.25,3,True,4.97,0.2341,5995536.6,2561100641.0,19.14,1,0.1
sz.000752,2025-08-06,9.65,9.19,1,False,0.33,2.7961,69546969.37,2487284767.0,15.57,1,0.1
sz.000752,2025-08-07,10.13,9.65,2,False,4.77,4.7451,125161599.16,2637702033.0,20.88,1,0.1
sz.000752,2025-08-08,10.64,10.13,3,False,2.17,1.9787,54371495.6,2747839268.0,26.82,1,0.1
sz.000752,2025-08-15,10.98,10.46,1,False,0.38,3.1184,89106655.47,2857447905.0,30.87,1,0.1
sz.000753,2025-08-21,6.44,5.85,1,False,0.85,8.149,506631364.84,6217098599.0,10.46,0,0.1
sz.000753,2025-08-25,7.28,6.62,1,False,-0.91,5.1852,363687150.28,7013946430.0,27.94,0,0.1
sz.000758,2025-07-11,5.69,5.17,1,False,1.74,7.3036,791905891.62,10842678838.0,12.01,0,0.1
sz.000758,2025-07-18,6.08,5.53,1,False,0.18,7.3817,857948085.35,11622635509.0,25.1,0,0.1
sz.000762,2025-07-24,24.04,21.85,1,False,-0.27,11.3614,1376409624.39,12114788885.0,26.06,0,0.1
sz.000767,2025-07-14,3.45,3.14,1,False,0.64,4.0336,396826045.4,9838011836.0,18.97,0,0.1
sz.000777,2025-07-14,22.07,20.06,1,False,10.02,5.9136,500403205.53,8461904855.0,11.46,0,0.1
sz.000782,2025-08-18,5.42,4.93,1,False,0.2,8.4533,236533754.62,2798123273.0,10.39,0,0.1
sz.000785,2025-07-30,3.17,2.88,1,False,-0.35,4.7727,877700213.15,18390014314.0,4.62,0,0.1
sz.000789,2025-07-21,6.45,5.86,1,False,2.39,8.5974,428497942.61,4984041019.0,21.01,0,0.1
sz.000789,2025-07-22,7.1,6.45,2,False,2.33,13.9754,757471252.63,5420032719.0,31.0,0,0.1
sz.000793,2025-08-29,2.59,2.47,1,False,0.0,1.9905,100098799.95,5028826925.0,-1.89,1,0.1
sz.000796,2025-07-08,4.44,4.04,1,False,-0.25,11.3566,646393139.54,5691783981.0,14.43,0,0.1
sz.000796,2025-07-17,4.59,4.17,1,False,0.72,6.6398,398338088.21,5999248294.0,24.05,0,0.1
sz.000796,2025-07-22,5.23,4.75,1,False,3.16,24.7759,1673424011.31,6754241062.0,37.63,0,0.1
sz.000796,2025-07-24,5.18,4.71,1,False,2.12,9.7074,650325164.17,6699272351.0,32.82,0,0.1
sz.000796,2025-07-30,5.68,5.16,1,False,0.19,14.6558,1069922145.7,7300332603.0,43.43,0,0.1
sz.000796,2025-08-18,5.28,4.8,1,False,1.67,8.3509,575432416.68,6890663482.0,11.16,0,0.1
sz.000796,2025-08-29,5.92,5.38,1,False,-0.74,13.0057,994980301.3,7650340245.0,14.07,0,0.1
sz.000798,2025-07-02,8.16,7.42,1,False,3.77,9.3337,272413898.62,2918605683.0,11.17,0,0.1
sz.000798,2025-07-30,8.82,8.02,1,False,-0.12,5.2748,166100376.98,3148941704.0,8.09,0,0.1
sz.000799,2025-08-19,57.7,52.45,1,False,0.44,9.757,1800739983.41,18455877661.0,14.48,0,0.1
sz.000799,2025-08-20,63.47,57.7,2,False,-1.2,10.403,2080324644.5,19997353114.0,28.64,0,0.1
sz.000811,2025-07-31,12.76,11.6,1,False,0.43,9.2043,1128222704.02,12257561184.0,25.34,0,0.1
sz.000813,2025-07-30,4.41,4.01,1,False,-1.5,9.0615,819885116.22,9048006580.0,34.86,0,0.1
sz.000813,2025-07-31,4.85,4.41,2,False,1.59,11.7211,1176059904.14,10033699091.0,43.49,0,0.1
sz.000818,2025-08-22,26.39,23.99,1,False,4.21,13.2435,2231819673.55,16852189176.0,15.8,0,0.1
sz.000819,2025-07-09,17.28,15.71,1,False,-0.19,9.7587,572045935.92,5861907179.0,11.27,0,0.1
sz.000820,2025-07-15,2.89,2.75,1,False,2.55,6.8469,58106854.18,848659308.0,1.76,1,0.1
sz.000820,2025-07-16,3.03,2.89,2,False,1.04,6.5662,58653548.81,893264732.0,1.68,1,0.1
sz.000823,2025-07-08,13.08,11.89,1,False,-0.08,15.9351,1086487301.34,6818201965.0,24.45,0,0.1
sz.000823,2025-08-11,14.28,12.98,1,False,0.31,13.7141,997219514.69,7271490763.0,11.04,0,0.1
sz.000831,2025-07-11,40.73,37.03,1,False,2.59,13.6007,5698011205.95,41894984861.0,13.49,0,0.1
sz.000831,2025-08-28,53.02,48.2,1,False,-1.0,15.5721,8653319861.0,55569382813.0,25.17,0,0.1
sz.000831,2025-08-29,58.32,53.02,2,False,5.04,8.545,5200740535.72,60862967065.0,42.11,0,0.1
sz.000838,2025-07-03,2.88,2.62,1,False,1.53,4.8714,145028840.64,2977149087.0,7.06,0,0.1
sz.000838,2025-07-07,3.01,2.74,1,False,-1.09,6.3921,195181470.1,3053479609.0,10.26,0,0.1
sz.000839,2025-08-29,3.06,2.78,1,False,-0.36,5.6169,649340663.81,11560481116.0,15.04,0,0.1
sz.000856,2025-07-01,11.96,10.87,1,False,0.28,20.0164,521009412.83,2602912676.0,16.91,0,0.1
sz.000856,2025-07-22,12.63,11.48,1,False,0.0,20.628,554672228.85,2688928781.0,21.79,0,0.1
sz.000877,2025-07-21,5.51,5.01,1,False,9.58,0.9085,351043509.14,38639901942.0,21.9,0,0.1
sz.000877,2025-07-22,6.06,5.51,2,False,9.98,0.9147,393306600.92,42998425814.0,31.17,0,0.1
sz.000877,2025-08-08,5.8,5.27,1,False,-0.19,1.7035,679915521.72,39912857160.0,15.31,0,0.1
sz.000877,2025-08-22,6.58,5.98,1,False,1.84,2.6233,1192606244.06,45462060918.0,19.2,0,0.1
sz.000877,2025-08-25,7.24,6.58,2,False,2.13,2.654,1323353664.83,49862609828.0,32.6,0,0.1
sz.000880,2025-07-14,37.84,34.4,1,False,2.88,14.0261,844141261.04,6018360493.0,25.01,0,0.1
sz.000880,2025-07-15,41.62,37.84,2,False,3.07,19.1999,1267367480.7,6600906675.0,35.09,0,0.1
sz.000880,2025-07-16,45.78,41.62,3,False,7.83,6.7962,496725487.6,7308870951.0,45.66,0,0.1
sz.000880,2025-08-11,46.41,42.19,1,False,4.08,9.9586,733316795.49,7363653480.0,22.65,0,0.1
sz.000886,2025-07-24,7.47,6.79,1,False,0.15,9.7971,692023435.85,7063553866.0,12.5,0,0.1
sz.000887,2025-08-18,21.53,19.57,1,False,3.22,6.9015,1906384354.63,27622753816.0,14.95,0,0.1
sz.000889,2025-07-03,3.92,3.56,1,False,4.49,8.4559,283671977.64,3354722474.0,19.88,0,0.1
sz.000889,2025-07-31,3.85,3.5,1,False,6.0,3.7279,124506197.6,3339848108.0,-1.79,0,0.1
sz.000890,2025-07-16,4.21,3.83,1,False,0.0,7.0483,122523169.06,1738336465.0,10.21,0,0.1
sz.000890,2025-08-06,4.48,4.07,1,False,0.0,12.6024,227583797.57,1805876639.0,13.71,0,0.1
sz.000892,2025-07-03,4.81,4.37,1,False,0.23,6.3763,215731551.0,3383334395.0,28.61,0,0.1
sz.000892,2025-07-09,5.17,4.7,1,False,0.0,18.3768,653598329.26,3556649304.0,32.23,0,0.1
sz.000892,2025-07-10,5.69,5.17,2,False,5.8,34.5098,1381011125.89,4001794058.0,41.54,0,0.1
sz.000892,2025-08-18,5.32,4.84,1,False,4.96,11.8014,437883998.3,3710441120.0,14.9,0,0.1
sz.000900,2025-07-01,4.65,4.23,1,False,6.38,3.5923,251844186.51,7010666885.0,11.78,0,0.1
sz.000901,2025-08-05,14.63,13.3,1,False,1.5,14.5764,1671314009.7,11465890135.0,19.62,0,0.1
sz.000901,2025-08-06,16.09,14.63,2,False,1.98,18.2281,2262599911.79,12412702979.0,32.32,0,0.1
sz.000901,2025-08-08,16.95,15.41,1,False,0.06,9.6583,1275015720.0,13201243697.0,38.14,0,0.1
sz.000901,2025-08-13,21.07,19.15,1,False,0.05,11.1177,1821303454.36,16382016553.0,69.65,0,0.1
sz.000903,2025-07-21,3.31,3.15,1,False,0.95,7.6976,483377423.49,6279586150.0,-19.27,1,0.1
sz.000903,2025-08-11,3.16,3.01,1,False,3.32,5.3745,325247621.26,6051681482.0,-17.71,1,0.1
sz.000913,2025-07-03,16.68,15.16,1,False,0.46,5.227,385506287.77,7375287694.0,3.93,0,0.1
sz.000920,2025-07-07,11.42,10.38,1,False,0.39,2.4946,117539579.8,4711760595.0,12.07,0,0.1
sz.000920,2025-07-08,12.56,11.42,2,False,4.99,4.1211,215166748.43,5221099911.0,23.02,0,0.1
sz.000920,2025-08-29,13.19,11.99,1,False,0.17,6.8427,368052001.17,5378754018.0,20.68,0,0.1
sz.000922,2025-07-22,12.9,11.73,1,False,4.86,12.958,944726332.9,7290680143.0,19.33,0,0.1
sz.000929,2025-08-20,8.58,8.17,1,False,0.0,3.6798,57924626.38,1574124311.0,5.41,1,0.1
sz.000929,2025-08-28,8.76,8.34,1,False,0.72,5.2553,84852453.48,1614607225.0,11.73,1,0.1
sz.000935,2025-07-10,20.38,18.53,1,False,-0.65,5.0048,755985525.74,15105209514.0,13.6,0,0.1
sz.000935,2025-07-21,20.38,18.53,1,False,5.77,4.1234,630990684.03,15302679440.0,18.21,0,0.1
sz.000953,2025-07-30,8.02,7.29,1,False,0.14,13.6505,389393076.49,2852592041.0,8.23,0,0.1
sz.000955,2025-07-24,5.65,5.14,1,False,-0.58,8.7698,256587910.09,2925812562.0,21.51,0,0.1
sz.000959,2025-07-02,3.86,3.51,1,False,0.0,1.7276,421008260.19,24369545045.0,10.6,0,0.1
sz.000962,2025-08-13,19.61,17.83,1,False,0.0,9.4155,917424068.04,9743763667.0,18.06,0,0.1
sz.000965,2025-07-11,4.59,4.17,1,False,10.07,11.6223,588587144.06,5064291440.0,16.79,0,0.1
sz.000965,2025-07-15,4.74,4.31,1,False,0.0,25.583,1271311336.12,4969359872.0,21.85,0,0.1
sz.000970,2025-07-24,13.93,12.66,1,False,-0.32,4.9538,822222815.41,16597820167.0,22.09,0,0.1
sz.000970,2025-08-15,15.11,13.74,1,False,-0.66,16.6305,3007643868.82,18085107897.0,20.98,0,0.1
sz.000972,2025-07-22,3.24,3.09,1,False,0.65,3.3355,82520872.96,2474018077.0,-8.22,1,0.1
sz.000972,2025-08-05,3.52,3.35,1,False,1.79,4.529,121919414.8,2691972064.0,1.44,1,0.1
sz.000972,2025-08-18,3.73,3.55,1,False,0.85,3.9428,110892924.07,2812542459.0,20.71,1,0.1
sz.000972,2025-08-21,4.05,3.86,1,False,0.52,4.7736,146312773.55,3065040505.0,26.17,1,0.1
sz.000972,2025-08-28,4.43,4.22,1,False,0.71,5.3114,179418210.11,3377983396.0,38.01,1,0.1
sz.000977,2025-08-20,65.95,59.95,1,False,-0.75,11.1266,10300519339.54,92575623637.0,22.47,0,0.1
sz.000980,2025-08-05,2.23,2.03,1,False,-0.49,10.3945,1121804651.88,10792290653.0,7.73,0,0.1
sz.000981,2025-08-28,2.32,2.11,1,False,1.42,19.1343,4138168085.63,21626963545.0,14.29,0,0.1
sz.000983,2025-07-22,7.54,6.85,1,False,1.75,6.0227,2038304518.17,33843699971.0,18.55,0,0.1
sz.000987,2025-07-09,7.66,6.96,1,False,3.16,1.6909,641532570.88,37940302258.0,14.16,0,0.1
sz.000989,2025-07-03,9.96,9.05,1,False,0.33,7.6183,517578224.44,6793880845.0,1.63,0,0.1
sz.000989,2025-07-09,11.0,10.0,1,False,1.3,13.6736,1005954672.48,7356911658.0,11.11,0,0.1
sz.000989,2025-08-14,12.24,11.13,1,False,0.0,11.4171,931601655.25,8159704787.0,2.77,0,0.1
sz.000993,2025-07-18,11.23,10.21,1,False,0.0,10.7963,515002318.65,4770174214.0,21.41,0,0.1
sz.001202,2025-08-18,15.72,14.29,1,False,0.56,4.3272,77140775.22,1782694935.0,16.62,0,0.1
sz.001203,2025-07-09,10.84,9.85,1,False,8.63,0.9979,139534463.0,13982810201.0,9.49,0,0.1
sz.001203,2025-07-17,11.52,10.47,1,False,0.29,4.599,669647094.78,14560710911.0,16.48,0,0.1
sz.001206,2025-07-22,25.98,23.62,1,False,1.82,9.5088,258692382.29,2720557613.0,25.08,0,0.1
sz.001208,2025-07-22,12.83,11.66,1,False,4.8,22.2759,743890088.78,3339438985.0,25.42,0,0.1
sz.001210,2025-07-04,15.18,13.8,1,False,0.36,17.071,242967763.25,1423277859.0,-6.76,0,0.1
sz.001212,2025-08-25,61.49,55.9,1,False,5.01,11.8192,1125689869.74,9524247578.0,41.71,0,0.1
sz.001213,2025-07-23,4.82,4.38,1,False,5.94,2.7905,581341268.77,20832871126.0,17.56,0,0.1
sz.001216,2025-07-28,15.4,14.0,1,False,0.07,3.9418,146127829.65,3707134549.0,14.07,0,0.1
sz.001216,2025-07-29,16.94,15.4,2,False,0.0,7.795,321026304.98,4118361834.0,25.57,0,0.1
sz.001216,2025-07-30,18.63,16.94,3,True,9.98,1.5769,73993888.8,4692364056.0,38.51,0,0.1
sz.001221,2025-08-21,54.6,49.64,1,False,0.0,33.6552,610245574.66,1813228193.0,-31.75,0,0.1
sz.001222,2025-08-28,24.08,21.89,1,False,7.31,7.6666,200992403.4,2621662841.0,24.06,0,0.1
sz.001223,2025-08-21,55.46,50.42,1,False,2.0,11.6034,148171583.9,1276966957.0,29.82,0,0.1
sz.001225,2025-07-28,45.67,41.52,1,False,-0.99,16.3025,152578243.16,935919296.0,31.16,0,0.1
sz.001226,2025-07-23,35.53,32.3,1,False,-1.52,8.5775,213462028.8,2488627558.0,26.62,0,0.1
sz.001226,2025-07-24,39.08,35.53,2,True,9.99,1.6439,47968550.6,2917972541.0,41.08,0,0.1
sz.001226,2025-07-25,42.99,39.08,3,True,10.01,0.677,21731445.0,3209962334.0,55.14,0,0.1
sz.001226,2025-07-28,47.29,42.99,4,True,10.0,0.887,31320167.0,3531022210.0,69.86,0,0.1
sz.001234,2025-07-30,25.7,23.36,1,False,-0.13,11.3934,260344199.0,2285043964.0,20.26,0,0.1
sz.001239,2025-07-21,17.41,15.83,1,False,4.17,21.3138,416888153.91,1955954142.0,20.32,0,0.1
sz.001239,2025-07-22,19.15,17.41,2,True,9.99,3.8052,83071072.25,2183093458.0,30.01,0,0.1
sz.001239,2025-07-23,21.07,19.15,3,True,10.03,7.5625,181650791.0,2401993931.0,42.75,0,0.1
sz.001255,2025-07-02,35.16,31.96,1,False,1.5,55.9463,356796361.59,637747915.0,16.04,0,0.1
sz.001267,2025-07-03,10.89,9.9,1,False,-0.1,8.0197,483610471.21,6030281322.0,28.57,0,0.1
sz.001267,2025-07-30,13.08,11.89,1,False,-1.18,5.734,411916379.09,7183752687.0,32.12,0,0.1
sz.001267,2025-07-31,14.39,13.08,2,False,-0.23,11.8769,962344676.72,8102658747.0,32.14,0,0.1
sz.001268,2025-07-07,27.94,25.4,1,False,0.2,15.3726,264830573.87,1722744193.0,14.84,0,0.1
sz.001269,2025-07-02,28.12,25.56,1,False,0.2,17.9492,409956108.11,2283979833.0,19.2,0,0.1
sz.001269,2025-07-08,29.35,26.68,1,False,-0.07,13.1684,308520719.1,2342886904.0,23.89,0,0.1
sz.001269,2025-08-15,29.0,26.36,1,False,0.0,9.6502,226805069.4,2350262890.0,8.05,0,0.1
sz.001270,2025-07-08,42.21,40.2,1,False,0.0,1.9106,161584725.29,8457276525.0,18.3,1,0.1
sz.001277,2025-07-23,46.2,42.0,1,False,1.05,29.9491,246622248.28,823471317.0,2.62,0,0.1
sz.001278,2025-08-08,20.23,18.39,1,False,0.22,22.9439,226168904.4,985747429.0,16.26,0,0.1
sz.001283,2025-07-22,74.89,68.08,1,False,1.57,10.8066,457702704.1,4235399701.0,38.48,0,0.1
sz.001287,2025-07-15,20.26,18.42,1,False,0.76,14.9674,1310020162.56,8752489828.0,16.84,0,0.1
sz.001287,2025-07-16,22.29,20.26,2,False,9.48,13.9742,1347019842.51,9639334220.0,28.4,0,0.1
sz.001296,2025-07-08,20.94,19.04,1,False,0.0,14.1082,221993973.06,1573510250.0,15.31,0,0.1
sz.001296,2025-08-26,22.99,20.9,1,False,-0.24,13.1114,223268602.5,1702858600.0,14.61,0,0.1
sz.001296,2025-08-27,25.29,22.99,2,False,1.78,36.5693,662626248.06,1811974110.0,26.58,0,0.1
sz.001298,2025-07-03,38.68,35.16,1,False,-3.44,55.0929,3197114497.4,5803133430.0,95.06,0,0.1
sz.001298,2025-08-07,32.16,29.24,1,False,-0.82,31.0776,1485962734.06,4781459103.0,4.59,0,0.1
sz.001298,2025-08-18,34.42,31.29,1,False,1.89,20.3672,1052624539.02,5168233920.0,15.74,0,0.1
sz.001298,2025-08-22,38.74,35.22,1,False,1.36,28.5672,1630934888.22,5709117058.0,33.36,0,0.1
sz.001301,2025-08-29,60.31,54.83,1,False,0.27,10.9243,1029079171.8,9420092562.0,19.31,0,0.1
sz.001306,2025-08-04,91.8,83.45,1,False,3.06,42.2504,579337456.58,1371199933.0,27.5,0,0.1
sz.001306,2025-08-19,110.57,100.52,1,False,-0.94,31.7361,515505013.42,1624348970.0,40.12,0,0.1
sz.001317,2025-08-22,51.48,46.8,1,False,-0.43,25.4992,371961629.64,1458718821.0,8.63,0,0.1
sz.001318,2025-07-29,14.99,13.63,1,False,9.98,11.9083,498270832.03,4184231435.0,14.17,0,0.1
sz.001318,2025-07-30,16.49,14.99,2,False,0.0,11.0226,491551838.18,4459490848.0,25.11,0,0.1
sz.001318,2025-07-31,18.14,16.49,3,False,3.09,18.4451,923835694.54,5008569726.0,37.22,0,0.1
sz.001324,2025-07-18,22.13,20.12,1,False,0.0,11.822,204718766.84,1731676255.0,23.98,0,0.1
sz.001324,2025-07-24,22.98,20.89,1,False,-0.62,13.1237,238495330.06,1817287275.0,20.82,0,0.1
sz.001330,2025-08-25,5.59,5.08,1,False,-0.2,7.3394,422266984.37,5753426498.0,13.16,0,0.1
sz.001330,2025-08-26,6.15,5.59,2,False,3.4,6.894,440135402.39,6384325535.0,26.8,0,0.1
sz.001331,2025-07-30,11.56,10.51,1,False,-0.1,26.5153,206962970.89,780541691.0,17.24,0,0.1
sz.001331,2025-07-31,12.72,11.56,2,True,10.03,6.8178,61191442.56,897524752.0,28.88,0,0.1
sz.001331,2025-08-01,13.99,12.72,3,True,9.98,6.965,68754302.68,987140024.0,42.61,0,0.1
sz.001331,2025-08-04,15.39,13.99,4,True,10.01,5.5942,60748008.21,1085910554.0,51.78,0,0.1
sz.001339,2025-07-17,54.34,49.4,1,False,0.2,24.6425,979525850.15,3974945116.0,19.01,0,0.1
sz.001339,2025-08-18,59.77,54.34,1,False,0.7,19.4082,1337954916.52,6893760970.0,10.77,0,0.1
sz.001339,2025-08-25,70.27,63.88,1,False,2.69,11.8755,952178359.38,8018006479.0,31.54,0,0.1
sz.001356,2025-07-07,15.77,14.34,1,False,6.42,27.1885,507908345.2,1868099914.0,5.63,0,0.1
sz.001358,2025-08-26,27.81,25.28,1,False,0.0,9.851,135026549.95,1370688762.0,18.04,0,0.1
sz.001359,2025-07-04,36.81,33.46,1,False,-0.15,13.7081,229055905.81,1670952983.0,23.73,0,0.1
sz.001359,2025-07-08,40.41,36.74,1,False,-1.5,26.0019,464199216.82,1785251142.0,41.49,0,0.1
sz.001359,2025-07-17,42.24,38.4,1,False,-0.99,19.2332,357559343.79,1859073601.0,50.21,0,0.1
sz.001359,2025-07-21,48.84,44.4,1,False,0.99,26.6635,577712253.16,2166678242.0,74.55,0,0.1
sz.001359,2025-08-25,56.55,51.41,1,False,1.15,23.4797,580624139.24,2472877163.0,9.17,0,0.1
sz.001360,2025-07-18,15.61,14.19,1,False,1.27,16.0697,202265733.98,1258677723.0,17.19,0,0.1
sz.001360,2025-07-21,17.17,15.61,2,True,9.99,5.4049,75893975.5,1404169837.0,26.62,0,0.1
sz.001360,2025-07-22,18.89,17.17,3,True,10.02,3.2997,50975892.85,1544864468.0,36.39,0,0.1
sz.001360,2025-07-23,20.78,18.89,4,True,10.01,3.0162,51256966.22,1699388841.0,49.82,0,0.1
sz.001368,2025-07-25,26.04,23.67,1,False,-0.13,15.1092,122884340.28,813308053.0,16.3,0,0.1
sz.001380,2025-08-06,22.84,20.76,1,False,0.39,8.176,160610149.72,1964409855.0,9.75,0,0.1
sz.001380,2025-08-07,25.12,22.84,2,False,9.98,24.405,535084860.41,2192521452.0,21.24,0,0.1
sz.001387,2025-07-14,15.53,14.12,1,False,-0.35,8.3057,144582335.02,1740760382.0,17.56,0,0.1
sz.001389,2025-07-08,65.19,59.26,1,False,-0.12,12.9824,1235675394.89,9518081363.0,11.65,0,0.1
sz.001389,2025-07-17,66.35,60.32,1,False,0.1,13.0734,1268249330.17,9700990792.0,12.55,0,0.1
sz.001390,2025-07-08,24.97,22.7,1,False,-0.18,27.8642,334498082.62,1200458232.0,8.61,0,0.1
sz.001400,2025-08-13,64.94,59.04,1,False,0.25,30.9574,291529462.9,941711716.0,11.66,0,0.1
sz.001400,2025-08-18,74.7,67.91,1,False,6.02,16.1254,178724886.63,1108343896.0,26.4,0,0.1
sz.001896,2025-07-07,5.39,4.9,1,False,3.67,7.0141,566907395.12,8082396817.0,14.93,0,0.1
sz.001896,2025-07-11,6.13,5.57,1,False,0.72,8.8497,786079911.46,8882559990.0,19.73,0,0.1
sz.001896,2025-07-14,6.74,6.13,2,False,7.01,2.7812,280827338.46,10097344256.0,36.44,0,0.1
sz.001896,2025-07-16,6.92,6.29,1,False,4.13,7.1184,722339386.87,10147496444.0,42.68,0,0.1
sz.002005,2025-08-05,2.58,2.46,1,False,0.41,0.9813,43453499.6,4428156486.0,2.79,1,0.1
sz.002005,2025-08-06,2.71,2.58,2,False,0.78,1.539,71725697.38,4660539141.0,12.45,1,0.1
sz.002008,2025-08-11,33.88,30.8,1,False,7.11,9.9319,3146926697.12,31685042108.0,38.51,0,0.1
sz.002009,2025-08-04,17.42,15.84,1,False,-0.51,12.8,759863161.76,5936430951.0,15.14,0,0.1
sz.002010,2025-07-18,6.52,5.93,1,False,-0.34,6.942,1206479199.56,17379418029.0,23.25,0,0.1
sz.002011,2025-08-15,13.56,12.33,1,False,-0.16,8.8164,1080244106.02,12252666690.0,16.3,0,0.1
sz.002012,2025-07-28,5.83,5.3,1,False,0.75,7.4414,195374843.89,2625511918.0,3.0,0,0.1
sz.002012,2025-08-01,5.96,5.42,1,False,0.55,6.9062,184612681.58,2673144154.0,7.78,0,0.1
sz.002017,2025-07-16,18.24,16.58,1,False,1.93,22.6242,2320783785.12,10257970603.0,13.57,0,0.1
sz.002017,2025-07-21,20.33,18.48,1,True,10.01,6.0144,709288450.14,11793170560.0,25.88,0,0.1
sz.002017,2025-07-22,22.36,20.33,2,False,8.31,4.6121,593748491.92,12873712450.0,25.83,0,0.1
sz.002017,2025-07-28,27.26,24.78,1,False,0.08,22.8511,3394231144.61,14853688201.0,47.91,0,0.1
sz.002017,2025-08-05,27.16,24.69,1,False,0.69,20.8709,3100737610.15,14856750836.0,53.19,0,0.1
sz.002017,2025-08-07,30.72,27.93,1,False,0.0,27.7208,4626884007.39,16691019045.0,86.52,0,0.1
sz.002017,2025-08-18,34.87,31.7,1,False,-0.73,23.0362,4418959207.35,19182674258.0,71.52,0,0.1
sz.002020,2025-07-04,14.93,13.57,1,False,0.88,11.198,1182135466.58,10556666071.0,12.09,0,0.1
sz.002020,2025-08-04,18.11,16.46,1,False,2.13,7.7593,982831918.01,12666502365.0,21.87,0,0.1
sz.002022,2025-07-28,7.47,6.79,1,False,3.09,6.6778,254296074.55,3808081622.0,21.66,0,0.1
sz.002022,2025-08-05,7.7,7.0,1,False,8.0,3.614,142755847.36,3950078787.0,19.94,0,0.1
sz.002022,2025-08-07,7.95,7.23,1,False,0.0,12.6286,508061537.35,4023102619.0,22.69,0,0.1
sz.002026,2025-08-04,13.53,12.3,1,False,-0.73,14.7403,821571557.78,5573642041.0,15.74,0,0.1
sz.002028,2025-07-14,76.99,69.99,1,False,7.27,4.2344,1965344160.82,46413757813.0,5.44,0,0.1
sz.002029,2025-08-06,7.49,6.81,1,False,0.0,4.1953,200459545.18,4778193340.0,8.55,0,0.1
sz.002030,2025-07-24,7.18,6.53,1,False,4.9,11.4369,1108198281.25,9689673611.0,20.47,0,0.1
sz.002037,2025-07-21,10.66,9.69,1,True,10.01,1.2207,62965635.2,5158158040.0,17.53,0,0.1
sz.002037,2025-07-22,11.73,10.66,2,True,10.04,0.2869,16284759.0,5676109794.0,28.34,0,0.1
sz.002037,2025-07-23,12.9,11.73,3,True,9.97,0.6958,43432287.6,6242064904.0,40.22,0,0.1
sz.002037,2025-07-24,14.19,12.9,4,False,10.0,14.2413,977426838.76,6863325952.0,54.74,0,0.1
sz.002040,2025-08-12,10.69,9.72,1,False,0.72,11.3189,565567073.5,4996661102.0,2.3,0,0.1
sz.002042,2025-08-06,5.23,4.75,1,False,-0.63,7.5588,641999341.79,8493402945.0,8.28,0,0.1
sz.002046,2025-08-04,21.21,19.28,1,False,-0.67,4.9668,537840620.9,10828715086.0,32.89,0,0.1
sz.002046,2025-08-05,23.33,21.21,2,False,5.0,13.485,1640877916.97,12168171427.0,44.91,0,0.1
sz.002046,2025-08-06,25.66,23.33,3,False,2.87,7.074,934086242.54,13204498764.0,61.28,0,0.1
sz.002046,2025-08-07,28.23,25.66,4,False,10.02,7.8808,1166225973.32,14798319629.0,77.66,0,0.1
sz.002046,2025-08-08,31.05,28.23,5,False,0.0,24.7657,3945998354.71,15933320499.0,94.92,0,0.1
sz.002046,2025-08-18,33.46,30.42,1,False,-0.03,12.7446,2179636353.96,17102430472.0,86.72,0,0.1
sz.002046,2025-08-19,36.81,33.46,2,False,2.18,9.2925,1761756660.96,18958909453.0,104.73,0,0.1
sz.002047,2025-08-07,2.14,2.04,1,False,0.0,2.2669,72819848.37,3212309690.0,8.08,1,0.1
sz.002047,2025-08-12,2.22,2.11,1,False,0.0,2.2078,73291629.81,3319667987.0,5.71,1,0.1
sz.002047,2025-08-26,2.27,2.16,1,False,-0.46,1.4988,50718778.76,3383959085.0,14.07,1,0.1
sz.002048,2025-08-29,27.28,24.8,1,False,1.25,10.3654,1964745128.18,18954841378.0,35.99,0,0.1
sz.002052,2025-07-07,12.42,11.29,1,False,0.97,8.3695,733688395.9,8766215376.0,22.24,0,0.1
sz.002052,2025-08-11,10.87,9.88,1,False,0.3,4.9118,355711192.0,7241972230.0,-12.27,0,0.1
sz.002052,2025-08-12,11.96,10.87,2,False,9.38,2.6258,215967871.88,8224840882.0,7.26,0,0.1
sz.002052,2025-08-13,13.16,11.96,3,False,10.03,9.1622,829663428.34,9055286158.0,18.03,0,0.1
sz.002052,2025-08-15,15.08,13.71,1,False,-0.07,9.621,961779549.4,9996669259.0,35.13,0,0.1
sz.002052,2025-08-18,16.59,15.08,2,True,10.01,1.5296,174942147.24,11437117367.0,49.73,0,0.1
sz.002052,2025-08-19,18.25,16.59,3,False,10.01,16.6776,2090659059.31,12535730916.0,68.67,0,0.1
sz.002053,2025-08-18,11.79,10.72,1,False,0.37,4.7398,501104019.78,10572260850.0,5.55,0,0.1
sz.002053,2025-08-27,12.39,11.26,1,False,0.18,6.1647,683656894.79,11089864791.0,14.4,0,0.1
sz.002053,2025-08-28,13.63,12.39,2,False,1.78,6.7301,832723563.51,12373123186.0,28.22,0,0.1
sz.002053,2025-08-29,14.99,13.63,3,False,-1.03,8.7557,1170163035.55,13364585762.0,40.62,0,0.1
sz.002055,2025-07-08,7.68,6.98,1,False,0.14,20.6537,927305003.36,4489776666.0,15.49,0,0.1
sz.002057,2025-07-22,10.48,9.53,1,True,9.97,2.5442,200887190.0,7895888295.0,13.79,0,0.1
sz.002057,2025-08-25,11.45,10.41,1,False,5.67,7.2428,611524583.31,8443206817.0,10.84,0,0.1
sz.002058,2025-07-07,13.44,12.8,1,False,-0.16,2.5491,48196709.0,1890734338.0,15.66,1,0.1
sz.002058,2025-07-16,13.89,13.23,1,True,4.99,0.4519,8978496.0,1986832485.0,19.43,1,0.1
sz.002058,2025-07-17,14.58,13.89,2,True,4.97,0.2595,5411658.6,2085417572.0,25.37,1,0.1
sz.002058,2025-07-18,15.31,14.58,3,False,5.01,13.1155,286140607.37,2181698047.0,28.55,1,0.1
sz.002058,2025-08-19,14.36,13.68,1,False,1.83,3.328,67475900.92,2027521061.0,-0.21,1,0.1
sz.002058,2025-08-26,15.8,15.05,1,False,4.05,4.127,92537577.7,2242248066.0,12.3,1,0.1
sz.002058,2025-08-28,15.97,15.21,1,False,2.43,2.8042,63609369.96,2268360672.0,14.4,1,0.1
sz.002058,2025-08-29,16.77,15.97,2,False,3.76,5.0744,121214468.49,2388744846.0,22.68,1,0.1
sz.002062,2025-07-22,5.63,5.12,1,False,5.47,5.7479,360447536.96,6270943074.0,23.46,0,0.1
sz.002062,2025-08-19,7.28,6.62,1,False,-0.76,8.1815,648461189.19,7925944988.0,29.31,0,0.1
sz.002066,2025-08-20,14.63,13.3,1,False,0.98,4.6948,156115809.54,3325292015.0,17.32,0,0.1
sz.002067,2025-07-21,4.49,4.08,1,False,9.56,26.2381,1310352899.92,4994084556.0,15.72,0,0.1
sz.002069,2025-07-02,4.28,3.89,1,False,3.34,6.2222,182062874.48,2926020933.0,7.54,0,0.1
sz.002072,2025-07-18,6.31,5.74,1,False,0.7,2.265,43739277.5,1931093929.0,31.19,0,0.1
sz.002072,2025-08-07,7.14,6.49,1,False,0.62,3.5416,76776199.0,2167839366.0,25.04,0,0.1
sz.002074,2025-08-29,36.47,33.15,1,False,0.06,5.0212,3045143799.02,60645738051.0,26.72,0,0.1
sz.002076,2025-07-02,1.92,1.83,1,False,0.0,9.9894,194829858.84,1950365976.0,1.05,1,0.1
sz.002076,2025-07-03,2.02,1.92,2,False,1.04,5.3194,108460545.54,2038962017.0,9.19,1,0.1
sz.002076,2025-08-01,1.94,1.85,1,False,3.24,8.0467,160219455.0,1991120024.0,-3.48,1,0.1
sz.002077,2025-08-28,16.18,14.71,1,False,0.75,12.9361,1158316907.53,8954143115.0,15.82,0,0.1
sz.002080,2025-07-01,21.45,19.5,1,False,-0.31,4.4414,1549179815.68,34880438953.0,24.85,0,0.1
sz.002080,2025-07-21,28.44,25.85,1,False,-1.55,4.5822,2094967173.98,45719679935.0,60.32,0,0.1
sz.002080,2025-08-15,32.0,29.09,1,False,3.16,1.5927,844481143.57,53021984276.0,23.79,0,0.1
sz.002080,2025-08-22,35.29,32.08,1,False,2.87,3.5702,2052621672.57,57493184487.0,26.76,0,0.1
sz.002082,2025-07-15,7.79,7.08,1,True,10.03,2.3385,100786957.68,4309897699.0,8.34,0,0.1
sz.002082,2025-07-16,8.57,7.79,2,False,3.85,17.7676,806141652.61,4537144311.0,25.66,0,0.1
sz.002082,2025-08-18,8.02,7.29,1,False,3.98,3.4865,152824012.6,4383307403.0,1.01,0,0.1
sz.002082,2025-08-26,8.71,7.92,1,False,-0.88,8.5845,397216362.21,4627134512.0,12.82,0,0.1
sz.002082,2025-08-27,9.58,8.71,2,False,7.92,13.0859,688291119.38,5259791985.0,25.07,0,0.1
sz.002086,2025-07-02,3.11,2.83,1,True,9.89,3.4912,164712414.01,4717931199.0,10.28,0,0.1
sz.002086,2025-07-15,3.07,2.79,1,False,1.08,24.7346,1189558693.42,4809290198.0,14.98,0,0.1
sz.002091,2025-08-25,8.36,7.6,1,False,8.03,4.6921,624277237.63,13304857902.0,11.76,0,0.1
sz.002093,2025-07-03,13.01,11.83,1,False,0.08,10.836,1357182770.74,12524757943.0,17.0,0,0.1
sz.002094,2025-07-07,9.25,8.41,1,False,1.43,24.5799,1532793339.33,6235962471.0,-4.44,0,0.1
sz.002095,2025-07-07,21.36,19.42,1,False,0.0,7.4772,389286444.0,5206313112.0,8.15,0,0.1
sz.002096,2025-07-21,14.1,12.82,1,True,9.98,1.0473,103510694.4,9883576282.0,13.25,0,0.1
sz.002096,2025-07-22,15.51,14.1,2,True,10.0,0.4541,49366934.1,10871379454.0,23.19,0,0.1
sz.002096,2025-07-23,17.06,15.51,3,True,9.99,1.5678,187476605.0,11957941383.0,36.48,0,0.1
sz.002097,2025-07-21,8.82,8.02,1,False,3.62,9.0192,828747294.76,9188700714.0,7.04,0,0.1
sz.002097,2025-07-22,9.7,8.82,2,False,6.58,12.4924,1274467998.76,10201946774.0,17.29,0,0.1
sz.002097,2025-07-23,10.67,9.7,3,True,10.0,1.2711,145484916.5,11445591732.0,28.71,0,0.1
sz.002097,2025-07-24,11.74,10.67,4,False,7.87,10.2094,1264862336.21,12389193647.0,44.76,0,0.1
sz.002097,2025-07-28,12.11,11.01,1,False,4.45,26.277,3354717917.54,12766746271.0,46.43,0,0.1
sz.002097,2025-07-29,13.32,12.11,2,False,4.05,30.6821,4246642551.09,13840781925.0,62.24,0,0.1
sz.002097,2025-08-04,15.61,14.19,1,False,3.17,14.2899,2359928873.89,16514663321.0,96.11,0,0.1
sz.002097,2025-08-05,17.17,15.61,2,False,2.5,34.2351,5944105011.98,17362604496.0,114.63,0,0.1
sz.002097,2025-08-08,17.33,15.75,1,False,-4.76,26.2563,4638788488.13,17667335032.0,116.08,0,0.1
sz.002098,2025-07-07,9.96,9.05,1,False,1.55,10.7218,365319187.18,3407256125.0,7.91,0,0.1
sz.002102,2025-07-01,3.48,3.16,1,False,0.63,4.6993,369491371.24,7862689576.0,7.41,0,0.1
sz.002104,2025-07-11,24.02,21.84,1,False,1.24,45.7361,6365511709.86,13917915410.0,96.4,0,0.1
sz.002104,2025-08-12,22.33,20.3,1,False,-0.54,44.1013,5556096023.91,12598485813.0,-1.28,0,0.1
sz.002104,2025-08-13,24.56,22.33,2,False,3.0,47.9645,6801069306.31,14179381222.0,4.42,0,0.1
sz.002104,2025-08-14,27.02,24.56,3,False,3.71,33.2428,5283506814.81,15893687700.0,13.29,0,0.1
sz.002107,2025-07-10,6.52,5.93,1,False,4.22,5.6065,201269945.0,3589939267.0,5.33,0,0.1
sz.002107,2025-07-14,7.46,6.78,1,False,-2.95,9.7332,393302464.33,4040834097.0,26.44,0,0.1
sz.002107,2025-07-17,7.36,6.69,1,False,1.05,4.2507,175678364.37,4132927856.0,33.58,0,0.1
sz.002108,2025-08-13,3.98,3.62,1,False,5.25,8.7407,561736465.2,6426675955.0,9.04,0,0.1
sz.002109,2025-08-22,3.97,3.61,1,False,0.28,8.723,429786622.08,4927050580.0,9.97,0,0.1
sz.002109,2025-08-28,4.11,3.74,1,False,-0.53,9.6807,497511672.41,5139211755.0,18.79,0,0.1
sz.002114,2025-08-20,8.01,7.28,1,False,0.27,5.3816,135461910.02,2517130779.0,8.54,0,0.1
sz.002115,2025-08-28,9.52,8.65,1,False,4.05,12.907,917467201.58,7108291637.0,12.13,0,0.1
sz.002115,2025-08-29,10.47,9.52,2,False,6.3,45.4857,3529232754.82,7758994046.0,25.84,0,0.1
sz.002117,2025-07-16,12.47,11.34,1,False,0.0,12.5346,796645988.41,6355575674.0,11.74,0,0.1
sz.002120,2025-08-07,8.82,8.02,1,False,0.37,5.7795,1391573531.77,24077749490.0,22.67,0,0.1
sz.002121,2025-07-09,5.69,5.17,1,False,-0.19,7.4918,586516299.48,7828776789.0,14.72,0,0.1
sz.002121,2025-07-10,6.26,5.69,2,True,10.02,2.2713,199047354.52,8763587132.0,26.21,0,0.1
sz.002121,2025-07-14,6.58,5.98,1,False,-1.0,19.7351,1776358908.17,9001012957.0,37.95,0,0.1
sz.002126,2025-08-18,37.53,34.12,1,False,9.67,8.4613,2479418574.41,29303045329.0,33.09,0,0.1
sz.002131,2025-07-15,3.77,3.43,1,False,1.17,15.5179,3362394241.98,21667843213.0,9.91,0,0.1
sz.002131,2025-08-18,4.44,4.04,1,False,0.5,19.153,4857443637.83,25361267884.0,13.55,0,0.1
sz.002131,2025-08-19,4.88,4.44,2,False,4.95,18.8946,5264232174.79,27861040587.0,30.13,0,0.1
sz.002131,2025-08-26,5.31,4.83,1,False,-1.04,26.3903,7908436848.18,29967210862.0,40.85,0,0.1
sz.002132,2025-07-21,3.99,3.63,1,False,9.64,7.9007,440029737.4,5569503176.0,5.0,0,0.1
sz.002133,2025-07-15,3.42,3.11,1,False,6.75,3.9651,103989808.0,2622627626.0,17.12,0,0.1
sz.002141,2025-08-20,4.66,4.24,1,False,-2.12,12.4906,572822659.38,4586029970.0,26.29,0,0.1
sz.002145,2025-08-21,4.9,4.45,1,False,1.35,8.067,1456265830.19,18052136236.0,11.62,0,0.1
sz.002145,2025-08-26,5.27,4.79,1,False,0.0,7.1232,1365691080.31,19172437673.0,22.27,0,0.1
sz.002148,2025-08-04,7.79,7.08,1,False,-0.56,19.7118,670205068.62,3400019626.0,12.09,0,0.1
sz.002148,2025-08-05,8.57,7.79,2,False,5.26,7.7494,293361211.4,3785599032.0,21.39,0,0.1
sz.002148,2025-08-06,9.43,8.57,3,True,10.04,3.2831,139106418.68,4237044826.0,33.57,0,0.1
sz.002148,2025-08-07,10.37,9.43,4,True,9.97,2.1883,101964321.25,4659522061.0,44.43,0,0.1
sz.002148,2025-08-11,10.41,9.46,1,False,-5.92,35.6989,1513531080.65,4239713494.0,46.62,0,0.1
sz.002148,2025-08-12,11.45,10.41,2,False,8.07,60.8135,3078065377.28,5061483679.0,64.51,0,0.1
sz.002148,2025-08-13,12.6,11.45,3,False,0.0,49.5843,2698925975.75,5443105934.0,79.49,0,0.1
sz.002153,2025-07-07,9.32,8.47,1,False,2.48,5.7424,832990337.95,14505961583.0,-1.69,0,0.1
sz.002153,2025-07-14,10.41,9.46,1,False,1.48,5.8834,938104040.97,15944930499.0,21.05,0,0.1
sz.002156,2025-08-29,33.09,30.08,1,False,5.49,11.7277,5795766607.76,49419465093.0,21.97,0,0.1
sz.002158,2025-08-15,19.71,17.92,1,False,0.39,7.4479,760353515.31,10208965149.0,11.23,0,0.1
sz.002158,2025-08-18,21.68,19.71,2,False,5.07,12.2763,1385435290.39,11285446677.0,21.12,0,0.1
sz.002158,2025-08-19,23.85,21.68,3,False,5.67,8.2658,1045502653.15,12648535570.0,31.7,0,0.1
sz.002158,2025-08-20,26.24,23.85,4,False,2.6,14.3173,1909049189.66,13333863156.0,47.09,0,0.1
sz.002158,2025-08-26,25.74,23.4,1,False,-1.03,7.9038,1039540094.41,13152408897.0,48.61,0,0.1
sz.002161,2025-07-15,7.24,6.58,1,False,4.41,5.041,257271987.83,5103590316.0,6.63,0,0.1
sz.002161,2025-07-25,8.09,7.35,1,False,0.14,14.3334,789230207.75,5506231653.0,23.32,0,0.1
sz.002161,2025-08-19,9.31,8.46,1,False,-0.12,12.5691,804479499.8,6400454287.0,31.68,0,0.1
sz.002163,2025-07-24,11.65,10.59,1,False,-3.31,13.8553,1248851623.41,9013530010.0,22.76,0,0.1
sz.002164,2025-08-08,10.51,9.55,1,False,1.68,12.8127,640533539.28,4999208124.0,15.75,0,0.1
sz.002164,2025-08-18,11.45,10.41,1,False,1.63,8.1523,440827832.43,5407404443.0,19.52,0,0.1
sz.002164,2025-08-20,13.21,12.01,1,False,0.58,20.7295,1249168844.59,6026044259.0,44.37,0,0.1
sz.002165,2025-07-01,10.11,9.19,1,False,0.33,34.9128,2472893313.12,7083056395.0,2.85,0,0.1
sz.002165,2025-08-28,10.03,9.12,1,False,-0.66,23.4867,1685886934.48,7178049426.0,12.32,0,0.1
sz.002167,2025-07-18,11.86,10.78,1,False,0.28,11.6445,1022358966.44,8779758396.0,26.98,0,0.1
sz.002167,2025-08-20,14.62,13.29,1,False,-1.66,10.507,1120566203.51,10664949115.0,13.25,0,0.1
sz.002168,2025-07-10,3.62,3.45,1,False,0.0,1.7543,49015983.18,2794047950.0,5.85,1,0.1
sz.002168,2025-08-01,3.65,3.48,1,False,4.89,1.6652,47124193.54,2829941961.0,4.58,1,0.1
sz.002168,2025-08-04,3.83,3.65,2,False,1.37,2.5527,76121407.8,2981995840.0,11.66,1,0.1
sz.002168,2025-08-06,4.06,3.87,1,False,0.52,1.6017,50285761.0,3139524318.0,17.68,1,0.1
sz.002168,2025-08-19,4.68,4.46,1,False,1.12,1.9557,70424667.0,3600995398.0,30.36,1,0.1
sz.002168,2025-08-21,4.89,4.66,1,False,0.0,2.7537,103402035.4,3755021803.0,35.08,1,0.1
sz.002168,2025-08-28,4.58,4.36,1,False,-5.05,5.4141,186515585.28,3444997050.0,31.61,1,0.1
sz.002168,2025-08-29,4.81,4.58,2,False,0.0,2.8996,108297676.73,3734917807.0,31.78,1,0.1
sz.002173,2025-07-01,15.68,14.25,2,False,-1.33,19.8209,1241033489.9,6261236825.0,29.37,0,0.1
sz.002173,2025-08-05,16.23,14.75,1,False,1.42,25.2294,1636986581.55,6488408688.0,6.71,0,0.1
sz.002173,2025-08-07,17.47,15.88,1,False,-0.69,30.098,2049510729.95,6809458203.0,19.74,0,0.1
sz.002173,2025-08-12,20.59,18.72,1,False,-3.04,38.3607,3160235580.48,8238211452.0,47.6,0,0.1
sz.002173,2025-08-13,22.65,20.59,2,False,2.53,35.2942,3195602681.65,9054186472.0,62.48,0,0.1
sz.002174,2025-07-28,15.09,13.72,1,False,0.8,13.003,1798544729.17,13831767509.0,24.4,0,0.1
sz.002174,2025-08-11,15.88,14.44,1,False,-0.42,11.3921,1643199563.92,14424026860.0,25.83,0,0.1
sz.002176,2025-08-11,8.68,7.89,1,True,10.01,2.3014,340793995.08,14808116585.0,16.67,0,0.1
sz.002176,2025-08-12,9.55,8.68,2,False,5.41,22.6227,3586695768.12,15854410694.0,32.09,0,0.1
sz.002177,2025-08-19,7.51,6.83,1,False,2.64,32.7139,1630816718.07,4985088045.0,14.31,0,0.1
sz.002177,2025-08-20,8.26,7.51,2,False,0.0,35.0252,1864079549.14,5322109650.0,27.67,0,0.1
sz.002177,2025-08-21,9.09,8.26,3,True,10.05,3.6008,220907652.48,6134960355.0,37.52,0,0.1
sz.002177,2025-08-22,10.0,9.09,4,False,3.85,34.8315,2312397160.59,6638810159.0,52.44,0,0.1
sz.002178,2025-07-17,7.08,6.44,1,False,0.16,17.5611,873991413.09,4976860294.0,24.43,0,0.1
sz.002178,2025-07-18,7.79,7.08,2,False,5.37,17.9128,986140573.31,5505228514.0,38.61,0,0.1
sz.002178,2025-07-25,7.73,7.03,1,False,0.14,13.5479,724454386.5,5347355579.0,24.68,0,0.1
sz.002182,2025-08-18,14.54,13.22,1,False,3.63,6.4874,796876132.2,12283443786.0,18.6,0,0.1
sz.002186,2025-08-25,13.74,12.49,1,False,-0.64,11.2595,451960690.93,4014038731.0,23.78,0,0.1
sz.002190,2025-08-06,38.92,35.38,1,False,0.0,15.3319,2093823615.54,13656648005.0,7.28,0,0.1
sz.002190,2025-08-20,40.32,36.65,1,False,0.0,18.4151,2598447837.43,14110419370.0,15.73,0,0.1
sz.002190,2025-08-21,44.35,40.32,2,False,4.51,13.0145,2025160765.79,15560803456.0,26.75,0,0.1
sz.002190,2025-08-22,48.79,44.35,3,False,5.98,27.0742,4551821207.75,16812394116.0,41.42,0,0.1
sz.002190,2025-08-25,53.67,48.79,4,False,4.8,18.613,3536809923.86,19001826271.0,52.82,0,0.1
sz.002191,2025-08-25,4.59,4.17,1,False,0.72,6.5864,425192585.18,6455614375.0,11.68,0,0.1
sz.002192,2025-07-14,34.63,31.48,1,False,3.24,5.8451,516397760.9,8834712167.0,21.94,0,0.1
sz.002194,2025-08-26,16.29,14.81,1,False,-1.42,16.4539,1288906618.91,7833441427.0,21.66,0,0.1
sz.002195,2025-08-27,7.32,6.65,1,False,1.2,21.0427,8494842858.47,40369547912.0,29.1,0,0.1
sz.002195,2025-08-28,8.05,7.32,2,False,1.5,29.4043,12713432037.04,43236642386.0,40.24,0,0.1
sz.002197,2025-08-19,8.01,7.63,1,False,-0.39,4.4436,187658806.76,4223125546.0,19.73,1,0.1
sz.002197,2025-08-20,8.41,8.01,2,False,0.87,4.5871,200386119.4,4368470698.0,25.71,1,0.1
sz.002197,2025-08-26,8.89,8.47,1,False,-0.24,3.6296,169748873.66,4676792860.0,31.51,1,0.1
sz.002199,2025-07-01,8.7,8.29,1,False,2.17,3.6429,76633344.5,2103635689.0,38.98,1,0.1
sz.002199,2025-07-11,9.04,8.61,1,False,-0.23,5.556,120187369.0,2163199586.0,13.28,1,0.1
sz.002199,2025-07-18,9.61,9.15,1,False,0.87,3.9954,91944838.98,2301267432.0,6.31,1,0.1
sz.002199,2025-08-01,9.03,8.6,1,False,-3.37,2.8831,61830167.65,2144572427.0,11.48,1,0.1
sz.002199,2025-08-04,9.48,9.03,2,False,4.87,2.8643,65778601.0,2296498307.0,13.67,1,0.1
sz.002199,2025-08-05,9.95,9.48,3,False,1.37,3.9863,96012260.54,2408555817.0,15.97,1,0.1
sz.002199,2025-08-06,10.45,9.95,4,False,2.61,3.7708,95426187.26,2530661591.0,22.8,1,0.1
sz.002199,2025-08-07,10.97,10.45,5,False,1.63,3.5858,95015630.62,2649774963.0,27.41,1,0.1
sz.002199,2025-08-19,10.69,10.18,1,False,-0.2,1.5451,39682251.9,2568264313.0,18.25,1,0.1
sz.002201,2025-07-04,7.52,6.84,1,False,0.0,10.0677,439707473.95,4367506719.0,18.99,0,0.1
sz.002201,2025-07-07,8.26,7.51,2,False,3.99,3.8865,189353462.17,4872081878.0,28.26,0,0.1
sz.002201,2025-07-08,9.09,8.26,3,False,0.0,24.6446,1294712497.48,5253534233.0,45.44,0,0.1
sz.002202,2025-08-25,11.62,10.56,1,False,4.26,5.7785,2241085064.79,38783162841.0,17.85,0,0.1
sz.002203,2025-08-15,13.35,12.14,1,False,-0.16,4.8283,1260925772.77,26115315386.0,24.53,0,0.1
sz.002204,2025-07-02,6.66,6.05,1,False,4.96,10.2602,1285182942.38,12525905366.0,8.47,0,0.1
sz.002205,2025-07-21,12.33,11.21,1,False,6.07,13.9677,315725050.31,2260393983.0,17.43,0,0.1
sz.002205,2025-07-22,13.56,12.33,2,False,1.14,11.0956,268665758.6,2421372063.0,28.65,0,0.1
sz.002205,2025-07-24,13.99,12.72,1,False,0.0,15.6392,385698807.38,2466231056.0,30.99,0,0.1
sz.002205,2025-07-28,14.63,13.3,1,False,-0.75,17.1592,438445550.95,2555163125.0,27.22,0,0.1
sz.002205,2025-08-08,14.37,13.06,1,False,0.0,11.9453,304825272.72,2551842756.0,20.96,0,0.1
sz.002205,2025-08-11,15.81,14.37,2,False,7.59,16.4772,481514993.2,2922310788.0,37.36,0,0.1
sz.002206,2025-07-02,5.75,5.23,1,False,2.29,10.3165,538333103.25,5218175769.0,12.09,0,0.1
sz.002207,2025-08-21,8.1,7.36,1,False,0.0,20.4902,417079229.0,2035505896.0,8.87,0,0.1
sz.002208,2025-07-08,7.45,6.77,1,False,3.84,6.9221,403782749.3,5833240625.0,18.25,0,0.1
sz.002209,2025-07-11,13.93,12.66,1,True,10.03,6.1136,132260711.31,2163385097.0,19.16,0,0.1
sz.002209,2025-07-14,15.32,13.93,2,False,1.87,28.411,647911908.9,2280496670.0,29.61,0,0.1
sz.002209,2025-07-15,16.85,15.32,3,False,1.96,23.2953,602924178.1,2588179496.0,43.4,0,0.1
sz.002209,2025-07-16,18.54,16.85,4,False,2.02,14.7455,409044698.53,2774030711.0,57.92,0,0.1
sz.002210,2025-07-01,3.11,2.83,1,False,-0.35,10.3726,812007183.68,7828386168.0,19.62,0,0.1
sz.002210,2025-08-29,3.53,3.21,1,False,0.93,11.2956,1040796364.88,9214175120.0,19.26,0,0.1
sz.002211,2025-07-29,2.95,2.81,1,False,1.42,3.4065,43133518.35,1266212193.0,-1.34,1,0.1
sz.002211,2025-08-15,3.09,2.94,1,False,0.68,3.0058,39686328.5,1320324988.0,5.82,1,0.1
sz.002211,2025-08-25,3.34,3.18,1,False,-0.31,3.5596,49869578.27,1400988265.0,18.86,1,0.1
sz.002212,2025-07-09,8.47,7.7,1,False,-0.13,12.2138,1169345334.83,9573968256.0,17.97,0,0.1
sz.002212,2025-08-21,9.23,8.39,1,True,10.01,2.5485,274473054.57,10769984484.0,13.11,0,0.1
sz.002212,2025-08-22,10.15,9.23,2,False,9.97,8.5169,1008687152.6,11843360291.0,24.54,0,0.1
sz.002212,2025-08-26,11.25,10.23,1,False,0.1,28.4093,3613251367.74,12718551206.0,38.04,0,0.1
sz.002212,2025-08-27,12.38,11.25,2,False,0.09,33.5604,4550420576.81,13558898514.0,53.79,0,0.1
sz.002213,2025-07-03,20.02,18.2,1,False,0.0,21.4127,878166989.82,4101150204.0,33.56,0,0.1
sz.002214,2025-08-04,10.73,10.22,1,False,0.78,1.2884,65497155.8,5083604145.0,3.17,1,0.1
sz.002217,2025-08-20,2.88,2.62,1,False,-0.38,4.0188,630271653.28,15683080852.0,15.66,0,0.1
sz.002217,2025-08-22,3.07,2.79,1,False,0.0,3.2593,556895761.61,17086360924.0,21.83,0,0.1
sz.002217,2025-08-25,3.38,3.07,2,False,8.14,4.1782,782533850.21,18728970614.0,35.2,0,0.1
sz.002217,2025-08-26,3.72,3.38,3,False,7.4,14.3119,2979594084.82,20818997372.0,50.0,0,0.1
sz.002218,2025-07-08,3.72,3.38,1,False,-0.89,4.9448,250041790.14,5056661344.0,18.47,0,0.1
sz.002218,2025-07-09,4.08,3.71,2,True,9.97,3.6043,204762348.0,5681057293.0,29.11,0,0.1
sz.002218,2025-07-10,4.49,4.08,3,False,4.66,17.552,1076928237.93,6135644017.0,43.45,0,0.1
sz.002225,2025-07-08,5.92,5.38,1,False,5.76,9.8303,474428862.08,4826189049.0,21.06,0,0.1
sz.002226,2025-07-21,6.29,5.72,1,False,9.97,2.7456,457387510.92,16658927408.0,18.46,0,0.1
sz.002226,2025-07-22,6.92,6.29,2,False,10.02,3.7245,680921840.36,18282234941.0,28.15,0,0.1
sz.002227,2025-07-07,14.53,13.21,1,False,0.38,9.5439,325935187.06,3415115278.0,11.34,0,0.1
sz.002229,2025-07-16,18.69,16.99,1,False,0.65,13.8071,1250606028.7,9057702405.0,18.97,0,0.1
sz.002229,2025-07-17,20.56,18.69,2,False,3.8,34.1758,3346712309.2,9792637800.0,26.91,0,0.1
sz.002231,2025-08-06,3.22,3.07,1,False,0.0,9.1437,84847092.0,927929525.0,2.88,1,0.1
sz.002231,2025-08-07,3.38,3.22,2,False,2.48,3.2262,31806397.8,985878055.0,7.3,1,0.1
sz.002231,2025-08-08,3.55,3.38,3,True,5.03,1.487,15563200.0,1046617350.0,12.34,1,0.1
sz.002231,2025-08-12,3.62,3.45,1,False,1.16,4.3302,46024340.12,1062868692.0,21.89,1,0.1
sz.002231,2025-08-13,3.8,3.62,2,True,4.97,0.5307,5945100.0,1120237422.0,25.83,1,0.1
sz.002231,2025-08-14,3.99,3.8,3,False,5.0,20.6348,240166498.65,1163890605.0,31.25,1,0.1
sz.002231,2025-08-15,4.19,3.99,4,False,-2.26,7.0575,83622944.21,1184880541.0,37.83,1,0.1
sz.002231,2025-08-18,4.4,4.19,5,False,4.06,2.168,27921716.0,1287902030.0,43.32,1,0.1
sz.002231,2025-08-19,4.62,4.4,6,True,5.0,0.4625,6298889.52,1361922058.0,54.0,1,0.1
sz.002231,2025-08-22,4.8,4.57,1,False,-4.38,16.0521,213377917.1,1329283502.0,58.42,1,0.1
sz.002231,2025-08-29,4.33,4.12,1,False,-0.24,6.1664,79999731.05,1297349038.0,44.82,1,0.1
sz.002232,2025-08-26,21.35,19.41,1,False,3.76,7.3956,630207577.48,8521385384.0,16.41,0,0.1
sz.002232,2025-08-27,23.49,21.35,2,False,6.09,20.562,1941722955.55,9443259194.0,30.5,0,0.1
sz.002232,2025-08-28,25.84,23.49,3,False,6.22,5.1481,537631669.44,10443302761.0,45.5,0,0.1
sz.002233,2025-07-21,8.79,7.99,1,False,2.0,5.6134,569455262.5,10144569468.0,20.41,0,0.1
sz.002235,2025-07-01,11.66,10.6,1,False,-1.79,55.7326,3398321568.71,6097547160.0,107.47,0,0.1
sz.002240,2025-07-18,14.41,13.1,1,False,0.46,7.5292,925085755.96,12286640758.0,17.54,0,0.1
sz.002240,2025-07-24,15.9,14.45,1,False,-1.73,9.4235,1244681572.49,13208272643.0,24.51,0,0.1
sz.002240,2025-08-11,18.44,16.76,1,False,8.59,5.5544,867512985.87,15618482390.0,36.49,0,0.1
sz.002241,2025-08-26,34.06,30.96,1,False,-1.23,7.8096,7873817323.1,100822286969.0,44.51,0,0.1
sz.002246,2025-07-17,16.17,14.7,1,False,0.07,8.2822,706519335.8,8530575642.0,19.6,0,0.1
sz.002246,2025-07-18,17.79,16.17,2,False,2.72,14.716,1415132911.12,9616287790.0,31.0,0,0.1
sz.002246,2025-07-21,19.57,17.79,3,False,7.2,4.152,440868099.23,10618210482.0,37.33,0,0.1
sz.002246,2025-07-22,21.53,19.57,4,True,10.02,0.4007,47361220.34,11819620749.0,67.29,0,0.1
sz.002246,2025-08-11,19.6,17.82,1,False,0.95,9.3557,977829777.6,10451700863.0,32.97,0,0.1
sz.002248,2025-08-04,10.11,9.19,1,False,3.05,8.0473,246106000.85,3058243148.0,15.81,0,0.1
sz.002248,2025-08-06,10.99,9.99,1,False,2.6,12.1627,401590207.5,3301817915.0,22.93,0,0.1
sz.002249,2025-08-13,7.85,7.14,1,False,0.28,11.8732,1654594424.14,13935539064.0,16.3,0,0.1
sz.002250,2025-08-27,11.65,10.59,1,False,9.35,5.5327,582565182.44,10529491612.0,9.49,0,0.1
sz.002251,2025-07-24,5.31,4.83,1,False,-0.41,14.3403,1106699492.56,7717408231.0,9.71,0,0.1
sz.002251,2025-08-27,5.63,5.12,1,False,0.0,23.7385,2763023969.62,11639421065.0,5.83,0,0.1
sz.002256,2025-08-28,2.93,2.66,1,True,10.15,2.4994,142882695.25,5716679813.0,30.22,0,0.1
sz.002256,2025-08-29,3.22,2.93,2,True,9.9,1.6503,103679504.88,6282464090.0,41.85,0,0.1
sz.002259,2025-08-14,4.6,4.18,1,False,0.72,2.6106,88889085.0,3404929327.0,7.48,0,0.1
sz.002261,2025-08-26,40.27,36.61,1,False,1.86,11.6047,5204898382.23,44851640992.0,24.79,0,0.1
sz.002263,2025-07-03,4.31,3.92,1,False,-0.26,34.8869,2509680105.26,7193760710.0,60.82,0,0.1
sz.002263,2025-07-08,4.57,4.15,1,False,1.69,28.5136,2353971748.35,8255610475.0,71.8,0,0.1
sz.002265,2025-07-17,30.56,27.78,1,False,-0.32,20.041,2411727307.57,12033966906.0,42.67,0,0.1
sz.002265,2025-07-18,33.62,30.56,2,False,9.72,14.1275,1913398645.78,13543787972.0,62.26,0,0.1
sz.002265,2025-07-21,36.98,33.62,3,False,0.15,15.6244,2264326745.67,14492247675.0,66.43,0,0.1
sz.002265,2025-08-04,40.28,36.62,1,False,1.77,20.5147,3248659850.09,15835765817.0,45.78,0,0.1
sz.002266,2025-07-21,3.69,3.35,1,False,7.16,2.5423,456359320.04,17950647840.0,21.38,0,0.1
sz.002266,2025-07-22,4.06,3.69,2,False,7.59,7.5695,1431066546.41,18905694516.0,32.25,0,0.1
sz.002266,2025-07-23,4.47,4.06,3,False,10.1,6.1511,1331388948.09,21644729367.0,45.13,0,0.1
sz.002269,2025-07-09,2.09,1.9,1,False,-1.05,17.414,879070476.22,5048067510.0,14.84,0,0.1
sz.002270,2025-08-12,20.09,18.26,1,False,0.6,3.9637,695532544.62,17547557702.0,17.35,0,0.1
sz.002272,2025-07-31,12.12,11.02,1,False,0.27,24.8901,1135214868.86,4560909232.0,12.64,0,0.1
sz.002272,2025-08-15,14.89,13.54,1,False,-1.7,17.3445,970105478.36,5593159090.0,35.36,0,0.1
sz.002272,2025-08-18,16.38,14.89,2,True,10.01,2.2954,145396349.28,6334248901.0,46.25,0,0.1
sz.002272,2025-08-19,18.02,16.38,3,False,10.01,24.9687,1724061272.26,6904890011.0,58.77,0,0.1
sz.002272,2025-08-22,18.98,17.25,1,False,-4.99,33.0631,2282238800.97,6902676400.0,61.53,0,0.1
sz.002272,2025-08-26,21.37,19.43,1,False,-0.36,62.1423,4895616329.27,7878073919.0,89.12,0,0.1
sz.002275,2025-08-05,17.38,15.8,1,False,0.0,4.4804,416904726.71,9305078268.0,18.63,0,0.1
sz.002277,2025-08-25,7.19,6.54,1,False,0.31,12.8195,1265428311.78,9871120650.0,19.24,0,0.1
sz.002277,2025-08-29,8.34,7.58,1,False,0.53,11.6012,1323771394.6,11410641956.0,35.17,0,0.1
sz.002278,2025-07-02,10.11,9.19,1,True,10.01,7.8316,264617734.71,3378846401.0,4.66,0,0.1
sz.002278,2025-07-28,10.05,9.14,1,False,4.49,18.1614,604216323.75,3326925918.0,12.54,0,0.1
sz.002278,2025-08-21,11.44,10.4,1,False,0.77,24.1421,886448035.14,3671793403.0,24.48,0,0.1
sz.002279,2025-07-11,7.3,6.64,1,False,0.3,15.2592,859342321.64,5631634172.0,15.87,0,0.1
sz.002281,2025-07-28,52.58,47.8,1,False,3.56,14.1227,5717484247.32,40484356726.0,6.61,0,0.1
sz.002281,2025-08-20,60.5,55.0,1,False,-0.89,10.8554,4856988229.15,44742600265.0,28.1,0,0.1
sz.002283,2025-08-19,6.99,6.35,1,False,0.47,12.3554,842523590.41,6819071745.0,9.22,0,0.1
sz.002286,2025-07-02,12.87,11.7,1,False,-0.94,7.9416,362102286.5,4559563394.0,3.37,0,0.1
sz.002287,2025-07-21,25.27,22.97,1,False,4.05,2.0656,267714686.6,12960625804.0,13.62,0,0.1
sz.002287,2025-07-30,28.67,26.06,1,False,-0.35,2.085,306019199.53,14677179834.0,27.82,0,0.1
sz.002287,2025-07-31,31.54,28.67,2,False,7.19,2.5676,426920551.4,16627221974.0,37.97,0,0.1
sz.002287,2025-08-01,34.69,31.54,3,False,6.72,2.4556,446755255.12,18193323633.0,52.95,0,0.1
sz.002289,2025-07-08,16.61,15.82,1,False,0.0,1.4647,67374357.95,4599874237.0,11.63,1,0.1
sz.002289,2025-07-09,17.44,16.61,2,False,2.65,0.6126,29710761.35,4849944719.0,11.65,1,0.1
sz.002289,2025-07-10,18.31,17.44,3,True,4.99,0.1483,7604216.24,5127590182.0,11.65,1,0.1
sz.002289,2025-07-11,19.23,18.31,4,False,5.02,3.5259,183912836.96,5216053687.0,11.67,1,0.1
sz.002289,2025-07-21,18.63,17.74,1,False,0.06,2.1417,109906757.3,5131753154.0,14.36,1,0.1
sz.002289,2025-08-01,20.36,19.39,1,False,-0.93,1.9908,111530257.9,5602283399.0,28.86,1,0.1
sz.002289,2025-08-04,21.38,20.36,2,False,1.77,2.0495,121969031.25,5951160344.0,35.15,1,0.1
sz.002289,2025-08-05,22.45,21.38,3,False,0.09,2.5252,156384646.84,6192960828.0,35.16,1,0.1
sz.002289,2025-08-06,23.57,22.45,4,False,-0.98,2.1222,137438879.4,6476245377.0,35.15,1,0.1
sz.002289,2025-08-07,24.75,23.57,5,False,1.82,1.5996,109724323.25,6859485074.0,35.17,1,0.1
sz.002289,2025-08-08,25.99,24.75,6,False,4.69,0.8252,59935340.85,7263129041.0,35.15,1,0.1
sz.002289,2025-08-20,28.33,26.98,1,False,2.0,1.4958,117883212.43,7880947482.0,43.15,1,0.1
sz.002289,2025-08-27,28.7,27.33,1,False,0.04,1.0471,83161854.91,7942112015.0,51.61,1,0.1
sz.002290,2025-08-22,32.89,29.9,1,False,0.33,5.9969,475214509.47,7924336065.0,7.45,0,0.1
sz.002294,2025-07-17,53.15,48.32,1,False,2.65,1.5041,872198891.5,57988091982.0,11.73,0,0.1
sz.002295,2025-07-02,9.42,8.56,1,False,-1.05,3.6114,82549710.0,2285809105.0,11.48,0,0.1
sz.002295,2025-07-03,10.36,9.42,2,True,9.98,1.8206,47208458.36,2593016498.0,21.45,0,0.1
sz.002295,2025-07-08,10.04,9.13,1,False,0.55,11.4352,270931813.37,2369279185.0,20.38,0,0.1
sz.002295,2025-07-09,11.04,10.04,2,False,7.57,26.8479,736264394.07,2742353756.0,32.53,0,0.1
sz.002297,2025-07-21,8.7,7.91,1,False,0.0,15.9309,770313331.17,4835340949.0,16.15,0,0.1
sz.002297,2025-07-22,9.57,8.7,2,True,10.0,2.523,138378084.9,5484664483.0,27.6,0,0.1
sz.002297,2025-07-23,10.53,9.57,3,True,10.03,1.4606,88146630.0,6034960290.0,37.47,0,0.1
sz.002297,2025-07-28,10.89,9.9,1,False,-3.23,23.6987,1412758972.99,5961335318.0,36.13,0,0.1
sz.002298,2025-07-25,7.58,6.89,1,False,3.34,11.5982,565753736.67,4877944307.0,13.13,0,0.1
sz.002298,2025-08-12,8.56,7.78,1,False,0.0,14.7475,810616906.61,5496639475.0,21.25,0,0.1
sz.002298,2025-08-13,9.42,8.56,2,False,5.37,32.0469,1946220207.08,6073037352.0,34.96,0,0.1
sz.002298,2025-08-15,10.68,9.71,1,False,-3.91,19.4796,1325070339.37,6802348813.0,49.79,0,0.1
sz.002298,2025-08-19,12.44,11.31,1,False,5.13,30.2913,2436916655.45,8044939159.0,78.74,0,0.1
sz.002298,2025-08-26,11.94,10.85,1,False,0.65,17.4324,1331378599.42,7637379818.0,51.33,0,0.1
sz.002302,2025-07-21,6.63,6.03,1,False,9.78,1.7738,148392430.07,8365792652.0,16.11,0,0.1
sz.002302,2025-07-22,7.29,6.63,2,True,9.95,0.7863,72357798.96,9202314506.0,24.62,0,0.1
sz.002302,2025-08-08,7.05,6.41,1,False,-0.31,6.7443,576263627.7,8544454246.0,15.76,0,0.1
sz.002302,2025-08-11,7.76,7.05,2,False,6.1,9.3773,909523958.39,9699209350.0,27.21,0,0.1
sz.002305,2025-07-03,2.18,2.08,1,False,-0.48,3.1212,116224863.0,3723723664.0,9.0,1,0.1
sz.002305,2025-07-07,2.39,2.28,1,False,-0.88,2.6706,109167543.4,4087753441.0,18.32,1,0.1
sz.002305,2025-07-09,2.57,2.45,1,False,-0.82,4.8925,215039418.08,4395287033.0,24.76,1,0.1
sz.002305,2025-07-22,2.59,2.47,1,False,0.81,3.69,164925201.88,4469517666.0,26.96,1,0.1
sz.002305,2025-07-23,2.72,2.59,2,False,1.16,1.5936,74134968.6,4652043712.0,36.0,1,0.1
sz.002305,2025-07-25,2.77,2.64,1,False,0.0,3.5562,169720964.92,4772537116.0,39.2,1,0.1
sz.002305,2025-08-01,2.94,2.8,1,False,-0.36,2.9361,147191046.32,5013148269.0,28.95,1,0.1
sz.002305,2025-08-05,3.1,2.95,1,False,0.68,3.0365,161664185.01,5324030463.0,26.53,1,0.1
sz.002305,2025-08-06,3.26,3.1,2,False,0.0,3.2814,181267244.43,5524082539.0,26.85,1,0.1
sz.002305,2025-08-08,3.32,3.16,1,False,0.95,4.9777,274886185.35,5522353403.0,38.91,1,0.1
sz.002305,2025-08-12,3.58,3.41,1,False,-0.29,4.2829,262646251.32,6132439499.0,52.99,1,0.1
sz.002305,2025-08-13,3.76,3.58,2,False,1.12,5.1073,324268492.5,6349117782.0,59.32,1,0.1
sz.002305,2025-08-14,3.95,3.76,3,False,1.33,3.9851,269156163.07,6754062961.0,61.89,1,0.1
sz.002305,2025-08-15,4.15,3.95,4,False,-2.53,5.1094,359940328.95,7044669217.0,72.92,1,0.1
sz.002305,2025-08-18,4.36,4.15,5,False,2.41,2.3728,177567223.12,7483446693.0,76.52,1,0.1
sz.002305,2025-08-29,3.23,3.08,1,False,4.22,3.9539,221193858.0,5594321000.0,9.86,1,0.1
sz.002306,2025-08-15,1.88,1.79,1,False,0.56,3.9638,59824752.38,1509277773.0,0.0,1,0.1
sz.002306,2025-08-20,1.97,1.88,1,False,0.0,6.5929,104560533.09,1585956606.0,6.49,1,0.1
sz.002307,2025-07-22,4.48,4.07,1,False,1.97,10.2745,557523729.65,5426285753.0,13.99,0,0.1
sz.002307,2025-08-08,4.61,4.19,1,False,0.24,12.6447,725564615.83,5738092765.0,16.41,0,0.1
sz.002307,2025-08-11,5.07,4.61,2,True,9.98,1.3896,89355647.16,6430314275.0,28.35,0,0.1
sz.002307,2025-08-12,5.58,5.07,3,False,10.06,9.6748,681857939.84,7047772976.0,42.71,0,0.1
sz.002313,2025-08-05,11.24,10.22,1,False,-0.59,11.0563,450631055.4,4075785348.0,13.65,0,0.1
sz.002313,2025-08-06,12.36,11.24,2,False,6.67,14.7811,677744591.54,4585210786.0,24.72,0,0.1
sz.002313,2025-08-07,13.6,12.36,3,False,5.18,23.2422,1156995323.79,4977994010.0,40.21,0,0.1
sz.002313,2025-08-08,14.96,13.6,4,False,2.94,34.5411,1836697148.12,5317425178.0,54.71,0,0.1
sz.002314,2025-07-02,2.88,2.62,1,False,2.29,3.1845,120669232.81,3789267791.0,11.2,0,0.1
sz.002314,2025-07-03,3.17,2.88,2,False,7.64,6.4516,272239087.63,4219714298.0,23.83,0,0.1
sz.002314,2025-07-07,3.22,2.93,1,False,-2.05,10.2474,418596517.67,4084904636.0,24.81,0,0.1
sz.002314,2025-07-10,3.56,3.24,1,False,-1.85,20.541,929717394.71,4526154494.0,37.45,0,0.1
sz.002316,2025-08-15,6.2,5.9,1,False,-1.02,6.5905,136571000.67,2072240356.0,23.51,1,0.1
sz.002317,2025-07-29,19.73,17.94,1,False,0.78,15.3405,2260132101.31,14733105840.0,26.31,0,0.1
sz.002319,2025-07-24,13.87,12.61,1,False,0.0,5.8495,158650847.2,2712212107.0,8.78,0,0.1
sz.002320,2025-07-24,8.15,7.41,1,False,2.7,4.6182,813938436.75,17624581801.0,26.55,0,0.1
sz.002324,2025-07-07,11.45,10.41,1,False,3.75,7.2352,627533540.5,8673340619.0,9.15,0,0.1
sz.002326,2025-08-18,15.4,14.0,1,False,3.21,4.9544,610184388.58,12316009781.0,15.36,0,0.1
sz.002328,2025-08-12,6.81,6.19,1,False,1.13,10.6351,405156492.36,3809616199.0,16.41,0,0.1
sz.002329,2025-07-16,4.16,3.78,1,False,-2.38,22.8819,580285012.47,2536000124.0,20.93,0,0.1
sz.002329,2025-07-17,4.58,4.16,2,False,10.1,17.7039,527002126.07,2976757246.0,36.72,0,0.1
sz.002331,2025-08-06,8.91,8.1,1,False,-0.25,15.5336,537947014.2,3463118750.0,9.86,0,0.1
sz.002334,2025-08-18,10.47,9.52,1,False,3.15,14.3462,1055754691.64,7359124309.0,24.2,0,0.1
sz.002342,2025-07-02,6.84,6.22,1,True,9.97,5.8232,380261503.08,6530112362.0,7.38,0,0.1
sz.002342,2025-07-03,7.52,6.84,2,False,9.94,22.1101,1579917538.8,7145682465.0,19.55,0,0.1
sz.002342,2025-07-09,8.04,7.31,1,False,-0.68,38.4909,2858880531.76,7427419291.0,35.35,0,0.1
sz.002342,2025-08-14,8.29,7.54,1,False,-1.06,29.5231,2251819311.47,7627313228.0,14.5,0,0.1
sz.002343,2025-07-30,8.58,7.8,1,False,2.69,18.0987,718316382.35,3968883855.0,6.32,0,0.1
sz.002343,2025-08-18,8.7,7.91,1,False,5.06,14.0022,574957848.6,4106196516.0,12.4,0,0.1
sz.002343,2025-08-19,9.57,8.7,2,False,5.06,26.7916,1174898965.45,4385325869.0,24.29,0,0.1
sz.002346,2025-08-06,16.37,14.88,1,False,0.0,2.7578,171335673.28,6212766454.0,14.24,0,0.1
sz.002353,2025-08-07,44.3,40.27,1,False,9.26,1.2305,377663282.97,30691855585.0,26.25,0,0.1
sz.002354,2025-08-07,7.45,6.77,1,False,0.3,22.2147,2563687173.2,11540498738.0,14.62,0,0.1
sz.002356,2025-07-10,3.7,3.36,1,False,7.14,6.2506,300022670.6,4799901939.0,18.97,0,0.1
sz.002356,2025-07-11,4.07,3.7,2,False,2.43,14.336,717289660.51,5003415601.0,34.77,0,0.1
sz.002356,2025-08-26,3.62,3.29,1,False,0.61,5.693,260016841.46,4567307948.0,11.73,0,0.1
sz.002357,2025-07-23,10.88,9.89,1,False,1.31,3.8686,128955879.12,3333399140.0,23.78,0,0.1
sz.002360,2025-07-21,5.84,5.31,1,False,5.08,12.797,240075630.36,1876030557.0,12.52,0,0.1
sz.002360,2025-07-22,6.42,5.84,2,False,3.08,26.7663,545440752.04,2037789131.0,20.45,0,0.1
sz.002361,2025-07-29,6.91,6.28,1,False,-0.16,19.9613,1102389082.38,5522631704.0,11.09,0,0.1
sz.002362,2025-07-25,25.14,22.85,1,False,0.66,6.5664,336418187.54,5123327661.0,13.14,0,0.1
sz.002364,2025-08-11,18.3,16.64,1,False,-0.06,9.5012,947906224.94,9976700048.0,19.3,0,0.1
sz.002364,2025-08-15,20.64,18.76,1,False,0.05,10.6229,1176677349.19,11076799642.0,28.92,0,0.1
sz.002364,2025-08-18,22.7,20.64,2,False,9.88,4.3445,547532968.55,12602899495.0,41.87,0,0.1
sz.002364,2025-08-19,24.97,22.7,3,False,4.71,25.5885,3473156444.54,13573114659.0,60.27,0,0.1
sz.002364,2025-08-26,25.8,23.45,1,False,0.04,16.521,2331647782.64,14113236382.0,53.57,0,0.1
sz.002366,2025-07-07,9.83,8.94,1,False,0.67,41.7143,4925163230.89,11806894113.0,35.59,0,0.1
sz.002369,2025-08-21,10.56,9.6,1,False,2.19,29.5397,1703048321.68,5765286451.0,20.14,0,0.1
sz.002370,2025-07-16,4.41,4.01,1,False,-0.5,20.6124,659786577.21,3200920694.0,15.45,0,0.1
sz.002370,2025-07-17,4.85,4.41,2,False,-0.23,22.8799,791812554.65,3460734333.0,33.24,0,0.1
sz.002370,2025-07-21,5.43,4.94,1,False,-1.62,27.1777,1042767266.21,3836848836.0,46.76,0,0.1
sz.002370,2025-07-28,6.19,5.63,1,False,0.53,25.533,1146776098.26,4491348836.0,62.89,0,0.1
sz.002370,2025-07-29,6.81,6.19,2,False,4.36,25.9793,1285388443.34,4947740868.0,72.84,0,0.1
sz.002370,2025-08-01,7.4,6.73,1,False,-4.31,41.4869,2201374137.31,5306190960.0,85.0,0,0.1
sz.002377,2025-07-08,3.39,3.08,1,False,0.65,10.1474,289448864.25,2852443623.0,16.1,0,0.1
sz.002377,2025-08-07,3.37,3.06,1,False,6.21,6.2741,182596061.25,2910314806.0,2.74,0,0.1
sz.002378,2025-08-22,12.16,11.05,1,False,-2.9,11.3606,1627633444.55,14327002487.0,24.46,0,0.1
sz.002378,2025-08-25,13.38,12.16,2,False,6.91,4.3218,685273301.69,15856201159.0,36.11,0,0.1
sz.002380,2025-08-27,29.92,27.2,1,False,1.73,11.56,476778561.56,4124382020.0,17.8,0,0.1
sz.002382,2025-08-19,6.74,6.13,1,False,0.16,7.5563,495273002.88,6554438057.0,3.37,0,0.1
sz.002384,2025-07-01,41.55,37.77,1,False,-0.98,9.4207,5233023075.58,55548134168.0,46.05,0,0.1
sz.002384,2025-07-17,55.31,50.28,1,False,4.61,5.0851,3849774315.18,75706953947.0,49.12,0,0.1
sz.002384,2025-08-28,60.94,55.4,1,False,-0.52,7.9695,6565991536.26,82389002274.0,4.19,0,0.1
sz.002393,2025-07-15,21.71,19.74,1,False,5.37,4.9487,264299507.25,5340786616.0,2.5,0,0.1
sz.002393,2025-07-16,23.88,21.71,2,False,2.99,13.6785,790294778.92,5777642131.0,17.52,0,0.1
sz.002393,2025-07-17,26.27,23.88,3,False,6.78,13.7779,897118943.46,6511289409.0,38.85,0,0.1
sz.002394,2025-07-15,9.7,8.82,1,False,2.15,6.2432,189993139.6,3043201237.0,21.55,0,0.1
sz.002394,2025-07-16,10.67,9.7,2,False,6.39,23.3231,792361385.29,3397324478.0,35.75,0,0.1
sz.002394,2025-07-17,11.74,10.67,3,False,0.0,18.2955,666051127.73,3640518858.0,52.07,0,0.1
sz.002395,2025-07-07,19.28,17.53,1,False,0.11,6.7083,333544104.0,4972110729.0,-2.23,0,0.1
sz.002397,2025-08-19,3.96,3.6,1,False,0.56,12.2961,297014635.67,2415519032.0,9.39,0,0.1
sz.002398,2025-07-21,5.81,5.28,1,False,4.17,11.6617,380674666.76,3264315381.0,24.68,0,0.1
sz.002399,2025-07-21,13.82,12.56,1,False,4.3,1.6856,280408449.58,16635527384.0,19.76,0,0.1
sz.002401,2025-07-11,17.88,16.25,1,False,7.69,11.6325,758908436.57,6524035560.0,20.81,0,0.1
sz.002401,2025-07-14,19.67,17.88,2,True,10.01,1.7695,129259516.68,7304861073.0,27.64,0,0.1
sz.002401,2025-07-17,20.71,18.83,1,False,0.16,26.3103,1897623283.68,7212473000.0,34.13,0,0.1
sz.002401,2025-07-23,22.64,20.58,1,False,-2.82,29.0161,2312625546.46,7970146045.0,44.76,0,0.1
sz.002402,2025-08-22,36.14,32.85,1,False,3.77,21.7187,6237507788.74,28719526439.0,53.4,0,0.1
sz.002402,2025-08-25,39.75,36.14,2,False,8.0,8.819,2808497063.44,31845980989.0,58.75,0,0.1
sz.002403,2025-08-05,15.64,14.22,1,False,0.07,6.7041,306177228.0,4567014633.0,12.28,0,0.1
sz.002408,2025-07-25,5.38,4.89,1,False,0.2,4.7126,703467545.35,14927376509.0,19.03,0,0.1
sz.002410,2025-08-26,15.36,13.96,1,False,1.5,11.1561,2677389779.89,23999334713.0,16.36,0,0.1
sz.002413,2025-07-03,6.14,5.58,1,False,0.0,7.0223,527648595.52,7513899940.0,22.55,0,0.1
sz.002416,2025-07-01,13.22,12.02,1,False,-0.5,8.4715,1304065622.31,15393562206.0,18.67,0,0.1
sz.002418,2025-08-11,4.2,3.82,1,False,0.0,12.5367,572463110.0,4566298228.0,16.34,0,0.1
sz.002418,2025-08-14,4.65,4.23,1,False,5.44,7.6238,401046452.6,5260453483.0,27.75,0,0.1
sz.002421,2025-08-19,3.8,3.45,1,False,4.06,13.1432,988128414.0,7518172241.0,11.76,0,0.1
sz.002423,2025-08-28,14.23,12.94,1,False,-0.31,7.7582,2476008977.52,31914735087.0,16.07,0,0.1
sz.002424,2025-07-01,5.7,5.18,1,False,0.0,13.1111,888938669.14,6780046443.0,41.44,0,0.1
sz.002424,2025-07-31,5.94,5.4,1,False,0.0,9.3326,645026602.99,6911542368.0,1.19,0,0.1
sz.002424,2025-08-01,6.53,5.94,2,False,2.53,9.6799,749461034.28,7742446041.0,13.17,0,0.1
sz.002425,2025-07-08,3.34,3.18,1,False,0.94,3.0465,95715250.34,3141810285.0,13.22,1,0.1
sz.002425,2025-08-26,3.75,3.57,1,False,-0.56,2.915,102260945.0,3508094168.0,19.05,1,0.1
sz.002428,2025-07-29,24.99,22.72,1,False,1.1,12.9231,2076949080.67,16071601092.0,23.16,0,0.1
sz.002428,2025-08-19,25.82,23.47,1,False,0.13,17.227,2776157295.21,16115152349.0,23.07,0,0.1
sz.002428,2025-08-20,28.4,25.82,2,False,5.54,10.1643,1850437990.31,18205267360.0,38.2,0,0.1
sz.002429,2025-08-21,5.47,4.97,1,False,2.41,6.7319,1654958799.79,24583829228.0,16.63,0,0.1
sz.002434,2025-08-06,8.69,7.9,1,False,0.0,6.2409,683670271.96,10954674357.0,19.86,0,0.1
sz.002436,2025-07-28,17.89,16.26,1,False,3.14,11.2599,2979277069.49,26459178763.0,35.12,0,0.1
sz.002436,2025-08-29,21.0,19.09,1,False,-1.0,17.1641,5174399499.2,30146640367.0,15.13,0,0.1
sz.002437,2025-07-10,3.14,2.85,1,False,0.35,13.8918,892686467.89,6425995680.0,1.62,0,0.1
sz.002445,2025-08-19,2.64,2.4,1,False,0.0,14.5101,887696238.87,6117781675.0,2.33,0,0.1
sz.002453,2025-07-30,6.22,5.65,1,False,-0.18,4.8727,181032887.38,3715247961.0,1.97,0,0.1
sz.002454,2025-08-13,9.59,8.72,1,False,1.83,4.1031,241597347.89,5888166213.0,15.54,0,0.1
sz.002457,2025-07-21,12.76,11.6,1,False,4.31,22.3263,934086033.31,4183792358.0,2.65,0,0.1
sz.002459,2025-07-10,11.81,10.74,1,False,0.09,6.4815,2456877300.32,37905998616.0,19.17,0,0.1
sz.002460,2025-08-11,40.51,36.83,1,False,5.89,8.43,4032601386.66,47836315381.0,14.47,0,0.1
sz.002463,2025-08-13,58.28,52.98,1,False,1.66,5.7323,6247587536.66,108989193459.0,19.16,0,0.1
sz.002466,2025-07-24,40.29,36.63,1,False,-1.39,7.9122,4540828886.27,57390218729.0,28.15,0,0.1
sz.002466,2025-08-11,44.91,40.83,1,False,9.85,5.6926,3720420988.1,65355391001.0,31.2,0,0.1
sz.002468,2025-07-10,12.1,11.0,1,False,1.73,3.4863,612214933.48,17560592418.0,4.76,0,0.1
sz.002468,2025-07-25,15.14,13.76,1,False,1.24,3.6086,794596491.74,22019522578.0,41.89,0,0.1
sz.002468,2025-08-20,19.01,17.28,1,False,-0.41,3.9383,1063039461.4,26992343432.0,46.34,0,0.1
sz.002471,2025-08-08,4.97,4.52,1,False,-0.22,19.9966,1267219668.46,6337175662.0,6.42,0,0.1
sz.002476,2025-08-20,5.67,5.15,1,False,0.19,18.9221,649393060.99,3431929125.0,16.19,0,0.1
sz.002484,2025-08-04,26.18,23.8,1,False,7.14,7.9024,1684274925.71,21313460793.0,23.37,0,0.1
sz.002484,2025-08-29,33.31,30.28,1,False,4.03,16.6714,4400009964.53,26392564299.0,39.96,0,0.1
sz.002485,2025-07-09,4.35,4.14,1,False,0.72,1.7793,40869085.44,2296919319.0,10.69,1,0.1
sz.002485,2025-07-21,4.59,4.37,1,False,0.0,0.9861,24247690.0,2458948383.0,11.14,1,0.1
sz.002490,2025-07-30,6.13,5.57,1,False,0.36,24.5299,781821212.37,3187217283.0,-2.23,0,0.1
sz.002490,2025-08-05,6.39,5.81,1,False,0.0,8.6532,294056115.17,3398235510.0,9.61,0,0.1
sz.002491,2025-08-14,5.58,5.07,1,False,1.97,4.8384,309694241.2,6400757300.0,10.71,0,0.1
sz.002492,2025-08-14,7.69,6.99,1,False,-1.14,12.5897,371252104.85,2948855849.0,19.04,0,0.1
sz.002497,2025-07-21,13.21,12.01,1,False,9.99,5.5036,767545374.71,13946242000.0,19.33,0,0.1
sz.002497,2025-07-22,14.53,13.21,2,False,9.99,17.927,2724706615.09,15198898952.0,28.36,0,0.1
sz.002501,2025-08-12,2.24,2.04,1,False,-0.49,8.5777,661072345.54,7706871837.0,8.21,0,0.1
sz.002506,2025-07-10,2.86,2.6,1,False,-0.38,8.6864,1421853359.3,16368729961.0,27.68,0,0.1
sz.002510,2025-08-19,7.6,6.91,1,False,-0.14,20.5859,1510128571.72,7335742288.0,13.43,0,0.1
sz.002511,2025-07-14,7.77,7.06,1,False,3.82,4.5353,437895807.15,9655277648.0,14.43,0,0.1
sz.002516,2025-08-13,6.13,5.57,1,False,0.9,3.1084,266933265.24,8587481188.0,17.21,0,0.1
sz.002518,2025-08-15,28.82,26.2,1,False,0.08,6.5361,1028266771.72,15732115049.0,25.63,0,0.1
sz.002518,2025-08-19,33.74,30.67,1,False,9.78,3.5057,666586150.65,19014352359.0,47.98,0,0.1
sz.002520,2025-07-08,6.74,6.13,1,False,0.33,15.0975,709600137.0,4700116821.0,7.67,0,0.1
sz.002520,2025-07-09,7.41,6.74,2,False,1.04,23.0615,1199067316.02,5199433324.0,17.43,0,0.1
sz.002527,2025-07-14,15.79,14.35,1,False,1.53,11.1922,900073530.26,8041971465.0,10.81,0,0.1
sz.002528,2025-07-08,3.14,2.99,1,False,0.0,2.8134,90959278.29,3233073089.0,18.05,1,0.1
sz.002528,2025-08-07,3.0,2.86,1,False,0.35,4.2199,131927552.53,3126319404.0,-3.85,1,0.1
sz.002529,2025-08-26,6.85,6.52,1,False,3.53,1.438,25451631.7,1769932663.0,9.08,1,0.1
sz.002530,2025-08-29,11.7,10.64,1,False,5.26,17.5481,1385118866.62,7893269736.0,15.04,0,0.1
sz.002533,2025-08-01,11.06,10.05,1,False,0.3,15.5029,1072521215.83,6918197343.0,12.74,0,0.1
sz.002534,2025-07-21,12.67,11.52,1,False,0.17,2.1105,187851330.03,8900797443.0,14.66,0,0.1
sz.002534,2025-07-22,13.94,12.67,2,False,6.55,5.9708,585278657.67,9802349060.0,23.14,0,0.1
sz.002536,2025-08-06,19.59,17.81,1,False,8.87,3.9524,421165054.76,10655931959.0,29.31,0,0.1
sz.002536,2025-08-13,24.48,22.25,1,False,0.94,17.959,2326744475.18,12955868785.0,56.82,0,0.1
sz.002536,2025-08-14,26.93,24.48,2,False,5.8,20.7571,2922538467.13,14079705099.0,70.55,0,0.1
sz.002536,2025-08-15,29.62,26.93,3,False,-0.63,26.5284,4055919629.13,15288971929.0,85.01,0,0.1
sz.002536,2025-08-18,32.58,29.62,4,False,6.35,18.3877,3196920013.98,17386187582.0,105.55,0,0.1
sz.002537,2025-07-07,11.17,10.15,1,False,2.96,21.0816,2715465338.38,12880736464.0,32.98,0,0.1
sz.002537,2025-08-26,11.76,10.69,1,False,-0.56,10.6333,1396640227.59,13134588769.0,14.17,0,0.1
sz.002539,2025-08-26,11.53,10.48,1,False,-0.48,6.7786,669213698.96,9872447098.0,7.56,0,0.1
sz.002542,2025-07-17,3.69,3.35,1,False,3.88,7.4205,478591543.02,6449586187.0,18.27,0,0.1
sz.002542,2025-07-21,4.19,3.81,1,False,7.61,6.0145,440235616.0,7319571303.0,35.16,0,0.1
sz.002542,2025-07-22,4.61,4.19,2,True,10.02,1.0409,84390014.6,8107408454.0,35.19,0,0.1
sz.002543,2025-08-06,12.97,11.79,1,False,1.02,1.7477,144420931.9,8263485261.0,14.17,0,0.1
sz.002546,2025-07-10,6.31,5.74,1,False,3.83,15.3579,762932128.03,4967685218.0,11.29,0,0.1
sz.002549,2025-07-01,11.33,10.3,2,False,10.0,6.2661,491532377.5,7844311095.0,8.73,0,0.1
sz.002549,2025-07-02,12.46,11.33,3,False,2.03,27.0574,2216127768.99,8190468297.0,20.97,0,0.1
sz.002549,2025-08-12,13.65,12.41,1,False,0.56,12.0457,1083366278.03,8993800925.0,22.42,0,0.1
sz.002549,2025-08-13,15.02,13.65,2,False,5.42,7.9704,816026379.46,10238211124.0,35.32,0,0.1
sz.002549,2025-08-15,16.68,15.16,1,False,1.65,14.5563,1629264074.82,11192844849.0,40.29,0,0.1
sz.002549,2025-08-28,16.76,15.24,1,False,1.71,17.9241,2023984153.06,11291970883.0,42.15,0,0.1
sz.002550,2025-07-16,10.69,9.72,1,False,0.21,14.3924,1420909172.05,9872635363.0,25.18,0,0.1
sz.002551,2025-08-07,4.22,3.84,1,False,0.26,5.5839,140809753.91,2521709807.0,5.5,0,0.1
sz.002551,2025-08-08,4.64,4.22,2,True,9.95,5.7488,162985656.16,2835124829.0,17.17,0,0.1
sz.002551,2025-08-15,4.87,4.43,1,False,1.13,8.3731,246476844.64,2943674919.0,28.16,0,0.1
sz.002552,2025-07-08,16.3,14.82,1,False,-0.27,5.9895,303917010.2,5074163289.0,18.55,0,0.1
sz.002552,2025-07-14,17.01,15.46,1,False,0.58,9.005,476083205.09,5286876236.0,23.98,0,0.1
sz.002553,2025-08-19,30.0,27.27,1,False,-0.44,21.7771,1550215896.07,7118559845.0,21.7,0,0.1
sz.002553,2025-08-20,33.0,30.0,2,False,8.33,9.84,807245170.64,8203711084.0,33.66,0,0.1
sz.002555,2025-08-26,19.46,17.69,1,False,7.46,8.4646,2617766440.16,30926050140.0,14.61,0,0.1
sz.002558,2025-08-04,26.53,24.12,1,False,5.51,4.5197,2265181567.47,50117962862.0,8.82,0,0.1
sz.002562,2025-07-04,5.42,4.93,1,False,9.94,31.7342,1201618381.39,3786509133.0,14.35,0,0.1
sz.002562,2025-07-07,5.96,5.42,2,False,-1.85,26.5369,1057195870.75,3983871028.0,24.17,0,0.1
sz.002562,2025-07-14,6.26,5.69,1,False,0.35,21.8099,933999989.28,4282458834.0,36.09,0,0.1
sz.002562,2025-08-13,6.86,6.24,1,False,3.04,18.5919,868674970.78,4672330266.0,9.94,0,0.1
sz.002564,2025-07-10,6.11,5.55,1,False,0.0,4.8997,253439444.09,5172550240.0,8.53,0,0.1
sz.002564,2025-07-30,8.28,7.53,1,False,0.0,9.0172,607782405.56,6740256461.0,46.81,0,0.1
sz.002564,2025-08-29,9.19,8.35,1,False,2.63,2.614,203594599.38,7788622777.0,10.06,0,0.1
sz.002565,2025-07-28,7.28,6.62,1,False,0.45,9.3075,704331911.26,7567358703.0,18.76,0,0.1
sz.002565,2025-08-11,8.23,7.48,1,False,0.53,5.3472,453413594.49,8479458305.0,30.43,0,0.1
sz.002568,2025-08-22,28.27,25.7,1,False,5.6,3.3869,684359989.24,20206087846.0,12.36,0,0.1
sz.002569,2025-07-01,10.27,9.78,1,False,0.0,2.3782,33714418.0,1417644353.0,7.76,1,0.1
sz.002569,2025-07-28,9.55,9.1,1,False,-0.66,2.3675,30981004.0,1308595734.0,-2.35,1,0.1
sz.002570,2025-07-30,7.39,6.72,1,False,-1.93,38.9112,2917682567.81,7498310429.0,11.97,0,0.1
sz.002575,2025-08-20,8.84,8.04,1,False,0.0,10.3738,511635388.1,4931995875.0,0.91,0,0.1
sz.002575,2025-08-22,9.32,8.47,1,False,7.56,21.7986,1167179415.95,5354377877.0,6.15,0,0.1
sz.002576,2025-08-20,21.04,19.13,1,False,1.93,7.16,236027237.28,3296469794.0,21.27,0,0.1
sz.002578,2025-07-21,3.75,3.41,1,False,1.47,4.9793,156035755.31,3133688577.0,16.82,0,0.1
sz.002579,2025-07-03,15.6,14.18,1,False,-2.68,38.4948,3329203126.64,8648448951.0,88.41,0,0.1
sz.002581,2025-07-01,9.83,8.94,1,False,-0.56,7.636,281692902.89,3689011300.0,18.15,0,0.1
sz.002581,2025-07-03,10.86,9.87,1,False,0.0,8.8485,369903452.05,4180408567.0,33.42,0,0.1
sz.002581,2025-08-19,7.69,7.32,1,False,0.14,2.6531,80726620.19,3042728137.0,2.4,1,0.1
sz.002583,2025-08-20,13.86,12.6,1,False,0.08,12.0301,2064140237.01,17158130332.0,17.66,0,0.1
sz.002586,2025-08-12,3.33,3.17,1,False,0.0,1.3622,39852166.52,2925573816.0,7.42,1,0.1
sz.002592,2025-07-25,6.87,6.54,1,False,-0.92,3.5997,63798446.13,1772326753.0,11.89,1,0.1
sz.002592,2025-08-04,7.37,7.02,1,False,-1.0,2.2525,42763596.0,1898494828.0,14.8,1,0.1
sz.002592,2025-08-15,7.47,7.11,1,False,-0.14,1.9166,37046187.47,1932911795.0,16.54,1,0.1
sz.002593,2025-08-26,5.64,5.13,1,False,2.14,12.1534,373135770.16,3070217142.0,13.48,0,0.1
sz.002596,2025-07-24,4.88,4.44,1,False,-3.6,19.9568,1078824699.64,5405800026.0,29.44,0,0.1
sz.002598,2025-08-15,13.26,12.05,1,False,3.73,17.3378,631696073.47,3643461532.0,20.11,0,0.1
sz.002600,2025-08-18,11.13,10.12,1,False,3.26,6.2145,4670391717.53,75153137300.0,21.11,0,0.1
sz.002600,2025-08-19,12.24,11.13,2,False,2.43,9.0361,7297420462.51,80758518194.0,34.8,0,0.1
sz.002600,2025-08-25,13.56,12.33,1,False,0.73,9.9793,8994489431.58,90131466451.0,47.87,0,0.1
sz.002600,2025-08-26,14.92,13.56,2,False,3.32,8.3361,8277110160.87,99292356868.0,62.7,0,0.1
sz.002600,2025-08-28,16.26,14.78,1,False,-2.23,11.4136,11987649140.96,105029518653.0,80.47,0,0.1
sz.002602,2025-07-14,12.77,12.16,1,False,1.4,3.4041,2893191203.77,84991369342.0,28.08,1,0.1
sz.002602,2025-07-21,11.74,11.18,1,False,2.59,1.7414,1397952084.27,80277482731.0,12.56,1,0.1
sz.002602,2025-07-22,12.33,11.74,2,False,4.09,2.9016,2448946815.53,84399876466.0,18.1,1,0.1
sz.002602,2025-08-04,13.53,12.89,1,False,0.39,2.5436,2333990435.1,91759334608.0,10.45,1,0.1
sz.002602,2025-08-05,14.21,13.53,2,False,-0.22,2.3779,2273668557.1,95616659956.0,11.45,1,0.1
sz.002602,2025-08-21,14.09,13.42,1,False,0.89,2.6171,2501272668.21,95574210699.0,9.48,1,0.1
sz.002602,2025-08-29,15.53,14.79,1,False,0.81,2.3667,2476327370.27,104632077165.0,20.48,1,0.1
sz.002611,2025-08-06,15.64,14.22,1,False,0.28,20.214,3083758584.38,15255558447.0,31.43,0,0.1
sz.002611,2025-08-07,17.2,15.64,2,False,3.58,32.9528,5494306322.75,16673260915.0,42.86,0,0.1
sz.002611,2025-08-13,18.98,17.25,1,False,0.0,23.0647,4213864198.04,18269755072.0,52.21,0,0.1
sz.002611,2025-08-25,20.22,18.38,1,False,2.01,20.8032,4120165114.68,19805439138.0,45.47,0,0.1
sz.002613,2025-07-23,4.41,4.01,1,False,0.25,10.9531,361892933.31,3304022910.0,21.82,0,0.1
sz.002613,2025-08-21,4.59,4.17,1,False,-0.96,24.372,846127825.38,3471720931.0,3.85,0,0.1
sz.002620,2025-08-22,4.69,4.47,1,False,0.45,4.7557,69260072.5,1456359158.0,20.88,1,0.1
sz.002620,2025-08-25,4.92,4.69,2,False,3.84,2.4052,37043185.5,1540129116.0,23.93,1,0.1
sz.002620,2025-08-27,5.35,5.1,1,False,1.57,5.4695,91695637.46,1676490309.0,38.6,1,0.1
sz.002620,2025-08-29,5.57,5.3,1,False,3.58,2.7339,47718840.5,1745449376.0,44.3,1,0.1
sz.002622,2025-08-12,3.56,3.24,1,False,0.93,11.1261,323923866.36,2911387336.0,15.21,0,0.1
sz.002622,2025-08-20,3.96,3.6,1,False,1.11,9.8452,321582270.4,3266386365.0,30.26,0,0.1
sz.002622,2025-08-22,4.21,3.83,1,False,1.57,17.1717,584981953.7,3406663019.0,37.58,0,0.1
sz.002623,2025-07-02,17.16,15.6,1,False,6.79,4.106,139622706.88,3400455599.0,16.5,0,0.1
sz.002623,2025-07-03,18.88,17.16,2,True,10.02,1.293,48491089.92,3750277643.0,28.52,0,0.1
sz.002623,2025-07-04,20.77,18.88,3,False,10.01,18.3145,755248607.6,4123774100.0,39.77,0,0.1
sz.002623,2025-07-08,24.62,22.38,1,False,-6.08,23.3489,1025573187.75,4392383315.0,65.23,0,0.1
sz.002623,2025-07-11,26.74,24.31,1,False,2.92,23.6549,1204530473.35,5092097085.0,81.41,0,0.1
sz.002625,2025-08-20,49.53,45.03,1,False,-0.4,4.1132,4246312059.65,103236216563.0,27.39,0,0.1
sz.002628,2025-07-10,4.93,4.48,1,False,-0.22,13.0455,467399678.51,3582842195.0,16.0,0,0.1
sz.002628,2025-07-21,5.53,5.03,1,False,6.76,4.1862,173733467.1,4150147320.0,20.22,0,0.1
sz.002629,2025-07-17,6.7,6.09,1,False,0.0,13.198,305599502.65,2315498580.0,11.3,0,0.1
sz.002630,2025-08-25,2.76,2.63,1,True,4.94,1.2463,35439843.48,2843604548.0,4.94,1,0.1
sz.002633,2025-07-10,16.21,14.74,1,True,9.97,1.1501,27856074.5,2422056734.0,19.99,0,0.1
sz.002635,2025-08-20,15.72,14.29,1,False,2.87,7.9384,485959980.02,6121636350.0,16.79,0,0.1
sz.002636,2025-07-03,10.31,9.37,1,False,-0.32,4.7473,347941476.08,7329249807.0,16.1,0,0.1
sz.002636,2025-07-04,11.34,10.31,2,True,9.99,0.8821,72453267.18,8213724882.0,28.72,0,0.1
sz.002636,2025-07-07,12.47,11.34,3,False,-0.97,11.5387,1012585208.22,8775557110.0,41.38,0,0.1
sz.002636,2025-07-08,13.72,12.47,4,False,3.13,8.7743,835302809.54,9519879757.0,57.16,0,0.1
sz.002636,2025-07-09,15.09,13.72,5,True,9.99,0.9891,108110479.11,10930186949.0,71.87,0,0.1
sz.002636,2025-08-15,13.55,12.32,1,False,-1.06,8.427,789510880.03,9368824968.0,12.17,0,0.1
sz.002636,2025-08-28,14.6,13.27,1,False,-0.45,7.9658,794755006.84,9977089644.0,21.77,0,0.1
sz.002639,2025-07-23,11.44,10.4,1,False,5.29,32.1912,2372425620.28,7369795535.0,12.6,0,0.1
sz.002640,2025-07-09,5.45,4.95,1,False,0.0,32.6903,2410645602.85,7374192353.0,4.21,0,0.1
sz.002640,2025-07-10,6.0,5.45,2,False,4.22,49.8707,4091155830.0,8203525978.0,17.88,0,0.1
sz.002640,2025-08-21,6.06,5.51,1,False,0.36,25.8602,2124873312.22,8216770606.0,8.6,0,0.1
sz.002644,2025-07-28,9.72,8.84,1,False,1.24,4.7943,230189613.24,4801318508.0,17.82,0,0.1
sz.002644,2025-07-29,10.69,9.72,2,False,9.98,16.4752,875529021.14,5314223931.0,28.33,0,0.1
sz.002644,2025-07-30,11.76,10.69,3,False,-3.27,17.435,978439804.62,5611928905.0,41.52,0,0.1
sz.002645,2025-07-11,10.45,9.5,1,False,1.58,9.9887,510533634.82,5111111905.0,4.6,0,0.1
sz.002645,2025-07-14,11.5,10.45,2,False,6.99,14.689,859896893.36,5854019289.0,18.07,0,0.1
sz.002645,2025-07-15,12.65,11.5,3,False,10.0,12.2238,792474480.6,6483045212.0,33.86,0,0.1
sz.002645,2025-07-16,13.92,12.65,4,False,1.82,27.8259,1918763516.5,6895602717.0,50.65,0,0.1
sz.002645,2025-07-18,14.33,13.03,1,False,0.84,21.9153,1558702082.36,7112392175.0,57.3,0,0.1
sz.002645,2025-07-21,15.76,14.33,2,False,4.33,27.986,2216121418.42,7918678691.0,71.12,0,0.1
sz.002645,2025-08-15,14.92,13.56,1,False,-0.37,7.9496,596670705.1,7505669532.0,4.12,0,0.1
sz.002645,2025-08-18,16.41,14.92,2,False,3.89,17.1211,1387985328.5,8106870052.0,4.12,0,0.1
sz.002645,2025-08-19,18.05,16.41,3,False,4.51,19.1365,1752902257.9,9159994032.0,22.79,0,0.1
sz.002650,2025-07-30,6.47,6.16,1,False,0.49,1.1319,82608347.5,7298201917.0,0.0,1,0.1
sz.002650,2025-08-25,6.53,6.22,1,False,0.0,1.2675,92703995.52,7313924696.0,7.4,1,0.1
sz.002650,2025-08-26,6.86,6.53,2,False,0.92,0.9288,72477439.62,7803341906.0,11.36,1,0.1
sz.002651,2025-07-01,13.22,12.02,2,False,5.24,25.0707,1831961620.0,7307181770.0,14.16,0,0.1
sz.002651,2025-08-04,12.94,11.76,1,False,-0.51,12.8343,914105498.99,7122363502.0,8.56,0,0.1
sz.002651,2025-08-06,14.75,13.41,1,False,0.07,23.3136,1875822079.89,8046042138.0,23.74,0,0.1
sz.002651,2025-08-21,15.2,13.82,1,False,-0.94,18.7046,1532739464.86,8194451979.0,25.62,0,0.1
sz.002652,2025-07-18,3.62,3.29,1,False,0.3,3.8678,70144971.46,1813562528.0,21.48,0,0.1
sz.002652,2025-08-01,4.2,3.82,1,False,1.05,9.5089,195885141.27,2060018943.0,30.03,0,0.1
sz.002653,2025-07-10,46.41,42.19,1,False,5.55,1.034,253160476.16,24483605044.0,-2.7,0,0.1
sz.002653,2025-07-28,53.02,48.2,1,False,7.2,1.0536,296144177.57,28107837659.0,25.58,0,0.1
sz.002656,2025-08-21,2.44,2.32,1,False,0.86,2.1336,34779926.57,1630105295.0,6.55,1,0.1
sz.002657,2025-07-10,31.79,28.9,1,False,-0.87,35.0272,3657235113.31,10441128932.0,34.14,0,0.1
sz.002657,2025-08-14,34.12,31.02,1,False,3.64,11.4758,1308016422.85,11398041294.0,10.03,0,0.1
sz.002657,2025-08-18,38.85,35.32,1,False,-0.37,28.235,3483564210.42,12337751763.0,30.24,0,0.1
sz.002657,2025-08-19,42.74,38.85,2,False,2.52,21.3836,3022920894.41,14136632253.0,50.44,0,0.1
sz.002658,2025-07-01,8.61,7.83,2,False,8.56,9.0391,277829694.03,3073643328.0,23.88,0,0.1
sz.002658,2025-07-02,9.47,8.61,3,False,9.99,17.3971,587076509.93,3374565358.0,37.05,0,0.1
sz.002658,2025-07-03,10.42,9.47,4,False,10.03,15.4371,570287765.14,3694267480.0,42.74,0,0.1
sz.002660,2025-08-15,10.38,9.44,1,False,-0.11,12.708,438743735.99,3452500283.0,12.1,0,0.1
sz.002664,2025-08-08,24.42,22.2,1,False,-0.09,9.0714,861835502.9,9500578774.0,36.81,0,0.1
sz.002669,2025-07-01,12.76,11.6,1,False,0.43,7.8628,297670280.88,3785805068.0,8.23,0,0.1
sz.002669,2025-07-02,14.04,12.76,2,False,10.03,20.0373,842690621.69,4205609646.0,24.69,0,0.1
sz.002670,2025-08-12,17.74,16.13,1,False,0.12,12.3726,3447069977.53,27860514181.0,22.68,0,0.1
sz.002670,2025-08-13,19.51,17.74,2,False,5.07,10.9412,3337224157.29,30501445521.0,34.37,0,0.1
sz.002671,2025-07-21,5.26,4.78,1,False,3.14,8.8109,248610204.7,2821621000.0,15.86,0,0.1
sz.002674,2025-07-10,10.85,9.86,1,False,-0.1,10.8848,342581165.55,3147335418.0,11.05,0,0.1
sz.002674,2025-07-15,11.23,10.21,1,False,0.69,11.3024,359728817.18,3182764875.0,17.47,0,0.1
sz.002674,2025-08-08,11.78,10.71,1,False,-0.47,8.9173,295942685.56,3318747665.0,12.62,0,0.1
sz.002674,2025-08-18,13.2,12.0,1,False,3.25,9.032,339087816.39,3754293804.0,23.13,0,0.1
sz.002674,2025-08-21,13.79,12.54,1,False,3.99,5.3882,215186783.74,3993667342.0,32.85,0,0.1
sz.002675,2025-07-30,17.6,16.0,1,False,1.75,2.8303,366214797.08,12939080560.0,21.88,0,0.1
sz.002676,2025-07-03,7.96,7.24,1,False,0.83,8.387,472489500.4,5633593662.0,38.92,0,0.1
sz.002676,2025-08-05,8.12,7.38,1,False,1.08,2.1932,126464152.7,5766193357.0,3.97,0,0.1
sz.002676,2025-08-12,10.48,9.53,1,False,1.47,9.0917,662000373.8,7281370633.0,36.64,0,0.1
sz.002681,2025-08-26,7.9,7.18,1,False,-0.97,19.0396,2210206093.83,11608469158.0,17.91,0,0.1
sz.002685,2025-08-22,8.62,7.84,1,False,2.42,14.548,1226619810.11,8431535676.0,13.57,0,0.1
sz.002685,2025-08-26,9.77,8.88,1,False,-2.14,19.5575,1804294160.1,9225586911.0,31.49,0,0.1
sz.002690,2025-08-26,19.6,17.82,1,False,3.31,3.4962,291557075.7,8339256212.0,14.49,0,0.1
sz.002691,2025-08-26,9.39,8.54,1,False,-0.47,4.9049,151385662.3,3086416895.0,12.86,0,0.1
sz.002692,2025-08-22,5.64,5.13,1,False,-0.19,9.3329,365951381.92,3921089714.0,11.02,0,0.1
sz.002692,2025-08-29,6.14,5.58,1,False,1.25,9.6273,407872905.75,4236628190.0,25.05,0,0.1
sz.002693,2025-07-03,7.73,7.36,1,False,0.54,3.0391,94845068.0,3120827482.0,-4.8,1,0.1
sz.002693,2025-07-24,7.94,7.56,1,False,-0.26,7.9041,255714795.0,3235217103.0,6.72,1,0.1
sz.002693,2025-08-01,8.72,8.3,1,False,-0.6,5.941,206877292.0,3482196465.0,12.81,1,0.1
sz.002693,2025-08-04,9.16,8.72,2,False,5.05,2.3492,88224463.32,3755510954.0,23.62,1,0.1
sz.002696,2025-07-02,6.73,6.12,1,False,3.76,5.6593,126219278.07,2230298413.0,9.97,0,0.1
sz.002696,2025-07-03,7.4,6.73,2,False,6.09,18.101,446550042.4,2466991008.0,24.16,0,0.1
sz.002706,2025-07-31,9.64,8.76,1,False,-0.11,9.6154,837891753.68,8714060296.0,7.11,0,0.1
sz.002706,2025-08-05,10.03,9.12,1,False,0.99,16.0523,1456899607.99,9075955520.0,9.86,0,0.1
sz.002706,2025-08-08,11.15,10.14,1,False,2.56,10.8454,1066646232.44,9835010534.0,23.61,0,0.1
sz.002706,2025-08-25,12.45,11.32,1,False,3.8,4.8829,552054163.31,11305866663.0,40.68,0,0.1
sz.002708,2025-08-18,12.46,11.33,1,False,1.32,5.8511,367462959.12,6280237205.0,14.0,0,0.1
sz.002713,2025-07-16,4.68,4.46,1,False,0.0,5.061,96106249.85,1898957713.0,0.0,1,0.1
sz.002715,2025-08-15,18.47,16.79,1,False,0.0,13.5522,339905192.15,2508118181.0,-1.23,0,0.1
sz.002715,2025-08-25,21.21,19.28,1,False,0.1,8.9319,251599733.32,2816866885.0,10.64,0,0.1
sz.002716,2025-07-11,4.41,4.01,1,False,3.49,14.9258,1410583762.49,9450640920.0,9.7,0,0.1
sz.002716,2025-07-14,4.85,4.41,2,False,5.44,17.673,1863663728.16,10545259595.0,21.55,0,0.1
sz.002716,2025-08-25,5.39,4.9,1,False,3.27,9.5455,1113568519.15,11665900363.0,15.91,0,0.1
sz.002717,2025-08-25,1.73,1.65,1,False,1.21,9.1009,248706056.26,2732763312.0,-3.35,1,0.1
sz.002721,2025-07-03,3.65,3.32,1,False,2.41,10.8515,1016416700.69,9366600937.0,14.42,0,0.1
sz.002721,2025-07-04,4.02,3.65,2,True,10.14,6.1547,657984486.66,10690764565.0,20.0,0,0.1
sz.002721,2025-07-07,4.42,4.02,3,False,0.0,10.6999,1215658819.89,11361403563.0,30.0,0,0.1
sz.002722,2025-08-20,19.35,17.59,1,False,0.0,12.2438,403788338.44,3297900476.0,14.97,0,0.1
sz.002725,2025-07-15,14.37,13.06,1,False,1.53,12.6201,373340850.52,2958303425.0,26.39,0,0.1
sz.002725,2025-08-20,16.04,14.58,1,False,2.88,19.0402,615960418.52,3235052250.0,19.88,0,0.1
sz.002729,2025-07-01,15.4,14.0,1,False,2.36,5.1705,138320578.2,2675187665.0,21.26,0,0.1
sz.002730,2025-07-16,18.01,16.37,1,False,-0.24,6.3443,388965014.2,6130936655.0,10.42,0,0.1
sz.002730,2025-07-17,19.81,18.01,2,False,1.61,22.3032,1458012008.54,6537232364.0,24.75,0,0.1
sz.002732,2025-07-24,18.67,16.97,1,False,-0.24,7.8709,225712798.0,2867687278.0,14.26,0,0.1
sz.002733,2025-08-18,22.68,20.62,1,False,4.27,10.1919,844743033.22,8288376389.0,34.44,0,0.1
sz.002735,2025-07-07,15.84,14.4,1,False,0.07,23.5611,1020172192.24,4329900523.0,-8.86,0,0.1
sz.002735,2025-08-29,17.28,15.71,1,False,0.19,21.1969,1017947009.44,4802339066.0,12.5,0,0.1
sz.002742,2025-08-05,5.41,5.15,1,False,0.0,1.3411,30855545.5,2300763962.0,5.05,1,0.1
sz.002742,2025-08-06,5.68,5.41,2,False,4.44,1.0308,25153259.0,2440168704.0,12.92,1,0.1
sz.002742,2025-08-20,5.04,4.8,1,False,0.21,3.4563,73848481.97,2136634030.0,2.86,1,0.1
sz.002755,2025-07-04,18.04,16.4,1,False,-0.49,2.8341,461270127.77,16275718139.0,4.4,0,0.1
sz.002755,2025-07-15,21.66,19.69,1,False,3.1,2.1558,426482507.1,19783027512.0,28.93,0,0.1
sz.002755,2025-07-16,23.83,21.66,2,False,-1.99,4.5435,958946517.42,21105898920.0,44.16,0,0.1
sz.002757,2025-07-18,20.02,18.2,1,False,10.0,14.9882,846189599.74,5645705286.0,16.94,0,0.1
sz.002757,2025-07-31,21.78,19.8,1,False,10.0,27.7927,1696453228.48,6103952579.0,19.67,0,0.1
sz.002760,2025-08-08,23.23,21.12,1,False,-0.05,17.8578,425163106.88,2380825784.0,20.99,0,0.1
sz.002761,2025-07-22,10.58,9.62,1,False,6.96,8.6081,977122840.92,11351202250.0,21.47,0,0.1
sz.002762,2025-07-15,5.91,5.63,1,False,-1.42,7.1942,87404093.54,1214924433.0,-12.7,1,0.1
sz.002762,2025-07-24,6.57,6.26,1,False,0.96,5.0141,68925920.5,1374641920.0,12.89,1,0.1
sz.002762,2025-08-06,6.51,6.2,1,False,1.13,4.9525,66985310.62,1352555490.0,19.45,1,0.1
sz.002767,2025-08-05,21.08,19.16,1,False,1.83,10.6478,278414980.21,2614765306.0,19.98,0,0.1
sz.002771,2025-07-23,17.71,16.1,1,False,-0.06,8.2581,249670779.4,3023344103.0,9.39,0,0.1
sz.002774,2025-07-16,10.25,9.32,1,False,0.0,3.4926,98753229.08,2827498972.0,20.31,0,0.1
sz.002774,2025-07-29,11.11,10.1,1,False,0.59,5.022,154529134.0,3077043688.0,26.83,0,0.1
sz.002775,2025-07-25,4.52,4.11,1,False,2.43,5.742,113419326.24,1975258207.0,18.95,0,0.1
sz.002775,2025-07-31,4.4,4.0,1,False,1.75,7.2009,138602427.0,1924793109.0,17.33,0,0.1
sz.002775,2025-08-01,4.84,4.4,2,False,5.68,12.3385,257784074.21,2089265909.0,30.81,0,0.1
sz.002775,2025-08-04,5.32,4.84,3,False,6.61,28.1283,658362370.08,2340569356.0,40.74,0,0.1
sz.002775,2025-08-05,5.85,5.32,4,False,-0.38,31.9321,767587054.15,2403810129.0,51.16,0,0.1
sz.002778,2025-07-23,21.05,19.14,1,False,9.82,8.9355,227148570.31,2542091325.0,10.56,0,0.1
sz.002778,2025-08-27,20.68,18.8,1,False,1.06,16.8649,419966040.58,2490178066.0,13.07,0,0.1
sz.002779,2025-08-13,105.39,95.81,1,False,-0.16,7.2202,1214022418.46,16814249168.0,30.43,0,0.1
sz.002782,2025-08-11,16.14,14.67,1,False,-1.02,10.9835,825249787.16,7513541104.0,18.5,0,0.1
sz.002782,2025-08-13,17.42,15.84,1,False,1.7,11.3542,909776465.96,8012686635.0,29.61,0,0.1
sz.002782,2025-08-15,18.0,16.36,1,False,1.83,8.2443,712247293.93,8639269482.0,34.63,0,0.1
sz.002783,2025-07-21,9.96,9.05,1,False,4.75,15.0848,645388212.79,4278400859.0,20.0,0,0.1
sz.002783,2025-07-22,10.96,9.96,2,False,6.43,14.0528,661695573.91,4708638662.0,29.55,0,0.1
sz.002786,2025-07-01,10.14,9.22,1,False,6.29,4.4218,221064648.0,4999426659.0,14.45,0,0.1
sz.002789,2025-08-05,8.72,8.3,1,False,0.12,2.3,25833566.0,1123198522.0,1.16,1,0.1
sz.002789,2025-08-20,9.01,8.58,1,False,3.38,1.6195,19065146.0,1177224205.0,8.82,1,0.1
sz.002792,2025-08-20,19.29,17.54,1,False,4.33,27.1735,1614357915.26,5940927430.0,23.18,0,0.1
sz.002793,2025-07-29,5.97,5.43,1,False,0.18,3.8796,239544555.52,6174465293.0,23.35,0,0.1
sz.002795,2025-08-05,6.55,5.95,1,False,0.67,12.2782,339683777.0,2766560058.0,23.82,0,0.1
sz.002796,2025-07-28,12.67,11.52,1,False,3.47,7.7967,218511041.15,2802609324.0,7.37,0,0.1
sz.002799,2025-07-31,9.24,8.4,1,False,-0.6,9.3756,269758017.57,2877234711.0,8.83,0,0.1
sz.002799,2025-08-01,10.16,9.24,2,False,9.96,10.9457,355563183.04,3248427995.0,21.68,0,0.1
sz.002800,2025-08-08,15.92,14.47,1,False,-0.76,12.778,274121869.56,2145264279.0,16.97,0,0.1
sz.002800,2025-08-11,17.51,15.92,2,False,6.72,8.1284,198964045.52,2447763957.0,26.06,0,0.1
sz.002801,2025-07-01,35.61,32.37,1,False,0.4,7.4052,299137306.32,4039557423.0,17.37,0,0.1
sz.002803,2025-07-07,16.06,14.6,1,False,1.16,11.0468,496906068.98,4498190145.0,17.31,0,0.1
sz.002808,2025-07-07,4.55,4.33,1,False,-0.23,3.1415,26268873.0,836188859.0,0.22,1,0.1
sz.002808,2025-07-14,4.82,4.59,1,False,0.0,3.5943,32174957.44,895166164.0,9.05,1,0.1
sz.002808,2025-07-15,5.06,4.82,2,False,0.83,8.3527,77235234.2,924673868.0,16.59,1,0.1
sz.002808,2025-07-16,5.31,5.06,3,False,0.79,7.4731,71477624.96,956465522.0,22.07,1,0.1
sz.002808,2025-07-17,5.58,5.31,4,False,0.75,4.3768,44774811.64,1023003373.0,32.23,1,0.1
sz.002808,2025-07-18,5.86,5.58,5,False,4.12,2.8083,30542019.14,1087562552.0,44.69,1,0.1
sz.002808,2025-07-24,5.28,5.03,1,False,-3.18,9.9925,94301447.5,943722267.0,25.12,1,0.1
sz.002808,2025-08-11,5.45,5.19,1,False,-0.58,2.4589,24720651.2,1005354069.0,13.07,1,0.1
sz.002808,2025-08-14,5.7,5.43,1,False,0.74,3.7807,39359512.24,1041064148.0,2.15,1,0.1
sz.002809,2025-07-21,13.48,12.25,1,False,7.02,24.489,448422559.38,1831118295.0,6.65,0,0.1
sz.002811,2025-08-01,11.66,10.6,1,True,10.0,4.7192,155785890.26,3301108032.0,13.09,0,0.1
sz.002815,2025-08-28,17.19,15.63,1,False,0.19,20.1773,2141382747.26,10612830990.0,29.54,0,0.1
sz.002816,2025-07-01,19.18,18.27,2,True,4.98,0.7502,14388836.0,1918000000.0,1.0,1,0.1
sz.002816,2025-08-21,17.2,16.38,1,False,-0.12,4.8642,82483267.0,1695721126.0,-3.04,1,0.1
sz.002820,2025-08-11,12.44,11.31,1,False,0.88,20.8044,500981451.95,2408055277.0,7.15,0,0.1
sz.002820,2025-08-12,13.68,12.44,2,False,1.29,27.8535,732656444.37,2630392749.0,24.7,0,0.1
sz.002820,2025-08-13,15.05,13.68,3,False,10.01,26.1438,775494760.47,2966266421.0,35.71,0,0.1
sz.002820,2025-08-19,15.86,14.42,1,False,0.83,17.769,544607332.6,3064929555.0,41.86,0,0.1
sz.002821,2025-07-11,97.5,88.64,1,False,2.56,3.8824,1180558836.94,30407965097.0,6.57,0,0.1
sz.002821,2025-07-24,113.21,102.92,1,False,-0.04,4.1447,1419161968.26,34240402641.0,36.98,0,0.1
sz.002822,2025-08-05,3.63,3.46,1,False,0.87,2.9536,62698443.82,2122780465.0,1.68,1,0.1
sz.002822,2025-08-06,3.81,3.63,2,False,2.2,2.0824,46479323.46,2232007465.0,9.8,1,0.1
sz.002822,2025-08-21,3.7,3.52,1,True,5.11,0.7053,15782882.8,2237754544.0,6.63,1,0.1
sz.002823,2025-08-18,17.46,15.87,1,False,0.88,10.1641,373062535.04,3670394182.0,18.37,0,0.1
sz.002823,2025-08-20,18.9,17.18,1,False,0.06,16.664,646988228.04,3882550576.0,29.99,0,0.1
sz.002824,2025-08-26,21.11,19.19,1,False,-0.21,11.6661,448663581.59,3845874642.0,23.74,0,0.1
sz.002826,2025-07-24,20.9,19.0,1,False,0.11,20.6025,717184604.0,3481056202.0,1.31,0,0.1
sz.002826,2025-07-25,22.99,20.9,2,False,1.96,23.9015,949161725.6,3971138739.0,19.68,0,0.1
sz.002826,2025-08-11,22.81,20.74,1,False,0.05,11.3235,438376702.0,3871388723.0,25.74,0,0.1
sz.002827,2025-07-21,42.45,38.59,1,True,10.0,1.0728,125688082.5,11715891359.0,26.08,0,0.1
sz.002827,2025-07-22,46.7,42.45,2,True,10.01,0.1397,18000515.0,12885121689.0,36.39,0,0.1
sz.002827,2025-07-23,51.37,46.7,3,True,10.0,0.3108,44067754.5,14178814189.0,49.37,0,0.1
sz.002827,2025-07-24,56.51,51.37,4,False,7.22,21.7356,3326935986.01,15306391294.0,66.79,0,0.1
sz.002829,2025-08-28,23.78,21.62,1,False,1.11,23.5706,815821900.58,3461184274.0,11.7,0,0.1
sz.002830,2025-08-25,19.14,17.4,1,False,0.29,6.1296,76776660.0,1252555795.0,20.76,0,0.1
sz.002833,2025-08-13,19.58,17.8,1,False,3.99,13.4917,737017734.67,5462749206.0,19.54,0,0.1
sz.002837,2025-07-30,36.55,33.23,1,False,7.07,9.372,2858524915.82,30500692657.0,27.17,0,0.1
sz.002837,2025-08-08,46.39,42.17,1,False,-0.71,11.1825,4276123654.06,38239424584.0,51.45,0,0.1
sz.002837,2025-08-18,70.2,63.82,1,False,0.53,13.2579,7536688670.22,56846775660.0,112.79,0,0.1
sz.002838,2025-07-17,21.33,19.39,1,False,0.15,3.5709,310010949.92,8681591473.0,24.23,0,0.1
sz.002838,2025-08-21,26.02,23.65,1,False,1.18,1.2266,132853553.05,10831041338.0,13.28,0,0.1
sz.002838,2025-08-22,28.62,26.02,2,False,5.69,7.6887,887331250.96,11540718860.0,23.1,0,0.1
sz.002841,2025-08-11,38.98,35.44,1,False,2.48,2.4469,488103991.71,19947852046.0,13.64,0,0.1
sz.002842,2025-08-25,12.13,11.03,1,False,1.81,27.5793,864115250.43,3133202258.0,23.65,0,0.1
sz.002842,2025-08-28,12.76,11.6,1,False,1.72,33.2922,1093704596.14,3285167685.0,41.46,0,0.1
sz.002843,2025-07-25,22.61,20.55,1,False,0.15,11.0755,601538039.0,5431249506.0,2.03,0,0.1
sz.002845,2025-07-01,15.73,14.3,1,False,-0.21,4.952,191467890.4,3866475977.0,20.63,0,0.1
sz.002848,2025-07-07,7.65,7.29,1,False,-0.27,2.5637,31653684.0,1234687522.0,-4.73,1,0.1
sz.002848,2025-08-15,8.17,7.78,1,False,0.39,5.3993,71735997.0,1328616617.0,6.66,1,0.1
sz.002848,2025-08-18,8.58,8.17,2,False,2.45,2.2522,31380051.0,1393306589.0,11.28,1,0.1
sz.002851,2025-07-18,58.38,53.07,1,False,10.01,9.7915,2600252238.13,26556219559.0,27.08,0,0.1
sz.002851,2025-08-11,67.63,61.48,1,False,4.1,8.702,2644095869.7,30384921509.0,33.18,0,0.1
sz.002851,2025-08-27,86.03,78.21,1,False,2.29,7.2635,2816580808.16,38777184665.0,51.57,0,0.1
sz.002852,2025-07-14,11.54,10.49,1,False,7.82,10.7247,343350955.54,3201497063.0,17.04,0,0.1
sz.002857,2025-08-26,28.63,26.03,1,False,2.11,6.1525,220735063.8,3587729603.0,-4.44,0,0.1
sz.002865,2025-07-08,42.69,38.81,1,False,-0.05,10.2501,952996827.43,9297439317.0,14.33,0,0.1
sz.002866,2025-07-01,20.23,18.39,1,False,-0.49,15.578,542048601.44,3479577619.0,26.12,0,0.1
sz.002868,2025-07-28,24.74,23.56,1,False,0.0,1.1196,41913505.4,3743614273.0,2.23,1,0.1
sz.002868,2025-07-30,26.73,25.46,1,False,1.34,1.8062,72944808.0,4038578673.0,12.69,1,0.1
sz.002868,2025-08-08,27.57,26.26,1,False,-0.11,1.2342,51704597.5,4189320815.0,15.07,1,0.1
sz.002871,2025-08-14,12.87,11.7,1,False,1.62,5.7957,112704168.79,1944617023.0,21.42,0,0.1
sz.002871,2025-08-18,15.44,14.04,1,False,-4.56,25.1505,566108827.39,2250884982.0,40.24,0,0.1
sz.002871,2025-08-19,16.98,15.44,2,False,5.63,6.0827,156322585.68,2569953897.0,54.36,0,0.1
sz.002871,2025-08-22,18.43,16.75,1,False,1.49,20.3197,548534658.72,2699521443.0,71.6,0,0.1
sz.002873,2025-08-01,11.96,10.87,1,False,3.22,6.7742,188493001.33,2782513084.0,23.55,0,0.1
sz.002873,2025-08-15,12.55,11.41,1,False,0.61,17.9249,505879910.73,2822218873.0,20.21,0,0.1
sz.002873,2025-08-18,13.81,12.55,2,False,0.88,21.7328,690315664.06,3176377016.0,26.7,0,0.1
sz.002873,2025-08-19,15.19,13.81,3,False,3.98,12.2725,437619192.15,3565852044.0,41.04,0,0.1
sz.002879,2025-08-13,18.35,16.68,1,False,1.44,16.2753,400543493.63,2461051370.0,19.62,0,0.1
sz.002879,2025-08-15,19.21,17.46,1,False,-0.52,20.9676,536587511.91,2559126996.0,24.9,0,0.1
sz.002879,2025-08-18,21.13,19.21,2,False,4.27,33.3802,921532100.67,2760714737.0,33.9,0,0.1
sz.002883,2025-07-21,12.61,11.46,1,False,1.83,11.9912,194383771.65,1621053536.0,17.96,0,0.1
sz.002883,2025-07-22,13.87,12.61,2,False,-0.16,37.7019,657627205.79,1744281338.0,24.95,0,0.1
sz.002883,2025-07-23,15.26,13.87,3,False,7.5,14.0677,279013356.0,1983361573.0,37.35,0,0.1
sz.002883,2025-07-24,16.79,15.26,4,False,0.85,49.683,945028457.66,1902116333.0,50.99,0,0.1
sz.002885,2025-08-06,16.1,14.64,1,False,0.0,9.615,354106216.6,3682851967.0,10.12,0,0.1
sz.002887,2025-07-24,9.22,8.38,1,False,0.12,15.8696,274429606.6,1729278662.0,13.55,0,0.1
sz.002887,2025-07-29,9.39,8.54,1,False,-0.12,13.3293,228304767.35,1712803878.0,12.46,0,0.1
sz.002888,2025-08-20,21.2,19.27,1,False,0.57,12.4234,192151847.52,1546692914.0,14.35,0,0.1
sz.002889,2025-07-24,16.46,14.96,1,False,0.07,9.9086,404733263.69,4084666489.0,13.2,0,0.1
sz.002890,2025-08-11,15.73,14.3,1,False,0.63,2.3213,57466938.1,2475635984.0,16.69,0,0.1
sz.002893,2025-08-13,12.3,11.18,1,False,0.09,11.8785,286377902.16,2410892808.0,11.72,0,0.1
sz.002896,2025-07-11,61.44,55.85,1,False,-0.64,15.3445,1793336233.14,11687159785.0,-14.55,0,0.1
sz.002896,2025-07-14,67.58,61.44,2,False,3.89,14.2711,1840033500.68,12893424478.0,-6.62,0,0.1
sz.002896,2025-07-21,88.28,80.25,1,False,4.67,17.7431,3026014187.02,17054596925.0,26.08,0,0.1
sz.002896,2025-08-06,94.38,85.8,1,False,1.03,14.1819,2523544727.27,17794122983.0,62.25,0,0.1
sz.002898,2025-07-01,12.01,11.44,1,False,0.44,5.0778,61248316.0,1206197881.0,-2.91,1,0.1
sz.002898,2025-07-08,12.48,11.89,1,False,0.08,3.8497,47952164.9,1245607837.0,4.96,1,0.1
sz.002898,2025-07-10,12.83,12.22,1,True,4.99,1.2495,16232913.73,1299152760.0,5.08,1,0.1
sz.002898,2025-07-11,13.47,12.83,2,False,4.52,3.1246,42470389.0,1359226429.0,8.19,1,0.1
sz.002898,2025-07-29,14.16,13.49,1,False,0.0,3.5491,50124181.7,1412306830.0,17.9,1,0.1
sz.002898,2025-08-04,15.67,14.92,1,False,-1.14,3.5604,55819730.7,1567793807.0,31.79,1,0.1
sz.002898,2025-08-05,16.45,15.67,2,False,2.62,6.7227,110278494.85,1640389945.0,31.81,1,0.1
sz.002898,2025-08-08,16.81,16.01,1,False,2.5,4.1888,69774660.8,1665743430.0,24.8,1,0.1
sz.002898,2025-08-19,15.59,14.85,1,False,-0.34,3.3166,51562604.8,1554682651.0,18.83,1,0.1
sz.002900,2025-07-08,16.39,14.9,1,False,2.35,15.1368,421516211.0,2784711504.0,-1.86,0,0.1
sz.002900,2025-07-16,15.57,14.15,1,False,-0.99,17.1165,443518560.5,2591175535.0,12.34,0,0.1
sz.002901,2025-07-15,41.61,37.83,1,False,4.41,2.154,255291782.2,11851986175.0,14.79,0,0.1
sz.002901,2025-08-04,49.15,44.68,1,False,2.08,1.7882,246863773.51,13805154541.0,36.23,0,0.1
sz.002901,2025-08-07,57.4,52.18,1,False,-1.19,4.0382,645043415.03,15973538087.0,56.83,0,0.1
sz.002905,2025-07-30,10.52,9.56,1,False,0.21,2.901,105604454.04,3640277630.0,12.51,0,0.1
sz.002907,2025-08-01,20.74,18.85,1,False,2.28,12.3692,764362724.2,6179564759.0,23.82,0,0.1
sz.002908,2025-07-04,10.76,9.78,1,False,0.41,18.5387,708119655.89,3819683451.0,13.62,0,0.1
sz.002908,2025-07-14,12.96,11.78,1,False,1.02,24.7216,1092340600.74,4418567571.0,35.56,0,0.1
sz.002908,2025-08-08,12.08,10.98,1,False,5.74,10.5687,456267859.92,4317161618.0,2.55,0,0.1
sz.002908,2025-08-11,13.29,12.08,2,False,7.62,28.6169,1281715978.4,4478877790.0,2.55,0,0.1
sz.002909,2025-08-15,6.95,6.32,1,False,0.79,8.9764,229485312.7,2556540625.0,13.19,0,0.1
sz.002909,2025-08-27,7.66,6.96,1,False,-0.14,14.1603,398774972.61,2816147770.0,23.75,0,0.1
sz.002910,2025-07-17,10.57,9.61,1,False,0.62,5.6536,100685888.0,1780916372.0,19.84,0,0.1
sz.002911,2025-08-13,11.51,10.46,1,False,0.29,1.4281,198432434.29,13894855703.0,7.87,0,0.1
sz.002911,2025-08-15,13.4,12.18,1,False,-0.16,4.9535,778553710.98,15717244594.0,27.74,0,0.1
sz.002912,2025-07-11,26.08,23.71,1,False,0.21,6.6679,272478699.52,4086424504.0,14.84,0,0.1
sz.002913,2025-07-04,34.79,31.63,1,False,0.0,5.0946,458477319.94,8999280021.0,30.45,0,0.1
sz.002915,2025-07-14,18.79,17.08,1,False,0.64,11.2864,601832654.6,5332370416.0,4.16,0,0.1
sz.002915,2025-07-28,20.68,18.8,1,False,1.17,11.497,668215399.8,5812084890.0,15.66,0,0.1
sz.002915,2025-08-05,22.21,20.19,1,False,0.84,17.9999,1111866439.46,6177070092.0,28.23,0,0.1
sz.002915,2025-08-06,24.43,22.21,2,False,5.45,15.8604,1095611855.21,6907845043.0,43.28,0,0.1
sz.002915,2025-08-07,26.87,24.43,3,False,9.99,21.5058,1659710576.28,7717502145.0,59.18,0,0.1
sz.002915,2025-08-11,28.83,26.21,1,False,6.1,24.3583,1920826081.07,7885714853.0,53.43,0,0.1
sz.002916,2025-07-28,145.18,131.98,1,False,0.64,3.4623,3224534250.74,93132722489.0,34.66,0,0.1
sz.002916,2025-08-13,153.78,139.8,1,False,0.04,2.8392,2810055684.17,98973502542.0,24.49,0,0.1
sz.002916,2025-08-28,186.45,169.5,1,False,2.36,2.3651,2838482015.98,120015306582.0,31.21,0,0.1
sz.002917,2025-07-21,15.5,14.09,1,False,8.02,10.3978,414040936.5,3982005198.0,18.59,0,0.1
sz.002917,2025-07-22,17.05,15.5,2,False,8.26,18.6914,824763965.35,4412531781.0,27.24,0,0.1
sz.002918,2025-08-13,10.09,9.17,1,False,-0.22,11.3433,244025340.49,2151272914.0,16.78,0,0.1
sz.002918,2025-08-25,12.72,11.56,1,False,-0.26,4.8649,131704768.97,2707245143.0,40.71,0,0.1
sz.002921,2025-08-05,17.77,16.15,1,False,0.5,17.044,359399764.67,2108658558.0,20.07,0,0.1
sz.002923,2025-07-16,13.17,11.97,1,False,0.08,10.2634,342761407.48,3339647753.0,0.77,0,0.1
sz.002923,2025-08-07,15.54,14.13,1,False,2.62,7.6829,301440799.46,3923528869.0,23.53,0,0.1
sz.002931,2025-07-30,17.34,15.76,1,False,-0.63,8.3735,283862726.34,3390012854.0,10.45,0,0.1
sz.002937,2025-08-13,21.01,19.1,1,False,0.26,8.1164,483558672.92,5957797458.0,23.88,0,0.1
sz.002938,2025-07-03,35.74,32.49,1,False,1.48,3.2546,2618654887.97,80460114545.0,20.34,0,0.1
sz.002938,2025-07-15,43.43,39.48,1,False,4.0,3.5775,3539465471.72,98936840579.0,40.37,0,0.1
sz.002938,2025-07-28,49.25,44.77,1,False,0.36,2.6038,2858585422.85,109785137985.0,53.76,0,0.1
sz.002939,2025-08-13,9.96,9.05,1,False,0.22,3.1726,1062727157.92,33497042108.0,12.8,0,0.1
sz.002939,2025-08-14,10.96,9.96,2,False,2.31,12.6416,4737574957.26,37476070729.0,24.12,0,0.1
sz.002939,2025-08-15,12.06,10.96,3,False,0.36,7.6439,3083291866.11,40336632689.0,36.73,0,0.1
sz.002939,2025-08-18,13.27,12.06,4,False,8.13,7.1792,3265099270.87,45479987615.0,48.6,0,0.1
sz.002940,2025-07-01,40.82,37.11,1,False,-2.37,8.7063,617725806.31,7095158751.0,146.35,0,0.1
sz.002940,2025-07-02,44.9,40.82,2,False,-0.07,11.4499,926681469.08,8093358624.0,166.63,0,0.1
sz.002940,2025-07-14,42.13,38.3,1,False,1.67,5.9092,442943729.82,7495832428.0,45.33,0,0.1
sz.002940,2025-07-18,49.6,45.09,1,False,-0.22,8.7623,763655956.8,8715245504.0,55.29,0,0.1
sz.002940,2025-07-21,54.56,49.6,2,False,0.0,8.049,785732393.34,9761863503.0,70.45,0,0.1
sz.002940,2025-07-31,57.2,52.0,1,False,1.04,11.3161,1164795684.78,10293260795.0,27.34,0,0.1
sz.002940,2025-08-01,62.92,57.2,2,False,1.4,6.2718,716919488.95,11430841050.0,51.94,0,0.1
sz.002940,2025-08-25,55.62,50.56,1,False,-0.12,7.0972,713878448.76,10058592808.0,-7.41,0,0.1
sz.002941,2025-08-08,13.81,12.55,1,False,0.4,5.06,443029420.73,8755522149.0,22.0,0,0.1
sz.002941,2025-08-11,15.19,13.81,2,True,9.99,1.1949,117174141.0,9806188049.0,34.19,0,0.1
sz.002941,2025-08-12,16.71,15.19,3,True,10.01,1.1989,129329066.91,10787310611.0,44.68,0,0.1
sz.002941,2025-08-13,18.38,16.71,4,False,7.54,22.7313,2674936643.74,11767636007.0,60.1,0,0.1
sz.002942,2025-07-03,19.22,17.47,1,False,0.4,2.2157,57033344.4,2574055350.0,12.53,0,0.1
sz.002942,2025-07-25,19.25,17.5,1,False,0.0,3.8537,99601200.8,2584560313.0,12.7,0,0.1
sz.002942,2025-07-28,21.18,19.25,2,False,5.87,9.5295,271395575.2,2847951888.0,21.86,0,0.1
sz.002950,2025-08-27,10.74,9.76,1,False,5.02,9.6587,466553562.58,4830397078.0,15.36,0,0.1
sz.002951,2025-07-07,14.3,13.0,1,False,-1.38,4.6144,255547265.15,5538038860.0,5.38,0,0.1
sz.002951,2025-07-08,15.73,14.3,2,False,3.5,3.7689,230733444.94,6122036800.0,5.71,0,0.1
sz.002951,2025-07-09,17.3,15.73,3,False,8.07,2.7182,188847063.0,6947504341.0,29.2,0,0.1
sz.002951,2025-07-15,17.57,15.97,1,False,0.5,5.4049,366127999.42,6774001358.0,13.94,0,0.1
sz.002951,2025-07-16,19.33,17.57,2,False,3.64,7.6348,570760198.93,7475771453.0,22.73,0,0.1
sz.002951,2025-08-14,16.73,15.21,1,False,-0.39,3.3137,217335237.0,6558687781.0,-8.13,0,0.1
sz.002951,2025-08-15,18.4,16.73,2,False,6.34,4.6547,335352635.64,7204602566.0,5.02,0,0.1
sz.002951,2025-08-21,19.0,17.27,1,False,2.55,2.6652,202277008.0,7589562059.0,12.89,0,0.1
sz.002953,2025-08-20,12.61,11.46,1,False,2.09,5.6036,187857932.47,3352450790.0,18.07,0,0.1
sz.002953,2025-08-21,13.87,12.61,2,True,9.99,1.2661,47702536.2,3767675239.0,28.78,0,0.1
sz.002953,2025-08-26,14.89,13.54,1,False,-2.07,27.6333,1036655908.41,3751473434.0,36.61,0,0.1
sz.002953,2025-08-29,16.1,14.64,1,False,-0.55,31.8865,1310276808.6,4109189809.0,50.89,0,0.1
sz.002961,2025-07-11,23.89,21.72,1,False,-1.38,6.5025,650878801.83,10009670155.0,28.37,0,0.1
sz.002965,2025-07-29,39.89,36.26,1,False,-0.03,27.7806,2162453278.16,7784040943.0,3.69,0,0.1
sz.002975,2025-07-25,38.18,34.71,1,False,-0.32,8.9347,348657736.41,3902288117.0,15.94,0,0.1
sz.002975,2025-08-06,46.54,42.31,1,False,0.05,12.9776,612615326.28,4720559474.0,37.08,0,0.1
sz.002975,2025-08-13,48.4,44.0,1,False,0.59,12.7541,619033449.01,4853603539.0,38.05,0,0.1
sz.002977,2025-08-04,39.33,35.75,1,False,0.73,16.0891,407781307.4,2534519068.0,8.86,0,0.1
sz.002980,2025-08-04,23.87,21.7,1,False,-0.83,11.3661,263877631.26,2321619828.0,18.99,0,0.1
sz.002980,2025-08-20,26.97,24.52,1,False,1.26,14.6564,378726498.24,2584034949.0,33.71,0,0.1
sz.002981,2025-07-03,28.79,26.17,1,False,-0.08,12.6034,428282362.04,3398149404.0,10.35,0,0.1
sz.002981,2025-08-07,30.33,27.57,1,False,7.0,4.6036,166290609.8,3612186328.0,13.43,0,0.1
sz.002981,2025-08-11,31.8,28.91,1,False,-0.73,6.7408,248026002.19,3679474279.0,17.52,0,0.1
sz.002981,2025-08-18,33.25,30.23,1,False,0.1,11.5914,435573616.55,3757730874.0,25.47,0,0.1
sz.002981,2025-08-20,37.47,34.06,1,False,2.5,5.977,261140778.08,4369094497.0,35.37,0,0.1
sz.002986,2025-07-25,12.55,11.41,1,False,0.0,11.2247,419374040.85,3736171487.0,10.38,0,0.1
sz.002987,2025-07-04,23.3,21.18,1,False,6.33,15.1628,2842467901.91,18746325889.0,57.86,0,0.1
sz.002987,2025-07-07,25.63,23.3,2,False,3.86,20.8914,4415163622.16,21133881033.0,75.31,0,0.1
sz.002987,2025-08-14,22.8,20.73,1,False,0.05,17.3757,3281991262.36,18888397373.0,3.35,0,0.1
sz.002987,2025-08-21,25.34,23.04,1,False,7.51,17.1626,3611260690.29,21041454618.0,17.59,0,0.1
sz.002989,2025-08-29,33.22,30.2,1,False,-0.03,6.9959,422000358.96,6032109649.0,6.75,0,0.1
sz.002993,2025-08-15,49.83,45.3,1,False,-0.07,5.241,600935774.78,11466051799.0,27.93,0,0.1
sz.002993,2025-08-22,52.45,47.68,1,False,-0.99,5.4645,651664679.1,11925421889.0,32.58,0,0.1
sz.002995,2025-07-16,20.41,18.55,1,False,1.99,18.4723,422330029.39,2286288277.0,5.92,0,0.1
sz.003001,2025-07-21,30.73,27.94,1,True,9.99,3.1242,103045433.96,3298298251.0,-12.1,0,0.1
sz.003001,2025-07-22,33.8,30.73,2,True,9.99,0.8214,29799465.8,3627887241.0,-6.35,0,0.1
sz.003001,2025-07-23,37.18,33.8,3,True,10.0,0.9765,38967986.2,3990577184.0,2.71,0,0.1
sz.003002,2025-07-21,28.6,26.0,1,False,10.0,7.9861,417645227.0,5229651858.0,9.2,0,0.1
sz.003002,2025-07-22,31.46,28.6,2,False,8.36,5.4681,312179828.48,5709109718.0,15.96,0,0.1
sz.003002,2025-07-23,34.61,31.46,3,False,10.01,13.7068,865623658.59,6315286271.0,27.34,0,0.1
sz.003003,2025-07-07,12.68,11.53,1,True,9.97,5.9531,87641624.0,1472201441.0,2.92,0,0.1
sz.003003,2025-07-08,13.95,12.68,2,True,10.02,3.2654,52888132.8,1619652502.0,14.53,0,0.1
sz.003003,2025-07-16,13.61,12.37,1,False,0.0,14.192,221046164.34,1557540617.0,20.44,0,0.1
sz.003005,2025-07-10,21.53,19.57,1,False,-0.51,11.1348,296049678.33,2658778589.0,4.72,0,0.1
sz.003005,2025-07-25,23.43,21.3,1,False,0.23,19.948,578339105.38,2899233534.0,17.86,0,0.1
sz.003006,2025-07-25,29.21,26.55,1,False,-0.04,2.4842,295704988.88,11903429228.0,9.28,0,0.1
sz.003007,2025-07-18,34.31,31.19,1,False,1.06,12.1886,294479597.71,2416024791.0,21.07,0,0.1
sz.003007,2025-07-25,39.36,35.78,1,False,9.0,6.8111,198115798.2,2908719564.0,31.42,0,0.1
sz.003007,2025-07-28,43.3,39.36,2,False,10.01,21.1991,673043372.78,3174867673.0,44.19,0,0.1
sz.003009,2025-08-18,53.65,48.77,1,False,0.47,6.8077,539129533.47,7919407927.0,11.65,0,0.1
sz.003009,2025-08-20,59.76,54.33,1,False,-0.57,7.8295,696268949.04,8892891616.0,29.97,0,0.1
sz.003010,2025-08-07,53.79,48.9,1,False,-0.74,8.4434,701078442.56,8303271698.0,-0.22,0,0.1
sz.003010,2025-08-20,59.43,54.03,1,False,2.72,8.6855,779217908.46,8971480150.0,22.08,0,0.1
sz.003012,2025-08-27,7.1,6.45,1,False,4.19,1.5572,125123784.8,8035177549.0,16.01,0,0.1
sz.003013,2025-08-25,16.28,14.8,1,False,9.53,3.7169,241773281.04,6504702334.0,9.12,0,0.1
sz.003015,2025-07-09,19.17,17.43,1,False,2.24,24.2107,1126281720.35,4651999820.0,29.44,0,0.1
sz.003017,2025-07-28,31.52,28.65,1,False,0.45,14.0576,300171019.38,2135293502.0,23.61,0,0.1
sz.003017,2025-08-12,34.87,31.7,1,False,3.19,10.938,257823397.5,2357134737.0,23.87,0,0.1
sz.003019,2025-08-19,39.59,35.99,1,True,10.0,4.2583,287300868.95,6746844256.0,27.09,0,0.1
sz.003020,2025-07-24,26.68,24.25,1,False,-0.21,15.7497,560460172.92,3558545070.0,21.49,0,0.1
sz.003020,2025-08-15,31.11,28.28,1,False,-0.46,8.2385,339466409.24,4120488065.0,28.5,0,0.1
sz.003020,2025-08-19,37.0,33.64,1,False,1.66,6.4937,323482191.41,4981477300.0,55.66,0,0.1
sz.003022,2025-08-15,18.48,16.8,1,False,0.0,2.2929,547293352.4,23869045855.0,15.72,0,0.1
sz.003022,2025-08-20,21.22,19.29,1,False,-0.41,3.4255,937068215.4,27355662397.0,29.87,0,0.1
sz.003023,2025-07-23,22.65,20.59,1,False,5.73,6.0463,140546810.7,2324509381.0,14.63,0,0.1
sz.003023,2025-07-25,27.41,24.92,1,False,9.99,24.7567,706294677.58,2852943557.0,35.16,0,0.1
sz.003023,2025-08-04,28.42,25.84,1,False,0.23,29.1061,854169802.52,2934676245.0,41.39,0,0.1
sz.003028,2025-08-11,36.21,32.92,1,False,0.03,8.7006,215329557.16,2474881700.0,15.76,0,0.1
sz.003029,2025-07-11,30.69,27.9,1,False,0.04,26.8647,1413049197.4,5259873356.0,22.56,0,0.1
sz.003029,2025-08-14,28.95,26.32,1,False,0.0,14.0916,685464892.81,4864351052.0,-3.76,0,0.1
sz.003033,2025-08-15,48.99,44.54,1,False,-0.4,5.3857,205867922.0,3822491450.0,14.41,0,0.1
sz.003036,2025-07-04,16.72,15.2,1,False,1.97,5.7235,200703403.0,3506655071.0,30.12,0,0.1
sz.003037,2025-07-14,8.59,7.81,1,False,9.35,6.1183,307198607.11,5020979800.0,25.22,0,0.1
sz.003037,2025-07-15,9.45,8.59,2,False,4.89,9.2384,513451824.61,5557800318.0,37.76,0,0.1
sz.003037,2025-07-21,9.59,8.72,1,False,5.5,5.4808,306849434.2,5598624912.0,35.64,0,0.1
sz.003037,2025-07-22,10.55,9.59,2,False,10.01,11.768,723719287.87,6149891977.0,48.59,0,0.1
sz.003040,2025-07-14,27.17,24.7,1,False,0.0,27.891,3144184030.63,11273113300.0,51.79,0,0.1
sz.003040,2025-07-15,29.89,27.17,2,False,-1.58,31.2425,4035502327.17,12916707457.0,64.23,0,0.1
sz.003040,2025-08-08,26.21,23.83,1,False,-0.55,21.1425,2453232946.67,11603324804.0,6.11,0,0.1
sz.300004,2025-08-18,10.06,8.38,1,False,0.24,26.3317,1210624616.74,4597593838.0,13.03,0,0.2
sz.300006,2025-07-14,4.81,4.01,1,False,2.74,12.8586,628080539.99,4884517288.0,26.25,0,0.2
sz.300009,2025-07-31,12.11,10.09,1,False,1.98,27.0577,3833904931.62,14169367432.0,35.91,0,0.2
sz.300021,2025-07-22,5.83,4.86,1,False,7.2,26.1057,1060988588.79,4064202794.0,30.43,0,0.2
sz.300030,2025-07-01,8.24,6.87,1,False,0.0,9.9921,209390542.6,2095560919.0,26.57,0,0.2
sz.300049,2025-08-18,60.19,50.16,1,False,9.99,8.8833,1232099266.44,13869837408.0,50.14,0,0.2
sz.300049,2025-08-19,72.23,60.19,2,False,10.78,6.8245,1126836803.54,16511639000.0,74.85,0,0.2
sz.300066,2025-07-11,5.5,4.58,1,False,1.97,19.7645,1051115750.85,5318200566.0,24.43,0,0.2
sz.300066,2025-08-22,8.44,7.03,1,False,-0.14,20.1972,1647624218.02,8157686303.0,33.12,0,0.2
sz.300069,2025-08-05,25.64,21.37,1,False,0.7,19.9254,563702344.76,2829064133.0,16.92,0,0.2
sz.300086,2025-07-24,7.56,6.3,1,False,5.08,23.7191,746427852.27,3146948460.0,41.84,0,0.2
sz.300094,2025-07-02,4.36,3.63,1,False,3.58,33.093,1525081627.37,4608471965.0,17.2,0,0.2
sz.300095,2025-07-22,12.73,10.61,1,False,1.89,27.966,1095797294.07,3918319724.0,39.58,0,0.2
sz.300113,2025-08-22,27.24,22.7,1,False,3.66,16.7249,2238752902.12,13385747611.0,35.19,0,0.2
sz.300122,2025-07-24,24.77,20.64,1,False,1.26,11.3988,3751439652.57,32910829671.0,28.01,0,0.2
sz.300133,2025-08-18,9.3,7.75,1,False,5.68,24.512,3589897540.5,14645469731.0,20.62,0,0.2
sz.300149,2025-07-29,13.61,11.34,1,False,0.71,24.9542,1533799622.84,6146458804.0,19.39,0,0.2
sz.300153,2025-08-18,42.83,35.69,1,False,0.42,18.252,2284975643.13,12519042533.0,30.46,0,0.2
sz.300158,2025-07-23,5.89,4.91,1,False,-0.41,16.6764,911412858.96,5465285427.0,31.77,0,0.2
sz.300158,2025-08-11,8.7,7.25,1,False,0.97,18.1053,1457692449.31,8051191912.0,77.91,0,0.2
sz.300160,2025-07-02,6.64,5.53,1,False,-0.18,19.655,951120913.97,4839078677.0,21.17,0,0.2
sz.300166,2025-08-06,12.71,10.59,1,False,5.85,27.9807,3023036639.12,10804006473.0,22.92,0,0.2
sz.300189,2025-07-24,5.47,4.56,1,False,0.22,53.676,2435606417.17,4537607901.0,22.92,0,0.2
sz.300192,2025-08-22,21.59,17.99,1,True,20.01,5.5265,385556011.97,6976495286.0,35.62,0,0.2
sz.300192,2025-08-25,25.91,21.59,2,True,20.01,1.1583,96978539.0,8372488906.0,64.72,0,0.2
sz.300195,2025-07-14,9.05,7.54,1,False,2.25,28.6837,793731226.2,2767185636.0,35.07,0,0.2
sz.300196,2025-07-01,14.64,12.2,1,False,0.16,16.0447,538812961.99,3358199044.0,17.59,0,0.2
sz.300199,2025-08-04,24.32,20.27,1,False,-0.05,29.6474,4686051809.25,15805945241.0,28.81,0,0.2
sz.300205,2025-08-06,5.75,5.48,1,False,-0.36,3.5938,87005788.76,2420996960.0,35.29,1,0.2
sz.300215,2025-07-22,7.04,5.87,1,False,1.7,13.313,496870101.85,3732217395.0,33.59,0,0.2
sz.300224,2025-08-07,19.01,15.84,1,False,0.13,19.5351,2879617376.59,14740735274.0,31.19,0,0.2
sz.300226,2025-07-11,28.21,23.51,1,False,1.23,25.579,2109955287.8,8248779420.0,34.59,0,0.2
sz.300237,2025-08-13,2.59,2.16,1,False,4.63,16.3401,595442477.21,3644056506.0,22.17,0,0.2
sz.300246,2025-07-07,9.95,8.29,1,False,-1.21,14.8851,303320084.44,2037743008.0,27.56,0,0.2
sz.300283,2025-07-18,8.63,7.19,1,False,4.31,29.0614,739723321.56,2545380889.0,38.3,0,0.2
sz.300289,2025-07-31,7.04,5.87,1,True,19.93,2.9687,113518606.08,3823849028.0,32.33,0,0.2
sz.300289,2025-08-01,8.45,7.04,2,False,20.03,10.8276,496248329.93,4583179374.0,60.65,0,0.2
sz.300289,2025-08-04,10.14,8.45,3,False,5.33,32.3099,1588173372.84,4915438837.0,88.13,0,0.2
sz.300289,2025-08-07,9.77,8.14,1,False,0.12,21.7081,1061020785.33,4887672276.0,81.26,0,0.2
sz.300290,2025-08-13,22.92,19.1,1,False,0.1,12.6771,1734817562.49,13684656290.0,34.43,0,0.2
sz.300304,2025-08-11,13.3,11.08,1,False,6.5,5.1541,569809405.06,11055458859.0,64.6,0,0.2
sz.300322,2025-07-28,18.9,15.75,1,False,1.27,39.0377,3097130114.17,7933690033.0,26.42,0,0.2
sz.300322,2025-08-07,26.1,21.75,1,False,-1.15,35.6292,3862280732.32,10840211771.0,70.03,0,0.2
sz.300324,2025-07-01,5.22,4.35,1,False,20.0,12.5034,1115599948.34,8922372701.0,37.37,0,0.2
sz.300328,2025-08-19,16.98,14.15,1,False,-1.06,26.4001,2838544404.41,10752021411.0,51.07,0,0.2
sz.300329,2025-08-01,11.0,9.17,1,False,1.64,11.7647,301895526.15,2566113255.0,41.21,0,0.2
sz.300343,2025-08-20,5.65,5.38,1,False,-0.19,3.5329,210712791.18,5964301033.0,9.07,1,0.2
sz.300352,2025-08-21,7.57,6.31,1,False,1.43,34.4696,3012687128.87,8740127907.0,38.9,0,0.2
sz.300364,2025-08-25,33.95,28.29,1,False,9.61,28.3451,6238835120.91,22010277335.0,29.63,0,0.2
sz.300371,2025-07-09,14.09,11.74,1,False,9.54,18.3102,340513216.16,1859691408.0,25.47,0,0.2
sz.300378,2025-07-15,46.02,38.35,1,False,-0.42,16.4524,1886227873.38,11464758171.0,33.12,0,0.2
sz.300389,2025-08-28,14.7,12.25,1,False,14.37,11.0676,377325833.63,3409283256.0,25.64,0,0.2
sz.300394,2025-08-28,180.01,150.01,1,False,3.33,8.5797,11391508820.61,132772810478.0,70.42,0,0.2
sz.300395,2025-08-13,91.16,75.97,1,False,2.01,9.454,4041679819.99,42751002962.0,50.16,0,0.2
sz.300404,2025-08-19,13.15,10.96,1,False,0.46,17.7119,618103925.41,3489766346.0,26.81,0,0.2
sz.300411,2025-07-22,16.08,13.4,1,False,4.63,37.0416,1719018944.22,4640779405.0,36.62,0,0.2
sz.300418,2025-08-22,44.38,36.98,1,False,1.41,17.288,9046691077.56,52329309796.0,24.07,0,0.2
sz.300426,2025-08-18,11.57,9.64,1,False,3.73,14.7066,665074976.31,4522289151.0,17.58,0,0.2
sz.300436,2025-07-03,42.78,35.65,1,False,0.98,14.6357,788791691.96,5389504376.0,29.71,0,0.2
sz.300436,2025-07-04,51.34,42.78,2,False,5.19,26.0963,1715428301.44,6573454097.0,53.25,0,0.2
sz.300450,2025-08-29,35.51,29.59,1,False,5.71,7.7117,4099383597.1,53157975506.0,39.04,0,0.2
sz.300452,2025-07-01,14.72,12.27,1,False,9.7,32.0618,857914602.99,2675815466.0,12.54,0,0.2
sz.300472,2025-08-08,6.0,5.71,1,False,-1.75,15.5815,227658066.6,1461079271.0,20.72,1,0.2
sz.300478,2025-08-21,19.76,16.47,1,False,1.4,16.208,377705840.1,2330366733.0,39.35,0,0.2
sz.300486,2025-08-01,14.16,11.8,1,False,-2.54,19.3258,999694191.92,5172847654.0,72.26,0,0.2
sz.300486,2025-08-04,16.99,14.16,2,False,8.05,12.2988,803202253.55,6530736767.0,106.44,0,0.2
sz.300486,2025-08-05,20.39,16.99,3,False,12.12,33.6593,2642802446.72,7851626287.0,146.55,0,0.2
sz.300491,2025-08-28,36.5,30.42,1,False,7.0,19.8484,1020053223.28,5139221415.0,82.04,0,0.2
sz.300499,2025-08-18,30.94,25.78,1,False,5.82,26.5807,2102463258.7,7909736232.0,65.01,0,0.2
sz.300500,2025-08-01,16.08,13.4,1,False,4.03,13.9446,364547472.14,2614255498.0,30.2,0,0.2
sz.300502,2025-07-15,157.08,130.9,1,False,13.84,5.9348,8097611416.44,136442869455.0,46.64,0,0.2
sz.300503,2025-08-25,33.54,27.95,1,False,2.68,29.8006,2357380109.56,7910512237.0,39.29,0,0.2
sz.300527,2025-07-01,10.96,9.13,1,False,-0.33,15.2748,1553599751.99,10170998979.0,39.97,0,0.2
sz.300528,2025-07-24,14.27,11.89,1,False,3.53,13.5419,677618276.21,5003864127.0,38.81,0,0.2
sz.300528,2025-07-28,17.58,14.65,1,False,19.86,5.2955,346794835.12,6548859128.0,68.71,0,0.2
sz.300528,2025-07-29,21.1,17.58,2,False,15.76,16.3651,1271253955.04,7768079358.0,103.67,0,0.2
sz.300528,2025-07-30,25.32,21.1,3,False,6.68,16.8099,1525271077.67,9073647539.0,138.64,0,0.2
sz.300536,2025-08-19,11.63,9.69,1,False,-0.1,12.5671,391409011.9,3114553174.0,23.72,0,0.2
sz.300539,2025-07-24,19.76,16.47,1,False,-1.7,17.6639,560958521.6,3175734247.0,46.37,0,0.2
sz.300539,2025-07-25,23.71,19.76,2,False,1.21,28.7164,1089856391.98,3795240323.0,74.98,0,0.2
sz.300539,2025-08-15,30.46,25.38,1,False,2.36,23.3988,1111588545.18,4750622020.0,111.23,0,0.2
sz.300547,2025-08-15,48.48,40.4,1,False,3.04,23.2634,1887351307.06,8112964171.0,51.93,0,0.2
sz.300551,2025-07-11,12.22,10.18,1,False,10.31,23.5566,981153779.93,4165090802.0,30.84,0,0.2
sz.300554,2025-07-01,27.66,23.05,1,False,2.34,22.974,488429713.62,2126010767.0,40.91,0,0.2
sz.300564,2025-07-21,17.38,14.48,1,True,20.03,4.1442,81529892.84,1967325246.0,23.44,0,0.2
sz.300564,2025-07-22,20.86,17.38,2,True,20.02,1.7593,41540604.0,2361200705.0,44.36,0,0.2
sz.300564,2025-07-23,25.03,20.86,3,False,10.02,38.96,1054780288.47,2707341603.0,74.06,0,0.2
sz.300572,2025-08-06,31.21,26.01,1,False,-0.04,19.1191,998624751.27,5223178660.0,39.33,0,0.2
sz.300579,2025-07-31,36.6,30.5,1,False,6.56,13.5969,1253366527.42,9218031518.0,14.81,0,0.2
sz.300584,2025-08-04,41.27,34.39,1,False,1.72,34.7434,1100530307.0,3167595304.0,9.41,0,0.2
sz.300588,2025-07-18,18.77,15.64,1,False,1.41,21.4337,665688522.75,3105803117.0,37.81,0,0.2
sz.300598,2025-08-19,55.39,46.16,1,False,1.3,16.2948,1838240058.15,11281145262.0,29.87,0,0.2
sz.300600,2025-07-11,16.73,13.94,1,False,-0.79,22.4882,887003210.88,3944305062.0,80.47,0,0.2
sz.300600,2025-08-06,20.7,17.25,1,False,0.0,27.7842,1346797182.14,4847349149.0,39.39,0,0.2
sz.300617,2025-07-21,36.73,30.61,1,False,7.42,13.4703,671956121.71,4988427293.0,26.09,0,0.2
sz.300617,2025-07-22,44.08,36.73,2,False,5.99,23.7526,1352134260.89,5692573701.0,48.67,0,0.2
sz.300620,2025-08-12,66.08,55.07,1,True,19.99,0.688,112220293.92,16311089233.0,30.7,0,0.2
sz.300620,2025-08-13,79.3,66.08,2,False,20.01,11.4091,2203958938.89,19317552996.0,61.05,0,0.2
sz.300631,2025-07-11,28.96,24.13,1,False,0.0,18.6778,606713949.08,3248315910.0,21.32,0,0.2
sz.300631,2025-07-18,33.65,28.04,1,False,0.86,24.1315,913408050.99,3785127535.0,49.22,0,0.2
sz.300637,2025-08-12,14.64,12.2,1,False,7.54,13.1527,437823964.19,3328776329.0,29.56,0,0.2
sz.300642,2025-08-19,23.09,19.24,1,False,0.05,21.6139,644862173.45,2983553054.0,41.4,0,0.2
sz.300644,2025-07-17,33.59,27.99,1,False,7.18,29.862,831013895.25,2782847416.0,36.16,0,0.2
sz.300645,2025-08-26,23.86,19.88,1,False,-1.11,28.9297,899241080.55,3108366421.0,24.34,0,0.2
sz.300649,2025-07-04,20.88,17.4,1,False,2.3,24.4098,523606252.0,2145065720.0,72.7,0,0.2
sz.300665,2025-07-01,10.03,8.36,1,False,4.31,21.1597,294063949.47,1389735911.0,34.63,0,0.2
sz.300670,2025-07-02,7.86,6.55,1,False,3.51,24.239,420688226.68,1735584086.0,26.16,0,0.2
sz.300671,2025-08-07,40.2,33.5,1,False,0.6,12.6058,1048917255.51,8320909863.0,28.89,0,0.2
sz.300683,2025-07-21,37.92,31.6,1,False,2.34,16.5512,727068072.45,4392842044.0,50.6,0,0.2
sz.300683,2025-08-25,59.41,49.51,1,False,0.0,14.4039,980087694.52,6804321708.0,35.33,0,0.2
sz.300686,2025-08-20,13.37,11.14,1,False,0.0,24.3922,591085041.03,2423254323.0,34.37,0,0.2
sz.300689,2025-08-05,56.72,47.27,1,False,1.12,8.093,418049250.1,5165565922.0,32.62,0,0.2
sz.300690,2025-08-11,32.88,27.4,1,False,6.02,24.4818,855631178.07,3494968418.0,34.26,0,0.2
sz.300696,2025-08-04,30.12,25.1,1,False,-0.36,21.2464,1048254437.92,4933797904.0,42.68,0,0.2
sz.300701,2025-08-20,13.54,11.28,1,False,1.68,22.1968,708183238.71,3190474477.0,28.22,0,0.2
sz.300706,2025-07-25,33.43,27.86,1,False,7.32,30.4449,1139038546.2,3741311504.0,46.37,0,0.2
sz.300706,2025-08-07,47.66,39.72,1,False,-2.32,32.8203,1573503406.18,4794299279.0,105.34,0,0.2
sz.300716,2025-08-18,8.6,8.19,1,False,0.85,3.17,43484445.5,1371749069.0,13.16,1,0.2
sz.300718,2025-07-21,95.28,79.4,1,False,10.83,23.6385,4217407172.18,17841263922.0,45.67,0,0.2
sz.300722,2025-07-21,41.05,34.21,1,False,4.06,13.2762,1431054484.86,10779097067.0,30.36,0,0.2
sz.300723,2025-07-21,80.53,67.11,1,False,0.01,4.6258,1456719479.32,31491190266.0,56.89,0,0.2
sz.300724,2025-08-01,66.19,55.16,1,False,10.61,16.8448,3168948437.61,18812621329.0,22.32,0,0.2
sz.300727,2025-08-18,43.64,36.37,1,False,4.18,16.7045,1121872678.77,6715990774.0,48.99,0,0.2
sz.300730,2025-08-15,17.71,14.76,1,False,3.79,34.2969,1147064386.2,3344513312.0,18.07,0,0.2
sz.300730,2025-08-18,21.25,17.71,2,False,4.74,50.6937,1953719690.72,3853969410.0,36.39,0,0.2
sz.300731,2025-08-06,47.12,39.27,1,False,7.51,24.6757,1345017327.96,5450776788.0,59.95,0,0.2
sz.300732,2025-07-30,10.62,8.85,1,False,-3.05,19.5799,624240344.15,3188169215.0,47.5,0,0.2
sz.300733,2025-07-31,20.71,17.26,1,False,-0.41,15.7669,700590157.84,4443423614.0,19.85,0,0.2
sz.300748,2025-08-25,36.36,30.3,1,False,2.31,14.18,5619871301.98,39632378716.0,27.36,0,0.2
sz.300752,2025-08-11,24.12,20.1,1,False,-0.2,24.1792,853882746.34,3531476419.0,18.7,0,0.2
sz.300757,2025-08-13,205.07,170.89,1,False,1.7,14.1406,4074573591.5,28814715016.0,28.17,0,0.2
sz.300757,2025-08-25,270.36,225.3,1,False,4.14,10.3672,3989154415.63,38478609611.0,49.94,0,0.2
sz.300767,2025-08-18,19.86,16.55,1,False,6.04,17.9698,813170400.92,4525205628.0,44.02,0,0.2
sz.300767,2025-08-22,25.34,21.12,1,False,1.85,20.7787,1167075925.33,5616693659.0,87.7,0,0.2
sz.300778,2025-07-09,17.86,14.88,1,False,-0.6,19.8757,672253555.81,3382288703.0,45.09,0,0.2
sz.300778,2025-07-10,21.43,17.86,2,False,-1.23,30.8929,1168209966.07,3781483662.0,74.65,0,0.2
sz.300780,2025-08-08,21.26,17.72,1,False,1.52,27.3659,570870814.12,2086066287.0,34.9,0,0.2
sz.300781,2025-07-25,44.95,37.46,1,False,0.64,25.6407,1323826073.68,5162987257.0,-15.35,0,0.2
sz.300797,2025-08-28,18.6,15.5,1,False,1.29,10.6351,707257910.0,6650223411.0,28.01,0,0.2
sz.300803,2025-08-15,109.87,91.56,1,False,-0.75,17.4999,10690237885.33,61087422701.0,27.05,0,0.2
sz.300808,2025-07-21,35.94,29.95,1,False,0.3,7.486,266380006.0,3558375715.0,26.86,0,0.2
sz.300810,2025-08-18,54.56,45.47,1,True,19.99,7.3322,455996112.0,6219089932.0,23.77,0,0.2
sz.300810,2025-08-19,65.47,54.56,2,False,15.01,26.0923,1908766067.69,7315438147.0,49.03,0,0.2
sz.300814,2025-08-15,45.89,38.24,1,False,1.86,11.1197,930646745.54,8369351201.0,39.23,0,0.2
sz.300815,2025-08-12,29.5,24.58,1,False,6.22,19.6545,2173939938.74,11060774574.0,55.1,0,0.2
sz.300819,2025-07-16,28.18,23.48,1,False,0.09,9.3537,331296000.5,3541871137.0,33.81,0,0.2
sz.300821,2025-07-02,9.3,7.75,1,False,-0.26,8.1377,843502809.9,10365371172.0,26.36,0,0.2
sz.300830,2025-07-17,11.52,9.6,1,False,0.21,28.4995,954182271.52,3348066708.0,34.74,0,0.2
sz.300830,2025-08-04,13.58,11.32,1,False,0.09,33.7346,1354999375.62,4016645745.0,51.06,0,0.2
sz.300839,2025-07-15,13.82,11.52,1,False,-0.61,6.2839,197357852.32,3140690532.0,40.73,0,0.2
sz.300847,2025-07-07,21.1,17.58,1,False,0.0,22.0288,1351106857.93,6133365676.0,27.49,0,0.2
sz.300858,2025-08-01,20.4,17.0,1,False,-1.0,18.0666,663050299.01,3670033648.0,8.74,0,0.2
sz.300859,2025-08-08,45.19,37.66,1,False,0.37,17.8702,1167779704.0,6534788105.0,21.38,0,0.2
sz.300860,2025-07-09,33.5,27.92,1,False,-1.29,15.1131,527967240.12,3493441055.0,17.3,0,0.2
sz.300865,2025-07-21,36.54,30.45,1,False,19.05,17.7795,426140969.12,2396810760.0,27.54,0,0.2
sz.300865,2025-07-22,43.85,36.54,2,False,9.47,15.3129,442604746.39,2890404472.0,53.43,0,0.2
sz.300869,2025-07-25,18.82,15.68,1,False,3.38,11.9794,551457020.94,4603377639.0,34.43,0,0.2
sz.300870,2025-08-11,163.38,136.15,1,False,6.51,7.0276,1186732903.01,16886745162.0,27.24,0,0.2
sz.300875,2025-08-06,58.06,48.38,1,False,-1.2,25.7857,1173639543.11,4551513215.0,23.53,0,0.2
sz.300877,2025-07-23,20.93,17.44,1,False,1.2,10.406,244960732.51,2354033562.0,31.64,0,0.2
sz.300877,2025-07-24,25.12,20.93,2,False,4.16,10.017,287539794.17,2870518061.0,58.59,0,0.2
sz.300877,2025-07-30,30.6,25.5,1,False,1.92,12.1523,401300197.08,3302257162.0,89.47,0,0.2
sz.300878,2025-07-17,20.71,17.26,1,False,4.29,8.5011,242957508.81,2857953780.0,32.84,0,0.2
sz.300878,2025-08-01,25.62,21.35,1,False,0.14,8.8028,302934119.8,3441338208.0,54.99,0,0.2
sz.300885,2025-07-29,20.51,17.09,1,False,1.87,17.428,553296769.13,3174757684.0,47.45,0,0.2
sz.300885,2025-08-06,28.86,24.05,1,False,-1.46,27.5998,1202424516.55,4356642137.0,110.66,0,0.2
sz.300893,2025-08-20,31.98,26.65,1,False,5.1,6.7747,324258725.45,4786318589.0,28.8,0,0.2
sz.300897,2025-07-07,27.4,22.83,1,False,-0.57,18.6088,415156638.32,2230969425.0,1.11,0,0.2
sz.300906,2025-08-06,35.66,29.72,1,False,-0.27,15.2321,358752951.35,2355242884.0,24.64,0,0.2
sz.300915,2025-07-07,29.32,24.43,1,False,18.71,11.8198,199408466.1,1687071406.0,13.64,0,0.2
sz.300916,2025-08-05,42.73,35.61,1,False,1.1,23.6433,898870098.97,3801796276.0,47.85,0,0.2
sz.300921,2025-07-04,26.12,21.77,1,False,1.98,34.476,973243954.47,2822960768.0,-18.35,0,0.2
sz.300930,2025-07-08,33.92,28.27,1,False,0.18,24.9256,374670993.5,1503157370.0,26.66,0,0.2
sz.300943,2025-08-05,18.62,15.52,1,False,0.32,23.7836,558631345.74,2348809035.0,20.36,0,0.2
sz.300950,2025-07-14,26.72,22.27,1,False,19.98,9.613,231325748.04,2406384563.0,31.11,0,0.2
sz.300950,2025-07-16,35.4,29.5,1,False,0.24,27.9599,844046616.02,3018775518.0,79.79,0,0.2
sz.300955,2025-07-23,22.85,19.04,1,False,-0.16,26.2489,326903777.63,1245399912.0,19.38,0,0.2
sz.300955,2025-08-26,24.52,20.43,1,False,2.94,23.7527,323486095.96,1361891894.0,15.01,0,0.2
sz.300955,2025-08-29,31.85,26.54,1,False,7.42,13.7752,433967123.65,3150350802.0,52.98,0,0.2
sz.300960,2025-08-05,33.92,28.27,1,False,0.11,7.6924,318232203.0,4136968995.0,33.02,0,0.2
sz.300961,2025-07-02,21.66,18.05,1,False,14.29,16.466,534579077.36,3246563084.0,18.43,0,0.2
sz.300965,2025-07-30,70.06,58.38,1,False,2.4,20.5839,283802875.57,1378761438.0,18.95,0,0.2
sz.300965,2025-08-04,76.09,63.41,1,False,-1.44,37.0405,528967153.41,1428077789.0,30.99,0,0.2
sz.300966,2025-07-31,24.61,20.51,1,False,3.36,16.4717,296041553.39,1797273830.0,30.83,0,0.2
sz.300971,2025-08-26,26.44,22.03,1,False,8.13,20.0807,474842323.13,2364670172.0,24.25,0,0.2
sz.300972,2025-08-29,211.8,176.5,1,False,2.55,5.3364,1695750066.57,31777041949.0,46.42,0,0.2
sz.300981,2025-08-07,16.21,13.51,1,False,-0.44,8.0646,490900665.25,6087104943.0,30.73,0,0.2
sz.300982,2025-07-07,21.59,17.99,1,False,0.06,13.7913,550096283.91,3988719583.0,22.05,0,0.2
sz.300993,2025-08-11,19.09,15.91,1,False,5.47,9.6258,422948581.64,4393905770.0,28.29,0,0.2
sz.300994,2025-08-26,21.73,18.11,1,False,0.0,14.5073,338971548.07,2336558478.0,22.91,0,0.2
sz.300995,2025-08-18,55.72,46.43,1,False,-0.04,10.3469,318622482.0,3079400419.0,24.43,0,0.2
sz.300996,2025-07-10,19.08,15.9,1,False,5.66,32.97,1436389179.83,4356655080.0,31.59,0,0.2
sz.301005,2025-08-11,55.87,46.56,1,False,1.93,14.5621,1003757041.57,6892941551.0,47.14,0,0.2
sz.301008,2025-08-20,30.64,25.53,1,False,-0.51,17.1134,555643474.58,3246832743.0,33.62,0,0.2
sz.301012,2025-07-16,23.14,19.28,1,True,20.02,3.9245,142421076.98,3629024767.0,19.4,0,0.2
sz.301022,2025-08-11,47.82,39.85,1,False,5.4,21.6406,541458452.48,2502049169.0,45.88,0,0.2
sz.301024,2025-07-04,58.1,48.42,1,False,4.3,15.595,501671850.5,3216876246.0,40.51,0,0.2
sz.301038,2025-07-21,19.32,16.1,1,False,11.8,9.2204,388819856.85,4216952159.0,18.6,0,0.2
sz.301038,2025-07-22,23.18,19.32,2,False,13.87,14.5945,741462858.04,5080426586.0,41.0,0,0.2
sz.301038,2025-07-23,27.82,23.18,3,False,10.01,7.5482,453038292.37,6001938109.0,66.39,0,0.2
sz.301038,2025-07-24,33.38,27.82,4,False,-2.95,20.4667,1387606627.72,6779825901.0,97.75,0,0.2
sz.301038,2025-07-29,30.67,25.56,1,False,1.68,16.8757,1051974459.99,6233664144.0,88.04,0,0.2
sz.301038,2025-08-08,34.98,29.15,1,False,-0.93,17.8626,1278996069.36,7160189834.0,108.34,0,0.2
sz.301041,2025-08-20,34.04,28.37,1,False,5.75,22.2066,569205814.49,2563228115.0,33.39,0,0.2
sz.301048,2025-08-08,13.56,11.3,1,False,-0.09,8.8301,582126570.51,6592525232.0,26.26,0,0.2
sz.301067,2025-07-25,35.62,29.68,1,False,3.4,27.5275,591658106.55,2149334689.0,4.0,0,0.2
sz.301069,2025-08-06,21.56,17.97,1,False,1.95,12.3959,984819062.33,7944716094.0,35.34,0,0.2
sz.301076,2025-08-05,37.15,30.96,1,False,1.61,34.8526,1338084589.15,3839267628.0,5.33,0,0.2
sz.301076,2025-08-06,44.58,37.15,2,False,6.38,27.1258,1258898627.92,4640964056.0,27.99,0,0.2
sz.301112,2025-08-08,51.24,42.7,1,False,-0.16,9.3904,488330473.45,5200315998.0,44.54,0,0.2
sz.301117,2025-08-06,35.72,29.77,1,False,-1.01,20.8119,563762847.96,2708848534.0,62.22,0,0.2
sz.301117,2025-08-07,42.86,35.72,2,False,2.35,39.2312,1237506210.58,3154392959.0,95.98,0,0.2
sz.301120,2025-07-09,14.12,11.77,1,False,4.16,31.9349,936096630.1,2931265262.0,38.84,0,0.2
sz.301123,2025-07-08,27.25,22.71,1,False,0.0,24.0918,581471499.51,2413566025.0,29.76,0,0.2
sz.301123,2025-08-15,39.41,32.84,1,False,-0.55,12.1432,1025455734.36,8444691139.0,63.66,0,0.2
sz.301123,2025-08-18,47.29,39.41,2,False,12.51,10.2515,1083145297.16,10565724988.0,93.65,0,0.2
sz.301123,2025-08-28,47.81,39.84,1,False,2.91,12.727,1300398290.05,10217634085.0,78.46,0,0.2
sz.301128,2025-08-18,89.29,74.41,1,False,13.79,11.8384,1041200470.11,8795111418.0,74.36,0,0.2
sz.301128,2025-08-25,117.98,98.32,1,False,3.74,14.4336,1618833615.99,11215730074.0,112.27,0,0.2
sz.301129,2025-08-07,34.06,28.38,1,False,-1.3,39.956,467624545.78,1170348748.0,36.51,0,0.2
sz.301132,2025-07-17,39.88,33.23,1,False,0.03,45.5874,787030824.68,1726421829.0,22.97,0,0.2
sz.301150,2025-07-03,23.89,19.91,1,False,0.45,22.4396,577838085.36,2575081933.0,14.69,0,0.2
sz.301151,2025-07-21,21.3,17.75,1,True,20.0,10.0266,119035199.1,1187194055.0,24.93,0,0.2
sz.301151,2025-07-22,25.56,21.3,2,False,20.0,23.8414,339133463.39,1422456162.0,49.39,0,0.2
sz.301151,2025-08-18,26.26,21.88,1,False,2.06,50.8061,694454700.96,1366872681.0,23.29,0,0.2
sz.301161,2025-07-21,29.59,24.66,1,False,0.0,39.9046,579979917.41,1453416191.0,40.84,0,0.2
sz.301161,2025-07-22,35.51,29.59,2,False,17.3,17.3653,326525057.55,1880330645.0,63.49,0,0.2
sz.301165,2025-08-18,81.85,68.21,1,False,1.16,21.3396,1576969267.84,7389872668.0,31.3,0,0.2
sz.301171,2025-07-31,33.54,27.95,1,False,6.15,37.6084,3692805945.08,9819098779.0,30.35,0,0.2
sz.301172,2025-08-26,27.67,23.06,1,False,2.6,22.6319,589310204.04,2603891870.0,29.3,0,0.2
sz.301176,2025-07-03,32.64,27.2,1,False,-1.32,57.714,939024724.82,1627031093.0,88.24,0,0.2
sz.301176,2025-07-08,37.93,31.61,1,False,1.58,41.8157,825386980.44,1973868620.0,118.62,0,0.2
sz.301177,2025-08-29,35.12,29.27,1,False,4.41,1.3774,184941091.28,13426825271.0,27.29,0,0.2
sz.301183,2025-08-27,96.23,80.19,1,False,-1.48,26.2304,1347273346.91,5136305001.0,44.69,0,0.2
sz.301193,2025-07-07,19.22,16.02,1,False,4.87,8.9148,216447060.67,2427951953.0,23.52,0,0.2
sz.301200,2025-07-28,69.14,57.62,1,False,1.53,25.9666,1026514243.0,3953210058.0,62.8,0,0.2
sz.301208,2025-07-07,51.22,42.68,1,False,-0.61,53.38,1306693589.18,2447908560.0,25.72,0,0.2
sz.301217,2025-07-09,20.26,16.88,1,False,5.57,48.1913,2100552363.21,4358779205.0,84.01,0,0.2
sz.301217,2025-07-24,23.44,19.53,1,False,5.84,27.0064,1381350182.12,5114899365.0,87.97,0,0.2
sz.301217,2025-07-28,25.08,20.9,1,False,0.53,10.826,2045625424.88,18895487021.0,100.48,0,0.2
sz.301217,2025-08-13,29.92,24.93,1,False,1.48,11.4237,2552021252.14,22339708257.0,62.61,0,0.2
sz.301226,2025-08-18,40.24,33.53,1,False,4.41,13.0922,535766768.96,4092259276.0,39.72,0,0.2
sz.301232,2025-08-08,42.1,35.08,1,False,2.74,25.2001,455738623.88,1808479426.0,37.94,0,0.2
sz.301234,2025-07-07,38.6,32.17,1,False,-0.53,7.3489,180469144.6,2455730036.0,29.66,0,0.2
sz.301235,2025-07-30,33.19,27.66,1,False,8.28,27.133,618767752.66,2280498849.0,41.41,0,0.2
sz.301251,2025-08-11,55.69,46.41,1,False,0.02,34.8802,969965718.55,2780849074.0,42.32,0,0.2
sz.301257,2025-08-29,43.54,36.28,1,False,11.96,8.6174,277778362.14,3223459073.0,6.77,0,0.2
sz.301259,2025-08-22,51.62,43.02,1,False,11.58,37.7936,1798404230.69,4758488820.0,18.26,0,0.2
sz.301306,2025-07-03,56.7,47.25,1,False,5.4,20.241,444730548.1,2197176761.0,26.22,0,0.2
sz.301321,2025-08-19,19.32,16.1,1,False,1.99,6.0412,167048639.24,2765156579.0,24.08,0,0.2
sz.301326,2025-08-29,128.22,106.85,1,False,9.12,20.8236,682986983.52,3279869876.0,60.27,0,0.2
sz.301357,2025-08-04,114.78,95.65,1,False,-3.81,58.4627,1481273576.06,2533707092.0,36.64,0,0.2
sz.301357,2025-08-06,157.9,131.58,1,False,-1.2,54.1307,1891959190.64,3495168528.0,90.52,0,0.2
sz.301357,2025-08-29,182.16,151.8,1,False,-0.66,54.3568,2148375703.54,3952358681.0,90.44,0,0.2
sz.301372,2025-07-29,29.62,24.68,1,False,6.0,28.9225,339759074.52,1174722360.0,30.08,0,0.2
sz.301373,2025-07-01,35.12,29.27,1,False,0.44,26.4442,351117181.8,1327766322.0,22.67,0,0.2
sz.301377,2025-08-22,68.06,56.72,1,False,0.78,18.3094,838821055.1,4581368341.0,39.35,0,0.2
sz.301378,2025-07-09,35.52,29.6,1,False,0.24,33.2864,507715737.75,1525294828.0,33.03,0,0.2
sz.301378,2025-08-29,38.5,32.08,1,False,-1.03,48.1802,820244398.67,1702451212.0,15.3,0,0.2
sz.301388,2025-07-02,29.6,24.67,1,False,0.0,44.4678,342522069.98,770269881.0,29.26,0,0.2
sz.301388,2025-07-07,31.74,26.45,1,False,1.51,62.6496,488030247.9,778983821.0,32.03,0,0.2
sz.301388,2025-07-08,38.09,31.74,2,False,1.95,73.1911,667057513.57,911391568.0,60.04,0,0.2
sz.301388,2025-07-14,42.13,35.11,1,False,-3.02,70.8373,759531061.95,1072219102.0,76.57,0,0.2
sz.301389,2025-07-04,31.92,26.6,1,False,0.08,43.7269,1088642368.47,2489639944.0,45.69,0,0.2
sz.301389,2025-08-04,51.72,43.1,1,False,4.9,16.4909,657395926.37,3986416305.0,59.58,0,0.2
sz.301389,2025-08-27,60.48,50.4,1,False,0.95,32.833,1546969165.34,4711629048.0,71.57,0,0.2
sz.301389,2025-08-28,72.58,60.48,2,False,-5.75,51.1788,2734042656.83,5342139044.0,88.72,0,0.2
sz.301396,2025-08-25,73.93,61.61,1,False,1.7,38.2938,1982291201.63,5176533020.0,33.4,0,0.2
sz.301486,2025-08-12,91.97,76.64,1,False,1.79,28.9983,1776853519.41,6127440296.0,34.72,0,0.2
sz.301488,2025-08-27,96.11,80.09,1,False,6.44,49.4145,1052212020.23,2129358832.0,31.98,0,0.2
sz.301488,2025-08-28,115.33,96.11,2,False,8.31,27.5131,702654052.76,2553889067.0,60.9,0,0.2
sz.301489,2025-07-31,103.66,86.38,1,False,4.99,13.9361,667203051.43,4787588001.0,79.25,0,0.2
sz.301501,2025-07-07,67.18,55.98,1,False,7.02,33.131,726257382.89,2192078063.0,19.75,0,0.2
sz.301502,2025-08-11,54.12,45.1,1,False,0.0,24.814,306294818.3,1234362933.0,24.64,0,0.2
sz.301526,2025-07-08,5.04,4.2,1,False,-1.9,19.2248,1274309604.28,6628467419.0,33.69,0,0.2
sz.301526,2025-08-15,6.38,5.32,1,False,0.75,19.0395,1614244657.16,8478398367.0,29.41,0,0.2
sz.301526,2025-08-28,7.87,6.56,1,False,-0.76,20.6585,2133073850.95,10325405286.0,61.27,0,0.2
sz.301533,2025-07-03,45.38,37.82,1,False,-0.05,34.2491,412099671.02,1203242336.0,29.21,0,0.2
sz.301616,2025-08-06,52.39,43.66,1,False,0.0,49.3655,495043734.72,1002813169.0,23.13,0,0.2
sz.301632,2025-08-19,44.36,36.97,1,False,-3.95,66.5776,1902559293.22,2857656769.0,30.43,0,0.2
sz.301658,2025-07-08,36.0,30.0,1,False,-0.67,49.616,657175929.87,1324524206.0,30.43,0,0.2
