{
  "period": "2026_ytd",
  "final_nav": 187545.91,
  "total_return_pct": 25.03,
  "realized_pnl": -2556.15,
  "sharpe": 1.995,
  "max_dd_pct": -9.44,
  "max_dd_date": "2026-03-30",
  "total_trades": 35,
  "closed": 10,
  "win_rate": 30.0,
  "avg_win": 3279.7,
  "avg_loss": -1770.75,
  "payoff": 1.85,
  "by_signal": {
    "MOM": {
      "n": 9,
      "wins": 3,
      "pnl": -1926.8759079179008,
      "total_val": 166499.076034532,
      "wr": 33.33333333333333
    },
    "DIP": {
      "n": 1,
      "wins": 0,
      "pnl": -629.273956300402,
      "total_val": 18675.308227537498,
      "wr": 0.0
    }
  },
  "monthly": {
    "2026-01": 0.0,
    "2026-02": -0.74,
    "2026-03": -6.47,
    "2026-04": 17.13,
    "2026-05": 14.98
  }
}